g Helm.004
v -0.000238208668 0.000111094414 0.0197220035
v -0 0.000159621006 0.0197219066
v -0 0.000452143024 0.0193345025
v -0.00034429619 0.000379518053 0.0193393175
v -0.000419310963 -2.70961227E-05 0.019725306
v -0 0.000660021964 0.0191465598
v -0.00061533472 0.00017270117 0.0193537883
v -0.000401710015 0.000502067502 0.0189909246
v -0 0.00064081233 0.0188959874
v -0.000721421733 0.000258185115 0.0190041177
v -0.000401710015 0.000484150252 0.0188223459
v -0 0.000621857238 0.0186488759
v -0.000721421733 0.00024026772 0.0188355371
v -0.000401710015 0.000466470403 0.0186559986
v -0.000721421733 0.000222587725 0.0186691899
v -0 0.000566644943 0.0182285681
v -0.000407568848 0.000497080502 0.0181990303
v -0.000620106643 0.00029274993 0.0181865208
v -0.000364229258 0.000730882573 0.0178867225
v -0 0.00080747332 0.0179164689
v -0.000924317748 -0.000507575867 0.0190457515
v -0.00082308409 -0.000537353277 0.0190471504
v -0.00083217572 -0.000538252643 0.0187724791
v -0.000909746625 -0.00052518415 0.0187719874
v -0.000815772219 -0.000539140077 0.0185014438
v -0.000895368634 -0.000542559137 0.0186077133
v -0.00086666632 -0.000383099541 0.0179743599
v -0.00100250437 -0.000376980228 0.0179819223
v -0.000408334454 -0.00146869756 0.0193335153
v -0 -0.00154267729 0.0193817485
v -0 -0.00145600329 0.0195235088
v -0.00034429619 -0.00138337864 0.0194982197
v -0.00034429619 -0.00138337864 0.0194982197
v -0 -0.00145600329 0.0195235088
v -0 -0.00111536158 0.0198256448
v -0.000238209206 -0.00106683536 0.0198147297
v -0 -0.000688706466 0.0199957993
v -4.79469854E-05 -0.000671666407 0.0199916903
v -0.000419310963 -0.000928644673 0.0197917335
v -0.000163194156 -0.000623140309 0.0199729558
v -0.00061533472 -0.00117656158 0.0194647759
v -0.000706379535 -0.00125802367 0.0192311052
v -0.000408334454 -0.00146869756 0.0193335153
v -0.000540319423 -0.000721827557 0.0197638702
v -0.000205686738 -0.000550515775 0.019956924
v -0.000582812005 -0.000477870257 0.0197361074
v -0.000220608257 -0.00046484932 0.0199412238
v -0.000540319423 -0.000233913059 0.0197302811
v -0.000205686738 -0.000379182835 0.019949995
v -0.000419310963 -2.70961227E-05 0.019725306
v -0.000163194156 -0.000306558301 0.0199607871
v -0.000238208668 0.000111094414 0.0197220035
v -4.79466871E-05 -0.000258032233 0.0199788976
v -0 -0.000240991998 0.0199820474
v -0 0.000159621006 0.0197219066
v -0.000787837489 -0.000948094879 0.0190874059
v -0.000706379535 -0.00125802367 0.0192311052
v -0.00061533472 -0.00117656158 0.0194647759
v -0.000744476507 -0.000867037917 0.0194333103
v -0.000419310963 -0.000928644673 0.0197917335
v -0.000540319423 -0.000721827557 0.0197638702
v -0.00082308409 -0.000537353277 0.0190471504
v -0.000803789997 -0.000501930132 0.0194009673
v -0.000582812005 -0.000477870257 0.0197361074
v -0.000744476507 -0.000136822317 0.0193771329
v -0.000540319423 -0.000233913059 0.0197302811
v -0.000834922539 -0.000106811087 0.0190238599
v -0.00061533472 0.00017270117 0.0193537883
v -0.000419310963 -2.70961227E-05 0.019725306
v -0.000721421733 0.000258185115 0.0190041177
v -0.000721421733 0.00024026772 0.0188355371
v -0.000834922539 -0.000124728394 0.0188552812
v -0.00083217572 -0.000538252643 0.0187724791
v -0.000721421733 0.000222587725 0.0186691899
v -0.000834922539 -0.000142408317 0.0186889339
v -0.000815772219 -0.000539140077 0.0185014438
v -0.000620106643 0.00029274993 0.0181865208
v -0.000769911916 4.31267763E-05 0.0181995276
v -0.00086666632 -0.000383099541 0.0179743599
v -0.000843936403 -0.000156858834 0.0179501474
v -0.000778317568 0.000114601877 0.0178844742
v -0.000769519189 0.000186952442 0.0177691318
v -0.000407568848 0.000497080502 0.0181990303
v -0.000364229258 0.000730882573 0.0178867225
v -0.000262419315 0.000140704942 0.0198922586
v -0 0.000599674066 0.0195122324
v -0 0.000270359422 0.0198820215
v -0.000378541648 0.000513243431 0.0194313321
v -0 0.000754271634 0.0191593859
v -0.000442875345 0.000658951234 0.0190093089
v -0.000680496916 0.000227557714 0.0194005072
v -0 0.000753841014 0.0189154688
v -0.000798952125 0.000319955783 0.0190191213
v -0.000442583259 0.000606577669 0.0188306775
v -0 0.00075341604 0.0186747834
v -0.000798309862 0.000302156957 0.0188424215
v -0.000442294986 0.000554898055 0.0186544117
v -0 0.000659295474 0.0182335451
v -0.000797676155 0.000284593989 0.018668063
v -0.000447252649 0.000585428788 0.0182050765
v -0 0.000908319489 0.0179187413
v -0.000697036157 0.000353524141 0.0181905236
v -0.000407372194 0.00082709 0.0178903043
v -0.000853154401 0.000190853665 0.0177714247
v -0.000363942527 -0.0016141223 0.0193671398
v -0 -0.00153491751 0.0196344219
v -0 -0.00175714341 0.0194096081
v -0.000378792232 -0.00145313994 0.0195558947
v -0.000756495108 -0.00127266045 0.0192446541
v -0 -0.00116235809 0.0199071001
v -0.000685588398 -0.00122342235 0.0195145421
v -0.000262419548 -0.00111182767 0.0198948923
v -0 -0.000704674283 0.0201034211
v -0.000466113328 -0.000960447767 0.0198680591
v -0.000829573255 -0.000886586902 0.019474199
v -0.00060028123 -0.000735330104 0.0198368039
v -5.91025164E-05 -0.000687988242 0.0200913977
v -0.000183544485 -0.000633784221 0.0200659055
v -5.91026655E-05 -0.000227699726 0.0200817194
v -0 -0.00021092876 0.0200968329
v -0.000231959726 -0.00055297435 0.0200477969
v -0.000647985842 -0.000472264714 0.0198069047
v -0.000262419315 0.000140704942 0.0198922586
v -0 0.000270359422 0.0198820215
v -0.000183546174 -0.000281934277 0.0200539641
v -0.000466113823 1.64249541E-05 0.0197970774
v -0.000231959129 -0.0003627759 0.0200409405
v -0.000600280997 -0.000208992948 0.0198009983
v -0.000248909055 -0.000457881833 0.0200307928
v -0.000847989577 -0.000937078265 0.0190818347
v -0.000685588398 -0.00122342235 0.0195145421
v -0.000756495108 -0.00127266045 0.0192446541
v -0.000829573255 -0.000886586902 0.019474199
v -0.000924317748 -0.000507575867 0.0190457515
v -0.000892473268 -0.00050174637 0.0194394793
v -0.00060028123 -0.000735330104 0.0198368039
v -0.000647985842 -0.000472264714 0.0198069047
v -0.000828336633 -0.000112606584 0.0194174517
v -0.000600280997 -0.000208992948 0.0198009983
v -0.000934637035 -8.47701813E-05 0.0190380421
v -0.000680496916 0.000227557714 0.0194005072
v -0.000466113823 1.64249541E-05 0.0197970774
v -0.000378541648 0.000513243431 0.0194313321
v -0.000262419315 0.000140704942 0.0198922586
v -0.000798952125 0.000319955783 0.0190191213
v -0.000798309862 0.000302156957 0.0188424215
v -0.000935552933 -0.000104186875 0.0188625641
v -0.000909746625 -0.00052518415 0.0187719874
v -0.000797676155 0.000284593989 0.018668063
v -0.00093645684 -0.000123346312 0.0186894108
v -0.000895368634 -0.000542559137 0.0186077133
v -0.000697036157 0.000353524141 0.0181905236
v -0.000904702698 6.56108386E-05 0.0182718504
v -0.000853154401 0.000190853665 0.0177714247
v -0.00100250437 -0.000376980228 0.0179819223
v -0.000879958388 0.000116558578 0.0178858414
v -0.000946727465 -0.000150216045 0.0179497208
v -0 -0.00154267729 0.0193817485
v -0.000363942527 -0.0016141223 0.0193671398
v -0 -0.00175714341 0.0194096081
v -0.000408334454 -0.00146869756 0.0193335153
v -0.000756495108 -0.00127266045 0.0192446541
v -0.000706379535 -0.00125802367 0.0192311052
v -0.000787837489 -0.000948094879 0.0190874059
v -0.000847989577 -0.000937078265 0.0190818347
v -0.000924317748 -0.000507575867 0.0190457515
v -0.00082308409 -0.000537353277 0.0190471504
v -0 -0.00154267729 0.0193817485
v -0 -0.00175714341 0.0194096081
v -0 -0.00153491751 0.0196344219
v -0 -0.00145600329 0.0195235088
v -0 -0.00116235809 0.0199071001
v -0 -0.00111536158 0.0198256448
v -0 -0.000704674283 0.0201034211
v -0 -0.000688706466 0.0199957993
v -0 -0.000240991998 0.0199820474
v -0 -0.00021092876 0.0200968329
v -0 0.000270359422 0.0198820215
v -0 0.000159621006 0.0197219066
v -0 0.000599674066 0.0195122324
v -0 0.000452143024 0.0193345025
v -0 0.000754271634 0.0191593859
v -0 0.000660021964 0.0191465598
v -0 0.000753841014 0.0189154688
v -0 0.00064081233 0.0188959874
v -0 0.00075341604 0.0186747834
v -0 0.000621857238 0.0186488759
v -0 0.000659295474 0.0182335451
v -0 0.000566644943 0.0182285681
v -0 0.00080747332 0.0179164689
v -0 0.000908319489 0.0179187413
v -0.000778317568 0.000114601877 0.0178844742
v -0.000879958388 0.000116558578 0.0178858414
v -0.000946727465 -0.000150216045 0.0179497208
v -0.000843936403 -0.000156858834 0.0179501474
v -0.00086666632 -0.000383099541 0.0179743599
v -0.00100250437 -0.000376980228 0.0179819223
v -0.000769519189 0.000186952442 0.0177691318
v -0.000853154401 0.000190853665 0.0177714247
v -0.000879958388 0.000116558578 0.0178858414
v -0.000778317568 0.000114601877 0.0178844742
v -0.000364229258 0.000730882573 0.0178867225
v -0.000853154401 0.000190853665 0.0177714247
v -0.000769519189 0.000186952442 0.0177691318
v -0.000407372194 0.00082709 0.0178903043
v -0 0.00080747332 0.0179164689
v -0 0.000908319489 0.0179187413
v -0.000140496559 -0.00177200092 0.0170516055
v -0.000251772843 -0.00168036215 0.0171513092
v -0.000143462472 -0.00175201893 0.0171768367
v -0.000504608441 -0.00143864134 0.017415924
v -0.000145823986 -0.00170247804 0.0172765814
v -0.000154012814 -0.00167611323 0.0176223405
v -0.000155601927 -0.00167937553 0.0176894814
v -0.000484139717 -0.00147378829 0.0177619103
v -0.00064379035 -0.00132378982 0.0174970292
v -0.000163215023 -0.00171527208 0.0180996414
v -0.000265850977 -0.00169262302 0.0182643924
v -0.000392607762 -0.00153187069 0.0183336735
v -0.000771305815 -0.00108804915 0.0175411589
v -0.000540258479 -0.00130345311 0.0183847509
v -0.00078483863 -0.000998744392 0.0180194452
v -0.000751441461 -0.00104146462 0.0184792913
v -0.000979146804 -0.000760641997 0.0176830199
v -0.000932804076 -0.000695813738 0.0183737818
v -0.000897937978 -0.000648065354 0.0187189654
v -0.000997959753 -0.000556136598 0.018110428
v -0.00103415747 -0.000499574875 0.0179296117
v -0.00106822664 -0.000475318055 0.0177949462
v -0.000942489132 -0.000560435117 0.0183331873
v -0.000948034925 -0.000498470268 0.0187196303
v -0.000953835202 -0.000307919865 0.0187261831
v -0.00101010012 -0.000442775054 0.0189860649
v -0.000966600666 -0.000643750886 0.0188965034
v -0.000926616194 -0.000926934008 0.0190174822
v -0.000871209253 -0.0010036967 0.0189428777
v -0.000802718336 -0.0010985866 0.0188507345
v -0.000700014643 -0.00136738282 0.0191239007
v -0.000895792386 -0.00111956894 0.0192872323
v -0.000701253011 -0.00133226381 0.0188237485
v -0.000786691904 -0.0014677851 0.0193792414
v -0.000615428435 -0.00152992003 0.0188009255
v -0.000420428434 -0.00168995408 0.019199241
v -0.00041837836 -0.00162915455 0.0187469386
v -0.000680901343 -0.00155764399 0.0194276944
v -0.000433472829 -0.00176256837 0.0194269922
v -0.000231220591 -0.00188520248 0.0194157027
v -0.000143073819 -0.00189665891 0.019316284
v -0.000118486729 -0.00187628239 0.0192323737
v -0.000114469345 -0.00181379041 0.0190517418
v -0.000193391214 -0.00179509108 0.0187443513
v -8.26909381E-05 -0.0016916811 0.0170353521
v -8.45112663E-05 -0.00167400716 0.0171524324
v -0.00019481573 -0.00159946911 0.0171332359
v -0.000444335106 -0.0013578278 0.0174088888
v -7.74202272E-05 -0.00162782904 0.0172613207
v -8.2718936E-05 -0.00160332129 0.0176243111
v -8.26709729E-05 -0.00160764449 0.0176961105
v -0.000412240654 -0.00140074652 0.0177602805
v -0.000570120756 -0.00125414156 0.0174807608
v -9.18374353E-05 -0.00164300448 0.018118592
v -0.000685214764 -0.00103870651 0.0175242256
v -0.000189451268 -0.00162703299 0.0182942953
v -0.000306160044 -0.00147972035 0.0183643289
v -0.000272783771 -0.0015759347 0.0183785446
v -0.00045175766 -0.00125408079 0.0184163321
v -0.000698962365 -0.000946972927 0.0180131905
v -0.000660309801 -0.000995506416 0.018489169
v -0.000890933676 -0.000715315051 0.017661972
v -0.00083333737 -0.00067282893 0.0183629096
v -0.000800527458 -0.000616389792 0.0187289715
v -0.000902736268 -0.000524045376 0.0180956144
v -0.000942387735 -0.00045986264 0.0179195777
v -0.000977695105 -0.000437571463 0.0177725684
v -0.000843108923 -0.000537684187 0.0183156654
v -0.000848308497 -0.000477700261 0.0187303424
v -0.000852958998 -0.000277744402 0.0187309552
v -0.000914351782 -0.000424866419 0.0190146323
v -0.000870849122 -0.000622158812 0.0189203229
v -0.00083336723 -0.000899219362 0.0190464128
v -0.000782429765 -0.000963672006 0.018969154
v -0.000710630673 -0.00106236688 0.0188705064
v -0.000620613922 -0.00130478886 0.0191503968
v -0.000809841906 -0.00107716455 0.0193173774
v -0.000612184871 -0.00129468692 0.0188613776
v -0.000712920562 -0.00140427426 0.0194178429
v -0.000532510108 -0.00146474072 0.0188324731
v -0.000355615892 -0.0016115437 0.019214211
v -0.000361960701 -0.00154597091 0.0187620595
v -0.000624173379 -0.00148248044 0.0194629189
v -0.000378397817 -0.00168435322 0.0194571055
v -0.000190915351 -0.00180237158 0.01945653
v -9.91751294E-05 -0.00181258644 0.0193482246
v -7.40924661E-05 -0.00179240003 0.0192640927
v -6.2759078E-05 -0.00172654912 0.0190582965
v -0.000141523371 -0.00170904689 0.0187395718
v 0.000238208668 0.000111094414 0.0197220035
v -0 0.000452143024 0.0193345025
v -0 0.000159621006 0.0197219066
v 0.00034429619 0.000379518053 0.0193393175
v 0.000419310963 -2.70961227E-05 0.019725306
v -0 0.000660021964 0.0191465598
v 0.00061533472 0.00017270117 0.0193537883
v 0.000401710015 0.000502067502 0.0189909246
v -0 0.00064081233 0.0188959874
v 0.000721421733 0.000258185115 0.0190041177
v 0.000401710015 0.000484150252 0.0188223459
v -0 0.000621857238 0.0186488759
v 0.000721421733 0.00024026772 0.0188355371
v 0.000401710015 0.000466470403 0.0186559986
v 0.000721421733 0.000222587725 0.0186691899
v -0 0.000566644943 0.0182285681
v 0.000407568848 0.000497080502 0.0181990303
v 0.000620106643 0.00029274993 0.0181865208
v 0.000364229258 0.000730882573 0.0178867225
v -0 0.00080747332 0.0179164689
v 0.000924317748 -0.000507575867 0.0190457515
v 0.00083217572 -0.000538252643 0.0187724791
v 0.00082308409 -0.000537353277 0.0190471504
v 0.000909746625 -0.00052518415 0.0187719874
v 0.000815772219 -0.000539140077 0.0185014438
v 0.000895368634 -0.000542559137 0.0186077133
v 0.00086666632 -0.000383099541 0.0179743599
v 0.00100250437 -0.000376980228 0.0179819223
v 0.000408334454 -0.00146869756 0.0193335153
v 0.00034429619 -0.00138337864 0.0194982197
v -0 -0.00145600329 0.0195235088
v -0 -0.00154267729 0.0193817485
v 0.00034429619 -0.00138337864 0.0194982197
v -0 -0.00111536158 0.0198256448
v -0 -0.00145600329 0.0195235088
v 0.000238209206 -0.00106683536 0.0198147297
v -0 -0.000688706466 0.0199957993
v 4.79469854E-05 -0.000671666407 0.0199916903
v 0.000419310963 -0.000928644673 0.0197917335
v 0.000163194156 -0.000623140309 0.0199729558
v 0.00061533472 -0.00117656158 0.0194647759
v 0.000706379535 -0.00125802367 0.0192311052
v 0.000408334454 -0.00146869756 0.0193335153
v 0.000540319423 -0.000721827557 0.0197638702
v 0.000205686738 -0.000550515775 0.019956924
v 0.000582812005 -0.000477870257 0.0197361074
v 0.000220608257 -0.00046484932 0.0199412238
v 0.000540319423 -0.000233913059 0.0197302811
v 0.000205686738 -0.000379182835 0.019949995
v 0.000419310963 -2.70961227E-05 0.019725306
v 0.000163194156 -0.000306558301 0.0199607871
v 0.000238208668 0.000111094414 0.0197220035
v 4.79466871E-05 -0.000258032233 0.0199788976
v -0 -0.000240991998 0.0199820474
v -0 0.000159621006 0.0197219066
v 0.000787837489 -0.000948094879 0.0190874059
v 0.00061533472 -0.00117656158 0.0194647759
v 0.000706379535 -0.00125802367 0.0192311052
v 0.000744476507 -0.000867037917 0.0194333103
v 0.000419310963 -0.000928644673 0.0197917335
v 0.000540319423 -0.000721827557 0.0197638702
v 0.00082308409 -0.000537353277 0.0190471504
v 0.000803789997 -0.000501930132 0.0194009673
v 0.000582812005 -0.000477870257 0.0197361074
v 0.000744476507 -0.000136822317 0.0193771329
v 0.000540319423 -0.000233913059 0.0197302811
v 0.000834922539 -0.000106811087 0.0190238599
v 0.00061533472 0.00017270117 0.0193537883
v 0.000419310963 -2.70961227E-05 0.019725306
v 0.000721421733 0.000258185115 0.0190041177
v 0.000721421733 0.00024026772 0.0188355371
v 0.000834922539 -0.000124728394 0.0188552812
v 0.00083217572 -0.000538252643 0.0187724791
v 0.000721421733 0.000222587725 0.0186691899
v 0.000834922539 -0.000142408317 0.0186889339
v 0.000815772219 -0.000539140077 0.0185014438
v 0.000620106643 0.00029274993 0.0181865208
v 0.000769911916 4.31267763E-05 0.0181995276
v 0.00086666632 -0.000383099541 0.0179743599
v 0.000843936403 -0.000156858834 0.0179501474
v 0.000778317568 0.000114601877 0.0178844742
v 0.000769519189 0.000186952442 0.0177691318
v 0.000407568848 0.000497080502 0.0181990303
v 0.000364229258 0.000730882573 0.0178867225
v 0.000262419315 0.000140704942 0.0198922586
v -0 0.000270359422 0.0198820215
v -0 0.000599674066 0.0195122324
v 0.000378541648 0.000513243431 0.0194313321
v -0 0.000754271634 0.0191593859
v 0.000442875345 0.000658951234 0.0190093089
v 0.000680496916 0.000227557714 0.0194005072
v -0 0.000753841014 0.0189154688
v 0.000798952125 0.000319955783 0.0190191213
v 0.000442583259 0.000606577669 0.0188306775
v -0 0.00075341604 0.0186747834
v 0.000798309862 0.000302156957 0.0188424215
v 0.000442294986 0.000554898055 0.0186544117
v -0 0.000659295474 0.0182335451
v 0.000797676155 0.000284593989 0.018668063
v 0.000447252649 0.000585428788 0.0182050765
v -0 0.000908319489 0.0179187413
v 0.000697036157 0.000353524141 0.0181905236
v 0.000407372194 0.00082709 0.0178903043
v 0.000853154401 0.000190853665 0.0177714247
v 0.000363942527 -0.0016141223 0.0193671398
v -0 -0.00175714341 0.0194096081
v -0 -0.00153491751 0.0196344219
v 0.000378792232 -0.00145313994 0.0195558947
v 0.000756495108 -0.00127266045 0.0192446541
v -0 -0.00116235809 0.0199071001
v 0.000685588398 -0.00122342235 0.0195145421
v 0.000262419548 -0.00111182767 0.0198948923
v -0 -0.000704674283 0.0201034211
v 0.000466113328 -0.000960447767 0.0198680591
v 0.000829573255 -0.000886586902 0.019474199
v 0.00060028123 -0.000735330104 0.0198368039
v 5.91025164E-05 -0.000687988242 0.0200913977
v -0 -0.00021092876 0.0200968329
v 0.000183544485 -0.000633784221 0.0200659055
v 5.91026655E-05 -0.000227699726 0.0200817194
v 0.000262419315 0.000140704942 0.0198922586
v -0 0.000270359422 0.0198820215
v 0.000183546174 -0.000281934277 0.0200539641
v 0.000466113823 1.64249541E-05 0.0197970774
v 0.000231959129 -0.0003627759 0.0200409405
v 0.000600280997 -0.000208992948 0.0198009983
v 0.000231959726 -0.00055297435 0.0200477969
v 0.000647985842 -0.000472264714 0.0198069047
v 0.000248909055 -0.000457881833 0.0200307928
v 0.000847989577 -0.000937078265 0.0190818347
v 0.000756495108 -0.00127266045 0.0192446541
v 0.000685588398 -0.00122342235 0.0195145421
v 0.000829573255 -0.000886586902 0.019474199
v 0.000924317748 -0.000507575867 0.0190457515
v 0.000892473268 -0.00050174637 0.0194394793
v 0.00060028123 -0.000735330104 0.0198368039
v 0.000647985842 -0.000472264714 0.0198069047
v 0.000828336633 -0.000112606584 0.0194174517
v 0.000600280997 -0.000208992948 0.0198009983
v 0.000934637035 -8.47701813E-05 0.0190380421
v 0.000680496916 0.000227557714 0.0194005072
v 0.000466113823 1.64249541E-05 0.0197970774
v 0.000378541648 0.000513243431 0.0194313321
v 0.000262419315 0.000140704942 0.0198922586
v 0.000798952125 0.000319955783 0.0190191213
v 0.000798309862 0.000302156957 0.0188424215
v 0.000935552933 -0.000104186875 0.0188625641
v 0.000909746625 -0.00052518415 0.0187719874
v 0.000797676155 0.000284593989 0.018668063
v 0.00093645684 -0.000123346312 0.0186894108
v 0.000895368634 -0.000542559137 0.0186077133
v 0.000697036157 0.000353524141 0.0181905236
v 0.000904702698 6.56108386E-05 0.0182718504
v 0.000853154401 0.000190853665 0.0177714247
v 0.00100250437 -0.000376980228 0.0179819223
v 0.000879958388 0.000116558578 0.0178858414
v 0.000946727465 -0.000150216045 0.0179497208
v -0 -0.00154267729 0.0193817485
v -0 -0.00175714341 0.0194096081
v 0.000363942527 -0.0016141223 0.0193671398
v 0.000408334454 -0.00146869756 0.0193335153
v 0.000756495108 -0.00127266045 0.0192446541
v 0.000706379535 -0.00125802367 0.0192311052
v 0.000787837489 -0.000948094879 0.0190874059
v 0.000847989577 -0.000937078265 0.0190818347
v 0.000924317748 -0.000507575867 0.0190457515
v 0.00082308409 -0.000537353277 0.0190471504
v 0.000778317568 0.000114601877 0.0178844742
v 0.000946727465 -0.000150216045 0.0179497208
v 0.000879958388 0.000116558578 0.0178858414
v 0.000843936403 -0.000156858834 0.0179501474
v 0.00086666632 -0.000383099541 0.0179743599
v 0.00100250437 -0.000376980228 0.0179819223
v 0.000769519189 0.000186952442 0.0177691318
v 0.000778317568 0.000114601877 0.0178844742
v 0.000879958388 0.000116558578 0.0178858414
v 0.000853154401 0.000190853665 0.0177714247
v 0.000364229258 0.000730882573 0.0178867225
v 0.000769519189 0.000186952442 0.0177691318
v 0.000853154401 0.000190853665 0.0177714247
v 0.000407372194 0.00082709 0.0178903043
v -0 0.00080747332 0.0179164689
v -0 0.000908319489 0.0179187413
v 0.000140496559 -0.00177200092 0.0170516055
v 0.000143462472 -0.00175201893 0.0171768367
v 0.000251772843 -0.00168036215 0.0171513092
v 0.000504608441 -0.00143864134 0.017415924
v 0.000145823986 -0.00170247804 0.0172765814
v 0.000154012814 -0.00167611323 0.0176223405
v 0.000155601927 -0.00167937553 0.0176894814
v 0.000484139717 -0.00147378829 0.0177619103
v 0.00064379035 -0.00132378982 0.0174970292
v 0.000163215023 -0.00171527208 0.0180996414
v 0.000265850977 -0.00169262302 0.0182643924
v 0.000392607762 -0.00153187069 0.0183336735
v 0.000771305815 -0.00108804915 0.0175411589
v 0.000540258479 -0.00130345311 0.0183847509
v 0.00078483863 -0.000998744392 0.0180194452
v 0.000751441461 -0.00104146462 0.0184792913
v 0.000979146804 -0.000760641997 0.0176830199
v 0.000932804076 -0.000695813738 0.0183737818
v 0.000897937978 -0.000648065354 0.0187189654
v 0.000997959753 -0.000556136598 0.018110428
v 0.00103415747 -0.000499574875 0.0179296117
v 0.00106822664 -0.000475318055 0.0177949462
v 0.000942489132 -0.000560435117 0.0183331873
v 0.000948034925 -0.000498470268 0.0187196303
v 0.000953835202 -0.000307919865 0.0187261831
v 0.00101010012 -0.000442775054 0.0189860649
v 0.000966600666 -0.000643750886 0.0188965034
v 0.000926616194 -0.000926934008 0.0190174822
v 0.000871209253 -0.0010036967 0.0189428777
v 0.000802718336 -0.0010985866 0.0188507345
v 0.000700014643 -0.00136738282 0.0191239007
v 0.000895792386 -0.00111956894 0.0192872323
v 0.000701253011 -0.00133226381 0.0188237485
v 0.000786691904 -0.0014677851 0.0193792414
v 0.000615428435 -0.00152992003 0.0188009255
v 0.000420428434 -0.00168995408 0.019199241
v 0.00041837836 -0.00162915455 0.0187469386
v 0.000680901343 -0.00155764399 0.0194276944
v 0.000433472829 -0.00176256837 0.0194269922
v 0.000231220591 -0.00188520248 0.0194157027
v 0.000143073819 -0.00189665891 0.019316284
v 0.000118486729 -0.00187628239 0.0192323737
v 0.000114469345 -0.00181379041 0.0190517418
v 0.000193391214 -0.00179509108 0.0187443513
v 8.26909381E-05 -0.0016916811 0.0170353521
v 0.00019481573 -0.00159946911 0.0171332359
v 8.45112663E-05 -0.00167400716 0.0171524324
v 0.000444335106 -0.0013578278 0.0174088888
v 7.74202272E-05 -0.00162782904 0.0172613207
v 8.2718936E-05 -0.00160332129 0.0176243111
v 8.26709729E-05 -0.00160764449 0.0176961105
v 0.000412240654 -0.00140074652 0.0177602805
v 0.000570120756 -0.00125414156 0.0174807608
v 9.18374353E-05 -0.00164300448 0.018118592
v 0.000685214764 -0.00103870651 0.0175242256
v 0.000189451268 -0.00162703299 0.0182942953
v 0.000306160044 -0.00147972035 0.0183643289
v 0.000272783771 -0.0015759347 0.0183785446
v 0.00045175766 -0.00125408079 0.0184163321
v 0.000698962365 -0.000946972927 0.0180131905
v 0.000660309801 -0.000995506416 0.018489169
v 0.000890933676 -0.000715315051 0.017661972
v 0.00083333737 -0.00067282893 0.0183629096
v 0.000800527458 -0.000616389792 0.0187289715
v 0.000902736268 -0.000524045376 0.0180956144
v 0.000942387735 -0.00045986264 0.0179195777
v 0.000977695105 -0.000437571463 0.0177725684
v 0.000843108923 -0.000537684187 0.0183156654
v 0.000848308497 -0.000477700261 0.0187303424
v 0.000852958998 -0.000277744402 0.0187309552
v 0.000914351782 -0.000424866419 0.0190146323
v 0.000870849122 -0.000622158812 0.0189203229
v 0.00083336723 -0.000899219362 0.0190464128
v 0.000782429765 -0.000963672006 0.018969154
v 0.000710630673 -0.00106236688 0.0188705064
v 0.000620613922 -0.00130478886 0.0191503968
v 0.000809841906 -0.00107716455 0.0193173774
v 0.000612184871 -0.00129468692 0.0188613776
v 0.000712920562 -0.00140427426 0.0194178429
v 0.000532510108 -0.00146474072 0.0188324731
v 0.000355615892 -0.0016115437 0.019214211
v 0.000361960701 -0.00154597091 0.0187620595
v 0.000624173379 -0.00148248044 0.0194629189
v 0.000378397817 -0.00168435322 0.0194571055
v 0.000190915351 -0.00180237158 0.01945653
v 9.91751294E-05 -0.00181258644 0.0193482246
v 7.40924661E-05 -0.00179240003 0.0192640927
v 6.2759078E-05 -0.00172654912 0.0190582965
v 0.000141523371 -0.00170904689 0.0187395718
v -0.000392607762 -0.00153187069 0.0183336735
v -0.000487960642 -0.00154318893 0.0184899941
v -0.000229071578 -0.00189117622 0.0183836259
v -8.5223779E-05 -0.00186060183 0.018181717
v -7.14748821E-05 -0.00180970051 0.017670935
v -5.38617642E-05 -0.00180595648 0.0172408652
v -5.19396126E-05 -0.00183629082 0.0170454849
v -5.42225571E-05 -0.00188990647 0.0168755185
v -0.000140496559 -0.00177200092 0.0170516055
v -0.000303001434 -0.00165109988 0.0170628335
v -0.000519929046 -0.00142056518 0.0172784701
v -0.000693088514 -0.0013189161 0.0173707642
v -0.000805280346 -0.00105065259 0.0174209829
v -0.00103999232 -0.00068487908 0.0176381692
v -0.00114775985 -0.000275153201 0.017750347
v -0.00110176625 -0.000380991987 0.0178757142
v -0.00105808862 -0.000445356942 0.0180600397
v -0.00100644515 -0.000450248568 0.0183242522
v -0.00100170239 -0.000193509928 0.0187010318
v -0.00108401536 -0.000360576028 0.019094551
v -0.000982017489 -0.000867309864 0.019100979
v -0.000946941145 -0.00108652085 0.0194075312
v -0.000822789152 -0.00147644011 0.0194946509
v -0.000702403602 -0.00159210037 0.0195407607
v -0.000488170597 -0.00176735641 0.019569248
v -0.000350328162 -0.00187598995 0.0195589866
v -0.000350328162 -0.00187598995 0.0195589866
v -0.000122529556 -0.0020110528 0.0195507389
v -0 -0.00205169991 0.0195496846
v -0 -0.00190032832 0.0191150215
v -0 -0.00188585243 0.0187034812
v -0.000198645954 -0.00179539144 0.0185285974
v -0 -0.00190242974 0.0183427967
v -0.000198205133 -0.00171216705 0.0185275376
v -0 -0.00181291474 0.0183386821
v -0.000505585631 -0.0014341363 0.0186799411
v -0.000506834069 -0.0015350295 0.018677162
v -0.000744976336 -0.00107278675 0.0187441353
v -0.000784791249 -0.00110805372 0.0187578574
v -0.000779321184 -0.00110742589 0.0186784286
v -0.000631517556 -0.00135729031 0.0185398404
v -0.000487960642 -0.00154318893 0.0184899941
v -0 -0.00181291474 0.0183386821
v -0 -0.00179980299 0.0187027492
v -0.000198205133 -0.00171216705 0.0185275376
v -0.000505585631 -0.0014341363 0.0186799411
v -0.000744976336 -0.00107278675 0.0187441353
v -0.000742155651 -0.00108140626 0.0186568629
v -0.000784791249 -0.00110805372 0.0187578574
v -0.000779321184 -0.00110742589 0.0186784286
v -0.00058664853 -0.00132523279 0.0185383931
v -0.000631517556 -0.00135729031 0.0185398404
v -0.000461992662 -0.00149939326 0.0184835885
v -0.000487960642 -0.00154318893 0.0184899941
v -0.000204768061 -0.00184625457 0.0183808543
v -0.000229071578 -0.00189117622 0.0183836259
v -8.49629068E-05 -0.0018076665 0.0182151198
v -8.5223779E-05 -0.00186060183 0.018181717
v -6.95156341E-05 -0.00175402628 0.0176748391
v -7.14748821E-05 -0.00180970051 0.017670935
v -6.36166951E-05 -0.00173356605 0.0172329377
v -5.38617642E-05 -0.00180595648 0.0172408652
v -7.59134928E-05 -0.00175610301 0.0170269348
v -5.19396126E-05 -0.00183629082 0.0170454849
v -5.54994767E-05 -0.00181118876 0.0168818291
v -5.42225571E-05 -0.00188990647 0.0168755185
v -8.26909381E-05 -0.0016916811 0.0170353521
v -0.000237319633 -0.001575995 0.017050663
v -0.000455853849 -0.00134266273 0.0172815733
v -0.000615372963 -0.00124974584 0.0173629131
v -0.000718857569 -0.00100083475 0.0174090415
v -0.000951253576 -0.000638738391 0.0176179744
v -0.00105416717 -0.00024117119 0.0177359581
v -0.0010109602 -0.000338543352 0.017871514
v -0.000968980021 -0.000400547229 0.0180496909
v -0.000915529206 -0.00041237555 0.0183035918
v -0.000905624358 -0.000151880027 0.0187075473
v -0.000997436233 -0.00032978438 0.019135559
v -0.000892889395 -0.00083394011 0.0191366877
v -0.000859545253 -0.00104560785 0.0194345508
v -0.00074467645 -0.00141684152 0.0195280444
v -0.000644837215 -0.0015175757 0.0195744205
v -0.000429112872 -0.00169225887 0.0195991192
v -0.000294900557 -0.00179835898 0.0195900574
v -0.000294900557 -0.00179835898 0.0195900574
v -8.36192776E-05 -0.00192960328 0.019596044
v -0 -0.00196761987 0.0195913669
v 6.68913208E-06 -0.00181629381 0.0191314761
v -0 -0.00205169991 0.0195496846
v -0 -0.00190032832 0.0191150215
v -0 -0.00188585243 0.0187034812
v -0 -0.00179980299 0.0187027492
v -0 -0.00181291474 0.0183386821
v -0 -0.00190242974 0.0183427967
v -0.00103999232 -0.00068487908 0.0176381692
v -0.00105416717 -0.00024117119 0.0177359581
v -0.00114775985 -0.000275153201 0.017750347
v -0.000951253576 -0.000638738391 0.0176179744
v -0.000805280346 -0.00105065259 0.0174209829
v -0.000718857569 -0.00100083475 0.0174090415
v -0.000693088514 -0.0013189161 0.0173707642
v -0.000615372963 -0.00124974584 0.0173629131
v -0.000519929046 -0.00142056518 0.0172784701
v -0.000455853849 -0.00134266273 0.0172815733
v -0.000303001434 -0.00165109988 0.0170628335
v -0.000237319633 -0.001575995 0.017050663
v -5.42225571E-05 -0.00188990647 0.0168755185
v -5.54994767E-05 -0.00181118876 0.0168818291
v -0.000122529556 -0.0020110528 0.0195507389
v -0 -0.00196761987 0.0195913669
v -0 -0.00205169991 0.0195496846
v -8.36192776E-05 -0.00192960328 0.019596044
v -0.000350328162 -0.00187598995 0.0195589866
v -0.000294900557 -0.00179835898 0.0195900574
v -0.000488170597 -0.00176735641 0.019569248
v -0.000294900557 -0.00179835898 0.0195900574
v -0.000350328162 -0.00187598995 0.0195589866
v -0.000429112872 -0.00169225887 0.0195991192
v -0.000702403602 -0.00159210037 0.0195407607
v -0.000644837215 -0.0015175757 0.0195744205
v -0.000822789152 -0.00147644011 0.0194946509
v -0.00074467645 -0.00141684152 0.0195280444
v -0.000946941145 -0.00108652085 0.0194075312
v -0.000859545253 -0.00104560785 0.0194345508
v -0.000982017489 -0.000867309864 0.019100979
v -0.000892889395 -0.00083394011 0.0191366877
v -0.00108401536 -0.000360576028 0.019094551
v -0.000997436233 -0.00032978438 0.019135559
v -0.00100170239 -0.000193509928 0.0187010318
v -0.000905624358 -0.000151880027 0.0187075473
v -0.00100644515 -0.000450248568 0.0183242522
v -0.000915529206 -0.00041237555 0.0183035918
v -0.00105808862 -0.000445356942 0.0180600397
v -0.000968980021 -0.000400547229 0.0180496909
v -0.00110176625 -0.000380991987 0.0178757142
v -0.0010109602 -0.000338543352 0.017871514
v -0.00114775985 -0.000275153201 0.017750347
v -0.00105416717 -0.00024117119 0.0177359581
v 0.000392607762 -0.00153187069 0.0183336735
v 0.000229071578 -0.00189117622 0.0183836259
v 0.000487960642 -0.00154318893 0.0184899941
v 8.5223779E-05 -0.00186060183 0.018181717
v 7.14748821E-05 -0.00180970051 0.017670935
v 5.38617642E-05 -0.00180595648 0.0172408652
v 5.19396126E-05 -0.00183629082 0.0170454849
v 5.42225571E-05 -0.00188990647 0.0168755185
v 0.000140496559 -0.00177200092 0.0170516055
v 0.000303001434 -0.00165109988 0.0170628335
v 0.000519929046 -0.00142056518 0.0172784701
v 0.000693088514 -0.0013189161 0.0173707642
v 0.000805280346 -0.00105065259 0.0174209829
v 0.00103999232 -0.00068487908 0.0176381692
v 0.00114775985 -0.000275153201 0.017750347
v 0.00110176625 -0.000380991987 0.0178757142
v 0.00105808862 -0.000445356942 0.0180600397
v 0.00100644515 -0.000450248568 0.0183242522
v 0.00100170239 -0.000193509928 0.0187010318
v 0.00108401536 -0.000360576028 0.019094551
v 0.000982017489 -0.000867309864 0.019100979
v 0.000946941145 -0.00108652085 0.0194075312
v 0.000822789152 -0.00147644011 0.0194946509
v 0.000702403602 -0.00159210037 0.0195407607
v 0.000488170597 -0.00176735641 0.019569248
v 0.000350328162 -0.00187598995 0.0195589866
v 0.000350328162 -0.00187598995 0.0195589866
v 0.000122529556 -0.0020110528 0.0195507389
v -0 -0.00205169991 0.0195496846
v -0 -0.00190032832 0.0191150215
v -0 -0.00188585243 0.0187034812
v 0.000198645954 -0.00179539144 0.0185285974
v -0 -0.00190242974 0.0183427967
v 0.000198205133 -0.00171216705 0.0185275376
v -0 -0.00181291474 0.0183386821
v 0.000505585631 -0.0014341363 0.0186799411
v 0.000506834069 -0.0015350295 0.018677162
v 0.000744976336 -0.00107278675 0.0187441353
v 0.000784791249 -0.00110805372 0.0187578574
v 0.000779321184 -0.00110742589 0.0186784286
v 0.000631517556 -0.00135729031 0.0185398404
v 0.000487960642 -0.00154318893 0.0184899941
v -0 -0.00181291474 0.0183386821
v 0.000198205133 -0.00171216705 0.0185275376
v -0 -0.00179980299 0.0187027492
v 0.000505585631 -0.0014341363 0.0186799411
v 0.000744976336 -0.00107278675 0.0187441353
v 0.000742155651 -0.00108140626 0.0186568629
v 0.000784791249 -0.00110805372 0.0187578574
v 0.000779321184 -0.00110742589 0.0186784286
v 0.00058664853 -0.00132523279 0.0185383931
v 0.000631517556 -0.00135729031 0.0185398404
v 0.000461992662 -0.00149939326 0.0184835885
v 0.000487960642 -0.00154318893 0.0184899941
v 0.000204768061 -0.00184625457 0.0183808543
v 0.000229071578 -0.00189117622 0.0183836259
v 8.49629068E-05 -0.0018076665 0.0182151198
v 8.5223779E-05 -0.00186060183 0.018181717
v 6.95156341E-05 -0.00175402628 0.0176748391
v 7.14748821E-05 -0.00180970051 0.017670935
v 6.36166951E-05 -0.00173356605 0.0172329377
v 5.38617642E-05 -0.00180595648 0.0172408652
v 7.59134928E-05 -0.00175610301 0.0170269348
v 5.19396126E-05 -0.00183629082 0.0170454849
v 5.54994767E-05 -0.00181118876 0.0168818291
v 5.42225571E-05 -0.00188990647 0.0168755185
v 8.26909381E-05 -0.0016916811 0.0170353521
v 0.000237319633 -0.001575995 0.017050663
v 0.000455853849 -0.00134266273 0.0172815733
v 0.000615372963 -0.00124974584 0.0173629131
v 0.000718857569 -0.00100083475 0.0174090415
v 0.000951253576 -0.000638738391 0.0176179744
v 0.00105416717 -0.00024117119 0.0177359581
v 0.0010109602 -0.000338543352 0.017871514
v 0.000968980021 -0.000400547229 0.0180496909
v 0.000915529206 -0.00041237555 0.0183035918
v 0.000905624358 -0.000151880027 0.0187075473
v 0.000997436233 -0.00032978438 0.019135559
v 0.000892889395 -0.00083394011 0.0191366877
v 0.000859545253 -0.00104560785 0.0194345508
v 0.00074467645 -0.00141684152 0.0195280444
v 0.000644837215 -0.0015175757 0.0195744205
v 0.000429112872 -0.00169225887 0.0195991192
v 0.000294900557 -0.00179835898 0.0195900574
v 0.000294900557 -0.00179835898 0.0195900574
v 8.36192776E-05 -0.00192960328 0.019596044
v -0 -0.00196761987 0.0195913669
v -6.68913208E-06 -0.00181629381 0.0191314761
v -0 -0.00205169991 0.0195496846
v -0 -0.00190032832 0.0191150215
v -0 -0.00188585243 0.0187034812
v 0.00103999232 -0.00068487908 0.0176381692
v 0.00114775985 -0.000275153201 0.017750347
v 0.00105416717 -0.00024117119 0.0177359581
v 0.000951253576 -0.000638738391 0.0176179744
v 0.000805280346 -0.00105065259 0.0174209829
v 0.000718857569 -0.00100083475 0.0174090415
v 0.000693088514 -0.0013189161 0.0173707642
v 0.000615372963 -0.00124974584 0.0173629131
v 0.000519929046 -0.00142056518 0.0172784701
v 0.000455853849 -0.00134266273 0.0172815733
v 0.000303001434 -0.00165109988 0.0170628335
v 0.000237319633 -0.001575995 0.017050663
v 5.42225571E-05 -0.00188990647 0.0168755185
v 5.54994767E-05 -0.00181118876 0.0168818291
v 0.000122529556 -0.0020110528 0.0195507389
v -0 -0.00205169991 0.0195496846
v -0 -0.00196761987 0.0195913669
v 8.36192776E-05 -0.00192960328 0.019596044
v 0.000350328162 -0.00187598995 0.0195589866
v 0.000294900557 -0.00179835898 0.0195900574
v 0.000488170597 -0.00176735641 0.019569248
v 0.000350328162 -0.00187598995 0.0195589866
v 0.000294900557 -0.00179835898 0.0195900574
v 0.000429112872 -0.00169225887 0.0195991192
v 0.000702403602 -0.00159210037 0.0195407607
v 0.000644837215 -0.0015175757 0.0195744205
v 0.000822789152 -0.00147644011 0.0194946509
v 0.00074467645 -0.00141684152 0.0195280444
v 0.000946941145 -0.00108652085 0.0194075312
v 0.000859545253 -0.00104560785 0.0194345508
v 0.000982017489 -0.000867309864 0.019100979
v 0.000892889395 -0.00083394011 0.0191366877
v 0.00108401536 -0.000360576028 0.019094551
v 0.000997436233 -0.00032978438 0.019135559
v 0.00100170239 -0.000193509928 0.0187010318
v 0.000905624358 -0.000151880027 0.0187075473
v 0.00100644515 -0.000450248568 0.0183242522
v 0.000915529206 -0.00041237555 0.0183035918
v 0.00105808862 -0.000445356942 0.0180600397
v 0.000968980021 -0.000400547229 0.0180496909
v 0.00110176625 -0.000380991987 0.0178757142
v 0.0010109602 -0.000338543352 0.017871514
v 0.00114775985 -0.000275153201 0.017750347
v 0.00105416717 -0.00024117119 0.0177359581
v 0.00438431557 -0.0019007778 0.0197216738
v 0.00425314438 -0.00189153489 0.019725455
v 0.00425750529 -0.00188540039 0.0197198801
v 0.00438511372 -0.00195619254 0.0197389405
v 0.00437667267 -0.00198165257 0.0197328739
v 0.00424589682 -0.00190713874 0.0197268724
v -0.00438431557 -0.0019007778 0.0197216738
v -0.00425750529 -0.00188540039 0.0197198801
v -0.00425314438 -0.00189153489 0.019725455
v -0.00438511372 -0.00195619254 0.0197389405
v -0.00424589682 -0.00190713874 0.0197268724
v -0.00437667267 -0.00198165257 0.0197328739
v 0.00112213031 -0.000120533463 0.0187293142
v 0.00201089657 -4.59966941E-06 0.0187613983
v 0.00112576527 2.66229872E-05 0.0188335981
v 0.00202630763 0.00013177075 0.0188849568
v 0.00113194226 0.000124385668 0.018989021
v 0.00226803659 5.89930423E-05 0.0187983811
v 0.00224892935 -9.31503964E-05 0.018705124
v 0.00279043312 -2.97606621E-05 0.018688824
v 0.00204005628 0.000206456461 0.0190458558
v 0.00113915338 0.000156321825 0.0191717166
v 0.00229876372 0.000172759712 0.0189369768
v 0.00283663557 8.51204532E-05 0.0187993255
v 0.00204144558 0.000175712252 0.0192195475
v 0.00114627299 0.000117610318 0.0193536989
v 0.00232225959 0.000187831742 0.0190997962
v 0.00204141322 8.45469694E-05 0.0193795897
v 0.00115273357 1.60055679E-05 0.0195072498
v 0.00234227418 0.00013495046 0.019262081
v 0.00236030505 2.69768352E-05 0.019399181
v 0.00297199679 5.6764984E-05 0.0192399286
v 0.00289045228 0.000140557386 0.0189428199
v 0.00293631479 0.000127224805 0.0190974846
v 0.00332575012 -0.000104918086 0.0186221339
v 0.00324957911 -0.000203258183 0.0185472518
v 0.00397031708 -0.000355595665 0.0183244329
v 0.00360878557 -0.000138563759 0.0189833492
v 0.00365967629 -0.000237575368 0.0190878604
v 0.00417294307 -0.000377791584 0.0188062284
v 0.00352446199 -7.49158717E-05 0.0188583732
v 0.0034234568 -6.12094082E-05 0.0187315047
v 0.00415346818 -0.000313244411 0.018681189
v 0.00441630185 -0.000488367572 0.0187002569
v 0.00404234324 -0.000288538955 0.0184204914
v 0.00410777191 -0.000276262348 0.0185456686
v 0.00442097755 -0.000457631599 0.0185782667
v 0.00463049207 -0.000629853574 0.0186913591
v 0.00436604675 -0.000514445303 0.0183521006
v 0.00431795744 -0.000597552629 0.0182830542
v 0.00440274412 -0.000466019643 0.0184559897
v 0.00466424972 -0.000666568929 0.0184968766
v 0.00465941289 -0.000630870054 0.0185902044
v 0.00483733602 -0.000879087194 0.0188808385
v 0.00489864638 -0.000905777037 0.0188418757
v 0.00115273357 1.60055679E-05 0.0195072498
v 0.00204213266 -4.37816489E-05 0.0195016433
v 0.00115791569 -0.000131442677 0.0196091514
v 0.00204141322 8.45469694E-05 0.0193795897
v 0.00236030505 2.69768352E-05 0.019399181
v 0.00113798911 -0.000709004235 0.0189849008
v 0.00201380928 -0.000650815782 0.0188812949
v 0.00113081676 -0.000611668162 0.0188306645
v 0.00202285196 -0.000719925622 0.0190414786
v 0.0011456291 -0.000743649434 0.0191668924
v 0.00229944591 -0.000674700248 0.0189307276
v 0.00227325619 -0.000579030253 0.0187935159
v 0.00278981053 -0.000606129295 0.0187940877
v 0.00203132909 -0.000723209581 0.0192151181
v 0.00115267455 -0.000710638589 0.0193489101
v 0.00232740771 -0.000709257729 0.0190931913
v 0.00282239076 -0.000670410751 0.0189371761
v 0.00326334895 -0.000706024293 0.0187165607
v 0.00203801109 -0.000659537618 0.0193757918
v 0.00115806726 -0.000615193974 0.0195033755
v 0.0023527944 -0.00067888957 0.019256141
v 0.00204216875 -0.000538952416 0.0194990896
v 0.00116098614 -0.000472011714 0.0196069814
v 0.00237189047 -0.000587550167 0.0193947237
v 0.00286105229 -0.000674552284 0.0190924164
v 0.00290260487 -0.00061839103 0.0192360803
v 0.00294251344 -0.000510581594 0.0193462726
v 0.00333178462 -0.000758000009 0.0188427772
v 0.00349224568 -0.000706716382 0.0190782901
v 0.00356216985 -0.000609802722 0.019152293
v 0.00400298927 -0.000828857766 0.0188978482
v 0.00341339502 -0.000759279123 0.0189696122
v 0.00385565264 -0.000906831876 0.0185428765
v 0.00383417518 -0.000835890474 0.0184174906
v 0.00415330473 -0.000979838893 0.0184646957
v 0.00394569989 -0.000898874539 0.0188047756
v 0.00389427226 -0.000928513822 0.0186793841
v 0.00417327369 -0.000956940174 0.0188109223
v 0.00420365855 -0.000894936325 0.0188714135
v 0.00434851181 -0.00103443023 0.0188584253
v 0.00414142432 -0.00101041875 0.0185899604
v 0.00414986676 -0.000997454044 0.0187124703
v 0.00434759026 -0.00106518925 0.0187964998
v 0.00452753063 -0.00121631031 0.0189424641
v 0.00457113795 -0.00124275335 0.0189097393
v 0.00436030794 -0.00107801659 0.0187083688
v 0.00463521294 -0.00124894583 0.0188703667
v 0.00438663829 -0.0010808704 0.0186053794
v 0.00470915716 -0.00123787823 0.0188294053
v 0.00443572272 -0.00105055084 0.0185081959
v 0.00417998945 -0.000910485222 0.0183578879
v 0.00478186412 -0.0012111105 0.0187945236
v 0.00449688314 -0.000989499618 0.0184324924
v 0.00482311938 -0.00136998959 0.019011274
v 0.00417998945 -0.000910485222 0.0183578879
v 0.00383417518 -0.000835890474 0.0184174906
v 0.00415330473 -0.000979838893 0.0184646957
v 0.00383336097 -0.000726187485 0.0183223393
v 0.00321616139 -0.000608613831 0.0186104253
v 0.00326334895 -0.000706024293 0.0187165607
v 0.00278981053 -0.000606129295 0.0187940877
v 0.00276636146 -0.000490820792 0.0186850987
v 0.00227325619 -0.000579030253 0.0187935159
v 0.0031952986 -0.000478818431 0.0185408406
v 0.00421907939 -0.000813156075 0.0182863176
v 0.00449688314 -0.000989499618 0.0184324924
v 0.00443572272 -0.00105055084 0.0185081959
v 0.00385697419 -0.000595160876 0.0182714537
v 0.00426662853 -0.000702810939 0.0182599779
v 0.00390498573 -0.000464252604 0.0182721652
v 0.00431795744 -0.000597552629 0.0182830542
v 0.00397031708 -0.000355595665 0.0183244329
v 0.00324957911 -0.000203258183 0.0185472518
v 0.00320542837 -0.00033592101 0.0185186379
v 0.00275596487 -0.000341293722 0.0186268408
v 0.0027630236 -0.000179560186 0.0186282061
v 0.00279043312 -2.97606621E-05 0.018688824
v 0.00224892935 -9.31503964E-05 0.018705124
v 0.00225343648 -0.000435768772 0.0187024642
v 0.00224429136 -0.000265711831 0.0186714325
v 0.00200589048 -0.000523980532 0.0187589787
v 0.00201380928 -0.000650815782 0.0188812949
v 0.00113081676 -0.000611668162 0.0188306645
v 0.00112512859 -0.000466010562 0.0187278055
v 0.00200130465 -0.000357673154 0.0186932087
v 0.0011219579 -0.000293645106 0.0186921693
v 0.00200242922 -0.000175847628 0.0186940543
v 0.00201089657 -4.59966941E-06 0.0187613983
v 0.00112213031 -0.000120533463 0.0187293142
v 0.00465967599 -0.000941759616 0.0189460274
v 0.00457957666 -0.000664275663 0.0187844951
v 0.00475174841 -0.000891993695 0.0189167131
v 0.00473764446 -0.0010648797 0.0190710761
v 0.00482344721 -0.00103064522 0.0190562084
v 0.00480553368 -0.00118303753 0.0192204081
v 0.00489048567 -0.00116399827 0.0192209631
v 0.00481542433 -0.00129602046 0.0193007383
v 0.00488035148 -0.00130027789 0.0193149634
v 0.00462307455 -0.00168502773 0.0195157528
v 0.00465574767 -0.00170316361 0.019537041
v 0.00451551564 -0.00183136191 0.019635912
v 0.00448570633 -0.00182047882 0.0196262468
v 0.0045837271 -0.00168073049 0.019489428
v 0.00445316453 -0.0018199794 0.0196121261
v 0.00474302145 -0.00131843623 0.0192836989
v 0.00454401271 -0.0016910854 0.0194622055
v 0.00442257943 -0.00183053594 0.0195953734
v 0.00472070975 -0.00123497413 0.0192166343
v 0.00451015262 -0.00171535066 0.0194380917
v 0.00439832266 -0.00185098359 0.019578293
v 0.00467631081 -0.00136338337 0.0192634556
v 0.00465988135 -0.0011268704 0.0190807488
v 0.00448704511 -0.0017500153 0.019420635
v 0.00438380381 -0.00187887764 0.0195631143
v 0.00462500658 -0.00142337009 0.0192434564
v 0.00459817657 -0.00148863264 0.0192286018
v 0.00465009129 -0.0013090655 0.0192066673
v 0.00457784859 -0.0010160018 0.0189662501
v 0.00449923845 -0.000750802981 0.0188513938
v 0.00441756146 -0.000864770613 0.0188864376
v 0.00460319687 -0.00139096926 0.0191926062
v 0.00460332818 -0.00120331137 0.0190831888
v 0.00452669431 -0.00109652698 0.0189729519
v 0.0043679541 -0.000967990782 0.0188895129
v 0.00458901469 -0.00146583596 0.0191801023
v 0.00459962618 -0.00154707069 0.0192217883
v 0.00457558269 -0.00127948448 0.0190765932
v 0.00457923627 -0.00134107808 0.0190647431
v 0.00451102806 -0.00116681831 0.0189648811
v 0.00452753063 -0.00121631031 0.0189424641
v 0.00434851181 -0.00103443023 0.0188584253
v 0.00420365855 -0.000894936325 0.0188714135
v 0.004253719 -0.00079058914 0.0188919622
v 0.0043679541 -0.000967990782 0.0188895129
v 0.004253719 -0.00079058914 0.0188919622
v 0.00441756146 -0.000864770613 0.0188864376
v 0.00432643993 -0.000660512072 0.0188705735
v 0.00449923845 -0.000750802981 0.0188513938
v 0.00412247423 -0.000593160046 0.01894884
v 0.00406041695 -0.000728900137 0.0189462714
v 0.00420365855 -0.000894936325 0.0188714135
v 0.00400298927 -0.000828857766 0.0188978482
v 0.00356216985 -0.000609802722 0.019152293
v 0.00361812022 -0.000486106699 0.019180093
v 0.00297463569 -0.000367347558 0.0194062572
v 0.00294251344 -0.000510581594 0.0193462726
v 0.00238214945 -0.000449484767 0.0194878206
v 0.00237189047 -0.000587550167 0.0193947237
v 0.00204216875 -0.000538952416 0.0194990896
v 0.00204369705 -0.000379959674 0.0195662938
v 0.00116098614 -0.000472011714 0.0196069814
v 0.0011609107 -0.000302491535 0.0196441188
v 0.00238276133 -0.000285471702 0.01952135
v 0.00204326841 -0.000206393946 0.0195671916
v 0.00115791569 -0.000131442677 0.0196091514
v 0.00204213266 -4.37816489E-05 0.0195016433
v 0.00237469864 -0.000119248172 0.0194902252
v 0.00236030505 2.69768352E-05 0.019399181
v 0.00299265864 -0.000209907215 0.0194071364
v 0.0029919073 -6.13455559E-05 0.0193486623
v 0.00297199679 5.6764984E-05 0.0192399286
v 0.00365967629 -0.000237575368 0.0190878604
v 0.00365220895 -0.00035526685 0.0191574693
v 0.00416424451 -0.000468388753 0.0189001542
v 0.00417294307 -0.000377791584 0.0188062284
v 0.00438583223 -0.000554523082 0.0188038051
v 0.00441630185 -0.000488367572 0.0187002569
v 0.00457957666 -0.000664275663 0.0187844951
v 0.00465967599 -0.000941759616 0.0189460274
v 0.00463049207 -0.000629853574 0.0186913591
v 0.00475174841 -0.000891993695 0.0189167131
v 0.00483733602 -0.000879087194 0.0188808385
v 0.00482311938 -0.00136998959 0.019011274
v 0.00470915716 -0.00123787823 0.0188294053
v 0.00474624243 -0.00139621133 0.0190255903
v 0.00481511373 -0.00154840725 0.0191974919
v 0.00473122718 -0.00156504556 0.0191852525
v 0.0047437544 -0.00162345986 0.0192646887
v 0.00467755226 -0.00161908963 0.0192412678
v 0.0045337365 -0.0018803936 0.0194457844
v 0.0045028883 -0.0018606144 0.0194254555
v 0.00457168417 -0.00188434392 0.0194718968
v 0.00481567951 -0.00160474703 0.0192912333
v 0.00461120205 -0.00187197863 0.01949987
v 0.00489618536 -0.00150831742 0.0192081612
v 0.00488104206 -0.00156410469 0.0193138532
v 0.00464638369 -0.00184460788 0.0195253547
v 0.00489099836 -0.00132564467 0.0190001298
v 0.00478186412 -0.0012111105 0.0187945236
v 0.00493015768 -0.00150527188 0.0193281956
v 0.00467169657 -0.00180724263 0.0195443295
v 0.00496209925 -0.00144723139 0.0192141049
v 0.00500570517 -0.00137060031 0.0192156304
v 0.0048474553 -0.00116764335 0.0187720787
v 0.00449688314 -0.000989499618 0.0184324924
v 0.0049431501 -0.00126618647 0.0189952664
v 0.00455646962 -0.000907179085 0.0183905773
v 0.00421907939 -0.000813156075 0.0182863176
v 0.00426662853 -0.000702810939 0.0182599779
v 0.00497406907 -0.00119630538 0.0189971533
v 0.00502152182 -0.0012933251 0.0192163233
v 0.0048982678 -0.00110759132 0.0187664758
v 0.00460816594 -0.000816555752 0.0183886196
v 0.00431795744 -0.000597552629 0.0182830542
v 0.00497935014 -0.00112522242 0.0190060735
v 0.00500610797 -0.001227548 0.0192179233
v 0.0049267197 -0.00103583268 0.0187786762
v 0.00492782239 -0.000963330327 0.0188056733
v 0.00464593153 -0.000731889973 0.0184259824
v 0.00436604675 -0.000514445303 0.0183521006
v 0.00466424972 -0.000666568929 0.0184968766
v 0.00489864638 -0.000905777037 0.0188418757
v 0.00465941289 -0.000630870054 0.0185902044
v 0.00489048567 -0.00116399827 0.0192209631
v 0.00490102591 -0.00103067793 0.0190380774
v 0.00496084057 -0.00118076603 0.0192198996
v 0.00482344721 -0.00103064522 0.0190562084
v 0.00483733602 -0.000879087194 0.0188808385
v 0.00475174841 -0.000891993695 0.0189167131
v 0.00444168923 -0.00197459687 0.0195577908
v 0.0045337365 -0.0018803936 0.0194457844
v 0.00441239588 -0.00196264521 0.0195486862
v 0.0045028883 -0.0018606144 0.0194254555
v 0.00439115241 -0.0019399008 0.0195466783
v 0.00431393227 -0.0019722539 0.0196263529
v 0.00432214094 -0.00199400424 0.0196466222
v 0.00425293902 -0.00191737525 0.0196903795
v 0.00424886588 -0.00192108692 0.0196981244
v 0.00448344415 -0.00182884361 0.019413719
v 0.00462757144 -0.00159252493 0.0192262307
v 0.00467755226 -0.00161908963 0.0192412678
v 0.00465884944 -0.00155667122 0.019176282
v 0.00473122718 -0.00156504556 0.0191852525
v 0.00467166724 -0.00140074885 0.0190393962
v 0.00474624243 -0.00139621133 0.0190255903
v 0.00463521294 -0.00124894583 0.0188703667
v 0.00470915716 -0.00123787823 0.0188294053
v 0.00457113795 -0.00124275335 0.0189097393
v 0.00461294502 -0.00138258375 0.0190522149
v 0.00452753063 -0.00121631031 0.0189424641
v 0.00457923627 -0.00134107808 0.0190647431
v 0.00460898224 -0.00152287132 0.0191740226
v 0.00458901469 -0.00146583596 0.0191801023
v 0.00459962618 -0.00154707069 0.0192217883
v 0.00447779754 -0.00178988965 0.019412091
v 0.00459817657 -0.00148863264 0.0192286018
v 0.00448704511 -0.0017500153 0.019420635
v 0.00438380381 -0.00187887764 0.0195631143
v 0.00438122125 -0.00191019662 0.0195518751
v 0.0043134219 -0.00191670354 0.0196094457
v 0.00432114257 -0.00189137424 0.0196152534
v 0.00431091757 -0.00194510154 0.0196133237
v 0.00426444551 -0.00189560524 0.0196834151
v 0.00426611677 -0.00188850577 0.0196876768
v 0.00426137121 -0.00190358132 0.0196824279
v 0.00426614052 -0.00188337208 0.0196946077
v 0.00426451955 -0.00188098184 0.0197031666
v 0.00425733486 -0.00191122619 0.0196848717
v 0.00426149322 -0.00188169442 0.0197120477
v 0.00425750529 -0.00188540039 0.0197198801
v 0.00424575154 -0.00192179228 0.0197069384
v 0.00433446374 -0.00200700224 0.019671116
v 0.00425314438 -0.00189153489 0.019725455
v 0.00424906565 -0.00189916545 0.0197279062
v 0.00424409192 -0.00191938633 0.0197154991
v 0.00424414547 -0.00191423914 0.0197225008
v 0.00424589682 -0.00190713874 0.0197268724
v 0.00437667267 -0.00198165257 0.0197328739
v 0.00424414547 -0.00191423914 0.0197225008
v 0.00424589682 -0.00190713874 0.0197268724
v 0.00436399318 -0.00200027018 0.0197177939
v 0.0045322529 -0.00193529809 0.0196104292
v 0.00424409192 -0.00191938633 0.0197154991
v 0.00450639753 -0.00195951457 0.0195913687
v 0.00464638369 -0.00184460788 0.0195253547
v 0.00461120205 -0.00187197863 0.01949987
v 0.00434914557 -0.00200917944 0.0196960904
v 0.00424575154 -0.00192179228 0.0197069384
v 0.00433446374 -0.00200700224 0.019671116
v 0.00447467901 -0.00197344413 0.019572841
v 0.00457168417 -0.00188434392 0.0194718968
v 0.00444168923 -0.00197459687 0.0195577908
v 0.0045337365 -0.0018803936 0.0194457844
v 0.00432214094 -0.00199400424 0.0196466222
v 0.00424886588 -0.00192108692 0.0196981244
v 0.00441239588 -0.00196264521 0.0195486862
v 0.00438511372 -0.00195619254 0.0197389405
v 0.00424589682 -0.00190713874 0.0197268724
v 0.00424906565 -0.00189916545 0.0197279062
v 0.00438790116 -0.00192779989 0.019735042
v 0.00425314438 -0.00189153489 0.019725455
v 0.00438431557 -0.0019007778 0.0197216738
v 0.00453782966 -0.00185100629 0.0196395349
v 0.00451551564 -0.00183136191 0.019635912
v 0.00465574767 -0.00170316361 0.019537041
v 0.00454915734 -0.00187669555 0.0196364634
v 0.00467663538 -0.00173193088 0.0195501614
v 0.00454728724 -0.00190600392 0.0196264647
v 0.00437667267 -0.00198165257 0.0197328739
v 0.0045322529 -0.00193529809 0.0196104292
v 0.00468237139 -0.00176766387 0.0195529852
v 0.00467169657 -0.00180724263 0.0195443295
v 0.00464638369 -0.00184460788 0.0195253547
v 0.00492819306 -0.0013297362 0.0193254538
v 0.00488035148 -0.00130027789 0.0193149634
v 0.00495588686 -0.00143633899 0.0193335656
v 0.00493015768 -0.00150527188 0.0193281956
v 0.00500570517 -0.00137060031 0.0192156304
v 0.00502152182 -0.0012933251 0.0192163233
v 0.00495443726 -0.00137792609 0.0193319879
v 0.00500610797 -0.001227548 0.0192179233
v 0.00496084057 -0.00118076603 0.0192198996
v 0.00489048567 -0.00116399827 0.0192209631
v 0.00495524565 -0.00106529961 0.0190202743
v 0.00497935014 -0.00112522242 0.0190060735
v 0.00492782239 -0.000963330327 0.0188056733
v 0.00490102591 -0.00103067793 0.0190380774
v 0.00489864638 -0.000905777037 0.0188418757
v 0.00483733602 -0.000879087194 0.0188808385
v 0.00112213031 -0.000120533463 0.0187293142
v 0.00112512859 -0.000466010562 0.0187278055
v 0.0011219579 -0.000293645106 0.0186921693
v 0.00113081676 -0.000611668162 0.0188306645
v 0.00112576527 2.66229872E-05 0.0188335981
v 0.00113798911 -0.000709004235 0.0189849008
v 0.00113194226 0.000124385668 0.018989021
v 0.00113915338 0.000156321825 0.0191717166
v 0.0011456291 -0.000743649434 0.0191668924
v 0.00114627299 0.000117610318 0.0193536989
v 0.00115267455 -0.000710638589 0.0193489101
v 0.00115273357 1.60055679E-05 0.0195072498
v 0.00115806726 -0.000615193974 0.0195033755
v 0.00115791569 -0.000131442677 0.0196091514
v 0.00116098614 -0.000472011714 0.0196069814
v 0.0011609107 -0.000302491535 0.0196441188
v 0.00438380381 -0.00187887764 0.0195631143
v 0.00439832266 -0.00185098359 0.019578293
v 0.00432114257 -0.00189137424 0.0196152534
v 0.00433304114 -0.00187293312 0.019629905
v 0.00426611677 -0.00188850577 0.0196876768
v 0.00442257943 -0.00183053594 0.0195953734
v 0.00426614052 -0.00188337208 0.0196946077
v 0.0043474515 -0.00186414924 0.0196512938
v 0.00445316453 -0.0018199794 0.0196121261
v 0.00426451955 -0.00188098184 0.0197031666
v 0.0043622572 -0.00186634087 0.0196762383
v 0.00448570633 -0.00182047882 0.0196262468
v 0.00426149322 -0.00188169442 0.0197120477
v 0.00437523052 -0.00187918928 0.0197009686
v 0.00451551564 -0.00183136191 0.019635912
v 0.00425750529 -0.00188540039 0.0197198801
v 0.00438431557 -0.0019007778 0.0197216738
v -0.00112213031 -0.000120533463 0.0187293142
v -0.00112576527 2.66229872E-05 0.0188335981
v -0.00201089657 -4.59966941E-06 0.0187613983
v -0.00202630763 0.00013177075 0.0188849568
v -0.00113194226 0.000124385668 0.018989021
v -0.00226803659 5.89930423E-05 0.0187983811
v -0.00224892935 -9.31503964E-05 0.018705124
v -0.00279043312 -2.97606621E-05 0.018688824
v -0.00204005628 0.000206456461 0.0190458558
v -0.00113915338 0.000156321825 0.0191717166
v -0.00229876372 0.000172759712 0.0189369768
v -0.00283663557 8.51204532E-05 0.0187993255
v -0.00204144558 0.000175712252 0.0192195475
v -0.00114627299 0.000117610318 0.0193536989
v -0.00232225959 0.000187831742 0.0190997962
v -0.00204141322 8.45469694E-05 0.0193795897
v -0.00115273357 1.60055679E-05 0.0195072498
v -0.00234227418 0.00013495046 0.019262081
v -0.00236030505 2.69768352E-05 0.019399181
v -0.00297199679 5.6764984E-05 0.0192399286
v -0.00289045228 0.000140557386 0.0189428199
v -0.00293631479 0.000127224805 0.0190974846
v -0.00332575012 -0.000104918086 0.0186221339
v -0.00324957911 -0.000203258183 0.0185472518
v -0.00397031708 -0.000355595665 0.0183244329
v -0.00360878557 -0.000138563759 0.0189833492
v -0.00365967629 -0.000237575368 0.0190878604
v -0.00417294307 -0.000377791584 0.0188062284
v -0.00352446199 -7.49158717E-05 0.0188583732
v -0.0034234568 -6.12094082E-05 0.0187315047
v -0.00415346818 -0.000313244411 0.018681189
v -0.00441630185 -0.000488367572 0.0187002569
v -0.00404234324 -0.000288538955 0.0184204914
v -0.00410777191 -0.000276262348 0.0185456686
v -0.00442097755 -0.000457631599 0.0185782667
v -0.00463049207 -0.000629853574 0.0186913591
v -0.00436604675 -0.000514445303 0.0183521006
v -0.00431795744 -0.000597552629 0.0182830542
v -0.00440274412 -0.000466019643 0.0184559897
v -0.00466424972 -0.000666568929 0.0184968766
v -0.00465941289 -0.000630870054 0.0185902044
v -0.00483733602 -0.000879087194 0.0188808385
v -0.00489864638 -0.000905777037 0.0188418757
v -0.00115273357 1.60055679E-05 0.0195072498
v -0.00115791569 -0.000131442677 0.0196091514
v -0.00204213266 -4.37816489E-05 0.0195016433
v -0.00204141322 8.45469694E-05 0.0193795897
v -0.00236030505 2.69768352E-05 0.019399181
v -0.00113798911 -0.000709004235 0.0189849008
v -0.00113081676 -0.000611668162 0.0188306645
v -0.00201380928 -0.000650815782 0.0188812949
v -0.00202285196 -0.000719925622 0.0190414786
v -0.0011456291 -0.000743649434 0.0191668924
v -0.00229944591 -0.000674700248 0.0189307276
v -0.00227325619 -0.000579030253 0.0187935159
v -0.00278981053 -0.000606129295 0.0187940877
v -0.00203132909 -0.000723209581 0.0192151181
v -0.00115267455 -0.000710638589 0.0193489101
v -0.00282239076 -0.000670410751 0.0189371761
v -0.00326334895 -0.000706024293 0.0187165607
v -0.00232740771 -0.000709257729 0.0190931913
v -0.00203801109 -0.000659537618 0.0193757918
v -0.00115806726 -0.000615193974 0.0195033755
v -0.0023527944 -0.00067888957 0.019256141
v -0.00204216875 -0.000538952416 0.0194990896
v -0.00116098614 -0.000472011714 0.0196069814
v -0.00237189047 -0.000587550167 0.0193947237
v -0.00286105229 -0.000674552284 0.0190924164
v -0.00290260487 -0.00061839103 0.0192360803
v -0.00294251344 -0.000510581594 0.0193462726
v -0.00333178462 -0.000758000009 0.0188427772
v -0.00349224568 -0.000706716382 0.0190782901
v -0.00356216985 -0.000609802722 0.019152293
v -0.00400298927 -0.000828857766 0.0188978482
v -0.00341339502 -0.000759279123 0.0189696122
v -0.00385565264 -0.000906831876 0.0185428765
v -0.00383417518 -0.000835890474 0.0184174906
v -0.00415330473 -0.000979838893 0.0184646957
v -0.00394569989 -0.000898874539 0.0188047756
v -0.00389427226 -0.000928513822 0.0186793841
v -0.00417327369 -0.000956940174 0.0188109223
v -0.00420365855 -0.000894936325 0.0188714135
v -0.00434851181 -0.00103443023 0.0188584253
v -0.00414142432 -0.00101041875 0.0185899604
v -0.00414986676 -0.000997454044 0.0187124703
v -0.00434759026 -0.00106518925 0.0187964998
v -0.00452753063 -0.00121631031 0.0189424641
v -0.00457113795 -0.00124275335 0.0189097393
v -0.00436030794 -0.00107801659 0.0187083688
v -0.00463521294 -0.00124894583 0.0188703667
v -0.00438663829 -0.0010808704 0.0186053794
v -0.00470915716 -0.00123787823 0.0188294053
v -0.00443572272 -0.00105055084 0.0185081959
v -0.00417998945 -0.000910485222 0.0183578879
v -0.00478186412 -0.0012111105 0.0187945236
v -0.00449688314 -0.000989499618 0.0184324924
v -0.00482311938 -0.00136998959 0.019011274
v -0.00417998945 -0.000910485222 0.0183578879
v -0.00415330473 -0.000979838893 0.0184646957
v -0.00383417518 -0.000835890474 0.0184174906
v -0.00383336097 -0.000726187485 0.0183223393
v -0.00321616139 -0.000608613831 0.0186104253
v -0.00326334895 -0.000706024293 0.0187165607
v -0.00278981053 -0.000606129295 0.0187940877
v -0.00276636146 -0.000490820792 0.0186850987
v -0.00227325619 -0.000579030253 0.0187935159
v -0.0031952986 -0.000478818431 0.0185408406
v -0.00421907939 -0.000813156075 0.0182863176
v -0.00449688314 -0.000989499618 0.0184324924
v -0.00443572272 -0.00105055084 0.0185081959
v -0.00385697419 -0.000595160876 0.0182714537
v -0.00426662853 -0.000702810939 0.0182599779
v -0.00390498573 -0.000464252604 0.0182721652
v -0.00431795744 -0.000597552629 0.0182830542
v -0.00397031708 -0.000355595665 0.0183244329
v -0.00324957911 -0.000203258183 0.0185472518
v -0.00320542837 -0.00033592101 0.0185186379
v -0.00275596487 -0.000341293722 0.0186268408
v -0.0027630236 -0.000179560186 0.0186282061
v -0.00279043312 -2.97606621E-05 0.018688824
v -0.00224892935 -9.31503964E-05 0.018705124
v -0.00225343648 -0.000435768772 0.0187024642
v -0.00224429136 -0.000265711831 0.0186714325
v -0.00200589048 -0.000523980532 0.0187589787
v -0.00201380928 -0.000650815782 0.0188812949
v -0.00113081676 -0.000611668162 0.0188306645
v -0.00112512859 -0.000466010562 0.0187278055
v -0.00200130465 -0.000357673154 0.0186932087
v -0.0011219579 -0.000293645106 0.0186921693
v -0.00200242922 -0.000175847628 0.0186940543
v -0.00201089657 -4.59966941E-06 0.0187613983
v -0.00112213031 -0.000120533463 0.0187293142
v -0.00465967599 -0.000941759616 0.0189460274
v -0.00475174841 -0.000891993695 0.0189167131
v -0.00457957666 -0.000664275663 0.0187844951
v -0.00473764446 -0.0010648797 0.0190710761
v -0.00482344721 -0.00103064522 0.0190562084
v -0.00480553368 -0.00118303753 0.0192204081
v -0.00489048567 -0.00116399827 0.0192209631
v -0.00481542433 -0.00129602046 0.0193007383
v -0.00488035148 -0.00130027789 0.0193149634
v -0.00462307455 -0.00168502773 0.0195157528
v -0.00465574767 -0.00170316361 0.019537041
v -0.00451551564 -0.00183136191 0.019635912
v -0.00448570633 -0.00182047882 0.0196262468
v -0.0045837271 -0.00168073049 0.019489428
v -0.00445316453 -0.0018199794 0.0196121261
v -0.00474302145 -0.00131843623 0.0192836989
v -0.00454401271 -0.0016910854 0.0194622055
v -0.00442257943 -0.00183053594 0.0195953734
v -0.00472070975 -0.00123497413 0.0192166343
v -0.00451015262 -0.00171535066 0.0194380917
v -0.00439832266 -0.00185098359 0.019578293
v -0.00467631081 -0.00136338337 0.0192634556
v -0.00465988135 -0.0011268704 0.0190807488
v -0.00448704511 -0.0017500153 0.019420635
v -0.00438380381 -0.00187887764 0.0195631143
v -0.00462500658 -0.00142337009 0.0192434564
v -0.00459817657 -0.00148863264 0.0192286018
v -0.00465009129 -0.0013090655 0.0192066673
v -0.00457784859 -0.0010160018 0.0189662501
v -0.00449923845 -0.000750802981 0.0188513938
v -0.00441756146 -0.000864770613 0.0188864376
v -0.00460319687 -0.00139096926 0.0191926062
v -0.00460332818 -0.00120331137 0.0190831888
v -0.00452669431 -0.00109652698 0.0189729519
v -0.0043679541 -0.000967990782 0.0188895129
v -0.00458901469 -0.00146583596 0.0191801023
v -0.00459962618 -0.00154707069 0.0192217883
v -0.00457558269 -0.00127948448 0.0190765932
v -0.00457923627 -0.00134107808 0.0190647431
v -0.00451102806 -0.00116681831 0.0189648811
v -0.00452753063 -0.00121631031 0.0189424641
v -0.00434851181 -0.00103443023 0.0188584253
v -0.00420365855 -0.000894936325 0.0188714135
v -0.004253719 -0.00079058914 0.0188919622
v -0.0043679541 -0.000967990782 0.0188895129
v -0.00441756146 -0.000864770613 0.0188864376
v -0.004253719 -0.00079058914 0.0188919622
v -0.00432643993 -0.000660512072 0.0188705735
v -0.00449923845 -0.000750802981 0.0188513938
v -0.00412247423 -0.000593160046 0.01894884
v -0.00406041695 -0.000728900137 0.0189462714
v -0.00420365855 -0.000894936325 0.0188714135
v -0.00400298927 -0.000828857766 0.0188978482
v -0.00356216985 -0.000609802722 0.019152293
v -0.00361812022 -0.000486106699 0.019180093
v -0.00297463569 -0.000367347558 0.0194062572
v -0.00294251344 -0.000510581594 0.0193462726
v -0.00238214945 -0.000449484767 0.0194878206
v -0.00237189047 -0.000587550167 0.0193947237
v -0.00204216875 -0.000538952416 0.0194990896
v -0.00204369705 -0.000379959674 0.0195662938
v -0.00116098614 -0.000472011714 0.0196069814
v -0.0011609107 -0.000302491535 0.0196441188
v -0.00238276133 -0.000285471702 0.01952135
v -0.00204326841 -0.000206393946 0.0195671916
v -0.00115791569 -0.000131442677 0.0196091514
v -0.00204213266 -4.37816489E-05 0.0195016433
v -0.00237469864 -0.000119248172 0.0194902252
v -0.00236030505 2.69768352E-05 0.019399181
v -0.00299265864 -0.000209907215 0.0194071364
v -0.0029919073 -6.13455559E-05 0.0193486623
v -0.00297199679 5.6764984E-05 0.0192399286
v -0.00365967629 -0.000237575368 0.0190878604
v -0.00365220895 -0.00035526685 0.0191574693
v -0.00416424451 -0.000468388753 0.0189001542
v -0.00417294307 -0.000377791584 0.0188062284
v -0.00438583223 -0.000554523082 0.0188038051
v -0.00441630185 -0.000488367572 0.0187002569
v -0.00457957666 -0.000664275663 0.0187844951
v -0.00465967599 -0.000941759616 0.0189460274
v -0.00463049207 -0.000629853574 0.0186913591
v -0.00475174841 -0.000891993695 0.0189167131
v -0.00483733602 -0.000879087194 0.0188808385
v -0.00482311938 -0.00136998959 0.019011274
v -0.00474624243 -0.00139621133 0.0190255903
v -0.00470915716 -0.00123787823 0.0188294053
v -0.00481511373 -0.00154840725 0.0191974919
v -0.00473122718 -0.00156504556 0.0191852525
v -0.0047437544 -0.00162345986 0.0192646887
v -0.00467755226 -0.00161908963 0.0192412678
v -0.0045337365 -0.0018803936 0.0194457844
v -0.0045028883 -0.0018606144 0.0194254555
v -0.00457168417 -0.00188434392 0.0194718968
v -0.00481567951 -0.00160474703 0.0192912333
v -0.00461120205 -0.00187197863 0.01949987
v -0.00489618536 -0.00150831742 0.0192081612
v -0.00488104206 -0.00156410469 0.0193138532
v -0.00464638369 -0.00184460788 0.0195253547
v -0.00489099836 -0.00132564467 0.0190001298
v -0.00478186412 -0.0012111105 0.0187945236
v -0.00493015768 -0.00150527188 0.0193281956
v -0.00467169657 -0.00180724263 0.0195443295
v -0.00496209925 -0.00144723139 0.0192141049
v -0.00500570517 -0.00137060031 0.0192156304
v -0.0048474553 -0.00116764335 0.0187720787
v -0.00449688314 -0.000989499618 0.0184324924
v -0.0049431501 -0.00126618647 0.0189952664
v -0.00455646962 -0.000907179085 0.0183905773
v -0.00421907939 -0.000813156075 0.0182863176
v -0.00426662853 -0.000702810939 0.0182599779
v -0.00497406907 -0.00119630538 0.0189971533
v -0.00502152182 -0.0012933251 0.0192163233
v -0.0048982678 -0.00110759132 0.0187664758
v -0.00460816594 -0.000816555752 0.0183886196
v -0.00431795744 -0.000597552629 0.0182830542
v -0.00497935014 -0.00112522242 0.0190060735
v -0.00500610797 -0.001227548 0.0192179233
v -0.0049267197 -0.00103583268 0.0187786762
v -0.00492782239 -0.000963330327 0.0188056733
v -0.00464593153 -0.000731889973 0.0184259824
v -0.00436604675 -0.000514445303 0.0183521006
v -0.00466424972 -0.000666568929 0.0184968766
v -0.00489864638 -0.000905777037 0.0188418757
v -0.00465941289 -0.000630870054 0.0185902044
v -0.00489048567 -0.00116399827 0.0192209631
v -0.00496084057 -0.00118076603 0.0192198996
v -0.00490102591 -0.00103067793 0.0190380774
v -0.00482344721 -0.00103064522 0.0190562084
v -0.00483733602 -0.000879087194 0.0188808385
v -0.00475174841 -0.000891993695 0.0189167131
v -0.00444168923 -0.00197459687 0.0195577908
v -0.00441239588 -0.00196264521 0.0195486862
v -0.0045337365 -0.0018803936 0.0194457844
v -0.0045028883 -0.0018606144 0.0194254555
v -0.00439115241 -0.0019399008 0.0195466783
v -0.00431393227 -0.0019722539 0.0196263529
v -0.00432214094 -0.00199400424 0.0196466222
v -0.00425293902 -0.00191737525 0.0196903795
v -0.00424886588 -0.00192108692 0.0196981244
v -0.00448344415 -0.00182884361 0.019413719
v -0.00462757144 -0.00159252493 0.0192262307
v -0.00467755226 -0.00161908963 0.0192412678
v -0.00465884944 -0.00155667122 0.019176282
v -0.00473122718 -0.00156504556 0.0191852525
v -0.00467166724 -0.00140074885 0.0190393962
v -0.00474624243 -0.00139621133 0.0190255903
v -0.00463521294 -0.00124894583 0.0188703667
v -0.00470915716 -0.00123787823 0.0188294053
v -0.00457113795 -0.00124275335 0.0189097393
v -0.00461294502 -0.00138258375 0.0190522149
v -0.00452753063 -0.00121631031 0.0189424641
v -0.00457923627 -0.00134107808 0.0190647431
v -0.00460898224 -0.00152287132 0.0191740226
v -0.00458901469 -0.00146583596 0.0191801023
v -0.00459962618 -0.00154707069 0.0192217883
v -0.00447779754 -0.00178988965 0.019412091
v -0.00459817657 -0.00148863264 0.0192286018
v -0.00448704511 -0.0017500153 0.019420635
v -0.00438380381 -0.00187887764 0.0195631143
v -0.00438122125 -0.00191019662 0.0195518751
v -0.0043134219 -0.00191670354 0.0196094457
v -0.00432114257 -0.00189137424 0.0196152534
v -0.00431091757 -0.00194510154 0.0196133237
v -0.00426444551 -0.00189560524 0.0196834151
v -0.00426611677 -0.00188850577 0.0196876768
v -0.00426137121 -0.00190358132 0.0196824279
v -0.00426614052 -0.00188337208 0.0196946077
v -0.00426451955 -0.00188098184 0.0197031666
v -0.00425733486 -0.00191122619 0.0196848717
v -0.00426149322 -0.00188169442 0.0197120477
v -0.00425750529 -0.00188540039 0.0197198801
v -0.00424575154 -0.00192179228 0.0197069384
v -0.00433446374 -0.00200700224 0.019671116
v -0.00425314438 -0.00189153489 0.019725455
v -0.00424906565 -0.00189916545 0.0197279062
v -0.00424409192 -0.00191938633 0.0197154991
v -0.00424414547 -0.00191423914 0.0197225008
v -0.00424589682 -0.00190713874 0.0197268724
v -0.00437667267 -0.00198165257 0.0197328739
v -0.00424589682 -0.00190713874 0.0197268724
v -0.00424414547 -0.00191423914 0.0197225008
v -0.00436399318 -0.00200027018 0.0197177939
v -0.0045322529 -0.00193529809 0.0196104292
v -0.00424409192 -0.00191938633 0.0197154991
v -0.00450639753 -0.00195951457 0.0195913687
v -0.00464638369 -0.00184460788 0.0195253547
v -0.00461120205 -0.00187197863 0.01949987
v -0.00434914557 -0.00200917944 0.0196960904
v -0.00424575154 -0.00192179228 0.0197069384
v -0.00433446374 -0.00200700224 0.019671116
v -0.00447467901 -0.00197344413 0.019572841
v -0.00457168417 -0.00188434392 0.0194718968
v -0.00444168923 -0.00197459687 0.0195577908
v -0.0045337365 -0.0018803936 0.0194457844
v -0.00432214094 -0.00199400424 0.0196466222
v -0.00424886588 -0.00192108692 0.0196981244
v -0.00441239588 -0.00196264521 0.0195486862
v -0.00438511372 -0.00195619254 0.0197389405
v -0.00424906565 -0.00189916545 0.0197279062
v -0.00424589682 -0.00190713874 0.0197268724
v -0.00438790116 -0.00192779989 0.019735042
v -0.00425314438 -0.00189153489 0.019725455
v -0.00438431557 -0.0019007778 0.0197216738
v -0.00453782966 -0.00185100629 0.0196395349
v -0.00451551564 -0.00183136191 0.019635912
v -0.00465574767 -0.00170316361 0.019537041
v -0.00454915734 -0.00187669555 0.0196364634
v -0.00467663538 -0.00173193088 0.0195501614
v -0.00454728724 -0.00190600392 0.0196264647
v -0.00437667267 -0.00198165257 0.0197328739
v -0.0045322529 -0.00193529809 0.0196104292
v -0.00468237139 -0.00176766387 0.0195529852
v -0.00467169657 -0.00180724263 0.0195443295
v -0.00464638369 -0.00184460788 0.0195253547
v -0.00492819306 -0.0013297362 0.0193254538
v -0.00488035148 -0.00130027789 0.0193149634
v -0.00495588686 -0.00143633899 0.0193335656
v -0.00493015768 -0.00150527188 0.0193281956
v -0.00500570517 -0.00137060031 0.0192156304
v -0.00502152182 -0.0012933251 0.0192163233
v -0.00495443726 -0.00137792609 0.0193319879
v -0.00500610797 -0.001227548 0.0192179233
v -0.00496084057 -0.00118076603 0.0192198996
v -0.00489048567 -0.00116399827 0.0192209631
v -0.00495524565 -0.00106529961 0.0190202743
v -0.00497935014 -0.00112522242 0.0190060735
v -0.00492782239 -0.000963330327 0.0188056733
v -0.00490102591 -0.00103067793 0.0190380774
v -0.00489864638 -0.000905777037 0.0188418757
v -0.00483733602 -0.000879087194 0.0188808385
v -0.00112213031 -0.000120533463 0.0187293142
v -0.0011219579 -0.000293645106 0.0186921693
v -0.00112512859 -0.000466010562 0.0187278055
v -0.00113081676 -0.000611668162 0.0188306645
v -0.00112576527 2.66229872E-05 0.0188335981
v -0.00113798911 -0.000709004235 0.0189849008
v -0.00113194226 0.000124385668 0.018989021
v -0.00113915338 0.000156321825 0.0191717166
v -0.0011456291 -0.000743649434 0.0191668924
v -0.00114627299 0.000117610318 0.0193536989
v -0.00115267455 -0.000710638589 0.0193489101
v -0.00115273357 1.60055679E-05 0.0195072498
v -0.00115806726 -0.000615193974 0.0195033755
v -0.00115791569 -0.000131442677 0.0196091514
v -0.00116098614 -0.000472011714 0.0196069814
v -0.0011609107 -0.000302491535 0.0196441188
v -0.00438380381 -0.00187887764 0.0195631143
v -0.00432114257 -0.00189137424 0.0196152534
v -0.00439832266 -0.00185098359 0.019578293
v -0.00433304114 -0.00187293312 0.019629905
v -0.00426611677 -0.00188850577 0.0196876768
v -0.00442257943 -0.00183053594 0.0195953734
v -0.00426614052 -0.00188337208 0.0196946077
v -0.0043474515 -0.00186414924 0.0196512938
v -0.00445316453 -0.0018199794 0.0196121261
v -0.00426451955 -0.00188098184 0.0197031666
v -0.0043622572 -0.00186634087 0.0196762383
v -0.00448570633 -0.00182047882 0.0196262468
v -0.00426149322 -0.00188169442 0.0197120477
v -0.00437523052 -0.00187918928 0.0197009686
v -0.00451551564 -0.00183136191 0.019635912
v -0.00425750529 -0.00188540039 0.0197198801
v -0.00438431557 -0.0019007778 0.0197216738
v 0.00115089945 0.000126614395 0.0193571802
v 0.00115254917 0.000156004506 0.0192644633
v 0.00149160903 0.000163962352 0.0192953236
v 0.00101484405 0.00021056048 0.0192780402
v 0.00101647142 0.000222505711 0.0191662796
v 0.0011540954 0.000167549326 0.0191679411
v 0.00111648405 -4.09752502E-05 0.0192185417
v 0.00110836513 -2.43952309E-05 0.0191184711
v 0.00115573942 0.000205872246 0.0190635752
v 0.00149635249 0.000183893528 0.019065354
v 0.00110836513 -2.43952309E-05 0.0191184711
v 0.00148150558 -4.30358923E-05 0.0191043746
v 0.00101793825 0.000213841398 0.0190544091
v 0.00115632953 0.000135025854 0.018978335
v 0.00149635249 0.000183893528 0.019065354
v 0.00148150558 -4.30358923E-05 0.0191043746
v 0.0011078252 -3.4042343E-05 0.019084258
v 0.00101915223 0.000184663775 0.0189467315
v 0.00115691544 9.20828898E-05 0.0188925341
v 0.000938768208 0.000150796419 0.0190672763
v 0.000939879101 0.00012498592 0.0189734604
v 0.00102008774 0.000136212766 0.0188473836
v 0.000940804312 8.23915907E-05 0.0188869033
v 0.000758535694 0.000122900252 0.0189746413
v 0.000759529299 8.05407253E-05 0.0188898332
v 0.000757401111 0.000148803389 0.0190665592
v 0.000760345021 2.33525316E-05 0.0188153945
v 0.000937510107 0.000158747396 0.0191647448
v 0.000756170601 0.000157254297 0.0191620551
v 0.000754891487 0.000147928615 0.0192574598
v 0.000941537437 2.47329299E-05 0.0188109279
v 0.000760950905 -4.64665609E-05 0.018754188
v 0.000936166034 0.000148694293 0.0192621164
v 0.000753611152 0.000121184392 0.0193491057
v 0.000934818818 0.000121179255 0.0193556566
v 0.000752380933 7.80496994E-05 0.0194334723
v 0.000942078652 -4.56730741E-05 0.0187484566
v 0.000761325762 -0.000126233441 0.0187085606
v 0.00102076761 7.05369093E-05 0.0187601838
v 0.00101318792 0.000178718401 0.0193854012
v 0.00093354698 7.74355794E-05 0.0194417611
v 0.000751247222 2.01825333E-05 0.019507315
v 0.000942427781 -0.000126007508 0.0187018886
v 0.000761451549 -0.000212883169 0.0186802708
v 0.000932398892 1.93339183E-05 0.0195171311
v 0.000750251231 -5.01943105E-05 0.0195677988
v 0.00101163355 0.000128468135 0.0194842294
v 0.000931405229 -5.09577512E-05 0.0195788629
v 0.000749435858 -0.000130375818 0.019612601
v 0.00114930642 8.08052719E-05 0.0194425322
v 0.00101026916 6.20640349E-05 0.0195707344
v 0.000930589857 -0.000131024906 0.0196245871
v 0.000748830847 -0.000217280307 0.0196399931
v 0.00109531684 -0.000102461483 0.0193730406
v 0.00111192581 -6.03807057E-05 0.0192808285
v 0.00149160903 0.000163962352 0.0192953236
v 0.00150155858 -2.65034287E-05 0.0192351248
v 0.00114756683 5.31842452E-05 0.0195504576
v 0.00148504286 3.02792887E-05 0.0194901563
v 0.00144550111 -0.000131836525 0.0193304382
v 0.00109531684 -0.000102461483 0.0193730406
v 0.00100912782 -1.78633018E-05 0.0196415894
v 0.00114676042 -5.12424303E-05 0.0195784327
v 0.00148504286 3.02792887E-05 0.0194901563
v 0.00107846991 -0.000126600717 0.0194005538
v 0.00144550111 -0.000131836525 0.0193304382
v 0.00107820064 -0.000247994525 0.0194708593
v 0.00114591222 -0.000132348287 0.0196237564
v 0.00114591222 -0.000132348287 0.0196237564
v 0.00100820407 -0.000108446635 0.0196940694
v 0.000929982809 -0.000217839377 0.0196525455
v 0.000748457445 -0.000307568524 0.0196489282
v 0.00100751803 -0.000206627592 0.0197261591
v 0.000929610571 -0.000308083982 0.019661665
v 0.00114477111 -0.000209197577 0.0196970198
v 0.00148060918 -0.000214214844 0.0196179934
v 0.00142755639 -0.000261153822 0.0193955153
v 0.00107820064 -0.000247994525 0.0194708593
v 0.00114502036 -0.000309730851 0.0196605083
v 0.00148060918 -0.000214214844 0.0196179934
v 0.00107202388 -0.000269417971 0.0194737427
v 0.00142755639 -0.000261153822 0.0193955153
v 0.00100709544 -0.000308701565 0.0197366271
v 0.00100695202 -0.000410758221 0.0197250657
v 0.00114492385 -0.00039949498 0.0196505245
v 0.000929484202 -0.000398284086 0.0196515955
v 0.000748331368 -0.000397770578 0.019639058
v 0.00100709544 -0.000508868136 0.0196919255
v 0.000929610571 -0.000484933815 0.0196227208
v 0.000748457445 -0.000484420278 0.01961077
v 0.000929983682 -0.000564700866 0.0195761528
v 0.000748829683 -0.000564187358 0.0195651427
v 0.00100751885 -0.00059919653 0.0196384788
v 0.000930589857 -0.000634520024 0.0195136797
v 0.000749435858 -0.000634006574 0.0195039362
v 0.00114445435 -0.000499689253 0.0196647383
v 0.00148033595 -0.000480276824 0.0195898265
v 0.00142890587 -0.000392387738 0.0193820037
v 0.00107229978 -0.00039890199 0.0194589924
v 0.00100820407 -0.000678259879 0.0195667744
v 0.00114542164 -0.000564976712 0.0195757449
v 0.00148033595 -0.000480276824 0.0195898265
v 0.00108018867 -0.000421715085 0.019447986
v 0.00142890587 -0.000392387738 0.0193820037
v 0.00114602654 -0.000634488475 0.0195138212
v 0.000931406452 -0.000691708294 0.0194377042
v 0.000750253617 -0.00069119496 0.0194294956
v 0.00100912736 -0.000743020151 0.0194795728
v 0.000932400057 -0.000734067988 0.0193511471
v 0.000751247222 -0.00073355448 0.0193446893
v 0.00101025321 -0.000790988212 0.0193802249
v 0.000933533709 -0.000759970804 0.0192573313
v 0.000752380933 -0.000759457354 0.0192527715
v 0.00114641059 -0.000724447716 0.0194644947
v 0.00148240651 -0.000683614286 0.0194151513
v 0.00144192367 -0.00049678568 0.0192940962
v 0.00107989786 -0.000520692964 0.0193575565
v 0.00101153809 -0.000820320507 0.0192725472
v 0.00101293135 -0.000829890778 0.0191606805
v 0.000934763986 -0.000768422149 0.0191598646
v 0.000753611152 -0.000767908699 0.0191572756
v 0.000754891487 -0.000758582959 0.0190618709
v 0.00114783237 -0.000733716006 0.0193527117
v 0.00148240651 -0.000683614286 0.0194151513
v 0.00109072914 -0.000542002439 0.0193198789
v 0.00144192367 -0.00049678568 0.0192940962
v 0.00114896498 -0.000759560615 0.0192597173
v 0.000936044264 -0.000759096409 0.0190624911
v 0.000756171765 -0.000731838751 0.018970225
v 0.000937324599 -0.000732352433 0.0189689528
v 0.000757401111 -0.000688703789 0.0188858584
v 0.00101438083 -0.000819330337 0.019048918
v 0.000938554236 -0.000689217413 0.0188828465
v 0.000758536917 -0.000630836235 0.0188120138
v 0.00101583044 -0.00078904524 0.0189415589
v 0.000939687889 -0.000631349743 0.0188074782
v 0.000759529299 -0.00056045939 0.01875153
v 0.00101722404 -0.00074019935 0.0188427288
v 0.000940683298 -0.00056097284 0.0187457446
v 0.000760345021 -0.000480278395 0.0187067315
v 0.00101850845 -0.000674669864 0.0187562238
v 0.00094149902 -0.000480791874 0.0187000223
v 0.000760952069 -0.000393373659 0.0186793376
v 0.00101963349 -0.000594974903 0.0186853707
v 0.000942104904 -0.00039388705 0.0186720639
v 0.000761324598 -0.000303084933 0.0186704025
v 0.00102055678 -0.000504174503 0.0186328888
v 0.00115413871 -0.000721541175 0.0188639648
v 0.00115494616 -0.00063079549 0.0188138057
v 0.00115576433 -0.000560061599 0.018752614
v 0.00148774707 -0.000676605268 0.0188911725
v 0.00108992797 -0.000516873144 0.0189711004
v 0.00145267881 -0.000490090693 0.0190131199
v 0.00115273998 -0.000731986016 0.0189738683
v 0.00148774707 -0.000676605268 0.0188911725
v 0.00145267881 -0.000490090693 0.0190131199
v 0.0010941776 -0.000540909881 0.01900726
v 0.00115146919 -0.00075868814 0.0190665852
v 0.00115006964 -0.000807999633 0.0191637836
v 0.00148534693 -0.000757494417 0.0191528015
v 0.00109417434 -0.000575208745 0.0191350561
v 0.00145203224 -0.000536316715 0.0191528909
v 0.00148534693 -0.000757494417 0.0191528015
v 0.00145203224 -0.000536316715 0.0191528909
v 0.00109026337 -0.000576771621 0.0191913713
v 0.000748830847 -0.000217280307 0.0196399931
v 0.000748457445 -0.000307568524 0.0196489282
v 0.000748331368 -0.000397770578 0.019639058
v 0.000749435858 -0.000130375818 0.019612601
v 0.000748457445 -0.000484420278 0.01961077
v 0.000750251231 -5.01943105E-05 0.0195677988
v 0.000748829683 -0.000564187358 0.0195651427
v 0.000749435858 -0.000634006574 0.0195039362
v 0.000751247222 2.01825333E-05 0.019507315
v 0.000750253617 -0.00069119496 0.0194294956
v 0.000752380933 7.80496994E-05 0.0194334723
v 0.000753611152 0.000121184392 0.0193491057
v 0.000751247222 -0.00073355448 0.0193446893
v 0.000754891487 0.000147928615 0.0192574598
v 0.000752380933 -0.000759457354 0.0192527715
v 0.000753611152 -0.000767908699 0.0191572756
v 0.000756170601 0.000157254297 0.0191620551
v 0.000754891487 -0.000758582959 0.0190618709
v 0.000757401111 0.000148803389 0.0190665592
v 0.000758535694 0.000122900252 0.0189746413
v 0.000756171765 -0.000731838751 0.018970225
v 0.000759529299 8.05407253E-05 0.0188898332
v 0.000757401111 -0.000688703789 0.0188858584
v 0.000758536917 -0.000630836235 0.0188120138
v 0.000760345021 2.33525316E-05 0.0188153945
v 0.000759529299 -0.00056045939 0.01875153
v 0.000760950905 -4.64665609E-05 0.018754188
v 0.000761325762 -0.000126233441 0.0187085606
v 0.000760345021 -0.000480278395 0.0187067315
v 0.000761451549 -0.000212883169 0.0186802708
v 0.000760952069 -0.000393373659 0.0186793376
v 0.000761324598 -0.000303084933 0.0186704025
v 0.00109026337 -0.000576771621 0.0191913713
v 0.00111579872 -0.000587015529 0.0191645008
v 0.00145203224 -0.000536316715 0.0191528909
v 0.00100980618 -0.000590664044 0.0191612225
v 0.00103930011 -0.000590380689 0.0192318242
v 0.00109072914 -0.000542002439 0.0193198789
v 0.00109417434 -0.000575208745 0.0191350561
v 0.00145203224 -0.000536316715 0.0191528909
v 0.00104101887 -0.000589690579 0.0190924145
v 0.0010941776 -0.000540909881 0.01900726
v 0.00103405642 -0.000571159704 0.0193064846
v 0.00109846727 -0.000533534214 0.0193552002
v 0.00144192367 -0.00049678568 0.0192940962
v 0.00100244465 -0.00056222768 0.0192225091
v 0.00100322673 -0.000546588039 0.0192807559
v 0.00102516904 -0.000555691426 0.019339582
v 0.00100494327 -0.000521367823 0.0193338189
v 0.00107989786 -0.000520692964 0.0193575565
v 0.00144192367 -0.00049678568 0.0192940962
v 0.00103812409 -0.000500801892 0.0194054767
v 0.00108018867 -0.000421715085 0.019447986
v 0.00100727531 -0.000487982208 0.0193795785
v 0.00094421237 -0.000516866159 0.0193229038
v 0.000943528081 -0.000485183846 0.0193668902
v 0.000945091248 -0.000540623267 0.0192725994
v 0.00094308448 -0.000446861377 0.0194029976
v 0.0009461093 -0.000555431587 0.0192178413
v 0.00100983155 -0.000448141305 0.0194164515
v 0.000942916027 -0.000403341372 0.0194299929
v 0.00100270926 -0.000567353156 0.019161649
v 0.000947014953 -0.000560325221 0.0191607736
v 0.000947588531 -0.000554818893 0.0191037767
v 0.0010039896 -0.00056165969 0.0191008728
v 0.000948005472 -0.000539461907 0.0190492403
v 0.00100624003 -0.000545482908 0.0190428849
v 0.000948441622 -0.000515228952 0.018999286
v 0.00103292381 -0.000450743217 0.0194515623
v 0.00103767728 -0.000569888041 0.0190181378
v 0.00100927951 -0.000519794121 0.0189902354
v 0.000948911882 -0.000483168347 0.0189557504
v 0.00110631133 -0.000532723963 0.0189749207
v 0.00145267881 -0.000490090693 0.0190131199
v 0.00101274368 -0.000486034638 0.0189450048
v 0.00094942376 -0.000444571342 0.0189201646
v 0.00102916698 -0.000553251361 0.0189841706
v 0.00101618993 -0.000445925252 0.0189087316
v 0.000949958398 -0.000400894118 0.0188937448
v 0.00108992797 -0.000516873144 0.0189711004
v 0.00145267881 -0.000490090693 0.0190131199
v 0.00104303902 -0.000498358451 0.0189204719
v 0.00108946196 -0.000418638607 0.0188825876
v 0.00104020501 -0.000448845763 0.0188755151
v 0.00101915654 -0.000401254278 0.0188824087
v 0.00109982979 -0.000399147626 0.0188663397
v 0.00144883525 -0.000379321224 0.0189278778
v 0.00102876127 -0.000427668914 0.018863203
v 0.00108546752 -0.000391876092 0.0188724641
v 0.00144883525 -0.000379321224 0.0189278778
v 0.00102123944 -0.000353709707 0.0188665725
v 0.00104567152 -0.000354478805 0.018843906
v 0.00104614999 -0.000304355985 0.0188390575
v 0.00108423375 -0.000262518326 0.0188585334
v 0.00102208683 -0.000304743589 0.0188614596
v 0.000950514805 -0.00035369175 0.0188773628
v 0.00103170343 -0.000230428472 0.0188430212
v 0.00095089071 -0.000304648798 0.0188718997
v 0.000950906717 -0.000255569466 0.0188776776
v 0.00102162559 -0.000255546474 0.018867122
v 0.000950753805 -0.000208223719 0.0188941974
v 0.00094942376 -0.000444571342 0.0189201646
v 0.000950579706 -0.000164244993 0.0189206898
v 0.000950308633 -0.000125276885 0.018956447
v 0.000948911882 -0.000483168347 0.0189557504
v 0.000949899957 -9.29934613E-05 0.0190003812
v 0.000948441622 -0.000515228952 0.018999286
v 0.000948005472 -0.000539461907 0.0190492403
v 0.000949338195 -6.89651351E-05 0.0190509427
v 0.000947588531 -0.000554818893 0.0191037767
v 0.000948626315 -5.44691538E-05 0.0191060957
v 0.000948493311 -4.9219354E-05 0.0191636384
v 0.000947014953 -0.000560325221 0.0191607736
v 0.000947691035 -5.49816432E-05 0.0192209259
v 0.0009461093 -0.000555431587 0.0192178413
v 0.000945091248 -0.000540623267 0.0192725994
v 0.000946866698 -7.07841391E-05 0.019275602
v 0.00094421237 -0.000516866159 0.0193229038
v 0.000945843291 -9.5620162E-05 0.0193255115
v 0.000944663247 -0.000128269647 0.0193688553
v 0.000943528081 -0.000485183846 0.0193668902
v 0.000943810446 -0.000167067046 0.019404389
v 0.00094308448 -0.000446861377 0.0194029976
v 0.000943405437 -0.000210725731 0.0194309596
v 0.000943028659 -0.000356183824 0.0194469485
v 0.00101217313 -0.000403630489 0.0194434002
v 0.00102251919 -0.0004318016 0.0194629412
v 0.00101391191 -0.000356149074 0.0194598529
v 0.00108683365 -0.000402547739 0.0194646008
v 0.00142890587 -0.000392387738 0.0193820037
v 0.00107229978 -0.00039890199 0.0194589924
v 0.00142890587 -0.000392387738 0.0193820037
v 0.00103844411 -0.000357223529 0.0194840245
v 0.00107202388 -0.000269417971 0.0194737427
v 0.000943221792 -0.000307089911 0.0194529556
v 0.00101467478 -0.000307289505 0.0194655396
v 0.000943281106 -0.000257965265 0.0194474682
v 0.00101421133 -0.000258465763 0.0194603968
v 0.00103853724 -0.000307487615 0.0194889773
v 0.00102351641 -0.000232796679 0.0194849912
v 0.00101267349 -0.000211013321 0.0194444787
v 0.00108465867 -0.000267191208 0.0194808803
v 0.00142755639 -0.000261153822 0.0193955153
v 0.00103098073 -0.000216458808 0.0194777343
v 0.00101036718 -0.000166465004 0.0194179844
v 0.000943810446 -0.000167067046 0.019404389
v 0.00107820064 -0.000247994525 0.0194708593
v 0.00142755639 -0.000261153822 0.0193955153
v 0.00103818206 -0.000159581541 0.0194445997
v 0.00107846991 -0.000126600717 0.0194005538
v 0.00100805098 -0.000126285377 0.0193813872
v 0.000944663247 -0.000128269647 0.0193688553
v 0.00102640525 -9.21817773E-05 0.0193922296
v 0.00100651162 -9.19512458E-05 0.0193356331
v 0.000945843291 -9.5620162E-05 0.0193255115
v 0.00110172608 -0.000115172668 0.0194017757
v 0.00144550111 -0.000131836525 0.0193304382
v 0.00103600754 -7.3210831E-05 0.0193687845
v 0.00100615516 -6.53522293E-05 0.0192825515
v 0.000946866698 -7.07841391E-05 0.019275602
v 0.00109531684 -0.000102461483 0.0193730406
v 0.00144550111 -0.000131836525 0.0193304382
v 0.00104227697 -3.79662779E-05 0.0192987286
v 0.00111192581 -6.03807057E-05 0.0192808285
v 0.00100656494 -4.83139702E-05 0.0192243122
v 0.000947691035 -5.49816432E-05 0.0192209259
v 0.00104515802 -1.63483055E-05 0.0192325711
v 0.00104144099 -5.8987921E-06 0.0191512946
v 0.00100698206 -4.21257137E-05 0.0191636104
v 0.000948493311 -4.9219354E-05 0.0191636384
v 0.000948626315 -5.44691538E-05 0.0191060957
v 0.00111648405 -4.09752502E-05 0.0192185417
v 0.00150155858 -2.65034287E-05 0.0192351248
v 0.00110836513 -2.43952309E-05 0.0191184711
v 0.00100903213 -4.65873345E-05 0.0191031396
v 0.000949338195 -6.89651351E-05 0.0190509427
v 0.00112850533 -2.09071113E-05 0.0190883148
v 0.00148150558 -4.30358923E-05 0.0191043746
v 0.00101114006 -6.20744468E-05 0.0190454088
v 0.000949899957 -9.29934613E-05 0.0190003812
v 0.00104141678 -4.42445253E-06 0.0191172138
v 0.0010134445 -8.75151163E-05 0.0189927071
v 0.000950308633 -0.000125276885 0.018956447
v 0.0011078252 -3.4042343E-05 0.019084258
v 0.00148150558 -4.30358923E-05 0.0191043746
v 0.00105094956 -3.27132839E-05 0.0190292336
v 0.00110837643 -9.51689726E-05 0.0189567786
v 0.00101586001 -0.000121448073 0.0189471617
v 0.000950579706 -0.000164244993 0.0189206898
v 0.00104552764 -6.62459206E-05 0.0189597607
v 0.00101818447 -0.000162072145 0.0189104006
v 0.000950753805 -0.000208223719 0.0188941974
v 0.00111966592 -0.000105537853 0.0189324822
v 0.00147196022 -0.000111672562 0.0189811792
v 0.00103651767 -8.50466604E-05 0.0189367365
v 0.00102020439 -0.000207411009 0.018883517
v 0.00109396386 -0.000116680581 0.018934112
v 0.00147196022 -0.000111672562 0.0189811792
v 0.00104790367 -0.000151575019 0.0188847575
v 0.00109499064 -0.000237591274 0.0188638866
v 0.00104124541 -0.000209181526 0.0188504457
v 0.00110250153 -0.000257191103 0.0188518055
v 0.00145418546 -0.000240625901 0.0189162884
v 0.00145418546 -0.000240625901 0.0189162884
v 0.00114783237 -0.000733716006 0.0193527117
v 0.00109072914 -0.000542002439 0.0193198789
v 0.00109026337 -0.000576771621 0.0191913713
v 0.00114896498 -0.000759560615 0.0192597173
v 0.00149498892 5.59169785E-05 0.0188232195
v 0.00147196022 -0.000111672562 0.0189811792
v 0.00110837643 -9.51689726E-05 0.0189567786
v 0.0011577236 6.72985843E-05 0.0187861267
v 0.00115728914 -3.78524674E-05 0.0187553018
v 0.00149498892 5.59169785E-05 0.0188232195
v 0.00147196022 -0.000111672562 0.0189811792
v 0.00109396386 -0.000116680581 0.018934112
v 0.00102124352 -9.66845982E-06 0.0186884832
v 0.00115726481 -0.000119485827 0.0187091436
v 0.00102154445 -0.000101144178 0.0186350327
v 0.000942565326 -0.000213085848 0.0186730158
v 0.000942463696 -0.000303516688 0.0186629426
v 0.00102166692 -0.000200235751 0.0186018925
v 0.00115769345 -0.000196509995 0.01863686
v 0.00149086327 -0.00019041491 0.0186929423
v 0.00109499064 -0.000237591274 0.0188638866
v 0.00145418546 -0.000240625901 0.0189162884
v 0.00102120871 -0.000405636965 0.0186008029
v 0.00115702196 -0.000299776293 0.0186705384
v 0.00149086327 -0.00019041491 0.0186929423
v 0.00145418546 -0.000240625901 0.0189162884
v 0.00108423375 -0.000262518326 0.0188585334
v 0.00102157157 -0.000303052686 0.0185903329
v 0.00115676923 -0.000391372538 0.0186795779
v 0.00115680858 -0.000492718827 0.0186660904
v 0.00148899481 -0.000465048099 0.018718468
v 0.00108546752 -0.000391876092 0.0188724641
v 0.00144883525 -0.000379321224 0.0189278778
v 0.00148899481 -0.000465048099 0.018718468
v 0.00144883525 -0.000379321224 0.0189278778
v 0.00108946196 -0.000418638607 0.0188825876
v 0.00115691544 9.20828898E-05 0.0188925341
v 0.00110837643 -9.51689726E-05 0.0189567786
v 0.0011078252 -3.4042343E-05 0.019084258
v 0.00115632953 0.000135025854 0.018978335
v 0.00115146919 -0.00075868814 0.0190665852
v 0.00109417434 -0.000575208745 0.0191350561
v 0.0010941776 -0.000540909881 0.01900726
v 0.00115273998 -0.000731986016 0.0189738683
v 0.00115494616 -0.00063079549 0.0188138057
v 0.00108992797 -0.000516873144 0.0189711004
v 0.00108946196 -0.000418638607 0.0188825876
v 0.00115576433 -0.000560061599 0.018752614
v 0.00114502036 -0.000309730851 0.0196605083
v 0.00107202388 -0.000269417971 0.0194737427
v 0.00107229978 -0.00039890199 0.0194589924
v 0.00114492385 -0.00039949498 0.0196505245
v 0.00115676923 -0.000391372538 0.0186795779
v 0.00108546752 -0.000391876092 0.0188724641
v 0.00108423375 -0.000262518326 0.0188585334
v 0.00115702196 -0.000299776293 0.0186705384
v 0.00115254917 0.000156004506 0.0192644633
v 0.00111648405 -4.09752502E-05 0.0192185417
v 0.00150155858 -2.65034287E-05 0.0192351248
v 0.00149160903 0.000163962352 0.0192953236
v 0.00114542164 -0.000564976712 0.0195757449
v 0.00108018867 -0.000421715085 0.019447986
v 0.00107989786 -0.000520692964 0.0193575565
v 0.00114602654 -0.000634488475 0.0195138212
v 0.00115726481 -0.000119485827 0.0187091436
v 0.00109499064 -0.000237591274 0.0188638866
v 0.00109396386 -0.000116680581 0.018934112
v 0.00115728914 -3.78524674E-05 0.0187553018
v -0.00115089945 0.000126614395 0.0193571802
v -0.00149160903 0.000163962352 0.0192953236
v -0.00115254917 0.000156004506 0.0192644633
v -0.00101484405 0.00021056048 0.0192780402
v -0.00101647142 0.000222505711 0.0191662796
v -0.0011540954 0.000167549326 0.0191679411
v -0.00111648405 -4.09752502E-05 0.0192185417
v -0.00110836513 -2.43952309E-05 0.0191184711
v -0.00115573942 0.000205872246 0.0190635752
v -0.00149635249 0.000183893528 0.019065354
v -0.00110836513 -2.43952309E-05 0.0191184711
v -0.00148150558 -4.30358923E-05 0.0191043746
v -0.00101793825 0.000213841398 0.0190544091
v -0.00115632953 0.000135025854 0.018978335
v -0.00149635249 0.000183893528 0.019065354
v -0.00148150558 -4.30358923E-05 0.0191043746
v -0.0011078252 -3.4042343E-05 0.019084258
v -0.00101915223 0.000184663775 0.0189467315
v -0.00115691544 9.20828898E-05 0.0188925341
v -0.000938768208 0.000150796419 0.0190672763
v -0.000939879101 0.00012498592 0.0189734604
v -0.00102008774 0.000136212766 0.0188473836
v -0.000940804312 8.23915907E-05 0.0188869033
v -0.000758535694 0.000122900252 0.0189746413
v -0.000759529299 8.05407253E-05 0.0188898332
v -0.000757401111 0.000148803389 0.0190665592
v -0.000760345021 2.33525316E-05 0.0188153945
v -0.000937510107 0.000158747396 0.0191647448
v -0.000756170601 0.000157254297 0.0191620551
v -0.000754891487 0.000147928615 0.0192574598
v -0.000941537437 2.47329299E-05 0.0188109279
v -0.000760950905 -4.64665609E-05 0.018754188
v -0.000936166034 0.000148694293 0.0192621164
v -0.000753611152 0.000121184392 0.0193491057
v -0.000934818818 0.000121179255 0.0193556566
v -0.000752380933 7.80496994E-05 0.0194334723
v -0.000942078652 -4.56730741E-05 0.0187484566
v -0.000761325762 -0.000126233441 0.0187085606
v -0.00102076761 7.05369093E-05 0.0187601838
v -0.00101318792 0.000178718401 0.0193854012
v -0.00093354698 7.74355794E-05 0.0194417611
v -0.000751247222 2.01825333E-05 0.019507315
v -0.000942427781 -0.000126007508 0.0187018886
v -0.000761451549 -0.000212883169 0.0186802708
v -0.000932398892 1.93339183E-05 0.0195171311
v -0.000750251231 -5.01943105E-05 0.0195677988
v -0.00101163355 0.000128468135 0.0194842294
v -0.000931405229 -5.09577512E-05 0.0195788629
v -0.000749435858 -0.000130375818 0.019612601
v -0.00114930642 8.08052719E-05 0.0194425322
v -0.00101026916 6.20640349E-05 0.0195707344
v -0.000930589857 -0.000131024906 0.0196245871
v -0.000748830847 -0.000217280307 0.0196399931
v -0.00109531684 -0.000102461483 0.0193730406
v -0.00111192581 -6.03807057E-05 0.0192808285
v -0.00149160903 0.000163962352 0.0192953236
v -0.00150155858 -2.65034287E-05 0.0192351248
v -0.00114756683 5.31842452E-05 0.0195504576
v -0.00148504286 3.02792887E-05 0.0194901563
v -0.00144550111 -0.000131836525 0.0193304382
v -0.00109531684 -0.000102461483 0.0193730406
v -0.00100912782 -1.78633018E-05 0.0196415894
v -0.00114676042 -5.12424303E-05 0.0195784327
v -0.00148504286 3.02792887E-05 0.0194901563
v -0.00107846991 -0.000126600717 0.0194005538
v -0.00144550111 -0.000131836525 0.0193304382
v -0.00107820064 -0.000247994525 0.0194708593
v -0.00114591222 -0.000132348287 0.0196237564
v -0.00114591222 -0.000132348287 0.0196237564
v -0.00100820407 -0.000108446635 0.0196940694
v -0.000929982809 -0.000217839377 0.0196525455
v -0.000748457445 -0.000307568524 0.0196489282
v -0.00100751803 -0.000206627592 0.0197261591
v -0.000929610571 -0.000308083982 0.019661665
v -0.00114477111 -0.000209197577 0.0196970198
v -0.00148060918 -0.000214214844 0.0196179934
v -0.00142755639 -0.000261153822 0.0193955153
v -0.00107820064 -0.000247994525 0.0194708593
v -0.00114502036 -0.000309730851 0.0196605083
v -0.00148060918 -0.000214214844 0.0196179934
v -0.00107202388 -0.000269417971 0.0194737427
v -0.00142755639 -0.000261153822 0.0193955153
v -0.00100709544 -0.000308701565 0.0197366271
v -0.00100695202 -0.000410758221 0.0197250657
v -0.00114492385 -0.00039949498 0.0196505245
v -0.000929484202 -0.000398284086 0.0196515955
v -0.000748331368 -0.000397770578 0.019639058
v -0.00100709544 -0.000508868136 0.0196919255
v -0.000929610571 -0.000484933815 0.0196227208
v -0.000748457445 -0.000484420278 0.01961077
v -0.000929983682 -0.000564700866 0.0195761528
v -0.000748829683 -0.000564187358 0.0195651427
v -0.00100751885 -0.00059919653 0.0196384788
v -0.000930589857 -0.000634520024 0.0195136797
v -0.000749435858 -0.000634006574 0.0195039362
v -0.00114445435 -0.000499689253 0.0196647383
v -0.00148033595 -0.000480276824 0.0195898265
v -0.00142890587 -0.000392387738 0.0193820037
v -0.00107229978 -0.00039890199 0.0194589924
v -0.00100820407 -0.000678259879 0.0195667744
v -0.00114542164 -0.000564976712 0.0195757449
v -0.00148033595 -0.000480276824 0.0195898265
v -0.00108018867 -0.000421715085 0.019447986
v -0.00142890587 -0.000392387738 0.0193820037
v -0.00114602654 -0.000634488475 0.0195138212
v -0.000931406452 -0.000691708294 0.0194377042
v -0.000750253617 -0.00069119496 0.0194294956
v -0.00100912736 -0.000743020151 0.0194795728
v -0.000932400057 -0.000734067988 0.0193511471
v -0.000751247222 -0.00073355448 0.0193446893
v -0.00101025321 -0.000790988212 0.0193802249
v -0.000933533709 -0.000759970804 0.0192573313
v -0.000752380933 -0.000759457354 0.0192527715
v -0.00114641059 -0.000724447716 0.0194644947
v -0.00148240651 -0.000683614286 0.0194151513
v -0.00144192367 -0.00049678568 0.0192940962
v -0.00107989786 -0.000520692964 0.0193575565
v -0.00101153809 -0.000820320507 0.0192725472
v -0.00101293135 -0.000829890778 0.0191606805
v -0.000934763986 -0.000768422149 0.0191598646
v -0.000753611152 -0.000767908699 0.0191572756
v -0.000754891487 -0.000758582959 0.0190618709
v -0.00114783237 -0.000733716006 0.0193527117
v -0.00148240651 -0.000683614286 0.0194151513
v -0.00109072914 -0.000542002439 0.0193198789
v -0.00144192367 -0.00049678568 0.0192940962
v -0.00114896498 -0.000759560615 0.0192597173
v -0.000936044264 -0.000759096409 0.0190624911
v -0.000756171765 -0.000731838751 0.018970225
v -0.000937324599 -0.000732352433 0.0189689528
v -0.000757401111 -0.000688703789 0.0188858584
v -0.00101438083 -0.000819330337 0.019048918
v -0.000938554236 -0.000689217413 0.0188828465
v -0.000758536917 -0.000630836235 0.0188120138
v -0.00101583044 -0.00078904524 0.0189415589
v -0.000939687889 -0.000631349743 0.0188074782
v -0.000759529299 -0.00056045939 0.01875153
v -0.00101722404 -0.00074019935 0.0188427288
v -0.000940683298 -0.00056097284 0.0187457446
v -0.000760345021 -0.000480278395 0.0187067315
v -0.00101850845 -0.000674669864 0.0187562238
v -0.00094149902 -0.000480791874 0.0187000223
v -0.000760952069 -0.000393373659 0.0186793376
v -0.00101963349 -0.000594974903 0.0186853707
v -0.000942104904 -0.00039388705 0.0186720639
v -0.000761324598 -0.000303084933 0.0186704025
v -0.00102055678 -0.000504174503 0.0186328888
v -0.00115413871 -0.000721541175 0.0188639648
v -0.00115494616 -0.00063079549 0.0188138057
v -0.00115576433 -0.000560061599 0.018752614
v -0.00148774707 -0.000676605268 0.0188911725
v -0.00108992797 -0.000516873144 0.0189711004
v -0.00145267881 -0.000490090693 0.0190131199
v -0.00115273998 -0.000731986016 0.0189738683
v -0.00148774707 -0.000676605268 0.0188911725
v -0.00145267881 -0.000490090693 0.0190131199
v -0.0010941776 -0.000540909881 0.01900726
v -0.00115146919 -0.00075868814 0.0190665852
v -0.00115006964 -0.000807999633 0.0191637836
v -0.00148534693 -0.000757494417 0.0191528015
v -0.00109417434 -0.000575208745 0.0191350561
v -0.00145203224 -0.000536316715 0.0191528909
v -0.00148534693 -0.000757494417 0.0191528015
v -0.00145203224 -0.000536316715 0.0191528909
v -0.00109026337 -0.000576771621 0.0191913713
v -0.000748830847 -0.000217280307 0.0196399931
v -0.000748331368 -0.000397770578 0.019639058
v -0.000748457445 -0.000307568524 0.0196489282
v -0.000749435858 -0.000130375818 0.019612601
v -0.000748457445 -0.000484420278 0.01961077
v -0.000750251231 -5.01943105E-05 0.0195677988
v -0.000748829683 -0.000564187358 0.0195651427
v -0.000749435858 -0.000634006574 0.0195039362
v -0.000751247222 2.01825333E-05 0.019507315
v -0.000750253617 -0.00069119496 0.0194294956
v -0.000752380933 7.80496994E-05 0.0194334723
v -0.000753611152 0.000121184392 0.0193491057
v -0.000751247222 -0.00073355448 0.0193446893
v -0.000754891487 0.000147928615 0.0192574598
v -0.000752380933 -0.000759457354 0.0192527715
v -0.000753611152 -0.000767908699 0.0191572756
v -0.000756170601 0.000157254297 0.0191620551
v -0.000754891487 -0.000758582959 0.0190618709
v -0.000757401111 0.000148803389 0.0190665592
v -0.000758535694 0.000122900252 0.0189746413
v -0.000756171765 -0.000731838751 0.018970225
v -0.000759529299 8.05407253E-05 0.0188898332
v -0.000757401111 -0.000688703789 0.0188858584
v -0.000758536917 -0.000630836235 0.0188120138
v -0.000760345021 2.33525316E-05 0.0188153945
v -0.000759529299 -0.00056045939 0.01875153
v -0.000760950905 -4.64665609E-05 0.018754188
v -0.000761325762 -0.000126233441 0.0187085606
v -0.000760345021 -0.000480278395 0.0187067315
v -0.000761451549 -0.000212883169 0.0186802708
v -0.000760952069 -0.000393373659 0.0186793376
v -0.000761324598 -0.000303084933 0.0186704025
v -0.00109026337 -0.000576771621 0.0191913713
v -0.00145203224 -0.000536316715 0.0191528909
v -0.00111579872 -0.000587015529 0.0191645008
v -0.00100980618 -0.000590664044 0.0191612225
v -0.00103930011 -0.000590380689 0.0192318242
v -0.00109072914 -0.000542002439 0.0193198789
v -0.00109417434 -0.000575208745 0.0191350561
v -0.00145203224 -0.000536316715 0.0191528909
v -0.00104101887 -0.000589690579 0.0190924145
v -0.0010941776 -0.000540909881 0.01900726
v -0.00103405642 -0.000571159704 0.0193064846
v -0.00109846727 -0.000533534214 0.0193552002
v -0.00144192367 -0.00049678568 0.0192940962
v -0.00100244465 -0.00056222768 0.0192225091
v -0.00100322673 -0.000546588039 0.0192807559
v -0.00102516904 -0.000555691426 0.019339582
v -0.00100494327 -0.000521367823 0.0193338189
v -0.00107989786 -0.000520692964 0.0193575565
v -0.00144192367 -0.00049678568 0.0192940962
v -0.00103812409 -0.000500801892 0.0194054767
v -0.00108018867 -0.000421715085 0.019447986
v -0.00100727531 -0.000487982208 0.0193795785
v -0.00094421237 -0.000516866159 0.0193229038
v -0.000943528081 -0.000485183846 0.0193668902
v -0.000945091248 -0.000540623267 0.0192725994
v -0.00094308448 -0.000446861377 0.0194029976
v -0.0009461093 -0.000555431587 0.0192178413
v -0.00100983155 -0.000448141305 0.0194164515
v -0.000942916027 -0.000403341372 0.0194299929
v -0.00100270926 -0.000567353156 0.019161649
v -0.000947014953 -0.000560325221 0.0191607736
v -0.000947588531 -0.000554818893 0.0191037767
v -0.0010039896 -0.00056165969 0.0191008728
v -0.000948005472 -0.000539461907 0.0190492403
v -0.00100624003 -0.000545482908 0.0190428849
v -0.000948441622 -0.000515228952 0.018999286
v -0.00103292381 -0.000450743217 0.0194515623
v -0.00103767728 -0.000569888041 0.0190181378
v -0.00100927951 -0.000519794121 0.0189902354
v -0.000948911882 -0.000483168347 0.0189557504
v -0.00110631133 -0.000532723963 0.0189749207
v -0.00145267881 -0.000490090693 0.0190131199
v -0.00101274368 -0.000486034638 0.0189450048
v -0.00094942376 -0.000444571342 0.0189201646
v -0.00102916698 -0.000553251361 0.0189841706
v -0.00101618993 -0.000445925252 0.0189087316
v -0.000949958398 -0.000400894118 0.0188937448
v -0.00108992797 -0.000516873144 0.0189711004
v -0.00145267881 -0.000490090693 0.0190131199
v -0.00104303902 -0.000498358451 0.0189204719
v -0.00108946196 -0.000418638607 0.0188825876
v -0.00104020501 -0.000448845763 0.0188755151
v -0.00101915654 -0.000401254278 0.0188824087
v -0.00109982979 -0.000399147626 0.0188663397
v -0.00144883525 -0.000379321224 0.0189278778
v -0.00102876127 -0.000427668914 0.018863203
v -0.00108546752 -0.000391876092 0.0188724641
v -0.00144883525 -0.000379321224 0.0189278778
v -0.00102123944 -0.000353709707 0.0188665725
v -0.00104567152 -0.000354478805 0.018843906
v -0.00104614999 -0.000304355985 0.0188390575
v -0.00108423375 -0.000262518326 0.0188585334
v -0.00102208683 -0.000304743589 0.0188614596
v -0.000950514805 -0.00035369175 0.0188773628
v -0.00103170343 -0.000230428472 0.0188430212
v -0.00095089071 -0.000304648798 0.0188718997
v -0.000950906717 -0.000255569466 0.0188776776
v -0.00102162559 -0.000255546474 0.018867122
v -0.000950753805 -0.000208223719 0.0188941974
v -0.00094942376 -0.000444571342 0.0189201646
v -0.000950579706 -0.000164244993 0.0189206898
v -0.000950308633 -0.000125276885 0.018956447
v -0.000948911882 -0.000483168347 0.0189557504
v -0.000949899957 -9.29934613E-05 0.0190003812
v -0.000948441622 -0.000515228952 0.018999286
v -0.000948005472 -0.000539461907 0.0190492403
v -0.000949338195 -6.89651351E-05 0.0190509427
v -0.000947588531 -0.000554818893 0.0191037767
v -0.000948626315 -5.44691538E-05 0.0191060957
v -0.000948493311 -4.9219354E-05 0.0191636384
v -0.000947014953 -0.000560325221 0.0191607736
v -0.000947691035 -5.49816432E-05 0.0192209259
v -0.0009461093 -0.000555431587 0.0192178413
v -0.000945091248 -0.000540623267 0.0192725994
v -0.000946866698 -7.07841391E-05 0.019275602
v -0.00094421237 -0.000516866159 0.0193229038
v -0.000945843291 -9.5620162E-05 0.0193255115
v -0.000944663247 -0.000128269647 0.0193688553
v -0.000943528081 -0.000485183846 0.0193668902
v -0.000943810446 -0.000167067046 0.019404389
v -0.00094308448 -0.000446861377 0.0194029976
v -0.000943405437 -0.000210725731 0.0194309596
v -0.000943028659 -0.000356183824 0.0194469485
v -0.00101217313 -0.000403630489 0.0194434002
v -0.00102251919 -0.0004318016 0.0194629412
v -0.00101391191 -0.000356149074 0.0194598529
v -0.00108683365 -0.000402547739 0.0194646008
v -0.00142890587 -0.000392387738 0.0193820037
v -0.00107229978 -0.00039890199 0.0194589924
v -0.00142890587 -0.000392387738 0.0193820037
v -0.00103844411 -0.000357223529 0.0194840245
v -0.00107202388 -0.000269417971 0.0194737427
v -0.000943221792 -0.000307089911 0.0194529556
v -0.00101467478 -0.000307289505 0.0194655396
v -0.000943281106 -0.000257965265 0.0194474682
v -0.00101421133 -0.000258465763 0.0194603968
v -0.00103853724 -0.000307487615 0.0194889773
v -0.00102351641 -0.000232796679 0.0194849912
v -0.00101267349 -0.000211013321 0.0194444787
v -0.00108465867 -0.000267191208 0.0194808803
v -0.00142755639 -0.000261153822 0.0193955153
v -0.00103098073 -0.000216458808 0.0194777343
v -0.00101036718 -0.000166465004 0.0194179844
v -0.000943810446 -0.000167067046 0.019404389
v -0.00107820064 -0.000247994525 0.0194708593
v -0.00142755639 -0.000261153822 0.0193955153
v -0.00103818206 -0.000159581541 0.0194445997
v -0.00107846991 -0.000126600717 0.0194005538
v -0.00100805098 -0.000126285377 0.0193813872
v -0.000944663247 -0.000128269647 0.0193688553
v -0.00102640525 -9.21817773E-05 0.0193922296
v -0.00100651162 -9.19512458E-05 0.0193356331
v -0.000945843291 -9.5620162E-05 0.0193255115
v -0.00110172608 -0.000115172668 0.0194017757
v -0.00144550111 -0.000131836525 0.0193304382
v -0.00103600754 -7.3210831E-05 0.0193687845
v -0.00100615516 -6.53522293E-05 0.0192825515
v -0.000946866698 -7.07841391E-05 0.019275602
v -0.00109531684 -0.000102461483 0.0193730406
v -0.00144550111 -0.000131836525 0.0193304382
v -0.00104227697 -3.79662779E-05 0.0192987286
v -0.00111192581 -6.03807057E-05 0.0192808285
v -0.00100656494 -4.83139702E-05 0.0192243122
v -0.000947691035 -5.49816432E-05 0.0192209259
v -0.00104515802 -1.63483055E-05 0.0192325711
v -0.00104144099 -5.8987921E-06 0.0191512946
v -0.00100698206 -4.21257137E-05 0.0191636104
v -0.000948493311 -4.9219354E-05 0.0191636384
v -0.000948626315 -5.44691538E-05 0.0191060957
v -0.00111648405 -4.09752502E-05 0.0192185417
v -0.00150155858 -2.65034287E-05 0.0192351248
v -0.00110836513 -2.43952309E-05 0.0191184711
v -0.00100903213 -4.65873345E-05 0.0191031396
v -0.000949338195 -6.89651351E-05 0.0190509427
v -0.00112850533 -2.09071113E-05 0.0190883148
v -0.00148150558 -4.30358923E-05 0.0191043746
v -0.00101114006 -6.20744468E-05 0.0190454088
v -0.000949899957 -9.29934613E-05 0.0190003812
v -0.00104141678 -4.42445253E-06 0.0191172138
v -0.0010134445 -8.75151163E-05 0.0189927071
v -0.000950308633 -0.000125276885 0.018956447
v -0.0011078252 -3.4042343E-05 0.019084258
v -0.00148150558 -4.30358923E-05 0.0191043746
v -0.00105094956 -3.27132839E-05 0.0190292336
v -0.00110837643 -9.51689726E-05 0.0189567786
v -0.00101586001 -0.000121448073 0.0189471617
v -0.000950579706 -0.000164244993 0.0189206898
v -0.00104552764 -6.62459206E-05 0.0189597607
v -0.00101818447 -0.000162072145 0.0189104006
v -0.000950753805 -0.000208223719 0.0188941974
v -0.00111966592 -0.000105537853 0.0189324822
v -0.00147196022 -0.000111672562 0.0189811792
v -0.00103651767 -8.50466604E-05 0.0189367365
v -0.00102020439 -0.000207411009 0.018883517
v -0.00109396386 -0.000116680581 0.018934112
v -0.00147196022 -0.000111672562 0.0189811792
v -0.00104790367 -0.000151575019 0.0188847575
v -0.00109499064 -0.000237591274 0.0188638866
v -0.00104124541 -0.000209181526 0.0188504457
v -0.00110250153 -0.000257191103 0.0188518055
v -0.00145418546 -0.000240625901 0.0189162884
v -0.00145418546 -0.000240625901 0.0189162884
v -0.00114783237 -0.000733716006 0.0193527117
v -0.00114896498 -0.000759560615 0.0192597173
v -0.00109026337 -0.000576771621 0.0191913713
v -0.00109072914 -0.000542002439 0.0193198789
v -0.00149498892 5.59169785E-05 0.0188232195
v -0.00110837643 -9.51689726E-05 0.0189567786
v -0.00147196022 -0.000111672562 0.0189811792
v -0.0011577236 6.72985843E-05 0.0187861267
v -0.00115728914 -3.78524674E-05 0.0187553018
v -0.00149498892 5.59169785E-05 0.0188232195
v -0.00147196022 -0.000111672562 0.0189811792
v -0.00109396386 -0.000116680581 0.018934112
v -0.00102124352 -9.66845982E-06 0.0186884832
v -0.00115726481 -0.000119485827 0.0187091436
v -0.00102154445 -0.000101144178 0.0186350327
v -0.000942565326 -0.000213085848 0.0186730158
v -0.000942463696 -0.000303516688 0.0186629426
v -0.00102166692 -0.000200235751 0.0186018925
v -0.00115769345 -0.000196509995 0.01863686
v -0.00149086327 -0.00019041491 0.0186929423
v -0.00109499064 -0.000237591274 0.0188638866
v -0.00145418546 -0.000240625901 0.0189162884
v -0.00102120871 -0.000405636965 0.0186008029
v -0.00115702196 -0.000299776293 0.0186705384
v -0.00149086327 -0.00019041491 0.0186929423
v -0.00145418546 -0.000240625901 0.0189162884
v -0.00108423375 -0.000262518326 0.0188585334
v -0.00102157157 -0.000303052686 0.0185903329
v -0.00115676923 -0.000391372538 0.0186795779
v -0.00115680858 -0.000492718827 0.0186660904
v -0.00148899481 -0.000465048099 0.018718468
v -0.00108546752 -0.000391876092 0.0188724641
v -0.00144883525 -0.000379321224 0.0189278778
v -0.00148899481 -0.000465048099 0.018718468
v -0.00144883525 -0.000379321224 0.0189278778
v -0.00108946196 -0.000418638607 0.0188825876
v -0.00115691544 9.20828898E-05 0.0188925341
v -0.00115632953 0.000135025854 0.018978335
v -0.0011078252 -3.4042343E-05 0.019084258
v -0.00110837643 -9.51689726E-05 0.0189567786
v -0.00115146919 -0.00075868814 0.0190665852
v -0.00115273998 -0.000731986016 0.0189738683
v -0.0010941776 -0.000540909881 0.01900726
v -0.00109417434 -0.000575208745 0.0191350561
v -0.00115494616 -0.00063079549 0.0188138057
v -0.00115576433 -0.000560061599 0.018752614
v -0.00108946196 -0.000418638607 0.0188825876
v -0.00108992797 -0.000516873144 0.0189711004
v -0.00114502036 -0.000309730851 0.0196605083
v -0.00114492385 -0.00039949498 0.0196505245
v -0.00107229978 -0.00039890199 0.0194589924
v -0.00107202388 -0.000269417971 0.0194737427
v -0.00115676923 -0.000391372538 0.0186795779
v -0.00115702196 -0.000299776293 0.0186705384
v -0.00108423375 -0.000262518326 0.0188585334
v -0.00108546752 -0.000391876092 0.0188724641
v -0.00115254917 0.000156004506 0.0192644633
v -0.00149160903 0.000163962352 0.0192953236
v -0.00150155858 -2.65034287E-05 0.0192351248
v -0.00111648405 -4.09752502E-05 0.0192185417
v -0.00114542164 -0.000564976712 0.0195757449
v -0.00114602654 -0.000634488475 0.0195138212
v -0.00107989786 -0.000520692964 0.0193575565
v -0.00108018867 -0.000421715085 0.019447986
v -0.00115726481 -0.000119485827 0.0187091436
v -0.00115728914 -3.78524674E-05 0.0187553018
v -0.00109396386 -0.000116680581 0.018934112
v -0.00109499064 -0.000237591274 0.0188638866
vt 0.341558635 0.803265452
vt 0.359317094 0.802312136
vt 0.359796911 0.768585026
vt 0.334125876 0.770347834
vt 0.327860683 0.806360126
vt 0.360158294 0.750828803
vt 0.31362769 0.7756567
vt 0.330026001 0.742966831
vt 0.360062271 0.733417749
vt 0.305845976 0.748951912
vt 0.329951644 0.731358469
vt 0.35996756 0.716247261
vt 0.305771619 0.737343609
vt 0.3298783 0.719903946
vt 0.305698276 0.725889027
vt 0.359761685 0.687527835
vt 0.329396725 0.686762333
vt 0.313235074 0.690119743
vt 0.332993358 0.659629941
vt 0.360158294 0.660247386
vt 0.305698276 0.647849381
vt 0.298325598 0.646540761
vt 0.297626525 0.666056752
vt 0.303312927 0.666814446
vt 0.295060843 0.685167551
vt 0.301488876 0.678019345
vt 0.295639724 0.726113617
vt 0.305698276 0.726492107
vt 0.381299883 0.688423693
vt 0.381299883 0.663848877
vt 0.371038109 0.659629941
vt 0.369926304 0.679864347
vt 0.454177946 0.748647511
vt 0.47959885 0.754154921
vt 0.483841807 0.729086816
vt 0.46634236 0.725408316
vt 0.486329228 0.697551608
vt 0.482784003 0.696270466
vt 0.452880949 0.715088248
vt 0.474145502 0.692623973
vt 0.434044689 0.733203053
vt 0.424199611 0.739064097
vt 0.447236806 0.754848242
vt 0.443764418 0.699692667
vt 0.470859379 0.6872136
vt 0.440390497 0.68156594
vt 0.469593853 0.680844426
vt 0.443511933 0.663479269
vt 0.470836729 0.674500346
vt 0.452355176 0.648171723
vt 0.474112302 0.669133365
vt 0.46557501 0.637973785
vt 0.482782811 0.665580571
vt 0.486329228 0.664333165
vt 0.48296532 0.634446084
vt 0.32119602 0.611256361
vt 0.305698276 0.630864263
vt 0.319189608 0.644457698
vt 0.337495327 0.632208049
vt 0.347797185 0.659629941
vt 0.359432787 0.650835395
vt 0.347063601 0.595688283
vt 0.360277683 0.618480563
vt 0.374438554 0.641236603
vt 0.384649545 0.605836332
vt 0.391058892 0.633480012
vt 0.375028461 0.58074975
vt 0.406103402 0.5952456
vt 0.406103402 0.627267838
vt 0.400125057 0.568617821
vt 0.393862814 0.557829797
vt 0.368766278 0.569961727
vt 0.338650823 0.577196717
vt 0.38768366 0.547184885
vt 0.362587124 0.559316874
vt 0.330634683 0.559059381
vt 0.379017621 0.512975991
vt 0.36102733 0.520928919
vt 0.324667066 0.518549562
vt 0.339327902 0.510018885
vt 0.356250197 0.497484148
vt 0.357723743 0.487523198
vt 0.395450264 0.508411407
vt 0.402194828 0.480352223
vt 0.452208012 0.480352223
vt 0.483501941 0.509668291
vt 0.473837405 0.48236239
vt 0.455327004 0.513829708
vt 0.487280041 0.53575474
vt 0.454279751 0.544724882
vt 0.425603658 0.514697254
vt 0.486232489 0.553809285
vt 0.419352561 0.542331636
vt 0.451756448 0.557958961
vt 0.485198826 0.571624577
vt 0.41803959 0.555417418
vt 0.449266642 0.571017623
vt 0.480120689 0.604303002
vt 0.416744024 0.568329811
vt 0.448079199 0.604246497
vt 0.487280041 0.627554834
vt 0.423688561 0.604152977
vt 0.457609266 0.627691686
vt 0.406103402 0.634446025
vt 0.225912452 0.652644455
vt 0.255618393 0.668156207
vt 0.254263073 0.646540761
vt 0.226433069 0.668955266
vt 0.190674394 0.669733644
vt 0.255618393 0.701377094
vt 0.200671196 0.681359947
vt 0.236416966 0.702735901
vt 0.252595454 0.738174081
vt 0.219344527 0.710912585
vt 0.184469879 0.702144682
vt 0.205802113 0.724430263
vt 0.247983992 0.73857224
vt 0.237966418 0.740702033
vt 0.240428299 0.769582331
vt 0.244573206 0.771548033
vt 0.232937455 0.745353341
vt 0.197657019 0.741134524
vt 0.216373235 0.787806392
vt 0.232210189 0.798046768
vt 0.232091546 0.764274955
vt 0.202209264 0.775264978
vt 0.229753017 0.758084476
vt 0.196622878 0.75917387
vt 0.229878426 0.751214147
vt 0.29319939 0.607649863
vt 0.290838271 0.646540761
vt 0.305698276 0.631799757
vt 0.274081349 0.629731238
vt 0.269686192 0.5874421
vt 0.253031164 0.611492455
vt 0.247044742 0.646364272
vt 0.232970715 0.633505285
vt 0.229399532 0.594189942
vt 0.216559142 0.622363746
vt 0.244496942 0.569429874
vt 0.207341582 0.579448819
vt 0.201132149 0.613139689
vt 0.184469879 0.570306122
vt 0.186860621 0.614380181
vt 0.218775421 0.551861227
vt 0.226958185 0.541735888
vt 0.252750814 0.559442639
vt 0.281565994 0.571377516
vt 0.235032588 0.531744659
vt 0.260895342 0.549587548
vt 0.289027154 0.562034726
vt 0.248638928 0.49979347
vt 0.265788257 0.516171932
vt 0.277599365 0.480352223
vt 0.305698276 0.516419172
vt 0.277882516 0.490393519
vt 0.292444676 0.505194128
vt 0.477638632 0.760490596
vt 0.450869948 0.765670717
vt 0.477927357 0.776417077
vt 0.447236806 0.754848242
vt 0.420722693 0.740143597
vt 0.424199611 0.739064097
vt 0.416438013 0.715955734
vt 0.411980361 0.715116799
vt 0.406103402 0.683211505
vt 0.413492471 0.685451686
vt 0.290564537 0.658148348
vt 0.279603243 0.646540761
vt 0.275688797 0.669345021
vt 0.285782158 0.669339716
vt 0.275400609 0.703148484
vt 0.282338858 0.702491164
vt 0.283394337 0.738785207
vt 0.290564448 0.735165834
vt 0.527900577 0.641187012
vt 0.522377968 0.634446025
vt 0.496916801 0.664031148
vt 0.509202123 0.671261966
vt 0.486329228 0.699200928
vt 0.501604795 0.706450522
vt 0.486856669 0.727720261
vt 0.49352625 0.725604117
vt 0.494366676 0.744047821
vt 0.502490878 0.741784811
vt 0.501777172 0.760159016
vt 0.511332393 0.757741451
vt 0.521578193 0.78674823
vt 0.527900577 0.784156799
vt 0.521435976 0.812668502
vt 0.514650822 0.815699756
vt 0.369926244 0.659629941
vt 0.362586588 0.660531938
vt 0.361397415 0.680729568
vt 0.368892998 0.680157602
vt 0.369926244 0.696976662
vt 0.360158354 0.697917104
vt 0.388807684 0.659629941
vt 0.382637352 0.660169303
vt 0.381299883 0.670001149
vt 0.388807684 0.6693874
vt 0.263130665 0.675888598
vt 0.271414667 0.729927719
vt 0.275400579 0.725343883
vt 0.255618393 0.67389071
vt 0.275400579 0.651208222
vt 0.269556552 0.646540761
vt 0.148714393 0.296821415
vt 0.156370893 0.299262732
vt 0.15135476 0.311602712
vt 0.213299006 0.315514535
vt 0.160689771 0.320526183
vt 0.178934485 0.35445711
vt 0.182145074 0.361333728
vt 0.226277053 0.352385491
vt 0.246881321 0.310863167
vt 0.20178321 0.401006937
vt 0.214887157 0.418270439
vt 0.243536264 0.415152341
vt 0.278244346 0.306072056
vt 0.279479474 0.407446623
vt 0.307222635 0.352300853
vt 0.325412959 0.400690198
vt 0.328985214 0.309986085
vt 0.367770731 0.370438963
vt 0.387829125 0.4038046
vt 0.374292135 0.33602345
vt 0.37142548 0.31634602
vt 0.368551672 0.301877677
vt 0.384231269 0.358805835
vt 0.406754047 0.396165222
vt 0.430228919 0.386597186
vt 0.428242207 0.418399483
vt 0.400075674 0.421095163
vt 0.373501927 0.448634028
vt 0.358453393 0.445597768
vt 0.339863807 0.441781044
vt 0.317474216 0.484134108
vt 0.364309341 0.485650033
vt 0.307425946 0.452123791
vt 0.326826483 0.51450479
vt 0.281750232 0.461269647
vt 0.26633805 0.509813726
vt 0.252956867 0.462390184
vt 0.310714066 0.524313748
vt 0.262526363 0.535964549
vt 0.24756746 0.538081229
vt 0.233329058 0.532407403
vt 0.227508754 0.525109053
vt 0.220569804 0.507875323
vt 0.218198478 0.474050403
vt 0.148714393 0.296821415
vt 0.15135476 0.311602712
vt 0.156370893 0.299262732
vt 0.213299006 0.315514535
vt 0.160689771 0.320526183
vt 0.178934485 0.35445711
vt 0.182145074 0.361333728
vt 0.226277053 0.352385491
vt 0.246881321 0.310863167
vt 0.20178321 0.401006937
vt 0.278244346 0.306072056
vt 0.214887157 0.418270439
vt 0.243536264 0.415152341
vt 0.231867254 0.419644594
vt 0.279479474 0.407446623
vt 0.307222635 0.352300853
vt 0.325412959 0.400690198
vt 0.328985214 0.309986085
vt 0.367770731 0.370438963
vt 0.387829125 0.4038046
vt 0.374292135 0.33602345
vt 0.37142548 0.31634602
vt 0.368551672 0.301877677
vt 0.384231269 0.358805835
vt 0.406754047 0.396165222
vt 0.430228919 0.386597186
vt 0.428242207 0.418399483
vt 0.400075674 0.421095163
vt 0.373501927 0.448634028
vt 0.358453393 0.445597768
vt 0.339863807 0.441781044
vt 0.317474216 0.484134108
vt 0.364309341 0.485650033
vt 0.307425946 0.452123791
vt 0.326826483 0.51450479
vt 0.281750232 0.461269647
vt 0.26633805 0.509813726
vt 0.252956867 0.462390184
vt 0.310714066 0.524313748
vt 0.262526363 0.535964549
vt 0.24756746 0.538081229
vt 0.233329058 0.532407403
vt 0.227508754 0.525109053
vt 0.220569804 0.507875323
vt 0.218198478 0.474050403
vt 0.341558635 0.803265452
vt 0.359796911 0.768585026
vt 0.359317094 0.802312136
vt 0.334125876 0.770347834
vt 0.327860683 0.806360126
vt 0.360158294 0.750828803
vt 0.31362769 0.7756567
vt 0.330026001 0.742966831
vt 0.360062271 0.733417749
vt 0.305845976 0.748951912
vt 0.329951644 0.731358469
vt 0.35996756 0.716247261
vt 0.305771619 0.737343609
vt 0.3298783 0.719903946
vt 0.305698276 0.725889027
vt 0.359761685 0.687527835
vt 0.329396725 0.686762333
vt 0.313235074 0.690119743
vt 0.332993358 0.659629941
vt 0.360158294 0.660247386
vt 0.305698276 0.647849381
vt 0.297626525 0.666056752
vt 0.298325598 0.646540761
vt 0.303312927 0.666814446
vt 0.295060843 0.685167551
vt 0.301488876 0.678019345
vt 0.295639724 0.726113617
vt 0.305698276 0.726492107
vt 0.381299883 0.688423693
vt 0.369926304 0.679864347
vt 0.371038109 0.659629941
vt 0.381299883 0.663848877
vt 0.454177946 0.748647511
vt 0.483841807 0.729086816
vt 0.47959885 0.754154921
vt 0.46634236 0.725408316
vt 0.486329228 0.697551608
vt 0.482784003 0.696270466
vt 0.452880949 0.715088248
vt 0.474145502 0.692623973
vt 0.434044689 0.733203053
vt 0.424199611 0.739064097
vt 0.447236806 0.754848242
vt 0.443764418 0.699692667
vt 0.470859379 0.6872136
vt 0.440390497 0.68156594
vt 0.469593853 0.680844426
vt 0.443511933 0.663479269
vt 0.470836729 0.674500346
vt 0.452355176 0.648171723
vt 0.474112302 0.669133365
vt 0.46557501 0.637973785
vt 0.482782811 0.665580571
vt 0.486329228 0.664333165
vt 0.48296532 0.634446084
vt 0.32119602 0.611256361
vt 0.319189608 0.644457698
vt 0.305698276 0.630864263
vt 0.337495327 0.632208049
vt 0.347797185 0.659629941
vt 0.359432787 0.650835395
vt 0.347063601 0.595688283
vt 0.360277683 0.618480563
vt 0.374438554 0.641236603
vt 0.384649545 0.605836332
vt 0.391058892 0.633480012
vt 0.375028461 0.58074975
vt 0.406103402 0.5952456
vt 0.406103402 0.627267838
vt 0.400125057 0.568617821
vt 0.393862814 0.557829797
vt 0.368766278 0.569961727
vt 0.338650823 0.577196717
vt 0.38768366 0.547184885
vt 0.362587124 0.559316874
vt 0.330634683 0.559059381
vt 0.379017621 0.512975991
vt 0.36102733 0.520928919
vt 0.324667066 0.518549562
vt 0.339327902 0.510018885
vt 0.356250197 0.497484148
vt 0.357723743 0.487523198
vt 0.395450264 0.508411407
vt 0.402194828 0.480352223
vt 0.452208012 0.480352223
vt 0.473837405 0.48236239
vt 0.483501941 0.509668291
vt 0.455327004 0.513829708
vt 0.487280041 0.53575474
vt 0.454279751 0.544724882
vt 0.425603658 0.514697254
vt 0.486232489 0.553809285
vt 0.419352561 0.542331636
vt 0.451756448 0.557958961
vt 0.485198826 0.571624577
vt 0.41803959 0.555417418
vt 0.449266642 0.571017623
vt 0.480120689 0.604303002
vt 0.416744024 0.568329811
vt 0.448079199 0.604246497
vt 0.487280041 0.627554834
vt 0.423688561 0.604152977
vt 0.457609266 0.627691686
vt 0.406103402 0.634446025
vt 0.225912452 0.652644455
vt 0.254263073 0.646540761
vt 0.255618393 0.668156207
vt 0.226433069 0.668955266
vt 0.190674394 0.669733644
vt 0.255618393 0.701377094
vt 0.200671196 0.681359947
vt 0.236416966 0.702735901
vt 0.252595454 0.738174081
vt 0.219344527 0.710912585
vt 0.184469879 0.702144682
vt 0.205802113 0.724430263
vt 0.247983992 0.73857224
vt 0.244573206 0.771548033
vt 0.237966418 0.740702033
vt 0.240428299 0.769582331
vt 0.216373235 0.787806392
vt 0.232210189 0.798046768
vt 0.232091546 0.764274955
vt 0.202209264 0.775264978
vt 0.229753017 0.758084476
vt 0.196622878 0.75917387
vt 0.232937455 0.745353341
vt 0.197657019 0.741134524
vt 0.229878426 0.751214147
vt 0.29319939 0.607649863
vt 0.305698276 0.631799757
vt 0.290838271 0.646540761
vt 0.274081349 0.629731238
vt 0.269686192 0.5874421
vt 0.253031164 0.611492455
vt 0.247044742 0.646364272
vt 0.232970715 0.633505285
vt 0.229399532 0.594189942
vt 0.216559142 0.622363746
vt 0.244496942 0.569429874
vt 0.207341582 0.579448819
vt 0.201132149 0.613139689
vt 0.184469879 0.570306122
vt 0.186860621 0.614380181
vt 0.218775421 0.551861227
vt 0.226958185 0.541735888
vt 0.252750814 0.559442639
vt 0.281565994 0.571377516
vt 0.235032588 0.531744659
vt 0.260895342 0.549587548
vt 0.289027154 0.562034726
vt 0.248638928 0.49979347
vt 0.265788257 0.516171932
vt 0.277599365 0.480352223
vt 0.305698276 0.516419172
vt 0.277882516 0.490393519
vt 0.292444676 0.505194128
vt 0.477638632 0.760490596
vt 0.477927357 0.776417077
vt 0.450869948 0.765670717
vt 0.447236806 0.754848242
vt 0.420722693 0.740143597
vt 0.424199611 0.739064097
vt 0.416438013 0.715955734
vt 0.411980361 0.715116799
vt 0.406103402 0.683211505
vt 0.413492471 0.685451686
vt 0.369926244 0.659629941
vt 0.361397415 0.680729568
vt 0.362586588 0.660531938
vt 0.368892998 0.680157602
vt 0.369926244 0.696976662
vt 0.360158354 0.697917104
vt 0.388807684 0.659629941
vt 0.388807684 0.6693874
vt 0.381299883 0.670001149
vt 0.382637352 0.660169303
vt 0.263130665 0.675888598
vt 0.275400579 0.725343883
vt 0.271414667 0.729927719
vt 0.255618393 0.67389071
vt 0.275400579 0.651208222
vt 0.269556552 0.646540761
vt 0.148714393 0.296821415
vt 0.15135476 0.311602712
vt 0.156370893 0.299262732
vt 0.213299006 0.315514535
vt 0.160689771 0.320526183
vt 0.178934485 0.35445711
vt 0.182145074 0.361333728
vt 0.226277053 0.352385491
vt 0.246881321 0.310863167
vt 0.20178321 0.401006937
vt 0.214887157 0.418270439
vt 0.243536264 0.415152341
vt 0.278244346 0.306072056
vt 0.279479474 0.407446623
vt 0.307222635 0.352300853
vt 0.325412959 0.400690198
vt 0.328985214 0.309986085
vt 0.367770731 0.370438963
vt 0.387829125 0.4038046
vt 0.374292135 0.33602345
vt 0.37142548 0.31634602
vt 0.368551672 0.301877677
vt 0.384231269 0.358805835
vt 0.406754047 0.396165222
vt 0.430228919 0.386597186
vt 0.428242207 0.418399483
vt 0.400075674 0.421095163
vt 0.373501927 0.448634028
vt 0.358453393 0.445597768
vt 0.339863807 0.441781044
vt 0.317474216 0.484134108
vt 0.364309341 0.485650033
vt 0.307425946 0.452123791
vt 0.326826483 0.51450479
vt 0.281750232 0.461269647
vt 0.26633805 0.509813726
vt 0.252956867 0.462390184
vt 0.310714066 0.524313748
vt 0.262526363 0.535964549
vt 0.24756746 0.538081229
vt 0.233329058 0.532407403
vt 0.227508754 0.525109053
vt 0.220569804 0.507875323
vt 0.218198478 0.474050403
vt 0.148714393 0.296821415
vt 0.156370893 0.299262732
vt 0.15135476 0.311602712
vt 0.213299006 0.315514535
vt 0.160689771 0.320526183
vt 0.178934485 0.35445711
vt 0.182145074 0.361333728
vt 0.226277053 0.352385491
vt 0.246881321 0.310863167
vt 0.20178321 0.401006937
vt 0.278244346 0.306072056
vt 0.214887157 0.418270439
vt 0.243536264 0.415152341
vt 0.231867254 0.419644594
vt 0.279479474 0.407446623
vt 0.307222635 0.352300853
vt 0.325412959 0.400690198
vt 0.328985214 0.309986085
vt 0.367770731 0.370438963
vt 0.387829125 0.4038046
vt 0.374292135 0.33602345
vt 0.37142548 0.31634602
vt 0.368551672 0.301877677
vt 0.384231269 0.358805835
vt 0.406754047 0.396165222
vt 0.430228919 0.386597186
vt 0.428242207 0.418399483
vt 0.400075674 0.421095163
vt 0.373501927 0.448634028
vt 0.358453393 0.445597768
vt 0.339863807 0.441781044
vt 0.317474216 0.484134108
vt 0.364309341 0.485650033
vt 0.307425946 0.452123791
vt 0.326826483 0.51450479
vt 0.281750232 0.461269647
vt 0.26633805 0.509813726
vt 0.252956867 0.462390184
vt 0.310714066 0.524313748
vt 0.262526363 0.535964549
vt 0.24756746 0.538081229
vt 0.233329058 0.532407403
vt 0.227508754 0.525109053
vt 0.220569804 0.507875323
vt 0.218198478 0.474050403
vt 0.231867254 0.419644594
vt 0.243399173 0.434931904
vt 0.2057423 0.442656308
vt 0.195830598 0.412822932
vt 0.170844421 0.36362499
vt 0.147205159 0.321810782
vt 0.143249094 0.298671573
vt 0.144779935 0.276838094
vt 0.153486907 0.295205921
vt 0.158743367 0.293426335
vt 0.211598903 0.299456388
vt 0.241881654 0.298468202
vt 0.279205799 0.291714847
vt 0.33581847 0.296941608
vt 0.390710562 0.285563707
vt 0.384559095 0.303761274
vt 0.388140798 0.3258169
vt 0.399052531 0.351345628
vt 0.444901913 0.37839663
vt 0.445744842 0.424767852
vt 0.386971176 0.453567505
vt 0.376850218 0.495267898
vt 0.333927602 0.527882934
vt 0.316041827 0.539326131
vt 0.281037807 0.550524533
vt 0.254347056 0.552845657
vt 0.24778381 0.554392695
vt 0.235840023 0.556539893
vt 0.20875755 0.560805619
vt 0.205640942 0.520400345
vt 0.190609589 0.479710549
vt 0.211240828 0.46027866
vt 0.171425983 0.449684858
vt 0.211240828 0.46027866
vt 0.171425983 0.449684858
vt 0.26699689 0.449601173
vt 0.26699689 0.449601173
vt 0.329099208 0.428734034
vt 0.329099208 0.428734034
vt 0.315741181 0.415387869
vt 0.284230173 0.426056594
vt 0.243399173 0.434931904
vt 0.171425983 0.449684858
vt 0.190609589 0.479710549
vt 0.211240828 0.46027866
vt 0.26699689 0.449601173
vt 0.329099208 0.428734034
vt 0.315741181 0.415387869
vt 0.329099208 0.428734034
vt 0.315741181 0.415387869
vt 0.284230173 0.426056594
vt 0.284230173 0.426056594
vt 0.243399173 0.434931904
vt 0.243399173 0.434931904
vt 0.2057423 0.442656308
vt 0.2057423 0.442656308
vt 0.195830598 0.412822932
vt 0.195830598 0.412822932
vt 0.170844421 0.36362499
vt 0.170844421 0.36362499
vt 0.147205159 0.321810782
vt 0.147205159 0.321810782
vt 0.143249094 0.298671573
vt 0.143249094 0.298671573
vt 0.144779935 0.276838094
vt 0.144779935 0.276838094
vt 0.153486907 0.295205921
vt 0.158743367 0.293426335
vt 0.211598903 0.299456388
vt 0.241881654 0.298468202
vt 0.279205799 0.291714847
vt 0.33581847 0.296941608
vt 0.390710562 0.285563707
vt 0.384559095 0.303761274
vt 0.388140798 0.3258169
vt 0.399052531 0.351345628
vt 0.444901913 0.37839663
vt 0.445744842 0.424767852
vt 0.386971176 0.453567505
vt 0.376850218 0.495267898
vt 0.333927602 0.527882934
vt 0.316041827 0.539326131
vt 0.281037807 0.550524533
vt 0.254347056 0.552845657
vt 0.24778381 0.554392695
vt 0.235840023 0.556539893
vt 0.20875755 0.560805619
vt 0.205640942 0.520400345
vt 0.20875755 0.560805619
vt 0.205640942 0.520400345
vt 0.190609589 0.479710549
vt 0.190609589 0.479710549
vt 0.171425983 0.449684858
vt 0.171425983 0.449684858
vt 0.33581847 0.296941608
vt 0.390710562 0.285563707
vt 0.390710562 0.285563707
vt 0.33581847 0.296941608
vt 0.279205799 0.291714847
vt 0.279205799 0.291714847
vt 0.241881654 0.298468202
vt 0.241881654 0.298468202
vt 0.211598903 0.299456388
vt 0.211598903 0.299456388
vt 0.158743367 0.293426335
vt 0.158743367 0.293426335
vt 0.144779935 0.276838094
vt 0.144779935 0.276838094
vt 0.235840023 0.556539893
vt 0.20875755 0.560805619
vt 0.20875755 0.560805619
vt 0.235840023 0.556539893
vt 0.24778381 0.554392695
vt 0.24778381 0.554392695
vt 0.281037807 0.550524533
vt 0.254347056 0.552845657
vt 0.254347056 0.552845657
vt 0.281037807 0.550524533
vt 0.316041827 0.539326131
vt 0.316041827 0.539326131
vt 0.333927602 0.527882934
vt 0.333927602 0.527882934
vt 0.376850218 0.495267898
vt 0.376850218 0.495267898
vt 0.386971176 0.453567505
vt 0.386971176 0.453567505
vt 0.445744842 0.424767852
vt 0.445744842 0.424767852
vt 0.444901913 0.37839663
vt 0.444901913 0.37839663
vt 0.399052531 0.351345628
vt 0.399052531 0.351345628
vt 0.388140798 0.3258169
vt 0.388140798 0.3258169
vt 0.384559095 0.303761274
vt 0.384559095 0.303761274
vt 0.390710562 0.285563707
vt 0.390710562 0.285563707
vt 0.231867254 0.419644594
vt 0.2057423 0.442656308
vt 0.243399173 0.434931904
vt 0.195830598 0.412822932
vt 0.170844421 0.36362499
vt 0.147205159 0.321810782
vt 0.143249094 0.298671573
vt 0.144779935 0.276838094
vt 0.153486907 0.295205921
vt 0.158743367 0.293426335
vt 0.211598903 0.299456388
vt 0.241881654 0.298468202
vt 0.279205799 0.291714847
vt 0.33581847 0.296941608
vt 0.390710562 0.285563707
vt 0.384559095 0.303761274
vt 0.388140798 0.3258169
vt 0.399052531 0.351345628
vt 0.444901913 0.37839663
vt 0.445744842 0.424767852
vt 0.386971176 0.453567505
vt 0.376850218 0.495267898
vt 0.333927602 0.527882934
vt 0.316041827 0.539326131
vt 0.281037807 0.550524533
vt 0.254347056 0.552845657
vt 0.24778381 0.554392695
vt 0.235840023 0.556539893
vt 0.20875755 0.560805619
vt 0.205640942 0.520400345
vt 0.190609589 0.479710549
vt 0.211240828 0.46027866
vt 0.171425983 0.449684858
vt 0.211240828 0.46027866
vt 0.171425983 0.449684858
vt 0.26699689 0.449601173
vt 0.26699689 0.449601173
vt 0.329099208 0.428734034
vt 0.329099208 0.428734034
vt 0.315741181 0.415387869
vt 0.284230173 0.426056594
vt 0.243399173 0.434931904
vt 0.171425983 0.449684858
vt 0.211240828 0.46027866
vt 0.190609589 0.479710549
vt 0.26699689 0.449601173
vt 0.329099208 0.428734034
vt 0.315741181 0.415387869
vt 0.329099208 0.428734034
vt 0.315741181 0.415387869
vt 0.284230173 0.426056594
vt 0.284230173 0.426056594
vt 0.243399173 0.434931904
vt 0.243399173 0.434931904
vt 0.2057423 0.442656308
vt 0.2057423 0.442656308
vt 0.195830598 0.412822932
vt 0.195830598 0.412822932
vt 0.170844421 0.36362499
vt 0.170844421 0.36362499
vt 0.147205159 0.321810782
vt 0.147205159 0.321810782
vt 0.143249094 0.298671573
vt 0.143249094 0.298671573
vt 0.144779935 0.276838094
vt 0.144779935 0.276838094
vt 0.153486907 0.295205921
vt 0.158743367 0.293426335
vt 0.211598903 0.299456388
vt 0.241881654 0.298468202
vt 0.279205799 0.291714847
vt 0.33581847 0.296941608
vt 0.390710562 0.285563707
vt 0.384559095 0.303761274
vt 0.388140798 0.3258169
vt 0.399052531 0.351345628
vt 0.444901913 0.37839663
vt 0.445744842 0.424767852
vt 0.386971176 0.453567505
vt 0.376850218 0.495267898
vt 0.333927602 0.527882934
vt 0.316041827 0.539326131
vt 0.281037807 0.550524533
vt 0.254347056 0.552845657
vt 0.24778381 0.554392695
vt 0.235840023 0.556539893
vt 0.20875755 0.560805619
vt 0.205640942 0.520400345
vt 0.20875755 0.560805619
vt 0.205640942 0.520400345
vt 0.190609589 0.479710549
vt 0.33581847 0.296941608
vt 0.390710562 0.285563707
vt 0.390710562 0.285563707
vt 0.33581847 0.296941608
vt 0.279205799 0.291714847
vt 0.279205799 0.291714847
vt 0.241881654 0.298468202
vt 0.241881654 0.298468202
vt 0.211598903 0.299456388
vt 0.211598903 0.299456388
vt 0.158743367 0.293426335
vt 0.158743367 0.293426335
vt 0.144779935 0.276838094
vt 0.144779935 0.276838094
vt 0.235840023 0.556539893
vt 0.20875755 0.560805619
vt 0.20875755 0.560805619
vt 0.235840023 0.556539893
vt 0.24778381 0.554392695
vt 0.24778381 0.554392695
vt 0.281037807 0.550524533
vt 0.254347056 0.552845657
vt 0.254347056 0.552845657
vt 0.281037807 0.550524533
vt 0.316041827 0.539326131
vt 0.316041827 0.539326131
vt 0.333927602 0.527882934
vt 0.333927602 0.527882934
vt 0.376850218 0.495267898
vt 0.376850218 0.495267898
vt 0.386971176 0.453567505
vt 0.386971176 0.453567505
vt 0.445744842 0.424767852
vt 0.445744842 0.424767852
vt 0.444901913 0.37839663
vt 0.444901913 0.37839663
vt 0.399052531 0.351345628
vt 0.399052531 0.351345628
vt 0.388140798 0.3258169
vt 0.388140798 0.3258169
vt 0.384559095 0.303761274
vt 0.384559095 0.303761274
vt 0.390710562 0.285563707
vt 0.390710562 0.285563707
vt 0.522589028 0.66823411
vt 0.521788418 0.676128149
vt 0.522589028 0.676134825
vt 0.522589028 0.677366376
vt 0.525236428 0.677366376
vt 0.524710715 0.66823411
vt 0.522589028 0.66823411
vt 0.522589028 0.676134825
vt 0.521788418 0.676128149
vt 0.522589028 0.677366376
vt 0.524710715 0.66823411
vt 0.525236428 0.677366376
vt 0.32755065 0.736508012
vt 0.308663428 0.651339531
vt 0.315184891 0.738179445
vt 0.29444626 0.652139664
vt 0.298691452 0.740258336
vt 0.300074399 0.627210498
vt 0.311711252 0.627192736
vt 0.303740233 0.574726939
vt 0.277681351 0.653506398
vt 0.280634671 0.74247551
vt 0.284543991 0.626698494
vt 0.290629447 0.572286248
vt 0.261579931 0.655972958
vt 0.26377964 0.744493723
vt 0.268398285 0.626985788
vt 0.24777168 0.658197522
vt 0.250656128 0.745960712
vt 0.253447294 0.6274122
vt 0.24181357 0.62748754
vt 0.246917546 0.565926194
vt 0.275204003 0.569453478
vt 0.259939849 0.567371488
vt 0.302895069 0.521694183
vt 0.312813133 0.527631402
vt 0.325187743 0.454029262
vt 0.264521718 0.499804139
vt 0.255337298 0.496221095
vt 0.276389599 0.441815794
vt 0.276751161 0.506206632
vt 0.29022342 0.514054656
vt 0.287591577 0.441945702
vt 0.284448504 0.416323632
vt 0.313815832 0.448733419
vt 0.300647199 0.444373667
vt 0.295521945 0.414069951
vt 0.284199208 0.395068914
vt 0.318874776 0.415727884
vt 0.327550739 0.419080883
vt 0.307609618 0.4139193
vt 0.302813411 0.38869229
vt 0.293412417 0.39070335
vt 0.266864657 0.377293259
vt 0.270046413 0.370684415
vt 0.611887932 0.441950649
vt 0.64572525 0.485627651
vt 0.62753737 0.433998078
vt 0.629758537 0.491777986
vt 0.645431399 0.505321681
vt 0.394311786 0.379957646
vt 0.389124453 0.46544233
vt 0.407737404 0.380695194
vt 0.37468648 0.46453914
vt 0.377307415 0.378278464
vt 0.380109996 0.492462963
vt 0.392242402 0.491126239
vt 0.384190619 0.54117775
vt 0.358006865 0.462780803
vt 0.359318584 0.375926167
vt 0.364639997 0.493035734
vt 0.370932639 0.542757034
vt 0.385367036 0.588915169
vt 0.341613501 0.460434824
vt 0.343073398 0.373260051
vt 0.348213494 0.492762357
vt 0.327997625 0.457888633
vt 0.331027687 0.370684415
vt 0.33332324 0.491693377
vt 0.355532885 0.544193387
vt 0.340308219 0.545533657
vt 0.327550799 0.546748042
vt 0.372957826 0.594093323
vt 0.347096771 0.605566621
vt 0.337468952 0.610317707
vt 0.357827723 0.658638716
vt 0.359532148 0.600071669
vt 0.395280391 0.650466561
vt 0.406568825 0.649631739
vt 0.398983151 0.681007743
vt 0.368677616 0.655147552
vt 0.381928265 0.652339458
vt 0.365243495 0.677529454
vt 0.358061045 0.678987861
vt 0.3589935 0.694420338
vt 0.38765651 0.678260446
vt 0.375624388 0.677118182
vt 0.365375757 0.695540547
vt 0.350721598 0.71207726
vt 0.353527278 0.717014074
vt 0.373777598 0.698206186
vt 0.356338501 0.723840237
vt 0.383231401 0.70231688
vt 0.358888328 0.731485009
vt 0.391274452 0.708232999
vt 0.407737404 0.684553027
vt 0.360646844 0.738776445
vt 0.396618158 0.714711666
vt 0.34159714 0.740947366
vt 0.545560956 0.392872125
vt 0.543593764 0.424630016
vt 0.555259407 0.399163991
vt 0.530710638 0.422087699
vt 0.53367734 0.48847723
vt 0.545263231 0.488358825
vt 0.542667031 0.531564355
vt 0.529097319 0.530133486
vt 0.545139849 0.571968913
vt 0.519816339 0.489388645
vt 0.534098923 0.388264358
vt 0.551931798 0.370684415
vt 0.560329378 0.378106713
vt 0.516818881 0.420642644
vt 0.52258718 0.385834187
vt 0.504126906 0.420180768
vt 0.512880266 0.385732412
vt 0.494772673 0.420704573
vt 0.493690729 0.492291659
vt 0.505738139 0.490864187
vt 0.513602078 0.531349599
vt 0.498443127 0.534829855
vt 0.485840142 0.539741516
vt 0.497485936 0.580795169
vt 0.529415965 0.571936965
vt 0.512740731 0.575069547
vt 0.541636348 0.591982841
vt 0.556803524 0.595068097
vt 0.560329378 0.661203384
vt 0.543917716 0.659486294
vt 0.524307311 0.592743874
vt 0.526841044 0.66195941
vt 0.507312357 0.597142458
vt 0.493073225 0.604409814
vt 0.511673689 0.66823411
vt 0.639570355 0.537326574
vt 0.63958472 0.505321681
vt 0.632828355 0.532831907
vt 0.633928001 0.555117965
vt 0.62757057 0.552599311
vt 0.62733829 0.573805451
vt 0.620950878 0.573357284
vt 0.62797451 0.587408423
vt 0.623279512 0.589335799
vt 0.647942662 0.627994061
vt 0.645607114 0.631032348
vt 0.655527532 0.645113945
vt 0.657406211 0.643349171
vt 0.651676416 0.62566793
vt 0.660226643 0.642106891
vt 0.634642482 0.587316632
vt 0.656220973 0.624432087
vt 0.663624525 0.641600728
vt 0.635551572 0.576642752
vt 0.660922766 0.624533892
vt 0.667136192 0.641924739
vt 0.642260075 0.588870168
vt 0.641457915 0.55960381
vt 0.66509831 0.625962257
vt 0.670299649 0.64305687
vt 0.649642289 0.591797948
vt 0.655451834 0.595726728
vt 0.644318819 0.581024766
vt 0.647394538 0.543332756
vt 0.645362079 0.515005708
vt 0.654360831 0.524978995
vt 0.65219748 0.586063266
vt 0.648766518 0.565053821
vt 0.65433085 0.549413085
vt 0.662541389 0.532644033
vt 0.657557368 0.591029763
vt 0.658677697 0.599922776
vt 0.654728651 0.570303142
vt 0.658250749 0.574480891
vt 0.659310699 0.554260373
vt 0.661989033 0.557032883
vt 0.668834805 0.535814047
vt 0.670299649 0.523928165
vt 0.66073221 0.517546475
vt 0.485840142 0.656523585
vt 0.470218301 0.645787716
vt 0.475150585 0.658744693
vt 0.45649606 0.650473595
vt 0.462779284 0.665202022
vt 0.453238666 0.629937291
vt 0.467210174 0.627681136
vt 0.480870366 0.645127058
vt 0.477356553 0.628299594
vt 0.463749409 0.577174306
vt 0.451190323 0.577489018
vt 0.449858218 0.515423536
vt 0.463779211 0.519212008
vt 0.46636039 0.469465137
vt 0.479270756 0.476927549
vt 0.479700744 0.446068972
vt 0.464713931 0.439420968
vt 0.485840142 0.375910342
vt 0.469660938 0.371005386
vt 0.450682044 0.464927793
vt 0.447913408 0.436851323
vt 0.452906996 0.370684415
vt 0.431753725 0.438822269
vt 0.434488893 0.46406287
vt 0.419931114 0.467036158
vt 0.434369743 0.514384031
vt 0.419611573 0.516110659
vt 0.407737374 0.520277739
vt 0.425957888 0.58301717
vt 0.437909067 0.579528272
vt 0.440272748 0.634342551
vt 0.430772096 0.639927745
vt 0.444994032 0.657593727
vt 0.437504053 0.665701866
vt 0.452878088 0.674082637
vt 0.479716599 0.672904372
vt 0.448252499 0.683388114
vt 0.473460436 0.680627823
vt 0.47081995 0.688859701
vt 0.589519978 0.566122293
vt 0.595743775 0.590002418
vt 0.594983459 0.565505087
vt 0.593107581 0.542114258
vt 0.599559784 0.544050455
vt 0.599023759 0.534592509
vt 0.603603661 0.538208723
vt 0.619543076 0.511036634
vt 0.620950818 0.514548063
vt 0.616433561 0.508051753
vt 0.592470288 0.532211542
vt 0.612086773 0.506029963
vt 0.585361242 0.541973233
vt 0.585044265 0.531774282
vt 0.607124984 0.505321681
vt 0.583247423 0.568032861
vt 0.591421247 0.592088103
vt 0.577742517 0.533566952
vt 0.60237515 0.50598979
vt 0.577332497 0.54399848
vt 0.569772184 0.547990322
vt 0.585852623 0.594724298
vt 0.609838486 0.638364553
vt 0.576606631 0.57101512
vt 0.602971673 0.64509213
vt 0.620950818 0.667502761
vt 0.61223948 0.675495982
vt 0.570197046 0.574866176
vt 0.563801706 0.552841961
vt 0.579283476 0.597831607
vt 0.594194949 0.650050044
vt 0.601389587 0.679870844
vt 0.564858675 0.579052866
vt 0.560329318 0.557698846
vt 0.572422743 0.601219535
vt 0.566407621 0.604461432
vt 0.584812522 0.652461767
vt 0.590072274 0.679863572
vt 0.5762766 0.65192616
vt 0.562682629 0.606913209
vt 0.569974542 0.648545861
vt 0.526442587 0.670946836
vt 0.534198463 0.684414268
vt 0.532796979 0.66823411
vt 0.526603222 0.686202884
vt 0.534198403 0.698608994
vt 0.525236428 0.699393749
vt 0.489952564 0.681415677
vt 0.486479342 0.697937965
vt 0.49226439 0.681381941
vt 0.489012718 0.698954701
vt 0.495038986 0.682111144
vt 0.500550508 0.67225492
vt 0.499305487 0.670069695
vt 0.510289252 0.670059443
vt 0.510571837 0.669218302
vt 0.491930664 0.700895548
vt 0.491968453 0.733617067
vt 0.487596095 0.73326695
vt 0.490623713 0.740107179
vt 0.485840142 0.742365122
vt 0.495348215 0.758613944
vt 0.490480542 0.763039351
vt 0.501756668 0.776221633
vt 0.496403337 0.782461047
vt 0.507581651 0.771725059
vt 0.50069499 0.756555676
vt 0.513233006 0.769922853
vt 0.506012738 0.757292032
vt 0.495921254 0.740319014
vt 0.501180887 0.74310112
vt 0.496587336 0.735758662
vt 0.494816959 0.703455091
vt 0.50080353 0.739446759
vt 0.497188807 0.706240296
vt 0.500137269 0.685221195
vt 0.497820556 0.683477879
vt 0.503677905 0.676992416
vt 0.50508219 0.678826451
vt 0.502084434 0.674687266
vt 0.510767877 0.672467709
vt 0.511285424 0.672824979
vt 0.510395885 0.67181778
vt 0.511870027 0.672833085
vt 0.512433112 0.672490478
vt 0.510227442 0.670972466
vt 0.512889504 0.671849489
vt 0.513170063 0.671008229
vt 0.511031806 0.668577313
vt 0.498532951 0.668471217
vt 0.513233006 0.67009449
vt 0.513068497 0.669247746
vt 0.511598289 0.66823411
vt 0.512184322 0.668241024
vt 0.512700856 0.668596268
vt 0.560329318 0.699179292
vt 0.552639842 0.710168362
vt 0.553152442 0.710372329
vt 0.558240771 0.699090958
vt 0.559808731 0.68070209
vt 0.552032232 0.709712625
vt 0.556607008 0.681364894
vt 0.560329378 0.66823411
vt 0.556060433 0.669242024
vt 0.555592775 0.698952675
vt 0.551422775 0.709074378
vt 0.552796543 0.698782802
vt 0.553211808 0.682674885
vt 0.551487505 0.670677662
vt 0.550139904 0.684463501
vt 0.547302663 0.672327995
vt 0.550271928 0.698608398
vt 0.550903976 0.708351254
vt 0.547870994 0.686474919
vt 0.636452556 0.78531599
vt 0.645984292 0.788742661
vt 0.646435142 0.78807044
vt 0.638092339 0.783029556
vt 0.646645069 0.787216544
vt 0.639474988 0.780748487
vt 0.631424785 0.765488148
vt 0.633685589 0.765146732
vt 0.630882978 0.744412065
vt 0.628944039 0.766527295
vt 0.628530502 0.745887756
vt 0.626506448 0.768202424
vt 0.634794533 0.787249565
vt 0.624406457 0.770300984
vt 0.625916481 0.748182535
vt 0.623259366 0.751093984
vt 0.620950878 0.754161716
vt 0.633090556 0.694650531
vt 0.636924684 0.694671035
vt 0.624764979 0.700922847
vt 0.62096405 0.706808448
vt 0.621057689 0.68843019
vt 0.625683844 0.682281375
vt 0.628805816 0.6968894
vt 0.631067991 0.6786201
vt 0.636597455 0.677868128
vt 0.641214013 0.680477262
vt 0.634960055 0.66118753
vt 0.628935993 0.663416862
vt 0.632698894 0.645920157
vt 0.640865207 0.662462711
vt 0.639896393 0.645114064
vt 0.646645069 0.648265719
vt 0.560337007 0.407111466
vt 0.578834474 0.380943626
vt 0.566843688 0.392842352
vt 0.5944767 0.373182863
vt 0.560329378 0.421560556
vt 0.611399591 0.370684415
vt 0.566855609 0.433887452
vt 0.578969777 0.442060679
vt 0.627043009 0.373794377
vt 0.594812095 0.444832742
vt 0.639043629 0.382020593
vt 0.611887932 0.441950649
vt 0.645595431 0.394100368
vt 0.62753737 0.433998078
vt 0.64572525 0.408188283
vt 0.639401674 0.422170401
vt 0.534198463 0.686368108
vt 0.536566913 0.686671853
vt 0.535434127 0.678651929
vt 0.537499607 0.678832531
vt 0.538964033 0.670511246
vt 0.539455891 0.687779903
vt 0.539622962 0.670145869
vt 0.540117562 0.678989172
vt 0.542479098 0.689525247
vt 0.540302277 0.66958499
vt 0.542899609 0.67910111
vt 0.545217395 0.691651106
vt 0.540897608 0.66891396
vt 0.545425415 0.679152489
vt 0.547302663 0.693836451
vt 0.541316271 0.66823411
vt 0.547302663 0.679130673
vt 0.32755065 0.736508012
vt 0.315184891 0.738179445
vt 0.308663428 0.651339531
vt 0.29444626 0.652139664
vt 0.298691452 0.740258336
vt 0.300074399 0.627210498
vt 0.311711252 0.627192736
vt 0.303740233 0.574726939
vt 0.277681351 0.653506398
vt 0.280634671 0.74247551
vt 0.284543991 0.626698494
vt 0.290629447 0.572286248
vt 0.261579931 0.655972958
vt 0.26377964 0.744493723
vt 0.268398285 0.626985788
vt 0.24777168 0.658197522
vt 0.250656128 0.745960712
vt 0.253447294 0.6274122
vt 0.24181357 0.62748754
vt 0.246917546 0.565926194
vt 0.275204003 0.569453478
vt 0.259939849 0.567371488
vt 0.302895069 0.521694183
vt 0.312813133 0.527631402
vt 0.325187743 0.454029262
vt 0.264521718 0.499804139
vt 0.255337298 0.496221095
vt 0.276389599 0.441815794
vt 0.276751161 0.506206632
vt 0.29022342 0.514054656
vt 0.287591577 0.441945702
vt 0.284448504 0.416323632
vt 0.313815832 0.448733419
vt 0.300647199 0.444373667
vt 0.295521945 0.414069951
vt 0.284199208 0.395068914
vt 0.318874776 0.415727884
vt 0.327550739 0.419080883
vt 0.307609618 0.4139193
vt 0.302813411 0.38869229
vt 0.293412417 0.39070335
vt 0.266864657 0.377293259
vt 0.270046413 0.370684415
vt 0.611887932 0.441950649
vt 0.62753737 0.433998078
vt 0.64572525 0.485627651
vt 0.629758537 0.491777986
vt 0.645431399 0.505321681
vt 0.394311786 0.379957646
vt 0.407737404 0.380695194
vt 0.389124453 0.46544233
vt 0.37468648 0.46453914
vt 0.377307415 0.378278464
vt 0.380109996 0.492462963
vt 0.392242402 0.491126239
vt 0.384190619 0.54117775
vt 0.358006865 0.462780803
vt 0.359318584 0.375926167
vt 0.370932639 0.542757034
vt 0.385367036 0.588915169
vt 0.364639997 0.493035734
vt 0.341613501 0.460434824
vt 0.343073398 0.373260051
vt 0.348213494 0.492762357
vt 0.327997625 0.457888633
vt 0.331027687 0.370684415
vt 0.33332324 0.491693377
vt 0.355532885 0.544193387
vt 0.340308219 0.545533657
vt 0.327550799 0.546748042
vt 0.372957826 0.594093323
vt 0.347096771 0.605566621
vt 0.337468952 0.610317707
vt 0.357827723 0.658638716
vt 0.359532148 0.600071669
vt 0.395280391 0.650466561
vt 0.406568825 0.649631739
vt 0.398983151 0.681007743
vt 0.368677616 0.655147552
vt 0.381928265 0.652339458
vt 0.365243495 0.677529454
vt 0.358061045 0.678987861
vt 0.3589935 0.694420338
vt 0.38765651 0.678260446
vt 0.375624388 0.677118182
vt 0.365375757 0.695540547
vt 0.350721598 0.71207726
vt 0.353527278 0.717014074
vt 0.373777598 0.698206186
vt 0.356338501 0.723840237
vt 0.383231401 0.70231688
vt 0.358888328 0.731485009
vt 0.391274452 0.708232999
vt 0.407737404 0.684553027
vt 0.360646844 0.738776445
vt 0.396618158 0.714711666
vt 0.34159714 0.740947366
vt 0.545560956 0.392872125
vt 0.555259407 0.399163991
vt 0.543593764 0.424630016
vt 0.530710638 0.422087699
vt 0.53367734 0.48847723
vt 0.545263231 0.488358825
vt 0.542667031 0.531564355
vt 0.529097319 0.530133486
vt 0.545139849 0.571968913
vt 0.519816339 0.489388645
vt 0.534098923 0.388264358
vt 0.551931798 0.370684415
vt 0.560329378 0.378106713
vt 0.516818881 0.420642644
vt 0.52258718 0.385834187
vt 0.504126906 0.420180768
vt 0.512880266 0.385732412
vt 0.494772673 0.420704573
vt 0.493690729 0.492291659
vt 0.505738139 0.490864187
vt 0.513602078 0.531349599
vt 0.498443127 0.534829855
vt 0.485840142 0.539741516
vt 0.497485936 0.580795169
vt 0.529415965 0.571936965
vt 0.512740731 0.575069547
vt 0.541636348 0.591982841
vt 0.556803524 0.595068097
vt 0.560329378 0.661203384
vt 0.543917716 0.659486294
vt 0.524307311 0.592743874
vt 0.526841044 0.66195941
vt 0.507312357 0.597142458
vt 0.493073225 0.604409814
vt 0.511673689 0.66823411
vt 0.639570355 0.537326574
vt 0.632828355 0.532831907
vt 0.63958472 0.505321681
vt 0.633928001 0.555117965
vt 0.62757057 0.552599311
vt 0.62733829 0.573805451
vt 0.620950878 0.573357284
vt 0.62797451 0.587408423
vt 0.623279512 0.589335799
vt 0.647942662 0.627994061
vt 0.645607114 0.631032348
vt 0.655527532 0.645113945
vt 0.657406211 0.643349171
vt 0.651676416 0.62566793
vt 0.660226643 0.642106891
vt 0.634642482 0.587316632
vt 0.656220973 0.624432087
vt 0.663624525 0.641600728
vt 0.635551572 0.576642752
vt 0.660922766 0.624533892
vt 0.667136192 0.641924739
vt 0.642260075 0.588870168
vt 0.641457915 0.55960381
vt 0.66509831 0.625962257
vt 0.670299649 0.64305687
vt 0.649642289 0.591797948
vt 0.655451834 0.595726728
vt 0.644318819 0.581024766
vt 0.647394538 0.543332756
vt 0.645362079 0.515005708
vt 0.654360831 0.524978995
vt 0.65219748 0.586063266
vt 0.648766518 0.565053821
vt 0.65433085 0.549413085
vt 0.662541389 0.532644033
vt 0.657557368 0.591029763
vt 0.658677697 0.599922776
vt 0.654728651 0.570303142
vt 0.658250749 0.574480891
vt 0.659310699 0.554260373
vt 0.661989033 0.557032883
vt 0.668834805 0.535814047
vt 0.670299649 0.523928165
vt 0.66073221 0.517546475
vt 0.485840142 0.656523585
vt 0.475150585 0.658744693
vt 0.470218301 0.645787716
vt 0.45649606 0.650473595
vt 0.462779284 0.665202022
vt 0.453238666 0.629937291
vt 0.467210174 0.627681136
vt 0.480870366 0.645127058
vt 0.477356553 0.628299594
vt 0.463749409 0.577174306
vt 0.451190323 0.577489018
vt 0.449858218 0.515423536
vt 0.463779211 0.519212008
vt 0.46636039 0.469465137
vt 0.479270756 0.476927549
vt 0.479700744 0.446068972
vt 0.464713931 0.439420968
vt 0.485840142 0.375910342
vt 0.469660938 0.371005386
vt 0.450682044 0.464927793
vt 0.447913408 0.436851323
vt 0.452906996 0.370684415
vt 0.431753725 0.438822269
vt 0.434488893 0.46406287
vt 0.419931114 0.467036158
vt 0.434369743 0.514384031
vt 0.419611573 0.516110659
vt 0.407737374 0.520277739
vt 0.425957888 0.58301717
vt 0.437909067 0.579528272
vt 0.440272748 0.634342551
vt 0.430772096 0.639927745
vt 0.444994032 0.657593727
vt 0.437504053 0.665701866
vt 0.452878088 0.674082637
vt 0.479716599 0.672904372
vt 0.448252499 0.683388114
vt 0.473460436 0.680627823
vt 0.47081995 0.688859701
vt 0.589519978 0.566122293
vt 0.594983459 0.565505087
vt 0.595743775 0.590002418
vt 0.593107581 0.542114258
vt 0.599559784 0.544050455
vt 0.599023759 0.534592509
vt 0.603603661 0.538208723
vt 0.619543076 0.511036634
vt 0.620950818 0.514548063
vt 0.616433561 0.508051753
vt 0.592470288 0.532211542
vt 0.612086773 0.506029963
vt 0.585361242 0.541973233
vt 0.585044265 0.531774282
vt 0.607124984 0.505321681
vt 0.583247423 0.568032861
vt 0.591421247 0.592088103
vt 0.577742517 0.533566952
vt 0.60237515 0.50598979
vt 0.577332497 0.54399848
vt 0.569772184 0.547990322
vt 0.585852623 0.594724298
vt 0.609838486 0.638364553
vt 0.576606631 0.57101512
vt 0.602971673 0.64509213
vt 0.620950818 0.667502761
vt 0.61223948 0.675495982
vt 0.570197046 0.574866176
vt 0.563801706 0.552841961
vt 0.579283476 0.597831607
vt 0.594194949 0.650050044
vt 0.601389587 0.679870844
vt 0.564858675 0.579052866
vt 0.560329318 0.557698846
vt 0.572422743 0.601219535
vt 0.566407621 0.604461432
vt 0.584812522 0.652461767
vt 0.590072274 0.679863572
vt 0.5762766 0.65192616
vt 0.562682629 0.606913209
vt 0.569974542 0.648545861
vt 0.526442587 0.670946836
vt 0.532796979 0.66823411
vt 0.534198463 0.684414268
vt 0.526603222 0.686202884
vt 0.534198403 0.698608994
vt 0.525236428 0.699393749
vt 0.489952564 0.681415677
vt 0.49226439 0.681381941
vt 0.486479342 0.697937965
vt 0.489012718 0.698954701
vt 0.495038986 0.682111144
vt 0.500550508 0.67225492
vt 0.499305487 0.670069695
vt 0.510289252 0.670059443
vt 0.510571837 0.669218302
vt 0.491930664 0.700895548
vt 0.491968453 0.733617067
vt 0.487596095 0.73326695
vt 0.490623713 0.740107179
vt 0.485840142 0.742365122
vt 0.495348215 0.758613944
vt 0.490480542 0.763039351
vt 0.501756668 0.776221633
vt 0.496403337 0.782461047
vt 0.507581651 0.771725059
vt 0.50069499 0.756555676
vt 0.513233006 0.769922853
vt 0.506012738 0.757292032
vt 0.495921254 0.740319014
vt 0.501180887 0.74310112
vt 0.496587336 0.735758662
vt 0.494816959 0.703455091
vt 0.50080353 0.739446759
vt 0.497188807 0.706240296
vt 0.500137269 0.685221195
vt 0.497820556 0.683477879
vt 0.503677905 0.676992416
vt 0.50508219 0.678826451
vt 0.502084434 0.674687266
vt 0.510767877 0.672467709
vt 0.511285424 0.672824979
vt 0.510395885 0.67181778
vt 0.511870027 0.672833085
vt 0.512433112 0.672490478
vt 0.510227442 0.670972466
vt 0.512889504 0.671849489
vt 0.513170063 0.671008229
vt 0.511031806 0.668577313
vt 0.498532951 0.668471217
vt 0.513233006 0.67009449
vt 0.513068497 0.669247746
vt 0.511598289 0.66823411
vt 0.512184322 0.668241024
vt 0.512700856 0.668596268
vt 0.560329318 0.699179292
vt 0.553152442 0.710372329
vt 0.552639842 0.710168362
vt 0.558240771 0.699090958
vt 0.559808731 0.68070209
vt 0.552032232 0.709712625
vt 0.556607008 0.681364894
vt 0.560329378 0.66823411
vt 0.556060433 0.669242024
vt 0.555592775 0.698952675
vt 0.551422775 0.709074378
vt 0.552796543 0.698782802
vt 0.553211808 0.682674885
vt 0.551487505 0.670677662
vt 0.550139904 0.684463501
vt 0.547302663 0.672327995
vt 0.550271928 0.698608398
vt 0.550903976 0.708351254
vt 0.547870994 0.686474919
vt 0.636452556 0.78531599
vt 0.646435142 0.78807044
vt 0.645984292 0.788742661
vt 0.638092339 0.783029556
vt 0.646645069 0.787216544
vt 0.639474988 0.780748487
vt 0.631424785 0.765488148
vt 0.633685589 0.765146732
vt 0.630882978 0.744412065
vt 0.628944039 0.766527295
vt 0.628530502 0.745887756
vt 0.626506448 0.768202424
vt 0.634794533 0.787249565
vt 0.624406457 0.770300984
vt 0.625916481 0.748182535
vt 0.623259366 0.751093984
vt 0.620950878 0.754161716
vt 0.633090556 0.694650531
vt 0.636924684 0.694671035
vt 0.624764979 0.700922847
vt 0.62096405 0.706808448
vt 0.621057689 0.68843019
vt 0.625683844 0.682281375
vt 0.628805816 0.6968894
vt 0.631067991 0.6786201
vt 0.636597455 0.677868128
vt 0.641214013 0.680477262
vt 0.634960055 0.66118753
vt 0.628935993 0.663416862
vt 0.632698894 0.645920157
vt 0.640865207 0.662462711
vt 0.639896393 0.645114064
vt 0.646645069 0.648265719
vt 0.560337007 0.407111466
vt 0.566843688 0.392842352
vt 0.578834474 0.380943626
vt 0.5944767 0.373182863
vt 0.560329378 0.421560556
vt 0.611399591 0.370684415
vt 0.566855609 0.433887452
vt 0.578969777 0.442060679
vt 0.627043009 0.373794377
vt 0.594812095 0.444832742
vt 0.639043629 0.382020593
vt 0.611887932 0.441950649
vt 0.645595431 0.394100368
vt 0.62753737 0.433998078
vt 0.64572525 0.408188283
vt 0.639401674 0.422170401
vt 0.534198463 0.686368108
vt 0.535434127 0.678651929
vt 0.536566913 0.686671853
vt 0.537499607 0.678832531
vt 0.538964033 0.670511246
vt 0.539455891 0.687779903
vt 0.539622962 0.670145869
vt 0.540117562 0.678989172
vt 0.542479098 0.689525247
vt 0.540302277 0.66958499
vt 0.542899609 0.67910111
vt 0.545217395 0.691651106
vt 0.540897608 0.66891396
vt 0.545425415 0.679152489
vt 0.547302663 0.693836451
vt 0.541316271 0.66823411
vt 0.547302663 0.679130673
vt 0.296821684 0.485388458
vt 0.25 0.49000001
vt 0.296821684 0.485388458
vt 0.25 0.49000001
vt 0.203178346 0.485388458
vt 0.203178346 0.485388458
vt 0.25 0.49000001
vt 0.203178346 0.485388458
vt 0.158155978 0.471731097
vt 0.203178346 0.485388458
vt 0.203178346 0.485388458
vt 0.203178346 0.485388458
vt 0.158155978 0.471731097
vt 0.116663128 0.449552715
vt 0.158155978 0.471731097
vt 0.158155978 0.471731097
vt 0.116663128 0.449552715
vt 0.116663128 0.449552715
vt 0.0802943558 0.4197056
vt 0.158155978 0.471731097
vt 0.116663128 0.449552715
vt 0.0802943558 0.4197056
vt 0.0802943558 0.4197056
vt 0.116663128 0.449552715
vt 0.0802943558 0.4197056
vt 0.158155978 0.471731097
vt 0.0504472703 0.383336812
vt 0.203178346 0.485388458
vt 0.203178346 0.485388458
vt 0.25 0.49000001
vt 0.0504472703 0.383336812
vt 0.0282689333 0.341844052
vt 0.25 0.49000001
vt 0.296821684 0.485388458
vt 0.296821684 0.485388458
vt 0.341844022 0.471731067
vt 0.0282689333 0.341844052
vt 0.0146115422 0.296821713
vt 0.0504472703 0.383336812
vt 0.296821684 0.485388458
vt 0.341844022 0.471731067
vt 0.383336842 0.449552715
vt 0.0146115422 0.296821713
vt 0.0100000054 0.25
vt 0.383336842 0.449552715
vt 0.419705629 0.419705629
vt 0.341844022 0.471731067
vt 0.419705629 0.419705629
vt 0.449552715 0.383336842
vt 0.341844022 0.471731067
vt 0.383336842 0.449552715
vt 0.449552715 0.383336842
vt 0.471731067 0.341844022
vt 0.341844022 0.471731067
vt 0.296821684 0.485388458
vt 0.296821684 0.485388458
vt 0.296821684 0.485388458
vt 0.383336842 0.449552715
vt 0.383336842 0.449552715
vt 0.383336842 0.449552715
vt 0.341844022 0.471731067
vt 0.419705629 0.419705629
vt 0.419705629 0.419705629
vt 0.419705629 0.419705629
vt 0.419705629 0.419705629
vt 0.419705629 0.419705629
vt 0.449552715 0.383336842
vt 0.449552715 0.383336842
vt 0.449552715 0.383336842
vt 0.449552715 0.383336842
vt 0.471731067 0.341844022
vt 0.485388458 0.296821684
vt 0.471731067 0.341844022
vt 0.485388458 0.296821684
vt 0.471731067 0.341844022
vt 0.471731067 0.341844022
vt 0.471731067 0.341844022
vt 0.449552715 0.383336842
vt 0.485388458 0.296821684
vt 0.485388458 0.296821684
vt 0.485388458 0.296821684
vt 0.485388458 0.296821684
vt 0.485388458 0.296821684
vt 0.49000001 0.249999985
vt 0.49000001 0.249999985
vt 0.49000001 0.249999985
vt 0.49000001 0.249999985
vt 0.485388458 0.203178316
vt 0.485388458 0.203178316
vt 0.485388458 0.203178316
vt 0.471731097 0.158155978
vt 0.471731097 0.158155978
vt 0.471731097 0.158155978
vt 0.449552715 0.116663158
vt 0.449552715 0.116663158
vt 0.485388458 0.203178316
vt 0.485388458 0.203178316
vt 0.485388458 0.203178316
vt 0.49000001 0.249999985
vt 0.449552715 0.116663158
vt 0.471731097 0.158155978
vt 0.471731097 0.158155978
vt 0.471731097 0.158155978
vt 0.471731097 0.158155978
vt 0.449552715 0.116663158
vt 0.419705629 0.0802943856
vt 0.419705629 0.0802943856
vt 0.419705629 0.0802943856
vt 0.383336842 0.0504472852
vt 0.383336842 0.0504472852
vt 0.383336842 0.0504472852
vt 0.341844022 0.0282689184
vt 0.341844022 0.0282689184
vt 0.419705629 0.0802943856
vt 0.419705629 0.0802943856
vt 0.419705629 0.0802943856
vt 0.449552715 0.116663158
vt 0.341844022 0.0282689184
vt 0.296821684 0.0146115273
vt 0.296821684 0.0146115273
vt 0.296821684 0.0146115273
vt 0.249999985 0.0100000054
vt 0.383336842 0.0504472852
vt 0.383336842 0.0504472852
vt 0.383336842 0.0504472852
vt 0.383336842 0.0504472852
vt 0.341844022 0.0282689184
vt 0.249999985 0.0100000054
vt 0.203178346 0.0146115273
vt 0.203178346 0.0146115273
vt 0.158155978 0.0282689184
vt 0.249999985 0.0100000054
vt 0.158155978 0.0282689184
vt 0.116663128 0.050447315
vt 0.203178346 0.0146115273
vt 0.116663128 0.050447315
vt 0.0802944005 0.0802943707
vt 0.158155978 0.0282689184
vt 0.0802944005 0.0802943707
vt 0.0504473299 0.116663098
vt 0.116663128 0.050447315
vt 0.0504473299 0.116663098
vt 0.0282689184 0.158155948
vt 0.0802944005 0.0802943707
vt 0.0282689184 0.158155948
vt 0.0146115422 0.203178316
vt 0.0504473299 0.116663098
vt 0.158155978 0.0282689184
vt 0.116663128 0.050447315
vt 0.0802944005 0.0802943707
vt 0.116663128 0.050447315
vt 0.116663128 0.050447315
vt 0.116663128 0.050447315
vt 0.203178346 0.0146115273
vt 0.158155978 0.0282689184
vt 0.158155978 0.0282689184
vt 0.203178346 0.0146115273
vt 0.249999985 0.0100000054
vt 0.296821684 0.0146115273
vt 0.249999985 0.0100000054
vt 0.249999985 0.0100000054
vt 0.249999985 0.0100000054
vt 0.341844022 0.0282689184
vt 0.341844022 0.0282689184
vt 0.341844022 0.0282689184
vt 0.471731067 0.341844022
vt 0.485388458 0.296821684
vt 0.49000001 0.249999985
vt 0.449552715 0.383336842
vt 0.485388458 0.203178316
vt 0.419705629 0.419705629
vt 0.471731097 0.158155978
vt 0.449552715 0.116663158
vt 0.383336842 0.449552715
vt 0.419705629 0.0802943856
vt 0.341844022 0.471731067
vt 0.296821684 0.485388458
vt 0.383336842 0.0504472852
vt 0.25 0.49000001
vt 0.341844022 0.0282689184
vt 0.296821684 0.0146115273
vt 0.203178346 0.485388458
vt 0.249999985 0.0100000054
vt 0.158155978 0.471731097
vt 0.116663128 0.449552715
vt 0.203178346 0.0146115273
vt 0.0802943558 0.4197056
vt 0.158155978 0.0282689184
vt 0.116663128 0.050447315
vt 0.0504472703 0.383336812
vt 0.0802944005 0.0802943707
vt 0.0282689333 0.341844052
vt 0.0146115422 0.296821713
vt 0.0504473299 0.116663098
vt 0.0100000054 0.25
vt 0.0282689184 0.158155948
vt 0.0146115422 0.203178316
vt 0.341844022 0.0282689184
vt 0.296821684 0.0146115273
vt 0.341844022 0.0282689184
vt 0.296821684 0.0146115273
vt 0.341844022 0.0282689184
vt 0.383336842 0.0504472852
vt 0.249999985 0.0100000054
vt 0.249999985 0.0100000054
vt 0.249999985 0.0100000054
vt 0.203178346 0.0146115273
vt 0.383336842 0.0504472852
vt 0.419705629 0.0802943856
vt 0.383336842 0.0504472852
vt 0.341844022 0.0282689184
vt 0.383336842 0.0504472852
vt 0.419705629 0.0802943856
vt 0.419705629 0.0802943856
vt 0.449552715 0.116663158
vt 0.419705629 0.0802943856
vt 0.449552715 0.116663158
vt 0.471731097 0.158155978
vt 0.449552715 0.116663158
vt 0.419705629 0.0802943856
vt 0.449552715 0.116663158
vt 0.383336842 0.0504472852
vt 0.471731097 0.158155978
vt 0.341844022 0.0282689184
vt 0.471731097 0.158155978
vt 0.485388458 0.203178316
vt 0.296821684 0.0146115273
vt 0.296821684 0.0146115273
vt 0.249999985 0.0100000054
vt 0.249999985 0.0100000054
vt 0.203178346 0.0146115273
vt 0.203178346 0.0146115273
vt 0.158155978 0.0282689184
vt 0.471731097 0.158155978
vt 0.203178346 0.0146115273
vt 0.158155978 0.0282689184
vt 0.116663128 0.050447315
vt 0.158155978 0.0282689184
vt 0.158155978 0.0282689184
vt 0.116663128 0.050447315
vt 0.0802944005 0.0802943707
vt 0.158155978 0.0282689184
vt 0.0802944005 0.0802943707
vt 0.0504473299 0.116663098
vt 0.116663128 0.050447315
vt 0.116663128 0.050447315
vt 0.116663128 0.050447315
vt 0.0802944005 0.0802943707
vt 0.0802944005 0.0802943707
vt 0.0504473299 0.116663098
vt 0.0504473299 0.116663098
vt 0.0504473299 0.116663098
vt 0.0504473299 0.116663098
vt 0.0282689184 0.158155948
vt 0.0282689184 0.158155948
vt 0.0282689184 0.158155948
vt 0.0282689184 0.158155948
vt 0.0146115422 0.203178316
vt 0.0146115422 0.203178316
vt 0.0146115422 0.203178316
vt 0.0282689184 0.158155948
vt 0.0100000054 0.25
vt 0.0146115422 0.203178316
vt 0.0100000054 0.25
vt 0.0100000054 0.25
vt 0.0146115422 0.296821713
vt 0.0802944005 0.0802943707
vt 0.0282689333 0.341844052
vt 0.0504472703 0.383336812
vt 0.116663128 0.050447315
vt 0.0802943558 0.4197056
vt 0.158155978 0.0282689184
vt 0.203178346 0.0146115273
vt 0.116663128 0.449552715
vt 0.249999985 0.0100000054
vt 0.158155978 0.471731097
vt 0.203178346 0.485388458
vt 0.296821684 0.0146115273
vt 0.25 0.49000001
vt 0.341844022 0.0282689184
vt 0.383336842 0.0504472852
vt 0.296821684 0.485388458
vt 0.419705629 0.0802943856
vt 0.341844022 0.471731067
vt 0.383336842 0.449552715
vt 0.449552715 0.116663158
vt 0.419705629 0.419705629
vt 0.471731097 0.158155978
vt 0.449552715 0.383336842
vt 0.49000001 0.249999985
vt 0.485388458 0.203178316
vt 0.485388458 0.203178316
vt 0.49000001 0.249999985
vt 0.485388458 0.203178316
vt 0.471731097 0.158155978
vt 0.49000001 0.249999985
vt 0.485388458 0.203178316
vt 0.49000001 0.249999985
vt 0.485388458 0.296821684
vt 0.485388458 0.296821684
vt 0.485388458 0.296821684
vt 0.471731067 0.341844022
vt 0.471731067 0.341844022
vt 0.485388458 0.296821684
vt 0.471731067 0.341844022
vt 0.449552715 0.383336842
vt 0.471731067 0.341844022
vt 0.485388458 0.296821684
vt 0.449552715 0.383336842
vt 0.419705629 0.419705629
vt 0.419705629 0.419705629
vt 0.449552715 0.383336842
vt 0.471731067 0.341844022
vt 0.419705629 0.419705629
vt 0.419705629 0.419705629
vt 0.383336842 0.449552715
vt 0.383336842 0.449552715
vt 0.383336842 0.449552715
vt 0.341844022 0.471731067
vt 0.341844022 0.471731067
vt 0.383336842 0.449552715
vt 0.419705629 0.419705629
vt 0.341844022 0.471731067
vt 0.296821684 0.485388458
vt 0.296821684 0.485388458
vt 0.341844022 0.471731067
vt 0.383336842 0.449552715
vt 0.296821684 0.485388458
vt 0.296821684 0.485388458
vt 0.25 0.49000001
vt 0.25 0.49000001
vt 0.25 0.49000001
vt 0.203178346 0.485388458
vt 0.203178346 0.485388458
vt 0.203178346 0.485388458
vt 0.158155978 0.471731097
vt 0.25 0.49000001
vt 0.296821684 0.485388458
vt 0.203178346 0.485388458
vt 0.158155978 0.471731097
vt 0.116663128 0.449552715
vt 0.158155978 0.471731097
vt 0.203178346 0.485388458
vt 0.116663128 0.449552715
vt 0.0802943558 0.4197056
vt 0.158155978 0.471731097
vt 0.0802943558 0.4197056
vt 0.0504472703 0.383336812
vt 0.116663128 0.449552715
vt 0.158155978 0.471731097
vt 0.116663128 0.449552715
vt 0.0802943558 0.4197056
vt 0.0504472703 0.383336812
vt 0.0282689333 0.341844052
vt 0.0802943558 0.4197056
vt 0.0282689333 0.341844052
vt 0.0146115422 0.296821713
vt 0.0504472703 0.383336812
vt 0.0802943558 0.4197056
vt 0.0504472703 0.383336812
vt 0.0146115422 0.296821713
vt 0.0282689333 0.341844052
vt 0.0504472703 0.383336812
vt 0.0282689333 0.341844052
vt 0.0146115422 0.296821713
vt 0.0146115422 0.296821713
vt 0.0100000054 0.25
vt 0.0146115422 0.296821713
vt 0.0100000054 0.25
vt 0.383336842 0.0504472852
vt 0.383336842 0.0504472852
vt 0.341844022 0.0282689184
vt 0.341844022 0.0282689184
vt 0.0802943558 0.4197056
vt 0.0802943558 0.4197056
vt 0.0802943558 0.4197056
vt 0.0504472703 0.383336812
vt 0.0282689333 0.341844052
vt 0.0504472703 0.383336812
vt 0.0504472703 0.383336812
vt 0.0282689333 0.341844052
vt 0.0282689333 0.341844052
vt 0.0146115422 0.296821713
vt 0.0146115422 0.296821713
vt 0.0100000054 0.25
vt 0.0146115422 0.203178316
vt 0.0100000054 0.25
vt 0.0100000054 0.25
vt 0.0146115422 0.296821713
vt 0.0146115422 0.296821713
vt 0.0146115422 0.296821713
vt 0.0282689184 0.158155948
vt 0.0146115422 0.203178316
vt 0.0100000054 0.25
vt 0.0100000054 0.25
vt 0.0146115422 0.203178316
vt 0.0146115422 0.203178316
vt 0.0282689184 0.158155948
vt 0.0504473299 0.116663098
vt 0.0282689184 0.158155948
vt 0.0282689184 0.158155948
vt 0.0282689184 0.158155948
vt 0.0504473299 0.116663098
vt 0.0504473299 0.116663098
vt 0.0802944005 0.0802943707
vt 0.0802943558 0.4197056
vt 0.0802943558 0.4197056
vt 0.116663128 0.449552715
vt 0.116663128 0.449552715
vt 0.249999985 0.0100000054
vt 0.249999985 0.0100000054
vt 0.203178346 0.0146115273
vt 0.203178346 0.0146115273
vt 0.116663128 0.050447315
vt 0.116663128 0.050447315
vt 0.0802944005 0.0802943707
vt 0.0802944005 0.0802943707
vt 0.485388458 0.296821684
vt 0.485388458 0.296821684
vt 0.49000001 0.249999985
vt 0.49000001 0.249999985
vt 0.0282689184 0.158155948
vt 0.0282689184 0.158155948
vt 0.0146115422 0.203178316
vt 0.0146115422 0.203178316
vt 0.25 0.49000001
vt 0.25 0.49000001
vt 0.296821684 0.485388458
vt 0.296821684 0.485388458
vt 0.471731097 0.158155978
vt 0.471731097 0.158155978
vt 0.449552715 0.116663158
vt 0.449552715 0.116663158
vt 0.0146115422 0.296821713
vt 0.0146115422 0.296821713
vt 0.0282689333 0.341844052
vt 0.0282689333 0.341844052
vt 0.296821684 0.485388458
vt 0.296821684 0.485388458
vt 0.25 0.49000001
vt 0.25 0.49000001
vt 0.203178346 0.485388458
vt 0.203178346 0.485388458
vt 0.25 0.49000001
vt 0.203178346 0.485388458
vt 0.158155978 0.471731097
vt 0.203178346 0.485388458
vt 0.203178346 0.485388458
vt 0.203178346 0.485388458
vt 0.158155978 0.471731097
vt 0.116663128 0.449552715
vt 0.158155978 0.471731097
vt 0.158155978 0.471731097
vt 0.116663128 0.449552715
vt 0.116663128 0.449552715
vt 0.0802943558 0.4197056
vt 0.158155978 0.471731097
vt 0.116663128 0.449552715
vt 0.0802943558 0.4197056
vt 0.0802943558 0.4197056
vt 0.116663128 0.449552715
vt 0.0802943558 0.4197056
vt 0.158155978 0.471731097
vt 0.0504472703 0.383336812
vt 0.203178346 0.485388458
vt 0.203178346 0.485388458
vt 0.25 0.49000001
vt 0.0504472703 0.383336812
vt 0.0282689333 0.341844052
vt 0.25 0.49000001
vt 0.296821684 0.485388458
vt 0.296821684 0.485388458
vt 0.341844022 0.471731067
vt 0.0282689333 0.341844052
vt 0.0146115422 0.296821713
vt 0.0504472703 0.383336812
vt 0.296821684 0.485388458
vt 0.341844022 0.471731067
vt 0.383336842 0.449552715
vt 0.0146115422 0.296821713
vt 0.0100000054 0.25
vt 0.383336842 0.449552715
vt 0.419705629 0.419705629
vt 0.341844022 0.471731067
vt 0.419705629 0.419705629
vt 0.449552715 0.383336842
vt 0.341844022 0.471731067
vt 0.383336842 0.449552715
vt 0.449552715 0.383336842
vt 0.471731067 0.341844022
vt 0.341844022 0.471731067
vt 0.296821684 0.485388458
vt 0.296821684 0.485388458
vt 0.296821684 0.485388458
vt 0.383336842 0.449552715
vt 0.383336842 0.449552715
vt 0.383336842 0.449552715
vt 0.341844022 0.471731067
vt 0.419705629 0.419705629
vt 0.419705629 0.419705629
vt 0.419705629 0.419705629
vt 0.419705629 0.419705629
vt 0.419705629 0.419705629
vt 0.449552715 0.383336842
vt 0.449552715 0.383336842
vt 0.449552715 0.383336842
vt 0.449552715 0.383336842
vt 0.471731067 0.341844022
vt 0.485388458 0.296821684
vt 0.471731067 0.341844022
vt 0.485388458 0.296821684
vt 0.471731067 0.341844022
vt 0.471731067 0.341844022
vt 0.471731067 0.341844022
vt 0.449552715 0.383336842
vt 0.485388458 0.296821684
vt 0.485388458 0.296821684
vt 0.485388458 0.296821684
vt 0.485388458 0.296821684
vt 0.485388458 0.296821684
vt 0.49000001 0.249999985
vt 0.49000001 0.249999985
vt 0.49000001 0.249999985
vt 0.49000001 0.249999985
vt 0.485388458 0.203178316
vt 0.485388458 0.203178316
vt 0.485388458 0.203178316
vt 0.471731097 0.158155978
vt 0.471731097 0.158155978
vt 0.471731097 0.158155978
vt 0.449552715 0.116663158
vt 0.449552715 0.116663158
vt 0.485388458 0.203178316
vt 0.485388458 0.203178316
vt 0.485388458 0.203178316
vt 0.49000001 0.249999985
vt 0.449552715 0.116663158
vt 0.471731097 0.158155978
vt 0.471731097 0.158155978
vt 0.471731097 0.158155978
vt 0.471731097 0.158155978
vt 0.449552715 0.116663158
vt 0.419705629 0.0802943856
vt 0.419705629 0.0802943856
vt 0.419705629 0.0802943856
vt 0.383336842 0.0504472852
vt 0.383336842 0.0504472852
vt 0.383336842 0.0504472852
vt 0.341844022 0.0282689184
vt 0.341844022 0.0282689184
vt 0.419705629 0.0802943856
vt 0.419705629 0.0802943856
vt 0.419705629 0.0802943856
vt 0.449552715 0.116663158
vt 0.341844022 0.0282689184
vt 0.296821684 0.0146115273
vt 0.296821684 0.0146115273
vt 0.296821684 0.0146115273
vt 0.249999985 0.0100000054
vt 0.383336842 0.0504472852
vt 0.383336842 0.0504472852
vt 0.383336842 0.0504472852
vt 0.383336842 0.0504472852
vt 0.341844022 0.0282689184
vt 0.249999985 0.0100000054
vt 0.203178346 0.0146115273
vt 0.203178346 0.0146115273
vt 0.158155978 0.0282689184
vt 0.249999985 0.0100000054
vt 0.158155978 0.0282689184
vt 0.116663128 0.050447315
vt 0.203178346 0.0146115273
vt 0.116663128 0.050447315
vt 0.0802944005 0.0802943707
vt 0.158155978 0.0282689184
vt 0.0802944005 0.0802943707
vt 0.0504473299 0.116663098
vt 0.116663128 0.050447315
vt 0.0504473299 0.116663098
vt 0.0282689184 0.158155948
vt 0.0802944005 0.0802943707
vt 0.0282689184 0.158155948
vt 0.0146115422 0.203178316
vt 0.0504473299 0.116663098
vt 0.158155978 0.0282689184
vt 0.116663128 0.050447315
vt 0.0802944005 0.0802943707
vt 0.116663128 0.050447315
vt 0.116663128 0.050447315
vt 0.116663128 0.050447315
vt 0.203178346 0.0146115273
vt 0.158155978 0.0282689184
vt 0.158155978 0.0282689184
vt 0.203178346 0.0146115273
vt 0.249999985 0.0100000054
vt 0.296821684 0.0146115273
vt 0.249999985 0.0100000054
vt 0.249999985 0.0100000054
vt 0.249999985 0.0100000054
vt 0.341844022 0.0282689184
vt 0.341844022 0.0282689184
vt 0.341844022 0.0282689184
vt 0.471731067 0.341844022
vt 0.49000001 0.249999985
vt 0.485388458 0.296821684
vt 0.449552715 0.383336842
vt 0.485388458 0.203178316
vt 0.419705629 0.419705629
vt 0.471731097 0.158155978
vt 0.449552715 0.116663158
vt 0.383336842 0.449552715
vt 0.419705629 0.0802943856
vt 0.341844022 0.471731067
vt 0.296821684 0.485388458
vt 0.383336842 0.0504472852
vt 0.25 0.49000001
vt 0.341844022 0.0282689184
vt 0.296821684 0.0146115273
vt 0.203178346 0.485388458
vt 0.249999985 0.0100000054
vt 0.158155978 0.471731097
vt 0.116663128 0.449552715
vt 0.203178346 0.0146115273
vt 0.0802943558 0.4197056
vt 0.158155978 0.0282689184
vt 0.116663128 0.050447315
vt 0.0504472703 0.383336812
vt 0.0802944005 0.0802943707
vt 0.0282689333 0.341844052
vt 0.0146115422 0.296821713
vt 0.0504473299 0.116663098
vt 0.0100000054 0.25
vt 0.0282689184 0.158155948
vt 0.0146115422 0.203178316
vt 0.341844022 0.0282689184
vt 0.341844022 0.0282689184
vt 0.296821684 0.0146115273
vt 0.296821684 0.0146115273
vt 0.341844022 0.0282689184
vt 0.383336842 0.0504472852
vt 0.249999985 0.0100000054
vt 0.249999985 0.0100000054
vt 0.249999985 0.0100000054
vt 0.203178346 0.0146115273
vt 0.383336842 0.0504472852
vt 0.419705629 0.0802943856
vt 0.383336842 0.0504472852
vt 0.341844022 0.0282689184
vt 0.383336842 0.0504472852
vt 0.419705629 0.0802943856
vt 0.419705629 0.0802943856
vt 0.449552715 0.116663158
vt 0.419705629 0.0802943856
vt 0.449552715 0.116663158
vt 0.471731097 0.158155978
vt 0.449552715 0.116663158
vt 0.419705629 0.0802943856
vt 0.449552715 0.116663158
vt 0.383336842 0.0504472852
vt 0.471731097 0.158155978
vt 0.341844022 0.0282689184
vt 0.471731097 0.158155978
vt 0.485388458 0.203178316
vt 0.296821684 0.0146115273
vt 0.296821684 0.0146115273
vt 0.249999985 0.0100000054
vt 0.249999985 0.0100000054
vt 0.203178346 0.0146115273
vt 0.203178346 0.0146115273
vt 0.158155978 0.0282689184
vt 0.471731097 0.158155978
vt 0.203178346 0.0146115273
vt 0.158155978 0.0282689184
vt 0.116663128 0.050447315
vt 0.158155978 0.0282689184
vt 0.158155978 0.0282689184
vt 0.116663128 0.050447315
vt 0.0802944005 0.0802943707
vt 0.158155978 0.0282689184
vt 0.0802944005 0.0802943707
vt 0.0504473299 0.116663098
vt 0.116663128 0.050447315
vt 0.116663128 0.050447315
vt 0.116663128 0.050447315
vt 0.0802944005 0.0802943707
vt 0.0802944005 0.0802943707
vt 0.0504473299 0.116663098
vt 0.0504473299 0.116663098
vt 0.0504473299 0.116663098
vt 0.0504473299 0.116663098
vt 0.0282689184 0.158155948
vt 0.0282689184 0.158155948
vt 0.0282689184 0.158155948
vt 0.0282689184 0.158155948
vt 0.0146115422 0.203178316
vt 0.0146115422 0.203178316
vt 0.0146115422 0.203178316
vt 0.0282689184 0.158155948
vt 0.0100000054 0.25
vt 0.0146115422 0.203178316
vt 0.0100000054 0.25
vt 0.0100000054 0.25
vt 0.0146115422 0.296821713
vt 0.0802944005 0.0802943707
vt 0.0282689333 0.341844052
vt 0.0504472703 0.383336812
vt 0.116663128 0.050447315
vt 0.0802943558 0.4197056
vt 0.158155978 0.0282689184
vt 0.203178346 0.0146115273
vt 0.116663128 0.449552715
vt 0.249999985 0.0100000054
vt 0.158155978 0.471731097
vt 0.203178346 0.485388458
vt 0.296821684 0.0146115273
vt 0.25 0.49000001
vt 0.341844022 0.0282689184
vt 0.383336842 0.0504472852
vt 0.296821684 0.485388458
vt 0.419705629 0.0802943856
vt 0.341844022 0.471731067
vt 0.383336842 0.449552715
vt 0.449552715 0.116663158
vt 0.419705629 0.419705629
vt 0.471731097 0.158155978
vt 0.449552715 0.383336842
vt 0.49000001 0.249999985
vt 0.485388458 0.203178316
vt 0.485388458 0.203178316
vt 0.49000001 0.249999985
vt 0.485388458 0.203178316
vt 0.471731097 0.158155978
vt 0.49000001 0.249999985
vt 0.485388458 0.203178316
vt 0.49000001 0.249999985
vt 0.485388458 0.296821684
vt 0.485388458 0.296821684
vt 0.485388458 0.296821684
vt 0.471731067 0.341844022
vt 0.471731067 0.341844022
vt 0.485388458 0.296821684
vt 0.471731067 0.341844022
vt 0.449552715 0.383336842
vt 0.471731067 0.341844022
vt 0.485388458 0.296821684
vt 0.449552715 0.383336842
vt 0.419705629 0.419705629
vt 0.419705629 0.419705629
vt 0.449552715 0.383336842
vt 0.471731067 0.341844022
vt 0.419705629 0.419705629
vt 0.419705629 0.419705629
vt 0.383336842 0.449552715
vt 0.383336842 0.449552715
vt 0.383336842 0.449552715
vt 0.341844022 0.471731067
vt 0.341844022 0.471731067
vt 0.383336842 0.449552715
vt 0.419705629 0.419705629
vt 0.341844022 0.471731067
vt 0.296821684 0.485388458
vt 0.296821684 0.485388458
vt 0.341844022 0.471731067
vt 0.383336842 0.449552715
vt 0.296821684 0.485388458
vt 0.296821684 0.485388458
vt 0.25 0.49000001
vt 0.25 0.49000001
vt 0.25 0.49000001
vt 0.203178346 0.485388458
vt 0.203178346 0.485388458
vt 0.203178346 0.485388458
vt 0.158155978 0.471731097
vt 0.25 0.49000001
vt 0.296821684 0.485388458
vt 0.203178346 0.485388458
vt 0.158155978 0.471731097
vt 0.116663128 0.449552715
vt 0.158155978 0.471731097
vt 0.203178346 0.485388458
vt 0.116663128 0.449552715
vt 0.0802943558 0.4197056
vt 0.158155978 0.471731097
vt 0.0802943558 0.4197056
vt 0.0504472703 0.383336812
vt 0.116663128 0.449552715
vt 0.158155978 0.471731097
vt 0.116663128 0.449552715
vt 0.0802943558 0.4197056
vt 0.0504472703 0.383336812
vt 0.0282689333 0.341844052
vt 0.0802943558 0.4197056
vt 0.0282689333 0.341844052
vt 0.0146115422 0.296821713
vt 0.0504472703 0.383336812
vt 0.0802943558 0.4197056
vt 0.0504472703 0.383336812
vt 0.0146115422 0.296821713
vt 0.0282689333 0.341844052
vt 0.0504472703 0.383336812
vt 0.0282689333 0.341844052
vt 0.0146115422 0.296821713
vt 0.0146115422 0.296821713
vt 0.0100000054 0.25
vt 0.0146115422 0.296821713
vt 0.0100000054 0.25
vt 0.383336842 0.0504472852
vt 0.341844022 0.0282689184
vt 0.341844022 0.0282689184
vt 0.383336842 0.0504472852
vt 0.0802943558 0.4197056
vt 0.0802943558 0.4197056
vt 0.0802943558 0.4197056
vt 0.0504472703 0.383336812
vt 0.0282689333 0.341844052
vt 0.0504472703 0.383336812
vt 0.0504472703 0.383336812
vt 0.0282689333 0.341844052
vt 0.0282689333 0.341844052
vt 0.0146115422 0.296821713
vt 0.0146115422 0.296821713
vt 0.0100000054 0.25
vt 0.0146115422 0.203178316
vt 0.0100000054 0.25
vt 0.0100000054 0.25
vt 0.0146115422 0.296821713
vt 0.0146115422 0.296821713
vt 0.0146115422 0.296821713
vt 0.0282689184 0.158155948
vt 0.0146115422 0.203178316
vt 0.0100000054 0.25
vt 0.0100000054 0.25
vt 0.0146115422 0.203178316
vt 0.0146115422 0.203178316
vt 0.0282689184 0.158155948
vt 0.0504473299 0.116663098
vt 0.0282689184 0.158155948
vt 0.0282689184 0.158155948
vt 0.0282689184 0.158155948
vt 0.0504473299 0.116663098
vt 0.0504473299 0.116663098
vt 0.0802944005 0.0802943707
vt 0.0802943558 0.4197056
vt 0.116663128 0.449552715
vt 0.116663128 0.449552715
vt 0.0802943558 0.4197056
vt 0.249999985 0.0100000054
vt 0.203178346 0.0146115273
vt 0.203178346 0.0146115273
vt 0.249999985 0.0100000054
vt 0.116663128 0.050447315
vt 0.0802944005 0.0802943707
vt 0.0802944005 0.0802943707
vt 0.116663128 0.050447315
vt 0.485388458 0.296821684
vt 0.49000001 0.249999985
vt 0.49000001 0.249999985
vt 0.485388458 0.296821684
vt 0.0282689184 0.158155948
vt 0.0146115422 0.203178316
vt 0.0146115422 0.203178316
vt 0.0282689184 0.158155948
vt 0.25 0.49000001
vt 0.296821684 0.485388458
vt 0.296821684 0.485388458
vt 0.25 0.49000001
vt 0.471731097 0.158155978
vt 0.449552715 0.116663158
vt 0.449552715 0.116663158
vt 0.471731097 0.158155978
vt 0.0146115422 0.296821713
vt 0.0282689333 0.341844052
vt 0.0282689333 0.341844052
vt 0.0146115422 0.296821713
vn 0.284411907 -0.627744555 -0.72460103
vn 0.148262888 -0.681662142 -0.716487885
vn 0.262796909 -0.788332641 -0.556299746
vn 0.394017786 -0.759210587 -0.518024504
vn 0.522477865 -0.452920288 -0.722412705
vn 0.362469584 -0.89237988 -0.268838346
vn 0.692496836 -0.555539072 -0.46024403
vn 0.4814201 -0.864214778 -0.146175906
vn 0.348077059 -0.933808804 0.0827253908
vn 0.796786129 -0.588405728 -0.137515366
vn 0.483335793 -0.871369958 0.0842671767
vn 0.312029779 -0.948517144 0.0543384254
vn 0.819494128 -0.569877863 0.0605686828
vn 0.480363399 -0.87595886 0.0441239104
vn 0.825870275 -0.562238038 0.0427395701
vn 0.24387829 -0.925164521 -0.29085058
vn 0.535951674 -0.818467855 -0.207041427
vn 0.799299777 -0.593140841 -0.0964559391
vn 0.268503964 -0.30151242 -0.914874792
vn 0.141148731 -0.381540269 -0.913511992
vn -0.945759535 -0.316185623 0.0746029541
vn -0.233224213 -0.971945524 0.0304694325
vn -0.134195581 -0.990331173 0.0351513438
vn -0.743622482 -0.668594897 0.00254965946
vn -0.122480072 -0.973628521 -0.192473844
vn -0.0618061796 -0.997601092 -0.0311778579
vn -0.108130224 -0.649947703 -0.752247214
vn -0.110130377 -0.665709436 -0.738039434
vn 0.31836611 0.266796708 -0.90964967
vn 0.162551209 0.378684849 -0.911139369
vn 0.199953631 0.757243931 -0.621771872
vn 0.368543059 0.695625305 -0.616669655
vn 0.368543059 0.695625305 -0.616669655
vn 0.199953631 0.757243931 -0.621771872
vn 0.161625549 0.531538367 -0.831471086
vn 0.293025285 0.482181937 -0.825612903
vn 0.130946636 0.359857559 -0.923772514
vn 0.211012289 0.321802974 -0.922993302
vn 0.521998823 0.324252188 -0.788909197
vn 0.378317624 0.204532385 -0.902796984
vn 0.715546966 0.449653268 -0.534606814
vn 0.821552396 0.419614494 -0.385973215
vn 0.31836611 0.266796708 -0.90964967
vn 0.663252473 0.126190633 -0.737680137
vn 0.480056077 0.0497428961 -0.875826359
vn 0.70515126 -0.0479448996 -0.707434118
vn 0.504655302 -0.0539509095 -0.861633539
vn 0.667301059 -0.232373551 -0.707609951
vn 0.489564985 -0.16958192 -0.855317533
vn 0.522477865 -0.452920288 -0.722412705
vn 0.388813615 -0.348986477 -0.852661967
vn 0.284411907 -0.627744555 -0.72460103
vn 0.214274809 -0.486784846 -0.846833408
vn 0.130465478 -0.530400991 -0.837647617
vn 0.148262888 -0.681662142 -0.716487885
vn 0.966120064 0.172130212 -0.192310587
vn 0.821552396 0.419614494 -0.385973215
vn 0.715546966 0.449653268 -0.534606814
vn 0.899838924 0.186754137 -0.394224256
vn 0.521998823 0.324252188 -0.788909197
vn 0.663252473 0.126190633 -0.737680137
vn 0.995325804 0.0213511717 -0.0941842198
vn 0.941030443 -0.00942136347 -0.338190764
vn 0.70515126 -0.0479448996 -0.707434118
vn 0.885724604 -0.247193992 -0.392921358
vn 0.667301059 -0.232373551 -0.707609951
vn 0.976739049 -0.181253314 -0.114577971
vn 0.692496836 -0.555539072 -0.46024403
vn 0.522477865 -0.452920288 -0.722412705
vn 0.796786129 -0.588405728 -0.137515366
vn 0.819494128 -0.569877863 0.0605686828
vn 0.989883363 -0.140863359 0.016986629
vn 0.999798 0.0164899174 0.011495023
vn 0.825870275 -0.562238038 0.0427395701
vn 0.986690044 -0.160400108 0.0267317519
vn 0.998906016 -0.0464511327 0.00540276151
vn 0.799299777 -0.593140841 -0.0964559391
vn 0.953938961 -0.295884222 -0.0495271869
vn 0.991476357 -0.120068237 -0.0505780838
vn 0.971760273 -0.196182385 -0.131127194
vn 0.621084988 -0.594721079 -0.510451078
vn 0.390825182 -0.474939793 -0.788471878
vn 0.535951674 -0.818467855 -0.207041427
vn 0.268503964 -0.30151242 -0.914874792
vn -0.398426652 0.475619376 0.784246445
vn -0.307325333 0.800758839 0.514136612
vn -0.269348443 0.598106921 0.754797637
vn -0.470667243 0.735981762 0.48662442
vn -0.279500395 0.944871187 0.170581549
vn -0.475565046 0.875154972 0.08911632
vn -0.733415306 0.504390776 0.455732197
vn -0.284718215 0.951188564 -0.119062647
vn -0.824244142 0.553388178 0.119929567
vn -0.484250873 0.864192367 -0.136648104
vn -0.321080327 0.94247818 -0.0929644555
vn -0.826828063 0.55440706 -0.0948064625
vn -0.49174875 0.866957247 -0.081045419
vn -0.251534641 0.926974356 0.278296411
vn -0.815418661 0.577088296 -0.0454028733
vn -0.541231155 0.81900388 0.190529585
vn -0.181540579 0.781171381 0.597339332
vn -0.780416429 0.620187283 0.079486005
vn -0.448802382 0.761085153 0.468322426
vn -0.805751681 0.580432296 0.117739484
vn -0.459845096 -0.702339351 0.543379962
vn -0.276450396 -0.659214139 0.699293852
vn -0.316352546 -0.701481402 0.638627291
vn -0.448048949 -0.649073422 0.614781082
vn -0.851060867 -0.452870041 0.265714496
vn -0.196199432 -0.508642554 0.838324845
vn -0.735640168 -0.476722807 0.481216073
vn -0.311365962 -0.468492627 0.826780379
vn 4.33551122E-07 -0.212114438 0.977244794
vn -0.522427857 -0.323327333 0.789004743
vn -0.907017827 -0.213916227 0.362709939
vn -0.659556627 -0.127129018 0.740826011
vn -0.233961537 -0.162551746 0.958560884
vn -0.327062905 -0.112284467 0.93830812
vn -0.276202857 0.184201702 0.943282366
vn -1.76099854E-06 0.238376141 0.971172929
vn -0.373241067 -0.0182566363 0.927554667
vn -0.702053308 0.0472696796 0.710553885
vn -0.398426652 0.475619376 0.784246445
vn -0.269348443 0.598106921 0.754797637
vn -0.375056624 0.15968968 0.913143873
vn -0.589940548 0.389963299 0.707035363
vn -0.380884737 0.10624665 0.91849798
vn -0.664909303 0.232314065 0.709877312
vn -0.391844869 0.0408629403 0.919123411
vn -0.969476402 -0.215229094 0.117438756
vn -0.735640168 -0.476722807 0.481216073
vn -0.851060867 -0.452870041 0.265714496
vn -0.907017827 -0.213916227 0.362709939
vn -0.945759535 -0.316185623 0.0746029541
vn -0.941127241 -0.00720306486 0.33797577
vn -0.659556627 -0.127129018 0.740826011
vn -0.702053308 0.0472696796 0.710553885
vn -0.880093515 0.250291705 0.403471619
vn -0.664909303 0.232314065 0.709877312
vn -0.97608602 0.186568663 0.111571938
vn -0.733415306 0.504390776 0.455732197
vn -0.589940548 0.389963299 0.707035363
vn -0.470667243 0.735981762 0.48662442
vn -0.398426652 0.475619376 0.784246445
vn -0.824244142 0.553388178 0.119929567
vn -0.826828063 0.55440706 -0.0948064625
vn -0.990339577 0.135036126 -0.0315101184
vn -0.743622482 -0.668594897 0.00254965946
vn -0.815418661 0.577088296 -0.0454028733
vn -0.989411771 0.145034373 0.00541634811
vn -0.999405742 -0.0172380954 0.0298503358
vn -0.780416429 0.620187283 0.079486005
vn -0.945900619 0.323336691 0.0269343499
vn -0.805751681 0.580432296 0.117739484
vn -0.993546307 0.105686016 0.0411833301
vn -0.882620573 0.469144017 0.0297432281
vn -0.971455634 0.235206217 -0.0308529101
vn 0.162551209 0.378684849 -0.911139369
vn 0.0892954692 -0.182690457 -0.979107022
vn 0.0649599954 -0.128545985 -0.989573777
vn 0.31836611 0.266796708 -0.90964967
vn -0.072864458 -0.453126341 -0.888463438
vn -0.0926220641 -0.486892909 -0.868536949
vn 0.00529273879 -0.304318279 -0.952555776
vn 0.0147255324 -0.219310701 -0.975543857
vn 0.0208590329 -0.0877176374 -0.995926917
vn 0.0208590329 -0.0877176374 -0.995926917
vn 1 0 0
vn 1 0 0
vn 1 0 0
vn 1 0 0
vn 1 0 0
vn 1 0 0
vn 1 0 0
vn 1 0 0
vn 1 0 0
vn 1 0 0
vn 1 0 0
vn 1 0 0
vn 1 0 0
vn 1 0 0
vn 1 0 0
vn 1 0 0
vn 1 0 0
vn 1 0 0
vn 1 0 0
vn 1 0 0
vn 1 0 0
vn 1 0 0
vn 1 0 0
vn 1 0 0
vn 0.621084988 -0.594721079 -0.510451078
vn -0.0260499138 -0.532893658 -0.845781147
vn -0.0263223853 -0.168010682 -0.985433578
vn -0.0244380217 -0.177830428 -0.983757675
vn -0.108130224 -0.649947703 -0.752247214
vn -0.110130377 -0.665709436 -0.738039434
vn 0.390825182 -0.474939793 -0.788471878
vn 0.00252809795 -0.561571717 -0.827424228
vn -0.0260499138 -0.532893658 -0.845781147
vn 0.621084988 -0.594721079 -0.510451078
vn 0.268503964 -0.30151242 -0.914874792
vn 0.00252809795 -0.561571717 -0.827424228
vn 0.390825182 -0.474939793 -0.788471878
vn 0.0680430159 0.0888540074 -0.99371779
vn 0.141148731 -0.381540269 -0.913511992
vn 0.0661370382 0.044103127 -0.996835411
vn -0.571170986 -0.800581336 0.18119964
vn -0.571388841 -0.803271472 0.168136165
vn -0.577222109 -0.790957034 0.202981845
vn -0.598531127 -0.800904334 0.0176830217
vn -0.650473356 -0.742276013 0.160968408
vn -0.696073532 -0.717675865 -0.0205652416
vn -0.70969367 -0.701601088 -0.0639598817
vn -0.69657445 -0.71739912 0.0110703083
vn -0.747761726 -0.637905121 0.184199288
vn -0.692263603 -0.699276686 -0.178278521
vn -0.737507641 -0.593779445 -0.321727276
vn -0.818293154 -0.522137046 -0.240352064
vn -0.847349465 -0.517748952 0.118045911
vn -0.838657916 -0.491733432 -0.234202787
vn -0.84656626 -0.527462125 0.0714796558
vn -0.874027669 -0.475745201 -0.0987021849
vn -0.848552108 -0.504271507 0.160216898
vn -0.950183868 -0.30234611 0.0757458061
vn -0.940081418 -0.319437474 -0.119191468
vn -0.910714567 -0.395430595 0.119304761
vn -0.914090037 -0.394198388 0.0951157585
vn -0.91417551 -0.359376043 0.187435314
vn -0.961440444 -0.214459702 0.172161087
vn -0.985075772 -0.134305939 -0.107645363
vn -0.957651734 -0.272008866 -0.0944148153
vn -0.919438541 -0.202533945 -0.337065071
vn -0.952391684 -0.211931631 -0.21916908
vn -0.890763164 -0.342010975 -0.299281657
vn -0.881376624 -0.382084697 -0.277824581
vn -0.914191842 -0.368204564 -0.169347584
vn -0.817826211 -0.539809704 -0.199413523
vn -0.860439301 -0.431785256 -0.270565242
vn -0.87958771 -0.404036671 -0.251156747
vn -0.700011194 -0.610316992 -0.370806545
vn -0.753653467 -0.587665915 -0.294372559
vn -0.56837219 -0.795845807 -0.208764225
vn -0.566722512 -0.815027356 -0.120647833
vn -0.583322167 -0.739249527 -0.336519539
vn -0.570644498 -0.770340979 -0.28449893
vn -0.468728155 -0.816466212 -0.337160021
vn -0.437909156 -0.839874029 -0.320698142
vn -0.460110933 -0.832634687 -0.308249116
vn -0.507476509 -0.852720737 -0.1238342
vn -0.514327526 -0.856218755 0.0485464521
vn 0.794647574 0.567136407 -0.216544315
vn 0.838613987 0.523914039 -0.149132743
vn 0.572420478 0.802726924 -0.167225614
vn 0.598378241 0.801011384 -0.0180016477
vn 0.826817513 0.546029806 -0.134997234
vn 0.848758936 0.52856499 0.0150796063
vn 0.856600583 0.513780355 0.0475945398
vn 0.696555078 0.717429042 -0.0103237368
vn 0.748242855 0.638463497 -0.180269271
vn 0.834532142 0.518825948 0.185406685
vn 0.847969115 0.516554475 -0.118827254
vn 0.792289257 0.456743985 0.4045524
vn 0.781548023 0.475650132 0.403657824
vn 0.658172548 0.249308079 0.71039027
vn 0.812953293 0.441985041 0.37915197
vn 0.847250938 0.526366532 -0.0714437515
vn 0.876258671 0.422532141 0.231597424
vn 0.849835336 0.503489554 -0.155814528
vn 0.949951231 0.303625017 -0.0735154673
vn 0.946135104 0.301557332 0.117862292
vn 0.909394503 0.397706807 -0.121782504
vn 0.913027763 0.396302819 -0.0965625718
vn 0.914673328 0.358164251 -0.187326163
vn 0.962248027 0.203350976 -0.18090646
vn 0.9844504 0.136673033 0.110353321
vn 0.959099114 0.268585056 0.0893915221
vn 0.919847071 0.201355889 0.336655676
vn 0.952436805 0.209887698 0.220932841
vn 0.892487705 0.344677478 0.290969491
vn 0.881387949 0.383180022 0.276275873
vn 0.9355672 0.352472126 -0.021850897
vn 0.815247953 0.542892337 0.201590285
vn 0.85846138 0.433537006 0.274025291
vn 0.894082069 0.445246369 0.0487119853
vn 0.705646217 0.604699433 0.369326413
vn 0.738768339 0.660971582 0.131673723
vn 0.568987668 0.794393361 0.212584466
vn 0.554116666 0.832317889 0.0142027931
vn 0.582705081 0.738508284 0.339205354
vn 0.571720123 0.768852472 0.286359847
vn 0.482808143 0.807895243 0.337937266
vn 0.468214363 0.819298804 0.330945194
vn 0.547061145 0.784877479 0.29101795
vn 0.613685906 0.782667339 0.104025878
vn 0.548587143 0.826987565 -0.123059817
vn -0.284410924 -0.627744853 -0.724601269
vn -0.262796462 -0.78833276 -0.556299746
vn -0.148261264 -0.681662261 -0.716488063
vn -0.394017845 -0.759210527 -0.518024504
vn -0.52247721 -0.452920467 -0.722413063
vn -0.362469018 -0.89237994 -0.268838555
vn -0.692496836 -0.555538952 -0.46024406
vn -0.481419891 -0.864214957 -0.146175891
vn -0.348077416 -0.933808565 0.0827253833
vn -0.796786189 -0.588405788 -0.137515292
vn -0.483335644 -0.871370077 0.0842671916
vn -0.312029898 -0.948517084 0.0543384254
vn -0.819493771 -0.56987834 0.0605687201
vn -0.480363399 -0.875958979 0.0441239141
vn -0.825869977 -0.562238455 0.0427395888
vn -0.243877992 -0.925164521 -0.29085061
vn -0.535951078 -0.818468273 -0.207041517
vn -0.799299479 -0.593141377 -0.0964560732
vn -0.268501848 -0.301512778 -0.914875329
vn -0.141148418 -0.381540269 -0.913511992
vn 0.945759535 -0.316185623 0.074602887
vn 0.134195477 -0.990331292 0.0351513177
vn 0.233224019 -0.971945524 0.0304694045
vn 0.743622363 -0.668595016 0.00254961126
vn 0.122480318 -0.973628521 -0.192473784
vn 0.0618062019 -0.997601092 -0.0311778504
vn 0.108130649 -0.649947762 -0.752247155
vn 0.110130809 -0.665709436 -0.738039374
vn -0.318365782 0.266796768 -0.90964973
vn -0.368542403 0.695625544 -0.616669834
vn -0.19995226 0.75724411 -0.621771991
vn -0.162550464 0.378684938 -0.911139488
vn -0.368542403 0.695625544 -0.616669834
vn -0.16162467 0.531538486 -0.831471205
vn -0.19995226 0.75724411 -0.621771991
vn -0.293024361 0.482182056 -0.825613201
vn -0.130946279 0.359857559 -0.923772514
vn -0.211011082 0.321803033 -0.9229936
vn -0.521998584 0.324252188 -0.788909376
vn -0.378317118 0.204532489 -0.902797163
vn -0.715546906 0.449653327 -0.534606993
vn -0.821552157 0.419614702 -0.385973513
vn -0.318365782 0.266796768 -0.90964973
vn -0.663252652 0.126190603 -0.737680018
vn -0.480056584 0.049742844 -0.87582612
vn -0.70515126 -0.0479448736 -0.707434058
vn -0.50465548 -0.0539509095 -0.861633539
vn -0.667300701 -0.2323737 -0.70761013
vn -0.489564657 -0.169582054 -0.855317712
vn -0.52247721 -0.452920467 -0.722413063
vn -0.388812542 -0.348986655 -0.852662325
vn -0.284410924 -0.627744853 -0.724601269
vn -0.214272037 -0.486785114 -0.846833885
vn -0.130461171 -0.530401289 -0.837648034
vn -0.148261264 -0.681662261 -0.716488063
vn -0.966119826 0.172130495 -0.192310944
vn -0.715546906 0.449653327 -0.534606993
vn -0.821552157 0.419614702 -0.385973513
vn -0.899838805 0.186754286 -0.394224524
vn -0.521998584 0.324252188 -0.788909376
vn -0.663252652 0.126190603 -0.737680018
vn -0.995325804 0.0213513356 -0.0941841826
vn -0.941030562 -0.0094212424 -0.338190615
vn -0.70515126 -0.0479448736 -0.707434058
vn -0.885724485 -0.247194067 -0.392921388
vn -0.667300701 -0.2323737 -0.70761013
vn -0.976739049 -0.181253135 -0.114577912
vn -0.692496836 -0.555538952 -0.46024406
vn -0.52247721 -0.452920467 -0.722413063
vn -0.796786189 -0.588405788 -0.137515292
vn -0.819493771 -0.56987834 0.0605687201
vn -0.989883363 -0.140863538 0.0169866811
vn -0.999798 0.0164900329 0.0114951087
vn -0.825869977 -0.562238455 0.0427395888
vn -0.986689925 -0.160400406 0.0267318357
vn -0.998906016 -0.0464511402 0.00540280761
vn -0.799299479 -0.593141377 -0.0964560732
vn -0.953938961 -0.295884252 -0.0495271981
vn -0.991476357 -0.120068312 -0.0505781099
vn -0.971760273 -0.196182385 -0.131127194
vn -0.621084332 -0.594721377 -0.510451376
vn -0.390821904 -0.474940509 -0.78847301
vn -0.535951078 -0.818468273 -0.207041517
vn -0.268501848 -0.301512778 -0.914875329
vn 0.398426235 0.475619435 0.784246564
vn 0.269347876 0.598106921 0.754797995
vn 0.30732581 0.800758719 0.514136493
vn 0.470667243 0.735981703 0.48662442
vn 0.279500782 0.944870949 0.170581564
vn 0.475564629 0.875155151 0.0891162232
vn 0.733415186 0.504390895 0.455732405
vn 0.284718364 0.951188445 -0.119062588
vn 0.824243724 0.553388774 0.119929418
vn 0.484249711 0.864192963 -0.136648223
vn 0.321080089 0.94247818 -0.0929644927
vn 0.826827586 0.554407716 -0.0948065966
vn 0.491748422 0.866957426 -0.0810454562
vn 0.25153482 0.926974237 0.278296411
vn 0.815418601 0.577088594 -0.0454029068
vn 0.541231334 0.819003701 0.190529585
vn 0.181540579 0.781171381 0.597339332
vn 0.780416429 0.620187283 0.079486005
vn 0.448802322 0.761085153 0.468322426
vn 0.805751681 0.580432355 0.117739484
vn 0.459845096 -0.702339351 0.543380022
vn 0.316352546 -0.701481402 0.638627291
vn 0.276451528 -0.659213901 0.699293613
vn 0.448049039 -0.649073422 0.614781141
vn 0.851060927 -0.452869922 0.265714586
vn 0.196202576 -0.508642256 0.838324249
vn 0.73563987 -0.476722926 0.481216431
vn 0.311366916 -0.468492419 0.82678014
vn 4.33551122E-07 -0.212114438 0.977244794
vn 0.522426605 -0.323327601 0.789005458
vn 0.907017946 -0.213916078 0.36270982
vn 0.659556031 -0.127129018 0.740826547
vn 0.233960941 -0.162551627 0.958561003
vn -1.76099854E-06 0.238376141 0.971172929
vn 0.327060342 -0.112284496 0.938308954
vn 0.276200444 0.184201837 0.943283081
vn 0.398426235 0.475619435 0.784246564
vn 0.269347876 0.598106921 0.754797995
vn 0.375055492 0.159689665 0.91314435
vn 0.58994025 0.389963388 0.707035422
vn 0.380883068 0.106246702 0.918498695
vn 0.664909005 0.232314229 0.709877551
vn 0.373238504 -0.0182566922 0.927555799
vn 0.702053308 0.0472697504 0.710553765
vn 0.391843289 0.040862985 0.919124067
vn 0.969476521 -0.215228975 0.117438704
vn 0.851060927 -0.452869922 0.265714586
vn 0.73563987 -0.476722926 0.481216431
vn 0.907017946 -0.213916078 0.36270982
vn 0.945759535 -0.316185623 0.074602887
vn 0.94112736 -0.00720293075 0.337975591
vn 0.659556031 -0.127129018 0.740826547
vn 0.702053308 0.0472697504 0.710553765
vn 0.880093515 0.250291824 0.403471768
vn 0.664909005 0.232314229 0.709877551
vn 0.97608614 0.186568424 0.111571848
vn 0.733415186 0.504390895 0.455732405
vn 0.58994025 0.389963388 0.707035422
vn 0.470667243 0.735981703 0.48662442
vn 0.398426235 0.475619435 0.784246564
vn 0.824243724 0.553388774 0.119929418
vn 0.826827586 0.554407716 -0.0948065966
vn 0.990339577 0.135035813 -0.0315101184
vn 0.743622363 -0.668595016 0.00254961126
vn 0.815418601 0.577088594 -0.0454029068
vn 0.989411771 0.145034328 0.0054163388
vn 0.999405742 -0.0172381978 0.029850306
vn 0.780416429 0.620187283 0.079486005
vn 0.9459005 0.323336899 0.0269343462
vn 0.805751681 0.580432355 0.117739484
vn 0.993546307 0.105686069 0.0411833078
vn 0.882620573 0.469144166 0.0297432095
vn 0.971455634 0.235206515 -0.0308529418
vn -0.162550464 0.378684938 -0.911139488
vn -0.0649599954 -0.128545985 -0.989573777
vn -0.0892954692 -0.182690457 -0.979107022
vn -0.318365782 0.266796768 -0.90964973
vn 0.0728644729 -0.453126341 -0.888463438
vn 0.0926220641 -0.486892909 -0.868536949
vn -0.00529273786 -0.304318279 -0.952555776
vn -0.0147255324 -0.219310701 -0.975543857
vn -0.0208590329 -0.0877176151 -0.995926917
vn -0.0208590329 -0.0877176151 -0.995926917
vn -0.621084332 -0.594721377 -0.510451376
vn 0.0263227988 -0.168010682 -0.985433578
vn 0.0260514542 -0.532893538 -0.845781207
vn 0.0244384408 -0.177830413 -0.983757675
vn 0.108130649 -0.649947762 -0.752247155
vn 0.110130809 -0.665709436 -0.738039374
vn -0.390821904 -0.474940509 -0.78847301
vn -0.621084332 -0.594721377 -0.510451376
vn 0.0260514542 -0.532893538 -0.845781207
vn -0.00252390094 -0.561571479 -0.827424288
vn -0.268501848 -0.301512778 -0.914875329
vn -0.390821904 -0.474940509 -0.78847301
vn -0.00252390094 -0.561571479 -0.827424288
vn -0.0680408552 0.0888540372 -0.993718028
vn -0.141148418 -0.381540269 -0.913511992
vn -0.0661370233 0.0441031121 -0.996835411
vn 0.571171939 -0.8005808 0.181199148
vn 0.577221811 -0.790957272 0.202981815
vn 0.571388721 -0.803271532 0.16813615
vn 0.598530889 -0.800904572 0.0176830404
vn 0.650473475 -0.742275774 0.160968438
vn 0.696073532 -0.717675984 -0.0205651987
vn 0.709693432 -0.701601326 -0.063959837
vn 0.696574211 -0.717399359 0.0110703371
vn 0.747761726 -0.637905121 0.184199303
vn 0.692263603 -0.699276686 -0.178278536
vn 0.737507641 -0.593779445 -0.321727276
vn 0.818293154 -0.522137046 -0.240352064
vn 0.847349524 -0.517748952 0.118045919
vn 0.838657916 -0.491733581 -0.234202817
vn 0.84656626 -0.527462125 0.0714796558
vn 0.874027669 -0.475745201 -0.0987021849
vn 0.848552108 -0.504271507 0.160216928
vn 0.950183868 -0.302346081 0.0757458061
vn 0.940081418 -0.319437504 -0.119191483
vn 0.910714626 -0.395430535 0.119304784
vn 0.914090037 -0.394198388 0.0951157585
vn 0.91417551 -0.359376043 0.187435314
vn 0.961440444 -0.214459687 0.172161087
vn 0.985075772 -0.134305939 -0.10764537
vn 0.957651734 -0.272008866 -0.0944148079
vn 0.919438481 -0.202533916 -0.337065101
vn 0.952391684 -0.211931631 -0.21916908
vn 0.890763164 -0.342010945 -0.299281627
vn 0.881376624 -0.382084638 -0.277824581
vn 0.914191842 -0.368204504 -0.169347569
vn 0.817826211 -0.539809704 -0.199413523
vn 0.860439301 -0.431785256 -0.270565242
vn 0.87958771 -0.404036671 -0.251156747
vn 0.700011194 -0.610316992 -0.370806485
vn 0.753653467 -0.587665796 -0.294372559
vn 0.56837213 -0.795845807 -0.208764225
vn 0.566722572 -0.815027356 -0.120647833
vn 0.583322167 -0.739249527 -0.336519599
vn 0.570644498 -0.770340979 -0.28449896
vn 0.468728125 -0.816466093 -0.337160021
vn 0.437909156 -0.83987397 -0.320698112
vn 0.460110933 -0.832634687 -0.308249116
vn 0.507476509 -0.852720737 -0.123834223
vn 0.514327526 -0.856218755 0.0485464446
vn -0.794647574 0.567136526 -0.21654439
vn -0.572420359 0.802726924 -0.167225614
vn -0.838613927 0.523914099 -0.149132773
vn -0.59837842 0.801011324 -0.0180016831
vn -0.826817513 0.546029806 -0.134997234
vn -0.848759055 0.528564751 0.0150795206
vn -0.856600761 0.513780117 0.0475944541
vn -0.696555197 0.717428923 -0.0103237908
vn -0.748242855 0.638463497 -0.180269271
vn -0.834532142 0.518825948 0.185406655
vn -0.847969115 0.516554475 -0.118827254
vn -0.792289257 0.456743985 0.40455246
vn -0.781548083 0.475650191 0.403657705
vn -0.658172548 0.249308079 0.71039027
vn -0.812953293 0.441985041 0.379152
vn -0.847250938 0.526366532 -0.0714437515
vn -0.876258671 0.422532201 0.231597424
vn -0.849835336 0.503489554 -0.155814528
vn -0.949951231 0.303625017 -0.0735154599
vn -0.946135104 0.301557362 0.117862292
vn -0.909394503 0.397706807 -0.121782504
vn -0.913027763 0.396302819 -0.0965625718
vn -0.914673328 0.358164251 -0.187326163
vn -0.962248027 0.203351021 -0.18090646
vn -0.9844504 0.136673063 0.110353328
vn -0.959099114 0.268585086 0.0893915072
vn -0.919847071 0.201355904 0.336655736
vn -0.952436805 0.209887698 0.220932856
vn -0.892487705 0.344677418 0.290969491
vn -0.881388009 0.383179963 0.276275873
vn -0.9355672 0.352472126 -0.0218509044
vn -0.815248013 0.542892218 0.201590285
vn -0.85846138 0.433536917 0.274025291
vn -0.894082069 0.445246369 0.0487119853
vn -0.705646217 0.604699373 0.369326413
vn -0.738768339 0.660971642 0.131673709
vn -0.568987727 0.794393361 0.212584466
vn -0.554116607 0.832317889 0.0142027903
vn -0.582705081 0.738508284 0.339205354
vn -0.571720123 0.768852472 0.286359847
vn -0.482808143 0.807895303 0.337937295
vn -0.468214363 0.819298804 0.330945253
vn -0.547061145 0.784877479 0.29101795
vn -0.613685966 0.782667339 0.104025885
vn -0.548587143 0.826987565 -0.123059817
vn -0.818293154 -0.522137046 -0.240352064
vn -0.753806353 -0.436241567 -0.491395205
vn -0.726655662 -0.444436133 -0.523877919
vn -0.776971817 -0.535380483 -0.331183702
vn -0.833541632 -0.550846815 -0.0421438366
vn -0.698516667 -0.704738796 0.124168195
vn -0.569953978 -0.798723519 0.192855403
vn -0.563299358 -0.787174881 0.251096666
vn -0.571170986 -0.800581336 0.18119964
vn -0.617018759 -0.779453456 0.108351976
vn -0.656570852 -0.753817797 -0.0259523522
vn -0.715151548 -0.675752342 0.178653628
vn -0.868272483 -0.486204118 0.0985308662
vn -0.8358289 -0.453791499 0.308971435
vn -0.93109262 -0.341222376 0.128972054
vn -0.907558441 -0.414000571 0.0702939257
vn -0.888210177 -0.453004062 0.0766157731
vn -0.860090673 -0.453182578 0.234242678
vn -0.917961836 -0.394055396 -0.045456782
vn -0.872808039 -0.27156055 -0.405537993
vn -0.878742516 -0.313975811 -0.359486789
vn -0.877063155 -0.400179207 -0.265738547
vn -0.741348624 -0.60018605 -0.300298125
vn -0.574597239 -0.746009469 -0.336612374
vn -0.607564807 -0.746726573 -0.270674199
vn -0.525148273 -0.783567131 -0.332026809
vn -0.525148273 -0.783567131 -0.332026809
vn -0.32911852 -0.806840062 -0.490601778
vn -0.383373171 -0.839264333 -0.385565072
vn -0.512571454 -0.833547294 -0.206081077
vn -0.448414236 -0.893389344 0.0279324856
vn -0.681841612 -0.591337681 -0.430594593
vn -0.726617932 -0.469127476 -0.501941979
vn -0.529316843 0.000962739985 -0.848423719
vn -0.691822827 -0.0198527519 -0.721794307
vn -0.309532642 0.00523250829 -0.950874507
vn -0.590310335 -0.388324887 -0.707628071
vn -0.265880823 0.00270646485 -0.964002192
vn -0.874130845 -0.259140998 -0.410781205
vn -0.92775476 -0.304339498 -0.215982929
vn -0.794509232 -0.267965198 -0.544930935
vn -0.753806353 -0.436241567 -0.491395205
vn 0.428081334 0.903154671 -0.0325273611
vn 0.766736567 0.638775945 -0.0638771579
vn 0.515002668 0.851342499 -0.0999405235
vn 0.722663939 0.67601788 0.144071549
vn 0.99485898 -0.0460052304 -0.0902172625
vn 0.839701653 -0.105605461 0.532680631
vn 0.640424252 -0.764958382 0.0685226545
vn 0.626506984 -0.622706711 0.468748629
vn 0.486673892 -0.0285526812 0.87311691
vn 0.315973073 -0.164527848 0.934393704
vn 0.422569007 0.045540683 0.905185878
vn 0.268307984 -0.0853798166 0.959542096
vn 0.647670925 -0.0928126052 0.756246209
vn 0.578771055 -0.225057691 0.783819556
vn 0.926958978 -0.0188700315 0.374687791
vn 0.963629186 -0.159540176 0.214396387
vn 0.99833715 0.0524703301 0.0238708369
vn 0.999500632 0.0167615227 0.0267889556
vn 0.989199758 0.142202318 -0.0355270505
vn 0.99101615 0.133274078 -0.0111795543
vn 0.921867013 0.353706628 -0.158281222
vn 0.982965767 0.182091087 -0.0249252636
vn 0.949776769 0.296076596 -0.101305224
vn 0.987574637 0.157129064 0.00261954661
vn 0.794647574 0.567136407 -0.216544315
vn 0.635763764 0.760461271 -0.132299349
vn 0.66006124 0.750624716 0.0296923909
vn 0.716976345 0.674767137 -0.175026238
vn 0.868319154 0.486302555 -0.097630389
vn 0.838174522 0.452796459 -0.304037601
vn 0.932330668 0.340145022 -0.122722343
vn 0.906515718 0.41545251 -0.075023219
vn 0.887925029 0.453253567 -0.0784242004
vn 0.862719238 0.450247914 -0.230200663
vn 0.918200672 0.393169969 0.0482163802
vn 0.873959899 0.270946711 0.40346244
vn 0.880444825 0.312588274 0.356518537
vn 0.877533078 0.398672819 0.266450018
vn 0.734283984 0.606657028 0.304621607
vn 0.574795187 0.743999898 0.34069711
vn 0.607595503 0.746663868 0.27077812
vn 0.524007559 0.783829272 0.333208412
vn 0.524007559 0.783829272 0.333208412
vn 0.417006612 0.806946576 0.418261677
vn 0.858879983 0.464977145 0.214758769
vn 0.914205492 0.390540928 0.108195193
vn 0.999266922 -0.0379081592 -0.00535514578
vn 0.999243975 -0.0381710231 -0.00737255532
vn 0.999217272 -0.0384312421 -0.00937077217
vn 1 0 0
vn 1 0 0
vn 1 0 0
vn -0.300055921 0.254272312 -0.9194085
vn -0.266454101 0.199320018 -0.943013132
vn -0.266454101 0.199320018 -0.943013132
vn -0.300271481 0.254628509 -0.919239581
vn -0.26418224 0.206733227 -0.942055881
vn -0.264629662 0.207389101 -0.941785932
vn -0.254463434 0.188865557 -0.948460937
vn -0.254640847 0.189113781 -0.948363841
vn -0.391677082 0.311560631 -0.865747631
vn -0.392139047 0.311783373 -0.86545831
vn -0.48618871 0.263710707 -0.833113015
vn -0.485506475 0.266768783 -0.832536995
vn -0.503037393 0.178411394 -0.845649362
vn -0.503037393 0.178411394 -0.845649362
vn -0.168174922 -0.38188076 0.908781767
vn -0.140994057 -0.434368312 0.889631927
vn -0.140994057 -0.434368312 0.889631927
vn -0.16882056 -0.380600274 0.909199059
vn -0.170219034 -0.299591839 0.938759863
vn -0.170324951 -0.29971838 0.938700318
vn -0.208869785 -0.230673969 0.950348914
vn -0.170324951 -0.29971838 0.938700318
vn -0.170219034 -0.299591839 0.938759863
vn -0.209098354 -0.230526164 0.950334489
vn -0.345179707 -0.11251051 0.931768358
vn -0.345286667 -0.112395503 0.931742668
vn -0.404339373 0.0296150111 0.914129496
vn -0.404160261 0.0305755157 0.914177001
vn -0.466745675 0.416955352 0.779933751
vn -0.466834188 0.417532265 0.77957207
vn -0.474622995 0.336033195 0.813519895
vn -0.475831062 0.344749004 0.809155643
vn -0.482179135 0.47831136 0.733976603
vn -0.482724756 0.491897762 0.724578023
vn -0.427019566 0.895082235 -0.128382638
vn -0.427277297 0.895577192 -0.123998716
vn -0.405070156 0.890290558 -0.208088577
vn -0.404895663 0.889517605 -0.211702392
vn -0.392300993 0.885228992 0.249939159
vn -0.392411739 0.885579944 0.248518184
vn -0.311448365 0.795247972 0.52017349
vn -0.310317606 0.794317544 0.522266865
vn -0.235784501 0.725990772 0.646021008
vn -0.235784501 0.725990772 0.646021008
vn 0.818293154 -0.522137046 -0.240352064
vn 0.726655662 -0.444436133 -0.523877919
vn 0.753806353 -0.436241567 -0.491395205
vn 0.776971757 -0.535380423 -0.331183702
vn 0.833541811 -0.550846517 -0.0421438292
vn 0.698516667 -0.704738796 0.124168165
vn 0.569954932 -0.798722982 0.192854807
vn 0.563301742 -0.78717339 0.251095772
vn 0.571171939 -0.8005808 0.181199148
vn 0.617019057 -0.779453278 0.108351834
vn 0.656570852 -0.753817797 -0.0259523522
vn 0.715151548 -0.675752342 0.178653628
vn 0.868272483 -0.486204118 0.0985308588
vn 0.8358289 -0.453791499 0.308971435
vn 0.93109262 -0.341222376 0.128972054
vn 0.907558441 -0.414000571 0.0702939257
vn 0.888210177 -0.453004122 0.0766157657
vn 0.860090613 -0.453182608 0.234242663
vn 0.917961836 -0.394055396 -0.045456782
vn 0.872808039 -0.27156055 -0.405537993
vn 0.878742516 -0.313975811 -0.359486789
vn 0.877063155 -0.400179178 -0.265738547
vn 0.741348624 -0.60018605 -0.300298184
vn 0.574597239 -0.746009469 -0.336612374
vn 0.607564807 -0.746726573 -0.270674199
vn 0.525148273 -0.783567131 -0.332026809
vn 0.525148273 -0.783567131 -0.332026809
vn 0.32911852 -0.806840062 -0.490601778
vn 0.383373171 -0.839264333 -0.385565013
vn 0.512571454 -0.833547294 -0.206081077
vn 0.448414236 -0.893389344 0.0279324856
vn 0.681842268 -0.591337502 -0.430593908
vn 0.726618111 -0.469127417 -0.5019418
vn 0.529319763 0.000962702499 -0.848421812
vn 0.691823125 -0.0198527649 -0.721794188
vn 0.309534997 0.00523253484 -0.950873613
vn 0.590312064 -0.388324678 -0.70762676
vn 0.265882343 0.002706517 -0.964001715
vn 0.874130905 -0.259140939 -0.410780996
vn 0.92775476 -0.304339528 -0.215982959
vn 0.794509232 -0.267965198 -0.544930935
vn 0.753806353 -0.436241567 -0.491395205
vn -0.428081334 0.903154671 -0.0325273611
vn -0.515002608 0.851342618 -0.0999405459
vn -0.766736567 0.638776004 -0.063877143
vn -0.722663939 0.676017821 0.144071579
vn -0.99485898 -0.0460047498 -0.0902172253
vn -0.839702547 -0.105604887 0.532679439
vn -0.64042592 -0.764957011 0.0685226172
vn -0.626509845 -0.622704864 0.468747318
vn -0.486673445 -0.0285525508 0.873117208
vn -0.315971911 -0.16452767 0.934394121
vn -0.422568381 0.045540683 0.905186117
vn -0.268310159 -0.0853797942 0.959541559
vn -0.647673488 -0.0928119421 0.756244004
vn -0.578775406 -0.225056663 0.783816636
vn -0.926959157 -0.0188696049 0.374687374
vn -0.963629425 -0.159539595 0.214395925
vn -0.99833715 0.0524703078 0.0238708202
vn -0.999500632 0.0167614892 0.0267889407
vn -0.989199758 0.142202437 -0.0355270691
vn -0.99101615 0.133274168 -0.0111795608
vn -0.921866894 0.353706777 -0.158281207
vn -0.982965767 0.182091236 -0.0249252114
vn -0.949776769 0.296076626 -0.101305149
vn -0.987574637 0.157129094 0.00261963019
vn -0.794647574 0.567136526 -0.21654439
vn -0.635763764 0.760461271 -0.132299349
vn -0.66006124 0.750624716 0.0296923909
vn -0.716976345 0.674767137 -0.175026238
vn -0.868319154 0.486302555 -0.097630389
vn -0.838174522 0.452796459 -0.304037601
vn -0.932330668 0.340145022 -0.122722343
vn -0.906515718 0.41545251 -0.075023219
vn -0.887925029 0.453253508 -0.0784242004
vn -0.862719238 0.450247914 -0.230200663
vn -0.918200672 0.393169969 0.0482163802
vn -0.873959899 0.270946711 0.40346244
vn -0.880444825 0.312588245 0.356518507
vn -0.877533078 0.398672819 0.266450018
vn -0.734283984 0.606656969 0.304621607
vn -0.574795187 0.743999898 0.34069711
vn -0.607595503 0.746663868 0.27077812
vn -0.524007559 0.783829272 0.333208412
vn -0.524007559 0.783829272 0.333208412
vn -0.417006612 0.806946576 0.418261677
vn -0.858879983 0.464977145 0.214758769
vn -0.914205492 0.390540928 0.108195208
vn -0.999266922 -0.0379081592 -0.00535514578
vn -0.999243975 -0.0381710008 -0.0073725488
vn -0.999217272 -0.0384311937 -0.00937076006
vn 0.30006206 0.254271865 -0.919406712
vn 0.266461045 0.19931972 -0.943011224
vn 0.266461045 0.19931972 -0.943011224
vn 0.300277561 0.254628092 -0.919237673
vn 0.264186412 0.206732869 -0.942054689
vn 0.264633864 0.207388788 -0.941784918
vn 0.254462987 0.188865706 -0.948461056
vn 0.254640371 0.18911393 -0.9483639
vn 0.391676158 0.31156081 -0.865748107
vn 0.392138124 0.311783522 -0.865458667
vn 0.486189634 0.263710558 -0.833112478
vn 0.485507518 0.266768605 -0.832536459
vn 0.503037393 0.178411394 -0.845649362
vn 0.503037393 0.178411394 -0.845649362
vn 0.168177009 -0.381880432 0.908781528
vn 0.140998408 -0.434367985 0.889631331
vn 0.140998408 -0.434367985 0.889631331
vn 0.168822661 -0.380600035 0.90919888
vn 0.170221597 -0.29959166 0.938759565
vn 0.170327514 -0.299718142 0.93870002
vn 0.208873928 -0.230673745 0.95034802
vn 0.170221597 -0.29959166 0.938759565
vn 0.170327514 -0.299718142 0.93870002
vn 0.209102541 -0.230525941 0.950333595
vn 0.345181197 -0.11251045 0.931767821
vn 0.345288098 -0.112395443 0.931742072
vn 0.40433836 0.0296149869 0.914129913
vn 0.404159248 0.0305754896 0.914177537
vn 0.466743737 0.416955799 0.779934704
vn 0.466832221 0.417532712 0.779573023
vn 0.47462368 0.336033612 0.813519418
vn 0.475831658 0.344749451 0.809155166
vn 0.482181877 0.478310645 0.733975232
vn 0.482727408 0.491897047 0.724576771
vn 0.427021384 0.895081282 -0.128382534
vn 0.427279145 0.895576179 -0.123998605
vn 0.405070722 0.89029038 -0.208088309
vn 0.40489623 0.889517367 -0.211702123
vn 0.392300755 0.885229111 0.249939278
vn 0.392411411 0.885580003 0.248518258
vn 0.311447114 0.79524833 0.520173728
vn 0.310316354 0.794317842 0.522267103
vn 0.235781908 0.725991309 0.646021307
vn 0.235781908 0.725991309 0.646021307
vn 0.149455339 0.560337603 0.814668477
vn 0.0362096503 0.442176193 0.896196961
vn -0.534914255 0.786114872 0.309661537
vn 0.275266737 -0.146426558 0.950151384
vn 0.209416777 -0.530731201 0.821260631
vn -0.200594738 -0.256020546 0.945629537
vn -0.149455354 0.560337543 0.814668536
vn 0.534914255 0.786114872 0.309661537
vn -0.0362096503 0.442176193 0.896196961
vn -0.275266737 -0.146426544 0.950151265
vn 0.200594738 -0.256020546 0.945629537
vn -0.209416747 -0.530731261 0.821260512
vn -0.0349923074 0.39525333 -0.91790539
vn -0.0426572673 0.534935772 -0.843815148
vn -0.056665387 0.71888721 -0.692813218
vn -0.0475442857 0.808751881 -0.586225271
vn -0.0735378414 0.928988993 -0.362728149
vn -0.0363290235 0.664431751 -0.746465385
vn -0.0636284202 0.367414415 -0.927878261
vn -0.0548898466 0.564970255 -0.823283434
vn -0.0192466862 0.992807269 -0.118166231
vn -0.054598663 0.998044491 0.0304343179
vn 0.0205647033 0.924108744 -0.381575853
vn 0.0552613437 0.828489006 -0.557272017
vn 0.0202364512 0.942222416 0.334376156
vn -0.00670819357 0.917955399 0.396626651
vn 0.0776080266 0.991247237 0.106798351
vn 0.0526704602 0.786853135 0.614888608
vn 0.0312544592 0.710963905 0.702533543
vn 0.0989370346 0.882189631 0.460383534
vn 0.127177224 0.673111081 0.728524148
vn 0.280042529 0.7965132 0.535857201
vn 0.167602494 0.970291972 -0.174478441
vn 0.239893332 0.947996557 0.209174335
vn 0.0410234816 0.773225427 -0.632802904
vn -0.131230727 0.466340005 -0.874817371
vn 0.082125105 0.603563786 -0.793073952
vn 0.426133305 0.833410621 0.351905137
vn 0.462749302 0.601414204 0.651278794
vn 0.50104773 0.718411028 0.482531637
vn 0.34409523 0.937921643 0.043606434
vn 0.213303953 0.930857003 -0.296658933
vn 0.464998603 0.860364914 0.20868285
vn 0.52326417 0.759212315 0.387028903
vn 0.263142824 0.836922407 -0.479913324
vn 0.397811741 0.9112674 -0.106477842
vn 0.551104009 0.833806157 0.0324284509
vn 0.572965443 0.748290002 0.334324032
vn 0.445075572 0.58235991 -0.68026799
vn 0.302659661 0.279656827 -0.911147118
vn 0.531916916 0.775197446 -0.340783238
vn 0.735785246 0.536884844 -0.412764758
vn 0.692614377 0.71994096 -0.0443887003
vn 0.404787749 0.751764596 0.520573676
vn 0.763132155 0.630488992 0.141820341
vn 0.0312544592 0.710963905 0.702533543
vn 0.0855773911 0.538407922 0.838327706
vn 0.0559309833 0.389879256 0.919165909
vn 0.0526704602 0.786853135 0.614888608
vn 0.127177224 0.673111081 0.728524148
vn -0.00248451228 -0.929349303 -0.369193435
vn -0.00297501008 -0.825605035 -0.564240634
vn -0.00694080256 -0.722732246 -0.691093266
vn 0.0223855171 -0.978040814 -0.207208037
vn 0.00767153408 -0.999957323 -0.00514154974
vn 0.0140111372 -0.917096376 -0.398419291
vn -0.0301100705 -0.69529736 -0.71809119
vn -0.144721225 -0.820230663 -0.553423405
vn 0.0518196188 -0.982432604 0.179278985
vn 0.024798492 -0.932783842 0.359582037
vn 0.0629414842 -0.997793198 -0.0211479478
vn -0.0865185261 -0.976324201 -0.198255911
vn -0.32298854 -0.862194538 -0.390255034
vn 0.0808207318 -0.836648643 0.54174453
vn 0.046078641 -0.729736984 0.68217361
vn 0.109174401 -0.926497936 0.360114425
vn 0.103531286 -0.561692894 0.820842505
vn 0.0634969622 -0.40563494 0.911826909
vn 0.145220488 -0.711141288 0.687887371
vn -0.0103305038 -0.982856929 0.184080645
vn 0.075504303 -0.840019763 0.537276208
vn 0.160525903 -0.569634199 0.806069672
vn -0.24320741 -0.968642771 -0.0508067496
vn 0.0383243561 -0.780462623 0.624026775
vn 0.203987986 -0.493955582 0.84521991
vn 0.00307154376 -0.640837371 0.767670512
vn -0.120584853 -0.945239067 0.303285927
vn -0.343016118 -0.903333247 -0.257544339
vn -0.356148988 -0.731328547 -0.58164984
vn -0.23210296 -0.87170279 -0.431581199
vn -0.163185418 -0.869623125 0.465968162
vn -0.276895225 -0.954628527 0.109606087
vn -0.324810475 -0.74057126 0.588262081
vn -0.145350873 -0.41469714 0.898275733
vn -0.584419131 -0.514740229 0.627293348
vn -0.294935495 -0.951685369 -0.0854867771
vn -0.328789055 -0.909334481 0.254967809
vn -0.562624395 -0.801101387 0.20418258
vn -0.792724848 -0.608941138 -0.0278935824
vn -0.498681843 -0.773508012 -0.391154468
vn -0.427518934 -0.903827786 -0.017967578
vn -0.255799264 -0.82733959 -0.500075996
vn -0.258343726 -0.932376087 -0.252850503
vn -0.0466094911 -0.834311128 -0.549320102
vn -0.0570304431 -0.853358567 -0.518195629
vn -0.135468721 -0.686586022 -0.714316368
vn 0.182669491 -0.781774759 -0.596204638
vn 0.15040271 -0.678094864 -0.71942085
vn 0.252063066 -0.729347646 -0.636015892
vn -0.135468721 -0.686586022 -0.714316368
vn -0.356148988 -0.731328547 -0.58164984
vn -0.23210296 -0.87170279 -0.431581199
vn -0.31994161 -0.457761884 -0.829512775
vn -0.357715964 -0.634862244 -0.684827805
vn -0.32298854 -0.862194538 -0.390255034
vn -0.144721225 -0.820230663 -0.553423405
vn -0.175307363 -0.536375582 -0.825571656
vn -0.0301100705 -0.69529736 -0.71809119
vn -0.339029014 -0.307352215 -0.889153481
vn -0.00962862186 -0.411671638 -0.911281347
vn 0.15040271 -0.678094864 -0.71942085
vn -0.0570304431 -0.853358567 -0.518195629
vn -0.232294559 -0.110810377 -0.966312706
vn 0.140801802 -0.0739084557 -0.987275243
vn -0.0936772376 0.263864994 -0.959999919
vn 0.302659661 0.279656827 -0.911147118
vn 0.082125105 0.603563786 -0.793073952
vn -0.131230727 0.466340005 -0.874817371
vn -0.262498885 0.0807932466 -0.961543918
vn -0.171345413 -0.168935686 -0.970619142
vn -0.130380958 0.219795614 -0.966794074
vn -0.0548898466 0.564970255 -0.823283434
vn -0.0636284202 0.367414415 -0.927878261
vn -0.0616095811 -0.369416416 -0.92721945
vn -0.0735841617 0.00522408215 -0.997275293
vn -0.0219638888 -0.545237184 -0.837993979
vn -0.00297501008 -0.825605035 -0.564240634
vn -0.00694080256 -0.722732246 -0.691093266
vn -0.0102363378 -0.39650771 -0.917974293
vn -0.0340863056 -0.185537636 -0.98204571
vn -0.018678857 0.000848240277 -0.99982518
vn -0.0402590781 0.193332106 -0.980307043
vn -0.0426572673 0.534935772 -0.843815148
vn -0.0349923074 0.39525333 -0.91790539
vn -0.122789897 0.533081591 0.837106049
vn 0.387540221 0.615618229 0.686168134
vn 0.0838685557 0.664905727 0.742203772
vn -0.265827149 0.646582484 0.715029359
vn -0.00249739108 0.742767334 0.669544995
vn -0.258290738 0.625589013 0.736155093
vn 0.0276753958 0.689812362 0.723459005
vn -0.231571019 0.551353455 0.801488757
vn 0.00589484256 0.533002913 0.84609288
vn -0.251858503 0.64714998 0.719558358
vn -0.0179036595 0.544979513 0.838258147
vn 0.144986644 0.57138145 0.807776034
vn -0.0910631418 0.764572024 0.638073027
vn -0.437123626 0.684045196 0.58395642
vn -0.317424119 0.859363675 0.400918871
vn -0.430351019 0.532168627 0.729105294
vn -0.610203087 0.67270267 0.418477386
vn -0.524965286 0.844939351 0.102414995
vn -0.473880231 0.524894893 0.707052112
vn -0.778950453 0.597058952 0.191720575
vn -0.683529258 0.696523249 -0.218272686
vn -0.621780276 0.487754345 0.612768292
vn -0.465084791 0.517159104 0.718500137
vn -0.903418541 0.407203585 -0.134239048
vn -0.762455523 0.419330597 -0.492771208
vn -0.812317967 0.399079412 0.425293982
vn -0.980971277 0.181913257 0.0678446069
vn -0.662511468 0.403137356 0.631315172
vn -0.291705847 0.39792341 0.869807303
vn 0.149860531 0.381015956 0.912342429
vn -0.0443422794 0.188885793 0.980997443
vn -0.860926628 0.235566571 0.450903237
vn -0.665890992 0.346048057 0.66093868
vn -0.510760963 0.199191138 0.836328924
vn -0.310917974 -0.078793928 0.947165072
vn -0.995688021 -0.0923101828 0.00917568337
vn -0.844384015 -0.243672192 -0.477115929
vn -0.898276865 0.0780170187 0.432448775
vn -0.936882079 -0.329244405 -0.117686667
vn -0.800086975 -0.187350035 0.569877863
vn -0.792724848 -0.608941138 -0.0278935824
vn -0.584419131 -0.514740229 0.627293348
vn -0.145350873 -0.41469714 0.898275733
vn 0.128566772 -0.0759478882 0.988788426
vn -0.310917974 -0.078793928 0.947165072
vn 0.128566772 -0.0759478882 0.988788426
vn -0.0443422794 0.188885793 0.980997443
vn 0.317941189 0.194711864 0.927901268
vn 0.149860531 0.381015956 0.912342429
vn 0.390084356 0.0291740969 0.920316875
vn 0.219170585 -0.313776046 0.923855424
vn -0.145350873 -0.41469714 0.898275733
vn 0.00307154376 -0.640837371 0.767670512
vn 0.203987986 -0.493955582 0.84521991
vn 0.344379246 -0.134480938 0.929148972
vn 0.232126266 -0.212860048 0.949109018
vn 0.160525903 -0.569634199 0.806069672
vn 0.166055754 -0.385616601 0.907593191
vn 0.145220488 -0.711141288 0.687887371
vn 0.103531286 -0.561692894 0.820842505
vn 0.113780037 -0.200824589 0.972997248
vn 0.0634969622 -0.40563494 0.911826909
vn 0.0680349171 -0.00643248297 0.997662187
vn 0.169367746 -0.0035953226 0.98554635
vn 0.107871443 0.186765254 0.976464212
vn 0.0559309833 0.389879256 0.919165909
vn 0.0855773911 0.538407922 0.838327706
vn 0.155560315 0.368800253 0.916399062
vn 0.127177224 0.673111081 0.728524148
vn 0.279098719 0.175168708 0.944150269
vn 0.294223905 0.5293383 0.795759439
vn 0.280042529 0.7965132 0.535857201
vn 0.462749302 0.601414204 0.651278794
vn 0.433270335 0.248345822 0.866372347
vn 0.490247637 0.416226894 0.7657758
vn 0.50104773 0.718411028 0.482531637
vn 0.450690269 0.522457182 0.723821044
vn 0.52326417 0.759212315 0.387028903
vn 0.387540221 0.615618229 0.686168134
vn -0.122789897 0.533081591 0.837106049
vn 0.572965443 0.748290002 0.334324032
vn 0.0838685557 0.664905727 0.742203772
vn 0.404787749 0.751764596 0.520573676
vn 0.252063066 -0.729347646 -0.636015892
vn -0.0466094911 -0.834311128 -0.549320102
vn 0.0284118149 -0.733024538 -0.679608524
vn 0.342437088 -0.735218942 -0.584970057
vn 0.129389077 -0.721903086 -0.679789901
vn 0.297193527 -0.744208753 -0.5981884
vn 0.0493358746 -0.69517839 -0.717142105
vn 0.157069653 -0.752815902 -0.639216185
vn -0.170649454 -0.62195164 -0.76423496
vn 0.400785774 -0.793148398 -0.458569825
vn 0.495820791 -0.754515409 -0.429963142
vn 0.584014833 -0.778194129 -0.230956018
vn 0.552409291 -0.696802855 -0.457503855
vn 0.697601855 -0.696489513 -0.168089256
vn 0.718775034 -0.693087399 0.0547020212
vn 0.498058558 -0.652225912 -0.571435988
vn 0.182669491 -0.781774759 -0.596204638
vn 0.847250521 -0.493444979 0.196668461
vn 0.775448799 -0.487448931 0.401338756
vn 0.770418227 -0.567852437 -0.289826512
vn 0.938554406 -0.334266901 -0.0859138444
vn 0.452480853 -0.635841608 -0.625273168
vn 0.15040271 -0.678094864 -0.71942085
vn 0.739679813 -0.477571607 -0.474129945
vn 0.356136948 -0.41689983 -0.836278021
vn -0.00962862186 -0.411671638 -0.911281347
vn 0.140801802 -0.0739084557 -0.987275243
vn 0.92220974 -0.204359204 -0.328278184
vn 0.987070203 0.00897117611 0.16003783
vn 0.711922348 -0.380178839 -0.590449572
vn 0.541867077 -0.0956010222 -0.835009217
vn 0.302659661 0.279656827 -0.911147118
vn 0.98190695 0.163997352 -0.094675824
vn 0.817620337 0.393900275 0.419928044
vn 0.884911776 -0.05209646 -0.462835968
vn 0.925409973 0.304676831 -0.225362986
vn 0.679349422 0.242365792 -0.692634881
vn 0.445075572 0.58235991 -0.68026799
vn 0.735785246 0.536884844 -0.412764758
vn 0.763132155 0.630488992 0.141820341
vn 0.692614377 0.71994096 -0.0443887003
vn 0.0276753958 0.689812362 0.723459005
vn 0.381726176 0.755747318 0.532100499
vn 0.429644048 0.647178054 0.629735351
vn -0.00249739108 0.742767334 0.669544995
vn 0.404787749 0.751764596 0.520573676
vn 0.0838685557 0.664905727 0.742203772
vn 0.0281699821 -0.890138209 -0.454819173
vn 0.157069653 -0.752815902 -0.639216185
vn -0.302629918 -0.697998762 -0.649009109
vn -0.170649454 -0.62195164 -0.76423496
vn -0.5836851 -0.352500707 -0.731474578
vn -0.655920029 -0.53898263 -0.528456926
vn -0.523545444 -0.786498606 -0.327597469
vn -0.876795173 0.0287202578 -0.480005592
vn -0.914917946 -0.137237176 -0.379593223
vn -0.551852942 -0.345241845 -0.759122133
vn -0.339387447 -0.568916023 -0.74909997
vn 0.0493358746 -0.69517839 -0.717142105
vn -0.182576597 -0.671392679 -0.718260109
vn 0.129389077 -0.721903086 -0.679789901
vn -0.209086329 -0.694314837 -0.688628852
vn 0.0284118149 -0.733024538 -0.679608524
vn -0.255799264 -0.82733959 -0.500075996
vn -0.0466094911 -0.834311128 -0.549320102
vn -0.498681843 -0.773508012 -0.391154468
vn -0.557820022 -0.600874722 -0.572526336
vn -0.792724848 -0.608941138 -0.0278935824
vn -0.936882079 -0.329244405 -0.117686667
vn -0.684439063 -0.492446482 -0.537624121
vn -0.995688021 -0.0923101828 0.00917568337
vn -0.844384015 -0.243672192 -0.477115929
vn -0.850556731 0.0551263802 -0.522985995
vn -0.980971277 0.181913257 0.0678446069
vn -0.903418541 0.407203585 -0.134239048
vn -0.762455523 0.419330597 -0.492771208
vn -0.738573194 0.0530745797 -0.672080934
vn -0.722128451 0.147878945 -0.675768018
vn -0.640212297 0.522010505 -0.563589513
vn -0.726484776 -0.21957846 -0.651156783
vn -0.796675682 0.407450706 -0.446421117
vn -0.749330103 0.516607583 -0.414271623
vn -0.823095381 0.309383243 -0.476231068
vn -0.67072165 0.659608662 -0.339188516
vn -0.581293583 0.794979155 -0.173510626
vn -0.845474184 0.185413018 -0.500794828
vn -0.528404355 0.846540451 0.0644827858
vn -0.534914255 0.786114872 0.309661537
vn -0.94757688 -0.265233487 -0.178183198
vn -0.346594334 -0.93624717 -0.0575633682
vn -0.883092225 0.382267386 -0.27206555
vn -0.881400049 0.384169608 -0.274859279
vn -0.952032983 -0.288936615 0.10074164
vn -0.879564703 0.386627704 -0.277281493
vn -0.881269634 0.385578781 -0.273299843
vn 0.209416777 -0.530731201 0.821260631
vn -0.376791179 -0.560809016 0.737239301
vn -0.200594738 -0.256020546 0.945629537
vn 0.0543339588 -0.818314493 0.572196782
vn 0.635928094 -0.704367638 0.315375358
vn -0.952032983 -0.288936615 0.10074164
vn 0.516862094 -0.854571342 0.0506106354
vn 0.718775034 -0.693087399 0.0547020212
vn 0.584014833 -0.778194129 -0.230956018
vn -0.144907504 -0.955173969 0.258156002
vn -0.94757688 -0.265233487 -0.178183198
vn -0.346594334 -0.93624717 -0.0575633682
vn 0.314940572 -0.925795913 -0.209079728
vn 0.400785774 -0.793148398 -0.458569825
vn 0.0281699821 -0.890138209 -0.454819173
vn 0.157069653 -0.752815902 -0.639216185
vn -0.523545444 -0.786498606 -0.327597469
vn -0.914917946 -0.137237176 -0.379593223
vn -0.302629918 -0.697998762 -0.649009109
vn 0.275266737 -0.146426558 0.950151384
vn -0.200594738 -0.256020546 0.945629537
vn -0.0555824488 0.0964868143 0.993781149
vn 0.243037313 0.242363513 0.939251184
vn 0.0362096503 0.442176193 0.896196961
vn 0.149455339 0.560337603 0.814668477
vn 0.382482827 0.275053799 0.882072747
vn 0.144986644 0.57138145 0.807776034
vn -0.0179036595 0.544979513 0.838258147
vn 0.581649125 -0.103266135 0.806858301
vn 0.31482777 0.307740718 0.897874773
vn 0.668704927 -0.458871901 0.585038602
vn 0.209416777 -0.530731201 0.821260631
vn 0.635928094 -0.704367638 0.315375358
vn 0.656379104 -0.108305126 0.746616721
vn 0.775448799 -0.487448931 0.401338756
vn 0.718775034 -0.693087399 0.0547020212
vn 0.308334529 0.432225078 0.847414494
vn 0.00589484256 0.533002913 0.84609288
vn 0.831567883 -0.15908508 0.53215301
vn 0.847250521 -0.493444979 0.196668461
vn 0.938554406 -0.334266901 -0.0859138444
vn 0.987070203 0.00897117611 0.16003783
vn 0.62869817 0.190421164 0.753975034
vn 0.817620337 0.393900275 0.419928044
vn 0.429644048 0.647178054 0.629735351
vn 0.0276753958 0.689812362 0.723459005
vn 0.797706306 0.553523719 0.239324242
vn 0.98190695 0.163997352 -0.094675824
vn 0.925409973 0.304676831 -0.225362986
vn 0.381726176 0.755747318 0.532100499
vn 0.763132155 0.630488992 0.141820341
vn 0.404787749 0.751764596 0.520573676
vn -0.99890852 -0.00823137816 0.0459800288
vn -0.999037743 -0.00885746628 0.0429557189
vn -0.998903275 -0.00887048058 0.045974493
vn -0.999086976 -0.00821237825 0.041926533
vn -0.998976111 -0.00766024692 0.0445868187
vn -0.999126971 -0.00761559559 0.041077964
vn -0.999086618 -0.00745703839 0.0420751646
vn -0.999206603 -0.00741811609 0.0391303599
vn -0.999165177 -0.00763828028 0.0401314385
vn -0.999269187 -0.00762909185 0.0374555625
vn -0.999170065 -0.00816655532 0.0399058498
vn -0.999267876 -0.00815751683 0.0373789705
vn -0.999152899 -0.00877564494 0.0402060561
vn -0.999215603 -0.00876791403 0.038616199
vn -0.999120057 -0.00926828943 0.0409042723
vn -0.999146461 -0.0092639504 0.0402572602
vn -0.762455523 0.419330597 -0.492771208
vn -0.683529258 0.696523249 -0.218272686
vn -0.640212297 0.522010505 -0.563589513
vn -0.489927649 0.818206072 -0.300848335
vn -0.749330103 0.516607583 -0.414271623
vn -0.524965286 0.844939351 0.102414995
vn -0.67072165 0.659608662 -0.339188516
vn -0.302195698 0.95247376 0.0383587629
vn -0.317424119 0.859363675 0.400918871
vn -0.581293583 0.794979155 -0.173510626
vn -0.121897414 0.92632556 0.356457531
vn -0.0910631418 0.764572024 0.638073027
vn -0.528404355 0.846540451 0.0644827858
vn 0.0278753322 0.787304282 0.615934193
vn 0.144986644 0.57138145 0.807776034
vn -0.534914255 0.786114872 0.309661537
vn 0.149455339 0.560337603 0.814668477
vn 0.0349923074 0.39525333 -0.91790539
vn 0.056665387 0.71888721 -0.692813218
vn 0.0426572673 0.534935832 -0.843815148
vn 0.0475442857 0.808751881 -0.586225271
vn 0.0735378414 0.928988993 -0.362728149
vn 0.0363290235 0.664431751 -0.746465385
vn 0.0636284128 0.367414415 -0.927878261
vn 0.0548898391 0.564970255 -0.823283434
vn 0.0192466862 0.992807269 -0.118166231
vn 0.054598663 0.998044491 0.0304343179
vn -0.0205647033 0.924108744 -0.381575823
vn -0.0552613437 0.828489006 -0.557272017
vn -0.020236453 0.942222416 0.334376156
vn 0.0067081945 0.917955399 0.396626651
vn -0.0776080117 0.991247237 0.106798343
vn -0.0526704602 0.786853135 0.614888608
vn -0.0312544592 0.710963905 0.702533543
vn -0.0989370346 0.882189631 0.460383475
vn -0.127177224 0.673111081 0.728524148
vn -0.280042529 0.7965132 0.535857201
vn -0.167602494 0.970291972 -0.174478486
vn -0.239893273 0.947996557 0.209174305
vn -0.0410234891 0.773225427 -0.632802963
vn 0.131230742 0.466340005 -0.874817371
vn -0.082125105 0.603563845 -0.793073893
vn -0.426133364 0.833410621 0.351905078
vn -0.462749392 0.601414144 0.651278794
vn -0.50104773 0.718411028 0.482531637
vn -0.34409529 0.937921524 0.043606434
vn -0.213303924 0.930857003 -0.296658903
vn -0.464998603 0.860364914 0.20868285
vn -0.52326417 0.759212315 0.387028903
vn -0.263142824 0.836922407 -0.479913384
vn -0.397811741 0.9112674 -0.106477849
vn -0.551104009 0.833806157 0.0324284509
vn -0.572965443 0.748290002 0.334324032
vn -0.445075572 0.58235991 -0.68026799
vn -0.302659661 0.279656827 -0.911147118
vn -0.531916857 0.775197566 -0.340783298
vn -0.735785306 0.536884725 -0.412764758
vn -0.692614317 0.71994102 -0.0443886966
vn -0.404787749 0.751764536 0.520573676
vn -0.763132095 0.630488992 0.141820341
vn -0.0312544592 0.710963905 0.702533543
vn -0.0559309833 0.389879256 0.919165909
vn -0.0855774134 0.538407862 0.838327706
vn -0.0526704602 0.786853135 0.614888608
vn -0.127177224 0.673111081 0.728524148
vn 0.00248451228 -0.929349303 -0.369193435
vn 0.00694080256 -0.722732246 -0.691093266
vn 0.00297500985 -0.825605035 -0.564240634
vn -0.0223855153 -0.978040695 -0.207208037
vn -0.00767153408 -0.999957323 -0.00514154974
vn -0.0140111353 -0.917096376 -0.398419261
vn 0.0301100705 -0.69529736 -0.71809119
vn 0.144721225 -0.820230663 -0.553423405
vn -0.0518196188 -0.982432604 0.179278985
vn -0.0247984938 -0.932783842 0.359582037
vn 0.0865185261 -0.976324201 -0.198255911
vn 0.3229886 -0.862194538 -0.390255123
vn -0.0629414767 -0.997793198 -0.0211479478
vn -0.0808207393 -0.836648643 0.54174453
vn -0.046078641 -0.729736984 0.68217361
vn -0.109174408 -0.926497936 0.360114455
vn -0.103531286 -0.561692894 0.820842505
vn -0.0634969622 -0.40563494 0.911826909
vn -0.145220488 -0.711141288 0.687887371
vn 0.0103305066 -0.982856929 0.184080675
vn -0.075504303 -0.840019763 0.537276208
vn -0.160525918 -0.569634259 0.806069672
vn 0.24320738 -0.968642771 -0.0508067496
vn -0.0383243524 -0.780462623 0.624026716
vn -0.203987986 -0.493955582 0.84521991
vn -0.00307154702 -0.640837371 0.767670512
vn 0.120584838 -0.945239067 0.303285927
vn 0.343016177 -0.903333247 -0.257544398
vn 0.356148988 -0.731328547 -0.581649899
vn 0.23210296 -0.871702909 -0.431581259
vn 0.163185388 -0.869623125 0.465968043
vn 0.276895225 -0.954628527 0.109606087
vn 0.324810386 -0.74057126 0.588262081
vn 0.145350859 -0.414697111 0.898275793
vn 0.584419072 -0.514740229 0.627293289
vn 0.294935495 -0.951685369 -0.0854867771
vn 0.328789026 -0.909334481 0.254967779
vn 0.562624335 -0.801101387 0.20418258
vn 0.792724848 -0.608941138 -0.0278935842
vn 0.498681903 -0.773507953 -0.391154528
vn 0.427518934 -0.903827786 -0.017967578
vn 0.255799264 -0.82733959 -0.500075877
vn 0.258343756 -0.932376087 -0.252850562
vn 0.0466094874 -0.834311068 -0.549320102
vn 0.0570304431 -0.853358567 -0.518195629
vn 0.135468677 -0.686586082 -0.714316308
vn -0.182669491 -0.781774759 -0.596204758
vn -0.15040271 -0.678094864 -0.71942091
vn -0.252063066 -0.729347587 -0.636015952
vn 0.135468677 -0.686586082 -0.714316308
vn 0.23210296 -0.871702909 -0.431581259
vn 0.356148988 -0.731328547 -0.581649899
vn 0.31994161 -0.457761884 -0.829512775
vn 0.357715994 -0.634862244 -0.684827864
vn 0.3229886 -0.862194538 -0.390255123
vn 0.144721225 -0.820230663 -0.553423405
vn 0.175307363 -0.536375582 -0.825571656
vn 0.0301100705 -0.69529736 -0.71809119
vn 0.339029014 -0.307352215 -0.889153481
vn 0.00962862745 -0.411671609 -0.911281347
vn -0.15040271 -0.678094864 -0.71942091
vn 0.0570304431 -0.853358567 -0.518195629
vn 0.232294574 -0.110810384 -0.966312706
vn -0.140801802 -0.0739084482 -0.987275243
vn 0.0936772525 0.263864934 -0.959999919
vn -0.302659661 0.279656827 -0.911147118
vn -0.082125105 0.603563845 -0.793073893
vn 0.131230742 0.466340005 -0.874817371
vn 0.262498885 0.0807932541 -0.961543918
vn 0.171345398 -0.168935671 -0.970619142
vn 0.130380943 0.21979557 -0.966794074
vn 0.0548898391 0.564970255 -0.823283434
vn 0.0636284128 0.367414415 -0.927878261
vn 0.0616095811 -0.369416386 -0.92721945
vn 0.0735841617 0.00522407796 -0.997275293
vn 0.0219638869 -0.545237184 -0.837993979
vn 0.00297500985 -0.825605035 -0.564240634
vn 0.00694080256 -0.722732246 -0.691093266
vn 0.0102363378 -0.39650771 -0.917974293
vn 0.0340863056 -0.185537592 -0.98204571
vn 0.0186788552 0.000848240277 -0.99982518
vn 0.040259067 0.193332091 -0.980307043
vn 0.0426572673 0.534935832 -0.843815148
vn 0.0349923074 0.39525333 -0.91790539
vn 0.122789897 0.533081591 0.837106049
vn -0.0838685483 0.664905667 0.742203832
vn -0.387540221 0.615618348 0.686168015
vn 0.26582709 0.646582544 0.715029359
vn 0.00249739108 0.742767334 0.669544995
vn 0.258290738 0.625589013 0.736155093
vn -0.0276753958 0.689812362 0.723459005
vn 0.231570989 0.551353455 0.801488757
vn -0.00589484023 0.533002913 0.846092939
vn 0.251858473 0.64715004 0.719558299
vn 0.0179036595 0.544979513 0.838258147
vn -0.144986629 0.57138145 0.807776034
vn 0.0910631567 0.764571905 0.638073027
vn 0.437123626 0.684045196 0.58395642
vn 0.317424119 0.859363675 0.400918871
vn 0.430351079 0.532168627 0.729105294
vn 0.610203147 0.67270267 0.418477386
vn 0.524965286 0.844939351 0.102414981
vn 0.473880231 0.524894893 0.707052112
vn 0.778950572 0.597058952 0.191720605
vn 0.683529258 0.696523368 -0.218272716
vn 0.621780217 0.487754315 0.612768352
vn 0.465084791 0.517159104 0.718500137
vn 0.903418541 0.407203585 -0.134239048
vn 0.762455523 0.419330537 -0.492771208
vn 0.812317967 0.399079442 0.425293982
vn 0.980971277 0.181913301 0.0678446144
vn 0.662511528 0.403137326 0.631315172
vn 0.291705847 0.39792341 0.869807303
vn -0.149860531 0.381015956 0.912342429
vn 0.0443422794 0.188885823 0.980997443
vn 0.860926628 0.235566571 0.450903237
vn 0.665890992 0.346048027 0.66093868
vn 0.510760963 0.199191168 0.836328924
vn 0.310917974 -0.078793928 0.947165072
vn 0.995688021 -0.0923101828 0.00917569455
vn 0.844384015 -0.243672207 -0.477115929
vn 0.898276865 0.0780170113 0.432448745
vn 0.936882079 -0.329244405 -0.117686667
vn 0.800086915 -0.18735005 0.569877923
vn 0.792724848 -0.608941138 -0.0278935842
vn 0.584419072 -0.514740229 0.627293289
vn 0.145350859 -0.414697111 0.898275793
vn -0.128566772 -0.0759478733 0.988788426
vn 0.310917974 -0.078793928 0.947165072
vn 0.0443422794 0.188885823 0.980997443
vn -0.128566772 -0.0759478733 0.988788426
vn -0.317941189 0.194711864 0.927901268
vn -0.149860531 0.381015956 0.912342429
vn -0.390084356 0.0291740969 0.920316875
vn -0.219170555 -0.313776016 0.923855424
vn 0.145350859 -0.414697111 0.898275793
vn -0.00307154702 -0.640837371 0.767670512
vn -0.203987986 -0.493955582 0.84521991
vn -0.344379246 -0.134480938 0.929148972
vn -0.232126206 -0.212860048 0.949109018
vn -0.160525918 -0.569634259 0.806069672
vn -0.166055739 -0.385616541 0.907593191
vn -0.145220488 -0.711141288 0.687887371
vn -0.103531286 -0.561692894 0.820842505
vn -0.113780037 -0.200824589 0.972997248
vn -0.0634969622 -0.40563494 0.911826909
vn -0.0680349171 -0.00643248297 0.997662187
vn -0.169367746 -0.00359532004 0.98554635
vn -0.107871443 0.186765298 0.976464212
vn -0.0559309833 0.389879256 0.919165909
vn -0.0855774134 0.538407862 0.838327706
vn -0.155560315 0.368800253 0.916399062
vn -0.127177224 0.673111081 0.728524148
vn -0.279098719 0.175168693 0.944150269
vn -0.294223905 0.5293383 0.795759439
vn -0.280042529 0.7965132 0.535857201
vn -0.462749392 0.601414144 0.651278794
vn -0.433270335 0.248345822 0.866372347
vn -0.490247637 0.416226894 0.7657758
vn -0.50104773 0.718411028 0.482531637
vn -0.450690329 0.522457123 0.723821044
vn -0.52326417 0.759212315 0.387028903
vn -0.387540221 0.615618348 0.686168015
vn 0.122789897 0.533081591 0.837106049
vn -0.572965443 0.748290002 0.334324032
vn -0.0838685483 0.664905667 0.742203832
vn -0.404787749 0.751764536 0.520573676
vn -0.252063066 -0.729347587 -0.636015952
vn -0.0284118149 -0.733024538 -0.679608524
vn 0.0466094874 -0.834311068 -0.549320102
vn -0.342437118 -0.735218823 -0.584970057
vn -0.129389092 -0.721903086 -0.679789901
vn -0.297193527 -0.744208753 -0.5981884
vn -0.0493358783 -0.69517839 -0.717142105
vn -0.157069623 -0.752815902 -0.639216185
vn 0.170649439 -0.62195158 -0.76423496
vn -0.400785774 -0.793148398 -0.458569825
vn -0.495820791 -0.754515409 -0.429963142
vn -0.584014833 -0.778194129 -0.230956018
vn -0.552409291 -0.696802914 -0.457503796
vn -0.697601855 -0.696489513 -0.168089256
vn -0.718775034 -0.693087399 0.05470201
vn -0.498058528 -0.652225912 -0.571436048
vn -0.182669491 -0.781774759 -0.596204758
vn -0.847250521 -0.493444979 0.196668506
vn -0.775448799 -0.487448961 0.401338696
vn -0.770418167 -0.567852437 -0.289826512
vn -0.938554406 -0.334266901 -0.0859138444
vn -0.452480853 -0.635841548 -0.625273168
vn -0.15040271 -0.678094864 -0.71942091
vn -0.739679754 -0.477571666 -0.474129885
vn -0.356136948 -0.41689983 -0.836278021
vn 0.00962862745 -0.411671609 -0.911281347
vn -0.140801802 -0.0739084482 -0.987275243
vn -0.92220974 -0.204359204 -0.328278214
vn -0.987070203 0.00897117145 0.160037816
vn -0.711922288 -0.380178839 -0.590449572
vn -0.541867137 -0.0956010148 -0.835009217
vn -0.302659661 0.279656827 -0.911147118
vn -0.98190695 0.163997307 -0.0946758091
vn -0.817620337 0.393900275 0.419928133
vn -0.884911776 -0.05209646 -0.462835968
vn -0.925409973 0.304676831 -0.225362986
vn -0.679349422 0.242365807 -0.692634881
vn -0.445075572 0.58235991 -0.68026799
vn -0.735785306 0.536884725 -0.412764758
vn -0.763132095 0.630488992 0.141820341
vn -0.692614317 0.71994102 -0.0443886966
vn -0.0276753958 0.689812362 0.723459005
vn -0.429644138 0.647178054 0.629735351
vn -0.381726176 0.755747318 0.532100499
vn 0.00249739108 0.742767334 0.669544995
vn -0.404787749 0.751764536 0.520573676
vn -0.0838685483 0.664905667 0.742203832
vn -0.0281699859 -0.890138209 -0.454819232
vn 0.302629918 -0.697998762 -0.649009109
vn -0.157069623 -0.752815902 -0.639216185
vn 0.170649439 -0.62195158 -0.76423496
vn 0.5836851 -0.352500677 -0.731474519
vn 0.655920029 -0.53898257 -0.528456926
vn 0.523545444 -0.786498606 -0.327597469
vn 0.876795232 0.0287202653 -0.480005533
vn 0.914917946 -0.137237176 -0.379593223
vn 0.551852882 -0.345241845 -0.759122133
vn 0.339387447 -0.568916023 -0.74909997
vn -0.0493358783 -0.69517839 -0.717142105
vn 0.182576597 -0.671392739 -0.718260109
vn -0.129389092 -0.721903086 -0.679789901
vn 0.209086329 -0.694314897 -0.688628793
vn -0.0284118149 -0.733024538 -0.679608524
vn 0.255799264 -0.82733959 -0.500075877
vn 0.0466094874 -0.834311068 -0.549320102
vn 0.498681903 -0.773507953 -0.391154528
vn 0.557820022 -0.600874722 -0.572526395
vn 0.792724848 -0.608941138 -0.0278935842
vn 0.936882079 -0.329244405 -0.117686667
vn 0.684439003 -0.492446482 -0.537624121
vn 0.995688021 -0.0923101828 0.00917569455
vn 0.844384015 -0.243672207 -0.477115929
vn 0.850556731 0.0551263802 -0.522985995
vn 0.980971277 0.181913301 0.0678446144
vn 0.903418541 0.407203585 -0.134239048
vn 0.762455523 0.419330537 -0.492771208
vn 0.738573194 0.0530745797 -0.672080934
vn 0.722128451 0.147878945 -0.675768018
vn 0.640212297 0.522010505 -0.563589513
vn 0.726484716 -0.21957846 -0.651156783
vn 0.796675622 0.407450706 -0.446421087
vn 0.749330163 0.516607583 -0.414271623
vn 0.823095322 0.309383303 -0.476231128
vn 0.67072165 0.659608662 -0.339188516
vn 0.581293643 0.794979155 -0.173510641
vn 0.845474184 0.185413048 -0.500794768
vn 0.528404355 0.846540511 0.0644827858
vn 0.534914255 0.786114872 0.309661537
vn 0.94757688 -0.265233457 -0.178183198
vn 0.346594334 -0.93624717 -0.0575633608
vn 0.883092225 0.382267386 -0.27206555
vn 0.881400049 0.384169608 -0.274859309
vn 0.952032983 -0.288936615 0.100741617
vn 0.879564703 0.386627704 -0.277281493
vn 0.881269634 0.385578781 -0.273299843
vn -0.209416747 -0.530731261 0.821260512
vn 0.200594738 -0.256020546 0.945629537
vn 0.376791179 -0.560809016 0.737239301
vn -0.054333955 -0.818314493 0.572196841
vn -0.635928094 -0.704367638 0.315375417
vn 0.952032983 -0.288936615 0.100741617
vn -0.516862094 -0.854571342 0.0506106354
vn -0.718775034 -0.693087399 0.05470201
vn -0.584014833 -0.778194129 -0.230956018
vn 0.144907504 -0.955173969 0.258156002
vn 0.94757688 -0.265233457 -0.178183198
vn 0.346594334 -0.93624717 -0.0575633608
vn -0.314940572 -0.925795913 -0.209079728
vn -0.400785774 -0.793148398 -0.458569825
vn -0.0281699859 -0.890138209 -0.454819232
vn -0.157069623 -0.752815902 -0.639216185
vn 0.523545444 -0.786498606 -0.327597469
vn 0.914917946 -0.137237176 -0.379593223
vn 0.302629918 -0.697998762 -0.649009109
vn -0.275266737 -0.146426544 0.950151265
vn 0.0555824488 0.0964868143 0.993781149
vn 0.200594738 -0.256020546 0.945629537
vn -0.243037254 0.242363542 0.939251184
vn -0.0362096503 0.442176193 0.896196961
vn -0.149455354 0.560337543 0.814668536
vn -0.382482797 0.27505374 0.882072747
vn -0.144986629 0.57138145 0.807776034
vn 0.0179036595 0.544979513 0.838258147
vn -0.581649125 -0.103266142 0.806858301
vn -0.3148278 0.307740748 0.897874773
vn -0.668704927 -0.458871961 0.585038543
vn -0.209416747 -0.530731261 0.821260512
vn -0.635928094 -0.704367638 0.315375417
vn -0.656379104 -0.108305112 0.746616721
vn -0.775448799 -0.487448961 0.401338696
vn -0.718775034 -0.693087399 0.05470201
vn -0.308334529 0.432225078 0.847414494
vn -0.00589484023 0.533002913 0.846092939
vn -0.831567883 -0.15908508 0.53215301
vn -0.847250521 -0.493444979 0.196668506
vn -0.938554406 -0.334266901 -0.0859138444
vn -0.987070203 0.00897117145 0.160037816
vn -0.62869817 0.190421164 0.753975034
vn -0.817620337 0.393900275 0.419928133
vn -0.429644138 0.647178054 0.629735351
vn -0.0276753958 0.689812362 0.723459005
vn -0.797706306 0.553523719 0.239324242
vn -0.98190695 0.163997307 -0.0946758091
vn -0.925409973 0.304676831 -0.225362986
vn -0.381726176 0.755747318 0.532100499
vn -0.763132095 0.630488992 0.141820341
vn -0.404787749 0.751764536 0.520573676
vn 0.99890852 -0.0082313763 0.0459800288
vn 0.998903275 -0.00887048058 0.045974493
vn 0.999037743 -0.00885746628 0.0429557189
vn 0.999086976 -0.00821237825 0.041926533
vn 0.998976111 -0.00766024645 0.0445868187
vn 0.999126971 -0.00761559559 0.041077964
vn 0.999086618 -0.00745703839 0.0420751646
vn 0.999206603 -0.00741811609 0.0391303599
vn 0.999165177 -0.00763828028 0.0401314385
vn 0.999269187 -0.00762909185 0.0374555625
vn 0.999170065 -0.00816655532 0.0399058498
vn 0.999267876 -0.00815751683 0.0373789705
vn 0.999152899 -0.00877564494 0.0402060561
vn 0.999215603 -0.00876791403 0.038616199
vn 0.999120057 -0.00926828943 0.0409042723
vn 0.999146461 -0.0092639504 0.0402572602
vn 0.762455523 0.419330537 -0.492771208
vn 0.640212297 0.522010505 -0.563589513
vn 0.683529258 0.696523368 -0.218272716
vn 0.48992762 0.818206072 -0.300848305
vn 0.749330163 0.516607583 -0.414271623
vn 0.524965286 0.844939351 0.102414981
vn 0.67072165 0.659608662 -0.339188516
vn 0.302195728 0.95247376 0.0383587629
vn 0.317424119 0.859363675 0.400918871
vn 0.581293643 0.794979155 -0.173510641
vn 0.121897414 0.92632556 0.356457531
vn 0.0910631567 0.764571905 0.638073027
vn 0.528404355 0.846540511 0.0644827858
vn -0.0278753284 0.787304282 0.615934193
vn -0.144986629 0.57138145 0.807776034
vn 0.534914255 0.786114872 0.309661537
vn -0.149455354 0.560337543 0.814668536
vn 0.551760077 0.576087117 0.60306257
vn 0.52295959 0.827587247 0.203991562
vn -0.0497478247 0.952328861 0.300989598
vn -0.140165389 0.970661283 0.195372105
vn -0.191006884 0.979727626 0.060416881
vn 0.571603894 0.64925158 0.501738369
vn 0.9796893 -0.19129613 -0.06012192
vn 0.9796893 -0.19129613 -0.06012192
vn 0.125661045 0.970264733 -0.206871301
vn 0.99681586 -0.0796480179 0.00379162631
vn 0.160644159 -0.0478293337 0.985852838
vn 0.160644159 -0.0478293337 0.985852838
vn -0.247467086 0.943847954 -0.218885854
vn 0.258682221 0.584537566 -0.769024968
vn 0.99681586 -0.0796480179 0.00379162631
vn 0.158132136 -0.361605018 -0.918823242
vn 0.158132136 -0.361605018 -0.918823242
vn -0.139938876 0.924696088 -0.354054004
vn 0.277678877 0.959560454 0.0462410375
vn -0.346076101 0.923225701 -0.16698949
vn -0.350727975 0.874471486 -0.33509624
vn -0.185212195 0.858952463 -0.47738567
vn -0.357344478 0.793583155 -0.492474049
vn -0.0119116977 0.933226705 -0.359090567
vn -0.0161085911 0.848583341 -0.528816521
vn -0.00882273633 0.98378551 -0.179132044
vn -0.0212901011 0.730826437 -0.682231188
vn -0.343577534 0.939112961 0.00460560434
vn -0.00829816982 0.999956012 0.00437987968
vn -0.0100366576 0.981810451 0.189598724
vn -0.365438968 0.682043195 -0.633459866
vn -0.0271603484 0.58223474 -0.812566936
vn -0.344557017 0.922004879 0.176599681
vn -0.0136943422 0.929603994 0.368305475
vn -0.35004729 0.872453034 0.341016948
vn -0.0212018006 0.843709409 0.536381304
vn -0.374121428 0.542470276 -0.752169609
vn -0.0330905393 0.407031685 -0.912814498
vn -0.21789749 0.677176714 -0.70281744
vn -0.135221109 0.919098794 0.370098352
vn -0.35998559 0.79146266 0.493960887
vn -0.0323984548 0.724986494 0.688000619
vn -0.38215673 0.379007608 -0.842798591
vn -0.0380569436 0.211818382 -0.976567805
vn -0.373636097 0.679952919 0.630919993
vn -0.0454800501 0.575265408 0.816701472
vn -0.179423913 0.855022013 0.486563891
vn -0.388819546 0.53917855 0.747064829
vn -0.0574332587 0.39861095 0.91531992
vn 0.571494162 0.820404112 -0.0182084944
vn -0.223174587 0.674917936 0.703334212
vn -0.402565688 0.373277426 0.835825861
vn -0.0659707338 0.202187121 0.977122426
vn 0.971368134 -0.236919835 -0.0176931806
vn 0.775320232 -0.364041001 0.516093791
vn 0.169674411 -0.346763432 0.922477961
vn 0.169674411 -0.346763432 0.922477961
vn 0.21595268 0.657044172 0.722258508
vn 0.985861659 -0.0568792671 -0.157611966
vn 0.0688922778 0.538622797 -0.839725792
vn 0.0688922778 0.538622797 -0.839725792
vn -0.124318093 0.576177835 0.807814479
vn 0.625936568 -0.0277801957 0.77937901
vn 0.985861659 -0.0568792671 -0.157611966
vn 0.752790809 -0.643033862 0.140760481
vn 0.206126854 -0.830120385 0.518084884
vn 0.942059755 -0.170240238 -0.289035648
vn 0.942059755 -0.170240238 -0.289035648
vn 0.344623387 0.805142045 0.482681155
vn -0.172080114 0.442905277 0.879899681
vn -0.412034094 0.189536035 0.891237319
vn -0.0694023147 -0.00500657456 0.997576177
vn -0.221595794 0.153625503 0.962961257
vn -0.415650129 -0.00361525198 0.909517407
vn 0.27330786 0.144930497 0.950945854
vn 0.959748626 -0.0260954369 -0.279645294
vn 0.0763963163 0.90574491 -0.416881055
vn 0.0763963163 0.90574491 -0.416881055
vn 0.35198012 -0.513495922 0.782580316
vn 0.959748626 -0.0260954369 -0.279645294
vn 0.143616036 -0.989231169 -0.0282173473
vn 0.143616036 -0.989231169 -0.0282173473
vn -0.12737982 -0.00467158621 0.991843045
vn -0.128217965 -0.213266566 0.968544006
vn 0.347467333 0.337055326 0.875020146
vn -0.413042277 -0.196351781 0.889292955
vn -0.0669683591 -0.211861894 0.975002468
vn -0.219281241 -0.360558867 0.906594157
vn -0.404799253 -0.379132003 0.832103729
vn -0.0596439019 -0.407465339 0.911270916
vn -0.392258584 -0.544077992 0.741695583
vn -0.0490597747 -0.582979023 0.811004758
vn -0.172805265 -0.617076039 0.76769495
vn -0.377352804 -0.684787631 0.623434722
vn -0.0368510261 -0.731607676 0.680729091
vn 0.263484091 -0.327955455 0.907205164
vn 0.966673195 0.0844984204 -0.24166736
vn 0.139039442 0.975084722 0.172852144
vn 0.139039442 0.975084722 0.172852144
vn -0.126118004 -0.73138541 0.670201242
vn 0.340213954 -0.882413387 0.324963272
vn 0.966673195 0.0844984204 -0.24166736
vn 0.0898375362 -0.805345714 -0.5859586
vn 0.0898375362 -0.805345714 -0.5859586
vn 0.33968249 -0.244185969 0.908289075
vn -0.362262845 -0.796902537 0.483437598
vn -0.0247837119 -0.84912616 0.527608454
vn -0.212689698 -0.810620546 0.545579791
vn -0.349073768 -0.877885163 0.327818781
vn -0.0144323166 -0.933418632 0.358498871
vn -0.163580537 -0.937189817 0.308085263
vn -0.339463621 -0.926523983 0.162227541
vn -0.00697383285 -0.983746946 0.179424673
vn 0.222463727 -0.789331675 0.572245896
vn 0.991382062 0.0826917067 -0.10160549
vn 0.185191259 0.700990558 0.688706338
vn 0.185191259 0.700990558 0.688706338
vn -0.119987443 -0.97732234 0.174482435
vn -0.167047739 -0.985925019 -0.00684292568
vn -0.334565818 -0.942333758 -0.00853918679
vn -0.00276689162 -0.999985218 -0.00468804315
vn -0.00176924502 -0.982033789 -0.188696802
vn 0.314154148 -0.92967087 -0.192403615
vn 0.991382062 0.0826917067 -0.10160549
vn 0.0987812057 -0.352799147 -0.930470228
vn 0.0987812057 -0.352799147 -0.930470228
vn 0.314137697 -0.715558946 0.623933315
vn -0.334886879 -0.925057054 -0.179221153
vn -0.00418826193 -0.930002332 -0.36752966
vn -0.340072691 -0.874940157 -0.344717711
vn -0.00976083707 -0.844036281 -0.536197305
vn -0.115008272 -0.975728273 -0.186353058
vn -0.349056661 -0.792486787 -0.500124216
vn -0.0174544714 -0.7249313 -0.688600004
vn -0.154306516 -0.934212804 -0.321614385
vn -0.360308617 -0.678940833 -0.63970083
vn -0.0258813091 -0.574869752 -0.817835569
vn -0.193850443 -0.806525528 -0.558514595
vn -0.371905953 -0.536893547 -0.757252455
vn -0.0334828906 -0.398194849 -0.916689575
vn -0.105717875 -0.724808156 -0.680791259
vn -0.381812662 -0.370805204 -0.84659481
vn -0.0388012752 -0.201827988 -0.97865206
vn -0.146106064 -0.608058155 -0.780332148
vn -0.388289362 -0.187215805 -0.902320147
vn -0.0404398628 0.00525616296 -0.999168158
vn -0.187234119 -0.354019701 -0.91630429
vn 0.224996805 -0.796780288 -0.560818732
vn 0.326079249 -0.239557028 -0.914486051
vn 0.372149527 -0.869847298 -0.323836982
vn 0.994328439 0.097350426 0.0428244285
vn 0.139548033 0.698679924 -0.7016927
vn 0.139548033 0.698679924 -0.7016927
vn 0.340950459 -0.919953585 0.193489134
vn 0.994328439 0.097350426 0.0428244285
vn 0.155137718 -0.342710078 0.926543117
vn 0.155137718 -0.342710078 0.926543117
vn 0.292382181 -0.721297443 -0.627887428
vn 0.153640568 -0.988091707 0.00833070278
vn 0.999106109 0.0301255509 -0.0296551529
vn 0.134850517 0.194800228 -0.971528769
vn 0.134850517 0.194800228 -0.971528769
vn 0.999106109 0.0301255509 -0.0296551529
vn 0.187565878 0.205039769 0.960613251
vn 0.187565878 0.205039769 0.960613251
vn -0.999910355 0.00283502904 -0.0130915474
vn -0.999909639 0.00283636386 -0.013144413
vn -0.999909878 0.0028315715 -0.0131267747
vn -0.999909878 0.00283127604 -0.0131285349
vn -0.999909997 0.00283301692 -0.0131132416
vn -0.999909401 0.00283551146 -0.0131570119
vn -0.999909759 0.0028333813 -0.013130662
vn -0.999909401 0.00283596921 -0.0131582199
vn -0.999909639 0.00283397245 -0.0131399948
vn -0.999909639 0.0028342274 -0.0131396921
vn -0.999909759 0.00283306022 -0.013132113
vn -0.999909639 0.00283319107 -0.0131385038
vn -0.999909759 0.00283391913 -0.0131310839
vn -0.999909759 0.00283371564 -0.0131343855
vn -0.999909759 0.00283440482 -0.013131761
vn -0.999909759 0.00283427909 -0.0131367818
vn -0.999909759 0.00283367326 -0.0131321698
vn -0.999909639 0.00283378107 -0.0131414123
vn -0.999909759 0.00283332774 -0.0131375547
vn -0.999909759 0.00283334893 -0.0131369671
vn -0.999909759 0.00283367746 -0.0131347235
vn -0.999909759 0.00283291074 -0.0131313941
vn -0.999909759 0.00283420715 -0.0131327976
vn -0.999909639 0.00283346185 -0.0131457541
vn -0.999909759 0.00283194543 -0.013130676
vn -0.999909997 0.00283252099 -0.0131169297
vn -0.999909759 0.00283333426 -0.013136616
vn -0.999909282 0.00283423928 -0.0131656276
vn -0.999909759 0.00283763465 -0.0131304618
vn -0.999909759 0.00283731287 -0.0131335435
vn -0.999909401 0.00283502694 -0.0131602464
vn -0.999910951 0.00283340784 -0.0130434856
vn -0.170892373 0.947023809 -0.271922022
vn -0.115362294 0.993173897 -0.0172409285
vn -0.148353174 0.988707185 0.0211988296
vn 0.554255903 0.8322438 0.0130611658
vn 0.0983709171 0.977109373 -0.188627735
vn -0.341474265 0.922564924 -0.179636598
vn -0.177102894 0.941708565 0.2860412
vn -0.148353174 0.988707185 0.0211988296
vn 0.0919285566 0.975678086 0.199000999
vn -0.362581968 0.920336962 0.146677434
vn 0.219037712 0.930005312 -0.295148313
vn -0.188552558 0.564838767 -0.803371072
vn -0.13962777 0.969418406 -0.201822042
vn 0.42892924 0.879644454 -0.205536678
vn 0.446836114 0.843396425 -0.298362374
vn 0.441118211 0.786408663 -0.43240732
vn 0.540399492 0.721394777 -0.43307966
vn -0.159148857 0.481994718 -0.861598909
vn -0.168292552 -0.0628173798 -0.983733475
vn 0.12257877 0.690453708 -0.712915242
vn -0.376933604 0.658588707 -0.651292443
vn 0.457009494 0.632909536 -0.624954343
vn 0.154989243 0.853925347 -0.496779561
vn 0.165149331 0.744797647 -0.646530926
vn 0.143303663 0.930888951 -0.33602047
vn 0.173071623 0.602851629 -0.778855562
vn 0.131742671 0.976980746 -0.167786404
vn 0.501167357 0.527898192 -0.685678363
vn 0.750168204 0.289461881 -0.594524622
vn 0.658508778 0.752481282 0.0117471665
vn 0.125080779 0.992120743 0.00716519402
vn 0.127209917 0.975132465 0.181478441
vn 0.423801601 0.877296567 0.225261852
vn 0.134383768 0.927269876 0.349444658
vn 0.438856244 0.840485811 0.317787379
vn 0.141667649 0.848585665 0.509737849
vn 0.247236982 0.617339253 -0.746837378
vn 0.210647762 0.92668587 0.311256617
vn 0.530952215 0.716730416 0.452092052
vn 0.1475631 0.737788379 0.65870589
vn -0.166669488 0.640911579 0.749302208
vn -0.16168189 0.815074742 0.556338251
vn 0.443629324 0.625490487 0.641836882
vn 0.151600212 0.594222426 0.78988421
vn 0.428729475 0.777797401 0.459589213
vn 0.48109889 0.518928468 0.706581295
vn 0.734775722 0.282297999 0.61677599
vn -0.189987659 0.460482717 0.867098808
vn -0.16168189 0.815074742 0.556338251
vn 0.110342227 0.681141198 0.723789513
vn -0.411833584 0.672673225 0.614738822
vn 0.210402146 0.607956707 0.765584409
vn 0.629495382 0.324915856 0.705808163
vn -0.166790441 -0.0674455613 0.98368293
vn -0.164427236 0.681737006 0.712880373
vn 0.578208923 0.453718871 0.678095579
vn -0.153001636 -0.225044176 0.962260723
vn -0.078630507 -0.728446603 0.68057543
vn 0.467750788 0.132741123 0.873835802
vn 0.0857457742 0.132236853 0.987502456
vn 0.0840646029 0.0630170479 0.994465649
vn -0.16567108 0.389541239 0.905986011
vn 0.466301262 0.0328298472 0.884016633
vn 0.729232848 0.144277647 0.66888231
vn 0.573387742 -0.30589202 0.760037184
vn 0.723775327 -0.00550456392 0.690013826
vn 0.727832556 -0.153433695 0.668369532
vn 0.636043727 -0.181733906 0.749947429
vn 0.999888659 -0.00415248284 0.0143361697
vn 0.99993372 -0.00397421047 0.0108067123
vn 0.999915123 -0.0041464977 0.0123486267
vn 0.999919057 -0.00397246471 0.0120887812
vn 0.999954224 -0.00360568217 0.00886988547
vn 0.999922514 -0.00321503286 0.0120307282
vn 0.999966383 -0.00347302994 0.00742604677
vn 0.999969959 -0.00306753162 0.00712470477
vn 0.999914646 -0.00244538044 0.0128401741
vn 0.999960184 -0.00284710643 0.00846285559
vn 0.999970913 -0.00210779696 0.00732647581
vn 0.999961615 -0.00256037735 0.00838332251
vn 0.999912381 -0.00309223635 0.0128695862
vn 0.999894738 -0.00335108209 0.014116561
vn 0.999839544 -0.00326875784 0.0176090822
vn 0.999809325 -0.00353783579 0.0192039683
vn 0.999868989 -0.00390901417 0.015704859
vn 0.999811113 -0.00373459142 0.0190730002
vn 0.999785841 -0.00399669679 0.0203036442
vn 0.999728382 -0.0038083531 0.0229937062
vn 0.999843597 -0.00314694387 0.01740296
vn 0.999825537 -0.00313973846 0.0184169989
vn 0.999894857 -0.00266523869 0.0142560247
vn 0.749019623 -0.28814137 -0.596610546
vn 0.745863199 0.15204975 -0.6485129
vn 0.638046324 0.330031663 -0.695683897
vn 0.589766681 0.466773868 -0.659012496
vn 0.491841406 0.144053087 -0.858685553
vn -0.189455628 -0.226649925 -0.955372393
vn -0.191134512 0.679911137 -0.707946539
vn -0.076734975 -0.240890086 -0.967514157
vn -0.0712820664 -0.910542309 -0.407224089
vn 0.111957237 0.136296242 -0.984321594
vn -0.0649823919 0.459136009 -0.885986149
vn 0.740331411 0.00169308169 -0.6722399
vn 0.49163276 0.0424134284 -0.869769096
vn 0.745049179 -0.14938502 -0.650066018
vn 0.660100341 -0.168500766 -0.732034802
vn 0.117642321 0.0690650493 -0.990651488
vn 0.575965643 -0.337085545 -0.744739532
vn 0.530925512 -0.372349888 -0.761231661
vn -0.161279827 0.43404451 -0.886337578
vn -0.0647758394 0.979469299 -0.190903112
vn 0.293978274 -0.461835206 -0.836830318
vn 0.472332746 -0.485868096 -0.735414207
vn 0.168728665 -0.596291542 -0.784835696
vn -0.381107569 -0.502362132 -0.776137412
vn -0.200057477 -0.505442858 -0.83934772
vn 0.13114439 -0.521336555 -0.843213618
vn -0.147970751 -0.269664317 -0.951517642
vn 0.558405876 -0.610254049 -0.561936677
vn 0.154607758 -0.736479461 -0.658554733
vn 0.486506939 -0.670976639 -0.559554636
vn 0.463336617 -0.760552227 -0.454840004
vn 0.138685614 -0.84574455 -0.515249848
vn -0.206989765 -0.315443218 -0.926094353
vn -0.163673386 0.428187579 -0.888744354
vn 0.247388586 -0.840064466 -0.482794702
vn 0.413842767 -0.847665608 -0.331959665
vn 0.127646595 -0.925726414 -0.356001288
vn -0.316099644 -0.875116348 -0.366404742
vn -0.122992679 -0.917435467 -0.378398031
vn 0.164725333 -0.910455167 -0.37939021
vn -0.246401548 -0.904376745 -0.348409325
vn 0.415918946 -0.891152084 -0.181271642
vn 0.121677972 -0.975000381 -0.185926601
vn 0.153014436 -0.963056803 -0.221604019
vn 0.262351066 -0.961738884 -0.0789312571
vn 0.454707295 -0.890611291 -0.00727815321
vn 0.120400682 -0.99271661 -0.00417047599
vn 0.132283226 -0.976955056 0.167511359
vn -0.215510592 -0.946692169 -0.239435151
vn 0.0485327356 -0.954615891 -0.293858945
vn -0.322225124 -0.908048272 -0.267617971
vn 0.482357681 -0.860544384 0.163690329
vn 0.136283606 -0.930412233 0.340234697
vn -0.074134022 -0.808477879 0.583838701
vn -0.05500976 -0.987016737 -0.150903761
vn 0.421445221 -0.838759542 0.344770014
vn 0.137196705 -0.850478947 0.507801652
vn 0.326646239 -0.937323332 0.121355288
vn 0.457155913 -0.763677835 0.455855846
vn 0.139470518 -0.737794518 0.660459876
vn -0.0920132473 -0.721792579 0.685965776
vn -0.0575964525 -0.210690439 0.975854576
vn 0.143640742 -0.907734692 0.39418909
vn -0.314154923 -0.898636281 0.306201696
vn 0.538380921 -0.616950274 0.574036956
vn 0.142541468 -0.593770385 0.791908264
vn 0.246938229 -0.841633618 0.480285645
vn 0.452635407 -0.493956208 0.742380261
vn 0.145374089 -0.421155393 0.895262241
vn -0.167083651 -0.343492419 0.924173176
vn -0.0666606724 -0.928505182 0.365286887
vn 0.463000596 -0.673327386 0.576420665
vn 0.505532205 -0.377643764 0.775772154
vn -0.160412207 -0.214193851 0.963529348
vn -0.118238792 0.405313373 0.906499147
vn 0.121544488 -0.527280211 0.84095335
vn -0.375240862 -0.545713663 0.749260306
vn 0.261965394 -0.447406083 0.855103493
vn -0.200835332 0.312668264 0.928387761
vn -0.124695279 -0.554796875 0.822588265
vn -0.116567448 0.907970309 0.402494758
vn 0.958212793 0.276633471 -0.0728158206
vn 0.958212793 0.276633471 -0.0728158206
vn 0.958212793 0.276633471 -0.0728158206
vn 0.958212793 0.276633471 -0.0728158206
vn 0.989287734 -0.0606004149 0.132806093
vn 0.0931944996 0.514852047 0.852198362
vn 0.0931944996 0.514852047 0.852198362
vn 0.185202613 0.687813461 -0.701863706
vn 0.339223474 0.0385870188 -0.939914048
vn 0.989287734 -0.0606004149 0.132806093
vn 0.19992204 -0.814460874 -0.544687808
vn 0.19992204 -0.814460874 -0.544687808
vn -0.115579531 0.578461409 -0.807479978
vn 0.33009997 0.81381315 -0.478269786
vn -0.157698885 0.445786446 -0.881138742
vn -0.388051808 0.197566733 -0.900212824
vn -0.390385121 0.00560484082 -0.920634627
vn -0.192698181 0.161157846 -0.967933714
vn 0.260147154 0.166330308 -0.95113498
vn 0.975338995 0.0092179561 0.220519394
vn 0.0744351596 0.903645575 0.421762943
vn 0.0744351596 0.903645575 0.421762943
vn -0.0987360999 -0.203811556 -0.974018514
vn 0.375809908 -0.503116965 -0.778228998
vn 0.975338995 0.0092179561 0.220519394
vn 0.181401983 -0.983256638 0.0173116997
vn 0.181401983 -0.983256638 0.0173116997
vn -0.0997308716 0.00483837165 -0.995002687
vn 0.341721624 0.348836809 -0.872662067
vn 0.262656093 -0.329102218 -0.907029986
vn 0.978642821 0.106973164 0.175541967
vn 0.109906182 0.978099883 -0.176752016
vn 0.109906182 0.978099883 -0.176752016
vn 0.978642821 0.106973164 0.175541967
vn 0.145879388 -0.800388396 0.581461608
vn 0.145879388 -0.800388396 0.581461608
vn 0.971081853 -0.212484598 0.10885942
vn 0.971081853 -0.212484598 0.10885942
vn 0.971081853 -0.212484598 0.10885942
vn 0.971081853 -0.212484598 0.10885942
vn 0.958206475 0.274251401 0.0814033002
vn 0.958206475 0.274251401 0.0814033002
vn 0.958206475 0.274251401 0.0814033002
vn 0.958206475 0.274251401 0.0814033002
vn 0.946288824 0.213305742 0.242977545
vn 0.946288824 0.213305742 0.242977545
vn 0.946288824 0.213305742 0.242977545
vn 0.946288824 0.213305742 0.242977545
vn 0.933937728 0.0408200249 -0.355097383
vn 0.933937728 0.0408200249 -0.355097383
vn 0.933937728 0.0408200249 -0.355097383
vn 0.933937728 0.0408200249 -0.355097383
vn 0.935826778 0.0405533873 0.350119531
vn 0.935826778 0.0405533873 0.350119531
vn 0.935826778 0.0405533873 0.350119531
vn 0.935826778 0.0405533873 0.350119531
vn 0.0550978817 0.260309666 -0.963951886
vn 0.0550978817 0.260309666 -0.963951886
vn 0.0550978817 0.260309666 -0.963951886
vn 0.0550978817 0.260309666 -0.963951886
vn 0.945928574 0.218526408 -0.239719212
vn 0.945928574 0.218526408 -0.239719212
vn 0.945928574 0.218526408 -0.239719212
vn 0.945928574 0.218526408 -0.239719212
vn 0.951214135 -0.150164172 0.269522488
vn 0.951214135 -0.150164172 0.269522488
vn 0.951214135 -0.150164172 0.269522488
vn 0.951214135 -0.150164172 0.269522488
vn -0.551760018 0.576087236 0.603062451
vn 0.0497478247 0.952328861 0.300989598
vn -0.522959709 0.827587247 0.203991577
vn 0.140165403 0.970661402 0.195372105
vn 0.191006884 0.979727626 0.0604168698
vn -0.571603537 0.649251699 0.501738548
vn -0.9796893 -0.19129613 -0.06012192
vn -0.9796893 -0.19129613 -0.06012192
vn -0.125661045 0.970264733 -0.206871301
vn -0.996815741 -0.0796492025 0.00379165867
vn -0.160642982 -0.0478293858 0.985853076
vn -0.160642982 -0.0478293858 0.985853076
vn 0.247467101 0.943848014 -0.218885854
vn -0.258681595 0.584537566 -0.769025087
vn -0.996815741 -0.0796492025 0.00379165867
vn -0.158130333 -0.361605108 -0.918823421
vn -0.158130333 -0.361605108 -0.918823421
vn 0.139938891 0.924696088 -0.354054064
vn -0.277679324 0.959560335 0.0462409928
vn 0.346076101 0.92322582 -0.16698952
vn 0.350727975 0.874471486 -0.33509624
vn 0.185212195 0.858952463 -0.47738567
vn 0.357344478 0.793583155 -0.492474049
vn 0.0119116977 0.933226705 -0.359090567
vn 0.0161085892 0.848583281 -0.528816521
vn 0.00882273633 0.98378551 -0.179132044
vn 0.0212901011 0.730826437 -0.682231188
vn 0.343577445 0.939112961 0.00460560434
vn 0.00829816982 0.999956012 0.00437987968
vn 0.0100366557 0.981810331 0.189598724
vn 0.365438938 0.682043195 -0.633459866
vn 0.0271603484 0.58223474 -0.812566936
vn 0.344557047 0.922004879 0.176599681
vn 0.0136943422 0.929603994 0.368305475
vn 0.35004732 0.872453034 0.341016978
vn 0.0212018006 0.843709409 0.536381304
vn 0.374121457 0.542470276 -0.752169609
vn 0.033090543 0.407031715 -0.912814498
vn 0.21789749 0.677176714 -0.70281744
vn 0.135221109 0.919098794 0.370098323
vn 0.35998559 0.79146266 0.493960887
vn 0.0323984548 0.724986494 0.688000619
vn 0.38215673 0.379007638 -0.842798591
vn 0.0380569398 0.211818382 -0.976567805
vn 0.373636127 0.67995286 0.630919993
vn 0.0454800501 0.575265467 0.816701412
vn 0.179423913 0.855022013 0.486563891
vn 0.388819575 0.53917855 0.747064769
vn 0.0574332587 0.39861095 0.91531992
vn -0.571494401 0.820403934 -0.0182084031
vn 0.223174557 0.674917936 0.703334212
vn 0.402565658 0.373277396 0.83582592
vn 0.0659707338 0.202187121 0.977122426
vn -0.971368372 -0.236918762 -0.0176931005
vn -0.775320411 -0.364040285 0.516093791
vn -0.169674411 -0.346763432 0.922477961
vn -0.169674411 -0.346763432 0.922477961
vn -0.215952665 0.657044232 0.722258449
vn -0.985861897 -0.0568788946 -0.157610908
vn -0.0688935518 0.538622737 -0.839725614
vn -0.0688935518 0.538622737 -0.839725614
vn 0.124318108 0.576177776 0.807814479
vn -0.625936627 -0.0277801789 0.77937901
vn -0.985861897 -0.0568788946 -0.157610908
vn -0.752790987 -0.643033683 0.140760466
vn -0.206127167 -0.830120206 0.518084884
vn -0.942059755 -0.170240238 -0.289035648
vn -0.942059755 -0.170240238 -0.289035648
vn -0.344623536 0.805142045 0.482681125
vn 0.172080085 0.442905217 0.879899681
vn 0.412034094 0.189536005 0.891237319
vn 0.0694023147 -0.00500657456 0.997576177
vn 0.221595794 0.153625503 0.962961257
vn 0.4156501 -0.00361525267 0.909517407
vn -0.27330786 0.144930527 0.950945854
vn -0.959748864 -0.0260953773 -0.279644728
vn -0.0763966292 0.90574491 -0.416881084
vn -0.0763966292 0.90574491 -0.416881084
vn -0.351980299 -0.513495862 0.782580316
vn -0.959748864 -0.0260953773 -0.279644728
vn -0.143616483 -0.98923105 -0.0282173641
vn -0.143616483 -0.98923105 -0.0282173641
vn 0.12737985 -0.00467158947 0.991843045
vn 0.128217965 -0.213266566 0.968544006
vn -0.347467273 0.337055266 0.875020146
vn 0.413042307 -0.196351796 0.889293075
vn 0.0669683591 -0.211861894 0.975002468
vn 0.219281241 -0.360558867 0.906594157
vn 0.404799253 -0.379132003 0.832103729
vn 0.0596439019 -0.407465339 0.911270916
vn 0.392258584 -0.544078112 0.741695583
vn 0.0490597747 -0.582979023 0.811004758
vn 0.172805294 -0.617076039 0.76769495
vn 0.377352715 -0.684787631 0.623434722
vn 0.0368510261 -0.731607735 0.680729032
vn -0.263484091 -0.327955455 0.907205164
vn -0.966673076 0.0844981521 -0.241667584
vn -0.139039412 0.975084722 0.172852039
vn -0.139039412 0.975084722 0.172852039
vn 0.126118019 -0.73138541 0.670201242
vn -0.340214014 -0.882413387 0.324963242
vn -0.966673076 0.0844981521 -0.241667584
vn -0.0898375362 -0.805345714 -0.5859586
vn -0.0898375362 -0.805345714 -0.5859586
vn -0.339683294 -0.244186014 0.908288777
vn 0.362262845 -0.796902537 0.483437598
vn 0.0247837119 -0.84912616 0.527608454
vn 0.212689742 -0.810620666 0.545579791
vn 0.349073768 -0.877885163 0.327818781
vn 0.0144323157 -0.933418512 0.358498871
vn 0.163580537 -0.937189817 0.308085263
vn 0.339463562 -0.926523983 0.162227526
vn 0.00697383285 -0.983746946 0.179424673
vn -0.222463727 -0.789331734 0.572245836
vn -0.991382062 0.0826902464 -0.101606324
vn -0.185193643 0.700990319 0.688705981
vn -0.185193643 0.700990319 0.688705981
vn 0.119987443 -0.97732234 0.174482435
vn 0.167047754 -0.985925019 -0.00684293127
vn 0.334565848 -0.942333639 -0.00853918772
vn 0.00276689162 -0.999985218 -0.00468804315
vn 0.00176924502 -0.982033789 -0.188696802
vn -0.31415379 -0.929671049 -0.192403719
vn -0.991382062 0.0826902464 -0.101606324
vn -0.0987799242 -0.352799267 -0.930470347
vn -0.0987799242 -0.352799267 -0.930470347
vn -0.31413734 -0.715559006 0.623933494
vn 0.334886849 -0.925057054 -0.179221153
vn 0.00418826193 -0.930002332 -0.36752966
vn 0.340072662 -0.874940157 -0.344717652
vn 0.00976083707 -0.844036281 -0.536197305
vn 0.115008272 -0.975728273 -0.186353102
vn 0.349056661 -0.792486787 -0.500124216
vn 0.0174544714 -0.7249313 -0.688600004
vn 0.154306486 -0.934212804 -0.321614385
vn 0.360308588 -0.678940833 -0.639700711
vn 0.0258813091 -0.574869752 -0.817835569
vn 0.193850443 -0.806525528 -0.558514714
vn 0.371905953 -0.536893547 -0.757252455
vn 0.0334828906 -0.398194849 -0.916689575
vn 0.105717853 -0.724808156 -0.680791259
vn 0.381812662 -0.370805144 -0.84659481
vn 0.0388012715 -0.201827988 -0.97865206
vn 0.146106064 -0.608058155 -0.780332148
vn 0.388289332 -0.18721582 -0.902320147
vn 0.0404398628 0.00525616016 -0.999168158
vn 0.187234104 -0.354019701 -0.91630429
vn -0.224996805 -0.796780288 -0.560818732
vn -0.326079637 -0.239556983 -0.914485931
vn -0.372149736 -0.869847178 -0.323837012
vn -0.994328439 0.0973497033 0.0428262092
vn -0.139549285 0.698679805 -0.701692581
vn -0.139549285 0.698679805 -0.701692581
vn -0.340949714 -0.919953883 0.193489298
vn -0.994328439 0.0973497033 0.0428262092
vn -0.155135244 -0.342710197 0.926543474
vn -0.155135244 -0.342710197 0.926543474
vn -0.292382002 -0.721297443 -0.627887487
vn -0.153640568 -0.988091707 0.00833071303
vn -0.999106109 0.0301260222 -0.0296550766
vn -0.134849906 0.194800317 -0.971528888
vn -0.134849906 0.194800317 -0.971528888
vn -0.999106109 0.0301260222 -0.0296550766
vn -0.187564656 0.205039829 0.960613489
vn -0.187564656 0.205039829 0.960613489
vn 0.999910355 0.00283502904 -0.0130915474
vn 0.999909878 0.00283157197 -0.0131267728
vn 0.999909639 0.00283636386 -0.013144413
vn 0.999909878 0.00283127604 -0.0131285358
vn 0.999909997 0.00283301692 -0.0131132416
vn 0.999909401 0.00283551146 -0.0131570119
vn 0.999909759 0.0028333813 -0.013130662
vn 0.999909401 0.00283596921 -0.0131582199
vn 0.999909639 0.00283397245 -0.0131399948
vn 0.999909639 0.00283422694 -0.0131396921
vn 0.999909759 0.00283306022 -0.013132113
vn 0.999909639 0.00283319107 -0.0131385028
vn 0.999909759 0.00283391913 -0.0131310839
vn 0.999909759 0.00283371564 -0.0131343855
vn 0.999909759 0.00283440482 -0.013131761
vn 0.999909759 0.00283427909 -0.0131367818
vn 0.999909759 0.00283367326 -0.0131321698
vn 0.999909639 0.00283378107 -0.0131414123
vn 0.999909759 0.00283332774 -0.0131375547
vn 0.999909759 0.00283334893 -0.0131369671
vn 0.999909759 0.00283367746 -0.0131347235
vn 0.999909759 0.00283291051 -0.0131313922
vn 0.999909759 0.00283420715 -0.0131327976
vn 0.999909639 0.00283346185 -0.0131457541
vn 0.999909759 0.00283194543 -0.0131306751
vn 0.999909997 0.00283252075 -0.0131169287
vn 0.999909759 0.00283333426 -0.013136616
vn 0.999909282 0.00283423928 -0.0131656276
vn 0.999909759 0.00283763511 -0.0131304627
vn 0.999909759 0.00283731287 -0.0131335435
vn 0.999909401 0.00283502694 -0.0131602464
vn 0.999910951 0.00283340784 -0.0130434856
vn 0.170892403 0.947023809 -0.271922052
vn 0.148353174 0.988707185 0.0211988296
vn 0.115362294 0.993173897 -0.0172409378
vn -0.554255903 0.8322438 0.0130611658
vn -0.0983709171 0.977109373 -0.188627735
vn 0.341474265 0.922564924 -0.179636598
vn 0.177102894 0.941708565 0.2860412
vn 0.148353174 0.988707185 0.0211988296
vn -0.0919285268 0.975678086 0.199000999
vn 0.362581998 0.920336843 0.14667742
vn -0.219037712 0.930005312 -0.295148313
vn 0.188552544 0.564838827 -0.803371072
vn 0.13962777 0.969418406 -0.201822042
vn -0.42892924 0.879644454 -0.205536678
vn -0.446835995 0.843396425 -0.298362374
vn -0.44111824 0.786408663 -0.432407349
vn -0.540399492 0.721394718 -0.43307963
vn 0.159148872 0.481994718 -0.861598909
vn 0.168292552 -0.0628173798 -0.983733475
vn -0.122578807 0.690453708 -0.712915242
vn 0.376933634 0.658588767 -0.651292384
vn -0.457009494 0.632909536 -0.624954343
vn -0.154989243 0.853925347 -0.496779561
vn -0.165149316 0.744797647 -0.646530926
vn -0.143303663 0.930888951 -0.33602047
vn -0.173071653 0.602851748 -0.778855562
vn -0.131742671 0.976980746 -0.167786434
vn -0.501167357 0.527898192 -0.685678363
vn -0.750168204 0.289461881 -0.594524622
vn -0.658508897 0.752481282 0.0117471665
vn -0.125080779 0.992120743 0.00716519402
vn -0.127209917 0.975132465 0.181478471
vn -0.423801512 0.877296567 0.225261852
vn -0.134383813 0.927269876 0.349444687
vn -0.438856244 0.840485811 0.317787409
vn -0.141667649 0.848585665 0.509737849
vn -0.247236997 0.617339313 -0.746837378
vn -0.210647762 0.92668587 0.311256677
vn -0.530952275 0.716730356 0.452091992
vn -0.1475631 0.73778832 0.65870595
vn 0.166669488 0.640911579 0.749302208
vn 0.16168189 0.815074742 0.556338251
vn -0.443629414 0.625490487 0.641837001
vn -0.151600227 0.594222426 0.789884269
vn -0.428729475 0.777797401 0.459589213
vn -0.481098861 0.518928528 0.706581295
vn -0.734775722 0.282297999 0.61677599
vn 0.189987689 0.460482717 0.867098808
vn 0.16168189 0.815074742 0.556338251
vn -0.110342212 0.681141198 0.723789573
vn 0.411833584 0.672673225 0.614738762
vn -0.210402161 0.607956767 0.76558435
vn -0.629495442 0.324915856 0.705808103
vn 0.166790426 -0.0674455091 0.98368293
vn 0.164427236 0.681737006 0.712880373
vn -0.578208983 0.453718871 0.67809552
vn 0.153001666 -0.225044206 0.962260723
vn 0.078630507 -0.728446603 0.68057543
vn -0.467750669 0.132741109 0.873835802
vn -0.0857457891 0.132236853 0.987502456
vn -0.0840646178 0.0630170479 0.994465649
vn 0.165671065 0.389541209 0.905986011
vn -0.466301203 0.0328298397 0.884016633
vn -0.729232848 0.144277617 0.66888231
vn -0.573387802 -0.30589208 0.760037124
vn -0.723775327 -0.00550456485 0.690013826
vn -0.727832556 -0.153433681 0.668369532
vn -0.636043727 -0.181733906 0.749947429
vn -0.999888659 -0.00415248284 0.0143361716
vn -0.99993372 -0.00397421001 0.0108067123
vn -0.999915123 -0.0041464977 0.0123486267
vn -0.999919057 -0.00397246471 0.0120887822
vn -0.999954224 -0.00360568217 0.0088698864
vn -0.999922514 -0.00321503263 0.0120307272
vn -0.999966383 -0.00347302994 0.00742604677
vn -0.999969959 -0.00306753162 0.00712470477
vn -0.999914646 -0.00244538044 0.0128401741
vn -0.999960184 -0.00284710643 0.00846285559
vn -0.999970913 -0.00210779696 0.00732647581
vn -0.999961615 -0.00256037782 0.00838332344
vn -0.999912381 -0.00309223635 0.0128695862
vn -0.999894738 -0.00335108209 0.014116561
vn -0.999839544 -0.00326875784 0.0176090822
vn -0.999809325 -0.00353783579 0.0192039683
vn -0.999868989 -0.00390901417 0.015704859
vn -0.999811113 -0.00373459142 0.0190730002
vn -0.999785841 -0.00399669679 0.0203036442
vn -0.999728382 -0.0038083531 0.0229937062
vn -0.999843597 -0.00314694387 0.01740296
vn -0.999825537 -0.00313973846 0.0184169989
vn -0.999894857 -0.00266523869 0.0142560247
vn -0.749019682 -0.28814134 -0.596610487
vn -0.74586314 0.152049735 -0.6485129
vn -0.638046324 0.330031574 -0.695683897
vn -0.589766562 0.466773868 -0.659012496
vn -0.491841406 0.144053072 -0.858685553
vn 0.189455643 -0.226649955 -0.955372393
vn 0.191134512 0.679911137 -0.707946539
vn 0.076734975 -0.240890086 -0.967514157
vn 0.0712820664 -0.910542309 -0.407224089
vn -0.111957237 0.136296242 -0.984321594
vn 0.0649823844 0.45913595 -0.885986149
vn -0.740331471 0.00169308018 -0.6722399
vn -0.49163276 0.0424134284 -0.869769096
vn -0.745049119 -0.14938505 -0.650065958
vn -0.660100341 -0.168500766 -0.732034802
vn -0.117642306 0.0690650567 -0.990651488
vn -0.575965643 -0.337085515 -0.744739413
vn -0.530925512 -0.372349888 -0.761231661
vn 0.161279783 0.4340446 -0.886337459
vn 0.0647758394 0.979469299 -0.190903112
vn -0.293978304 -0.461835206 -0.836830318
vn -0.472332746 -0.485868007 -0.735414207
vn -0.168728665 -0.596291482 -0.784835696
vn 0.381107569 -0.502362132 -0.776137412
vn 0.200057477 -0.505442858 -0.83934772
vn -0.13114439 -0.521336615 -0.843213618
vn 0.147970766 -0.269664377 -0.951517642
vn -0.558405757 -0.610254049 -0.561936736
vn -0.154607758 -0.736479461 -0.658554733
vn -0.486506879 -0.670976639 -0.559554696
vn -0.463336617 -0.760552227 -0.454840004
vn -0.138685614 -0.84574455 -0.515249789
vn 0.20698975 -0.315443218 -0.926094353
vn 0.163673386 0.428187579 -0.888744354
vn -0.247388586 -0.840064466 -0.482794702
vn -0.413842738 -0.847665668 -0.331959665
vn -0.127646595 -0.925726414 -0.356001288
vn 0.316099644 -0.875116348 -0.366404802
vn 0.122992679 -0.917435467 -0.378398031
vn -0.164725304 -0.910455167 -0.37939021
vn 0.246401548 -0.904376745 -0.348409325
vn -0.415918916 -0.891152084 -0.181271613
vn -0.12167798 -0.975000381 -0.185926601
vn -0.153014421 -0.963056803 -0.221604005
vn -0.262351066 -0.961738884 -0.0789312571
vn -0.454707295 -0.890611291 -0.00727815181
vn -0.120400682 -0.99271661 -0.00417047599
vn -0.132283226 -0.976955056 0.167511359
vn 0.215510592 -0.946692169 -0.239435121
vn -0.0485327356 -0.954615891 -0.293858945
vn 0.322225124 -0.908048272 -0.267617971
vn -0.482357681 -0.860544384 0.163690343
vn -0.136283606 -0.930412233 0.340234697
vn 0.0741340145 -0.808477938 0.583838701
vn 0.05500976 -0.987016737 -0.150903761
vn -0.421445221 -0.838759542 0.344770014
vn -0.137196705 -0.850478947 0.507801652
vn -0.326646179 -0.937323332 0.121355288
vn -0.457155913 -0.763677835 0.455855846
vn -0.139470518 -0.737794518 0.660459876
vn 0.0920132473 -0.721792579 0.685965717
vn 0.0575964525 -0.210690439 0.975854576
vn -0.143640712 -0.907734692 0.394189
vn 0.314154953 -0.898636401 0.306201696
vn -0.538380921 -0.616950274 0.574036956
vn -0.142541468 -0.593770385 0.791908264
vn -0.246938229 -0.841633618 0.480285645
vn -0.452635407 -0.493956208 0.742380261
vn -0.145374089 -0.421155393 0.895262241
vn 0.167083651 -0.343492419 0.924173176
vn 0.0666606724 -0.928505182 0.365286887
vn -0.463000536 -0.673327327 0.576420665
vn -0.505532146 -0.377643764 0.775772154
vn 0.160412207 -0.214193851 0.963529348
vn 0.118238792 0.405313373 0.906499147
vn -0.121544503 -0.527280211 0.84095335
vn 0.375240862 -0.545713663 0.749260128
vn -0.261965334 -0.447406024 0.855103493
vn 0.200835317 0.312668234 0.928387761
vn 0.124695279 -0.554796875 0.822588265
vn 0.116567448 0.907970309 0.402494758
vn -0.95821327 0.276631922 -0.0728153512
vn -0.95821327 0.276631922 -0.0728153512
vn -0.95821327 0.276631922 -0.0728153512
vn -0.95821327 0.276631922 -0.0728153512
vn -0.989287734 -0.0606014729 0.132805601
vn -0.0931957513 0.514851868 0.852198303
vn -0.0931957513 0.514851868 0.852198303
vn -0.185202613 0.687813461 -0.701863706
vn -0.339222968 0.0385869667 -0.939914286
vn -0.989287734 -0.0606014729 0.132805601
vn -0.19992049 -0.814460993 -0.544687986
vn -0.19992049 -0.814460993 -0.544687986
vn 0.115579508 0.578461349 -0.807479858
vn -0.330099732 0.813813329 -0.478269845
vn 0.1576989 0.445786446 -0.881138742
vn 0.388051778 0.197566718 -0.900212824
vn 0.390385151 0.00560484268 -0.920634627
vn 0.192698181 0.161157846 -0.967933714
vn -0.260147154 0.166330338 -0.95113498
vn -0.975338995 0.00921822246 0.220519587
vn -0.0744343698 0.903645694 0.421762943
vn -0.0744343698 0.903645694 0.421762943
vn 0.098736085 -0.203811556 -0.974018514
vn -0.375810027 -0.503116786 -0.778228879
vn -0.975338995 0.00921822246 0.220519587
vn -0.181402594 -0.983256519 0.0173117183
vn -0.181402594 -0.983256519 0.0173117183
vn 0.0997308865 0.00483837258 -0.995002687
vn -0.341721594 0.348836809 -0.872662127
vn -0.262656122 -0.329102278 -0.907029986
vn -0.978642941 0.106973514 0.17554158
vn -0.109906115 0.978099883 -0.176752016
vn -0.109906115 0.978099883 -0.176752016
vn -0.978642941 0.106973514 0.17554158
vn -0.145880014 -0.800388217 0.581461668
vn -0.145880014 -0.800388217 0.581461668
vn -0.971081495 -0.21248585 0.108859815
vn -0.971081495 -0.21248585 0.108859815
vn -0.971081495 -0.21248585 0.108859815
vn -0.971081495 -0.21248585 0.108859815
vn -0.958205938 0.27425307 0.0814037547
vn -0.958205938 0.27425307 0.0814037547
vn -0.958205938 0.27425307 0.0814037547
vn -0.958205938 0.27425307 0.0814037547
vn -0.946288049 0.213307366 0.242979437
vn -0.946288049 0.213307366 0.242979437
vn -0.946288049 0.213307366 0.242979437
vn -0.946288049 0.213307366 0.242979437
vn -0.933938205 0.040819943 -0.355096042
vn -0.933938205 0.040819943 -0.355096042
vn -0.933938205 0.040819943 -0.355096042
vn -0.933938205 0.040819943 -0.355096042
vn -0.935826957 0.0405536257 0.350118816
vn -0.935826957 0.0405536257 0.350118816
vn -0.935826957 0.0405536257 0.350118816
vn -0.935826957 0.0405536257 0.350118816
vn -0.0550956428 0.260309726 -0.963952005
vn -0.0550956428 0.260309726 -0.963952005
vn -0.0550956428 0.260309726 -0.963952005
vn -0.0550956428 0.260309726 -0.963952005
vn -0.945928574 0.218526408 -0.239719242
vn -0.945928574 0.218526408 -0.239719242
vn -0.945928574 0.218526408 -0.239719242
vn -0.945928574 0.218526408 -0.239719242
vn -0.951214015 -0.150164619 0.269522458
vn -0.951214015 -0.150164619 0.269522458
vn -0.951214015 -0.150164619 0.269522458
vn -0.951214015 -0.150164619 0.269522458
g Helm.004_0
f 3/3/3 2/2/2 1/1/1
f 4/4/4 3/3/3 1/1/1
f 1/1/1 5/5/5 4/4/4
f 6/6/6 3/3/3 4/4/4
f 5/5/5 7/7/7 4/4/4
f 8/8/8 6/6/6 4/4/4
f 4/4/4 7/7/7 8/8/8
f 6/6/6 8/8/8 9/9/9
f 7/7/7 10/10/10 8/8/8
f 8/8/8 11/11/11 9/9/9
f 8/8/8 10/10/10 11/11/11
f 9/9/9 11/11/11 12/12/12
f 10/10/10 13/13/13 11/11/11
f 11/11/11 14/14/14 12/12/12
f 11/11/11 13/13/13 14/14/14
f 13/13/13 15/15/15 14/14/14
f 16/16/16 12/12/12 14/14/14
f 17/17/17 14/14/14 15/15/15
f 17/17/17 16/16/16 14/14/14
f 18/18/18 17/17/17 15/15/15
f 17/17/17 19/19/19 16/16/16
f 19/19/19 20/20/20 16/16/16
f 23/23/23 22/22/22 21/21/21
f 24/24/24 23/23/23 21/21/21
f 25/25/25 23/23/23 24/24/24
f 26/26/26 25/25/25 24/24/24
f 25/25/25 26/26/26 27/27/27
f 26/26/26 28/28/28 27/27/27
f 31/31/31 30/30/30 29/29/29
f 32/32/32 31/31/31 29/29/29
f 35/35/35 34/34/34 33/33/33
f 36/36/36 35/35/35 33/33/33
f 37/37/37 35/35/35 36/36/36
f 38/38/38 37/37/37 36/36/36
f 38/38/38 36/36/36 39/39/39
f 40/40/40 38/38/38 39/39/39
f 39/39/39 36/36/36 41/41/41
f 36/36/36 33/33/33 41/41/41
f 41/41/41 33/33/33 42/42/42
f 33/33/33 43/43/43 42/42/42
f 40/40/40 39/39/39 44/44/44
f 45/45/45 40/40/40 44/44/44
f 45/45/45 44/44/44 46/46/46
f 47/47/47 45/45/45 46/46/46
f 47/47/47 46/46/46 48/48/48
f 49/49/49 47/47/47 48/48/48
f 49/49/49 48/48/48 50/50/50
f 51/51/51 49/49/49 50/50/50
f 51/51/51 50/50/50 52/52/52
f 53/53/53 51/51/51 52/52/52
f 54/54/54 53/53/53 52/52/52
f 55/55/55 54/54/54 52/52/52
f 58/58/58 57/57/57 56/56/56
f 59/59/59 58/58/58 56/56/56
f 60/60/60 58/58/58 59/59/59
f 61/61/61 60/60/60 59/59/59
f 59/59/59 56/56/56 62/62/62
f 61/61/61 59/59/59 63/63/63
f 63/63/63 59/59/59 62/62/62
f 64/64/64 61/61/61 63/63/63
f 64/64/64 63/63/63 65/65/65
f 66/66/66 64/64/64 65/65/65
f 63/63/63 62/62/62 67/67/67
f 65/65/65 63/63/63 67/67/67
f 66/66/66 65/65/65 68/68/68
f 69/69/69 66/66/66 68/68/68
f 68/68/68 65/65/65 70/70/70
f 65/65/65 67/67/67 70/70/70
f 70/70/70 67/67/67 71/71/71
f 67/67/67 62/62/62 72/72/72
f 67/67/67 72/72/72 71/71/71
f 62/62/62 73/73/73 72/72/72
f 71/71/71 72/72/72 74/74/74
f 72/72/72 73/73/73 75/75/75
f 72/72/72 75/75/75 74/74/74
f 73/73/73 76/76/76 75/75/75
f 77/77/77 74/74/74 75/75/75
f 78/78/78 75/75/75 76/76/76
f 78/78/78 77/77/77 75/75/75
f 79/79/79 78/78/78 76/76/76
f 79/79/79 80/80/80 78/78/78
f 80/80/80 81/81/81 78/78/78
f 78/78/78 81/81/81 77/77/77
f 81/81/81 82/82/82 77/77/77
f 77/77/77 82/82/82 83/83/83
f 82/82/82 84/84/84 83/83/83
f 87/87/87 86/86/86 85/85/85
f 86/86/86 88/88/88 85/85/85
f 86/86/86 89/89/89 88/88/88
f 89/89/89 90/90/90 88/88/88
f 91/91/91 88/88/88 90/90/90
f 90/90/90 89/89/89 92/92/92
f 93/93/93 91/91/91 90/90/90
f 94/94/94 90/90/90 92/92/92
f 93/93/93 90/90/90 94/94/94
f 94/94/94 92/92/92 95/95/95
f 96/96/96 93/93/93 94/94/94
f 97/97/97 94/94/94 95/95/95
f 96/96/96 94/94/94 97/97/97
f 95/95/95 98/98/98 97/97/97
f 99/99/99 96/96/96 97/97/97
f 98/98/98 100/100/100 97/97/97
f 97/97/97 100/100/100 99/99/99
f 98/98/98 101/101/101 100/100/100
f 100/100/100 102/102/102 99/99/99
f 101/101/101 103/103/103 100/100/100
f 100/100/100 103/103/103 102/102/102
f 103/103/103 104/104/104 102/102/102
f 107/107/107 106/106/106 105/105/105
f 106/106/106 108/108/108 105/105/105
f 105/105/105 108/108/108 109/109/109
f 106/106/106 110/110/110 108/108/108
f 108/108/108 111/111/111 109/109/109
f 110/110/110 112/112/112 108/108/108
f 108/108/108 112/112/112 111/111/111
f 110/110/110 113/113/113 112/112/112
f 112/112/112 114/114/114 111/111/111
f 111/111/111 114/114/114 115/115/115
f 114/114/114 116/116/116 115/115/115
f 113/113/113 117/117/117 112/112/112
f 112/112/112 117/117/117 114/114/114
f 114/114/114 118/118/118 116/116/116
f 117/117/117 118/118/118 114/114/114
f 119/119/119 117/117/117 113/113/113
f 119/119/119 118/118/118 117/117/117
f 113/113/113 120/120/120 119/119/119
f 118/118/118 121/121/121 116/116/116
f 116/116/116 121/121/121 122/122/122
f 119/119/119 120/120/120 123/123/123
f 120/120/120 124/124/124 123/123/123
f 119/119/119 125/125/125 118/118/118
f 125/125/125 119/119/119 123/123/123
f 125/125/125 121/121/121 118/118/118
f 126/126/126 125/125/125 123/123/123
f 127/127/127 125/125/125 126/126/126
f 125/125/125 127/127/127 121/121/121
f 128/128/128 127/127/127 126/126/126
f 121/121/121 129/129/129 122/122/122
f 127/127/127 129/129/129 121/121/121
f 129/129/129 127/127/127 128/128/128
f 122/122/122 129/129/129 128/128/128
f 132/132/132 131/131/131 130/130/130
f 131/131/131 133/133/133 130/130/130
f 130/130/130 133/133/133 134/134/134
f 133/133/133 135/135/135 134/134/134
f 133/133/133 136/136/136 135/135/135
f 136/136/136 137/137/137 135/135/135
f 135/135/135 137/137/137 138/138/138
f 137/137/137 139/139/139 138/138/138
f 134/134/134 135/135/135 140/140/140
f 135/135/135 138/138/138 140/140/140
f 138/138/138 139/139/139 141/141/141
f 139/139/139 142/142/142 141/141/141
f 141/141/141 142/142/142 143/143/143
f 142/142/142 144/144/144 143/143/143
f 138/138/138 141/141/141 145/145/145
f 140/140/140 138/138/138 145/145/145
f 140/140/140 145/145/145 146/146/146
f 134/134/134 140/140/140 147/147/147
f 147/147/147 140/140/140 146/146/146
f 148/148/148 134/134/134 147/147/147
f 147/147/147 146/146/146 149/149/149
f 148/148/148 147/147/147 150/150/150
f 150/150/150 147/147/147 149/149/149
f 151/151/151 148/148/148 150/150/150
f 149/149/149 152/152/152 150/150/150
f 150/150/150 153/153/153 151/151/151
f 152/152/152 153/153/153 150/150/150
f 152/152/152 154/154/154 153/153/153
f 153/153/153 155/155/155 151/151/151
f 154/154/154 156/156/156 153/153/153
f 153/153/153 156/156/156 155/155/155
f 156/156/156 157/157/157 155/155/155
f 160/160/160 159/159/159 158/158/158
f 158/158/158 159/159/159 161/161/161
f 162/162/162 161/161/161 159/159/159
f 162/162/162 163/163/163 161/161/161
f 164/164/164 163/163/163 162/162/162
f 165/165/165 164/164/164 162/162/162
f 164/164/164 165/165/165 166/166/166
f 167/167/167 164/164/164 166/166/166
f 170/170/170 169/169/169 168/168/168
f 171/171/171 170/170/170 168/168/168
f 172/172/172 170/170/170 171/171/171
f 173/173/173 172/172/172 171/171/171
f 174/174/174 172/172/172 173/173/173
f 175/175/175 174/174/174 173/173/173
f 178/178/178 177/177/177 176/176/176
f 179/179/179 178/178/178 176/176/176
f 180/180/180 178/178/178 179/179/179
f 181/181/181 180/180/180 179/179/179
f 182/182/182 180/180/180 181/181/181
f 183/183/183 182/182/182 181/181/181
f 184/184/184 182/182/182 183/183/183
f 185/185/185 184/184/184 183/183/183
f 186/186/186 184/184/184 185/185/185
f 187/187/187 186/186/186 185/185/185
f 188/188/188 186/186/186 187/187/187
f 189/189/189 188/188/188 187/187/187
f 189/189/189 190/190/190 188/188/188
f 190/190/190 191/191/191 188/188/188
f 194/194/194 193/193/193 192/192/192
f 195/195/195 194/194/194 192/192/192
f 194/194/194 195/195/195 196/196/196
f 197/197/197 194/194/194 196/196/196
f 200/200/200 199/199/199 198/198/198
f 201/201/201 200/200/200 198/198/198
f 204/204/204 203/203/203 202/202/202
f 203/203/203 205/205/205 202/202/202
f 202/202/202 205/205/205 206/206/206
f 205/205/205 207/207/207 206/206/206
f 210/210/210 209/209/209 208/208/208
f 209/209/209 210/210/210 211/211/211
f 210/210/210 212/212/212 211/211/211
f 213/213/213 211/211/211 212/212/212
f 213/213/213 214/214/214 211/211/211
f 214/214/214 215/215/215 211/211/211
f 211/211/211 215/215/215 216/216/216
f 217/217/217 215/215/215 214/214/214
f 215/215/215 217/217/217 218/218/218
f 218/218/218 219/219/219 215/215/215
f 220/220/220 216/216/216 215/215/215
f 219/219/219 221/221/221 215/215/215
f 222/222/222 220/220/220 215/215/215
f 221/221/221 222/222/222 215/215/215
f 221/221/221 223/223/223 222/222/222
f 224/224/224 220/220/220 222/222/222
f 223/223/223 225/225/225 222/222/222
f 223/223/223 226/226/226 225/225/225
f 222/222/222 227/227/227 224/224/224
f 225/225/225 227/227/227 222/222/222
f 228/228/228 224/224/224 227/227/227
f 229/229/229 224/224/224 228/228/228
f 230/230/230 227/227/227 225/225/225
f 225/225/225 231/231/231 230/230/230
f 226/226/226 231/231/231 225/225/225
f 231/231/231 232/232/232 230/230/230
f 233/233/233 232/232/232 231/231/231
f 233/233/233 231/231/231 234/234/234
f 234/234/234 231/231/231 226/226/226
f 234/234/234 235/235/235 233/233/233
f 234/234/234 226/226/226 236/236/236
f 234/234/234 236/236/236 235/235/235
f 236/236/236 226/226/226 237/237/237
f 236/236/236 237/237/237 238/238/238
f 235/235/235 236/236/236 239/239/239
f 236/236/236 238/238/238 239/239/239
f 237/237/237 240/240/240 238/238/238
f 241/241/241 239/239/239 238/238/238
f 238/238/238 240/240/240 242/242/242
f 242/242/242 243/243/243 238/238/238
f 242/242/242 244/244/244 243/243/243
f 238/238/238 245/245/245 241/241/241
f 238/238/238 243/243/243 245/245/245
f 246/246/246 245/245/245 243/243/243
f 243/243/243 247/247/247 246/246/246
f 243/243/243 248/248/248 247/247/247
f 243/243/243 249/249/249 248/248/248
f 250/250/250 249/249/249 243/243/243
f 250/250/250 243/243/243 244/244/244
f 250/250/250 244/244/244 251/251/251
f 254/254/254 253/253/253 252/252/252
f 253/253/253 254/254/254 255/255/255
f 256/256/256 253/253/253 255/255/255
f 255/255/255 257/257/257 256/256/256
f 258/258/258 257/257/257 255/255/255
f 259/259/259 258/258/258 255/255/255
f 259/259/259 255/255/255 260/260/260
f 259/259/259 261/261/261 258/258/258
f 260/260/260 262/262/262 259/259/259
f 261/261/261 259/259/259 263/263/263
f 264/264/264 263/263/263 259/259/259
f 265/265/265 263/263/263 264/264/264
f 266/266/266 264/264/264 259/259/259
f 262/262/262 267/267/267 259/259/259
f 267/267/267 266/266/266 259/259/259
f 268/268/268 266/266/266 267/267/267
f 262/262/262 269/269/269 267/267/267
f 270/270/270 268/268/268 267/267/267
f 271/271/271 268/268/268 270/270/270
f 272/272/272 267/267/267 269/269/269
f 272/272/272 270/270/270 267/267/267
f 269/269/269 273/273/273 272/272/272
f 269/269/269 274/274/274 273/273/273
f 272/272/272 275/275/275 270/270/270
f 276/276/276 270/270/270 275/275/275
f 276/276/276 271/271/271 270/270/270
f 277/277/277 276/276/276 275/275/275
f 277/277/277 278/278/278 276/276/276
f 276/276/276 278/278/278 279/279/279
f 276/276/276 279/279/279 271/271/271
f 280/280/280 279/279/279 278/278/278
f 271/271/271 279/279/279 281/281/281
f 281/281/281 279/279/279 280/280/280
f 271/271/271 281/281/281 282/282/282
f 282/282/282 281/281/281 283/283/283
f 281/281/281 280/280/280 284/284/284
f 283/283/283 281/281/281 284/284/284
f 285/285/285 282/282/282 283/283/283
f 284/284/284 286/286/286 283/283/283
f 285/285/285 283/283/283 287/287/287
f 288/288/288 287/287/287 283/283/283
f 289/289/289 287/287/287 288/288/288
f 290/290/290 283/283/283 286/286/286
f 288/288/288 283/283/283 290/290/290
f 290/290/290 291/291/291 288/288/288
f 292/292/292 288/288/288 291/291/291
f 293/293/293 288/288/288 292/292/292
f 294/294/294 288/288/288 293/293/293
f 294/294/294 295/295/295 288/288/288
f 288/288/288 295/295/295 289/289/289
f 289/289/289 295/295/295 296/296/296
f 299/299/299 298/298/298 297/297/297
f 298/298/298 300/300/300 297/297/297
f 301/301/301 297/297/297 300/300/300
f 298/298/298 302/302/302 300/300/300
f 303/303/303 301/301/301 300/300/300
f 302/302/302 304/304/304 300/300/300
f 303/303/303 300/300/300 304/304/304
f 304/304/304 302/302/302 305/305/305
f 306/306/306 303/303/303 304/304/304
f 307/307/307 304/304/304 305/305/305
f 306/306/306 304/304/304 307/307/307
f 307/307/307 305/305/305 308/308/308
f 309/309/309 306/306/306 307/307/307
f 310/310/310 307/307/307 308/308/308
f 309/309/309 307/307/307 310/310/310
f 311/311/311 309/309/309 310/310/310
f 308/308/308 312/312/312 310/310/310
f 310/310/310 313/313/313 311/311/311
f 312/312/312 313/313/313 310/310/310
f 313/313/313 314/314/314 311/311/311
f 315/315/315 313/313/313 312/312/312
f 316/316/316 315/315/315 312/312/312
f 319/319/319 318/318/318 317/317/317
f 318/318/318 320/320/320 317/317/317
f 318/318/318 321/321/321 320/320/320
f 321/321/321 322/322/322 320/320/320
f 322/322/322 321/321/321 323/323/323
f 324/324/324 322/322/322 323/323/323
f 327/327/327 326/326/326 325/325/325
f 328/328/328 327/327/327 325/325/325
f 331/331/331 330/330/330 329/329/329
f 330/330/330 332/332/332 329/329/329
f 330/330/330 333/333/333 332/332/332
f 333/333/333 334/334/334 332/332/332
f 332/332/332 334/334/334 335/335/335
f 334/334/334 336/336/336 335/335/335
f 332/332/332 335/335/335 337/337/337
f 329/329/329 332/332/332 337/337/337
f 329/329/329 337/337/337 338/338/338
f 339/339/339 329/329/329 338/338/338
f 335/335/335 336/336/336 340/340/340
f 336/336/336 341/341/341 340/340/340
f 340/340/340 341/341/341 342/342/342
f 341/341/341 343/343/343 342/342/342
f 342/342/342 343/343/343 344/344/344
f 343/343/343 345/345/345 344/344/344
f 344/344/344 345/345/345 346/346/346
f 345/345/345 347/347/347 346/346/346
f 346/346/346 347/347/347 348/348/348
f 347/347/347 349/349/349 348/348/348
f 349/349/349 350/350/350 348/348/348
f 350/350/350 351/351/351 348/348/348
f 354/354/354 353/353/353 352/352/352
f 353/353/353 355/355/355 352/352/352
f 353/353/353 356/356/356 355/355/355
f 356/356/356 357/357/357 355/355/355
f 352/352/352 355/355/355 358/358/358
f 355/355/355 357/357/357 359/359/359
f 355/355/355 359/359/359 358/358/358
f 357/357/357 360/360/360 359/359/359
f 359/359/359 360/360/360 361/361/361
f 360/360/360 362/362/362 361/361/361
f 358/358/358 359/359/359 363/363/363
f 359/359/359 361/361/361 363/363/363
f 361/361/361 362/362/362 364/364/364
f 362/362/362 365/365/365 364/364/364
f 361/361/361 364/364/364 366/366/366
f 363/363/363 361/361/361 366/366/366
f 363/363/363 366/366/366 367/367/367
f 358/358/358 363/363/363 368/368/368
f 368/368/368 363/363/363 367/367/367
f 369/369/369 358/358/358 368/368/368
f 368/368/368 367/367/367 370/370/370
f 369/369/369 368/368/368 371/371/371
f 371/371/371 368/368/368 370/370/370
f 372/372/372 369/369/369 371/371/371
f 370/370/370 373/373/373 371/371/371
f 371/371/371 374/374/374 372/372/372
f 373/373/373 374/374/374 371/371/371
f 374/374/374 375/375/375 372/372/372
f 376/376/376 375/375/375 374/374/374
f 377/377/377 376/376/376 374/374/374
f 377/377/377 374/374/374 373/373/373
f 378/378/378 377/377/377 373/373/373
f 378/378/378 373/373/373 379/379/379
f 380/380/380 378/378/378 379/379/379
f 383/383/383 382/382/382 381/381/381
f 384/384/384 383/383/383 381/381/381
f 385/385/385 383/383/383 384/384/384
f 386/386/386 385/385/385 384/384/384
f 384/384/384 387/387/387 386/386/386
f 385/385/385 386/386/386 388/388/388
f 387/387/387 389/389/389 386/386/386
f 386/386/386 390/390/390 388/388/388
f 386/386/386 389/389/389 390/390/390
f 388/388/388 390/390/390 391/391/391
f 389/389/389 392/392/392 390/390/390
f 390/390/390 393/393/393 391/391/391
f 390/390/390 392/392/392 393/393/393
f 394/394/394 391/391/391 393/393/393
f 392/392/392 395/395/395 393/393/393
f 396/396/396 394/394/394 393/393/393
f 396/396/396 393/393/393 395/395/395
f 397/397/397 394/394/394 396/396/396
f 398/398/398 396/396/396 395/395/395
f 399/399/399 397/397/397 396/396/396
f 399/399/399 396/396/396 398/398/398
f 400/400/400 399/399/399 398/398/398
f 403/403/403 402/402/402 401/401/401
f 404/404/404 403/403/403 401/401/401
f 404/404/404 401/401/401 405/405/405
f 406/406/406 403/403/403 404/404/404
f 407/407/407 404/404/404 405/405/405
f 408/408/408 406/406/406 404/404/404
f 408/408/408 404/404/404 407/407/407
f 409/409/409 406/406/406 408/408/408
f 410/410/410 408/408/408 407/407/407
f 410/410/410 407/407/407 411/411/411
f 412/412/412 410/410/410 411/411/411
f 413/413/413 409/409/409 408/408/408
f 413/413/413 408/408/408 410/410/410
f 414/414/414 409/409/409 413/413/413
f 415/415/415 410/410/410 412/412/412
f 415/415/415 413/413/413 410/410/410
f 416/416/416 414/414/414 413/413/413
f 416/416/416 413/413/413 415/415/415
f 414/414/414 416/416/416 417/417/417
f 418/418/418 414/414/414 417/417/417
f 416/416/416 419/419/419 417/417/417
f 419/419/419 416/416/416 415/415/415
f 419/419/419 420/420/420 417/417/417
f 419/419/419 421/421/421 420/420/420
f 421/421/421 419/419/419 415/415/415
f 421/421/421 422/422/422 420/420/420
f 423/423/423 415/415/415 412/412/412
f 421/421/421 415/415/415 423/423/423
f 423/423/423 412/412/412 424/424/424
f 425/425/425 424/424/424 422/422/422
f 421/421/421 425/425/425 422/422/422
f 425/425/425 423/423/423 424/424/424
f 423/423/423 425/425/425 421/421/421
f 428/428/428 427/427/427 426/426/426
f 429/429/429 428/428/428 426/426/426
f 429/429/429 426/426/426 430/430/430
f 431/431/431 429/429/429 430/430/430
f 432/432/432 429/429/429 431/431/431
f 433/433/433 432/432/432 431/431/431
f 433/433/433 431/431/431 434/434/434
f 435/435/435 433/433/433 434/434/434
f 431/431/431 430/430/430 436/436/436
f 434/434/434 431/431/431 436/436/436
f 435/435/435 434/434/434 437/437/437
f 438/438/438 435/435/435 437/437/437
f 438/438/438 437/437/437 439/439/439
f 440/440/440 438/438/438 439/439/439
f 437/437/437 434/434/434 441/441/441
f 434/434/434 436/436/436 441/441/441
f 441/441/441 436/436/436 442/442/442
f 436/436/436 430/430/430 443/443/443
f 436/436/436 443/443/443 442/442/442
f 430/430/430 444/444/444 443/443/443
f 442/442/442 443/443/443 445/445/445
f 443/443/443 444/444/444 446/446/446
f 443/443/443 446/446/446 445/445/445
f 444/444/444 447/447/447 446/446/446
f 448/448/448 445/445/445 446/446/446
f 449/449/449 446/446/446 447/447/447
f 449/449/449 448/448/448 446/446/446
f 450/450/450 448/448/448 449/449/449
f 451/451/451 449/449/449 447/447/447
f 452/452/452 450/450/450 449/449/449
f 452/452/452 449/449/449 451/451/451
f 453/453/453 452/452/452 451/451/451
f 456/456/456 455/455/455 454/454/454
f 456/456/456 454/454/454 457/457/457
f 457/457/457 458/458/458 456/456/456
f 459/459/459 458/458/458 457/457/457
f 459/459/459 460/460/460 458/458/458
f 460/460/460 461/461/461 458/458/458
f 461/461/461 460/460/460 462/462/462
f 460/460/460 463/463/463 462/462/462
f 466/466/466 465/465/465 464/464/464
f 465/465/465 467/467/467 464/464/464
f 467/467/467 465/465/465 468/468/468
f 465/465/465 469/469/469 468/468/468
f 472/472/472 471/471/471 470/470/470
f 473/473/473 472/472/472 470/470/470
f 476/476/476 475/475/475 474/474/474
f 477/477/477 476/476/476 474/474/474
f 477/477/477 474/474/474 478/478/478
f 479/479/479 477/477/477 478/478/478
f 482/482/482 481/481/481 480/480/480
f 481/481/481 482/482/482 483/483/483
f 484/484/484 481/481/481 483/483/483
f 483/483/483 485/485/485 484/484/484
f 486/486/486 485/485/485 483/483/483
f 487/487/487 486/486/486 483/483/483
f 487/487/487 483/483/483 488/488/488
f 487/487/487 489/489/489 486/486/486
f 489/489/489 487/487/487 490/490/490
f 491/491/491 490/490/490 487/487/487
f 488/488/488 492/492/492 487/487/487
f 493/493/493 491/491/491 487/487/487
f 492/492/492 494/494/494 487/487/487
f 494/494/494 493/493/493 487/487/487
f 495/495/495 493/493/493 494/494/494
f 492/492/492 496/496/496 494/494/494
f 497/497/497 495/495/495 494/494/494
f 498/498/498 495/495/495 497/497/497
f 499/499/499 494/494/494 496/496/496
f 499/499/499 497/497/497 494/494/494
f 496/496/496 500/500/500 499/499/499
f 496/496/496 501/501/501 500/500/500
f 499/499/499 502/502/502 497/497/497
f 503/503/503 497/497/497 502/502/502
f 503/503/503 498/498/498 497/497/497
f 504/504/504 503/503/503 502/502/502
f 504/504/504 505/505/505 503/503/503
f 503/503/503 505/505/505 506/506/506
f 503/503/503 506/506/506 498/498/498
f 507/507/507 506/506/506 505/505/505
f 498/498/498 506/506/506 508/508/508
f 508/508/508 506/506/506 507/507/507
f 498/498/498 508/508/508 509/509/509
f 509/509/509 508/508/508 510/510/510
f 508/508/508 507/507/507 511/511/511
f 510/510/510 508/508/508 511/511/511
f 512/512/512 509/509/509 510/510/510
f 511/511/511 513/513/513 510/510/510
f 512/512/512 510/510/510 514/514/514
f 515/515/515 514/514/514 510/510/510
f 516/516/516 514/514/514 515/515/515
f 517/517/517 510/510/510 513/513/513
f 515/515/515 510/510/510 517/517/517
f 517/517/517 518/518/518 515/515/515
f 519/519/519 515/515/515 518/518/518
f 520/520/520 515/515/515 519/519/519
f 521/521/521 515/515/515 520/520/520
f 521/521/521 522/522/522 515/515/515
f 515/515/515 522/522/522 516/516/516
f 516/516/516 522/522/522 523/523/523
f 526/526/526 525/525/525 524/524/524
f 525/525/525 526/526/526 527/527/527
f 526/526/526 528/528/528 527/527/527
f 529/529/529 527/527/527 528/528/528
f 529/529/529 530/530/530 527/527/527
f 530/530/530 531/531/531 527/527/527
f 527/527/527 531/531/531 532/532/532
f 533/533/533 531/531/531 530/530/530
f 534/534/534 532/532/532 531/531/531
f 531/531/531 533/533/533 535/535/535
f 535/535/535 536/536/536 531/531/531
f 535/535/535 537/537/537 536/536/536
f 536/536/536 538/538/538 531/531/531
f 539/539/539 534/534/534 531/531/531
f 538/538/538 539/539/539 531/531/531
f 538/538/538 540/540/540 539/539/539
f 541/541/541 534/534/534 539/539/539
f 540/540/540 542/542/542 539/539/539
f 540/540/540 543/543/543 542/542/542
f 539/539/539 544/544/544 541/541/541
f 542/542/542 544/544/544 539/539/539
f 545/545/545 541/541/541 544/544/544
f 546/546/546 541/541/541 545/545/545
f 547/547/547 544/544/544 542/542/542
f 542/542/542 548/548/548 547/547/547
f 543/543/543 548/548/548 542/542/542
f 548/548/548 549/549/549 547/547/547
f 550/550/550 549/549/549 548/548/548
f 550/550/550 548/548/548 551/551/551
f 551/551/551 548/548/548 543/543/543
f 551/551/551 552/552/552 550/550/550
f 551/551/551 543/543/543 553/553/553
f 551/551/551 553/553/553 552/552/552
f 553/553/553 543/543/543 554/554/554
f 553/553/553 554/554/554 555/555/555
f 552/552/552 553/553/553 556/556/556
f 553/553/553 555/555/555 556/556/556
f 554/554/554 557/557/557 555/555/555
f 558/558/558 556/556/556 555/555/555
f 555/555/555 557/557/557 559/559/559
f 559/559/559 560/560/560 555/555/555
f 559/559/559 561/561/561 560/560/560
f 555/555/555 562/562/562 558/558/558
f 555/555/555 560/560/560 562/562/562
f 563/563/563 562/562/562 560/560/560
f 560/560/560 564/564/564 563/563/563
f 560/560/560 565/565/565 564/564/564
f 560/560/560 566/566/566 565/565/565
f 567/567/567 566/566/566 560/560/560
f 567/567/567 560/560/560 561/561/561
f 567/567/567 561/561/561 568/568/568
g Helm.004_1
f 571/571/571 570/570/570 569/569/569
f 218/218/218 571/571/571 569/569/569
f 571/571/571 218/218/218 572/572/572
f 572/572/572 218/218/218 217/217/217
f 217/217/217 214/214/214 572/572/572
f 214/214/214 573/573/573 572/572/572
f 213/213/213 573/573/573 214/214/214
f 573/573/573 213/213/213 574/574/574
f 213/213/213 212/212/212 574/574/574
f 210/210/210 574/574/574 212/212/212
f 210/210/210 208/208/208 574/574/574
f 208/208/208 575/575/575 574/574/574
f 575/575/575 577/577/577 576/576/576
f 577/577/577 578/578/578 576/576/576
f 209/209/209 578/578/578 577/577/577
f 209/209/209 211/211/211 578/578/578
f 578/578/578 211/211/211 579/579/579
f 579/579/579 211/211/211 580/580/580
f 211/211/211 216/216/216 580/580/580
f 216/216/216 220/220/220 580/580/580
f 220/220/220 581/581/581 580/580/580
f 220/220/220 224/224/224 581/581/581
f 224/224/224 582/582/582 581/581/581
f 224/224/224 229/229/229 582/582/582
f 229/229/229 583/583/583 582/582/582
f 583/583/583 229/229/229 584/584/584
f 229/229/229 228/228/228 584/584/584
f 584/584/584 228/228/228 585/585/585
f 228/228/228 227/227/227 585/585/585
f 585/585/585 227/227/227 586/586/586
f 227/227/227 230/230/230 586/586/586
f 230/230/230 232/232/232 586/586/586
f 232/232/232 587/587/587 586/586/586
f 587/587/587 232/232/232 588/588/588
f 232/232/232 233/233/233 588/588/588
f 588/588/588 233/233/233 589/589/589
f 233/233/233 235/235/235 589/589/589
f 235/235/235 239/239/239 589/589/589
f 239/239/239 590/590/590 589/589/589
f 239/239/239 241/241/241 590/590/590
f 241/241/241 591/591/591 590/590/590
f 241/241/241 245/245/245 591/591/591
f 245/245/245 592/592/592 591/591/591
f 592/592/592 245/245/245 593/593/593
f 245/245/245 246/246/246 593/593/593
f 593/593/593 246/246/246 594/594/594
f 246/246/246 247/247/247 595/595/595
f 247/247/247 596/596/596 595/595/595
f 247/247/247 597/597/597 596/596/596
f 247/247/247 248/248/248 597/597/597
f 249/249/249 597/597/597 248/248/248
f 249/249/249 598/598/598 597/597/597
f 249/249/249 250/250/250 598/598/598
f 598/598/598 250/250/250 599/599/599
f 250/250/250 251/251/251 599/599/599
f 600/600/600 599/599/599 251/251/251
f 600/600/600 251/251/251 244/244/244
f 599/599/599 600/600/600 601/601/601
f 600/600/600 602/602/602 601/601/601
f 602/602/602 603/603/603 601/601/601
f 604/604/604 602/602/602 600/600/600
f 600/600/600 244/244/244 605/605/605
f 605/605/605 604/604/604 600/600/600
f 605/605/605 244/244/244 242/242/242
f 606/606/606 604/604/604 605/605/605
f 605/605/605 242/242/242 240/240/240
f 607/607/607 606/606/606 605/605/605
f 240/240/240 607/607/607 605/605/605
f 240/240/240 237/237/237 607/607/607
f 607/607/607 237/237/237 226/226/226
f 607/607/607 226/226/226 608/608/608
f 223/223/223 608/608/608 226/226/226
f 223/223/223 221/221/221 608/608/608
f 221/221/221 609/609/609 608/608/608
f 221/221/221 219/219/219 609/609/609
f 219/219/219 610/610/610 609/609/609
f 613/613/613 612/612/612 611/611/611
f 612/612/612 613/613/613 296/296/296
f 296/296/296 613/613/613 289/289/289
f 289/289/289 613/613/613 614/614/614
f 289/289/289 614/614/614 287/287/287
f 287/287/287 614/614/614 285/285/285
f 615/615/615 285/285/285 614/614/614
f 282/282/282 285/285/285 615/615/615
f 282/282/282 615/615/615 271/271/271
f 296/296/296 295/295/295 612/612/612
f 271/271/271 615/615/615 616/616/616
f 616/616/616 268/268/268 271/271/271
f 616/616/616 615/615/615 617/617/617
f 266/266/266 268/268/268 616/616/616
f 618/618/618 616/616/616 617/617/617
f 619/619/619 266/266/266 616/616/616
f 619/619/619 616/616/616 618/618/618
f 264/264/264 266/266/266 619/619/619
f 620/620/620 619/619/619 618/618/618
f 621/621/621 264/264/264 619/619/619
f 621/621/621 619/619/619 620/620/620
f 264/264/264 621/621/621 265/265/265
f 622/622/622 621/621/621 620/620/620
f 621/621/621 623/623/623 265/265/265
f 623/623/623 621/621/621 622/622/622
f 623/623/623 263/263/263 265/265/265
f 624/624/624 623/623/623 622/622/622
f 263/263/263 623/623/623 625/625/625
f 625/625/625 623/623/623 624/624/624
f 263/263/263 625/625/625 261/261/261
f 626/626/626 625/625/625 624/624/624
f 258/258/258 261/261/261 625/625/625
f 627/627/627 625/625/625 626/626/626
f 627/627/627 258/258/258 625/625/625
f 628/628/628 627/627/627 626/626/626
f 629/629/629 627/627/627 628/628/628
f 627/627/627 257/257/257 258/258/258
f 257/257/257 627/627/627 629/629/629
f 256/256/256 257/257/257 629/629/629
f 629/629/629 253/253/253 256/256/256
f 252/252/252 253/253/253 629/629/629
f 630/630/630 629/629/629 628/628/628
f 631/631/631 252/252/252 629/629/629
f 631/631/631 629/629/629 630/630/630
f 632/632/632 631/631/631 630/630/630
f 633/633/633 631/631/631 632/632/632
f 634/634/634 633/633/633 632/632/632
f 635/635/635 631/631/631 633/633/633
f 636/636/636 635/635/635 633/633/633
f 636/636/636 254/254/254 635/635/635
f 255/255/255 254/254/254 636/636/636
f 255/255/255 636/636/636 637/637/637
f 255/255/255 637/637/637 638/638/638
f 260/260/260 255/255/255 638/638/638
f 262/262/262 260/260/260 638/638/638
f 639/639/639 262/262/262 638/638/638
f 269/269/269 262/262/262 639/639/639
f 640/640/640 269/269/269 639/639/639
f 274/274/274 269/269/269 640/640/640
f 641/641/641 274/274/274 640/640/640
f 274/274/274 641/641/641 642/642/642
f 273/273/273 274/274/274 642/642/642
f 273/273/273 642/642/642 643/643/643
f 272/272/272 273/273/273 643/643/643
f 272/272/272 643/643/643 644/644/644
f 275/275/275 272/272/272 644/644/644
f 277/277/277 275/275/275 644/644/644
f 645/645/645 277/277/277 644/644/644
f 277/277/277 645/645/645 646/646/646
f 278/278/278 277/277/277 646/646/646
f 278/278/278 646/646/646 647/647/647
f 280/280/280 278/278/278 647/647/647
f 284/284/284 280/280/280 647/647/647
f 648/648/648 284/284/284 647/647/647
f 286/286/286 284/284/284 648/648/648
f 649/649/649 286/286/286 648/648/648
f 290/290/290 286/286/286 649/649/649
f 650/650/650 290/290/290 649/649/649
f 290/290/290 650/650/650 651/651/651
f 291/291/291 290/290/290 651/651/651
f 291/291/291 651/651/651 652/652/652
f 292/292/292 291/291/291 653/653/653
f 654/654/654 292/292/292 653/653/653
f 655/655/655 292/292/292 654/654/654
f 293/293/293 292/292/292 655/655/655
f 655/655/655 294/294/294 293/293/293
f 656/656/656 294/294/294 655/655/655
f 656/656/656 655/655/655 657/657/657
f 295/295/295 294/294/294 656/656/656
f 658/658/658 656/656/656 657/657/657
f 295/295/295 656/656/656 612/612/612
f 612/612/612 656/656/656 658/658/658
f 659/659/659 612/612/612 658/658/658
f 661/661/661 660/660/660 659/659/659
f 662/662/662 661/661/661 659/659/659
f 665/665/665 664/664/664 663/663/663
f 664/664/664 666/666/666 663/663/663
f 663/663/663 666/666/666 667/667/667
f 666/666/666 668/668/668 667/667/667
f 667/667/667 668/668/668 669/669/669
f 668/668/668 670/670/670 669/669/669
f 669/669/669 670/670/670 671/671/671
f 670/670/670 672/672/672 671/671/671
f 671/671/671 672/672/672 673/673/673
f 672/672/672 674/674/674 673/673/673
f 673/673/673 674/674/674 675/675/675
f 674/674/674 676/676/676 675/675/675
f 679/679/679 678/678/678 677/677/677
f 678/678/678 680/680/680 677/677/677
f 677/677/677 680/680/680 681/681/681
f 680/680/680 682/682/682 681/681/681
f 685/685/685 684/684/684 683/683/683
f 684/684/684 686/686/686 683/683/683
f 683/683/683 686/686/686 687/687/687
f 686/686/686 688/688/688 687/687/687
f 687/687/687 688/688/688 689/689/689
f 688/688/688 690/690/690 689/689/689
f 689/689/689 690/690/690 691/691/691
f 690/690/690 692/692/692 691/691/691
f 691/691/691 692/692/692 693/693/693
f 692/692/692 694/694/694 693/693/693
f 693/693/693 694/694/694 695/695/695
f 694/694/694 696/696/696 695/695/695
f 695/695/695 696/696/696 697/697/697
f 696/696/696 698/698/698 697/697/697
f 697/697/697 698/698/698 699/699/699
f 698/698/698 700/700/700 699/699/699
f 699/699/699 700/700/700 701/701/701
f 700/700/700 702/702/702 701/701/701
f 701/701/701 702/702/702 703/703/703
f 702/702/702 704/704/704 703/703/703
f 703/703/703 704/704/704 705/705/705
f 704/704/704 706/706/706 705/705/705
f 709/709/709 708/708/708 707/707/707
f 708/708/708 490/490/490 707/707/707
f 490/490/490 708/708/708 710/710/710
f 490/490/490 710/710/710 489/489/489
f 486/486/486 489/489/489 710/710/710
f 711/711/711 486/486/486 710/710/710
f 711/711/711 485/485/485 486/486/486
f 485/485/485 711/711/711 712/712/712
f 484/484/484 485/485/485 712/712/712
f 712/712/712 481/481/481 484/484/484
f 480/480/480 481/481/481 712/712/712
f 713/713/713 480/480/480 712/712/712
f 715/715/715 713/713/713 714/714/714
f 716/716/716 715/715/715 714/714/714
f 716/716/716 482/482/482 715/715/715
f 483/483/483 482/482/482 716/716/716
f 483/483/483 716/716/716 717/717/717
f 483/483/483 717/717/717 718/718/718
f 488/488/488 483/483/483 718/718/718
f 492/492/492 488/488/488 718/718/718
f 719/719/719 492/492/492 718/718/718
f 496/496/496 492/492/492 719/719/719
f 720/720/720 496/496/496 719/719/719
f 501/501/501 496/496/496 720/720/720
f 721/721/721 501/501/501 720/720/720
f 501/501/501 721/721/721 722/722/722
f 500/500/500 501/501/501 722/722/722
f 500/500/500 722/722/722 723/723/723
f 499/499/499 500/500/500 723/723/723
f 499/499/499 723/723/723 724/724/724
f 502/502/502 499/499/499 724/724/724
f 504/504/504 502/502/502 724/724/724
f 725/725/725 504/504/504 724/724/724
f 504/504/504 725/725/725 726/726/726
f 505/505/505 504/504/504 726/726/726
f 505/505/505 726/726/726 727/727/727
f 507/507/507 505/505/505 727/727/727
f 511/511/511 507/507/507 727/727/727
f 728/728/728 511/511/511 727/727/727
f 513/513/513 511/511/511 728/728/728
f 729/729/729 513/513/513 728/728/728
f 517/517/517 513/513/513 729/729/729
f 730/730/730 517/517/517 729/729/729
f 517/517/517 730/730/730 731/731/731
f 518/518/518 517/517/517 731/731/731
f 518/518/518 731/731/731 732/732/732
f 519/519/519 518/518/518 733/733/733
f 734/734/734 519/519/519 733/733/733
f 735/735/735 519/519/519 734/734/734
f 520/520/520 519/519/519 735/735/735
f 735/735/735 521/521/521 520/520/520
f 736/736/736 521/521/521 735/735/735
f 522/522/522 521/521/521 736/736/736
f 522/522/522 736/736/736 737/737/737
f 523/523/523 522/522/522 737/737/737
f 737/737/737 738/738/738 523/523/523
f 523/523/523 738/738/738 516/516/516
f 738/738/738 737/737/737 739/739/739
f 740/740/740 738/738/738 739/739/739
f 741/741/741 740/740/740 739/739/739
f 740/740/740 742/742/742 738/738/738
f 516/516/516 738/738/738 743/743/743
f 742/742/742 743/743/743 738/738/738
f 516/516/516 743/743/743 514/514/514
f 742/742/742 744/744/744 743/743/743
f 514/514/514 743/743/743 512/512/512
f 744/744/744 745/745/745 743/743/743
f 745/745/745 512/512/512 743/743/743
f 509/509/509 512/512/512 745/745/745
f 509/509/509 745/745/745 498/498/498
f 498/498/498 745/745/745 746/746/746
f 746/746/746 495/495/495 498/498/498
f 493/493/493 495/495/495 746/746/746
f 747/747/747 493/493/493 746/746/746
f 491/491/491 493/493/493 747/747/747
f 748/748/748 491/491/491 747/747/747
f 751/751/751 750/750/750 749/749/749
f 750/750/750 751/751/751 568/568/568
f 750/750/750 568/568/568 561/561/561
f 750/750/750 561/561/561 752/752/752
f 752/752/752 561/561/561 559/559/559
f 752/752/752 559/559/559 557/557/557
f 557/557/557 753/753/753 752/752/752
f 557/557/557 554/554/554 753/753/753
f 753/753/753 554/554/554 543/543/543
f 567/567/567 568/568/568 751/751/751
f 753/753/753 543/543/543 754/754/754
f 540/540/540 754/754/754 543/543/543
f 753/753/753 754/754/754 755/755/755
f 540/540/540 538/538/538 754/754/754
f 754/754/754 756/756/756 755/755/755
f 538/538/538 757/757/757 754/754/754
f 754/754/754 757/757/757 756/756/756
f 538/538/538 536/536/536 757/757/757
f 757/757/757 758/758/758 756/756/756
f 536/536/536 759/759/759 757/757/757
f 757/757/757 759/759/759 758/758/758
f 759/759/759 536/536/536 537/537/537
f 759/759/759 760/760/760 758/758/758
f 761/761/761 759/759/759 537/537/537
f 759/759/759 761/761/761 760/760/760
f 535/535/535 761/761/761 537/537/537
f 761/761/761 762/762/762 760/760/760
f 761/761/761 535/535/535 763/763/763
f 761/761/761 763/763/763 762/762/762
f 763/763/763 535/535/535 533/533/533
f 763/763/763 764/764/764 762/762/762
f 533/533/533 530/530/530 763/763/763
f 763/763/763 765/765/765 764/764/764
f 530/530/530 765/765/765 763/763/763
f 765/765/765 766/766/766 764/764/764
f 765/765/765 767/767/767 766/766/766
f 529/529/529 765/765/765 530/530/530
f 765/765/765 529/529/529 767/767/767
f 529/529/529 528/528/528 767/767/767
f 526/526/526 767/767/767 528/528/528
f 526/526/526 524/524/524 767/767/767
f 767/767/767 768/768/768 766/766/766
f 524/524/524 769/769/769 767/767/767
f 767/767/767 769/769/769 768/768/768
f 769/769/769 770/770/770 768/768/768
f 769/769/769 771/771/771 770/770/770
f 771/771/771 772/772/772 770/770/770
f 769/769/769 773/773/773 771/771/771
f 773/773/773 774/774/774 771/771/771
f 525/525/525 774/774/774 773/773/773
f 525/525/525 527/527/527 774/774/774
f 774/774/774 527/527/527 775/775/775
f 775/775/775 527/527/527 776/776/776
f 527/527/527 532/532/532 776/776/776
f 532/532/532 534/534/534 776/776/776
f 534/534/534 777/777/777 776/776/776
f 534/534/534 541/541/541 777/777/777
f 541/541/541 778/778/778 777/777/777
f 541/541/541 546/546/546 778/778/778
f 546/546/546 779/779/779 778/778/778
f 779/779/779 546/546/546 780/780/780
f 546/546/546 545/545/545 780/780/780
f 780/780/780 545/545/545 781/781/781
f 545/545/545 544/544/544 781/781/781
f 781/781/781 544/544/544 782/782/782
f 544/544/544 547/547/547 782/782/782
f 547/547/547 549/549/549 782/782/782
f 549/549/549 783/783/783 782/782/782
f 783/783/783 549/549/549 784/784/784
f 549/549/549 550/550/550 784/784/784
f 784/784/784 550/550/550 785/785/785
f 550/550/550 552/552/552 785/785/785
f 552/552/552 556/556/556 785/785/785
f 556/556/556 786/786/786 785/785/785
f 556/556/556 558/558/558 786/786/786
f 558/558/558 787/787/787 786/786/786
f 558/558/558 562/562/562 787/787/787
f 562/562/562 788/788/788 787/787/787
f 788/788/788 562/562/562 789/789/789
f 562/562/562 563/563/563 789/789/789
f 789/789/789 563/563/563 790/790/790
f 563/563/563 564/564/564 791/791/791
f 564/564/564 792/792/792 791/791/791
f 564/564/564 793/793/793 792/792/792
f 564/564/564 565/565/565 793/793/793
f 566/566/566 793/793/793 565/565/565
f 566/566/566 794/794/794 793/793/793
f 793/793/793 794/794/794 795/795/795
f 566/566/566 567/567/567 794/794/794
f 794/794/794 796/796/796 795/795/795
f 794/794/794 567/567/567 751/751/751
f 794/794/794 751/751/751 796/796/796
f 751/751/751 797/797/797 796/796/796
f 800/800/800 799/799/799 798/798/798
f 801/801/801 800/800/800 798/798/798
f 801/801/801 798/798/798 802/802/802
f 803/803/803 801/801/801 802/802/802
f 803/803/803 802/802/802 804/804/804
f 805/805/805 803/803/803 804/804/804
f 805/805/805 804/804/804 806/806/806
f 807/807/807 805/805/805 806/806/806
f 807/807/807 806/806/806 808/808/808
f 809/809/809 807/807/807 808/808/808
f 809/809/809 808/808/808 810/810/810
f 811/811/811 809/809/809 810/810/810
f 814/814/814 813/813/813 812/812/812
f 815/815/815 814/814/814 812/812/812
f 815/815/815 812/812/812 816/816/816
f 817/817/817 815/815/815 816/816/816
f 820/820/820 819/819/819 818/818/818
f 821/821/821 820/820/820 818/818/818
f 821/821/821 818/818/818 822/822/822
f 823/823/823 821/821/821 822/822/822
f 823/823/823 822/822/822 824/824/824
f 825/825/825 823/823/823 824/824/824
f 825/825/825 824/824/824 826/826/826
f 827/827/827 825/825/825 826/826/826
f 827/827/827 826/826/826 828/828/828
f 829/829/829 827/827/827 828/828/828
f 829/829/829 828/828/828 830/830/830
f 831/831/831 829/829/829 830/830/830
f 831/831/831 830/830/830 832/832/832
f 833/833/833 831/831/831 832/832/832
f 833/833/833 832/832/832 834/834/834
f 835/835/835 833/833/833 834/834/834
f 835/835/835 834/834/834 836/836/836
f 837/837/837 835/835/835 836/836/836
f 837/837/837 836/836/836 838/838/838
f 839/839/839 837/837/837 838/838/838
f 839/839/839 838/838/838 840/840/840
f 841/841/841 839/839/839 840/840/840
g Helm.004_2
f 844/844/844 843/843/843 842/842/842
f 847/847/847 846/846/846 845/845/845
f 850/850/850 849/849/849 848/848/848
f 853/853/853 852/852/852 851/851/851
f 856/856/856 855/855/855 854/854/854
f 855/855/855 856/856/856 857/857/857
f 858/858/858 857/857/857 856/856/856
f 859/859/859 855/855/855 857/857/857
f 860/860/860 855/855/855 859/859/859
f 861/861/861 860/860/860 859/859/859
f 857/857/857 858/858/858 862/862/862
f 862/862/862 858/858/858 863/863/863
f 859/859/859 857/857/857 864/864/864
f 864/864/864 857/857/857 862/862/862
f 861/861/861 859/859/859 865/865/865
f 865/865/865 859/859/859 864/864/864
f 862/862/862 863/863/863 866/866/866
f 863/863/863 867/867/867 866/866/866
f 864/864/864 862/862/862 868/868/868
f 868/868/868 862/862/862 866/866/866
f 866/866/866 867/867/867 869/869/869
f 870/870/870 869/869/869 867/867/867
f 871/871/871 866/866/866 869/869/869
f 868/868/868 866/866/866 871/871/871
f 871/871/871 869/869/869 872/872/872
f 873/873/873 871/871/871 872/872/872
f 874/874/874 864/864/864 868/868/868
f 865/865/865 864/864/864 874/874/874
f 875/875/875 868/868/868 871/871/871
f 875/875/875 871/871/871 873/873/873
f 874/874/874 868/868/868 875/875/875
f 876/876/876 861/861/861 865/865/865
f 877/877/877 861/861/861 876/876/876
f 878/878/878 877/877/877 876/876/876
f 879/879/879 875/875/875 873/873/873
f 879/879/879 873/873/873 880/880/880
f 881/881/881 879/879/879 880/880/880
f 882/882/882 874/874/874 875/875/875
f 882/882/882 875/875/875 879/879/879
f 883/883/883 865/865/865 874/874/874
f 876/876/876 865/865/865 883/883/883
f 883/883/883 874/874/874 882/882/882
f 884/884/884 879/879/879 881/881/881
f 884/884/884 882/882/882 879/879/879
f 885/885/885 884/884/884 881/881/881
f 878/878/878 876/876/876 886/886/886
f 886/886/886 876/876/876 883/883/883
f 887/887/887 883/883/883 882/882/882
f 887/887/887 882/882/882 884/884/884
f 886/886/886 883/883/883 887/887/887
f 888/888/888 884/884/884 885/885/885
f 888/888/888 887/887/887 884/884/884
f 889/889/889 888/888/888 885/885/885
f 890/890/890 878/878/878 886/886/886
f 891/891/891 878/878/878 890/890/890
f 892/892/892 886/886/886 887/887/887
f 890/890/890 886/886/886 892/892/892
f 892/892/892 887/887/887 888/888/888
f 893/893/893 890/890/890 892/892/892
f 893/893/893 892/892/892 894/894/894
f 894/894/894 892/892/892 888/888/888
f 894/894/894 888/888/888 889/889/889
f 895/895/895 894/894/894 889/889/889
f 896/896/896 894/894/894 895/895/895
f 899/899/899 898/898/898 897/897/897
f 900/900/900 897/897/897 898/898/898
f 901/901/901 900/900/900 898/898/898
f 904/904/904 903/903/903 902/902/902
f 905/905/905 902/902/902 903/903/903
f 902/902/902 905/905/905 906/906/906
f 907/907/907 905/905/905 903/903/903
f 907/907/907 903/903/903 908/908/908
f 909/909/909 907/907/907 908/908/908
f 910/910/910 906/906/906 905/905/905
f 906/906/906 910/910/910 911/911/911
f 912/912/912 905/905/905 907/907/907
f 912/912/912 910/910/910 905/905/905
f 913/913/913 907/907/907 909/909/909
f 913/913/913 912/912/912 907/907/907
f 914/914/914 913/913/913 909/909/909
f 915/915/915 911/911/911 910/910/910
f 911/911/911 915/915/915 916/916/916
f 917/917/917 910/910/910 912/912/912
f 917/917/917 915/915/915 910/910/910
f 918/918/918 916/916/916 915/915/915
f 916/916/916 918/918/918 919/919/919
f 920/920/920 918/918/918 915/915/915
f 920/920/920 915/915/915 917/917/917
f 921/921/921 912/912/912 913/913/913
f 921/921/921 917/917/917 912/912/912
f 922/922/922 920/920/920 917/917/917
f 922/922/922 917/917/917 921/921/921
f 923/923/923 920/920/920 922/922/922
f 924/924/924 913/913/913 914/914/914
f 924/924/924 921/921/921 913/913/913
f 925/925/925 923/923/923 922/922/922
f 926/926/926 923/923/923 925/925/925
f 927/927/927 926/926/926 925/925/925
f 928/928/928 922/922/922 921/921/921
f 925/925/925 922/922/922 928/928/928
f 928/928/928 921/921/921 924/924/924
f 929/929/929 924/924/924 914/914/914
f 929/929/929 914/914/914 930/930/930
f 931/931/931 929/929/929 930/930/930
f 927/927/927 925/925/925 932/932/932
f 932/932/932 925/925/925 928/928/928
f 933/933/933 928/928/928 924/924/924
f 933/933/933 924/924/924 929/929/929
f 932/932/932 928/928/928 933/933/933
f 934/934/934 927/927/927 932/932/932
f 935/935/935 927/927/927 934/934/934
f 936/936/936 935/935/935 934/934/934
f 937/937/937 933/933/933 929/929/929
f 937/937/937 929/929/929 931/931/931
f 938/938/938 932/932/932 933/933/933
f 934/934/934 932/932/932 938/938/938
f 938/938/938 933/933/933 937/937/937
f 936/936/936 934/934/934 939/939/939
f 939/939/939 934/934/934 938/938/938
f 940/940/940 936/936/936 939/939/939
f 940/940/940 939/939/939 941/941/941
f 939/939/939 938/938/938 942/942/942
f 941/941/941 939/939/939 942/942/942
f 942/942/942 938/938/938 937/937/937
f 941/941/941 942/942/942 943/943/943
f 942/942/942 937/937/937 944/944/944
f 943/943/943 942/942/942 944/944/944
f 944/944/944 937/937/937 931/931/931
f 943/943/943 944/944/944 945/945/945
f 944/944/944 931/931/931 946/946/946
f 945/945/945 944/944/944 946/946/946
f 946/946/946 931/931/931 947/947/947
f 945/945/945 946/946/946 948/948/948
f 948/948/948 946/946/946 949/949/949
f 950/950/950 945/945/945 948/948/948
f 953/953/953 952/952/952 951/951/951
f 951/951/951 952/952/952 954/954/954
f 952/952/952 955/955/955 954/954/954
f 952/952/952 956/956/956 955/955/955
f 956/956/956 957/957/957 955/955/955
f 955/955/955 957/957/957 958/958/958
f 957/957/957 959/959/959 958/958/958
f 954/954/954 955/955/955 960/960/960
f 955/955/955 958/958/958 960/960/960
f 951/951/951 954/954/954 961/961/961
f 962/962/962 951/951/951 961/961/961
f 963/963/963 951/951/951 962/962/962
f 961/961/961 954/954/954 964/964/964
f 954/954/954 960/960/960 964/964/964
f 961/961/961 964/964/964 965/965/965
f 965/965/965 964/964/964 966/966/966
f 965/965/965 966/966/966 967/967/967
f 967/967/967 966/966/966 968/968/968
f 966/966/966 969/969/969 968/968/968
f 964/964/964 970/970/970 966/966/966
f 964/964/964 960/960/960 970/970/970
f 966/966/966 970/970/970 969/969/969
f 960/960/960 958/958/958 971/971/971
f 960/960/960 971/971/971 970/970/970
f 970/970/970 972/972/972 969/969/969
f 970/970/970 971/971/971 972/972/972
f 969/969/969 972/972/972 973/973/973
f 972/972/972 974/974/974 973/973/973
f 958/958/958 975/975/975 971/971/971
f 958/958/958 959/959/959 975/975/975
f 971/971/971 976/976/976 972/972/972
f 972/972/972 976/976/976 974/974/974
f 971/971/971 975/975/975 976/976/976
f 959/959/959 977/977/977 975/975/975
f 959/959/959 978/978/978 977/977/977
f 978/978/978 979/979/979 977/977/977
f 980/980/980 977/977/977 979/979/979
f 975/975/975 977/977/977 981/981/981
f 977/977/977 980/980/980 981/981/981
f 975/975/975 981/981/981 976/976/976
f 982/982/982 981/981/981 980/980/980
f 976/976/976 983/983/983 974/974/974
f 976/976/976 981/981/981 983/983/983
f 981/981/981 982/982/982 983/983/983
f 974/974/974 983/983/983 984/984/984
f 985/985/985 983/983/983 982/982/982
f 983/983/983 985/985/985 984/984/984
f 988/988/988 987/987/987 986/986/986
f 989/989/989 988/988/988 986/986/986
f 990/990/990 988/988/988 989/989/989
f 991/991/991 990/990/990 989/989/989
f 992/992/992 990/990/990 991/991/991
f 993/993/993 992/992/992 991/991/991
f 994/994/994 992/992/992 993/993/993
f 995/995/995 994/994/994 993/993/993
f 996/996/996 994/994/994 995/995/995
f 997/997/997 996/996/996 995/995/995
f 997/997/997 995/995/995 998/998/998
f 998/998/998 995/995/995 999/999/999
f 995/995/995 993/993/993 999/999/999
f 998/998/998 999/999/999 1000/1000/1000
f 993/993/993 991/991/991 1001/1001/1001
f 999/999/999 993/993/993 1001/1001/1001
f 1000/1000/1000 999/999/999 1002/1002/1002
f 999/999/999 1001/1001/1001 1002/1002/1002
f 1000/1000/1000 1002/1002/1002 1003/1003/1003
f 991/991/991 989/989/989 1004/1004/1004
f 1001/1001/1001 991/991/991 1004/1004/1004
f 1003/1003/1003 1002/1002/1002 1005/1005/1005
f 1003/1003/1003 1005/1005/1005 1006/1006/1006
f 1002/1002/1002 1001/1001/1001 1007/1007/1007
f 1001/1001/1001 1004/1004/1004 1007/1007/1007
f 1002/1002/1002 1007/1007/1007 1005/1005/1005
f 1004/1004/1004 989/989/989 1008/1008/1008
f 989/989/989 986/986/986 1008/1008/1008
f 1006/1006/1006 1005/1005/1005 1009/1009/1009
f 1006/1006/1006 1009/1009/1009 1010/1010/1010
f 1005/1005/1005 1011/1011/1011 1009/1009/1009
f 1005/1005/1005 1007/1007/1007 1011/1011/1011
f 1009/1009/1009 1011/1011/1011 1012/1012/1012
f 1007/1007/1007 1004/1004/1004 1013/1013/1013
f 1007/1007/1007 1013/1013/1013 1011/1011/1011
f 1004/1004/1004 1008/1008/1008 1013/1013/1013
f 1008/1008/1008 986/986/986 1014/1014/1014
f 986/986/986 1015/1015/1015 1014/1014/1014
f 1014/1014/1014 1015/1015/1015 1016/1016/1016
f 1011/1011/1011 1017/1017/1017 1012/1012/1012
f 1011/1011/1011 1013/1013/1013 1017/1017/1017
f 1013/1013/1013 1008/1008/1008 1018/1018/1018
f 1008/1008/1008 1014/1014/1014 1018/1018/1018
f 1013/1013/1013 1018/1018/1018 1017/1017/1017
f 1014/1014/1014 1016/1016/1016 1019/1019/1019
f 1018/1018/1018 1014/1014/1014 1019/1019/1019
f 1019/1019/1019 1016/1016/1016 1020/1020/1020
f 1012/1012/1012 1017/1017/1017 1021/1021/1021
f 1012/1012/1012 1021/1021/1021 1022/1022/1022
f 1017/1017/1017 1018/1018/1018 1023/1023/1023
f 1017/1017/1017 1023/1023/1023 1021/1021/1021
f 1018/1018/1018 1019/1019/1019 1023/1023/1023
f 1021/1021/1021 1023/1023/1023 1024/1024/1024
f 1023/1023/1023 1019/1019/1019 1025/1025/1025
f 1023/1023/1023 1025/1025/1025 1024/1024/1024
f 1019/1019/1019 1020/1020/1020 1025/1025/1025
f 1024/1024/1024 1025/1025/1025 1026/1026/1026
f 1025/1025/1025 1027/1027/1027 1026/1026/1026
f 1025/1025/1025 1020/1020/1020 1027/1027/1027
f 1020/1020/1020 1028/1028/1028 1027/1027/1027
f 1020/1020/1020 1029/1029/1029 1028/1028/1028
f 1032/1032/1032 1031/1031/1031 1030/1030/1030
f 1032/1032/1032 1033/1033/1033 1031/1031/1031
f 1034/1034/1034 1033/1033/1033 1032/1032/1032
f 1033/1033/1033 1035/1035/1035 1031/1031/1031
f 1031/1031/1031 1035/1035/1035 1036/1036/1036
f 1031/1031/1031 1036/1036/1036 1037/1037/1037
f 1037/1037/1037 1036/1036/1036 1038/1038/1038
f 1036/1036/1036 1039/1039/1039 1038/1038/1038
f 1036/1036/1036 1040/1040/1040 1039/1039/1039
f 1035/1035/1035 1040/1040/1040 1036/1036/1036
f 1040/1040/1040 1041/1041/1041 1039/1039/1039
f 1039/1039/1039 1041/1041/1041 1042/1042/1042
f 1041/1041/1041 1043/1043/1043 1042/1042/1042
f 1042/1042/1042 1043/1043/1043 1044/1044/1044
f 1043/1043/1043 1045/1045/1045 1044/1044/1044
f 1043/1043/1043 1046/1046/1046 1045/1045/1045
f 1046/1046/1046 1047/1047/1047 1045/1045/1045
f 1047/1047/1047 1046/1046/1046 1048/1048/1048
f 1041/1041/1041 1049/1049/1049 1043/1043/1043
f 1049/1049/1049 1046/1046/1046 1043/1043/1043
f 1050/1050/1050 1048/1048/1048 1046/1046/1046
f 1049/1049/1049 1050/1050/1050 1046/1046/1046
f 1048/1048/1048 1050/1050/1050 1051/1051/1051
f 1052/1052/1052 1051/1051/1051 1050/1050/1050
f 1053/1053/1053 1052/1052/1052 1050/1050/1050
f 1053/1053/1053 1050/1050/1050 1049/1049/1049
f 1054/1054/1054 1052/1052/1052 1053/1053/1053
f 1055/1055/1055 1049/1049/1049 1041/1041/1041
f 1055/1055/1055 1053/1053/1053 1049/1049/1049
f 1040/1040/1040 1055/1055/1055 1041/1041/1041
f 1056/1056/1056 1054/1054/1054 1053/1053/1053
f 1056/1056/1056 1053/1053/1053 1055/1055/1055
f 1057/1057/1057 1054/1054/1054 1056/1056/1056
f 1058/1058/1058 1057/1057/1057 1056/1056/1056
f 1059/1059/1059 1055/1055/1055 1040/1040/1040
f 1059/1059/1059 1056/1056/1056 1055/1055/1055
f 1058/1058/1058 1056/1056/1056 1059/1059/1059
f 1035/1035/1035 1059/1059/1059 1040/1040/1040
f 1060/1060/1060 1058/1058/1058 1059/1059/1059
f 1060/1060/1060 1059/1059/1059 1035/1035/1035
f 1061/1061/1061 1058/1058/1058 1060/1060/1060
f 1033/1033/1033 1060/1060/1060 1035/1035/1035
f 1062/1062/1062 1061/1061/1061 1060/1060/1060
f 1062/1062/1062 1060/1060/1060 1033/1033/1033
f 1063/1063/1063 1061/1061/1061 1062/1062/1062
f 1034/1034/1034 1062/1062/1062 1033/1033/1033
f 1064/1064/1064 1063/1063/1063 1062/1062/1062
f 1064/1064/1064 1062/1062/1062 1034/1034/1034
f 1065/1065/1065 1064/1064/1064 1034/1034/1034
f 1066/1066/1066 1063/1063/1063 1064/1064/1064
f 1067/1067/1067 1066/1066/1066 1064/1064/1064
f 1068/1068/1068 1066/1066/1066 1067/1067/1067
f 1071/1071/1071 1070/1070/1070 1069/1069/1069
f 1072/1072/1072 1071/1071/1071 1069/1069/1069
f 1073/1073/1073 1071/1071/1071 1072/1072/1072
f 1074/1074/1074 1073/1073/1073 1072/1072/1072
f 1075/1075/1075 1073/1073/1073 1074/1074/1074
f 1076/1076/1076 1075/1075/1075 1074/1074/1074
f 1077/1077/1077 1075/1075/1075 1076/1076/1076
f 1076/1076/1076 1074/1074/1074 1078/1078/1078
f 1078/1078/1078 1074/1074/1074 1079/1079/1079
f 1074/1074/1074 1072/1072/1072 1079/1079/1079
f 1078/1078/1078 1079/1079/1079 1080/1080/1080
f 1072/1072/1072 1069/1069/1069 1081/1081/1081
f 1079/1079/1079 1072/1072/1072 1081/1081/1081
f 1080/1080/1080 1079/1079/1079 1082/1082/1082
f 1079/1079/1079 1081/1081/1081 1082/1082/1082
f 1080/1080/1080 1082/1082/1082 1083/1083/1083
f 1081/1081/1081 1069/1069/1069 1084/1084/1084
f 1069/1069/1069 1085/1085/1085 1084/1084/1084
f 1083/1083/1083 1082/1082/1082 1086/1086/1086
f 1083/1083/1083 1086/1086/1086 1087/1087/1087
f 1082/1082/1082 1081/1081/1081 1088/1088/1088
f 1082/1082/1082 1088/1088/1088 1086/1086/1086
f 1081/1081/1081 1084/1084/1084 1088/1088/1088
f 1086/1086/1086 1088/1088/1088 1089/1089/1089
f 1084/1084/1084 1085/1085/1085 1090/1090/1090
f 1085/1085/1085 1091/1091/1091 1090/1090/1090
f 1088/1088/1088 1084/1084/1084 1092/1092/1092
f 1088/1088/1088 1092/1092/1092 1089/1089/1089
f 1084/1084/1084 1090/1090/1090 1092/1092/1092
f 1090/1090/1090 1091/1091/1091 1093/1093/1093
f 1091/1091/1091 1094/1094/1094 1093/1093/1093
f 1093/1093/1093 1094/1094/1094 1095/1095/1095
f 1089/1089/1089 1092/1092/1092 1096/1096/1096
f 1089/1089/1089 1096/1096/1096 1097/1097/1097
f 1092/1092/1092 1090/1090/1090 1098/1098/1098
f 1090/1090/1090 1093/1093/1093 1098/1098/1098
f 1092/1092/1092 1098/1098/1098 1096/1096/1096
f 1093/1093/1093 1095/1095/1095 1099/1099/1099
f 1098/1098/1098 1093/1093/1093 1099/1099/1099
f 1099/1099/1099 1095/1095/1095 1100/1100/1100
f 1097/1097/1097 1096/1096/1096 1101/1101/1101
f 1097/1097/1097 1101/1101/1101 1102/1102/1102
f 1096/1096/1096 1098/1098/1098 1103/1103/1103
f 1096/1096/1096 1103/1103/1103 1101/1101/1101
f 1098/1098/1098 1099/1099/1099 1103/1103/1103
f 1101/1101/1101 1103/1103/1103 1104/1104/1104
f 1099/1099/1099 1100/1100/1100 1105/1105/1105
f 1103/1103/1103 1099/1099/1099 1105/1105/1105
f 1103/1103/1103 1105/1105/1105 1104/1104/1104
f 1105/1105/1105 1100/1100/1100 1106/1106/1106
f 1105/1105/1105 1106/1106/1106 1107/1107/1107
f 1104/1104/1104 1105/1105/1105 1107/1107/1107
f 1104/1104/1104 1107/1107/1107 1108/1108/1108
f 1108/1108/1108 1107/1107/1107 1109/1109/1109
f 1112/1112/1112 1111/1111/1111 1110/1110/1110
f 1110/1110/1110 1111/1111/1111 1113/1113/1113
f 1111/1111/1111 1114/1114/1114 1113/1113/1113
f 1113/1113/1113 1114/1114/1114 1115/1115/1115
f 1118/1118/1118 1117/1117/1117 1116/1116/1116
f 1118/1118/1118 1119/1119/1119 1117/1117/1117
f 1120/1120/1120 1119/1119/1119 1118/1118/1118
f 1121/1121/1121 1120/1120/1120 1118/1118/1118
f 1121/1121/1121 1118/1118/1118 1122/1122/1122
f 1123/1123/1123 1121/1121/1121 1122/1122/1122
f 1124/1124/1124 1123/1123/1123 1122/1122/1122
f 1120/1120/1120 1125/1125/1125 1119/1119/1119
f 1125/1125/1125 1126/1126/1126 1119/1119/1119
f 1119/1119/1119 1126/1126/1126 1127/1127/1127
f 1126/1126/1126 1128/1128/1128 1127/1127/1127
f 1127/1127/1127 1128/1128/1128 1129/1129/1129
f 1128/1128/1128 1130/1130/1130 1129/1129/1129
f 1129/1129/1129 1130/1130/1130 1131/1131/1131
f 1130/1130/1130 1132/1132/1132 1131/1131/1131
f 1131/1131/1131 1132/1132/1132 1133/1133/1133
f 1130/1130/1130 1134/1134/1134 1132/1132/1132
f 1135/1135/1135 1134/1134/1134 1130/1130/1130
f 1128/1128/1128 1135/1135/1135 1130/1130/1130
f 1135/1135/1135 1136/1136/1136 1134/1134/1134
f 1137/1137/1137 1136/1136/1136 1135/1135/1135
f 1138/1138/1138 1135/1135/1135 1128/1128/1128
f 1138/1138/1138 1137/1137/1137 1135/1135/1135
f 1126/1126/1126 1138/1138/1138 1128/1128/1128
f 1139/1139/1139 1137/1137/1137 1138/1138/1138
f 1140/1140/1140 1139/1139/1139 1138/1138/1138
f 1140/1140/1140 1138/1138/1138 1126/1126/1126
f 1125/1125/1125 1140/1140/1140 1126/1126/1126
f 1141/1141/1141 1140/1140/1140 1125/1125/1125
f 1141/1141/1141 1142/1142/1142 1140/1140/1140
f 1143/1143/1143 1142/1142/1142 1141/1141/1141
f 1144/1144/1144 1143/1143/1143 1141/1141/1141
f 1145/1145/1145 1141/1141/1141 1125/1125/1125
f 1144/1144/1144 1141/1141/1141 1145/1145/1145
f 1145/1145/1145 1125/1125/1125 1120/1120/1120
f 1146/1146/1146 1144/1144/1144 1145/1145/1145
f 1147/1147/1147 1144/1144/1144 1146/1146/1146
f 1148/1148/1148 1145/1145/1145 1120/1120/1120
f 1146/1146/1146 1145/1145/1145 1148/1148/1148
f 1148/1148/1148 1120/1120/1120 1121/1121/1121
f 1149/1149/1149 1147/1147/1147 1146/1146/1146
f 1149/1149/1149 1150/1150/1150 1147/1147/1147
f 1151/1151/1151 1149/1149/1149 1146/1146/1146
f 1149/1149/1149 1151/1151/1151 1150/1150/1150
f 1151/1151/1151 1146/1146/1146 1148/1148/1148
f 1150/1150/1150 1151/1151/1151 1152/1152/1152
f 1152/1152/1152 1151/1151/1151 1153/1153/1153
f 1154/1154/1154 1148/1148/1148 1121/1121/1121
f 1154/1154/1154 1151/1151/1151 1148/1148/1148
f 1154/1154/1154 1153/1153/1153 1151/1151/1151
f 1123/1123/1123 1154/1154/1154 1121/1121/1121
f 1123/1123/1123 1153/1153/1153 1154/1154/1154
f 1153/1153/1153 1123/1123/1123 1155/1155/1155
f 1155/1155/1155 1123/1123/1123 1156/1156/1156
f 1124/1124/1124 1156/1156/1156 1123/1123/1123
f 1157/1157/1157 1156/1156/1156 1124/1124/1124
f 1157/1157/1157 1124/1124/1124 1158/1158/1158
f 1156/1156/1156 1157/1157/1157 1159/1159/1159
f 1159/1159/1159 1157/1157/1157 1160/1160/1160
f 1161/1161/1161 1160/1160/1160 1157/1157/1157
f 1162/1162/1162 1160/1160/1160 1161/1161/1161
f 1163/1163/1163 1160/1160/1160 1162/1162/1162
f 1166/1166/1166 1165/1165/1165 1164/1164/1164
f 1165/1165/1165 1167/1167/1167 1164/1164/1164
f 1167/1167/1167 1168/1168/1168 1164/1164/1164
f 1165/1165/1165 1169/1169/1169 1167/1167/1167
f 1167/1167/1167 1170/1170/1170 1168/1168/1168
f 1170/1170/1170 1171/1171/1171 1168/1168/1168
f 1170/1170/1170 1172/1172/1172 1171/1171/1171
f 1169/1169/1169 1173/1173/1173 1167/1167/1167
f 1173/1173/1173 1170/1170/1170 1167/1167/1167
f 1169/1169/1169 1174/1174/1174 1173/1173/1173
f 1174/1174/1174 1175/1175/1175 1173/1173/1173
f 1176/1176/1176 1172/1172/1172 1170/1170/1170
f 1173/1173/1173 1176/1176/1176 1170/1170/1170
f 1175/1175/1175 1176/1176/1176 1173/1173/1173
f 1176/1176/1176 1177/1177/1177 1172/1172/1172
f 1178/1178/1178 1177/1177/1177 1176/1176/1176
f 1175/1175/1175 1178/1178/1178 1176/1176/1176
f 1178/1178/1178 1179/1179/1179 1177/1177/1177
f 1180/1180/1180 1178/1178/1178 1175/1175/1175
f 1181/1181/1181 1180/1180/1180 1175/1175/1175
f 1180/1180/1180 1182/1182/1182 1178/1178/1178
f 1185/1185/1185 1184/1184/1184 1183/1183/1183
f 1185/1185/1185 1183/1183/1183 1186/1186/1186
f 1187/1187/1187 1185/1185/1185 1186/1186/1186
f 1187/1187/1187 1186/1186/1186 1188/1188/1188
f 1186/1186/1186 1189/1189/1189 1188/1188/1188
f 1188/1188/1188 1189/1189/1189 1190/1190/1190
f 1189/1189/1189 1191/1191/1191 1190/1190/1190
f 1183/1183/1183 1192/1192/1192 1186/1186/1186
f 1186/1186/1186 1192/1192/1192 1189/1189/1189
f 1189/1189/1189 1193/1193/1193 1191/1191/1191
f 1192/1192/1192 1193/1193/1193 1189/1189/1189
f 1183/1183/1183 1194/1194/1194 1192/1192/1192
f 1195/1195/1195 1194/1194/1194 1183/1183/1183
f 1195/1195/1195 1196/1196/1196 1194/1194/1194
f 1194/1194/1194 1197/1197/1197 1192/1192/1192
f 1192/1192/1192 1197/1197/1197 1193/1193/1193
f 1196/1196/1196 1198/1198/1198 1194/1194/1194
f 1194/1194/1194 1198/1198/1198 1197/1197/1197
f 1196/1196/1196 1199/1199/1199 1198/1198/1198
f 1193/1193/1193 1200/1200/1200 1191/1191/1191
f 1191/1191/1191 1200/1200/1200 1201/1201/1201
f 1198/1198/1198 1202/1202/1202 1197/1197/1197
f 1198/1198/1198 1203/1203/1203 1202/1202/1202
f 1203/1203/1203 1204/1204/1204 1202/1202/1202
f 1202/1202/1202 1204/1204/1204 1205/1205/1205
f 1197/1197/1197 1206/1206/1206 1193/1193/1193
f 1197/1197/1197 1202/1202/1202 1206/1206/1206
f 1202/1202/1202 1205/1205/1205 1206/1206/1206
f 1193/1193/1193 1206/1206/1206 1200/1200/1200
f 1206/1206/1206 1205/1205/1205 1207/1207/1207
f 1206/1206/1206 1207/1207/1207 1200/1200/1200
f 1200/1200/1200 1208/1208/1208 1201/1201/1201
f 1200/1200/1200 1207/1207/1207 1208/1208/1208
f 1201/1201/1201 1208/1208/1208 1209/1209/1209
f 1207/1207/1207 1210/1210/1210 1208/1208/1208
f 1207/1207/1207 1211/1211/1211 1210/1210/1210
f 1211/1211/1211 1212/1212/1212 1210/1210/1210
f 1208/1208/1208 1210/1210/1210 1213/1213/1213
f 1210/1210/1210 1212/1212/1212 1214/1214/1214
f 1210/1210/1210 1214/1214/1214 1213/1213/1213
f 1213/1213/1213 1214/1214/1214 1215/1215/1215
f 1218/1218/1218 1217/1217/1217 1216/1216/1216
f 1216/1216/1216 1217/1217/1217 1219/1219/1219
f 1216/1216/1216 1219/1219/1219 1220/1220/1220
f 1220/1220/1220 1219/1219/1219 1221/1221/1221
f 1220/1220/1220 1221/1221/1221 1222/1222/1222
f 1222/1222/1222 1221/1221/1221 1223/1223/1223
f 1224/1224/1224 1223/1223/1223 1221/1221/1221
f 1223/1223/1223 1224/1224/1224 1225/1225/1225
f 1226/1226/1226 1225/1225/1225 1224/1224/1224
f 1225/1225/1225 1226/1226/1226 1227/1227/1227
f 1228/1228/1228 1227/1227/1227 1226/1226/1226
f 1227/1227/1227 1228/1228/1228 1229/1229/1229
f 1230/1230/1230 1229/1229/1229 1228/1228/1228
f 1231/1231/1231 1229/1229/1229 1230/1230/1230
f 1234/1234/1234 1233/1233/1233 1232/1232/1232
f 1235/1235/1235 1233/1233/1233 1234/1234/1234
f 1236/1236/1236 1235/1235/1235 1234/1234/1234
f 1235/1235/1235 1237/1237/1237 1233/1233/1233
f 1236/1236/1236 1238/1238/1238 1235/1235/1235
f 1239/1239/1239 1237/1237/1237 1235/1235/1235
f 1238/1238/1238 1239/1239/1239 1235/1235/1235
f 1239/1239/1239 1240/1240/1240 1237/1237/1237
f 1238/1238/1238 1241/1241/1241 1239/1239/1239
f 1242/1242/1242 1240/1240/1240 1239/1239/1239
f 1241/1241/1241 1242/1242/1242 1239/1239/1239
f 1242/1242/1242 1243/1243/1243 1240/1240/1240
f 1241/1241/1241 1244/1244/1244 1242/1242/1242
f 1245/1245/1245 1243/1243/1243 1242/1242/1242
f 1244/1244/1244 1245/1245/1245 1242/1242/1242
f 1245/1245/1245 1246/1246/1246 1243/1243/1243
f 1244/1244/1244 1247/1247/1247 1245/1245/1245
f 1248/1248/1248 1246/1246/1246 1245/1245/1245
f 1247/1247/1247 1248/1248/1248 1245/1245/1245
f 1251/1251/1251 1250/1250/1250 1249/1249/1249
f 1250/1250/1250 1251/1251/1251 1252/1252/1252
f 1252/1252/1252 1253/1253/1253 1250/1250/1250
f 1251/1251/1251 1254/1254/1254 1252/1252/1252
f 1251/1251/1251 1255/1255/1255 1254/1254/1254
f 1255/1255/1255 1256/1256/1256 1254/1254/1254
f 1253/1253/1253 1252/1252/1252 1257/1257/1257
f 1253/1253/1253 1257/1257/1257 1258/1258/1258
f 1252/1252/1252 1254/1254/1254 1259/1259/1259
f 1252/1252/1252 1259/1259/1259 1257/1257/1257
f 1254/1254/1254 1256/1256/1256 1260/1260/1260
f 1254/1254/1254 1260/1260/1260 1259/1259/1259
f 1258/1258/1258 1257/1257/1257 1261/1261/1261
f 1262/1262/1262 1258/1258/1258 1261/1261/1261
f 1257/1257/1257 1259/1259/1259 1263/1263/1263
f 1257/1257/1257 1263/1263/1263 1261/1261/1261
f 1262/1262/1262 1261/1261/1261 1264/1264/1264
f 1264/1264/1264 1265/1265/1265 1262/1262/1262
f 1261/1261/1261 1266/1266/1266 1264/1264/1264
f 1261/1261/1261 1263/1263/1263 1266/1266/1266
f 1264/1264/1264 1266/1266/1266 1267/1267/1267
f 1266/1266/1266 1268/1268/1268 1267/1267/1267
f 1259/1259/1259 1269/1269/1269 1263/1263/1263
f 1259/1259/1259 1260/1260/1260 1269/1269/1269
f 1263/1263/1263 1270/1270/1270 1266/1266/1266
f 1266/1266/1266 1270/1270/1270 1268/1268/1268
f 1263/1263/1263 1269/1269/1269 1270/1270/1270
f 1256/1256/1256 1271/1271/1271 1260/1260/1260
f 1256/1256/1256 1272/1272/1272 1271/1271/1271
f 1272/1272/1272 1273/1273/1273 1271/1271/1271
f 1270/1270/1270 1274/1274/1274 1268/1268/1268
f 1268/1268/1268 1274/1274/1274 1275/1275/1275
f 1274/1274/1274 1276/1276/1276 1275/1275/1275
f 1269/1269/1269 1277/1277/1277 1270/1270/1270
f 1270/1270/1270 1277/1277/1277 1274/1274/1274
f 1260/1260/1260 1278/1278/1278 1269/1269/1269
f 1260/1260/1260 1271/1271/1271 1278/1278/1278
f 1269/1269/1269 1278/1278/1278 1277/1277/1277
f 1274/1274/1274 1279/1279/1279 1276/1276/1276
f 1277/1277/1277 1279/1279/1279 1274/1274/1274
f 1279/1279/1279 1280/1280/1280 1276/1276/1276
f 1271/1271/1271 1273/1273/1273 1281/1281/1281
f 1271/1271/1271 1281/1281/1281 1278/1278/1278
f 1278/1278/1278 1282/1282/1282 1277/1277/1277
f 1277/1277/1277 1282/1282/1282 1279/1279/1279
f 1278/1278/1278 1281/1281/1281 1282/1282/1282
f 1279/1279/1279 1283/1283/1283 1280/1280/1280
f 1282/1282/1282 1283/1283/1283 1279/1279/1279
f 1283/1283/1283 1284/1284/1284 1280/1280/1280
f 1273/1273/1273 1285/1285/1285 1281/1281/1281
f 1273/1273/1273 1286/1286/1286 1285/1285/1285
f 1281/1281/1281 1287/1287/1287 1282/1282/1282
f 1281/1281/1281 1285/1285/1285 1287/1287/1287
f 1282/1282/1282 1287/1287/1287 1283/1283/1283
f 1285/1285/1285 1288/1288/1288 1287/1287/1287
f 1287/1287/1287 1288/1288/1288 1289/1289/1289
f 1287/1287/1287 1289/1289/1289 1283/1283/1283
f 1283/1283/1283 1289/1289/1289 1284/1284/1284
f 1289/1289/1289 1290/1290/1290 1284/1284/1284
f 1289/1289/1289 1291/1291/1291 1290/1290/1290
f 1294/1294/1294 1293/1293/1293 1292/1292/1292
f 1292/1292/1292 1295/1295/1295 1294/1294/1294
f 1295/1295/1295 1296/1296/1296 1294/1294/1294
f 1299/1299/1299 1298/1298/1298 1297/1297/1297
f 1297/1297/1297 1300/1300/1300 1299/1299/1299
f 1300/1300/1300 1297/1297/1297 1301/1301/1301
f 1300/1300/1300 1302/1302/1302 1299/1299/1299
f 1299/1299/1299 1302/1302/1302 1303/1303/1303
f 1302/1302/1302 1304/1304/1304 1303/1303/1303
f 1301/1301/1301 1305/1305/1305 1300/1300/1300
f 1305/1305/1305 1301/1301/1301 1306/1306/1306
f 1302/1302/1302 1307/1307/1307 1304/1304/1304
f 1307/1307/1307 1308/1308/1308 1304/1304/1304
f 1300/1300/1300 1309/1309/1309 1302/1302/1302
f 1305/1305/1305 1309/1309/1309 1300/1300/1300
f 1309/1309/1309 1307/1307/1307 1302/1302/1302
f 1306/1306/1306 1310/1310/1310 1305/1305/1305
f 1310/1310/1310 1306/1306/1306 1311/1311/1311
f 1305/1305/1305 1312/1312/1312 1309/1309/1309
f 1310/1310/1310 1312/1312/1312 1305/1305/1305
f 1311/1311/1311 1313/1313/1313 1310/1310/1310
f 1313/1313/1313 1311/1311/1311 1314/1314/1314
f 1313/1313/1313 1315/1315/1315 1310/1310/1310
f 1310/1310/1310 1315/1315/1315 1312/1312/1312
f 1309/1309/1309 1316/1316/1316 1307/1307/1307
f 1312/1312/1312 1316/1316/1316 1309/1309/1309
f 1315/1315/1315 1317/1317/1317 1312/1312/1312
f 1312/1312/1312 1317/1317/1317 1316/1316/1316
f 1315/1315/1315 1318/1318/1318 1317/1317/1317
f 1307/1307/1307 1319/1319/1319 1308/1308/1308
f 1316/1316/1316 1319/1319/1319 1307/1307/1307
f 1318/1318/1318 1320/1320/1320 1317/1317/1317
f 1318/1318/1318 1321/1321/1321 1320/1320/1320
f 1321/1321/1321 1322/1322/1322 1320/1320/1320
f 1317/1317/1317 1323/1323/1323 1316/1316/1316
f 1317/1317/1317 1320/1320/1320 1323/1323/1323
f 1316/1316/1316 1323/1323/1323 1319/1319/1319
f 1319/1319/1319 1324/1324/1324 1308/1308/1308
f 1308/1308/1308 1324/1324/1324 1325/1325/1325
f 1324/1324/1324 1326/1326/1326 1325/1325/1325
f 1320/1320/1320 1322/1322/1322 1327/1327/1327
f 1320/1320/1320 1327/1327/1327 1323/1323/1323
f 1323/1323/1323 1328/1328/1328 1319/1319/1319
f 1319/1319/1319 1328/1328/1328 1324/1324/1324
f 1323/1323/1323 1327/1327/1327 1328/1328/1328
f 1322/1322/1322 1329/1329/1329 1327/1327/1327
f 1322/1322/1322 1330/1330/1330 1329/1329/1329
f 1330/1330/1330 1331/1331/1331 1329/1329/1329
f 1328/1328/1328 1332/1332/1332 1324/1324/1324
f 1324/1324/1324 1332/1332/1332 1326/1326/1326
f 1327/1327/1327 1333/1333/1333 1328/1328/1328
f 1327/1327/1327 1329/1329/1329 1333/1333/1333
f 1328/1328/1328 1333/1333/1333 1332/1332/1332
f 1329/1329/1329 1331/1331/1331 1334/1334/1334
f 1329/1329/1329 1334/1334/1334 1333/1333/1333
f 1331/1331/1331 1335/1335/1335 1334/1334/1334
f 1334/1334/1334 1335/1335/1335 1336/1336/1336
f 1333/1333/1333 1334/1334/1334 1337/1337/1337
f 1334/1334/1334 1336/1336/1336 1337/1337/1337
f 1333/1333/1333 1337/1337/1337 1332/1332/1332
f 1337/1337/1337 1336/1336/1336 1338/1338/1338
f 1332/1332/1332 1337/1337/1337 1339/1339/1339
f 1337/1337/1337 1338/1338/1338 1339/1339/1339
f 1332/1332/1332 1339/1339/1339 1326/1326/1326
f 1339/1339/1339 1338/1338/1338 1340/1340/1340
f 1326/1326/1326 1339/1339/1339 1341/1341/1341
f 1339/1339/1339 1340/1340/1340 1341/1341/1341
f 1326/1326/1326 1341/1341/1341 1342/1342/1342
f 1341/1341/1341 1340/1340/1340 1343/1343/1343
f 1341/1341/1341 1343/1343/1343 1344/1344/1344
f 1340/1340/1340 1345/1345/1345 1343/1343/1343
f 1348/1348/1348 1347/1347/1347 1346/1346/1346
f 1348/1348/1348 1346/1346/1346 1349/1349/1349
f 1350/1350/1350 1348/1348/1348 1349/1349/1349
f 1351/1351/1351 1348/1348/1348 1350/1350/1350
f 1352/1352/1352 1351/1351/1351 1350/1350/1350
f 1352/1352/1352 1350/1350/1350 1353/1353/1353
f 1354/1354/1354 1352/1352/1352 1353/1353/1353
f 1350/1350/1350 1349/1349/1349 1355/1355/1355
f 1353/1353/1353 1350/1350/1350 1355/1355/1355
f 1349/1349/1349 1346/1346/1346 1356/1356/1356
f 1346/1346/1346 1357/1357/1357 1356/1356/1356
f 1346/1346/1346 1358/1358/1358 1357/1357/1357
f 1349/1349/1349 1356/1356/1356 1359/1359/1359
f 1355/1355/1355 1349/1349/1349 1359/1359/1359
f 1359/1359/1359 1356/1356/1356 1360/1360/1360
f 1359/1359/1359 1360/1360/1360 1361/1361/1361
f 1361/1361/1361 1360/1360/1360 1362/1362/1362
f 1361/1361/1361 1362/1362/1362 1363/1363/1363
f 1364/1364/1364 1361/1361/1361 1363/1363/1363
f 1365/1365/1365 1359/1359/1359 1361/1361/1361
f 1355/1355/1355 1359/1359/1359 1365/1365/1365
f 1365/1365/1365 1361/1361/1361 1364/1364/1364
f 1353/1353/1353 1355/1355/1355 1366/1366/1366
f 1366/1366/1366 1355/1355/1355 1365/1365/1365
f 1367/1367/1367 1365/1365/1365 1364/1364/1364
f 1366/1366/1366 1365/1365/1365 1367/1367/1367
f 1367/1367/1367 1364/1364/1364 1368/1368/1368
f 1369/1369/1369 1367/1367/1367 1368/1368/1368
f 1370/1370/1370 1353/1353/1353 1366/1366/1366
f 1354/1354/1354 1353/1353/1353 1370/1370/1370
f 1371/1371/1371 1366/1366/1366 1367/1367/1367
f 1371/1371/1371 1367/1367/1367 1369/1369/1369
f 1370/1370/1370 1366/1366/1366 1371/1371/1371
f 1372/1372/1372 1354/1354/1354 1370/1370/1370
f 1373/1373/1373 1354/1354/1354 1372/1372/1372
f 1374/1374/1374 1373/1373/1373 1372/1372/1372
f 1372/1372/1372 1375/1375/1375 1374/1374/1374
f 1372/1372/1372 1370/1370/1370 1376/1376/1376
f 1375/1375/1375 1372/1372/1372 1376/1376/1376
f 1376/1376/1376 1370/1370/1370 1371/1371/1371
f 1376/1376/1376 1377/1377/1377 1375/1375/1375
f 1378/1378/1378 1371/1371/1371 1369/1369/1369
f 1376/1376/1376 1371/1371/1371 1378/1378/1378
f 1377/1377/1377 1376/1376/1376 1378/1378/1378
f 1378/1378/1378 1369/1369/1369 1379/1379/1379
f 1378/1378/1378 1380/1380/1380 1377/1377/1377
f 1380/1380/1380 1378/1378/1378 1379/1379/1379
f 1383/1383/1383 1382/1382/1382 1381/1381/1381
f 1382/1382/1382 1384/1384/1384 1381/1381/1381
f 1382/1382/1382 1385/1385/1385 1384/1384/1384
f 1385/1385/1385 1386/1386/1386 1384/1384/1384
f 1385/1385/1385 1387/1387/1387 1386/1386/1386
f 1387/1387/1387 1388/1388/1388 1386/1386/1386
f 1387/1387/1387 1389/1389/1389 1388/1388/1388
f 1389/1389/1389 1390/1390/1390 1388/1388/1388
f 1389/1389/1389 1391/1391/1391 1390/1390/1390
f 1391/1391/1391 1392/1392/1392 1390/1390/1390
f 1390/1390/1390 1392/1392/1392 1393/1393/1393
f 1390/1390/1390 1393/1393/1393 1394/1394/1394
f 1388/1388/1388 1390/1390/1390 1394/1394/1394
f 1394/1394/1394 1393/1393/1393 1395/1395/1395
f 1386/1386/1386 1388/1388/1388 1396/1396/1396
f 1388/1388/1388 1394/1394/1394 1396/1396/1396
f 1394/1394/1394 1395/1395/1395 1397/1397/1397
f 1396/1396/1396 1394/1394/1394 1397/1397/1397
f 1397/1397/1397 1395/1395/1395 1398/1398/1398
f 1384/1384/1384 1386/1386/1386 1399/1399/1399
f 1386/1386/1386 1396/1396/1396 1399/1399/1399
f 1397/1397/1397 1398/1398/1398 1400/1400/1400
f 1400/1400/1400 1398/1398/1398 1401/1401/1401
f 1396/1396/1396 1397/1397/1397 1402/1402/1402
f 1399/1399/1399 1396/1396/1396 1402/1402/1402
f 1402/1402/1402 1397/1397/1397 1400/1400/1400
f 1384/1384/1384 1399/1399/1399 1403/1403/1403
f 1381/1381/1381 1384/1384/1384 1403/1403/1403
f 1400/1400/1400 1401/1401/1401 1404/1404/1404
f 1404/1404/1404 1401/1401/1401 1405/1405/1405
f 1406/1406/1406 1400/1400/1400 1404/1404/1404
f 1402/1402/1402 1400/1400/1400 1406/1406/1406
f 1406/1406/1406 1404/1404/1404 1407/1407/1407
f 1399/1399/1399 1402/1402/1402 1408/1408/1408
f 1408/1408/1408 1402/1402/1402 1406/1406/1406
f 1403/1403/1403 1399/1399/1399 1408/1408/1408
f 1381/1381/1381 1403/1403/1403 1409/1409/1409
f 1410/1410/1410 1381/1381/1381 1409/1409/1409
f 1410/1410/1410 1409/1409/1409 1411/1411/1411
f 1412/1412/1412 1406/1406/1406 1407/1407/1407
f 1408/1408/1408 1406/1406/1406 1412/1412/1412
f 1403/1403/1403 1408/1408/1408 1413/1413/1413
f 1409/1409/1409 1403/1403/1403 1413/1413/1413
f 1413/1413/1413 1408/1408/1408 1412/1412/1412
f 1411/1411/1411 1409/1409/1409 1414/1414/1414
f 1409/1409/1409 1413/1413/1413 1414/1414/1414
f 1411/1411/1411 1414/1414/1414 1415/1415/1415
f 1412/1412/1412 1407/1407/1407 1416/1416/1416
f 1416/1416/1416 1407/1407/1407 1417/1417/1417
f 1413/1413/1413 1412/1412/1412 1418/1418/1418
f 1418/1418/1418 1412/1412/1412 1416/1416/1416
f 1414/1414/1414 1413/1413/1413 1418/1418/1418
f 1418/1418/1418 1416/1416/1416 1419/1419/1419
f 1414/1414/1414 1418/1418/1418 1420/1420/1420
f 1420/1420/1420 1418/1418/1418 1419/1419/1419
f 1415/1415/1415 1414/1414/1414 1420/1420/1420
f 1420/1420/1420 1419/1419/1419 1421/1421/1421
f 1422/1422/1422 1420/1420/1420 1421/1421/1421
f 1415/1415/1415 1420/1420/1420 1422/1422/1422
f 1423/1423/1423 1415/1415/1415 1422/1422/1422
f 1424/1424/1424 1415/1415/1415 1423/1423/1423
f 1427/1427/1427 1426/1426/1426 1425/1425/1425
f 1428/1428/1428 1426/1426/1426 1427/1427/1427
f 1428/1428/1428 1429/1429/1429 1426/1426/1426
f 1430/1430/1430 1428/1428/1428 1427/1427/1427
f 1430/1430/1430 1427/1427/1427 1431/1431/1431
f 1431/1431/1431 1427/1427/1427 1432/1432/1432
f 1431/1431/1431 1432/1432/1432 1433/1433/1433
f 1434/1434/1434 1431/1431/1431 1433/1433/1433
f 1435/1435/1435 1431/1431/1431 1434/1434/1434
f 1435/1435/1435 1430/1430/1430 1431/1431/1431
f 1436/1436/1436 1435/1435/1435 1434/1434/1434
f 1436/1436/1436 1434/1434/1434 1437/1437/1437
f 1438/1438/1438 1436/1436/1436 1437/1437/1437
f 1438/1438/1438 1437/1437/1437 1439/1439/1439
f 1440/1440/1440 1438/1438/1438 1439/1439/1439
f 1441/1441/1441 1438/1438/1438 1440/1440/1440
f 1442/1442/1442 1441/1441/1441 1440/1440/1440
f 1441/1441/1441 1442/1442/1442 1443/1443/1443
f 1444/1444/1444 1436/1436/1436 1438/1438/1438
f 1441/1441/1441 1444/1444/1444 1438/1438/1438
f 1443/1443/1443 1445/1445/1445 1441/1441/1441
f 1445/1445/1445 1444/1444/1444 1441/1441/1441
f 1445/1445/1445 1443/1443/1443 1446/1446/1446
f 1446/1446/1446 1447/1447/1447 1445/1445/1445
f 1447/1447/1447 1448/1448/1448 1445/1445/1445
f 1445/1445/1445 1448/1448/1448 1444/1444/1444
f 1447/1447/1447 1449/1449/1449 1448/1448/1448
f 1444/1444/1444 1450/1450/1450 1436/1436/1436
f 1448/1448/1448 1450/1450/1450 1444/1444/1444
f 1450/1450/1450 1435/1435/1435 1436/1436/1436
f 1449/1449/1449 1451/1451/1451 1448/1448/1448
f 1448/1448/1448 1451/1451/1451 1450/1450/1450
f 1449/1449/1449 1452/1452/1452 1451/1451/1451
f 1452/1452/1452 1453/1453/1453 1451/1451/1451
f 1450/1450/1450 1454/1454/1454 1435/1435/1435
f 1451/1451/1451 1454/1454/1454 1450/1450/1450
f 1451/1451/1451 1453/1453/1453 1454/1454/1454
f 1454/1454/1454 1430/1430/1430 1435/1435/1435
f 1453/1453/1453 1455/1455/1455 1454/1454/1454
f 1454/1454/1454 1455/1455/1455 1430/1430/1430
f 1453/1453/1453 1456/1456/1456 1455/1455/1455
f 1455/1455/1455 1428/1428/1428 1430/1430/1430
f 1456/1456/1456 1457/1457/1457 1455/1455/1455
f 1455/1455/1455 1457/1457/1457 1428/1428/1428
f 1456/1456/1456 1458/1458/1458 1457/1457/1457
f 1457/1457/1457 1429/1429/1429 1428/1428/1428
f 1458/1458/1458 1459/1459/1459 1457/1457/1457
f 1457/1457/1457 1459/1459/1459 1429/1429/1429
f 1459/1459/1459 1460/1460/1460 1429/1429/1429
f 1458/1458/1458 1461/1461/1461 1459/1459/1459
f 1461/1461/1461 1462/1462/1462 1459/1459/1459
f 1461/1461/1461 1463/1463/1463 1462/1462/1462
f 1466/1466/1466 1465/1465/1465 1464/1464/1464
f 1465/1465/1465 1467/1467/1467 1464/1464/1464
f 1465/1465/1465 1468/1468/1468 1467/1467/1467
f 1468/1468/1468 1469/1469/1469 1467/1467/1467
f 1468/1468/1468 1470/1470/1470 1469/1469/1469
f 1470/1470/1470 1471/1471/1471 1469/1469/1469
f 1470/1470/1470 1472/1472/1472 1471/1471/1471
f 1469/1469/1469 1471/1471/1471 1473/1473/1473
f 1469/1469/1469 1473/1473/1473 1474/1474/1474
f 1467/1467/1467 1469/1469/1469 1474/1474/1474
f 1474/1474/1474 1473/1473/1473 1475/1475/1475
f 1464/1464/1464 1467/1467/1467 1476/1476/1476
f 1467/1467/1467 1474/1474/1474 1476/1476/1476
f 1474/1474/1474 1475/1475/1475 1477/1477/1477
f 1476/1476/1476 1474/1474/1474 1477/1477/1477
f 1477/1477/1477 1475/1475/1475 1478/1478/1478
f 1464/1464/1464 1476/1476/1476 1479/1479/1479
f 1480/1480/1480 1464/1464/1464 1479/1479/1479
f 1477/1477/1477 1478/1478/1478 1481/1481/1481
f 1481/1481/1481 1478/1478/1478 1482/1482/1482
f 1476/1476/1476 1477/1477/1477 1483/1483/1483
f 1483/1483/1483 1477/1477/1477 1481/1481/1481
f 1479/1479/1479 1476/1476/1476 1483/1483/1483
f 1483/1483/1483 1481/1481/1481 1484/1484/1484
f 1480/1480/1480 1479/1479/1479 1485/1485/1485
f 1486/1486/1486 1480/1480/1480 1485/1485/1485
f 1479/1479/1479 1483/1483/1483 1487/1487/1487
f 1487/1487/1487 1483/1483/1483 1484/1484/1484
f 1485/1485/1485 1479/1479/1479 1487/1487/1487
f 1486/1486/1486 1485/1485/1485 1488/1488/1488
f 1489/1489/1489 1486/1486/1486 1488/1488/1488
f 1489/1489/1489 1488/1488/1488 1490/1490/1490
f 1487/1487/1487 1484/1484/1484 1491/1491/1491
f 1491/1491/1491 1484/1484/1484 1492/1492/1492
f 1485/1485/1485 1487/1487/1487 1493/1493/1493
f 1488/1488/1488 1485/1485/1485 1493/1493/1493
f 1493/1493/1493 1487/1487/1487 1491/1491/1491
f 1490/1490/1490 1488/1488/1488 1494/1494/1494
f 1488/1488/1488 1493/1493/1493 1494/1494/1494
f 1490/1490/1490 1494/1494/1494 1495/1495/1495
f 1491/1491/1491 1492/1492/1492 1496/1496/1496
f 1496/1496/1496 1492/1492/1492 1497/1497/1497
f 1493/1493/1493 1491/1491/1491 1498/1498/1498
f 1498/1498/1498 1491/1491/1491 1496/1496/1496
f 1494/1494/1494 1493/1493/1493 1498/1498/1498
f 1498/1498/1498 1496/1496/1496 1499/1499/1499
f 1495/1495/1495 1494/1494/1494 1500/1500/1500
f 1494/1494/1494 1498/1498/1498 1500/1500/1500
f 1500/1500/1500 1498/1498/1498 1499/1499/1499
f 1495/1495/1495 1500/1500/1500 1501/1501/1501
f 1501/1501/1501 1500/1500/1500 1502/1502/1502
f 1500/1500/1500 1499/1499/1499 1502/1502/1502
f 1502/1502/1502 1499/1499/1499 1503/1503/1503
f 1502/1502/1502 1503/1503/1503 1504/1504/1504
f 1507/1507/1507 1506/1506/1506 1505/1505/1505
f 1507/1507/1507 1505/1505/1505 1508/1508/1508
f 1509/1509/1509 1507/1507/1507 1508/1508/1508
f 1509/1509/1509 1508/1508/1508 1510/1510/1510
f 1513/1513/1513 1512/1512/1512 1511/1511/1511
f 1514/1514/1514 1512/1512/1512 1513/1513/1513
f 1514/1514/1514 1515/1515/1515 1512/1512/1512
f 1515/1515/1515 1516/1516/1516 1512/1512/1512
f 1512/1512/1512 1516/1516/1516 1517/1517/1517
f 1516/1516/1516 1518/1518/1518 1517/1517/1517
f 1518/1518/1518 1519/1519/1519 1517/1517/1517
f 1520/1520/1520 1515/1515/1515 1514/1514/1514
f 1521/1521/1521 1520/1520/1520 1514/1514/1514
f 1521/1521/1521 1514/1514/1514 1522/1522/1522
f 1523/1523/1523 1521/1521/1521 1522/1522/1522
f 1523/1523/1523 1522/1522/1522 1524/1524/1524
f 1525/1525/1525 1523/1523/1523 1524/1524/1524
f 1525/1525/1525 1524/1524/1524 1526/1526/1526
f 1527/1527/1527 1525/1525/1525 1526/1526/1526
f 1527/1527/1527 1526/1526/1526 1528/1528/1528
f 1529/1529/1529 1525/1525/1525 1527/1527/1527
f 1529/1529/1529 1530/1530/1530 1525/1525/1525
f 1530/1530/1530 1523/1523/1523 1525/1525/1525
f 1531/1531/1531 1530/1530/1530 1529/1529/1529
f 1531/1531/1531 1532/1532/1532 1530/1530/1530
f 1530/1530/1530 1533/1533/1533 1523/1523/1523
f 1532/1532/1532 1533/1533/1533 1530/1530/1530
f 1533/1533/1533 1521/1521/1521 1523/1523/1523
f 1532/1532/1532 1534/1534/1534 1533/1533/1533
f 1534/1534/1534 1535/1535/1535 1533/1533/1533
f 1533/1533/1533 1535/1535/1535 1521/1521/1521
f 1535/1535/1535 1520/1520/1520 1521/1521/1521
f 1535/1535/1535 1536/1536/1536 1520/1520/1520
f 1537/1537/1537 1536/1536/1536 1535/1535/1535
f 1537/1537/1537 1538/1538/1538 1536/1536/1536
f 1538/1538/1538 1539/1539/1539 1536/1536/1536
f 1536/1536/1536 1540/1540/1540 1520/1520/1520
f 1536/1536/1536 1539/1539/1539 1540/1540/1540
f 1520/1520/1520 1540/1540/1540 1515/1515/1515
f 1539/1539/1539 1541/1541/1541 1540/1540/1540
f 1539/1539/1539 1542/1542/1542 1541/1541/1541
f 1540/1540/1540 1543/1543/1543 1515/1515/1515
f 1540/1540/1540 1541/1541/1541 1543/1543/1543
f 1515/1515/1515 1543/1543/1543 1516/1516/1516
f 1542/1542/1542 1544/1544/1544 1541/1541/1541
f 1545/1545/1545 1544/1544/1544 1542/1542/1542
f 1544/1544/1544 1546/1546/1546 1541/1541/1541
f 1546/1546/1546 1544/1544/1544 1545/1545/1545
f 1541/1541/1541 1546/1546/1546 1543/1543/1543
f 1546/1546/1546 1545/1545/1545 1547/1547/1547
f 1546/1546/1546 1547/1547/1547 1548/1548/1548
f 1543/1543/1543 1549/1549/1549 1516/1516/1516
f 1546/1546/1546 1549/1549/1549 1543/1543/1543
f 1548/1548/1548 1549/1549/1549 1546/1546/1546
f 1549/1549/1549 1518/1518/1518 1516/1516/1516
f 1548/1548/1548 1518/1518/1518 1549/1549/1549
f 1518/1518/1518 1548/1548/1548 1550/1550/1550
f 1518/1518/1518 1550/1550/1550 1551/1551/1551
f 1551/1551/1551 1519/1519/1519 1518/1518/1518
f 1551/1551/1551 1552/1552/1552 1519/1519/1519
f 1519/1519/1519 1552/1552/1552 1553/1553/1553
f 1552/1552/1552 1551/1551/1551 1554/1554/1554
f 1552/1552/1552 1554/1554/1554 1555/1555/1555
f 1555/1555/1555 1556/1556/1556 1552/1552/1552
f 1555/1555/1555 1557/1557/1557 1556/1556/1556
f 1555/1555/1555 1558/1558/1558 1557/1557/1557
f 1561/1561/1561 1560/1560/1560 1559/1559/1559
f 1562/1562/1562 1561/1561/1561 1559/1559/1559
f 1563/1563/1563 1562/1562/1562 1559/1559/1559
f 1564/1564/1564 1561/1561/1561 1562/1562/1562
f 1565/1565/1565 1562/1562/1562 1563/1563/1563
f 1566/1566/1566 1565/1565/1565 1563/1563/1563
f 1567/1567/1567 1565/1565/1565 1566/1566/1566
f 1568/1568/1568 1564/1564/1564 1562/1562/1562
f 1565/1565/1565 1568/1568/1568 1562/1562/1562
f 1569/1569/1569 1564/1564/1564 1568/1568/1568
f 1570/1570/1570 1569/1569/1569 1568/1568/1568
f 1567/1567/1567 1571/1571/1571 1565/1565/1565
f 1571/1571/1571 1568/1568/1568 1565/1565/1565
f 1571/1571/1571 1570/1570/1570 1568/1568/1568
f 1572/1572/1572 1571/1571/1571 1567/1567/1567
f 1572/1572/1572 1573/1573/1573 1571/1571/1571
f 1573/1573/1573 1570/1570/1570 1571/1571/1571
f 1574/1574/1574 1573/1573/1573 1572/1572/1572
f 1573/1573/1573 1575/1575/1575 1570/1570/1570
f 1575/1575/1575 1576/1576/1576 1570/1570/1570
f 1577/1577/1577 1575/1575/1575 1573/1573/1573
f 1580/1580/1580 1579/1579/1579 1578/1578/1578
f 1578/1578/1578 1579/1579/1579 1581/1581/1581
f 1579/1579/1579 1582/1582/1582 1581/1581/1581
f 1581/1581/1581 1582/1582/1582 1583/1583/1583
f 1584/1584/1584 1581/1581/1581 1583/1583/1583
f 1584/1584/1584 1583/1583/1583 1585/1585/1585
f 1586/1586/1586 1584/1584/1584 1585/1585/1585
f 1587/1587/1587 1578/1578/1578 1581/1581/1581
f 1587/1587/1587 1581/1581/1581 1584/1584/1584
f 1588/1588/1588 1584/1584/1584 1586/1586/1586
f 1588/1588/1588 1587/1587/1587 1584/1584/1584
f 1589/1589/1589 1578/1578/1578 1587/1587/1587
f 1589/1589/1589 1590/1590/1590 1578/1578/1578
f 1591/1591/1591 1590/1590/1590 1589/1589/1589
f 1592/1592/1592 1589/1589/1589 1587/1587/1587
f 1592/1592/1592 1587/1587/1587 1588/1588/1588
f 1593/1593/1593 1591/1591/1591 1589/1589/1589
f 1593/1593/1593 1589/1589/1589 1592/1592/1592
f 1594/1594/1594 1591/1591/1591 1593/1593/1593
f 1595/1595/1595 1588/1588/1588 1586/1586/1586
f 1595/1595/1595 1586/1586/1586 1596/1596/1596
f 1597/1597/1597 1593/1593/1593 1592/1592/1592
f 1598/1598/1598 1593/1593/1593 1597/1597/1597
f 1599/1599/1599 1598/1598/1598 1597/1597/1597
f 1599/1599/1599 1597/1597/1597 1600/1600/1600
f 1601/1601/1601 1592/1592/1592 1588/1588/1588
f 1597/1597/1597 1592/1592/1592 1601/1601/1601
f 1600/1600/1600 1597/1597/1597 1601/1601/1601
f 1601/1601/1601 1588/1588/1588 1595/1595/1595
f 1600/1600/1600 1601/1601/1601 1602/1602/1602
f 1602/1602/1602 1601/1601/1601 1595/1595/1595
f 1603/1603/1603 1595/1595/1595 1596/1596/1596
f 1602/1602/1602 1595/1595/1595 1603/1603/1603
f 1603/1603/1603 1596/1596/1596 1604/1604/1604
f 1605/1605/1605 1602/1602/1602 1603/1603/1603
f 1606/1606/1606 1602/1602/1602 1605/1605/1605
f 1607/1607/1607 1606/1606/1606 1605/1605/1605
f 1605/1605/1605 1603/1603/1603 1608/1608/1608
f 1607/1607/1607 1605/1605/1605 1609/1609/1609
f 1609/1609/1609 1605/1605/1605 1608/1608/1608
f 1609/1609/1609 1608/1608/1608 1610/1610/1610
f 1613/1613/1613 1612/1612/1612 1611/1611/1611
f 1613/1613/1613 1611/1611/1611 1614/1614/1614
f 1614/1614/1614 1611/1611/1611 1615/1615/1615
f 1614/1614/1614 1615/1615/1615 1616/1616/1616
f 1616/1616/1616 1615/1615/1615 1617/1617/1617
f 1616/1616/1616 1617/1617/1617 1618/1618/1618
f 1618/1618/1618 1619/1619/1619 1616/1616/1616
f 1619/1619/1619 1618/1618/1618 1620/1620/1620
f 1620/1620/1620 1621/1621/1621 1619/1619/1619
f 1621/1621/1621 1620/1620/1620 1622/1622/1622
f 1622/1622/1622 1623/1623/1623 1621/1621/1621
f 1623/1623/1623 1622/1622/1622 1624/1624/1624
f 1624/1624/1624 1625/1625/1625 1623/1623/1623
f 1624/1624/1624 1626/1626/1626 1625/1625/1625
f 1629/1629/1629 1628/1628/1628 1627/1627/1627
f 1629/1629/1629 1630/1630/1630 1628/1628/1628
f 1630/1630/1630 1631/1631/1631 1628/1628/1628
f 1632/1632/1632 1630/1630/1630 1629/1629/1629
f 1633/1633/1633 1631/1631/1631 1630/1630/1630
f 1632/1632/1632 1634/1634/1634 1630/1630/1630
f 1634/1634/1634 1633/1633/1633 1630/1630/1630
f 1635/1635/1635 1634/1634/1634 1632/1632/1632
f 1636/1636/1636 1633/1633/1633 1634/1634/1634
f 1635/1635/1635 1637/1637/1637 1634/1634/1634
f 1637/1637/1637 1636/1636/1636 1634/1634/1634
f 1638/1638/1638 1637/1637/1637 1635/1635/1635
f 1639/1639/1639 1636/1636/1636 1637/1637/1637
f 1638/1638/1638 1640/1640/1640 1637/1637/1637
f 1640/1640/1640 1639/1639/1639 1637/1637/1637
f 1641/1641/1641 1640/1640/1640 1638/1638/1638
f 1642/1642/1642 1639/1639/1639 1640/1640/1640
f 1641/1641/1641 1643/1643/1643 1640/1640/1640
f 1643/1643/1643 1642/1642/1642 1640/1640/1640
g Helm.004_3
f 1646/1646/1646 1645/1645/1645 1644/1644/1644
f 1644/1644/1644 1645/1645/1645 1647/1647/1647
f 1647/1647/1647 1645/1645/1645 1648/1648/1648
f 1645/1645/1645 1649/1649/1649 1648/1648/1648
f 1645/1645/1645 1650/1650/1650 1649/1649/1649
f 1650/1650/1650 1651/1651/1651 1649/1649/1649
f 1649/1649/1649 1652/1652/1652 1648/1648/1648
f 1653/1653/1653 1652/1652/1652 1649/1649/1649
f 1649/1649/1649 1654/1654/1654 1653/1653/1653
f 1654/1654/1654 1655/1655/1655 1653/1653/1653
f 1652/1652/1652 1656/1656/1656 1648/1648/1648
f 1652/1652/1652 1657/1657/1657 1656/1656/1656
f 1658/1658/1658 1657/1657/1657 1652/1652/1652
f 1658/1658/1658 1659/1659/1659 1657/1657/1657
f 1659/1659/1659 1660/1660/1660 1657/1657/1657
f 1657/1657/1657 1661/1661/1661 1656/1656/1656
f 1657/1657/1657 1662/1662/1662 1661/1661/1661
f 1648/1648/1648 1656/1656/1656 1663/1663/1663
f 1656/1656/1656 1661/1661/1661 1664/1664/1664
f 1663/1663/1663 1656/1656/1656 1664/1664/1664
f 1662/1662/1662 1665/1665/1665 1661/1661/1661
f 1664/1664/1664 1661/1661/1661 1666/1666/1666
f 1661/1661/1661 1665/1665/1665 1666/1666/1666
f 1663/1663/1663 1664/1664/1664 1667/1667/1667
f 1667/1667/1667 1664/1664/1664 1668/1668/1668
f 1664/1664/1664 1666/1666/1666 1668/1668/1668
f 1669/1669/1669 1663/1663/1663 1667/1667/1667
f 1668/1668/1668 1666/1666/1666 1670/1670/1670
f 1671/1671/1671 1663/1663/1663 1669/1669/1669
f 1671/1671/1671 1648/1648/1648 1663/1663/1663
f 1672/1672/1672 1671/1671/1671 1669/1669/1669
f 1671/1671/1671 1672/1672/1672 1673/1673/1673
f 1666/1666/1666 1674/1674/1674 1670/1670/1670
f 1666/1666/1666 1665/1665/1665 1674/1674/1674
f 1670/1670/1670 1674/1674/1674 1675/1675/1675
f 1648/1648/1648 1671/1671/1671 1676/1676/1676
f 1676/1676/1676 1671/1671/1671 1673/1673/1673
f 1676/1676/1676 1673/1673/1673 1677/1677/1677
f 1647/1647/1647 1648/1648/1648 1676/1676/1676
f 1678/1678/1678 1676/1676/1676 1677/1677/1677
f 1647/1647/1647 1676/1676/1676 1678/1678/1678
f 1678/1678/1678 1677/1677/1677 1679/1679/1679
f 1674/1674/1674 1680/1680/1680 1675/1675/1675
f 1675/1675/1675 1680/1680/1680 1681/1681/1681
f 1665/1665/1665 1682/1682/1682 1674/1674/1674
f 1674/1674/1674 1682/1682/1682 1680/1680/1680
f 1683/1683/1683 1647/1647/1647 1678/1678/1678
f 1683/1683/1683 1644/1644/1644 1647/1647/1647
f 1684/1684/1684 1678/1678/1678 1679/1679/1679
f 1683/1683/1683 1678/1678/1678 1684/1684/1684
f 1684/1684/1684 1679/1679/1679 1685/1685/1685
f 1680/1680/1680 1686/1686/1686 1681/1681/1681
f 1681/1681/1681 1686/1686/1686 1687/1687/1687
f 1688/1688/1688 1684/1684/1684 1685/1685/1685
f 1688/1688/1688 1685/1685/1685 1689/1689/1689
f 1690/1690/1690 1683/1683/1683 1684/1684/1684
f 1690/1690/1690 1684/1684/1684 1688/1688/1688
f 1691/1691/1691 1688/1688/1688 1689/1689/1689
f 1691/1691/1691 1689/1689/1689 1692/1692/1692
f 1693/1693/1693 1644/1644/1644 1683/1683/1683
f 1690/1690/1690 1693/1693/1693 1683/1683/1683
f 1694/1694/1694 1690/1690/1690 1688/1688/1688
f 1694/1694/1694 1688/1688/1688 1691/1691/1691
f 1695/1695/1695 1691/1691/1691 1692/1692/1692
f 1695/1695/1695 1692/1692/1692 1696/1696/1696
f 1693/1693/1693 1697/1697/1697 1644/1644/1644
f 1697/1697/1697 1698/1698/1698 1644/1644/1644
f 1644/1644/1644 1698/1698/1698 1699/1699/1699
f 1698/1698/1698 1700/1700/1700 1699/1699/1699
f 1694/1694/1694 1701/1701/1701 1690/1690/1690
f 1701/1701/1701 1693/1693/1693 1690/1690/1690
f 1702/1702/1702 1693/1693/1693 1701/1701/1701
f 1702/1702/1702 1703/1703/1703 1693/1693/1693
f 1703/1703/1703 1704/1704/1704 1693/1693/1693
f 1705/1705/1705 1694/1694/1694 1691/1691/1691
f 1705/1705/1705 1691/1691/1691 1695/1695/1695
f 1706/1706/1706 1701/1701/1701 1694/1694/1694
f 1705/1705/1705 1706/1706/1706 1694/1694/1694
f 1707/1707/1707 1701/1701/1701 1706/1706/1706
f 1706/1706/1706 1708/1708/1708 1707/1707/1707
f 1708/1708/1708 1709/1709/1709 1707/1707/1707
f 1710/1710/1710 1708/1708/1708 1706/1706/1706
f 1711/1711/1711 1710/1710/1710 1706/1706/1706
f 1712/1712/1712 1706/1706/1706 1705/1705/1705
f 1713/1713/1713 1705/1705/1705 1695/1695/1695
f 1713/1713/1713 1712/1712/1712 1705/1705/1705
f 1713/1713/1713 1695/1695/1695 1714/1714/1714
f 1714/1714/1714 1695/1695/1695 1696/1696/1696
f 1714/1714/1714 1696/1696/1696 1715/1715/1715
f 1716/1716/1716 1713/1713/1713 1714/1714/1714
f 1717/1717/1717 1714/1714/1714 1715/1715/1715
f 1716/1716/1716 1714/1714/1714 1717/1717/1717
f 1718/1718/1718 1712/1712/1712 1713/1713/1713
f 1716/1716/1716 1718/1718/1718 1713/1713/1713
f 1719/1719/1719 1712/1712/1712 1718/1718/1718
f 1719/1719/1719 1720/1720/1720 1712/1712/1712
f 1720/1720/1720 1721/1721/1721 1712/1712/1712
f 1722/1722/1722 1718/1718/1718 1716/1716/1716
f 1723/1723/1723 1718/1718/1718 1722/1722/1722
f 1722/1722/1722 1724/1724/1724 1723/1723/1723
f 1724/1724/1724 1725/1725/1725 1723/1723/1723
f 1726/1726/1726 1722/1722/1722 1716/1716/1716
f 1726/1726/1726 1716/1716/1716 1717/1717/1717
f 1722/1722/1722 1726/1726/1726 1727/1727/1727
f 1727/1727/1727 1726/1726/1726 1717/1717/1717
f 1728/1728/1728 1722/1722/1722 1727/1727/1727
f 1729/1729/1729 1727/1727/1727 1717/1717/1717
f 1729/1729/1729 1717/1717/1717 1715/1715/1715
f 1730/1730/1730 1729/1729/1729 1715/1715/1715
f 1731/1731/1731 1727/1727/1727 1729/1729/1729
f 1728/1728/1728 1727/1727/1727 1731/1731/1731
f 1732/1732/1732 1729/1729/1729 1730/1730/1730
f 1732/1732/1732 1731/1731/1731 1729/1729/1729
f 1733/1733/1733 1732/1732/1732 1730/1730/1730
f 1734/1734/1734 1732/1732/1732 1733/1733/1733
f 1735/1735/1735 1734/1734/1734 1733/1733/1733
f 1736/1736/1736 1731/1731/1731 1732/1732/1732
f 1734/1734/1734 1736/1736/1736 1732/1732/1732
f 1737/1737/1737 1734/1734/1734 1735/1735/1735
f 1738/1738/1738 1737/1737/1737 1735/1735/1735
f 1739/1739/1739 1728/1728/1728 1731/1731/1731
f 1739/1739/1739 1731/1731/1731 1736/1736/1736
f 1740/1740/1740 1728/1728/1728 1739/1739/1739
f 1740/1740/1740 1741/1741/1741 1728/1728/1728
f 1741/1741/1741 1742/1742/1742 1728/1728/1728
f 1743/1743/1743 1736/1736/1736 1734/1734/1734
f 1737/1737/1737 1743/1743/1743 1734/1734/1734
f 1744/1744/1744 1739/1739/1739 1736/1736/1736
f 1744/1744/1744 1736/1736/1736 1743/1743/1743
f 1745/1745/1745 1739/1739/1739 1744/1744/1744
f 1744/1744/1744 1746/1746/1746 1745/1745/1745
f 1746/1746/1746 1747/1747/1747 1745/1745/1745
f 1748/1748/1748 1744/1744/1744 1743/1743/1743
f 1749/1749/1749 1737/1737/1737 1738/1738/1738
f 1750/1750/1750 1749/1749/1749 1738/1738/1738
f 1751/1751/1751 1743/1743/1743 1737/1737/1737
f 1748/1748/1748 1743/1743/1743 1751/1751/1751
f 1749/1749/1749 1751/1751/1751 1737/1737/1737
f 1752/1752/1752 1749/1749/1749 1750/1750/1750
f 1753/1753/1753 1752/1752/1752 1750/1750/1750
f 1754/1754/1754 1751/1751/1751 1749/1749/1749
f 1752/1752/1752 1754/1754/1754 1749/1749/1749
f 1755/1755/1755 1752/1752/1752 1753/1753/1753
f 1756/1756/1756 1755/1755/1755 1753/1753/1753
f 1757/1757/1757 1748/1748/1748 1751/1751/1751
f 1757/1757/1757 1751/1751/1751 1754/1754/1754
f 1758/1758/1758 1748/1748/1748 1757/1757/1757
f 1758/1758/1758 1759/1759/1759 1748/1748/1748
f 1759/1759/1759 1760/1760/1760 1748/1748/1748
f 1761/1761/1761 1754/1754/1754 1752/1752/1752
f 1755/1755/1755 1761/1761/1761 1752/1752/1752
f 1762/1762/1762 1761/1761/1761 1755/1755/1755
f 1763/1763/1763 1755/1755/1755 1756/1756/1756
f 1763/1763/1763 1762/1762/1762 1755/1755/1755
f 1764/1764/1764 1763/1763/1763 1756/1756/1756
f 1763/1763/1763 1764/1764/1764 1765/1765/1765
f 1766/1766/1766 1757/1757/1757 1754/1754/1754
f 1766/1766/1766 1754/1754/1754 1761/1761/1761
f 1767/1767/1767 1757/1757/1757 1766/1766/1766
f 1766/1766/1766 1768/1768/1768 1767/1767/1767
f 1768/1768/1768 1769/1769/1769 1767/1767/1767
f 1770/1770/1770 1766/1766/1766 1761/1761/1761
f 1770/1770/1770 1761/1761/1761 1762/1762/1762
f 1771/1771/1771 1763/1763/1763 1765/1765/1765
f 1762/1762/1762 1763/1763/1763 1771/1771/1771
f 1771/1771/1771 1765/1765/1765 1772/1772/1772
f 1773/1773/1773 1771/1771/1771 1772/1772/1772
f 1773/1773/1773 1772/1772/1772 1774/1774/1774
f 1775/1775/1775 1762/1762/1762 1771/1771/1771
f 1775/1775/1775 1771/1771/1771 1773/1773/1773
f 1776/1776/1776 1773/1773/1773 1774/1774/1774
f 1776/1776/1776 1774/1774/1774 1777/1777/1777
f 1778/1778/1778 1775/1775/1775 1773/1773/1773
f 1778/1778/1778 1773/1773/1773 1776/1776/1776
f 1779/1779/1779 1776/1776/1776 1777/1777/1777
f 1779/1779/1779 1777/1777/1777 1780/1780/1780
f 1781/1781/1781 1778/1778/1778 1776/1776/1776
f 1781/1781/1781 1776/1776/1776 1779/1779/1779
f 1782/1782/1782 1779/1779/1779 1780/1780/1780
f 1782/1782/1782 1780/1780/1780 1783/1783/1783
f 1784/1784/1784 1781/1781/1781 1779/1779/1779
f 1784/1784/1784 1779/1779/1779 1782/1782/1782
f 1785/1785/1785 1782/1782/1782 1783/1783/1783
f 1785/1785/1785 1783/1783/1783 1786/1786/1786
f 1787/1787/1787 1784/1784/1784 1782/1782/1782
f 1787/1787/1787 1782/1782/1782 1785/1785/1785
f 1788/1788/1788 1785/1785/1785 1786/1786/1786
f 1788/1788/1788 1786/1786/1786 1789/1789/1789
f 1790/1790/1790 1787/1787/1787 1785/1785/1785
f 1790/1790/1790 1785/1785/1785 1788/1788/1788
f 1781/1781/1781 1791/1791/1791 1778/1778/1778
f 1784/1784/1784 1792/1792/1792 1781/1781/1781
f 1792/1792/1792 1791/1791/1791 1781/1781/1781
f 1787/1787/1787 1793/1793/1793 1784/1784/1784
f 1793/1793/1793 1792/1792/1792 1784/1784/1784
f 1794/1794/1794 1791/1791/1791 1792/1792/1792
f 1792/1792/1792 1795/1795/1795 1794/1794/1794
f 1795/1795/1795 1796/1796/1796 1794/1794/1794
f 1791/1791/1791 1797/1797/1797 1778/1778/1778
f 1798/1798/1798 1797/1797/1797 1791/1791/1791
f 1798/1798/1798 1799/1799/1799 1797/1797/1797
f 1799/1799/1799 1800/1800/1800 1797/1797/1797
f 1778/1778/1778 1797/1797/1797 1775/1775/1775
f 1797/1797/1797 1801/1801/1801 1775/1775/1775
f 1775/1775/1775 1801/1801/1801 1762/1762/1762
f 1801/1801/1801 1802/1802/1802 1762/1762/1762
f 1802/1802/1802 1770/1770/1770 1762/1762/1762
f 1803/1803/1803 1802/1802/1802 1801/1801/1801
f 1801/1801/1801 1804/1804/1804 1803/1803/1803
f 1804/1804/1804 1805/1805/1805 1803/1803/1803
f 1802/1802/1802 1806/1806/1806 1770/1770/1770
f 1806/1806/1806 1807/1807/1807 1770/1770/1770
f 1807/1807/1807 1808/1808/1808 1770/1770/1770
f 1811/1811/1811 1810/1810/1810 1809/1809/1809
f 1811/1811/1811 1809/1809/1809 1812/1812/1812
f 1812/1812/1812 1813/1813/1813 1811/1811/1811
f 1813/1813/1813 1812/1812/1812 1814/1814/1814
f 1814/1814/1814 1815/1815/1815 1813/1813/1813
f 1814/1814/1814 1816/1816/1816 1815/1815/1815
f 1816/1816/1816 1814/1814/1814 1817/1817/1817
f 1816/1816/1816 1817/1817/1817 1818/1818/1818
f 1818/1818/1818 1817/1817/1817 1819/1819/1819
f 1818/1818/1818 1819/1819/1819 1820/1820/1820
f 1820/1820/1820 1821/1821/1821 1818/1818/1818
f 1821/1821/1821 1820/1820/1820 1822/1822/1822
f 1822/1822/1822 1823/1823/1823 1821/1821/1821
f 1822/1822/1822 1824/1824/1824 1823/1823/1823
f 1825/1825/1825 1824/1824/1824 1822/1822/1822
f 1825/1825/1825 1826/1826/1826 1824/1824/1824
f 1826/1826/1826 1825/1825/1825 1827/1827/1827
f 1826/1826/1826 1827/1827/1827 1828/1828/1828
f 1828/1828/1828 1829/1829/1829 1826/1826/1826
f 1829/1829/1829 1828/1828/1828 1830/1830/1830
f 1830/1830/1830 1831/1831/1831 1829/1829/1829
f 1830/1830/1830 1832/1832/1832 1831/1831/1831
f 1833/1833/1833 1832/1832/1832 1830/1830/1830
f 1833/1833/1833 1834/1834/1834 1832/1832/1832
f 1834/1834/1834 1833/1833/1833 1835/1835/1835
f 1834/1834/1834 1835/1835/1835 1836/1836/1836
f 1836/1836/1836 1837/1837/1837 1834/1834/1834
f 1837/1837/1837 1836/1836/1836 1838/1838/1838
f 1838/1838/1838 1839/1839/1839 1837/1837/1837
f 1838/1838/1838 1840/1840/1840 1839/1839/1839
f 1843/1843/1843 1842/1842/1842 1841/1841/1841
f 1841/1841/1841 1842/1842/1842 1844/1844/1844
f 1845/1845/1845 1841/1841/1841 1844/1844/1844
f 1846/1846/1846 1841/1841/1841 1845/1845/1845
f 1842/1842/1842 1847/1847/1847 1844/1844/1844
f 1842/1842/1842 1848/1848/1848 1847/1847/1847
f 1847/1847/1847 1849/1849/1849 1844/1844/1844
f 1847/1847/1847 1850/1850/1850 1849/1849/1849
f 1851/1851/1851 1846/1846/1846 1845/1845/1845
f 1852/1852/1852 1846/1846/1846 1851/1851/1851
f 1852/1852/1852 1853/1853/1853 1846/1846/1846
f 1845/1845/1845 1844/1844/1844 1854/1854/1854
f 1851/1851/1851 1845/1845/1845 1855/1855/1855
f 1845/1845/1845 1854/1854/1854 1855/1855/1855
f 1856/1856/1856 1852/1852/1852 1851/1851/1851
f 1851/1851/1851 1855/1855/1855 1857/1857/1857
f 1856/1856/1856 1851/1851/1851 1857/1857/1857
f 1858/1858/1858 1852/1852/1852 1856/1856/1856
f 1858/1858/1858 1859/1859/1859 1852/1852/1852
f 1860/1860/1860 1858/1858/1858 1856/1856/1856
f 1861/1861/1861 1858/1858/1858 1860/1860/1860
f 1856/1856/1856 1857/1857/1857 1862/1862/1862
f 1860/1860/1860 1856/1856/1856 1862/1862/1862
f 1857/1857/1857 1855/1855/1855 1863/1863/1863
f 1857/1857/1857 1863/1863/1863 1864/1864/1864
f 1862/1862/1862 1857/1857/1857 1864/1864/1864
f 1855/1855/1855 1865/1865/1865 1863/1863/1863
f 1855/1855/1855 1854/1854/1854 1865/1865/1865
f 1862/1862/1862 1864/1864/1864 1866/1866/1866
f 1854/1854/1854 1867/1867/1867 1865/1865/1865
f 1868/1868/1868 1862/1862/1862 1866/1866/1866
f 1860/1860/1860 1862/1862/1862 1868/1868/1868
f 1868/1868/1868 1866/1866/1866 1869/1869/1869
f 1854/1854/1854 1870/1870/1870 1867/1867/1867
f 1870/1870/1870 1871/1871/1871 1867/1867/1867
f 1844/1844/1844 1870/1870/1870 1854/1854/1854
f 1871/1871/1871 1870/1870/1870 1872/1872/1872
f 1870/1870/1870 1844/1844/1844 1873/1873/1873
f 1870/1870/1870 1873/1873/1873 1872/1872/1872
f 1872/1872/1872 1873/1873/1873 1874/1874/1874
f 1844/1844/1844 1849/1849/1849 1873/1873/1873
f 1873/1873/1873 1875/1875/1875 1874/1874/1874
f 1873/1873/1873 1849/1849/1849 1875/1875/1875
f 1874/1874/1874 1875/1875/1875 1876/1876/1876
f 1877/1877/1877 1860/1860/1860 1868/1868/1868
f 1877/1877/1877 1861/1861/1861 1860/1860/1860
f 1849/1849/1849 1878/1878/1878 1875/1875/1875
f 1850/1850/1850 1878/1878/1878 1849/1849/1849
f 1875/1875/1875 1879/1879/1879 1876/1876/1876
f 1875/1875/1875 1878/1878/1878 1879/1879/1879
f 1876/1876/1876 1879/1879/1879 1880/1880/1880
f 1850/1850/1850 1881/1881/1881 1878/1878/1878
f 1850/1850/1850 1882/1882/1882 1881/1881/1881
f 1879/1879/1879 1883/1883/1883 1880/1880/1880
f 1880/1880/1880 1883/1883/1883 1884/1884/1884
f 1878/1878/1878 1885/1885/1885 1879/1879/1879
f 1881/1881/1881 1885/1885/1885 1878/1878/1878
f 1879/1879/1879 1885/1885/1885 1883/1883/1883
f 1883/1883/1883 1886/1886/1886 1884/1884/1884
f 1884/1884/1884 1886/1886/1886 1887/1887/1887
f 1881/1881/1881 1888/1888/1888 1885/1885/1885
f 1881/1881/1881 1889/1889/1889 1888/1888/1888
f 1885/1885/1885 1890/1890/1890 1883/1883/1883
f 1888/1888/1888 1890/1890/1890 1885/1885/1885
f 1883/1883/1883 1890/1890/1890 1886/1886/1886
f 1888/1888/1888 1891/1891/1891 1890/1890/1890
f 1890/1890/1890 1892/1892/1892 1886/1886/1886
f 1891/1891/1891 1892/1892/1892 1890/1890/1890
f 1886/1886/1886 1893/1893/1893 1887/1887/1887
f 1886/1886/1886 1892/1892/1892 1893/1893/1893
f 1891/1891/1891 1894/1894/1894 1892/1892/1892
f 1891/1891/1891 1895/1895/1895 1894/1894/1894
f 1894/1894/1894 1896/1896/1896 1892/1892/1892
f 1892/1892/1892 1896/1896/1896 1893/1893/1893
f 1894/1894/1894 1897/1897/1897 1896/1896/1896
f 1894/1894/1894 1898/1898/1898 1897/1897/1897
f 1893/1893/1893 1896/1896/1896 1899/1899/1899
f 1897/1897/1897 1900/1900/1900 1896/1896/1896
f 1896/1896/1896 1900/1900/1900 1899/1899/1899
f 1900/1900/1900 1897/1897/1897 1901/1901/1901
f 1897/1897/1897 1902/1902/1902 1901/1901/1901
f 1900/1900/1900 1901/1901/1901 1903/1903/1903
f 1899/1899/1899 1900/1900/1900 1903/1903/1903
f 1893/1893/1893 1899/1899/1899 1904/1904/1904
f 1887/1887/1887 1893/1893/1893 1904/1904/1904
f 1901/1901/1901 1902/1902/1902 1905/1905/1905
f 1901/1901/1901 1905/1905/1905 1903/1903/1903
f 1899/1899/1899 1903/1903/1903 1906/1906/1906
f 1904/1904/1904 1899/1899/1899 1906/1906/1906
f 1904/1904/1904 1907/1907/1907 1887/1887/1887
f 1906/1906/1906 1907/1907/1907 1904/1904/1904
f 1903/1903/1903 1908/1908/1908 1906/1906/1906
f 1905/1905/1905 1908/1908/1908 1903/1903/1903
f 1908/1908/1908 1907/1907/1907 1906/1906/1906
f 1909/1909/1909 1887/1887/1887 1907/1907/1907
f 1887/1887/1887 1909/1909/1909 1910/1910/1910
f 1911/1911/1911 1910/1910/1910 1909/1909/1909
f 1912/1912/1912 1910/1910/1910 1911/1911/1911
f 1910/1910/1910 1912/1912/1912 1913/1913/1913
f 1913/1913/1913 1912/1912/1912 1914/1914/1914
f 1913/1913/1913 1914/1914/1914 1915/1915/1915
f 1915/1915/1915 1914/1914/1914 1916/1916/1916
f 1917/1917/1917 1916/1916/1916 1914/1914/1914
f 1916/1916/1916 1917/1917/1917 1918/1918/1918
f 1919/1919/1919 1918/1918/1918 1917/1917/1917
f 1920/1920/1920 1918/1918/1918 1919/1919/1919
f 1918/1918/1918 1920/1920/1920 1921/1921/1921
f 1921/1921/1921 1920/1920/1920 1922/1922/1922
f 1921/1921/1921 1922/1922/1922 1923/1923/1923
f 1923/1923/1923 1922/1922/1922 1924/1924/1924
f 1925/1925/1925 1924/1924/1924 1922/1922/1922
f 1924/1924/1924 1925/1925/1925 1926/1926/1926
f 1927/1927/1927 1926/1926/1926 1925/1925/1925
f 1928/1928/1928 1926/1926/1926 1927/1927/1927
f 1928/1928/1928 1929/1929/1929 1926/1926/1926
f 1930/1930/1930 1929/1929/1929 1928/1928/1928
f 1929/1929/1929 1930/1930/1930 1931/1931/1931
f 1931/1931/1931 1930/1930/1930 1869/1869/1869
f 1932/1932/1932 1869/1869/1869 1930/1930/1930
f 1869/1869/1869 1932/1932/1932 1933/1933/1933
f 1934/1934/1934 1869/1869/1869 1933/1933/1933
f 1934/1934/1934 1868/1868/1868 1869/1869/1869
f 1877/1877/1877 1868/1868/1868 1934/1934/1934
f 1935/1935/1935 1877/1877/1877 1934/1934/1934
f 1936/1936/1936 1934/1934/1934 1933/1933/1933
f 1935/1935/1935 1934/1934/1934 1936/1936/1936
f 1935/1935/1935 1937/1937/1937 1877/1877/1877
f 1937/1937/1937 1861/1861/1861 1877/1877/1877
f 1937/1937/1937 1938/1938/1938 1861/1861/1861
f 1939/1939/1939 1937/1937/1937 1935/1935/1935
f 1939/1939/1939 1940/1940/1940 1937/1937/1937
f 1941/1941/1941 1939/1939/1939 1935/1935/1935
f 1941/1941/1941 1935/1935/1935 1936/1936/1936
f 1942/1942/1942 1939/1939/1939 1941/1941/1941
f 1936/1936/1936 1933/1933/1933 1943/1943/1943
f 1941/1941/1941 1936/1936/1936 1944/1944/1944
f 1944/1944/1944 1936/1936/1936 1943/1943/1943
f 1943/1943/1943 1933/1933/1933 1945/1945/1945
f 1945/1945/1945 1933/1933/1933 1932/1932/1932
f 1945/1945/1945 1946/1946/1946 1943/1943/1943
f 1946/1946/1946 1944/1944/1944 1943/1943/1943
f 1947/1947/1947 1941/1941/1941 1944/1944/1944
f 1947/1947/1947 1942/1942/1942 1941/1941/1941
f 1948/1948/1948 1947/1947/1947 1944/1944/1944
f 1942/1942/1942 1947/1947/1947 1948/1948/1948
f 1946/1946/1946 1948/1948/1948 1944/1944/1944
f 1932/1932/1932 1949/1949/1949 1945/1945/1945
f 1949/1949/1949 1946/1946/1946 1945/1945/1945
f 1950/1950/1950 1942/1942/1942 1948/1948/1948
f 1950/1950/1950 1951/1951/1951 1942/1942/1942
f 1952/1952/1952 1948/1948/1948 1946/1946/1946
f 1950/1950/1950 1948/1948/1948 1952/1952/1952
f 1949/1949/1949 1952/1952/1952 1946/1946/1946
f 1953/1953/1953 1949/1949/1949 1932/1932/1932
f 1954/1954/1954 1953/1953/1953 1932/1932/1932
f 1955/1955/1955 1950/1950/1950 1952/1952/1952
f 1955/1955/1955 1956/1956/1956 1950/1950/1950
f 1957/1957/1957 1952/1952/1952 1949/1949/1949
f 1955/1955/1955 1952/1952/1952 1957/1957/1957
f 1953/1953/1953 1957/1957/1957 1949/1949/1949
f 1958/1958/1958 1955/1955/1955 1957/1957/1957
f 1959/1959/1959 1953/1953/1953 1954/1954/1954
f 1960/1960/1960 1959/1959/1959 1954/1954/1954
f 1961/1961/1961 1957/1957/1957 1953/1953/1953
f 1958/1958/1958 1957/1957/1957 1961/1961/1961
f 1959/1959/1959 1961/1961/1961 1953/1953/1953
f 1962/1962/1962 1959/1959/1959 1960/1960/1960
f 1963/1963/1963 1962/1962/1962 1960/1960/1960
f 1964/1964/1964 1958/1958/1958 1961/1961/1961
f 1964/1964/1964 1965/1965/1965 1958/1958/1958
f 1966/1966/1966 1961/1961/1961 1959/1959/1959
f 1964/1964/1964 1961/1961/1961 1966/1966/1966
f 1962/1962/1962 1966/1966/1966 1959/1959/1959
f 1967/1967/1967 1962/1962/1962 1963/1963/1963
f 1968/1968/1968 1967/1967/1967 1963/1963/1963
f 1969/1969/1969 1964/1964/1964 1966/1966/1966
f 1969/1969/1969 1970/1970/1970 1964/1964/1964
f 1971/1971/1971 1966/1966/1966 1962/1962/1962
f 1969/1969/1969 1966/1966/1966 1971/1971/1971
f 1967/1967/1967 1971/1971/1971 1962/1962/1962
f 1972/1972/1972 1969/1969/1969 1971/1971/1971
f 1973/1973/1973 1967/1967/1967 1968/1968/1968
f 1974/1974/1974 1973/1973/1973 1968/1968/1968
f 1975/1975/1975 1971/1971/1971 1967/1967/1967
f 1972/1972/1972 1971/1971/1971 1975/1975/1975
f 1973/1973/1973 1975/1975/1975 1967/1967/1967
f 1976/1976/1976 1975/1975/1975 1973/1973/1973
f 1977/1977/1977 1973/1973/1973 1974/1974/1974
f 1977/1977/1977 1976/1976/1976 1973/1973/1973
f 1978/1978/1978 1977/1977/1977 1974/1974/1974
f 1977/1977/1977 1978/1978/1978 1979/1979/1979
f 1980/1980/1980 1972/1972/1972 1975/1975/1975
f 1980/1980/1980 1975/1975/1975 1976/1976/1976
f 1980/1980/1980 1981/1981/1981 1972/1972/1972
f 1982/1982/1982 1980/1980/1980 1976/1976/1976
f 1983/1983/1983 1977/1977/1977 1979/1979/1979
f 1976/1976/1976 1977/1977/1977 1983/1983/1983
f 1983/1983/1983 1979/1979/1979 1984/1984/1984
f 1985/1985/1985 1982/1982/1982 1976/1976/1976
f 1985/1985/1985 1986/1986/1986 1982/1982/1982
f 1987/1987/1987 1983/1983/1983 1984/1984/1984
f 1987/1987/1987 1984/1984/1984 1988/1988/1988
f 1989/1989/1989 1976/1976/1976 1983/1983/1983
f 1989/1989/1989 1985/1985/1985 1976/1976/1976
f 1989/1989/1989 1983/1983/1983 1987/1987/1987
f 1990/1990/1990 1987/1987/1987 1988/1988/1988
f 1990/1990/1990 1988/1988/1988 1991/1991/1991
f 1992/1992/1992 1985/1985/1985 1989/1989/1989
f 1992/1992/1992 1993/1993/1993 1985/1985/1985
f 1994/1994/1994 1989/1989/1989 1987/1987/1987
f 1994/1994/1994 1992/1992/1992 1989/1989/1989
f 1994/1994/1994 1987/1987/1987 1990/1990/1990
f 1995/1995/1995 1992/1992/1992 1994/1994/1994
f 1996/1996/1996 1990/1990/1990 1991/1991/1991
f 1996/1996/1996 1991/1991/1991 1997/1997/1997
f 1998/1998/1998 1994/1994/1994 1990/1990/1990
f 1998/1998/1998 1995/1995/1995 1994/1994/1994
f 1998/1998/1998 1990/1990/1990 1996/1996/1996
f 1999/1999/1999 1996/1996/1996 1997/1997/1997
f 1999/1999/1999 1997/1997/1997 2000/2000/2000
f 2001/2001/2001 1995/1995/1995 1998/1998/1998
f 2001/2001/2001 2002/2002/2002 1995/1995/1995
f 2003/2003/2003 1998/1998/1998 1996/1996/1996
f 2003/2003/2003 2001/2001/2001 1998/1998/1998
f 2003/2003/2003 1996/1996/1996 1999/1999/1999
f 2004/2004/2004 1999/1999/1999 2000/2000/2000
f 2004/2004/2004 2000/2000/2000 1907/1907/1907
f 1908/1908/1908 2004/2004/2004 1907/1907/1907
f 2005/2005/2005 2001/2001/2001 2003/2003/2003
f 2005/2005/2005 2006/2006/2006 2001/2001/2001
f 2007/2007/2007 2003/2003/2003 1999/1999/1999
f 2007/2007/2007 2005/2005/2005 2003/2003/2003
f 2007/2007/2007 1999/1999/1999 2004/2004/2004
f 2008/2008/2008 2005/2005/2005 2007/2007/2007
f 2009/2009/2009 2004/2004/2004 1908/1908/1908
f 2009/2009/2009 2007/2007/2007 2004/2004/2004
f 2009/2009/2009 2008/2008/2008 2007/2007/2007
f 1905/1905/1905 2009/2009/2009 1908/1908/1908
f 2010/2010/2010 2008/2008/2008 2009/2009/2009
f 1905/1905/1905 2010/2010/2010 2009/2009/2009
f 2010/2010/2010 2011/2011/2011 2008/2008/2008
f 1902/1902/1902 2010/2010/2010 1905/1905/1905
f 1902/1902/1902 2012/2012/2012 2010/2010/2010
f 2015/2015/2015 2014/2014/2014 2013/2013/2013
f 2016/2016/2016 2015/2015/2015 2013/2013/2013
f 2019/2019/2019 2018/2018/2018 2017/2017/2017
f 1662/1662/1662 2019/2019/2019 2017/2017/2017
f 2017/2017/2017 2020/2020/2020 1662/1662/1662
f 1662/1662/1662 2020/2020/2020 1665/1665/1665
f 2020/2020/2020 1682/1682/1682 1665/1665/1665
f 2020/2020/2020 2021/2021/2021 1682/1682/1682
f 2022/2022/2022 2021/2021/2021 2020/2020/2020
f 2022/2022/2022 2023/2023/2023 2021/2021/2021
f 2023/2023/2023 2024/2024/2024 2021/2021/2021
f 2021/2021/2021 2025/2025/2025 1682/1682/1682
f 1682/1682/1682 2025/2025/2025 1680/1680/1680
f 2021/2021/2021 2026/2026/2026 2025/2025/2025
f 1680/1680/1680 2025/2025/2025 1686/1686/1686
f 2025/2025/2025 2027/2027/2027 1686/1686/1686
f 2026/2026/2026 2027/2027/2027 2025/2025/2025
f 1686/1686/1686 2027/2027/2027 2028/2028/2028
f 1686/1686/1686 2028/2028/2028 1687/1687/1687
f 1687/1687/1687 2028/2028/2028 1789/1789/1789
f 2028/2028/2028 2029/2029/2029 1789/1789/1789
f 2029/2029/2029 1788/1788/1788 1789/1789/1789
f 2027/2027/2027 2030/2030/2030 2028/2028/2028
f 2028/2028/2028 2030/2030/2030 2029/2029/2029
f 2026/2026/2026 2031/2031/2031 2027/2027/2027
f 2031/2031/2031 2030/2030/2030 2027/2027/2027
f 2032/2032/2032 2031/2031/2031 2026/2026/2026
f 2026/2026/2026 2033/2033/2033 2032/2032/2032
f 2033/2033/2033 2034/2034/2034 2032/2032/2032
f 2035/2035/2035 1788/1788/1788 2029/2029/2029
f 2035/2035/2035 1790/1790/1790 1788/1788/1788
f 2031/2031/2031 2036/2036/2036 2030/2030/2030
f 2037/2037/2037 2036/2036/2036 2031/2031/2031
f 2037/2037/2037 2038/2038/2038 2036/2036/2036
f 2038/2038/2038 2039/2039/2039 2036/2036/2036
f 2030/2030/2030 2040/2040/2040 2029/2029/2029
f 2036/2036/2036 2040/2040/2040 2030/2030/2030
f 2040/2040/2040 2035/2035/2035 2029/2029/2029
f 2036/2036/2036 2041/2041/2041 2040/2040/2040
f 2041/2041/2041 2035/2035/2035 2040/2040/2040
f 2035/2035/2035 2041/2041/2041 1790/1790/1790
f 2041/2041/2041 2042/2042/2042 1790/1790/1790
f 1790/1790/1790 2042/2042/2042 1787/1787/1787
f 2042/2042/2042 1793/1793/1793 1787/1787/1787
f 2043/2043/2043 2042/2042/2042 2041/2041/2041
f 2041/2041/2041 2044/2044/2044 2043/2043/2043
f 2044/2044/2044 2045/2045/2045 2043/2043/2043
f 2046/2046/2046 1793/1793/1793 2042/2042/2042
f 2046/2046/2046 2047/2047/2047 1793/1793/1793
f 2047/2047/2047 2048/2048/2048 1793/1793/1793
f 2051/2051/2051 2050/2050/2050 2049/2049/2049
f 2052/2052/2052 2051/2051/2051 2049/2049/2049
f 2055/2055/2055 2054/2054/2054 2053/2053/2053
f 2056/2056/2056 2055/2055/2055 2053/2053/2053
f 2059/2059/2059 2058/2058/2058 2057/2057/2057
f 2060/2060/2060 2059/2059/2059 2057/2057/2057
f 2063/2063/2063 2062/2062/2062 2061/2061/2061
f 2064/2064/2064 2063/2063/2063 2061/2061/2061
f 2067/2067/2067 2066/2066/2066 2065/2065/2065
f 2068/2068/2068 2067/2067/2067 2065/2065/2065
f 2071/2071/2071 2070/2070/2070 2069/2069/2069
f 2072/2072/2072 2071/2071/2071 2069/2069/2069
f 2075/2075/2075 2074/2074/2074 2073/2073/2073
f 2076/2076/2076 2075/2075/2075 2073/2073/2073
f 2079/2079/2079 2078/2078/2078 2077/2077/2077
f 2080/2080/2080 2079/2079/2079 2077/2077/2077
f 2083/2083/2083 2082/2082/2082 2081/2081/2081
f 2083/2083/2083 2081/2081/2081 2084/2084/2084
f 2083/2083/2083 2084/2084/2084 2085/2085/2085
f 2086/2086/2086 2083/2083/2083 2085/2085/2085
f 2087/2087/2087 2083/2083/2083 2086/2086/2086
f 2088/2088/2088 2087/2087/2087 2086/2086/2086
f 2089/2089/2089 2086/2086/2086 2085/2085/2085
f 2089/2089/2089 2090/2090/2090 2086/2086/2086
f 2091/2091/2091 2086/2086/2086 2090/2090/2090
f 2092/2092/2092 2091/2091/2091 2090/2090/2090
f 2093/2093/2093 2089/2089/2089 2085/2085/2085
f 2094/2094/2094 2089/2089/2089 2093/2093/2093
f 2094/2094/2094 2095/2095/2095 2089/2089/2089
f 2096/2096/2096 2095/2095/2095 2094/2094/2094
f 2097/2097/2097 2096/2096/2096 2094/2094/2094
f 2098/2098/2098 2094/2094/2094 2093/2093/2093
f 2099/2099/2099 2094/2094/2094 2098/2098/2098
f 2093/2093/2093 2085/2085/2085 2100/2100/2100
f 2098/2098/2098 2093/2093/2093 2101/2101/2101
f 2093/2093/2093 2100/2100/2100 2101/2101/2101
f 2102/2102/2102 2099/2099/2099 2098/2098/2098
f 2098/2098/2098 2101/2101/2101 2103/2103/2103
f 2102/2102/2102 2098/2098/2098 2103/2103/2103
f 2101/2101/2101 2100/2100/2100 2104/2104/2104
f 2101/2101/2101 2104/2104/2104 2105/2105/2105
f 2103/2103/2103 2101/2101/2101 2105/2105/2105
f 2100/2100/2100 2106/2106/2106 2104/2104/2104
f 2103/2103/2103 2105/2105/2105 2107/2107/2107
f 2100/2100/2100 2108/2108/2108 2106/2106/2106
f 2085/2085/2085 2108/2108/2108 2100/2100/2100
f 2108/2108/2108 2109/2109/2109 2106/2106/2106
f 2109/2109/2109 2108/2108/2108 2110/2110/2110
f 2111/2111/2111 2103/2103/2103 2107/2107/2107
f 2102/2102/2102 2103/2103/2103 2111/2111/2111
f 2111/2111/2111 2107/2107/2107 2112/2112/2112
f 2108/2108/2108 2085/2085/2085 2113/2113/2113
f 2108/2108/2108 2113/2113/2113 2110/2110/2110
f 2110/2110/2110 2113/2113/2113 2114/2114/2114
f 2085/2085/2085 2084/2084/2084 2113/2113/2113
f 2113/2113/2113 2115/2115/2115 2114/2114/2114
f 2113/2113/2113 2084/2084/2084 2115/2115/2115
f 2114/2114/2114 2115/2115/2115 2116/2116/2116
f 2117/2117/2117 2111/2111/2111 2112/2112/2112
f 2117/2117/2117 2112/2112/2112 2118/2118/2118
f 2119/2119/2119 2102/2102/2102 2111/2111/2111
f 2119/2119/2119 2111/2111/2111 2117/2117/2117
f 2084/2084/2084 2120/2120/2120 2115/2115/2115
f 2081/2081/2081 2120/2120/2120 2084/2084/2084
f 2115/2115/2115 2121/2121/2121 2116/2116/2116
f 2115/2115/2115 2120/2120/2120 2121/2121/2121
f 2116/2116/2116 2121/2121/2121 2122/2122/2122
f 2123/2123/2123 2117/2117/2117 2118/2118/2118
f 2123/2123/2123 2118/2118/2118 2124/2124/2124
f 2121/2121/2121 2125/2125/2125 2122/2122/2122
f 2122/2122/2122 2125/2125/2125 2126/2126/2126
f 2120/2120/2120 2127/2127/2127 2121/2121/2121
f 2121/2121/2121 2127/2127/2127 2125/2125/2125
f 2125/2125/2125 2128/2128/2128 2126/2126/2126
f 2126/2126/2126 2128/2128/2128 2129/2129/2129
f 2081/2081/2081 2130/2130/2130 2120/2120/2120
f 2130/2130/2130 2127/2127/2127 2120/2120/2120
f 2127/2127/2127 2131/2131/2131 2125/2125/2125
f 2125/2125/2125 2131/2131/2131 2128/2128/2128
f 2128/2128/2128 2132/2132/2132 2129/2129/2129
f 2129/2129/2129 2132/2132/2132 2133/2133/2133
f 2134/2134/2134 2130/2130/2130 2081/2081/2081
f 2135/2135/2135 2134/2134/2134 2081/2081/2081
f 2135/2135/2135 2081/2081/2081 2136/2136/2136
f 2137/2137/2137 2135/2135/2135 2136/2136/2136
f 2138/2138/2138 2131/2131/2131 2127/2127/2127
f 2130/2130/2130 2138/2138/2138 2127/2127/2127
f 2130/2130/2130 2139/2139/2139 2138/2138/2138
f 2140/2140/2140 2139/2139/2139 2130/2130/2130
f 2141/2141/2141 2140/2140/2140 2130/2130/2130
f 2131/2131/2131 2142/2142/2142 2128/2128/2128
f 2128/2128/2128 2142/2142/2142 2132/2132/2132
f 2138/2138/2138 2143/2143/2143 2131/2131/2131
f 2143/2143/2143 2142/2142/2142 2131/2131/2131
f 2138/2138/2138 2144/2144/2144 2143/2143/2143
f 2145/2145/2145 2143/2143/2143 2144/2144/2144
f 2146/2146/2146 2145/2145/2145 2144/2144/2144
f 2145/2145/2145 2147/2147/2147 2143/2143/2143
f 2147/2147/2147 2148/2148/2148 2143/2143/2143
f 2143/2143/2143 2149/2149/2149 2142/2142/2142
f 2142/2142/2142 2150/2150/2150 2132/2132/2132
f 2149/2149/2149 2150/2150/2150 2142/2142/2142
f 2132/2132/2132 2150/2150/2150 2151/2151/2151
f 2132/2132/2132 2151/2151/2151 2133/2133/2133
f 2133/2133/2133 2151/2151/2151 2152/2152/2152
f 2150/2150/2150 2153/2153/2153 2151/2151/2151
f 2151/2151/2151 2154/2154/2154 2152/2152/2152
f 2151/2151/2151 2153/2153/2153 2154/2154/2154
f 2149/2149/2149 2155/2155/2155 2150/2150/2150
f 2155/2155/2155 2153/2153/2153 2150/2150/2150
f 2149/2149/2149 2156/2156/2156 2155/2155/2155
f 2157/2157/2157 2156/2156/2156 2149/2149/2149
f 2158/2158/2158 2157/2157/2157 2149/2149/2149
f 2155/2155/2155 2159/2159/2159 2153/2153/2153
f 2155/2155/2155 2160/2160/2160 2159/2159/2159
f 2161/2161/2161 2159/2159/2159 2160/2160/2160
f 2162/2162/2162 2161/2161/2161 2160/2160/2160
f 2159/2159/2159 2163/2163/2163 2153/2153/2153
f 2153/2153/2153 2163/2163/2163 2154/2154/2154
f 2163/2163/2163 2159/2159/2159 2164/2164/2164
f 2163/2163/2163 2164/2164/2164 2154/2154/2154
f 2159/2159/2159 2165/2165/2165 2164/2164/2164
f 2164/2164/2164 2166/2166/2166 2154/2154/2154
f 2154/2154/2154 2166/2166/2166 2152/2152/2152
f 2166/2166/2166 2167/2167/2167 2152/2152/2152
f 2164/2164/2164 2168/2168/2168 2166/2166/2166
f 2164/2164/2164 2165/2165/2165 2168/2168/2168
f 2166/2166/2166 2169/2169/2169 2167/2167/2167
f 2168/2168/2168 2169/2169/2169 2166/2166/2166
f 2169/2169/2169 2170/2170/2170 2167/2167/2167
f 2169/2169/2169 2171/2171/2171 2170/2170/2170
f 2171/2171/2171 2172/2172/2172 2170/2170/2170
f 2168/2168/2168 2173/2173/2173 2169/2169/2169
f 2173/2173/2173 2171/2171/2171 2169/2169/2169
f 2171/2171/2171 2174/2174/2174 2172/2172/2172
f 2174/2174/2174 2175/2175/2175 2172/2172/2172
f 2165/2165/2165 2176/2176/2176 2168/2168/2168
f 2168/2168/2168 2176/2176/2176 2173/2173/2173
f 2165/2165/2165 2177/2177/2177 2176/2176/2176
f 2178/2178/2178 2177/2177/2177 2165/2165/2165
f 2179/2179/2179 2178/2178/2178 2165/2165/2165
f 2173/2173/2173 2180/2180/2180 2171/2171/2171
f 2180/2180/2180 2174/2174/2174 2171/2171/2171
f 2176/2176/2176 2181/2181/2181 2173/2173/2173
f 2173/2173/2173 2181/2181/2181 2180/2180/2180
f 2176/2176/2176 2182/2182/2182 2181/2181/2181
f 2183/2183/2183 2181/2181/2181 2182/2182/2182
f 2184/2184/2184 2183/2183/2183 2182/2182/2182
f 2181/2181/2181 2185/2185/2185 2180/2180/2180
f 2174/2174/2174 2186/2186/2186 2175/2175/2175
f 2186/2186/2186 2187/2187/2187 2175/2175/2175
f 2180/2180/2180 2188/2188/2188 2174/2174/2174
f 2180/2180/2180 2185/2185/2185 2188/2188/2188
f 2188/2188/2188 2186/2186/2186 2174/2174/2174
f 2186/2186/2186 2189/2189/2189 2187/2187/2187
f 2189/2189/2189 2190/2190/2190 2187/2187/2187
f 2188/2188/2188 2191/2191/2191 2186/2186/2186
f 2191/2191/2191 2189/2189/2189 2186/2186/2186
f 2189/2189/2189 2192/2192/2192 2190/2190/2190
f 2192/2192/2192 2193/2193/2193 2190/2190/2190
f 2185/2185/2185 2194/2194/2194 2188/2188/2188
f 2188/2188/2188 2194/2194/2194 2191/2191/2191
f 2185/2185/2185 2195/2195/2195 2194/2194/2194
f 2196/2196/2196 2195/2195/2195 2185/2185/2185
f 2197/2197/2197 2196/2196/2196 2185/2185/2185
f 2191/2191/2191 2198/2198/2198 2189/2189/2189
f 2198/2198/2198 2192/2192/2192 2189/2189/2189
f 2198/2198/2198 2199/2199/2199 2192/2192/2192
f 2192/2192/2192 2200/2200/2200 2193/2193/2193
f 2199/2199/2199 2200/2200/2200 2192/2192/2192
f 2200/2200/2200 2201/2201/2201 2193/2193/2193
f 2201/2201/2201 2200/2200/2200 2202/2202/2202
f 2194/2194/2194 2203/2203/2203 2191/2191/2191
f 2191/2191/2191 2203/2203/2203 2198/2198/2198
f 2194/2194/2194 2204/2204/2204 2203/2203/2203
f 2205/2205/2205 2203/2203/2203 2204/2204/2204
f 2206/2206/2206 2205/2205/2205 2204/2204/2204
f 2203/2203/2203 2207/2207/2207 2198/2198/2198
f 2198/2198/2198 2207/2207/2207 2199/2199/2199
f 2200/2200/2200 2208/2208/2208 2202/2202/2202
f 2200/2200/2200 2199/2199/2199 2208/2208/2208
f 2202/2202/2202 2208/2208/2208 2209/2209/2209
f 2208/2208/2208 2210/2210/2210 2209/2209/2209
f 2209/2209/2209 2210/2210/2210 2211/2211/2211
f 2199/2199/2199 2212/2212/2212 2208/2208/2208
f 2208/2208/2208 2212/2212/2212 2210/2210/2210
f 2210/2210/2210 2213/2213/2213 2211/2211/2211
f 2211/2211/2211 2213/2213/2213 2214/2214/2214
f 2212/2212/2212 2215/2215/2215 2210/2210/2210
f 2210/2210/2210 2215/2215/2215 2213/2213/2213
f 2213/2213/2213 2216/2216/2216 2214/2214/2214
f 2214/2214/2214 2216/2216/2216 2217/2217/2217
f 2215/2215/2215 2218/2218/2218 2213/2213/2213
f 2213/2213/2213 2218/2218/2218 2216/2216/2216
f 2216/2216/2216 2219/2219/2219 2217/2217/2217
f 2217/2217/2217 2219/2219/2219 2220/2220/2220
f 2218/2218/2218 2221/2221/2221 2216/2216/2216
f 2216/2216/2216 2221/2221/2221 2219/2219/2219
f 2219/2219/2219 2222/2222/2222 2220/2220/2220
f 2220/2220/2220 2222/2222/2222 2223/2223/2223
f 2221/2221/2221 2224/2224/2224 2219/2219/2219
f 2219/2219/2219 2224/2224/2224 2222/2222/2222
f 2222/2222/2222 2225/2225/2225 2223/2223/2223
f 2223/2223/2223 2225/2225/2225 2226/2226/2226
f 2224/2224/2224 2227/2227/2227 2222/2222/2222
f 2222/2222/2222 2227/2227/2227 2225/2225/2225
f 2228/2228/2228 2218/2218/2218 2215/2215/2215
f 2229/2229/2229 2221/2221/2221 2218/2218/2218
f 2228/2228/2228 2229/2229/2229 2218/2218/2218
f 2230/2230/2230 2224/2224/2224 2221/2221/2221
f 2229/2229/2229 2230/2230/2230 2221/2221/2221
f 2228/2228/2228 2231/2231/2231 2229/2229/2229
f 2232/2232/2232 2229/2229/2229 2231/2231/2231
f 2233/2233/2233 2232/2232/2232 2231/2231/2231
f 2234/2234/2234 2228/2228/2228 2215/2215/2215
f 2234/2234/2234 2235/2235/2235 2228/2228/2228
f 2236/2236/2236 2235/2235/2235 2234/2234/2234
f 2237/2237/2237 2236/2236/2236 2234/2234/2234
f 2234/2234/2234 2215/2215/2215 2212/2212/2212
f 2238/2238/2238 2234/2234/2234 2212/2212/2212
f 2238/2238/2238 2212/2212/2212 2199/2199/2199
f 2239/2239/2239 2238/2238/2238 2199/2199/2199
f 2207/2207/2207 2239/2239/2239 2199/2199/2199
f 2239/2239/2239 2240/2240/2240 2238/2238/2238
f 2241/2241/2241 2238/2238/2238 2240/2240/2240
f 2242/2242/2242 2241/2241/2241 2240/2240/2240
f 2243/2243/2243 2239/2239/2239 2207/2207/2207
f 2244/2244/2244 2243/2243/2243 2207/2207/2207
f 2245/2245/2245 2244/2244/2244 2207/2207/2207
f 2248/2248/2248 2247/2247/2247 2246/2246/2246
f 2246/2246/2246 2247/2247/2247 2249/2249/2249
f 2250/2250/2250 2249/2249/2249 2247/2247/2247
f 2249/2249/2249 2250/2250/2250 2251/2251/2251
f 2252/2252/2252 2251/2251/2251 2250/2250/2250
f 2253/2253/2253 2251/2251/2251 2252/2252/2252
f 2251/2251/2251 2253/2253/2253 2254/2254/2254
f 2254/2254/2254 2253/2253/2253 2255/2255/2255
f 2254/2254/2254 2255/2255/2255 2256/2256/2256
f 2256/2256/2256 2255/2255/2255 2257/2257/2257
f 2258/2258/2258 2257/2257/2257 2255/2255/2255
f 2257/2257/2257 2258/2258/2258 2259/2259/2259
f 2260/2260/2260 2259/2259/2259 2258/2258/2258
f 2261/2261/2261 2259/2259/2259 2260/2260/2260
f 2261/2261/2261 2262/2262/2262 2259/2259/2259
f 2263/2263/2263 2262/2262/2262 2261/2261/2261
f 2262/2262/2262 2263/2263/2263 2264/2264/2264
f 2264/2264/2264 2263/2263/2263 2265/2265/2265
f 2266/2266/2266 2265/2265/2265 2263/2263/2263
f 2265/2265/2265 2266/2266/2266 2267/2267/2267
f 2268/2268/2268 2267/2267/2267 2266/2266/2266
f 2269/2269/2269 2267/2267/2267 2268/2268/2268
f 2269/2269/2269 2270/2270/2270 2267/2267/2267
f 2271/2271/2271 2270/2270/2270 2269/2269/2269
f 2270/2270/2270 2271/2271/2271 2272/2272/2272
f 2272/2272/2272 2271/2271/2271 2273/2273/2273
f 2274/2274/2274 2273/2273/2273 2271/2271/2271
f 2273/2273/2273 2274/2274/2274 2275/2275/2275
f 2276/2276/2276 2275/2275/2275 2274/2274/2274
f 2277/2277/2277 2275/2275/2275 2276/2276/2276
f 2280/2280/2280 2279/2279/2279 2278/2278/2278
f 2280/2280/2280 2278/2278/2278 2281/2281/2281
f 2278/2278/2278 2282/2282/2282 2281/2281/2281
f 2278/2278/2278 2283/2283/2283 2282/2282/2282
f 2284/2284/2284 2280/2280/2280 2281/2281/2281
f 2285/2285/2285 2280/2280/2280 2284/2284/2284
f 2286/2286/2286 2284/2284/2284 2281/2281/2281
f 2287/2287/2287 2284/2284/2284 2286/2286/2286
f 2283/2283/2283 2288/2288/2288 2282/2282/2282
f 2283/2283/2283 2289/2289/2289 2288/2288/2288
f 2290/2290/2290 2289/2289/2289 2283/2283/2283
f 2281/2281/2281 2282/2282/2282 2291/2291/2291
f 2282/2282/2282 2288/2288/2288 2292/2292/2292
f 2291/2291/2291 2282/2282/2282 2292/2292/2292
f 2289/2289/2289 2293/2293/2293 2288/2288/2288
f 2292/2292/2292 2288/2288/2288 2294/2294/2294
f 2288/2288/2288 2293/2293/2293 2294/2294/2294
f 2289/2289/2289 2295/2295/2295 2293/2293/2293
f 2296/2296/2296 2295/2295/2295 2289/2289/2289
f 2295/2295/2295 2297/2297/2297 2293/2293/2293
f 2295/2295/2295 2298/2298/2298 2297/2297/2297
f 2294/2294/2294 2293/2293/2293 2299/2299/2299
f 2293/2293/2293 2297/2297/2297 2299/2299/2299
f 2292/2292/2292 2294/2294/2294 2300/2300/2300
f 2300/2300/2300 2294/2294/2294 2301/2301/2301
f 2294/2294/2294 2299/2299/2299 2301/2301/2301
f 2302/2302/2302 2292/2292/2292 2300/2300/2300
f 2291/2291/2291 2292/2292/2292 2302/2302/2302
f 2301/2301/2301 2299/2299/2299 2303/2303/2303
f 2304/2304/2304 2291/2291/2291 2302/2302/2302
f 2299/2299/2299 2305/2305/2305 2303/2303/2303
f 2299/2299/2299 2297/2297/2297 2305/2305/2305
f 2303/2303/2303 2305/2305/2305 2306/2306/2306
f 2307/2307/2307 2291/2291/2291 2304/2304/2304
f 2308/2308/2308 2307/2307/2307 2304/2304/2304
f 2307/2307/2307 2281/2281/2281 2291/2291/2291
f 2307/2307/2307 2308/2308/2308 2309/2309/2309
f 2281/2281/2281 2307/2307/2307 2310/2310/2310
f 2310/2310/2310 2307/2307/2307 2309/2309/2309
f 2310/2310/2310 2309/2309/2309 2311/2311/2311
f 2286/2286/2286 2281/2281/2281 2310/2310/2310
f 2312/2312/2312 2310/2310/2310 2311/2311/2311
f 2286/2286/2286 2310/2310/2310 2312/2312/2312
f 2312/2312/2312 2311/2311/2311 2313/2313/2313
f 2297/2297/2297 2314/2314/2314 2305/2305/2305
f 2298/2298/2298 2314/2314/2314 2297/2297/2297
f 2315/2315/2315 2286/2286/2286 2312/2312/2312
f 2315/2315/2315 2287/2287/2287 2286/2286/2286
f 2316/2316/2316 2312/2312/2312 2313/2313/2313
f 2315/2315/2315 2312/2312/2312 2316/2316/2316
f 2316/2316/2316 2313/2313/2313 2317/2317/2317
f 2318/2318/2318 2287/2287/2287 2315/2315/2315
f 2319/2319/2319 2287/2287/2287 2318/2318/2318
f 2320/2320/2320 2316/2316/2316 2317/2317/2317
f 2320/2320/2320 2317/2317/2317 2321/2321/2321
f 2322/2322/2322 2315/2315/2315 2316/2316/2316
f 2322/2322/2322 2318/2318/2318 2315/2315/2315
f 2322/2322/2322 2316/2316/2316 2320/2320/2320
f 2323/2323/2323 2320/2320/2320 2321/2321/2321
f 2323/2323/2323 2321/2321/2321 2324/2324/2324
f 2325/2325/2325 2318/2318/2318 2322/2322/2322
f 2326/2326/2326 2318/2318/2318 2325/2325/2325
f 2327/2327/2327 2322/2322/2322 2320/2320/2320
f 2327/2327/2327 2325/2325/2325 2322/2322/2322
f 2327/2327/2327 2320/2320/2320 2323/2323/2323
f 2328/2328/2328 2325/2325/2325 2327/2327/2327
f 2329/2329/2329 2327/2327/2327 2323/2323/2323
f 2329/2329/2329 2328/2328/2328 2327/2327/2327
f 2330/2330/2330 2323/2323/2323 2324/2324/2324
f 2329/2329/2329 2323/2323/2323 2330/2330/2330
f 2331/2331/2331 2328/2328/2328 2329/2329/2329
f 2332/2332/2332 2328/2328/2328 2331/2331/2331
f 2333/2333/2333 2331/2331/2331 2329/2329/2329
f 2333/2333/2333 2329/2329/2329 2330/2330/2330
f 2334/2334/2334 2331/2331/2331 2333/2333/2333
f 2335/2335/2335 2331/2331/2331 2334/2334/2334
f 2333/2333/2333 2330/2330/2330 2336/2336/2336
f 2337/2337/2337 2334/2334/2334 2333/2333/2333
f 2337/2337/2337 2333/2333/2333 2336/2336/2336
f 2334/2334/2334 2337/2337/2337 2338/2338/2338
f 2339/2339/2339 2334/2334/2334 2338/2338/2338
f 2338/2338/2338 2337/2337/2337 2340/2340/2340
f 2337/2337/2337 2336/2336/2336 2340/2340/2340
f 2336/2336/2336 2330/2330/2330 2341/2341/2341
f 2330/2330/2330 2324/2324/2324 2341/2341/2341
f 2339/2339/2339 2338/2338/2338 2342/2342/2342
f 2342/2342/2342 2338/2338/2338 2340/2340/2340
f 2340/2340/2340 2336/2336/2336 2343/2343/2343
f 2336/2336/2336 2341/2341/2341 2343/2343/2343
f 2344/2344/2344 2341/2341/2341 2324/2324/2324
f 2344/2344/2344 2343/2343/2343 2341/2341/2341
f 2345/2345/2345 2340/2340/2340 2343/2343/2343
f 2345/2345/2345 2342/2342/2342 2340/2340/2340
f 2344/2344/2344 2345/2345/2345 2343/2343/2343
f 2324/2324/2324 2346/2346/2346 2344/2344/2344
f 2346/2346/2346 2324/2324/2324 2347/2347/2347
f 2347/2347/2347 2348/2348/2348 2346/2346/2346
f 2347/2347/2347 2349/2349/2349 2348/2348/2348
f 2349/2349/2349 2347/2347/2347 2350/2350/2350
f 2349/2349/2349 2350/2350/2350 2351/2351/2351
f 2351/2351/2351 2350/2350/2350 2352/2352/2352
f 2351/2351/2351 2352/2352/2352 2353/2353/2353
f 2353/2353/2353 2354/2354/2354 2351/2351/2351
f 2354/2354/2354 2353/2353/2353 2355/2355/2355
f 2355/2355/2355 2356/2356/2356 2354/2354/2354
f 2355/2355/2355 2357/2357/2357 2356/2356/2356
f 2357/2357/2357 2355/2355/2355 2358/2358/2358
f 2357/2357/2357 2358/2358/2358 2359/2359/2359
f 2359/2359/2359 2358/2358/2358 2360/2360/2360
f 2359/2359/2359 2360/2360/2360 2361/2361/2361
f 2361/2361/2361 2362/2362/2362 2359/2359/2359
f 2362/2362/2362 2361/2361/2361 2363/2363/2363
f 2363/2363/2363 2364/2364/2364 2362/2362/2362
f 2363/2363/2363 2365/2365/2365 2364/2364/2364
f 2366/2366/2366 2365/2365/2365 2363/2363/2363
f 2366/2366/2366 2367/2367/2367 2365/2365/2365
f 2367/2367/2367 2366/2366/2366 2368/2368/2368
f 2367/2367/2367 2368/2368/2368 2306/2306/2306
f 2306/2306/2306 2369/2369/2369 2367/2367/2367
f 2369/2369/2369 2306/2306/2306 2370/2370/2370
f 2306/2306/2306 2371/2371/2371 2370/2370/2370
f 2305/2305/2305 2371/2371/2371 2306/2306/2306
f 2305/2305/2305 2314/2314/2314 2371/2371/2371
f 2314/2314/2314 2372/2372/2372 2371/2371/2371
f 2371/2371/2371 2373/2373/2373 2370/2370/2370
f 2371/2371/2371 2372/2372/2372 2373/2373/2373
f 2374/2374/2374 2372/2372/2372 2314/2314/2314
f 2298/2298/2298 2374/2374/2374 2314/2314/2314
f 2375/2375/2375 2374/2374/2374 2298/2298/2298
f 2374/2374/2374 2376/2376/2376 2372/2372/2372
f 2377/2377/2377 2376/2376/2376 2374/2374/2374
f 2376/2376/2376 2378/2378/2378 2372/2372/2372
f 2372/2372/2372 2378/2378/2378 2373/2373/2373
f 2376/2376/2376 2379/2379/2379 2378/2378/2378
f 2370/2370/2370 2373/2373/2373 2380/2380/2380
f 2373/2373/2373 2378/2378/2378 2381/2381/2381
f 2373/2373/2373 2381/2381/2381 2380/2380/2380
f 2370/2370/2370 2380/2380/2380 2382/2382/2382
f 2370/2370/2370 2382/2382/2382 2369/2369/2369
f 2383/2383/2383 2382/2382/2382 2380/2380/2380
f 2381/2381/2381 2383/2383/2383 2380/2380/2380
f 2378/2378/2378 2384/2384/2384 2381/2381/2381
f 2379/2379/2379 2384/2384/2384 2378/2378/2378
f 2384/2384/2384 2385/2385/2385 2381/2381/2381
f 2384/2384/2384 2379/2379/2379 2385/2385/2385
f 2385/2385/2385 2383/2383/2383 2381/2381/2381
f 2386/2386/2386 2369/2369/2369 2382/2382/2382
f 2383/2383/2383 2386/2386/2386 2382/2382/2382
f 2379/2379/2379 2387/2387/2387 2385/2385/2385
f 2388/2388/2388 2387/2387/2387 2379/2379/2379
f 2385/2385/2385 2389/2389/2389 2383/2383/2383
f 2385/2385/2385 2387/2387/2387 2389/2389/2389
f 2389/2389/2389 2386/2386/2386 2383/2383/2383
f 2386/2386/2386 2390/2390/2390 2369/2369/2369
f 2390/2390/2390 2391/2391/2391 2369/2369/2369
f 2387/2387/2387 2392/2392/2392 2389/2389/2389
f 2393/2393/2393 2392/2392/2392 2387/2387/2387
f 2389/2389/2389 2394/2394/2394 2386/2386/2386
f 2389/2389/2389 2392/2392/2392 2394/2394/2394
f 2394/2394/2394 2390/2390/2390 2386/2386/2386
f 2392/2392/2392 2395/2395/2395 2394/2394/2394
f 2390/2390/2390 2396/2396/2396 2391/2391/2391
f 2396/2396/2396 2397/2397/2397 2391/2391/2391
f 2394/2394/2394 2398/2398/2398 2390/2390/2390
f 2394/2394/2394 2395/2395/2395 2398/2398/2398
f 2398/2398/2398 2396/2396/2396 2390/2390/2390
f 2396/2396/2396 2399/2399/2399 2397/2397/2397
f 2399/2399/2399 2400/2400/2400 2397/2397/2397
f 2395/2395/2395 2401/2401/2401 2398/2398/2398
f 2402/2402/2402 2401/2401/2401 2395/2395/2395
f 2398/2398/2398 2403/2403/2403 2396/2396/2396
f 2398/2398/2398 2401/2401/2401 2403/2403/2403
f 2403/2403/2403 2399/2399/2399 2396/2396/2396
f 2399/2399/2399 2404/2404/2404 2400/2400/2400
f 2404/2404/2404 2405/2405/2405 2400/2400/2400
f 2401/2401/2401 2406/2406/2406 2403/2403/2403
f 2407/2407/2407 2406/2406/2406 2401/2401/2401
f 2403/2403/2403 2408/2408/2408 2399/2399/2399
f 2403/2403/2403 2406/2406/2406 2408/2408/2408
f 2408/2408/2408 2404/2404/2404 2399/2399/2399
f 2406/2406/2406 2409/2409/2409 2408/2408/2408
f 2404/2404/2404 2410/2410/2410 2405/2405/2405
f 2410/2410/2410 2411/2411/2411 2405/2405/2405
f 2408/2408/2408 2412/2412/2412 2404/2404/2404
f 2408/2408/2408 2409/2409/2409 2412/2412/2412
f 2412/2412/2412 2410/2410/2410 2404/2404/2404
f 2412/2412/2412 2413/2413/2413 2410/2410/2410
f 2410/2410/2410 2414/2414/2414 2411/2411/2411
f 2413/2413/2413 2414/2414/2414 2410/2410/2410
f 2414/2414/2414 2415/2415/2415 2411/2411/2411
f 2415/2415/2415 2414/2414/2414 2416/2416/2416
f 2409/2409/2409 2417/2417/2417 2412/2412/2412
f 2412/2412/2412 2417/2417/2417 2413/2413/2413
f 2418/2418/2418 2417/2417/2417 2409/2409/2409
f 2417/2417/2417 2419/2419/2419 2413/2413/2413
f 2414/2414/2414 2420/2420/2420 2416/2416/2416
f 2414/2414/2414 2413/2413/2413 2420/2420/2420
f 2416/2416/2416 2420/2420/2420 2421/2421/2421
f 2419/2419/2419 2422/2422/2422 2413/2413/2413
f 2423/2423/2423 2422/2422/2422 2419/2419/2419
f 2420/2420/2420 2424/2424/2424 2421/2421/2421
f 2421/2421/2421 2424/2424/2424 2425/2425/2425
f 2413/2413/2413 2426/2426/2426 2420/2420/2420
f 2422/2422/2422 2426/2426/2426 2413/2413/2413
f 2420/2420/2420 2426/2426/2426 2424/2424/2424
f 2424/2424/2424 2427/2427/2427 2425/2425/2425
f 2425/2425/2425 2427/2427/2427 2428/2428/2428
f 2422/2422/2422 2429/2429/2429 2426/2426/2426
f 2430/2430/2430 2429/2429/2429 2422/2422/2422
f 2426/2426/2426 2431/2431/2431 2424/2424/2424
f 2429/2429/2429 2431/2431/2431 2426/2426/2426
f 2424/2424/2424 2431/2431/2431 2427/2427/2427
f 2429/2429/2429 2432/2432/2432 2431/2431/2431
f 2427/2427/2427 2433/2433/2433 2428/2428/2428
f 2428/2428/2428 2433/2433/2433 2434/2434/2434
f 2431/2431/2431 2435/2435/2435 2427/2427/2427
f 2432/2432/2432 2435/2435/2435 2431/2431/2431
f 2427/2427/2427 2435/2435/2435 2433/2433/2433
f 2433/2433/2433 2436/2436/2436 2434/2434/2434
f 2434/2434/2434 2436/2436/2436 2437/2437/2437
f 2432/2432/2432 2438/2438/2438 2435/2435/2435
f 2439/2439/2439 2438/2438/2438 2432/2432/2432
f 2435/2435/2435 2440/2440/2440 2433/2433/2433
f 2438/2438/2438 2440/2440/2440 2435/2435/2435
f 2433/2433/2433 2440/2440/2440 2436/2436/2436
f 2436/2436/2436 2441/2441/2441 2437/2437/2437
f 2437/2437/2437 2441/2441/2441 2344/2344/2344
f 2441/2441/2441 2345/2345/2345 2344/2344/2344
f 2438/2438/2438 2442/2442/2442 2440/2440/2440
f 2443/2443/2443 2442/2442/2442 2438/2438/2438
f 2440/2440/2440 2444/2444/2444 2436/2436/2436
f 2442/2442/2442 2444/2444/2444 2440/2440/2440
f 2436/2436/2436 2444/2444/2444 2441/2441/2441
f 2442/2442/2442 2445/2445/2445 2444/2444/2444
f 2441/2441/2441 2446/2446/2446 2345/2345/2345
f 2444/2444/2444 2446/2446/2446 2441/2441/2441
f 2445/2445/2445 2446/2446/2446 2444/2444/2444
f 2446/2446/2446 2342/2342/2342 2345/2345/2345
f 2445/2445/2445 2447/2447/2447 2446/2446/2446
f 2447/2447/2447 2342/2342/2342 2446/2446/2446
f 2448/2448/2448 2447/2447/2447 2445/2445/2445
f 2447/2447/2447 2339/2339/2339 2342/2342/2342
f 2449/2449/2449 2339/2339/2339 2447/2447/2447
f 2452/2452/2452 2451/2451/2451 2450/2450/2450
f 2453/2453/2453 2452/2452/2452 2450/2450/2450
f 2456/2456/2456 2455/2455/2455 2454/2454/2454
f 2455/2455/2455 2099/2099/2099 2454/2454/2454
f 2457/2457/2457 2454/2454/2454 2099/2099/2099
f 2457/2457/2457 2099/2099/2099 2102/2102/2102
f 2119/2119/2119 2457/2457/2457 2102/2102/2102
f 2458/2458/2458 2457/2457/2457 2119/2119/2119
f 2458/2458/2458 2459/2459/2459 2457/2457/2457
f 2460/2460/2460 2459/2459/2459 2458/2458/2458
f 2461/2461/2461 2460/2460/2460 2458/2458/2458
f 2462/2462/2462 2458/2458/2458 2119/2119/2119
f 2462/2462/2462 2119/2119/2119 2117/2117/2117
f 2463/2463/2463 2458/2458/2458 2462/2462/2462
f 2462/2462/2462 2117/2117/2117 2123/2123/2123
f 2464/2464/2464 2462/2462/2462 2123/2123/2123
f 2464/2464/2464 2463/2463/2463 2462/2462/2462
f 2464/2464/2464 2123/2123/2123 2465/2465/2465
f 2465/2465/2465 2123/2123/2123 2124/2124/2124
f 2465/2465/2465 2124/2124/2124 2226/2226/2226
f 2466/2466/2466 2465/2465/2465 2226/2226/2226
f 2225/2225/2225 2466/2466/2466 2226/2226/2226
f 2467/2467/2467 2464/2464/2464 2465/2465/2465
f 2467/2467/2467 2465/2465/2465 2466/2466/2466
f 2468/2468/2468 2463/2463/2463 2464/2464/2464
f 2467/2467/2467 2468/2468/2468 2464/2464/2464
f 2468/2468/2468 2469/2469/2469 2463/2463/2463
f 2470/2470/2470 2463/2463/2463 2469/2469/2469
f 2471/2471/2471 2470/2470/2470 2469/2469/2469
f 2225/2225/2225 2472/2472/2472 2466/2466/2466
f 2227/2227/2227 2472/2472/2472 2225/2225/2225
f 2473/2473/2473 2468/2468/2468 2467/2467/2467
f 2473/2473/2473 2474/2474/2474 2468/2468/2468
f 2475/2475/2475 2474/2474/2474 2473/2473/2473
f 2476/2476/2476 2475/2475/2475 2473/2473/2473
f 2477/2477/2477 2467/2467/2467 2466/2466/2466
f 2477/2477/2477 2473/2473/2473 2467/2467/2467
f 2472/2472/2472 2477/2477/2477 2466/2466/2466
f 2478/2478/2478 2473/2473/2473 2477/2477/2477
f 2472/2472/2472 2478/2478/2478 2477/2477/2477
f 2478/2478/2478 2472/2472/2472 2227/2227/2227
f 2479/2479/2479 2478/2478/2478 2227/2227/2227
f 2479/2479/2479 2227/2227/2227 2224/2224/2224
f 2230/2230/2230 2479/2479/2479 2224/2224/2224
f 2479/2479/2479 2480/2480/2480 2478/2478/2478
f 2481/2481/2481 2478/2478/2478 2480/2480/2480
f 2482/2482/2482 2481/2481/2481 2480/2480/2480
f 2230/2230/2230 2483/2483/2483 2479/2479/2479
f 2484/2484/2484 2483/2483/2483 2230/2230/2230
f 2485/2485/2485 2484/2484/2484 2230/2230/2230
f 2488/2488/2488 2487/2487/2487 2486/2486/2486
f 2489/2489/2489 2488/2488/2488 2486/2486/2486
f 2492/2492/2492 2491/2491/2491 2490/2490/2490
f 2493/2493/2493 2492/2492/2492 2490/2490/2490
f 2496/2496/2496 2495/2495/2495 2494/2494/2494
f 2497/2497/2497 2496/2496/2496 2494/2494/2494
f 2500/2500/2500 2499/2499/2499 2498/2498/2498
f 2501/2501/2501 2500/2500/2500 2498/2498/2498
f 2504/2504/2504 2503/2503/2503 2502/2502/2502
f 2505/2505/2505 2504/2504/2504 2502/2502/2502
f 2508/2508/2508 2507/2507/2507 2506/2506/2506
f 2509/2509/2509 2508/2508/2508 2506/2506/2506
f 2512/2512/2512 2511/2511/2511 2510/2510/2510
f 2513/2513/2513 2512/2512/2512 2510/2510/2510
f 2516/2516/2516 2515/2515/2515 2514/2514/2514
f 2517/2517/2517 2516/2516/2516 2514/2514/2514
