g _Helm
v -0.000777884678 0.000300669693 0.018172225
v -0.00100525597 -0.000280101463 0.0181867816
v -0.000910305011 -0.000280101463 0.0181867816
v -0.000449238229 0.00069561071 0.0181909632
v -0.000749340863 0.000389155059 0.0178702008
v -0.000651480746 0.00076428405 0.0180713572
v -0.000777884678 0.000300669693 0.018172225
v -0.000910305011 -0.000280101463 0.0181867816
v -0.000695185794 0.000327716989 0.0181900542
v 0.000777884678 0.000300669693 0.018172225
v 0.000910305011 -0.000280101463 0.0181867816
v 0.00100525597 -0.000280101463 0.0181867816
v 0.000449238229 0.00069561071 0.0181909632
v 0.000651480746 0.00076428405 0.0180713572
v 0.000749340863 0.000389155059 0.0178702008
v 0.000777884678 0.000300669693 0.018172225
v 0.000695185794 0.000327716989 0.0181900542
v 0.000910305011 -0.000280101463 0.0181867816
v -0.00100710941 -0.000289643096 0.0185282882
v -0.00102629513 -0.000497445464 0.0188076627
v -0.000925595232 -0.000497445464 0.0188076627
v -0.000910305011 -0.000289643096 0.0185282882
v -0.00100525597 -0.000280101463 0.0181867816
v -0.000910305011 -0.000280101463 0.0181867816
v -0.000990699977 -0.000385297404 0.0184211545
v -0.000855418039 -0.000385297404 0.0184211545
v -0.000857828767 -0.000719902513 0.0188878886
v -0.000993110007 -0.000719902513 0.0188878886
v -0.000619484927 0.000564225775 0.0182741024
v -0.000777884678 0.000300669693 0.018172225
v -0.000695185794 0.000327716989 0.0181900542
v -0.000508537982 0.000544749608 0.0182951484
v -0.000402229576 0.000753336702 0.0183729101
v -0.000358925376 0.000645073014 0.0183400214
v -0 0.000891091942 0.0184496399
v -0 0.000655293174 0.0184496399
v -0.000402229576 0.000753336702 0.0183729101
v -0 0.000891091942 0.0184496399
v -0 0.000785870827 0.0189176761
v -0.000577716855 0.000561603287 0.0188948996
v -0 0.000836334366 0.0192374736
v -0.000619484927 0.000564225775 0.0182741024
v -0.00064544112 0.00065464637 0.0192753319
v -0.000864691625 0.000274447666 0.0188258644
v -0.00101198512 6.66453925E-05 0.0192715339
v -0.000777884678 0.000300669693 0.018172225
v -0.000942387735 -1.02690055E-05 0.0187360905
v -0.001043992 -0.000218071349 0.0191165227
v -0.00102629513 -0.000497445464 0.0188076627
v -0.00100710941 -0.000289643096 0.0185282882
v -0.00100525597 -0.000280101463 0.0181867816
v -3.80934616E-05 -0.00175427389 0.017179098
v -0.000438633724 -0.00144544081 0.0173957013
v -0.000173374079 -0.00175427389 0.017179098
v -0.00025416736 -0.00144544081 0.0174153745
v -0.000723893638 -0.000607291178 0.0178820193
v -0.000901264662 -0.000607291178 0.0178399291
v -0.000990699278 -0.000607291178 0.0182625819
v -0.000855418039 -0.000607291178 0.0182625819
v -0.000855418039 -0.000385297404 0.0184211545
v -0.000990699977 -0.000385297404 0.0184211545
v -0 0.000785870827 0.0189176761
v -0 0.000891091942 0.0184496399
v -0 0.000655293174 0.0184496399
v -0 0.000697018113 0.0189176761
v -0 0.000732709072 0.0192322005
v -0 0.000836334366 0.0192374736
v -0.000765228993 -0.00135936064 0.0185117628
v -0.000695710885 -0.0010739367 0.0185389463
v -0.000629948336 -0.00135936064 0.0185117628
v -0.000830991485 -0.0010739367 0.0185389463
v -0.000742683187 -0.000888184586 0.0186204966
v -0.000877963786 -0.000888184586 0.0186204966
v -0.000857828767 -0.000719902513 0.0188878886
v -0.000993110007 -0.000719902513 0.0188878886
v -0.000353541021 -0.00151766313 0.0188385863
v -0.000414306851 -0.0016009846 0.0187595785
v -0.000263881258 -0.00159867818 0.0187613685
v -0.000503967283 -0.00151997013 0.0188367963
v -0.000554174418 -0.00125853717 0.0189452842
v -0.000771410065 -0.00126084429 0.0189434923
v -0.000665333995 -0.000755782879 0.0189651269
v -0.000893124321 -0.000758089998 0.0189633369
v -0.000629948336 -0.00135936064 0.0185117628
v -0.000671283749 -0.00148621551 0.018199157
v -0.000765228993 -0.00135936064 0.0185117628
v -0.00053600315 -0.00148621551 0.018199157
v -0.000455209869 -0.00167649752 0.0176464319
v -0.000319929241 -0.00167649752 0.0176464319
v -0.000173374079 -0.00175427389 0.017179098
v -3.80934616E-05 -0.00175427389 0.017179098
v -0 0.000758960552 0.0180711597
v -0.000449238229 0.00069561071 0.0181909632
v -0.000651480746 0.00076428405 0.0180713572
v -0 0.000693719951 0.0181907639
v -0.000370707538 0.000638498052 0.0183315407
v -0.000958820165 -0.00027803416 0.0184620228
v -0.000749340863 0.000389155059 0.0178702008
v -0.000322867883 0.000634737196 0.0184847061
v -0 0.000650226837 0.0184299778
v -0.000842255424 -0.000258363318 0.0180001501
v -0.000884108827 -0.000489189697 0.0184620228
v -0.000855038816 -0.000339357182 0.0177832153
v -0.000371424103 0.000640222104 0.0191158615
v -0 0.000713164336 0.0191156641
v -0 0.000723234902 0.0192887485
v -0.00037637967 0.000646092813 0.0192903951
v -0 0.000556636252 0.0197816491
v -0.000684356026 0.000417347735 0.0191158615
v -0.000315226003 0.00049560942 0.0197818484
v -0 0.000267412368 0.0200264286
v -0.000691037625 0.000421034871 0.0192889459
v -0.000893450808 8.37919724E-05 0.0191158615
v -0.000211388891 0.000228401957 0.0200266261
v -0 -0.000196019013 0.0202386342
v -0.000580518215 0.000306664995 0.0197818484
v -0.000640843704 0.000180282761 0.0184733644
v -0.000799832225 -4.88760415E-05 0.0184676945
v -0.0009021812 8.42110239E-05 0.0192889459
v -0.000757779693 2.388951E-05 0.0197818484
v -0.000388650398 0.000102153201 0.0200266261
v -0.000948341913 -0.000109082663 0.0191158615
v -0.000507093908 -8.67912458E-05 0.0200266261
v -0.000967971573 -0.000319878891 0.0191061664
v -0.000983106554 -0.000313098339 0.0192889459
v -0.000548684911 -0.000309666939 0.0200266261
v -0 -0.00089012651 0.020148363
v -0.000684355386 -0.000165054938 0.0199162923
v -0.000691449328 -0.00051385531 0.0199162923
v -0.00082002714 -0.000313099677 0.0197818484
v -0.000910910778 -0.000313957076 0.0196284652
v -0.00098419108 -0.000528545352 0.0192889478
v -0.000909328286 -0.000528117002 0.0196284652
v -0.000987601234 -0.000523808936 0.0190964714
v -0.000893124321 -0.000758089998 0.0189633369
v -0.000966831285 -0.000766522135 0.0192916095
v -0.000803669449 -0.000772207568 0.0197818484
v -0.000893622753 -0.00102158042 0.0192247033
v -0.000632420823 -0.00132417097 0.0195900369
v -0.000644782558 -0.000883938977 0.0199162923
v -0.00081576017 -0.00106525084 0.0189085416
v -0.000771410065 -0.00126084429 0.0189434923
v -0.000494032924 -0.00112442009 0.0199162923
v -0.000268421078 -0.0012851035 0.0199162923
v -0 -0.00134728116 0.0199160948
v -0 -0.00149835425 0.019781651
v -0.000290986791 -0.00157904846 0.019599909
v -0 -0.00164203777 0.0195863768
v -0.000289830554 -0.00165241642 0.0193630531
v -0 -0.00175398425 0.0193547606
v -0.000344266096 -0.00167911942 0.0190509539
v -0 -0.00184577063 0.0191477984
v -0 -0.00193479878 0.0188744869
v -0.000696580217 -0.00131364015 0.0193621814
v -0.000734278234 -0.00134454714 0.0191603061
v -0.00058043946 -0.00157979631 0.0191138107
v -0.00064010208 -0.00140994391 0.018915901
v -0.000503967283 -0.00151997013 0.0188367963
v -0.000530615856 -0.00155904365 0.0188883077
v -0.000414306851 -0.0016009846 0.0187595785
v -0.00017500644 -0.0018625278 0.0187225454
v -0 -0.00203671842 0.0182469524
v -0.000319882063 -0.00169993262 0.0188054275
v -6.11213763E-05 -0.00196628529 0.0182404034
v -0.000217145367 -0.00186947768 0.0185403153
v -0.000314393226 -0.00169660011 0.018675983
v -8.96314959E-05 -0.00196078653 0.0182091743
v -0 -0.00209066854 0.0181233324
v -0 -0.001988695 0.0180835463
v -0.000215016247 -0.00185202505 0.0184255373
v -0.00021834673 -0.00188491156 0.0182837751
v -8.68216594E-05 -0.00187889696 0.0181522239
v -0 -0.00193972047 0.0177926384
v -0.000387439708 -0.00160200335 0.0178078897
v -0 -0.00183466321 0.017554136
v -0 -0.0017241732 0.0173610914
v -0.000539518252 -0.00114427495 0.0176790897
v -0.000229089332 -0.00176909799 0.0182398818
v -0.00021834673 -0.00188491156 0.0182837751
v -0.000214482294 -0.00174578326 0.0184069946
v -0.000518450805 -0.00138701673 0.0184312426
v -0.000313859287 -0.00164824189 0.0186574403
v -0.000665429689 -0.00131124537 0.0187673233
v -0.000622594729 -0.00117304805 0.0181029048
v -0.000711285509 -0.000793934509 0.0180005152
v -0.000745158235 -0.000512205821 0.0181085151
v -0.000731834967 -0.000892270182 0.0182577781
v -0.000856796687 -0.000633276417 0.018410679
v -0.000882299733 -0.000489589467 0.0182606727
v -0 -0.000263039954 0.0179902669
v -0 -0.00146431697 0.0175533686
v -0.000539518252 -0.00114427495 0.0176790897
v -0 -0.0017241732 0.0173610914
v -0.000651480746 0.00076428405 0.0180713572
v -0 0.000383833016 0.0178700015
v -0 0.000758960552 0.0180711597
v -0.000749340863 0.000389155059 0.0178702008
v -0 -0.000345108972 0.017783016
v -0.000855038816 -0.000339357182 0.0177832153
v -0.000842255424 -0.000258363318 0.0180001501
v -0 -0.000263039954 0.0179902669
v -0 -0.000345108972 0.017783016
v -0.000855038816 -0.000339357182 0.0177832153
v -0.000855418039 -0.000385297404 0.0184211545
v -0.000742683187 -0.000888184586 0.0186204966
v -0.000857828767 -0.000719902513 0.0188878886
v -0.000855418039 -0.000607291178 0.0182625819
v -0.000695710885 -0.0010739367 0.0185389463
v -0.000723893638 -0.000607291178 0.0178820193
v -0.00025416736 -0.00144544081 0.0174153745
v -0.00053600315 -0.00148621551 0.018199157
v -0.000629948336 -0.00135936064 0.0185117628
v -0.000319929241 -0.00167649752 0.0176464319
v -3.80934616E-05 -0.00175427389 0.017179098
v -0.00064544112 0.00065464637 0.0192753319
v -0 0.000836334366 0.0192374736
v -0 0.000732709072 0.0192322005
v -0.000597857346 0.000552561891 0.0192753319
v -0.00101198512 6.66453925E-05 0.0192715339
v -0.000910305011 6.66453925E-05 0.0192715339
v -0.000946108019 -0.000218071349 0.0191165227
v -0.001043992 -0.000218071349 0.0191165227
v -0.00102629513 -0.000497445464 0.0188076627
v -0.000925595232 -0.000497445464 0.0188076627
v -0.000695185794 0.000327716989 0.0181900542
v -0.000910305011 -0.000280101463 0.0181867816
v -0.000910305011 -0.000289643096 0.0185282882
v -0.000860889675 -1.02690055E-05 0.0187360905
v -0.000925595232 -0.000497445464 0.0188076627
v -0.000946108019 -0.000218071349 0.0191165227
v -0.000779218564 0.000209701713 0.0188911036
v -0.000910305011 6.66453925E-05 0.0192715339
v -0.000597857346 0.000552561891 0.0192753319
v -0.000508213474 0.000488734222 0.0188948996
v -0.000508537982 0.000544749608 0.0182951484
v -0 0.000732709072 0.0192322005
v -0.000358925376 0.000645073014 0.0183400214
v -0 0.000697018113 0.0189176761
v -0 0.000655293174 0.0184496399
v -0.00100995915 -0.000486602337 0.0191139672
v -0.00108935579 -0.000418669486 0.0193081032
v -0.00108301744 -0.000486602337 0.0191139672
v -0.00098346523 -0.000637997524 0.0189849753
v -0.00096821133 -0.000737460854 0.019066887
v -0.00100995915 -0.000486602337 0.0191139672
v -0.00098346523 -0.000637997524 0.0189849753
v -0.00100995915 -0.000507852412 0.0193819981
v -0.00108935579 -0.000418669486 0.0193081032
v -0.00100329611 -0.000691499969 0.0194788259
v -0.000994449481 -0.000599583553 0.0195297878
v -0.000932905357 -0.000882136577 0.0191688091
v -0.000795338943 -0.00107352959 0.0192291122
v -0.000686770712 -0.00121112657 0.0194915663
v -0.000554971397 -0.00132069434 0.0192622375
v -0.000367075525 -0.00144045532 0.0196673851
v -0.000360500213 -0.00155002368 0.0192265641
v -0 -0.0014299301 0.0196795985
v -0.00100995915 -0.000507852412 0.0193819981
v -0.00109694712 -0.000507852412 0.0193819981
v -0.00108935579 -0.000418669486 0.0193081032
v -0.000994449481 -0.000599583553 0.0195297878
v -0.00107566651 -0.000686218962 0.0194788259
v -0.00106063776 -0.000728399726 0.0190850087
v -0.00105026306 -0.000886667112 0.0191778708
v -0.000959694153 -0.00107352959 0.0192291122
v -0.000888483308 -0.00121112657 0.0194915663
v -0.000856649247 -0.00132069434 0.0192622375
v -0.000590137846 -0.00144045532 0.0196673851
v -0.000564835384 -0.00166168599 0.0192265641
v -0.000249921723 -0.00180142932 0.0191966258
v -0.000290726428 -0.0015780523 0.0199145488
v -5.52825477E-05 -0.00198247633 0.0189258885
v -0.00108301744 -0.000486602337 0.0191139672
v -0.00108935579 -0.000418669486 0.0193081032
v -0.00098346523 -0.000637997524 0.0189849753
v -0.00096821133 -0.000737460854 0.019066887
v -0.00105026306 -0.000886667112 0.0191778708
v -0.000932905357 -0.000882136577 0.0191688091
v -0.000959694153 -0.00107352959 0.0192291122
v -0.000795338943 -0.00107352959 0.0192291122
v -0.000856649247 -0.00132069434 0.0192622375
v -0.000554971397 -0.00132069434 0.0192622375
v -0.000564835384 -0.00166168599 0.0192265641
v -0.000360500213 -0.00155002368 0.0192265641
v -0 -0.00187913992 0.0188517962
v -0 -0.00198286027 0.0189277343
v 5.52825477E-05 -0.00198247633 0.0189258885
v -0 -0.00198451779 0.0190106668
v -0.000214341504 -0.00187980733 0.0191947185
v -9.16357676E-05 -0.00183540978 0.019453343
v -0 -0.00188677979 0.0194103923
v -0.000127811014 -0.00162697583 0.0200180057
v -0 -0.00183783309 0.0194521546
v -0 -0.00167045079 0.0200630091
v -0 -0.00187913992 0.0188517962
v -0 -0.00157995848 0.0196030922
v -0.000360500213 -0.00155002368 0.0192265641
v -0 -0.0014299301 0.0196795985
v -0 -0.00162886584 0.0200178064
v -0.000744468241 -0.001062945 0.0189103317
v -0.000893124321 -0.000758089998 0.0189633369
v -0.000665333995 -0.000755782879 0.0189651269
v -0.00081576017 -0.00106525084 0.0189085416
v -0.000665429689 -0.00131124537 0.0187673233
v -0.000515003398 -0.00130893895 0.0187691133
v -0.000414306851 -0.0016009846 0.0187595785
v -0.000263881258 -0.00159867818 0.0187613685
v -0.00100329611 -0.000691499969 0.0194788259
v -0.00107566651 -0.000686218962 0.0194788259
v -0.000994449481 -0.000599583553 0.0195297878
v -0.000888483308 -0.00121112657 0.0194915663
v -0.000686770712 -0.00121112657 0.0194915663
v -0.000590137846 -0.00144045532 0.0196673851
v -0.000367075525 -0.00144045532 0.0196673851
v -0.000290726428 -0.0015780523 0.0199145488
v -0 -0.0014299301 0.0196795985
v -0.000127811014 -0.00162697583 0.0200180057
v -0 -0.00162886584 0.0200178064
v -0 -0.00167045079 0.0200630091
v 0.000127811014 -0.00162697583 0.0200180057
v 0.00100710941 -0.000289643096 0.0185282882
v 0.000925595232 -0.000497445464 0.0188076627
v 0.00102629513 -0.000497445464 0.0188076627
v 0.000910305011 -0.000289643096 0.0185282882
v 0.00100525597 -0.000280101463 0.0181867816
v 0.000910305011 -0.000280101463 0.0181867816
v 0.000990699977 -0.000385297404 0.0184211545
v 0.000993110007 -0.000719902513 0.0188878886
v 0.000857828767 -0.000719902513 0.0188878886
v 0.000855418039 -0.000385297404 0.0184211545
v 0.000619484927 0.000564225775 0.0182741024
v 0.000695185794 0.000327716989 0.0181900542
v 0.000777884678 0.000300669693 0.018172225
v 0.000508537982 0.000544749608 0.0182951484
v 0.000402229576 0.000753336702 0.0183729101
v 0.000358925376 0.000645073014 0.0183400214
v -0 0.000891091942 0.0184496399
v -0 0.000655293174 0.0184496399
v 0.000402229576 0.000753336702 0.0183729101
v -0 0.000785870827 0.0189176761
v -0 0.000891091942 0.0184496399
v 0.000577716855 0.000561603287 0.0188948996
v -0 0.000836334366 0.0192374736
v 0.000619484927 0.000564225775 0.0182741024
v 0.00064544112 0.00065464637 0.0192753319
v 0.000864691625 0.000274447666 0.0188258644
v 0.00101198512 6.66453925E-05 0.0192715339
v 0.000777884678 0.000300669693 0.018172225
v 0.000942387735 -1.02690055E-05 0.0187360905
v 0.001043992 -0.000218071349 0.0191165227
v 0.00102629513 -0.000497445464 0.0188076627
v 0.00100710941 -0.000289643096 0.0185282882
v 0.00100525597 -0.000280101463 0.0181867816
v 3.80934616E-05 -0.00175427389 0.017179098
v 0.000173374079 -0.00175427389 0.017179098
v 0.000438633724 -0.00144544081 0.0173957013
v 0.00025416736 -0.00144544081 0.0174153745
v 0.000723893638 -0.000607291178 0.0178820193
v 0.000901264662 -0.000607291178 0.0178399291
v 0.000990699278 -0.000607291178 0.0182625819
v 0.000855418039 -0.000607291178 0.0182625819
v 0.000855418039 -0.000385297404 0.0184211545
v 0.000990699977 -0.000385297404 0.0184211545
v 0.000765228993 -0.00135936064 0.0185117628
v 0.000629948336 -0.00135936064 0.0185117628
v 0.000695710885 -0.0010739367 0.0185389463
v 0.000830991485 -0.0010739367 0.0185389463
v 0.000742683187 -0.000888184586 0.0186204966
v 0.000877963786 -0.000888184586 0.0186204966
v 0.000857828767 -0.000719902513 0.0188878886
v 0.000993110007 -0.000719902513 0.0188878886
v 0.000353541021 -0.00151766313 0.0188385863
v 0.000263881258 -0.00159867818 0.0187613685
v 0.000414306851 -0.0016009846 0.0187595785
v 0.000503967283 -0.00151997013 0.0188367963
v 0.000554174418 -0.00125853717 0.0189452842
v 0.000771410065 -0.00126084429 0.0189434923
v 0.000665333995 -0.000755782879 0.0189651269
v 0.000893124321 -0.000758089998 0.0189633369
v 0.000629948336 -0.00135936064 0.0185117628
v 0.000765228993 -0.00135936064 0.0185117628
v 0.000671283749 -0.00148621551 0.018199157
v 0.00053600315 -0.00148621551 0.018199157
v 0.000455209869 -0.00167649752 0.0176464319
v 0.000319929241 -0.00167649752 0.0176464319
v 0.000173374079 -0.00175427389 0.017179098
v 3.80934616E-05 -0.00175427389 0.017179098
v -0 0.000758960552 0.0180711597
v 0.000651480746 0.00076428405 0.0180713572
v 0.000449238229 0.00069561071 0.0181909632
v -0 0.000693719951 0.0181907639
v 0.000370707538 0.000638498052 0.0183315407
v 0.000958820165 -0.00027803416 0.0184620228
v 0.000749340863 0.000389155059 0.0178702008
v 0.000322867883 0.000634737196 0.0184847061
v -0 0.000650226837 0.0184299778
v 0.000842255424 -0.000258363318 0.0180001501
v 0.000884108827 -0.000489189697 0.0184620228
v 0.000855038816 -0.000339357182 0.0177832153
v 0.000371424103 0.000640222104 0.0191158615
v -0 0.000713164336 0.0191156641
v -0 0.000723234902 0.0192887485
v 0.00037637967 0.000646092813 0.0192903951
v -0 0.000556636252 0.0197816491
v 0.000684356026 0.000417347735 0.0191158615
v 0.000315226003 0.00049560942 0.0197818484
v -0 0.000267412368 0.0200264286
v 0.000691037625 0.000421034871 0.0192889459
v 0.000893450808 8.37919724E-05 0.0191158615
v 0.000211388891 0.000228401957 0.0200266261
v -0 -0.000196019013 0.0202386342
v 0.000580518215 0.000306664995 0.0197818484
v 0.000640843704 0.000180282761 0.0184733644
v 0.000799832225 -4.88760415E-05 0.0184676945
v 0.0009021812 8.42110239E-05 0.0192889459
v 0.000757779693 2.388951E-05 0.0197818484
v 0.000388650398 0.000102153201 0.0200266261
v 0.000948341913 -0.000109082663 0.0191158615
v 0.000507093908 -8.67912458E-05 0.0200266261
v 0.000967971573 -0.000319878891 0.0191061664
v 0.000983106554 -0.000313098339 0.0192889459
v 0.000548684911 -0.000309666939 0.0200266261
v -0 -0.00089012651 0.020148363
v 0.000684355386 -0.000165054938 0.0199162923
v 0.000691449328 -0.00051385531 0.0199162923
v 0.00082002714 -0.000313099677 0.0197818484
v 0.000910910778 -0.000313957076 0.0196284652
v 0.00098419108 -0.000528545352 0.0192889478
v 0.000909328286 -0.000528117002 0.0196284652
v 0.000987601234 -0.000523808936 0.0190964714
v 0.000893124321 -0.000758089998 0.0189633369
v 0.000966831285 -0.000766522135 0.0192916095
v 0.000803669449 -0.000772207568 0.0197818484
v 0.000893622753 -0.00102158042 0.0192247033
v 0.000632420823 -0.00132417097 0.0195900369
v 0.000644782558 -0.000883938977 0.0199162923
v 0.00081576017 -0.00106525084 0.0189085416
v 0.000771410065 -0.00126084429 0.0189434923
v 0.000494032924 -0.00112442009 0.0199162923
v 0.000268421078 -0.0012851035 0.0199162923
v -0 -0.00134728116 0.0199160948
v -0 -0.00149835425 0.019781651
v 0.000290986791 -0.00157904846 0.019599909
v -0 -0.00164203777 0.0195863768
v 0.000289830554 -0.00165241642 0.0193630531
v -0 -0.00175398425 0.0193547606
v 0.000344266096 -0.00167911942 0.0190509539
v -0 -0.00184577063 0.0191477984
v -0 -0.00193479878 0.0188744869
v 0.000696580217 -0.00131364015 0.0193621814
v 0.000734278234 -0.00134454714 0.0191603061
v 0.00058043946 -0.00157979631 0.0191138107
v 0.00064010208 -0.00140994391 0.018915901
v 0.000503967283 -0.00151997013 0.0188367963
v 0.000530615856 -0.00155904365 0.0188883077
v 0.000414306851 -0.0016009846 0.0187595785
v 0.00017500644 -0.0018625278 0.0187225454
v -0 -0.00203671842 0.0182469524
v 0.000319882063 -0.00169993262 0.0188054275
v 6.11213763E-05 -0.00196628529 0.0182404034
v 0.000217145367 -0.00186947768 0.0185403153
v 0.000314393226 -0.00169660011 0.018675983
v 8.96314959E-05 -0.00196078653 0.0182091743
v -0 -0.00209066854 0.0181233324
v -0 -0.001988695 0.0180835463
v 0.000215016247 -0.00185202505 0.0184255373
v 0.00021834673 -0.00188491156 0.0182837751
v 8.68216594E-05 -0.00187889696 0.0181522239
v -0 -0.00193972047 0.0177926384
v 0.000387439708 -0.00160200335 0.0178078897
v -0 -0.00183466321 0.017554136
v -0 -0.0017241732 0.0173610914
v 0.000539518252 -0.00114427495 0.0176790897
v 0.000229089332 -0.00176909799 0.0182398818
v 0.00021834673 -0.00188491156 0.0182837751
v 0.000214482294 -0.00174578326 0.0184069946
v 0.000518450805 -0.00138701673 0.0184312426
v 0.000313859287 -0.00164824189 0.0186574403
v 0.000665429689 -0.00131124537 0.0187673233
v 0.000622594729 -0.00117304805 0.0181029048
v 0.000711285509 -0.000793934509 0.0180005152
v 0.000745158235 -0.000512205821 0.0181085151
v 0.000731834967 -0.000892270182 0.0182577781
v 0.000856796687 -0.000633276417 0.018410679
v 0.000882299733 -0.000489589467 0.0182606727
v -0 -0.000263039954 0.0179902669
v -0 -0.00146431697 0.0175533686
v 0.000539518252 -0.00114427495 0.0176790897
v -0 -0.0017241732 0.0173610914
v 0.000651480746 0.00076428405 0.0180713572
v -0 0.000758960552 0.0180711597
v -0 0.000383833016 0.0178700015
v 0.000749340863 0.000389155059 0.0178702008
v -0 -0.000345108972 0.017783016
v 0.000855038816 -0.000339357182 0.0177832153
v 0.000842255424 -0.000258363318 0.0180001501
v 0.000855038816 -0.000339357182 0.0177832153
v -0 -0.000345108972 0.017783016
v -0 -0.000263039954 0.0179902669
v 0.000855418039 -0.000385297404 0.0184211545
v 0.000857828767 -0.000719902513 0.0188878886
v 0.000742683187 -0.000888184586 0.0186204966
v 0.000855418039 -0.000607291178 0.0182625819
v 0.000695710885 -0.0010739367 0.0185389463
v 0.000723893638 -0.000607291178 0.0178820193
v 0.00025416736 -0.00144544081 0.0174153745
v 0.00053600315 -0.00148621551 0.018199157
v 0.000629948336 -0.00135936064 0.0185117628
v 0.000319929241 -0.00167649752 0.0176464319
v 3.80934616E-05 -0.00175427389 0.017179098
v 0.00064544112 0.00065464637 0.0192753319
v -0 0.000732709072 0.0192322005
v -0 0.000836334366 0.0192374736
v 0.000597857346 0.000552561891 0.0192753319
v 0.00101198512 6.66453925E-05 0.0192715339
v 0.000910305011 6.66453925E-05 0.0192715339
v 0.000946108019 -0.000218071349 0.0191165227
v 0.001043992 -0.000218071349 0.0191165227
v 0.00102629513 -0.000497445464 0.0188076627
v 0.000925595232 -0.000497445464 0.0188076627
v 0.000695185794 0.000327716989 0.0181900542
v 0.000910305011 -0.000289643096 0.0185282882
v 0.000910305011 -0.000280101463 0.0181867816
v 0.000860889675 -1.02690055E-05 0.0187360905
v 0.000925595232 -0.000497445464 0.0188076627
v 0.000946108019 -0.000218071349 0.0191165227
v 0.000779218564 0.000209701713 0.0188911036
v 0.000910305011 6.66453925E-05 0.0192715339
v 0.000597857346 0.000552561891 0.0192753319
v 0.000508213474 0.000488734222 0.0188948996
v 0.000508537982 0.000544749608 0.0182951484
v -0 0.000732709072 0.0192322005
v 0.000358925376 0.000645073014 0.0183400214
v -0 0.000697018113 0.0189176761
v -0 0.000655293174 0.0184496399
v -0 -0.0014299301 0.0196795985
v -0 -0.00157995848 0.0196030922
v 0.000360500213 -0.00155002368 0.0192265641
v -0 -0.00187913992 0.0188517962
v 0.00100995915 -0.000486602337 0.0191139672
v 0.00108301744 -0.000486602337 0.0191139672
v 0.00108935579 -0.000418669486 0.0193081032
v 0.00098346523 -0.000637997524 0.0189849753
v 0.00096821133 -0.000737460854 0.019066887
v 0.00098346523 -0.000637997524 0.0189849753
v 0.00100995915 -0.000486602337 0.0191139672
v 0.00100995915 -0.000507852412 0.0193819981
v 0.00108935579 -0.000418669486 0.0193081032
v 0.00100329611 -0.000691499969 0.0194788259
v 0.000994449481 -0.000599583553 0.0195297878
v 0.000932905357 -0.000882136577 0.0191688091
v 0.000795338943 -0.00107352959 0.0192291122
v 0.000686770712 -0.00121112657 0.0194915663
v 0.000554971397 -0.00132069434 0.0192622375
v 0.000367075525 -0.00144045532 0.0196673851
v 0.000360500213 -0.00155002368 0.0192265641
v -0 -0.0014299301 0.0196795985
v 0.00100995915 -0.000507852412 0.0193819981
v 0.00108935579 -0.000418669486 0.0193081032
v 0.00109694712 -0.000507852412 0.0193819981
v 0.000994449481 -0.000599583553 0.0195297878
v 0.00107566651 -0.000686218962 0.0194788259
v 0.00106063776 -0.000728399726 0.0190850087
v 0.00105026306 -0.000886667112 0.0191778708
v 0.000959694153 -0.00107352959 0.0192291122
v 0.000888483308 -0.00121112657 0.0194915663
v 0.000856649247 -0.00132069434 0.0192622375
v 0.000590137846 -0.00144045532 0.0196673851
v 0.000564835384 -0.00166168599 0.0192265641
v 0.000249921723 -0.00180142932 0.0191966258
v 5.52825477E-05 -0.00198247633 0.0189258885
v 0.000290726428 -0.0015780523 0.0199145488
v 0.00108301744 -0.000486602337 0.0191139672
v 0.00108935579 -0.000418669486 0.0193081032
v 0.00098346523 -0.000637997524 0.0189849753
v 0.00096821133 -0.000737460854 0.019066887
v 0.00105026306 -0.000886667112 0.0191778708
v 0.000932905357 -0.000882136577 0.0191688091
v 0.000959694153 -0.00107352959 0.0192291122
v 0.000795338943 -0.00107352959 0.0192291122
v 0.000856649247 -0.00132069434 0.0192622375
v 0.000554971397 -0.00132069434 0.0192622375
v 0.000564835384 -0.00166168599 0.0192265641
v 0.000360500213 -0.00155002368 0.0192265641
v -0 -0.00187913992 0.0188517962
v 5.52825477E-05 -0.00198247633 0.0189258885
v 0.000744468241 -0.001062945 0.0189103317
v 0.000665333995 -0.000755782879 0.0189651269
v 0.000893124321 -0.000758089998 0.0189633369
v 0.00081576017 -0.00106525084 0.0189085416
v 0.000665429689 -0.00131124537 0.0187673233
v 0.000515003398 -0.00130893895 0.0187691133
v 0.000414306851 -0.0016009846 0.0187595785
v 0.000263881258 -0.00159867818 0.0187613685
v 0.00100329611 -0.000691499969 0.0194788259
v 0.000994449481 -0.000599583553 0.0195297878
v 0.00107566651 -0.000686218962 0.0194788259
v 0.000888483308 -0.00121112657 0.0194915663
v 0.000686770712 -0.00121112657 0.0194915663
v 0.000590137846 -0.00144045532 0.0196673851
v 0.000367075525 -0.00144045532 0.0196673851
v 0.000290726428 -0.0015780523 0.0199145488
v -0 -0.0014299301 0.0196795985
v 0.000127811014 -0.00162697583 0.0200180057
v -0 -0.00162886584 0.0200178064
v -0 -0.00198451779 0.0190106668
v 0.000214341504 -0.00187980733 0.0191947185
v 9.16357676E-05 -0.00183540978 0.019453343
v -0 -0.00188677979 0.0194103923
v 0.000127811014 -0.00162697583 0.0200180057
v -0 -0.00183783309 0.0194521546
v -0 -0.00167045079 0.0200630091
v 0.000990699977 -0.000385297404 0.0184211545
v 0.000960307778 -0.000711866131 0.0187540017
v 0.000993110007 -0.000719902513 0.0188878886
v 0.000877963786 -0.000888184586 0.0186204966
v 0.000997219468 -0.000503801333 0.0184601024
v 0.000990699278 -0.000607291178 0.0182625819
v 0.000877567334 -0.000835194136 0.0185583346
v 0.000979780103 -0.000681746867 0.0183063019
v 0.000818093948 -0.00105132116 0.0184640363
v 0.000830991485 -0.0010739367 0.0185389463
v 0.000891419942 -0.000681661884 0.017887637
v 0.000901264662 -0.000607291178 0.0178399291
v 0.000438633724 -0.00144544081 0.0173957013
v 0.00076257583 -0.0013048281 0.0184392575
v 0.000765228993 -0.00135936064 0.0185117628
v 0.000671283749 -0.00148621551 0.018199157
v 0.00068441045 -0.00141547027 0.0181680806
v 0.000442638324 -0.00148903416 0.0174608231
v 0.000470435829 -0.00160376402 0.0176210571
v 0.000455209869 -0.00167649752 0.0176464319
v 0.00030424766 -0.00162017928 0.0173889101
v 0.000173374079 -0.00175427389 0.017179098
v -0.000990699977 -0.000385297404 0.0184211545
v -0.000993110007 -0.000719902513 0.0188878886
v -0.000960307778 -0.000711866131 0.0187540017
v -0.000877963786 -0.000888184586 0.0186204966
v -0.000997219468 -0.000503801333 0.0184601024
v -0.000990699278 -0.000607291178 0.0182625819
v -0.000877567334 -0.000835194136 0.0185583346
v -0.000979780103 -0.000681746867 0.0183063019
v -0.000818093948 -0.00105132116 0.0184640363
v -0.000830991485 -0.0010739367 0.0185389463
v -0.000891419942 -0.000681661884 0.017887637
v -0.000901264662 -0.000607291178 0.0178399291
v -0.000438633724 -0.00144544081 0.0173957013
v -0.00076257583 -0.0013048281 0.0184392575
v -0.000765228993 -0.00135936064 0.0185117628
v -0.000671283749 -0.00148621551 0.018199157
v -0.00068441045 -0.00141547027 0.0181680806
v -0.000442638324 -0.00148903416 0.0174608231
v -0.000470435829 -0.00160376402 0.0176210571
v -0.000455209869 -0.00167649752 0.0176464319
v -0.00030424766 -0.00162017928 0.0173889101
v -0.000173374079 -0.00175427389 0.017179098
v -0.000214341504 -0.00206551561 0.019210536
v -0 -0.00198451779 0.0190106668
v -0.000214341504 -0.00187980733 0.0191947185
v -0 -0.00220186007 0.019073939
v -0 -0.00260289176 0.0195216108
v -0.000214341504 -0.00206551561 0.019210536
v -0.000214341504 -0.00187980733 0.0191947185
v -0 -0.00188677979 0.0194103923
v -0 -0.00210506259 0.0194072295
v -0 -0.00260289176 0.0195216108
v 0.000214341504 -0.00206551561 0.019210536
v 0.000214341504 -0.00187980733 0.0191947185
v -0 -0.00198451779 0.0190106668
v -0 -0.00220186007 0.019073939
v -0 -0.00260289176 0.0195216108
v 0.000214341504 -0.00206551561 0.019210536
v -0 -0.00188677979 0.0194103923
v 0.000214341504 -0.00187980733 0.0191947185
v -0 -0.00210506259 0.0194072295
v -0 -0.00260289176 0.0195216108
v 0.00104317942 0.00109006232 0.0210389663
v 0.000994836795 0.00108029193 0.0210477989
v 0.000944751315 0.001082359 0.0209821388
v 0.000997953117 0.00109864422 0.0209911764
v 0.00112829788 0.000404814287 0.020866666
v 0.000994836795 0.00108029193 0.0210477989
v 0.00104317942 0.00109006232 0.0210389663
v 0.0012430388 0.000445850979 0.0208705608
v 0.00112908497 -8.54858154E-05 0.0204484127
v 0.00128716871 -6.20033752E-05 0.0204633661
v 0.00116191513 -0.000423704623 0.0200021882
v 0.00132103078 -0.000406030071 0.0200138465
v 0.00117822923 -0.000778653892 0.0194507111
v 0.00137137936 -0.000681555015 0.0194778647
v 0.00094166724 -0.000726872415 0.0192395747
v 0.00104678958 -0.000307396956 0.0197941791
v 0.00112908497 -8.54858154E-05 0.0204484127
v 0.00102323142 -1.99260558E-05 0.0202148519
v 0.00112829788 0.000404814287 0.020866666
v 0.00103572651 0.000417828909 0.0206886902
v 0.000994836795 0.00108029193 0.0210477989
v 0.000944751315 0.001082359 0.0209821388
v 0.0012610961 -0.000617258367 0.0193079002
v 0.00104678958 -0.000307396956 0.0197941791
v 0.00094166724 -0.000726872415 0.0192395747
v 0.00121121493 -0.00029698998 0.0198681299
v 0.00137137936 -0.000681555015 0.0194778647
v 0.00102323142 -1.99260558E-05 0.0202148519
v 0.00132103078 -0.000406030071 0.0200138465
v 0.0011835472 1.01379765E-05 0.0202923715
v 0.00103572651 0.000417828909 0.0206886902
v 0.00128716871 -6.20033752E-05 0.0204633661
v 0.00115230947 0.000469584862 0.0207391344
v 0.000944751315 0.001082359 0.0209821388
v 0.0012430388 0.000445850979 0.0208705608
v 0.000997953117 0.00109864422 0.0209911764
v 0.00104317942 0.00109006232 0.0210389663
v 0.0038648867 0.000656031421 0.0212357175
v 0.00372422859 0.000257313368 0.0215228274
v 0.0039342707 0.00055505347 0.0211751722
v 0.00367054995 0.000305619993 0.0215720106
v 0.00361696584 3.41005471E-05 0.0219458733
v 0.00372422859 0.000257313368 0.0215228274
v 0.00361696584 3.41005471E-05 0.0219458733
v 0.00378012471 0.000260127941 0.0216160938
v 0.0039342707 0.00055505347 0.0211751722
v 0.00396226626 0.00050250662 0.021355724
v 0.00378012471 0.000260127941 0.0216160938
v 0.00361696584 3.41005471E-05 0.0219458733
v 0.00373490737 0.00030346532 0.0216689575
v 0.00396226626 0.00050250662 0.021355724
v 0.00389621733 0.000587321061 0.0214151051
v 0.00389621733 0.000587321061 0.0214151051
v 0.00367054995 0.000305619993 0.0215720106
v 0.0038648867 0.000656031421 0.0212357175
v 0.00373490737 0.00030346532 0.0216689575
v 0.00361696584 3.41005471E-05 0.0219458733
v 0.00188969926 0.000191449872 0.0203541685
v 0.00184201472 0.000193873449 0.0206580944
v 0.00191404892 0.000140592208 0.0203664228
v 0.00216866564 5.88551957E-05 0.0197827816
v 0.00219513243 -3.06072361E-05 0.0198165383
v 0.00241938233 -0.000148296647 0.0194870401
v 0.00260029291 -0.000224606687 0.0194719862
v 0.00243477407 0.000139240423 0.019940393
v 0.00286476733 -2.51230413E-05 0.0196448006
v 0.00204599672 0.000227362325 0.0204281677
v 0.00191404892 0.000140592208 0.0203664228
v 0.00184201472 0.000193873449 0.0206580944
v 0.00204599672 0.000227362325 0.0204281677
v 0.00184201472 0.000193873449 0.0206580944
v 0.0020015887 0.000265072566 0.0204088017
v 0.00243477407 0.000139240423 0.019940393
v 0.00237660855 0.000207237987 0.0198899247
v 0.00286476733 -2.51230413E-05 0.0196448006
v 0.0027132486 6.90404122E-05 0.0196428392
v 0.0026071847 4.62904973E-05 0.019541122
v 0.00216866564 5.88551957E-05 0.0197827816
v 0.00241938233 -0.000148296647 0.0194870401
v 0.00188969926 0.000191449872 0.0203541685
v 0.0020015887 0.000265072566 0.0204088017
v 0.00184201472 0.000193873449 0.0206580944
v 0.00327506824 0.00193384581 0.0214848556
v 0.00313893077 0.00199799263 0.0219879411
v 0.00323809031 0.00190246769 0.0215600096
v 0.00348039204 0.00131755881 0.0205994342
v 0.00344552379 0.00125639734 0.0206982493
v 0.00359516428 0.000693153066 0.0202207528
v 0.00352953654 0.000660137448 0.0203381218
v 0.00323809031 0.00190246769 0.0215600096
v 0.00313893077 0.00199799263 0.0219879411
v 0.00335735013 0.00185344054 0.0216147471
v 0.00344552379 0.00125639734 0.0206982493
v 0.00359181641 0.00119705731 0.0208052304
v 0.00352953654 0.000660137448 0.0203381218
v 0.00368920621 0.000743445125 0.0206307359
v 0.00335735013 0.00185344054 0.0216147471
v 0.00313893077 0.00199799263 0.0219879411
v 0.00340299238 0.00188059162 0.0215446129
v 0.00359181641 0.00119705731 0.0208052304
v 0.00362794101 0.00128111895 0.0207095072
v 0.00368920621 0.000743445125 0.0206307359
v 0.00375961885 0.000799085479 0.020518925
v 0.00375961885 0.000799085479 0.020518925
v 0.00348039204 0.00131755881 0.0205994342
v 0.00359516428 0.000693153066 0.0202207528
v 0.00362794101 0.00128111895 0.0207095072
v 0.00327506824 0.00193384581 0.0214848556
v 0.00340299238 0.00188059162 0.0215446129
v 0.00313893077 0.00199799263 0.0219879411
v 0.00256407913 -0.00141761743 0.0195835512
v 0.0025678575 -0.00153009431 0.019782465
v 0.00248492486 -0.00145927398 0.0195664782
v 0.00259268074 -0.00129413872 0.0193480942
v 0.00248875865 -0.00135829474 0.0193285011
v 0.00264893472 -0.00115786749 0.0191831179
v 0.00248515583 -0.00127438991 0.0191290677
v 0.00248492486 -0.00145927398 0.0195664782
v 0.0025678575 -0.00153009431 0.019782465
v 0.00253473641 -0.00153130561 0.0195476618
v 0.00248875865 -0.00135829474 0.0193285011
v 0.00254428387 -0.00144219247 0.0193104912
v 0.00248515583 -0.00127438991 0.0191290677
v 0.00257288758 -0.00142813951 0.0191583037
v 0.00281571923 -0.00168135075 0.0191383697
v 0.00281654531 -0.00174931134 0.01924951
v 0.00253600418 -0.00120099506 0.0190091003
v 0.0032305324 -0.00209947443 0.0193088558
v 0.00324167009 -0.00216664281 0.019393608
v 0.00351496576 -0.00234230375 0.0195618533
v 0.00348932319 -0.00232308055 0.0196140427
v 0.00362368743 -0.00232535973 0.0197550189
v 0.00201742304 -0.000696104544 0.0193420127
v 0.00199067756 -0.000635825098 0.0191910081
v 0.00355731067 -0.00227195234 0.01957752
v 0.00362368743 -0.00232535973 0.0197550189
v 0.00330644846 -0.00204990292 0.019363394
v 0.00281571923 -0.00168135075 0.0191383697
v 0.00293837953 -0.00164926262 0.0191932824
v 0.00253600418 -0.00120099506 0.0190091003
v 0.00272064074 -0.00106825086 0.0190850124
v 0.00199067756 -0.000635825098 0.0191910081
v 0.00237774407 -0.000458438735 0.0191991627
v 0.00253473641 -0.00153130561 0.0195476618
v 0.0025678575 -0.00153009431 0.019782465
v 0.00260038231 -0.0014842489 0.0195684545
v 0.00254428387 -0.00144219247 0.0193104912
v 0.00262722676 -0.00137255155 0.0193365905
v 0.00257288758 -0.00142813951 0.0191583037
v 0.00270079612 -0.00130372494 0.0192152988
v 0.00270079612 -0.00130372494 0.0192152988
v 0.00259268074 -0.00129413872 0.0193480942
v 0.00264893472 -0.00115786749 0.0191831179
v 0.00262722676 -0.00137255155 0.0193365905
v 0.00256407913 -0.00141761743 0.0195835512
v 0.00260038231 -0.0014842489 0.0195684545
v 0.0025678575 -0.00153009431 0.019782465
v 0.00270079612 -0.00130372494 0.0192152988
v 0.00281654531 -0.00174931134 0.01924951
v 0.00257288758 -0.00142813951 0.0191583037
v 0.00293817814 -0.00174869143 0.0192731787
v 0.00324167009 -0.00216664281 0.019393608
v 0.00330068287 -0.00212023524 0.0194381252
v 0.00348932319 -0.00232308055 0.0196140427
v 0.0035277931 -0.00226113945 0.0196256656
v 0.00362368743 -0.00232535973 0.0197550189
v 0.0023574899 -0.00052379875 0.0193281025
v 0.00264893472 -0.00115786749 0.0191831179
v 0.00248515583 -0.00127438991 0.0191290677
v 0.00201742304 -0.000696104544 0.0193420127
v 0.00237774407 -0.000458438735 0.0191991627
v 0.00264893472 -0.00115786749 0.0191831179
v 0.0023574899 -0.00052379875 0.0193281025
v 0.00272064074 -0.00106825086 0.0190850124
v 0.00293837953 -0.00164926262 0.0191932824
v 0.00270079612 -0.00130372494 0.0192152988
v 0.00293817814 -0.00174869143 0.0192731787
v 0.00330068287 -0.00212023524 0.0194381252
v 0.00330644846 -0.00204990292 0.019363394
v 0.0035277931 -0.00226113945 0.0196256656
v 0.00355731067 -0.00227195234 0.01957752
v 0.00362368743 -0.00232535973 0.0197550189
v 0.00170326023 -0.00146438612 0.020144403
v 0.0016725515 -0.00156212517 0.020174291
v 0.00170590647 -0.00148240104 0.0201066174
v 0.00180718245 -0.00132867275 0.0200964659
v 0.00181779161 -0.00136762217 0.0200335048
v 0.00192028622 -0.00119126926 0.0200789329
v 0.00194675871 -0.00128111558 0.0199942831
v 0.00170590647 -0.00148240104 0.0201066174
v 0.0016725515 -0.00156212517 0.020174291
v 0.00173500425 -0.0015166814 0.0201253239
v 0.00181779161 -0.00136762217 0.0200335048
v 0.00186707417 -0.00142527896 0.0200654026
v 0.00194675871 -0.00128111558 0.0199942831
v 0.00196815748 -0.00138612103 0.0200479981
v 0.00206011371 -0.00126163918 0.0200427268
v 0.001804122 -0.00116385531 0.0197561979
v 0.00210254779 -0.00157098961 0.0202934388
v 0.00194099767 -0.001135536 0.0197811499
v 0.00202711066 -0.00161874841 0.0202833656
v 0.0019513712 -0.00192891434 0.0205718782
v 0.00161688006 -0.00107145985 0.0195372831
v 0.00177580572 -0.00103484653 0.0195402186
v 0.00122997398 -0.000962092658 0.019290505
v 0.00143134501 -0.000932512048 0.0193065088
v 0.00173500425 -0.0015166814 0.0201253239
v 0.0016725515 -0.00156212517 0.020174291
v 0.00172552955 -0.00149246282 0.0201599877
v 0.00186707417 -0.00142527896 0.0200654026
v 0.00185152213 -0.00138389715 0.0201247074
v 0.00196815748 -0.00138612103 0.0200479981
v 0.00194537919 -0.00131960271 0.0201320145
v 0.00208516768 -0.00149783562 0.0203553438
v 0.0019513712 -0.00192891434 0.0205718782
v 0.00200106599 -0.00154525286 0.0203460716
v 0.00194537919 -0.00131960271 0.0201320145
v 0.00202540448 -0.00117267191 0.0201262198
v 0.00192028622 -0.00119126926 0.0200789329
v 0.00180718245 -0.00132867275 0.0200964659
v 0.00185152213 -0.00138389715 0.0201247074
v 0.00170326023 -0.00146438612 0.020144403
v 0.00172552955 -0.00149246282 0.0201599877
v 0.0016725515 -0.00156212517 0.020174291
v 0.00200106599 -0.00154525286 0.0203460716
v 0.0019513712 -0.00192891434 0.0205718782
v 0.00202711066 -0.00161874841 0.0202833656
v 0.00194537919 -0.00131960271 0.0201320145
v 0.00196815748 -0.00138612103 0.0200479981
v 0.00143134501 -0.000932512048 0.0193065088
v 0.00173930184 -0.000861353648 0.0196668245
v 0.00137137936 -0.000681555015 0.0194778647
v 0.00177580572 -0.00103484653 0.0195402186
v 0.00190536038 -0.00100294373 0.0198868979
v 0.00194099767 -0.001135536 0.0197811499
v 0.00202540448 -0.00117267191 0.0201262198
v 0.00206011371 -0.00126163918 0.0200427268
v 0.00208516768 -0.00149783562 0.0203553438
v 0.00210254779 -0.00157098961 0.0202934388
v 0.0019513712 -0.00192891434 0.0205718782
v 0.00179095264 -0.00104144111 0.0198555943
v 0.00192028622 -0.00119126926 0.0200789329
v 0.00194675871 -0.00128111558 0.0199942831
v 0.001804122 -0.00116385531 0.0197561979
v 0.00161619252 -0.000918516889 0.0196505189
v 0.00161688006 -0.00107145985 0.0195372831
v 0.00117822923 -0.000778653892 0.0194507111
v 0.00122997398 -0.000962092658 0.019290505
v 0.00137137936 -0.000681555015 0.0194778647
v 0.00173930184 -0.000861353648 0.0196668245
v 0.00179095264 -0.00104144111 0.0198555943
v 0.00190536038 -0.00100294373 0.0198868979
v 0.00192028622 -0.00119126926 0.0200789329
v 0.00202540448 -0.00117267191 0.0201262198
v 0.00400122255 0.000693864364 0.0213066377
v 0.00419363985 0.00076940906 0.0213693157
v 0.00418350287 0.000701249402 0.0214952342
v 0.00432853214 0.000751698157 0.0215087775
v 0.00400122255 0.000693864364 0.0213066377
v 0.00418350287 0.000701249402 0.0214952342
v 0.00401107175 0.000616344973 0.0214786902
v 0.00418350287 0.000701249402 0.0214952342
v 0.00432853214 0.000751698157 0.0215087775
v 0.00423720712 0.000629736925 0.0214467179
v 0.00401107175 0.000616344973 0.0214786902
v 0.00408567442 0.000517810113 0.0214064736
v 0.00423720712 0.000629736925 0.0214467179
v 0.00432853214 0.000751698157 0.0215087775
v 0.00424889056 0.000696390576 0.0213226583
v 0.00408567442 0.000517810113 0.0214064736
v 0.00407910626 0.000590948563 0.021232998
v 0.00407910626 0.000590948563 0.021232998
v 0.00424889056 0.000696390576 0.0213226583
v 0.00419363985 0.00076940906 0.0213693157
v 0.00432853214 0.000751698157 0.0215087775
v 0.00407910626 0.000590948563 0.021232998
v 0.00419363985 0.00076940906 0.0213693157
v 0.00400122255 0.000693864364 0.0213066377
v 0.0032076973 -0.00106267573 0.0204326939
v 0.00309510948 -0.00131855288 0.0206526797
v 0.00331492606 -0.00106227107 0.0204063468
v 0.00340225152 -0.000569273427 0.0200589746
v 0.00351413479 -0.000581494765 0.0200425498
v 0.00348966662 -0.000147309518 0.0197671931
v 0.0033418911 -0.00012917124 0.0197878182
v 0.00344452541 -6.36812401E-05 0.0197062735
v 0.00356890424 -0.000125851278 0.0196888186
v 0.00357213244 -0.000201532457 0.0197413322
v 0.00363993272 -0.000300133455 0.0196850933
v 0.00363580347 -0.000332395663 0.0197265837
v 0.00368027319 -0.000455485162 0.0197543148
v 0.00331492606 -0.00106227107 0.0204063468
v 0.00309510948 -0.00131855288 0.0206526797
v 0.00340451463 -0.000943781866 0.0205048602
v 0.00351413479 -0.000581494765 0.0200425498
v 0.003634647 -0.000438847055 0.0201598667
v 0.00348966662 -0.000147309518 0.0197671931
v 0.00362164783 3.86399779E-06 0.0198714547
v 0.00362164783 3.86399779E-06 0.0198714547
v 0.00357213244 -0.000201532457 0.0197413322
v 0.00348966662 -0.000147309518 0.0197671931
v 0.00367268384 -9.10314047E-05 0.0198290367
v 0.00363580347 -0.000332395663 0.0197265837
v 0.00369658647 -0.00026517114 0.0197744574
v 0.00368027319 -0.000455485162 0.0197543148
v 0.00340451463 -0.000943781866 0.0205048602
v 0.00309510948 -0.00131855288 0.0206526797
v 0.00330533972 -0.000938173092 0.020536961
v 0.003634647 -0.000438847055 0.0201598667
v 0.00353882555 -0.000415825984 0.0201806091
v 0.00362164783 3.86399779E-06 0.0198714547
v 0.00349348783 5.01195937E-05 0.0198831558
v 0.00357330195 9.86019877E-05 0.0198018402
v 0.00328899617 0.000270631746 0.019681057
v 0.00312766479 0.000171288018 0.0197697412
v 0.00367268384 -9.10314047E-05 0.0198290367
v 0.00366745167 -7.87336467E-06 0.0197701901
v 0.00369658647 -0.00026517114 0.0197744574
v 0.00370060187 -0.000229729616 0.0197279789
v 0.00368027319 -0.000455485162 0.0197543148
v 0.00363993272 -0.000300133455 0.0196850933
v 0.00356890424 -0.000125851278 0.0196888186
v 0.00366745167 -7.87336467E-06 0.0197701901
v 0.00344452541 -6.36812401E-05 0.0197062735
v 0.00357330195 9.86019877E-05 0.0198018402
v 0.0033418911 -0.00012917124 0.0197878182
v 0.00286476733 -2.51230413E-05 0.0196448006
v 0.00340225152 -0.000569273427 0.0200589746
v 0.00353882555 -0.000415825984 0.0201806091
v 0.0032076973 -0.00106267573 0.0204326939
v 0.00330533972 -0.000938173092 0.020536961
v 0.00309510948 -0.00131855288 0.0206526797
v 0.00304073328 8.36220715E-05 0.0195577741
v 0.00328899617 0.000270631746 0.019681057
v 0.00286476733 -2.51230413E-05 0.0196448006
v 0.0033418911 -0.00012917124 0.0197878182
v 0.00408567442 0.000517810113 0.0214064736
v 0.00400230754 0.000389353896 0.022088984
v 0.00401107175 0.000616344973 0.0214786902
v 0.00406228425 0.000313776953 0.0220095776
v 0.00384868914 0.000118589029 0.0225055926
v 0.00392124243 6.38981437E-05 0.0224455073
v 0.00350266043 -0.000147565384 0.0225842465
v 0.00395628205 0.000228273522 0.0221017022
v 0.00392124243 6.38981437E-05 0.0224455073
v 0.00406228425 0.000313776953 0.0220095776
v 0.0039568455 0.000445885205 0.0215228554
v 0.00408567442 0.000517810113 0.0214064736
v 0.00396226626 0.00050250662 0.021355724
v 0.00407910626 0.000590948563 0.021232998
v 0.0039342707 0.00055505347 0.0211751722
v 0.00403537741 0.000639299222 0.0210500192
v 0.00379738491 0.000590941287 0.0206808541
v 0.00386577845 0.000652981398 0.0205622129
v 0.00361715187 0.00051812944 0.0202566292
v 0.003677184 0.000559035456 0.0201431792
v 0.00312766479 0.000171288018 0.0197697412
v 0.00328899617 0.000270631746 0.019681057
v 0.00384422531 2.17731849E-05 0.0224059597
v 0.00350266043 -0.000147565384 0.0225842465
v 0.00392124243 6.38981437E-05 0.0224455073
v 0.00395628205 0.000228273522 0.0221017022
v 0.00376218976 8.89637231E-05 0.0224427935
v 0.00350266043 -0.000147565384 0.0225842465
v 0.00384422531 2.17731849E-05 0.0224059597
v 0.00389397959 0.000294987229 0.0221669525
v 0.00395628205 0.000228273522 0.0221017022
v 0.00389577914 0.000538163935 0.0215542745
v 0.0039568455 0.000445885205 0.0215228554
v 0.00389621733 0.000587321061 0.0214151051
v 0.00389621733 0.000587321061 0.0214151051
v 0.0039568455 0.000445885205 0.0215228554
v 0.00396226626 0.00050250662 0.021355724
v 0.00396527024 0.000747790968 0.0211398844
v 0.00389621733 0.000587321061 0.0214151051
v 0.0038648867 0.000656031421 0.0212357175
v 0.00400122255 0.000693864364 0.0213066377
v 0.00389577914 0.000538163935 0.0215542745
v 0.00401107175 0.000616344973 0.0214786902
v 0.00389397959 0.000294987229 0.0221669525
v 0.00400230754 0.000389353896 0.022088984
v 0.00376218976 8.89637231E-05 0.0224427935
v 0.00384868914 0.000118589029 0.0225055926
v 0.00350266043 -0.000147565384 0.0225842465
v 0.00375961885 0.000799085479 0.020518925
v 0.00396527024 0.000747790968 0.0211398844
v 0.0038648867 0.000656031421 0.0212357175
v 0.00375961885 0.000799085479 0.020518925
v 0.0038648867 0.000656031421 0.0212357175
v 0.00368920621 0.000743445125 0.0206307359
v 0.00307267834 0.000315518817 0.0196496099
v 0.00359516428 0.000693153066 0.0202207528
v 0.00352953654 0.000660137448 0.0203381218
v 0.00297249365 0.000257698091 0.0197756998
v 0.00283262786 0.000139742231 0.0195256006
v 0.0027132486 6.90404122E-05 0.0196428392
v 0.0026071847 4.62904973E-05 0.019541122
v 0.00260799052 -1.86851366E-07 0.0193778705
v 0.00241938233 -0.000148296647 0.0194870401
v 0.00197580387 -0.000344952714 0.0193051696
v 0.00201127981 -0.000395722076 0.0194511916
v 0.0012610961 -0.000617258367 0.0193079002
v 0.0027132486 6.90404122E-05 0.0196428392
v 0.00312766479 0.000171288018 0.0197697412
v 0.00286476733 -2.51230413E-05 0.0196448006
v 0.00297249365 0.000257698091 0.0197756998
v 0.00361715187 0.00051812944 0.0202566292
v 0.00352953654 0.000660137448 0.0203381218
v 0.00379738491 0.000590941287 0.0206808541
v 0.00368920621 0.000743445125 0.0206307359
v 0.0039342707 0.00055505347 0.0211751722
v 0.0038648867 0.000656031421 0.0212357175
v 0.0012610961 -0.000617258367 0.0193079002
v 0.00201127981 -0.000395722076 0.0194511916
v 0.00137137936 -0.000681555015 0.0194778647
v 0.0023574899 -0.00052379875 0.0193281025
v 0.00277308282 -0.000108465261 0.0193671193
v 0.00237774407 -0.000458438735 0.0191991627
v 0.00260029291 -0.000224606687 0.0194719862
v 0.00304073328 8.36220715E-05 0.0195577741
v 0.00286476733 -2.51230413E-05 0.0196448006
v 0.00137137936 -0.000681555015 0.0194778647
v 0.00201742304 -0.000696104544 0.0193420127
v 0.00143134501 -0.000932512048 0.0193065088
v 0.00201127981 -0.000395722076 0.0194511916
v 0.0023574899 -0.00052379875 0.0193281025
v 0.00241938233 -0.000148296647 0.0194870401
v 0.00260029291 -0.000224606687 0.0194719862
v 0.0012610961 -0.000617258367 0.0193079002
v 0.0017786799 -0.000552161015 0.0191502254
v 0.00193502067 -0.00048620021 0.0191820264
v 0.00197580387 -0.000344952714 0.0193051696
v 0.00102019007 -0.000996535644 0.0192925036
v 0.00122997398 -0.000962092658 0.019290505
v 0.000999372569 -0.000922562263 0.0191318337
v 0.00132542208 -0.00086188945 0.0191679318
v 0.00143134501 -0.000932512048 0.0193065088
v 0.00199067756 -0.000635825098 0.0191910081
v 0.00201742304 -0.000696104544 0.0193420127
v 0.00179277221 -0.000677737931 0.019121144
v 0.00194235251 -0.000623557251 0.0191572569
v 0.00197580387 -0.000344952714 0.0193051696
v 0.00193502067 -0.00048620021 0.0191820264
v 0.00260799052 -1.86851366E-07 0.0193778705
v 0.00277308282 -0.000108465261 0.0193671193
v 0.00237774407 -0.000458438735 0.0191991627
v 0.00283262786 0.000139742231 0.0195256006
v 0.00304073328 8.36220715E-05 0.0195577741
v 0.00307267834 0.000315518817 0.0196496099
v 0.00328899617 0.000270631746 0.019681057
v 0.00359516428 0.000693153066 0.0202207528
v 0.003677184 0.000559035456 0.0201431792
v 0.00375961885 0.000799085479 0.020518925
v 0.00386577845 0.000652981398 0.0205622129
v 0.00396527024 0.000747790968 0.0211398844
v 0.00403537741 0.000639299222 0.0210500192
v 0.00400122255 0.000693864364 0.0213066377
v 0.00407910626 0.000590948563 0.021232998
v 0.000968733104 -0.000803092495 0.019411929
v 0.00117822923 -0.000778653892 0.0194507111
v 0.00122997398 -0.000962092658 0.019290505
v 0.00102019007 -0.000996535644 0.0192925036
v 0.00094166724 -0.000726872415 0.0192395747
v 0.00117822923 -0.000778653892 0.0194507111
v 0.000968733104 -0.000803092495 0.019411929
v 0.00132542208 -0.00086188945 0.0191679318
v 0.00179277221 -0.000677737931 0.019121144
v 0.0017786799 -0.000552161015 0.0191502254
v -0.00104317942 0.00109006232 0.0210389663
v -0.000944751315 0.001082359 0.0209821388
v -0.000994836795 0.00108029193 0.0210477989
v -0.000997953117 0.00109864422 0.0209911764
v -0.00112829788 0.000404814287 0.020866666
v -0.00104317942 0.00109006232 0.0210389663
v -0.000994836795 0.00108029193 0.0210477989
v -0.0012430388 0.000445850979 0.0208705608
v -0.00112908497 -8.54858154E-05 0.0204484127
v -0.00128716871 -6.20033752E-05 0.0204633661
v -0.00116191513 -0.000423704623 0.0200021882
v -0.00132103078 -0.000406030071 0.0200138465
v -0.00117822923 -0.000778653892 0.0194507111
v -0.00137137936 -0.000681555015 0.0194778647
v -0.00094166724 -0.000726872415 0.0192395747
v -0.00104678958 -0.000307396956 0.0197941791
v -0.00112908497 -8.54858154E-05 0.0204484127
v -0.00102323142 -1.99260558E-05 0.0202148519
v -0.00112829788 0.000404814287 0.020866666
v -0.00103572651 0.000417828909 0.0206886902
v -0.000994836795 0.00108029193 0.0210477989
v -0.000944751315 0.001082359 0.0209821388
v -0.0012610961 -0.000617258367 0.0193079002
v -0.00094166724 -0.000726872415 0.0192395747
v -0.00104678958 -0.000307396956 0.0197941791
v -0.00121121493 -0.00029698998 0.0198681299
v -0.00137137936 -0.000681555015 0.0194778647
v -0.00102323142 -1.99260558E-05 0.0202148519
v -0.00132103078 -0.000406030071 0.0200138465
v -0.0011835472 1.01379765E-05 0.0202923715
v -0.00103572651 0.000417828909 0.0206886902
v -0.00128716871 -6.20033752E-05 0.0204633661
v -0.00115230947 0.000469584862 0.0207391344
v -0.000944751315 0.001082359 0.0209821388
v -0.0012430388 0.000445850979 0.0208705608
v -0.000997953117 0.00109864422 0.0209911764
v -0.00104317942 0.00109006232 0.0210389663
v -0.0038648867 0.000656031421 0.0212357175
v -0.0039342707 0.00055505347 0.0211751722
v -0.00372422859 0.000257313368 0.0215228274
v -0.00367054995 0.000305619993 0.0215720106
v -0.00361696584 3.41005471E-05 0.0219458733
v -0.00372422859 0.000257313368 0.0215228274
v -0.00378012471 0.000260127941 0.0216160938
v -0.00361696584 3.41005471E-05 0.0219458733
v -0.0039342707 0.00055505347 0.0211751722
v -0.00396226626 0.00050250662 0.021355724
v -0.00378012471 0.000260127941 0.0216160938
v -0.00373490737 0.00030346532 0.0216689575
v -0.00361696584 3.41005471E-05 0.0219458733
v -0.00396226626 0.00050250662 0.021355724
v -0.00389621733 0.000587321061 0.0214151051
v -0.00389621733 0.000587321061 0.0214151051
v -0.0038648867 0.000656031421 0.0212357175
v -0.00367054995 0.000305619993 0.0215720106
v -0.00373490737 0.00030346532 0.0216689575
v -0.00361696584 3.41005471E-05 0.0219458733
v -0.00188969926 0.000191449872 0.0203541685
v -0.00191404892 0.000140592208 0.0203664228
v -0.00184201472 0.000193873449 0.0206580944
v -0.00216866564 5.88551957E-05 0.0197827816
v -0.00219513243 -3.06072361E-05 0.0198165383
v -0.00241938233 -0.000148296647 0.0194870401
v -0.00260029291 -0.000224606687 0.0194719862
v -0.00243477407 0.000139240423 0.019940393
v -0.00286476733 -2.51230413E-05 0.0196448006
v -0.00204599672 0.000227362325 0.0204281677
v -0.00191404892 0.000140592208 0.0203664228
v -0.00184201472 0.000193873449 0.0206580944
v -0.00204599672 0.000227362325 0.0204281677
v -0.0020015887 0.000265072566 0.0204088017
v -0.00184201472 0.000193873449 0.0206580944
v -0.00243477407 0.000139240423 0.019940393
v -0.00237660855 0.000207237987 0.0198899247
v -0.00286476733 -2.51230413E-05 0.0196448006
v -0.0027132486 6.90404122E-05 0.0196428392
v -0.0026071847 4.62904973E-05 0.019541122
v -0.00216866564 5.88551957E-05 0.0197827816
v -0.00241938233 -0.000148296647 0.0194870401
v -0.00188969926 0.000191449872 0.0203541685
v -0.0020015887 0.000265072566 0.0204088017
v -0.00184201472 0.000193873449 0.0206580944
v -0.00327506824 0.00193384581 0.0214848556
v -0.00323809031 0.00190246769 0.0215600096
v -0.00313893077 0.00199799263 0.0219879411
v -0.00348039204 0.00131755881 0.0205994342
v -0.00344552379 0.00125639734 0.0206982493
v -0.00359516428 0.000693153066 0.0202207528
v -0.00352953654 0.000660137448 0.0203381218
v -0.00323809031 0.00190246769 0.0215600096
v -0.00335735013 0.00185344054 0.0216147471
v -0.00313893077 0.00199799263 0.0219879411
v -0.00344552379 0.00125639734 0.0206982493
v -0.00359181641 0.00119705731 0.0208052304
v -0.00352953654 0.000660137448 0.0203381218
v -0.00368920621 0.000743445125 0.0206307359
v -0.00335735013 0.00185344054 0.0216147471
v -0.00340299238 0.00188059162 0.0215446129
v -0.00313893077 0.00199799263 0.0219879411
v -0.00359181641 0.00119705731 0.0208052304
v -0.00362794101 0.00128111895 0.0207095072
v -0.00368920621 0.000743445125 0.0206307359
v -0.00375961885 0.000799085479 0.020518925
v -0.00375961885 0.000799085479 0.020518925
v -0.00359516428 0.000693153066 0.0202207528
v -0.00348039204 0.00131755881 0.0205994342
v -0.00362794101 0.00128111895 0.0207095072
v -0.00327506824 0.00193384581 0.0214848556
v -0.00340299238 0.00188059162 0.0215446129
v -0.00313893077 0.00199799263 0.0219879411
v -0.00256407913 -0.00141761743 0.0195835512
v -0.00248492486 -0.00145927398 0.0195664782
v -0.0025678575 -0.00153009431 0.019782465
v -0.00259268074 -0.00129413872 0.0193480942
v -0.00248875865 -0.00135829474 0.0193285011
v -0.00264893472 -0.00115786749 0.0191831179
v -0.00248515583 -0.00127438991 0.0191290677
v -0.00248492486 -0.00145927398 0.0195664782
v -0.00253473641 -0.00153130561 0.0195476618
v -0.0025678575 -0.00153009431 0.019782465
v -0.00248875865 -0.00135829474 0.0193285011
v -0.00254428387 -0.00144219247 0.0193104912
v -0.00248515583 -0.00127438991 0.0191290677
v -0.00257288758 -0.00142813951 0.0191583037
v -0.00281571923 -0.00168135075 0.0191383697
v -0.00281654531 -0.00174931134 0.01924951
v -0.00253600418 -0.00120099506 0.0190091003
v -0.0032305324 -0.00209947443 0.0193088558
v -0.00324167009 -0.00216664281 0.019393608
v -0.00351496576 -0.00234230375 0.0195618533
v -0.00348932319 -0.00232308055 0.0196140427
v -0.00362368743 -0.00232535973 0.0197550189
v -0.00201742304 -0.000696104544 0.0193420127
v -0.00199067756 -0.000635825098 0.0191910081
v -0.00355731067 -0.00227195234 0.01957752
v -0.00362368743 -0.00232535973 0.0197550189
v -0.00330644846 -0.00204990292 0.019363394
v -0.00281571923 -0.00168135075 0.0191383697
v -0.00293837953 -0.00164926262 0.0191932824
v -0.00253600418 -0.00120099506 0.0190091003
v -0.00272064074 -0.00106825086 0.0190850124
v -0.00199067756 -0.000635825098 0.0191910081
v -0.00237774407 -0.000458438735 0.0191991627
v -0.00253473641 -0.00153130561 0.0195476618
v -0.00260038231 -0.0014842489 0.0195684545
v -0.0025678575 -0.00153009431 0.019782465
v -0.00254428387 -0.00144219247 0.0193104912
v -0.00262722676 -0.00137255155 0.0193365905
v -0.00257288758 -0.00142813951 0.0191583037
v -0.00270079612 -0.00130372494 0.0192152988
v -0.00270079612 -0.00130372494 0.0192152988
v -0.00264893472 -0.00115786749 0.0191831179
v -0.00259268074 -0.00129413872 0.0193480942
v -0.00262722676 -0.00137255155 0.0193365905
v -0.00256407913 -0.00141761743 0.0195835512
v -0.00260038231 -0.0014842489 0.0195684545
v -0.0025678575 -0.00153009431 0.019782465
v -0.00270079612 -0.00130372494 0.0192152988
v -0.00257288758 -0.00142813951 0.0191583037
v -0.00281654531 -0.00174931134 0.01924951
v -0.00293817814 -0.00174869143 0.0192731787
v -0.00324167009 -0.00216664281 0.019393608
v -0.00330068287 -0.00212023524 0.0194381252
v -0.00348932319 -0.00232308055 0.0196140427
v -0.0035277931 -0.00226113945 0.0196256656
v -0.00362368743 -0.00232535973 0.0197550189
v -0.0023574899 -0.00052379875 0.0193281025
v -0.00248515583 -0.00127438991 0.0191290677
v -0.00264893472 -0.00115786749 0.0191831179
v -0.00201742304 -0.000696104544 0.0193420127
v -0.00237774407 -0.000458438735 0.0191991627
v -0.0023574899 -0.00052379875 0.0193281025
v -0.00264893472 -0.00115786749 0.0191831179
v -0.00272064074 -0.00106825086 0.0190850124
v -0.00293837953 -0.00164926262 0.0191932824
v -0.00270079612 -0.00130372494 0.0192152988
v -0.00293817814 -0.00174869143 0.0192731787
v -0.00330068287 -0.00212023524 0.0194381252
v -0.00330644846 -0.00204990292 0.019363394
v -0.0035277931 -0.00226113945 0.0196256656
v -0.00355731067 -0.00227195234 0.01957752
v -0.00362368743 -0.00232535973 0.0197550189
v -0.00170326023 -0.00146438612 0.020144403
v -0.00170590647 -0.00148240104 0.0201066174
v -0.0016725515 -0.00156212517 0.020174291
v -0.00180718245 -0.00132867275 0.0200964659
v -0.00181779161 -0.00136762217 0.0200335048
v -0.00192028622 -0.00119126926 0.0200789329
v -0.00194675871 -0.00128111558 0.0199942831
v -0.00170590647 -0.00148240104 0.0201066174
v -0.00173500425 -0.0015166814 0.0201253239
v -0.0016725515 -0.00156212517 0.020174291
v -0.00181779161 -0.00136762217 0.0200335048
v -0.00186707417 -0.00142527896 0.0200654026
v -0.00194675871 -0.00128111558 0.0199942831
v -0.00196815748 -0.00138612103 0.0200479981
v -0.00206011371 -0.00126163918 0.0200427268
v -0.001804122 -0.00116385531 0.0197561979
v -0.00210254779 -0.00157098961 0.0202934388
v -0.00194099767 -0.001135536 0.0197811499
v -0.00202711066 -0.00161874841 0.0202833656
v -0.0019513712 -0.00192891434 0.0205718782
v -0.00161688006 -0.00107145985 0.0195372831
v -0.00177580572 -0.00103484653 0.0195402186
v -0.00122997398 -0.000962092658 0.019290505
v -0.00143134501 -0.000932512048 0.0193065088
v -0.00173500425 -0.0015166814 0.0201253239
v -0.00172552955 -0.00149246282 0.0201599877
v -0.0016725515 -0.00156212517 0.020174291
v -0.00186707417 -0.00142527896 0.0200654026
v -0.00185152213 -0.00138389715 0.0201247074
v -0.00196815748 -0.00138612103 0.0200479981
v -0.00194537919 -0.00131960271 0.0201320145
v -0.00208516768 -0.00149783562 0.0203553438
v -0.00200106599 -0.00154525286 0.0203460716
v -0.0019513712 -0.00192891434 0.0205718782
v -0.00194537919 -0.00131960271 0.0201320145
v -0.00202540448 -0.00117267191 0.0201262198
v -0.00192028622 -0.00119126926 0.0200789329
v -0.00180718245 -0.00132867275 0.0200964659
v -0.00185152213 -0.00138389715 0.0201247074
v -0.00170326023 -0.00146438612 0.020144403
v -0.00172552955 -0.00149246282 0.0201599877
v -0.0016725515 -0.00156212517 0.020174291
v -0.00200106599 -0.00154525286 0.0203460716
v -0.00202711066 -0.00161874841 0.0202833656
v -0.0019513712 -0.00192891434 0.0205718782
v -0.00194537919 -0.00131960271 0.0201320145
v -0.00196815748 -0.00138612103 0.0200479981
v -0.00143134501 -0.000932512048 0.0193065088
v -0.00137137936 -0.000681555015 0.0194778647
v -0.00173930184 -0.000861353648 0.0196668245
v -0.00177580572 -0.00103484653 0.0195402186
v -0.00190536038 -0.00100294373 0.0198868979
v -0.00194099767 -0.001135536 0.0197811499
v -0.00202540448 -0.00117267191 0.0201262198
v -0.00206011371 -0.00126163918 0.0200427268
v -0.00208516768 -0.00149783562 0.0203553438
v -0.00210254779 -0.00157098961 0.0202934388
v -0.0019513712 -0.00192891434 0.0205718782
v -0.00179095264 -0.00104144111 0.0198555943
v -0.00194675871 -0.00128111558 0.0199942831
v -0.00192028622 -0.00119126926 0.0200789329
v -0.001804122 -0.00116385531 0.0197561979
v -0.00161619252 -0.000918516889 0.0196505189
v -0.00161688006 -0.00107145985 0.0195372831
v -0.00117822923 -0.000778653892 0.0194507111
v -0.00122997398 -0.000962092658 0.019290505
v -0.00137137936 -0.000681555015 0.0194778647
v -0.00173930184 -0.000861353648 0.0196668245
v -0.00179095264 -0.00104144111 0.0198555943
v -0.00190536038 -0.00100294373 0.0198868979
v -0.00192028622 -0.00119126926 0.0200789329
v -0.00202540448 -0.00117267191 0.0201262198
v -0.00400122255 0.000693864364 0.0213066377
v -0.00418350287 0.000701249402 0.0214952342
v -0.00419363985 0.00076940906 0.0213693157
v -0.00432853214 0.000751698157 0.0215087775
v -0.00400122255 0.000693864364 0.0213066377
v -0.00401107175 0.000616344973 0.0214786902
v -0.00418350287 0.000701249402 0.0214952342
v -0.00418350287 0.000701249402 0.0214952342
v -0.00423720712 0.000629736925 0.0214467179
v -0.00432853214 0.000751698157 0.0215087775
v -0.00401107175 0.000616344973 0.0214786902
v -0.00408567442 0.000517810113 0.0214064736
v -0.00423720712 0.000629736925 0.0214467179
v -0.00424889056 0.000696390576 0.0213226583
v -0.00432853214 0.000751698157 0.0215087775
v -0.00408567442 0.000517810113 0.0214064736
v -0.00407910626 0.000590948563 0.021232998
v -0.00407910626 0.000590948563 0.021232998
v -0.00419363985 0.00076940906 0.0213693157
v -0.00424889056 0.000696390576 0.0213226583
v -0.00432853214 0.000751698157 0.0215087775
v -0.00407910626 0.000590948563 0.021232998
v -0.00400122255 0.000693864364 0.0213066377
v -0.00419363985 0.00076940906 0.0213693157
v -0.0032076973 -0.00106267573 0.0204326939
v -0.00331492606 -0.00106227107 0.0204063468
v -0.00309510948 -0.00131855288 0.0206526797
v -0.00340225152 -0.000569273427 0.0200589746
v -0.00351413479 -0.000581494765 0.0200425498
v -0.00348966662 -0.000147309518 0.0197671931
v -0.0033418911 -0.00012917124 0.0197878182
v -0.00344452541 -6.36812401E-05 0.0197062735
v -0.00356890424 -0.000125851278 0.0196888186
v -0.00357213244 -0.000201532457 0.0197413322
v -0.00363993272 -0.000300133455 0.0196850933
v -0.00363580347 -0.000332395663 0.0197265837
v -0.00368027319 -0.000455485162 0.0197543148
v -0.00331492606 -0.00106227107 0.0204063468
v -0.00340451463 -0.000943781866 0.0205048602
v -0.00309510948 -0.00131855288 0.0206526797
v -0.00351413479 -0.000581494765 0.0200425498
v -0.003634647 -0.000438847055 0.0201598667
v -0.00348966662 -0.000147309518 0.0197671931
v -0.00362164783 3.86399779E-06 0.0198714547
v -0.00362164783 3.86399779E-06 0.0198714547
v -0.00348966662 -0.000147309518 0.0197671931
v -0.00357213244 -0.000201532457 0.0197413322
v -0.00367268384 -9.10314047E-05 0.0198290367
v -0.00363580347 -0.000332395663 0.0197265837
v -0.00369658647 -0.00026517114 0.0197744574
v -0.00368027319 -0.000455485162 0.0197543148
v -0.00340451463 -0.000943781866 0.0205048602
v -0.00330533972 -0.000938173092 0.020536961
v -0.00309510948 -0.00131855288 0.0206526797
v -0.003634647 -0.000438847055 0.0201598667
v -0.00353882555 -0.000415825984 0.0201806091
v -0.00362164783 3.86399779E-06 0.0198714547
v -0.00349348783 5.01195937E-05 0.0198831558
v -0.00357330195 9.86019877E-05 0.0198018402
v -0.00328899617 0.000270631746 0.019681057
v -0.00312766479 0.000171288018 0.0197697412
v -0.00367268384 -9.10314047E-05 0.0198290367
v -0.00366745167 -7.87336467E-06 0.0197701901
v -0.00369658647 -0.00026517114 0.0197744574
v -0.00370060187 -0.000229729616 0.0197279789
v -0.00368027319 -0.000455485162 0.0197543148
v -0.00363993272 -0.000300133455 0.0196850933
v -0.00356890424 -0.000125851278 0.0196888186
v -0.00366745167 -7.87336467E-06 0.0197701901
v -0.00344452541 -6.36812401E-05 0.0197062735
v -0.00357330195 9.86019877E-05 0.0198018402
v -0.0033418911 -0.00012917124 0.0197878182
v -0.00286476733 -2.51230413E-05 0.0196448006
v -0.00340225152 -0.000569273427 0.0200589746
v -0.00353882555 -0.000415825984 0.0201806091
v -0.0032076973 -0.00106267573 0.0204326939
v -0.00330533972 -0.000938173092 0.020536961
v -0.00309510948 -0.00131855288 0.0206526797
v -0.00304073328 8.36220715E-05 0.0195577741
v -0.00328899617 0.000270631746 0.019681057
v -0.00286476733 -2.51230413E-05 0.0196448006
v -0.0033418911 -0.00012917124 0.0197878182
v -0.00408567442 0.000517810113 0.0214064736
v -0.00401107175 0.000616344973 0.0214786902
v -0.00400230754 0.000389353896 0.022088984
v -0.00406228425 0.000313776953 0.0220095776
v -0.00384868914 0.000118589029 0.0225055926
v -0.00392124243 6.38981437E-05 0.0224455073
v -0.00350266043 -0.000147565384 0.0225842465
v -0.00395628205 0.000228273522 0.0221017022
v -0.00406228425 0.000313776953 0.0220095776
v -0.00392124243 6.38981437E-05 0.0224455073
v -0.0039568455 0.000445885205 0.0215228554
v -0.00408567442 0.000517810113 0.0214064736
v -0.00396226626 0.00050250662 0.021355724
v -0.00407910626 0.000590948563 0.021232998
v -0.0039342707 0.00055505347 0.0211751722
v -0.00403537741 0.000639299222 0.0210500192
v -0.00379738491 0.000590941287 0.0206808541
v -0.00386577845 0.000652981398 0.0205622129
v -0.00361715187 0.00051812944 0.0202566292
v -0.003677184 0.000559035456 0.0201431792
v -0.00312766479 0.000171288018 0.0197697412
v -0.00328899617 0.000270631746 0.019681057
v -0.00384422531 2.17731849E-05 0.0224059597
v -0.00392124243 6.38981437E-05 0.0224455073
v -0.00350266043 -0.000147565384 0.0225842465
v -0.00395628205 0.000228273522 0.0221017022
v -0.00376218976 8.89637231E-05 0.0224427935
v -0.00384422531 2.17731849E-05 0.0224059597
v -0.00350266043 -0.000147565384 0.0225842465
v -0.00389397959 0.000294987229 0.0221669525
v -0.00395628205 0.000228273522 0.0221017022
v -0.00389577914 0.000538163935 0.0215542745
v -0.0039568455 0.000445885205 0.0215228554
v -0.00389621733 0.000587321061 0.0214151051
v -0.00389621733 0.000587321061 0.0214151051
v -0.00396226626 0.00050250662 0.021355724
v -0.0039568455 0.000445885205 0.0215228554
v -0.00396527024 0.000747790968 0.0211398844
v -0.0038648867 0.000656031421 0.0212357175
v -0.00389621733 0.000587321061 0.0214151051
v -0.00400122255 0.000693864364 0.0213066377
v -0.00389577914 0.000538163935 0.0215542745
v -0.00401107175 0.000616344973 0.0214786902
v -0.00389397959 0.000294987229 0.0221669525
v -0.00400230754 0.000389353896 0.022088984
v -0.00376218976 8.89637231E-05 0.0224427935
v -0.00384868914 0.000118589029 0.0225055926
v -0.00350266043 -0.000147565384 0.0225842465
v -0.00375961885 0.000799085479 0.020518925
v -0.0038648867 0.000656031421 0.0212357175
v -0.00396527024 0.000747790968 0.0211398844
v -0.00375961885 0.000799085479 0.020518925
v -0.00368920621 0.000743445125 0.0206307359
v -0.0038648867 0.000656031421 0.0212357175
v -0.00307267834 0.000315518817 0.0196496099
v -0.00352953654 0.000660137448 0.0203381218
v -0.00359516428 0.000693153066 0.0202207528
v -0.00297249365 0.000257698091 0.0197756998
v -0.00283262786 0.000139742231 0.0195256006
v -0.0027132486 6.90404122E-05 0.0196428392
v -0.0026071847 4.62904973E-05 0.019541122
v -0.00260799052 -1.86851366E-07 0.0193778705
v -0.00241938233 -0.000148296647 0.0194870401
v -0.00197580387 -0.000344952714 0.0193051696
v -0.00201127981 -0.000395722076 0.0194511916
v -0.0012610961 -0.000617258367 0.0193079002
v -0.0027132486 6.90404122E-05 0.0196428392
v -0.00286476733 -2.51230413E-05 0.0196448006
v -0.00312766479 0.000171288018 0.0197697412
v -0.00297249365 0.000257698091 0.0197756998
v -0.00361715187 0.00051812944 0.0202566292
v -0.00352953654 0.000660137448 0.0203381218
v -0.00379738491 0.000590941287 0.0206808541
v -0.00368920621 0.000743445125 0.0206307359
v -0.0039342707 0.00055505347 0.0211751722
v -0.0038648867 0.000656031421 0.0212357175
v -0.0012610961 -0.000617258367 0.0193079002
v -0.00137137936 -0.000681555015 0.0194778647
v -0.00201127981 -0.000395722076 0.0194511916
v -0.0023574899 -0.00052379875 0.0193281025
v -0.00237774407 -0.000458438735 0.0191991627
v -0.00277308282 -0.000108465261 0.0193671193
v -0.00260029291 -0.000224606687 0.0194719862
v -0.00304073328 8.36220715E-05 0.0195577741
v -0.00286476733 -2.51230413E-05 0.0196448006
v -0.00137137936 -0.000681555015 0.0194778647
v -0.00143134501 -0.000932512048 0.0193065088
v -0.00201742304 -0.000696104544 0.0193420127
v -0.00201127981 -0.000395722076 0.0194511916
v -0.0023574899 -0.00052379875 0.0193281025
v -0.00241938233 -0.000148296647 0.0194870401
v -0.00260029291 -0.000224606687 0.0194719862
v -0.0012610961 -0.000617258367 0.0193079002
v -0.00193502067 -0.00048620021 0.0191820264
v -0.0017786799 -0.000552161015 0.0191502254
v -0.00197580387 -0.000344952714 0.0193051696
v -0.00102019007 -0.000996535644 0.0192925036
v -0.000999372569 -0.000922562263 0.0191318337
v -0.00122997398 -0.000962092658 0.019290505
v -0.00132542208 -0.00086188945 0.0191679318
v -0.00143134501 -0.000932512048 0.0193065088
v -0.00199067756 -0.000635825098 0.0191910081
v -0.00201742304 -0.000696104544 0.0193420127
v -0.00179277221 -0.000677737931 0.019121144
v -0.00194235251 -0.000623557251 0.0191572569
v -0.00197580387 -0.000344952714 0.0193051696
v -0.00193502067 -0.00048620021 0.0191820264
v -0.00260799052 -1.86851366E-07 0.0193778705
v -0.00277308282 -0.000108465261 0.0193671193
v -0.00237774407 -0.000458438735 0.0191991627
v -0.00283262786 0.000139742231 0.0195256006
v -0.00304073328 8.36220715E-05 0.0195577741
v -0.00307267834 0.000315518817 0.0196496099
v -0.00328899617 0.000270631746 0.019681057
v -0.00359516428 0.000693153066 0.0202207528
v -0.003677184 0.000559035456 0.0201431792
v -0.00375961885 0.000799085479 0.020518925
v -0.00386577845 0.000652981398 0.0205622129
v -0.00396527024 0.000747790968 0.0211398844
v -0.00403537741 0.000639299222 0.0210500192
v -0.00400122255 0.000693864364 0.0213066377
v -0.00407910626 0.000590948563 0.021232998
v -0.000968733104 -0.000803092495 0.019411929
v -0.00122997398 -0.000962092658 0.019290505
v -0.00117822923 -0.000778653892 0.0194507111
v -0.00102019007 -0.000996535644 0.0192925036
v -0.00094166724 -0.000726872415 0.0192395747
v -0.000968733104 -0.000803092495 0.019411929
v -0.00117822923 -0.000778653892 0.0194507111
v -0.00132542208 -0.00086188945 0.0191679318
v -0.0017786799 -0.000552161015 0.0191502254
v -0.00179277221 -0.000677737931 0.019121144
v 0.00132542208 -0.00086188945 0.0191679318
v 0.0017786799 -0.000552161015 0.0191502254
v 0.0012610961 -0.000617258367 0.0193079002
v 0.000999372569 -0.000922562263 0.0191318337
v 0.00094166724 -0.000726872415 0.0192395747
v -0.00132542208 -0.00086188945 0.0191679318
v -0.0012610961 -0.000617258367 0.0193079002
v -0.0017786799 -0.000552161015 0.0191502254
v -0.000999372569 -0.000922562263 0.0191318337
v -0.00094166724 -0.000726872415 0.0192395747
vt 0.55078125 0.29296875
vt 0.52734375 0.28125
vt 0.52734375 0.28515625
vt 0.65234375 0.3671875
vt 0.671875 0.359375
vt 0.66015625 0.359375
vt 0.54296875 0.3125
vt 0.53515625 0.3203125
vt 0.54296875 0.3125
vt 0.55078125 0.29296875
vt 0.52734375 0.28515625
vt 0.52734375 0.28125
vt 0.65234375 0.3671875
vt 0.66015625 0.359375
vt 0.671875 0.359375
vt 0.54296875 0.3125
vt 0.54296875 0.3125
vt 0.53515625 0.3203125
vt 0.52734375 0.26953125
vt 0.5234375 0.25390625
vt 0.51953125 0.25
vt 0.5234375 0.26953125
vt 0.52734375 0.28125
vt 0.52734375 0.28515625
vt 0.6328125 0.265625
vt 0.625 0.26171875
vt 0.62109375 0.29296875
vt 0.62890625 0.28515625
vt 0.5703125 0.2890625
vt 0.55078125 0.29296875
vt 0.55859375 0.296875
vt 0.578125 0.29296875
vt 0.5859375 0.28515625
vt 0.5859375 0.29296875
vt 0.609375 0.28515625
vt 0.60546875 0.296875
vt 0.5859375 0.28515625
vt 0.609375 0.28515625
vt 0.609375 0.2578125
vt 0.578125 0.2578125
vt 0.609375 0.2421875
vt 0.5703125 0.2890625
vt 0.578125 0.2421875
vt 0.5546875 0.2578125
vt 0.546875 0.2421875
vt 0.55078125 0.29296875
vt 0.54296875 0.26171875
vt 0.5390625 0.24609375
vt 0.5234375 0.25390625
vt 0.52734375 0.26953125
vt 0.52734375 0.28125
vt 0.7421875 0.24609375
vt 0.71484375 0.24609375
vt 0.734375 0.24609375
vt 0.71875 0.23828125
vt 0.66015625 0.23828125
vt 0.66015625 0.24609375
vt 0.64453125 0.26171875
vt 0.640625 0.25390625
vt 0.625 0.26171875
vt 0.6328125 0.265625
vt 0.56640625 0.3203125
vt 0.5625 0.30859375
vt 0.55859375 0.30859375
vt 0.56640625 0.3203125
vt 0.5703125 0.32421875
vt 0.5703125 0.32421875
vt 0.67578125 0.296875
vt 0.66015625 0.30078125
vt 0.6796875 0.3046875
vt 0.66015625 0.29296875
vt 0.64453125 0.30078125
vt 0.64453125 0.2890625
vt 0.62109375 0.29296875
vt 0.62890625 0.28515625
vt 0.76953125 0.4140625
vt 0.77734375 0.41015625
vt 0.76953125 0.41015625
vt 0.76953125 0.41796875
vt 0.76171875 0.41796875
vt 0.7578125 0.42578125
vt 0.75 0.4140625
vt 0.734375 0.4140625
vt 0.6796875 0.3046875
vt 0.69140625 0.2890625
vt 0.67578125 0.296875
vt 0.6953125 0.29296875
vt 0.71875 0.265625
vt 0.7265625 0.26953125
vt 0.734375 0.24609375
vt 0.7421875 0.24609375
vt 0.62890625 0.35546875
vt 0.65234375 0.3671875
vt 0.66015625 0.359375
vt 0.625 0.3671875
vt 0.6484375 0.375
vt 0.70703125 0.38671875
vt 0.671875 0.359375
vt 0.6484375 0.38671875
vt 0.625 0.3828125
vt 0.703125 0.359375
vt 0.71875 0.38671875
vt 0.6953125 0.3515625
vt 0.65234375 0.421875
vt 0.62890625 0.42578125
vt 0.62890625 0.4375
vt 0.65234375 0.43359375
vt 0.64453125 0.46875
vt 0.671875 0.421875
vt 0.66015625 0.4609375
vt 0.66015625 0.48828125
vt 0.671875 0.4296875
vt 0.69140625 0.421875
vt 0.671875 0.4765625
vt 0.69140625 0.50390625
vt 0.67578125 0.453125
vt 0.6796875 0.38671875
vt 0.6953125 0.38671875
vt 0.69140625 0.4296875
vt 0.69140625 0.453125
vt 0.68359375 0.47265625
vt 0.69921875 0.421875
vt 0.6953125 0.46875
vt 0.7109375 0.41796875
vt 0.7109375 0.4296875
vt 0.70703125 0.47265625
vt 0.73828125 0.50390625
vt 0.69921875 0.4609375
vt 0.71484375 0.46484375
vt 0.70703125 0.453125
vt 0.70703125 0.4453125
vt 0.71875 0.4296875
vt 0.71875 0.4453125
vt 0.72265625 0.421875
vt 0.734375 0.4140625
vt 0.73046875 0.43359375
vt 0.73046875 0.45703125
vt 0.74609375 0.43359375
vt 0.7578125 0.453125
vt 0.734375 0.46484375
vt 0.75 0.40234375
vt 0.7578125 0.42578125
vt 0.74609375 0.46875
vt 0.7578125 0.4765625
vt 0.76953125 0.4921875
vt 0.78125 0.484375
vt 0.77734375 0.4609375
vt 0.79296875 0.46875
vt 0.78515625 0.44921875
vt 0.80078125 0.45703125
vt 0.78515625 0.4296875
vt 0.80859375 0.44140625
vt 0.81640625 0.421875
vt 0.7578125 0.44140625
vt 0.76171875 0.43359375
vt 0.76953125 0.43359375
vt 0.765625 0.421875
vt 0.76953125 0.41796875
vt 0.7734375 0.421875
vt 0.77734375 0.41015625
vt 0.8046875 0.41015625
vt 0.82421875 0.3828125
vt 0.7890625 0.4140625
vt 0.81640625 0.3828125
vt 0.8046875 0.3984375
vt 0.7890625 0.40625
vt 0.81640625 0.37890625
vt 0.828125 0.375
vt 0.8203125 0.37109375
vt 0.8046875 0.390625
vt 0.8046875 0.3828125
vt 0.8125 0.375
vt 0.8203125 0.3515625
vt 0.7890625 0.35546875
vt 0.8125 0.33203125
vt 0.8046875 0.3203125
vt 0.76171875 0.34765625
vt 0.80078125 0.37890625
vt 0.8046875 0.3828125
vt 0.796875 0.390625
vt 0.76953125 0.38671875
vt 0.7890625 0.40234375
vt 0.76171875 0.40234375
vt 0.76171875 0.3671875
vt 0.7421875 0.359375
vt 0.72265625 0.359375
vt 0.7421875 0.375
vt 0.7265625 0.3828125
vt 0.71875 0.375
vt 0.7109375 0.3125
vt 0.78515625 0.31640625
vt 0.76171875 0.34765625
vt 0.8046875 0.3203125
vt 0.66015625 0.359375
vt 0.6484375 0.32421875
vt 0.62890625 0.35546875
vt 0.671875 0.359375
vt 0.69921875 0.30859375
vt 0.6953125 0.3515625
vt 0.703125 0.359375
vt 0.7109375 0.3125
vt 0.69921875 0.30859375
vt 0.6953125 0.3515625
vt 0.59375 0.33203125
vt 0.59375 0.3203125
vt 0.5859375 0.3203125
vt 0.59765625 0.328125
vt 0.59765625 0.31640625
vt 0.60546875 0.33203125
vt 0.625 0.3203125
vt 0.609375 0.3125
vt 0.6015625 0.3125
vt 0.62109375 0.3125
vt 0.6328125 0.31640625
vt 0.578125 0.2421875
vt 0.609375 0.2421875
vt 0.609375 0.234375
vt 0.578125 0.234375
vt 0.546875 0.2421875
vt 0.546875 0.23828125
vt 0.53515625 0.2421875
vt 0.5390625 0.24609375
vt 0.5234375 0.25390625
vt 0.51953125 0.25
vt 0.54296875 0.3125
vt 0.53515625 0.3203125
vt 0.53515625 0.32421875
vt 0.54296875 0.328125
vt 0.53515625 0.3359375
vt 0.546875 0.3359375
vt 0.55078125 0.328125
vt 0.55078125 0.33984375
vt 0.55859375 0.3359375
vt 0.5546875 0.32421875
vt 0.55078125 0.31640625
vt 0.5703125 0.32421875
vt 0.5546875 0.3125
vt 0.56640625 0.3203125
vt 0.55859375 0.30859375
vt 0.79296875 0.49609375
vt 0.80078125 0.5078125
vt 0.79296875 0.49609375
vt 0.7890625 0.484375
vt 0.3515625 0.30078125
vt 0.3359375 0.30078125
vt 0.34375 0.3046875
vt 0.3359375 0.28515625
vt 0.33203125 0.2890625
vt 0.34375 0.27734375
vt 0.34375 0.2734375
vt 0.359375 0.29296875
vt 0.37109375 0.2890625
vt 0.37890625 0.2734375
vt 0.38671875 0.28515625
vt 0.3984375 0.26171875
vt 0.40625 0.2890625
vt 0.41796875 0.2578125
vt 0.8046875 0.50390625
vt 0.8046875 0.50390625
vt 0.80078125 0.5078125
vt 0.81640625 0.50390625
vt 0.81640625 0.4921875
vt 0.796875 0.484375
vt 0.8046875 0.48046875
vt 0.8125 0.47265625
vt 0.828125 0.47265625
vt 0.82421875 0.4609375
vt 0.84765625 0.4609375
vt 0.8359375 0.4375
vt 0.84375 0.42578125
vt 0.87109375 0.453125
vt 0.83984375 0.40234375
vt 0.79296875 0.49609375
vt 0.80078125 0.5078125
vt 0.7890625 0.484375
vt 0.79296875 0.48046875
vt 0.8046875 0.48046875
vt 0.80078125 0.4765625
vt 0.8125 0.47265625
vt 0.80859375 0.4609375
vt 0.82421875 0.4609375
vt 0.81640625 0.4453125
vt 0.8359375 0.4375
vt 0.828125 0.43359375
vt 0.83203125 0.3984375
vt 0.83984375 0.40234375
vt 0.83984375 0.40234375
vt 0.84375 0.40625
vt 0.84375 0.41796875
vt 0.86328125 0.421875
vt 0.86328125 0.41796875
vt 0.87890625 0.44921875
vt 0.8671875 0.421875
vt 0.88671875 0.44921875
vt 0.4296875 0.3046875
vt 0.421875 0.265625
vt 0.40625 0.2890625
vt 0.41796875 0.2578125
vt 0.4375 0.24609375
vt 0.75 0.40625
vt 0.734375 0.4140625
vt 0.75 0.4140625
vt 0.75 0.40234375
vt 0.76171875 0.40234375
vt 0.765625 0.40625
vt 0.77734375 0.41015625
vt 0.76953125 0.41015625
vt 0.81640625 0.49609375
vt 0.81640625 0.4921875
vt 0.81640625 0.50390625
vt 0.828125 0.47265625
vt 0.84375 0.4765625
vt 0.84765625 0.4609375
vt 0.8671875 0.46875
vt 0.87109375 0.453125
vt 0.8828125 0.47265625
vt 0.87890625 0.44921875
vt 0.88671875 0.44921875
vt 0.88671875 0.44921875
vt 0.87890625 0.44921875
vt 0.52734375 0.26953125
vt 0.51953125 0.25
vt 0.5234375 0.25390625
vt 0.5234375 0.26953125
vt 0.52734375 0.28125
vt 0.52734375 0.28515625
vt 0.6328125 0.265625
vt 0.62890625 0.28515625
vt 0.62109375 0.29296875
vt 0.625 0.26171875
vt 0.5703125 0.2890625
vt 0.55859375 0.296875
vt 0.55078125 0.29296875
vt 0.578125 0.29296875
vt 0.5859375 0.28515625
vt 0.5859375 0.29296875
vt 0.609375 0.28515625
vt 0.60546875 0.296875
vt 0.5859375 0.28515625
vt 0.609375 0.2578125
vt 0.609375 0.28515625
vt 0.578125 0.2578125
vt 0.609375 0.2421875
vt 0.5703125 0.2890625
vt 0.578125 0.2421875
vt 0.5546875 0.2578125
vt 0.546875 0.2421875
vt 0.55078125 0.29296875
vt 0.54296875 0.26171875
vt 0.5390625 0.24609375
vt 0.5234375 0.25390625
vt 0.52734375 0.26953125
vt 0.52734375 0.28125
vt 0.7421875 0.24609375
vt 0.734375 0.24609375
vt 0.71484375 0.24609375
vt 0.71875 0.23828125
vt 0.66015625 0.23828125
vt 0.66015625 0.24609375
vt 0.64453125 0.26171875
vt 0.640625 0.25390625
vt 0.625 0.26171875
vt 0.6328125 0.265625
vt 0.67578125 0.296875
vt 0.6796875 0.3046875
vt 0.66015625 0.30078125
vt 0.66015625 0.29296875
vt 0.64453125 0.30078125
vt 0.64453125 0.2890625
vt 0.62109375 0.29296875
vt 0.62890625 0.28515625
vt 0.76953125 0.4140625
vt 0.76953125 0.41015625
vt 0.77734375 0.41015625
vt 0.76953125 0.41796875
vt 0.76171875 0.41796875
vt 0.7578125 0.42578125
vt 0.75 0.4140625
vt 0.734375 0.4140625
vt 0.6796875 0.3046875
vt 0.67578125 0.296875
vt 0.69140625 0.2890625
vt 0.6953125 0.29296875
vt 0.71875 0.265625
vt 0.7265625 0.26953125
vt 0.734375 0.24609375
vt 0.7421875 0.24609375
vt 0.62890625 0.35546875
vt 0.66015625 0.359375
vt 0.65234375 0.3671875
vt 0.625 0.3671875
vt 0.6484375 0.375
vt 0.70703125 0.38671875
vt 0.671875 0.359375
vt 0.6484375 0.38671875
vt 0.625 0.3828125
vt 0.703125 0.359375
vt 0.71875 0.38671875
vt 0.6953125 0.3515625
vt 0.65234375 0.421875
vt 0.62890625 0.42578125
vt 0.62890625 0.4375
vt 0.65234375 0.43359375
vt 0.64453125 0.46875
vt 0.671875 0.421875
vt 0.66015625 0.4609375
vt 0.66015625 0.48828125
vt 0.671875 0.4296875
vt 0.69140625 0.421875
vt 0.671875 0.4765625
vt 0.69140625 0.50390625
vt 0.67578125 0.453125
vt 0.6796875 0.38671875
vt 0.6953125 0.38671875
vt 0.69140625 0.4296875
vt 0.69140625 0.453125
vt 0.68359375 0.47265625
vt 0.69921875 0.421875
vt 0.6953125 0.46875
vt 0.7109375 0.41796875
vt 0.7109375 0.4296875
vt 0.70703125 0.47265625
vt 0.73828125 0.50390625
vt 0.69921875 0.4609375
vt 0.71484375 0.46484375
vt 0.70703125 0.453125
vt 0.70703125 0.4453125
vt 0.71875 0.4296875
vt 0.71875 0.4453125
vt 0.72265625 0.421875
vt 0.734375 0.4140625
vt 0.73046875 0.43359375
vt 0.73046875 0.45703125
vt 0.74609375 0.43359375
vt 0.7578125 0.453125
vt 0.734375 0.46484375
vt 0.75 0.40234375
vt 0.7578125 0.42578125
vt 0.74609375 0.46875
vt 0.7578125 0.4765625
vt 0.76953125 0.4921875
vt 0.78125 0.484375
vt 0.77734375 0.4609375
vt 0.79296875 0.46875
vt 0.78515625 0.44921875
vt 0.80078125 0.45703125
vt 0.78515625 0.4296875
vt 0.80859375 0.44140625
vt 0.81640625 0.421875
vt 0.7578125 0.44140625
vt 0.76171875 0.43359375
vt 0.76953125 0.43359375
vt 0.765625 0.421875
vt 0.76953125 0.41796875
vt 0.7734375 0.421875
vt 0.77734375 0.41015625
vt 0.8046875 0.41015625
vt 0.82421875 0.3828125
vt 0.7890625 0.4140625
vt 0.81640625 0.3828125
vt 0.8046875 0.3984375
vt 0.7890625 0.40625
vt 0.81640625 0.37890625
vt 0.828125 0.375
vt 0.8203125 0.37109375
vt 0.8046875 0.390625
vt 0.8046875 0.3828125
vt 0.8125 0.375
vt 0.8203125 0.3515625
vt 0.7890625 0.35546875
vt 0.8125 0.33203125
vt 0.8046875 0.3203125
vt 0.76171875 0.34765625
vt 0.80078125 0.37890625
vt 0.8046875 0.3828125
vt 0.796875 0.390625
vt 0.76953125 0.38671875
vt 0.7890625 0.40234375
vt 0.76171875 0.40234375
vt 0.76171875 0.3671875
vt 0.7421875 0.359375
vt 0.72265625 0.359375
vt 0.7421875 0.375
vt 0.7265625 0.3828125
vt 0.71875 0.375
vt 0.7109375 0.3125
vt 0.78515625 0.31640625
vt 0.76171875 0.34765625
vt 0.8046875 0.3203125
vt 0.66015625 0.359375
vt 0.62890625 0.35546875
vt 0.6484375 0.32421875
vt 0.671875 0.359375
vt 0.69921875 0.30859375
vt 0.6953125 0.3515625
vt 0.703125 0.359375
vt 0.6953125 0.3515625
vt 0.69921875 0.30859375
vt 0.7109375 0.3125
vt 0.59375 0.33203125
vt 0.5859375 0.3203125
vt 0.59375 0.3203125
vt 0.59765625 0.328125
vt 0.59765625 0.31640625
vt 0.60546875 0.33203125
vt 0.625 0.3203125
vt 0.609375 0.3125
vt 0.6015625 0.3125
vt 0.62109375 0.3125
vt 0.6328125 0.31640625
vt 0.578125 0.2421875
vt 0.609375 0.234375
vt 0.609375 0.2421875
vt 0.578125 0.234375
vt 0.546875 0.2421875
vt 0.546875 0.23828125
vt 0.53515625 0.2421875
vt 0.5390625 0.24609375
vt 0.5234375 0.25390625
vt 0.51953125 0.25
vt 0.54296875 0.3125
vt 0.53515625 0.32421875
vt 0.53515625 0.3203125
vt 0.54296875 0.328125
vt 0.53515625 0.3359375
vt 0.546875 0.3359375
vt 0.55078125 0.328125
vt 0.55078125 0.33984375
vt 0.55859375 0.3359375
vt 0.5546875 0.32421875
vt 0.55078125 0.31640625
vt 0.5703125 0.32421875
vt 0.5546875 0.3125
vt 0.56640625 0.3203125
vt 0.55859375 0.30859375
vt 0.41796875 0.2578125
vt 0.421875 0.265625
vt 0.40625 0.2890625
vt 0.4296875 0.3046875
vt 0.79296875 0.49609375
vt 0.79296875 0.49609375
vt 0.80078125 0.5078125
vt 0.7890625 0.484375
vt 0.3515625 0.30078125
vt 0.34375 0.3046875
vt 0.3359375 0.30078125
vt 0.3359375 0.28515625
vt 0.33203125 0.2890625
vt 0.34375 0.27734375
vt 0.34375 0.2734375
vt 0.359375 0.29296875
vt 0.37109375 0.2890625
vt 0.37890625 0.2734375
vt 0.38671875 0.28515625
vt 0.3984375 0.26171875
vt 0.40625 0.2890625
vt 0.41796875 0.2578125
vt 0.8046875 0.50390625
vt 0.80078125 0.5078125
vt 0.8046875 0.50390625
vt 0.81640625 0.50390625
vt 0.81640625 0.4921875
vt 0.796875 0.484375
vt 0.8046875 0.48046875
vt 0.8125 0.47265625
vt 0.828125 0.47265625
vt 0.82421875 0.4609375
vt 0.84765625 0.4609375
vt 0.8359375 0.4375
vt 0.84375 0.42578125
vt 0.83984375 0.40234375
vt 0.87109375 0.453125
vt 0.79296875 0.49609375
vt 0.80078125 0.5078125
vt 0.7890625 0.484375
vt 0.79296875 0.48046875
vt 0.8046875 0.48046875
vt 0.80078125 0.4765625
vt 0.8125 0.47265625
vt 0.80859375 0.4609375
vt 0.82421875 0.4609375
vt 0.81640625 0.4453125
vt 0.8359375 0.4375
vt 0.828125 0.43359375
vt 0.83203125 0.3984375
vt 0.83984375 0.40234375
vt 0.75 0.40625
vt 0.75 0.4140625
vt 0.734375 0.4140625
vt 0.75 0.40234375
vt 0.76171875 0.40234375
vt 0.765625 0.40625
vt 0.77734375 0.41015625
vt 0.76953125 0.41015625
vt 0.81640625 0.49609375
vt 0.81640625 0.50390625
vt 0.81640625 0.4921875
vt 0.828125 0.47265625
vt 0.84375 0.4765625
vt 0.84765625 0.4609375
vt 0.8671875 0.46875
vt 0.87109375 0.453125
vt 0.8828125 0.47265625
vt 0.87890625 0.44921875
vt 0.88671875 0.44921875
vt 0.84375 0.40625
vt 0.84375 0.41796875
vt 0.86328125 0.421875
vt 0.86328125 0.41796875
vt 0.87890625 0.44921875
vt 0.8671875 0.421875
vt 0.88671875 0.44921875
vt 0.6328125 0.265625
vt 0.6328125 0.28125
vt 0.62890625 0.28515625
vt 0.64453125 0.2890625
vt 0.63671875 0.26953125
vt 0.64453125 0.26171875
vt 0.64453125 0.28515625
vt 0.6484375 0.265625
vt 0.66015625 0.2890625
vt 0.66015625 0.29296875
vt 0.6640625 0.25
vt 0.66015625 0.24609375
vt 0.71484375 0.24609375
vt 0.67578125 0.29296875
vt 0.67578125 0.296875
vt 0.69140625 0.2890625
vt 0.6875 0.28515625
vt 0.71484375 0.25
vt 0.71484375 0.26171875
vt 0.71875 0.265625
vt 0.72265625 0.25
vt 0.734375 0.24609375
vt 0.6328125 0.265625
vt 0.62890625 0.28515625
vt 0.6328125 0.28125
vt 0.64453125 0.2890625
vt 0.63671875 0.26953125
vt 0.64453125 0.26171875
vt 0.64453125 0.28515625
vt 0.6484375 0.265625
vt 0.66015625 0.2890625
vt 0.66015625 0.29296875
vt 0.6640625 0.25
vt 0.66015625 0.24609375
vt 0.71484375 0.24609375
vt 0.67578125 0.29296875
vt 0.67578125 0.296875
vt 0.69140625 0.2890625
vt 0.6875 0.28515625
vt 0.71484375 0.25
vt 0.71484375 0.26171875
vt 0.71875 0.265625
vt 0.72265625 0.25
vt 0.734375 0.24609375
vt 0.83203125 0.27734375
vt 0.8359375 0.26171875
vt 0.82421875 0.27734375
vt 0.84765625 0.26953125
vt 0.859375 0.30078125
vt 0.83203125 0.27734375
vt 0.82421875 0.27734375
vt 0.8203125 0.29296875
vt 0.83203125 0.29296875
vt 0.859375 0.30078125
vt 0.83203125 0.27734375
vt 0.82421875 0.27734375
vt 0.8359375 0.26171875
vt 0.84765625 0.26953125
vt 0.859375 0.30078125
vt 0.83203125 0.27734375
vt 0.8203125 0.29296875
vt 0.82421875 0.27734375
vt 0.83203125 0.29296875
vt 0.859375 0.30078125
vt 0.890625 0.79296875
vt 0.890625 0.79296875
vt 0.890625 0.79296875
vt 0.890625 0.79296875
vt 0.890625 0.79296875
vt 0.890625 0.79296875
vt 0.890625 0.79296875
vt 0.890625 0.79296875
vt 0.890625 0.79296875
vt 0.890625 0.79296875
vt 0.890625 0.79296875
vt 0.890625 0.79296875
vt 0.890625 0.79296875
vt 0.890625 0.79296875
vt 0.90234375 0.8203125
vt 0.890625 0.79296875
vt 0.890625 0.79296875
vt 0.890625 0.79296875
vt 0.890625 0.79296875
vt 0.890625 0.79296875
vt 0.890625 0.79296875
vt 0.890625 0.79296875
vt 0.8984375 0.8203125
vt 0.890625 0.79296875
vt 0.90234375 0.8203125
vt 0.890625 0.79296875
vt 0.890625 0.79296875
vt 0.890625 0.79296875
vt 0.890625 0.79296875
vt 0.890625 0.79296875
vt 0.890625 0.79296875
vt 0.890625 0.79296875
vt 0.890625 0.79296875
vt 0.890625 0.79296875
vt 0.890625 0.79296875
vt 0.890625 0.79296875
vt 0.890625 0.79296875
vt 0.82421875 0.76171875
vt 0.80859375 0.74609375
vt 0.82421875 0.74609375
vt 0.80859375 0.74609375
vt 0.80859375 0.75390625
vt 0.80859375 0.74609375
vt 0.80859375 0.75390625
vt 0.80859375 0.74609375
vt 0.82421875 0.74609375
vt 0.8046875 0.7421875
vt 0.80859375 0.74609375
vt 0.80859375 0.75390625
vt 0.80859375 0.75390625
vt 0.8046875 0.7421875
vt 0.80859375 0.7578125
vt 0.80859375 0.7578125
vt 0.80859375 0.74609375
vt 0.82421875 0.76171875
vt 0.80859375 0.75390625
vt 0.80859375 0.75390625
vt 0.87890625 0.74609375
vt 0.87890625 0.74609375
vt 0.87890625 0.74609375
vt 0.87890625 0.7578125
vt 0.87890625 0.7578125
vt 0.87890625 0.7578125
vt 0.87890625 0.74609375
vt 0.87890625 0.74609375
vt 0.87890625 0.734375
vt 0.87890625 0.765625
vt 0.87890625 0.74609375
vt 0.87890625 0.74609375
vt 0.87890625 0.765625
vt 0.87890625 0.74609375
vt 0.87890625 0.74609375
vt 0.87890625 0.74609375
vt 0.87890625 0.74609375
vt 0.87890625 0.734375
vt 0.87890625 0.765625
vt 0.87890625 0.765625
vt 0.87890625 0.7578125
vt 0.87890625 0.7578125
vt 0.87890625 0.74609375
vt 0.87890625 0.74609375
vt 0.87890625 0.74609375
vt 0.84375 0.7578125
vt 0.84375 0.7578125
vt 0.84375 0.7578125
vt 0.84765625 0.74609375
vt 0.84765625 0.74609375
vt 0.84765625 0.78125
vt 0.85546875 0.71875
vt 0.84375 0.7578125
vt 0.84375 0.7578125
vt 0.84375 0.7578125
vt 0.84765625 0.74609375
vt 0.84765625 0.74609375
vt 0.85546875 0.71875
vt 0.84375 0.7578125
vt 0.84375 0.7578125
vt 0.84375 0.7578125
vt 0.84375 0.7578125
vt 0.84765625 0.74609375
vt 0.84765625 0.74609375
vt 0.84375 0.7578125
vt 0.84375 0.79296875
vt 0.84375 0.79296875
vt 0.84765625 0.74609375
vt 0.84765625 0.78125
vt 0.84765625 0.74609375
vt 0.84375 0.7578125
vt 0.84375 0.7578125
vt 0.84375 0.7578125
vt 0.88671875 0.8515625
vt 0.88671875 0.8515625
vt 0.88671875 0.8515625
vt 0.88671875 0.8515625
vt 0.88671875 0.8515625
vt 0.88671875 0.8515625
vt 0.88671875 0.8515625
vt 0.88671875 0.8515625
vt 0.88671875 0.8515625
vt 0.88671875 0.8515625
vt 0.88671875 0.8515625
vt 0.88671875 0.8515625
vt 0.88671875 0.8515625
vt 0.88671875 0.8515625
vt 0.88671875 0.8515625
vt 0.88671875 0.8515625
vt 0.88671875 0.8515625
vt 0.88671875 0.8515625
vt 0.88671875 0.8515625
vt 0.88671875 0.8515625
vt 0.88671875 0.8515625
vt 0.88671875 0.8515625
vt 0.88671875 0.87890625
vt 0.88671875 0.8515625
vt 0.88671875 0.8515625
vt 0.88671875 0.8515625
vt 0.88671875 0.8515625
vt 0.88671875 0.8515625
vt 0.88671875 0.8515625
vt 0.88671875 0.8515625
vt 0.88671875 0.8515625
vt 0.88671875 0.8515625
vt 0.88671875 0.8515625
vt 0.88671875 0.8515625
vt 0.88671875 0.8515625
vt 0.88671875 0.8515625
vt 0.88671875 0.8515625
vt 0.88671875 0.8515625
vt 0.88671875 0.8515625
vt 0.88671875 0.8515625
vt 0.88671875 0.8515625
vt 0.88671875 0.8515625
vt 0.88671875 0.8515625
vt 0.88671875 0.8515625
vt 0.88671875 0.8515625
vt 0.88671875 0.8515625
vt 0.88671875 0.8515625
vt 0.88671875 0.8515625
vt 0.88671875 0.8515625
vt 0.88671875 0.8515625
vt 0.88671875 0.8515625
vt 0.88671875 0.8515625
vt 0.88671875 0.8515625
vt 0.88671875 0.8515625
vt 0.88671875 0.8515625
vt 0.88671875 0.8515625
vt 0.88671875 0.8515625
vt 0.88671875 0.8515625
vt 0.88671875 0.8515625
vt 0.88671875 0.87890625
vt 0.88671875 0.8515625
vt 0.88671875 0.8515625
vt 0.88671875 0.8515625
vt 0.88671875 0.8515625
vt 0.88671875 0.8515625
vt 0.88671875 0.8515625
vt 0.88671875 0.8515625
vt 0.88671875 0.8515625
vt 0.88671875 0.8515625
vt 0.88671875 0.8515625
vt 0.88671875 0.8515625
vt 0.88671875 0.8515625
vt 0.890625 0.79296875
vt 0.890625 0.79296875
vt 0.890625 0.79296875
vt 0.890625 0.79296875
vt 0.890625 0.79296875
vt 0.890625 0.79296875
vt 0.890625 0.79296875
vt 0.890625 0.79296875
vt 0.890625 0.79296875
vt 0.890625 0.79296875
vt 0.890625 0.79296875
vt 0.890625 0.79296875
vt 0.890625 0.79296875
vt 0.890625 0.79296875
vt 0.890625 0.79296875
vt 0.890625 0.79296875
vt 0.890625 0.79296875
vt 0.890625 0.79296875
vt 0.890625 0.79296875
vt 0.890625 0.79296875
vt 0.890625 0.79296875
vt 0.890625 0.79296875
vt 0.890625 0.79296875
vt 0.8984375 0.765625
vt 0.890625 0.79296875
vt 0.890625 0.79296875
vt 0.890625 0.79296875
vt 0.890625 0.79296875
vt 0.890625 0.79296875
vt 0.890625 0.79296875
vt 0.890625 0.79296875
vt 0.890625 0.79296875
vt 0.890625 0.79296875
vt 0.890625 0.79296875
vt 0.890625 0.79296875
vt 0.890625 0.79296875
vt 0.890625 0.79296875
vt 0.890625 0.79296875
vt 0.890625 0.79296875
vt 0.890625 0.79296875
vt 0.890625 0.79296875
vt 0.890625 0.79296875
vt 0.890625 0.79296875
vt 0.890625 0.79296875
vt 0.890625 0.79296875
vt 0.890625 0.79296875
vt 0.890625 0.79296875
vt 0.8984375 0.765625
vt 0.890625 0.79296875
vt 0.890625 0.79296875
vt 0.890625 0.79296875
vt 0.890625 0.79296875
vt 0.890625 0.79296875
vt 0.890625 0.79296875
vt 0.890625 0.79296875
vt 0.890625 0.79296875
vt 0.890625 0.79296875
vt 0.890625 0.79296875
vt 0.890625 0.79296875
vt 0.890625 0.79296875
vt 0.890625 0.79296875
vt 0.890625 0.79296875
vt 0.890625 0.79296875
vt 0.890625 0.79296875
vt 0.890625 0.79296875
vt 0.890625 0.79296875
vt 0.890625 0.79296875
vt 0.890625 0.79296875
vt 0.890625 0.79296875
vt 0.890625 0.79296875
vt 0.890625 0.79296875
vt 0.890625 0.79296875
vt 0.8125 0.796875
vt 0.80078125 0.80859375
vt 0.8125 0.8046875
vt 0.80078125 0.80859375
vt 0.8125 0.796875
vt 0.8125 0.8046875
vt 0.80078125 0.79296875
vt 0.8125 0.8046875
vt 0.80078125 0.80859375
vt 0.80078125 0.80859375
vt 0.80078125 0.79296875
vt 0.79296875 0.828125
vt 0.80078125 0.80859375
vt 0.80078125 0.80859375
vt 0.8125 0.80859375
vt 0.79296875 0.828125
vt 0.81640625 0.81640625
vt 0.81640625 0.81640625
vt 0.8125 0.80859375
vt 0.80078125 0.80859375
vt 0.80078125 0.80859375
vt 0.81640625 0.81640625
vt 0.80078125 0.80859375
vt 0.8125 0.796875
vt 0.8671875 0.83984375
vt 0.8671875 0.83984375
vt 0.8671875 0.83984375
vt 0.8671875 0.83984375
vt 0.8671875 0.83984375
vt 0.8671875 0.83984375
vt 0.8671875 0.83984375
vt 0.8671875 0.83984375
vt 0.8671875 0.83984375
vt 0.8671875 0.83984375
vt 0.8671875 0.83984375
vt 0.8671875 0.83984375
vt 0.8671875 0.83984375
vt 0.8671875 0.83984375
vt 0.8671875 0.83984375
vt 0.8671875 0.83984375
vt 0.8671875 0.83984375
vt 0.8671875 0.83984375
vt 0.8671875 0.83984375
vt 0.8671875 0.83984375
vt 0.8671875 0.83984375
vt 0.8671875 0.83984375
vt 0.8671875 0.83984375
vt 0.8671875 0.83984375
vt 0.8671875 0.83984375
vt 0.8671875 0.83984375
vt 0.8671875 0.83984375
vt 0.8671875 0.83984375
vt 0.8671875 0.83984375
vt 0.8671875 0.83984375
vt 0.8671875 0.83984375
vt 0.8671875 0.83984375
vt 0.8671875 0.83984375
vt 0.8671875 0.83984375
vt 0.8671875 0.83984375
vt 0.8671875 0.828125
vt 0.8671875 0.87890625
vt 0.8671875 0.83984375
vt 0.8671875 0.83984375
vt 0.8671875 0.83984375
vt 0.8671875 0.83984375
vt 0.8671875 0.83984375
vt 0.8671875 0.83984375
vt 0.8671875 0.83984375
vt 0.8671875 0.83984375
vt 0.8671875 0.83984375
vt 0.8671875 0.83984375
vt 0.8671875 0.83984375
vt 0.87109375 0.8671875
vt 0.8671875 0.83984375
vt 0.8671875 0.83984375
vt 0.8671875 0.83984375
vt 0.8671875 0.83984375
vt 0.8671875 0.83984375
vt 0.87109375 0.828125
vt 0.8671875 0.828125
vt 0.87109375 0.8671875
vt 0.8671875 0.83984375
vt 0.79296875 0.828125
vt 0.7734375 0.80078125
vt 0.80078125 0.79296875
vt 0.7734375 0.85546875
vt 0.75390625 0.80078125
vt 0.75390625 0.8671875
vt 0.73828125 0.71484375
vt 0.76953125 0.90625
vt 0.75390625 0.8671875
vt 0.7734375 0.85546875
vt 0.78515625 0.88671875
vt 0.79296875 0.828125
vt 0.80859375 0.8515625
vt 0.81640625 0.81640625
vt 0.81640625 0.83984375
vt 0.828125 0.80859375
vt 0.83203125 0.9140625
vt 0.8359375 0.8515625
vt 0.85546875 0.87890625
vt 0.85546875 0.8203125
vt 0.8671875 0.87890625
vt 0.8671875 0.828125
vt 0.76171875 0.65234375
vt 0.73828125 0.71484375
vt 0.7734375 0.60546875
vt 0.8125 0.69140625
vt 0.75390625 0.73046875
vt 0.73828125 0.71484375
vt 0.76171875 0.65234375
vt 0.76953125 0.74609375
vt 0.8125 0.69140625
vt 0.796875 0.75
vt 0.83984375 0.70703125
vt 0.80859375 0.7578125
vt 0.80859375 0.7578125
vt 0.83984375 0.70703125
vt 0.8046875 0.7421875
vt 0.83984375 0.78515625
vt 0.80859375 0.7578125
vt 0.82421875 0.76171875
vt 0.8125 0.796875
vt 0.796875 0.75
vt 0.80078125 0.79296875
vt 0.76953125 0.74609375
vt 0.7734375 0.80078125
vt 0.75390625 0.73046875
vt 0.75390625 0.80078125
vt 0.73828125 0.71484375
vt 0.84375 0.79296875
vt 0.83984375 0.78515625
vt 0.82421875 0.76171875
vt 0.84375 0.79296875
vt 0.82421875 0.76171875
vt 0.84375 0.7578125
vt 0.8671875 0.8046875
vt 0.84765625 0.78125
vt 0.85546875 0.71875
vt 0.87109375 0.734375
vt 0.87109375 0.78125
vt 0.87890625 0.765625
vt 0.87890625 0.765625
vt 0.87890625 0.79296875
vt 0.87890625 0.7578125
vt 0.88671875 0.79296875
vt 0.890625 0.78125
vt 0.8984375 0.8203125
vt 0.87890625 0.765625
vt 0.87109375 0.671875
vt 0.87890625 0.734375
vt 0.87109375 0.734375
vt 0.85546875 0.6875
vt 0.85546875 0.71875
vt 0.84375 0.6875
vt 0.84375 0.7578125
vt 0.82421875 0.74609375
vt 0.82421875 0.76171875
vt 0.8984375 0.8203125
vt 0.890625 0.78125
vt 0.890625 0.79296875
vt 0.88671875 0.8515625
vt 0.87109375 0.828125
vt 0.88671875 0.8515625
vt 0.87890625 0.8671875
vt 0.87109375 0.828125
vt 0.87109375 0.8671875
vt 0.890625 0.79296875
vt 0.890625 0.734375
vt 0.8984375 0.765625
vt 0.890625 0.78125
vt 0.88671875 0.69140625
vt 0.87890625 0.7578125
vt 0.87890625 0.74609375
vt 0.8984375 0.8203125
vt 0.88671875 0.83984375
vt 0.88671875 0.83984375
vt 0.88671875 0.79296875
vt 0.8984375 0.89453125
vt 0.890625 0.89453125
vt 0.8984375 0.8515625
vt 0.890625 0.8671875
vt 0.890625 0.87890625
vt 0.88671875 0.8515625
vt 0.88671875 0.87890625
vt 0.890625 0.83984375
vt 0.88671875 0.83984375
vt 0.88671875 0.79296875
vt 0.88671875 0.83984375
vt 0.87890625 0.79296875
vt 0.87109375 0.828125
vt 0.88671875 0.8515625
vt 0.87109375 0.78125
vt 0.87109375 0.828125
vt 0.8671875 0.8046875
vt 0.8671875 0.828125
vt 0.84765625 0.78125
vt 0.85546875 0.8203125
vt 0.84375 0.79296875
vt 0.8359375 0.8515625
vt 0.83984375 0.78515625
vt 0.828125 0.80859375
vt 0.8125 0.796875
vt 0.81640625 0.81640625
vt 0.90234375 0.8203125
vt 0.890625 0.79296875
vt 0.890625 0.79296875
vt 0.8984375 0.79296875
vt 0.90234375 0.8203125
vt 0.890625 0.79296875
vt 0.90234375 0.8203125
vt 0.890625 0.8671875
vt 0.890625 0.83984375
vt 0.88671875 0.83984375
vt 0.890625 0.79296875
vt 0.890625 0.79296875
vt 0.890625 0.79296875
vt 0.890625 0.79296875
vt 0.890625 0.79296875
vt 0.890625 0.79296875
vt 0.890625 0.79296875
vt 0.890625 0.79296875
vt 0.890625 0.79296875
vt 0.890625 0.79296875
vt 0.890625 0.79296875
vt 0.890625 0.79296875
vt 0.890625 0.79296875
vt 0.890625 0.79296875
vt 0.90234375 0.8203125
vt 0.890625 0.79296875
vt 0.890625 0.79296875
vt 0.890625 0.79296875
vt 0.890625 0.79296875
vt 0.890625 0.79296875
vt 0.890625 0.79296875
vt 0.890625 0.79296875
vt 0.8984375 0.8203125
vt 0.90234375 0.8203125
vt 0.890625 0.79296875
vt 0.890625 0.79296875
vt 0.890625 0.79296875
vt 0.890625 0.79296875
vt 0.890625 0.79296875
vt 0.890625 0.79296875
vt 0.890625 0.79296875
vt 0.890625 0.79296875
vt 0.890625 0.79296875
vt 0.890625 0.79296875
vt 0.890625 0.79296875
vt 0.890625 0.79296875
vt 0.890625 0.79296875
vt 0.82421875 0.76171875
vt 0.82421875 0.74609375
vt 0.80859375 0.74609375
vt 0.80859375 0.74609375
vt 0.80859375 0.75390625
vt 0.80859375 0.74609375
vt 0.80859375 0.74609375
vt 0.80859375 0.75390625
vt 0.82421875 0.74609375
vt 0.8046875 0.7421875
vt 0.80859375 0.74609375
vt 0.80859375 0.75390625
vt 0.80859375 0.75390625
vt 0.8046875 0.7421875
vt 0.80859375 0.7578125
vt 0.80859375 0.7578125
vt 0.82421875 0.76171875
vt 0.80859375 0.74609375
vt 0.80859375 0.75390625
vt 0.80859375 0.75390625
vt 0.87890625 0.74609375
vt 0.87890625 0.74609375
vt 0.87890625 0.74609375
vt 0.87890625 0.7578125
vt 0.87890625 0.7578125
vt 0.87890625 0.7578125
vt 0.87890625 0.74609375
vt 0.87890625 0.74609375
vt 0.87890625 0.734375
vt 0.87890625 0.765625
vt 0.87890625 0.74609375
vt 0.87890625 0.74609375
vt 0.87890625 0.765625
vt 0.87890625 0.74609375
vt 0.87890625 0.74609375
vt 0.87890625 0.74609375
vt 0.87890625 0.74609375
vt 0.87890625 0.734375
vt 0.87890625 0.765625
vt 0.87890625 0.765625
vt 0.87890625 0.7578125
vt 0.87890625 0.7578125
vt 0.87890625 0.74609375
vt 0.87890625 0.74609375
vt 0.87890625 0.74609375
vt 0.84375 0.7578125
vt 0.84375 0.7578125
vt 0.84375 0.7578125
vt 0.84765625 0.74609375
vt 0.84765625 0.74609375
vt 0.84765625 0.78125
vt 0.85546875 0.71875
vt 0.84375 0.7578125
vt 0.84375 0.7578125
vt 0.84375 0.7578125
vt 0.84765625 0.74609375
vt 0.84765625 0.74609375
vt 0.85546875 0.71875
vt 0.84375 0.7578125
vt 0.84375 0.7578125
vt 0.84375 0.7578125
vt 0.84375 0.7578125
vt 0.84765625 0.74609375
vt 0.84765625 0.74609375
vt 0.84375 0.7578125
vt 0.84375 0.79296875
vt 0.84375 0.79296875
vt 0.84765625 0.78125
vt 0.84765625 0.74609375
vt 0.84765625 0.74609375
vt 0.84375 0.7578125
vt 0.84375 0.7578125
vt 0.84375 0.7578125
vt 0.88671875 0.8515625
vt 0.88671875 0.8515625
vt 0.88671875 0.8515625
vt 0.88671875 0.8515625
vt 0.88671875 0.8515625
vt 0.88671875 0.8515625
vt 0.88671875 0.8515625
vt 0.88671875 0.8515625
vt 0.88671875 0.8515625
vt 0.88671875 0.8515625
vt 0.88671875 0.8515625
vt 0.88671875 0.8515625
vt 0.88671875 0.8515625
vt 0.88671875 0.8515625
vt 0.88671875 0.8515625
vt 0.88671875 0.8515625
vt 0.88671875 0.8515625
vt 0.88671875 0.8515625
vt 0.88671875 0.8515625
vt 0.88671875 0.8515625
vt 0.88671875 0.8515625
vt 0.88671875 0.8515625
vt 0.88671875 0.87890625
vt 0.88671875 0.8515625
vt 0.88671875 0.8515625
vt 0.88671875 0.8515625
vt 0.88671875 0.8515625
vt 0.88671875 0.8515625
vt 0.88671875 0.8515625
vt 0.88671875 0.8515625
vt 0.88671875 0.8515625
vt 0.88671875 0.8515625
vt 0.88671875 0.8515625
vt 0.88671875 0.8515625
vt 0.88671875 0.8515625
vt 0.88671875 0.8515625
vt 0.88671875 0.8515625
vt 0.88671875 0.8515625
vt 0.88671875 0.8515625
vt 0.88671875 0.8515625
vt 0.88671875 0.8515625
vt 0.88671875 0.8515625
vt 0.88671875 0.8515625
vt 0.88671875 0.8515625
vt 0.88671875 0.8515625
vt 0.88671875 0.8515625
vt 0.88671875 0.8515625
vt 0.88671875 0.8515625
vt 0.88671875 0.8515625
vt 0.88671875 0.8515625
vt 0.88671875 0.8515625
vt 0.88671875 0.8515625
vt 0.88671875 0.8515625
vt 0.88671875 0.8515625
vt 0.88671875 0.8515625
vt 0.88671875 0.8515625
vt 0.88671875 0.8515625
vt 0.88671875 0.8515625
vt 0.88671875 0.8515625
vt 0.88671875 0.87890625
vt 0.88671875 0.8515625
vt 0.88671875 0.8515625
vt 0.88671875 0.8515625
vt 0.88671875 0.8515625
vt 0.88671875 0.8515625
vt 0.88671875 0.8515625
vt 0.88671875 0.8515625
vt 0.88671875 0.8515625
vt 0.88671875 0.8515625
vt 0.88671875 0.8515625
vt 0.88671875 0.8515625
vt 0.88671875 0.8515625
vt 0.890625 0.79296875
vt 0.890625 0.79296875
vt 0.890625 0.79296875
vt 0.890625 0.79296875
vt 0.890625 0.79296875
vt 0.890625 0.79296875
vt 0.890625 0.79296875
vt 0.890625 0.79296875
vt 0.890625 0.79296875
vt 0.890625 0.79296875
vt 0.890625 0.79296875
vt 0.890625 0.79296875
vt 0.890625 0.79296875
vt 0.890625 0.79296875
vt 0.890625 0.79296875
vt 0.890625 0.79296875
vt 0.890625 0.79296875
vt 0.890625 0.79296875
vt 0.890625 0.79296875
vt 0.890625 0.79296875
vt 0.890625 0.79296875
vt 0.890625 0.79296875
vt 0.890625 0.79296875
vt 0.8984375 0.765625
vt 0.890625 0.79296875
vt 0.890625 0.79296875
vt 0.890625 0.79296875
vt 0.890625 0.79296875
vt 0.890625 0.79296875
vt 0.890625 0.79296875
vt 0.890625 0.79296875
vt 0.890625 0.79296875
vt 0.890625 0.79296875
vt 0.890625 0.79296875
vt 0.890625 0.79296875
vt 0.890625 0.79296875
vt 0.890625 0.79296875
vt 0.890625 0.79296875
vt 0.890625 0.79296875
vt 0.890625 0.79296875
vt 0.890625 0.79296875
vt 0.890625 0.79296875
vt 0.890625 0.79296875
vt 0.890625 0.79296875
vt 0.890625 0.79296875
vt 0.890625 0.79296875
vt 0.890625 0.79296875
vt 0.8984375 0.765625
vt 0.890625 0.79296875
vt 0.890625 0.79296875
vt 0.890625 0.79296875
vt 0.890625 0.79296875
vt 0.890625 0.79296875
vt 0.890625 0.79296875
vt 0.890625 0.79296875
vt 0.890625 0.79296875
vt 0.890625 0.79296875
vt 0.890625 0.79296875
vt 0.890625 0.79296875
vt 0.890625 0.79296875
vt 0.890625 0.79296875
vt 0.890625 0.79296875
vt 0.890625 0.79296875
vt 0.890625 0.79296875
vt 0.890625 0.79296875
vt 0.890625 0.79296875
vt 0.890625 0.79296875
vt 0.890625 0.79296875
vt 0.890625 0.79296875
vt 0.890625 0.79296875
vt 0.890625 0.79296875
vt 0.890625 0.79296875
vt 0.8125 0.796875
vt 0.8125 0.8046875
vt 0.80078125 0.80859375
vt 0.80078125 0.80859375
vt 0.8125 0.796875
vt 0.80078125 0.79296875
vt 0.8125 0.8046875
vt 0.8125 0.8046875
vt 0.80078125 0.80859375
vt 0.80078125 0.80859375
vt 0.80078125 0.79296875
vt 0.79296875 0.828125
vt 0.80078125 0.80859375
vt 0.8125 0.80859375
vt 0.80078125 0.80859375
vt 0.79296875 0.828125
vt 0.81640625 0.81640625
vt 0.81640625 0.81640625
vt 0.80078125 0.80859375
vt 0.8125 0.80859375
vt 0.80078125 0.80859375
vt 0.81640625 0.81640625
vt 0.8125 0.796875
vt 0.80078125 0.80859375
vt 0.8671875 0.83984375
vt 0.8671875 0.83984375
vt 0.8671875 0.83984375
vt 0.8671875 0.83984375
vt 0.8671875 0.83984375
vt 0.8671875 0.83984375
vt 0.8671875 0.83984375
vt 0.8671875 0.83984375
vt 0.8671875 0.83984375
vt 0.8671875 0.83984375
vt 0.8671875 0.83984375
vt 0.8671875 0.83984375
vt 0.8671875 0.83984375
vt 0.8671875 0.83984375
vt 0.8671875 0.83984375
vt 0.8671875 0.83984375
vt 0.8671875 0.83984375
vt 0.8671875 0.83984375
vt 0.8671875 0.83984375
vt 0.8671875 0.83984375
vt 0.8671875 0.83984375
vt 0.8671875 0.83984375
vt 0.8671875 0.83984375
vt 0.8671875 0.83984375
vt 0.8671875 0.83984375
vt 0.8671875 0.83984375
vt 0.8671875 0.83984375
vt 0.8671875 0.83984375
vt 0.8671875 0.83984375
vt 0.8671875 0.83984375
vt 0.8671875 0.83984375
vt 0.8671875 0.83984375
vt 0.8671875 0.83984375
vt 0.8671875 0.83984375
vt 0.8671875 0.83984375
vt 0.8671875 0.828125
vt 0.8671875 0.87890625
vt 0.8671875 0.83984375
vt 0.8671875 0.83984375
vt 0.8671875 0.83984375
vt 0.8671875 0.83984375
vt 0.8671875 0.83984375
vt 0.8671875 0.83984375
vt 0.8671875 0.83984375
vt 0.8671875 0.83984375
vt 0.8671875 0.83984375
vt 0.8671875 0.83984375
vt 0.8671875 0.83984375
vt 0.87109375 0.8671875
vt 0.8671875 0.83984375
vt 0.8671875 0.83984375
vt 0.8671875 0.83984375
vt 0.8671875 0.83984375
vt 0.8671875 0.83984375
vt 0.87109375 0.828125
vt 0.8671875 0.828125
vt 0.87109375 0.8671875
vt 0.8671875 0.83984375
vt 0.79296875 0.828125
vt 0.80078125 0.79296875
vt 0.7734375 0.80078125
vt 0.7734375 0.85546875
vt 0.75390625 0.80078125
vt 0.75390625 0.8671875
vt 0.73828125 0.71484375
vt 0.76953125 0.90625
vt 0.7734375 0.85546875
vt 0.75390625 0.8671875
vt 0.78515625 0.88671875
vt 0.79296875 0.828125
vt 0.80859375 0.8515625
vt 0.81640625 0.81640625
vt 0.81640625 0.83984375
vt 0.828125 0.80859375
vt 0.83203125 0.9140625
vt 0.8359375 0.8515625
vt 0.85546875 0.87890625
vt 0.85546875 0.8203125
vt 0.8671875 0.87890625
vt 0.8671875 0.828125
vt 0.76171875 0.65234375
vt 0.7734375 0.60546875
vt 0.73828125 0.71484375
vt 0.8125 0.69140625
vt 0.75390625 0.73046875
vt 0.76171875 0.65234375
vt 0.73828125 0.71484375
vt 0.76953125 0.74609375
vt 0.8125 0.69140625
vt 0.796875 0.75
vt 0.83984375 0.70703125
vt 0.80859375 0.7578125
vt 0.80859375 0.7578125
vt 0.8046875 0.7421875
vt 0.83984375 0.70703125
vt 0.83984375 0.78515625
vt 0.82421875 0.76171875
vt 0.80859375 0.7578125
vt 0.8125 0.796875
vt 0.796875 0.75
vt 0.80078125 0.79296875
vt 0.76953125 0.74609375
vt 0.7734375 0.80078125
vt 0.75390625 0.73046875
vt 0.75390625 0.80078125
vt 0.73828125 0.71484375
vt 0.84375 0.79296875
vt 0.82421875 0.76171875
vt 0.83984375 0.78515625
vt 0.84375 0.79296875
vt 0.84375 0.7578125
vt 0.82421875 0.76171875
vt 0.8671875 0.8046875
vt 0.85546875 0.71875
vt 0.84765625 0.78125
vt 0.87109375 0.734375
vt 0.87109375 0.78125
vt 0.87890625 0.765625
vt 0.87890625 0.765625
vt 0.87890625 0.79296875
vt 0.87890625 0.7578125
vt 0.88671875 0.79296875
vt 0.890625 0.78125
vt 0.8984375 0.8203125
vt 0.87890625 0.765625
vt 0.87890625 0.734375
vt 0.87109375 0.671875
vt 0.87109375 0.734375
vt 0.85546875 0.6875
vt 0.85546875 0.71875
vt 0.84375 0.6875
vt 0.84375 0.7578125
vt 0.82421875 0.74609375
vt 0.82421875 0.76171875
vt 0.8984375 0.8203125
vt 0.890625 0.79296875
vt 0.890625 0.78125
vt 0.88671875 0.8515625
vt 0.88671875 0.8515625
vt 0.87109375 0.828125
vt 0.87890625 0.8671875
vt 0.87109375 0.828125
vt 0.87109375 0.8671875
vt 0.890625 0.79296875
vt 0.8984375 0.765625
vt 0.890625 0.734375
vt 0.890625 0.78125
vt 0.88671875 0.69140625
vt 0.87890625 0.7578125
vt 0.87890625 0.74609375
vt 0.8984375 0.8203125
vt 0.88671875 0.83984375
vt 0.88671875 0.83984375
vt 0.88671875 0.79296875
vt 0.8984375 0.89453125
vt 0.8984375 0.8515625
vt 0.890625 0.89453125
vt 0.890625 0.8671875
vt 0.890625 0.87890625
vt 0.88671875 0.8515625
vt 0.88671875 0.87890625
vt 0.890625 0.83984375
vt 0.88671875 0.83984375
vt 0.88671875 0.79296875
vt 0.88671875 0.83984375
vt 0.87890625 0.79296875
vt 0.87109375 0.828125
vt 0.88671875 0.8515625
vt 0.87109375 0.78125
vt 0.87109375 0.828125
vt 0.8671875 0.8046875
vt 0.8671875 0.828125
vt 0.84765625 0.78125
vt 0.85546875 0.8203125
vt 0.84375 0.79296875
vt 0.8359375 0.8515625
vt 0.83984375 0.78515625
vt 0.828125 0.80859375
vt 0.8125 0.796875
vt 0.81640625 0.81640625
vt 0.90234375 0.8203125
vt 0.890625 0.79296875
vt 0.890625 0.79296875
vt 0.8984375 0.79296875
vt 0.90234375 0.8203125
vt 0.90234375 0.8203125
vt 0.890625 0.79296875
vt 0.890625 0.8671875
vt 0.88671875 0.83984375
vt 0.890625 0.83984375
vt 0.890625 0.8671875
vt 0.88671875 0.83984375
vt 0.8984375 0.8203125
vt 0.8984375 0.8515625
vt 0.90234375 0.8203125
vt 0.890625 0.8671875
vt 0.8984375 0.8203125
vt 0.88671875 0.83984375
vt 0.8984375 0.8515625
vt 0.90234375 0.8203125
vn 0.205631554 -0.0324017406 -0.978092909
vn -0 -0.0250585228 -0.999686003
vn 0.0123277465 -0.0278655756 -0.99953568
vn -0.556881547 -0.274998546 0.78374666
vn -0.556881487 -0.274998516 0.78374666
vn -0.556881547 -0.274998516 0.78374666
vn 0.205631554 -0.0324017406 -0.978092909
vn 0.0123277465 -0.0278655756 -0.99953568
vn 0.180651471 0.129728749 -0.974954069
vn -0.205631569 -0.0324017517 -0.978092909
vn -0.0123277484 -0.0278655756 -0.99953568
vn -0 -0.0250585228 -0.999686003
vn 0.556881547 -0.274998546 0.78374666
vn 0.556881547 -0.274998516 0.78374666
vn 0.556881487 -0.274998516 0.78374666
vn -0.205631569 -0.0324017517 -0.978092909
vn -0.180651501 0.129728734 -0.974954069
vn -0.0123277484 -0.0278655756 -0.99953568
vn -0 -0.940273643 -0.340419561
vn -0 -0.802376211 -0.596818626
vn -0 -0.802376211 -0.596818626
vn -0 -0.943778574 -0.330578297
vn -0 -0.999610007 -0.0279290043
vn -0 -0.999610007 -0.0279289987
vn -0 0.812725246 0.582647145
vn -0 0.812725246 0.582647145
vn -0 0.812725246 0.582647145
vn -0 0.812725246 0.582647145
vn 0.217257991 0.257572442 -0.941517591
vn 0.205631554 -0.0324017406 -0.978092909
vn 0.180651471 0.129728749 -0.974954069
vn 0.204973236 0.256205648 -0.944639981
vn 0.204562217 0.138845384 -0.968956232
vn 0.19526279 0.147077248 -0.969660103
vn 0.214090422 0.119615868 -0.969462395
vn 0.214090392 0.11961586 -0.969462395
vn -0.498255879 0.853776276 0.151020795
vn -0.357498884 0.910087228 0.209608659
vn -0.343243569 0.939201653 0.00916824117
vn -0.578811347 0.814881027 -0.0307603758
vn -0.309747189 0.925122857 -0.21955508
vn -0.791424334 0.61115998 -0.0114440713
vn -0.5791502 0.795529962 -0.17809321
vn -0.846690834 0.524188161 -0.0913310274
vn -0.886505067 0.439919144 -0.143456817
vn -0.917103589 0.389513016 -0.0848558843
vn -0.949535012 0.297833145 -0.0983804464
vn -0.969341874 0.211220562 -0.125547767
vn -0.984180808 0.157624394 -0.0808870271
vn -0.958946943 0.276279837 -0.0639548525
vn -0.941580236 0.332197994 -0.0554191507
vn 0.0484329499 0.614878774 -0.787133038
vn 0.128313258 0.545671165 -0.828117549
vn 0.0484329462 0.614878714 -0.787133038
vn 0.107623182 0.56441164 -0.818447709
vn 0.121610053 0.691110909 -0.712444127
vn 0.109914653 0.757150054 -0.643927455
vn -0 0.933087826 -0.359648675
vn -0 0.958019257 -0.286703736
vn -0 0.581247985 -0.813726485
vn -0 0.581247926 -0.813726485
vn 1 0 0
vn 1 0 0
vn 1 0 0
vn 1 0 0
vn 1 0 0
vn 1 0 0
vn -0 -0.0948093161 0.995495439
vn -0 -0.203436032 0.979088247
vn -0 -0.0948093012 0.995495439
vn -0 -0.247254893 0.96895045
vn -0 -0.659373939 0.7518152
vn -0 -0.736231565 0.676729679
vn -0 -0.846341431 0.532640815
vn -0 -0.846341431 0.532640815
vn -0 0.590533793 -0.807012975
vn -0 0.688814819 -0.72493726
vn -0 0.688814819 -0.72493726
vn -0 0.45676291 -0.889588535
vn 0.00657738326 0.142850131 -0.98972255
vn 0.00720179779 0.079903923 -0.996776521
vn 0.00761259394 0.0411981307 -0.999121964
vn 0.00761259347 0.0411981344 -0.999121964
vn -0 -0.926612079 0.376018852
vn -0 -0.937051237 0.349192113
vn -0 -0.926612079 0.376018822
vn -0 -0.940508425 0.339770496
vn -0 -0.960759461 0.277382702
vn -0 -0.972698569 0.232071921
vn -0 -0.986432493 0.164167613
vn -0 -0.986432493 0.164167613
vn -0 0.901120067 0.43356961
vn -0.70521152 0.629364431 0.326461732
vn -0 0.872482717 0.488645017
vn -0 0.951076806 0.308954567
vn -0.405936003 0.813759387 0.415946513
vn -0.974838912 0.222409382 -0.014936083
vn -0.929783106 0.359008163 0.0813421458
vn -0.459014356 0.884049773 -0.0881007165
vn -0 0.999984622 -0.00556170708
vn -0.966195524 0.234561563 -0.106990896
vn -0.97555691 -0.185012236 -0.11857117
vn -0.989721596 0.143007606 0
vn -0.329254866 0.942738295 -0.0532513298
vn -0 0.99849093 -0.0549165867
vn -0 0.975499392 0.220002279
vn -0.388365567 0.895010471 0.219382063
vn -0 0.878537476 0.477673471
vn -0.768810272 0.611611009 -0.186715633
vn -0.34930712 0.808302045 0.473953843
vn -0 0.58108902 0.813840032
vn -0.712408602 0.668340087 0.213998571
vn -0.841467142 0.499151409 -0.20683533
vn -0.230419517 0.533281922 0.813951612
vn -0 -0.0263722464 0.999652267
vn -0.645608366 0.60501188 0.46599406
vn -0.826686442 0.524657965 -0.203282133
vn -0.892920136 0.436831355 -0.10895884
vn -0.887605548 0.405204266 0.219011426
vn -0.817462802 0.391812801 0.422181636
vn -0.427234143 0.395203918 0.813194215
vn -0.917615116 0.37798062 -0.12293575
vn -0.482431591 0.24112837 0.842090786
vn -0.988029301 0.129506528 -0.083822675
vn -0.969944417 0.152409136 0.189681783
vn -0.434866995 -0.0853193477 0.896443665
vn -0 -0.192240492 0.981347919
vn -0.670187652 0.10844487 0.734226286
vn -0.57463485 -0.0758122057 0.814890921
vn -0.774379432 0.0302367397 0.631998539
vn -0.944432139 0.169697732 0.281514645
vn -0.995784581 -0.0626258776 0.0670150071
vn -0.914597511 -0.0685299411 0.39851594
vn -0.981990278 -0.152251527 -0.111868635
vn -0.963673234 -0.22296758 -0.147035524
vn -0.967160761 -0.238494128 0.0878670886
vn -0.844265521 -0.252237409 0.472855181
vn -0.935114443 -0.339464396 0.101611704
vn -0.676910341 -0.615486264 0.403694332
vn -0.506717741 -0.201551214 0.838220835
vn -0.927552462 -0.323764324 -0.186609596
vn -0.905710697 -0.402875423 -0.13183184
vn -0.465752125 -0.465555966 0.752550662
vn -0.331271172 -0.584874868 0.740392268
vn -0 -0.617028356 0.786940873
vn -0 -0.723261237 0.690574467
vn -0.440774709 -0.77580291 0.451494604
vn -0 -0.900682211 0.43447867
vn -0.48379904 -0.840964079 0.242317796
vn -0 -0.951165795 0.308680415
vn -0.509781659 -0.840155125 0.185100049
vn -0 -0.962766647 0.270334005
vn -0 -0.972437799 0.233162612
vn -0.713527262 -0.66380924 0.224134207
vn -0.853024483 -0.520200193 0.041725751
vn -0.598594725 -0.775329828 0.20136559
vn -0.805722535 -0.546349645 -0.228720605
vn -0.718643546 -0.335238993 -0.609234214
vn -0.688176155 -0.698524356 -0.196156576
vn -0.657686293 -0.735401869 -0.163195387
vn -0.575467348 -0.804107845 0.149157658
vn -0.574506998 -0.810490608 0.11422167
vn -0.688495934 -0.724980295 -0.019413447
vn -0.551960409 -0.826842308 0.108034663
vn -0.64276278 -0.763872564 0.0579191558
vn -0.879420996 -0.468843669 -0.082488358
vn -0.768740356 -0.439888179 -0.464259207
vn -0.852190614 -0.408488899 -0.326967955
vn -0.840271115 -0.453729302 -0.296773016
vn -0.923362076 -0.369559318 -0.104059748
vn -0.401212692 -0.890208006 0.21577321
vn -0.710313082 -0.678335965 -0.187924355
vn -0.660071671 -0.735765636 -0.15150702
vn -0.817204416 -0.535108924 -0.21409218
vn -0.639777362 -0.684746981 -0.349007785
vn -0.715383768 -0.505839288 -0.482029796
vn -0.884718776 -0.344608992 -0.313874781
vn -0.819176137 -0.573392332 -0.0131002655
vn -0.896791756 -0.236811921 -0.3737441
vn -0.886454821 -0.462145835 -0.0248801187
vn -0.850026071 -0.522267818 -0.0684974492
vn -0.806923747 -0.555613399 -0.2004195
vn -0.882859766 -0.429765373 -0.189368486
vn -0.896268904 -0.42952922 -0.110484436
vn -0.935211718 -0.209930122 -0.285146117
vn -0.258852899 0.170340374 -0.950778246
vn -0.912252426 -0.362554193 -0.190656781
vn -0.939231813 -0.299419791 -0.167903095
vn -0.949158192 -0.2106428 -0.23394078
vn -0 0.301258802 -0.953542411
vn -0 0.465163529 -0.885224819
vn 0.166136727 0.590347707 -0.789865911
vn -0 0.594808161 -0.803867638
vn 0.0033389919 0.472238839 -0.881464362
vn -0 0.240462974 -0.970658362
vn -0 0.472241461 -0.88146925
vn 0.00138368725 0.222896099 -0.974841177
vn -0 0.118483663 -0.992956042
vn -0 0.118483663 -0.992956042
vn -0.00360293523 -0.933366179 0.358907372
vn -0 -0.933372319 0.358909637
vn -0 -0.933372319 0.358909637
vn -0.00360293477 -0.933366179 0.358907372
vn 0.970670819 0.235925883 0.0462300293
vn 0.968980551 0.246694118 0.0147882812
vn 0.970670819 0.235925868 0.0462300293
vn 0.927368581 0.341875345 0.152015716
vn 0.920872688 0.298440367 0.250852019
vn 0.913975537 0.305548847 0.266999632
vn 0.915049553 0.266570419 0.302695185
vn 0.92073977 0.285700262 0.26573199
vn 0.957637191 0.201001883 0.206226334
vn 0.918145239 0.117198117 0.378515601
vn 0.849566638 0.231948152 0.473747492
vn 0.0414037965 -0.00804342795 0.999110043
vn 0.0678593367 -0.00987417903 0.997646034
vn 0.0678593218 -0.00987417903 0.997646034
vn 0.031481199 -0.00735583343 0.999477327
vn -0 -0.240002245 0.970772386
vn -0 -0.139686063 0.99019593
vn -0 -0.632448137 0.774602711
vn -0 -0.637242854 0.770663083
vn -0 -0.741620839 0.670819283
vn -0 -0.741620898 0.670819283
vn 0.852577329 -0.522592604 0.00298690191
vn 0.95246309 -0.298495948 0.0609449521
vn 0.967993557 -0.242232665 0.0656653568
vn 0.961090684 -0.265103638 0.0776191056
vn 0.98988682 -0.120469637 0.0749074444
vn 0.970778883 -0.215998247 0.104561254
vn 0.836145759 -0.542147875 0.0832821727
vn 0.874047041 -0.461959243 0.15045093
vn 0.585005522 -0.791460097 0.177085727
vn 0.553614557 -0.830905139 0.0557461604
vn 0.715466917 -0.697007179 -0.047833968
vn 0.329081118 -0.927883327 0.175323069
vn 0.31381163 -0.946698248 -0.0726951137
vn 0.293467104 -0.954614699 0.0508704931
vn 0.253910869 -0.964616418 -0.071025081
vn 0.895663142 0.421248615 -0.142608568
vn 0.677918732 0.734861851 0.0201055948
vn -0 0.854034603 -0.520216286
vn -0 0.648540199 -0.76118046
vn 0.984953284 0.164552405 0.0528162941
vn 0.895663142 0.421248615 -0.142608568
vn 0.986817956 0.161834285 0
vn 0.975510836 0.214127392 0.0502795987
vn 0.677918732 0.734861851 0.0201055948
vn 0.959608555 0.281338751 0
vn 0.99257797 0 -0.121610001
vn 0.943869293 0.329545617 -0.0225933567
vn 0.825972974 0.560085952 -0.0638148114
vn 0.729346037 0.683598101 -0.0273483004
vn 0.688297451 0.722898901 -0.0605293289
vn 0.158775777 0.979412019 0.124668829
vn 0.475527167 0.855359077 -0.205511287
vn -0.0302475747 0.99222225 0.120747939
vn -0 0.798758328 0.601652026
vn -0.996898293 0.00884904619 0.0782018378
vn -0 0.638017058 0.770022213
vn -0.618292332 0.399556547 0.676808119
vn -0.985119045 -0.156150848 0.0718155056
vn -0.944944501 -0.20205152 -0.257400721
vn -0.973376215 -0.222067967 0.0567848608
vn -0.931738853 -0.350949615 0.0932581797
vn -0.78762722 -0.578407884 0.212338716
vn -0.733448565 -0.634346128 0.244250596
vn -0.597410083 -0.760700345 0.253842592
vn -0.532660484 -0.77477634 0.34057945
vn -0.501932502 -0.821879447 0.269402742
vn -0.523075759 -0.819177747 0.235243589
vn -0.610547602 -0.545617282 -0.57404995
vn -0.986241102 -0.0639480874 -0.15244399
vn -0.997822523 0.044919841 -0.0482958332
vn -0.742466509 -0.0992558077 -0.662489116
vn -0.138586611 -0.570559204 -0.809478819
vn -0.0704594105 -0.420448363 -0.90457654
vn -0.0560975 -0.381159216 -0.922805846
vn -0.0182246584 -0.248714432 -0.968405366
vn -0.007683645 -0.181922749 -0.983282804
vn -0 -0.0346588567 -0.999399185
vn -0.01078171 0.05158085 -0.998610616
vn -0.195864573 0.304311514 -0.932218671
vn 0.191524193 0.761247933 -0.619532108
vn -0 0.690939367 -0.722912729
vn -0 -0.838149309 -0.545440793
vn 0.610547602 -0.545617223 -0.574050128
vn -0 -0.984555304 0.175073981
vn -0.836065888 -0.546403289 0.0493686385
vn -0.48293677 -0.840736747 0.244813859
vn -0 -0.91822803 0.396052182
vn -0.319961488 -0.902384698 0.288663208
vn -0 -0.947707772 0.319139272
vn -0 -0.954791069 0.297277838
vn -0 0.690939367 -0.722912729
vn 0.115636006 0.822193682 -0.557338119
vn 0.191524193 0.761247933 -0.619532108
vn 0.932778001 0.163748309 -0.32111004
vn 1 0 0
vn -0.00670967018 -0.326276839 0.945250452
vn -0.00907875225 -0.175584972 0.984422445
vn -0.00907875411 -0.175584972 0.984422445
vn -0.00751316547 -0.277197182 0.96078366
vn -0 -0.402556121 0.915395379
vn -0.00872719474 -0.212570593 0.97710675
vn -0.0113276727 -0.0365286842 0.999268353
vn -0 -0.0365305655 0.999332488
vn -0 0.00554328226 0.999984622
vn -0 0 1
vn -0 -0.482302874 0.876004517
vn -0 0.110004812 0.993931055
vn -0 0.330970734 0.943641007
vn -0 0.682914436 0.730498433
vn 0.158775777 0.979412019 0.124668829
vn -0.0388634279 0.86997956 0.491553992
vn -0.0302475747 0.99222225 0.120747939
vn -0.0239223447 0.865623832 0.500123143
vn -0 0.846987903 0.531612158
vn -0 0.735936463 0.67705065
vn 0.0239223447 0.865623832 0.500123143
vn -0 -0.940273643 -0.340419561
vn -0 -0.802376211 -0.596818626
vn -0 -0.802376211 -0.596818626
vn -0 -0.943778574 -0.330578297
vn -0 -0.999610007 -0.0279290043
vn -0 -0.999610007 -0.0279289987
vn -0 0.812725246 0.582647145
vn -0 0.812725246 0.582647145
vn -0 0.812725246 0.582647145
vn -0 0.812725246 0.582647145
vn -0.217257977 0.257572442 -0.941517591
vn -0.180651501 0.129728734 -0.974954069
vn -0.205631569 -0.0324017517 -0.978092909
vn -0.204973236 0.256205648 -0.944639981
vn -0.204562202 0.138845369 -0.968956232
vn -0.195262775 0.147077233 -0.969660103
vn -0.214090392 0.119615838 -0.969462395
vn -0.214090377 0.119615816 -0.969462395
vn 0.498255819 0.853776276 0.15102078
vn 0.343243569 0.939201713 0.00916824117
vn 0.357498854 0.910087228 0.209608659
vn 0.578811407 0.814881146 -0.0307603721
vn 0.3097471 0.925122857 -0.219555035
vn 0.791424274 0.6111601 -0.0114440545
vn 0.57915014 0.795530021 -0.178093195
vn 0.846690834 0.524188221 -0.0913309827
vn 0.886505067 0.439919144 -0.143456802
vn 0.917103589 0.389513046 -0.0848558843
vn 0.949535012 0.297833174 -0.0983804241
vn 0.969341874 0.211220592 -0.125547767
vn 0.984180808 0.157624424 -0.0808870271
vn 0.958946943 0.276279837 -0.0639548525
vn 0.941580236 0.332197994 -0.0554191768
vn -0.0484329537 0.614878714 -0.787133098
vn -0.0484329499 0.614878714 -0.787133098
vn -0.128313258 0.545671165 -0.828117549
vn -0.107623182 0.56441164 -0.818447709
vn -0.121610053 0.691110909 -0.712444127
vn -0.109914653 0.757150054 -0.643927455
vn -0 0.933087826 -0.359648675
vn -0 0.958019257 -0.286703736
vn -0 0.581247985 -0.813726485
vn -0 0.581247926 -0.813726485
vn -0 -0.0948093161 0.995495439
vn -0 -0.0948093012 0.995495439
vn -0 -0.203436017 0.979088247
vn -0 -0.247254893 0.96895045
vn -0 -0.659373939 0.7518152
vn -0 -0.736231565 0.676729679
vn -0 -0.846341431 0.532640815
vn -0 -0.846341431 0.532640815
vn -0 0.590533793 -0.807012975
vn -0 0.688814819 -0.72493726
vn -0 0.688814819 -0.72493726
vn -0 0.45676291 -0.889588535
vn -0.0065773814 0.142850131 -0.98972255
vn -0.00720179779 0.079903923 -0.996776521
vn -0.00761259208 0.0411981307 -0.999121964
vn -0.00761259254 0.0411981344 -0.999121964
vn -0 -0.926612079 0.376018763
vn -0 -0.926612079 0.376018763
vn -0 -0.937051237 0.349192083
vn -0 -0.940508425 0.339770496
vn -0 -0.960759461 0.277382702
vn -0 -0.972698569 0.232071966
vn -0 -0.986432493 0.164167628
vn -0 -0.986432493 0.164167628
vn -0 0.901120067 0.43356961
vn -0 0.872482717 0.488645017
vn 0.70521152 0.629364431 0.326461732
vn -0 0.951076806 0.308954567
vn 0.405936033 0.813759506 0.415946424
vn 0.974838912 0.222409442 -0.0149360672
vn 0.929783106 0.359008163 0.0813421756
vn 0.459014416 0.884049773 -0.0881007314
vn -0 0.999984622 -0.00556170708
vn 0.966195524 0.234561592 -0.106990866
vn 0.97555691 -0.185012236 -0.11857117
vn 0.989721596 0.143007606 0
vn 0.329254866 0.942738295 -0.0532513447
vn -0 0.99849093 -0.0549165867
vn -0 0.975499392 0.220002279
vn 0.388365567 0.895010471 0.219382063
vn -0 0.878537476 0.477673471
vn 0.768810272 0.611610949 -0.186715633
vn 0.34930715 0.808302045 0.473953843
vn -0 0.58108902 0.813840032
vn 0.712408662 0.668340087 0.213998556
vn 0.841467261 0.499151379 -0.206835374
vn 0.230419517 0.533281922 0.813951612
vn -0 -0.0263722464 0.999652267
vn 0.645608366 0.60501188 0.46599406
vn 0.826686442 0.524657845 -0.203282133
vn 0.892920136 0.436831266 -0.108958907
vn 0.887605548 0.405204266 0.219011396
vn 0.817462742 0.391812801 0.422181636
vn 0.427234143 0.395203918 0.813194215
vn 0.917615116 0.37798062 -0.122935787
vn 0.482431591 0.24112837 0.842090786
vn 0.988029301 0.129506558 -0.083822675
vn 0.969944417 0.152409166 0.189681783
vn 0.434866995 -0.08531937 0.896443665
vn -0 -0.192240492 0.981347919
vn 0.670187593 0.10844487 0.734226346
vn 0.57463485 -0.0758122131 0.814890921
vn 0.774379551 0.0302367471 0.631998599
vn 0.944432139 0.169697762 0.281514585
vn 0.995784581 -0.0626258701 0.0670149922
vn 0.914597511 -0.0685299486 0.39851597
vn 0.981990278 -0.152251512 -0.111868635
vn 0.963673234 -0.22296752 -0.147035494
vn 0.967160761 -0.238494128 0.0878670886
vn 0.844265521 -0.252237409 0.472855181
vn 0.935114443 -0.339464307 0.101611696
vn 0.676910222 -0.615486264 0.403694302
vn 0.506717741 -0.201551214 0.838220835
vn 0.927552462 -0.323764294 -0.186609566
vn 0.905710697 -0.402875453 -0.13183184
vn 0.465752155 -0.465555966 0.752550781
vn 0.331271261 -0.584874868 0.740392268
vn -0 -0.617028356 0.786940873
vn -0 -0.723261237 0.690574467
vn 0.440774769 -0.77580291 0.451494604
vn -0 -0.900682211 0.43447867
vn 0.48379904 -0.840964079 0.24231784
vn -0 -0.951165795 0.308680415
vn 0.509781659 -0.840155065 0.185100049
vn -0 -0.962766647 0.270334005
vn -0 -0.972437799 0.233162612
vn 0.713527322 -0.66380924 0.224134222
vn 0.853024483 -0.520200193 0.0417257436
vn 0.598594725 -0.775329828 0.201365605
vn 0.805722535 -0.546349645 -0.228720605
vn 0.718643606 -0.335238963 -0.609234214
vn 0.688176155 -0.698524356 -0.196156576
vn 0.657686353 -0.735401809 -0.163195416
vn 0.575467288 -0.804107726 0.149157643
vn 0.574507058 -0.810490549 0.11422167
vn 0.688495934 -0.724980235 -0.0194134358
vn 0.551960409 -0.826842248 0.108034685
vn 0.64276278 -0.763872564 0.0579191782
vn 0.879420996 -0.468843669 -0.0824883208
vn 0.768740356 -0.439888179 -0.464259207
vn 0.852190614 -0.408488899 -0.326967955
vn 0.840271115 -0.453729302 -0.296773016
vn 0.923362017 -0.369559348 -0.104059719
vn 0.401212692 -0.890208006 0.21577318
vn 0.710313082 -0.678335965 -0.18792434
vn 0.660071671 -0.735765636 -0.15150702
vn 0.817204416 -0.535108924 -0.21409221
vn 0.639777362 -0.684746981 -0.349007785
vn 0.715383708 -0.505839288 -0.482029855
vn 0.884718776 -0.344608933 -0.313874781
vn 0.819176137 -0.573392391 -0.0131002702
vn 0.896791756 -0.236811876 -0.3737441
vn 0.886454821 -0.462145835 -0.0248801149
vn 0.850026071 -0.522267818 -0.0684974417
vn 0.806923747 -0.555613399 -0.200419545
vn 0.882859766 -0.429765373 -0.189368457
vn 0.896268904 -0.42952925 -0.110484436
vn 0.935211718 -0.209930107 -0.285146117
vn 0.258852899 0.170340374 -0.950778246
vn 0.912252426 -0.362554163 -0.190656751
vn 0.939231813 -0.299419761 -0.167903051
vn 0.949158192 -0.210642785 -0.23394078
vn -0 0.301258802 -0.953542411
vn -0 0.465163529 -0.885224819
vn -0.166136727 0.590347707 -0.789865911
vn -0 0.594808161 -0.803867638
vn -0.00333899539 0.472238868 -0.881464243
vn -0 0.472241461 -0.88146925
vn -0 0.240462974 -0.970658362
vn -0.00138368877 0.222896099 -0.974841177
vn -0 0.118483663 -0.992956042
vn -0 0.118483663 -0.992956042
vn 0.00360293384 -0.933366299 0.358907342
vn 0.00360293384 -0.933366299 0.358907342
vn -0 -0.933372319 0.358909637
vn -0 -0.933372319 0.358909637
vn -0.970670819 0.235925883 0.0462300293
vn -0.970670819 0.235925868 0.0462300293
vn -0.968980551 0.246694118 0.0147882812
vn -0.927368581 0.341875374 0.152015731
vn -0.920872688 0.298440427 0.250851989
vn -0.913975537 0.305548906 0.266999602
vn -0.915049672 0.266570479 0.302695155
vn -0.92073977 0.285700291 0.265731961
vn -0.957637191 0.201001853 0.206226364
vn -0.918145239 0.117198117 0.378515601
vn -0.849566638 0.231948152 0.473747492
vn -0.0414037965 -0.0080434205 0.999110043
vn -0.0678593218 -0.00987416878 0.997646034
vn -0.0678593367 -0.00987416878 0.997646034
vn -0.031481199 -0.0073558283 0.999477327
vn -0 -0.240002185 0.970772386
vn -0 -0.139686048 0.99019593
vn -0 -0.632448137 0.774602711
vn -0 -0.637242854 0.770663083
vn -0 -0.741620839 0.670819283
vn -0 -0.741620898 0.670819283
vn -0.852577329 -0.522592545 0.00298689143
vn -0.967993557 -0.242232636 0.065665327
vn -0.95246309 -0.298495919 0.0609449223
vn -0.961090684 -0.265103668 0.0776190981
vn -0.98988682 -0.120469637 0.0749074593
vn -0.970778883 -0.215998232 0.104561247
vn -0.836145759 -0.542147934 0.0832821801
vn -0.874047041 -0.461959243 0.150450915
vn -0.585005522 -0.791460097 0.177085757
vn -0.553614497 -0.830905139 0.0557461716
vn -0.715466917 -0.697007179 -0.0478339642
vn -0.329081178 -0.927883327 0.175323114
vn -0.31381163 -0.946698248 -0.0726950988
vn -0.293467045 -0.954614699 0.0508704931
vn -0.25391081 -0.964616418 -0.0710250586
vn -0.695585251 0.326379508 -0.640029371
vn 0.115636006 0.822193682 -0.557338119
vn -0.191524193 0.761247933 -0.619532108
vn -0 0.690939367 -0.722912729
vn -0.895663142 0.421248615 -0.142608568
vn -0 0.854034603 -0.520216286
vn -0.677918732 0.734861851 0.0201055892
vn -0 0.648540258 -0.761180341
vn -0.984953284 0.16455242 0.052816283
vn -0.986817956 0.161834285 0
vn -0.895663142 0.421248615 -0.142608568
vn -0.975510836 0.214127392 0.050279595
vn -0.677918732 0.734861851 0.0201055892
vn -0.959608555 0.281338751 0
vn -0.99257797 0 -0.121609978
vn -0.943869293 0.329545617 -0.0225933641
vn -0.825972974 0.560085952 -0.0638147667
vn -0.729346037 0.683598101 -0.0273482576
vn -0.688297451 0.722898901 -0.0605292916
vn -0.158775792 0.979412019 0.124668859
vn -0.475527167 0.855359077 -0.205511287
vn 0.0302475747 0.99222225 0.120747939
vn -0 0.798758328 0.601652026
vn -0 0.638017058 0.770022213
vn 0.996898293 0.00884902664 0.0782018378
vn 0.618292332 0.399556637 0.676808119
vn 0.985119045 -0.156150863 0.0718155131
vn 0.944944501 -0.20205155 -0.257400721
vn 0.973376215 -0.222067997 0.0567848682
vn 0.931738853 -0.350949615 0.0932581797
vn 0.787627161 -0.578407884 0.212338656
vn 0.733448505 -0.634346128 0.244250551
vn 0.597410083 -0.760700345 0.253842652
vn 0.532660484 -0.774776399 0.34057945
vn 0.501932561 -0.821879447 0.269402832
vn 0.610547602 -0.545617223 -0.574050128
vn 0.523075759 -0.819177687 0.235243648
vn 0.986241102 -0.0639480874 -0.15244399
vn 0.997822523 0.0449198373 -0.0482958332
vn 0.742466509 -0.0992558077 -0.662489116
vn 0.138586611 -0.570559204 -0.809478819
vn 0.0704594031 -0.420448422 -0.90457648
vn 0.0560975 -0.381159306 -0.922805846
vn 0.0182246584 -0.248714432 -0.968405366
vn 0.007683645 -0.181922749 -0.983282804
vn -0 -0.0346588567 -0.999399185
vn 0.01078171 0.0515808538 -0.998610616
vn 0.195864573 0.304311574 -0.932218671
vn -0.191524193 0.761247933 -0.619532108
vn -0 0.690939367 -0.722912729
vn 0.610547602 -0.545617223 -0.574050128
vn 0.00670967763 -0.326276839 0.945250452
vn 0.00907875411 -0.175584972 0.984422445
vn 0.00907875225 -0.175584972 0.984422445
vn 0.00751316966 -0.277197182 0.96078366
vn -0 -0.402556121 0.915395379
vn 0.00872720033 -0.212570593 0.97710675
vn 0.0113276727 -0.0365286842 0.999268353
vn -0 -0.0365305655 0.999332488
vn -0 0.00554328458 0.999984622
vn -0 -0.482302874 0.876004517
vn -0 0 1
vn -0 0.110004835 0.993931055
vn -0 0.330970764 0.943641007
vn -0 0.682914436 0.730498433
vn -0.158775792 0.979412019 0.124668859
vn 0.0388634168 0.869979441 0.491553992
vn 0.0302475747 0.99222225 0.120747939
vn 0.0239223447 0.865623832 0.500123143
vn -0 0.846987903 0.531612158
vn -0 -0.984555304 0.175073981
vn 0.836065888 -0.54640317 0.0493685864
vn 0.482936829 -0.840736628 0.244813904
vn -0 -0.91822803 0.396052182
vn 0.319961488 -0.902384698 0.288663149
vn -0 -0.947707772 0.319139272
vn -0 -0.954791069 0.297277838
vn 0.999406099 -0.0344600193 0
vn 0.942676663 -0.317645907 -0.102282673
vn 0.921186328 -0.303204983 -0.243890673
vn 0.956749916 -0.205576599 -0.205834836
vn 0.980121255 -0.19395785 0.0417448394
vn 0.977985263 -0.165447071 -0.127169296
vn 0.947755873 -0.317687869 0.028868353
vn 0.939846754 -0.332156271 -0.0797515661
vn 0.936406672 -0.334327012 -0.106620461
vn 0.962550044 -0.185895383 -0.19733344
vn 0.916403949 -0.342998832 -0.20629023
vn 0.909768224 -0.311885029 -0.273951739
vn 0.880880356 -0.367749184 -0.298010439
vn 0.958672523 -0.20587346 -0.196374997
vn 0.956726193 -0.216546819 -0.194376692
vn 0.934044957 -0.267832905 -0.236274555
vn 0.916334927 -0.338168651 -0.214411572
vn 0.885959446 -0.35398519 -0.299616694
vn 0.909786761 -0.262474388 -0.321551263
vn 0.904542327 -0.273995936 -0.326694548
vn 0.862882257 -0.337072521 -0.376585215
vn 0.882475495 -0.315628469 -0.348734468
vn -0.999406099 -0.0344600305 0
vn -0.921186328 -0.303205013 -0.243890643
vn -0.942676663 -0.317645907 -0.102282666
vn -0.956749916 -0.205576658 -0.20583488
vn -0.980121255 -0.19395785 0.0417448394
vn -0.977985263 -0.165447086 -0.127169266
vn -0.947755754 -0.317687869 0.0288683437
vn -0.939846754 -0.33215633 -0.079751581
vn -0.936406672 -0.334327042 -0.106620483
vn -0.962550044 -0.185895383 -0.197333425
vn -0.916403949 -0.342998832 -0.20629023
vn -0.909768224 -0.311885029 -0.273951739
vn -0.880880356 -0.367749184 -0.298010439
vn -0.958672523 -0.20587346 -0.196374983
vn -0.956726193 -0.216546819 -0.194376647
vn -0.934044957 -0.267832965 -0.236274511
vn -0.916334927 -0.338168681 -0.214411616
vn -0.885959446 -0.35398525 -0.299616694
vn -0.909786761 -0.262474418 -0.321551293
vn -0.904542327 -0.273995966 -0.326694459
vn -0.862882257 -0.337072551 -0.376585126
vn -0.882475495 -0.315628529 -0.348734379
vn -0.675118208 -0.345495343 -0.651803851
vn -0.644206107 -0.147275984 -0.750538588
vn -0.644206166 -0.147275984 -0.750538588
vn -0.67806679 -0.422768742 -0.601241946
vn -0.668563843 -0.553905427 -0.496196777
vn -0.678100228 0.076649338 0.730961621
vn -0.691806853 0.0226064492 0.721728563
vn -0.691806853 0.0226064492 0.721728563
vn -0.667767346 0.11251615 0.735817194
vn -0.648991287 0.170363396 0.741475999
vn 0.675118208 -0.345495343 -0.651803851
vn 0.644206166 -0.147275984 -0.750538588
vn 0.644206107 -0.147275984 -0.750538588
vn 0.67806679 -0.422768742 -0.601241946
vn 0.668563843 -0.553905427 -0.496196777
vn 0.678100228 0.0766493157 0.730961621
vn 0.691806853 0.022606425 0.721728563
vn 0.691806853 0.022606425 0.721728563
vn 0.667767346 0.112516135 0.735817194
vn 0.648991287 0.170363396 0.741475999
vn -0 1 0
vn -0.167683035 0.973009527 0.158539578
vn -0 1 0
vn -0.330422461 0.823789716 0.460642427
vn 0.139361113 -0.467641175 0.872863293
vn 0.217054144 -0.212594613 0.952728212
vn 0.182900697 -0.218310043 0.958586514
vn 0.103188597 -0.424621999 0.899471104
vn 0.048874367 -0.717710257 0.694624543
vn 0.0356846936 -0.702152133 0.711132228
vn -0.568856418 -0.665709615 0.482942164
vn 0.086199604 -0.819944918 0.565915227
vn -0.331202865 -0.807594001 0.487951517
vn 0.348346621 -0.819958389 0.454227775
vn -0.65867126 -0.61433363 0.434449404
vn -0.894279659 -0.305520892 0.326987624
vn -0.892863214 -0.327140123 0.309474826
vn -0.871930122 -0.392867595 0.292220443
vn -0.859186828 -0.309222937 0.40765062
vn -0.838709414 -0.354548246 0.413354576
vn -0.790526152 -0.328857154 0.516644359
vn -0.749963343 -0.350417733 0.561036766
vn -0.029209448 0.700416386 -0.713136554
vn 0.0849350169 0.843199134 -0.530849576
vn -0.0900089964 0.702407658 -0.706060767
vn 0.572111309 0.717664123 -0.397047728
vn 0.769888043 0.583327353 -0.258846372
vn 0.159566745 0.774782121 -0.611760616
vn 0.827118337 0.502781987 -0.251168311
vn 0.592944801 0.628862858 -0.502939224
vn 0.0980293602 0.602690876 -0.791930497
vn 0.837817192 0.427926123 -0.339030296
vn 0.576518893 0.487192631 -0.655949116
vn 0.0746012628 0.389340401 -0.918067932
vn 0.783524156 0.406032115 -0.470348537
vn 0.495857805 0.410810977 -0.765087903
vn 0.705794573 0.375927895 -0.600443304
vn -0.860286772 -0.453577578 -0.232753322
vn -0.77627939 -0.275382906 -0.567057729
vn -0.863653243 -0.474511445 -0.170123264
vn -0.781517744 -0.328254551 -0.53054589
vn -0.788978219 -0.437836647 -0.431059659
vn 0.552363276 -0.774752438 -0.307658106
vn 0.523877442 -0.800981581 -0.289794564
vn 0.541557133 -0.785264313 -0.300126404
vn 0.450436473 -0.853227198 -0.262888402
vn 0.461897373 -0.825814962 -0.323543608
vn 0.800398707 0.118227512 0.587694049
vn 0.818791032 0.196157426 0.539540172
vn 0.802245677 0.150738046 0.577650309
vn 0.758689225 0.135987863 0.637101293
vn 0.756185472 0.141603097 0.638852179
vn -0.575477183 0.734881341 0.358852834
vn -0.595410407 0.694880486 0.403271049
vn -0.500477195 0.807681143 0.311726958
vn -0.594861984 0.691253483 0.410253227
vn -0.598727643 0.686435401 0.412712365
vn -0.850353003 -0.466020435 -0.244386435
vn -0.888813734 -0.458268732 0
vn -0.851328254 -0.457818121 -0.256208271
vn -0.850488782 -0.388075322 -0.355058312
vn -0.00360593642 -0.909613132 0.41544047
vn -0.418257803 -0.907470345 0.0394702144
vn 0.283935964 -0.767704129 0.574465573
vn 0.265053272 -0.791300178 0.550990701
vn 0.304325581 -0.821385145 0.482402682
vn 0.371217817 -0.838188171 0.39954713
vn 0.370808005 -0.842278659 0.391239077
vn 0.439978063 -0.85790062 0.265378684
vn 0.514442205 0.784106791 0.347168088
vn 0.42931667 0.757861435 0.491256863
vn 0.511048317 0.776861906 0.367852122
vn 0.561385095 0.746755064 0.356656224
vn -0.101570167 0.954186797 -0.281444699
vn 0.522578955 0.806669056 0.27603671
vn 0.0743445233 0.997202754 -0.0077315513
vn -0.318335176 0.823986769 -0.468730748
vn -0.364625782 0.790759921 -0.491677463
vn -0.530836701 0.833475769 -0.153396577
vn -0.419106305 0.852360249 -0.312780917
vn -0.420749873 0.858025074 -0.294554919
vn -0.517224848 0.851319671 -0.0879384726
vn -0.90840894 0.221988589 -0.354279965
vn -1 0 0
vn -0.90846169 0.262628496 -0.325151771
vn -0.950374544 0.0511713363 -0.306870997
vn -0.949854851 0.0627573803 -0.306328654
vn -0.733565032 0.643312275 -0.219161481
vn -0.785746932 0.550067306 -0.282891959
vn -0.488466382 -0.800504148 0.347266018
vn -0.418735564 -0.902093887 0.104341432
vn -0.499207288 -0.789603293 0.356817573
vn -0.609849095 -0.616020977 0.498600274
vn -0.631456733 -0.599094272 0.492288977
vn -0.567983747 -0.559465706 0.603649437
vn -0.785847545 -0.403344572 0.468782395
vn 0.854846179 -0.179130107 0.486980915
vn 0.850648344 0 0.52573514
vn 0.864038706 -0.228893965 0.448379993
vn 0.941886306 -0.0305854641 0.334536642
vn 0.938377202 -0.029434137 0.344357103
vn 0.85332489 0.0209095944 0.520960093
vn 0.842224061 0.0170224477 0.53885895
vn 0.733959019 0.477770984 -0.482741088
vn 0.577115476 0.6366539 -0.511477768
vn 0.553714156 0.575971961 -0.601379216
vn 0.545045018 0.666012406 -0.509267449
vn 0.479322612 0.828007579 -0.290952146
vn 0.481788218 0.824594796 -0.296518892
vn 0.389154732 0.92117244 0
vn -0.493272275 0.777039051 0.391015112
vn -0.490978181 0.7543028 0.435852855
vn -0.50330478 0.776027262 0.38008672
vn -0.533091843 0.75564748 0.38053906
vn -0.565518975 0.752420247 0.337715834
vn -0.600327611 0.724865973 0.337899417
vn -0.617020011 0.721319139 0.314618856
vn -0.829836845 -0.55126977 -0.0864436179
vn -0.807936072 -0.589270055 0
vn -0.829991758 -0.553169906 -0.0715307742
vn -0.834702492 -0.508339286 -0.211808413
vn -0.834533572 -0.508337915 -0.212476537
vn -0.704572499 -0.45485124 -0.544690669
vn -0.69298327 -0.511125326 -0.508453608
vn -0.627798378 -0.647922575 -0.431353211
vn -0.576726794 -0.697732389 -0.424918711
vn -0.709230065 -0.468031704 -0.527199268
vn 0.0862254873 -0.379489094 -0.921169519
vn -0.300554961 -0.776366711 -0.554004967
vn 0.309344053 -0.702217937 -0.641245782
vn -0.442510605 -0.889944911 0.110374182
vn -0 -1 0
vn -0.742772162 -0.645382047 -0.178245619
vn -0.734419405 -0.665052116 -0.135403022
vn 0.670154512 -0.23567149 -0.70381242
vn 0.814633489 -0.395962924 -0.423775315
vn 0.555360019 0.033834666 -0.830921531
vn 0.41504395 0 -0.909801364
vn 0.407203496 -0.0117125316 -0.913262367
vn 0.227145687 0.226914376 -0.947055757
vn 0.165683448 0.193067476 -0.967095554
vn 0.0871011913 -0.00399091188 -0.996191502
vn -0.137439296 0.342626184 -0.929364145
vn 0.610682786 -0.769698262 -0.186094373
vn 0.599303246 -0.800522089 0
vn 0.62000972 -0.763320684 -0.181464806
vn 0.657234371 -0.740485251 -0.140444249
vn 0.677852809 -0.726989925 -0.109550335
vn 0.676051259 -0.736854553 0
vn 0.694319427 -0.719666898 0
vn 0.66444236 0.374931157 0.64648509
vn 0.819748044 0.341439843 0.459817261
vn 0.645559728 0.315137327 0.695658803
vn 0.856431842 0.325264871 0.400908142
vn 0.873580813 0.406465679 0.267660439
vn 0.871181548 0.415332943 0.261803955
vn 0.876176655 0.426500648 0.224525377
vn -0.358650863 -0.0215187483 0.933223724
vn -0.22763437 0.0426838621 0.972810686
vn -0.38340342 -0.0287232809 0.923134267
vn -0.204769686 0.0934919193 0.974334955
vn -0.533126652 -0.0668846518 0.843387485
vn -0.326053709 0.345820546 0.879827976
vn -0.599734426 0.207350403 0.77286762
vn -0.102992132 0.734485269 0.670763731
vn -0.687384307 0.303063273 0.660041928
vn 0.242266282 -0.395483345 0.885945797
vn -0.120336168 -0.273521572 0.954308689
vn 0.0112671396 -0.254504502 0.967005908
vn 0.174422428 -0.309384495 0.934803843
vn 0.868035913 0.32801494 0.372719705
vn 0.645559728 0.315137327 0.695658803
vn 0.888626456 0.337422848 0.310626417
vn 0.63678503 0.277849615 0.719238758
vn 0.600976825 0.481740862 0.637771726
vn 0.66444236 0.374931157 0.64648509
vn 0.372614771 0.580815554 0.723748267
vn -0.326053709 0.345820546 0.879827976
vn 0.352080911 0.676813066 0.646500647
vn -0.102992132 0.734485269 0.670763731
vn 0.548780322 0.822064519 0.151822507
vn 0.46992892 0.882704258 0
vn -0.867335498 0.422940165 -0.262394249
vn -1 0 0
vn -0.84808296 0.433834314 -0.304209113
vn -0.741719663 0.510754943 -0.43471998
vn -0.694932938 0.502669871 -0.514189839
vn -0.578881502 0.501970768 -0.642589748
vn -0.537113249 0.489180893 -0.687176347
vn -0.0752774328 -0.52612865 -0.8470667
vn -0 -0.599357784 -0.800481141
vn -0.0903412849 -0.536404848 -0.839111507
vn -0 -0.482013464 -0.87616384
vn -0 -0.482403994 -0.875948846
vn 0.341747016 -0.62696135 -0.700091779
vn 0.478367865 -0.467131823 -0.743607461
vn 0.488510668 -0.558764994 -0.670178294
vn 0.27039063 -0.792187095 -0.547109246
vn 0.496142238 -0.580679417 -0.645487607
vn 0.254911304 -0.81642139 -0.518146992
vn 0.47833696 -0.625557959 -0.616336703
vn 0.491142064 -0.654556096 -0.574748397
vn 0.193991408 -0.777753353 -0.597885549
vn 0.197266564 -0.824666381 -0.530104876
vn 0.184713691 -0.831353247 -0.524149477
vn 0.237324327 -0.780779541 -0.577979565
vn 0.658198953 -0.520715952 0.543717802
vn 1 0 0
vn 0.658020675 -0.522103488 0.542601824
vn 0.521464884 -0.629268765 0.576277018
vn 0.520503461 -0.619429767 0.587692857
vn 0.396271825 -0.675243974 0.622104704
vn 0.403513014 -0.660959065 0.632700801
vn -0.442542762 0.511587441 0.736501336
vn -0.371232659 0.506223559 0.77841115
vn -0.382986218 0.531550884 0.75549674
vn -0.52763027 0.369442612 0.764930367
vn -0.528613031 0.449027359 0.72037667
vn -0.395546973 0.522453308 0.755370855
vn -0.193096235 0.343002617 0.919273138
vn -0.162171066 0.344452679 0.924690664
vn -0.118731134 0.398123831 0.909615517
vn -0.145778328 0.389251202 0.909523129
vn -0 0 1
vn -0.965090573 -0.178327546 -0.191831455
vn -0.948028147 0 -0.318186611
vn -0.964245081 -0.156469241 -0.21389015
vn -0.95843792 -0.282398582 -0.0405936502
vn -0.95897609 -0.280992478 -0.0375238471
vn 0.57708621 0.551680207 -0.602179766
vn 0.675258756 0.520071447 -0.52302134
vn 0.578255177 0.549772978 -0.602802277
vn 0.681112349 0.524090528 -0.511287749
vn 0.862157404 0.429220796 -0.269173086
vn 0.849043369 0.454277337 -0.269735724
vn 0.932362616 0.360540599 -0.0266559031
vn 0.931743205 0.3630023 -0.00915835984
vn 0.975317597 0.0716577843 0.208855703
vn 0.966967881 0.0143747898 0.254492372
vn 0.926439464 0 0.376443863
vn -0.836099744 -0.40805769 0.3666417
vn -0.870494545 -0.448162824 0.203443617
vn -0.871499598 -0.421469569 0.250702739
vn -0.825485528 -0.39223066 0.405868024
vn -0.552695274 -0.120989479 0.824554145
vn -0.597933888 -0.511055231 0.617492974
vn -0.395765543 -0.488542825 0.777621746
vn -0.389290631 -0.647954643 0.654681265
vn -0.296168566 0.343405873 0.891266823
vn -0.347894967 0.522123635 0.778688669
vn -0.391767353 0.620849431 0.679017127
vn -0.396287203 0.629242659 0.668588161
vn -0.395546973 0.522453308 0.755370855
vn -0.528613031 0.449027359 0.72037667
vn -0.440683156 0.815983951 0.374123663
vn -0.413356692 0.814296186 0.407502055
vn -0.403923929 0.819419205 0.406691074
vn -0.332310349 0.840390503 0.428151488
vn -0.440683156 0.815983951 0.374123663
vn -0.403923929 0.819419205 0.406691074
vn -0.382282197 0.84538883 0.373065799
vn 0.130072966 -0.487901777 0.863152862
vn -0 -0.510383606 0.859946847
vn 0.133407116 -0.496729851 0.857590854
vn 0.150197521 -0.499987155 0.852908909
vn 0.150004223 -0.508054495 0.848162353
vn 0.717044771 -0.639932632 -0.27628395
vn 0.830447435 -0.519592464 -0.200949535
vn 0.68236661 -0.669032335 -0.29456982
vn 0.374694109 -0.86613065 -0.330789864
vn 0.453379124 -0.82707423 -0.332258195
vn 0.0377222002 0.591190755 -0.805649102
vn 0.269340128 0.654956698 -0.706036627
vn 0.265888482 0.665049672 -0.697862625
vn 0.553331554 0.703589618 -0.445853919
vn 0.0377222002 0.591190755 -0.805649102
vn 0.265888482 0.665049672 -0.697862625
vn 0.0277377367 0.595487714 -0.802885532
vn -0.194763273 -0.565630376 -0.801329851
vn -0.190478221 -0.590453804 -0.784271777
vn -0.19587478 -0.550413549 -0.811589777
vn -0.18068184 -0.539927363 -0.822090328
vn -0.17968905 -0.539541245 -0.822561324
vn -0.224034637 -0.562448025 -0.795902431
vn -0.0805165023 -0.684232473 -0.724805474
vn 0.251933843 -0.114164166 -0.960986972
vn -0.594371438 -0.535869241 -0.59963882
vn -0.762572229 -0.394055277 -0.513034165
vn -0.845712781 -0.364011139 -0.390212536
vn -0.841927171 -0.382145166 -0.380951017
vn -0 1 0
vn 0.822214723 -0.565095365 -0.0680458397
vn 0.778880298 -0.625616312 0.044154264
vn 0.836943805 -0.529323161 -0.139076069
vn 0.839350224 -0.435048372 -0.325920641
vn 0.831618726 -0.394260854 -0.391112
vn 0.7931723 -0.310887069 -0.523666799
vn 0.785669684 -0.321329504 -0.528649688
vn -0.146285802 -0.503998816 0.851225972
vn -0.289596051 -0.39838323 0.870301664
vn -0.0755753517 -0.520566165 0.850469947
vn -0.266743928 -0.434716672 0.860156476
vn -0.505358934 -0.168114573 0.846374512
vn -0.402308196 -0.261138588 0.877470672
vn -0.595254958 0 0.803536832
vn 0.304906249 0.370861441 0.877208054
vn 0.313848525 0 0.949473083
vn 0.310059816 0.263520598 0.913465858
vn 0.295263559 0.485736817 0.822726727
vn 0.2919406 0.484114558 0.824865937
vn 0.394307405 0.574130774 0.717562139
vn -0.290193945 0.396238297 0.871081293
vn 0.289290458 0.725939453 0.623957396
vn 0.0161999147 0.683689892 0.7295928
vn -0.290512651 -0.270730704 0.917773008
vn 0.962476909 0.222759113 0.154972821
vn 0.818417311 0.362387866 0.445946425
vn 0.997303963 0 0.073380962
vn 0.772889495 0.131839588 -0.620693207
vn 0.793712974 -0.140513718 -0.591840804
vn 0.591467559 0 -0.806328833
vn 0.304822594 0.347940058 -0.886578202
vn 0.244872421 0.371443599 -0.89558202
vn 0.251933843 -0.114164166 -0.960986972
vn 0.351696253 0.206582338 -0.913035214
vn -0.571662068 0.0617032796 0.81816572
vn -0.260807276 -0.244919702 0.933806181
vn -0.814705253 0.433560103 0.385072619
vn -0.818115413 0.377331078 0.433945179
vn -0.837499261 0.511921048 0.191133127
vn -0.84233129 0.506629467 0.183860004
vn -0.839589715 0.515836835 0.170298219
vn 0.22031711 -0.107732654 -0.969460726
vn 0.325662881 0.451965272 -0.830464303
vn 0.031856861 -0.683547378 -0.729210615
vn -0.0805165023 -0.684232473 -0.724805474
vn 0.846917808 0.494104981 0.196444422
vn 0.87645632 0.331099808 0.349567264
vn 0.845678151 0.496132612 0.196674645
vn 0.868650854 0.403965384 0.286806017
vn 0.645650864 -0.0230079964 0.763285995
vn 0.867505372 -0.222784713 0.444748759
vn 0.503062069 -0.568970442 0.65053916
vn 0.393956661 -0.849809229 -0.350174755
vn 0.867505372 -0.222784713 0.444748759
vn 0.388658166 -0.862526298 -0.324026644
vn 0.254843235 -0.917782903 -0.304515332
vn 0.374694109 -0.86613065 -0.330789864
vn 0.461897373 -0.825814962 -0.323543608
vn 0.453379124 -0.82707423 -0.332258195
vn 0.450436473 -0.853227198 -0.262888402
vn 0.457884938 -0.863966167 -0.209532589
vn 0.498293102 -0.851983547 -0.160710901
vn 0.531116128 -0.838405967 -0.122438043
vn 0.550890982 -0.834400594 -0.0171690974
vn 0.556158483 -0.831064105 0.00450387178
vn 0.550835133 -0.832852125 0.0542042032
vn 0.547458708 -0.834606826 0.0609945692
vn 0.518946528 -0.84804374 -0.107313834
vn 0.503062069 -0.568970442 0.65053916
vn 0.867505372 -0.222784713 0.444748759
vn 0.393956661 -0.849809229 -0.350174755
vn -0.545756698 -0.223646015 -0.807547033
vn -0.443231016 0 -0.896407366
vn -0.605911195 -0.282589644 -0.743649483
vn -0.818919301 -0.441613764 -0.366535693
vn -0.828346431 -0.474642962 -0.297583818
vn -0.844284475 -0.501595318 -0.188642129
vn -0.846218348 -0.498578191 -0.18797408
vn -0.839708745 -0.507383525 -0.193523392
vn -0.839708745 -0.507383525 -0.193523392
vn -0.846218348 -0.498578191 -0.18797408
vn -0.836014509 -0.510883093 -0.200195625
vn -0.510203481 0.821348965 0.255104303
vn -0.575477183 0.734881341 0.358852834
vn -0.500477195 0.807681143 0.311726958
vn -0.440683156 0.815983951 0.374123663
vn -0.366162568 0.864376247 0.344643056
vn -0.382282197 0.84538883 0.373065799
vn -0.444290578 0.821546137 0.357306421
vn -0.495363235 0.814465702 0.302094221
vn -0.51341027 0.78810221 0.339565665
vn -0.513132811 0.790764391 0.333746105
vn -0.520260334 0.779494703 0.348879755
vn -0.401818752 0.884888887 0.235612497
vn -0.510203481 0.821348965 0.255104303
vn -0.500477195 0.807681143 0.311726958
vn -0.401818752 0.884888887 0.235612497
vn -0.500477195 0.807681143 0.311726958
vn -0.348496199 0.908041596 0.232402295
vn -0.551556826 0.832117796 -0.0580094606
vn -0.733565032 0.643312275 -0.219161481
vn -0.785746932 0.550067306 -0.282891959
vn -0.553422511 0.83078295 -0.0593568198
vn -0.109505154 0.766872466 -0.632388532
vn 0.0743445233 0.997202754 -0.0077315513
vn -0.318335176 0.823986769 -0.468730748
vn -0.09178067 0.494279057 -0.864444673
vn -0.530836701 0.833475769 -0.153396577
vn -0.39171654 0.83939749 0.376789004
vn -0.399866343 0.823796928 0.401827902
vn -0.331710279 0.80284369 0.495389044
vn -0.198940143 -0.336197108 0.920540273
vn -0.290512651 -0.270730704 0.917773008
vn -0.260807276 -0.244919702 0.933806181
vn -0.259175897 -0.523093164 0.811912239
vn -0.405509114 -0.629706621 0.662594914
vn -0.567983747 -0.559465706 0.603649437
vn -0.807518661 -0.515332818 0.28695941
vn -0.785847545 -0.403344572 0.468782395
vn -0.863653243 -0.474511445 -0.170123264
vn -0.860286772 -0.453577578 -0.232753322
vn -0.331710279 0.80284369 0.495389044
vn -0.399866343 0.823796928 0.401827902
vn -0.331776053 0.790760219 0.514415145
vn 0.242266282 -0.395483345 0.885945797
vn 0.605317414 -0.79370451 0.060199555
vn 0.69824183 -0.676755488 -0.233367562
vn 0.283935964 -0.767704129 0.574465573
vn 0.563097417 -0.823581278 0.0680817142
vn 0.304325581 -0.821385145 0.482402682
vn 0.170893624 -0.474509209 0.863502383
vn 0.174422428 -0.309384495 0.934803843
vn 0.163137108 -0.529459834 0.832501411
vn 0.186150759 -0.353360772 0.91677916
vn 0.242266282 -0.395483345 0.885945797
vn 0.0605784543 -0.397522449 0.915590584
vn 0.283935964 -0.767704129 0.574465573
vn -0.029209448 0.700416386 -0.713136554
vn -0.268126309 0.588539481 -0.762712002
vn -0.260330439 0.690743387 -0.674612164
vn -0.26023075 0.676104724 -0.689320147
vn 0.142356575 -0.89196384 -0.429109663
vn 0.184713691 -0.831353247 -0.524149477
vn 0.176497534 -0.863895178 -0.471734822
vn 0.24539952 -0.788588941 -0.563831925
vn 0.237324327 -0.780779541 -0.577979565
vn 0.0871011913 -0.00399091188 -0.996191502
vn 0.363570005 -0.841224194 -0.400198311
vn 0.312716156 -0.879778206 -0.358048618
vn 0.621381044 0 -0.78350848
vn -0.0753687099 0.360251129 -0.929805756
vn 0.889069676 0.126780495 -0.439865738
vn -0.09178067 0.494279057 -0.864444673
vn 0.119987451 0.327606976 -0.937164187
vn -0.137439296 0.342626184 -0.929364145
vn -0.109505154 0.766872466 -0.632388532
vn 0.22031711 -0.107732654 -0.969460726
vn 0.233672425 0.536958992 -0.810599983
vn 0.325662881 0.451965272 -0.830464303
vn 0.553714156 0.575971961 -0.601379216
vn 0.448031664 0.61425364 -0.649584532
vn 0.733959019 0.477770984 -0.482741088
vn 0.805991411 0.507281125 -0.305030704
vn 0.785087705 0.599034488 -0.15746443
vn 0.741423249 0.643729627 -0.189482778
vn 0.810253322 0.586079717 0
vn 0.78814435 0.614947081 -0.02585884
vn -0 -0.601698697 0.798723102
vn -0.395765543 -0.488542825 0.777621746
vn -0.389290631 -0.647954643 0.654681265
vn 0.0911642611 -0.505457222 0.858022153
vn -0.18166402 0.888475239 0.421437919
vn -0.181664035 0.888475239 0.421437949
vn -0.18166402 0.888475239 0.421437949
vn -0.17817238 0.443319768 -0.878477216
vn -0.176495075 0.203226686 -0.963093162
vn -0.268126309 0.588539481 -0.762712002
vn -0 1 0
vn -0 1 0
vn 0.167683035 0.973009527 0.158539578
vn 0.330422431 0.823789716 0.460642338
vn -0.139361113 -0.467641175 0.872863293
vn -0.182900697 -0.218310043 0.958586514
vn -0.217054144 -0.212594613 0.952728212
vn -0.103188612 -0.424622029 0.899471104
vn -0.048874367 -0.717710257 0.694624543
vn -0.0356846936 -0.702152133 0.711132228
vn 0.568856359 -0.665709615 0.482942194
vn -0.086199604 -0.819944918 0.565915227
vn 0.331202865 -0.807594001 0.487951517
vn -0.348346621 -0.819958389 0.454227775
vn 0.65867126 -0.61433363 0.434449375
vn 0.894279659 -0.305520922 0.326987624
vn 0.892863154 -0.327140093 0.309474856
vn 0.871930122 -0.392867655 0.292220443
vn 0.859186828 -0.309222937 0.40765065
vn 0.838709414 -0.354548246 0.413354605
vn 0.790526152 -0.328857154 0.516644359
vn 0.749963343 -0.350417733 0.561036766
vn 0.0292094424 0.700416446 -0.713136554
vn 0.0900089964 0.702407658 -0.706060767
vn -0.0849350169 0.843199253 -0.530849516
vn -0.572111309 0.717664123 -0.397047728
vn -0.769888043 0.583327353 -0.258846372
vn -0.159566745 0.774782181 -0.611760557
vn -0.827118337 0.502781987 -0.251168311
vn -0.592944801 0.628862858 -0.502939224
vn -0.0980293676 0.602690756 -0.791930616
vn -0.837817192 0.427926123 -0.339030325
vn -0.576518893 0.487192601 -0.655949175
vn -0.0746012628 0.389340341 -0.918067932
vn -0.783524156 0.406032115 -0.470348537
vn -0.495857865 0.410811037 -0.765087843
vn -0.705794573 0.375927895 -0.600443304
vn 0.860286772 -0.453577578 -0.232753322
vn 0.863653243 -0.474511415 -0.170123264
vn 0.77627939 -0.275382906 -0.567057729
vn 0.781517744 -0.32825464 -0.53054589
vn 0.788978219 -0.437836647 -0.431059659
vn -0.552363276 -0.774752438 -0.307658106
vn -0.541557133 -0.785264313 -0.300126404
vn -0.523877442 -0.800981581 -0.289794534
vn -0.450436473 -0.853227198 -0.262888402
vn -0.461897314 -0.825814962 -0.323543608
vn -0.800398707 0.118227512 0.587694049
vn -0.802245677 0.150738046 0.577650309
vn -0.818791032 0.196157426 0.539540172
vn -0.758689225 0.135987863 0.637101293
vn -0.756185472 0.141603097 0.638852179
vn 0.575477183 0.734881341 0.358852834
vn 0.500477195 0.807681143 0.311726958
vn 0.595410526 0.694880486 0.403271019
vn 0.594862044 0.691253483 0.410253197
vn 0.598727763 0.686435401 0.412712365
vn 0.850353003 -0.466020435 -0.244386435
vn 0.851328254 -0.457818121 -0.256208271
vn 0.888813734 -0.458268672 0
vn 0.850488782 -0.388075441 -0.355058312
vn 0.00360593176 -0.909613132 0.41544047
vn 0.418257803 -0.907470345 0.0394702144
vn -0.283935964 -0.767704129 0.574465573
vn -0.265053272 -0.791300178 0.550990701
vn -0.30432561 -0.821385145 0.482402623
vn -0.371217817 -0.838188231 0.3995471
vn -0.370808005 -0.842278659 0.391239077
vn -0.439978063 -0.85790062 0.265378624
vn -0.514442205 0.784106791 0.347168148
vn -0.511048317 0.776861906 0.367852122
vn -0.4293167 0.757861316 0.491256893
vn -0.561385095 0.746755064 0.356656224
vn 0.101570174 0.954186797 -0.281444699
vn -0.522579014 0.806669056 0.276036799
vn -0.0743445456 0.997202635 -0.00773149915
vn 0.318335116 0.823986769 -0.468730688
vn 0.364625782 0.790759921 -0.491677463
vn 0.530836642 0.833475888 -0.153396562
vn 0.419106305 0.852360249 -0.312780917
vn 0.420749903 0.858025074 -0.294554919
vn 0.517224848 0.851319671 -0.0879385024
vn 0.90840888 0.221988723 -0.354280114
vn 0.908461571 0.262628555 -0.325151861
vn 1 0 0
vn 0.950374544 0.0511712693 -0.306870967
vn 0.949854851 0.0627572909 -0.306328595
vn 0.733565032 0.643312275 -0.219161481
vn 0.785746932 0.550067306 -0.282891959
vn 0.488466382 -0.800504148 0.347266018
vn 0.499207288 -0.789603293 0.356817573
vn 0.418735564 -0.902093887 0.104341432
vn 0.609849095 -0.616020977 0.498600274
vn 0.631456733 -0.599094272 0.492288977
vn 0.567983747 -0.559465706 0.603649318
vn 0.785847545 -0.403344482 0.468782306
vn -0.854846179 -0.179130152 0.486981004
vn -0.864038706 -0.228893965 0.448379993
vn -0.850648344 0 0.525735259
vn -0.941886187 -0.0305854715 0.334536701
vn -0.938377202 -0.0294341519 0.344357163
vn -0.85332489 0.0209095944 0.520960093
vn -0.842224061 0.0170224477 0.53885895
vn -0.73395896 0.477770984 -0.482741088
vn -0.553714216 0.575972021 -0.601379216
vn -0.577115476 0.6366539 -0.511477768
vn -0.545045078 0.666012406 -0.509267449
vn -0.479322612 0.828007579 -0.290952146
vn -0.481788218 0.824594796 -0.296518892
vn -0.389154732 0.92117244 0
vn 0.493272275 0.777039051 0.391015112
vn 0.50330478 0.776027262 0.38008672
vn 0.490978181 0.7543028 0.435852855
vn 0.533091843 0.75564748 0.38053906
vn 0.565518975 0.752420247 0.337715834
vn 0.600327611 0.724865973 0.337899446
vn 0.617020011 0.721319139 0.314618856
vn 0.829836845 -0.55126971 -0.0864436328
vn 0.829991758 -0.553169906 -0.0715307817
vn 0.807936072 -0.589270175 0
vn 0.834702492 -0.508339345 -0.211808443
vn 0.834533513 -0.508337975 -0.212476522
vn 0.704572499 -0.45485124 -0.544690669
vn 0.69298327 -0.511125386 -0.508453608
vn 0.627798378 -0.647922635 -0.431353122
vn 0.576726794 -0.697732389 -0.424918622
vn 0.709230065 -0.468031704 -0.527199268
vn -0.0862255543 -0.379489064 -0.921169519
vn 0.300554872 -0.776366711 -0.554004967
vn -0.309344053 -0.702217937 -0.641245782
vn 0.442510605 -0.889944911 0.110374182
vn -0 -1 0
vn 0.742772162 -0.645382047 -0.178245708
vn 0.734419405 -0.665052116 -0.135403097
vn -0.670154512 -0.23567149 -0.70381242
vn -0.814633489 -0.395962954 -0.423775315
vn -0.555360019 0.0338346474 -0.830921531
vn -0.41504395 0 -0.909801364
vn -0.407203496 -0.0117125334 -0.913262367
vn -0.227145687 0.226914346 -0.947055757
vn -0.165683448 0.193067476 -0.967095554
vn -0.0871011913 -0.00399090955 -0.996191502
vn 0.137439296 0.342626184 -0.929364145
vn -0.610682786 -0.769698262 -0.186094373
vn -0.62000972 -0.763320684 -0.181464806
vn -0.599303246 -0.800522089 0
vn -0.657234371 -0.740485251 -0.140444249
vn -0.677852809 -0.726989925 -0.109550335
vn -0.676051259 -0.736854613 0
vn -0.694319427 -0.719666898 0
vn -0.66444248 0.374931306 0.646485031
vn -0.645559728 0.315137357 0.695658743
vn -0.819748044 0.341439843 0.459817261
vn -0.856431842 0.325264871 0.400908142
vn -0.873580813 0.406465679 0.267660439
vn -0.871181548 0.415332943 0.261803955
vn -0.876176655 0.426500648 0.224525377
vn 0.358650833 -0.0215187334 0.933223724
vn 0.38340342 -0.0287232697 0.923134267
vn 0.227634341 0.0426838659 0.972810686
vn 0.204769686 0.0934919193 0.974334955
vn 0.533126533 -0.066884622 0.843387485
vn 0.326053649 0.345820546 0.879827857
vn 0.599734426 0.207350403 0.77286762
vn 0.102992147 0.734485209 0.670763671
vn 0.687384307 0.303063273 0.660041928
vn -0.242266282 -0.395483345 0.885945797
vn -0.0112671396 -0.254504502 0.967005908
vn 0.120336168 -0.273521572 0.954308689
vn -0.174422428 -0.309384495 0.934803843
vn -0.868035913 0.32801488 0.372719705
vn -0.888626456 0.337422848 0.310626566
vn -0.645559728 0.315137357 0.695658743
vn -0.63678509 0.277849704 0.719238758
vn -0.600976765 0.481740832 0.637771726
vn -0.66444248 0.374931306 0.646485031
vn -0.372614771 0.580815554 0.723748267
vn 0.326053649 0.345820546 0.879827857
vn -0.352080911 0.676813066 0.646500647
vn 0.102992147 0.734485209 0.670763671
vn -0.548780322 0.822064519 0.151822507
vn -0.46992892 0.882704258 0
vn 0.867335498 0.422940165 -0.262394249
vn 0.84808296 0.433834314 -0.304209113
vn 1 0 0
vn 0.741719663 0.510754943 -0.43471989
vn 0.694932938 0.502669811 -0.514189839
vn 0.578881502 0.501970768 -0.642589748
vn 0.537113249 0.489180863 -0.687176347
vn 0.0752774328 -0.526128709 -0.8470667
vn 0.09034127 -0.536404848 -0.839111507
vn -0 -0.599357784 -0.800481141
vn -0 -0.482013464 -0.87616384
vn -0 -0.482403994 -0.875948846
vn -0.341746986 -0.62696141 -0.70009172
vn -0.478367805 -0.467131853 -0.743607521
vn -0.488510668 -0.558764994 -0.670178294
vn -0.270390689 -0.792187035 -0.547109246
vn -0.496142238 -0.580679417 -0.645487607
vn -0.254911333 -0.81642139 -0.518147111
vn -0.47833693 -0.625558019 -0.616336763
vn -0.491142064 -0.654556096 -0.574748397
vn -0.193991408 -0.777753353 -0.597885549
vn -0.197266579 -0.824666381 -0.530104995
vn -0.184713721 -0.831353247 -0.524149477
vn -0.237324372 -0.780779541 -0.577979565
vn -0.658198953 -0.520715892 0.543717921
vn -0.658020675 -0.522103488 0.542601824
vn -1 0 0
vn -0.521464765 -0.629268765 0.576276958
vn -0.520503461 -0.619429827 0.587692797
vn -0.396271825 -0.675243974 0.622104704
vn -0.403513014 -0.660959065 0.632700801
vn 0.442542791 0.511587441 0.736501336
vn 0.382986188 0.531550944 0.755496681
vn 0.371232659 0.506223559 0.77841115
vn 0.52763027 0.369442612 0.764930367
vn 0.528612971 0.449027359 0.72037667
vn 0.395546943 0.522453249 0.755370915
vn 0.193096235 0.343002558 0.919273138
vn 0.162171066 0.344452679 0.924690664
vn 0.118731134 0.398123801 0.909615517
vn 0.145778358 0.389251202 0.909523129
vn -0 0 1
vn 0.965090573 -0.178327575 -0.191831499
vn 0.964244962 -0.156469226 -0.213890105
vn 0.948028147 0 -0.318186611
vn 0.95843792 -0.282398522 -0.0405936316
vn 0.95897609 -0.280992478 -0.0375238061
vn -0.57708621 0.551680148 -0.602179825
vn -0.578255177 0.549772978 -0.602802277
vn -0.675258756 0.520071447 -0.52302134
vn -0.681112289 0.524090469 -0.511287868
vn -0.862157404 0.429220736 -0.269173026
vn -0.849043369 0.454277337 -0.269735724
vn -0.932362616 0.360540599 -0.0266558956
vn -0.931743205 0.36300236 -0.00915835891
vn -0.975317597 0.0716577992 0.208855703
vn -0.966967881 0.0143748 0.254492372
vn -0.926439464 0 0.376443863
vn 0.836099744 -0.40805769 0.3666417
vn 0.871499598 -0.421469569 0.250702739
vn 0.870494545 -0.448162824 0.203443617
vn 0.825485528 -0.3922306 0.405867994
vn 0.552695274 -0.120989487 0.824554145
vn 0.597933888 -0.511055231 0.617492974
vn 0.395765543 -0.488542825 0.777621746
vn 0.389290631 -0.647954643 0.654681265
vn 0.296168536 0.343405902 0.891266763
vn 0.347894967 0.522123635 0.778688669
vn 0.391767442 0.620849431 0.679017127
vn 0.396287203 0.629242659 0.668588161
vn 0.395546943 0.522453249 0.755370915
vn 0.528612971 0.449027359 0.72037667
vn 0.440683156 0.815983951 0.374123663
vn 0.403923929 0.819419265 0.406691045
vn 0.413356751 0.814296186 0.407502115
vn 0.332310349 0.840390503 0.428151488
vn 0.440683156 0.815983951 0.374123663
vn 0.382282197 0.84538883 0.373065859
vn 0.403923929 0.819419265 0.406691045
vn -0.130072981 -0.487901807 0.863152862
vn -0.133407116 -0.496729851 0.857590854
vn -0 -0.510383606 0.859946847
vn -0.150197521 -0.499987155 0.852908909
vn -0.150004223 -0.508054495 0.848162353
vn -0.717044771 -0.639932632 -0.27628395
vn -0.68236661 -0.669032335 -0.29456982
vn -0.830447435 -0.519592464 -0.200949535
vn -0.374694139 -0.86613065 -0.330789864
vn -0.453379124 -0.82707423 -0.332258195
vn -0.0377222002 0.591190696 -0.805649102
vn -0.265888512 0.665049672 -0.697862685
vn -0.269340128 0.654956698 -0.706036627
vn -0.553331554 0.703589618 -0.445853978
vn -0.0377222002 0.591190696 -0.805649102
vn -0.0277377367 0.595487595 -0.802885532
vn -0.265888512 0.665049672 -0.697862685
vn 0.194763303 -0.565630376 -0.801329792
vn 0.19587478 -0.550413549 -0.811589777
vn 0.190478265 -0.590453744 -0.784271955
vn 0.18068184 -0.539927363 -0.822090328
vn 0.17968905 -0.539541245 -0.822561324
vn 0.224034697 -0.562447965 -0.795902491
vn 0.0805165023 -0.684232473 -0.724805474
vn -0.251933843 -0.114164189 -0.960986972
vn 0.594371378 -0.535869241 -0.59963882
vn 0.762572229 -0.394055367 -0.513034165
vn 0.845712781 -0.364011139 -0.390212595
vn 0.841927171 -0.382145166 -0.380951017
vn -0 1 0
vn -0.822214723 -0.565095365 -0.0680458397
vn -0.836943805 -0.529323161 -0.139076069
vn -0.778880298 -0.625616312 0.044154264
vn -0.839350224 -0.435048372 -0.325920641
vn -0.831618726 -0.394260854 -0.391112089
vn -0.7931723 -0.310887069 -0.523666799
vn -0.785669684 -0.321329504 -0.528649688
vn 0.146285802 -0.503998816 0.851225972
vn 0.0755753517 -0.520566165 0.850469947
vn 0.289596051 -0.39838323 0.870301604
vn 0.266743928 -0.434716672 0.860156476
vn 0.505358934 -0.168114573 0.846374512
vn 0.402308196 -0.261138588 0.877470672
vn 0.595254958 0 0.803536832
vn -0.304906219 0.37086153 0.877208054
vn -0.310059816 0.263520658 0.913465858
vn -0.313848525 0 0.949473083
vn -0.295263499 0.485736817 0.822726727
vn -0.2919406 0.484114558 0.824865937
vn -0.394307405 0.574130774 0.717562139
vn 0.290193945 0.396238327 0.871081293
vn -0.289290458 0.725939453 0.623957396
vn -0.0161999166 0.683689833 0.729592919
vn 0.290512621 -0.270730704 0.917773008
vn -0.962476909 0.222759113 0.154972821
vn -0.818417311 0.362387866 0.445946425
vn -0.997303963 0 0.0733809471
vn -0.772889555 0.131839603 -0.620693207
vn -0.793712974 -0.140513718 -0.591840804
vn -0.591467559 0 -0.806328833
vn -0.304822624 0.347940058 -0.886578202
vn -0.244872421 0.371443599 -0.89558202
vn -0.251933843 -0.114164189 -0.960986972
vn -0.351696312 0.206582293 -0.913035333
vn 0.571662068 0.0617032908 0.81816572
vn 0.260807276 -0.244919702 0.933806181
vn 0.814705253 0.433560133 0.385072529
vn 0.818115413 0.377331138 0.433945119
vn 0.837499261 0.511921048 0.191133127
vn 0.84233129 0.506629467 0.183860004
vn 0.839589715 0.515836835 0.170298219
vn -0.220317125 -0.107732654 -0.969460726
vn -0.325662911 0.451965362 -0.830464303
vn -0.031856861 -0.683547378 -0.729210615
vn 0.0805165023 -0.684232473 -0.724805474
vn -0.846917808 0.494104981 0.196444422
vn -0.845678151 0.496132612 0.196674645
vn -0.87645632 0.331099808 0.349567264
vn -0.868650854 0.403965384 0.286806017
vn -0.645650864 -0.0230079964 0.763285995
vn -0.867505312 -0.222784624 0.444748849
vn -0.50306201 -0.568970561 0.65053916
vn -0.393956661 -0.849809229 -0.350174755
vn -0.388658166 -0.862526298 -0.324026644
vn -0.867505312 -0.222784624 0.444748849
vn -0.254843235 -0.917782903 -0.304515332
vn -0.374694139 -0.86613065 -0.330789864
vn -0.461897314 -0.825814962 -0.323543608
vn -0.453379124 -0.82707423 -0.332258195
vn -0.450436473 -0.853227198 -0.262888402
vn -0.457884938 -0.863966167 -0.209532589
vn -0.498293102 -0.851983547 -0.160710901
vn -0.531116128 -0.838405967 -0.122438043
vn -0.550890982 -0.834400594 -0.0171690974
vn -0.556158483 -0.831064105 0.004503862
vn -0.550835133 -0.832852125 0.0542041399
vn -0.547458827 -0.834606826 0.0609945245
vn -0.518946528 -0.84804374 -0.107313782
vn -0.867505312 -0.222784624 0.444748849
vn -0.50306201 -0.568970561 0.65053916
vn -0.393956661 -0.849809229 -0.350174755
vn 0.545756698 -0.22364594 -0.807547033
vn 0.605911195 -0.282589614 -0.743649542
vn 0.443231016 0 -0.896407366
vn 0.818919301 -0.441613764 -0.366535693
vn 0.828346431 -0.474642962 -0.297583818
vn 0.844284475 -0.501595318 -0.188642129
vn 0.846218348 -0.498578191 -0.18797408
vn 0.839708745 -0.507383525 -0.193523392
vn 0.839708745 -0.507383525 -0.193523392
vn 0.836014509 -0.510883093 -0.200195625
vn 0.846218348 -0.498578191 -0.18797408
vn 0.510203481 0.821349084 0.255104363
vn 0.500477195 0.807681143 0.311726958
vn 0.575477183 0.734881341 0.358852834
vn 0.440683156 0.815983951 0.374123663
vn 0.366162568 0.864376247 0.344643056
vn 0.382282197 0.84538883 0.373065859
vn 0.444290578 0.821546137 0.357306421
vn 0.495363235 0.814465702 0.302094221
vn 0.51341027 0.78810221 0.339565665
vn 0.513132811 0.790764391 0.333746016
vn 0.520260334 0.779494703 0.348879844
vn 0.401818752 0.884888887 0.235612497
vn 0.500477195 0.807681143 0.311726958
vn 0.510203481 0.821349084 0.255104363
vn 0.401818752 0.884888887 0.235612497
vn 0.348496199 0.908041596 0.232402295
vn 0.500477195 0.807681143 0.311726958
vn 0.551556826 0.832117796 -0.0580094866
vn 0.785746932 0.550067306 -0.282891959
vn 0.733565032 0.643312275 -0.219161481
vn 0.553422451 0.83078295 -0.0593568496
vn 0.109505169 0.766872406 -0.632388532
vn -0.0743445456 0.997202635 -0.00773149915
vn 0.318335116 0.823986769 -0.468730688
vn 0.09178067 0.494279057 -0.864444673
vn 0.530836642 0.833475888 -0.153396562
vn 0.39171654 0.83939749 0.376789093
vn 0.399866343 0.823796868 0.401827902
vn 0.331710279 0.80284369 0.495389044
vn 0.198940143 -0.336197108 0.920540273
vn 0.260807276 -0.244919702 0.933806181
vn 0.290512621 -0.270730704 0.917773008
vn 0.259175837 -0.523093224 0.811912119
vn 0.405509055 -0.629706621 0.662594914
vn 0.567983747 -0.559465706 0.603649318
vn 0.807518661 -0.515332818 0.28695941
vn 0.785847545 -0.403344482 0.468782306
vn 0.863653243 -0.474511415 -0.170123264
vn 0.860286772 -0.453577578 -0.232753322
vn 0.331710279 0.80284369 0.495389044
vn 0.331776053 0.790760219 0.514415145
vn 0.399866343 0.823796868 0.401827902
vn -0.242266282 -0.395483345 0.885945797
vn -0.69824183 -0.676755548 -0.233367503
vn -0.605317414 -0.79370451 0.0601995625
vn -0.283935964 -0.767704129 0.574465573
vn -0.563097417 -0.823581278 0.0680816099
vn -0.30432561 -0.821385145 0.482402623
vn -0.170893624 -0.474509209 0.863502383
vn -0.163137108 -0.529459834 0.832501411
vn -0.174422428 -0.309384495 0.934803843
vn -0.186150759 -0.353360772 0.91677916
vn -0.242266282 -0.395483345 0.885945797
vn -0.0605784431 -0.397522449 0.915590584
vn -0.283935964 -0.767704129 0.574465573
vn 0.0292094424 0.700416446 -0.713136554
vn 0.260330439 0.690743387 -0.674612164
vn 0.268126309 0.588539481 -0.762712002
vn 0.26023078 0.676104784 -0.689320028
vn -0.142356545 -0.89196378 -0.429109693
vn -0.176497534 -0.863895178 -0.471734852
vn -0.184713721 -0.831353247 -0.524149477
vn -0.24539952 -0.788588941 -0.563831925
vn -0.237324372 -0.780779541 -0.577979565
vn -0.0871011913 -0.00399090955 -0.996191502
vn -0.363570005 -0.841224194 -0.400198311
vn -0.312716156 -0.879778206 -0.358048618
vn -0.621381044 0 -0.78350848
vn 0.075368695 0.360251039 -0.929805756
vn -0.889069557 0.126780465 -0.439865738
vn 0.09178067 0.494279057 -0.864444673
vn -0.11998748 0.327606976 -0.937164187
vn 0.137439296 0.342626184 -0.929364145
vn 0.109505169 0.766872406 -0.632388532
vn -0.220317125 -0.107732654 -0.969460726
vn -0.233672366 0.536959112 -0.810599864
vn -0.325662911 0.451965362 -0.830464303
vn -0.553714216 0.575972021 -0.601379216
vn -0.448031634 0.61425364 -0.649584532
vn -0.73395896 0.477770984 -0.482741088
vn -0.805991411 0.507281125 -0.305030733
vn -0.785087705 0.599034488 -0.15746443
vn -0.741423249 0.643729627 -0.189482778
vn -0.810253322 0.586079717 0
vn -0.78814435 0.614947081 -0.0258588567
vn -0 -0.601698697 0.798723102
vn 0.389290631 -0.647954643 0.654681265
vn 0.395765543 -0.488542825 0.777621746
vn -0.0911642611 -0.505457222 0.858022153
vn 0.18166402 0.888475239 0.421437919
vn 0.18166402 0.888475239 0.421437949
vn 0.181664035 0.888475239 0.421437949
vn 0.17817238 0.443319768 -0.878477216
vn 0.268126309 0.588539481 -0.762712002
vn 0.176495075 0.203226715 -0.963093162
vn -0.17817238 0.443319768 -0.878477216
vn -0.268126309 0.588539481 -0.762712002
vn -0.029209448 0.700416386 -0.713136554
vn 0.0117131248 0.491983503 -0.870525718
vn -0.0900089964 0.702407658 -0.706060767
vn 0.17817238 0.443319768 -0.878477216
vn 0.0292094424 0.700416446 -0.713136554
vn 0.268126309 0.588539481 -0.762712002
vn -0.0117131276 0.491983622 -0.870525658
vn 0.0900089964 0.702407658 -0.706060767
g _Helm_0
f 3/3/3 2/2/2 1/1/1
f 6/6/6 5/5/5 4/4/4
f 9/9/9 8/8/8 7/7/7
f 12/12/12 11/11/11 10/10/10
f 15/15/15 14/14/14 13/13/13
f 18/18/18 17/17/17 16/16/16
f 21/21/21 20/20/20 19/19/19
f 22/22/22 21/21/21 19/19/19
f 19/19/19 23/23/23 22/22/22
f 23/23/23 24/24/24 22/22/22
f 27/27/27 26/26/26 25/25/25
f 28/28/28 27/27/27 25/25/25
f 31/31/31 30/30/30 29/29/29
f 32/32/32 31/31/31 29/29/29
f 32/32/32 29/29/29 33/33/33
f 34/34/34 32/32/32 33/33/33
f 33/33/33 35/35/35 34/34/34
f 35/35/35 36/36/36 34/34/34
f 39/39/39 38/38/38 37/37/37
f 40/40/40 39/39/39 37/37/37
f 41/41/41 39/39/39 40/40/40
f 40/40/40 37/37/37 42/42/42
f 43/43/43 41/41/41 40/40/40
f 44/44/44 40/40/40 42/42/42
f 43/43/43 40/40/40 44/44/44
f 45/45/45 43/43/43 44/44/44
f 44/44/44 42/42/42 46/46/46
f 45/45/45 44/44/44 47/47/47
f 47/47/47 44/44/44 46/46/46
f 48/48/48 45/45/45 47/47/47
f 49/49/49 48/48/48 47/47/47
f 50/50/50 49/49/49 47/47/47
f 47/47/47 46/46/46 50/50/50
f 46/46/46 51/51/51 50/50/50
f 54/54/54 53/53/53 52/52/52
f 53/53/53 55/55/55 52/52/52
f 55/55/55 53/53/53 56/56/56
f 53/53/53 57/57/57 56/56/56
f 57/57/57 58/58/58 56/56/56
f 58/58/58 59/59/59 56/56/56
f 59/59/59 58/58/58 60/60/60
f 58/58/58 61/61/61 60/60/60
f 64/64/64 63/63/63 62/62/62
f 65/65/65 64/64/64 62/62/62
f 66/66/66 65/65/65 62/62/62
f 67/67/67 66/66/66 62/62/62
f 70/70/70 69/69/69 68/68/68
f 69/69/69 71/71/71 68/68/68
f 69/69/69 72/72/72 71/71/71
f 72/72/72 73/73/73 71/71/71
f 73/73/73 72/72/72 74/74/74
f 75/75/75 73/73/73 74/74/74
f 78/78/78 77/77/77 76/76/76
f 77/77/77 79/79/79 76/76/76
f 80/80/80 76/76/76 79/79/79
f 81/81/81 80/80/80 79/79/79
f 80/80/80 81/81/81 82/82/82
f 81/81/81 83/83/83 82/82/82
f 86/86/86 85/85/85 84/84/84
f 85/85/85 87/87/87 84/84/84
f 85/85/85 88/88/88 87/87/87
f 88/88/88 89/89/89 87/87/87
f 88/88/88 90/90/90 89/89/89
f 90/90/90 91/91/91 89/89/89
f 94/94/94 93/93/93 92/92/92
f 92/92/92 93/93/93 95/95/95
f 93/93/93 96/96/96 95/95/95
f 93/93/93 97/97/97 96/96/96
f 93/93/93 98/98/98 97/97/97
f 96/96/96 99/99/99 95/95/95
f 99/99/99 100/100/100 95/95/95
f 98/98/98 101/101/101 97/97/97
f 102/102/102 97/97/97 101/101/101
f 98/98/98 103/103/103 101/101/101
f 100/100/100 99/99/99 104/104/104
f 105/105/105 100/100/100 104/104/104
f 106/106/106 105/105/105 104/104/104
f 107/107/107 106/106/106 104/104/104
f 108/108/108 106/106/106 107/107/107
f 104/104/104 99/99/99 109/109/109
f 107/107/107 104/104/104 109/109/109
f 110/110/110 108/108/108 107/107/107
f 108/108/108 110/110/110 111/111/111
f 112/112/112 107/107/107 109/109/109
f 107/107/107 112/112/112 110/110/110
f 109/109/109 99/99/99 113/113/113
f 112/112/112 109/109/109 113/113/113
f 110/110/110 114/114/114 111/111/111
f 114/114/114 115/115/115 111/111/111
f 112/112/112 116/116/116 110/110/110
f 110/110/110 116/116/116 114/114/114
f 99/99/99 117/117/117 113/113/113
f 99/99/99 96/96/96 117/117/117
f 118/118/118 117/117/117 96/96/96
f 113/113/113 117/117/117 118/118/118
f 97/97/97 118/118/118 96/96/96
f 119/119/119 112/112/112 113/113/113
f 116/116/116 112/112/112 119/119/119
f 120/120/120 116/116/116 119/119/119
f 116/116/116 121/121/121 114/114/114
f 115/115/115 114/114/114 121/121/121
f 116/116/116 120/120/120 121/121/121
f 122/122/122 113/113/113 118/118/118
f 118/118/118 97/97/97 122/122/122
f 113/113/113 122/122/122 119/119/119
f 115/115/115 121/121/121 123/123/123
f 120/120/120 123/123/123 121/121/121
f 97/97/97 124/124/124 122/122/122
f 124/124/124 97/97/97 102/102/102
f 119/119/119 122/122/122 125/125/125
f 119/119/119 125/125/125 120/120/120
f 125/125/125 122/122/122 124/124/124
f 115/115/115 123/123/123 126/126/126
f 127/127/127 115/115/115 126/126/126
f 128/128/128 126/126/126 123/123/123
f 128/128/128 123/123/123 120/120/120
f 126/126/126 128/128/128 129/129/129
f 129/129/129 127/127/127 126/126/126
f 130/130/130 128/128/128 120/120/120
f 128/128/128 130/130/130 129/129/129
f 125/125/125 131/131/131 120/120/120
f 120/120/120 131/131/131 130/130/130
f 132/132/132 125/125/125 124/124/124
f 125/125/125 132/132/132 131/131/131
f 131/131/131 133/133/133 130/130/130
f 129/129/129 130/130/130 133/133/133
f 132/132/132 133/133/133 131/131/131
f 134/134/134 132/132/132 124/124/124
f 134/134/134 124/124/124 102/102/102
f 132/132/132 134/134/134 135/135/135
f 135/135/135 134/134/134 102/102/102
f 132/132/132 136/136/136 133/133/133
f 136/136/136 132/132/132 135/135/135
f 137/137/137 129/129/129 133/133/133
f 133/133/133 136/136/136 137/137/137
f 136/136/136 135/135/135 138/138/138
f 138/138/138 137/137/137 136/136/136
f 138/138/138 139/139/139 137/137/137
f 137/137/137 140/140/140 129/129/129
f 137/137/137 139/139/139 140/140/140
f 140/140/140 127/127/127 129/129/129
f 141/141/141 135/135/135 102/102/102
f 138/138/138 135/135/135 142/142/142
f 143/143/143 127/127/127 140/140/140
f 140/140/140 139/139/139 143/143/143
f 144/144/144 127/127/127 143/143/143
f 144/144/144 143/143/143 139/139/139
f 145/145/145 127/127/127 144/144/144
f 146/146/146 145/145/145 144/144/144
f 147/147/147 146/146/146 144/144/144
f 147/147/147 144/144/144 139/139/139
f 148/148/148 146/146/146 147/147/147
f 148/148/148 147/147/147 149/149/149
f 149/149/149 147/147/147 139/139/139
f 150/150/150 148/148/148 149/149/149
f 150/150/150 149/149/149 151/151/151
f 152/152/152 150/150/150 151/151/151
f 153/153/153 152/152/152 151/151/151
f 154/154/154 149/149/149 139/139/139
f 139/139/139 138/138/138 154/154/154
f 149/149/149 154/154/154 151/151/151
f 155/155/155 154/154/154 138/138/138
f 155/155/155 138/138/138 142/142/142
f 155/155/155 156/156/156 154/154/154
f 156/156/156 151/151/151 154/154/154
f 142/142/142 157/157/157 155/155/155
f 155/155/155 157/157/157 156/156/156
f 142/142/142 158/158/158 157/157/157
f 157/157/157 159/159/159 156/156/156
f 158/158/158 159/159/159 157/157/157
f 159/159/159 151/151/151 156/156/156
f 158/158/158 160/160/160 159/159/159
f 159/159/159 160/160/160 151/151/151
f 161/161/161 153/153/153 151/151/151
f 162/162/162 153/153/153 161/161/161
f 160/160/160 163/163/163 151/151/151
f 163/163/163 161/161/161 151/151/151
f 164/164/164 162/162/162 161/161/161
f 165/165/165 161/161/161 163/163/163
f 164/164/164 161/161/161 165/165/165
f 166/166/166 165/165/165 163/163/163
f 160/160/160 166/166/166 163/163/163
f 162/162/162 164/164/164 167/167/167
f 168/168/168 162/162/162 167/167/167
f 168/168/168 167/167/167 169/169/169
f 170/170/170 164/164/164 165/165/165
f 166/166/166 170/170/170 165/165/165
f 164/164/164 170/170/170 171/171/171
f 167/167/167 164/164/164 171/171/171
f 167/167/167 172/172/172 169/169/169
f 169/169/169 172/172/172 173/173/173
f 172/172/172 174/174/174 173/173/173
f 175/175/175 173/173/173 174/174/174
f 176/176/176 175/175/175 174/174/174
f 176/176/176 174/174/174 177/177/177
f 178/178/178 172/172/172 167/167/167
f 174/174/174 172/172/172 178/178/178
f 179/179/179 178/178/178 167/167/167
f 179/179/179 170/170/170 180/180/180
f 170/170/170 166/166/166 180/180/180
f 178/178/178 179/179/179 180/180/180
f 174/174/174 178/178/178 181/181/181
f 180/180/180 181/181/181 178/178/178
f 166/166/166 182/182/182 180/180/180
f 182/182/182 181/181/181 180/180/180
f 160/160/160 182/182/182 166/166/166
f 160/160/160 181/181/181 182/182/182
f 183/183/183 181/181/181 160/160/160
f 184/184/184 174/174/174 181/181/181
f 174/174/174 184/184/184 177/177/177
f 184/184/184 181/181/181 183/183/183
f 185/185/185 177/177/177 184/184/184
f 185/185/185 186/186/186 177/177/177
f 187/187/187 184/184/184 183/183/183
f 187/187/187 185/185/185 184/184/184
f 187/187/187 183/183/183 188/188/188
f 187/187/187 188/188/188 185/185/185
f 183/183/183 141/141/141 188/188/188
f 188/188/188 141/141/141 102/102/102
f 188/188/188 189/189/189 185/185/185
f 189/189/189 188/188/188 102/102/102
f 186/186/186 185/185/185 189/189/189
f 101/101/101 189/189/189 102/102/102
f 186/186/186 189/189/189 101/101/101
f 101/101/101 190/190/190 186/186/186
f 190/190/190 191/191/191 186/186/186
f 192/192/192 186/186/186 191/191/191
f 192/192/192 191/191/191 193/193/193
f 196/196/196 195/195/195 194/194/194
f 195/195/195 197/197/197 194/194/194
f 195/195/195 198/198/198 197/197/197
f 198/198/198 199/199/199 197/197/197
f 202/202/202 201/201/201 200/200/200
f 203/203/203 202/202/202 200/200/200
f 206/206/206 205/205/205 204/204/204
f 205/205/205 207/207/207 204/204/204
f 208/208/208 207/207/207 205/205/205
f 207/207/207 208/208/208 209/209/209
f 209/209/209 208/208/208 210/210/210
f 208/208/208 211/211/211 210/210/210
f 212/212/212 211/211/211 208/208/208
f 213/213/213 210/210/210 211/211/211
f 214/214/214 210/210/210 213/213/213
f 217/217/217 216/216/216 215/215/215
f 218/218/218 217/217/217 215/215/215
f 218/218/218 215/215/215 219/219/219
f 220/220/220 218/218/218 219/219/219
f 221/221/221 220/220/220 219/219/219
f 222/222/222 221/221/221 219/219/219
f 221/221/221 222/222/222 223/223/223
f 224/224/224 221/221/221 223/223/223
f 227/227/227 226/226/226 225/225/225
f 228/228/228 227/227/227 225/225/225
f 229/229/229 227/227/227 228/228/228
f 230/230/230 229/229/229 228/228/228
f 228/228/228 231/231/231 230/230/230
f 231/231/231 228/228/228 225/225/225
f 231/231/231 232/232/232 230/230/230
f 232/232/232 231/231/231 233/233/233
f 234/234/234 231/231/231 225/225/225
f 231/231/231 234/234/234 233/233/233
f 235/235/235 234/234/234 225/225/225
f 233/233/233 234/234/234 236/236/236
f 237/237/237 234/234/234 235/235/235
f 234/234/234 238/238/238 236/236/236
f 234/234/234 237/237/237 238/238/238
f 237/237/237 239/239/239 238/238/238
f 242/242/242 241/241/241 240/240/240
f 243/243/243 242/242/242 240/240/240
f 246/246/246 245/245/245 244/244/244
f 245/245/245 247/247/247 244/244/244
f 245/245/245 248/248/248 247/247/247
f 244/244/244 247/247/247 249/249/249
f 247/247/247 250/250/250 249/249/249
f 251/251/251 244/244/244 249/249/249
f 251/251/251 249/249/249 252/252/252
f 249/249/249 253/253/253 252/252/252
f 252/252/252 253/253/253 254/254/254
f 255/255/255 254/254/254 253/253/253
f 255/255/255 256/256/256 254/254/254
f 257/257/257 256/256/256 255/255/255
f 260/260/260 259/259/259 258/258/258
f 259/259/259 261/261/261 258/258/258
f 261/261/261 259/259/259 262/262/262
f 262/262/262 259/259/259 263/263/263
f 264/264/264 262/262/262 263/263/263
f 264/264/264 265/265/265 262/262/262
f 262/262/262 265/265/265 266/266/266
f 265/265/265 267/267/267 266/266/266
f 266/266/266 267/267/267 268/268/268
f 267/267/267 269/269/269 268/268/268
f 270/270/270 268/268/268 269/269/269
f 271/271/271 268/268/268 270/270/270
f 270/270/270 269/269/269 272/272/272
f 273/273/273 263/263/263 259/259/259
f 274/274/274 273/273/273 259/259/259
f 275/275/275 263/263/263 273/273/273
f 263/263/263 275/275/275 276/276/276
f 263/263/263 276/276/276 277/277/277
f 276/276/276 278/278/278 277/277/277
f 277/277/277 278/278/278 279/279/279
f 278/278/278 280/280/280 279/279/279
f 279/279/279 280/280/280 281/281/281
f 280/280/280 282/282/282 281/281/281
f 281/281/281 282/282/282 283/283/283
f 282/282/282 284/284/284 283/283/283
f 283/283/283 284/284/284 285/285/285
f 283/283/283 285/285/285 272/272/272
f 285/285/285 286/286/286 272/272/272
f 286/286/286 285/285/285 287/287/287
f 286/286/286 287/287/287 288/288/288
f 272/272/272 286/286/286 288/288/288
f 288/288/288 289/289/289 272/272/272
f 289/289/289 270/270/270 272/272/272
f 270/270/270 289/289/289 290/290/290
f 290/290/290 271/271/271 270/270/270
f 289/289/289 291/291/291 290/290/290
f 271/271/271 290/290/290 292/292/292
f 291/291/291 293/293/293 290/290/290
f 294/294/294 292/292/292 290/290/290
f 293/293/293 294/294/294 290/290/290
f 297/297/297 296/296/296 295/295/295
f 296/296/296 297/297/297 298/298/298
f 299/299/299 296/296/296 298/298/298
f 302/302/302 301/301/301 300/300/300
f 301/301/301 303/303/303 300/300/300
f 303/303/303 304/304/304 300/300/300
f 304/304/304 305/305/305 300/300/300
f 305/305/305 304/304/304 306/306/306
f 307/307/307 305/305/305 306/306/306
f 310/310/310 309/309/309 308/308/308
f 309/309/309 311/311/311 308/308/308
f 311/311/311 312/312/312 308/308/308
f 311/311/311 313/313/313 312/312/312
f 313/313/313 314/314/314 312/312/312
f 313/313/313 315/315/315 314/314/314
f 315/315/315 316/316/316 314/314/314
f 315/315/315 317/317/317 316/316/316
f 317/317/317 318/318/318 316/316/316
f 319/319/319 318/318/318 317/317/317
f 318/318/318 319/319/319 320/320/320
f 323/323/323 322/322/322 321/321/321
f 322/322/322 324/324/324 321/321/321
f 325/325/325 321/321/321 324/324/324
f 326/326/326 325/325/325 324/324/324
f 329/329/329 328/328/328 327/327/327
f 330/330/330 329/329/329 327/327/327
f 333/333/333 332/332/332 331/331/331
f 332/332/332 334/334/334 331/331/331
f 331/331/331 334/334/334 335/335/335
f 334/334/334 336/336/336 335/335/335
f 337/337/337 335/335/335 336/336/336
f 338/338/338 337/337/337 336/336/336
f 341/341/341 340/340/340 339/339/339
f 340/340/340 342/342/342 339/339/339
f 340/340/340 343/343/343 342/342/342
f 339/339/339 342/342/342 344/344/344
f 343/343/343 345/345/345 342/342/342
f 342/342/342 346/346/346 344/344/344
f 342/342/342 345/345/345 346/346/346
f 345/345/345 347/347/347 346/346/346
f 344/344/344 346/346/346 348/348/348
f 346/346/346 347/347/347 349/349/349
f 346/346/346 349/349/349 348/348/348
f 347/347/347 350/350/350 349/349/349
f 350/350/350 351/351/351 349/349/349
f 351/351/351 352/352/352 349/349/349
f 348/348/348 349/349/349 352/352/352
f 353/353/353 348/348/348 352/352/352
f 356/356/356 355/355/355 354/354/354
f 357/357/357 356/356/356 354/354/354
f 356/356/356 357/357/357 358/358/358
f 359/359/359 356/356/356 358/358/358
f 360/360/360 359/359/359 358/358/358
f 361/361/361 360/360/360 358/358/358
f 360/360/360 361/361/361 362/362/362
f 363/363/363 360/360/360 362/362/362
f 366/366/366 365/365/365 364/364/364
f 367/367/367 366/366/366 364/364/364
f 368/368/368 366/366/366 367/367/367
f 369/369/369 368/368/368 367/367/367
f 368/368/368 369/369/369 370/370/370
f 369/369/369 371/371/371 370/370/370
f 374/374/374 373/373/373 372/372/372
f 375/375/375 374/374/374 372/372/372
f 372/372/372 376/376/376 375/375/375
f 376/376/376 377/377/377 375/375/375
f 377/377/377 376/376/376 378/378/378
f 379/379/379 377/377/377 378/378/378
f 382/382/382 381/381/381 380/380/380
f 383/383/383 382/382/382 380/380/380
f 384/384/384 382/382/382 383/383/383
f 385/385/385 384/384/384 383/383/383
f 386/386/386 384/384/384 385/385/385
f 387/387/387 386/386/386 385/385/385
f 390/390/390 389/389/389 388/388/388
f 390/390/390 388/388/388 391/391/391
f 392/392/392 390/390/390 391/391/391
f 393/393/393 390/390/390 392/392/392
f 394/394/394 390/390/390 393/393/393
f 395/395/395 392/392/392 391/391/391
f 396/396/396 395/395/395 391/391/391
f 397/397/397 394/394/394 393/393/393
f 393/393/393 398/398/398 397/397/397
f 399/399/399 394/394/394 397/397/397
f 395/395/395 396/396/396 400/400/400
f 396/396/396 401/401/401 400/400/400
f 401/401/401 402/402/402 400/400/400
f 402/402/402 403/403/403 400/400/400
f 402/402/402 404/404/404 403/403/403
f 395/395/395 400/400/400 405/405/405
f 400/400/400 403/403/403 405/405/405
f 404/404/404 406/406/406 403/403/403
f 406/406/406 404/404/404 407/407/407
f 403/403/403 408/408/408 405/405/405
f 408/408/408 403/403/403 406/406/406
f 395/395/395 405/405/405 409/409/409
f 405/405/405 408/408/408 409/409/409
f 410/410/410 406/406/406 407/407/407
f 411/411/411 410/410/410 407/407/407
f 412/412/412 408/408/408 406/406/406
f 412/412/412 406/406/406 410/410/410
f 413/413/413 395/395/395 409/409/409
f 392/392/392 395/395/395 413/413/413
f 413/413/413 414/414/414 392/392/392
f 413/413/413 409/409/409 414/414/414
f 414/414/414 393/393/393 392/392/392
f 408/408/408 415/415/415 409/409/409
f 408/408/408 412/412/412 415/415/415
f 412/412/412 416/416/416 415/415/415
f 417/417/417 412/412/412 410/410/410
f 410/410/410 411/411/411 417/417/417
f 416/416/416 412/412/412 417/417/417
f 409/409/409 418/418/418 414/414/414
f 393/393/393 414/414/414 418/418/418
f 418/418/418 409/409/409 415/415/415
f 417/417/417 411/411/411 419/419/419
f 419/419/419 416/416/416 417/417/417
f 420/420/420 393/393/393 418/418/418
f 393/393/393 420/420/420 398/398/398
f 418/418/418 415/415/415 421/421/421
f 421/421/421 415/415/415 416/416/416
f 418/418/418 421/421/421 420/420/420
f 419/419/419 411/411/411 422/422/422
f 411/411/411 423/423/423 422/422/422
f 422/422/422 424/424/424 419/419/419
f 419/419/419 424/424/424 416/416/416
f 424/424/424 422/422/422 425/425/425
f 423/423/423 425/425/425 422/422/422
f 424/424/424 426/426/426 416/416/416
f 426/426/426 424/424/424 425/425/425
f 427/427/427 421/421/421 416/416/416
f 427/427/427 416/416/416 426/426/426
f 421/421/421 428/428/428 420/420/420
f 428/428/428 421/421/421 427/427/427
f 429/429/429 427/427/427 426/426/426
f 426/426/426 425/425/425 429/429/429
f 429/429/429 428/428/428 427/427/427
f 428/428/428 430/430/430 420/420/420
f 420/420/420 430/430/430 398/398/398
f 430/430/430 428/428/428 431/431/431
f 430/430/430 431/431/431 398/398/398
f 432/432/432 428/428/428 429/429/429
f 428/428/428 432/432/432 431/431/431
f 425/425/425 433/433/433 429/429/429
f 432/432/432 429/429/429 433/433/433
f 431/431/431 432/432/432 434/434/434
f 433/433/433 434/434/434 432/432/432
f 435/435/435 434/434/434 433/433/433
f 436/436/436 433/433/433 425/425/425
f 435/435/435 433/433/433 436/436/436
f 423/423/423 436/436/436 425/425/425
f 431/431/431 437/437/437 398/398/398
f 431/431/431 434/434/434 438/438/438
f 423/423/423 439/439/439 436/436/436
f 435/435/435 436/436/436 439/439/439
f 423/423/423 440/440/440 439/439/439
f 439/439/439 440/440/440 435/435/435
f 423/423/423 441/441/441 440/440/440
f 441/441/441 442/442/442 440/440/440
f 442/442/442 443/443/443 440/440/440
f 440/440/440 443/443/443 435/435/435
f 442/442/442 444/444/444 443/443/443
f 443/443/443 444/444/444 445/445/445
f 443/443/443 445/445/445 435/435/435
f 444/444/444 446/446/446 445/445/445
f 445/445/445 446/446/446 447/447/447
f 446/446/446 448/448/448 447/447/447
f 448/448/448 449/449/449 447/447/447
f 445/445/445 450/450/450 435/435/435
f 450/450/450 445/445/445 447/447/447
f 434/434/434 435/435/435 450/450/450
f 450/450/450 451/451/451 434/434/434
f 434/434/434 451/451/451 438/438/438
f 452/452/452 451/451/451 450/450/450
f 447/447/447 452/452/452 450/450/450
f 453/453/453 438/438/438 451/451/451
f 453/453/453 451/451/451 452/452/452
f 454/454/454 438/438/438 453/453/453
f 455/455/455 453/453/453 452/452/452
f 455/455/455 454/454/454 453/453/453
f 447/447/447 455/455/455 452/452/452
f 456/456/456 454/454/454 455/455/455
f 456/456/456 455/455/455 447/447/447
f 449/449/449 457/457/457 447/447/447
f 449/449/449 458/458/458 457/457/457
f 459/459/459 456/456/456 447/447/447
f 457/457/457 459/459/459 447/447/447
f 458/458/458 460/460/460 457/457/457
f 457/457/457 461/461/461 459/459/459
f 457/457/457 460/460/460 461/461/461
f 461/461/461 462/462/462 459/459/459
f 462/462/462 456/456/456 459/459/459
f 460/460/460 458/458/458 463/463/463
f 458/458/458 464/464/464 463/463/463
f 463/463/463 464/464/464 465/465/465
f 460/460/460 466/466/466 461/461/461
f 466/466/466 462/462/462 461/461/461
f 466/466/466 460/460/460 467/467/467
f 460/460/460 463/463/463 467/467/467
f 468/468/468 463/463/463 465/465/465
f 468/468/468 465/465/465 469/469/469
f 470/470/470 468/468/468 469/469/469
f 469/469/469 471/471/471 470/470/470
f 471/471/471 472/472/472 470/470/470
f 470/470/470 472/472/472 473/473/473
f 468/468/468 474/474/474 463/463/463
f 468/468/468 470/470/470 474/474/474
f 474/474/474 475/475/475 463/463/463
f 466/466/466 475/475/475 476/476/476
f 462/462/462 466/466/466 476/476/476
f 475/475/475 474/474/474 476/476/476
f 474/474/474 470/470/470 477/477/477
f 477/477/477 476/476/476 474/474/474
f 478/478/478 462/462/462 476/476/476
f 477/477/477 478/478/478 476/476/476
f 478/478/478 456/456/456 462/462/462
f 477/477/477 456/456/456 478/478/478
f 477/477/477 479/479/479 456/456/456
f 470/470/470 480/480/480 477/477/477
f 480/480/480 470/470/470 473/473/473
f 477/477/477 480/480/480 479/479/479
f 473/473/473 481/481/481 480/480/480
f 482/482/482 481/481/481 473/473/473
f 480/480/480 483/483/483 479/479/479
f 481/481/481 483/483/483 480/480/480
f 479/479/479 483/483/483 484/484/484
f 484/484/484 483/483/483 481/481/481
f 437/437/437 479/479/479 484/484/484
f 437/437/437 484/484/484 398/398/398
f 485/485/485 484/484/484 481/481/481
f 484/484/484 485/485/485 398/398/398
f 481/481/481 482/482/482 485/485/485
f 485/485/485 397/397/397 398/398/398
f 485/485/485 482/482/482 397/397/397
f 486/486/486 397/397/397 482/482/482
f 487/487/487 486/486/486 482/482/482
f 482/482/482 488/488/488 487/487/487
f 487/487/487 488/488/488 489/489/489
f 492/492/492 491/491/491 490/490/490
f 493/493/493 492/492/492 490/490/490
f 494/494/494 492/492/492 493/493/493
f 495/495/495 494/494/494 493/493/493
f 498/498/498 497/497/497 496/496/496
f 499/499/499 498/498/498 496/496/496
f 502/502/502 501/501/501 500/500/500
f 503/503/503 502/502/502 500/500/500
f 503/503/503 504/504/504 502/502/502
f 504/504/504 503/503/503 505/505/505
f 504/504/504 505/505/505 506/506/506
f 507/507/507 504/504/504 506/506/506
f 507/507/507 508/508/508 504/504/504
f 506/506/506 509/509/509 507/507/507
f 506/506/506 510/510/510 509/509/509
f 513/513/513 512/512/512 511/511/511
f 512/512/512 514/514/514 511/511/511
f 511/511/511 514/514/514 515/515/515
f 514/514/514 516/516/516 515/515/515
f 516/516/516 517/517/517 515/515/515
f 517/517/517 518/518/518 515/515/515
f 518/518/518 517/517/517 519/519/519
f 517/517/517 520/520/520 519/519/519
f 523/523/523 522/522/522 521/521/521
f 522/522/522 524/524/524 521/521/521
f 522/522/522 525/525/525 524/524/524
f 525/525/525 526/526/526 524/524/524
f 527/527/527 524/524/524 526/526/526
f 524/524/524 527/527/527 521/521/521
f 528/528/528 527/527/527 526/526/526
f 527/527/527 528/528/528 529/529/529
f 527/527/527 530/530/530 521/521/521
f 530/530/530 527/527/527 529/529/529
f 530/530/530 531/531/531 521/521/521
f 530/530/530 529/529/529 532/532/532
f 530/530/530 533/533/533 531/531/531
f 534/534/534 530/530/530 532/532/532
f 533/533/533 530/530/530 534/534/534
f 535/535/535 533/533/533 534/534/534
f 538/538/538 537/537/537 536/536/536
f 537/537/537 538/538/538 539/539/539
f 542/542/542 541/541/541 540/540/540
f 541/541/541 543/543/543 540/540/540
f 546/546/546 545/545/545 544/544/544
f 547/547/547 546/546/546 544/544/544
f 548/548/548 546/546/546 547/547/547
f 547/547/547 544/544/544 549/549/549
f 550/550/550 547/547/547 549/549/549
f 544/544/544 551/551/551 549/549/549
f 549/549/549 551/551/551 552/552/552
f 553/553/553 549/549/549 552/552/552
f 553/553/553 552/552/552 554/554/554
f 554/554/554 555/555/555 553/553/553
f 556/556/556 555/555/555 554/554/554
f 556/556/556 557/557/557 555/555/555
f 560/560/560 559/559/559 558/558/558
f 561/561/561 560/560/560 558/558/558
f 560/560/560 561/561/561 562/562/562
f 560/560/560 562/562/562 563/563/563
f 562/562/562 564/564/564 563/563/563
f 565/565/565 564/564/564 562/562/562
f 565/565/565 562/562/562 566/566/566
f 567/567/567 565/565/565 566/566/566
f 567/567/567 566/566/566 568/568/568
f 569/569/569 567/567/567 568/568/568
f 568/568/568 570/570/570 569/569/569
f 569/569/569 570/570/570 571/571/571
f 568/568/568 572/572/572 570/570/570
f 563/563/563 573/573/573 560/560/560
f 573/573/573 574/574/574 560/560/560
f 563/563/563 575/575/575 573/573/573
f 575/575/575 563/563/563 576/576/576
f 576/576/576 563/563/563 577/577/577
f 578/578/578 576/576/576 577/577/577
f 578/578/578 577/577/577 579/579/579
f 580/580/580 578/578/578 579/579/579
f 580/580/580 579/579/579 581/581/581
f 582/582/582 580/580/580 581/581/581
f 582/582/582 581/581/581 583/583/583
f 584/584/584 582/582/582 583/583/583
f 584/584/584 583/583/583 585/585/585
f 585/585/585 583/583/583 586/586/586
f 589/589/589 588/588/588 587/587/587
f 590/590/590 589/589/589 587/587/587
f 591/591/591 590/590/590 587/587/587
f 592/592/592 591/591/591 587/587/587
f 591/591/591 592/592/592 593/593/593
f 592/592/592 594/594/594 593/593/593
f 597/597/597 596/596/596 595/595/595
f 598/598/598 597/597/597 595/595/595
f 599/599/599 598/598/598 595/595/595
f 600/600/600 598/598/598 599/599/599
f 601/601/601 600/600/600 599/599/599
f 602/602/602 600/600/600 601/601/601
f 603/603/603 602/602/602 601/601/601
f 604/604/604 602/602/602 603/603/603
f 605/605/605 604/604/604 603/603/603
f 607/607/607 606/606/606 571/571/571
f 570/570/570 607/607/607 571/571/571
f 607/607/607 570/570/570 608/608/608
f 572/572/572 608/608/608 570/570/570
f 609/609/609 607/607/607 608/608/608
f 608/608/608 572/572/572 610/610/610
f 611/611/611 609/609/609 608/608/608
f 610/610/610 612/612/612 608/608/608
f 612/612/612 611/611/611 608/608/608
f 615/615/615 614/614/614 613/613/613
f 614/614/614 615/615/615 616/616/616
f 614/614/614 617/617/617 613/613/613
f 613/613/613 617/617/617 618/618/618
f 619/619/619 614/614/614 616/616/616
f 614/614/614 619/619/619 617/617/617
f 617/617/617 620/620/620 618/618/618
f 619/619/619 620/620/620 617/617/617
f 619/619/619 616/616/616 621/621/621
f 621/621/621 620/620/620 619/619/619
f 616/616/616 622/622/622 621/621/621
f 618/618/618 620/620/620 623/623/623
f 623/623/623 620/620/620 621/621/621
f 624/624/624 618/618/618 623/623/623
f 624/624/624 623/623/623 625/625/625
f 621/621/621 622/622/622 626/626/626
f 622/622/622 627/627/627 626/626/626
f 627/627/627 628/628/628 626/626/626
f 626/626/626 629/629/629 621/621/621
f 629/629/629 623/623/623 621/621/621
f 628/628/628 629/629/629 626/626/626
f 623/623/623 630/630/630 625/625/625
f 623/623/623 629/629/629 630/630/630
f 629/629/629 628/628/628 631/631/631
f 631/631/631 630/630/630 629/629/629
f 628/628/628 632/632/632 631/631/631
f 625/625/625 630/630/630 633/633/633
f 633/633/633 630/630/630 631/631/631
f 631/631/631 632/632/632 633/633/633
f 634/634/634 625/625/625 633/633/633
f 632/632/632 634/634/634 633/633/633
f 637/637/637 636/636/636 635/635/635
f 636/636/636 637/637/637 638/638/638
f 639/639/639 637/637/637 635/635/635
f 639/639/639 635/635/635 640/640/640
f 637/637/637 641/641/641 638/638/638
f 641/641/641 637/637/637 639/639/639
f 642/642/642 639/639/639 640/640/640
f 642/642/642 641/641/641 639/639/639
f 638/638/638 641/641/641 643/643/643
f 642/642/642 643/643/643 641/641/641
f 644/644/644 638/638/638 643/643/643
f 642/642/642 640/640/640 645/645/645
f 642/642/642 645/645/645 643/643/643
f 640/640/640 646/646/646 645/645/645
f 645/645/645 646/646/646 647/647/647
f 644/644/644 643/643/643 648/648/648
f 649/649/649 644/644/644 648/648/648
f 650/650/650 649/649/649 648/648/648
f 651/651/651 648/648/648 643/643/643
f 645/645/645 651/651/651 643/643/643
f 651/651/651 650/650/650 648/648/648
f 652/652/652 645/645/645 647/647/647
f 651/651/651 645/645/645 652/652/652
f 650/650/650 651/651/651 653/653/653
f 652/652/652 653/653/653 651/651/651
f 654/654/654 650/650/650 653/653/653
f 652/652/652 647/647/647 655/655/655
f 652/652/652 655/655/655 653/653/653
f 654/654/654 653/653/653 655/655/655
f 647/647/647 656/656/656 655/655/655
f 656/656/656 654/654/654 655/655/655
g _Helm_1
f 659/659/659 658/658/658 657/657/657
f 658/658/658 660/660/660 657/657/657
f 660/660/660 661/661/661 657/657/657
f 664/664/664 663/663/663 662/662/662
f 665/665/665 664/664/664 662/662/662
f 662/662/662 666/666/666 665/665/665
f 669/669/669 668/668/668 667/667/667
f 670/670/670 669/669/669 667/667/667
f 671/671/671 670/670/670 667/667/667
f 674/674/674 673/673/673 672/672/672
f 673/673/673 675/675/675 672/672/672
f 676/676/676 672/672/672 675/675/675
g _Helm_2
f 679/679/679 678/678/678 677/677/677
f 679/679/679 678/678/678 677/677/677
f 680/680/680 679/679/679 677/677/677
f 680/680/680 679/679/679 677/677/677
f 683/683/683 682/682/682 681/681/681
f 683/683/683 682/682/682 681/681/681
f 684/684/684 683/683/683 681/681/681
f 684/684/684 683/683/683 681/681/681
f 684/684/684 681/681/681 685/685/685
f 684/684/684 681/681/681 685/685/685
f 686/686/686 684/684/684 685/685/685
f 686/686/686 684/684/684 685/685/685
f 686/686/686 685/685/685 687/687/687
f 686/686/686 685/685/685 687/687/687
f 688/688/688 686/686/686 687/687/687
f 688/688/688 686/686/686 687/687/687
f 688/688/688 687/687/687 689/689/689
f 688/688/688 687/687/687 689/689/689
f 690/690/690 688/688/688 689/689/689
f 690/690/690 688/688/688 689/689/689
f 689/689/689 687/687/687 691/691/691
f 689/689/689 687/687/687 691/691/691
f 687/687/687 692/692/692 691/691/691
f 687/687/687 692/692/692 691/691/691
f 687/687/687 693/693/693 692/692/692
f 687/687/687 693/693/693 692/692/692
f 693/693/693 694/694/694 692/692/692
f 693/693/693 694/694/694 692/692/692
f 693/693/693 695/695/695 694/694/694
f 693/693/693 695/695/695 694/694/694
f 695/695/695 696/696/696 694/694/694
f 695/695/695 696/696/696 694/694/694
f 695/695/695 697/697/697 696/696/696
f 695/695/695 697/697/697 696/696/696
f 697/697/697 698/698/698 696/696/696
f 697/697/697 698/698/698 696/696/696
f 701/701/701 700/700/700 699/699/699
f 701/701/701 700/700/700 699/699/699
f 700/700/700 702/702/702 699/699/699
f 700/700/700 702/702/702 699/699/699
f 699/699/699 702/702/702 703/703/703
f 699/699/699 702/702/702 703/703/703
f 700/700/700 704/704/704 702/702/702
f 700/700/700 704/704/704 702/702/702
f 702/702/702 705/705/705 703/703/703
f 702/702/702 705/705/705 703/703/703
f 704/704/704 706/706/706 702/702/702
f 704/704/704 706/706/706 702/702/702
f 702/702/702 706/706/706 705/705/705
f 702/702/702 706/706/706 705/705/705
f 704/704/704 707/707/707 706/706/706
f 704/704/704 707/707/707 706/706/706
f 706/706/706 708/708/708 705/705/705
f 706/706/706 708/708/708 705/705/705
f 707/707/707 709/709/709 706/706/706
f 707/707/707 709/709/709 706/706/706
f 706/706/706 709/709/709 708/708/708
f 706/706/706 709/709/709 708/708/708
f 707/707/707 710/710/710 709/709/709
f 707/707/707 710/710/710 709/709/709
f 709/709/709 711/711/711 708/708/708
f 709/709/709 711/711/711 708/708/708
f 710/710/710 712/712/712 709/709/709
f 710/710/710 712/712/712 709/709/709
f 709/709/709 712/712/712 711/711/711
f 709/709/709 712/712/712 711/711/711
f 712/712/712 713/713/713 711/711/711
f 712/712/712 713/713/713 711/711/711
f 716/716/716 715/715/715 714/714/714
f 716/716/716 715/715/715 714/714/714
f 715/715/715 717/717/717 714/714/714
f 715/715/715 717/717/717 714/714/714
f 715/715/715 718/718/718 717/717/717
f 715/715/715 718/718/718 717/717/717
f 721/721/721 720/720/720 719/719/719
f 721/721/721 720/720/720 719/719/719
f 721/721/721 719/719/719 722/722/722
f 721/721/721 719/719/719 722/722/722
f 723/723/723 721/721/721 722/722/722
f 723/723/723 721/721/721 722/722/722
f 726/726/726 725/725/725 724/724/724
f 726/726/726 725/725/725 724/724/724
f 726/726/726 724/724/724 727/727/727
f 726/726/726 724/724/724 727/727/727
f 728/728/728 726/726/726 727/727/727
f 728/728/728 726/726/726 727/727/727
f 731/731/731 730/730/730 729/729/729
f 731/731/731 730/730/730 729/729/729
f 730/730/730 732/732/732 729/729/729
f 730/730/730 732/732/732 729/729/729
f 730/730/730 733/733/733 732/732/732
f 730/730/730 733/733/733 732/732/732
f 736/736/736 735/735/735 734/734/734
f 736/736/736 735/735/735 734/734/734
f 736/736/736 734/734/734 737/737/737
f 736/736/736 734/734/734 737/737/737
f 738/738/738 736/736/736 737/737/737
f 738/738/738 736/736/736 737/737/737
f 738/738/738 737/737/737 739/739/739
f 738/738/738 737/737/737 739/739/739
f 740/740/740 738/738/738 739/739/739
f 740/740/740 738/738/738 739/739/739
f 741/741/741 738/738/738 740/740/740
f 741/741/741 738/738/738 740/740/740
f 742/742/742 741/741/741 740/740/740
f 742/742/742 741/741/741 740/740/740
f 741/741/741 743/743/743 738/738/738
f 741/741/741 743/743/743 738/738/738
f 743/743/743 744/744/744 738/738/738
f 743/743/743 744/744/744 738/738/738
f 743/743/743 745/745/745 744/744/744
f 743/743/743 745/745/745 744/744/744
f 748/748/748 747/747/747 746/746/746
f 748/748/748 747/747/747 746/746/746
f 748/748/748 746/746/746 749/749/749
f 748/748/748 746/746/746 749/749/749
f 750/750/750 748/748/748 749/749/749
f 750/750/750 748/748/748 749/749/749
f 750/750/750 749/749/749 751/751/751
f 750/750/750 749/749/749 751/751/751
f 752/752/752 750/750/750 751/751/751
f 752/752/752 750/750/750 751/751/751
f 753/753/753 750/750/750 752/752/752
f 753/753/753 750/750/750 752/752/752
f 754/754/754 750/750/750 753/753/753
f 754/754/754 750/750/750 753/753/753
f 755/755/755 754/754/754 753/753/753
f 755/755/755 754/754/754 753/753/753
f 754/754/754 756/756/756 750/750/750
f 754/754/754 756/756/756 750/750/750
f 756/756/756 757/757/757 750/750/750
f 756/756/756 757/757/757 750/750/750
f 756/756/756 758/758/758 757/757/757
f 756/756/756 758/758/758 757/757/757
f 761/761/761 760/760/760 759/759/759
f 761/761/761 760/760/760 759/759/759
f 761/761/761 759/759/759 762/762/762
f 761/761/761 759/759/759 762/762/762
f 763/763/763 761/761/761 762/762/762
f 763/763/763 761/761/761 762/762/762
f 763/763/763 762/762/762 764/764/764
f 763/763/763 762/762/762 764/764/764
f 765/765/765 763/763/763 764/764/764
f 765/765/765 763/763/763 764/764/764
f 768/768/768 767/767/767 766/766/766
f 768/768/768 767/767/767 766/766/766
f 768/768/768 766/766/766 769/769/769
f 768/768/768 766/766/766 769/769/769
f 770/770/770 768/768/768 769/769/769
f 770/770/770 768/768/768 769/769/769
f 770/770/770 769/769/769 771/771/771
f 770/770/770 769/769/769 771/771/771
f 772/772/772 770/770/770 771/771/771
f 772/772/772 770/770/770 771/771/771
f 775/775/775 774/774/774 773/773/773
f 775/775/775 774/774/774 773/773/773
f 775/775/775 773/773/773 776/776/776
f 775/775/775 773/773/773 776/776/776
f 777/777/777 775/775/775 776/776/776
f 777/777/777 775/775/775 776/776/776
f 777/777/777 776/776/776 778/778/778
f 777/777/777 776/776/776 778/778/778
f 779/779/779 777/777/777 778/778/778
f 779/779/779 777/777/777 778/778/778
f 782/782/782 781/781/781 780/780/780
f 782/782/782 781/781/781 780/780/780
f 781/781/781 783/783/783 780/780/780
f 781/781/781 783/783/783 780/780/780
f 781/781/781 784/784/784 783/783/783
f 781/781/781 784/784/784 783/783/783
f 784/784/784 785/785/785 783/783/783
f 784/784/784 785/785/785 783/783/783
f 784/784/784 786/786/786 785/785/785
f 784/784/784 786/786/786 785/785/785
f 789/789/789 788/788/788 787/787/787
f 789/789/789 788/788/788 787/787/787
f 789/789/789 787/787/787 790/790/790
f 789/789/789 787/787/787 790/790/790
f 791/791/791 789/789/789 790/790/790
f 791/791/791 789/789/789 790/790/790
f 791/791/791 790/790/790 792/792/792
f 791/791/791 790/790/790 792/792/792
f 793/793/793 791/791/791 792/792/792
f 793/793/793 791/791/791 792/792/792
f 796/796/796 795/795/795 794/794/794
f 796/796/796 795/795/795 794/794/794
f 796/796/796 794/794/794 797/797/797
f 796/796/796 794/794/794 797/797/797
f 798/798/798 796/796/796 797/797/797
f 798/798/798 796/796/796 797/797/797
f 798/798/798 797/797/797 799/799/799
f 798/798/798 797/797/797 799/799/799
f 800/800/800 798/798/798 799/799/799
f 800/800/800 798/798/798 799/799/799
f 801/801/801 800/800/800 799/799/799
f 801/801/801 800/800/800 799/799/799
f 801/801/801 802/802/802 800/800/800
f 801/801/801 802/802/802 800/800/800
f 799/799/799 803/803/803 801/801/801
f 799/799/799 803/803/803 801/801/801
f 801/801/801 804/804/804 802/802/802
f 801/801/801 804/804/804 802/802/802
f 804/804/804 805/805/805 802/802/802
f 804/804/804 805/805/805 802/802/802
f 804/804/804 806/806/806 805/805/805
f 804/804/804 806/806/806 805/805/805
f 806/806/806 807/807/807 805/805/805
f 806/806/806 807/807/807 805/805/805
f 806/806/806 808/808/808 807/807/807
f 806/806/806 808/808/808 807/807/807
f 803/803/803 799/799/799 809/809/809
f 803/803/803 799/799/799 809/809/809
f 810/810/810 803/803/803 809/809/809
f 810/810/810 803/803/803 809/809/809
f 811/811/811 806/806/806 804/804/804
f 811/811/811 806/806/806 804/804/804
f 811/811/811 812/812/812 806/806/806
f 811/811/811 812/812/812 806/806/806
f 813/813/813 811/811/811 804/804/804
f 813/813/813 811/811/811 804/804/804
f 813/813/813 804/804/804 814/814/814
f 813/813/813 804/804/804 814/814/814
f 815/815/815 813/813/813 814/814/814
f 815/815/815 813/813/813 814/814/814
f 815/815/815 814/814/814 816/816/816
f 815/815/815 814/814/814 816/816/816
f 817/817/817 815/815/815 816/816/816
f 817/817/817 815/815/815 816/816/816
f 817/817/817 816/816/816 818/818/818
f 817/817/817 816/816/816 818/818/818
f 819/819/819 817/817/817 818/818/818
f 819/819/819 817/817/817 818/818/818
f 822/822/822 821/821/821 820/820/820
f 822/822/822 821/821/821 820/820/820
f 822/822/822 820/820/820 823/823/823
f 822/822/822 820/820/820 823/823/823
f 824/824/824 822/822/822 823/823/823
f 824/824/824 822/822/822 823/823/823
f 824/824/824 823/823/823 825/825/825
f 824/824/824 823/823/823 825/825/825
f 826/826/826 824/824/824 825/825/825
f 826/826/826 824/824/824 825/825/825
f 829/829/829 828/828/828 827/827/827
f 829/829/829 828/828/828 827/827/827
f 828/828/828 830/830/830 827/827/827
f 828/828/828 830/830/830 827/827/827
f 828/828/828 831/831/831 830/830/830
f 828/828/828 831/831/831 830/830/830
f 831/831/831 832/832/832 830/830/830
f 831/831/831 832/832/832 830/830/830
f 831/831/831 833/833/833 832/832/832
f 831/831/831 833/833/833 832/832/832
f 836/836/836 835/835/835 834/834/834
f 836/836/836 835/835/835 834/834/834
f 835/835/835 837/837/837 834/834/834
f 835/835/835 837/837/837 834/834/834
f 835/835/835 838/838/838 837/837/837
f 835/835/835 838/838/838 837/837/837
f 838/838/838 839/839/839 837/837/837
f 838/838/838 839/839/839 837/837/837
f 838/838/838 840/840/840 839/839/839
f 838/838/838 840/840/840 839/839/839
f 840/840/840 841/841/841 839/839/839
f 840/840/840 841/841/841 839/839/839
f 840/840/840 842/842/842 841/841/841
f 840/840/840 842/842/842 841/841/841
f 845/845/845 844/844/844 843/843/843
f 845/845/845 844/844/844 843/843/843
f 846/846/846 845/845/845 843/843/843
f 846/846/846 845/845/845 843/843/843
f 849/849/849 848/848/848 847/847/847
f 849/849/849 848/848/848 847/847/847
f 848/848/848 850/850/850 847/847/847
f 848/848/848 850/850/850 847/847/847
f 851/851/851 850/850/850 848/848/848
f 851/851/851 850/850/850 848/848/848
f 848/848/848 852/852/852 851/851/851
f 848/848/848 852/852/852 851/851/851
f 852/852/852 853/853/853 851/851/851
f 852/852/852 853/853/853 851/851/851
f 853/853/853 854/854/854 851/851/851
f 853/853/853 854/854/854 851/851/851
f 854/854/854 855/855/855 851/851/851
f 854/854/854 855/855/855 851/851/851
f 854/854/854 856/856/856 855/855/855
f 854/854/854 856/856/856 855/855/855
f 856/856/856 857/857/857 855/855/855
f 856/856/856 857/857/857 855/855/855
f 856/856/856 858/858/858 857/857/857
f 856/856/856 858/858/858 857/857/857
f 861/861/861 860/860/860 859/859/859
f 861/861/861 860/860/860 859/859/859
f 861/861/861 859/859/859 862/862/862
f 861/861/861 859/859/859 862/862/862
f 863/863/863 861/861/861 862/862/862
f 863/863/863 861/861/861 862/862/862
f 863/863/863 862/862/862 864/864/864
f 863/863/863 862/862/862 864/864/864
f 865/865/865 863/863/863 864/864/864
f 865/865/865 863/863/863 864/864/864
f 868/868/868 867/867/867 866/866/866
f 868/868/868 867/867/867 866/866/866
f 868/868/868 866/866/866 869/869/869
f 868/868/868 866/866/866 869/869/869
f 870/870/870 868/868/868 869/869/869
f 870/870/870 868/868/868 869/869/869
f 870/870/870 869/869/869 871/871/871
f 870/870/870 869/869/869 871/871/871
f 872/872/872 870/870/870 871/871/871
f 872/872/872 870/870/870 871/871/871
f 872/872/872 871/871/871 873/873/873
f 872/872/872 871/871/871 873/873/873
f 873/873/873 871/871/871 874/874/874
f 873/873/873 871/871/871 874/874/874
f 873/873/873 875/875/875 872/872/872
f 873/873/873 875/875/875 872/872/872
f 876/876/876 873/873/873 874/874/874
f 876/876/876 873/873/873 874/874/874
f 875/875/875 877/877/877 872/872/872
f 875/875/875 877/877/877 872/872/872
f 875/875/875 878/878/878 877/877/877
f 875/875/875 878/878/878 877/877/877
f 876/876/876 874/874/874 879/879/879
f 876/876/876 874/874/874 879/879/879
f 880/880/880 876/876/876 879/879/879
f 880/880/880 876/876/876 879/879/879
f 880/880/880 879/879/879 881/881/881
f 880/880/880 879/879/879 881/881/881
f 882/882/882 880/880/880 881/881/881
f 882/882/882 880/880/880 881/881/881
f 885/885/885 884/884/884 883/883/883
f 885/885/885 884/884/884 883/883/883
f 885/885/885 883/883/883 886/886/886
f 885/885/885 883/883/883 886/886/886
f 887/887/887 885/885/885 886/886/886
f 887/887/887 885/885/885 886/886/886
f 887/887/887 886/886/886 888/888/888
f 887/887/887 886/886/886 888/888/888
f 889/889/889 887/887/887 888/888/888
f 889/889/889 887/887/887 888/888/888
f 892/892/892 891/891/891 890/890/890
f 892/892/892 891/891/891 890/890/890
f 893/893/893 892/892/892 890/890/890
f 893/893/893 892/892/892 890/890/890
f 893/893/893 890/890/890 894/894/894
f 893/893/893 890/890/890 894/894/894
f 894/894/894 895/895/895 893/893/893
f 894/894/894 895/895/895 893/893/893
f 895/895/895 896/896/896 893/893/893
f 895/895/895 896/896/896 893/893/893
f 896/896/896 897/897/897 893/893/893
f 896/896/896 897/897/897 893/893/893
f 896/896/896 898/898/898 897/897/897
f 896/896/896 898/898/898 897/897/897
f 898/898/898 899/899/899 897/897/897
f 898/898/898 899/899/899 897/897/897
f 898/898/898 900/900/900 899/899/899
f 898/898/898 900/900/900 899/899/899
f 903/903/903 902/902/902 901/901/901
f 903/903/903 902/902/902 901/901/901
f 903/903/903 901/901/901 904/904/904
f 903/903/903 901/901/901 904/904/904
f 905/905/905 903/903/903 904/904/904
f 905/905/905 903/903/903 904/904/904
f 908/908/908 907/907/907 906/906/906
f 908/908/908 907/907/907 906/906/906
f 907/907/907 909/909/909 906/906/906
f 907/907/907 909/909/909 906/906/906
f 907/907/907 910/910/910 909/909/909
f 907/907/907 910/910/910 909/909/909
f 910/910/910 911/911/911 909/909/909
f 910/910/910 911/911/911 909/909/909
f 910/910/910 912/912/912 911/911/911
f 910/910/910 912/912/912 911/911/911
f 912/912/912 913/913/913 911/911/911
f 912/912/912 913/913/913 911/911/911
f 912/912/912 914/914/914 913/913/913
f 912/912/912 914/914/914 913/913/913
f 914/914/914 915/915/915 913/913/913
f 914/914/914 915/915/915 913/913/913
f 914/914/914 916/916/916 915/915/915
f 914/914/914 916/916/916 915/915/915
f 919/919/919 918/918/918 917/917/917
f 919/919/919 918/918/918 917/917/917
f 920/920/920 919/919/919 917/917/917
f 920/920/920 919/919/919 917/917/917
f 920/920/920 917/917/917 921/921/921
f 920/920/920 917/917/917 921/921/921
f 922/922/922 920/920/920 921/921/921
f 922/922/922 920/920/920 921/921/921
f 922/922/922 921/921/921 923/923/923
f 922/922/922 921/921/921 923/923/923
f 924/924/924 922/922/922 923/923/923
f 924/924/924 922/922/922 923/923/923
f 923/923/923 921/921/921 925/925/925
f 923/923/923 921/921/921 925/925/925
f 921/921/921 926/926/926 925/925/925
f 921/921/921 926/926/926 925/925/925
f 921/921/921 927/927/927 926/926/926
f 921/921/921 927/927/927 926/926/926
f 927/927/927 928/928/928 926/926/926
f 927/927/927 928/928/928 926/926/926
f 927/927/927 929/929/929 928/928/928
f 927/927/927 929/929/929 928/928/928
f 929/929/929 930/930/930 928/928/928
f 929/929/929 930/930/930 928/928/928
f 933/933/933 932/932/932 931/931/931
f 933/933/933 932/932/932 931/931/931
f 933/933/933 934/934/934 932/932/932
f 933/933/933 934/934/934 932/932/932
f 937/937/937 936/936/936 935/935/935
f 937/937/937 936/936/936 935/935/935
f 940/940/940 939/939/939 938/938/938
f 940/940/940 939/939/939 938/938/938
f 940/940/940 938/938/938 941/941/941
f 940/940/940 938/938/938 941/941/941
f 942/942/942 940/940/940 941/941/941
f 942/942/942 940/940/940 941/941/941
f 945/945/945 944/944/944 943/943/943
f 945/945/945 944/944/944 943/943/943
f 945/945/945 943/943/943 946/946/946
f 945/945/945 943/943/943 946/946/946
f 947/947/947 945/945/945 946/946/946
f 947/947/947 945/945/945 946/946/946
f 950/950/950 949/949/949 948/948/948
f 950/950/950 949/949/949 948/948/948
f 950/950/950 951/951/951 949/949/949
f 950/950/950 951/951/951 949/949/949
f 954/954/954 953/953/953 952/952/952
f 954/954/954 953/953/953 952/952/952
f 957/957/957 956/956/956 955/955/955
f 957/957/957 956/956/956 955/955/955
f 957/957/957 955/955/955 958/958/958
f 957/957/957 955/955/955 958/958/958
f 959/959/959 957/957/957 958/958/958
f 959/959/959 957/957/957 958/958/958
f 960/960/960 959/959/959 958/958/958
f 960/960/960 959/959/959 958/958/958
f 960/960/960 958/958/958 961/961/961
f 960/960/960 958/958/958 961/961/961
f 961/961/961 962/962/962 960/960/960
f 961/961/961 962/962/962 960/960/960
f 962/962/962 963/963/963 960/960/960
f 962/962/962 963/963/963 960/960/960
f 963/963/963 964/964/964 960/960/960
f 963/963/963 964/964/964 960/960/960
f 963/963/963 965/965/965 964/964/964
f 963/963/963 965/965/965 964/964/964
f 965/965/965 966/966/966 964/964/964
f 965/965/965 966/966/966 964/964/964
f 965/965/965 967/967/967 966/966/966
f 965/965/965 967/967/967 966/966/966
f 970/970/970 969/969/969 968/968/968
f 970/970/970 969/969/969 968/968/968
f 970/970/970 968/968/968 971/971/971
f 970/970/970 968/968/968 971/971/971
f 972/972/972 970/970/970 971/971/971
f 972/972/972 970/970/970 971/971/971
f 972/972/972 971/971/971 973/973/973
f 972/972/972 971/971/971 973/973/973
f 974/974/974 972/972/972 973/973/973
f 974/974/974 972/972/972 973/973/973
f 977/977/977 976/976/976 975/975/975
f 977/977/977 976/976/976 975/975/975
f 976/976/976 978/978/978 975/975/975
f 976/976/976 978/978/978 975/975/975
f 976/976/976 979/979/979 978/978/978
f 976/976/976 979/979/979 978/978/978
f 979/979/979 980/980/980 978/978/978
f 979/979/979 980/980/980 978/978/978
f 979/979/979 981/981/981 980/980/980
f 979/979/979 981/981/981 980/980/980
f 984/984/984 983/983/983 982/982/982
f 984/984/984 983/983/983 982/982/982
f 984/984/984 982/982/982 985/985/985
f 984/984/984 982/982/982 985/985/985
f 986/986/986 984/984/984 985/985/985
f 986/986/986 984/984/984 985/985/985
f 986/986/986 985/985/985 987/987/987
f 986/986/986 985/985/985 987/987/987
f 988/988/988 986/986/986 987/987/987
f 988/988/988 986/986/986 987/987/987
f 987/987/987 989/989/989 988/988/988
f 987/987/987 989/989/989 988/988/988
f 988/988/988 989/989/989 990/990/990
f 988/988/988 989/989/989 990/990/990
f 991/991/991 988/988/988 990/990/990
f 991/991/991 988/988/988 990/990/990
f 987/987/987 992/992/992 989/989/989
f 987/987/987 992/992/992 989/989/989
f 992/992/992 993/993/993 989/989/989
f 992/992/992 993/993/993 989/989/989
f 992/992/992 994/994/994 993/993/993
f 992/992/992 994/994/994 993/993/993
f 994/994/994 995/995/995 993/993/993
f 994/994/994 995/995/995 993/993/993
f 994/994/994 996/996/996 995/995/995
f 994/994/994 996/996/996 995/995/995
f 995/995/995 996/996/996 997/997/997
f 995/995/995 996/996/996 997/997/997
f 995/995/995 997/997/997 998/998/998
f 995/995/995 997/997/997 998/998/998
f 999/999/999 995/995/995 998/998/998
f 999/999/999 995/995/995 998/998/998
f 999/999/999 998/998/998 1000/1000/1000
f 999/999/999 998/998/998 1000/1000/1000
f 1001/1001/1001 999/999/999 1000/1000/1000
f 1001/1001/1001 999/999/999 1000/1000/1000
f 1002/1002/1002 988/988/988 991/991/991
f 1002/1002/1002 988/988/988 991/991/991
f 1003/1003/1003 1002/1002/1002 991/991/991
f 1003/1003/1003 1002/1002/1002 991/991/991
f 1002/1002/1002 1004/1004/1004 988/988/988
f 1002/1002/1002 1004/1004/1004 988/988/988
f 1004/1004/1004 1005/1005/1005 988/988/988
f 1004/1004/1004 1005/1005/1005 988/988/988
f 1004/1004/1004 1006/1006/1006 1005/1005/1005
f 1004/1004/1004 1006/1006/1006 1005/1005/1005
f 1006/1006/1006 1007/1007/1007 1005/1005/1005
f 1006/1006/1006 1007/1007/1007 1005/1005/1005
f 1006/1006/1006 1008/1008/1008 1007/1007/1007
f 1006/1006/1006 1008/1008/1008 1007/1007/1007
f 1001/1001/1001 1000/1000/1000 1009/1009/1009
f 1001/1001/1001 1000/1000/1000 1009/1009/1009
f 1010/1010/1010 1001/1001/1001 1009/1009/1009
f 1010/1010/1010 1001/1001/1001 1009/1009/1009
f 1009/1009/1009 1000/1000/1000 1011/1011/1011
f 1009/1009/1009 1000/1000/1000 1011/1011/1011
f 1000/1000/1000 1012/1012/1012 1011/1011/1011
f 1000/1000/1000 1012/1012/1012 1011/1011/1011
f 1015/1015/1015 1014/1014/1014 1013/1013/1013
f 1015/1015/1015 1014/1014/1014 1013/1013/1013
f 1014/1014/1014 1016/1016/1016 1013/1013/1013
f 1014/1014/1014 1016/1016/1016 1013/1013/1013
f 1014/1014/1014 1017/1017/1017 1016/1016/1016
f 1014/1014/1014 1017/1017/1017 1016/1016/1016
f 1017/1017/1017 1018/1018/1018 1016/1016/1016
f 1017/1017/1017 1018/1018/1018 1016/1016/1016
f 1017/1017/1017 1019/1019/1019 1018/1018/1018
f 1017/1017/1017 1019/1019/1019 1018/1018/1018
f 1022/1022/1022 1021/1021/1021 1020/1020/1020
f 1022/1022/1022 1021/1021/1021 1020/1020/1020
f 1022/1022/1022 1020/1020/1020 1023/1023/1023
f 1022/1022/1022 1020/1020/1020 1023/1023/1023
f 1024/1024/1024 1022/1022/1022 1023/1023/1023
f 1024/1024/1024 1022/1022/1022 1023/1023/1023
f 1024/1024/1024 1023/1023/1023 1025/1025/1025
f 1024/1024/1024 1023/1023/1023 1025/1025/1025
f 1026/1026/1026 1024/1024/1024 1025/1025/1025
f 1026/1026/1026 1024/1024/1024 1025/1025/1025
f 1026/1026/1026 1025/1025/1025 1027/1027/1027
f 1026/1026/1026 1025/1025/1025 1027/1027/1027
f 1028/1028/1028 1026/1026/1026 1027/1027/1027
f 1028/1028/1028 1026/1026/1026 1027/1027/1027
f 1028/1028/1028 1027/1027/1027 1029/1029/1029
f 1028/1028/1028 1027/1027/1027 1029/1029/1029
f 1030/1030/1030 1028/1028/1028 1029/1029/1029
f 1030/1030/1030 1028/1028/1028 1029/1029/1029
f 1030/1030/1030 1029/1029/1029 1031/1031/1031
f 1030/1030/1030 1029/1029/1029 1031/1031/1031
f 1032/1032/1032 1030/1030/1030 1031/1031/1031
f 1032/1032/1032 1030/1030/1030 1031/1031/1031
f 1032/1032/1032 1031/1031/1031 1033/1033/1033
f 1032/1032/1032 1031/1031/1031 1033/1033/1033
f 1034/1034/1034 1032/1032/1032 1033/1033/1033
f 1034/1034/1034 1032/1032/1032 1033/1033/1033
f 1037/1037/1037 1036/1036/1036 1035/1035/1035
f 1037/1037/1037 1036/1036/1036 1035/1035/1035
f 1037/1037/1037 1035/1035/1035 1038/1038/1038
f 1037/1037/1037 1035/1035/1035 1038/1038/1038
f 1041/1041/1041 1040/1040/1040 1039/1039/1039
f 1041/1041/1041 1040/1040/1040 1039/1039/1039
f 1041/1041/1041 1039/1039/1039 1042/1042/1042
f 1041/1041/1041 1039/1039/1039 1042/1042/1042
f 1043/1043/1043 1041/1041/1041 1042/1042/1042
f 1043/1043/1043 1041/1041/1041 1042/1042/1042
f 1043/1043/1043 1042/1042/1042 1044/1044/1044
f 1043/1043/1043 1042/1042/1042 1044/1044/1044
f 1045/1045/1045 1043/1043/1043 1044/1044/1044
f 1045/1045/1045 1043/1043/1043 1044/1044/1044
f 1045/1045/1045 1044/1044/1044 1046/1046/1046
f 1045/1045/1045 1044/1044/1044 1046/1046/1046
f 1049/1049/1049 1048/1048/1048 1047/1047/1047
f 1049/1049/1049 1048/1048/1048 1047/1047/1047
f 1052/1052/1052 1051/1051/1051 1050/1050/1050
f 1052/1052/1052 1051/1051/1051 1050/1050/1050
f 1051/1051/1051 1053/1053/1053 1050/1050/1050
f 1051/1051/1051 1053/1053/1053 1050/1050/1050
f 1051/1051/1051 1054/1054/1054 1053/1053/1053
f 1051/1051/1051 1054/1054/1054 1053/1053/1053
f 1054/1054/1054 1055/1055/1055 1053/1053/1053
f 1054/1054/1054 1055/1055/1055 1053/1053/1053
f 1054/1054/1054 1056/1056/1056 1055/1055/1055
f 1054/1054/1054 1056/1056/1056 1055/1055/1055
f 1056/1056/1056 1057/1057/1057 1055/1055/1055
f 1056/1056/1056 1057/1057/1057 1055/1055/1055
f 1056/1056/1056 1058/1058/1058 1057/1057/1057
f 1056/1056/1056 1058/1058/1058 1057/1057/1057
f 1058/1058/1058 1059/1059/1059 1057/1057/1057
f 1058/1058/1058 1059/1059/1059 1057/1057/1057
f 1058/1058/1058 1060/1060/1060 1059/1059/1059
f 1058/1058/1058 1060/1060/1060 1059/1059/1059
f 1063/1063/1063 1062/1062/1062 1061/1061/1061
f 1063/1063/1063 1062/1062/1062 1061/1061/1061
f 1066/1066/1066 1065/1065/1065 1064/1064/1064
f 1066/1066/1066 1065/1065/1065 1064/1064/1064
f 1069/1069/1069 1068/1068/1068 1067/1067/1067
f 1069/1069/1069 1068/1068/1068 1067/1067/1067
f 1070/1070/1070 1069/1069/1069 1067/1067/1067
f 1070/1070/1070 1069/1069/1069 1067/1067/1067
f 1070/1070/1070 1067/1067/1067 1071/1071/1071
f 1070/1070/1070 1067/1067/1067 1071/1071/1071
f 1072/1072/1072 1070/1070/1070 1071/1071/1071
f 1072/1072/1072 1070/1070/1070 1071/1071/1071
f 1071/1071/1071 1073/1073/1073 1072/1072/1072
f 1071/1071/1071 1073/1073/1073 1072/1072/1072
f 1074/1074/1074 1073/1073/1073 1071/1071/1071
f 1074/1074/1074 1073/1073/1073 1071/1071/1071
f 1075/1075/1075 1073/1073/1073 1074/1074/1074
f 1075/1075/1075 1073/1073/1073 1074/1074/1074
f 1075/1075/1075 1074/1074/1074 1076/1076/1076
f 1075/1075/1075 1074/1074/1074 1076/1076/1076
f 1077/1077/1077 1075/1075/1075 1076/1076/1076
f 1077/1077/1077 1075/1075/1075 1076/1076/1076
f 1077/1077/1077 1076/1076/1076 1078/1078/1078
f 1077/1077/1077 1076/1076/1076 1078/1078/1078
f 1081/1081/1081 1080/1080/1080 1079/1079/1079
f 1081/1081/1081 1080/1080/1080 1079/1079/1079
f 1080/1080/1080 1082/1082/1082 1079/1079/1079
f 1080/1080/1080 1082/1082/1082 1079/1079/1079
f 1080/1080/1080 1083/1083/1083 1082/1082/1082
f 1080/1080/1080 1083/1083/1083 1082/1082/1082
f 1083/1083/1083 1084/1084/1084 1082/1082/1082
f 1083/1083/1083 1084/1084/1084 1082/1082/1082
f 1083/1083/1083 1085/1085/1085 1084/1084/1084
f 1083/1083/1083 1085/1085/1085 1084/1084/1084
f 1085/1085/1085 1086/1086/1086 1084/1084/1084
f 1085/1085/1085 1086/1086/1086 1084/1084/1084
f 1085/1085/1085 1087/1087/1087 1086/1086/1086
f 1085/1085/1085 1087/1087/1087 1086/1086/1086
f 1087/1087/1087 1088/1088/1088 1086/1086/1086
f 1087/1087/1087 1088/1088/1088 1086/1086/1086
f 1091/1091/1091 1090/1090/1090 1089/1089/1089
f 1091/1091/1091 1090/1090/1090 1089/1089/1089
f 1094/1094/1094 1093/1093/1093 1092/1092/1092
f 1094/1094/1094 1093/1093/1093 1092/1092/1092
f 1093/1093/1093 1095/1095/1095 1092/1092/1092
f 1093/1093/1093 1095/1095/1095 1092/1092/1092
f 1093/1093/1093 1096/1096/1096 1095/1095/1095
f 1093/1093/1093 1096/1096/1096 1095/1095/1095
f 1096/1096/1096 1097/1097/1097 1095/1095/1095
f 1096/1096/1096 1097/1097/1097 1095/1095/1095
f 1100/1100/1100 1099/1099/1099 1098/1098/1098
f 1100/1100/1100 1099/1099/1099 1098/1098/1098
f 1099/1099/1099 1101/1101/1101 1098/1098/1098
f 1099/1099/1099 1101/1101/1101 1098/1098/1098
f 1099/1099/1099 1102/1102/1102 1101/1101/1101
f 1099/1099/1099 1102/1102/1102 1101/1101/1101
f 1101/1101/1101 1102/1102/1102 1103/1103/1103
f 1101/1101/1101 1102/1102/1102 1103/1103/1103
f 1102/1102/1102 1104/1104/1104 1103/1103/1103
f 1102/1102/1102 1104/1104/1104 1103/1103/1103
f 1107/1107/1107 1106/1106/1106 1105/1105/1105
f 1107/1107/1107 1106/1106/1106 1105/1105/1105
f 1108/1108/1108 1107/1107/1107 1105/1105/1105
f 1108/1108/1108 1107/1107/1107 1105/1105/1105
f 1111/1111/1111 1110/1110/1110 1109/1109/1109
f 1111/1111/1111 1110/1110/1110 1109/1109/1109
f 1112/1112/1112 1110/1110/1110 1111/1111/1111
f 1112/1112/1112 1110/1110/1110 1111/1111/1111
f 1113/1113/1113 1110/1110/1110 1112/1112/1112
f 1113/1113/1113 1110/1110/1110 1112/1112/1112
f 1112/1112/1112 1114/1114/1114 1113/1113/1113
f 1112/1112/1112 1114/1114/1114 1113/1113/1113
f 1114/1114/1114 1115/1115/1115 1113/1113/1113
f 1114/1114/1114 1115/1115/1115 1113/1113/1113
f 1112/1112/1112 1116/1116/1116 1114/1114/1114
f 1112/1112/1112 1116/1116/1116 1114/1114/1114
f 1116/1116/1116 1117/1117/1117 1114/1114/1114
f 1116/1116/1116 1117/1117/1117 1114/1114/1114
f 1114/1114/1114 1117/1117/1117 1118/1118/1118
f 1114/1114/1114 1117/1117/1117 1118/1118/1118
f 1117/1117/1117 1119/1119/1119 1118/1118/1118
f 1117/1117/1117 1119/1119/1119 1118/1118/1118
f 1114/1114/1114 1118/1118/1118 1120/1120/1120
f 1114/1114/1114 1118/1118/1118 1120/1120/1120
f 1120/1120/1120 1121/1121/1121 1114/1114/1114
f 1120/1120/1120 1121/1121/1121 1114/1114/1114
f 1121/1121/1121 1122/1122/1122 1114/1114/1114
f 1121/1121/1121 1122/1122/1122 1114/1114/1114
f 1120/1120/1120 1123/1123/1123 1121/1121/1121
f 1120/1120/1120 1123/1123/1123 1121/1121/1121
f 1123/1123/1123 1124/1124/1124 1121/1121/1121
f 1123/1123/1123 1124/1124/1124 1121/1121/1121
f 1123/1123/1123 1125/1125/1125 1124/1124/1124
f 1123/1123/1123 1125/1125/1125 1124/1124/1124
f 1125/1125/1125 1126/1126/1126 1124/1124/1124
f 1125/1125/1125 1126/1126/1126 1124/1124/1124
f 1125/1125/1125 1127/1127/1127 1126/1126/1126
f 1125/1125/1125 1127/1127/1127 1126/1126/1126
f 1127/1127/1127 1128/1128/1128 1126/1126/1126
f 1127/1127/1127 1128/1128/1128 1126/1126/1126
f 1127/1127/1127 1129/1129/1129 1128/1128/1128
f 1127/1127/1127 1129/1129/1129 1128/1128/1128
f 1129/1129/1129 1130/1130/1130 1128/1128/1128
f 1129/1129/1129 1130/1130/1130 1128/1128/1128
f 1129/1129/1129 1131/1131/1131 1130/1130/1130
f 1129/1129/1129 1131/1131/1131 1130/1130/1130
f 1131/1131/1131 1132/1132/1132 1130/1130/1130
f 1131/1131/1131 1132/1132/1132 1130/1130/1130
f 1131/1131/1131 1133/1133/1133 1132/1132/1132
f 1131/1131/1131 1133/1133/1133 1132/1132/1132
f 1133/1133/1133 1134/1134/1134 1132/1132/1132
f 1133/1133/1133 1134/1134/1134 1132/1132/1132
f 1137/1137/1137 1136/1136/1136 1135/1135/1135
f 1137/1137/1137 1136/1136/1136 1135/1135/1135
f 1138/1138/1138 1137/1137/1137 1135/1135/1135
f 1138/1138/1138 1137/1137/1137 1135/1135/1135
f 1141/1141/1141 1140/1140/1140 1139/1139/1139
f 1141/1141/1141 1140/1140/1140 1139/1139/1139
f 1144/1144/1144 1143/1143/1143 1142/1142/1142
f 1144/1144/1144 1143/1143/1143 1142/1142/1142
f 1147/1147/1147 1146/1146/1146 1145/1145/1145
f 1147/1147/1147 1146/1146/1146 1145/1145/1145
f 1146/1146/1146 1148/1148/1148 1145/1145/1145
f 1146/1146/1146 1148/1148/1148 1145/1145/1145
f 1151/1151/1151 1150/1150/1150 1149/1149/1149
f 1151/1151/1151 1150/1150/1150 1149/1149/1149
f 1150/1150/1150 1152/1152/1152 1149/1149/1149
f 1150/1150/1150 1152/1152/1152 1149/1149/1149
f 1149/1149/1149 1152/1152/1152 1153/1153/1153
f 1149/1149/1149 1152/1152/1152 1153/1153/1153
f 1152/1152/1152 1154/1154/1154 1153/1153/1153
f 1152/1152/1152 1154/1154/1154 1153/1153/1153
f 1153/1153/1153 1154/1154/1154 1155/1155/1155
f 1153/1153/1153 1154/1154/1154 1155/1155/1155
f 1154/1154/1154 1156/1156/1156 1155/1155/1155
f 1154/1154/1154 1156/1156/1156 1155/1155/1155
f 1155/1155/1155 1156/1156/1156 1157/1157/1157
f 1155/1155/1155 1156/1156/1156 1157/1157/1157
f 1156/1156/1156 1158/1158/1158 1157/1157/1157
f 1156/1156/1156 1158/1158/1158 1157/1157/1157
f 1155/1155/1155 1157/1157/1157 1159/1159/1159
f 1155/1155/1155 1157/1157/1157 1159/1159/1159
f 1160/1160/1160 1155/1155/1155 1159/1159/1159
f 1160/1160/1160 1155/1155/1155 1159/1159/1159
f 1161/1161/1161 1155/1155/1155 1160/1160/1160
f 1161/1161/1161 1155/1155/1155 1160/1160/1160
f 1162/1162/1162 1161/1161/1161 1160/1160/1160
f 1162/1162/1162 1161/1161/1161 1160/1160/1160
f 1163/1163/1163 1161/1161/1161 1162/1162/1162
f 1163/1163/1163 1161/1161/1161 1162/1162/1162
f 1164/1164/1164 1163/1163/1163 1162/1162/1162
f 1164/1164/1164 1163/1163/1163 1162/1162/1162
f 1165/1165/1165 1163/1163/1163 1164/1164/1164
f 1165/1165/1165 1163/1163/1163 1164/1164/1164
f 1166/1166/1166 1165/1165/1165 1164/1164/1164
f 1166/1166/1166 1165/1165/1165 1164/1164/1164
f 1169/1169/1169 1168/1168/1168 1167/1167/1167
f 1169/1169/1169 1168/1168/1168 1167/1167/1167
f 1170/1170/1170 1169/1169/1169 1167/1167/1167
f 1170/1170/1170 1169/1169/1169 1167/1167/1167
f 1170/1170/1170 1167/1167/1167 1171/1171/1171
f 1170/1170/1170 1167/1167/1167 1171/1171/1171
f 1172/1172/1172 1169/1169/1169 1170/1170/1170
f 1172/1172/1172 1169/1169/1169 1170/1170/1170
f 1173/1173/1173 1170/1170/1170 1171/1171/1171
f 1173/1173/1173 1170/1170/1170 1171/1171/1171
f 1174/1174/1174 1172/1172/1172 1170/1170/1170
f 1174/1174/1174 1172/1172/1172 1170/1170/1170
f 1174/1174/1174 1170/1170/1170 1173/1173/1173
f 1174/1174/1174 1170/1170/1170 1173/1173/1173
f 1175/1175/1175 1172/1172/1172 1174/1174/1174
f 1175/1175/1175 1172/1172/1172 1174/1174/1174
f 1176/1176/1176 1174/1174/1174 1173/1173/1173
f 1176/1176/1176 1174/1174/1174 1173/1173/1173
f 1177/1177/1177 1175/1175/1175 1174/1174/1174
f 1177/1177/1177 1175/1175/1175 1174/1174/1174
f 1177/1177/1177 1174/1174/1174 1176/1176/1176
f 1177/1177/1177 1174/1174/1174 1176/1176/1176
f 1178/1178/1178 1175/1175/1175 1177/1177/1177
f 1178/1178/1178 1175/1175/1175 1177/1177/1177
f 1179/1179/1179 1177/1177/1177 1176/1176/1176
f 1179/1179/1179 1177/1177/1177 1176/1176/1176
f 1180/1180/1180 1178/1178/1178 1177/1177/1177
f 1180/1180/1180 1178/1178/1178 1177/1177/1177
f 1180/1180/1180 1177/1177/1177 1179/1179/1179
f 1180/1180/1180 1177/1177/1177 1179/1179/1179
f 1181/1181/1181 1180/1180/1180 1179/1179/1179
f 1181/1181/1181 1180/1180/1180 1179/1179/1179
f 1184/1184/1184 1183/1183/1183 1182/1182/1182
f 1184/1184/1184 1183/1183/1183 1182/1182/1182
f 1185/1185/1185 1184/1184/1184 1182/1182/1182
f 1185/1185/1185 1184/1184/1184 1182/1182/1182
f 1186/1186/1186 1184/1184/1184 1185/1185/1185
f 1186/1186/1186 1184/1184/1184 1185/1185/1185
f 1189/1189/1189 1188/1188/1188 1187/1187/1187
f 1189/1189/1189 1188/1188/1188 1187/1187/1187
f 1187/1187/1187 1188/1188/1188 1190/1190/1190
f 1187/1187/1187 1188/1188/1188 1190/1190/1190
f 1188/1188/1188 1191/1191/1191 1190/1190/1190
f 1188/1188/1188 1191/1191/1191 1190/1190/1190
f 1194/1194/1194 1193/1193/1193 1192/1192/1192
f 1194/1194/1194 1193/1193/1193 1192/1192/1192
f 1192/1192/1192 1193/1193/1193 1195/1195/1195
f 1192/1192/1192 1193/1193/1193 1195/1195/1195
f 1193/1193/1193 1196/1196/1196 1195/1195/1195
f 1193/1193/1193 1196/1196/1196 1195/1195/1195
f 1199/1199/1199 1198/1198/1198 1197/1197/1197
f 1199/1199/1199 1198/1198/1198 1197/1197/1197
f 1200/1200/1200 1199/1199/1199 1197/1197/1197
f 1200/1200/1200 1199/1199/1199 1197/1197/1197
f 1201/1201/1201 1199/1199/1199 1200/1200/1200
f 1201/1201/1201 1199/1199/1199 1200/1200/1200
f 1204/1204/1204 1203/1203/1203 1202/1202/1202
f 1204/1204/1204 1203/1203/1203 1202/1202/1202
f 1202/1202/1202 1203/1203/1203 1205/1205/1205
f 1202/1202/1202 1203/1203/1203 1205/1205/1205
f 1203/1203/1203 1206/1206/1206 1205/1205/1205
f 1203/1203/1203 1206/1206/1206 1205/1205/1205
f 1205/1205/1205 1206/1206/1206 1207/1207/1207
f 1205/1205/1205 1206/1206/1206 1207/1207/1207
f 1206/1206/1206 1208/1208/1208 1207/1207/1207
f 1206/1206/1206 1208/1208/1208 1207/1207/1207
f 1206/1206/1206 1209/1209/1209 1208/1208/1208
f 1206/1206/1206 1209/1209/1209 1208/1208/1208
f 1209/1209/1209 1210/1210/1210 1208/1208/1208
f 1209/1209/1209 1210/1210/1210 1208/1208/1208
f 1211/1211/1211 1209/1209/1209 1206/1206/1206
f 1211/1211/1211 1209/1209/1209 1206/1206/1206
f 1212/1212/1212 1211/1211/1211 1206/1206/1206
f 1212/1212/1212 1211/1211/1211 1206/1206/1206
f 1213/1213/1213 1211/1211/1211 1212/1212/1212
f 1213/1213/1213 1211/1211/1211 1212/1212/1212
f 1216/1216/1216 1215/1215/1215 1214/1214/1214
f 1216/1216/1216 1215/1215/1215 1214/1214/1214
f 1214/1214/1214 1215/1215/1215 1217/1217/1217
f 1214/1214/1214 1215/1215/1215 1217/1217/1217
f 1215/1215/1215 1218/1218/1218 1217/1217/1217
f 1215/1215/1215 1218/1218/1218 1217/1217/1217
f 1217/1217/1217 1218/1218/1218 1219/1219/1219
f 1217/1217/1217 1218/1218/1218 1219/1219/1219
f 1218/1218/1218 1220/1220/1220 1219/1219/1219
f 1218/1218/1218 1220/1220/1220 1219/1219/1219
f 1218/1218/1218 1221/1221/1221 1220/1220/1220
f 1218/1218/1218 1221/1221/1221 1220/1220/1220
f 1218/1218/1218 1222/1222/1222 1221/1221/1221
f 1218/1218/1218 1222/1222/1222 1221/1221/1221
f 1222/1222/1222 1223/1223/1223 1221/1221/1221
f 1222/1222/1222 1223/1223/1223 1221/1221/1221
f 1224/1224/1224 1222/1222/1222 1218/1218/1218
f 1224/1224/1224 1222/1222/1222 1218/1218/1218
f 1225/1225/1225 1224/1224/1224 1218/1218/1218
f 1225/1225/1225 1224/1224/1224 1218/1218/1218
f 1226/1226/1226 1224/1224/1224 1225/1225/1225
f 1226/1226/1226 1224/1224/1224 1225/1225/1225
f 1229/1229/1229 1228/1228/1228 1227/1227/1227
f 1229/1229/1229 1228/1228/1228 1227/1227/1227
f 1227/1227/1227 1228/1228/1228 1230/1230/1230
f 1227/1227/1227 1228/1228/1228 1230/1230/1230
f 1228/1228/1228 1231/1231/1231 1230/1230/1230
f 1228/1228/1228 1231/1231/1231 1230/1230/1230
f 1230/1230/1230 1231/1231/1231 1232/1232/1232
f 1230/1230/1230 1231/1231/1231 1232/1232/1232
f 1231/1231/1231 1233/1233/1233 1232/1232/1232
f 1231/1231/1231 1233/1233/1233 1232/1232/1232
f 1236/1236/1236 1235/1235/1235 1234/1234/1234
f 1236/1236/1236 1235/1235/1235 1234/1234/1234
f 1234/1234/1234 1235/1235/1235 1237/1237/1237
f 1234/1234/1234 1235/1235/1235 1237/1237/1237
f 1235/1235/1235 1238/1238/1238 1237/1237/1237
f 1235/1235/1235 1238/1238/1238 1237/1237/1237
f 1237/1237/1237 1238/1238/1238 1239/1239/1239
f 1237/1237/1237 1238/1238/1238 1239/1239/1239
f 1238/1238/1238 1240/1240/1240 1239/1239/1239
f 1238/1238/1238 1240/1240/1240 1239/1239/1239
f 1243/1243/1243 1242/1242/1242 1241/1241/1241
f 1243/1243/1243 1242/1242/1242 1241/1241/1241
f 1241/1241/1241 1242/1242/1242 1244/1244/1244
f 1241/1241/1241 1242/1242/1242 1244/1244/1244
f 1242/1242/1242 1245/1245/1245 1244/1244/1244
f 1242/1242/1242 1245/1245/1245 1244/1244/1244
f 1244/1244/1244 1245/1245/1245 1246/1246/1246
f 1244/1244/1244 1245/1245/1245 1246/1246/1246
f 1245/1245/1245 1247/1247/1247 1246/1246/1246
f 1245/1245/1245 1247/1247/1247 1246/1246/1246
f 1250/1250/1250 1249/1249/1249 1248/1248/1248
f 1250/1250/1250 1249/1249/1249 1248/1248/1248
f 1251/1251/1251 1250/1250/1250 1248/1248/1248
f 1251/1251/1251 1250/1250/1250 1248/1248/1248
f 1252/1252/1252 1250/1250/1250 1251/1251/1251
f 1252/1252/1252 1250/1250/1250 1251/1251/1251
f 1253/1253/1253 1252/1252/1252 1251/1251/1251
f 1253/1253/1253 1252/1252/1252 1251/1251/1251
f 1254/1254/1254 1252/1252/1252 1253/1253/1253
f 1254/1254/1254 1252/1252/1252 1253/1253/1253
f 1257/1257/1257 1256/1256/1256 1255/1255/1255
f 1257/1257/1257 1256/1256/1256 1255/1255/1255
f 1255/1255/1255 1256/1256/1256 1258/1258/1258
f 1255/1255/1255 1256/1256/1256 1258/1258/1258
f 1256/1256/1256 1259/1259/1259 1258/1258/1258
f 1256/1256/1256 1259/1259/1259 1258/1258/1258
f 1258/1258/1258 1259/1259/1259 1260/1260/1260
f 1258/1258/1258 1259/1259/1259 1260/1260/1260
f 1259/1259/1259 1261/1261/1261 1260/1260/1260
f 1259/1259/1259 1261/1261/1261 1260/1260/1260
f 1264/1264/1264 1263/1263/1263 1262/1262/1262
f 1264/1264/1264 1263/1263/1263 1262/1262/1262
f 1262/1262/1262 1263/1263/1263 1265/1265/1265
f 1262/1262/1262 1263/1263/1263 1265/1265/1265
f 1263/1263/1263 1266/1266/1266 1265/1265/1265
f 1263/1263/1263 1266/1266/1266 1265/1265/1265
f 1265/1265/1265 1266/1266/1266 1267/1267/1267
f 1265/1265/1265 1266/1266/1266 1267/1267/1267
f 1266/1266/1266 1268/1268/1268 1267/1267/1267
f 1266/1266/1266 1268/1268/1268 1267/1267/1267
f 1268/1268/1268 1269/1269/1269 1267/1267/1267
f 1268/1268/1268 1269/1269/1269 1267/1267/1267
f 1270/1270/1270 1269/1269/1269 1268/1268/1268
f 1270/1270/1270 1269/1269/1269 1268/1268/1268
f 1271/1271/1271 1267/1267/1267 1269/1269/1269
f 1271/1271/1271 1267/1267/1267 1269/1269/1269
f 1272/1272/1272 1269/1269/1269 1270/1270/1270
f 1272/1272/1272 1269/1269/1269 1270/1270/1270
f 1273/1273/1273 1272/1272/1272 1270/1270/1270
f 1273/1273/1273 1272/1272/1272 1270/1270/1270
f 1274/1274/1274 1272/1272/1272 1273/1273/1273
f 1274/1274/1274 1272/1272/1272 1273/1273/1273
f 1275/1275/1275 1274/1274/1274 1273/1273/1273
f 1275/1275/1275 1274/1274/1274 1273/1273/1273
f 1276/1276/1276 1274/1274/1274 1275/1275/1275
f 1276/1276/1276 1274/1274/1274 1275/1275/1275
f 1267/1267/1267 1271/1271/1271 1277/1277/1277
f 1267/1267/1267 1271/1271/1271 1277/1277/1277
f 1271/1271/1271 1278/1278/1278 1277/1277/1277
f 1271/1271/1271 1278/1278/1278 1277/1277/1277
f 1274/1274/1274 1279/1279/1279 1272/1272/1272
f 1274/1274/1274 1279/1279/1279 1272/1272/1272
f 1280/1280/1280 1279/1279/1279 1274/1274/1274
f 1280/1280/1280 1279/1279/1279 1274/1274/1274
f 1279/1279/1279 1281/1281/1281 1272/1272/1272
f 1279/1279/1279 1281/1281/1281 1272/1272/1272
f 1272/1272/1272 1281/1281/1281 1282/1282/1282
f 1272/1272/1272 1281/1281/1281 1282/1282/1282
f 1281/1281/1281 1283/1283/1283 1282/1282/1282
f 1281/1281/1281 1283/1283/1283 1282/1282/1282
f 1282/1282/1282 1283/1283/1283 1284/1284/1284
f 1282/1282/1282 1283/1283/1283 1284/1284/1284
f 1283/1283/1283 1285/1285/1285 1284/1284/1284
f 1283/1283/1283 1285/1285/1285 1284/1284/1284
f 1284/1284/1284 1285/1285/1285 1286/1286/1286
f 1284/1284/1284 1285/1285/1285 1286/1286/1286
f 1285/1285/1285 1287/1287/1287 1286/1286/1286
f 1285/1285/1285 1287/1287/1287 1286/1286/1286
f 1290/1290/1290 1289/1289/1289 1288/1288/1288
f 1290/1290/1290 1289/1289/1289 1288/1288/1288
f 1288/1288/1288 1289/1289/1289 1291/1291/1291
f 1288/1288/1288 1289/1289/1289 1291/1291/1291
f 1289/1289/1289 1292/1292/1292 1291/1291/1291
f 1289/1289/1289 1292/1292/1292 1291/1291/1291
f 1291/1291/1291 1292/1292/1292 1293/1293/1293
f 1291/1291/1291 1292/1292/1292 1293/1293/1293
f 1292/1292/1292 1294/1294/1294 1293/1293/1293
f 1292/1292/1292 1294/1294/1294 1293/1293/1293
f 1297/1297/1297 1296/1296/1296 1295/1295/1295
f 1297/1297/1297 1296/1296/1296 1295/1295/1295
f 1298/1298/1298 1297/1297/1297 1295/1295/1295
f 1298/1298/1298 1297/1297/1297 1295/1295/1295
f 1299/1299/1299 1297/1297/1297 1298/1298/1298
f 1299/1299/1299 1297/1297/1297 1298/1298/1298
f 1300/1300/1300 1299/1299/1299 1298/1298/1298
f 1300/1300/1300 1299/1299/1299 1298/1298/1298
f 1301/1301/1301 1299/1299/1299 1300/1300/1300
f 1301/1301/1301 1299/1299/1299 1300/1300/1300
f 1304/1304/1304 1303/1303/1303 1302/1302/1302
f 1304/1304/1304 1303/1303/1303 1302/1302/1302
f 1305/1305/1305 1304/1304/1304 1302/1302/1302
f 1305/1305/1305 1304/1304/1304 1302/1302/1302
f 1306/1306/1306 1304/1304/1304 1305/1305/1305
f 1306/1306/1306 1304/1304/1304 1305/1305/1305
f 1307/1307/1307 1306/1306/1306 1305/1305/1305
f 1307/1307/1307 1306/1306/1306 1305/1305/1305
f 1308/1308/1308 1306/1306/1306 1307/1307/1307
f 1308/1308/1308 1306/1306/1306 1307/1307/1307
f 1309/1309/1309 1308/1308/1308 1307/1307/1307
f 1309/1309/1309 1308/1308/1308 1307/1307/1307
f 1310/1310/1310 1308/1308/1308 1309/1309/1309
f 1310/1310/1310 1308/1308/1308 1309/1309/1309
f 1313/1313/1313 1312/1312/1312 1311/1311/1311
f 1313/1313/1313 1312/1312/1312 1311/1311/1311
f 1312/1312/1312 1314/1314/1314 1311/1311/1311
f 1312/1312/1312 1314/1314/1314 1311/1311/1311
f 1317/1317/1317 1316/1316/1316 1315/1315/1315
f 1317/1317/1317 1316/1316/1316 1315/1315/1315
f 1318/1318/1318 1317/1317/1317 1315/1315/1315
f 1318/1318/1318 1317/1317/1317 1315/1315/1315
f 1318/1318/1318 1319/1319/1319 1317/1317/1317
f 1318/1318/1318 1319/1319/1319 1317/1317/1317
f 1320/1320/1320 1317/1317/1317 1319/1319/1319
f 1320/1320/1320 1317/1317/1317 1319/1319/1319
f 1321/1321/1321 1320/1320/1320 1319/1319/1319
f 1321/1321/1321 1320/1320/1320 1319/1319/1319
f 1322/1322/1322 1321/1321/1321 1319/1319/1319
f 1322/1322/1322 1321/1321/1321 1319/1319/1319
f 1323/1323/1323 1322/1322/1322 1319/1319/1319
f 1323/1323/1323 1322/1322/1322 1319/1319/1319
f 1324/1324/1324 1322/1322/1322 1323/1323/1323
f 1324/1324/1324 1322/1322/1322 1323/1323/1323
f 1325/1325/1325 1324/1324/1324 1323/1323/1323
f 1325/1325/1325 1324/1324/1324 1323/1323/1323
f 1326/1326/1326 1324/1324/1324 1325/1325/1325
f 1326/1326/1326 1324/1324/1324 1325/1325/1325
f 1329/1329/1329 1328/1328/1328 1327/1327/1327
f 1329/1329/1329 1328/1328/1328 1327/1327/1327
f 1327/1327/1327 1328/1328/1328 1330/1330/1330
f 1327/1327/1327 1328/1328/1328 1330/1330/1330
f 1328/1328/1328 1331/1331/1331 1330/1330/1330
f 1328/1328/1328 1331/1331/1331 1330/1330/1330
f 1330/1330/1330 1331/1331/1331 1332/1332/1332
f 1330/1330/1330 1331/1331/1331 1332/1332/1332
f 1331/1331/1331 1333/1333/1333 1332/1332/1332
f 1331/1331/1331 1333/1333/1333 1332/1332/1332
f 1336/1336/1336 1335/1335/1335 1334/1334/1334
f 1336/1336/1336 1335/1335/1335 1334/1334/1334
f 1334/1334/1334 1335/1335/1335 1337/1337/1337
f 1334/1334/1334 1335/1335/1335 1337/1337/1337
f 1335/1335/1335 1338/1338/1338 1337/1337/1337
f 1335/1335/1335 1338/1338/1338 1337/1337/1337
f 1337/1337/1337 1338/1338/1338 1339/1339/1339
f 1337/1337/1337 1338/1338/1338 1339/1339/1339
f 1338/1338/1338 1340/1340/1340 1339/1339/1339
f 1338/1338/1338 1340/1340/1340 1339/1339/1339
f 1339/1339/1339 1340/1340/1340 1341/1341/1341
f 1339/1339/1339 1340/1340/1340 1341/1341/1341
f 1339/1339/1339 1341/1341/1341 1342/1342/1342
f 1339/1339/1339 1341/1341/1341 1342/1342/1342
f 1343/1343/1343 1341/1341/1341 1340/1340/1340
f 1343/1343/1343 1341/1341/1341 1340/1340/1340
f 1341/1341/1341 1344/1344/1344 1342/1342/1342
f 1341/1341/1341 1344/1344/1344 1342/1342/1342
f 1345/1345/1345 1343/1343/1343 1340/1340/1340
f 1345/1345/1345 1343/1343/1343 1340/1340/1340
f 1346/1346/1346 1343/1343/1343 1345/1345/1345
f 1346/1346/1346 1343/1343/1343 1345/1345/1345
f 1342/1342/1342 1344/1344/1344 1347/1347/1347
f 1342/1342/1342 1344/1344/1344 1347/1347/1347
f 1344/1344/1344 1348/1348/1348 1347/1347/1347
f 1344/1344/1344 1348/1348/1348 1347/1347/1347
f 1347/1347/1347 1348/1348/1348 1349/1349/1349
f 1347/1347/1347 1348/1348/1348 1349/1349/1349
f 1348/1348/1348 1350/1350/1350 1349/1349/1349
f 1348/1348/1348 1350/1350/1350 1349/1349/1349
f 1353/1353/1353 1352/1352/1352 1351/1351/1351
f 1353/1353/1353 1352/1352/1352 1351/1351/1351
f 1351/1351/1351 1352/1352/1352 1354/1354/1354
f 1351/1351/1351 1352/1352/1352 1354/1354/1354
f 1352/1352/1352 1355/1355/1355 1354/1354/1354
f 1352/1352/1352 1355/1355/1355 1354/1354/1354
f 1354/1354/1354 1355/1355/1355 1356/1356/1356
f 1354/1354/1354 1355/1355/1355 1356/1356/1356
f 1355/1355/1355 1357/1357/1357 1356/1356/1356
f 1355/1355/1355 1357/1357/1357 1356/1356/1356
f 1360/1360/1360 1359/1359/1359 1358/1358/1358
f 1360/1360/1360 1359/1359/1359 1358/1358/1358
f 1359/1359/1359 1361/1361/1361 1358/1358/1358
f 1359/1359/1359 1361/1361/1361 1358/1358/1358
f 1358/1358/1358 1361/1361/1361 1362/1362/1362
f 1358/1358/1358 1361/1361/1361 1362/1362/1362
f 1363/1363/1363 1362/1362/1362 1361/1361/1361
f 1363/1363/1363 1362/1362/1362 1361/1361/1361
f 1364/1364/1364 1363/1363/1363 1361/1361/1361
f 1364/1364/1364 1363/1363/1363 1361/1361/1361
f 1365/1365/1365 1364/1364/1364 1361/1361/1361
f 1365/1365/1365 1364/1364/1364 1361/1361/1361
f 1366/1366/1366 1364/1364/1364 1365/1365/1365
f 1366/1366/1366 1364/1364/1364 1365/1365/1365
f 1367/1367/1367 1366/1366/1366 1365/1365/1365
f 1367/1367/1367 1366/1366/1366 1365/1365/1365
f 1368/1368/1368 1366/1366/1366 1367/1367/1367
f 1368/1368/1368 1366/1366/1366 1367/1367/1367
f 1371/1371/1371 1370/1370/1370 1369/1369/1369
f 1371/1371/1371 1370/1370/1370 1369/1369/1369
f 1369/1369/1369 1370/1370/1370 1372/1372/1372
f 1369/1369/1369 1370/1370/1370 1372/1372/1372
f 1370/1370/1370 1373/1373/1373 1372/1372/1372
f 1370/1370/1370 1373/1373/1373 1372/1372/1372
f 1376/1376/1376 1375/1375/1375 1374/1374/1374
f 1376/1376/1376 1375/1375/1375 1374/1374/1374
f 1377/1377/1377 1376/1376/1376 1374/1374/1374
f 1377/1377/1377 1376/1376/1376 1374/1374/1374
f 1378/1378/1378 1376/1376/1376 1377/1377/1377
f 1378/1378/1378 1376/1376/1376 1377/1377/1377
f 1379/1379/1379 1378/1378/1378 1377/1377/1377
f 1379/1379/1379 1378/1378/1378 1377/1377/1377
f 1380/1380/1380 1378/1378/1378 1379/1379/1379
f 1380/1380/1380 1378/1378/1378 1379/1379/1379
f 1381/1381/1381 1380/1380/1380 1379/1379/1379
f 1381/1381/1381 1380/1380/1380 1379/1379/1379
f 1382/1382/1382 1380/1380/1380 1381/1381/1381
f 1382/1382/1382 1380/1380/1380 1381/1381/1381
f 1383/1383/1383 1382/1382/1382 1381/1381/1381
f 1383/1383/1383 1382/1382/1382 1381/1381/1381
f 1384/1384/1384 1382/1382/1382 1383/1383/1383
f 1384/1384/1384 1382/1382/1382 1383/1383/1383
f 1387/1387/1387 1386/1386/1386 1385/1385/1385
f 1387/1387/1387 1386/1386/1386 1385/1385/1385
f 1386/1386/1386 1388/1388/1388 1385/1385/1385
f 1386/1386/1386 1388/1388/1388 1385/1385/1385
f 1385/1385/1385 1388/1388/1388 1389/1389/1389
f 1385/1385/1385 1388/1388/1388 1389/1389/1389
f 1388/1388/1388 1390/1390/1390 1389/1389/1389
f 1388/1388/1388 1390/1390/1390 1389/1389/1389
f 1389/1389/1389 1390/1390/1390 1391/1391/1391
f 1389/1389/1389 1390/1390/1390 1391/1391/1391
f 1390/1390/1390 1392/1392/1392 1391/1391/1391
f 1390/1390/1390 1392/1392/1392 1391/1391/1391
f 1389/1389/1389 1391/1391/1391 1393/1393/1393
f 1389/1389/1389 1391/1391/1391 1393/1393/1393
f 1394/1394/1394 1389/1389/1389 1393/1393/1393
f 1394/1394/1394 1389/1389/1389 1393/1393/1393
f 1395/1395/1395 1389/1389/1389 1394/1394/1394
f 1395/1395/1395 1389/1389/1389 1394/1394/1394
f 1396/1396/1396 1395/1395/1395 1394/1394/1394
f 1396/1396/1396 1395/1395/1395 1394/1394/1394
f 1397/1397/1397 1395/1395/1395 1396/1396/1396
f 1397/1397/1397 1395/1395/1395 1396/1396/1396
f 1398/1398/1398 1397/1397/1397 1396/1396/1396
f 1398/1398/1398 1397/1397/1397 1396/1396/1396
f 1401/1401/1401 1400/1400/1400 1399/1399/1399
f 1401/1401/1401 1400/1400/1400 1399/1399/1399
f 1402/1402/1402 1400/1400/1400 1401/1401/1401
f 1402/1402/1402 1400/1400/1400 1401/1401/1401
f 1405/1405/1405 1404/1404/1404 1403/1403/1403
f 1405/1405/1405 1404/1404/1404 1403/1403/1403
f 1408/1408/1408 1407/1407/1407 1406/1406/1406
f 1408/1408/1408 1407/1407/1407 1406/1406/1406
f 1406/1406/1406 1407/1407/1407 1409/1409/1409
f 1406/1406/1406 1407/1407/1407 1409/1409/1409
f 1407/1407/1407 1410/1410/1410 1409/1409/1409
f 1407/1407/1407 1410/1410/1410 1409/1409/1409
f 1413/1413/1413 1412/1412/1412 1411/1411/1411
f 1413/1413/1413 1412/1412/1412 1411/1411/1411
f 1411/1411/1411 1412/1412/1412 1414/1414/1414
f 1411/1411/1411 1412/1412/1412 1414/1414/1414
f 1412/1412/1412 1415/1415/1415 1414/1414/1414
f 1412/1412/1412 1415/1415/1415 1414/1414/1414
f 1418/1418/1418 1417/1417/1417 1416/1416/1416
f 1418/1418/1418 1417/1417/1417 1416/1416/1416
f 1419/1419/1419 1417/1417/1417 1418/1418/1418
f 1419/1419/1419 1417/1417/1417 1418/1418/1418
f 1422/1422/1422 1421/1421/1421 1420/1420/1420
f 1422/1422/1422 1421/1421/1421 1420/1420/1420
f 1425/1425/1425 1424/1424/1424 1423/1423/1423
f 1425/1425/1425 1424/1424/1424 1423/1423/1423
f 1423/1423/1423 1424/1424/1424 1426/1426/1426
f 1423/1423/1423 1424/1424/1424 1426/1426/1426
f 1424/1424/1424 1427/1427/1427 1426/1426/1426
f 1424/1424/1424 1427/1427/1427 1426/1426/1426
f 1427/1427/1427 1428/1428/1428 1426/1426/1426
f 1427/1427/1427 1428/1428/1428 1426/1426/1426
f 1426/1426/1426 1428/1428/1428 1429/1429/1429
f 1426/1426/1426 1428/1428/1428 1429/1429/1429
f 1430/1430/1430 1429/1429/1429 1428/1428/1428
f 1430/1430/1430 1429/1429/1429 1428/1428/1428
f 1431/1431/1431 1430/1430/1430 1428/1428/1428
f 1431/1431/1431 1430/1430/1430 1428/1428/1428
f 1432/1432/1432 1431/1431/1431 1428/1428/1428
f 1432/1432/1432 1431/1431/1431 1428/1428/1428
f 1433/1433/1433 1431/1431/1431 1432/1432/1432
f 1433/1433/1433 1431/1431/1431 1432/1432/1432
f 1434/1434/1434 1433/1433/1433 1432/1432/1432
f 1434/1434/1434 1433/1433/1433 1432/1432/1432
f 1435/1435/1435 1433/1433/1433 1434/1434/1434
f 1435/1435/1435 1433/1433/1433 1434/1434/1434
f 1438/1438/1438 1437/1437/1437 1436/1436/1436
f 1438/1438/1438 1437/1437/1437 1436/1436/1436
f 1436/1436/1436 1437/1437/1437 1439/1439/1439
f 1436/1436/1436 1437/1437/1437 1439/1439/1439
f 1437/1437/1437 1440/1440/1440 1439/1439/1439
f 1437/1437/1437 1440/1440/1440 1439/1439/1439
f 1439/1439/1439 1440/1440/1440 1441/1441/1441
f 1439/1439/1439 1440/1440/1440 1441/1441/1441
f 1440/1440/1440 1442/1442/1442 1441/1441/1441
f 1440/1440/1440 1442/1442/1442 1441/1441/1441
f 1445/1445/1445 1444/1444/1444 1443/1443/1443
f 1445/1445/1445 1444/1444/1444 1443/1443/1443
f 1446/1446/1446 1445/1445/1445 1443/1443/1443
f 1446/1446/1446 1445/1445/1445 1443/1443/1443
f 1447/1447/1447 1445/1445/1445 1446/1446/1446
f 1447/1447/1447 1445/1445/1445 1446/1446/1446
f 1448/1448/1448 1447/1447/1447 1446/1446/1446
f 1448/1448/1448 1447/1447/1447 1446/1446/1446
f 1449/1449/1449 1447/1447/1447 1448/1448/1448
f 1449/1449/1449 1447/1447/1447 1448/1448/1448
f 1452/1452/1452 1451/1451/1451 1450/1450/1450
f 1452/1452/1452 1451/1451/1451 1450/1450/1450
f 1450/1450/1450 1451/1451/1451 1453/1453/1453
f 1450/1450/1450 1451/1451/1451 1453/1453/1453
f 1451/1451/1451 1454/1454/1454 1453/1453/1453
f 1451/1451/1451 1454/1454/1454 1453/1453/1453
f 1453/1453/1453 1454/1454/1454 1455/1455/1455
f 1453/1453/1453 1454/1454/1454 1455/1455/1455
f 1454/1454/1454 1456/1456/1456 1455/1455/1455
f 1454/1454/1454 1456/1456/1456 1455/1455/1455
f 1457/1457/1457 1455/1455/1455 1456/1456/1456
f 1457/1457/1457 1455/1455/1455 1456/1456/1456
f 1457/1457/1457 1456/1456/1456 1458/1458/1458
f 1457/1457/1457 1456/1456/1456 1458/1458/1458
f 1456/1456/1456 1459/1459/1459 1458/1458/1458
f 1456/1456/1456 1459/1459/1459 1458/1458/1458
f 1460/1460/1460 1455/1455/1455 1457/1457/1457
f 1460/1460/1460 1455/1455/1455 1457/1457/1457
f 1461/1461/1461 1460/1460/1460 1457/1457/1457
f 1461/1461/1461 1460/1460/1460 1457/1457/1457
f 1462/1462/1462 1460/1460/1460 1461/1461/1461
f 1462/1462/1462 1460/1460/1460 1461/1461/1461
f 1463/1463/1463 1462/1462/1462 1461/1461/1461
f 1463/1463/1463 1462/1462/1462 1461/1461/1461
f 1464/1464/1464 1462/1462/1462 1463/1463/1463
f 1464/1464/1464 1462/1462/1462 1463/1463/1463
f 1464/1464/1464 1463/1463/1463 1465/1465/1465
f 1464/1464/1464 1463/1463/1463 1465/1465/1465
f 1465/1465/1465 1463/1463/1463 1466/1466/1466
f 1465/1465/1465 1463/1463/1463 1466/1466/1466
f 1463/1463/1463 1467/1467/1467 1466/1466/1466
f 1463/1463/1463 1467/1467/1467 1466/1466/1466
f 1466/1466/1466 1467/1467/1467 1468/1468/1468
f 1466/1466/1466 1467/1467/1467 1468/1468/1468
f 1467/1467/1467 1469/1469/1469 1468/1468/1468
f 1467/1467/1467 1469/1469/1469 1468/1468/1468
f 1456/1456/1456 1470/1470/1470 1459/1459/1459
f 1456/1456/1456 1470/1470/1470 1459/1459/1459
f 1470/1470/1470 1471/1471/1471 1459/1459/1459
f 1470/1470/1470 1471/1471/1471 1459/1459/1459
f 1472/1472/1472 1470/1470/1470 1456/1456/1456
f 1472/1472/1472 1470/1470/1470 1456/1456/1456
f 1473/1473/1473 1472/1472/1472 1456/1456/1456
f 1473/1473/1473 1472/1472/1472 1456/1456/1456
f 1474/1474/1474 1472/1472/1472 1473/1473/1473
f 1474/1474/1474 1472/1472/1472 1473/1473/1473
f 1475/1475/1475 1474/1474/1474 1473/1473/1473
f 1475/1475/1475 1474/1474/1474 1473/1473/1473
f 1476/1476/1476 1474/1474/1474 1475/1475/1475
f 1476/1476/1476 1474/1474/1474 1475/1475/1475
f 1468/1468/1468 1469/1469/1469 1477/1477/1477
f 1468/1468/1468 1469/1469/1469 1477/1477/1477
f 1469/1469/1469 1478/1478/1478 1477/1477/1477
f 1469/1469/1469 1478/1478/1478 1477/1477/1477
f 1468/1468/1468 1477/1477/1477 1479/1479/1479
f 1468/1468/1468 1477/1477/1477 1479/1479/1479
f 1480/1480/1480 1468/1468/1468 1479/1479/1479
f 1480/1480/1480 1468/1468/1468 1479/1479/1479
f 1483/1483/1483 1482/1482/1482 1481/1481/1481
f 1483/1483/1483 1482/1482/1482 1481/1481/1481
f 1484/1484/1484 1483/1483/1483 1481/1481/1481
f 1484/1484/1484 1483/1483/1483 1481/1481/1481
f 1485/1485/1485 1483/1483/1483 1484/1484/1484
f 1485/1485/1485 1483/1483/1483 1484/1484/1484
f 1486/1486/1486 1485/1485/1485 1484/1484/1484
f 1486/1486/1486 1485/1485/1485 1484/1484/1484
f 1487/1487/1487 1485/1485/1485 1486/1486/1486
f 1487/1487/1487 1485/1485/1485 1486/1486/1486
f 1490/1490/1490 1489/1489/1489 1488/1488/1488
f 1490/1490/1490 1489/1489/1489 1488/1488/1488
f 1488/1488/1488 1489/1489/1489 1491/1491/1491
f 1488/1488/1488 1489/1489/1489 1491/1491/1491
f 1489/1489/1489 1492/1492/1492 1491/1491/1491
f 1489/1489/1489 1492/1492/1492 1491/1491/1491
f 1491/1491/1491 1492/1492/1492 1493/1493/1493
f 1491/1491/1491 1492/1492/1492 1493/1493/1493
f 1492/1492/1492 1494/1494/1494 1493/1493/1493
f 1492/1492/1492 1494/1494/1494 1493/1493/1493
f 1493/1493/1493 1494/1494/1494 1495/1495/1495
f 1493/1493/1493 1494/1494/1494 1495/1495/1495
f 1494/1494/1494 1496/1496/1496 1495/1495/1495
f 1494/1494/1494 1496/1496/1496 1495/1495/1495
f 1495/1495/1495 1496/1496/1496 1497/1497/1497
f 1495/1495/1495 1496/1496/1496 1497/1497/1497
f 1496/1496/1496 1498/1498/1498 1497/1497/1497
f 1496/1496/1496 1498/1498/1498 1497/1497/1497
f 1497/1497/1497 1498/1498/1498 1499/1499/1499
f 1497/1497/1497 1498/1498/1498 1499/1499/1499
f 1498/1498/1498 1500/1500/1500 1499/1499/1499
f 1498/1498/1498 1500/1500/1500 1499/1499/1499
f 1499/1499/1499 1500/1500/1500 1501/1501/1501
f 1499/1499/1499 1500/1500/1500 1501/1501/1501
f 1500/1500/1500 1502/1502/1502 1501/1501/1501
f 1500/1500/1500 1502/1502/1502 1501/1501/1501
f 1505/1505/1505 1504/1504/1504 1503/1503/1503
f 1505/1505/1505 1504/1504/1504 1503/1503/1503
f 1503/1503/1503 1504/1504/1504 1506/1506/1506
f 1503/1503/1503 1504/1504/1504 1506/1506/1506
f 1509/1509/1509 1508/1508/1508 1507/1507/1507
f 1509/1509/1509 1508/1508/1508 1507/1507/1507
f 1507/1507/1507 1508/1508/1508 1510/1510/1510
f 1507/1507/1507 1508/1508/1508 1510/1510/1510
f 1508/1508/1508 1511/1511/1511 1510/1510/1510
f 1508/1508/1508 1511/1511/1511 1510/1510/1510
f 1510/1510/1510 1511/1511/1511 1512/1512/1512
f 1510/1510/1510 1511/1511/1511 1512/1512/1512
f 1511/1511/1511 1513/1513/1513 1512/1512/1512
f 1511/1511/1511 1513/1513/1513 1512/1512/1512
f 1512/1512/1512 1513/1513/1513 1514/1514/1514
f 1512/1512/1512 1513/1513/1513 1514/1514/1514
f 1517/1517/1517 1516/1516/1516 1515/1515/1515
f 1517/1517/1517 1516/1516/1516 1515/1515/1515
f 1520/1520/1520 1519/1519/1519 1518/1518/1518
f 1520/1520/1520 1519/1519/1519 1518/1518/1518
f 1521/1521/1521 1520/1520/1520 1518/1518/1518
f 1521/1521/1521 1520/1520/1520 1518/1518/1518
f 1522/1522/1522 1520/1520/1520 1521/1521/1521
f 1522/1522/1522 1520/1520/1520 1521/1521/1521
f 1523/1523/1523 1522/1522/1522 1521/1521/1521
f 1523/1523/1523 1522/1522/1522 1521/1521/1521
f 1524/1524/1524 1522/1522/1522 1523/1523/1523
f 1524/1524/1524 1522/1522/1522 1523/1523/1523
f 1525/1525/1525 1524/1524/1524 1523/1523/1523
f 1525/1525/1525 1524/1524/1524 1523/1523/1523
f 1526/1526/1526 1524/1524/1524 1525/1525/1525
f 1526/1526/1526 1524/1524/1524 1525/1525/1525
f 1527/1527/1527 1526/1526/1526 1525/1525/1525
f 1527/1527/1527 1526/1526/1526 1525/1525/1525
f 1528/1528/1528 1526/1526/1526 1527/1527/1527
f 1528/1528/1528 1526/1526/1526 1527/1527/1527
f 1531/1531/1531 1530/1530/1530 1529/1529/1529
f 1531/1531/1531 1530/1530/1530 1529/1529/1529
f 1534/1534/1534 1533/1533/1533 1532/1532/1532
f 1534/1534/1534 1533/1533/1533 1532/1532/1532
f 1537/1537/1537 1536/1536/1536 1535/1535/1535
f 1537/1537/1537 1536/1536/1536 1535/1535/1535
f 1536/1536/1536 1538/1538/1538 1535/1535/1535
f 1536/1536/1536 1538/1538/1538 1535/1535/1535
f 1535/1535/1535 1538/1538/1538 1539/1539/1539
f 1535/1535/1535 1538/1538/1538 1539/1539/1539
f 1538/1538/1538 1540/1540/1540 1539/1539/1539
f 1538/1538/1538 1540/1540/1540 1539/1539/1539
f 1541/1541/1541 1539/1539/1539 1540/1540/1540
f 1541/1541/1541 1539/1539/1539 1540/1540/1540
f 1541/1541/1541 1542/1542/1542 1539/1539/1539
f 1541/1541/1541 1542/1542/1542 1539/1539/1539
f 1541/1541/1541 1543/1543/1543 1542/1542/1542
f 1541/1541/1541 1543/1543/1543 1542/1542/1542
f 1542/1542/1542 1543/1543/1543 1544/1544/1544
f 1542/1542/1542 1543/1543/1543 1544/1544/1544
f 1543/1543/1543 1545/1545/1545 1544/1544/1544
f 1543/1543/1543 1545/1545/1545 1544/1544/1544
f 1544/1544/1544 1545/1545/1545 1546/1546/1546
f 1544/1544/1544 1545/1545/1545 1546/1546/1546
f 1549/1549/1549 1548/1548/1548 1547/1547/1547
f 1549/1549/1549 1548/1548/1548 1547/1547/1547
f 1550/1550/1550 1549/1549/1549 1547/1547/1547
f 1550/1550/1550 1549/1549/1549 1547/1547/1547
f 1551/1551/1551 1549/1549/1549 1550/1550/1550
f 1551/1551/1551 1549/1549/1549 1550/1550/1550
f 1552/1552/1552 1551/1551/1551 1550/1550/1550
f 1552/1552/1552 1551/1551/1551 1550/1550/1550
f 1553/1553/1553 1551/1551/1551 1552/1552/1552
f 1553/1553/1553 1551/1551/1551 1552/1552/1552
f 1554/1554/1554 1553/1553/1553 1552/1552/1552
f 1554/1554/1554 1553/1553/1553 1552/1552/1552
f 1555/1555/1555 1553/1553/1553 1554/1554/1554
f 1555/1555/1555 1553/1553/1553 1554/1554/1554
f 1556/1556/1556 1555/1555/1555 1554/1554/1554
f 1556/1556/1556 1555/1555/1555 1554/1554/1554
f 1559/1559/1559 1558/1558/1558 1557/1557/1557
f 1559/1559/1559 1558/1558/1558 1557/1557/1557
f 1562/1562/1562 1561/1561/1561 1560/1560/1560
f 1562/1562/1562 1561/1561/1561 1560/1560/1560
f 1563/1563/1563 1562/1562/1562 1560/1560/1560
f 1563/1563/1563 1562/1562/1562 1560/1560/1560
f 1564/1564/1564 1562/1562/1562 1563/1563/1563
f 1564/1564/1564 1562/1562/1562 1563/1563/1563
f 1565/1565/1565 1564/1564/1564 1563/1563/1563
f 1565/1565/1565 1564/1564/1564 1563/1563/1563
f 1568/1568/1568 1567/1567/1567 1566/1566/1566
f 1568/1568/1568 1567/1567/1567 1566/1566/1566
f 1569/1569/1569 1568/1568/1568 1566/1566/1566
f 1569/1569/1569 1568/1568/1568 1566/1566/1566
f 1570/1570/1570 1568/1568/1568 1569/1569/1569
f 1570/1570/1570 1568/1568/1568 1569/1569/1569
f 1570/1570/1570 1569/1569/1569 1571/1571/1571
f 1570/1570/1570 1569/1569/1569 1571/1571/1571
f 1572/1572/1572 1570/1570/1570 1571/1571/1571
f 1572/1572/1572 1570/1570/1570 1571/1571/1571
f 1575/1575/1575 1574/1574/1574 1573/1573/1573
f 1575/1575/1575 1574/1574/1574 1573/1573/1573
f 1574/1574/1574 1576/1576/1576 1573/1573/1573
f 1574/1574/1574 1576/1576/1576 1573/1573/1573
f 1579/1579/1579 1578/1578/1578 1577/1577/1577
f 1579/1579/1579 1578/1578/1578 1577/1577/1577
f 1579/1579/1579 1580/1580/1580 1578/1578/1578
f 1579/1579/1579 1580/1580/1580 1578/1578/1578
f 1579/1579/1579 1581/1581/1581 1580/1580/1580
f 1579/1579/1579 1581/1581/1581 1580/1580/1580
f 1582/1582/1582 1580/1580/1580 1581/1581/1581
f 1582/1582/1582 1580/1580/1580 1581/1581/1581
f 1583/1583/1583 1582/1582/1582 1581/1581/1581
f 1583/1583/1583 1582/1582/1582 1581/1581/1581
f 1584/1584/1584 1580/1580/1580 1582/1582/1582
f 1584/1584/1584 1580/1580/1580 1582/1582/1582
f 1585/1585/1585 1584/1584/1584 1582/1582/1582
f 1585/1585/1585 1584/1584/1584 1582/1582/1582
f 1585/1585/1585 1582/1582/1582 1586/1586/1586
f 1585/1585/1585 1582/1582/1582 1586/1586/1586
f 1587/1587/1587 1585/1585/1585 1586/1586/1586
f 1587/1587/1587 1585/1585/1585 1586/1586/1586
f 1586/1586/1586 1582/1582/1582 1588/1588/1588
f 1586/1586/1586 1582/1582/1582 1588/1588/1588
f 1589/1589/1589 1588/1588/1588 1582/1582/1582
f 1589/1589/1589 1588/1588/1588 1582/1582/1582
f 1590/1590/1590 1589/1589/1589 1582/1582/1582
f 1590/1590/1590 1589/1589/1589 1582/1582/1582
f 1591/1591/1591 1588/1588/1588 1589/1589/1589
f 1591/1591/1591 1588/1588/1588 1589/1589/1589
f 1592/1592/1592 1591/1591/1591 1589/1589/1589
f 1592/1592/1592 1591/1591/1591 1589/1589/1589
f 1593/1593/1593 1591/1591/1591 1592/1592/1592
f 1593/1593/1593 1591/1591/1591 1592/1592/1592
f 1594/1594/1594 1593/1593/1593 1592/1592/1592
f 1594/1594/1594 1593/1593/1593 1592/1592/1592
f 1595/1595/1595 1593/1593/1593 1594/1594/1594
f 1595/1595/1595 1593/1593/1593 1594/1594/1594
f 1596/1596/1596 1595/1595/1595 1594/1594/1594
f 1596/1596/1596 1595/1595/1595 1594/1594/1594
f 1597/1597/1597 1595/1595/1595 1596/1596/1596
f 1597/1597/1597 1595/1595/1595 1596/1596/1596
f 1598/1598/1598 1597/1597/1597 1596/1596/1596
f 1598/1598/1598 1597/1597/1597 1596/1596/1596
f 1599/1599/1599 1597/1597/1597 1598/1598/1598
f 1599/1599/1599 1597/1597/1597 1598/1598/1598
f 1600/1600/1600 1599/1599/1599 1598/1598/1598
f 1600/1600/1600 1599/1599/1599 1598/1598/1598
f 1601/1601/1601 1599/1599/1599 1600/1600/1600
f 1601/1601/1601 1599/1599/1599 1600/1600/1600
f 1602/1602/1602 1601/1601/1601 1600/1600/1600
f 1602/1602/1602 1601/1601/1601 1600/1600/1600
f 1605/1605/1605 1604/1604/1604 1603/1603/1603
f 1605/1605/1605 1604/1604/1604 1603/1603/1603
f 1604/1604/1604 1606/1606/1606 1603/1603/1603
f 1604/1604/1604 1606/1606/1606 1603/1603/1603
f 1609/1609/1609 1608/1608/1608 1607/1607/1607
f 1609/1609/1609 1608/1608/1608 1607/1607/1607
f 1612/1612/1612 1611/1611/1611 1610/1610/1610
f 1612/1612/1612 1611/1611/1611 1610/1610/1610
f 1615/1615/1615 1614/1614/1614 1613/1613/1613
f 1615/1615/1615 1614/1614/1614 1613/1613/1613
f 1615/1615/1615 1613/1613/1613 1616/1616/1616
f 1615/1615/1615 1613/1613/1613 1616/1616/1616
f 1617/1617/1617 1615/1615/1615 1616/1616/1616
f 1617/1617/1617 1615/1615/1615 1616/1616/1616
f 1620/1620/1620 1619/1619/1619 1618/1618/1618
f 1620/1620/1620 1619/1619/1619 1618/1618/1618
f 1618/1618/1618 1619/1619/1619 1621/1621/1621
f 1618/1618/1618 1619/1619/1619 1621/1621/1621
f 1619/1619/1619 1622/1622/1622 1621/1621/1621
f 1619/1619/1619 1622/1622/1622 1621/1621/1621
