g Helm.001
v 0.000761822448 -0.00088787626 0.0181425363
v 0.000470583764 -0.00139216986 0.0178463366
v 0.000439190975 -0.00144889951 0.0178204607
v 0.000761822448 -0.00088787626 0.0181425363
v 0.000618267921 -0.00110160233 0.0179076474
v 0.000591121439 -0.00115117279 0.017886579
v 0.000450329331 -0.00152800092 0.0182605721
v 0.000412678346 -0.00159664289 0.0182331502
v 0.000446253252 -0.00154896837 0.0183281545
v 0.000463346048 -0.00146394293 0.0180598777
v 0.000501182221 -0.00139434659 0.0180842225
v 0.000747243816 -0.00093991129 0.0182330254
v 0.000446253252 -0.00154896837 0.0183281545
v 0.000412678346 -0.00159664289 0.0182331502
v 0.000368766632 -0.00167951372 0.0182158351
v 0.000618986203 -0.00127372402 0.0184013452
v 0.000527858268 -0.00138507318 0.0183087867
v 0.000488954713 -0.00145725172 0.0182869826
v 0.000493279309 -0.00157474366 0.0185607802
v 0.000545804098 -0.00148597627 0.0185819753
v 0.000806545955 -0.00106377609 0.0186633561
v 0.000302011817 -0.00204561162 0.018847065
v 0.000375796633 -0.0020101415 0.0188930221
v 0.00038026346 -0.00196382822 0.0188655853
v 0.000741367985 -0.00102617452 0.0186089035
v 0.000775881403 -0.00105004723 0.0185994189
v 0.000774153916 -0.00106787274 0.0186290946
v 0.00132667727 0.00211613835 0.0213139523
v 0.00122659327 0.00226629828 0.0218860265
v 0.00117207877 0.00223389105 0.0212746821
v 0.00117207877 0.00223389105 0.0212746821
v 0.00115452649 0.00208075764 0.0208739545
v 0.0013055281 0.00191542308 0.0209764522
v 0.00115452649 0.00208075764 0.0208739545
v 0.00112874643 0.00183940656 0.0204328299
v 0.00127637782 0.00163293176 0.0205637254
v 0.00117207877 0.00223389105 0.0212746821
v 0.0013055281 0.00191542308 0.0209764522
v 0.00132667727 0.00211613835 0.0213139523
v 0.00112874643 0.00183940656 0.0204328299
v 0.00110041618 0.00156203529 0.0200570859
v 0.00127637782 0.00163293176 0.0205637254
v 0.00110041618 0.00156203529 0.0200570859
v 0.00107574544 0.00131588557 0.0197711997
v 0.00120885007 0.00093329628 0.0200135279
v 0.00110041618 0.00156203529 0.0200570859
v 0.00120885007 0.00093329628 0.0200135279
v 0.00127637782 0.00163293176 0.0205637254
v 0.0013055281 0.00191542308 0.0209764522
v 0.00115452649 0.00208075764 0.0208739545
v 0.00127637782 0.00163293176 0.0205637254
v 0.00104814582 0.00102297775 0.0196087472
v 0.00102204864 0.000754523033 0.0193787757
v 0.00115081191 0.000321379979 0.0196357351
v 0.00102204864 0.000754523033 0.0193787757
v 0.00101413741 0.000693405862 0.019127233
v 0.00115081191 0.000321379979 0.0196357351
v 0.00100053416 0.000561578316 0.0189346243
v 0.00095535483 7.85167504E-05 0.0187008511
v 0.00111724436 -1.3813823E-05 0.0192492604
v 0.00095535483 7.85167504E-05 0.0187008511
v 0.00104511459 -0.000263257389 0.0187225621
v 0.00111724436 -1.3813823E-05 0.0192492604
v 0.00103064894 0.000744573888 0.0203377251
v 0.00110754184 0.00156465196 0.0207541436
v 0.00127637782 0.00163293176 0.0205637254
v 0.00116256194 0.0021091532 0.0214316845
v 0.00122659327 0.00226629828 0.0218860265
v 0.00132667727 0.00211613835 0.0213139523
v 0.00110754184 0.00156465196 0.0207541436
v 0.00116256194 0.0021091532 0.0214316845
v 0.0013055281 0.00191542308 0.0209764522
v 0.00116256194 0.0021091532 0.0214316845
v 0.00132667727 0.00211613835 0.0213139523
v 0.0013055281 0.00191542308 0.0209764522
v 0.0013055281 0.00191542308 0.0209764522
v 0.00127637782 0.00163293176 0.0205637254
v 0.00110754184 0.00156465196 0.0207541436
v 0.00127637782 0.00163293176 0.0205637254
v 0.00120885007 0.00093329628 0.0200135279
v 0.00103064894 0.000744573888 0.0203377251
v 0.00115081191 0.000321379979 0.0196357351
v 0.00103064894 0.000744573888 0.0203377251
v 0.000973430753 0.000137776879 0.0199969187
v 0.00111967255 0.000295655656 0.0189860296
v 0.00105597696 4.19188291E-05 0.0186078586
v 0.000922044623 -7.50344261E-05 0.0188907683
v 0.00150708167 0.0021800159 0.0203250479
v 0.00144419936 0.00237706979 0.0207565855
v 0.00138944504 0.00227591838 0.0202878453
v 0.00138944504 0.00227591838 0.0202878453
v 0.00134536414 0.00211117044 0.0199955571
v 0.00146138028 0.00198586029 0.0200878121
v 0.00134536414 0.00211117044 0.0199955571
v 0.00128814054 0.00187361182 0.0196828656
v 0.00140106538 0.0017198273 0.0198023058
v 0.00138944504 0.00227591838 0.0202878453
v 0.00146138028 0.00198586029 0.0200878121
v 0.00150708167 0.0021800159 0.0203250479
v 0.00128814054 0.00187361182 0.0196828656
v 0.00123081601 0.00161582278 0.0194254555
v 0.00140106538 0.0017198273 0.0198023058
v 0.00123081601 0.00161582278 0.0194254555
v 0.00118300377 0.00139256951 0.0192339756
v 0.0012820448 0.00111571257 0.0194619242
v 0.00123081601 0.00161582278 0.0194254555
v 0.0012820448 0.00111571257 0.0194619242
v 0.00140106538 0.0017198273 0.0198023058
v 0.00146138028 0.00198586029 0.0200878121
v 0.00134536414 0.00211117044 0.0199955571
v 0.00140106538 0.0017198273 0.0198023058
v 0.00113754184 0.00114753004 0.0191442259
v 0.00109065976 0.000913539494 0.0189989675
v 0.00118459912 0.000599342107 0.0192445796
v 0.00109065976 0.000913539494 0.0189989675
v 0.00106717425 0.000837158237 0.0188111346
v 0.00118459912 0.000599342107 0.0192445796
v 0.00103902724 0.000713010144 0.018677894
v 0.00096624787 0.000312853896 0.0185564049
v 0.00111967255 0.000295655656 0.0189860296
v 0.00096624787 0.000312853896 0.0185564049
v 0.00105597696 4.19188291E-05 0.0186078586
v 0.00111967255 0.000295655656 0.0189860296
v 0.000922044623 -7.50344261E-05 0.0188907683
v 0.000974607305 0.000114758834 0.0192580521
v 0.00111967255 0.000295655656 0.0189860296
v 0.001151153 0.00101711904 0.0197452884
v 0.00127596571 0.00169872015 0.019966729
v 0.00140106538 0.0017198273 0.0198023058
v 0.00138463313 0.00219780859 0.0204253644
v 0.00144419936 0.00237706979 0.0207565855
v 0.00150708167 0.0021800159 0.0203250479
v 0.00127596571 0.00169872015 0.019966729
v 0.00138463313 0.00219780859 0.0204253644
v 0.00146138028 0.00198586029 0.0200878121
v 0.00138463313 0.00219780859 0.0204253644
v 0.00150708167 0.0021800159 0.0203250479
v 0.00146138028 0.00198586029 0.0200878121
v 0.00146138028 0.00198586029 0.0200878121
v 0.00140106538 0.0017198273 0.0198023058
v 0.00127596571 0.00169872015 0.019966729
v 0.00140106538 0.0017198273 0.0198023058
v 0.0012820448 0.00111571257 0.0194619242
v 0.001151153 0.00101711904 0.0197452884
v 0.00118459912 0.000599342107 0.0192445796
v 0.001151153 0.00101711904 0.0197452884
v 0.00105669803 0.000508991536 0.0195560399
v 0.00116679398 0.000374869705 0.0188590623
v 0.00108724844 0.000127232663 0.0186470691
v 0.000988252345 0.000116397066 0.0188696329
v 0.00165264483 0.00192110473 0.0194053687
v 0.00160769315 0.00216551754 0.019664079
v 0.00157488359 0.00199099933 0.0193598624
v 0.00157488359 0.00199099933 0.0193598624
v 0.00151989877 0.00182089652 0.0191895105
v 0.00159549841 0.00174200546 0.0192796253
v 0.00151989877 0.00182089652 0.0191895105
v 0.00144837797 0.00159729319 0.0190199744
v 0.00152002112 0.00150448619 0.0191350095
v 0.00157488359 0.00199099933 0.0193598624
v 0.00159549841 0.00174200546 0.0192796253
v 0.00165264483 0.00192110473 0.0194053687
v 0.00144837797 0.00159729319 0.0190199744
v 0.00137661293 0.00137096981 0.0188933089
v 0.00152002112 0.00150448619 0.0191350095
v 0.00137661293 0.00137096981 0.0188933089
v 0.00131670712 0.00118123333 0.01880561
v 0.00137060613 0.00102648803 0.019022068
v 0.00137661293 0.00137096981 0.0188933089
v 0.00137060613 0.00102648803 0.019022068
v 0.00152002112 0.00150448619 0.0191350095
v 0.00159549841 0.00174200546 0.0192796253
v 0.00151989877 0.00182089652 0.0191895105
v 0.00152002112 0.00150448619 0.0191350095
v 0.00125955045 0.000996976276 0.0187935997
v 0.00120071985 0.000809160469 0.0187404659
v 0.00124814594 0.000632582116 0.0189770181
v 0.00120071985 0.000809160469 0.0187404659
v 0.00117149297 0.00071987015 0.0186248794
v 0.00124814594 0.000632582116 0.0189770181
v 0.00113626989 0.000609027455 0.0185573883
v 0.00104472123 0.000313127792 0.0185553208
v 0.00116679398 0.000374869705 0.0188590623
v 0.00104472123 0.000313127792 0.0185553208
v 0.00108724844 0.000127232663 0.0186470691
v 0.00116679398 0.000374869705 0.0188590623
v 0.000988252345 0.000116397066 0.0188696329
v 0.00105377729 0.000318448845 0.0190872625
v 0.00116679398 0.000374869705 0.0188590623
v 0.00127544475 0.00102820829 0.019241143
v 0.00143241778 0.0015351146 0.0192548148
v 0.00152002112 0.00150448619 0.0191350095
v 0.00156852184 0.00196536956 0.0194722582
v 0.00160769315 0.00216551754 0.019664079
v 0.00165264483 0.00192110473 0.0194053687
v 0.00143241778 0.0015351146 0.0192548148
v 0.00156852184 0.00196536956 0.0194722582
v 0.00159549841 0.00174200546 0.0192796253
v 0.00156852184 0.00196536956 0.0194722582
v 0.00165264483 0.00192110473 0.0194053687
v 0.00159549841 0.00174200546 0.0192796253
v 0.00159549841 0.00174200546 0.0192796253
v 0.00152002112 0.00150448619 0.0191350095
v 0.00143241778 0.0015351146 0.0192548148
v 0.00152002112 0.00150448619 0.0191350095
v 0.00137060613 0.00102648803 0.019022068
v 0.00127544475 0.00102820829 0.019241143
v 0.00124814594 0.000632582116 0.0189770181
v 0.00127544475 0.00102820829 0.019241143
v 0.00115669752 0.000645498454 0.0192140453
v 0.00100990036 -6.22507514E-06 0.0192531794
v 0.000822022965 -0.000429054402 0.0190276764
v 0.000978065422 -0.000255554711 0.0187247209
v 0.00111161696 0.00217491435 0.0213333722
v 0.00115797727 0.00193359365 0.0209729187
v 0.00107190222 0.00203068112 0.0209014341
v 0.00107190222 0.00203068112 0.0209014341
v 0.00115265138 0.00164539739 0.0205594338
v 0.00104318454 0.00179842382 0.0204646848
v 0.00104318454 0.00179842382 0.0204646848
v 0.00115265138 0.00164539739 0.0205594338
v 0.00100868032 0.00153349945 0.0200873017
v 0.00100868032 0.00153349945 0.0200873017
v 0.001100266 0.000939464313 0.0200186186
v 0.000981003512 0.00130153925 0.0198005885
v 0.00100868032 0.00153349945 0.0200873017
v 0.00115265138 0.00164539739 0.0205594338
v 0.001100266 0.000939464313 0.0200186186
v 0.00115797727 0.00193359365 0.0209729187
v 0.00115265138 0.00164539739 0.0205594338
v 0.00107190222 0.00203068112 0.0209014341
v 0.000953516632 0.00101120304 0.0196391884
v 0.00104407046 0.000328344962 0.0196370203
v 0.000924819964 0.000736049318 0.0193963572
v 0.000924819964 0.000736049318 0.0193963572
v 0.00104407046 0.000328344962 0.0196370203
v 0.000916170888 0.000675742165 0.0191392805
v 0.000902905769 0.000553478487 0.0189560261
v 0.00100990036 -6.22507514E-06 0.0192531794
v 0.00085930049 5.85198104E-05 0.0187258404
v 0.00085930049 5.85198104E-05 0.0187258404
v 0.00100990036 -6.22507514E-06 0.0192531794
v 0.000978065422 -0.000255554711 0.0187247209
v 0.000822022965 -0.000429054402 0.0190276764
v 0.00100990036 -6.22507514E-06 0.0192531794
v 0.000839943998 -0.000263887196 0.0195234921
v 0.000945291424 0.000776036002 0.0202940144
v 0.00115265138 0.00164539739 0.0205594338
v 0.00103668298 0.0016159782 0.0207026638
v 0.00103668298 0.0016159782 0.0207026638
v 0.00115797727 0.00193359365 0.0209729187
v 0.00111161696 0.00217491435 0.0213333722
v 0.00115797727 0.00193359365 0.0209729187
v 0.00103668298 0.0016159782 0.0207026638
v 0.00115265138 0.00164539739 0.0205594338
v 0.00115265138 0.00164539739 0.0205594338
v 0.000945291424 0.000776036002 0.0202940144
v 0.001100266 0.000939464313 0.0200186186
v 0.00104407046 0.000328344962 0.0196370203
v 0.000945291424 0.000776036002 0.0202940144
v 0.000882668246 0.00016879465 0.0199681111
v 0.00101358315 0.000311599928 0.0189953316
v 0.000836720457 -2.53717135E-05 0.0188745279
v 0.000945298525 5.8044523E-05 0.0186156798
v 0.00131963135 0.00224645901 0.0203427933
v 0.0013154042 0.00201408938 0.0200906172
v 0.00126192032 0.00207191217 0.0200353768
v 0.00126192032 0.00207191217 0.0200353768
v 0.00127838831 0.00174056913 0.0198037699
v 0.00120266236 0.00184418494 0.019725794
v 0.00120266236 0.00184418494 0.019725794
v 0.00127838831 0.00174056913 0.0198037699
v 0.0011398627 0.00159888249 0.0194652453
v 0.0011398627 0.00159888249 0.0194652453
v 0.001174715 0.00113051967 0.0194726717
v 0.00108989747 0.00138972246 0.0192709714
v 0.0011398627 0.00159888249 0.0194652453
v 0.00127838831 0.00174056913 0.0198037699
v 0.001174715 0.00113051967 0.0194726717
v 0.0013154042 0.00201408938 0.0200906172
v 0.00127838831 0.00174056913 0.0198037699
v 0.00126192032 0.00207191217 0.0200353768
v 0.00104478607 0.00114736683 0.0191818606
v 0.00107888086 0.000614237157 0.019251341
v 0.000993969385 0.00090505759 0.0190250985
v 0.000993969385 0.00090505759 0.0190250985
v 0.00107888086 0.000614237157 0.019251341
v 0.00096940354 0.00082871085 0.0188317299
v 0.000942869985 0.000715354166 0.018706236
v 0.00101358315 0.000311599928 0.0189953316
v 0.000871161523 0.000303879322 0.0185900014
v 0.000871161523 0.000303879322 0.0185900014
v 0.00101358315 0.000311599928 0.0189953316
v 0.000945298525 5.8044523E-05 0.0186156798
v 0.000836720457 -2.53717135E-05 0.0188745279
v 0.00101358315 0.000311599928 0.0189953316
v 0.000886475202 0.00015855387 0.0192386005
v 0.00106504268 0.00104794896 0.0197026171
v 0.00127838831 0.00174056913 0.0198037699
v 0.00120498764 0.00174692762 0.0199124739
v 0.00120498764 0.00174692762 0.0199124739
v 0.0013154042 0.00201408938 0.0200906172
v 0.00131963135 0.00224645901 0.0203427933
v 0.0013154042 0.00201408938 0.0200906172
v 0.00120498764 0.00174692762 0.0199124739
v 0.00127838831 0.00174056913 0.0198037699
v 0.00106387073 0.000406159292 0.0188639052
v 0.000908981718 0.000169955863 0.0188403428
v 0.000979736215 0.000158864335 0.018650461
v 0.00136175507 0.00159222505 0.0190698337
v 0.00140091148 0.00154025375 0.0191310458
v 0.00128594437 0.00137759873 0.0189366452
v 0.00128594437 0.00137759873 0.0189366452
v 0.00126637274 0.00105725939 0.0190286245
v 0.00122549618 0.00120076037 0.0188422836
v 0.00128594437 0.00137759873 0.0189366452
v 0.00140091148 0.00154025375 0.0191310458
v 0.00126637274 0.00105725939 0.0190286245
v 0.00116903754 0.00101919135 0.0188301224
v 0.00114536227 0.000662113482 0.0189797189
v 0.00110483752 0.000820735469 0.018768331
v 0.00110483752 0.000820735469 0.018768331
v 0.00114536227 0.000662113482 0.0189797189
v 0.00107432157 0.000730062253 0.0186474286
v 0.00104231446 0.00063145411 0.0185843017
v 0.00106387073 0.000406159292 0.0188639052
v 0.000950669113 0.000326124486 0.0185904764
v 0.000950669113 0.000326124486 0.0185904764
v 0.00106387073 0.000406159292 0.0188639052
v 0.000979736215 0.000158864335 0.018650461
v 0.000908981718 0.000169955863 0.0188403428
v 0.00106387073 0.000406159292 0.0188639052
v 0.000970883353 0.000365882181 0.0190565642
v 0.0011920582 0.00105653587 0.0191918425
v 0.00140091148 0.00154025375 0.0191310458
v 0.00136567885 0.00157479814 0.0191894192
v 0.00156852184 0.00196536956 0.0194722582
v 0.00150597515 0.00200847723 0.0194021482
v 0.00160769315 0.00216551754 0.019664079
v 0.00160769315 0.00216551754 0.019664079
v 0.00150597515 0.00200847723 0.0194021482
v 0.00157488359 0.00199099933 0.0193598624
v 0.00138463313 0.00219780859 0.0204253644
v 0.00131963135 0.00224645901 0.0203427933
v 0.00144419936 0.00237706979 0.0207565855
v 0.00144419936 0.00237706979 0.0207565855
v 0.00131963135 0.00224645901 0.0203427933
v 0.00138944504 0.00227591838 0.0202878453
v 0.00116256194 0.0021091532 0.0214316845
v 0.00111161696 0.00217491435 0.0213333722
v 0.00122659327 0.00226629828 0.0218860265
v 0.00122659327 0.00226629828 0.0218860265
v 0.00111161696 0.00217491435 0.0213333722
v 0.00117207877 0.00223389105 0.0212746821
v 0.000630676805 -0.000800903712 0.0199863389
v -0 -0.00127440423 0.0199628975
v 0.000212034574 -0.000645715569 0.0202820506
v 0.000411014189 -0.00133659947 0.017806815
v 0.000499242393 -0.00119223038 0.0179179814
v 0.000698961143 -0.000876728562 0.0181916282
v 0.000864672591 -0.000654951029 0.018743366
v 0.000775881403 -0.00105004723 0.0185994189
v 0.000741367985 -0.00102617452 0.0186089035
v -0.000983270118 -0.000174916553 0.0179074816
v -0.000763121992 -0.000658973586 0.0182064902
v -0.000831774028 -0.000721122255 0.0181955416
v -0.000439190975 -0.00144889951 0.0178204607
v -0.000470583764 -0.00139216986 0.0178463366
v -0.000761822448 -0.00088787626 0.0181425363
v -0.000591121439 -0.00115117279 0.017886579
v -0.000618267921 -0.00110160233 0.0179076474
v -0.000761822448 -0.00088787626 0.0181425363
v -0.000368766632 -0.00167951372 0.0182158351
v -0.000412678346 -0.00159664289 0.0182331502
v -0.000446253252 -0.00154896837 0.0183281545
v -0.000488954713 -0.00145725172 0.0182869826
v -0.000527858268 -0.00138507318 0.0183087867
v -0.000618986203 -0.00127372402 0.0184013452
v -0.000747243816 -0.00093991129 0.0182330254
v -0.000501182221 -0.00139434659 0.0180842225
v -0.000463346048 -0.00146394293 0.0180598777
v -0.000450329331 -0.00152800092 0.0182605721
v -0.000446253252 -0.00154896837 0.0183281545
v -0.000412678346 -0.00159664289 0.0182331502
v -0.000806545955 -0.00106377609 0.0186633561
v -0.000545804098 -0.00148597627 0.0185819753
v -0.000493279309 -0.00157474366 0.0185607802
v -0.000302011817 -0.00204561162 0.018847065
v -0.00038026346 -0.00196382822 0.0188655853
v -0.000375796633 -0.0020101415 0.0188930221
v -0.000741367985 -0.00102617452 0.0186089035
v -0.000774153916 -0.00106787274 0.0186290946
v -0.000775881403 -0.00105004723 0.0185994189
v -0.00132667727 0.00211613835 0.0213139523
v -0.00117207877 0.00223389105 0.0212746821
v -0.00122659327 0.00226629828 0.0218860265
v -0.00117207877 0.00223389105 0.0212746821
v -0.0013055281 0.00191542308 0.0209764522
v -0.00115452649 0.00208075764 0.0208739545
v -0.00115452649 0.00208075764 0.0208739545
v -0.00127637782 0.00163293176 0.0205637254
v -0.00112874643 0.00183940656 0.0204328299
v -0.00117207877 0.00223389105 0.0212746821
v -0.00132667727 0.00211613835 0.0213139523
v -0.0013055281 0.00191542308 0.0209764522
v -0.00112874643 0.00183940656 0.0204328299
v -0.00127637782 0.00163293176 0.0205637254
v -0.00110041618 0.00156203529 0.0200570859
v -0.00110041618 0.00156203529 0.0200570859
v -0.00120885007 0.00093329628 0.0200135279
v -0.00107574544 0.00131588557 0.0197711997
v -0.00110041618 0.00156203529 0.0200570859
v -0.00127637782 0.00163293176 0.0205637254
v -0.00120885007 0.00093329628 0.0200135279
v -0.0013055281 0.00191542308 0.0209764522
v -0.00127637782 0.00163293176 0.0205637254
v -0.00115452649 0.00208075764 0.0208739545
v -0.00104814582 0.00102297775 0.0196087472
v -0.00115081191 0.000321379979 0.0196357351
v -0.00102204864 0.000754523033 0.0193787757
v -0.00102204864 0.000754523033 0.0193787757
v -0.00115081191 0.000321379979 0.0196357351
v -0.00101413741 0.000693405862 0.019127233
v -0.00100053416 0.000561578316 0.0189346243
v -0.00111724436 -1.3813823E-05 0.0192492604
v -0.00095535483 7.85167504E-05 0.0187008511
v -0.00095535483 7.85167504E-05 0.0187008511
v -0.00111724436 -1.3813823E-05 0.0192492604
v -0.00104511459 -0.000263257389 0.0187225621
v -0.00103064894 0.000744573888 0.0203377251
v -0.00127637782 0.00163293176 0.0205637254
v -0.00110754184 0.00156465196 0.0207541436
v -0.00116256194 0.0021091532 0.0214316845
v -0.00132667727 0.00211613835 0.0213139523
v -0.00122659327 0.00226629828 0.0218860265
v -0.00110754184 0.00156465196 0.0207541436
v -0.0013055281 0.00191542308 0.0209764522
v -0.00116256194 0.0021091532 0.0214316845
v -0.00116256194 0.0021091532 0.0214316845
v -0.0013055281 0.00191542308 0.0209764522
v -0.00132667727 0.00211613835 0.0213139523
v -0.0013055281 0.00191542308 0.0209764522
v -0.00110754184 0.00156465196 0.0207541436
v -0.00127637782 0.00163293176 0.0205637254
v -0.00127637782 0.00163293176 0.0205637254
v -0.00103064894 0.000744573888 0.0203377251
v -0.00120885007 0.00093329628 0.0200135279
v -0.00115081191 0.000321379979 0.0196357351
v -0.00103064894 0.000744573888 0.0203377251
v -0.000973430753 0.000137776879 0.0199969187
v -0.00111967255 0.000295655656 0.0189860296
v -0.000922044623 -7.50344261E-05 0.0188907683
v -0.00105597696 4.19188291E-05 0.0186078586
v -0.00150708167 0.0021800159 0.0203250479
v -0.00138944504 0.00227591838 0.0202878453
v -0.00144419936 0.00237706979 0.0207565855
v -0.00138944504 0.00227591838 0.0202878453
v -0.00146138028 0.00198586029 0.0200878121
v -0.00134536414 0.00211117044 0.0199955571
v -0.00134536414 0.00211117044 0.0199955571
v -0.00140106538 0.0017198273 0.0198023058
v -0.00128814054 0.00187361182 0.0196828656
v -0.00138944504 0.00227591838 0.0202878453
v -0.00150708167 0.0021800159 0.0203250479
v -0.00146138028 0.00198586029 0.0200878121
v -0.00128814054 0.00187361182 0.0196828656
v -0.00140106538 0.0017198273 0.0198023058
v -0.00123081601 0.00161582278 0.0194254555
v -0.00123081601 0.00161582278 0.0194254555
v -0.0012820448 0.00111571257 0.0194619242
v -0.00118300377 0.00139256951 0.0192339756
v -0.00123081601 0.00161582278 0.0194254555
v -0.00140106538 0.0017198273 0.0198023058
v -0.0012820448 0.00111571257 0.0194619242
v -0.00146138028 0.00198586029 0.0200878121
v -0.00140106538 0.0017198273 0.0198023058
v -0.00134536414 0.00211117044 0.0199955571
v -0.00113754184 0.00114753004 0.0191442259
v -0.00118459912 0.000599342107 0.0192445796
v -0.00109065976 0.000913539494 0.0189989675
v -0.00109065976 0.000913539494 0.0189989675
v -0.00118459912 0.000599342107 0.0192445796
v -0.00106717425 0.000837158237 0.0188111346
v -0.00103902724 0.000713010144 0.018677894
v -0.00111967255 0.000295655656 0.0189860296
v -0.00096624787 0.000312853896 0.0185564049
v -0.00096624787 0.000312853896 0.0185564049
v -0.00111967255 0.000295655656 0.0189860296
v -0.00105597696 4.19188291E-05 0.0186078586
v -0.000922044623 -7.50344261E-05 0.0188907683
v -0.00111967255 0.000295655656 0.0189860296
v -0.000974607305 0.000114758834 0.0192580521
v -0.001151153 0.00101711904 0.0197452884
v -0.00140106538 0.0017198273 0.0198023058
v -0.00127596571 0.00169872015 0.019966729
v -0.00138463313 0.00219780859 0.0204253644
v -0.00150708167 0.0021800159 0.0203250479
v -0.00144419936 0.00237706979 0.0207565855
v -0.00127596571 0.00169872015 0.019966729
v -0.00146138028 0.00198586029 0.0200878121
v -0.00138463313 0.00219780859 0.0204253644
v -0.00138463313 0.00219780859 0.0204253644
v -0.00146138028 0.00198586029 0.0200878121
v -0.00150708167 0.0021800159 0.0203250479
v -0.00146138028 0.00198586029 0.0200878121
v -0.00127596571 0.00169872015 0.019966729
v -0.00140106538 0.0017198273 0.0198023058
v -0.00140106538 0.0017198273 0.0198023058
v -0.001151153 0.00101711904 0.0197452884
v -0.0012820448 0.00111571257 0.0194619242
v -0.00118459912 0.000599342107 0.0192445796
v -0.001151153 0.00101711904 0.0197452884
v -0.00105669803 0.000508991536 0.0195560399
v -0.00116679398 0.000374869705 0.0188590623
v -0.000988252345 0.000116397066 0.0188696329
v -0.00108724844 0.000127232663 0.0186470691
v -0.00165264483 0.00192110473 0.0194053687
v -0.00157488359 0.00199099933 0.0193598624
v -0.00160769315 0.00216551754 0.019664079
v -0.00157488359 0.00199099933 0.0193598624
v -0.00159549841 0.00174200546 0.0192796253
v -0.00151989877 0.00182089652 0.0191895105
v -0.00151989877 0.00182089652 0.0191895105
v -0.00152002112 0.00150448619 0.0191350095
v -0.00144837797 0.00159729319 0.0190199744
v -0.00157488359 0.00199099933 0.0193598624
v -0.00165264483 0.00192110473 0.0194053687
v -0.00159549841 0.00174200546 0.0192796253
v -0.00144837797 0.00159729319 0.0190199744
v -0.00152002112 0.00150448619 0.0191350095
v -0.00137661293 0.00137096981 0.0188933089
v -0.00137661293 0.00137096981 0.0188933089
v -0.00137060613 0.00102648803 0.019022068
v -0.00131670712 0.00118123333 0.01880561
v -0.00137661293 0.00137096981 0.0188933089
v -0.00152002112 0.00150448619 0.0191350095
v -0.00137060613 0.00102648803 0.019022068
v -0.00159549841 0.00174200546 0.0192796253
v -0.00152002112 0.00150448619 0.0191350095
v -0.00151989877 0.00182089652 0.0191895105
v -0.00125955045 0.000996976276 0.0187935997
v -0.00124814594 0.000632582116 0.0189770181
v -0.00120071985 0.000809160469 0.0187404659
v -0.00120071985 0.000809160469 0.0187404659
v -0.00124814594 0.000632582116 0.0189770181
v -0.00117149297 0.00071987015 0.0186248794
v -0.00113626989 0.000609027455 0.0185573883
v -0.00116679398 0.000374869705 0.0188590623
v -0.00104472123 0.000313127792 0.0185553208
v -0.00104472123 0.000313127792 0.0185553208
v -0.00116679398 0.000374869705 0.0188590623
v -0.00108724844 0.000127232663 0.0186470691
v -0.000988252345 0.000116397066 0.0188696329
v -0.00116679398 0.000374869705 0.0188590623
v -0.00105377729 0.000318448845 0.0190872625
v -0.00127544475 0.00102820829 0.019241143
v -0.00152002112 0.00150448619 0.0191350095
v -0.00143241778 0.0015351146 0.0192548148
v -0.00156852184 0.00196536956 0.0194722582
v -0.00165264483 0.00192110473 0.0194053687
v -0.00160769315 0.00216551754 0.019664079
v -0.00143241778 0.0015351146 0.0192548148
v -0.00159549841 0.00174200546 0.0192796253
v -0.00156852184 0.00196536956 0.0194722582
v -0.00156852184 0.00196536956 0.0194722582
v -0.00159549841 0.00174200546 0.0192796253
v -0.00165264483 0.00192110473 0.0194053687
v -0.00159549841 0.00174200546 0.0192796253
v -0.00143241778 0.0015351146 0.0192548148
v -0.00152002112 0.00150448619 0.0191350095
v -0.00152002112 0.00150448619 0.0191350095
v -0.00127544475 0.00102820829 0.019241143
v -0.00137060613 0.00102648803 0.019022068
v -0.00124814594 0.000632582116 0.0189770181
v -0.00127544475 0.00102820829 0.019241143
v -0.00115669752 0.000645498454 0.0192140453
v -0.00100990036 -6.22507514E-06 0.0192531794
v -0.000978065422 -0.000255554711 0.0187247209
v -0.000822022965 -0.000429054402 0.0190276764
v -0.00111161696 0.00217491435 0.0213333722
v -0.00107190222 0.00203068112 0.0209014341
v -0.00115797727 0.00193359365 0.0209729187
v -0.00107190222 0.00203068112 0.0209014341
v -0.00104318454 0.00179842382 0.0204646848
v -0.00115265138 0.00164539739 0.0205594338
v -0.00104318454 0.00179842382 0.0204646848
v -0.00100868032 0.00153349945 0.0200873017
v -0.00115265138 0.00164539739 0.0205594338
v -0.00100868032 0.00153349945 0.0200873017
v -0.000981003512 0.00130153925 0.0198005885
v -0.001100266 0.000939464313 0.0200186186
v -0.00100868032 0.00153349945 0.0200873017
v -0.001100266 0.000939464313 0.0200186186
v -0.00115265138 0.00164539739 0.0205594338
v -0.00115797727 0.00193359365 0.0209729187
v -0.00107190222 0.00203068112 0.0209014341
v -0.00115265138 0.00164539739 0.0205594338
v -0.000953516632 0.00101120304 0.0196391884
v -0.000924819964 0.000736049318 0.0193963572
v -0.00104407046 0.000328344962 0.0196370203
v -0.000924819964 0.000736049318 0.0193963572
v -0.000916170888 0.000675742165 0.0191392805
v -0.00104407046 0.000328344962 0.0196370203
v -0.000902905769 0.000553478487 0.0189560261
v -0.00085930049 5.85198104E-05 0.0187258404
v -0.00100990036 -6.22507514E-06 0.0192531794
v -0.00085930049 5.85198104E-05 0.0187258404
v -0.000978065422 -0.000255554711 0.0187247209
v -0.00100990036 -6.22507514E-06 0.0192531794
v -0.000822022965 -0.000429054402 0.0190276764
v -0.000839943998 -0.000263887196 0.0195234921
v -0.00100990036 -6.22507514E-06 0.0192531794
v -0.000945291424 0.000776036002 0.0202940144
v -0.00103668298 0.0016159782 0.0207026638
v -0.00115265138 0.00164539739 0.0205594338
v -0.00103668298 0.0016159782 0.0207026638
v -0.00111161696 0.00217491435 0.0213333722
v -0.00115797727 0.00193359365 0.0209729187
v -0.00115797727 0.00193359365 0.0209729187
v -0.00115265138 0.00164539739 0.0205594338
v -0.00103668298 0.0016159782 0.0207026638
v -0.00115265138 0.00164539739 0.0205594338
v -0.001100266 0.000939464313 0.0200186186
v -0.000945291424 0.000776036002 0.0202940144
v -0.00104407046 0.000328344962 0.0196370203
v -0.000945291424 0.000776036002 0.0202940144
v -0.000882668246 0.00016879465 0.0199681111
v -0.00101358315 0.000311599928 0.0189953316
v -0.000945298525 5.8044523E-05 0.0186156798
v -0.000836720457 -2.53717135E-05 0.0188745279
v -0.00131963135 0.00224645901 0.0203427933
v -0.00126192032 0.00207191217 0.0200353768
v -0.0013154042 0.00201408938 0.0200906172
v -0.00126192032 0.00207191217 0.0200353768
v -0.00120266236 0.00184418494 0.019725794
v -0.00127838831 0.00174056913 0.0198037699
v -0.00120266236 0.00184418494 0.019725794
v -0.0011398627 0.00159888249 0.0194652453
v -0.00127838831 0.00174056913 0.0198037699
v -0.0011398627 0.00159888249 0.0194652453
v -0.00108989747 0.00138972246 0.0192709714
v -0.001174715 0.00113051967 0.0194726717
v -0.0011398627 0.00159888249 0.0194652453
v -0.001174715 0.00113051967 0.0194726717
v -0.00127838831 0.00174056913 0.0198037699
v -0.0013154042 0.00201408938 0.0200906172
v -0.00126192032 0.00207191217 0.0200353768
v -0.00127838831 0.00174056913 0.0198037699
v -0.00104478607 0.00114736683 0.0191818606
v -0.000993969385 0.00090505759 0.0190250985
v -0.00107888086 0.000614237157 0.019251341
v -0.000993969385 0.00090505759 0.0190250985
v -0.00096940354 0.00082871085 0.0188317299
v -0.00107888086 0.000614237157 0.019251341
v -0.000942869985 0.000715354166 0.018706236
v -0.000871161523 0.000303879322 0.0185900014
v -0.00101358315 0.000311599928 0.0189953316
v -0.000871161523 0.000303879322 0.0185900014
v -0.000945298525 5.8044523E-05 0.0186156798
v -0.00101358315 0.000311599928 0.0189953316
v -0.000836720457 -2.53717135E-05 0.0188745279
v -0.000886475202 0.00015855387 0.0192386005
v -0.00101358315 0.000311599928 0.0189953316
v -0.00106504268 0.00104794896 0.0197026171
v -0.00120498764 0.00174692762 0.0199124739
v -0.00127838831 0.00174056913 0.0198037699
v -0.00120498764 0.00174692762 0.0199124739
v -0.00131963135 0.00224645901 0.0203427933
v -0.0013154042 0.00201408938 0.0200906172
v -0.0013154042 0.00201408938 0.0200906172
v -0.00127838831 0.00174056913 0.0198037699
v -0.00120498764 0.00174692762 0.0199124739
v -0.00106387073 0.000406159292 0.0188639052
v -0.000979736215 0.000158864335 0.018650461
v -0.000908981718 0.000169955863 0.0188403428
v -0.00136175507 0.00159222505 0.0190698337
v -0.00128594437 0.00137759873 0.0189366452
v -0.00140091148 0.00154025375 0.0191310458
v -0.00128594437 0.00137759873 0.0189366452
v -0.00122549618 0.00120076037 0.0188422836
v -0.00126637274 0.00105725939 0.0190286245
v -0.00128594437 0.00137759873 0.0189366452
v -0.00126637274 0.00105725939 0.0190286245
v -0.00140091148 0.00154025375 0.0191310458
v -0.00116903754 0.00101919135 0.0188301224
v -0.00110483752 0.000820735469 0.018768331
v -0.00114536227 0.000662113482 0.0189797189
v -0.00110483752 0.000820735469 0.018768331
v -0.00107432157 0.000730062253 0.0186474286
v -0.00114536227 0.000662113482 0.0189797189
v -0.00104231446 0.00063145411 0.0185843017
v -0.000950669113 0.000326124486 0.0185904764
v -0.00106387073 0.000406159292 0.0188639052
v -0.000950669113 0.000326124486 0.0185904764
v -0.000979736215 0.000158864335 0.018650461
v -0.00106387073 0.000406159292 0.0188639052
v -0.000908981718 0.000169955863 0.0188403428
v -0.000970883353 0.000365882181 0.0190565642
v -0.00106387073 0.000406159292 0.0188639052
v -0.0011920582 0.00105653587 0.0191918425
v -0.00136567885 0.00157479814 0.0191894192
v -0.00140091148 0.00154025375 0.0191310458
v -0.00156852184 0.00196536956 0.0194722582
v -0.00160769315 0.00216551754 0.019664079
v -0.00150597515 0.00200847723 0.0194021482
v -0.00160769315 0.00216551754 0.019664079
v -0.00157488359 0.00199099933 0.0193598624
v -0.00150597515 0.00200847723 0.0194021482
v -0.00138463313 0.00219780859 0.0204253644
v -0.00144419936 0.00237706979 0.0207565855
v -0.00131963135 0.00224645901 0.0203427933
v -0.00144419936 0.00237706979 0.0207565855
v -0.00138944504 0.00227591838 0.0202878453
v -0.00131963135 0.00224645901 0.0203427933
v -0.00116256194 0.0021091532 0.0214316845
v -0.00122659327 0.00226629828 0.0218860265
v -0.00111161696 0.00217491435 0.0213333722
v -0.00122659327 0.00226629828 0.0218860265
v -0.00117207877 0.00223389105 0.0212746821
v -0.00111161696 0.00217491435 0.0213333722
v -0.000630676805 -0.000800903712 0.0199863389
v -0.000212034574 -0.000645715569 0.0202820506
v -0 -0.00127440423 0.0199628975
v -0.000698961143 -0.000876728562 0.0181916282
v -0.000499242393 -0.00119223038 0.0179179814
v -0.000411014189 -0.00133659947 0.017806815
v -0.000864672591 -0.000654951029 0.018743366
v -0.000741367985 -0.00102617452 0.0186089035
v -0.000775881403 -0.00105004723 0.0185994189
v 0.000983270118 -0.000174916553 0.0179074816
v 0.000831774028 -0.000721122255 0.0181955416
v 0.000763121992 -0.000658973586 0.0182064902
v 0.000566145347 -0.00117582979 0.0178137552
v 0.000566689705 -0.00117159681 0.0178059135
v 0.000540525012 -0.00122386473 0.0177970659
v 0.000568049552 -0.00113802182 0.017746754
v 0.000540056208 -0.00122472772 0.0177967642
v 0.000507214456 -0.00128106051 0.0177677404
v 0.000540055102 -0.00122480281 0.0177969038
v 0.000506960088 -0.00129091518 0.0177857112
v 0.000537834247 -0.00124555314 0.0178377703
v 0.000561690307 -0.00122208428 0.0179075412
v 0.000564142072 -0.00119918061 0.0178624373
v 0.000504923402 -0.00130911171 0.0178210642
v 0.000473462045 -0.00136645325 0.0177963749
v 0.000470583764 -0.00139216986 0.0178463366
v 0.000761822448 -0.00088787626 0.0181425363
v 0.000588781084 -0.00117303501 0.0179296341
v 0.000591121439 -0.00115117279 0.017886579
v 0.000476613845 -0.00129866623 0.0176733024
v 0.000476642163 -0.00133417302 0.017742021
v 0.000467056088 -0.00127592112 0.0176433735
v 0.000562770641 -0.00112519972 0.0177300796
v 0.000738468894 -0.000864068861 0.0174672194
v 0.000435414462 -0.0013301 0.0176171605
v 0.000590066309 -0.00107822719 0.0177525617
v 0.000329052884 -0.00150380528 0.0175243113
v 0.000444340694 -0.00135536701 0.0176473763
v 0.00034131782 -0.00153636769 0.0175646152
v 0.000293882011 -0.00156583136 0.017496191
v 0.000376764743 -0.00150858727 0.0176597368
v 0.000342363172 -0.00156910846 0.0176322572
v 0.000411789078 -0.00144937984 0.0176923685
v 0.000442444696 -0.00139304122 0.0177122056
v 0.000411123183 -0.00147517584 0.0177394133
v 0.000376818323 -0.00153896131 0.0177186467
v 0.000435131224 -0.00143440242 0.0177614167
v 0.000340780767 -0.00160374737 0.017692538
v 0.000340814498 -0.00162281201 0.0177295133
v 0.000439190975 -0.00144889951 0.0178204607
v 0.00044220651 -0.00142195763 0.0177681167
v 0.000761822448 -0.00088787626 0.0181425363
v 0.000340129191 -0.00163143827 0.0177477971
v 0.000304683985 -0.00169610686 0.0177201498
v 0.000288044714 -0.00172822666 0.0177116655
v 0.000293838384 -0.00174692413 0.0178232715
v 0.000304789748 -0.00169477612 0.0177173298
v 0.00028862711 -0.00169424387 0.0176484529
v 0.000304740301 -0.00166650908 0.0176625084
v 0.000256698491 -0.00171512587 0.0176368486
v -0 -0.00182085484 0.0175435599
v -0 -0.00194754987 0.0177304056
v 0.000256298605 -0.00168779597 0.0175846275
v 0.00028978099 -0.00162691355 0.0175232161
v -0 -0.0017397101 0.0172799993
v 0.000289152755 -0.00166357309 0.0175914038
v -0 -0.00170291611 0.0169976354
v 0.000304785965 -0.00160055072 0.0175352674
v 0.000303865119 -0.00163624145 0.0176003575
v 0.000696238712 -0.000912806834 0.0178497359
v 0.00059560698 -0.00108960667 0.0177688934
v 0.0005959103 -0.00111322536 0.0178157985
v 0.000835528481 -0.000636874291 0.0179738868
v 0.00102488126 4.91690989E-05 0.0178465638
v 0.000620775449 -0.00107817852 0.0178615153
v 0.000594971702 -0.0011244762 0.0178394001
v 0.000761822448 -0.00088787626 0.0181425363
v 0.000618267921 -0.00110160233 0.0179076474
v 0.000858915155 -0.000269434269 0.018091647
v 0.00107621634 -0.000332391879 0.019304391
v 0.000885531364 -0.000669145142 0.0182718206
v 0.000747243816 -0.00093991129 0.0182330254
v 0.000935477612 -0.000672221475 0.0187390484
v 0.000803102099 -0.0010412574 0.0185638871
v 0.000684297353 -0.00110984058 0.0183256269
v 0.000645862776 -0.00113125914 0.0181931537
v 0.000642351632 -0.00115355803 0.0182734523
v 0.000646616798 -0.00116566243 0.0183058679
v 0.000691109453 -0.0011332765 0.0183841195
v 0.000651944662 -0.00119282352 0.0183660835
v 0.000658301986 -0.00121469691 0.0184206776
v 0.000618986203 -0.00127372402 0.0184013452
v 0.000488954713 -0.00145725172 0.0182869826
v 0.000486139761 -0.00147173298 0.0183336604
v 0.000487897807 -0.0014791257 0.018350957
v 0.000467410748 -0.0015098803 0.0183408763
v 0.000446253252 -0.00154896837 0.0183281545
v 0.000361551472 -0.00172549661 0.0183816794
v 0.000368766632 -0.00167951372 0.0182158351
v 0.000310234667 -0.00175061368 0.0181953255
v 0.000236049324 -0.00181151391 0.0182512831
v 0.000306780159 -0.00176107371 0.0182708949
v -0 -0.00212826394 0.0182927586
v -0 -0.00197088881 0.0180991422
v 0.000190514998 -0.00184783782 0.0181609895
v 0.000247900985 -0.00180227065 0.0181759186
v 0.000195295434 -0.00184359576 0.0180819388
v -0 -0.00197588536 0.0178270657
v 0.000283164612 -0.00177070347 0.0179446302
v 0.000265723735 -0.00180226623 0.0180955268
v 0.000806545955 -0.00106377609 0.0186633561
v 0.000933408621 -0.000810377998 0.0188175738
v 0.000864815898 -0.00114822935 0.0193829499
v 0.00101253542 -0.000761587522 0.0195342619
v 0.00104871998 -0.000617059763 0.0196204744
v 0.000803310249 -0.00111877173 0.0189208686
v 0.000760986411 -0.0012121608 0.0189796928
v 0.0007592779 -0.00119976478 0.0189062115
v 0.000709895277 -0.00145532982 0.0192866102
v 0.000801479211 -0.00110549061 0.0188421384
v 0.000716913724 -0.00129285897 0.0189632904
v 0.000805141637 -0.00107441423 0.0187291466
v 0.000755971065 -0.00116889866 0.0187317338
v 0.000759368995 -0.0011822246 0.0188247226
v 0.000750718231 -0.00116229209 0.0187006015
v 0.000750138075 -0.00115885492 0.0186753739
v 0.000702756341 -0.00123521418 0.018657716
v 0.000545804098 -0.00148597627 0.0185819753
v 0.000550572702 -0.00149259134 0.0186061561
v 0.000711536035 -0.00125428301 0.0187340714
v 0.000570914708 -0.00152673107 0.0187519621
v 0.000619551807 -0.00143817079 0.0187723897
v 0.000670302776 -0.00134604448 0.0187950321
v 0.000712209614 -0.00126783457 0.0188036989
v 0.000671930087 -0.00135785074 0.0188650191
v 0.00062094687 -0.00145489874 0.0188633893
v 0.000715123781 -0.00127987214 0.0188863054
v 0.000614422082 -0.00154117832 0.0190756731
v 0.000559302047 -0.0017646004 0.0191859696
v 0.000571358716 -0.00156405091 0.018931061
v 0.000570057076 -0.00154843822 0.01884613
v 0.00052043813 -0.00165721797 0.0189117789
v 0.00038026346 -0.00196382822 0.0188655853
v 0.000375796633 -0.0020101415 0.0188930221
v 0.000223299518 -0.00222711731 0.018949233
v 0.000460116367 -0.00195314409 0.0191328377
v 0.000306954462 -0.00215283013 0.0190897025
v -0 -0.0021938202 0.0186473262
v -0 -0.00240096753 0.0189736821
v -0 -0.00240808888 0.0190709215
v 0.000418330834 -0.00182631752 0.0187899619
v 0.000364028208 -0.00193410448 0.0187727083
v 0.000469217892 -0.00173079618 0.0187978931
v 0.000519074616 -0.00164086162 0.018822806
v 0.000417317322 -0.00181964098 0.0187495481
v 0.000468435755 -0.00172141381 0.0187468585
v 0.000409610773 -0.00180352293 0.0186905395
v 0.000464470533 -0.00171358138 0.0187173821
v 0.000496676716 -0.00158112554 0.0185801201
v 0.000514462823 -0.00162417127 0.0187275317
v 0.000327937509 -0.00185831031 0.0184985939
v 0.000352762145 -0.00190078584 0.0186705273
v 0.000324993569 -0.00185378711 0.0184833258
v 0.000325000641 -0.00183653028 0.0184578206
v 0.000493279309 -0.00157474366 0.0185607802
v 0.000324754976 -0.00185420015 0.0184832439
v 0.000806545955 -0.00106377609 0.0186633561
v 0.000241431771 -0.00192802667 0.0184671413
v 0.000343038031 -0.00188053737 0.0184158199
v 0.000841470726 -0.001085283 0.0186271835
v 0.000388613757 -0.00178996986 0.0184004176
v 0.000841517875 -0.00108357065 0.0185886864
v -0 -0.0021900353 0.0183502492
v -0 -0.00216675806 0.0183869693
v 0.000240462468 -0.00193852023 0.0185310449
v -0 -0.0021938202 0.0186473262
v 0.000177712398 -0.00203958829 0.0186485723
v 0.000254096056 -0.00197431794 0.0186520349
v 0.000189871003 -0.00205507502 0.0187044106
v 0.000368766632 -0.00167951372 0.0182158351
v 0.000412678346 -0.00159664289 0.0182331502
v 0.000414026232 -0.00158970966 0.0182108022
v 0.000370576076 -0.0016673815 0.0181711148
v 0.000371878094 -0.00165865209 0.0181389395
v 0.000416383758 -0.00157758093 0.018171709
v 0.000463346048 -0.00146394293 0.0180598777
v 0.000453800894 -0.00150723197 0.0181878414
v 0.000334099372 -0.00169995031 0.0179676972
v 0.000330209092 -0.00173566572 0.0181140415
v 0.00061232585 -0.00125080848 0.0183441509
v 0.000573448953 -0.00130693044 0.0183213558
v 0.000618986203 -0.00127372402 0.0184013452
v 0.000530557823 -0.00137118413 0.0182640199
v 0.000527858268 -0.00138507318 0.0183087867
v 0.000571069948 -0.00129874633 0.01830093
v 0.000532026519 -0.00136362866 0.0182396658
v 0.000572920428 -0.00128895428 0.0182688236
v 0.000613163458 -0.00119145901 0.0181723889
v 0.000605238194 -0.00122814777 0.0182825271
v 0.000501182221 -0.00139434659 0.0180842225
v 0.000495072512 -0.00143159449 0.0182158481
v 0.000334099372 -0.00169995031 0.0179676972
v 0.000463346048 -0.00146394293 0.0180598777
v 0.000747243816 -0.00093991129 0.0182330254
v 0.000299337495 -0.00176045299 0.0179274082
v 0.000283164612 -0.00177070347 0.0179446302
v -0 -0.00197588536 0.0178270657
v 0.000501182221 -0.00139434659 0.0180842225
v 0.000613163458 -0.00119145901 0.0181723889
v 0.000645862776 -0.00113125914 0.0181931537
v 0.000190060309 -0.00206811121 0.0187361576
v 0.000189871003 -0.00205507502 0.0187044106
v -0 -0.0021938202 0.0186473262
v 0.000302011817 -0.00204561162 0.018847065
v 0.000273592043 -0.00200483389 0.018754784
v 0.000375796633 -0.0020101415 0.0188930221
v 0.000223299518 -0.00222711731 0.018949233
v 0.000841517875 -0.00108357065 0.0185886864
v 0.000841470726 -0.001085283 0.0186271835
v 0.000803102099 -0.0010412574 0.0185638871
v 0.000806545955 -0.00106377609 0.0186633561
v 0.000784007018 -0.000956389122 0.0181840397
v 0.000795314729 -0.000926715089 0.0181539822
v 0.000311858923 -0.00181105395 0.0178252198
v 0.000323560787 -0.00180313131 0.0178687666
v 0.000747243816 -0.00093991129 0.0182330254
v -0 -0.00199566828 0.0177394021
v 0.000299337495 -0.00176045299 0.0179274082
v -0 -0.00200888189 0.0177732836
v -0 -0.00197588536 0.0178270657
v 0.000343038031 -0.00188053737 0.0184158199
v -0 -0.00218307227 0.0183128864
v -0 -0.0021900353 0.0183502492
v 0.000388613757 -0.00178996986 0.0184004176
v -0 -0.00212826394 0.0182927586
v 0.000361551472 -0.00172549661 0.0183816794
v 0.000841517875 -0.00108357065 0.0185886864
v 0.000803102099 -0.0010412574 0.0185638871
v 0.000795314729 -0.000926715089 0.0181539822
v 0.000761822448 -0.00088787626 0.0181425363
v 0.000293838384 -0.00174692413 0.0178232715
v 0.000311858923 -0.00181105395 0.0178252198
v -0 -0.00194754987 0.0177304056
v -0 -0.00199566828 0.0177394021
v -0 -0.00218307227 0.0183128864
v -0 -0.00212826394 0.0182927586
v -0 -0.00216675806 0.0183869693
v -0 -0.0021900353 0.0183502492
v -0 -0.00199566828 0.0177394021
v -0 -0.00194754987 0.0177304056
v -0 -0.00197588536 0.0178270657
v -0 -0.00200888189 0.0177732836
v 0.00111724436 -1.3813823E-05 0.0192492604
v 0.00104511459 -0.000263257389 0.0187225621
v 0.000909603725 -0.000475109147 0.0190424714
v 0.000929691945 -0.000304466841 0.0195425265
v 0.00111724436 -1.3813823E-05 0.0192492604
v 0.00115081191 0.000321379979 0.0196357351
v 0.00101413741 0.000693405862 0.019127233
v 0.00100053416 0.000561578316 0.0189346243
v 0.00107574544 0.00131588557 0.0197711997
v 0.00104814582 0.00102297775 0.0196087472
v 0.00120885007 0.00093329628 0.0200135279
v 0.00115081191 0.000321379979 0.0196357351
v 0.000929691945 -0.000304466841 0.0195425265
v 0.000973430753 0.000137776879 0.0199969187
v 0.00115081191 0.000321379979 0.0196357351
v 0.00111724436 -1.3813823E-05 0.0192492604
v 0.00111967255 0.000295655656 0.0189860296
v 0.00118459912 0.000599342107 0.0192445796
v 0.00106717425 0.000837158237 0.0188111346
v 0.00103902724 0.000713010144 0.018677894
v 0.00118300377 0.00139256951 0.0192339756
v 0.00113754184 0.00114753004 0.0191442259
v 0.0012820448 0.00111571257 0.0194619242
v 0.00118459912 0.000599342107 0.0192445796
v 0.000974607305 0.000114758834 0.0192580521
v 0.00105669803 0.000508991536 0.0195560399
v 0.00118459912 0.000599342107 0.0192445796
v 0.00111967255 0.000295655656 0.0189860296
v 0.00116679398 0.000374869705 0.0188590623
v 0.00124814594 0.000632582116 0.0189770181
v 0.00117149297 0.00071987015 0.0186248794
v 0.00113626989 0.000609027455 0.0185573883
v 0.00131670712 0.00118123333 0.01880561
v 0.00125955045 0.000996976276 0.0187935997
v 0.00137060613 0.00102648803 0.019022068
v 0.00124814594 0.000632582116 0.0189770181
v 0.00105377729 0.000318448845 0.0190872625
v 0.00115669752 0.000645498454 0.0192140453
v 0.00124814594 0.000632582116 0.0189770181
v 0.00116679398 0.000374869705 0.0188590623
v 0.000761822448 -0.00088787626 0.0181425363
v 0.000784007018 -0.000956389122 0.0181840397
v 0.000747243816 -0.00093991129 0.0182330254
v 0.000795314729 -0.000926715089 0.0181539822
v 0.00100990036 -6.22507514E-06 0.0192531794
v 0.000916170888 0.000675742165 0.0191392805
v 0.00104407046 0.000328344962 0.0196370203
v 0.000902905769 0.000553478487 0.0189560261
v 0.000981003512 0.00130153925 0.0198005885
v 0.001100266 0.000939464313 0.0200186186
v 0.000953516632 0.00101120304 0.0196391884
v 0.00104407046 0.000328344962 0.0196370203
v 0.000839943998 -0.000263887196 0.0195234921
v 0.00104407046 0.000328344962 0.0196370203
v 0.000882668246 0.00016879465 0.0199681111
v 0.00100990036 -6.22507514E-06 0.0192531794
v 0.00101358315 0.000311599928 0.0189953316
v 0.00096940354 0.00082871085 0.0188317299
v 0.00107888086 0.000614237157 0.019251341
v 0.000942869985 0.000715354166 0.018706236
v 0.00108989747 0.00138972246 0.0192709714
v 0.001174715 0.00113051967 0.0194726717
v 0.00104478607 0.00114736683 0.0191818606
v 0.00107888086 0.000614237157 0.019251341
v 0.000886475202 0.00015855387 0.0192386005
v 0.00107888086 0.000614237157 0.019251341
v 0.00096624915 0.000541984744 0.0195284672
v 0.00101358315 0.000311599928 0.0189953316
v 0.00096624915 0.000541984744 0.0195284672
v 0.00107888086 0.000614237157 0.019251341
v 0.00106504268 0.00104794896 0.0197026171
v 0.001174715 0.00113051967 0.0194726717
v 0.00127838831 0.00174056913 0.0198037699
v 0.00106387073 0.000406159292 0.0188639052
v 0.00107432157 0.000730062253 0.0186474286
v 0.00114536227 0.000662113482 0.0189797189
v 0.00104231446 0.00063145411 0.0185843017
v 0.00150597515 0.00200847723 0.0194021482
v 0.00145423936 0.00178824284 0.0192749202
v 0.00143397984 0.00180534413 0.0192391686
v 0.00140091148 0.00154025375 0.0191310458
v 0.00136175507 0.00159222505 0.0190698337
v 0.00122549618 0.00120076037 0.0188422836
v 0.00126637274 0.00105725939 0.0190286245
v 0.00116903754 0.00101919135 0.0188301224
v 0.00114536227 0.000662113482 0.0189797189
v 0.000970883353 0.000365882181 0.0190565642
v 0.00114536227 0.000662113482 0.0189797189
v 0.0010698738 0.000680672529 0.0191786289
v 0.00106387073 0.000406159292 0.0188639052
v 0.0010698738 0.000680672529 0.0191786289
v 0.00114536227 0.000662113482 0.0189797189
v 0.0011920582 0.00105653587 0.0191918425
v 0.00126637274 0.00105725939 0.0190286245
v 0.00140091148 0.00154025375 0.0191310458
v 0.00136567885 0.00157479814 0.0191894192
v 0.00145423936 0.00178824284 0.0192749202
v 0.00150597515 0.00200847723 0.0194021482
v 0.00140091148 0.00154025375 0.0191310458
v 0.00105597696 4.19188291E-05 0.0186078586
v 0.000945298525 5.8044523E-05 0.0186156798
v 0.000836720457 -2.53717135E-05 0.0188745279
v 0.000922044623 -7.50344261E-05 0.0188907683
v 0.00095535483 7.85167504E-05 0.0187008511
v 0.00085930049 5.85198104E-05 0.0187258404
v 0.000978065422 -0.000255554711 0.0187247209
v 0.00104511459 -0.000263257389 0.0187225621
v 0.00104511459 -0.000263257389 0.0187225621
v 0.000978065422 -0.000255554711 0.0187247209
v 0.000822022965 -0.000429054402 0.0190276764
v 0.000909603725 -0.000475109147 0.0190424714
v 0.000988252345 0.000116397066 0.0188696329
v 0.000908981718 0.000169955863 0.0188403428
v 0.000970883353 0.000365882181 0.0190565642
v 0.00105377729 0.000318448845 0.0190872625
v 0.00105377729 0.000318448845 0.0190872625
v 0.000970883353 0.000365882181 0.0190565642
v 0.0010698738 0.000680672529 0.0191786289
v 0.00115669752 0.000645498454 0.0192140453
v 0.000922044623 -7.50344261E-05 0.0188907683
v 0.000836720457 -2.53717135E-05 0.0188745279
v 0.000886475202 0.00015855387 0.0192386005
v 0.000974607305 0.000114758834 0.0192580521
v 0.00115669752 0.000645498454 0.0192140453
v 0.0010698738 0.000680672529 0.0191786289
v 0.0011920582 0.00105653587 0.0191918425
v 0.00127544475 0.00102820829 0.019241143
v 0.000974607305 0.000114758834 0.0192580521
v 0.000886475202 0.00015855387 0.0192386005
v 0.00096624915 0.000541984744 0.0195284672
v 0.00105669803 0.000508991536 0.0195560399
v 0.000909603725 -0.000475109147 0.0190424714
v 0.000822022965 -0.000429054402 0.0190276764
v 0.000839943998 -0.000263887196 0.0195234921
v 0.000929691945 -0.000304466841 0.0195425265
v 0.00127544475 0.00102820829 0.019241143
v 0.0011920582 0.00105653587 0.0191918425
v 0.00136567885 0.00157479814 0.0191894192
v 0.00143241778 0.0015351146 0.0192548148
v 0.00105669803 0.000508991536 0.0195560399
v 0.00096624915 0.000541984744 0.0195284672
v 0.00106504268 0.00104794896 0.0197026171
v 0.001151153 0.00101711904 0.0197452884
v 0.000929691945 -0.000304466841 0.0195425265
v 0.000839943998 -0.000263887196 0.0195234921
v 0.000882668246 0.00016879465 0.0199681111
v 0.000973430753 0.000137776879 0.0199969187
v 0.00143241778 0.0015351146 0.0192548148
v 0.00136567885 0.00157479814 0.0191894192
v 0.00150597515 0.00200847723 0.0194021482
v 0.00156852184 0.00196536956 0.0194722582
v 0.001151153 0.00101711904 0.0197452884
v 0.00106504268 0.00104794896 0.0197026171
v 0.00120498764 0.00174692762 0.0199124739
v 0.00127596571 0.00169872015 0.019966729
v 0.000973430753 0.000137776879 0.0199969187
v 0.000882668246 0.00016879465 0.0199681111
v 0.000945291424 0.000776036002 0.0202940144
v 0.00103064894 0.000744573888 0.0203377251
v 0.00127596571 0.00169872015 0.019966729
v 0.00120498764 0.00174692762 0.0199124739
v 0.00131963135 0.00224645901 0.0203427933
v 0.00138463313 0.00219780859 0.0204253644
v 0.00103064894 0.000744573888 0.0203377251
v 0.000945291424 0.000776036002 0.0202940144
v 0.00103668298 0.0016159782 0.0207026638
v 0.00110754184 0.00156465196 0.0207541436
v 0.00110754184 0.00156465196 0.0207541436
v 0.00103668298 0.0016159782 0.0207026638
v 0.00111161696 0.00217491435 0.0213333722
v 0.00116256194 0.0021091532 0.0214316845
v 0.00157488359 0.00199099933 0.0193598624
v 0.00150597515 0.00200847723 0.0194021482
v 0.00143397984 0.00180534413 0.0192391686
v 0.00151989877 0.00182089652 0.0191895105
v 0.00151989877 0.00182089652 0.0191895105
v 0.00143397984 0.00180534413 0.0192391686
v 0.00136175507 0.00159222505 0.0190698337
v 0.00144837797 0.00159729319 0.0190199744
v 0.00138944504 0.00227591838 0.0202878453
v 0.00131963135 0.00224645901 0.0203427933
v 0.00126192032 0.00207191217 0.0200353768
v 0.00134536414 0.00211117044 0.0199955571
v 0.00144837797 0.00159729319 0.0190199744
v 0.00136175507 0.00159222505 0.0190698337
v 0.00128594437 0.00137759873 0.0189366452
v 0.00137661293 0.00137096981 0.0188933089
v 0.00134536414 0.00211117044 0.0199955571
v 0.00126192032 0.00207191217 0.0200353768
v 0.00120266236 0.00184418494 0.019725794
v 0.00128814054 0.00187361182 0.0196828656
v 0.00117207877 0.00223389105 0.0212746821
v 0.00111161696 0.00217491435 0.0213333722
v 0.00107190222 0.00203068112 0.0209014341
v 0.00115452649 0.00208075764 0.0208739545
v 0.00137661293 0.00137096981 0.0188933089
v 0.00128594437 0.00137759873 0.0189366452
v 0.00122549618 0.00120076037 0.0188422836
v 0.00131670712 0.00118123333 0.01880561
v 0.00128814054 0.00187361182 0.0196828656
v 0.00120266236 0.00184418494 0.019725794
v 0.0011398627 0.00159888249 0.0194652453
v 0.00123081601 0.00161582278 0.0194254555
v 0.00115452649 0.00208075764 0.0208739545
v 0.00107190222 0.00203068112 0.0209014341
v 0.00104318454 0.00179842382 0.0204646848
v 0.00112874643 0.00183940656 0.0204328299
v 0.00131670712 0.00118123333 0.01880561
v 0.00122549618 0.00120076037 0.0188422836
v 0.00116903754 0.00101919135 0.0188301224
v 0.00125955045 0.000996976276 0.0187935997
v 0.00123081601 0.00161582278 0.0194254555
v 0.0011398627 0.00159888249 0.0194652453
v 0.00108989747 0.00138972246 0.0192709714
v 0.00118300377 0.00139256951 0.0192339756
v 0.00112874643 0.00183940656 0.0204328299
v 0.00104318454 0.00179842382 0.0204646848
v 0.00100868032 0.00153349945 0.0200873017
v 0.00110041618 0.00156203529 0.0200570859
v 0.00125955045 0.000996976276 0.0187935997
v 0.00116903754 0.00101919135 0.0188301224
v 0.00110483752 0.000820735469 0.018768331
v 0.00120071985 0.000809160469 0.0187404659
v 0.00118300377 0.00139256951 0.0192339756
v 0.00108989747 0.00138972246 0.0192709714
v 0.00104478607 0.00114736683 0.0191818606
v 0.00113754184 0.00114753004 0.0191442259
v 0.00110041618 0.00156203529 0.0200570859
v 0.00100868032 0.00153349945 0.0200873017
v 0.000981003512 0.00130153925 0.0198005885
v 0.00107574544 0.00131588557 0.0197711997
v 0.00120071985 0.000809160469 0.0187404659
v 0.00110483752 0.000820735469 0.018768331
v 0.00107432157 0.000730062253 0.0186474286
v 0.00117149297 0.00071987015 0.0186248794
v 0.00113754184 0.00114753004 0.0191442259
v 0.00104478607 0.00114736683 0.0191818606
v 0.000993969385 0.00090505759 0.0190250985
v 0.00109065976 0.000913539494 0.0189989675
v 0.00107574544 0.00131588557 0.0197711997
v 0.000981003512 0.00130153925 0.0198005885
v 0.000953516632 0.00101120304 0.0196391884
v 0.00104814582 0.00102297775 0.0196087472
v 0.00117149297 0.00071987015 0.0186248794
v 0.00107432157 0.000730062253 0.0186474286
v 0.00104231446 0.00063145411 0.0185843017
v 0.00113626989 0.000609027455 0.0185573883
v 0.00109065976 0.000913539494 0.0189989675
v 0.000993969385 0.00090505759 0.0190250985
v 0.00096940354 0.00082871085 0.0188317299
v 0.00106717425 0.000837158237 0.0188111346
v 0.00104814582 0.00102297775 0.0196087472
v 0.000953516632 0.00101120304 0.0196391884
v 0.000924819964 0.000736049318 0.0193963572
v 0.00102204864 0.000754523033 0.0193787757
v 0.00113626989 0.000609027455 0.0185573883
v 0.00104231446 0.00063145411 0.0185843017
v 0.000950669113 0.000326124486 0.0185904764
v 0.00104472123 0.000313127792 0.0185553208
v 0.00106717425 0.000837158237 0.0188111346
v 0.00096940354 0.00082871085 0.0188317299
v 0.000942869985 0.000715354166 0.018706236
v 0.00103902724 0.000713010144 0.018677894
v 0.00102204864 0.000754523033 0.0193787757
v 0.000924819964 0.000736049318 0.0193963572
v 0.000916170888 0.000675742165 0.0191392805
v 0.00101413741 0.000693405862 0.019127233
v 0.00104472123 0.000313127792 0.0185553208
v 0.000950669113 0.000326124486 0.0185904764
v 0.000979736215 0.000158864335 0.018650461
v 0.00108724844 0.000127232663 0.0186470691
v 0.00103902724 0.000713010144 0.018677894
v 0.000942869985 0.000715354166 0.018706236
v 0.000871161523 0.000303879322 0.0185900014
v 0.00096624787 0.000312853896 0.0185564049
v 0.00101413741 0.000693405862 0.019127233
v 0.000916170888 0.000675742165 0.0191392805
v 0.000902905769 0.000553478487 0.0189560261
v 0.00100053416 0.000561578316 0.0189346243
v 0.00108724844 0.000127232663 0.0186470691
v 0.000979736215 0.000158864335 0.018650461
v 0.000908981718 0.000169955863 0.0188403428
v 0.000988252345 0.000116397066 0.0188696329
v 0.00096624787 0.000312853896 0.0185564049
v 0.000871161523 0.000303879322 0.0185900014
v 0.000945298525 5.8044523E-05 0.0186156798
v 0.00105597696 4.19188291E-05 0.0186078586
v 0.00100053416 0.000561578316 0.0189346243
v 0.000902905769 0.000553478487 0.0189560261
v 0.00085930049 5.85198104E-05 0.0187258404
v 0.00095535483 7.85167504E-05 0.0187008511
v 0.000503641029 -0.00114648743 0.0178252552
v 0.000478161179 -0.00119487406 0.0178102255
v 0.000504325901 -0.00114260614 0.0178190749
v 0.000507575867 -0.00110572204 0.0177614558
v 0.000408135907 -0.00136231596 0.0178567767
v 0.000411014189 -0.00133659947 0.017806815
v 0.000698961143 -0.000876728562 0.0181916282
v 0.000376743119 -0.00141904561 0.0178309008
v 0.000278450025 -0.0015935516 0.0177421495
v 0.000277681334 -0.00160158437 0.0177582372
v 0.000242236143 -0.00166625297 0.01773059
v 0.000234808525 -0.00168300699 0.017731661
v 0.000238627326 -0.00171688141 0.0178768244
v 0.000242425129 -0.00166551583 0.017729966
v 0.000372766721 -0.00140514201 0.0177740529
v 0.000379758654 -0.00139210373 0.0177785568
v 0.000314668927 -0.00151035644 0.0177334528
v 0.000278631371 -0.00157514261 0.0177073441
v 0.000348973786 -0.00144657097 0.0177542176
v 0.000314615376 -0.0014799824 0.017674543
v 0.000349639682 -0.00142077508 0.0177071746
v 0.000235671454 -0.00164839788 0.0176685434
v 0.000242590671 -0.00163790432 0.0176773146
v 0.000221109018 -0.00165911368 0.0176591221
v -0 -0.00176653406 0.0175678823
v -0 -0.00188114727 0.0178425852
v 0.000220709117 -0.00163178379 0.0176068991
v 0.000240116264 -0.00157625391 0.0175394453
v -0 -0.00167979777 0.0172953941
v 0.000236197171 -0.00161772722 0.0176114924
v -0 -0.0016498866 0.0170098692
v 0.00024431225 -0.00156825094 0.0175499693
v 0.000241715607 -0.0016076368 0.0176151637
v 0.00023548938 -0.00153005309 0.0175106898
v 0.000674211362 -0.000835462706 0.0174759999
v 0.000270660239 -0.00146802701 0.0175388101
v 0.000377021846 -0.00129432173 0.0176316593
v 0.000383867096 -0.00132306712 0.0176620781
v 0.000408663473 -0.00124014285 0.0176578723
v 0.000280844222 -0.0015040678 0.0175793171
v 0.000280213804 -0.00154050358 0.0176470634
v 0.000380295329 -0.00136443647 0.0177270118
v 0.000507575867 -0.00110572204 0.0177614558
v 0.000416140188 -0.00126636657 0.0176880043
v 0.000504378055 -0.00108942145 0.0177445784
v 0.000531673722 -0.0010424488 0.0177670587
v 0.000445064943 -0.00125245587 0.0177825466
v 0.000414492621 -0.00130556838 0.0177568272
v 0.000477690541 -0.00119554263 0.01780954
v 0.000478161179 -0.00119487406 0.0178102255
v 0.000477906666 -0.00119612308 0.0178115703
v 0.000444595556 -0.00126165489 0.0177983474
v 0.00047538642 -0.00121569925 0.0178482104
v 0.000499242393 -0.00119223038 0.0179179814
v 0.000501694216 -0.00116932672 0.0178728774
v 0.000442475517 -0.00127925782 0.0178315043
v 0.000411014189 -0.00133659947 0.017806815
v 0.000634026946 -0.000880794076 0.0178578626
v 0.000535133295 -0.001057307 0.0177835952
v 0.000533545681 -0.00108396518 0.0178284347
v 0.000765689882 -0.000619271479 0.0179714002
v 0.000957738899 7.85577868E-05 0.0178503469
v 0.000558327592 -0.00104832463 0.0178719573
v 0.000532523845 -0.0010946223 0.0178498402
v 0.000555820065 -0.00107174844 0.0179180875
v 0.000528673583 -0.0011213189 0.017897021
v 0.000526333228 -0.00114318111 0.0179400742
v 0.000499242393 -0.00119223038 0.0179179814
v 0.000815679319 -0.000650880451 0.0182862934
v 0.00101107405 -0.000303521374 0.0193173718
v 0.000787596335 -0.000247789721 0.0180896036
v 0.000864672591 -0.000654951029 0.018743366
v 0.00068239402 -0.000901967054 0.0182135347
v 0.000720879063 -0.000920097751 0.0181614924
v 0.0002706573 -0.00174742879 0.017851023
v 0.000741367985 -0.00102617452 0.0186089035
v 0.000247135875 -0.00170737028 0.0179082993
v -0 -0.00187757961 0.0177448988
v -0 -0.00186354364 0.0177851394
v 0.000866215967 -0.000791783037 0.0188290998
v -0 -0.00191996782 0.0181158986
v 0.000884529203 -0.000887034577 0.0194372796
v 0.000742211298 -0.00104578689 0.0187426191
v 0.000943197054 -0.0006496071 0.0195202958
v 0.000488232297 -0.00116063619 0.0195031408
v 0.000982499449 -0.000576144143 0.0195982475
v 0.000590556068 -0.000757546572 0.0199487805
v -0 -0.00123104709 0.019925341
v -0 -0.00186172349 0.0193683412
v 0.000286161929 -0.00209494401 0.0190654472
v -0 -0.00229758583 0.0191035699
v -0 -0.00233476749 0.0189796407
v -0 -0.00214434671 0.0186669547
v 0.000286818395 -0.00209850841 0.0190266073
v 0.00031993739 -0.00198005931 0.0189274419
v 0.000734405592 -0.00132743525 0.0192894023
v 0.000509518897 -0.00153202238 0.0189381316
v 0.000508217257 -0.00151640968 0.0188532006
v 0.000559107051 -0.00142287009 0.0188704599
v 0.000458598312 -0.00162518944 0.0189188514
v 0.000655073905 -0.00126083044 0.018970361
v 0.000557711988 -0.00140614226 0.0187794603
v 0.000699146593 -0.00118013227 0.0189867653
v 0.000697438081 -0.00116773613 0.0189132821
v 0.000741470431 -0.00108674308 0.0189279411
v 0.000739639392 -0.00107346196 0.018849209
v 0.000299855776 -0.00191010966 0.0187957678
v 0.000356491015 -0.00179428898 0.0187970344
v 0.000356032542 -0.0017875972 0.0187614057
v 0.000407378073 -0.00169876765 0.0188049637
v 0.000457234826 -0.00160883309 0.0188298784
v 0.000407150976 -0.00168937014 0.0187587142
v 0.00034945886 -0.00177176634 0.0187070705
v 0.000404318591 -0.00168182468 0.0187339131
v 0.000694703835 -0.00113685953 0.0187437646
v 0.000697529176 -0.00115019595 0.0188317932
v 0.000690468471 -0.00112929218 0.0187144484
v 0.000689977605 -0.00112472544 0.01868614
v 0.000737901311 -0.00102578057 0.0186390392
v 0.000642523402 -0.00120198168 0.0186709203
v 0.000436401024 -0.00154811703 0.0185937956
v 0.000454310881 -0.00159241469 0.0187440626
v 0.000267661817 -0.00182530191 0.0185122695
v 0.000292610232 -0.00186902925 0.0186870582
v 0.000264833128 -0.00181965763 0.0184940919
v 0.000268816279 -0.00181204826 0.0184921678
v 0.000268543256 -0.0017866178 0.018434545
v 0.000433118868 -0.00154061418 0.0185715463
v 0.000279492553 -0.00182371237 0.0184025019
v 0.000775881403 -0.00105004723 0.0185994189
v 0.000864672591 -0.000654951029 0.018743366
v 0.000485643657 -0.00145184679 0.0185927413
v 0.000490339706 -0.00145935873 0.0186193604
v 0.000650309608 -0.00122202188 0.0187454559
v 0.00050968834 -0.00149447005 0.0187633447
v 0.000608462957 -0.00131401594 0.0188021027
v 0.000650369795 -0.00123580592 0.0188107695
v 0.000610090268 -0.0013258222 0.0188720897
v 0.000653283962 -0.00124784349 0.018893376
v 0.000737901311 -0.00102578057 0.0186390392
v 0.000864672591 -0.000654951029 0.018743366
v 0.000866215967 -0.000791783037 0.0188290998
v 0.000742211298 -0.00104578689 0.0187426191
v 0.000311072654 -0.00162639108 0.0181516651
v 0.000269403652 -0.00170340471 0.0181267671
v 0.000273293932 -0.0016676893 0.0179804228
v 0.000402540638 -0.00143168191 0.0180726033
v 0.000355578319 -0.00154531992 0.0181844346
v 0.000392995425 -0.00147497095 0.018200567
v 0.000352409261 -0.00155767531 0.0182202235
v 0.000308959075 -0.00163534714 0.0181805361
v 0.000307149661 -0.00164747937 0.0182252564
v 0.000351061375 -0.00156460842 0.0182425715
v 0.000440376753 -0.00136208558 0.018096948
v 0.000385447813 -0.00151670736 0.0183408801
v 0.000389523862 -0.00149573991 0.0182732977
v 0.000242113136 -0.00171400502 0.0179448854
v 0.000303089619 -0.00168668746 0.0184222832
v 0.000274948688 -0.00170911127 0.0181961562
v 0.000261442707 -0.00170473405 0.0182709023
v -0 -0.00206347182 0.0184160676
v 0.000183050448 -0.00175192754 0.0182565898
v 0.000406605308 -0.00147761928 0.0183536019
v 0.000427092367 -0.00144686468 0.0183636826
v 0.000425334292 -0.00143947196 0.018346386
v 0.000428149273 -0.00142499071 0.0182997081
v 0.000467052829 -0.00135281216 0.0183215123
v 0.000136450763 -0.00178123079 0.018087035
v 0.000211584207 -0.00173435581 0.0180938561
v 0.000122833197 -0.00178913958 0.0181585066
v 0.000198228285 -0.00174342224 0.0181779154
v 0.000558180735 -0.001241463 0.0184140708
v 0.000468940911 -0.00133914978 0.0182734411
v 0.000597496517 -0.0011824359 0.0184334032
v 0.000591139193 -0.0011605625 0.0183788091
v 0.000630303985 -0.00110101548 0.0183968451
v 0.000623491942 -0.00107757957 0.0183383524
v 0.000585057365 -0.00109899812 0.0182058793
v 0.000581546163 -0.00112129701 0.0182861779
v 0.000585811329 -0.00113340141 0.0183185935
v 0.000552358048 -0.001159198 0.0181851145
v 0.000470409577 -0.00133159431 0.018249087
v 0.000434267073 -0.00139933347 0.0182285737
v 0.000511303486 -0.00125691993 0.0182782449
v 0.000544432783 -0.00119588675 0.0182952527
v 0.000509453006 -0.00126671197 0.0183103513
v 0.000468940911 -0.00133914978 0.0182734411
v 0.000512643543 -0.00127466943 0.0183340814
v 0.000468940911 -0.00133914978 0.0182734411
v 0.000512643543 -0.00127466943 0.0183340814
v 0.000558180735 -0.001241463 0.0184140708
v 0.000551520381 -0.00121854746 0.0183568764
v 0.000299855776 -0.00191010966 0.0187957678
v 0.000884529203 -0.000887034577 0.0194372796
v 0.000734405592 -0.00132743525 0.0192894023
v 0.000330611656 -0.00194048672 0.0189057272
v 0.00031993739 -0.00198005931 0.0189274419
v 0.000257001171 -0.00200449722 0.0188887957
v -0 -0.00214434671 0.0186669547
v 0.000286818395 -0.00209850841 0.0190266073
v 0.000136157119 -0.00202616979 0.0187711399
v 0.000230057296 -0.00196289085 0.0187900774
v 0.000125833976 -0.00200754358 0.0187307801
v 0.000775881403 -0.00105004723 0.0185994189
v 0.000279492553 -0.00182371237 0.0184025019
v 0.000333846954 -0.00175955892 0.0184478499
v 0.000774153916 -0.00106787274 0.0186290946
v 0.000279492553 -0.00182371237 0.0184025019
v -0 -0.00199456513 0.0183499865
v -0 -0.00210257876 0.0184400585
v 0.000333846954 -0.00175955892 0.0184478499
v 0.0002706573 -0.00174742879 0.017851023
v -0 -0.00187757961 0.0177448988
v -0 -0.00188767666 0.0178502426
v 0.000253223814 -0.00177479233 0.0178773254
v 0.000720879063 -0.000920097751 0.0181614924
v 0.000725832419 -0.000914695673 0.0181990843
v 0.000815679319 -0.000650880451 0.0182862934
v 0.000774153916 -0.00106787274 0.0186290946
v 0.000303089619 -0.00168668746 0.0184222832
v 0.000741367985 -0.00102617452 0.0186089035
v 0.000333846954 -0.00175955892 0.0184478499
v -0 -0.00206347182 0.0184160676
v -0 -0.00210257876 0.0184400585
v -0 -0.00199456513 0.0183499865
v 0.000279492553 -0.00182371237 0.0184025019
v 0.000268543256 -0.0017866178 0.018434545
v -0 -0.00202461891 0.0183211211
v -0 -0.00210257876 0.0184400585
v -0 -0.00199456513 0.0183499865
v -0 -0.00202461891 0.0183211211
v -0 -0.00206347182 0.0184160676
v -0 -0.00212826394 0.0182927586
v -0 -0.00216675806 0.0183869693
v -0 -0.00188767666 0.0178502426
v -0 -0.00187757961 0.0177448988
v -0 -0.00186354364 0.0177851394
v -0 -0.00188114727 0.0178425852
v -0 -0.00194754987 0.0177304056
v -0 -0.00197588536 0.0178270657
v -0 -0.00182085484 0.0175435599
v -0 -0.00191996782 0.0181158986
v -0 -0.00176653406 0.0175678823
v -0 -0.00197088881 0.0180991422
v -0 -0.00206347182 0.0184160676
v -0 -0.00212826394 0.0182927586
v -0 -0.0017397101 0.0172799993
v -0 -0.00167979777 0.0172953941
v -0 -0.00170291611 0.0169976354
v -0 -0.0016498866 0.0170098692
v 0.000253223814 -0.00177479233 0.0178773254
v -0 -0.00188767666 0.0178502426
v -0 -0.00188114727 0.0178425852
v 0.000238627326 -0.00171688141 0.0178768244
v 0.000725832419 -0.000914695673 0.0181990843
v 0.000698961143 -0.000876728562 0.0181916282
v 0.000815679319 -0.000650880451 0.0182862934
v 0.000738468894 -0.000864068861 0.0174672194
v -0 -0.0016498866 0.0170098692
v -0 -0.00170291611 0.0169976354
v 0.000674211362 -0.000835462706 0.0174759999
v 0.00102488126 4.91690989E-05 0.0178465638
v 0.000957738899 7.85577868E-05 0.0178503469
v 0.00107621634 -0.000332391879 0.019304391
v 0.000957738899 7.85577868E-05 0.0178503469
v 0.00102488126 4.91690989E-05 0.0178465638
v 0.00101107405 -0.000303521374 0.0193173718
v 0.00104871998 -0.000617059763 0.0196204744
v 0.000982499449 -0.000576144143 0.0195982475
v 0.000630676805 -0.000800903712 0.0199863389
v 0.000590556068 -0.000757546572 0.0199487805
v 0.000545804098 -0.00148597627 0.0185819753
v 0.000485643657 -0.00145184679 0.0185927413
v 0.000490339706 -0.00145935873 0.0186193604
v 0.000550572702 -0.00149259134 0.0186061561
v -0 -0.00127440423 0.0199628975
v -0 -0.00123104709 0.019925341
v 0.000590556068 -0.000757546572 0.0199487805
v 0.000630676805 -0.000800903712 0.0199863389
v -0 -0.00216675806 0.0183869693
v -0 -0.00202461891 0.0183211211
v -0 -0.00214434671 0.0186669547
v -0 -0.0021938202 0.0186473262
v -0 -0.00233476749 0.0189796407
v -0 -0.00240096753 0.0189736821
v -0 -0.00229758583 0.0191035699
v -0 -0.00240808888 0.0190709215
v -0 -0.00186172349 0.0193683412
v -0 -0.00190846703 0.0193765722
v -0 -0.00123104709 0.019925341
v -0 -0.00127440423 0.0199628975
v 0.000304683985 -0.00169610686 0.0177201498
v 0.000242236143 -0.00166625297 0.01773059
v 0.000242425129 -0.00166551583 0.017729966
v 0.000304789748 -0.00169477612 0.0177173298
v 0.000590556068 -0.000757546572 0.0199487805
v 0.000630676805 -0.000800903712 0.0199863389
v 0.000212034574 -0.000645715569 0.0202820506
v 0.000199461909 -0.000636707176 0.0202068686
v -0.000136361079 0.00121227256 0.0189014375
v -0.000132902482 0.00113651587 0.0189090185
v -0.000404941064 0.00102883053 0.0189239308
v -0.000436941074 0.00113067997 0.0189118329
v -0.000728862593 0.000724557671 0.0189705007
v -0.000786754827 0.000802085095 0.0189621281
v -0.00094353687 0.000358289166 0.0190283749
v -0.00100917125 0.000422142795 0.019022163
v -0.00107760774 5.72824465E-05 0.0190813113
v -0.000984844519 -0.000148202162 0.0191150364
v -0.00105927954 -0.000307659357 0.0191413686
v -0.000932835741 -0.000630726805 0.0191907361
v -0.000989392982 -0.000655948534 0.0191962309
v -0.000716537994 -0.00111189182 0.0192930251
v -0.000656678865 -0.0010652265 0.0192932952
v -0.00042093161 -0.00128955441 0.0193949509
v -0.00041277337 -0.00127341889 0.019379925
v -0.000306652801 -0.00131463807 0.0194773618
v -0.000153129789 0.00120422954 0.0191456825
v -0 0.00113871961 0.018910002
v -0.000132902482 0.00113651587 0.0189090185
v -0 0.00117901457 0.0191551093
v -0 0.000973582268 0.0196764246
v -0.000266635034 0.00102620211 0.0197692774
v -0.00041277337 -0.00127341889 0.019379925
v -0.000367737404 -0.0013196395 0.0194702409
v -0.000306652801 -0.00131463807 0.0194773618
v -0.000300453888 -0.00131814624 0.0195681825
v -0.000192936597 -0.00124372344 0.0197862592
v -0.000304680376 -0.00140232302 0.0190494303
v -0.00042093161 -0.00128955441 0.0193949509
v -0.000422886311 -0.00136354135 0.0190415289
v -0.000716537994 -0.00111189182 0.0192930251
v -0.000722402474 -0.00116745301 0.0190349817
v -0.000186469173 -0.00144118501 0.0190568734
v -0.000989392982 -0.000655948534 0.0191962309
v 2.92687491E-05 -0.00142431702 0.0195101202
v -0 -0.00159872463 0.0190730207
v -0 -0.00130118476 0.0197313
v -0 -0.000702055811 0.0202381574
v -0.000165479112 -0.00077069056 0.020167483
v -0.000300453888 -0.00131814624 0.0195681825
v -0 -0.000687875145 0.0202603377
v -0.0001674878 -0.000780421193 0.0201172475
v -0.000156402399 -0.000668708293 0.0202531125
v -0.000159953619 -0.000209455204 0.0205576885
v -0.000866683549 -0.000634588418 0.0189343225
v -0.000860287808 -0.000635443022 0.0189280622
v -0.000669500267 -0.00110558374 0.0190309025
v -0.00105927954 -0.000307659357 0.0191413686
v -0.000422886311 -0.00136354135 0.0190415289
v -0.000973666494 -0.000282018795 0.0188629739
v -0.00107760774 5.72824465E-05 0.0190813113
v -0.00103205524 -0.000154022593 0.0179111883
v -0.0008888304 -0.00068060786 0.0184493139
v -0.000763121992 -0.000658973586 0.0182064902
v -0.000983270118 -0.000174916553 0.0179074816
v -0.00102508301 -2.05179113E-05 0.0188103002
v -0.00129829533 -0.000134987698 0.0173941161
v -0.00121434324 -0.000151155487 0.0173960868
v -0.00123642199 0.000448248291 0.0176802054
v -0.00100675726 0.000354662305 0.018726578
v -0.00100917125 0.000422142795 0.019022163
v -0.00118398294 0.000363026251 0.0179808605
v -0.00102140696 0.000976046314 0.0177904796
v -0.00110714999 0.000279009342 0.0183615033
v -0.000728719227 0.000816962041 0.0188317597
v -0.000786754827 0.000802085095 0.0189621281
v -0.000436941074 0.00113067997 0.0189118329
v -0.000959248457 0.000887902337 0.0179880895
v -0.000381139282 0.00131817139 0.0178455636
v -0.00072304334 0.000782796938 0.0186623968
v -0.000404797553 0.0011212352 0.0187851842
v -0.000136361079 0.00121227256 0.0189014375
v -0.0008705582 0.000742903561 0.0183653776
v -0.000411323475 0.00111959025 0.0180575065
v -0 0.00139728631 0.0178607348
v -0.000424513128 0.000984710758 0.0184358582
v -0.000128910702 0.00119779806 0.0187730026
v -0 0.00124250585 0.0188978259
v -0 0.00122859457 0.018769281
v -0.000399121811 0.00106037466 0.0186449401
v -0.000121842582 0.00114033872 0.0186346881
v -0 0.00116994791 0.0186311025
v 5.06985562E-05 0.00118706422 0.0184558015
v -9.83533973E-05 0.00115613418 0.018454928
v -0.000109989007 0.00120786799 0.0180634335
v -0 0.00143453968 0.0178671982
v 3.21735824E-05 0.0012388035 0.0180645753
v 3.07394912E-05 0.001099749 0.0180419795
v -0 0.00129911152 0.0178454332
v -0 0.00126463361 0.017839117
v -0.000101925769 0.00107113982 0.0180409532
v 0.000231902042 0.000928975642 0.0184066202
v -0.000322955602 0.00117485109 0.0178680215
v -0 0.00139728631 0.0178607348
v -0.000381139282 0.00131817139 0.0178455636
v -0.000921837986 0.000943375519 0.0177671146
v -0.00102140696 0.000976046314 0.0177904796
v -0.000365795626 0.000993459951 0.0180347078
v 9.36710057E-05 0.000900367624 0.0184058081
v -0.00115604606 0.000428890868 0.0176881831
v -0.00123642199 0.000448248291 0.0176802054
v -0.000111760346 0.000951053924 0.0186441708
v -0 0.000978447031 0.0186408721
v -0.000114740913 0.00098524557 0.0188135616
v -0 0.00101264741 0.0188102685
v -0.000360288803 0.000823196664 0.0184076838
v -0.000864023692 0.000888157752 0.0179790594
v -0.000776858476 0.000748393359 0.0183588993
v -0.00121434324 -0.000151155487 0.0173960868
v -0.00129829533 -0.000134987698 0.0173941161
v -0.0010992476 0.000318600854 0.017963009
v -0.000983270118 -0.000174916553 0.0179074816
v -0.00103378901 0.000178899558 0.0183437914
v -0.000116111521 0.00100625493 0.0189336836
v -0 0.00103365642 0.0189303923
v -0.000203393996 0.00104566896 0.019153446
v -0 0.00104758563 0.0191552117
v -0.000367965986 0.000877119426 0.0186536573
v -0.000375012372 0.000932295166 0.0189431515
v -0.000373641698 0.00091128482 0.018823022
v -0.000675456366 0.000737487222 0.0189720038
v -0.000763279211 -0.000243618982 0.0183936171
v -0.000831774028 -0.000721122255 0.0181955416
v -0.000976316922 -0.000680861005 0.0184406452
v -0.000935139309 -0.000204813943 0.0187705643
v -0.000866038783 0.000263637514 0.018749157
v -0.000537461718 0.000850664335 0.0191819873
v -0.00093764643 -0.000169556268 0.0189945139
v -0.0003516367 0.000683464343 0.0186996963
v -0.000373641698 0.00091128482 0.018823022
v -0.000871714612 0.000297803083 0.0189185254
v -0.000357312703 0.000717629329 0.0188690629
v -0.000873085344 0.000318812585 0.0190386474
v -0.00093901722 -0.00014854678 0.0191146415
v -0.00079183589 0.000580332999 0.0192237105
v -0.0008888304 -0.00068060786 0.0184493139
v -0.000763121992 -0.000658973586 0.0182064902
v -0.000831774028 -0.000721122255 0.0181955416
v -0.000926060486 0.000115938485 0.0192985106
v -0.000587211805 0.00045518516 0.0196645465
v -0.000685636536 0.000113487484 0.0197118614
v -0.000401369995 0.000717739807 0.019629322
v -0.000184707445 0.000211067716 0.0200228784
v -0.000156403665 0.000861179491 0.0196115542
v -0 0.000862608547 0.0196129289
v -0 0.000307661772 0.020011114
v -0.000180267816 -0.00020067954 0.020081155
v -0 -0.000284988782 0.0200950019
v -0.000921159051 -0.000337063218 0.0193728767
v -0.000446797087 -0.000212605839 0.0197666846
v -0.000251130783 6.39965765E-06 0.0200511478
v -0.000232084058 -0.000105850486 0.0200672168
v -0.00057668332 -0.000521274225 0.0198027585
v -0.000385478983 -0.000756047491 0.0198379308
v -0.000863211579 -0.000593733159 0.0191884581
v -0.000777380017 -0.000755732646 0.0194430426
v -0.000656983699 -0.000969795394 0.0192522742
v -0.00035257946 -0.0011409974 0.0192835052
v -0.000516628905 -0.00107473473 0.0194980688
v -0.00013761055 -0.000869727402 0.0199183952
v -0 -0.000884435431 0.019853916
v -0 -0.00130185834 0.0193155874
v -0.000179452705 -0.00116702518 0.0195166897
v -0.000386805448 -0.00129285257 0.0190280285
v -0.000304680376 -0.00140232302 0.0190494303
v -0.000187296449 -0.0013627779 0.0190417282
v -0 -0.00136017345 0.019046763
v -0.000287053466 -0.00132777565 0.0190351047
v -0.000186469173 -0.00144118501 0.0190568734
v -0 -0.00136017345 0.019046763
v -0 -0.00159872463 0.0190730207
v -0.000153129789 0.00120422954 0.0191456825
v -0.000404941064 0.00102883053 0.0189239308
v -0.000132902482 0.00113651587 0.0189090185
v -0.00058063207 0.000940546684 0.0191822387
v -0.000728862593 0.000724557671 0.0189705007
v -0.000266635034 0.00102620211 0.0197692774
v -0.000855664723 0.000641126826 0.0192285217
v -0.00094353687 0.000358289166 0.0190283749
v -0.000530634075 0.000795419735 0.0197111368
v -0.000183556534 0.000354191841 0.0201533549
v -0.000731624372 0.000523496128 0.019809369
v -0.00100083055 0.000138878167 0.0193094201
v -0.000984844519 -0.000148202162 0.0191150364
v -0.000838072272 0.000153945395 0.0198605396
v -0.000995506998 -0.000353134557 0.0193901919
v -0.000932835741 -0.000630726805 0.0191907361
v -0.000469021528 1.39312815E-05 0.0201075803
v -0.000183098702 -0.000283926172 0.0202568118
v -0.000834240229 -0.000201443603 0.019910844
v -0.000912326563 -0.000571126351 0.0194221102
v -0.000720215146 -0.000534650229 0.0199591424
v -0.000785208947 -0.000778283633 0.0194621067
v -0.000656678865 -0.0010652265 0.0192932952
v -0.000664177292 -0.00105704658 0.0195545591
v -0.00041277337 -0.00127341889 0.019379925
v -0.000367737404 -0.0013196395 0.0194702409
v -0.000300453888 -0.00131814624 0.0195681825
v -0.000569790078 -0.000813530758 0.0199371148
v -0.0001674878 -0.000780421193 0.0201172475
v -0 0.000598896702 0.0204729885
v -0 0.00116359023 0.0199827589
v -0 0.000973582268 0.0196764246
v -0 0.00117901457 0.0191551093
v -0 0.0013327467 0.0193772316
v -0 0.00113871961 0.018910002
v -0 0.00124250585 0.0188978259
v -0 0.00129911152 0.0178454332
v -0 0.00143453968 0.0178671982
v -0 0.00139728631 0.0178607348
v -0 0.00126463361 0.017839117
v 0.000540687761 -0.00104166893 0.0191611331
v 0.000442084041 -0.000942473242 0.0192744732
v 0.000579689164 -0.000781858864 0.0191959254
v 0.000284978247 -0.00123299251 0.0193356276
v 0.00043149892 -0.00130147859 0.0191263445
v 0.00030447889 -0.00110308814 0.0193530247
v 2.92687491E-05 -0.00142431702 0.0195101202
v -0 -0.00190846703 0.0193765722
v 0.000306954462 -0.00215283013 0.0190897025
v -0 -0.00240808888 0.0190709215
v 0.000460116367 -0.00195314409 0.0191328377
v 0.000559302047 -0.0017646004 0.0191859696
v 0.000524359988 -0.00119902589 0.0195971243
v -0 -0.00127440423 0.0199628975
v 0.000630676805 -0.000800903712 0.0199863389
v 0.00104871998 -0.000617059763 0.0196204744
v 0.00101253542 -0.000761587522 0.0195342619
v 0.000864815898 -0.00114822935 0.0193829499
v 0.000709895277 -0.00145532982 0.0192866102
v -0.000566145347 -0.00117582979 0.0178137552
v -0.000540525012 -0.00122386473 0.0177970659
v -0.000566689705 -0.00117159681 0.0178059135
v -0.000568049552 -0.00113802182 0.017746754
v -0.000540056208 -0.00122472772 0.0177967642
v -0.000507214456 -0.00128106051 0.0177677404
v -0.000540055102 -0.00122480281 0.0177969038
v -0.000506960088 -0.00129091518 0.0177857112
v -0.000537834247 -0.00124555314 0.0178377703
v -0.000561690307 -0.00122208428 0.0179075412
v -0.000564142072 -0.00119918061 0.0178624373
v -0.000504923402 -0.00130911171 0.0178210642
v -0.000473462045 -0.00136645325 0.0177963749
v -0.000470583764 -0.00139216986 0.0178463366
v -0.000761822448 -0.00088787626 0.0181425363
v -0.000588781084 -0.00117303501 0.0179296341
v -0.000591121439 -0.00115117279 0.017886579
v -0.000476613845 -0.00129866623 0.0176733024
v -0.000476642163 -0.00133417302 0.017742021
v -0.000467056088 -0.00127592112 0.0176433735
v -0.000562770641 -0.00112519972 0.0177300796
v -0.000738468894 -0.000864068861 0.0174672194
v -0.000435414462 -0.0013301 0.0176171605
v -0.000590066309 -0.00107822719 0.0177525617
v -0.000329052884 -0.00150380528 0.0175243113
v -0.000444340694 -0.00135536701 0.0176473763
v -0.00034131782 -0.00153636769 0.0175646152
v -0.000293882011 -0.00156583136 0.017496191
v -0.000376764743 -0.00150858727 0.0176597368
v -0.000342363172 -0.00156910846 0.0176322572
v -0.000411789078 -0.00144937984 0.0176923685
v -0.000442444696 -0.00139304122 0.0177122056
v -0.000411123183 -0.00147517584 0.0177394133
v -0.000376818323 -0.00153896131 0.0177186467
v -0.000435131224 -0.00143440242 0.0177614167
v -0.000340780767 -0.00160374737 0.017692538
v -0.000340814498 -0.00162281201 0.0177295133
v -0.000439190975 -0.00144889951 0.0178204607
v -0.00044220651 -0.00142195763 0.0177681167
v -0.000761822448 -0.00088787626 0.0181425363
v -0.000340129191 -0.00163143827 0.0177477971
v -0.000304683985 -0.00169610686 0.0177201498
v -0.000288044714 -0.00172822666 0.0177116655
v -0.000293838384 -0.00174692413 0.0178232715
v -0.000304789748 -0.00169477612 0.0177173298
v -0.00028862711 -0.00169424387 0.0176484529
v -0.000304740301 -0.00166650908 0.0176625084
v -0.000256698491 -0.00171512587 0.0176368486
v -0 -0.00182085484 0.0175435599
v -0 -0.00194754987 0.0177304056
v -0.000256298605 -0.00168779597 0.0175846275
v -0.00028978099 -0.00162691355 0.0175232161
v -0 -0.0017397101 0.0172799993
v -0.000289152755 -0.00166357309 0.0175914038
v -0 -0.00170291611 0.0169976354
v -0.000304785965 -0.00160055072 0.0175352674
v -0.000303865119 -0.00163624145 0.0176003575
v -0.000696238712 -0.000912806834 0.0178497359
v -0.00059560698 -0.00108960667 0.0177688934
v -0.0005959103 -0.00111322536 0.0178157985
v -0.000835528481 -0.000636874291 0.0179738868
v -0.00102488126 4.91690989E-05 0.0178465638
v -0.000620775449 -0.00107817852 0.0178615153
v -0.000594971702 -0.0011244762 0.0178394001
v -0.000761822448 -0.00088787626 0.0181425363
v -0.000618267921 -0.00110160233 0.0179076474
v -0.000858915155 -0.000269434269 0.018091647
v -0.00107621634 -0.000332391879 0.019304391
v -0.000885531364 -0.000669145142 0.0182718206
v -0.000747243816 -0.00093991129 0.0182330254
v -0.000935477612 -0.000672221475 0.0187390484
v -0.000803102099 -0.0010412574 0.0185638871
v -0.000684297353 -0.00110984058 0.0183256269
v -0.000645862776 -0.00113125914 0.0181931537
v -0.000642351632 -0.00115355803 0.0182734523
v -0.000646616798 -0.00116566243 0.0183058679
v -0.000691109453 -0.0011332765 0.0183841195
v -0.000651944662 -0.00119282352 0.0183660835
v -0.000658301986 -0.00121469691 0.0184206776
v -0.000618986203 -0.00127372402 0.0184013452
v -0.000488954713 -0.00145725172 0.0182869826
v -0.000486139761 -0.00147173298 0.0183336604
v -0.000487897807 -0.0014791257 0.018350957
v -0.000467410748 -0.0015098803 0.0183408763
v -0.000446253252 -0.00154896837 0.0183281545
v -0.000361551472 -0.00172549661 0.0183816794
v -0.000368766632 -0.00167951372 0.0182158351
v -0.000310234667 -0.00175061368 0.0181953255
v -0.000236049324 -0.00181151391 0.0182512831
v -0.000306780159 -0.00176107371 0.0182708949
v -0 -0.00212826394 0.0182927586
v -0 -0.00197088881 0.0180991422
v -0.000190514998 -0.00184783782 0.0181609895
v -0.000247900985 -0.00180227065 0.0181759186
v -0.000195295434 -0.00184359576 0.0180819388
v -0 -0.00197588536 0.0178270657
v -0.000283164612 -0.00177070347 0.0179446302
v -0.000265723735 -0.00180226623 0.0180955268
v -0.000806545955 -0.00106377609 0.0186633561
v -0.000933408621 -0.000810377998 0.0188175738
v -0.000864815898 -0.00114822935 0.0193829499
v -0.00101253542 -0.000761587522 0.0195342619
v -0.00104871998 -0.000617059763 0.0196204744
v -0.000803310249 -0.00111877173 0.0189208686
v -0.000760986411 -0.0012121608 0.0189796928
v -0.0007592779 -0.00119976478 0.0189062115
v -0.000709895277 -0.00145532982 0.0192866102
v -0.000801479211 -0.00110549061 0.0188421384
v -0.000716913724 -0.00129285897 0.0189632904
v -0.000805141637 -0.00107441423 0.0187291466
v -0.000755971065 -0.00116889866 0.0187317338
v -0.000759368995 -0.0011822246 0.0188247226
v -0.000750718231 -0.00116229209 0.0187006015
v -0.000750138075 -0.00115885492 0.0186753739
v -0.000702756341 -0.00123521418 0.018657716
v -0.000545804098 -0.00148597627 0.0185819753
v -0.000550572702 -0.00149259134 0.0186061561
v -0.000711536035 -0.00125428301 0.0187340714
v -0.000570914708 -0.00152673107 0.0187519621
v -0.000619551807 -0.00143817079 0.0187723897
v -0.000670302776 -0.00134604448 0.0187950321
v -0.000712209614 -0.00126783457 0.0188036989
v -0.000671930087 -0.00135785074 0.0188650191
v -0.00062094687 -0.00145489874 0.0188633893
v -0.000715123781 -0.00127987214 0.0188863054
v -0.000614422082 -0.00154117832 0.0190756731
v -0.000559302047 -0.0017646004 0.0191859696
v -0.000571358716 -0.00156405091 0.018931061
v -0.000570057076 -0.00154843822 0.01884613
v -0.00052043813 -0.00165721797 0.0189117789
v -0.00038026346 -0.00196382822 0.0188655853
v -0.000375796633 -0.0020101415 0.0188930221
v -0.000223299518 -0.00222711731 0.018949233
v -0.000460116367 -0.00195314409 0.0191328377
v -0.000306954462 -0.00215283013 0.0190897025
v -0 -0.0021938202 0.0186473262
v -0 -0.00240096753 0.0189736821
v -0 -0.00240808888 0.0190709215
v -0.000418330834 -0.00182631752 0.0187899619
v -0.000364028208 -0.00193410448 0.0187727083
v -0.000469217892 -0.00173079618 0.0187978931
v -0.000519074616 -0.00164086162 0.018822806
v -0.000417317322 -0.00181964098 0.0187495481
v -0.000468435755 -0.00172141381 0.0187468585
v -0.000409610773 -0.00180352293 0.0186905395
v -0.000464470533 -0.00171358138 0.0187173821
v -0.000496676716 -0.00158112554 0.0185801201
v -0.000514462823 -0.00162417127 0.0187275317
v -0.000327937509 -0.00185831031 0.0184985939
v -0.000352762145 -0.00190078584 0.0186705273
v -0.000324993569 -0.00185378711 0.0184833258
v -0.000325000641 -0.00183653028 0.0184578206
v -0.000324754976 -0.00185420015 0.0184832439
v -0.000493279309 -0.00157474366 0.0185607802
v -0.000241431771 -0.00192802667 0.0184671413
v -0.000806545955 -0.00106377609 0.0186633561
v -0 -0.00216675806 0.0183869693
v -0.000240462468 -0.00193852023 0.0185310449
v -0 -0.0021900353 0.0183502492
v -0.000343038031 -0.00188053737 0.0184158199
v -0.000841470726 -0.001085283 0.0186271835
v -0.000388613757 -0.00178996986 0.0184004176
v -0.000841517875 -0.00108357065 0.0185886864
v -0 -0.0021938202 0.0186473262
v -0.000177712398 -0.00203958829 0.0186485723
v -0.000189871003 -0.00205507502 0.0187044106
v -0.000254096056 -0.00197431794 0.0186520349
v -0.000368766632 -0.00167951372 0.0182158351
v -0.000414026232 -0.00158970966 0.0182108022
v -0.000412678346 -0.00159664289 0.0182331502
v -0.000370576076 -0.0016673815 0.0181711148
v -0.000371878094 -0.00165865209 0.0181389395
v -0.000416383758 -0.00157758093 0.018171709
v -0.000463346048 -0.00146394293 0.0180598777
v -0.000453800894 -0.00150723197 0.0181878414
v -0.000334099372 -0.00169995031 0.0179676972
v -0.000330209092 -0.00173566572 0.0181140415
v -0.000532026519 -0.00136362866 0.0182396658
v -0.000495072512 -0.00143159449 0.0182158481
v -0.000501182221 -0.00139434659 0.0180842225
v -0.000613163458 -0.00119145901 0.0181723889
v -0.000572920428 -0.00128895428 0.0182688236
v -0.000605238194 -0.00122814777 0.0182825271
v -0.000571069948 -0.00129874633 0.01830093
v -0.000530557823 -0.00137118413 0.0182640199
v -0.000573448953 -0.00130693044 0.0183213558
v -0.000618986203 -0.00127372402 0.0184013452
v -0.000527858268 -0.00138507318 0.0183087867
v -0.00061232585 -0.00125080848 0.0183441509
v -0.000747243816 -0.00093991129 0.0182330254
v -0.000463346048 -0.00146394293 0.0180598777
v -0.000334099372 -0.00169995031 0.0179676972
v -0.000299337495 -0.00176045299 0.0179274082
v -0.000283164612 -0.00177070347 0.0179446302
v -0 -0.00197588536 0.0178270657
v -0.000613163458 -0.00119145901 0.0181723889
v -0.000501182221 -0.00139434659 0.0180842225
v -0.000645862776 -0.00113125914 0.0181931537
v -0 -0.0021938202 0.0186473262
v -0.000189871003 -0.00205507502 0.0187044106
v -0.000190060309 -0.00206811121 0.0187361576
v -0.000302011817 -0.00204561162 0.018847065
v -0.000273592043 -0.00200483389 0.018754784
v -0.000375796633 -0.0020101415 0.0188930221
v -0.000223299518 -0.00222711731 0.018949233
v -0.000841517875 -0.00108357065 0.0185886864
v -0.000803102099 -0.0010412574 0.0185638871
v -0.000841470726 -0.001085283 0.0186271835
v -0.000806545955 -0.00106377609 0.0186633561
v -0.000784007018 -0.000956389122 0.0181840397
v -0.000311858923 -0.00181105395 0.0178252198
v -0.000795314729 -0.000926715089 0.0181539822
v -0.000323560787 -0.00180313131 0.0178687666
v -0.000747243816 -0.00093991129 0.0182330254
v -0 -0.00199566828 0.0177394021
v -0.000299337495 -0.00176045299 0.0179274082
v -0 -0.00200888189 0.0177732836
v -0 -0.00197588536 0.0178270657
v -0.000343038031 -0.00188053737 0.0184158199
v -0 -0.0021900353 0.0183502492
v -0 -0.00218307227 0.0183128864
v -0.000388613757 -0.00178996986 0.0184004176
v -0 -0.00212826394 0.0182927586
v -0.000361551472 -0.00172549661 0.0183816794
v -0.000841517875 -0.00108357065 0.0185886864
v -0.000803102099 -0.0010412574 0.0185638871
v -0.000795314729 -0.000926715089 0.0181539822
v -0.000293838384 -0.00174692413 0.0178232715
v -0.000761822448 -0.00088787626 0.0181425363
v -0.000311858923 -0.00181105395 0.0178252198
v -0 -0.00194754987 0.0177304056
v -0 -0.00199566828 0.0177394021
v -0.00111724436 -1.3813823E-05 0.0192492604
v -0.000909603725 -0.000475109147 0.0190424714
v -0.00104511459 -0.000263257389 0.0187225621
v -0.000929691945 -0.000304466841 0.0195425265
v -0.00111724436 -1.3813823E-05 0.0192492604
v -0.00101413741 0.000693405862 0.019127233
v -0.00115081191 0.000321379979 0.0196357351
v -0.00100053416 0.000561578316 0.0189346243
v -0.00107574544 0.00131588557 0.0197711997
v -0.00120885007 0.00093329628 0.0200135279
v -0.00104814582 0.00102297775 0.0196087472
v -0.00115081191 0.000321379979 0.0196357351
v -0.000929691945 -0.000304466841 0.0195425265
v -0.00115081191 0.000321379979 0.0196357351
v -0.000973430753 0.000137776879 0.0199969187
v -0.00111724436 -1.3813823E-05 0.0192492604
v -0.00111967255 0.000295655656 0.0189860296
v -0.00106717425 0.000837158237 0.0188111346
v -0.00118459912 0.000599342107 0.0192445796
v -0.00103902724 0.000713010144 0.018677894
v -0.00118300377 0.00139256951 0.0192339756
v -0.0012820448 0.00111571257 0.0194619242
v -0.00113754184 0.00114753004 0.0191442259
v -0.00118459912 0.000599342107 0.0192445796
v -0.000974607305 0.000114758834 0.0192580521
v -0.00118459912 0.000599342107 0.0192445796
v -0.00105669803 0.000508991536 0.0195560399
v -0.00111967255 0.000295655656 0.0189860296
v -0.00116679398 0.000374869705 0.0188590623
v -0.00117149297 0.00071987015 0.0186248794
v -0.00124814594 0.000632582116 0.0189770181
v -0.00113626989 0.000609027455 0.0185573883
v -0.00131670712 0.00118123333 0.01880561
v -0.00137060613 0.00102648803 0.019022068
v -0.00125955045 0.000996976276 0.0187935997
v -0.00124814594 0.000632582116 0.0189770181
v -0.00105377729 0.000318448845 0.0190872625
v -0.00124814594 0.000632582116 0.0189770181
v -0.00115669752 0.000645498454 0.0192140453
v -0.00116679398 0.000374869705 0.0188590623
v -0.000761822448 -0.00088787626 0.0181425363
v -0.000747243816 -0.00093991129 0.0182330254
v -0.000784007018 -0.000956389122 0.0181840397
v -0.000795314729 -0.000926715089 0.0181539822
v -0.00100990036 -6.22507514E-06 0.0192531794
v -0.00104407046 0.000328344962 0.0196370203
v -0.000916170888 0.000675742165 0.0191392805
v -0.000902905769 0.000553478487 0.0189560261
v -0.000981003512 0.00130153925 0.0198005885
v -0.000953516632 0.00101120304 0.0196391884
v -0.001100266 0.000939464313 0.0200186186
v -0.00104407046 0.000328344962 0.0196370203
v -0.000839943998 -0.000263887196 0.0195234921
v -0.000882668246 0.00016879465 0.0199681111
v -0.00104407046 0.000328344962 0.0196370203
v -0.00100990036 -6.22507514E-06 0.0192531794
v -0.00101358315 0.000311599928 0.0189953316
v -0.00107888086 0.000614237157 0.019251341
v -0.00096940354 0.00082871085 0.0188317299
v -0.000942869985 0.000715354166 0.018706236
v -0.00108989747 0.00138972246 0.0192709714
v -0.00104478607 0.00114736683 0.0191818606
v -0.001174715 0.00113051967 0.0194726717
v -0.00107888086 0.000614237157 0.019251341
v -0.000886475202 0.00015855387 0.0192386005
v -0.00096624915 0.000541984744 0.0195284672
v -0.00107888086 0.000614237157 0.019251341
v -0.00101358315 0.000311599928 0.0189953316
v -0.00096624915 0.000541984744 0.0195284672
v -0.00106504268 0.00104794896 0.0197026171
v -0.00107888086 0.000614237157 0.019251341
v -0.001174715 0.00113051967 0.0194726717
v -0.00127838831 0.00174056913 0.0198037699
v -0.00106387073 0.000406159292 0.0188639052
v -0.00114536227 0.000662113482 0.0189797189
v -0.00107432157 0.000730062253 0.0186474286
v -0.00104231446 0.00063145411 0.0185843017
v -0.00150597515 0.00200847723 0.0194021482
v -0.00143397984 0.00180534413 0.0192391686
v -0.00145423936 0.00178824284 0.0192749202
v -0.00140091148 0.00154025375 0.0191310458
v -0.00136175507 0.00159222505 0.0190698337
v -0.00122549618 0.00120076037 0.0188422836
v -0.00116903754 0.00101919135 0.0188301224
v -0.00126637274 0.00105725939 0.0190286245
v -0.00114536227 0.000662113482 0.0189797189
v -0.000970883353 0.000365882181 0.0190565642
v -0.0010698738 0.000680672529 0.0191786289
v -0.00114536227 0.000662113482 0.0189797189
v -0.00106387073 0.000406159292 0.0188639052
v -0.0010698738 0.000680672529 0.0191786289
v -0.0011920582 0.00105653587 0.0191918425
v -0.00114536227 0.000662113482 0.0189797189
v -0.00126637274 0.00105725939 0.0190286245
v -0.00140091148 0.00154025375 0.0191310458
v -0.00136567885 0.00157479814 0.0191894192
v -0.00150597515 0.00200847723 0.0194021482
v -0.00145423936 0.00178824284 0.0192749202
v -0.00140091148 0.00154025375 0.0191310458
v -0.00105597696 4.19188291E-05 0.0186078586
v -0.000922044623 -7.50344261E-05 0.0188907683
v -0.000836720457 -2.53717135E-05 0.0188745279
v -0.000945298525 5.8044523E-05 0.0186156798
v -0.00095535483 7.85167504E-05 0.0187008511
v -0.00104511459 -0.000263257389 0.0187225621
v -0.000978065422 -0.000255554711 0.0187247209
v -0.00085930049 5.85198104E-05 0.0187258404
v -0.00104511459 -0.000263257389 0.0187225621
v -0.000909603725 -0.000475109147 0.0190424714
v -0.000822022965 -0.000429054402 0.0190276764
v -0.000978065422 -0.000255554711 0.0187247209
v -0.000988252345 0.000116397066 0.0188696329
v -0.00105377729 0.000318448845 0.0190872625
v -0.000970883353 0.000365882181 0.0190565642
v -0.000908981718 0.000169955863 0.0188403428
v -0.00105377729 0.000318448845 0.0190872625
v -0.00115669752 0.000645498454 0.0192140453
v -0.0010698738 0.000680672529 0.0191786289
v -0.000970883353 0.000365882181 0.0190565642
v -0.000922044623 -7.50344261E-05 0.0188907683
v -0.000974607305 0.000114758834 0.0192580521
v -0.000886475202 0.00015855387 0.0192386005
v -0.000836720457 -2.53717135E-05 0.0188745279
v -0.00115669752 0.000645498454 0.0192140453
v -0.00127544475 0.00102820829 0.019241143
v -0.0011920582 0.00105653587 0.0191918425
v -0.0010698738 0.000680672529 0.0191786289
v -0.000974607305 0.000114758834 0.0192580521
v -0.00105669803 0.000508991536 0.0195560399
v -0.00096624915 0.000541984744 0.0195284672
v -0.000886475202 0.00015855387 0.0192386005
v -0.000909603725 -0.000475109147 0.0190424714
v -0.000929691945 -0.000304466841 0.0195425265
v -0.000839943998 -0.000263887196 0.0195234921
v -0.000822022965 -0.000429054402 0.0190276764
v -0.00127544475 0.00102820829 0.019241143
v -0.00143241778 0.0015351146 0.0192548148
v -0.00136567885 0.00157479814 0.0191894192
v -0.0011920582 0.00105653587 0.0191918425
v -0.00105669803 0.000508991536 0.0195560399
v -0.001151153 0.00101711904 0.0197452884
v -0.00106504268 0.00104794896 0.0197026171
v -0.00096624915 0.000541984744 0.0195284672
v -0.000929691945 -0.000304466841 0.0195425265
v -0.000973430753 0.000137776879 0.0199969187
v -0.000882668246 0.00016879465 0.0199681111
v -0.000839943998 -0.000263887196 0.0195234921
v -0.00143241778 0.0015351146 0.0192548148
v -0.00156852184 0.00196536956 0.0194722582
v -0.00150597515 0.00200847723 0.0194021482
v -0.00136567885 0.00157479814 0.0191894192
v -0.001151153 0.00101711904 0.0197452884
v -0.00127596571 0.00169872015 0.019966729
v -0.00120498764 0.00174692762 0.0199124739
v -0.00106504268 0.00104794896 0.0197026171
v -0.000973430753 0.000137776879 0.0199969187
v -0.00103064894 0.000744573888 0.0203377251
v -0.000945291424 0.000776036002 0.0202940144
v -0.000882668246 0.00016879465 0.0199681111
v -0.00127596571 0.00169872015 0.019966729
v -0.00138463313 0.00219780859 0.0204253644
v -0.00131963135 0.00224645901 0.0203427933
v -0.00120498764 0.00174692762 0.0199124739
v -0.00103064894 0.000744573888 0.0203377251
v -0.00110754184 0.00156465196 0.0207541436
v -0.00103668298 0.0016159782 0.0207026638
v -0.000945291424 0.000776036002 0.0202940144
v -0.00110754184 0.00156465196 0.0207541436
v -0.00116256194 0.0021091532 0.0214316845
v -0.00111161696 0.00217491435 0.0213333722
v -0.00103668298 0.0016159782 0.0207026638
v -0.00157488359 0.00199099933 0.0193598624
v -0.00151989877 0.00182089652 0.0191895105
v -0.00143397984 0.00180534413 0.0192391686
v -0.00150597515 0.00200847723 0.0194021482
v -0.00151989877 0.00182089652 0.0191895105
v -0.00144837797 0.00159729319 0.0190199744
v -0.00136175507 0.00159222505 0.0190698337
v -0.00143397984 0.00180534413 0.0192391686
v -0.00138944504 0.00227591838 0.0202878453
v -0.00134536414 0.00211117044 0.0199955571
v -0.00126192032 0.00207191217 0.0200353768
v -0.00131963135 0.00224645901 0.0203427933
v -0.00144837797 0.00159729319 0.0190199744
v -0.00137661293 0.00137096981 0.0188933089
v -0.00128594437 0.00137759873 0.0189366452
v -0.00136175507 0.00159222505 0.0190698337
v -0.00134536414 0.00211117044 0.0199955571
v -0.00128814054 0.00187361182 0.0196828656
v -0.00120266236 0.00184418494 0.019725794
v -0.00126192032 0.00207191217 0.0200353768
v -0.00117207877 0.00223389105 0.0212746821
v -0.00115452649 0.00208075764 0.0208739545
v -0.00107190222 0.00203068112 0.0209014341
v -0.00111161696 0.00217491435 0.0213333722
v -0.00137661293 0.00137096981 0.0188933089
v -0.00131670712 0.00118123333 0.01880561
v -0.00122549618 0.00120076037 0.0188422836
v -0.00128594437 0.00137759873 0.0189366452
v -0.00128814054 0.00187361182 0.0196828656
v -0.00123081601 0.00161582278 0.0194254555
v -0.0011398627 0.00159888249 0.0194652453
v -0.00120266236 0.00184418494 0.019725794
v -0.00115452649 0.00208075764 0.0208739545
v -0.00112874643 0.00183940656 0.0204328299
v -0.00104318454 0.00179842382 0.0204646848
v -0.00107190222 0.00203068112 0.0209014341
v -0.00131670712 0.00118123333 0.01880561
v -0.00125955045 0.000996976276 0.0187935997
v -0.00116903754 0.00101919135 0.0188301224
v -0.00122549618 0.00120076037 0.0188422836
v -0.00123081601 0.00161582278 0.0194254555
v -0.00118300377 0.00139256951 0.0192339756
v -0.00108989747 0.00138972246 0.0192709714
v -0.0011398627 0.00159888249 0.0194652453
v -0.00112874643 0.00183940656 0.0204328299
v -0.00110041618 0.00156203529 0.0200570859
v -0.00100868032 0.00153349945 0.0200873017
v -0.00104318454 0.00179842382 0.0204646848
v -0.00125955045 0.000996976276 0.0187935997
v -0.00120071985 0.000809160469 0.0187404659
v -0.00110483752 0.000820735469 0.018768331
v -0.00116903754 0.00101919135 0.0188301224
v -0.00118300377 0.00139256951 0.0192339756
v -0.00113754184 0.00114753004 0.0191442259
v -0.00104478607 0.00114736683 0.0191818606
v -0.00108989747 0.00138972246 0.0192709714
v -0.00110041618 0.00156203529 0.0200570859
v -0.00107574544 0.00131588557 0.0197711997
v -0.000981003512 0.00130153925 0.0198005885
v -0.00100868032 0.00153349945 0.0200873017
v -0.00120071985 0.000809160469 0.0187404659
v -0.00117149297 0.00071987015 0.0186248794
v -0.00107432157 0.000730062253 0.0186474286
v -0.00110483752 0.000820735469 0.018768331
v -0.00113754184 0.00114753004 0.0191442259
v -0.00109065976 0.000913539494 0.0189989675
v -0.000993969385 0.00090505759 0.0190250985
v -0.00104478607 0.00114736683 0.0191818606
v -0.00107574544 0.00131588557 0.0197711997
v -0.00104814582 0.00102297775 0.0196087472
v -0.000953516632 0.00101120304 0.0196391884
v -0.000981003512 0.00130153925 0.0198005885
v -0.00117149297 0.00071987015 0.0186248794
v -0.00113626989 0.000609027455 0.0185573883
v -0.00104231446 0.00063145411 0.0185843017
v -0.00107432157 0.000730062253 0.0186474286
v -0.00109065976 0.000913539494 0.0189989675
v -0.00106717425 0.000837158237 0.0188111346
v -0.00096940354 0.00082871085 0.0188317299
v -0.000993969385 0.00090505759 0.0190250985
v -0.00104814582 0.00102297775 0.0196087472
v -0.00102204864 0.000754523033 0.0193787757
v -0.000924819964 0.000736049318 0.0193963572
v -0.000953516632 0.00101120304 0.0196391884
v -0.00113626989 0.000609027455 0.0185573883
v -0.00104472123 0.000313127792 0.0185553208
v -0.000950669113 0.000326124486 0.0185904764
v -0.00104231446 0.00063145411 0.0185843017
v -0.00106717425 0.000837158237 0.0188111346
v -0.00103902724 0.000713010144 0.018677894
v -0.000942869985 0.000715354166 0.018706236
v -0.00096940354 0.00082871085 0.0188317299
v -0.00102204864 0.000754523033 0.0193787757
v -0.00101413741 0.000693405862 0.019127233
v -0.000916170888 0.000675742165 0.0191392805
v -0.000924819964 0.000736049318 0.0193963572
v -0.00104472123 0.000313127792 0.0185553208
v -0.00108724844 0.000127232663 0.0186470691
v -0.000979736215 0.000158864335 0.018650461
v -0.000950669113 0.000326124486 0.0185904764
v -0.00103902724 0.000713010144 0.018677894
v -0.00096624787 0.000312853896 0.0185564049
v -0.000871161523 0.000303879322 0.0185900014
v -0.000942869985 0.000715354166 0.018706236
v -0.00101413741 0.000693405862 0.019127233
v -0.00100053416 0.000561578316 0.0189346243
v -0.000902905769 0.000553478487 0.0189560261
v -0.000916170888 0.000675742165 0.0191392805
v -0.00108724844 0.000127232663 0.0186470691
v -0.000988252345 0.000116397066 0.0188696329
v -0.000908981718 0.000169955863 0.0188403428
v -0.000979736215 0.000158864335 0.018650461
v -0.00096624787 0.000312853896 0.0185564049
v -0.00105597696 4.19188291E-05 0.0186078586
v -0.000945298525 5.8044523E-05 0.0186156798
v -0.000871161523 0.000303879322 0.0185900014
v -0.00100053416 0.000561578316 0.0189346243
v -0.00095535483 7.85167504E-05 0.0187008511
v -0.00085930049 5.85198104E-05 0.0187258404
v -0.000902905769 0.000553478487 0.0189560261
v -0.000503641029 -0.00114648743 0.0178252552
v -0.000504325901 -0.00114260614 0.0178190749
v -0.000478161179 -0.00119487406 0.0178102255
v -0.000507575867 -0.00110572204 0.0177614558
v -0.000376743119 -0.00141904561 0.0178309008
v -0.000379758654 -0.00139210373 0.0177785568
v -0.000372766721 -0.00140514201 0.0177740529
v -0.000278450025 -0.0015935516 0.0177421495
v -0.000314668927 -0.00151035644 0.0177334528
v -0.000278631371 -0.00157514261 0.0177073441
v -0.000348973786 -0.00144657097 0.0177542176
v -0.000314615376 -0.0014799824 0.017674543
v -0.000349639682 -0.00142077508 0.0177071746
v -0.000698961143 -0.000876728562 0.0181916282
v -0.000277681334 -0.00160158437 0.0177582372
v -0.000408135907 -0.00136231596 0.0178567767
v -0.000411014189 -0.00133659947 0.017806815
v -0.000242236143 -0.00166625297 0.01773059
v -0.000234808525 -0.00168300699 0.017731661
v -0.000238627326 -0.00171688141 0.0178768244
v -0.000242425129 -0.00166551583 0.017729966
v -0.000383867096 -0.00132306712 0.0176620781
v -0.000380295329 -0.00136443647 0.0177270118
v -0.000280844222 -0.0015040678 0.0175793171
v -0.000280213804 -0.00154050358 0.0176470634
v -0.000270660239 -0.00146802701 0.0175388101
v -0.000377021846 -0.00129432173 0.0176316593
v -0.000674211362 -0.000835462706 0.0174759999
v -0.000408663473 -0.00124014285 0.0176578723
v -0.00023548938 -0.00153005309 0.0175106898
v -0.000235671454 -0.00164839788 0.0176685434
v -0.000242590671 -0.00163790432 0.0176773146
v -0.000221109018 -0.00165911368 0.0176591221
v -0 -0.00176653406 0.0175678823
v -0 -0.00188114727 0.0178425852
v -0.000220709117 -0.00163178379 0.0176068991
v -0.000240116264 -0.00157625391 0.0175394453
v -0 -0.00167979777 0.0172953941
v -0.000236197171 -0.00161772722 0.0176114924
v -0 -0.0016498866 0.0170098692
v -0.00024431225 -0.00156825094 0.0175499693
v -0.000241715607 -0.0016076368 0.0176151637
v -0.000504378055 -0.00108942145 0.0177445784
v -0.000531673722 -0.0010424488 0.0177670587
v -0.000507575867 -0.00110572204 0.0177614558
v -0.000634026946 -0.000880794076 0.0178578626
v -0.000535133295 -0.001057307 0.0177835952
v -0.000533545681 -0.00108396518 0.0178284347
v -0.000416140188 -0.00126636657 0.0176880043
v -0.000445064943 -0.00125245587 0.0177825466
v -0.000414492621 -0.00130556838 0.0177568272
v -0.000477690541 -0.00119554263 0.01780954
v -0.000478161179 -0.00119487406 0.0178102255
v -0.000477906666 -0.00119612308 0.0178115703
v -0.000444595556 -0.00126165489 0.0177983474
v -0.00047538642 -0.00121569925 0.0178482104
v -0.000499242393 -0.00119223038 0.0179179814
v -0.000501694216 -0.00116932672 0.0178728774
v -0.000442475517 -0.00127925782 0.0178315043
v -0.000411014189 -0.00133659947 0.017806815
v -0.000957738899 7.85577868E-05 0.0178503469
v -0.000765689882 -0.000619271479 0.0179714002
v -0.000787596335 -0.000247789721 0.0180896036
v -0.00101107405 -0.000303521374 0.0193173718
v -0.000815679319 -0.000650880451 0.0182862934
v -0.000558327592 -0.00104832463 0.0178719573
v -0.000532523845 -0.0010946223 0.0178498402
v -0.000555820065 -0.00107174844 0.0179180875
v -0.000528673583 -0.0011213189 0.017897021
v -0.000526333228 -0.00114318111 0.0179400742
v -0.000499242393 -0.00119223038 0.0179179814
v -0.000864672591 -0.000654951029 0.018743366
v -0.00068239402 -0.000901967054 0.0182135347
v -0.000720879063 -0.000920097751 0.0181614924
v -0.0002706573 -0.00174742879 0.017851023
v -0.000741367985 -0.00102617452 0.0186089035
v -0.000247135875 -0.00170737028 0.0179082993
v -0 -0.00187757961 0.0177448988
v -0 -0.00186354364 0.0177851394
v -0.000866215967 -0.000791783037 0.0188290998
v -0 -0.00191996782 0.0181158986
v -0.000884529203 -0.000887034577 0.0194372796
v -0.000742211298 -0.00104578689 0.0187426191
v -0.000943197054 -0.0006496071 0.0195202958
v -0.000982499449 -0.000576144143 0.0195982475
v -0.000488232297 -0.00116063619 0.0195031408
v -0.000590556068 -0.000757546572 0.0199487805
v -0 -0.00123104709 0.019925341
v -0 -0.00186172349 0.0193683412
v -0.000286161929 -0.00209494401 0.0190654472
v -0 -0.00229758583 0.0191035699
v -0 -0.00233476749 0.0189796407
v -0 -0.00214434671 0.0186669547
v -0.000286818395 -0.00209850841 0.0190266073
v -0.00031993739 -0.00198005931 0.0189274419
v -0.000734405592 -0.00132743525 0.0192894023
v -0.000739639392 -0.00107346196 0.018849209
v -0.000741470431 -0.00108674308 0.0189279411
v -0.000697438081 -0.00116773613 0.0189132821
v -0.000699146593 -0.00118013227 0.0189867653
v -0.000655073905 -0.00126083044 0.018970361
v -0.000694703835 -0.00113685953 0.0187437646
v -0.000697529176 -0.00115019595 0.0188317932
v -0.000690468471 -0.00112929218 0.0187144484
v -0.000689977605 -0.00112472544 0.01868614
v -0.000737901311 -0.00102578057 0.0186390392
v -0.000642523402 -0.00120198168 0.0186709203
v -0.000485643657 -0.00145184679 0.0185927413
v -0.000490339706 -0.00145935873 0.0186193604
v -0.000650309608 -0.00122202188 0.0187454559
v -0.00050968834 -0.00149447005 0.0187633447
v -0.000433118868 -0.00154061418 0.0185715463
v -0.000557711988 -0.00140614226 0.0187794603
v -0.000608462957 -0.00131401594 0.0188021027
v -0.000650369795 -0.00123580592 0.0188107695
v -0.000610090268 -0.0013258222 0.0188720897
v -0.000653283962 -0.00124784349 0.018893376
v -0.000559107051 -0.00142287009 0.0188704599
v -0.000508217257 -0.00151640968 0.0188532006
v -0.000509518897 -0.00153202238 0.0189381316
v -0.000458598312 -0.00162518944 0.0189188514
v -0.000299855776 -0.00191010966 0.0187957678
v -0.000356491015 -0.00179428898 0.0187970344
v -0.000356032542 -0.0017875972 0.0187614057
v -0.000407378073 -0.00169876765 0.0188049637
v -0.000457234826 -0.00160883309 0.0188298784
v -0.000407150976 -0.00168937014 0.0187587142
v -0.00034945886 -0.00177176634 0.0187070705
v -0.000404318591 -0.00168182468 0.0187339131
v -0.000436401024 -0.00154811703 0.0185937956
v -0.000454310881 -0.00159241469 0.0187440626
v -0.000267661817 -0.00182530191 0.0185122695
v -0.000292610232 -0.00186902925 0.0186870582
v -0.000264833128 -0.00181965763 0.0184940919
v -0.000268816279 -0.00181204826 0.0184921678
v -0.000268543256 -0.0017866178 0.018434545
v -0.000279492553 -0.00182371237 0.0184025019
v -0.000775881403 -0.00105004723 0.0185994189
v -0.000864672591 -0.000654951029 0.018743366
v -0.000737901311 -0.00102578057 0.0186390392
v -0.000742211298 -0.00104578689 0.0187426191
v -0.000866215967 -0.000791783037 0.0188290998
v -0.000864672591 -0.000654951029 0.018743366
v -0.000389523862 -0.00149573991 0.0182732977
v -0.000351061375 -0.00156460842 0.0182425715
v -0.000385447813 -0.00151670736 0.0183408801
v -0.000307149661 -0.00164747937 0.0182252564
v -0.000352409261 -0.00155767531 0.0182202235
v -0.000308959075 -0.00163534714 0.0181805361
v -0.000311072654 -0.00162639108 0.0181516651
v -0.000355578319 -0.00154531992 0.0181844346
v -0.000303089619 -0.00168668746 0.0184222832
v -0.000274948688 -0.00170911127 0.0181961562
v -0.000261442707 -0.00170473405 0.0182709023
v -0.000183050448 -0.00175192754 0.0182565898
v -0.000402540638 -0.00143168191 0.0180726033
v -0.000392995425 -0.00147497095 0.018200567
v -0.000406605308 -0.00147761928 0.0183536019
v -0.000427092367 -0.00144686468 0.0183636826
v -0.000425334292 -0.00143947196 0.018346386
v -0.000428149273 -0.00142499071 0.0182997081
v -0.000467052829 -0.00135281216 0.0183215123
v -0 -0.00206347182 0.0184160676
v -0.000273293932 -0.0016676893 0.0179804228
v -0.000269403652 -0.00170340471 0.0181267671
v -0.000558180735 -0.001241463 0.0184140708
v -0.000468940911 -0.00133914978 0.0182734411
v -0.000597496517 -0.0011824359 0.0184334032
v -0.000591139193 -0.0011605625 0.0183788091
v -0.000630303985 -0.00110101548 0.0183968451
v -0.000623491942 -0.00107757957 0.0183383524
v -0.000440376753 -0.00136208558 0.018096948
v -0.000242113136 -0.00171400502 0.0179448854
v -0.000136450763 -0.00178123079 0.018087035
v -0.000211584207 -0.00173435581 0.0180938561
v -0.000122833197 -0.00178913958 0.0181585066
v -0.000198228285 -0.00174342224 0.0181779154
v -0.000585057365 -0.00109899812 0.0182058793
v -0.000581546163 -0.00112129701 0.0182861779
v -0.000585811329 -0.00113340141 0.0183185935
v -0.000552358048 -0.001159198 0.0181851145
v -0.000470409577 -0.00133159431 0.018249087
v -0.000434267073 -0.00139933347 0.0182285737
v -0.000511303486 -0.00125691993 0.0182782449
v -0.000544432783 -0.00119588675 0.0182952527
v -0.000509453006 -0.00126671197 0.0183103513
v -0.000468940911 -0.00133914978 0.0182734411
v -0.000512643543 -0.00127466943 0.0183340814
v -0.000551520381 -0.00121854746 0.0183568764
v -0.000512643543 -0.00127466943 0.0183340814
v -0.000558180735 -0.001241463 0.0184140708
v -0.000468940911 -0.00133914978 0.0182734411
v -0.000734405592 -0.00132743525 0.0192894023
v -0.000884529203 -0.000887034577 0.0194372796
v -0.000299855776 -0.00191010966 0.0187957678
v -0.000330611656 -0.00194048672 0.0189057272
v -0.00031993739 -0.00198005931 0.0189274419
v -0.000257001171 -0.00200449722 0.0188887957
v -0 -0.00214434671 0.0186669547
v -0.000286818395 -0.00209850841 0.0190266073
v -0.000136157119 -0.00202616979 0.0187711399
v -0.000230057296 -0.00196289085 0.0187900774
v -0.000125833976 -0.00200754358 0.0187307801
v -0.000775881403 -0.00105004723 0.0185994189
v -0.000774153916 -0.00106787274 0.0186290946
v -0.000333846954 -0.00175955892 0.0184478499
v -0.000279492553 -0.00182371237 0.0184025019
v -0.000279492553 -0.00182371237 0.0184025019
v -0.000333846954 -0.00175955892 0.0184478499
v -0 -0.00210257876 0.0184400585
v -0 -0.00199456513 0.0183499865
v -0.0002706573 -0.00174742879 0.017851023
v -0 -0.00188767666 0.0178502426
v -0 -0.00187757961 0.0177448988
v -0.000253223814 -0.00177479233 0.0178773254
v -0.000720879063 -0.000920097751 0.0181614924
v -0.000725832419 -0.000914695673 0.0181990843
v -0.000815679319 -0.000650880451 0.0182862934
v -0.000774153916 -0.00106787274 0.0186290946
v -0.000741367985 -0.00102617452 0.0186089035
v -0.000303089619 -0.00168668746 0.0184222832
v -0.000333846954 -0.00175955892 0.0184478499
v -0 -0.00206347182 0.0184160676
v -0 -0.00210257876 0.0184400585
v -0 -0.00199456513 0.0183499865
v -0 -0.00202461891 0.0183211211
v -0.000268543256 -0.0017866178 0.018434545
v -0.000279492553 -0.00182371237 0.0184025019
v -0.000253223814 -0.00177479233 0.0178773254
v -0 -0.00188114727 0.0178425852
v -0 -0.00188767666 0.0178502426
v -0.000238627326 -0.00171688141 0.0178768244
v -0.000725832419 -0.000914695673 0.0181990843
v -0.000698961143 -0.000876728562 0.0181916282
v -0.000815679319 -0.000650880451 0.0182862934
v -0.000738468894 -0.000864068861 0.0174672194
v -0 -0.00170291611 0.0169976354
v -0 -0.0016498866 0.0170098692
v -0.000674211362 -0.000835462706 0.0174759999
v -0.00102488126 4.91690989E-05 0.0178465638
v -0.000957738899 7.85577868E-05 0.0178503469
v -0.00107621634 -0.000332391879 0.019304391
v -0.00102488126 4.91690989E-05 0.0178465638
v -0.000957738899 7.85577868E-05 0.0178503469
v -0.00101107405 -0.000303521374 0.0193173718
v -0.00104871998 -0.000617059763 0.0196204744
v -0.000982499449 -0.000576144143 0.0195982475
v -0.000630676805 -0.000800903712 0.0199863389
v -0.000590556068 -0.000757546572 0.0199487805
v -0.000545804098 -0.00148597627 0.0185819753
v -0.000550572702 -0.00149259134 0.0186061561
v -0.000490339706 -0.00145935873 0.0186193604
v -0.000485643657 -0.00145184679 0.0185927413
v -0 -0.00127440423 0.0199628975
v -0.000630676805 -0.000800903712 0.0199863389
v -0.000590556068 -0.000757546572 0.0199487805
v -0 -0.00123104709 0.019925341
v -0.000304683985 -0.00169610686 0.0177201498
v -0.000304789748 -0.00169477612 0.0177173298
v -0.000242425129 -0.00166551583 0.017729966
v -0.000242236143 -0.00166625297 0.01773059
v -0.000590556068 -0.000757546572 0.0199487805
v -0.000199461909 -0.000636707176 0.0202068686
v -0.000212034574 -0.000645715569 0.0202820506
v -0.000630676805 -0.000800903712 0.0199863389
v 0.000136361079 0.00121227256 0.0189014375
v 0.000404941064 0.00102883053 0.0189239308
v 0.000132902482 0.00113651587 0.0189090185
v 0.000436941074 0.00113067997 0.0189118329
v 0.000728862593 0.000724557671 0.0189705007
v 0.000786754827 0.000802085095 0.0189621281
v 0.00094353687 0.000358289166 0.0190283749
v 0.00100917125 0.000422142795 0.019022163
v 0.00107760774 5.72824465E-05 0.0190813113
v 0.000984844519 -0.000148202162 0.0191150364
v 0.00105927954 -0.000307659357 0.0191413686
v 0.000932835741 -0.000630726805 0.0191907361
v 0.000989392982 -0.000655948534 0.0191962309
v 0.000716537994 -0.00111189182 0.0192930251
v 0.000656678865 -0.0010652265 0.0192932952
v 0.00042093161 -0.00128955441 0.0193949509
v 0.00041277337 -0.00127341889 0.019379925
v 0.000306652801 -0.00131463807 0.0194773618
v 0.000153129789 0.00120422954 0.0191456825
v 0.000132902482 0.00113651587 0.0189090185
v -0 0.00113871961 0.018910002
v -0 0.00117901457 0.0191551093
v -0 0.000973582268 0.0196764246
v 0.000266635034 0.00102620211 0.0197692774
v 0.00041277337 -0.00127341889 0.019379925
v 0.000306652801 -0.00131463807 0.0194773618
v 0.000367737404 -0.0013196395 0.0194702409
v 0.000300453888 -0.00131814624 0.0195681825
v 0.000192936597 -0.00124372344 0.0197862592
v 0.000304680376 -0.00140232302 0.0190494303
v 0.00042093161 -0.00128955441 0.0193949509
v 0.000422886311 -0.00136354135 0.0190415289
v 0.000716537994 -0.00111189182 0.0192930251
v 0.000722402474 -0.00116745301 0.0190349817
v 0.000186469173 -0.00144118501 0.0190568734
v 0.000989392982 -0.000655948534 0.0191962309
v -2.92687491E-05 -0.00142431702 0.0195101202
v -0 -0.00159872463 0.0190730207
v -0 -0.00130118476 0.0197313
v -0 -0.000702055811 0.0202381574
v 0.000165479112 -0.00077069056 0.020167483
v 0.000300453888 -0.00131814624 0.0195681825
v -0 -0.000687875145 0.0202603377
v 0.0001674878 -0.000780421193 0.0201172475
v 0.000156402399 -0.000668708293 0.0202531125
v 0.000159953619 -0.000209455204 0.0205576885
v 0.000866683549 -0.000634588418 0.0189343225
v 0.000860287808 -0.000635443022 0.0189280622
v 0.000669500267 -0.00110558374 0.0190309025
v 0.00105927954 -0.000307659357 0.0191413686
v 0.000422886311 -0.00136354135 0.0190415289
v 0.000973666494 -0.000282018795 0.0188629739
v 0.00107760774 5.72824465E-05 0.0190813113
v 0.00103205524 -0.000154022593 0.0179111883
v 0.0008888304 -0.00068060786 0.0184493139
v 0.000763121992 -0.000658973586 0.0182064902
v 0.000983270118 -0.000174916553 0.0179074816
v 0.00102508301 -2.05179113E-05 0.0188103002
v 0.00129829533 -0.000134987698 0.0173941161
v 0.00121434324 -0.000151155487 0.0173960868
v 0.00123642199 0.000448248291 0.0176802054
v 0.00100675726 0.000354662305 0.018726578
v 0.00100917125 0.000422142795 0.019022163
v 0.00118398294 0.000363026251 0.0179808605
v 0.00102140696 0.000976046314 0.0177904796
v 0.00110714999 0.000279009342 0.0183615033
v 0.000728719227 0.000816962041 0.0188317597
v 0.000786754827 0.000802085095 0.0189621281
v 0.000436941074 0.00113067997 0.0189118329
v 0.000959248457 0.000887902337 0.0179880895
v 0.000381139282 0.00131817139 0.0178455636
v 0.00072304334 0.000782796938 0.0186623968
v 0.000404797553 0.0011212352 0.0187851842
v 0.000136361079 0.00121227256 0.0189014375
v 0.0008705582 0.000742903561 0.0183653776
v 0.000411323475 0.00111959025 0.0180575065
v -0 0.00139728631 0.0178607348
v 0.000424513128 0.000984710758 0.0184358582
v 0.000128910702 0.00119779806 0.0187730026
v -0 0.00124250585 0.0188978259
v -0 0.00122859457 0.018769281
v 0.000399121811 0.00106037466 0.0186449401
v 0.000121842582 0.00114033872 0.0186346881
v -0 0.00116994791 0.0186311025
v -5.06985562E-05 0.00118706422 0.0184558015
v 9.83533973E-05 0.00115613418 0.018454928
v 0.000109989007 0.00120786799 0.0180634335
v -3.21735824E-05 0.0012388035 0.0180645753
v -0 0.00143453968 0.0178671982
v -3.07394912E-05 0.001099749 0.0180419795
v -0 0.00126463361 0.017839117
v -0 0.00129911152 0.0178454332
v 0.000101925769 0.00107113982 0.0180409532
v -0.000231902042 0.000928975642 0.0184066202
v 0.000322955602 0.00117485109 0.0178680215
v -0 0.00139728631 0.0178607348
v 0.000381139282 0.00131817139 0.0178455636
v 0.000921837986 0.000943375519 0.0177671146
v 0.00102140696 0.000976046314 0.0177904796
v 0.000365795626 0.000993459951 0.0180347078
v -9.36710057E-05 0.000900367624 0.0184058081
v 0.00115604606 0.000428890868 0.0176881831
v 0.00123642199 0.000448248291 0.0176802054
v 0.000111760346 0.000951053924 0.0186441708
v -0 0.000978447031 0.0186408721
v 0.000114740913 0.00098524557 0.0188135616
v -0 0.00101264741 0.0188102685
v 0.000360288803 0.000823196664 0.0184076838
v 0.000864023692 0.000888157752 0.0179790594
v 0.000776858476 0.000748393359 0.0183588993
v 0.00121434324 -0.000151155487 0.0173960868
v 0.00129829533 -0.000134987698 0.0173941161
v 0.0010992476 0.000318600854 0.017963009
v 0.000983270118 -0.000174916553 0.0179074816
v 0.00103378901 0.000178899558 0.0183437914
v 0.000116111521 0.00100625493 0.0189336836
v -0 0.00103365642 0.0189303923
v 0.000203393996 0.00104566896 0.019153446
v -0 0.00104758563 0.0191552117
v 0.000367965986 0.000877119426 0.0186536573
v 0.000375012372 0.000932295166 0.0189431515
v 0.000373641698 0.00091128482 0.018823022
v 0.000675456366 0.000737487222 0.0189720038
v 0.000763279211 -0.000243618982 0.0183936171
v 0.000831774028 -0.000721122255 0.0181955416
v 0.000976316922 -0.000680861005 0.0184406452
v 0.000935139309 -0.000204813943 0.0187705643
v 0.000866038783 0.000263637514 0.018749157
v 0.000537461718 0.000850664335 0.0191819873
v 0.00093764643 -0.000169556268 0.0189945139
v 0.0003516367 0.000683464343 0.0186996963
v 0.000373641698 0.00091128482 0.018823022
v 0.000871714612 0.000297803083 0.0189185254
v 0.000357312703 0.000717629329 0.0188690629
v 0.000873085344 0.000318812585 0.0190386474
v 0.00093901722 -0.00014854678 0.0191146415
v 0.00079183589 0.000580332999 0.0192237105
v 0.0008888304 -0.00068060786 0.0184493139
v 0.000763121992 -0.000658973586 0.0182064902
v 0.000831774028 -0.000721122255 0.0181955416
v 0.000926060486 0.000115938485 0.0192985106
v 0.000587211805 0.00045518516 0.0196645465
v 0.000685636536 0.000113487484 0.0197118614
v 0.000401369995 0.000717739807 0.019629322
v 0.000184707445 0.000211067716 0.0200228784
v 0.000156403665 0.000861179491 0.0196115542
v -0 0.000862608547 0.0196129289
v -0 0.000307661772 0.020011114
v 0.000180267816 -0.00020067954 0.020081155
v -0 -0.000284988782 0.0200950019
v 0.000921159051 -0.000337063218 0.0193728767
v 0.000446797087 -0.000212605839 0.0197666846
v 0.000251130783 6.39965765E-06 0.0200511478
v 0.000232084058 -0.000105850486 0.0200672168
v 0.00057668332 -0.000521274225 0.0198027585
v 0.000385478983 -0.000756047491 0.0198379308
v 0.000863211579 -0.000593733159 0.0191884581
v 0.000777380017 -0.000755732646 0.0194430426
v 0.000656983699 -0.000969795394 0.0192522742
v 0.00035257946 -0.0011409974 0.0192835052
v 0.000516628905 -0.00107473473 0.0194980688
v 0.00013761055 -0.000869727402 0.0199183952
v -0 -0.000884435431 0.019853916
v -0 -0.00130185834 0.0193155874
v 0.000179452705 -0.00116702518 0.0195166897
v 0.000386805448 -0.00129285257 0.0190280285
v 0.000304680376 -0.00140232302 0.0190494303
v 0.000187296449 -0.0013627779 0.0190417282
v -0 -0.00136017345 0.019046763
v 0.000287053466 -0.00132777565 0.0190351047
v 0.000186469173 -0.00144118501 0.0190568734
v -0 -0.00136017345 0.019046763
v -0 -0.00159872463 0.0190730207
v 0.000153129789 0.00120422954 0.0191456825
v 0.000132902482 0.00113651587 0.0189090185
v 0.000404941064 0.00102883053 0.0189239308
v 0.00058063207 0.000940546684 0.0191822387
v 0.000728862593 0.000724557671 0.0189705007
v 0.000266635034 0.00102620211 0.0197692774
v 0.000855664723 0.000641126826 0.0192285217
v 0.00094353687 0.000358289166 0.0190283749
v 0.000530634075 0.000795419735 0.0197111368
v 0.000183556534 0.000354191841 0.0201533549
v 0.000731624372 0.000523496128 0.019809369
v 0.00100083055 0.000138878167 0.0193094201
v 0.000984844519 -0.000148202162 0.0191150364
v 0.000838072272 0.000153945395 0.0198605396
v 0.000995506998 -0.000353134557 0.0193901919
v 0.000932835741 -0.000630726805 0.0191907361
v 0.000469021528 1.39312815E-05 0.0201075803
v 0.000183098702 -0.000283926172 0.0202568118
v 0.000834240229 -0.000201443603 0.019910844
v 0.000912326563 -0.000571126351 0.0194221102
v 0.000720215146 -0.000534650229 0.0199591424
v 0.000785208947 -0.000778283633 0.0194621067
v 0.000656678865 -0.0010652265 0.0192932952
v 0.000664177292 -0.00105704658 0.0195545591
v 0.00041277337 -0.00127341889 0.019379925
v 0.000367737404 -0.0013196395 0.0194702409
v 0.000300453888 -0.00131814624 0.0195681825
v 0.000569790078 -0.000813530758 0.0199371148
v 0.0001674878 -0.000780421193 0.0201172475
v -0.000540687761 -0.00104166893 0.0191611331
v -0.000579689164 -0.000781858864 0.0191959254
v -0.000442084041 -0.000942473242 0.0192744732
v -0.000284978247 -0.00123299251 0.0193356276
v -0.00043149892 -0.00130147859 0.0191263445
v -0.00030447889 -0.00110308814 0.0193530247
v -2.92687491E-05 -0.00142431702 0.0195101202
v -0 -0.00190846703 0.0193765722
v -0 -0.00240808888 0.0190709215
v -0.000306954462 -0.00215283013 0.0190897025
v -0.000460116367 -0.00195314409 0.0191328377
v -0.000559302047 -0.0017646004 0.0191859696
v -0.000524359988 -0.00119902589 0.0195971243
v -0 -0.00127440423 0.0199628975
v -0.000630676805 -0.000800903712 0.0199863389
v -0.00104871998 -0.000617059763 0.0196204744
v -0.00101253542 -0.000761587522 0.0195342619
v -0.000864815898 -0.00114822935 0.0193829499
v -0.000709895277 -0.00145532982 0.0192866102
v -0 0.000647193461 0.0213944595
v -0 0.00056160707 0.0215692334
v 8.25384705E-05 0.000618896971 0.0214888304
v 0.00108899875 -0.00073677738 0.0186900068
v 0.00100207655 -0.00106539903 0.0185496025
v 0.00095368555 -0.000834187493 0.0187301897
v 0.00107257289 -0.000372498733 0.0187142342
v 0.000983641599 -0.000706578488 0.0185341705
v 0.00108899875 -0.00073677738 0.0186900068
v 0.00124776561 -0.000147063387 0.0191257447
v 0.00130633009 6.09954259E-05 0.0194476601
v 0.00125227752 0.000291833712 0.0192610677
v 0.000983641599 -0.000706578488 0.0185341705
v 0.00100207655 -0.00106539903 0.0185496025
v 0.00108899875 -0.00073677738 0.0186900068
v 0.00119879469 0.000103953607 0.0189308692
v 0.00110983651 -0.000233482118 0.0188061614
v 0.00124776561 -0.000147063387 0.0191257447
v 0.00110983651 -0.000233482118 0.0188061614
v 0.00107557641 -0.000366145803 0.0188042633
v 0.00116964453 -0.000436546485 0.0188996922
v 0.00124776561 -0.000147063387 0.0191257447
v 0.00110983651 -0.000233482118 0.0188061614
v 0.00116964453 -0.000436546485 0.0188996922
v 0.00107557641 -0.000366145803 0.0188042633
v 0.00107257289 -0.000372498733 0.0187142342
v 0.00108899875 -0.00073677738 0.0186900068
v 0.00107557641 -0.000366145803 0.0188042633
v 0.00108899875 -0.00073677738 0.0186900068
v 0.00116964453 -0.000436546485 0.0188996922
v 0.00125227752 0.000291833712 0.0192610677
v 0.00119879469 0.000103953607 0.0189308692
v 0.00124776561 -0.000147063387 0.0191257447
v 0.0013478566 0.000181816489 0.0201306958
v 0.0012613947 0.000306049478 0.0196206179
v 0.00133845955 0.00016741181 0.0197558701
v 0.0012613947 0.000306049478 0.0196206179
v 0.00125227752 0.000291833712 0.0192610677
v 0.00130633009 6.09954259E-05 0.0194476601
v 0.00133845955 0.00016741181 0.0197558701
v 0.0012613947 0.000306049478 0.0196206179
v 0.00130633009 6.09954259E-05 0.0194476601
v 0.00095368555 -0.000834187493 0.0187301897
v 0.000998622854 -0.000674027717 0.0189684741
v 0.00108899875 -0.00073677738 0.0186900068
v 0.000998622854 -0.000674027717 0.0189684741
v 0.00105020369 -0.000475701236 0.018995326
v 0.00116964453 -0.000436546485 0.0188996922
v 0.00108899875 -0.00073677738 0.0186900068
v 0.000998622854 -0.000674027717 0.0189684741
v 0.00116964453 -0.000436546485 0.0188996922
v 0.00105020369 -0.000475701236 0.018995326
v 0.00107490062 -0.000396066665 0.0192691032
v 0.00124776561 -0.000147063387 0.0191257447
v 0.00107490062 -0.000396066665 0.0192691032
v 0.00113550597 -0.00016726843 0.0193726048
v 0.00124776561 -0.000147063387 0.0191257447
v 0.00119499885 4.23547062E-05 0.0197291747
v 0.0013478566 0.000181816489 0.0201306958
v 0.00133845955 0.00016741181 0.0197558701
v 0.00113550597 -0.00016726843 0.0193726048
v 0.00119499885 4.23547062E-05 0.0197291747
v 0.00130633009 6.09954259E-05 0.0194476601
v 0.00119499885 4.23547062E-05 0.0197291747
v 0.00133845955 0.00016741181 0.0197558701
v 0.00130633009 6.09954259E-05 0.0194476601
v 0.00130633009 6.09954259E-05 0.0194476601
v 0.00124776561 -0.000147063387 0.0191257447
v 0.00113550597 -0.00016726843 0.0193726048
v 0.00124776561 -0.000147063387 0.0191257447
v 0.00116964453 -0.000436546485 0.0188996922
v 0.00105020369 -0.000475701236 0.018995326
v 0.00100930675 -0.000639721577 0.0182156172
v 0.000894657453 -0.000978063676 0.0181281995
v 0.000879092142 -0.00072644843 0.0182858706
v 0.00100547587 -0.000274640042 0.0181996059
v 0.000882849679 -0.000622721447 0.0180741381
v 0.00100930675 -0.000639721577 0.0182156172
v 0.00124494697 -1.22777183E-05 0.0185527001
v 0.00135544734 0.000227658238 0.0188365448
v 0.0012800371 0.000438373681 0.0186342131
v 0.000882849679 -0.000622721447 0.0180741381
v 0.000894657453 -0.000978063676 0.0181281995
v 0.00100930675 -0.000639721577 0.0182156172
v 0.00117382698 0.000217347901 0.0183391608
v 0.0010592693 -0.000127920095 0.0182684883
v 0.00124494697 -1.22777183E-05 0.0185527001
v 0.0010592693 -0.000127920095 0.0182684883
v 0.0010218987 -0.000258460495 0.0182869174
v 0.00112729648 -0.000321624131 0.0183753092
v 0.00124494697 -1.22777183E-05 0.0185527001
v 0.0010592693 -0.000127920095 0.0182684883
v 0.00112729648 -0.000321624131 0.0183753092
v 0.0010218987 -0.000258460495 0.0182869174
v 0.00100547587 -0.000274640042 0.0181996059
v 0.00100930675 -0.000639721577 0.0182156172
v 0.0010218987 -0.000258460495 0.0182869174
v 0.00100930675 -0.000639721577 0.0182156172
v 0.00112729648 -0.000321624131 0.0183753092
v 0.0012800371 0.000438373681 0.0186342131
v 0.00117382698 0.000217347901 0.0183391608
v 0.00124494697 -1.22777183E-05 0.0185527001
v 0.0015003304 0.000421753735 0.0194878485
v 0.00134250778 0.000492030056 0.0189846177
v 0.00143532187 0.000366225693 0.0191224981
v 0.00134250778 0.000492030056 0.0189846177
v 0.0012800371 0.000438373681 0.0186342131
v 0.00135544734 0.000227658238 0.0188365448
v 0.00143532187 0.000366225693 0.0191224981
v 0.00134250778 0.000492030056 0.0189846177
v 0.00135544734 0.000227658238 0.0188365448
v 0.000879092142 -0.00072644843 0.0182858706
v 0.000962604245 -0.000542801106 0.0184950363
v 0.00100930675 -0.000639721577 0.0182156172
v 0.000962604245 -0.000542801106 0.0184950363
v 0.0010223788 -0.000344998116 0.0184910335
v 0.00112729648 -0.000321624131 0.0183753092
v 0.00100930675 -0.000639721577 0.0182156172
v 0.000962604245 -0.000542801106 0.0184950363
v 0.00112729648 -0.000321624131 0.0183753092
v 0.0010223788 -0.000344998116 0.0184910335
v 0.00108916918 -0.000236542473 0.0187473129
v 0.00124494697 -1.22777183E-05 0.0185527001
v 0.00108916918 -0.000236542473 0.0187473129
v 0.00116992719 -3.42214463E-07 0.0188138131
v 0.00124494697 -1.22777183E-05 0.0185527001
v 0.00128650293 0.000244956056 0.0191314016
v 0.0015003304 0.000421753735 0.0194878485
v 0.00143532187 0.000366225693 0.0191224981
v 0.00116992719 -3.42214463E-07 0.0188138131
v 0.00128650293 0.000244956056 0.0191314016
v 0.00135544734 0.000227658238 0.0188365448
v 0.00128650293 0.000244956056 0.0191314016
v 0.00143532187 0.000366225693 0.0191224981
v 0.00135544734 0.000227658238 0.0188365448
v 0.00135544734 0.000227658238 0.0188365448
v 0.00124494697 -1.22777183E-05 0.0185527001
v 0.00116992719 -3.42214463E-07 0.0188138131
v 0.00124494697 -1.22777183E-05 0.0185527001
v 0.00112729648 -0.000321624131 0.0183753092
v 0.0010223788 -0.000344998116 0.0184910335
v -0 0.00056160707 0.0215692334
v -0 0.00114838476 0.0218377504
v 8.25384705E-05 0.000618896971 0.0214888304
v 8.25384705E-05 0.000618896971 0.0214888304
v -0 0.00114838476 0.0218377504
v -0 0.000647193461 0.0213944595
v 0.00107629015 -0.000733903202 0.0186902098
v 0.000947641034 -0.000828123651 0.0187245347
v 0.000988904038 -0.0010612593 0.0185480677
v 0.00106270181 -0.000373153714 0.0187173896
v 0.00107629015 -0.000733903202 0.0186902098
v 0.000975321513 -0.000707042345 0.0185397062
v 0.00123727985 -0.000143071957 0.0191248171
v 0.00124235393 0.000290572032 0.0192621928
v 0.00129524781 6.39020509E-05 0.0194475837
v 0.000975321513 -0.000707042345 0.0185397062
v 0.00107629015 -0.000733903202 0.0186902098
v 0.000988904038 -0.0010612593 0.0185480677
v 0.001189125 0.000104256113 0.0189336892
v 0.00123727985 -0.000143071957 0.0191248171
v 0.00110144156 -0.000232277438 0.0188120548
v 0.00110144156 -0.000232277438 0.0188120548
v 0.00115678879 -0.00043331724 0.0189004242
v 0.00106589275 -0.00036595366 0.0188091062
v 0.00123727985 -0.000143071957 0.0191248171
v 0.00115678879 -0.00043331724 0.0189004242
v 0.00110144156 -0.000232277438 0.0188120548
v 0.00106589275 -0.00036595366 0.0188091062
v 0.00107629015 -0.000733903202 0.0186902098
v 0.00106270181 -0.000373153714 0.0187173896
v 0.00106589275 -0.00036595366 0.0188091062
v 0.00115678879 -0.00043331724 0.0189004242
v 0.00107629015 -0.000733903202 0.0186902098
v 0.00124235393 0.000290572032 0.0192621928
v 0.00123727985 -0.000143071957 0.0191248171
v 0.001189125 0.000104256113 0.0189336892
v 0.00133538421 0.000184233184 0.0201309156
v 0.0013261328 0.000170256972 0.0197560322
v 0.00125186855 0.000302698725 0.0196210947
v 0.00125186855 0.000302698725 0.0196210947
v 0.00129524781 6.39020509E-05 0.0194475837
v 0.00124235393 0.000290572032 0.0192621928
v 0.0013261328 0.000170256972 0.0197560322
v 0.00129524781 6.39020509E-05 0.0194475837
v 0.00125186855 0.000302698725 0.0196210947
v 0.000947641034 -0.000828123651 0.0187245347
v 0.00107629015 -0.000733903202 0.0186902098
v 0.000991639448 -0.000668871216 0.0189628862
v 0.000991639448 -0.000668871216 0.0189628862
v 0.00115678879 -0.00043331724 0.0189004242
v 0.00104193576 -0.000470926199 0.0189907812
v 0.00107629015 -0.000733903202 0.0186902098
v 0.00115678879 -0.00043331724 0.0189004242
v 0.000991639448 -0.000668871216 0.0189628862
v 0.00104193576 -0.000470926199 0.0189907812
v 0.00123727985 -0.000143071957 0.0191248171
v 0.0010662321 -0.000391334994 0.0192668699
v 0.0010662321 -0.000391334994 0.0192668699
v 0.00123727985 -0.000143071957 0.0191248171
v 0.00112741743 -0.000162058801 0.0193695091
v 0.00118796225 4.9444996E-05 0.0197278131
v 0.0013261328 0.000170256972 0.0197560322
v 0.00133538421 0.000184233184 0.0201309156
v 0.00112741743 -0.000162058801 0.0193695091
v 0.00129524781 6.39020509E-05 0.0194475837
v 0.00118796225 4.9444996E-05 0.0197278131
v 0.00118796225 4.9444996E-05 0.0197278131
v 0.00129524781 6.39020509E-05 0.0194475837
v 0.0013261328 0.000170256972 0.0197560322
v 0.00129524781 6.39020509E-05 0.0194475837
v 0.00112741743 -0.000162058801 0.0193695091
v 0.00123727985 -0.000143071957 0.0191248171
v 0.00123727985 -0.000143071957 0.0191248171
v 0.00104193576 -0.000470926199 0.0189907812
v 0.00115678879 -0.00043331724 0.0189004242
v 0.000996841118 -0.00063632481 0.018217314
v 0.000872427481 -0.000720807526 0.0182804801
v 0.000881507061 -0.000973584247 0.0181281101
v 0.000996166375 -0.000274536054 0.0182042047
v 0.000996841118 -0.00063632481 0.018217314
v 0.000875429658 -0.000622227089 0.0180808306
v 0.0012345392 -7.98814017E-06 0.018552836
v 0.0012703609 0.000437651935 0.0186368953
v 0.00134454889 0.000230989506 0.0188377295
v 0.000875429658 -0.000622227089 0.0180808306
v 0.000996841118 -0.00063632481 0.018217314
v 0.000881507061 -0.000973584247 0.0181281101
v 0.00116469013 0.000218357163 0.0183432903
v 0.0012345392 -7.98814017E-06 0.018552836
v 0.00105186889 -0.000125726074 0.0182753503
v 0.00105186889 -0.000125726074 0.0182753503
v 0.00111477182 -0.000317810249 0.0183775052
v 0.00101304415 -0.000257335865 0.0182930492
v 0.0012345392 -7.98814017E-06 0.018552836
v 0.00111477182 -0.000317810249 0.0183775052
v 0.00105186889 -0.000125726074 0.0182753503
v 0.00101304415 -0.000257335865 0.0182930492
v 0.000996841118 -0.00063632481 0.018217314
v 0.000996166375 -0.000274536054 0.0182042047
v 0.00101304415 -0.000257335865 0.0182930492
v 0.00111477182 -0.000317810249 0.0183775052
v 0.000996841118 -0.00063632481 0.018217314
v 0.0012703609 0.000437651935 0.0186368953
v 0.0012345392 -7.98814017E-06 0.018552836
v 0.00116469013 0.000218357163 0.0183432903
v 0.00148808956 0.000424688449 0.0194895808
v 0.00142322702 0.000369573536 0.0191241037
v 0.00133307802 0.000489145576 0.0189868454
v 0.00133307802 0.000489145576 0.0189868454
v 0.00134454889 0.000230989506 0.0188377295
v 0.0012703609 0.000437651935 0.0186368953
v 0.00142322702 0.000369573536 0.0191241037
v 0.00134454889 0.000230989506 0.0188377295
v 0.00133307802 0.000489145576 0.0189868454
v 0.000872427481 -0.000720807526 0.0182804801
v 0.000996841118 -0.00063632481 0.018217314
v 0.000954999356 -0.000538014981 0.0184899569
v 0.000954999356 -0.000538014981 0.0184899569
v 0.00111477182 -0.000317810249 0.0183775052
v 0.00101364881 -0.000340422528 0.0184872057
v 0.000996841118 -0.00063632481 0.018217314
v 0.00111477182 -0.000317810249 0.0183775052
v 0.000954999356 -0.000538014981 0.0184899569
v 0.00101364881 -0.000340422528 0.0184872057
v 0.0012345392 -7.98814017E-06 0.018552836
v 0.00108038308 -0.000231737198 0.0187458191
v 0.00108038308 -0.000231737198 0.0187458191
v 0.0012345392 -7.98814017E-06 0.018552836
v 0.00116159895 4.81840198E-06 0.0188113321
v 0.00127951603 0.000252133323 0.0191302542
v 0.00142322702 0.000369573536 0.0191241037
v 0.00148808956 0.000424688449 0.0194895808
v 0.00116159895 4.81840198E-06 0.0188113321
v 0.00134454889 0.000230989506 0.0188377295
v 0.00127951603 0.000252133323 0.0191302542
v 0.00127951603 0.000252133323 0.0191302542
v 0.00134454889 0.000230989506 0.0188377295
v 0.00142322702 0.000369573536 0.0191241037
v 0.00134454889 0.000230989506 0.0188377295
v 0.00116159895 4.81840198E-06 0.0188113321
v 0.0012345392 -7.98814017E-06 0.018552836
v 0.0012345392 -7.98814017E-06 0.018552836
v 0.00101364881 -0.000340422528 0.0184872057
v 0.00111477182 -0.000317810249 0.0183775052
v 0.000236049324 -0.00181151391 0.0182512831
v 0.000183050448 -0.00175192754 0.0182565898
v 0.000198228285 -0.00174342224 0.0181779154
v 0.000236049324 -0.00181151391 0.0182512831
v 0.000198228285 -0.00174342224 0.0181779154
v 0.000247900985 -0.00180227065 0.0181759186
v -0 0.000647193461 0.0213944595
v -8.25384705E-05 0.000618896971 0.0214888304
v -0 0.00056160707 0.0215692334
v -0.00108899875 -0.00073677738 0.0186900068
v -0.00095368555 -0.000834187493 0.0187301897
v -0.00100207655 -0.00106539903 0.0185496025
v -0.00107257289 -0.000372498733 0.0187142342
v -0.00108899875 -0.00073677738 0.0186900068
v -0.000983641599 -0.000706578488 0.0185341705
v -0.00124776561 -0.000147063387 0.0191257447
v -0.00125227752 0.000291833712 0.0192610677
v -0.00130633009 6.09954259E-05 0.0194476601
v -0.000983641599 -0.000706578488 0.0185341705
v -0.00108899875 -0.00073677738 0.0186900068
v -0.00100207655 -0.00106539903 0.0185496025
v -0.00119879469 0.000103953607 0.0189308692
v -0.00124776561 -0.000147063387 0.0191257447
v -0.00110983651 -0.000233482118 0.0188061614
v -0.00110983651 -0.000233482118 0.0188061614
v -0.00116964453 -0.000436546485 0.0188996922
v -0.00107557641 -0.000366145803 0.0188042633
v -0.00124776561 -0.000147063387 0.0191257447
v -0.00116964453 -0.000436546485 0.0188996922
v -0.00110983651 -0.000233482118 0.0188061614
v -0.00107557641 -0.000366145803 0.0188042633
v -0.00108899875 -0.00073677738 0.0186900068
v -0.00107257289 -0.000372498733 0.0187142342
v -0.00107557641 -0.000366145803 0.0188042633
v -0.00116964453 -0.000436546485 0.0188996922
v -0.00108899875 -0.00073677738 0.0186900068
v -0.00125227752 0.000291833712 0.0192610677
v -0.00124776561 -0.000147063387 0.0191257447
v -0.00119879469 0.000103953607 0.0189308692
v -0.0013478566 0.000181816489 0.0201306958
v -0.00133845955 0.00016741181 0.0197558701
v -0.0012613947 0.000306049478 0.0196206179
v -0.0012613947 0.000306049478 0.0196206179
v -0.00130633009 6.09954259E-05 0.0194476601
v -0.00125227752 0.000291833712 0.0192610677
v -0.00133845955 0.00016741181 0.0197558701
v -0.00130633009 6.09954259E-05 0.0194476601
v -0.0012613947 0.000306049478 0.0196206179
v -0.00095368555 -0.000834187493 0.0187301897
v -0.00108899875 -0.00073677738 0.0186900068
v -0.000998622854 -0.000674027717 0.0189684741
v -0.000998622854 -0.000674027717 0.0189684741
v -0.00116964453 -0.000436546485 0.0188996922
v -0.00105020369 -0.000475701236 0.018995326
v -0.00108899875 -0.00073677738 0.0186900068
v -0.00116964453 -0.000436546485 0.0188996922
v -0.000998622854 -0.000674027717 0.0189684741
v -0.00105020369 -0.000475701236 0.018995326
v -0.00124776561 -0.000147063387 0.0191257447
v -0.00107490062 -0.000396066665 0.0192691032
v -0.00107490062 -0.000396066665 0.0192691032
v -0.00124776561 -0.000147063387 0.0191257447
v -0.00113550597 -0.00016726843 0.0193726048
v -0.00119499885 4.23547062E-05 0.0197291747
v -0.00133845955 0.00016741181 0.0197558701
v -0.0013478566 0.000181816489 0.0201306958
v -0.00113550597 -0.00016726843 0.0193726048
v -0.00130633009 6.09954259E-05 0.0194476601
v -0.00119499885 4.23547062E-05 0.0197291747
v -0.00119499885 4.23547062E-05 0.0197291747
v -0.00130633009 6.09954259E-05 0.0194476601
v -0.00133845955 0.00016741181 0.0197558701
v -0.00130633009 6.09954259E-05 0.0194476601
v -0.00113550597 -0.00016726843 0.0193726048
v -0.00124776561 -0.000147063387 0.0191257447
v -0.00124776561 -0.000147063387 0.0191257447
v -0.00105020369 -0.000475701236 0.018995326
v -0.00116964453 -0.000436546485 0.0188996922
v -0.00100930675 -0.000639721577 0.0182156172
v -0.000879092142 -0.00072644843 0.0182858706
v -0.000894657453 -0.000978063676 0.0181281995
v -0.00100547587 -0.000274640042 0.0181996059
v -0.00100930675 -0.000639721577 0.0182156172
v -0.000882849679 -0.000622721447 0.0180741381
v -0.00124494697 -1.22777183E-05 0.0185527001
v -0.0012800371 0.000438373681 0.0186342131
v -0.00135544734 0.000227658238 0.0188365448
v -0.000882849679 -0.000622721447 0.0180741381
v -0.00100930675 -0.000639721577 0.0182156172
v -0.000894657453 -0.000978063676 0.0181281995
v -0.00117382698 0.000217347901 0.0183391608
v -0.00124494697 -1.22777183E-05 0.0185527001
v -0.0010592693 -0.000127920095 0.0182684883
v -0.0010592693 -0.000127920095 0.0182684883
v -0.00112729648 -0.000321624131 0.0183753092
v -0.0010218987 -0.000258460495 0.0182869174
v -0.00124494697 -1.22777183E-05 0.0185527001
v -0.00112729648 -0.000321624131 0.0183753092
v -0.0010592693 -0.000127920095 0.0182684883
v -0.0010218987 -0.000258460495 0.0182869174
v -0.00100930675 -0.000639721577 0.0182156172
v -0.00100547587 -0.000274640042 0.0181996059
v -0.0010218987 -0.000258460495 0.0182869174
v -0.00112729648 -0.000321624131 0.0183753092
v -0.00100930675 -0.000639721577 0.0182156172
v -0.0012800371 0.000438373681 0.0186342131
v -0.00124494697 -1.22777183E-05 0.0185527001
v -0.00117382698 0.000217347901 0.0183391608
v -0.0015003304 0.000421753735 0.0194878485
v -0.00143532187 0.000366225693 0.0191224981
v -0.00134250778 0.000492030056 0.0189846177
v -0.00134250778 0.000492030056 0.0189846177
v -0.00135544734 0.000227658238 0.0188365448
v -0.0012800371 0.000438373681 0.0186342131
v -0.00143532187 0.000366225693 0.0191224981
v -0.00135544734 0.000227658238 0.0188365448
v -0.00134250778 0.000492030056 0.0189846177
v -0.000879092142 -0.00072644843 0.0182858706
v -0.00100930675 -0.000639721577 0.0182156172
v -0.000962604245 -0.000542801106 0.0184950363
v -0.000962604245 -0.000542801106 0.0184950363
v -0.00112729648 -0.000321624131 0.0183753092
v -0.0010223788 -0.000344998116 0.0184910335
v -0.00100930675 -0.000639721577 0.0182156172
v -0.00112729648 -0.000321624131 0.0183753092
v -0.000962604245 -0.000542801106 0.0184950363
v -0.0010223788 -0.000344998116 0.0184910335
v -0.00124494697 -1.22777183E-05 0.0185527001
v -0.00108916918 -0.000236542473 0.0187473129
v -0.00108916918 -0.000236542473 0.0187473129
v -0.00124494697 -1.22777183E-05 0.0185527001
v -0.00116992719 -3.42214463E-07 0.0188138131
v -0.00128650293 0.000244956056 0.0191314016
v -0.00143532187 0.000366225693 0.0191224981
v -0.0015003304 0.000421753735 0.0194878485
v -0.00116992719 -3.42214463E-07 0.0188138131
v -0.00135544734 0.000227658238 0.0188365448
v -0.00128650293 0.000244956056 0.0191314016
v -0.00128650293 0.000244956056 0.0191314016
v -0.00135544734 0.000227658238 0.0188365448
v -0.00143532187 0.000366225693 0.0191224981
v -0.00135544734 0.000227658238 0.0188365448
v -0.00116992719 -3.42214463E-07 0.0188138131
v -0.00124494697 -1.22777183E-05 0.0185527001
v -0.00124494697 -1.22777183E-05 0.0185527001
v -0.0010223788 -0.000344998116 0.0184910335
v -0.00112729648 -0.000321624131 0.0183753092
v -0 0.00056160707 0.0215692334
v -8.25384705E-05 0.000618896971 0.0214888304
v -0 0.00114838476 0.0218377504
v -8.25384705E-05 0.000618896971 0.0214888304
v -0 0.000647193461 0.0213944595
v -0 0.00114838476 0.0218377504
v -0.00107629015 -0.000733903202 0.0186902098
v -0.000988904038 -0.0010612593 0.0185480677
v -0.000947641034 -0.000828123651 0.0187245347
v -0.00106270181 -0.000373153714 0.0187173896
v -0.000975321513 -0.000707042345 0.0185397062
v -0.00107629015 -0.000733903202 0.0186902098
v -0.00123727985 -0.000143071957 0.0191248171
v -0.00129524781 6.39020509E-05 0.0194475837
v -0.00124235393 0.000290572032 0.0192621928
v -0.000975321513 -0.000707042345 0.0185397062
v -0.000988904038 -0.0010612593 0.0185480677
v -0.00107629015 -0.000733903202 0.0186902098
v -0.001189125 0.000104256113 0.0189336892
v -0.00110144156 -0.000232277438 0.0188120548
v -0.00123727985 -0.000143071957 0.0191248171
v -0.00110144156 -0.000232277438 0.0188120548
v -0.00106589275 -0.00036595366 0.0188091062
v -0.00115678879 -0.00043331724 0.0189004242
v -0.00123727985 -0.000143071957 0.0191248171
v -0.00110144156 -0.000232277438 0.0188120548
v -0.00115678879 -0.00043331724 0.0189004242
v -0.00106589275 -0.00036595366 0.0188091062
v -0.00106270181 -0.000373153714 0.0187173896
v -0.00107629015 -0.000733903202 0.0186902098
v -0.00106589275 -0.00036595366 0.0188091062
v -0.00107629015 -0.000733903202 0.0186902098
v -0.00115678879 -0.00043331724 0.0189004242
v -0.00124235393 0.000290572032 0.0192621928
v -0.001189125 0.000104256113 0.0189336892
v -0.00123727985 -0.000143071957 0.0191248171
v -0.00133538421 0.000184233184 0.0201309156
v -0.00125186855 0.000302698725 0.0196210947
v -0.0013261328 0.000170256972 0.0197560322
v -0.00125186855 0.000302698725 0.0196210947
v -0.00124235393 0.000290572032 0.0192621928
v -0.00129524781 6.39020509E-05 0.0194475837
v -0.0013261328 0.000170256972 0.0197560322
v -0.00125186855 0.000302698725 0.0196210947
v -0.00129524781 6.39020509E-05 0.0194475837
v -0.000947641034 -0.000828123651 0.0187245347
v -0.000991639448 -0.000668871216 0.0189628862
v -0.00107629015 -0.000733903202 0.0186902098
v -0.000991639448 -0.000668871216 0.0189628862
v -0.00104193576 -0.000470926199 0.0189907812
v -0.00115678879 -0.00043331724 0.0189004242
v -0.00107629015 -0.000733903202 0.0186902098
v -0.000991639448 -0.000668871216 0.0189628862
v -0.00115678879 -0.00043331724 0.0189004242
v -0.00104193576 -0.000470926199 0.0189907812
v -0.0010662321 -0.000391334994 0.0192668699
v -0.00123727985 -0.000143071957 0.0191248171
v -0.0010662321 -0.000391334994 0.0192668699
v -0.00112741743 -0.000162058801 0.0193695091
v -0.00123727985 -0.000143071957 0.0191248171
v -0.00118796225 4.9444996E-05 0.0197278131
v -0.00133538421 0.000184233184 0.0201309156
v -0.0013261328 0.000170256972 0.0197560322
v -0.00112741743 -0.000162058801 0.0193695091
v -0.00118796225 4.9444996E-05 0.0197278131
v -0.00129524781 6.39020509E-05 0.0194475837
v -0.00118796225 4.9444996E-05 0.0197278131
v -0.0013261328 0.000170256972 0.0197560322
v -0.00129524781 6.39020509E-05 0.0194475837
v -0.00129524781 6.39020509E-05 0.0194475837
v -0.00123727985 -0.000143071957 0.0191248171
v -0.00112741743 -0.000162058801 0.0193695091
v -0.00123727985 -0.000143071957 0.0191248171
v -0.00115678879 -0.00043331724 0.0189004242
v -0.00104193576 -0.000470926199 0.0189907812
v -0.000996841118 -0.00063632481 0.018217314
v -0.000881507061 -0.000973584247 0.0181281101
v -0.000872427481 -0.000720807526 0.0182804801
v -0.000996166375 -0.000274536054 0.0182042047
v -0.000875429658 -0.000622227089 0.0180808306
v -0.000996841118 -0.00063632481 0.018217314
v -0.0012345392 -7.98814017E-06 0.018552836
v -0.00134454889 0.000230989506 0.0188377295
v -0.0012703609 0.000437651935 0.0186368953
v -0.000875429658 -0.000622227089 0.0180808306
v -0.000881507061 -0.000973584247 0.0181281101
v -0.000996841118 -0.00063632481 0.018217314
v -0.00116469013 0.000218357163 0.0183432903
v -0.00105186889 -0.000125726074 0.0182753503
v -0.0012345392 -7.98814017E-06 0.018552836
v -0.00105186889 -0.000125726074 0.0182753503
v -0.00101304415 -0.000257335865 0.0182930492
v -0.00111477182 -0.000317810249 0.0183775052
v -0.0012345392 -7.98814017E-06 0.018552836
v -0.00105186889 -0.000125726074 0.0182753503
v -0.00111477182 -0.000317810249 0.0183775052
v -0.00101304415 -0.000257335865 0.0182930492
v -0.000996166375 -0.000274536054 0.0182042047
v -0.000996841118 -0.00063632481 0.018217314
v -0.00101304415 -0.000257335865 0.0182930492
v -0.000996841118 -0.00063632481 0.018217314
v -0.00111477182 -0.000317810249 0.0183775052
v -0.0012703609 0.000437651935 0.0186368953
v -0.00116469013 0.000218357163 0.0183432903
v -0.0012345392 -7.98814017E-06 0.018552836
v -0.00148808956 0.000424688449 0.0194895808
v -0.00133307802 0.000489145576 0.0189868454
v -0.00142322702 0.000369573536 0.0191241037
v -0.00133307802 0.000489145576 0.0189868454
v -0.0012703609 0.000437651935 0.0186368953
v -0.00134454889 0.000230989506 0.0188377295
v -0.00142322702 0.000369573536 0.0191241037
v -0.00133307802 0.000489145576 0.0189868454
v -0.00134454889 0.000230989506 0.0188377295
v -0.000872427481 -0.000720807526 0.0182804801
v -0.000954999356 -0.000538014981 0.0184899569
v -0.000996841118 -0.00063632481 0.018217314
v -0.000954999356 -0.000538014981 0.0184899569
v -0.00101364881 -0.000340422528 0.0184872057
v -0.00111477182 -0.000317810249 0.0183775052
v -0.000996841118 -0.00063632481 0.018217314
v -0.000954999356 -0.000538014981 0.0184899569
v -0.00111477182 -0.000317810249 0.0183775052
v -0.00101364881 -0.000340422528 0.0184872057
v -0.00108038308 -0.000231737198 0.0187458191
v -0.0012345392 -7.98814017E-06 0.018552836
v -0.00108038308 -0.000231737198 0.0187458191
v -0.00116159895 4.81840198E-06 0.0188113321
v -0.0012345392 -7.98814017E-06 0.018552836
v -0.00127951603 0.000252133323 0.0191302542
v -0.00148808956 0.000424688449 0.0194895808
v -0.00142322702 0.000369573536 0.0191241037
v -0.00116159895 4.81840198E-06 0.0188113321
v -0.00127951603 0.000252133323 0.0191302542
v -0.00134454889 0.000230989506 0.0188377295
v -0.00127951603 0.000252133323 0.0191302542
v -0.00142322702 0.000369573536 0.0191241037
v -0.00134454889 0.000230989506 0.0188377295
v -0.00134454889 0.000230989506 0.0188377295
v -0.0012345392 -7.98814017E-06 0.018552836
v -0.00116159895 4.81840198E-06 0.0188113321
v -0.0012345392 -7.98814017E-06 0.018552836
v -0.00111477182 -0.000317810249 0.0183775052
v -0.00101364881 -0.000340422528 0.0184872057
v -0.000236049324 -0.00181151391 0.0182512831
v -0.000198228285 -0.00174342224 0.0181779154
v -0.000183050448 -0.00175192754 0.0182565898
v -0.000236049324 -0.00181151391 0.0182512831
v -0.000247900985 -0.00180227065 0.0181759186
v -0.000198228285 -0.00174342224 0.0181779154
v -0 0.00056160707 0.0215692334
v 0.000145077938 -0.000120861434 0.0207591411
v 0.000145077938 -0.000120861434 0.0207591411
v -0 0.00056160707 0.0215692334
v -0 0.000647193461 0.0213944595
v -0 -3.53772557E-05 0.0205763746
v 0.0010223788 -0.000344998116 0.0184910335
v 0.00101364881 -0.000340422528 0.0184872057
v 0.00108038308 -0.000231737198 0.0187458191
v 0.00108916918 -0.000236542473 0.0187473129
v 0.00119499885 4.23547062E-05 0.0197291747
v 0.00118796225 4.9444996E-05 0.0197278131
v 0.00133538421 0.000184233184 0.0201309156
v 0.0013478566 0.000181816489 0.0201306958
v 0.00116992719 -3.42214463E-07 0.0188138131
v 0.00116159895 4.81840198E-06 0.0188113321
v 0.00127951603 0.000252133323 0.0191302542
v 0.00128650293 0.000244956056 0.0191314016
v 0.0013478566 0.000181816489 0.0201306958
v 0.00133538421 0.000184233184 0.0201309156
v 0.00125186855 0.000302698725 0.0196210947
v 0.0012613947 0.000306049478 0.0196206179
v 0.00128650293 0.000244956056 0.0191314016
v 0.00127951603 0.000252133323 0.0191302542
v 0.00148808956 0.000424688449 0.0194895808
v 0.0015003304 0.000421753735 0.0194878485
v 0.0012613947 0.000306049478 0.0196206179
v 0.00125186855 0.000302698725 0.0196210947
v 0.00124235393 0.000290572032 0.0192621928
v 0.00125227752 0.000291833712 0.0192610677
v 0.0015003304 0.000421753735 0.0194878485
v 0.00148808956 0.000424688449 0.0194895808
v 0.00133307802 0.000489145576 0.0189868454
v 0.00134250778 0.000492030056 0.0189846177
v 0.00125227752 0.000291833712 0.0192610677
v 0.00124235393 0.000290572032 0.0192621928
v 0.001189125 0.000104256113 0.0189336892
v 0.00119879469 0.000103953607 0.0189308692
v 0.00134250778 0.000492030056 0.0189846177
v 0.00133307802 0.000489145576 0.0189868454
v 0.0012703609 0.000437651935 0.0186368953
v 0.0012800371 0.000438373681 0.0186342131
v 0.00119879469 0.000103953607 0.0189308692
v 0.001189125 0.000104256113 0.0189336892
v 0.00110144156 -0.000232277438 0.0188120548
v 0.00110983651 -0.000233482118 0.0188061614
v 0.0012800371 0.000438373681 0.0186342131
v 0.0012703609 0.000437651935 0.0186368953
v 0.00116469013 0.000218357163 0.0183432903
v 0.00117382698 0.000217347901 0.0183391608
v 0.00107490062 -0.000396066665 0.0192691032
v 0.0010662321 -0.000391334994 0.0192668699
v 0.00112741743 -0.000162058801 0.0193695091
v 0.00113550597 -0.00016726843 0.0193726048
v 0.00095368555 -0.000834187493 0.0187301897
v 0.000947641034 -0.000828123651 0.0187245347
v 0.000991639448 -0.000668871216 0.0189628862
v 0.000998622854 -0.000674027717 0.0189684741
v 0.00117382698 0.000217347901 0.0183391608
v 0.00116469013 0.000218357163 0.0183432903
v 0.00105186889 -0.000125726074 0.0182753503
v 0.0010592693 -0.000127920095 0.0182684883
v 0.00110983651 -0.000233482118 0.0188061614
v 0.00110144156 -0.000232277438 0.0188120548
v 0.00106589275 -0.00036595366 0.0188091062
v 0.00107557641 -0.000366145803 0.0188042633
v 0.00100207655 -0.00106539903 0.0185496025
v 0.000988904038 -0.0010612593 0.0185480677
v 0.000947641034 -0.000828123651 0.0187245347
v 0.00095368555 -0.000834187493 0.0187301897
v 0.00108916918 -0.000236542473 0.0187473129
v 0.00108038308 -0.000231737198 0.0187458191
v 0.00116159895 4.81840198E-06 0.0188113321
v 0.00116992719 -3.42214463E-07 0.0188138131
v 0.000879092142 -0.00072644843 0.0182858706
v 0.000872427481 -0.000720807526 0.0182804801
v 0.000954999356 -0.000538014981 0.0184899569
v 0.000962604245 -0.000542801106 0.0184950363
v 0.000983641599 -0.000706578488 0.0185341705
v 0.000975321513 -0.000707042345 0.0185397062
v 0.000988904038 -0.0010612593 0.0185480677
v 0.00100207655 -0.00106539903 0.0185496025
v 0.0010592693 -0.000127920095 0.0182684883
v 0.00105186889 -0.000125726074 0.0182753503
v 0.00101304415 -0.000257335865 0.0182930492
v 0.0010218987 -0.000258460495 0.0182869174
v 0.000894657453 -0.000978063676 0.0181281995
v 0.000881507061 -0.000973584247 0.0181281101
v 0.000872427481 -0.000720807526 0.0182804801
v 0.000879092142 -0.00072644843 0.0182858706
v 0.00107257289 -0.000372498733 0.0187142342
v 0.00106270181 -0.000373153714 0.0187173896
v 0.000975321513 -0.000707042345 0.0185397062
v 0.000983641599 -0.000706578488 0.0185341705
v 0.000882849679 -0.000622721447 0.0180741381
v 0.000875429658 -0.000622227089 0.0180808306
v 0.000881507061 -0.000973584247 0.0181281101
v 0.000894657453 -0.000978063676 0.0181281995
v 0.00107557641 -0.000366145803 0.0188042633
v 0.00106589275 -0.00036595366 0.0188091062
v 0.00106270181 -0.000373153714 0.0187173896
v 0.00107257289 -0.000372498733 0.0187142342
v 0.00100547587 -0.000274640042 0.0181996059
v 0.000996166375 -0.000274536054 0.0182042047
v 0.000875429658 -0.000622227089 0.0180808306
v 0.000882849679 -0.000622721447 0.0180741381
v 0.000998622854 -0.000674027717 0.0189684741
v 0.000991639448 -0.000668871216 0.0189628862
v 0.00104193576 -0.000470926199 0.0189907812
v 0.00105020369 -0.000475701236 0.018995326
v 0.0010218987 -0.000258460495 0.0182869174
v 0.00101304415 -0.000257335865 0.0182930492
v 0.000996166375 -0.000274536054 0.0182042047
v 0.00100547587 -0.000274640042 0.0181996059
v 0.00105020369 -0.000475701236 0.018995326
v 0.00104193576 -0.000470926199 0.0189907812
v 0.0010662321 -0.000391334994 0.0192668699
v 0.00107490062 -0.000396066665 0.0192691032
v 0.000962604245 -0.000542801106 0.0184950363
v 0.000954999356 -0.000538014981 0.0184899569
v 0.00101364881 -0.000340422528 0.0184872057
v 0.0010223788 -0.000344998116 0.0184910335
v 0.00113550597 -0.00016726843 0.0193726048
v 0.00112741743 -0.000162058801 0.0193695091
v 0.00118796225 4.9444996E-05 0.0197278131
v 0.00119499885 4.23547062E-05 0.0197291747
v 0.000192689928 -0.00188838923 0.0185426027
v -0 -0.00214434671 0.0186669547
v -0 -0.00202461891 0.0183211211
v 0.000191635176 -0.00187929906 0.0184739195
v 0.000268543256 -0.0017866178 0.018434545
v 0.000268816279 -0.00181204826 0.0184921678
v 0.000118486823 -0.00198864075 0.018665066
v 0.000125833976 -0.00200754358 0.0187307801
v -0 -0.00214434671 0.0186669547
v 0.000192689928 -0.00188838923 0.0185426027
v 0.000208908372 -0.00192337192 0.0186682399
v 0.000417317322 -0.00181964098 0.0187495481
v 0.000356032542 -0.0017875972 0.0187614057
v 0.000356491015 -0.00179428898 0.0187970344
v 0.000418330834 -0.00182631752 0.0187899619
v 0.000645862776 -0.00113125914 0.0181931537
v 0.000585057365 -0.00109899812 0.0182058793
v 0.000581546163 -0.00112129701 0.0182861779
v 0.000642351632 -0.00115355803 0.0182734523
v 0.000418330834 -0.00182631752 0.0187899619
v 0.000356491015 -0.00179428898 0.0187970344
v 0.000299855776 -0.00191010966 0.0187957678
v 0.000364028208 -0.00193410448 0.0187727083
v 0.000605238194 -0.00122814777 0.0182825271
v 0.000544432783 -0.00119588675 0.0182952527
v 0.000552358048 -0.001159198 0.0181851145
v 0.000613163458 -0.00119145901 0.0181723889
v 0.000568049552 -0.00113802182 0.017746754
v 0.000507575867 -0.00110572204 0.0177614558
v 0.000504378055 -0.00108942145 0.0177445784
v 0.000562770641 -0.00112519972 0.0177300796
v 0.000519074616 -0.00164086162 0.018822806
v 0.000457234826 -0.00160883309 0.0188298784
v 0.000407378073 -0.00169876765 0.0188049637
v 0.000469217892 -0.00173079618 0.0187978931
v 0.000324754976 -0.00185420015 0.0184832439
v 0.000268816279 -0.00181204826 0.0184921678
v 0.000264833128 -0.00181965763 0.0184940919
v 0.000324993569 -0.00185378711 0.0184833258
v 0.000310234667 -0.00175061368 0.0181953255
v 0.000274948688 -0.00170911127 0.0181961562
v 0.000261442707 -0.00170473405 0.0182709023
v 0.000306780159 -0.00176107371 0.0182708949
v 0.000496676716 -0.00158112554 0.0185801201
v 0.000436401024 -0.00154811703 0.0185937956
v 0.000433118868 -0.00154061418 0.0185715463
v 0.000493279309 -0.00157474366 0.0185607802
v 0.000750138075 -0.00115885492 0.0186753739
v 0.000689977605 -0.00112472544 0.01868614
v 0.000690468471 -0.00112929218 0.0187144484
v 0.000750718231 -0.00116229209 0.0187006015
v 0.00052043813 -0.00165721797 0.0189117789
v 0.000458598312 -0.00162518944 0.0189188514
v 0.000457234826 -0.00160883309 0.0188298784
v 0.000519074616 -0.00164086162 0.018822806
v 0.000254096056 -0.00197431794 0.0186520349
v 0.000208908372 -0.00192337192 0.0186682399
v 0.000192689928 -0.00188838923 0.0185426027
v 0.000240462468 -0.00193852023 0.0185310449
v 0.000571358716 -0.00156405091 0.018931061
v 0.000509518897 -0.00153202238 0.0189381316
v 0.000458598312 -0.00162518944 0.0189188514
v 0.00052043813 -0.00165721797 0.0189117789
v 0.000487897807 -0.0014791257 0.018350957
v 0.000427092367 -0.00144686468 0.0183636826
v 0.000406605308 -0.00147761928 0.0183536019
v 0.000467410748 -0.0015098803 0.0183408763
v 0.000671930087 -0.00135785074 0.0188650191
v 0.000610090268 -0.0013258222 0.0188720897
v 0.000608462957 -0.00131401594 0.0188021027
v 0.000670302776 -0.00134604448 0.0187950321
v 0.000618986203 -0.00127372402 0.0184013452
v 0.000558180735 -0.001241463 0.0184140708
v 0.000551520381 -0.00121854746 0.0183568764
v 0.00061232585 -0.00125080848 0.0183441509
v 0.000195295434 -0.00184359576 0.0180819388
v 0.000136450763 -0.00178123079 0.018087035
v 0.000211584207 -0.00173435581 0.0180938561
v 0.000265723735 -0.00180226623 0.0180955268
v 0.00038026346 -0.00196382822 0.0188655853
v 0.000330611656 -0.00194048672 0.0189057272
v 0.000257001171 -0.00200449722 0.0188887957
v 0.000302011817 -0.00204561162 0.018847065
v 0.000670302776 -0.00134604448 0.0187950321
v 0.000608462957 -0.00131401594 0.0188021027
v 0.000650369795 -0.00123580592 0.0188107695
v 0.000712209614 -0.00126783457 0.0188036989
v 0.000691109453 -0.0011332765 0.0183841195
v 0.000630303985 -0.00110101548 0.0183968451
v 0.000591139193 -0.0011605625 0.0183788091
v 0.000651944662 -0.00119282352 0.0183660835
v 0.000716913724 -0.00129285897 0.0189632904
v 0.000655073905 -0.00126083044 0.018970361
v 0.000653283962 -0.00124784349 0.018893376
v 0.000715123781 -0.00127987214 0.0188863054
v 0.000370576076 -0.0016673815 0.0181711148
v 0.000308959075 -0.00163534714 0.0181805361
v 0.000307149661 -0.00164747937 0.0182252564
v 0.000368766632 -0.00167951372 0.0182158351
v 0.000468435755 -0.00172141381 0.0187468585
v 0.000407150976 -0.00168937014 0.0187587142
v 0.000404318591 -0.00168182468 0.0187339131
v 0.000464470533 -0.00171358138 0.0187173821
v 0.000803310249 -0.00111877173 0.0189208686
v 0.000741470431 -0.00108674308 0.0189279411
v 0.000697438081 -0.00116773613 0.0189132821
v 0.0007592779 -0.00119976478 0.0189062115
v 0.000304740301 -0.00166650908 0.0176625084
v 0.000242590671 -0.00163790432 0.0176773146
v 0.000235671454 -0.00164839788 0.0176685434
v 0.00028862711 -0.00169424387 0.0176484529
v 0.0007592779 -0.00119976478 0.0189062115
v 0.000697438081 -0.00116773613 0.0189132821
v 0.000699146593 -0.00118013227 0.0189867653
v 0.000760986411 -0.0012121608 0.0189796928
v 0.000412678346 -0.00159664289 0.0182331502
v 0.000351061375 -0.00156460842 0.0182425715
v 0.000352409261 -0.00155767531 0.0182202235
v 0.000414026232 -0.00158970966 0.0182108022
v 0.000340814498 -0.00162281201 0.0177295133
v 0.000278450025 -0.0015935516 0.0177421495
v 0.000277681334 -0.00160158437 0.0177582372
v 0.000340129191 -0.00163143827 0.0177477971
v 0.000289152755 -0.00166357309 0.0175914038
v 0.000236197171 -0.00161772722 0.0176114924
v 0.000241715607 -0.0016076368 0.0176151637
v 0.000303865119 -0.00163624145 0.0176003575
v 0.000467410748 -0.0015098803 0.0183408763
v 0.000406605308 -0.00147761928 0.0183536019
v 0.000385447813 -0.00151670736 0.0183408801
v 0.000446253252 -0.00154896837 0.0183281545
v 0.000470583764 -0.00139216986 0.0178463366
v 0.000408135907 -0.00136231596 0.0178567767
v 0.000376743119 -0.00141904561 0.0178309008
v 0.000439190975 -0.00144889951 0.0178204607
v 0.000340780767 -0.00160374737 0.017692538
v 0.000278631371 -0.00157514261 0.0177073441
v 0.000278450025 -0.0015935516 0.0177421495
v 0.000340814498 -0.00162281201 0.0177295133
v 0.000189871003 -0.00205507502 0.0187044106
v 0.000125833976 -0.00200754358 0.0187307801
v 0.000118486823 -0.00198864075 0.018665066
v 0.000177712398 -0.00203958829 0.0186485723
v 0.000371878094 -0.00165865209 0.0181389395
v 0.000311072654 -0.00162639108 0.0181516651
v 0.000308959075 -0.00163534714 0.0181805361
v 0.000370576076 -0.0016673815 0.0181711148
v 0.000506960088 -0.00129091518 0.0177857112
v 0.000444595556 -0.00126165489 0.0177983474
v 0.000442475517 -0.00127925782 0.0178315043
v 0.000504923402 -0.00130911171 0.0178210642
v 0.000376764743 -0.00150858727 0.0176597368
v 0.000314615376 -0.0014799824 0.017674543
v 0.000314668927 -0.00151035644 0.0177334528
v 0.000376818323 -0.00153896131 0.0177186467
v 0.000486139761 -0.00147173298 0.0183336604
v 0.000425334292 -0.00143947196 0.018346386
v 0.000427092367 -0.00144686468 0.0183636826
v 0.000487897807 -0.0014791257 0.018350957
v 0.000540056208 -0.00122472772 0.0177967642
v 0.000477906666 -0.00119612308 0.0178115703
v 0.000478161179 -0.00119487406 0.0178102255
v 0.000540525012 -0.00122386473 0.0177970659
v 0.000566145347 -0.00117582979 0.0178137552
v 0.000503641029 -0.00114648743 0.0178252552
v 0.000504325901 -0.00114260614 0.0178190749
v 0.000566689705 -0.00117159681 0.0178059135
v 0.000467056088 -0.00127592112 0.0176433735
v 0.000408663473 -0.00124014285 0.0176578723
v 0.000416140188 -0.00126636657 0.0176880043
v 0.000476613845 -0.00129866623 0.0176733024
v 0.000501182221 -0.00139434659 0.0180842225
v 0.000440376753 -0.00136208558 0.018096948
v 0.000434267073 -0.00139933347 0.0182285737
v 0.000495072512 -0.00143159449 0.0182158481
v 0.000646616798 -0.00116566243 0.0183058679
v 0.000585811329 -0.00113340141 0.0183185935
v 0.000623491942 -0.00107757957 0.0183383524
v 0.000684297353 -0.00110984058 0.0183256269
v 0.000618267921 -0.00110160233 0.0179076474
v 0.000555820065 -0.00107174844 0.0179180875
v 0.000528673583 -0.0011213189 0.017897021
v 0.000591121439 -0.00115117279 0.017886579
v 0.000476642163 -0.00133417302 0.017742021
v 0.000414492621 -0.00130556838 0.0177568272
v 0.000445064943 -0.00125245587 0.0177825466
v 0.000507214456 -0.00128106051 0.0177677404
v 0.000642351632 -0.00115355803 0.0182734523
v 0.000581546163 -0.00112129701 0.0182861779
v 0.000585811329 -0.00113340141 0.0183185935
v 0.000646616798 -0.00116566243 0.0183058679
v 0.000463346048 -0.00146394293 0.0180598777
v 0.000402540638 -0.00143168191 0.0180726033
v 0.000440376753 -0.00136208558 0.018096948
v 0.000501182221 -0.00139434659 0.0180842225
v 0.000453800894 -0.00150723197 0.0181878414
v 0.000392995425 -0.00147497095 0.018200567
v 0.000402540638 -0.00143168191 0.0180726033
v 0.000463346048 -0.00146394293 0.0180598777
v 0.000591121439 -0.00115117279 0.017886579
v 0.000528673583 -0.0011213189 0.017897021
v 0.000526333228 -0.00114318111 0.0179400742
v 0.000588781084 -0.00117303501 0.0179296341
v 0.000540055102 -0.00122480281 0.0177969038
v 0.000477690541 -0.00119554263 0.01780954
v 0.000477906666 -0.00119612308 0.0178115703
v 0.000540056208 -0.00122472772 0.0177967642
v 0.000190514998 -0.00184783782 0.0181609895
v 0.000122833197 -0.00178913958 0.0181585066
v 0.000136450763 -0.00178123079 0.018087035
v 0.000195295434 -0.00184359576 0.0180819388
v 0.000590066309 -0.00107822719 0.0177525617
v 0.000531673722 -0.0010424488 0.0177670587
v 0.000535133295 -0.001057307 0.0177835952
v 0.00059560698 -0.00108960667 0.0177688934
v 0.000533545681 -0.00108396518 0.0178284347
v 0.0005959103 -0.00111322536 0.0178157985
v 0.000570914708 -0.00152673107 0.0187519621
v 0.00050968834 -0.00149447005 0.0187633447
v 0.000557711988 -0.00140614226 0.0187794603
v 0.000619551807 -0.00143817079 0.0187723897
v 0.000283164612 -0.00177070347 0.0179446302
v 0.000242113136 -0.00171400502 0.0179448854
v 0.000273293932 -0.0016676893 0.0179804228
v 0.000334099372 -0.00169995031 0.0179676972
v 0.000750718231 -0.00116229209 0.0187006015
v 0.000690468471 -0.00112929218 0.0187144484
v 0.000694703835 -0.00113685953 0.0187437646
v 0.000755971065 -0.00116889866 0.0187317338
v 0.000256298605 -0.00168779597 0.0175846275
v 0.000220709117 -0.00163178379 0.0176068991
v 0.000236197171 -0.00161772722 0.0176114924
v 0.000289152755 -0.00166357309 0.0175914038
v 0.000702756341 -0.00123521418 0.018657716
v 0.000642523402 -0.00120198168 0.0186709203
v 0.000689977605 -0.00112472544 0.01868614
v 0.000750138075 -0.00115885492 0.0186753739
v 0.000715123781 -0.00127987214 0.0188863054
v 0.000653283962 -0.00124784349 0.018893376
v 0.000610090268 -0.0013258222 0.0188720897
v 0.000671930087 -0.00135785074 0.0188650191
v 0.000450329331 -0.00152800092 0.0182605721
v 0.000389523862 -0.00149573991 0.0182732977
v 0.000351061375 -0.00156460842 0.0182425715
v 0.000412678346 -0.00159664289 0.0182331502
v 0.000411123183 -0.00147517584 0.0177394133
v 0.000348973786 -0.00144657097 0.0177542176
v 0.000349639682 -0.00142077508 0.0177071746
v 0.000411789078 -0.00144937984 0.0176923685
v 0.000464470533 -0.00171358138 0.0187173821
v 0.000404318591 -0.00168182468 0.0187339131
v 0.000454310881 -0.00159241469 0.0187440626
v 0.000514462823 -0.00162417127 0.0187275317
v 0.000293882011 -0.00156583136 0.017496191
v 0.00023548938 -0.00153005309 0.0175106898
v 0.000270660239 -0.00146802701 0.0175388101
v 0.000329052884 -0.00150380528 0.0175243113
v 0.000376818323 -0.00153896131 0.0177186467
v 0.000314668927 -0.00151035644 0.0177334528
v 0.000278631371 -0.00157514261 0.0177073441
v 0.000340780767 -0.00160374737 0.017692538
v 0.000801479211 -0.00110549061 0.0188421384
v 0.000739639392 -0.00107346196 0.018849209
v 0.000741470431 -0.00108674308 0.0189279411
v 0.000803310249 -0.00111877173 0.0189208686
v 0.000571069948 -0.00129874633 0.01830093
v 0.000509453006 -0.00126671197 0.0183103513
v 0.000511303486 -0.00125691993 0.0182782449
v 0.000572920428 -0.00128895428 0.0182688236
v 0.000442444696 -0.00139304122 0.0177122056
v 0.000380295329 -0.00136443647 0.0177270118
v 0.000383867096 -0.00132306712 0.0176620781
v 0.000444340694 -0.00135536701 0.0176473763
v 0.000760986411 -0.0012121608 0.0189796928
v 0.000699146593 -0.00118013227 0.0189867653
v 0.000655073905 -0.00126083044 0.018970361
v 0.000716913724 -0.00129285897 0.0189632904
v 0.000495072512 -0.00143159449 0.0182158481
v 0.000434267073 -0.00139933347 0.0182285737
v 0.000470409577 -0.00133159431 0.018249087
v 0.000532026519 -0.00136362866 0.0182396658
v 0.000177712398 -0.00203958829 0.0186485723
v 0.000118486823 -0.00198864075 0.018665066
v 0.000208908372 -0.00192337192 0.0186682399
v 0.000254096056 -0.00197431794 0.0186520349
v 0.000324993569 -0.00185378711 0.0184833258
v 0.000264833128 -0.00181965763 0.0184940919
v 0.000267661817 -0.00182530191 0.0185122695
v 0.000327937509 -0.00185831031 0.0184985939
v 0.000411789078 -0.00144937984 0.0176923685
v 0.000349639682 -0.00142077508 0.0177071746
v 0.000380295329 -0.00136443647 0.0177270118
v 0.000442444696 -0.00139304122 0.0177122056
v 0.000476613845 -0.00129866623 0.0176733024
v 0.000416140188 -0.00126636657 0.0176880043
v 0.000414492621 -0.00130556838 0.0177568272
v 0.000476642163 -0.00133417302 0.017742021
v 0.000658301986 -0.00121469691 0.0184206776
v 0.000597496517 -0.0011824359 0.0184334032
v 0.000558180735 -0.001241463 0.0184140708
v 0.000618986203 -0.00127372402 0.0184013452
v 0.000562770641 -0.00112519972 0.0177300796
v 0.000504378055 -0.00108942145 0.0177445784
v 0.000531673722 -0.0010424488 0.0177670587
v 0.000590066309 -0.00107822719 0.0177525617
v 0.00044220651 -0.00142195763 0.0177681167
v 0.000379758654 -0.00139210373 0.0177785568
v 0.000372766721 -0.00140514201 0.0177740529
v 0.000435131224 -0.00143440242 0.0177614167
v 0.000435131224 -0.00143440242 0.0177614167
v 0.000372766721 -0.00140514201 0.0177740529
v 0.000348973786 -0.00144657097 0.0177542176
v 0.000411123183 -0.00147517584 0.0177394133
v 0.000684297353 -0.00110984058 0.0183256269
v 0.000623491942 -0.00107757957 0.0183383524
v 0.000630303985 -0.00110101548 0.0183968451
v 0.000691109453 -0.0011332765 0.0183841195
v 0.000493279309 -0.00157474366 0.0185607802
v 0.000433118868 -0.00154061418 0.0185715463
v 0.000485643657 -0.00145184679 0.0185927413
v 0.000545804098 -0.00148597627 0.0185819753
v 0.000473462045 -0.00136645325 0.0177963749
v 0.000411014189 -0.00133659947 0.017806815
v 0.000408135907 -0.00136231596 0.0178567767
v 0.000470583764 -0.00139216986 0.0178463366
v 0.000241431771 -0.00192802667 0.0184671413
v 0.000191635176 -0.00187929906 0.0184739195
v 0.000268816279 -0.00181204826 0.0184921678
v 0.000324754976 -0.00185420015 0.0184832439
v 0.000504923402 -0.00130911171 0.0178210642
v 0.000442475517 -0.00127925782 0.0178315043
v 0.000411014189 -0.00133659947 0.017806815
v 0.000473462045 -0.00136645325 0.0177963749
v 0.000247900985 -0.00180227065 0.0181759186
v 0.000198228285 -0.00174342224 0.0181779154
v 0.000122833197 -0.00178913958 0.0181585066
v 0.000190514998 -0.00184783782 0.0181609895
v 0.000327937509 -0.00185831031 0.0184985939
v 0.000267661817 -0.00182530191 0.0185122695
v 0.000292610232 -0.00186902925 0.0186870582
v 0.000352762145 -0.00190078584 0.0186705273
v 0.000620775449 -0.00107817852 0.0178615153
v 0.000558327592 -0.00104832463 0.0178719573
v 0.000555820065 -0.00107174844 0.0179180875
v 0.000618267921 -0.00110160233 0.0179076474
v 0.000368766632 -0.00167951372 0.0182158351
v 0.000307149661 -0.00164747937 0.0182252564
v 0.000274948688 -0.00170911127 0.0181961562
v 0.000310234667 -0.00175061368 0.0181953255
v 0.000409610773 -0.00180352293 0.0186905395
v 0.00034945886 -0.00177176634 0.0187070705
v 0.000356032542 -0.0017875972 0.0187614057
v 0.000417317322 -0.00181964098 0.0187495481
v 0.000594971702 -0.0011244762 0.0178394001
v 0.000532523845 -0.0010946223 0.0178498402
v 0.000558327592 -0.00104832463 0.0178719573
v 0.000620775449 -0.00107817852 0.0178615153
v 0.000446253252 -0.00154896837 0.0183281545
v 0.000385447813 -0.00151670736 0.0183408801
v 0.000389523862 -0.00149573991 0.0182732977
v 0.000450329331 -0.00152800092 0.0182605721
v 0.000530557823 -0.00137118413 0.0182640199
v 0.000468940911 -0.00133914978 0.0182734411
v 0.000467052829 -0.00135281216 0.0183215123
v 0.000527858268 -0.00138507318 0.0183087867
v 0.000273592043 -0.00200483389 0.018754784
v 0.000230057296 -0.00196289085 0.0187900774
v 0.000136157119 -0.00202616979 0.0187711399
v 0.000190060309 -0.00206811121 0.0187361576
v 0.000469217892 -0.00173079618 0.0187978931
v 0.000407378073 -0.00169876765 0.0188049637
v 0.000407150976 -0.00168937014 0.0187587142
v 0.000468435755 -0.00172141381 0.0187468585
v 0.000256698491 -0.00171512587 0.0176368486
v 0.000221109018 -0.00165911368 0.0176591221
v 0.000220709117 -0.00163178379 0.0176068991
v 0.000256298605 -0.00168779597 0.0175846275
v 0.000304789748 -0.00169477612 0.0177173298
v 0.000242425129 -0.00166551583 0.017729966
v 0.000242590671 -0.00163790432 0.0176773146
v 0.000304740301 -0.00166650908 0.0176625084
v 0.000570057076 -0.00154843822 0.01884613
v 0.000508217257 -0.00151640968 0.0188532006
v 0.000509518897 -0.00153202238 0.0189381316
v 0.000571358716 -0.00156405091 0.018931061
v 0.000488954713 -0.00145725172 0.0182869826
v 0.000428149273 -0.00142499071 0.0182997081
v 0.000425334292 -0.00143947196 0.018346386
v 0.000486139761 -0.00147173298 0.0183336604
v 0.00028862711 -0.00169424387 0.0176484529
v 0.000235671454 -0.00164839788 0.0176685434
v 0.000221109018 -0.00165911368 0.0176591221
v 0.000256698491 -0.00171512587 0.0176368486
v 0.000619551807 -0.00143817079 0.0187723897
v 0.000557711988 -0.00140614226 0.0187794603
v 0.000559107051 -0.00142287009 0.0188704599
v 0.00062094687 -0.00145489874 0.0188633893
v 0.000532026519 -0.00136362866 0.0182396658
v 0.000470409577 -0.00133159431 0.018249087
v 0.000468940911 -0.00133914978 0.0182734411
v 0.000530557823 -0.00137118413 0.0182640199
v 0.000329052884 -0.00150380528 0.0175243113
v 0.000270660239 -0.00146802701 0.0175388101
v 0.000280844222 -0.0015040678 0.0175793171
v 0.00034131782 -0.00153636769 0.0175646152
v 0.000712209614 -0.00126783457 0.0188036989
v 0.000650369795 -0.00123580592 0.0188107695
v 0.000650309608 -0.00122202188 0.0187454559
v 0.000711536035 -0.00125428301 0.0187340714
v 0.000613163458 -0.00119145901 0.0181723889
v 0.000552358048 -0.001159198 0.0181851145
v 0.000585057365 -0.00109899812 0.0182058793
v 0.000645862776 -0.00113125914 0.0181931537
v 0.000444340694 -0.00135536701 0.0176473763
v 0.000383867096 -0.00132306712 0.0176620781
v 0.000377021846 -0.00129432173 0.0176316593
v 0.000435414462 -0.0013301 0.0176171605
v 0.00062094687 -0.00145489874 0.0188633893
v 0.000559107051 -0.00142287009 0.0188704599
v 0.000508217257 -0.00151640968 0.0188532006
v 0.000570057076 -0.00154843822 0.01884613
v 0.000435414462 -0.0013301 0.0176171605
v 0.000377021846 -0.00129432173 0.0176316593
v 0.000408663473 -0.00124014285 0.0176578723
v 0.000467056088 -0.00127592112 0.0176433735
v 0.000364028208 -0.00193410448 0.0187727083
v 0.000299855776 -0.00191010966 0.0187957678
v 0.000330611656 -0.00194048672 0.0189057272
v 0.00038026346 -0.00196382822 0.0188655853
v 0.000755971065 -0.00116889866 0.0187317338
v 0.000694703835 -0.00113685953 0.0187437646
v 0.000697529176 -0.00115019595 0.0188317932
v 0.000759368995 -0.0011822246 0.0188247226
v 0.000759368995 -0.0011822246 0.0188247226
v 0.000697529176 -0.00115019595 0.0188317932
v 0.000739639392 -0.00107346196 0.018849209
v 0.000801479211 -0.00110549061 0.0188421384
v 0.000711536035 -0.00125428301 0.0187340714
v 0.000650309608 -0.00122202188 0.0187454559
v 0.000642523402 -0.00120198168 0.0186709203
v 0.000702756341 -0.00123521418 0.018657716
v 0.000550572702 -0.00149259134 0.0186061561
v 0.000490339706 -0.00145935873 0.0186193604
v 0.00050968834 -0.00149447005 0.0187633447
v 0.000570914708 -0.00152673107 0.0187519621
v 0.000514462823 -0.00162417127 0.0187275317
v 0.000454310881 -0.00159241469 0.0187440626
v 0.000436401024 -0.00154811703 0.0185937956
v 0.000496676716 -0.00158112554 0.0185801201
v 0.00061232585 -0.00125080848 0.0183441509
v 0.000551520381 -0.00121854746 0.0183568764
v 0.000512643543 -0.00127466943 0.0183340814
v 0.000573448953 -0.00130693044 0.0183213558
v 0.000352762145 -0.00190078584 0.0186705273
v 0.000292610232 -0.00186902925 0.0186870582
v 0.00034945886 -0.00177176634 0.0187070705
v 0.000409610773 -0.00180352293 0.0186905395
v 0.00034131782 -0.00153636769 0.0175646152
v 0.000280844222 -0.0015040678 0.0175793171
v 0.000280213804 -0.00154050358 0.0176470634
v 0.000342363172 -0.00156910846 0.0176322572
v 0.000573448953 -0.00130693044 0.0183213558
v 0.000512643543 -0.00127466943 0.0183340814
v 0.000509453006 -0.00126671197 0.0183103513
v 0.000571069948 -0.00129874633 0.01830093
v 0.000302011817 -0.00204561162 0.018847065
v 0.000257001171 -0.00200449722 0.0188887957
v 0.000230057296 -0.00196289085 0.0187900774
v 0.000273592043 -0.00200483389 0.018754784
v 0.000265723735 -0.00180226623 0.0180955268
v 0.000211584207 -0.00173435581 0.0180938561
v 0.000242113136 -0.00171400502 0.0179448854
v 0.000283164612 -0.00177070347 0.0179446302
v 0.000651944662 -0.00119282352 0.0183660835
v 0.000591139193 -0.0011605625 0.0183788091
v 0.000597496517 -0.0011824359 0.0184334032
v 0.000658301986 -0.00121469691 0.0184206776
v 0.000507214456 -0.00128106051 0.0177677404
v 0.000445064943 -0.00125245587 0.0177825466
v 0.000444595556 -0.00126165489 0.0177983474
v 0.000506960088 -0.00129091518 0.0177857112
v 0.000340129191 -0.00163143827 0.0177477971
v 0.000277681334 -0.00160158437 0.0177582372
v 0.000242236143 -0.00166625297 0.01773059
v 0.000304683985 -0.00169610686 0.0177201498
v 0.000342363172 -0.00156910846 0.0176322572
v 0.000280213804 -0.00154050358 0.0176470634
v 0.000314615376 -0.0014799824 0.017674543
v 0.000376764743 -0.00150858727 0.0176597368
v 0.000190060309 -0.00206811121 0.0187361576
v 0.000136157119 -0.00202616979 0.0187711399
v 0.000125833976 -0.00200754358 0.0187307801
v 0.000189871003 -0.00205507502 0.0187044106
v 0.000439190975 -0.00144889951 0.0178204607
v 0.000376743119 -0.00141904561 0.0178309008
v 0.000379758654 -0.00139210373 0.0177785568
v 0.00044220651 -0.00142195763 0.0177681167
v 0.000306780159 -0.00176107371 0.0182708949
v 0.000261442707 -0.00170473405 0.0182709023
v 0.000183050448 -0.00175192754 0.0182565898
v 0.000236049324 -0.00181151391 0.0182512831
v 0.000303865119 -0.00163624145 0.0176003575
v 0.000241715607 -0.0016076368 0.0176151637
v 0.00024431225 -0.00156825094 0.0175499693
v 0.000304785965 -0.00160055072 0.0175352674
v 0.000304785965 -0.00160055072 0.0175352674
v 0.00024431225 -0.00156825094 0.0175499693
v 0.00023548938 -0.00153005309 0.0175106898
v 0.000293882011 -0.00156583136 0.017496191
v 0.000334099372 -0.00169995031 0.0179676972
v 0.000273293932 -0.0016676893 0.0179804228
v 0.000269403652 -0.00170340471 0.0181267671
v 0.000330209092 -0.00173566572 0.0181140415
v 0.000537834247 -0.00124555314 0.0178377703
v 0.00047538642 -0.00121569925 0.0178482104
v 0.000477690541 -0.00119554263 0.01780954
v 0.000540055102 -0.00122480281 0.0177969038
v 0.000564142072 -0.00119918061 0.0178624373
v 0.000501694216 -0.00116932672 0.0178728774
v 0.00047538642 -0.00121569925 0.0178482104
v 0.000537834247 -0.00124555314 0.0178377703
v 0.000414026232 -0.00158970966 0.0182108022
v 0.000352409261 -0.00155767531 0.0182202235
v 0.000355578319 -0.00154531992 0.0181844346
v 0.000416383758 -0.00157758093 0.018171709
v 0.000561690307 -0.00122208428 0.0179075412
v 0.000499242393 -0.00119223038 0.0179179814
v 0.000501694216 -0.00116932672 0.0178728774
v 0.000564142072 -0.00119918061 0.0178624373
v 0.000540525012 -0.00122386473 0.0177970659
v 0.000478161179 -0.00119487406 0.0178102255
v 0.000503641029 -0.00114648743 0.0178252552
v 0.000566145347 -0.00117582979 0.0178137552
v 0.000416383758 -0.00157758093 0.018171709
v 0.000355578319 -0.00154531992 0.0181844346
v 0.000392995425 -0.00147497095 0.018200567
v 0.000453800894 -0.00150723197 0.0181878414
v 0.000330209092 -0.00173566572 0.0181140415
v 0.000269403652 -0.00170340471 0.0181267671
v 0.000311072654 -0.00162639108 0.0181516651
v 0.000371878094 -0.00165865209 0.0181389395
v 0.000566689705 -0.00117159681 0.0178059135
v 0.000504325901 -0.00114260614 0.0178190749
v 0.000507575867 -0.00110572204 0.0177614558
v 0.000568049552 -0.00113802182 0.017746754
v 0.000240462468 -0.00193852023 0.0185310449
v 0.000192689928 -0.00188838923 0.0185426027
v 0.000191635176 -0.00187929906 0.0184739195
v 0.000241431771 -0.00192802667 0.0184671413
v 0.000527858268 -0.00138507318 0.0183087867
v 0.000467052829 -0.00135281216 0.0183215123
v 0.000428149273 -0.00142499071 0.0182997081
v 0.000488954713 -0.00145725172 0.0182869826
v 0.0005959103 -0.00111322536 0.0178157985
v 0.000533545681 -0.00108396518 0.0178284347
v 0.000532523845 -0.0010946223 0.0178498402
v 0.000594971702 -0.0011244762 0.0178394001
v 0.000572920428 -0.00128895428 0.0182688236
v 0.000511303486 -0.00125691993 0.0182782449
v 0.000544432783 -0.00119588675 0.0182952527
v 0.000605238194 -0.00122814777 0.0182825271
v 0.000588781084 -0.00117303501 0.0179296341
v 0.000526333228 -0.00114318111 0.0179400742
v 0.000499242393 -0.00119223038 0.0179179814
v 0.000561690307 -0.00122208428 0.0179075412
v -0.000136361079 0.00121227256 0.0189014375
v -0.000132902482 0.00113651587 0.0189090185
v -0 0.00113871961 0.018910002
v -0 0.00124250585 0.0188978259
v -0 0.0013327467 0.0193772316
v -0.000136361079 0.00121227256 0.0189014375
v -0 0.00124250585 0.0188978259
v -0.000154187306 0.00133337895 0.019368194
v -0 0.00116359023 0.0199827589
v -0.000170681058 0.00116447988 0.01995367
v -0.000167059712 0.00048183676 0.0204438008
v -0 0.000598896702 0.0204729885
v -0 6.19143975E-05 0.0205962863
v -0 -0.000358813326 0.0205140412
v -0.000266635034 0.00102620211 0.0197692774
v -0.000183556534 0.000354191841 0.0201533549
v -0.000183098702 -0.000283926172 0.0202568118
v -0.000153129789 0.00120422954 0.0191456825
v -0.000154187306 0.00133337895 0.019368194
v -0.000136361079 0.00121227256 0.0189014375
v -0.000132902482 0.00113651587 0.0189090185
v -0 0.00056160707 0.0215692334
v -0.000145077938 -0.000120861434 0.0207591411
v -0.000145077938 -0.000120861434 0.0207591411
v -0 0.000647193461 0.0213944595
v -0 0.00056160707 0.0215692334
v -0 -3.53772557E-05 0.0205763746
v -0.0010223788 -0.000344998116 0.0184910335
v -0.00108916918 -0.000236542473 0.0187473129
v -0.00108038308 -0.000231737198 0.0187458191
v -0.00101364881 -0.000340422528 0.0184872057
v -0.00119499885 4.23547062E-05 0.0197291747
v -0.0013478566 0.000181816489 0.0201306958
v -0.00133538421 0.000184233184 0.0201309156
v -0.00118796225 4.9444996E-05 0.0197278131
v -0.00116992719 -3.42214463E-07 0.0188138131
v -0.00128650293 0.000244956056 0.0191314016
v -0.00127951603 0.000252133323 0.0191302542
v -0.00116159895 4.81840198E-06 0.0188113321
v -0.0013478566 0.000181816489 0.0201306958
v -0.0012613947 0.000306049478 0.0196206179
v -0.00125186855 0.000302698725 0.0196210947
v -0.00133538421 0.000184233184 0.0201309156
v -0.00128650293 0.000244956056 0.0191314016
v -0.0015003304 0.000421753735 0.0194878485
v -0.00148808956 0.000424688449 0.0194895808
v -0.00127951603 0.000252133323 0.0191302542
v -0.0012613947 0.000306049478 0.0196206179
v -0.00125227752 0.000291833712 0.0192610677
v -0.00124235393 0.000290572032 0.0192621928
v -0.00125186855 0.000302698725 0.0196210947
v -0.0015003304 0.000421753735 0.0194878485
v -0.00134250778 0.000492030056 0.0189846177
v -0.00133307802 0.000489145576 0.0189868454
v -0.00148808956 0.000424688449 0.0194895808
v -0.00125227752 0.000291833712 0.0192610677
v -0.00119879469 0.000103953607 0.0189308692
v -0.001189125 0.000104256113 0.0189336892
v -0.00124235393 0.000290572032 0.0192621928
v -0.00134250778 0.000492030056 0.0189846177
v -0.0012800371 0.000438373681 0.0186342131
v -0.0012703609 0.000437651935 0.0186368953
v -0.00133307802 0.000489145576 0.0189868454
v -0.00119879469 0.000103953607 0.0189308692
v -0.00110983651 -0.000233482118 0.0188061614
v -0.00110144156 -0.000232277438 0.0188120548
v -0.001189125 0.000104256113 0.0189336892
v -0.0012800371 0.000438373681 0.0186342131
v -0.00117382698 0.000217347901 0.0183391608
v -0.00116469013 0.000218357163 0.0183432903
v -0.0012703609 0.000437651935 0.0186368953
v -0.00107490062 -0.000396066665 0.0192691032
v -0.00113550597 -0.00016726843 0.0193726048
v -0.00112741743 -0.000162058801 0.0193695091
v -0.0010662321 -0.000391334994 0.0192668699
v -0.00095368555 -0.000834187493 0.0187301897
v -0.000998622854 -0.000674027717 0.0189684741
v -0.000991639448 -0.000668871216 0.0189628862
v -0.000947641034 -0.000828123651 0.0187245347
v -0.00117382698 0.000217347901 0.0183391608
v -0.0010592693 -0.000127920095 0.0182684883
v -0.00105186889 -0.000125726074 0.0182753503
v -0.00116469013 0.000218357163 0.0183432903
v -0.00110983651 -0.000233482118 0.0188061614
v -0.00107557641 -0.000366145803 0.0188042633
v -0.00106589275 -0.00036595366 0.0188091062
v -0.00110144156 -0.000232277438 0.0188120548
v -0.00100207655 -0.00106539903 0.0185496025
v -0.00095368555 -0.000834187493 0.0187301897
v -0.000947641034 -0.000828123651 0.0187245347
v -0.000988904038 -0.0010612593 0.0185480677
v -0.00108916918 -0.000236542473 0.0187473129
v -0.00116992719 -3.42214463E-07 0.0188138131
v -0.00116159895 4.81840198E-06 0.0188113321
v -0.00108038308 -0.000231737198 0.0187458191
v -0.000879092142 -0.00072644843 0.0182858706
v -0.000962604245 -0.000542801106 0.0184950363
v -0.000954999356 -0.000538014981 0.0184899569
v -0.000872427481 -0.000720807526 0.0182804801
v -0.000983641599 -0.000706578488 0.0185341705
v -0.00100207655 -0.00106539903 0.0185496025
v -0.000988904038 -0.0010612593 0.0185480677
v -0.000975321513 -0.000707042345 0.0185397062
v -0.0010592693 -0.000127920095 0.0182684883
v -0.0010218987 -0.000258460495 0.0182869174
v -0.00101304415 -0.000257335865 0.0182930492
v -0.00105186889 -0.000125726074 0.0182753503
v -0.000894657453 -0.000978063676 0.0181281995
v -0.000879092142 -0.00072644843 0.0182858706
v -0.000872427481 -0.000720807526 0.0182804801
v -0.000881507061 -0.000973584247 0.0181281101
v -0.00107257289 -0.000372498733 0.0187142342
v -0.000983641599 -0.000706578488 0.0185341705
v -0.000975321513 -0.000707042345 0.0185397062
v -0.00106270181 -0.000373153714 0.0187173896
v -0.000882849679 -0.000622721447 0.0180741381
v -0.000894657453 -0.000978063676 0.0181281995
v -0.000881507061 -0.000973584247 0.0181281101
v -0.000875429658 -0.000622227089 0.0180808306
v -0.00107557641 -0.000366145803 0.0188042633
v -0.00107257289 -0.000372498733 0.0187142342
v -0.00106270181 -0.000373153714 0.0187173896
v -0.00106589275 -0.00036595366 0.0188091062
v -0.00100547587 -0.000274640042 0.0181996059
v -0.000882849679 -0.000622721447 0.0180741381
v -0.000875429658 -0.000622227089 0.0180808306
v -0.000996166375 -0.000274536054 0.0182042047
v -0.000998622854 -0.000674027717 0.0189684741
v -0.00105020369 -0.000475701236 0.018995326
v -0.00104193576 -0.000470926199 0.0189907812
v -0.000991639448 -0.000668871216 0.0189628862
v -0.0010218987 -0.000258460495 0.0182869174
v -0.00100547587 -0.000274640042 0.0181996059
v -0.000996166375 -0.000274536054 0.0182042047
v -0.00101304415 -0.000257335865 0.0182930492
v -0.00105020369 -0.000475701236 0.018995326
v -0.00107490062 -0.000396066665 0.0192691032
v -0.0010662321 -0.000391334994 0.0192668699
v -0.00104193576 -0.000470926199 0.0189907812
v -0.000962604245 -0.000542801106 0.0184950363
v -0.0010223788 -0.000344998116 0.0184910335
v -0.00101364881 -0.000340422528 0.0184872057
v -0.000954999356 -0.000538014981 0.0184899569
v -0.00113550597 -0.00016726843 0.0193726048
v -0.00119499885 4.23547062E-05 0.0197291747
v -0.00118796225 4.9444996E-05 0.0197278131
v -0.00112741743 -0.000162058801 0.0193695091
v -0 -0.00202461891 0.0183211211
v -0 -0.00214434671 0.0186669547
v -0.000192689928 -0.00188838923 0.0185426027
v -0.000191635176 -0.00187929906 0.0184739195
v -0.000268543256 -0.0017866178 0.018434545
v -0.000268816279 -0.00181204826 0.0184921678
v -0 -0.00214434671 0.0186669547
v -0.000125833976 -0.00200754358 0.0187307801
v -0.000118486823 -0.00198864075 0.018665066
v -0.000192689928 -0.00188838923 0.0185426027
v -0.000208908372 -0.00192337192 0.0186682399
v -0.000417317322 -0.00181964098 0.0187495481
v -0.000418330834 -0.00182631752 0.0187899619
v -0.000356491015 -0.00179428898 0.0187970344
v -0.000356032542 -0.0017875972 0.0187614057
v -0.000645862776 -0.00113125914 0.0181931537
v -0.000642351632 -0.00115355803 0.0182734523
v -0.000581546163 -0.00112129701 0.0182861779
v -0.000585057365 -0.00109899812 0.0182058793
v -0.000418330834 -0.00182631752 0.0187899619
v -0.000364028208 -0.00193410448 0.0187727083
v -0.000299855776 -0.00191010966 0.0187957678
v -0.000356491015 -0.00179428898 0.0187970344
v -0.000605238194 -0.00122814777 0.0182825271
v -0.000613163458 -0.00119145901 0.0181723889
v -0.000552358048 -0.001159198 0.0181851145
v -0.000544432783 -0.00119588675 0.0182952527
v -0.000568049552 -0.00113802182 0.017746754
v -0.000562770641 -0.00112519972 0.0177300796
v -0.000504378055 -0.00108942145 0.0177445784
v -0.000507575867 -0.00110572204 0.0177614558
v -0.000519074616 -0.00164086162 0.018822806
v -0.000469217892 -0.00173079618 0.0187978931
v -0.000407378073 -0.00169876765 0.0188049637
v -0.000457234826 -0.00160883309 0.0188298784
v -0.000324754976 -0.00185420015 0.0184832439
v -0.000324993569 -0.00185378711 0.0184833258
v -0.000264833128 -0.00181965763 0.0184940919
v -0.000268816279 -0.00181204826 0.0184921678
v -0.000310234667 -0.00175061368 0.0181953255
v -0.000306780159 -0.00176107371 0.0182708949
v -0.000261442707 -0.00170473405 0.0182709023
v -0.000274948688 -0.00170911127 0.0181961562
v -0.000496676716 -0.00158112554 0.0185801201
v -0.000493279309 -0.00157474366 0.0185607802
v -0.000433118868 -0.00154061418 0.0185715463
v -0.000436401024 -0.00154811703 0.0185937956
v -0.000750138075 -0.00115885492 0.0186753739
v -0.000750718231 -0.00116229209 0.0187006015
v -0.000690468471 -0.00112929218 0.0187144484
v -0.000689977605 -0.00112472544 0.01868614
v -0.00052043813 -0.00165721797 0.0189117789
v -0.000519074616 -0.00164086162 0.018822806
v -0.000457234826 -0.00160883309 0.0188298784
v -0.000458598312 -0.00162518944 0.0189188514
v -0.000254096056 -0.00197431794 0.0186520349
v -0.000240462468 -0.00193852023 0.0185310449
v -0.000192689928 -0.00188838923 0.0185426027
v -0.000208908372 -0.00192337192 0.0186682399
v -0.000571358716 -0.00156405091 0.018931061
v -0.00052043813 -0.00165721797 0.0189117789
v -0.000458598312 -0.00162518944 0.0189188514
v -0.000509518897 -0.00153202238 0.0189381316
v -0.000487897807 -0.0014791257 0.018350957
v -0.000467410748 -0.0015098803 0.0183408763
v -0.000406605308 -0.00147761928 0.0183536019
v -0.000427092367 -0.00144686468 0.0183636826
v -0.000671930087 -0.00135785074 0.0188650191
v -0.000670302776 -0.00134604448 0.0187950321
v -0.000608462957 -0.00131401594 0.0188021027
v -0.000610090268 -0.0013258222 0.0188720897
v -0.000618986203 -0.00127372402 0.0184013452
v -0.00061232585 -0.00125080848 0.0183441509
v -0.000551520381 -0.00121854746 0.0183568764
v -0.000558180735 -0.001241463 0.0184140708
v -0.000195295434 -0.00184359576 0.0180819388
v -0.000265723735 -0.00180226623 0.0180955268
v -0.000211584207 -0.00173435581 0.0180938561
v -0.000136450763 -0.00178123079 0.018087035
v -0.00038026346 -0.00196382822 0.0188655853
v -0.000302011817 -0.00204561162 0.018847065
v -0.000257001171 -0.00200449722 0.0188887957
v -0.000330611656 -0.00194048672 0.0189057272
v -0.000670302776 -0.00134604448 0.0187950321
v -0.000712209614 -0.00126783457 0.0188036989
v -0.000650369795 -0.00123580592 0.0188107695
v -0.000608462957 -0.00131401594 0.0188021027
v -0.000691109453 -0.0011332765 0.0183841195
v -0.000651944662 -0.00119282352 0.0183660835
v -0.000591139193 -0.0011605625 0.0183788091
v -0.000630303985 -0.00110101548 0.0183968451
v -0.000716913724 -0.00129285897 0.0189632904
v -0.000715123781 -0.00127987214 0.0188863054
v -0.000653283962 -0.00124784349 0.018893376
v -0.000655073905 -0.00126083044 0.018970361
v -0.000370576076 -0.0016673815 0.0181711148
v -0.000368766632 -0.00167951372 0.0182158351
v -0.000307149661 -0.00164747937 0.0182252564
v -0.000308959075 -0.00163534714 0.0181805361
v -0.000468435755 -0.00172141381 0.0187468585
v -0.000464470533 -0.00171358138 0.0187173821
v -0.000404318591 -0.00168182468 0.0187339131
v -0.000407150976 -0.00168937014 0.0187587142
v -0.000803310249 -0.00111877173 0.0189208686
v -0.0007592779 -0.00119976478 0.0189062115
v -0.000697438081 -0.00116773613 0.0189132821
v -0.000741470431 -0.00108674308 0.0189279411
v -0.000304740301 -0.00166650908 0.0176625084
v -0.00028862711 -0.00169424387 0.0176484529
v -0.000235671454 -0.00164839788 0.0176685434
v -0.000242590671 -0.00163790432 0.0176773146
v -0.0007592779 -0.00119976478 0.0189062115
v -0.000760986411 -0.0012121608 0.0189796928
v -0.000699146593 -0.00118013227 0.0189867653
v -0.000697438081 -0.00116773613 0.0189132821
v -0.000412678346 -0.00159664289 0.0182331502
v -0.000414026232 -0.00158970966 0.0182108022
v -0.000352409261 -0.00155767531 0.0182202235
v -0.000351061375 -0.00156460842 0.0182425715
v -0.000340814498 -0.00162281201 0.0177295133
v -0.000340129191 -0.00163143827 0.0177477971
v -0.000277681334 -0.00160158437 0.0177582372
v -0.000278450025 -0.0015935516 0.0177421495
v -0.000289152755 -0.00166357309 0.0175914038
v -0.000303865119 -0.00163624145 0.0176003575
v -0.000241715607 -0.0016076368 0.0176151637
v -0.000236197171 -0.00161772722 0.0176114924
v -0.000467410748 -0.0015098803 0.0183408763
v -0.000446253252 -0.00154896837 0.0183281545
v -0.000385447813 -0.00151670736 0.0183408801
v -0.000406605308 -0.00147761928 0.0183536019
v -0.000470583764 -0.00139216986 0.0178463366
v -0.000439190975 -0.00144889951 0.0178204607
v -0.000376743119 -0.00141904561 0.0178309008
v -0.000408135907 -0.00136231596 0.0178567767
v -0.000340780767 -0.00160374737 0.017692538
v -0.000340814498 -0.00162281201 0.0177295133
v -0.000278450025 -0.0015935516 0.0177421495
v -0.000278631371 -0.00157514261 0.0177073441
v -0.000189871003 -0.00205507502 0.0187044106
v -0.000177712398 -0.00203958829 0.0186485723
v -0.000118486823 -0.00198864075 0.018665066
v -0.000125833976 -0.00200754358 0.0187307801
v -0.000371878094 -0.00165865209 0.0181389395
v -0.000370576076 -0.0016673815 0.0181711148
v -0.000308959075 -0.00163534714 0.0181805361
v -0.000311072654 -0.00162639108 0.0181516651
v -0.000506960088 -0.00129091518 0.0177857112
v -0.000504923402 -0.00130911171 0.0178210642
v -0.000442475517 -0.00127925782 0.0178315043
v -0.000444595556 -0.00126165489 0.0177983474
v -0.000376764743 -0.00150858727 0.0176597368
v -0.000376818323 -0.00153896131 0.0177186467
v -0.000314668927 -0.00151035644 0.0177334528
v -0.000314615376 -0.0014799824 0.017674543
v -0.000486139761 -0.00147173298 0.0183336604
v -0.000487897807 -0.0014791257 0.018350957
v -0.000427092367 -0.00144686468 0.0183636826
v -0.000425334292 -0.00143947196 0.018346386
v -0.000540056208 -0.00122472772 0.0177967642
v -0.000540525012 -0.00122386473 0.0177970659
v -0.000478161179 -0.00119487406 0.0178102255
v -0.000477906666 -0.00119612308 0.0178115703
v -0.000566145347 -0.00117582979 0.0178137552
v -0.000566689705 -0.00117159681 0.0178059135
v -0.000504325901 -0.00114260614 0.0178190749
v -0.000503641029 -0.00114648743 0.0178252552
v -0.000467056088 -0.00127592112 0.0176433735
v -0.000476613845 -0.00129866623 0.0176733024
v -0.000416140188 -0.00126636657 0.0176880043
v -0.000408663473 -0.00124014285 0.0176578723
v -0.000501182221 -0.00139434659 0.0180842225
v -0.000495072512 -0.00143159449 0.0182158481
v -0.000434267073 -0.00139933347 0.0182285737
v -0.000440376753 -0.00136208558 0.018096948
v -0.000646616798 -0.00116566243 0.0183058679
v -0.000684297353 -0.00110984058 0.0183256269
v -0.000623491942 -0.00107757957 0.0183383524
v -0.000585811329 -0.00113340141 0.0183185935
v -0.000618267921 -0.00110160233 0.0179076474
v -0.000591121439 -0.00115117279 0.017886579
v -0.000528673583 -0.0011213189 0.017897021
v -0.000555820065 -0.00107174844 0.0179180875
v -0.000476642163 -0.00133417302 0.017742021
v -0.000507214456 -0.00128106051 0.0177677404
v -0.000445064943 -0.00125245587 0.0177825466
v -0.000414492621 -0.00130556838 0.0177568272
v -0.000642351632 -0.00115355803 0.0182734523
v -0.000646616798 -0.00116566243 0.0183058679
v -0.000585811329 -0.00113340141 0.0183185935
v -0.000581546163 -0.00112129701 0.0182861779
v -0.000463346048 -0.00146394293 0.0180598777
v -0.000501182221 -0.00139434659 0.0180842225
v -0.000440376753 -0.00136208558 0.018096948
v -0.000402540638 -0.00143168191 0.0180726033
v -0.000453800894 -0.00150723197 0.0181878414
v -0.000463346048 -0.00146394293 0.0180598777
v -0.000402540638 -0.00143168191 0.0180726033
v -0.000392995425 -0.00147497095 0.018200567
v -0.000591121439 -0.00115117279 0.017886579
v -0.000588781084 -0.00117303501 0.0179296341
v -0.000526333228 -0.00114318111 0.0179400742
v -0.000528673583 -0.0011213189 0.017897021
v -0.000540055102 -0.00122480281 0.0177969038
v -0.000540056208 -0.00122472772 0.0177967642
v -0.000477906666 -0.00119612308 0.0178115703
v -0.000477690541 -0.00119554263 0.01780954
v -0.000190514998 -0.00184783782 0.0181609895
v -0.000195295434 -0.00184359576 0.0180819388
v -0.000136450763 -0.00178123079 0.018087035
v -0.000122833197 -0.00178913958 0.0181585066
v -0.000590066309 -0.00107822719 0.0177525617
v -0.000535133295 -0.001057307 0.0177835952
v -0.000531673722 -0.0010424488 0.0177670587
v -0.00059560698 -0.00108960667 0.0177688934
v -0.000533545681 -0.00108396518 0.0178284347
v -0.0005959103 -0.00111322536 0.0178157985
v -0.000570914708 -0.00152673107 0.0187519621
v -0.000619551807 -0.00143817079 0.0187723897
v -0.000557711988 -0.00140614226 0.0187794603
v -0.00050968834 -0.00149447005 0.0187633447
v -0.000283164612 -0.00177070347 0.0179446302
v -0.000334099372 -0.00169995031 0.0179676972
v -0.000273293932 -0.0016676893 0.0179804228
v -0.000242113136 -0.00171400502 0.0179448854
v -0.000750718231 -0.00116229209 0.0187006015
v -0.000755971065 -0.00116889866 0.0187317338
v -0.000694703835 -0.00113685953 0.0187437646
v -0.000690468471 -0.00112929218 0.0187144484
v -0.000256298605 -0.00168779597 0.0175846275
v -0.000289152755 -0.00166357309 0.0175914038
v -0.000236197171 -0.00161772722 0.0176114924
v -0.000220709117 -0.00163178379 0.0176068991
v -0.000702756341 -0.00123521418 0.018657716
v -0.000750138075 -0.00115885492 0.0186753739
v -0.000689977605 -0.00112472544 0.01868614
v -0.000642523402 -0.00120198168 0.0186709203
v -0.000715123781 -0.00127987214 0.0188863054
v -0.000671930087 -0.00135785074 0.0188650191
v -0.000610090268 -0.0013258222 0.0188720897
v -0.000653283962 -0.00124784349 0.018893376
v -0.000450329331 -0.00152800092 0.0182605721
v -0.000412678346 -0.00159664289 0.0182331502
v -0.000351061375 -0.00156460842 0.0182425715
v -0.000389523862 -0.00149573991 0.0182732977
v -0.000411123183 -0.00147517584 0.0177394133
v -0.000411789078 -0.00144937984 0.0176923685
v -0.000349639682 -0.00142077508 0.0177071746
v -0.000348973786 -0.00144657097 0.0177542176
v -0.000464470533 -0.00171358138 0.0187173821
v -0.000514462823 -0.00162417127 0.0187275317
v -0.000454310881 -0.00159241469 0.0187440626
v -0.000404318591 -0.00168182468 0.0187339131
v -0.000293882011 -0.00156583136 0.017496191
v -0.000329052884 -0.00150380528 0.0175243113
v -0.000270660239 -0.00146802701 0.0175388101
v -0.00023548938 -0.00153005309 0.0175106898
v -0.000376818323 -0.00153896131 0.0177186467
v -0.000340780767 -0.00160374737 0.017692538
v -0.000278631371 -0.00157514261 0.0177073441
v -0.000314668927 -0.00151035644 0.0177334528
v -0.000801479211 -0.00110549061 0.0188421384
v -0.000803310249 -0.00111877173 0.0189208686
v -0.000741470431 -0.00108674308 0.0189279411
v -0.000739639392 -0.00107346196 0.018849209
v -0.000571069948 -0.00129874633 0.01830093
v -0.000572920428 -0.00128895428 0.0182688236
v -0.000511303486 -0.00125691993 0.0182782449
v -0.000509453006 -0.00126671197 0.0183103513
v -0.000442444696 -0.00139304122 0.0177122056
v -0.000444340694 -0.00135536701 0.0176473763
v -0.000383867096 -0.00132306712 0.0176620781
v -0.000380295329 -0.00136443647 0.0177270118
v -0.000760986411 -0.0012121608 0.0189796928
v -0.000716913724 -0.00129285897 0.0189632904
v -0.000655073905 -0.00126083044 0.018970361
v -0.000699146593 -0.00118013227 0.0189867653
v -0.000495072512 -0.00143159449 0.0182158481
v -0.000532026519 -0.00136362866 0.0182396658
v -0.000470409577 -0.00133159431 0.018249087
v -0.000434267073 -0.00139933347 0.0182285737
v -0.000177712398 -0.00203958829 0.0186485723
v -0.000254096056 -0.00197431794 0.0186520349
v -0.000208908372 -0.00192337192 0.0186682399
v -0.000118486823 -0.00198864075 0.018665066
v -0.000324993569 -0.00185378711 0.0184833258
v -0.000327937509 -0.00185831031 0.0184985939
v -0.000267661817 -0.00182530191 0.0185122695
v -0.000264833128 -0.00181965763 0.0184940919
v -0.000411789078 -0.00144937984 0.0176923685
v -0.000442444696 -0.00139304122 0.0177122056
v -0.000380295329 -0.00136443647 0.0177270118
v -0.000349639682 -0.00142077508 0.0177071746
v -0.000476613845 -0.00129866623 0.0176733024
v -0.000476642163 -0.00133417302 0.017742021
v -0.000414492621 -0.00130556838 0.0177568272
v -0.000416140188 -0.00126636657 0.0176880043
v -0.000658301986 -0.00121469691 0.0184206776
v -0.000618986203 -0.00127372402 0.0184013452
v -0.000558180735 -0.001241463 0.0184140708
v -0.000597496517 -0.0011824359 0.0184334032
v -0.000562770641 -0.00112519972 0.0177300796
v -0.000590066309 -0.00107822719 0.0177525617
v -0.000531673722 -0.0010424488 0.0177670587
v -0.000504378055 -0.00108942145 0.0177445784
v -0.00044220651 -0.00142195763 0.0177681167
v -0.000435131224 -0.00143440242 0.0177614167
v -0.000372766721 -0.00140514201 0.0177740529
v -0.000379758654 -0.00139210373 0.0177785568
v -0.000435131224 -0.00143440242 0.0177614167
v -0.000411123183 -0.00147517584 0.0177394133
v -0.000348973786 -0.00144657097 0.0177542176
v -0.000372766721 -0.00140514201 0.0177740529
v -0.000684297353 -0.00110984058 0.0183256269
v -0.000691109453 -0.0011332765 0.0183841195
v -0.000630303985 -0.00110101548 0.0183968451
v -0.000623491942 -0.00107757957 0.0183383524
v -0.000493279309 -0.00157474366 0.0185607802
v -0.000545804098 -0.00148597627 0.0185819753
v -0.000485643657 -0.00145184679 0.0185927413
v -0.000433118868 -0.00154061418 0.0185715463
v -0.000473462045 -0.00136645325 0.0177963749
v -0.000470583764 -0.00139216986 0.0178463366
v -0.000408135907 -0.00136231596 0.0178567767
v -0.000411014189 -0.00133659947 0.017806815
v -0.000241431771 -0.00192802667 0.0184671413
v -0.000324754976 -0.00185420015 0.0184832439
v -0.000268816279 -0.00181204826 0.0184921678
v -0.000191635176 -0.00187929906 0.0184739195
v -0.000504923402 -0.00130911171 0.0178210642
v -0.000473462045 -0.00136645325 0.0177963749
v -0.000411014189 -0.00133659947 0.017806815
v -0.000442475517 -0.00127925782 0.0178315043
v -0.000247900985 -0.00180227065 0.0181759186
v -0.000190514998 -0.00184783782 0.0181609895
v -0.000122833197 -0.00178913958 0.0181585066
v -0.000198228285 -0.00174342224 0.0181779154
v -0.000327937509 -0.00185831031 0.0184985939
v -0.000352762145 -0.00190078584 0.0186705273
v -0.000292610232 -0.00186902925 0.0186870582
v -0.000267661817 -0.00182530191 0.0185122695
v -0.000620775449 -0.00107817852 0.0178615153
v -0.000618267921 -0.00110160233 0.0179076474
v -0.000555820065 -0.00107174844 0.0179180875
v -0.000558327592 -0.00104832463 0.0178719573
v -0.000368766632 -0.00167951372 0.0182158351
v -0.000310234667 -0.00175061368 0.0181953255
v -0.000274948688 -0.00170911127 0.0181961562
v -0.000307149661 -0.00164747937 0.0182252564
v -0.000409610773 -0.00180352293 0.0186905395
v -0.000417317322 -0.00181964098 0.0187495481
v -0.000356032542 -0.0017875972 0.0187614057
v -0.00034945886 -0.00177176634 0.0187070705
v -0.000594971702 -0.0011244762 0.0178394001
v -0.000620775449 -0.00107817852 0.0178615153
v -0.000558327592 -0.00104832463 0.0178719573
v -0.000532523845 -0.0010946223 0.0178498402
v -0.000446253252 -0.00154896837 0.0183281545
v -0.000450329331 -0.00152800092 0.0182605721
v -0.000389523862 -0.00149573991 0.0182732977
v -0.000385447813 -0.00151670736 0.0183408801
v -0.000530557823 -0.00137118413 0.0182640199
v -0.000527858268 -0.00138507318 0.0183087867
v -0.000467052829 -0.00135281216 0.0183215123
v -0.000468940911 -0.00133914978 0.0182734411
v -0.000273592043 -0.00200483389 0.018754784
v -0.000190060309 -0.00206811121 0.0187361576
v -0.000136157119 -0.00202616979 0.0187711399
v -0.000230057296 -0.00196289085 0.0187900774
v -0.000469217892 -0.00173079618 0.0187978931
v -0.000468435755 -0.00172141381 0.0187468585
v -0.000407150976 -0.00168937014 0.0187587142
v -0.000407378073 -0.00169876765 0.0188049637
v -0.000256698491 -0.00171512587 0.0176368486
v -0.000256298605 -0.00168779597 0.0175846275
v -0.000220709117 -0.00163178379 0.0176068991
v -0.000221109018 -0.00165911368 0.0176591221
v -0.000304789748 -0.00169477612 0.0177173298
v -0.000304740301 -0.00166650908 0.0176625084
v -0.000242590671 -0.00163790432 0.0176773146
v -0.000242425129 -0.00166551583 0.017729966
v -0.000570057076 -0.00154843822 0.01884613
v -0.000571358716 -0.00156405091 0.018931061
v -0.000509518897 -0.00153202238 0.0189381316
v -0.000508217257 -0.00151640968 0.0188532006
v -0.000488954713 -0.00145725172 0.0182869826
v -0.000486139761 -0.00147173298 0.0183336604
v -0.000425334292 -0.00143947196 0.018346386
v -0.000428149273 -0.00142499071 0.0182997081
v -0.00028862711 -0.00169424387 0.0176484529
v -0.000256698491 -0.00171512587 0.0176368486
v -0.000221109018 -0.00165911368 0.0176591221
v -0.000235671454 -0.00164839788 0.0176685434
v -0.000619551807 -0.00143817079 0.0187723897
v -0.00062094687 -0.00145489874 0.0188633893
v -0.000559107051 -0.00142287009 0.0188704599
v -0.000557711988 -0.00140614226 0.0187794603
v -0.000532026519 -0.00136362866 0.0182396658
v -0.000530557823 -0.00137118413 0.0182640199
v -0.000468940911 -0.00133914978 0.0182734411
v -0.000470409577 -0.00133159431 0.018249087
v -0.000329052884 -0.00150380528 0.0175243113
v -0.00034131782 -0.00153636769 0.0175646152
v -0.000280844222 -0.0015040678 0.0175793171
v -0.000270660239 -0.00146802701 0.0175388101
v -0.000712209614 -0.00126783457 0.0188036989
v -0.000711536035 -0.00125428301 0.0187340714
v -0.000650309608 -0.00122202188 0.0187454559
v -0.000650369795 -0.00123580592 0.0188107695
v -0.000613163458 -0.00119145901 0.0181723889
v -0.000645862776 -0.00113125914 0.0181931537
v -0.000585057365 -0.00109899812 0.0182058793
v -0.000552358048 -0.001159198 0.0181851145
v -0.000444340694 -0.00135536701 0.0176473763
v -0.000435414462 -0.0013301 0.0176171605
v -0.000377021846 -0.00129432173 0.0176316593
v -0.000383867096 -0.00132306712 0.0176620781
v -0.00062094687 -0.00145489874 0.0188633893
v -0.000570057076 -0.00154843822 0.01884613
v -0.000508217257 -0.00151640968 0.0188532006
v -0.000559107051 -0.00142287009 0.0188704599
v -0.000435414462 -0.0013301 0.0176171605
v -0.000467056088 -0.00127592112 0.0176433735
v -0.000408663473 -0.00124014285 0.0176578723
v -0.000377021846 -0.00129432173 0.0176316593
v -0.000364028208 -0.00193410448 0.0187727083
v -0.00038026346 -0.00196382822 0.0188655853
v -0.000330611656 -0.00194048672 0.0189057272
v -0.000299855776 -0.00191010966 0.0187957678
v -0.000755971065 -0.00116889866 0.0187317338
v -0.000759368995 -0.0011822246 0.0188247226
v -0.000697529176 -0.00115019595 0.0188317932
v -0.000694703835 -0.00113685953 0.0187437646
v -0.000759368995 -0.0011822246 0.0188247226
v -0.000801479211 -0.00110549061 0.0188421384
v -0.000739639392 -0.00107346196 0.018849209
v -0.000697529176 -0.00115019595 0.0188317932
v -0.000711536035 -0.00125428301 0.0187340714
v -0.000702756341 -0.00123521418 0.018657716
v -0.000642523402 -0.00120198168 0.0186709203
v -0.000650309608 -0.00122202188 0.0187454559
v -0.000550572702 -0.00149259134 0.0186061561
v -0.000570914708 -0.00152673107 0.0187519621
v -0.00050968834 -0.00149447005 0.0187633447
v -0.000490339706 -0.00145935873 0.0186193604
v -0.000514462823 -0.00162417127 0.0187275317
v -0.000496676716 -0.00158112554 0.0185801201
v -0.000436401024 -0.00154811703 0.0185937956
v -0.000454310881 -0.00159241469 0.0187440626
v -0.00061232585 -0.00125080848 0.0183441509
v -0.000573448953 -0.00130693044 0.0183213558
v -0.000512643543 -0.00127466943 0.0183340814
v -0.000551520381 -0.00121854746 0.0183568764
v -0.000352762145 -0.00190078584 0.0186705273
v -0.000409610773 -0.00180352293 0.0186905395
v -0.00034945886 -0.00177176634 0.0187070705
v -0.000292610232 -0.00186902925 0.0186870582
v -0.00034131782 -0.00153636769 0.0175646152
v -0.000342363172 -0.00156910846 0.0176322572
v -0.000280213804 -0.00154050358 0.0176470634
v -0.000280844222 -0.0015040678 0.0175793171
v -0.000573448953 -0.00130693044 0.0183213558
v -0.000571069948 -0.00129874633 0.01830093
v -0.000509453006 -0.00126671197 0.0183103513
v -0.000512643543 -0.00127466943 0.0183340814
v -0.000302011817 -0.00204561162 0.018847065
v -0.000273592043 -0.00200483389 0.018754784
v -0.000230057296 -0.00196289085 0.0187900774
v -0.000257001171 -0.00200449722 0.0188887957
v -0.000265723735 -0.00180226623 0.0180955268
v -0.000283164612 -0.00177070347 0.0179446302
v -0.000242113136 -0.00171400502 0.0179448854
v -0.000211584207 -0.00173435581 0.0180938561
v -0.000651944662 -0.00119282352 0.0183660835
v -0.000658301986 -0.00121469691 0.0184206776
v -0.000597496517 -0.0011824359 0.0184334032
v -0.000591139193 -0.0011605625 0.0183788091
v -0.000507214456 -0.00128106051 0.0177677404
v -0.000506960088 -0.00129091518 0.0177857112
v -0.000444595556 -0.00126165489 0.0177983474
v -0.000445064943 -0.00125245587 0.0177825466
v -0.000340129191 -0.00163143827 0.0177477971
v -0.000304683985 -0.00169610686 0.0177201498
v -0.000242236143 -0.00166625297 0.01773059
v -0.000277681334 -0.00160158437 0.0177582372
v -0.000342363172 -0.00156910846 0.0176322572
v -0.000376764743 -0.00150858727 0.0176597368
v -0.000314615376 -0.0014799824 0.017674543
v -0.000280213804 -0.00154050358 0.0176470634
v -0.000190060309 -0.00206811121 0.0187361576
v -0.000189871003 -0.00205507502 0.0187044106
v -0.000125833976 -0.00200754358 0.0187307801
v -0.000136157119 -0.00202616979 0.0187711399
v -0.000439190975 -0.00144889951 0.0178204607
v -0.00044220651 -0.00142195763 0.0177681167
v -0.000379758654 -0.00139210373 0.0177785568
v -0.000376743119 -0.00141904561 0.0178309008
v -0.000306780159 -0.00176107371 0.0182708949
v -0.000236049324 -0.00181151391 0.0182512831
v -0.000183050448 -0.00175192754 0.0182565898
v -0.000261442707 -0.00170473405 0.0182709023
v -0.000303865119 -0.00163624145 0.0176003575
v -0.000304785965 -0.00160055072 0.0175352674
v -0.00024431225 -0.00156825094 0.0175499693
v -0.000241715607 -0.0016076368 0.0176151637
v -0.000304785965 -0.00160055072 0.0175352674
v -0.000293882011 -0.00156583136 0.017496191
v -0.00023548938 -0.00153005309 0.0175106898
v -0.00024431225 -0.00156825094 0.0175499693
v -0.000334099372 -0.00169995031 0.0179676972
v -0.000330209092 -0.00173566572 0.0181140415
v -0.000269403652 -0.00170340471 0.0181267671
v -0.000273293932 -0.0016676893 0.0179804228
v -0.000537834247 -0.00124555314 0.0178377703
v -0.000540055102 -0.00122480281 0.0177969038
v -0.000477690541 -0.00119554263 0.01780954
v -0.00047538642 -0.00121569925 0.0178482104
v -0.000564142072 -0.00119918061 0.0178624373
v -0.000537834247 -0.00124555314 0.0178377703
v -0.00047538642 -0.00121569925 0.0178482104
v -0.000501694216 -0.00116932672 0.0178728774
v -0.000414026232 -0.00158970966 0.0182108022
v -0.000416383758 -0.00157758093 0.018171709
v -0.000355578319 -0.00154531992 0.0181844346
v -0.000352409261 -0.00155767531 0.0182202235
v -0.000561690307 -0.00122208428 0.0179075412
v -0.000564142072 -0.00119918061 0.0178624373
v -0.000501694216 -0.00116932672 0.0178728774
v -0.000499242393 -0.00119223038 0.0179179814
v -0.000540525012 -0.00122386473 0.0177970659
v -0.000566145347 -0.00117582979 0.0178137552
v -0.000503641029 -0.00114648743 0.0178252552
v -0.000478161179 -0.00119487406 0.0178102255
v -0.000416383758 -0.00157758093 0.018171709
v -0.000453800894 -0.00150723197 0.0181878414
v -0.000392995425 -0.00147497095 0.018200567
v -0.000355578319 -0.00154531992 0.0181844346
v -0.000330209092 -0.00173566572 0.0181140415
v -0.000371878094 -0.00165865209 0.0181389395
v -0.000311072654 -0.00162639108 0.0181516651
v -0.000269403652 -0.00170340471 0.0181267671
v -0.000566689705 -0.00117159681 0.0178059135
v -0.000568049552 -0.00113802182 0.017746754
v -0.000507575867 -0.00110572204 0.0177614558
v -0.000504325901 -0.00114260614 0.0178190749
v -0.000240462468 -0.00193852023 0.0185310449
v -0.000241431771 -0.00192802667 0.0184671413
v -0.000191635176 -0.00187929906 0.0184739195
v -0.000192689928 -0.00188838923 0.0185426027
v -0.000527858268 -0.00138507318 0.0183087867
v -0.000488954713 -0.00145725172 0.0182869826
v -0.000428149273 -0.00142499071 0.0182997081
v -0.000467052829 -0.00135281216 0.0183215123
v -0.0005959103 -0.00111322536 0.0178157985
v -0.000594971702 -0.0011244762 0.0178394001
v -0.000532523845 -0.0010946223 0.0178498402
v -0.000533545681 -0.00108396518 0.0178284347
v -0.000572920428 -0.00128895428 0.0182688236
v -0.000605238194 -0.00122814777 0.0182825271
v -0.000544432783 -0.00119588675 0.0182952527
v -0.000511303486 -0.00125691993 0.0182782449
v -0.000588781084 -0.00117303501 0.0179296341
v -0.000561690307 -0.00122208428 0.0179075412
v -0.000499242393 -0.00119223038 0.0179179814
v -0.000526333228 -0.00114318111 0.0179400742
v 0.000136361079 0.00121227256 0.0189014375
v -0 0.00113871961 0.018910002
v 0.000132902482 0.00113651587 0.0189090185
v -0 0.00124250585 0.0188978259
v -0 0.0013327467 0.0193772316
v -0 0.00124250585 0.0188978259
v 0.000136361079 0.00121227256 0.0189014375
v 0.000154187306 0.00133337895 0.019368194
v -0 0.00116359023 0.0199827589
v 0.000170681058 0.00116447988 0.01995367
v 0.000167059712 0.00048183676 0.0204438008
v -0 0.000598896702 0.0204729885
v -0 6.19143975E-05 0.0205962863
v -0 -0.000358813326 0.0205140412
v 0.000266635034 0.00102620211 0.0197692774
v 0.000183556534 0.000354191841 0.0201533549
v 0.000183098702 -0.000283926172 0.0202568118
v 0.000153129789 0.00120422954 0.0191456825
v 0.000154187306 0.00133337895 0.019368194
v 0.000136361079 0.00121227256 0.0189014375
v 0.000132902482 0.00113651587 0.0189090185
vt 0.494873047 0.736328125
vt 0.458007812 0.717773438
vt 0.450683594 0.714355469
vt 0.494873047 0.736328125
vt 0.4765625 0.721679688
vt 0.47265625 0.717773438
vt 0.443359375 0.743652344
vt 0.439697266 0.743652344
vt 0.443359375 0.747070312
vt 0.450683594 0.725097656
vt 0.458007812 0.732421875
vt 0.487548828 0.743652344
vt 0.443359375 0.747070312
vt 0.439697266 0.743652344
vt 0.435791016 0.736328125
vt 0.47265625 0.750976562
vt 0.461669922 0.747070312
vt 0.458007812 0.743652344
vt 0.450683594 0.758300781
vt 0.458007812 0.758300781
vt 0.487548828 0.762207031
vt 0.068359375 0.98046875
vt 0.068359375 0.982421875
vt 0.0703125 0.982421875
vt 0.107421875 0.876953125
vt 0.10546875 0.876953125
vt 0.107421875 0.87890625
vt 0.673339844 0.849121094
vt 0.682128906 0.845703125
vt 0.672363281 0.84765625
vt 0.672363281 0.84765625
vt 0.666015625 0.850097656
vt 0.667480469 0.852050781
vt 0.666015625 0.850097656
vt 0.658203125 0.853515625
vt 0.66015625 0.855957031
vt 0.672363281 0.84765625
vt 0.667480469 0.852050781
vt 0.673339844 0.849121094
vt 0.658203125 0.853515625
vt 0.651367188 0.857421875
vt 0.66015625 0.855957031
vt 0.651367188 0.857421875
vt 0.645996094 0.860351562
vt 0.6484375 0.864257812
vt 0.651367188 0.857421875
vt 0.6484375 0.864257812
vt 0.66015625 0.855957031
vt 0.667480469 0.852050781
vt 0.666015625 0.850097656
vt 0.66015625 0.855957031
vt 0.642089844 0.863769531
vt 0.637207031 0.8671875
vt 0.640136719 0.87109375
vt 0.637207031 0.8671875
vt 0.633300781 0.868164062
vt 0.640136719 0.87109375
vt 0.629882812 0.870117188
vt 0.624023438 0.875488281
vt 0.6328125 0.875488281
vt 0.624023438 0.875488281
vt 0.623535156 0.879394531
vt 0.6328125 0.875488281
vt 0.654785156 0.868164062
vt 0.665527344 0.858886719
vt 0.662597656 0.857910156
vt 0.678222656 0.852539062
vt 0.686035156 0.850097656
vt 0.676269531 0.8515625
vt 0.665527344 0.858886719
vt 0.678222656 0.852539062
vt 0.669921875 0.854492188
vt 0.678222656 0.852539062
vt 0.676269531 0.8515625
vt 0.669921875 0.854492188
vt 0.669921875 0.854492188
vt 0.662597656 0.857910156
vt 0.665527344 0.858886719
vt 0.662597656 0.857910156
vt 0.650390625 0.865722656
vt 0.654785156 0.868164062
vt 0.641601562 0.873046875
vt 0.654785156 0.868164062
vt 0.646484375 0.875
vt 0.614257812 0.861328125
vt 0.606933594 0.863769531
vt 0.610351562 0.865722656
vt 0.638183594 0.833984375
vt 0.645019531 0.830566406
vt 0.637695312 0.832519531
vt 0.637695312 0.832519531
vt 0.632324219 0.834472656
vt 0.633300781 0.836425781
vt 0.632324219 0.834472656
vt 0.625976562 0.837402344
vt 0.627441406 0.839355469
vt 0.637695312 0.832519531
vt 0.633300781 0.836425781
vt 0.638183594 0.833984375
vt 0.625976562 0.837402344
vt 0.620605469 0.840332031
vt 0.627441406 0.839355469
vt 0.620605469 0.840332031
vt 0.616699219 0.842773438
vt 0.619140625 0.845703125
vt 0.620605469 0.840332031
vt 0.619140625 0.845703125
vt 0.627441406 0.839355469
vt 0.633300781 0.836425781
vt 0.632324219 0.834472656
vt 0.627441406 0.839355469
vt 0.613769531 0.845214844
vt 0.610351562 0.84765625
vt 0.612792969 0.850585938
vt 0.610351562 0.84765625
vt 0.606933594 0.848632812
vt 0.612792969 0.850585938
vt 0.604492188 0.850097656
vt 0.600097656 0.854003906
vt 0.606933594 0.854003906
vt 0.600097656 0.854003906
vt 0.600097656 0.856933594
vt 0.606933594 0.854003906
vt 0.610351562 0.865722656
vt 0.6171875 0.863769531
vt 0.614257812 0.861328125
vt 0.630859375 0.854492188
vt 0.639160156 0.847167969
vt 0.63671875 0.846191406
vt 0.649414062 0.841796875
vt 0.655273438 0.83984375
vt 0.647460938 0.841308594
vt 0.639160156 0.847167969
vt 0.649414062 0.841796875
vt 0.642578125 0.843261719
vt 0.649414062 0.841796875
vt 0.647460938 0.841308594
vt 0.642578125 0.843261719
vt 0.642578125 0.843261719
vt 0.63671875 0.846191406
vt 0.639160156 0.847167969
vt 0.63671875 0.846191406
vt 0.627441406 0.852539062
vt 0.630859375 0.854492188
vt 0.620117188 0.857910156
vt 0.630859375 0.854492188
vt 0.624023438 0.859863281
vt 0.623046875 0.834960938
vt 0.628417969 0.833007812
vt 0.625976562 0.831542969
vt 0.674804688 0.828613281
vt 0.680175781 0.826171875
vt 0.674316406 0.827636719
vt 0.674316406 0.827636719
vt 0.670410156 0.829101562
vt 0.671386719 0.830078125
vt 0.670410156 0.829101562
vt 0.666503906 0.831054688
vt 0.667480469 0.83203125
vt 0.674316406 0.827636719
vt 0.671386719 0.830078125
vt 0.674804688 0.828613281
vt 0.666503906 0.831054688
vt 0.662597656 0.833007812
vt 0.667480469 0.83203125
vt 0.662597656 0.833007812
vt 0.66015625 0.834472656
vt 0.662109375 0.8359375
vt 0.662597656 0.833007812
vt 0.662109375 0.8359375
vt 0.667480469 0.83203125
vt 0.671386719 0.830078125
vt 0.670410156 0.829101562
vt 0.667480469 0.83203125
vt 0.658203125 0.8359375
vt 0.655761719 0.837402344
vt 0.658203125 0.839355469
vt 0.655761719 0.837402344
vt 0.653808594 0.838378906
vt 0.658203125 0.839355469
vt 0.624511719 0.838378906
vt 0.627441406 0.834960938
vt 0.623046875 0.834960938
vt 0.657226562 0.8359375
vt 0.656738281 0.833984375
vt 0.651855469 0.836914062
vt 0.625976562 0.831542969
vt 0.62109375 0.833007812
vt 0.623046875 0.834960938
vt 0.611328125 0.840332031
vt 0.60546875 0.845703125
vt 0.607421875 0.846679688
vt 0.598144531 0.849609375
vt 0.59375 0.851074219
vt 0.599121094 0.850097656
vt 0.60546875 0.845703125
vt 0.598144531 0.849609375
vt 0.603027344 0.848632812
vt 0.598144531 0.849609375
vt 0.599121094 0.850097656
vt 0.603027344 0.848632812
vt 0.603027344 0.848632812
vt 0.607421875 0.846679688
vt 0.60546875 0.845703125
vt 0.607421875 0.846679688
vt 0.613769531 0.841796875
vt 0.611328125 0.840332031
vt 0.619140625 0.837402344
vt 0.611328125 0.840332031
vt 0.616210938 0.836425781
vt 0.659667969 0.847167969
vt 0.66796875 0.844726562
vt 0.666015625 0.841308594
vt 0.61328125 0.869628906
vt 0.619140625 0.866210938
vt 0.618164062 0.865234375
vt 0.618164062 0.865234375
vt 0.625976562 0.861816406
vt 0.624023438 0.860351562
vt 0.624023438 0.860351562
vt 0.625976562 0.861816406
vt 0.630371094 0.856445312
vt 0.630371094 0.856445312
vt 0.639648438 0.85546875
vt 0.635253906 0.853027344
vt 0.630371094 0.856445312
vt 0.625976562 0.861816406
vt 0.639648438 0.85546875
vt 0.619140625 0.866210938
vt 0.625976562 0.861816406
vt 0.618164062 0.865234375
vt 0.640625 0.851074219
vt 0.650878906 0.850585938
vt 0.645996094 0.848144531
vt 0.645996094 0.848144531
vt 0.650878906 0.850585938
vt 0.6484375 0.845703125
vt 0.651367188 0.84375
vt 0.658203125 0.846191406
vt 0.659667969 0.840332031
vt 0.659667969 0.840332031
vt 0.658203125 0.846191406
vt 0.665039062 0.840332031
vt 0.66796875 0.844726562
vt 0.659667969 0.847167969
vt 0.662597656 0.850097656
vt 0.643554688 0.859863281
vt 0.628417969 0.863769531
vt 0.62890625 0.865722656
vt 0.62890625 0.865722656
vt 0.622070312 0.868652344
vt 0.6171875 0.873046875
vt 0.622070312 0.868652344
vt 0.62890625 0.865722656
vt 0.628417969 0.863769531
vt 0.628417969 0.863769531
vt 0.643554688 0.859863281
vt 0.641601562 0.856933594
vt 0.65234375 0.852050781
vt 0.643554688 0.859863281
vt 0.653808594 0.85546875
vt 0.623535156 0.827636719
vt 0.630371094 0.825683594
vt 0.62890625 0.823242188
vt 0.627441406 0.83203125
vt 0.632324219 0.829101562
vt 0.631347656 0.828613281
vt 0.631347656 0.828613281
vt 0.637695312 0.825683594
vt 0.636230469 0.824707031
vt 0.636230469 0.824707031
vt 0.637695312 0.825683594
vt 0.641113281 0.821289062
vt 0.641113281 0.821289062
vt 0.647949219 0.820800781
vt 0.645019531 0.818847656
vt 0.641113281 0.821289062
vt 0.637695312 0.825683594
vt 0.647949219 0.820800781
vt 0.632324219 0.829101562
vt 0.637695312 0.825683594
vt 0.631347656 0.828613281
vt 0.648925781 0.817382812
vt 0.656738281 0.816894531
vt 0.653320312 0.814941406
vt 0.653320312 0.814941406
vt 0.656738281 0.816894531
vt 0.655273438 0.812988281
vt 0.657714844 0.811035156
vt 0.662109375 0.813476562
vt 0.6640625 0.809082031
vt 0.6640625 0.809082031
vt 0.662109375 0.813476562
vt 0.66796875 0.809082031
vt 0.630371094 0.825683594
vt 0.623535156 0.827636719
vt 0.626464844 0.830078125
vt 0.610839844 0.837890625
vt 0.599609375 0.840820312
vt 0.599609375 0.842285156
vt 0.599609375 0.842285156
vt 0.594238281 0.844726562
vt 0.590332031 0.848144531
vt 0.594238281 0.844726562
vt 0.599609375 0.842285156
vt 0.599609375 0.840820312
vt 0.668457031 0.814453125
vt 0.672851562 0.812988281
vt 0.671875 0.811035156
vt 0.671386719 0.834960938
vt 0.672363281 0.835449219
vt 0.674804688 0.832519531
vt 0.674804688 0.832519531
vt 0.679199219 0.832519531
vt 0.677734375 0.831054688
vt 0.674804688 0.832519531
vt 0.672363281 0.835449219
vt 0.679199219 0.832519531
vt 0.680175781 0.830078125
vt 0.684570312 0.830078125
vt 0.683105469 0.828613281
vt 0.683105469 0.828613281
vt 0.684570312 0.830078125
vt 0.684570312 0.826660156
vt 0.635742188 0.823242188
vt 0.6328125 0.821777344
vt 0.630859375 0.824707031
vt 0.661132812 0.831542969
vt 0.656738281 0.833984375
vt 0.662109375 0.833007812
vt 0.672851562 0.812988281
vt 0.668457031 0.814453125
vt 0.669921875 0.81640625
vt 0.659179688 0.821777344
vt 0.650390625 0.82421875
vt 0.650390625 0.824707031
vt 0.66796875 0.811523438
vt 0.668457031 0.8125
vt 0.670898438 0.809082031
vt 0.661132812 0.8046875
vt 0.658203125 0.808105469
vt 0.658691406 0.80859375
vt 0.624023438 0.819824219
vt 0.624511719 0.820800781
vt 0.627929688 0.815917969
vt 0.629882812 0.818359375
vt 0.625 0.822753906
vt 0.625488281 0.823242188
vt 0.65234375 0.829101562
vt 0.652832031 0.830566406
vt 0.656738281 0.82421875
vt 0.658691406 0.828125
vt 0.652832031 0.833007812
vt 0.653320312 0.833984375
vt 0.505859375 0.850585938
vt 0.450683594 0.854003906
vt 0.494873047 0.879882812
vt 0.162109375 0.6875
vt 0.15625 0.689453125
vt 0.138671875 0.693359375
vt 0.177734375 0.921875
vt 0.177734375 0.908203125
vt 0.177734375 0.912109375
vt 0.393066406 0.913574219
vt 0.393066406 0.919433594
vt 0.393798828 0.919433594
vt 0.450683594 0.714355469
vt 0.458007812 0.717773438
vt 0.494873047 0.736328125
vt 0.47265625 0.717773438
vt 0.4765625 0.721679688
vt 0.494873047 0.736328125
vt 0.435791016 0.736328125
vt 0.439697266 0.743652344
vt 0.443359375 0.747070312
vt 0.458007812 0.743652344
vt 0.461669922 0.747070312
vt 0.47265625 0.750976562
vt 0.487548828 0.743652344
vt 0.458007812 0.732421875
vt 0.450683594 0.725097656
vt 0.443359375 0.743652344
vt 0.443359375 0.747070312
vt 0.439697266 0.743652344
vt 0.487548828 0.762207031
vt 0.458007812 0.758300781
vt 0.450683594 0.758300781
vt 0.068359375 0.98046875
vt 0.0703125 0.982421875
vt 0.068359375 0.982421875
vt 0.107421875 0.876953125
vt 0.107421875 0.87890625
vt 0.10546875 0.876953125
vt 0.673339844 0.849121094
vt 0.672363281 0.84765625
vt 0.682128906 0.845703125
vt 0.672363281 0.84765625
vt 0.667480469 0.852050781
vt 0.666015625 0.850097656
vt 0.666015625 0.850097656
vt 0.66015625 0.855957031
vt 0.658203125 0.853515625
vt 0.672363281 0.84765625
vt 0.673339844 0.849121094
vt 0.667480469 0.852050781
vt 0.658203125 0.853515625
vt 0.66015625 0.855957031
vt 0.651367188 0.857421875
vt 0.651367188 0.857421875
vt 0.6484375 0.864257812
vt 0.645996094 0.860351562
vt 0.651367188 0.857421875
vt 0.66015625 0.855957031
vt 0.6484375 0.864257812
vt 0.667480469 0.852050781
vt 0.66015625 0.855957031
vt 0.666015625 0.850097656
vt 0.642089844 0.863769531
vt 0.640136719 0.87109375
vt 0.637207031 0.8671875
vt 0.637207031 0.8671875
vt 0.640136719 0.87109375
vt 0.633300781 0.868164062
vt 0.629882812 0.870117188
vt 0.6328125 0.875488281
vt 0.624023438 0.875488281
vt 0.624023438 0.875488281
vt 0.6328125 0.875488281
vt 0.623535156 0.879394531
vt 0.654785156 0.868164062
vt 0.662597656 0.857910156
vt 0.665527344 0.858886719
vt 0.678222656 0.852539062
vt 0.676269531 0.8515625
vt 0.686035156 0.850097656
vt 0.665527344 0.858886719
vt 0.669921875 0.854492188
vt 0.678222656 0.852539062
vt 0.678222656 0.852539062
vt 0.669921875 0.854492188
vt 0.676269531 0.8515625
vt 0.669921875 0.854492188
vt 0.665527344 0.858886719
vt 0.662597656 0.857910156
vt 0.662597656 0.857910156
vt 0.654785156 0.868164062
vt 0.650390625 0.865722656
vt 0.641601562 0.873046875
vt 0.654785156 0.868164062
vt 0.646484375 0.875
vt 0.614257812 0.861328125
vt 0.610351562 0.865722656
vt 0.606933594 0.863769531
vt 0.638183594 0.833984375
vt 0.637695312 0.832519531
vt 0.645019531 0.830566406
vt 0.637695312 0.832519531
vt 0.633300781 0.836425781
vt 0.632324219 0.834472656
vt 0.632324219 0.834472656
vt 0.627441406 0.839355469
vt 0.625976562 0.837402344
vt 0.637695312 0.832519531
vt 0.638183594 0.833984375
vt 0.633300781 0.836425781
vt 0.625976562 0.837402344
vt 0.627441406 0.839355469
vt 0.620605469 0.840332031
vt 0.620605469 0.840332031
vt 0.619140625 0.845703125
vt 0.616699219 0.842773438
vt 0.620605469 0.840332031
vt 0.627441406 0.839355469
vt 0.619140625 0.845703125
vt 0.633300781 0.836425781
vt 0.627441406 0.839355469
vt 0.632324219 0.834472656
vt 0.613769531 0.845214844
vt 0.612792969 0.850585938
vt 0.610351562 0.84765625
vt 0.610351562 0.84765625
vt 0.612792969 0.850585938
vt 0.606933594 0.848632812
vt 0.604492188 0.850097656
vt 0.606933594 0.854003906
vt 0.600097656 0.854003906
vt 0.600097656 0.854003906
vt 0.606933594 0.854003906
vt 0.600097656 0.856933594
vt 0.610351562 0.865722656
vt 0.614257812 0.861328125
vt 0.6171875 0.863769531
vt 0.630859375 0.854492188
vt 0.63671875 0.846191406
vt 0.639160156 0.847167969
vt 0.649414062 0.841796875
vt 0.647460938 0.841308594
vt 0.655273438 0.83984375
vt 0.639160156 0.847167969
vt 0.642578125 0.843261719
vt 0.649414062 0.841796875
vt 0.649414062 0.841796875
vt 0.642578125 0.843261719
vt 0.647460938 0.841308594
vt 0.642578125 0.843261719
vt 0.639160156 0.847167969
vt 0.63671875 0.846191406
vt 0.63671875 0.846191406
vt 0.630859375 0.854492188
vt 0.627441406 0.852539062
vt 0.620117188 0.857910156
vt 0.630859375 0.854492188
vt 0.624023438 0.859863281
vt 0.623046875 0.834960938
vt 0.625976562 0.831542969
vt 0.628417969 0.833007812
vt 0.674804688 0.828613281
vt 0.674316406 0.827636719
vt 0.680175781 0.826171875
vt 0.674316406 0.827636719
vt 0.671386719 0.830078125
vt 0.670410156 0.829101562
vt 0.670410156 0.829101562
vt 0.667480469 0.83203125
vt 0.666503906 0.831054688
vt 0.674316406 0.827636719
vt 0.674804688 0.828613281
vt 0.671386719 0.830078125
vt 0.666503906 0.831054688
vt 0.667480469 0.83203125
vt 0.662597656 0.833007812
vt 0.662597656 0.833007812
vt 0.662109375 0.8359375
vt 0.66015625 0.834472656
vt 0.662597656 0.833007812
vt 0.667480469 0.83203125
vt 0.662109375 0.8359375
vt 0.671386719 0.830078125
vt 0.667480469 0.83203125
vt 0.670410156 0.829101562
vt 0.658203125 0.8359375
vt 0.658203125 0.839355469
vt 0.655761719 0.837402344
vt 0.655761719 0.837402344
vt 0.658203125 0.839355469
vt 0.653808594 0.838378906
vt 0.624511719 0.838378906
vt 0.623046875 0.834960938
vt 0.627441406 0.834960938
vt 0.657226562 0.8359375
vt 0.651855469 0.836914062
vt 0.656738281 0.833984375
vt 0.625976562 0.831542969
vt 0.623046875 0.834960938
vt 0.62109375 0.833007812
vt 0.611328125 0.840332031
vt 0.607421875 0.846679688
vt 0.60546875 0.845703125
vt 0.598144531 0.849609375
vt 0.599121094 0.850097656
vt 0.59375 0.851074219
vt 0.60546875 0.845703125
vt 0.603027344 0.848632812
vt 0.598144531 0.849609375
vt 0.598144531 0.849609375
vt 0.603027344 0.848632812
vt 0.599121094 0.850097656
vt 0.603027344 0.848632812
vt 0.60546875 0.845703125
vt 0.607421875 0.846679688
vt 0.607421875 0.846679688
vt 0.611328125 0.840332031
vt 0.613769531 0.841796875
vt 0.619140625 0.837402344
vt 0.611328125 0.840332031
vt 0.616210938 0.836425781
vt 0.659667969 0.847167969
vt 0.666015625 0.841308594
vt 0.66796875 0.844726562
vt 0.61328125 0.869628906
vt 0.618164062 0.865234375
vt 0.619140625 0.866210938
vt 0.618164062 0.865234375
vt 0.624023438 0.860351562
vt 0.625976562 0.861816406
vt 0.624023438 0.860351562
vt 0.630371094 0.856445312
vt 0.625976562 0.861816406
vt 0.630371094 0.856445312
vt 0.635253906 0.853027344
vt 0.639648438 0.85546875
vt 0.630371094 0.856445312
vt 0.639648438 0.85546875
vt 0.625976562 0.861816406
vt 0.619140625 0.866210938
vt 0.618164062 0.865234375
vt 0.625976562 0.861816406
vt 0.640625 0.851074219
vt 0.645996094 0.848144531
vt 0.650878906 0.850585938
vt 0.645996094 0.848144531
vt 0.6484375 0.845703125
vt 0.650878906 0.850585938
vt 0.651367188 0.84375
vt 0.659667969 0.840332031
vt 0.658203125 0.846191406
vt 0.659667969 0.840332031
vt 0.665039062 0.840332031
vt 0.658203125 0.846191406
vt 0.66796875 0.844726562
vt 0.662597656 0.850097656
vt 0.659667969 0.847167969
vt 0.643554688 0.859863281
vt 0.62890625 0.865722656
vt 0.628417969 0.863769531
vt 0.62890625 0.865722656
vt 0.6171875 0.873046875
vt 0.622070312 0.868652344
vt 0.622070312 0.868652344
vt 0.628417969 0.863769531
vt 0.62890625 0.865722656
vt 0.628417969 0.863769531
vt 0.641601562 0.856933594
vt 0.643554688 0.859863281
vt 0.65234375 0.852050781
vt 0.643554688 0.859863281
vt 0.653808594 0.85546875
vt 0.623535156 0.827636719
vt 0.62890625 0.823242188
vt 0.630371094 0.825683594
vt 0.627441406 0.83203125
vt 0.631347656 0.828613281
vt 0.632324219 0.829101562
vt 0.631347656 0.828613281
vt 0.636230469 0.824707031
vt 0.637695312 0.825683594
vt 0.636230469 0.824707031
vt 0.641113281 0.821289062
vt 0.637695312 0.825683594
vt 0.641113281 0.821289062
vt 0.645019531 0.818847656
vt 0.647949219 0.820800781
vt 0.641113281 0.821289062
vt 0.647949219 0.820800781
vt 0.637695312 0.825683594
vt 0.632324219 0.829101562
vt 0.631347656 0.828613281
vt 0.637695312 0.825683594
vt 0.648925781 0.817382812
vt 0.653320312 0.814941406
vt 0.656738281 0.816894531
vt 0.653320312 0.814941406
vt 0.655273438 0.812988281
vt 0.656738281 0.816894531
vt 0.657714844 0.811035156
vt 0.6640625 0.809082031
vt 0.662109375 0.813476562
vt 0.6640625 0.809082031
vt 0.66796875 0.809082031
vt 0.662109375 0.813476562
vt 0.630371094 0.825683594
vt 0.626464844 0.830078125
vt 0.623535156 0.827636719
vt 0.610839844 0.837890625
vt 0.599609375 0.842285156
vt 0.599609375 0.840820312
vt 0.599609375 0.842285156
vt 0.590332031 0.848144531
vt 0.594238281 0.844726562
vt 0.594238281 0.844726562
vt 0.599609375 0.840820312
vt 0.599609375 0.842285156
vt 0.668457031 0.814453125
vt 0.671875 0.811035156
vt 0.672851562 0.812988281
vt 0.671386719 0.834960938
vt 0.674804688 0.832519531
vt 0.672363281 0.835449219
vt 0.674804688 0.832519531
vt 0.677734375 0.831054688
vt 0.679199219 0.832519531
vt 0.674804688 0.832519531
vt 0.679199219 0.832519531
vt 0.672363281 0.835449219
vt 0.680175781 0.830078125
vt 0.683105469 0.828613281
vt 0.684570312 0.830078125
vt 0.683105469 0.828613281
vt 0.684570312 0.826660156
vt 0.684570312 0.830078125
vt 0.635742188 0.823242188
vt 0.630859375 0.824707031
vt 0.6328125 0.821777344
vt 0.661132812 0.831542969
vt 0.662109375 0.833007812
vt 0.656738281 0.833984375
vt 0.672851562 0.812988281
vt 0.669921875 0.81640625
vt 0.668457031 0.814453125
vt 0.659179688 0.821777344
vt 0.650390625 0.824707031
vt 0.650390625 0.82421875
vt 0.66796875 0.811523438
vt 0.670898438 0.809082031
vt 0.668457031 0.8125
vt 0.661132812 0.8046875
vt 0.658691406 0.80859375
vt 0.658203125 0.808105469
vt 0.624023438 0.819824219
vt 0.627929688 0.815917969
vt 0.624511719 0.820800781
vt 0.629882812 0.818359375
vt 0.625488281 0.823242188
vt 0.625 0.822753906
vt 0.65234375 0.829101562
vt 0.656738281 0.82421875
vt 0.652832031 0.830566406
vt 0.658691406 0.828125
vt 0.653320312 0.833984375
vt 0.652832031 0.833007812
vt 0.505859375 0.850585938
vt 0.494873047 0.879882812
vt 0.450683594 0.854003906
vt 0.138671875 0.693359375
vt 0.15625 0.689453125
vt 0.162109375 0.6875
vt 0.177734375 0.921875
vt 0.177734375 0.912109375
vt 0.177734375 0.908203125
vt 0.393066406 0.913574219
vt 0.393798828 0.919433594
vt 0.393066406 0.919433594
vt 0.47265625 0.714355469
vt 0.47265625 0.714355469
vt 0.468994141 0.714355469
vt 0.47265625 0.714355469
vt 0.468994141 0.714355469
vt 0.465332031 0.714355469
vt 0.468994141 0.714355469
vt 0.465332031 0.714355469
vt 0.468994141 0.717773438
vt 0.468994141 0.721679688
vt 0.468994141 0.717773438
vt 0.465332031 0.714355469
vt 0.458007812 0.714355469
vt 0.458007812 0.717773438
vt 0.494873047 0.736328125
vt 0.47265625 0.721679688
vt 0.47265625 0.717773438
vt 0.461669922 0.710449219
vt 0.458007812 0.710449219
vt 0.461669922 0.706542969
vt 0.47265625 0.710449219
vt 0.487548828 0.691894531
vt 0.458007812 0.706542969
vt 0.4765625 0.714355469
vt 0.439697266 0.69921875
vt 0.458007812 0.706542969
vt 0.439697266 0.703125
vt 0.435791016 0.69921875
vt 0.439697266 0.706542969
vt 0.435791016 0.706542969
vt 0.443359375 0.710449219
vt 0.450683594 0.710449219
vt 0.443359375 0.710449219
vt 0.439697266 0.710449219
vt 0.450683594 0.714355469
vt 0.435791016 0.710449219
vt 0.435791016 0.710449219
vt 0.450683594 0.714355469
vt 0.450683594 0.714355469
vt 0.494873047 0.736328125
vt 0.435791016 0.710449219
vt 0.432128906 0.710449219
vt 0.428466797 0.710449219
vt 0.428466797 0.714355469
vt 0.432128906 0.710449219
vt 0.432128906 0.706542969
vt 0.432128906 0.706542969
vt 0.428466797 0.706542969
vt 0.41015625 0.706542969
vt 0.406494141 0.714355469
vt 0.428466797 0.703125
vt 0.432128906 0.69921875
vt 0.417480469 0.684570312
vt 0.432128906 0.703125
vt 0.417480469 0.669921875
vt 0.435791016 0.69921875
vt 0.432128906 0.706542969
vt 0.487548828 0.717773438
vt 0.4765625 0.714355469
vt 0.4765625 0.717773438
vt 0.509765625 0.725097656
vt 0.553710938 0.721679688
vt 0.4765625 0.717773438
vt 0.47265625 0.717773438
vt 0.494873047 0.736328125
vt 0.4765625 0.721679688
vt 0.527832031 0.736328125
vt 0.5390625 0.806152344
vt 0.513183594 0.747070312
vt 0.487548828 0.743652344
vt 0.517089844 0.76953125
vt 0.487548828 0.758300781
vt 0.480224609 0.747070312
vt 0.4765625 0.736328125
vt 0.4765625 0.743652344
vt 0.4765625 0.747070312
vt 0.480224609 0.750976562
vt 0.4765625 0.747070312
vt 0.4765625 0.750976562
vt 0.47265625 0.750976562
vt 0.458007812 0.743652344
vt 0.458007812 0.747070312
vt 0.450683594 0.747070312
vt 0.450683594 0.747070312
vt 0.443359375 0.747070312
vt 0.435791016 0.750976562
vt 0.435791016 0.736328125
vt 0.432128906 0.736328125
vt 0.424804688 0.743652344
vt 0.432128906 0.743652344
vt 0.398925781 0.747070312
vt 0.406494141 0.736328125
vt 0.421142578 0.736328125
vt 0.424804688 0.736328125
vt 0.421142578 0.732421875
vt 0.406494141 0.717773438
vt 0.428466797 0.721679688
vt 0.428466797 0.732421875
vt 0.487548828 0.762207031
vt 0.509765625 0.76953125
vt 0.487548828 0.806152344
vt 0.517089844 0.813476562
vt 0.524414062 0.828613281
vt 0.487548828 0.776855469
vt 0.480224609 0.780273438
vt 0.480224609 0.776855469
vt 0.468994141 0.798828125
vt 0.487548828 0.76953125
vt 0.4765625 0.780273438
vt 0.487548828 0.765625
vt 0.480224609 0.765625
vt 0.480224609 0.76953125
vt 0.480224609 0.765625
vt 0.480224609 0.762207031
vt 0.4765625 0.762207031
vt 0.458007812 0.758300781
vt 0.458007812 0.758300781
vt 0.4765625 0.765625
vt 0.458007812 0.765625
vt 0.465332031 0.765625
vt 0.47265625 0.76953125
vt 0.4765625 0.76953125
vt 0.47265625 0.776855469
vt 0.465332031 0.776855469
vt 0.4765625 0.776855469
vt 0.461669922 0.788085938
vt 0.443359375 0.795410156
vt 0.458007812 0.776855469
vt 0.458007812 0.76953125
vt 0.443359375 0.776855469
vt 0.428466797 0.76953125
vt 0.424804688 0.776855469
vt 0.406494141 0.776855469
vt 0.432128906 0.791503906
vt 0.417480469 0.788085938
vt 0.395263672 0.765625
vt 0.387939453 0.780273438
vt 0.387939453 0.791503906
vt 0.432128906 0.765625
vt 0.428466797 0.765625
vt 0.439697266 0.76953125
vt 0.443359375 0.76953125
vt 0.432128906 0.765625
vt 0.439697266 0.765625
vt 0.432128906 0.762207031
vt 0.439697266 0.765625
vt 0.450683594 0.758300781
vt 0.443359375 0.765625
vt 0.428466797 0.754882812
vt 0.428466797 0.762207031
vt 0.428466797 0.754882812
vt 0.428466797 0.750976562
vt 0.450683594 0.758300781
vt 0.428466797 0.754882812
vt 0.487548828 0.762207031
vt 0.421142578 0.754882812
vt 0.428466797 0.750976562
vt 0.487548828 0.758300781
vt 0.432128906 0.747070312
vt 0.487548828 0.758300781
vt 0.395263672 0.750976562
vt 0.395263672 0.750976562
vt 0.421142578 0.758300781
vt 0.395263672 0.765625
vt 0.417480469 0.762207031
vt 0.421142578 0.762207031
vt 0.417480469 0.765625
vt 0.435791016 0.736328125
vt 0.439697266 0.743652344
vt 0.439697266 0.736328125
vt 0.435791016 0.736328125
vt 0.435791016 0.732421875
vt 0.443359375 0.736328125
vt 0.450683594 0.725097656
vt 0.450683594 0.736328125
vt 0.432128906 0.721679688
vt 0.432128906 0.732421875
vt 0.47265625 0.747070312
vt 0.468994141 0.747070312
vt 0.47265625 0.750976562
vt 0.465332031 0.743652344
vt 0.461669922 0.747070312
vt 0.468994141 0.747070312
vt 0.465332031 0.743652344
vt 0.468994141 0.743652344
vt 0.47265625 0.736328125
vt 0.47265625 0.743652344
vt 0.458007812 0.732421875
vt 0.458007812 0.736328125
vt 0.432128906 0.721679688
vt 0.450683594 0.725097656
vt 0.487548828 0.743652344
vt 0.428466797 0.721679688
vt 0.428466797 0.721679688
vt 0.406494141 0.717773438
vt 0.458007812 0.732421875
vt 0.47265625 0.736328125
vt 0.4765625 0.736328125
vt 0.405517578 0.765625
vt 0.400878906 0.763671875
vt 0.395996094 0.763183594
vt 0.406494141 0.779296875
vt 0.407226562 0.769042969
vt 0.401855469 0.779785156
vt 0.394042969 0.772949219
vt 0.17578125 0.931640625
vt 0.17578125 0.935546875
vt 0.177734375 0.931640625
vt 0.177734375 0.935546875
vt 0.487548828 0.736328125
vt 0.494873047 0.736328125
vt 0.428466797 0.714355469
vt 0.428466797 0.717773438
vt 0.487548828 0.743652344
vt 0.406494141 0.714355469
vt 0.428466797 0.721679688
vt 0.398925781 0.714355469
vt 0.406494141 0.717773438
vt 0.33203125 0.822265625
vt 0.333984375 0.8046875
vt 0.333984375 0.8046875
vt 0.33203125 0.82421875
vt 0.3359375 0.806640625
vt 0.333984375 0.826171875
vt 0.333984375 0.853515625
vt 0.3359375 0.853515625
vt 0.33203125 0.787109375
vt 0.333984375 0.787109375
vt 0.328125 0.75390625
vt 0.328125 0.751953125
vt 0.333984375 0.740234375
vt 0.333984375 0.73828125
vt 0.1171875 0.9453125
vt 0.1171875 0.9453125
vt 0.1171875 0.943359375
vt 0.1171875 0.943359375
vt 0.1171875 0.943359375
vt 0.1171875 0.943359375
vt 0.1171875 0.94140625
vt 0.1171875 0.94140625
vt 0.633789062 0.876953125
vt 0.625 0.880371094
vt 0.62890625 0.8828125
vt 0.637207031 0.880371094
vt 0.6328125 0.875488281
vt 0.640136719 0.87109375
vt 0.633300781 0.868164062
vt 0.629882812 0.870117188
vt 0.645996094 0.860351562
vt 0.642089844 0.863769531
vt 0.6484375 0.864257812
vt 0.640136719 0.87109375
vt 0.637207031 0.880371094
vt 0.646484375 0.875
vt 0.641601562 0.873046875
vt 0.633789062 0.876953125
vt 0.606933594 0.854003906
vt 0.612792969 0.850585938
vt 0.606933594 0.848632812
vt 0.604492188 0.850097656
vt 0.616699219 0.842773438
vt 0.613769531 0.845214844
vt 0.619140625 0.845703125
vt 0.612792969 0.850585938
vt 0.6171875 0.863769531
vt 0.624023438 0.859863281
vt 0.620117188 0.857910156
vt 0.614257812 0.861328125
vt 0.623046875 0.834960938
vt 0.619140625 0.837402344
vt 0.622070312 0.839355469
vt 0.624511719 0.838378906
vt 0.66015625 0.834472656
vt 0.658203125 0.8359375
vt 0.662109375 0.8359375
vt 0.658203125 0.839355469
vt 0.62109375 0.833007812
vt 0.616210938 0.836425781
vt 0.619140625 0.837402344
vt 0.623046875 0.834960938
vt 0.177734375 0.935546875
vt 0.17578125 0.9375
vt 0.177734375 0.939453125
vt 0.17578125 0.9375
vt 0.658203125 0.846191406
vt 0.6484375 0.845703125
vt 0.650878906 0.850585938
vt 0.651367188 0.84375
vt 0.635253906 0.853027344
vt 0.639648438 0.85546875
vt 0.640625 0.851074219
vt 0.650878906 0.850585938
vt 0.662597656 0.850097656
vt 0.65234375 0.852050781
vt 0.653808594 0.85546875
vt 0.659667969 0.847167969
vt 0.662109375 0.813476562
vt 0.655273438 0.812988281
vt 0.656738281 0.816894531
vt 0.657714844 0.811035156
vt 0.645019531 0.818847656
vt 0.647949219 0.820800781
vt 0.648925781 0.817382812
vt 0.656738281 0.816894531
vt 0.626464844 0.830078125
vt 0.618164062 0.831542969
vt 0.619628906 0.834472656
vt 0.623535156 0.827636719
vt 0.619628906 0.834472656
vt 0.618164062 0.831542969
vt 0.610839844 0.837890625
vt 0.609863281 0.835449219
vt 0.599609375 0.840820312
vt 0.688476562 0.827636719
vt 0.684570312 0.826660156
vt 0.684570312 0.830078125
vt 0.686035156 0.825683594
vt 0.664550781 0.840332031
vt 0.66796875 0.837890625
vt 0.66796875 0.837890625
vt 0.672363281 0.835449219
vt 0.671386719 0.834960938
vt 0.677734375 0.831054688
vt 0.679199219 0.832519531
vt 0.680175781 0.830078125
vt 0.684570312 0.830078125
vt 0.669921875 0.81640625
vt 0.6640625 0.817382812
vt 0.665039062 0.819335938
vt 0.668457031 0.814453125
vt 0.665039062 0.819335938
vt 0.6640625 0.817382812
vt 0.659179688 0.821777344
vt 0.658203125 0.8203125
vt 0.650390625 0.82421875
vt 0.650390625 0.824707031
vt 0.646972656 0.826660156
vt 0.643554688 0.829589844
vt 0.650390625 0.82421875
vt 0.674804688 0.843261719
vt 0.673828125 0.842285156
vt 0.669433594 0.84375
vt 0.669433594 0.844726562
vt 0.670898438 0.833007812
vt 0.669921875 0.832519531
vt 0.668457031 0.835449219
vt 0.668945312 0.8359375
vt 0.668945312 0.8359375
vt 0.668457031 0.835449219
vt 0.662109375 0.836914062
vt 0.662109375 0.838378906
vt 0.642089844 0.827636719
vt 0.643066406 0.828125
vt 0.646484375 0.825195312
vt 0.645019531 0.824707031
vt 0.645019531 0.824707031
vt 0.646484375 0.825195312
vt 0.650878906 0.822265625
vt 0.649902344 0.821777344
vt 0.585449219 0.843261719
vt 0.586425781 0.84375
vt 0.590332031 0.839355469
vt 0.589355469 0.838867188
vt 0.649902344 0.821777344
vt 0.650878906 0.822265625
vt 0.655761719 0.819824219
vt 0.654785156 0.819335938
vt 0.589355469 0.838867188
vt 0.590332031 0.839355469
vt 0.597167969 0.835449219
vt 0.596191406 0.834472656
vt 0.602539062 0.859375
vt 0.603515625 0.859863281
vt 0.608398438 0.854980469
vt 0.607421875 0.854003906
vt 0.654785156 0.819335938
vt 0.655761719 0.819824219
vt 0.662109375 0.816894531
vt 0.661621094 0.81640625
vt 0.596191406 0.834472656
vt 0.597167969 0.835449219
vt 0.604980469 0.831542969
vt 0.604492188 0.830566406
vt 0.607421875 0.854003906
vt 0.608398438 0.854980469
vt 0.6171875 0.849121094
vt 0.616210938 0.848632812
vt 0.661621094 0.81640625
vt 0.662109375 0.816894531
vt 0.668457031 0.8125
vt 0.66796875 0.811523438
vt 0.604492188 0.830566406
vt 0.604980469 0.831542969
vt 0.615722656 0.826660156
vt 0.614746094 0.826171875
vt 0.616210938 0.848632812
vt 0.6171875 0.849121094
vt 0.627441406 0.844238281
vt 0.626953125 0.84375
vt 0.614746094 0.826171875
vt 0.615722656 0.826660156
vt 0.624511719 0.820800781
vt 0.624023438 0.819824219
vt 0.626953125 0.84375
vt 0.627441406 0.844238281
vt 0.641601562 0.837890625
vt 0.641113281 0.837402344
vt 0.641113281 0.837402344
vt 0.641601562 0.837890625
vt 0.652832031 0.830566406
vt 0.65234375 0.829101562
vt 0.658691406 0.80859375
vt 0.658203125 0.808105469
vt 0.655273438 0.811035156
vt 0.65625 0.811523438
vt 0.65625 0.811523438
vt 0.655273438 0.811035156
vt 0.651367188 0.813476562
vt 0.65234375 0.814453125
vt 0.625488281 0.823242188
vt 0.625 0.822753906
vt 0.620605469 0.826171875
vt 0.621582031 0.826660156
vt 0.65234375 0.814453125
vt 0.651367188 0.813476562
vt 0.647949219 0.815917969
vt 0.648925781 0.81640625
vt 0.621582031 0.826660156
vt 0.620605469 0.826171875
vt 0.615722656 0.829589844
vt 0.616699219 0.830566406
vt 0.653320312 0.833984375
vt 0.652832031 0.833007812
vt 0.647460938 0.837402344
vt 0.6484375 0.838378906
vt 0.648925781 0.81640625
vt 0.647949219 0.815917969
vt 0.645019531 0.817871094
vt 0.645507812 0.818359375
vt 0.616699219 0.830566406
vt 0.615722656 0.829589844
vt 0.610839844 0.833007812
vt 0.611328125 0.833496094
vt 0.6484375 0.838378906
vt 0.647460938 0.837402344
vt 0.641113281 0.842285156
vt 0.642089844 0.842773438
vt 0.645507812 0.818359375
vt 0.645019531 0.817871094
vt 0.642089844 0.818847656
vt 0.642578125 0.819335938
vt 0.611328125 0.833496094
vt 0.610839844 0.833007812
vt 0.606445312 0.835449219
vt 0.606933594 0.8359375
vt 0.642089844 0.842773438
vt 0.641113281 0.842285156
vt 0.634765625 0.846191406
vt 0.635253906 0.846679688
vt 0.642578125 0.819335938
vt 0.642089844 0.818847656
vt 0.639160156 0.820800781
vt 0.639648438 0.821289062
vt 0.606933594 0.8359375
vt 0.606445312 0.835449219
vt 0.602539062 0.836425781
vt 0.603027344 0.837402344
vt 0.635253906 0.846679688
vt 0.634765625 0.846191406
vt 0.629394531 0.849121094
vt 0.629882812 0.850097656
vt 0.639648438 0.821289062
vt 0.639160156 0.820800781
vt 0.637695312 0.822265625
vt 0.638183594 0.822753906
vt 0.603027344 0.837402344
vt 0.602539062 0.836425781
vt 0.59765625 0.838867188
vt 0.598632812 0.839355469
vt 0.629882812 0.850097656
vt 0.629394531 0.849121094
vt 0.624023438 0.851074219
vt 0.624511719 0.8515625
vt 0.638183594 0.822753906
vt 0.637695312 0.822265625
vt 0.635742188 0.823242188
vt 0.636230469 0.823730469
vt 0.598632812 0.839355469
vt 0.59765625 0.838867188
vt 0.595703125 0.840820312
vt 0.596191406 0.841308594
vt 0.624511719 0.8515625
vt 0.624023438 0.851074219
vt 0.618164062 0.853515625
vt 0.619140625 0.854003906
vt 0.636230469 0.823730469
vt 0.635742188 0.823242188
vt 0.630859375 0.824707031
vt 0.631835938 0.825683594
vt 0.596191406 0.841308594
vt 0.595703125 0.840820312
vt 0.593261719 0.842285156
vt 0.59375 0.843261719
vt 0.619140625 0.854003906
vt 0.618164062 0.853515625
vt 0.615722656 0.856445312
vt 0.616210938 0.856933594
vt 0.673339844 0.83984375
vt 0.671875 0.839355469
vt 0.670898438 0.841308594
vt 0.671386719 0.842285156
vt 0.59375 0.843261719
vt 0.593261719 0.842285156
vt 0.586425781 0.844238281
vt 0.586914062 0.845214844
vt 0.616210938 0.856933594
vt 0.615722656 0.856445312
vt 0.612792969 0.858398438
vt 0.61328125 0.858886719
vt 0.671386719 0.842285156
vt 0.670898438 0.841308594
vt 0.66796875 0.842285156
vt 0.66796875 0.843261719
vt 0.676269531 0.840332031
vt 0.675292969 0.83984375
vt 0.673828125 0.842285156
vt 0.674804688 0.843261719
vt 0.61328125 0.858886719
vt 0.612792969 0.858398438
vt 0.604003906 0.860839844
vt 0.604492188 0.861328125
vt 0.15625 0.6875
vt 0.15625 0.6875
vt 0.15625 0.685546875
vt 0.154296875 0.68359375
vt 0.162109375 0.6875
vt 0.162109375 0.6875
vt 0.138671875 0.693359375
vt 0.1640625 0.6875
vt 0.173828125 0.6875
vt 0.173828125 0.6875
vt 0.17578125 0.6875
vt 0.17578125 0.6875
vt 0.17578125 0.69140625
vt 0.17578125 0.6875
vt 0.1640625 0.6875
vt 0.1640625 0.6875
vt 0.171875 0.6875
vt 0.173828125 0.685546875
vt 0.169921875 0.6875
vt 0.171875 0.68359375
vt 0.1640625 0.685546875
vt 0.17578125 0.685546875
vt 0.17578125 0.685546875
vt 0.17578125 0.685546875
vt 0.18359375 0.6875
vt 0.18359375 0.693359375
vt 0.17578125 0.68359375
vt 0.17578125 0.6796875
vt 0.18359375 0.67578125
vt 0.17578125 0.68359375
vt 0.185546875 0.66796875
vt 0.17578125 0.6796875
vt 0.17578125 0.68359375
vt 0.173828125 0.6796875
vt 0.1484375 0.671875
vt 0.171875 0.6796875
vt 0.162109375 0.68359375
vt 0.162109375 0.68359375
vt 0.16015625 0.68359375
vt 0.173828125 0.6796875
vt 0.173828125 0.68359375
vt 0.1640625 0.685546875
vt 0.154296875 0.68359375
vt 0.16015625 0.68359375
vt 0.154296875 0.68359375
vt 0.15234375 0.68359375
vt 0.158203125 0.685546875
vt 0.16015625 0.685546875
vt 0.15625 0.6875
vt 0.15625 0.6875
vt 0.15625 0.6875
vt 0.16015625 0.6875
vt 0.158203125 0.6875
vt 0.15625 0.689453125
vt 0.15625 0.6875
vt 0.16015625 0.6875
vt 0.162109375 0.6875
vt 0.142578125 0.685546875
vt 0.15234375 0.68359375
vt 0.15234375 0.685546875
vt 0.1328125 0.6875
vt 0.111328125 0.6796875
vt 0.150390625 0.6875
vt 0.15234375 0.6875
vt 0.150390625 0.6875
vt 0.15234375 0.6875
vt 0.15234375 0.689453125
vt 0.15625 0.689453125
vt 0.130859375 0.693359375
vt 0.107421875 0.720703125
vt 0.119140625 0.69140625
vt 0.126953125 0.708984375
vt 0.138671875 0.693359375
vt 0.138671875 0.69140625
vt 0.17578125 0.689453125
vt 0.138671875 0.703125
vt 0.17578125 0.69140625
vt 0.18359375 0.69140625
vt 0.18359375 0.69140625
vt 0.12890625 0.708984375
vt 0.181640625 0.701171875
vt 0.125 0.7265625
vt 0.13671875 0.708984375
vt 0.115234375 0.73046875
vt 0.138671875 0.736328125
vt 0.111328125 0.73046875
vt 0.119140625 0.748046875
vt 0.142578125 0.7578125
vt 0.171875 0.73828125
vt 0.173828125 0.724609375
vt 0.18359375 0.73046875
vt 0.185546875 0.7265625
vt 0.18359375 0.716796875
vt 0.173828125 0.720703125
vt 0.171875 0.71875
vt 0.138671875 0.724609375
vt 0.154296875 0.716796875
vt 0.15625 0.71484375
vt 0.15234375 0.71484375
vt 0.158203125 0.716796875
vt 0.142578125 0.71484375
vt 0.15234375 0.712890625
vt 0.138671875 0.71484375
vt 0.138671875 0.712890625
vt 0.13671875 0.712890625
vt 0.13671875 0.7109375
vt 0.171875 0.71484375
vt 0.1640625 0.71484375
vt 0.1640625 0.71484375
vt 0.162109375 0.71484375
vt 0.158203125 0.71484375
vt 0.162109375 0.712890625
vt 0.1640625 0.712890625
vt 0.162109375 0.712890625
vt 0.140625 0.708984375
vt 0.138671875 0.7109375
vt 0.140625 0.708984375
vt 0.140625 0.708984375
vt 0.138671875 0.70703125
vt 0.142578125 0.708984375
vt 0.16015625 0.708984375
vt 0.158203125 0.712890625
vt 0.173828125 0.708984375
vt 0.171875 0.712890625
vt 0.173828125 0.708984375
vt 0.171875 0.708984375
vt 0.171875 0.70703125
vt 0.16015625 0.708984375
vt 0.173828125 0.70703125
vt 0.138671875 0.703125
vt 0.126953125 0.708984375
vt 0.15625 0.708984375
vt 0.15625 0.708984375
vt 0.142578125 0.7109375
vt 0.15625 0.712890625
vt 0.1484375 0.712890625
vt 0.142578125 0.7109375
vt 0.1484375 0.712890625
vt 0.142578125 0.712890625
vt 0.310546875 0.8046875
vt 0.310546875 0.7890625
vt 0.3046875 0.791015625
vt 0.30859375 0.8046875
vt 0.169921875 0.697265625
vt 0.173828125 0.697265625
vt 0.173828125 0.693359375
vt 0.162109375 0.693359375
vt 0.1640625 0.697265625
vt 0.162109375 0.697265625
vt 0.1640625 0.697265625
vt 0.169921875 0.697265625
vt 0.169921875 0.701171875
vt 0.1640625 0.697265625
vt 0.158203125 0.693359375
vt 0.162109375 0.701171875
vt 0.162109375 0.701171875
vt 0.17578125 0.693359375
vt 0.169921875 0.70703125
vt 0.171875 0.697265625
vt 0.171875 0.701171875
vt 0.18359375 0.7109375
vt 0.173828125 0.703125
vt 0.16015625 0.701171875
vt 0.158203125 0.701171875
vt 0.158203125 0.701171875
vt 0.158203125 0.701171875
vt 0.15625 0.701171875
vt 0.177734375 0.697265625
vt 0.17578125 0.697265625
vt 0.177734375 0.701171875
vt 0.173828125 0.701171875
vt 0.150390625 0.701171875
vt 0.15625 0.697265625
vt 0.1484375 0.701171875
vt 0.1484375 0.701171875
vt 0.142578125 0.701171875
vt 0.142578125 0.697265625
vt 0.1484375 0.6953125
vt 0.1484375 0.697265625
vt 0.1484375 0.697265625
vt 0.150390625 0.6953125
vt 0.15625 0.697265625
vt 0.158203125 0.697265625
vt 0.15234375 0.697265625
vt 0.150390625 0.697265625
vt 0.15234375 0.697265625
vt 0.15625 0.697265625
vt 0.15234375 0.701171875
vt 0.15625 0.697265625
vt 0.15234375 0.701171875
vt 0.150390625 0.701171875
vt 0.150390625 0.701171875
vt 0.291015625 0.787109375
vt 0.29296875 0.7421875
vt 0.2890625 0.7578125
vt 0.2890625 0.787109375
vt 0.2890625 0.787109375
vt 0.2890625 0.7890625
vt 0.29296875 0.802734375
vt 0.28515625 0.7890625
vt 0.29296875 0.796875
vt 0.291015625 0.7890625
vt 0.29296875 0.796875
vt 0.10546875 0.8671875
vt 0.10546875 0.83203125
vt 0.10546875 0.8359375
vt 0.10546875 0.8671875
vt 0.09375 0.966796875
vt 0.08984375 0.98046875
vt 0.09375 0.98046875
vt 0.09375 0.962890625
vt 0.138671875 0.955078125
vt 0.138671875 0.966796875
vt 0.140625 0.96484375
vt 0.138671875 0.958984375
vt 0.138671875 0.919921875
vt 0.140625 0.919921875
vt 0.140625 0.912109375
vt 0.103515625 0.833984375
vt 0.10546875 0.859375
vt 0.10546875 0.83203125
vt 0.103515625 0.865234375
vt 0.10546875 0.87890625
vt 0.10546875 0.87890625
vt 0.08984375 0.98046875
vt 0.09375 0.966796875
vt 0.091796875 0.96484375
vt 0.091796875 0.98046875
vt 0.185546875 0.833984375
vt 0.18359375 0.833984375
vt 0.18359375 0.833984375
vt 0.185546875 0.833984375
vt 0.18359375 0.841796875
vt 0.185546875 0.8359375
vt 0.18359375 0.693359375
vt 0.18359375 0.69140625
vt 0.18359375 0.69140625
vt 0.18359375 0.693359375
vt 0.185546875 0.69140625
vt 0.185546875 0.693359375
vt 0.185546875 0.685546875
vt 0.181640625 0.701171875
vt 0.18359375 0.6875
vt 0.18359375 0.701171875
vt 0.18359375 0.7109375
vt 0.185546875 0.70703125
vt 0.185546875 0.67578125
vt 0.18359375 0.67578125
vt 0.185546875 0.66796875
vt 0.185546875 0.66796875
vt 0.18359375 0.8046875
vt 0.185546875 0.810546875
vt 0.185546875 0.810546875
vt 0.18359375 0.802734375
vt 0.18359375 0.765625
vt 0.185546875 0.765625
vt 0.185546875 0.7578125
vt 0.083984375 0.935546875
vt 0.08984375 0.89453125
vt 0.08984375 0.892578125
vt 0.0859375 0.935546875
vt 0.087890625 0.966796875
vt 0.08984375 0.966796875
vt 0.197265625 0.71484375
vt 0.224609375 0.669921875
vt 0.22265625 0.66796875
vt 0.19921875 0.716796875
vt 0.185546875 0.7265625
vt 0.193359375 0.7265625
vt 0.1875 0.7421875
vt 0.193359375 0.7421875
vt 0.310546875 0.8046875
vt 0.3125 0.8046875
vt 0.3125 0.8046875
vt 0.310546875 0.8046875
vt 0.26171875 0.916015625
vt 0.26171875 0.91796875
vt 0.2578125 0.943359375
vt 0.26171875 0.943359375
vt 0.185546875 0.708984375
vt 0.18359375 0.708984375
vt 0.18359375 0.716796875
vt 0.18359375 0.716796875
vt 0.185546875 0.7265625
vt 0.185546875 0.724609375
vt 0.18359375 0.73046875
vt 0.185546875 0.73046875
vt 0.171875 0.73828125
vt 0.171875 0.73828125
vt 0.142578125 0.7578125
vt 0.1484375 0.7578125
vt 0.263671875 0.97265625
vt 0.263671875 0.9765625
vt 0.263671875 0.9765625
vt 0.263671875 0.97265625
vt 0.193359375 0.7421875
vt 0.1875 0.7421875
vt 0.201171875 0.7578125
vt 0.203125 0.755859375
vt 0.358154297 0.875
vt 0.355957031 0.876464844
vt 0.358398438 0.886230469
vt 0.361328125 0.884765625
vt 0.361572266 0.900390625
vt 0.364013672 0.898925781
vt 0.364746094 0.912597656
vt 0.366943359 0.911132812
vt 0.369140625 0.920898438
vt 0.367919922 0.926757812
vt 0.370849609 0.930664062
vt 0.370361328 0.94140625
vt 0.372314453 0.94140625
vt 0.370361328 0.958984375
vt 0.368164062 0.958496094
vt 0.364746094 0.968261719
vt 0.364257812 0.967773438
vt 0.360839844 0.971191406
vt 0.307861328 0.857421875
vt 0.319335938 0.850585938
vt 0.315185547 0.845703125
vt 0.315673828 0.861816406
vt 0.305419922 0.88671875
vt 0.291259766 0.885253906
vt 0.364257812 0.967773438
vt 0.361328125 0.969238281
vt 0.360839844 0.971191406
vt 0.357910156 0.970703125
vt 0.350341797 0.971679688
vt 0.375976562 0.976074219
vt 0.364746094 0.968261719
vt 0.376708984 0.972167969
vt 0.370361328 0.958984375
vt 0.378662109 0.9609375
vt 0.375244141 0.980957031
vt 0.372314453 0.94140625
vt 0.356689453 0.982910156
vt 0.371826172 0.989746094
vt 0.349365234 0.978515625
vt 0.327392578 0.963378906
vt 0.333740234 0.9609375
vt 0.357910156 0.970703125
vt 0.326660156 0.962890625
vt 0.335693359 0.960449219
vt 0.329833984 0.958007812
vt 0.31640625 0.946289062
vt 0.383056641 0.938476562
vt 0.383544922 0.938476562
vt 0.381103516 0.960449219
vt 0.370849609 0.930664062
vt 0.376708984 0.972167969
vt 0.378662109 0.927246094
vt 0.369140625 0.920898438
vt 0.392578125 0.913085938
vt 0.392089844 0.921386719
vt 0.393066406 0.919433594
vt 0.393066406 0.913574219
vt 0.376708984 0.920410156
vt 0.393066406 0.909667969
vt 0.393554688 0.909667969
vt 0.393798828 0.904785156
vt 0.375 0.91015625
vt 0.366943359 0.911132812
vt 0.389892578 0.90625
vt 0.394775391 0.895996094
vt 0.383544922 0.909179688
vt 0.367431641 0.896484375
vt 0.364013672 0.898925781
vt 0.361328125 0.884765625
vt 0.390380859 0.895996094
vt 0.398681641 0.877929688
vt 0.372558594 0.895507812
vt 0.364990234 0.883300781
vt 0.358154297 0.875
vt 0.381103516 0.897460938
vt 0.389404297 0.880371094
vt 0.405029297 0.859863281
vt 0.376953125 0.883300781
vt 0.363037109 0.873535156
vt 0.357177734 0.869628906
vt 0.362060547 0.868652344
vt 0.369628906 0.8828125
vt 0.368408203 0.873046875
vt 0.367919922 0.868164062
vt 0.374267578 0.865234375
vt 0.374755859 0.87109375
vt 0.389892578 0.869628906
vt 0.404296875 0.857910156
vt 0.389160156 0.864257812
vt 0.417724609 0.870605469
vt 0.406738281 0.863769531
vt 0.407470703 0.865722656
vt 0.414550781 0.875488281
vt 0.436523438 0.875488281
vt 0.402832031 0.87890625
vt 0.405029297 0.859863281
vt 0.398681641 0.877929688
vt 0.396728516 0.895507812
vt 0.394775391 0.895996094
vt 0.409179688 0.884765625
vt 0.432373047 0.880371094
vt 0.395019531 0.904785156
vt 0.393798828 0.904785156
vt 0.434814453 0.893554688
vt 0.438232422 0.890136719
vt 0.439697266 0.8984375
vt 0.443603516 0.895507812
vt 0.420654297 0.894042969
vt 0.401611328 0.896484375
vt 0.410644531 0.901855469
vt 0.393554688 0.909667969
vt 0.393066406 0.909667969
vt 0.397949219 0.907714844
vt 0.393066406 0.913574219
vt 0.402587891 0.913574219
vt 0.442626953 0.902832031
vt 0.447021484 0.899902344
vt 0.444580078 0.912109375
vt 0.452148438 0.909179688
vt 0.427001953 0.900878906
vt 0.434326172 0.909179688
vt 0.430908203 0.905273438
vt 0.426757812 0.917480469
vt 0.397460938 0.919433594
vt 0.393798828 0.919433594
vt 0.393066406 0.921875
vt 0.401855469 0.92578125
vt 0.411132812 0.918945312
vt 0.433837891 0.919433594
vt 0.404296875 0.931640625
vt 0.421875 0.908691406
vt 0.430908203 0.905273438
vt 0.414550781 0.922363281
vt 0.424804688 0.911132812
vt 0.416992188 0.924804688
vt 0.406738281 0.934082031
vt 0.42578125 0.925292969
vt 0.392089844 0.921386719
vt 0.393066406 0.919433594
vt 0.393798828 0.919433594
vt 0.416015625 0.934082031
vt 0.432617188 0.936523438
vt 0.425292969 0.943359375
vt 0.440673828 0.931640625
vt 0.440185547 0.953613281
vt 0.449462891 0.928710938
vt 0.455322266 0.929199219
vt 0.447998047 0.954589844
vt 0.431152344 0.963867188
vt 0.433105469 0.970703125
vt 0.406738281 0.943359375
vt 0.421630859 0.953613281
vt 0.434082031 0.95703125
vt 0.432128906 0.960449219
vt 0.413330078 0.958984375
vt 0.411132812 0.967773438
vt 0.395263672 0.9453125
vt 0.399414062 0.955566406
vt 0.390136719 0.960449219
vt 0.389404297 0.97265625
vt 0.396728516 0.967773438
vt 0.412841797 0.976074219
vt 0.413085938 0.981445312
vt 0.390136719 0.986328125
vt 0.397216797 0.978515625
vt 0.379150391 0.97265625
vt 0.375976562 0.976074219
vt 0.378417969 0.98046875
vt 0.380126953 0.987304688
vt 0.37890625 0.976074219
vt 0.375244141 0.980957031
vt 0.380126953 0.987304688
vt 0.371826172 0.989746094
vt 0.347167969 0.878417969
vt 0.358398438 0.886230469
vt 0.355957031 0.876464844
vt 0.352294922 0.895507812
vt 0.361572266 0.900390625
vt 0.328857422 0.896484375
vt 0.356201172 0.907226562
vt 0.364746094 0.912597656
vt 0.338134766 0.905761719
vt 0.322509766 0.924316406
vt 0.341552734 0.916015625
vt 0.359863281 0.921386719
vt 0.367919922 0.926757812
vt 0.344970703 0.92578125
vt 0.362304688 0.934570312
vt 0.370361328 0.94140625
vt 0.333740234 0.933105469
vt 0.326416016 0.9453125
vt 0.346923828 0.935058594
vt 0.362792969 0.94140625
vt 0.346923828 0.944824219
vt 0.362548828 0.948730469
vt 0.368164062 0.958496094
vt 0.360351562 0.958007812
vt 0.364257812 0.967773438
vt 0.361328125 0.969238281
vt 0.357910156 0.970703125
vt 0.347900391 0.954101562
vt 0.335693359 0.960449219
vt 0.3046875 0.919433594
vt 0.313476562 0.895996094
vt 0.305419922 0.88671875
vt 0.315673828 0.861816406
vt 0.319335938 0.876464844
vt 0.319335938 0.850585938
vt 0.325683594 0.850097656
vt 0.406738281 0.863769531
vt 0.404296875 0.857910156
vt 0.405029297 0.859863281
vt 0.407470703 0.865722656
vt 0.181640625 0.953125
vt 0.185546875 0.955078125
vt 0.185546875 0.947265625
vt 0.18359375 0.966796875
vt 0.177734375 0.962890625
vt 0.185546875 0.962890625
vt 0.185546875 0.98046875
vt 0.417480469 0.813476562
vt 0.417480469 0.788085938
vt 0.387939453 0.791503906
vt 0.432128906 0.791503906
vt 0.443359375 0.795410156
vt 0.4765625 0.828613281
vt 0.450683594 0.854003906
vt 0.505859375 0.850585938
vt 0.524414062 0.828613281
vt 0.517089844 0.813476562
vt 0.487548828 0.806152344
vt 0.468994141 0.798828125
vt 0.47265625 0.714355469
vt 0.468994141 0.714355469
vt 0.47265625 0.714355469
vt 0.47265625 0.714355469
vt 0.468994141 0.714355469
vt 0.465332031 0.714355469
vt 0.468994141 0.714355469
vt 0.465332031 0.714355469
vt 0.468994141 0.717773438
vt 0.468994141 0.721679688
vt 0.468994141 0.717773438
vt 0.465332031 0.714355469
vt 0.458007812 0.714355469
vt 0.458007812 0.717773438
vt 0.494873047 0.736328125
vt 0.47265625 0.721679688
vt 0.47265625 0.717773438
vt 0.461669922 0.710449219
vt 0.458007812 0.710449219
vt 0.461669922 0.706542969
vt 0.47265625 0.710449219
vt 0.487548828 0.691894531
vt 0.458007812 0.706542969
vt 0.4765625 0.714355469
vt 0.439697266 0.69921875
vt 0.458007812 0.706542969
vt 0.439697266 0.703125
vt 0.435791016 0.69921875
vt 0.439697266 0.706542969
vt 0.435791016 0.706542969
vt 0.443359375 0.710449219
vt 0.450683594 0.710449219
vt 0.443359375 0.710449219
vt 0.439697266 0.710449219
vt 0.450683594 0.714355469
vt 0.435791016 0.710449219
vt 0.435791016 0.710449219
vt 0.450683594 0.714355469
vt 0.450683594 0.714355469
vt 0.494873047 0.736328125
vt 0.435791016 0.710449219
vt 0.432128906 0.710449219
vt 0.428466797 0.710449219
vt 0.428466797 0.714355469
vt 0.432128906 0.710449219
vt 0.432128906 0.706542969
vt 0.432128906 0.706542969
vt 0.428466797 0.706542969
vt 0.41015625 0.706542969
vt 0.406494141 0.714355469
vt 0.428466797 0.703125
vt 0.432128906 0.69921875
vt 0.417480469 0.684570312
vt 0.432128906 0.703125
vt 0.417480469 0.669921875
vt 0.435791016 0.69921875
vt 0.432128906 0.706542969
vt 0.487548828 0.717773438
vt 0.4765625 0.714355469
vt 0.4765625 0.717773438
vt 0.509765625 0.725097656
vt 0.553710938 0.721679688
vt 0.4765625 0.717773438
vt 0.47265625 0.717773438
vt 0.494873047 0.736328125
vt 0.4765625 0.721679688
vt 0.527832031 0.736328125
vt 0.5390625 0.806152344
vt 0.513183594 0.747070312
vt 0.487548828 0.743652344
vt 0.517089844 0.76953125
vt 0.487548828 0.758300781
vt 0.480224609 0.747070312
vt 0.4765625 0.736328125
vt 0.4765625 0.743652344
vt 0.4765625 0.747070312
vt 0.480224609 0.750976562
vt 0.4765625 0.747070312
vt 0.4765625 0.750976562
vt 0.47265625 0.750976562
vt 0.458007812 0.743652344
vt 0.458007812 0.747070312
vt 0.450683594 0.747070312
vt 0.450683594 0.747070312
vt 0.443359375 0.747070312
vt 0.435791016 0.750976562
vt 0.435791016 0.736328125
vt 0.432128906 0.736328125
vt 0.424804688 0.743652344
vt 0.432128906 0.743652344
vt 0.398925781 0.747070312
vt 0.406494141 0.736328125
vt 0.421142578 0.736328125
vt 0.424804688 0.736328125
vt 0.421142578 0.732421875
vt 0.406494141 0.717773438
vt 0.428466797 0.721679688
vt 0.428466797 0.732421875
vt 0.487548828 0.762207031
vt 0.509765625 0.76953125
vt 0.487548828 0.806152344
vt 0.517089844 0.813476562
vt 0.524414062 0.828613281
vt 0.487548828 0.776855469
vt 0.480224609 0.780273438
vt 0.480224609 0.776855469
vt 0.468994141 0.798828125
vt 0.487548828 0.76953125
vt 0.4765625 0.780273438
vt 0.487548828 0.765625
vt 0.480224609 0.765625
vt 0.480224609 0.76953125
vt 0.480224609 0.765625
vt 0.480224609 0.762207031
vt 0.4765625 0.762207031
vt 0.458007812 0.758300781
vt 0.458007812 0.758300781
vt 0.4765625 0.765625
vt 0.458007812 0.765625
vt 0.465332031 0.765625
vt 0.47265625 0.76953125
vt 0.4765625 0.76953125
vt 0.47265625 0.776855469
vt 0.465332031 0.776855469
vt 0.4765625 0.776855469
vt 0.461669922 0.788085938
vt 0.443359375 0.795410156
vt 0.458007812 0.776855469
vt 0.458007812 0.76953125
vt 0.443359375 0.776855469
vt 0.428466797 0.76953125
vt 0.424804688 0.776855469
vt 0.406494141 0.776855469
vt 0.432128906 0.791503906
vt 0.417480469 0.788085938
vt 0.395263672 0.765625
vt 0.387939453 0.780273438
vt 0.387939453 0.791503906
vt 0.432128906 0.765625
vt 0.428466797 0.765625
vt 0.439697266 0.76953125
vt 0.443359375 0.76953125
vt 0.432128906 0.765625
vt 0.439697266 0.765625
vt 0.432128906 0.762207031
vt 0.439697266 0.765625
vt 0.450683594 0.758300781
vt 0.443359375 0.765625
vt 0.428466797 0.754882812
vt 0.428466797 0.762207031
vt 0.428466797 0.754882812
vt 0.428466797 0.750976562
vt 0.428466797 0.754882812
vt 0.450683594 0.758300781
vt 0.421142578 0.754882812
vt 0.487548828 0.762207031
vt 0.395263672 0.750976562
vt 0.421142578 0.758300781
vt 0.395263672 0.750976562
vt 0.428466797 0.750976562
vt 0.487548828 0.758300781
vt 0.432128906 0.747070312
vt 0.487548828 0.758300781
vt 0.395263672 0.765625
vt 0.417480469 0.762207031
vt 0.417480469 0.765625
vt 0.421142578 0.762207031
vt 0.435791016 0.736328125
vt 0.439697266 0.736328125
vt 0.439697266 0.743652344
vt 0.435791016 0.736328125
vt 0.435791016 0.732421875
vt 0.443359375 0.736328125
vt 0.450683594 0.725097656
vt 0.450683594 0.736328125
vt 0.432128906 0.721679688
vt 0.432128906 0.732421875
vt 0.465332031 0.743652344
vt 0.458007812 0.736328125
vt 0.458007812 0.732421875
vt 0.47265625 0.736328125
vt 0.468994141 0.743652344
vt 0.47265625 0.743652344
vt 0.468994141 0.747070312
vt 0.465332031 0.743652344
vt 0.468994141 0.747070312
vt 0.47265625 0.750976562
vt 0.461669922 0.747070312
vt 0.47265625 0.747070312
vt 0.487548828 0.743652344
vt 0.450683594 0.725097656
vt 0.432128906 0.721679688
vt 0.428466797 0.721679688
vt 0.428466797 0.721679688
vt 0.406494141 0.717773438
vt 0.47265625 0.736328125
vt 0.458007812 0.732421875
vt 0.4765625 0.736328125
vt 0.395996094 0.763183594
vt 0.400878906 0.763671875
vt 0.405517578 0.765625
vt 0.406494141 0.779296875
vt 0.407226562 0.769042969
vt 0.401855469 0.779785156
vt 0.394042969 0.772949219
vt 0.17578125 0.931640625
vt 0.177734375 0.931640625
vt 0.17578125 0.935546875
vt 0.177734375 0.935546875
vt 0.487548828 0.736328125
vt 0.428466797 0.714355469
vt 0.494873047 0.736328125
vt 0.428466797 0.717773438
vt 0.487548828 0.743652344
vt 0.406494141 0.714355469
vt 0.428466797 0.721679688
vt 0.398925781 0.714355469
vt 0.406494141 0.717773438
vt 0.33203125 0.822265625
vt 0.333984375 0.8046875
vt 0.333984375 0.8046875
vt 0.33203125 0.82421875
vt 0.3359375 0.806640625
vt 0.333984375 0.826171875
vt 0.333984375 0.853515625
vt 0.3359375 0.853515625
vt 0.33203125 0.787109375
vt 0.328125 0.75390625
vt 0.333984375 0.787109375
vt 0.328125 0.751953125
vt 0.333984375 0.740234375
vt 0.333984375 0.73828125
vt 0.633789062 0.876953125
vt 0.62890625 0.8828125
vt 0.625 0.880371094
vt 0.637207031 0.880371094
vt 0.6328125 0.875488281
vt 0.633300781 0.868164062
vt 0.640136719 0.87109375
vt 0.629882812 0.870117188
vt 0.645996094 0.860351562
vt 0.6484375 0.864257812
vt 0.642089844 0.863769531
vt 0.640136719 0.87109375
vt 0.637207031 0.880371094
vt 0.641601562 0.873046875
vt 0.646484375 0.875
vt 0.633789062 0.876953125
vt 0.606933594 0.854003906
vt 0.606933594 0.848632812
vt 0.612792969 0.850585938
vt 0.604492188 0.850097656
vt 0.616699219 0.842773438
vt 0.619140625 0.845703125
vt 0.613769531 0.845214844
vt 0.612792969 0.850585938
vt 0.6171875 0.863769531
vt 0.620117188 0.857910156
vt 0.624023438 0.859863281
vt 0.614257812 0.861328125
vt 0.623046875 0.834960938
vt 0.622070312 0.839355469
vt 0.619140625 0.837402344
vt 0.624511719 0.838378906
vt 0.66015625 0.834472656
vt 0.662109375 0.8359375
vt 0.658203125 0.8359375
vt 0.658203125 0.839355469
vt 0.62109375 0.833007812
vt 0.619140625 0.837402344
vt 0.616210938 0.836425781
vt 0.623046875 0.834960938
vt 0.177734375 0.935546875
vt 0.177734375 0.939453125
vt 0.17578125 0.9375
vt 0.17578125 0.9375
vt 0.658203125 0.846191406
vt 0.650878906 0.850585938
vt 0.6484375 0.845703125
vt 0.651367188 0.84375
vt 0.635253906 0.853027344
vt 0.640625 0.851074219
vt 0.639648438 0.85546875
vt 0.650878906 0.850585938
vt 0.662597656 0.850097656
vt 0.653808594 0.85546875
vt 0.65234375 0.852050781
vt 0.659667969 0.847167969
vt 0.662109375 0.813476562
vt 0.656738281 0.816894531
vt 0.655273438 0.812988281
vt 0.657714844 0.811035156
vt 0.645019531 0.818847656
vt 0.648925781 0.817382812
vt 0.647949219 0.820800781
vt 0.656738281 0.816894531
vt 0.626464844 0.830078125
vt 0.619628906 0.834472656
vt 0.618164062 0.831542969
vt 0.623535156 0.827636719
vt 0.619628906 0.834472656
vt 0.610839844 0.837890625
vt 0.618164062 0.831542969
vt 0.609863281 0.835449219
vt 0.599609375 0.840820312
vt 0.688476562 0.827636719
vt 0.684570312 0.830078125
vt 0.684570312 0.826660156
vt 0.686035156 0.825683594
vt 0.664550781 0.840332031
vt 0.66796875 0.837890625
vt 0.66796875 0.837890625
vt 0.672363281 0.835449219
vt 0.671386719 0.834960938
vt 0.677734375 0.831054688
vt 0.680175781 0.830078125
vt 0.679199219 0.832519531
vt 0.684570312 0.830078125
vt 0.669921875 0.81640625
vt 0.665039062 0.819335938
vt 0.6640625 0.817382812
vt 0.668457031 0.814453125
vt 0.665039062 0.819335938
vt 0.659179688 0.821777344
vt 0.6640625 0.817382812
vt 0.658203125 0.8203125
vt 0.650390625 0.82421875
vt 0.650390625 0.824707031
vt 0.643554688 0.829589844
vt 0.646972656 0.826660156
vt 0.650390625 0.82421875
vt 0.674804688 0.843261719
vt 0.669433594 0.844726562
vt 0.669433594 0.84375
vt 0.673828125 0.842285156
vt 0.670898438 0.833007812
vt 0.668945312 0.8359375
vt 0.668457031 0.835449219
vt 0.669921875 0.832519531
vt 0.668945312 0.8359375
vt 0.662109375 0.838378906
vt 0.662109375 0.836914062
vt 0.668457031 0.835449219
vt 0.642089844 0.827636719
vt 0.645019531 0.824707031
vt 0.646484375 0.825195312
vt 0.643066406 0.828125
vt 0.645019531 0.824707031
vt 0.649902344 0.821777344
vt 0.650878906 0.822265625
vt 0.646484375 0.825195312
vt 0.585449219 0.843261719
vt 0.589355469 0.838867188
vt 0.590332031 0.839355469
vt 0.586425781 0.84375
vt 0.649902344 0.821777344
vt 0.654785156 0.819335938
vt 0.655761719 0.819824219
vt 0.650878906 0.822265625
vt 0.589355469 0.838867188
vt 0.596191406 0.834472656
vt 0.597167969 0.835449219
vt 0.590332031 0.839355469
vt 0.602539062 0.859375
vt 0.607421875 0.854003906
vt 0.608398438 0.854980469
vt 0.603515625 0.859863281
vt 0.654785156 0.819335938
vt 0.661621094 0.81640625
vt 0.662109375 0.816894531
vt 0.655761719 0.819824219
vt 0.596191406 0.834472656
vt 0.604492188 0.830566406
vt 0.604980469 0.831542969
vt 0.597167969 0.835449219
vt 0.607421875 0.854003906
vt 0.616210938 0.848632812
vt 0.6171875 0.849121094
vt 0.608398438 0.854980469
vt 0.661621094 0.81640625
vt 0.66796875 0.811523438
vt 0.668457031 0.8125
vt 0.662109375 0.816894531
vt 0.604492188 0.830566406
vt 0.614746094 0.826171875
vt 0.615722656 0.826660156
vt 0.604980469 0.831542969
vt 0.616210938 0.848632812
vt 0.626953125 0.84375
vt 0.627441406 0.844238281
vt 0.6171875 0.849121094
vt 0.614746094 0.826171875
vt 0.624023438 0.819824219
vt 0.624511719 0.820800781
vt 0.615722656 0.826660156
vt 0.626953125 0.84375
vt 0.641113281 0.837402344
vt 0.641601562 0.837890625
vt 0.627441406 0.844238281
vt 0.641113281 0.837402344
vt 0.65234375 0.829101562
vt 0.652832031 0.830566406
vt 0.641601562 0.837890625
vt 0.658691406 0.80859375
vt 0.65625 0.811523438
vt 0.655273438 0.811035156
vt 0.658203125 0.808105469
vt 0.65625 0.811523438
vt 0.65234375 0.814453125
vt 0.651367188 0.813476562
vt 0.655273438 0.811035156
vt 0.625488281 0.823242188
vt 0.621582031 0.826660156
vt 0.620605469 0.826171875
vt 0.625 0.822753906
vt 0.65234375 0.814453125
vt 0.648925781 0.81640625
vt 0.647949219 0.815917969
vt 0.651367188 0.813476562
vt 0.621582031 0.826660156
vt 0.616699219 0.830566406
vt 0.615722656 0.829589844
vt 0.620605469 0.826171875
vt 0.653320312 0.833984375
vt 0.6484375 0.838378906
vt 0.647460938 0.837402344
vt 0.652832031 0.833007812
vt 0.648925781 0.81640625
vt 0.645507812 0.818359375
vt 0.645019531 0.817871094
vt 0.647949219 0.815917969
vt 0.616699219 0.830566406
vt 0.611328125 0.833496094
vt 0.610839844 0.833007812
vt 0.615722656 0.829589844
vt 0.6484375 0.838378906
vt 0.642089844 0.842773438
vt 0.641113281 0.842285156
vt 0.647460938 0.837402344
vt 0.645507812 0.818359375
vt 0.642578125 0.819335938
vt 0.642089844 0.818847656
vt 0.645019531 0.817871094
vt 0.611328125 0.833496094
vt 0.606933594 0.8359375
vt 0.606445312 0.835449219
vt 0.610839844 0.833007812
vt 0.642089844 0.842773438
vt 0.635253906 0.846679688
vt 0.634765625 0.846191406
vt 0.641113281 0.842285156
vt 0.642578125 0.819335938
vt 0.639648438 0.821289062
vt 0.639160156 0.820800781
vt 0.642089844 0.818847656
vt 0.606933594 0.8359375
vt 0.603027344 0.837402344
vt 0.602539062 0.836425781
vt 0.606445312 0.835449219
vt 0.635253906 0.846679688
vt 0.629882812 0.850097656
vt 0.629394531 0.849121094
vt 0.634765625 0.846191406
vt 0.639648438 0.821289062
vt 0.638183594 0.822753906
vt 0.637695312 0.822265625
vt 0.639160156 0.820800781
vt 0.603027344 0.837402344
vt 0.598632812 0.839355469
vt 0.59765625 0.838867188
vt 0.602539062 0.836425781
vt 0.629882812 0.850097656
vt 0.624511719 0.8515625
vt 0.624023438 0.851074219
vt 0.629394531 0.849121094
vt 0.638183594 0.822753906
vt 0.636230469 0.823730469
vt 0.635742188 0.823242188
vt 0.637695312 0.822265625
vt 0.598632812 0.839355469
vt 0.596191406 0.841308594
vt 0.595703125 0.840820312
vt 0.59765625 0.838867188
vt 0.624511719 0.8515625
vt 0.619140625 0.854003906
vt 0.618164062 0.853515625
vt 0.624023438 0.851074219
vt 0.636230469 0.823730469
vt 0.631835938 0.825683594
vt 0.630859375 0.824707031
vt 0.635742188 0.823242188
vt 0.596191406 0.841308594
vt 0.59375 0.843261719
vt 0.593261719 0.842285156
vt 0.595703125 0.840820312
vt 0.619140625 0.854003906
vt 0.616210938 0.856933594
vt 0.615722656 0.856445312
vt 0.618164062 0.853515625
vt 0.673339844 0.83984375
vt 0.671386719 0.842285156
vt 0.670898438 0.841308594
vt 0.671875 0.839355469
vt 0.59375 0.843261719
vt 0.586914062 0.845214844
vt 0.586425781 0.844238281
vt 0.593261719 0.842285156
vt 0.616210938 0.856933594
vt 0.61328125 0.858886719
vt 0.612792969 0.858398438
vt 0.615722656 0.856445312
vt 0.671386719 0.842285156
vt 0.66796875 0.843261719
vt 0.66796875 0.842285156
vt 0.670898438 0.841308594
vt 0.676269531 0.840332031
vt 0.674804688 0.843261719
vt 0.673828125 0.842285156
vt 0.675292969 0.83984375
vt 0.61328125 0.858886719
vt 0.604492188 0.861328125
vt 0.604003906 0.860839844
vt 0.612792969 0.858398438
vt 0.15625 0.6875
vt 0.15625 0.685546875
vt 0.15625 0.6875
vt 0.154296875 0.68359375
vt 0.1640625 0.6875
vt 0.1640625 0.6875
vt 0.1640625 0.6875
vt 0.173828125 0.6875
vt 0.171875 0.6875
vt 0.173828125 0.685546875
vt 0.169921875 0.6875
vt 0.171875 0.68359375
vt 0.1640625 0.685546875
vt 0.138671875 0.693359375
vt 0.173828125 0.6875
vt 0.162109375 0.6875
vt 0.162109375 0.6875
vt 0.17578125 0.6875
vt 0.17578125 0.6875
vt 0.17578125 0.69140625
vt 0.17578125 0.6875
vt 0.162109375 0.68359375
vt 0.1640625 0.685546875
vt 0.173828125 0.6796875
vt 0.173828125 0.68359375
vt 0.171875 0.6796875
vt 0.162109375 0.68359375
vt 0.1484375 0.671875
vt 0.16015625 0.68359375
vt 0.173828125 0.6796875
vt 0.17578125 0.685546875
vt 0.17578125 0.685546875
vt 0.17578125 0.685546875
vt 0.18359375 0.6875
vt 0.18359375 0.693359375
vt 0.17578125 0.68359375
vt 0.17578125 0.6796875
vt 0.18359375 0.67578125
vt 0.17578125 0.68359375
vt 0.185546875 0.66796875
vt 0.17578125 0.6796875
vt 0.17578125 0.68359375
vt 0.154296875 0.68359375
vt 0.15234375 0.68359375
vt 0.154296875 0.68359375
vt 0.142578125 0.685546875
vt 0.15234375 0.68359375
vt 0.15234375 0.685546875
vt 0.16015625 0.68359375
vt 0.158203125 0.685546875
vt 0.16015625 0.685546875
vt 0.15625 0.6875
vt 0.15625 0.6875
vt 0.15625 0.6875
vt 0.16015625 0.6875
vt 0.158203125 0.6875
vt 0.15625 0.689453125
vt 0.15625 0.6875
vt 0.16015625 0.6875
vt 0.162109375 0.6875
vt 0.111328125 0.6796875
vt 0.1328125 0.6875
vt 0.119140625 0.69140625
vt 0.107421875 0.720703125
vt 0.130859375 0.693359375
vt 0.150390625 0.6875
vt 0.15234375 0.6875
vt 0.150390625 0.6875
vt 0.15234375 0.6875
vt 0.15234375 0.689453125
vt 0.15625 0.689453125
vt 0.126953125 0.708984375
vt 0.138671875 0.693359375
vt 0.138671875 0.69140625
vt 0.17578125 0.689453125
vt 0.138671875 0.703125
vt 0.17578125 0.69140625
vt 0.18359375 0.69140625
vt 0.18359375 0.69140625
vt 0.12890625 0.708984375
vt 0.181640625 0.701171875
vt 0.125 0.7265625
vt 0.13671875 0.708984375
vt 0.115234375 0.73046875
vt 0.111328125 0.73046875
vt 0.138671875 0.736328125
vt 0.119140625 0.748046875
vt 0.142578125 0.7578125
vt 0.171875 0.73828125
vt 0.173828125 0.724609375
vt 0.18359375 0.73046875
vt 0.185546875 0.7265625
vt 0.18359375 0.716796875
vt 0.173828125 0.720703125
vt 0.171875 0.71875
vt 0.138671875 0.724609375
vt 0.13671875 0.7109375
vt 0.13671875 0.712890625
vt 0.138671875 0.712890625
vt 0.138671875 0.71484375
vt 0.142578125 0.71484375
vt 0.140625 0.708984375
vt 0.138671875 0.7109375
vt 0.140625 0.708984375
vt 0.140625 0.708984375
vt 0.138671875 0.70703125
vt 0.142578125 0.708984375
vt 0.15625 0.708984375
vt 0.15625 0.708984375
vt 0.142578125 0.7109375
vt 0.15625 0.712890625
vt 0.16015625 0.708984375
vt 0.15234375 0.712890625
vt 0.1484375 0.712890625
vt 0.142578125 0.7109375
vt 0.1484375 0.712890625
vt 0.142578125 0.712890625
vt 0.15234375 0.71484375
vt 0.15625 0.71484375
vt 0.154296875 0.716796875
vt 0.158203125 0.716796875
vt 0.171875 0.71484375
vt 0.1640625 0.71484375
vt 0.1640625 0.71484375
vt 0.162109375 0.71484375
vt 0.158203125 0.71484375
vt 0.162109375 0.712890625
vt 0.1640625 0.712890625
vt 0.162109375 0.712890625
vt 0.16015625 0.708984375
vt 0.158203125 0.712890625
vt 0.173828125 0.708984375
vt 0.171875 0.712890625
vt 0.173828125 0.708984375
vt 0.171875 0.708984375
vt 0.171875 0.70703125
vt 0.173828125 0.70703125
vt 0.138671875 0.703125
vt 0.126953125 0.708984375
vt 0.310546875 0.8046875
vt 0.30859375 0.8046875
vt 0.3046875 0.791015625
vt 0.310546875 0.7890625
vt 0.162109375 0.701171875
vt 0.1640625 0.697265625
vt 0.162109375 0.701171875
vt 0.169921875 0.701171875
vt 0.1640625 0.697265625
vt 0.169921875 0.697265625
vt 0.169921875 0.697265625
vt 0.1640625 0.697265625
vt 0.169921875 0.70703125
vt 0.171875 0.697265625
vt 0.171875 0.701171875
vt 0.173828125 0.703125
vt 0.162109375 0.693359375
vt 0.162109375 0.697265625
vt 0.16015625 0.701171875
vt 0.158203125 0.701171875
vt 0.158203125 0.701171875
vt 0.158203125 0.701171875
vt 0.15625 0.701171875
vt 0.18359375 0.7109375
vt 0.173828125 0.693359375
vt 0.173828125 0.697265625
vt 0.150390625 0.701171875
vt 0.15625 0.697265625
vt 0.1484375 0.701171875
vt 0.1484375 0.701171875
vt 0.142578125 0.701171875
vt 0.142578125 0.697265625
vt 0.158203125 0.693359375
vt 0.17578125 0.693359375
vt 0.177734375 0.697265625
vt 0.17578125 0.697265625
vt 0.177734375 0.701171875
vt 0.173828125 0.701171875
vt 0.1484375 0.6953125
vt 0.1484375 0.697265625
vt 0.1484375 0.697265625
vt 0.150390625 0.6953125
vt 0.15625 0.697265625
vt 0.158203125 0.697265625
vt 0.15234375 0.697265625
vt 0.150390625 0.697265625
vt 0.15234375 0.697265625
vt 0.15625 0.697265625
vt 0.15234375 0.701171875
vt 0.150390625 0.701171875
vt 0.15234375 0.701171875
vt 0.150390625 0.701171875
vt 0.15625 0.697265625
vt 0.2890625 0.7578125
vt 0.29296875 0.7421875
vt 0.291015625 0.787109375
vt 0.2890625 0.787109375
vt 0.2890625 0.787109375
vt 0.2890625 0.7890625
vt 0.29296875 0.802734375
vt 0.28515625 0.7890625
vt 0.29296875 0.796875
vt 0.291015625 0.7890625
vt 0.29296875 0.796875
vt 0.10546875 0.8671875
vt 0.10546875 0.8671875
vt 0.10546875 0.8359375
vt 0.10546875 0.83203125
vt 0.09375 0.966796875
vt 0.09375 0.962890625
vt 0.09375 0.98046875
vt 0.08984375 0.98046875
vt 0.138671875 0.955078125
vt 0.140625 0.96484375
vt 0.138671875 0.966796875
vt 0.138671875 0.958984375
vt 0.138671875 0.919921875
vt 0.140625 0.919921875
vt 0.140625 0.912109375
vt 0.103515625 0.833984375
vt 0.10546875 0.83203125
vt 0.10546875 0.859375
vt 0.103515625 0.865234375
vt 0.10546875 0.87890625
vt 0.10546875 0.87890625
vt 0.08984375 0.98046875
vt 0.091796875 0.98046875
vt 0.091796875 0.96484375
vt 0.09375 0.966796875
vt 0.18359375 0.8046875
vt 0.185546875 0.810546875
vt 0.185546875 0.810546875
vt 0.18359375 0.802734375
vt 0.18359375 0.765625
vt 0.185546875 0.765625
vt 0.185546875 0.7578125
vt 0.083984375 0.935546875
vt 0.08984375 0.892578125
vt 0.08984375 0.89453125
vt 0.0859375 0.935546875
vt 0.087890625 0.966796875
vt 0.08984375 0.966796875
vt 0.197265625 0.71484375
vt 0.22265625 0.66796875
vt 0.224609375 0.669921875
vt 0.19921875 0.716796875
vt 0.185546875 0.7265625
vt 0.193359375 0.7265625
vt 0.1875 0.7421875
vt 0.193359375 0.7421875
vt 0.310546875 0.8046875
vt 0.310546875 0.8046875
vt 0.3125 0.8046875
vt 0.3125 0.8046875
vt 0.26171875 0.916015625
vt 0.26171875 0.943359375
vt 0.2578125 0.943359375
vt 0.26171875 0.91796875
vt 0.263671875 0.97265625
vt 0.263671875 0.97265625
vt 0.263671875 0.9765625
vt 0.263671875 0.9765625
vt 0.193359375 0.7421875
vt 0.203125 0.755859375
vt 0.201171875 0.7578125
vt 0.1875 0.7421875
vt 0.358154297 0.875
vt 0.358398438 0.886230469
vt 0.355957031 0.876464844
vt 0.361328125 0.884765625
vt 0.361572266 0.900390625
vt 0.364013672 0.898925781
vt 0.364746094 0.912597656
vt 0.366943359 0.911132812
vt 0.369140625 0.920898438
vt 0.367919922 0.926757812
vt 0.370849609 0.930664062
vt 0.370361328 0.94140625
vt 0.372314453 0.94140625
vt 0.370361328 0.958984375
vt 0.368164062 0.958496094
vt 0.364746094 0.968261719
vt 0.364257812 0.967773438
vt 0.360839844 0.971191406
vt 0.307861328 0.857421875
vt 0.315185547 0.845703125
vt 0.319335938 0.850585938
vt 0.315673828 0.861816406
vt 0.305419922 0.88671875
vt 0.291259766 0.885253906
vt 0.364257812 0.967773438
vt 0.360839844 0.971191406
vt 0.361328125 0.969238281
vt 0.357910156 0.970703125
vt 0.350341797 0.971679688
vt 0.375976562 0.976074219
vt 0.364746094 0.968261719
vt 0.376708984 0.972167969
vt 0.370361328 0.958984375
vt 0.378662109 0.9609375
vt 0.375244141 0.980957031
vt 0.372314453 0.94140625
vt 0.356689453 0.982910156
vt 0.371826172 0.989746094
vt 0.349365234 0.978515625
vt 0.327392578 0.963378906
vt 0.333740234 0.9609375
vt 0.357910156 0.970703125
vt 0.326660156 0.962890625
vt 0.335693359 0.960449219
vt 0.329833984 0.958007812
vt 0.31640625 0.946289062
vt 0.383056641 0.938476562
vt 0.383544922 0.938476562
vt 0.381103516 0.960449219
vt 0.370849609 0.930664062
vt 0.376708984 0.972167969
vt 0.378662109 0.927246094
vt 0.369140625 0.920898438
vt 0.392578125 0.913085938
vt 0.392089844 0.921386719
vt 0.393066406 0.919433594
vt 0.393066406 0.913574219
vt 0.376708984 0.920410156
vt 0.393066406 0.909667969
vt 0.393554688 0.909667969
vt 0.393798828 0.904785156
vt 0.375 0.91015625
vt 0.366943359 0.911132812
vt 0.389892578 0.90625
vt 0.394775391 0.895996094
vt 0.383544922 0.909179688
vt 0.367431641 0.896484375
vt 0.364013672 0.898925781
vt 0.361328125 0.884765625
vt 0.390380859 0.895996094
vt 0.398681641 0.877929688
vt 0.372558594 0.895507812
vt 0.364990234 0.883300781
vt 0.358154297 0.875
vt 0.381103516 0.897460938
vt 0.389404297 0.880371094
vt 0.405029297 0.859863281
vt 0.376953125 0.883300781
vt 0.363037109 0.873535156
vt 0.357177734 0.869628906
vt 0.362060547 0.868652344
vt 0.369628906 0.8828125
vt 0.368408203 0.873046875
vt 0.367919922 0.868164062
vt 0.374267578 0.865234375
vt 0.374755859 0.87109375
vt 0.389892578 0.869628906
vt 0.389160156 0.864257812
vt 0.404296875 0.857910156
vt 0.417724609 0.870605469
vt 0.407470703 0.865722656
vt 0.406738281 0.863769531
vt 0.414550781 0.875488281
vt 0.436523438 0.875488281
vt 0.402832031 0.87890625
vt 0.405029297 0.859863281
vt 0.398681641 0.877929688
vt 0.396728516 0.895507812
vt 0.394775391 0.895996094
vt 0.409179688 0.884765625
vt 0.432373047 0.880371094
vt 0.395019531 0.904785156
vt 0.393798828 0.904785156
vt 0.434814453 0.893554688
vt 0.438232422 0.890136719
vt 0.439697266 0.8984375
vt 0.443603516 0.895507812
vt 0.420654297 0.894042969
vt 0.401611328 0.896484375
vt 0.410644531 0.901855469
vt 0.393554688 0.909667969
vt 0.393066406 0.909667969
vt 0.397949219 0.907714844
vt 0.393066406 0.913574219
vt 0.402587891 0.913574219
vt 0.442626953 0.902832031
vt 0.447021484 0.899902344
vt 0.444580078 0.912109375
vt 0.452148438 0.909179688
vt 0.427001953 0.900878906
vt 0.434326172 0.909179688
vt 0.430908203 0.905273438
vt 0.426757812 0.917480469
vt 0.397460938 0.919433594
vt 0.393798828 0.919433594
vt 0.393066406 0.921875
vt 0.401855469 0.92578125
vt 0.411132812 0.918945312
vt 0.433837891 0.919433594
vt 0.404296875 0.931640625
vt 0.421875 0.908691406
vt 0.430908203 0.905273438
vt 0.414550781 0.922363281
vt 0.424804688 0.911132812
vt 0.416992188 0.924804688
vt 0.406738281 0.934082031
vt 0.42578125 0.925292969
vt 0.392089844 0.921386719
vt 0.393066406 0.919433594
vt 0.393798828 0.919433594
vt 0.416015625 0.934082031
vt 0.432617188 0.936523438
vt 0.425292969 0.943359375
vt 0.440673828 0.931640625
vt 0.440185547 0.953613281
vt 0.449462891 0.928710938
vt 0.455322266 0.929199219
vt 0.447998047 0.954589844
vt 0.431152344 0.963867188
vt 0.433105469 0.970703125
vt 0.406738281 0.943359375
vt 0.421630859 0.953613281
vt 0.434082031 0.95703125
vt 0.432128906 0.960449219
vt 0.413330078 0.958984375
vt 0.411132812 0.967773438
vt 0.395263672 0.9453125
vt 0.399414062 0.955566406
vt 0.390136719 0.960449219
vt 0.389404297 0.97265625
vt 0.396728516 0.967773438
vt 0.412841797 0.976074219
vt 0.413085938 0.981445312
vt 0.390136719 0.986328125
vt 0.397216797 0.978515625
vt 0.379150391 0.97265625
vt 0.375976562 0.976074219
vt 0.378417969 0.98046875
vt 0.380126953 0.987304688
vt 0.37890625 0.976074219
vt 0.375244141 0.980957031
vt 0.380126953 0.987304688
vt 0.371826172 0.989746094
vt 0.347167969 0.878417969
vt 0.355957031 0.876464844
vt 0.358398438 0.886230469
vt 0.352294922 0.895507812
vt 0.361572266 0.900390625
vt 0.328857422 0.896484375
vt 0.356201172 0.907226562
vt 0.364746094 0.912597656
vt 0.338134766 0.905761719
vt 0.322509766 0.924316406
vt 0.341552734 0.916015625
vt 0.359863281 0.921386719
vt 0.367919922 0.926757812
vt 0.344970703 0.92578125
vt 0.362304688 0.934570312
vt 0.370361328 0.94140625
vt 0.333740234 0.933105469
vt 0.326416016 0.9453125
vt 0.346923828 0.935058594
vt 0.362792969 0.94140625
vt 0.346923828 0.944824219
vt 0.362548828 0.948730469
vt 0.368164062 0.958496094
vt 0.360351562 0.958007812
vt 0.364257812 0.967773438
vt 0.361328125 0.969238281
vt 0.357910156 0.970703125
vt 0.347900391 0.954101562
vt 0.335693359 0.960449219
vt 0.181640625 0.953125
vt 0.185546875 0.947265625
vt 0.185546875 0.955078125
vt 0.18359375 0.966796875
vt 0.177734375 0.962890625
vt 0.185546875 0.962890625
vt 0.185546875 0.98046875
vt 0.417480469 0.813476562
vt 0.387939453 0.791503906
vt 0.417480469 0.788085938
vt 0.432128906 0.791503906
vt 0.443359375 0.795410156
vt 0.4765625 0.828613281
vt 0.450683594 0.854003906
vt 0.505859375 0.850585938
vt 0.524414062 0.828613281
vt 0.517089844 0.813476562
vt 0.487548828 0.806152344
vt 0.468994141 0.798828125
vt 0.296875 0.935546875
vt 0.296875 0.92578125
vt 0.294921875 0.931640625
vt 0.27734375 0.9375
vt 0.28515625 0.947265625
vt 0.287109375 0.939453125
vt 0.296875 0.962890625
vt 0.29296875 0.97265625
vt 0.296875 0.9765625
vt 0.12890625 0.97265625
vt 0.126953125 0.962890625
vt 0.1171875 0.96875
vt 0.29296875 0.97265625
vt 0.29296875 0.986328125
vt 0.296875 0.9765625
vt 0.337890625 0.697265625
vt 0.337890625 0.6875
vt 0.33203125 0.69140625
vt 0.337890625 0.6875
vt 0.337890625 0.6796875
vt 0.333984375 0.6796875
vt 0.33203125 0.69140625
vt 0.337890625 0.6875
vt 0.333984375 0.6796875
vt 0.296875 0.916015625
vt 0.294921875 0.91796875
vt 0.296875 0.92578125
vt 0.337890625 0.6796875
vt 0.333984375 0.66796875
vt 0.333984375 0.6796875
vt 0.1171875 0.96875
vt 0.119140625 0.982421875
vt 0.12890625 0.97265625
vt 0.12890625 0.94140625
vt 0.119140625 0.958984375
vt 0.126953125 0.953125
vt 0.119140625 0.958984375
vt 0.1171875 0.96875
vt 0.126953125 0.962890625
vt 0.126953125 0.953125
vt 0.119140625 0.958984375
vt 0.126953125 0.962890625
vt 0.287109375 0.939453125
vt 0.287109375 0.9296875
vt 0.27734375 0.9375
vt 0.287109375 0.9296875
vt 0.28125 0.921875
vt 0.275390625 0.923828125
vt 0.27734375 0.9375
vt 0.287109375 0.9296875
vt 0.275390625 0.923828125
vt 0.28125 0.921875
vt 0.287109375 0.9140625
vt 0.2734375 0.912109375
vt 0.287109375 0.9140625
vt 0.28515625 0.904296875
vt 0.2734375 0.912109375
vt 0.28515625 0.892578125
vt 0.287109375 0.876953125
vt 0.27734375 0.888671875
vt 0.28515625 0.904296875
vt 0.28515625 0.892578125
vt 0.275390625 0.8984375
vt 0.28515625 0.892578125
vt 0.27734375 0.888671875
vt 0.275390625 0.8984375
vt 0.275390625 0.8984375
vt 0.2734375 0.912109375
vt 0.28515625 0.904296875
vt 0.2734375 0.912109375
vt 0.275390625 0.923828125
vt 0.28125 0.921875
vt 0.064453125 0.953125
vt 0.068359375 0.96484375
vt 0.0703125 0.953125
vt 0.287109375 0.962890625
vt 0.287109375 0.9765625
vt 0.29296875 0.97265625
vt 0.115234375 0.955078125
vt 0.1171875 0.943359375
vt 0.109375 0.94140625
vt 0.287109375 0.9765625
vt 0.29296875 0.98828125
vt 0.29296875 0.97265625
vt 0.107421875 0.94921875
vt 0.109375 0.962890625
vt 0.115234375 0.955078125
vt 0.109375 0.962890625
vt 0.111328125 0.966796875
vt 0.115234375 0.966796875
vt 0.115234375 0.955078125
vt 0.109375 0.962890625
vt 0.115234375 0.966796875
vt 0.251953125 0.7578125
vt 0.248046875 0.759765625
vt 0.251953125 0.767578125
vt 0.111328125 0.966796875
vt 0.1171875 0.982421875
vt 0.115234375 0.966796875
vt 0.109375 0.94140625
vt 0.107421875 0.94921875
vt 0.115234375 0.955078125
vt 0.13671875 0.98046875
vt 0.13671875 0.9609375
vt 0.134765625 0.96484375
vt 0.240234375 0.8046875
vt 0.240234375 0.791015625
vt 0.23046875 0.80078125
vt 0.25 0.791015625
vt 0.244140625 0.791015625
vt 0.25 0.80078125
vt 0.0703125 0.953125
vt 0.0703125 0.943359375
vt 0.064453125 0.953125
vt 0.0703125 0.943359375
vt 0.06640625 0.939453125
vt 0.0625 0.939453125
vt 0.064453125 0.953125
vt 0.0703125 0.943359375
vt 0.0625 0.939453125
vt 0.06640625 0.939453125
vt 0.0703125 0.9296875
vt 0.060546875 0.92578125
vt 0.0703125 0.9296875
vt 0.068359375 0.919921875
vt 0.060546875 0.92578125
vt 0.068359375 0.904296875
vt 0.0703125 0.892578125
vt 0.064453125 0.900390625
vt 0.068359375 0.919921875
vt 0.068359375 0.904296875
vt 0.0625 0.9140625
vt 0.068359375 0.904296875
vt 0.064453125 0.900390625
vt 0.0625 0.9140625
vt 0.0625 0.9140625
vt 0.060546875 0.92578125
vt 0.068359375 0.919921875
vt 0.060546875 0.92578125
vt 0.0625 0.939453125
vt 0.06640625 0.939453125
vt 0.04296875 0.982421875
vt 0.041015625 0.958984375
vt 0.0390625 0.982421875
vt 0.103515625 0.9375
vt 0.107421875 0.955078125
vt 0.107421875 0.9375
vt 0.076171875 0.90234375
vt 0.08203125 0.900390625
vt 0.08203125 0.892578125
vt 0.337890625 0.900390625
vt 0.337890625 0.890625
vt 0.333984375 0.890625
vt 0.3046875 0.7890625
vt 0.294921875 0.8046875
vt 0.3046875 0.80078125
vt 0.333984375 0.890625
vt 0.337890625 0.890625
vt 0.333984375 0.876953125
vt 0.29296875 0.796875
vt 0.3046875 0.7890625
vt 0.296875 0.783203125
vt 0.296875 0.783203125
vt 0.3046875 0.779296875
vt 0.296875 0.779296875
vt 0.3046875 0.7890625
vt 0.3046875 0.779296875
vt 0.296875 0.783203125
vt 0.251953125 0.783203125
vt 0.251953125 0.767578125
vt 0.248046875 0.779296875
vt 0.296875 0.779296875
vt 0.3046875 0.779296875
vt 0.3046875 0.765625
vt 0.294921875 0.8046875
vt 0.3046875 0.7890625
vt 0.29296875 0.796875
vt 0.33203125 0.70703125
vt 0.33203125 0.716796875
vt 0.3359375 0.724609375
vt 0.3359375 0.724609375
vt 0.33203125 0.7265625
vt 0.3359375 0.736328125
vt 0.33203125 0.716796875
vt 0.33203125 0.7265625
vt 0.3359375 0.724609375
vt 0.08203125 0.900390625
vt 0.076171875 0.90234375
vt 0.083984375 0.912109375
vt 0.083984375 0.912109375
vt 0.072265625 0.916015625
vt 0.080078125 0.91796875
vt 0.076171875 0.90234375
vt 0.072265625 0.916015625
vt 0.083984375 0.912109375
vt 0.080078125 0.91796875
vt 0.0703125 0.9296875
vt 0.08203125 0.92578125
vt 0.08203125 0.92578125
vt 0.0703125 0.9296875
vt 0.080078125 0.9375
vt 0.08203125 0.94921875
vt 0.076171875 0.953125
vt 0.083984375 0.962890625
vt 0.080078125 0.9375
vt 0.072265625 0.943359375
vt 0.08203125 0.94921875
vt 0.08203125 0.94921875
vt 0.072265625 0.943359375
vt 0.076171875 0.953125
vt 0.072265625 0.943359375
vt 0.080078125 0.9375
vt 0.0703125 0.9296875
vt 0.0703125 0.9296875
vt 0.080078125 0.91796875
vt 0.072265625 0.916015625
vt 0.314453125 0.814453125
vt 0.3203125 0.8125
vt 0.318359375 0.8046875
vt 0.2734375 0.763671875
vt 0.28125 0.755859375
vt 0.275390625 0.75390625
vt 0.27734375 0.779296875
vt 0.271484375 0.796875
vt 0.28125 0.7890625
vt 0.275390625 0.75390625
vt 0.28125 0.755859375
vt 0.28515625 0.7421875
vt 0.26953125 0.783203125
vt 0.27734375 0.779296875
vt 0.2734375 0.771484375
vt 0.2734375 0.771484375
vt 0.27734375 0.765625
vt 0.2734375 0.765625
vt 0.27734375 0.779296875
vt 0.27734375 0.765625
vt 0.2734375 0.771484375
vt 0.2734375 0.765625
vt 0.28125 0.755859375
vt 0.2734375 0.763671875
vt 0.2734375 0.765625
vt 0.27734375 0.765625
vt 0.28125 0.755859375
vt 0.271484375 0.796875
vt 0.27734375 0.779296875
vt 0.26953125 0.783203125
vt 0.072265625 0.962890625
vt 0.0703125 0.9765625
vt 0.072265625 0.982421875
vt 0.275390625 0.80078125
vt 0.28125 0.7890625
vt 0.271484375 0.796875
vt 0.28515625 0.798828125
vt 0.28125 0.7890625
vt 0.275390625 0.80078125
vt 0.3203125 0.8125
vt 0.314453125 0.814453125
vt 0.3203125 0.82421875
vt 0.3203125 0.82421875
vt 0.3125 0.830078125
vt 0.318359375 0.830078125
vt 0.314453125 0.814453125
vt 0.3125 0.830078125
vt 0.3203125 0.82421875
vt 0.318359375 0.830078125
vt 0.3125 0.84375
vt 0.3203125 0.841796875
vt 0.3203125 0.841796875
vt 0.3125 0.84375
vt 0.318359375 0.849609375
vt 0.3203125 0.865234375
vt 0.314453125 0.8671875
vt 0.3203125 0.876953125
vt 0.318359375 0.849609375
vt 0.3125 0.85546875
vt 0.3203125 0.865234375
vt 0.3203125 0.865234375
vt 0.3125 0.85546875
vt 0.314453125 0.8671875
vt 0.3125 0.85546875
vt 0.318359375 0.849609375
vt 0.3125 0.84375
vt 0.3125 0.84375
vt 0.318359375 0.830078125
vt 0.3125 0.830078125
vt 0.705078125 0.562011719
vt 0.704101562 0.5625
vt 0.705078125 0.563476562
vt 0.710449219 0.562988281
vt 0.710449219 0.561523438
vt 0.709960938 0.5625
vt 0.296875 0.935546875
vt 0.294921875 0.931640625
vt 0.296875 0.92578125
vt 0.27734375 0.9375
vt 0.287109375 0.939453125
vt 0.28515625 0.947265625
vt 0.296875 0.962890625
vt 0.296875 0.9765625
vt 0.29296875 0.97265625
vt 0.12890625 0.97265625
vt 0.1171875 0.96875
vt 0.126953125 0.962890625
vt 0.29296875 0.97265625
vt 0.296875 0.9765625
vt 0.29296875 0.986328125
vt 0.337890625 0.697265625
vt 0.33203125 0.69140625
vt 0.337890625 0.6875
vt 0.337890625 0.6875
vt 0.333984375 0.6796875
vt 0.337890625 0.6796875
vt 0.33203125 0.69140625
vt 0.333984375 0.6796875
vt 0.337890625 0.6875
vt 0.296875 0.916015625
vt 0.296875 0.92578125
vt 0.294921875 0.91796875
vt 0.337890625 0.6796875
vt 0.333984375 0.6796875
vt 0.333984375 0.66796875
vt 0.1171875 0.96875
vt 0.12890625 0.97265625
vt 0.119140625 0.982421875
vt 0.12890625 0.94140625
vt 0.126953125 0.953125
vt 0.119140625 0.958984375
vt 0.119140625 0.958984375
vt 0.126953125 0.962890625
vt 0.1171875 0.96875
vt 0.126953125 0.953125
vt 0.126953125 0.962890625
vt 0.119140625 0.958984375
vt 0.287109375 0.939453125
vt 0.27734375 0.9375
vt 0.287109375 0.9296875
vt 0.287109375 0.9296875
vt 0.275390625 0.923828125
vt 0.28125 0.921875
vt 0.27734375 0.9375
vt 0.275390625 0.923828125
vt 0.287109375 0.9296875
vt 0.28125 0.921875
vt 0.2734375 0.912109375
vt 0.287109375 0.9140625
vt 0.287109375 0.9140625
vt 0.2734375 0.912109375
vt 0.28515625 0.904296875
vt 0.28515625 0.892578125
vt 0.27734375 0.888671875
vt 0.287109375 0.876953125
vt 0.28515625 0.904296875
vt 0.275390625 0.8984375
vt 0.28515625 0.892578125
vt 0.28515625 0.892578125
vt 0.275390625 0.8984375
vt 0.27734375 0.888671875
vt 0.275390625 0.8984375
vt 0.28515625 0.904296875
vt 0.2734375 0.912109375
vt 0.2734375 0.912109375
vt 0.28125 0.921875
vt 0.275390625 0.923828125
vt 0.064453125 0.953125
vt 0.0703125 0.953125
vt 0.068359375 0.96484375
vt 0.287109375 0.962890625
vt 0.29296875 0.97265625
vt 0.287109375 0.9765625
vt 0.115234375 0.955078125
vt 0.109375 0.94140625
vt 0.1171875 0.943359375
vt 0.287109375 0.9765625
vt 0.29296875 0.97265625
vt 0.29296875 0.98828125
vt 0.107421875 0.94921875
vt 0.115234375 0.955078125
vt 0.109375 0.962890625
vt 0.109375 0.962890625
vt 0.115234375 0.966796875
vt 0.111328125 0.966796875
vt 0.115234375 0.955078125
vt 0.115234375 0.966796875
vt 0.109375 0.962890625
vt 0.251953125 0.7578125
vt 0.251953125 0.767578125
vt 0.248046875 0.759765625
vt 0.111328125 0.966796875
vt 0.115234375 0.966796875
vt 0.1171875 0.982421875
vt 0.109375 0.94140625
vt 0.115234375 0.955078125
vt 0.107421875 0.94921875
vt 0.13671875 0.98046875
vt 0.134765625 0.96484375
vt 0.13671875 0.9609375
vt 0.240234375 0.8046875
vt 0.23046875 0.80078125
vt 0.240234375 0.791015625
vt 0.25 0.791015625
vt 0.25 0.80078125
vt 0.244140625 0.791015625
vt 0.0703125 0.953125
vt 0.064453125 0.953125
vt 0.0703125 0.943359375
vt 0.0703125 0.943359375
vt 0.0625 0.939453125
vt 0.06640625 0.939453125
vt 0.064453125 0.953125
vt 0.0625 0.939453125
vt 0.0703125 0.943359375
vt 0.06640625 0.939453125
vt 0.060546875 0.92578125
vt 0.0703125 0.9296875
vt 0.0703125 0.9296875
vt 0.060546875 0.92578125
vt 0.068359375 0.919921875
vt 0.068359375 0.904296875
vt 0.064453125 0.900390625
vt 0.0703125 0.892578125
vt 0.068359375 0.919921875
vt 0.0625 0.9140625
vt 0.068359375 0.904296875
vt 0.068359375 0.904296875
vt 0.0625 0.9140625
vt 0.064453125 0.900390625
vt 0.0625 0.9140625
vt 0.068359375 0.919921875
vt 0.060546875 0.92578125
vt 0.060546875 0.92578125
vt 0.06640625 0.939453125
vt 0.0625 0.939453125
vt 0.04296875 0.982421875
vt 0.0390625 0.982421875
vt 0.041015625 0.958984375
vt 0.103515625 0.9375
vt 0.107421875 0.9375
vt 0.107421875 0.955078125
vt 0.076171875 0.90234375
vt 0.08203125 0.892578125
vt 0.08203125 0.900390625
vt 0.337890625 0.900390625
vt 0.333984375 0.890625
vt 0.337890625 0.890625
vt 0.3046875 0.7890625
vt 0.3046875 0.80078125
vt 0.294921875 0.8046875
vt 0.333984375 0.890625
vt 0.333984375 0.876953125
vt 0.337890625 0.890625
vt 0.29296875 0.796875
vt 0.296875 0.783203125
vt 0.3046875 0.7890625
vt 0.296875 0.783203125
vt 0.296875 0.779296875
vt 0.3046875 0.779296875
vt 0.3046875 0.7890625
vt 0.296875 0.783203125
vt 0.3046875 0.779296875
vt 0.251953125 0.783203125
vt 0.248046875 0.779296875
vt 0.251953125 0.767578125
vt 0.296875 0.779296875
vt 0.3046875 0.765625
vt 0.3046875 0.779296875
vt 0.294921875 0.8046875
vt 0.29296875 0.796875
vt 0.3046875 0.7890625
vt 0.33203125 0.70703125
vt 0.3359375 0.724609375
vt 0.33203125 0.716796875
vt 0.3359375 0.724609375
vt 0.3359375 0.736328125
vt 0.33203125 0.7265625
vt 0.33203125 0.716796875
vt 0.3359375 0.724609375
vt 0.33203125 0.7265625
vt 0.08203125 0.900390625
vt 0.083984375 0.912109375
vt 0.076171875 0.90234375
vt 0.083984375 0.912109375
vt 0.080078125 0.91796875
vt 0.072265625 0.916015625
vt 0.076171875 0.90234375
vt 0.083984375 0.912109375
vt 0.072265625 0.916015625
vt 0.080078125 0.91796875
vt 0.08203125 0.92578125
vt 0.0703125 0.9296875
vt 0.08203125 0.92578125
vt 0.080078125 0.9375
vt 0.0703125 0.9296875
vt 0.08203125 0.94921875
vt 0.083984375 0.962890625
vt 0.076171875 0.953125
vt 0.080078125 0.9375
vt 0.08203125 0.94921875
vt 0.072265625 0.943359375
vt 0.08203125 0.94921875
vt 0.076171875 0.953125
vt 0.072265625 0.943359375
vt 0.072265625 0.943359375
vt 0.0703125 0.9296875
vt 0.080078125 0.9375
vt 0.0703125 0.9296875
vt 0.072265625 0.916015625
vt 0.080078125 0.91796875
vt 0.314453125 0.814453125
vt 0.318359375 0.8046875
vt 0.3203125 0.8125
vt 0.2734375 0.763671875
vt 0.275390625 0.75390625
vt 0.28125 0.755859375
vt 0.27734375 0.779296875
vt 0.28125 0.7890625
vt 0.271484375 0.796875
vt 0.275390625 0.75390625
vt 0.28515625 0.7421875
vt 0.28125 0.755859375
vt 0.26953125 0.783203125
vt 0.2734375 0.771484375
vt 0.27734375 0.779296875
vt 0.2734375 0.771484375
vt 0.2734375 0.765625
vt 0.27734375 0.765625
vt 0.27734375 0.779296875
vt 0.2734375 0.771484375
vt 0.27734375 0.765625
vt 0.2734375 0.765625
vt 0.2734375 0.763671875
vt 0.28125 0.755859375
vt 0.2734375 0.765625
vt 0.28125 0.755859375
vt 0.27734375 0.765625
vt 0.271484375 0.796875
vt 0.26953125 0.783203125
vt 0.27734375 0.779296875
vt 0.072265625 0.962890625
vt 0.072265625 0.982421875
vt 0.0703125 0.9765625
vt 0.275390625 0.80078125
vt 0.271484375 0.796875
vt 0.28125 0.7890625
vt 0.28515625 0.798828125
vt 0.275390625 0.80078125
vt 0.28125 0.7890625
vt 0.3203125 0.8125
vt 0.3203125 0.82421875
vt 0.314453125 0.814453125
vt 0.3203125 0.82421875
vt 0.318359375 0.830078125
vt 0.3125 0.830078125
vt 0.314453125 0.814453125
vt 0.3203125 0.82421875
vt 0.3125 0.830078125
vt 0.318359375 0.830078125
vt 0.3203125 0.841796875
vt 0.3125 0.84375
vt 0.3203125 0.841796875
vt 0.318359375 0.849609375
vt 0.3125 0.84375
vt 0.3203125 0.865234375
vt 0.3203125 0.876953125
vt 0.314453125 0.8671875
vt 0.318359375 0.849609375
vt 0.3203125 0.865234375
vt 0.3125 0.85546875
vt 0.3203125 0.865234375
vt 0.314453125 0.8671875
vt 0.3125 0.85546875
vt 0.3125 0.85546875
vt 0.3125 0.84375
vt 0.318359375 0.849609375
vt 0.3125 0.84375
vt 0.3125 0.830078125
vt 0.318359375 0.830078125
vt 0.705078125 0.562011719
vt 0.705078125 0.563476562
vt 0.704101562 0.5625
vt 0.710449219 0.562988281
vt 0.709960938 0.5625
vt 0.710449219 0.561523438
vt 0.553710938 0.979492188
vt 0.520507812 0.920410156
vt 0.208984375 0.77734375
vt 0.220703125 0.8046875
vt 0.224609375 0.80078125
vt 0.21875 0.771484375
vt 0.107421875 0.857421875
vt 0.10546875 0.857421875
vt 0.10546875 0.8671875
vt 0.107421875 0.8671875
vt 0.294921875 0.888671875
vt 0.294921875 0.888671875
vt 0.296875 0.8984375
vt 0.296875 0.8984375
vt 0.056640625 0.958984375
vt 0.056640625 0.958984375
vt 0.056640625 0.96875
vt 0.056640625 0.96875
vt 0.12890625 0.94140625
vt 0.12890625 0.94140625
vt 0.119140625 0.958984375
vt 0.119140625 0.958984375
vt 0.056640625 0.96875
vt 0.056640625 0.96875
vt 0.060546875 0.984375
vt 0.060546875 0.984375
vt 0.333984375 0.96484375
vt 0.333984375 0.96484375
vt 0.326171875 0.955078125
vt 0.326171875 0.955078125
vt 0.13671875 0.98046875
vt 0.13671875 0.98046875
vt 0.13671875 0.9609375
vt 0.13671875 0.9609375
vt 0.326171875 0.955078125
vt 0.326171875 0.955078125
vt 0.326171875 0.943359375
vt 0.326171875 0.943359375
vt 0.328125 0.791015625
vt 0.328125 0.791015625
vt 0.3203125 0.783203125
vt 0.3203125 0.783203125
vt 0.326171875 0.943359375
vt 0.326171875 0.943359375
vt 0.33203125 0.931640625
vt 0.33203125 0.931640625
vt 0.3203125 0.783203125
vt 0.3203125 0.783203125
vt 0.318359375 0.767578125
vt 0.318359375 0.767578125
vt 0.251953125 0.791015625
vt 0.25 0.791015625
vt 0.25 0.80078125
vt 0.251953125 0.80078125
vt 0.33203125 0.865234375
vt 0.33203125 0.865234375
vt 0.333984375 0.869140625
vt 0.333984375 0.869140625
vt 0.318359375 0.767578125
vt 0.318359375 0.767578125
vt 0.322265625 0.7578125
vt 0.322265625 0.7578125
vt 0.33203125 0.931640625
vt 0.33203125 0.931640625
vt 0.333984375 0.92578125
vt 0.333984375 0.92578125
vt 0.333984375 0.853515625
vt 0.333984375 0.853515625
vt 0.33203125 0.865234375
vt 0.33203125 0.865234375
vt 0.060546875 0.94921875
vt 0.060546875 0.94921875
vt 0.056640625 0.958984375
vt 0.056640625 0.958984375
vt 0.2734375 0.9609375
vt 0.2734375 0.9609375
vt 0.275390625 0.966796875
vt 0.275390625 0.966796875
vt 0.29296875 0.97265625
vt 0.29296875 0.97265625
vt 0.29296875 0.986328125
vt 0.29296875 0.986328125
vt 0.322265625 0.7578125
vt 0.322265625 0.7578125
vt 0.326171875 0.755859375
vt 0.326171875 0.755859375
vt 0.275390625 0.94921875
vt 0.275390625 0.94921875
vt 0.2734375 0.9609375
vt 0.2734375 0.9609375
vt 0.107421875 0.845703125
vt 0.107421875 0.845703125
vt 0.107421875 0.857421875
vt 0.107421875 0.857421875
vt 0.287109375 0.9765625
vt 0.287109375 0.9765625
vt 0.291015625 0.98828125
vt 0.29296875 0.98828125
vt 0.185546875 0.8359375
vt 0.185546875 0.8359375
vt 0.185546875 0.833984375
vt 0.185546875 0.833984375
vt 0.322265625 0.75390625
vt 0.322265625 0.75390625
vt 0.328125 0.73828125
vt 0.328125 0.73828125
vt 0.333984375 0.869140625
vt 0.333984375 0.869140625
vt 0.33203125 0.876953125
vt 0.33203125 0.876953125
vt 0.326171875 0.755859375
vt 0.326171875 0.755859375
vt 0.322265625 0.75390625
vt 0.322265625 0.75390625
vt 0.107421875 0.908203125
vt 0.10546875 0.908203125
vt 0.10546875 0.916015625
vt 0.107421875 0.916015625
vt 0.275390625 0.966796875
vt 0.275390625 0.966796875
vt 0.2734375 0.97265625
vt 0.2734375 0.97265625
vt 0.296875 0.876953125
vt 0.296875 0.876953125
vt 0.294921875 0.888671875
vt 0.294921875 0.888671875
vt 0.701660156 0.557617188
vt 0.705078125 0.560058594
vt 0.705078125 0.555175781
vt 0.701660156 0.556640625
vt 0.700195312 0.555664062
vt 0.700195312 0.556640625
vt 0.706054688 0.557128906
vt 0.705078125 0.557617188
vt 0.70703125 0.559570312
vt 0.70703125 0.555175781
vt 0.705078125 0.556152344
vt 0.709472656 0.567382812
vt 0.709472656 0.568359375
vt 0.709960938 0.568359375
vt 0.709960938 0.567382812
vt 0.706054688 0.565429688
vt 0.70703125 0.565429688
vt 0.70703125 0.564453125
vt 0.706054688 0.564453125
vt 0.701660156 0.5625
vt 0.702148438 0.5625
vt 0.702148438 0.561035156
vt 0.701171875 0.561035156
vt 0.704101562 0.562011719
vt 0.703125 0.562011719
vt 0.703125 0.563476562
vt 0.704101562 0.563476562
vt 0.712890625 0.555664062
vt 0.712890625 0.556640625
vt 0.713378906 0.556640625
vt 0.713378906 0.555664062
vt 0.708496094 0.556640625
vt 0.709472656 0.556640625
vt 0.709472656 0.555664062
vt 0.708496094 0.555664062
vt 0.703125 0.561523438
vt 0.703125 0.561035156
vt 0.703125 0.561035156
vt 0.703125 0.561523438
vt 0.709960938 0.565429688
vt 0.709960938 0.565917969
vt 0.7109375 0.56640625
vt 0.7109375 0.565429688
vt 0.709472656 0.568359375
vt 0.709472656 0.567382812
vt 0.708984375 0.567382812
vt 0.708984375 0.568359375
vt 0.710449219 0.567871094
vt 0.710449219 0.567382812
vt 0.709960938 0.567382812
vt 0.709960938 0.567871094
vt 0.710449219 0.555664062
vt 0.709472656 0.555664062
vt 0.709472656 0.556640625
vt 0.710449219 0.556640625
vt 0.70703125 0.559570312
vt 0.707519531 0.559570312
vt 0.707519531 0.558105469
vt 0.70703125 0.558105469
vt 0.708984375 0.559570312
vt 0.708007812 0.559570312
vt 0.708007812 0.561035156
vt 0.708984375 0.561035156
vt 0.700683594 0.564941406
vt 0.700683594 0.563964844
vt 0.700195312 0.563964844
vt 0.700195312 0.564453125
vt 0.704589844 0.56640625
vt 0.703613281 0.56640625
vt 0.703613281 0.566894531
vt 0.704589844 0.566894531
vt 0.712402344 0.560058594
vt 0.712402344 0.559082031
vt 0.711425781 0.559082031
vt 0.711425781 0.560058594
vt 0.706054688 0.562988281
vt 0.70703125 0.562988281
vt 0.70703125 0.562011719
vt 0.706054688 0.561523438
vt 0.703125 0.562011719
vt 0.702636719 0.562011719
vt 0.702148438 0.563476562
vt 0.703125 0.563476562
vt 0.710449219 0.558105469
vt 0.709472656 0.558105469
vt 0.709472656 0.559082031
vt 0.710449219 0.559082031
vt 0.708984375 0.565429688
vt 0.708007812 0.565429688
vt 0.708007812 0.56640625
vt 0.708984375 0.56640625
vt 0.709960938 0.565429688
vt 0.708984375 0.565429688
vt 0.708984375 0.56640625
vt 0.709960938 0.56640625
vt 0.702148438 0.565917969
vt 0.702148438 0.564941406
vt 0.701660156 0.564941406
vt 0.701660156 0.565429688
vt 0.707519531 0.559570312
vt 0.708496094 0.559570312
vt 0.708496094 0.559082031
vt 0.707519531 0.559082031
vt 0.708984375 0.561035156
vt 0.709960938 0.561035156
vt 0.709960938 0.559570312
vt 0.708984375 0.559570312
vt 0.703613281 0.565917969
vt 0.703613281 0.564941406
vt 0.703613281 0.564941406
vt 0.703125 0.565917969
vt 0.703125 0.565917969
vt 0.702148438 0.565917969
vt 0.702148438 0.56640625
vt 0.703125 0.56640625
vt 0.70703125 0.567382812
vt 0.70703125 0.568359375
vt 0.707519531 0.568359375
vt 0.707519531 0.567382812
vt 0.711425781 0.555175781
vt 0.710449219 0.555175781
vt 0.710449219 0.555664062
vt 0.711425781 0.555664062
vt 0.700195312 0.56640625
vt 0.700683594 0.567382812
vt 0.700683594 0.567382812
vt 0.700683594 0.56640625
vt 0.7109375 0.567871094
vt 0.7109375 0.567382812
vt 0.710449219 0.567382812
vt 0.710449219 0.568359375
vt 0.712402344 0.5625
vt 0.712402344 0.561523438
vt 0.711425781 0.561523438
vt 0.711425781 0.5625
vt 0.710449219 0.561523438
vt 0.711425781 0.561523438
vt 0.711425781 0.561035156
vt 0.710449219 0.561035156
vt 0.705078125 0.565429688
vt 0.706054688 0.565429688
vt 0.706054688 0.564453125
vt 0.705078125 0.564941406
vt 0.703125 0.565917969
vt 0.703613281 0.566894531
vt 0.703613281 0.566894531
vt 0.703613281 0.565917969
vt 0.712402344 0.5625
vt 0.711425781 0.5625
vt 0.711425781 0.562988281
vt 0.712402344 0.562988281
vt 0.70703125 0.567382812
vt 0.708007812 0.567382812
vt 0.708007812 0.56640625
vt 0.70703125 0.56640625
vt 0.704589844 0.565429688
vt 0.704589844 0.565917969
vt 0.705078125 0.565917969
vt 0.705078125 0.565429688
vt 0.703125 0.560058594
vt 0.703125 0.561035156
vt 0.703125 0.561035156
vt 0.703125 0.560058594
vt 0.703125 0.561035156
vt 0.703125 0.560058594
vt 0.703125 0.560058594
vt 0.703125 0.561035156
vt 0.700195312 0.562988281
vt 0.700195312 0.563964844
vt 0.700683594 0.563476562
vt 0.700683594 0.5625
vt 0.704101562 0.560058594
vt 0.703125 0.560058594
vt 0.703125 0.562011719
vt 0.704101562 0.561523438
vt 0.712402344 0.555664062
vt 0.711425781 0.555664062
vt 0.711425781 0.556640625
vt 0.712402344 0.556640625
vt 0.703125 0.567382812
vt 0.703125 0.56640625
vt 0.702148438 0.56640625
vt 0.702148438 0.567382812
vt 0.70703125 0.567382812
vt 0.70703125 0.56640625
vt 0.706054688 0.56640625
vt 0.706054688 0.567382812
vt 0.700195312 0.564941406
vt 0.700195312 0.565429688
vt 0.700683594 0.565429688
vt 0.700683594 0.564941406
vt 0.709960938 0.561035156
vt 0.710449219 0.561035156
vt 0.710449219 0.559570312
vt 0.709960938 0.560058594
vt 0.707519531 0.555175781
vt 0.70703125 0.555175781
vt 0.70703125 0.557128906
vt 0.707519531 0.557128906
vt 0.712890625 0.567382812
vt 0.712890625 0.56640625
vt 0.712402344 0.56640625
vt 0.712402344 0.567382812
vt 0.703125 0.561035156
vt 0.703125 0.561523438
vt 0.703125 0.561523438
vt 0.703125 0.561035156
vt 0.708007812 0.564453125
vt 0.708007812 0.562988281
vt 0.70703125 0.563476562
vt 0.70703125 0.564453125
vt 0.713378906 0.563964844
vt 0.713378906 0.562988281
vt 0.712890625 0.563476562
vt 0.712890625 0.563964844
vt 0.712402344 0.562988281
vt 0.712402344 0.563964844
vt 0.708984375 0.562988281
vt 0.708007812 0.562988281
vt 0.708007812 0.564453125
vt 0.708984375 0.564453125
vt 0.703613281 0.564453125
vt 0.703613281 0.564941406
vt 0.704589844 0.564941406
vt 0.704589844 0.564453125
vt 0.705078125 0.564453125
vt 0.705078125 0.563476562
vt 0.704589844 0.563476562
vt 0.704589844 0.564453125
vt 0.710449219 0.559082031
vt 0.709472656 0.559082031
vt 0.709472656 0.559570312
vt 0.710449219 0.559570312
vt 0.701660156 0.563476562
vt 0.700683594 0.563476562
vt 0.700683594 0.564941406
vt 0.701660156 0.564941406
vt 0.708984375 0.558105469
vt 0.709472656 0.558105469
vt 0.709472656 0.556640625
vt 0.708984375 0.556640625
vt 0.709472656 0.558105469
vt 0.710449219 0.558105469
vt 0.710449219 0.556640625
vt 0.709472656 0.556640625
vt 0.712890625 0.560058594
vt 0.712890625 0.559082031
vt 0.712402344 0.559082031
vt 0.712402344 0.560058594
vt 0.704589844 0.564453125
vt 0.704589844 0.563476562
vt 0.703125 0.563476562
vt 0.703125 0.564453125
vt 0.7109375 0.564453125
vt 0.709960938 0.564453125
vt 0.709960938 0.565429688
vt 0.7109375 0.565429688
vt 0.711425781 0.561523438
vt 0.710449219 0.561523438
vt 0.710449219 0.5625
vt 0.711425781 0.5625
vt 0.704589844 0.564941406
vt 0.703613281 0.564941406
vt 0.703613281 0.56640625
vt 0.704589844 0.56640625
vt 0.700195312 0.565429688
vt 0.700195312 0.56640625
vt 0.700683594 0.56640625
vt 0.700683594 0.565429688
vt 0.711425781 0.556640625
vt 0.710449219 0.556640625
vt 0.710449219 0.557617188
vt 0.711425781 0.557617188
vt 0.706054688 0.563476562
vt 0.705078125 0.563476562
vt 0.705078125 0.564453125
vt 0.706054688 0.564453125
vt 0.7109375 0.562988281
vt 0.709960938 0.563476562
vt 0.709960938 0.564453125
vt 0.7109375 0.564453125
vt 0.708007812 0.560058594
vt 0.70703125 0.559570312
vt 0.70703125 0.561035156
vt 0.708007812 0.561035156
vt 0.704589844 0.564453125
vt 0.704589844 0.565429688
vt 0.705078125 0.565429688
vt 0.705078125 0.564453125
vt 0.712402344 0.561035156
vt 0.712402344 0.560058594
vt 0.711425781 0.560058594
vt 0.711425781 0.561035156
vt 0.711425781 0.555664062
vt 0.710449219 0.555664062
vt 0.710449219 0.556640625
vt 0.711425781 0.556640625
vt 0.70703125 0.56640625
vt 0.708007812 0.56640625
vt 0.708007812 0.565429688
vt 0.70703125 0.565429688
vt 0.712402344 0.567382812
vt 0.712402344 0.56640625
vt 0.711914062 0.56640625
vt 0.711914062 0.567382812
vt 0.706054688 0.56640625
vt 0.706054688 0.565429688
vt 0.706054688 0.565429688
vt 0.706054688 0.56640625
vt 0.703125 0.566894531
vt 0.703125 0.567871094
vt 0.704101562 0.567871094
vt 0.704101562 0.566894531
vt 0.712402344 0.557617188
vt 0.712402344 0.556640625
vt 0.711425781 0.557128906
vt 0.711425781 0.557617188
vt 0.706054688 0.564453125
vt 0.70703125 0.564453125
vt 0.70703125 0.562988281
vt 0.706054688 0.562988281
vt 0.712402344 0.556640625
vt 0.712402344 0.557617188
vt 0.712890625 0.557617188
vt 0.712890625 0.556640625
vt 0.708496094 0.555175781
vt 0.707519531 0.555175781
vt 0.707519531 0.556640625
vt 0.708496094 0.556640625
vt 0.711914062 0.567382812
vt 0.711914062 0.56640625
vt 0.7109375 0.56640625
vt 0.7109375 0.567382812
vt 0.708984375 0.556640625
vt 0.708007812 0.556640625
vt 0.707519531 0.558105469
vt 0.708984375 0.557617188
vt 0.706054688 0.559570312
vt 0.705078125 0.559570312
vt 0.705078125 0.562011719
vt 0.706054688 0.562011719
vt 0.712890625 0.5625
vt 0.712890625 0.561523438
vt 0.712402344 0.561523438
vt 0.712402344 0.5625
vt 0.709960938 0.561523438
vt 0.708984375 0.562011719
vt 0.708984375 0.562988281
vt 0.709960938 0.562988281
vt 0.706054688 0.567382812
vt 0.706054688 0.56640625
vt 0.705078125 0.56640625
vt 0.705078125 0.567382812
vt 0.702148438 0.567871094
vt 0.702148438 0.566894531
vt 0.701660156 0.566894531
vt 0.701660156 0.567871094
vt 0.710449219 0.561035156
vt 0.711425781 0.561035156
vt 0.711425781 0.560058594
vt 0.710449219 0.560058594
vt 0.712890625 0.565429688
vt 0.712890625 0.564453125
vt 0.712402344 0.564453125
vt 0.712402344 0.565429688
vt 0.701171875 0.561035156
vt 0.700683594 0.561035156
vt 0.700195312 0.5625
vt 0.701171875 0.5625
vt 0.712890625 0.561035156
vt 0.712890625 0.560058594
vt 0.712402344 0.560058594
vt 0.712402344 0.561035156
vt 0.708007812 0.56640625
vt 0.708007812 0.567382812
vt 0.708984375 0.567382812
vt 0.708984375 0.56640625
vt 0.708984375 0.561523438
vt 0.709960938 0.561523438
vt 0.709960938 0.561035156
vt 0.708984375 0.561035156
vt 0.708984375 0.564453125
vt 0.708007812 0.564453125
vt 0.708007812 0.565429688
vt 0.708984375 0.565429688
vt 0.701660156 0.565917969
vt 0.701660156 0.566894531
vt 0.702148438 0.566894531
vt 0.702148438 0.565917969
vt 0.712402344 0.555175781
vt 0.711425781 0.555664062
vt 0.711425781 0.555664062
vt 0.712402344 0.555664062
vt 0.709960938 0.562988281
vt 0.708984375 0.562988281
vt 0.708984375 0.564453125
vt 0.709960938 0.564453125
vt 0.704589844 0.56640625
vt 0.704589844 0.567382812
vt 0.705078125 0.567382812
vt 0.705078125 0.56640625
vt 0.711914062 0.565429688
vt 0.711914062 0.56640625
vt 0.712402344 0.56640625
vt 0.712402344 0.565429688
vt 0.7109375 0.56640625
vt 0.709960938 0.56640625
vt 0.709960938 0.566894531
vt 0.7109375 0.567382812
vt 0.711914062 0.565429688
vt 0.7109375 0.565429688
vt 0.7109375 0.56640625
vt 0.711914062 0.56640625
vt 0.702148438 0.564941406
vt 0.702148438 0.563964844
vt 0.701660156 0.563476562
vt 0.701660156 0.564453125
vt 0.708007812 0.562988281
vt 0.708984375 0.562988281
vt 0.708984375 0.561523438
vt 0.708007812 0.561523438
vt 0.701660156 0.566894531
vt 0.701660156 0.565917969
vt 0.700683594 0.565917969
vt 0.700683594 0.566894531
vt 0.70703125 0.562988281
vt 0.708007812 0.562988281
vt 0.708007812 0.561523438
vt 0.70703125 0.562011719
vt 0.709472656 0.558105469
vt 0.708496094 0.558105469
vt 0.708496094 0.559082031
vt 0.709472656 0.559082031
vt 0.708984375 0.565429688
vt 0.709960938 0.565429688
vt 0.709960938 0.564453125
vt 0.708984375 0.564453125
vt 0.700683594 0.565917969
vt 0.701660156 0.565917969
vt 0.701660156 0.564941406
vt 0.700683594 0.564941406
vt 0.703125 0.560058594
vt 0.702148438 0.560058594
vt 0.702148438 0.562011719
vt 0.703125 0.562011719
vt 0.706054688 0.561523438
vt 0.70703125 0.561523438
vt 0.70703125 0.559570312
vt 0.706054688 0.559570312
vt 0.7109375 0.565429688
vt 0.711425781 0.565429688
vt 0.711425781 0.564453125
vt 0.7109375 0.564453125
vt 0.702148438 0.563476562
vt 0.702148438 0.5625
vt 0.700683594 0.5625
vt 0.700683594 0.563476562
vt 0.70703125 0.565429688
vt 0.706054688 0.565429688
vt 0.706054688 0.56640625
vt 0.70703125 0.56640625
vt 0.711425781 0.568359375
vt 0.711425781 0.567382812
vt 0.7109375 0.567382812
vt 0.7109375 0.567871094
vt 0.706054688 0.562011719
vt 0.705078125 0.562011719
vt 0.705078125 0.563476562
vt 0.706054688 0.563476562
vt 0.702148438 0.561035156
vt 0.702148438 0.560058594
vt 0.700195312 0.560058594
vt 0.700195312 0.561035156
vt 0.712402344 0.565429688
vt 0.712402344 0.564453125
vt 0.711425781 0.564453125
vt 0.711425781 0.565429688
vt 0.709472656 0.555664062
vt 0.710449219 0.555664062
vt 0.710449219 0.555175781
vt 0.709472656 0.555175781
vt 0.711425781 0.558105469
vt 0.710449219 0.558105469
vt 0.710449219 0.559082031
vt 0.711425781 0.559082031
vt 0.711425781 0.563476562
vt 0.7109375 0.563476562
vt 0.7109375 0.564453125
vt 0.711425781 0.564453125
vt 0.70703125 0.561523438
vt 0.708007812 0.561523438
vt 0.708007812 0.561035156
vt 0.70703125 0.561035156
vt 0.712890625 0.556640625
vt 0.712890625 0.555664062
vt 0.712402344 0.555664062
vt 0.712402344 0.556640625
vt 0.708496094 0.558105469
vt 0.708007812 0.558105469
vt 0.707519531 0.559082031
vt 0.708496094 0.559082031
vt 0.706054688 0.565429688
vt 0.705078125 0.565429688
vt 0.705078125 0.56640625
vt 0.706054688 0.56640625
vt 0.712402344 0.564453125
vt 0.712402344 0.563476562
vt 0.711425781 0.562988281
vt 0.711914062 0.563964844
vt 0.705078125 0.560058594
vt 0.704101562 0.560058594
vt 0.704101562 0.562011719
vt 0.705078125 0.562011719
vt 0.710449219 0.561035156
vt 0.709960938 0.561035156
vt 0.709960938 0.561523438
vt 0.710449219 0.561523438
vt 0.712402344 0.558105469
vt 0.712402344 0.559082031
vt 0.712890625 0.559082031
vt 0.712890625 0.558105469
vt 0.711914062 0.567871094
vt 0.711914062 0.567382812
vt 0.711425781 0.567382812
vt 0.711425781 0.568359375
vt 0.712890625 0.56640625
vt 0.712890625 0.565429688
vt 0.712402344 0.565429688
vt 0.712402344 0.56640625
vt 0.704101562 0.566894531
vt 0.704101562 0.567871094
vt 0.704589844 0.567871094
vt 0.704589844 0.566894531
vt 0.703125 0.564453125
vt 0.702148438 0.564453125
vt 0.702148438 0.565917969
vt 0.703125 0.565429688
vt 0.703125 0.563476562
vt 0.702148438 0.563476562
vt 0.702148438 0.564453125
vt 0.703125 0.564453125
vt 0.712402344 0.559082031
vt 0.712402344 0.558105469
vt 0.711425781 0.558105469
vt 0.711425781 0.559082031
vt 0.708984375 0.567382812
vt 0.709960938 0.567382812
vt 0.709960938 0.56640625
vt 0.708984375 0.56640625
vt 0.708007812 0.564453125
vt 0.70703125 0.564453125
vt 0.70703125 0.565429688
vt 0.708007812 0.565429688
vt 0.708496094 0.559570312
vt 0.709472656 0.559570312
vt 0.709472656 0.559082031
vt 0.708496094 0.559082031
vt 0.710449219 0.560058594
vt 0.711425781 0.560058594
vt 0.711425781 0.559082031
vt 0.710449219 0.559082031
vt 0.701660156 0.567871094
vt 0.701660156 0.566894531
vt 0.700683594 0.566894531
vt 0.700683594 0.567871094
vt 0.319580078 0.842773438
vt 0.315185547 0.845703125
vt 0.319335938 0.850585938
vt 0.325683594 0.850097656
vt 0.319335938 0.876464844
vt 0.335449219 0.853027344
vt 0.325683594 0.850097656
vt 0.32421875 0.877929688
vt 0.313476562 0.895996094
vt 0.319580078 0.896972656
vt 0.311279297 0.923339844
vt 0.3046875 0.919433594
vt 0.307861328 0.940429688
vt 0.315185547 0.953125
vt 0.328857422 0.896484375
vt 0.322509766 0.924316406
vt 0.326416016 0.9453125
vt 0.333496094 0.868652344
vt 0.32421875 0.877929688
vt 0.335449219 0.853027344
vt 0.340087891 0.854003906
vt 0.553710938 0.979492188
vt 0.520507812 0.920410156
vt 0.208984375 0.77734375
vt 0.224609375 0.80078125
vt 0.220703125 0.8046875
vt 0.21875 0.771484375
vt 0.107421875 0.857421875
vt 0.107421875 0.8671875
vt 0.10546875 0.8671875
vt 0.10546875 0.857421875
vt 0.294921875 0.888671875
vt 0.296875 0.8984375
vt 0.296875 0.8984375
vt 0.294921875 0.888671875
vt 0.056640625 0.958984375
vt 0.056640625 0.96875
vt 0.056640625 0.96875
vt 0.056640625 0.958984375
vt 0.12890625 0.94140625
vt 0.119140625 0.958984375
vt 0.119140625 0.958984375
vt 0.12890625 0.94140625
vt 0.056640625 0.96875
vt 0.060546875 0.984375
vt 0.060546875 0.984375
vt 0.056640625 0.96875
vt 0.333984375 0.96484375
vt 0.326171875 0.955078125
vt 0.326171875 0.955078125
vt 0.333984375 0.96484375
vt 0.13671875 0.98046875
vt 0.13671875 0.9609375
vt 0.13671875 0.9609375
vt 0.13671875 0.98046875
vt 0.326171875 0.955078125
vt 0.326171875 0.943359375
vt 0.326171875 0.943359375
vt 0.326171875 0.955078125
vt 0.328125 0.791015625
vt 0.3203125 0.783203125
vt 0.3203125 0.783203125
vt 0.328125 0.791015625
vt 0.326171875 0.943359375
vt 0.33203125 0.931640625
vt 0.33203125 0.931640625
vt 0.326171875 0.943359375
vt 0.3203125 0.783203125
vt 0.318359375 0.767578125
vt 0.318359375 0.767578125
vt 0.3203125 0.783203125
vt 0.251953125 0.791015625
vt 0.251953125 0.80078125
vt 0.25 0.80078125
vt 0.25 0.791015625
vt 0.33203125 0.865234375
vt 0.333984375 0.869140625
vt 0.333984375 0.869140625
vt 0.33203125 0.865234375
vt 0.318359375 0.767578125
vt 0.322265625 0.7578125
vt 0.322265625 0.7578125
vt 0.318359375 0.767578125
vt 0.33203125 0.931640625
vt 0.333984375 0.92578125
vt 0.333984375 0.92578125
vt 0.33203125 0.931640625
vt 0.333984375 0.853515625
vt 0.33203125 0.865234375
vt 0.33203125 0.865234375
vt 0.333984375 0.853515625
vt 0.060546875 0.94921875
vt 0.056640625 0.958984375
vt 0.056640625 0.958984375
vt 0.060546875 0.94921875
vt 0.2734375 0.9609375
vt 0.275390625 0.966796875
vt 0.275390625 0.966796875
vt 0.2734375 0.9609375
vt 0.29296875 0.97265625
vt 0.29296875 0.986328125
vt 0.29296875 0.986328125
vt 0.29296875 0.97265625
vt 0.322265625 0.7578125
vt 0.326171875 0.755859375
vt 0.326171875 0.755859375
vt 0.322265625 0.7578125
vt 0.275390625 0.94921875
vt 0.2734375 0.9609375
vt 0.2734375 0.9609375
vt 0.275390625 0.94921875
vt 0.107421875 0.845703125
vt 0.107421875 0.857421875
vt 0.107421875 0.857421875
vt 0.107421875 0.845703125
vt 0.287109375 0.9765625
vt 0.29296875 0.98828125
vt 0.291015625 0.98828125
vt 0.287109375 0.9765625
vt 0.185546875 0.8359375
vt 0.185546875 0.833984375
vt 0.185546875 0.833984375
vt 0.185546875 0.8359375
vt 0.322265625 0.75390625
vt 0.328125 0.73828125
vt 0.328125 0.73828125
vt 0.322265625 0.75390625
vt 0.333984375 0.869140625
vt 0.33203125 0.876953125
vt 0.33203125 0.876953125
vt 0.333984375 0.869140625
vt 0.326171875 0.755859375
vt 0.322265625 0.75390625
vt 0.322265625 0.75390625
vt 0.326171875 0.755859375
vt 0.107421875 0.908203125
vt 0.107421875 0.916015625
vt 0.10546875 0.916015625
vt 0.10546875 0.908203125
vt 0.275390625 0.966796875
vt 0.2734375 0.97265625
vt 0.2734375 0.97265625
vt 0.275390625 0.966796875
vt 0.296875 0.876953125
vt 0.294921875 0.888671875
vt 0.294921875 0.888671875
vt 0.296875 0.876953125
vt 0.705078125 0.555175781
vt 0.705078125 0.560058594
vt 0.701660156 0.557617188
vt 0.701660156 0.556640625
vt 0.700195312 0.555664062
vt 0.700195312 0.556640625
vt 0.70703125 0.559570312
vt 0.705078125 0.557617188
vt 0.706054688 0.557128906
vt 0.70703125 0.555175781
vt 0.705078125 0.556152344
vt 0.709472656 0.567382812
vt 0.709960938 0.567382812
vt 0.709960938 0.568359375
vt 0.709472656 0.568359375
vt 0.706054688 0.565429688
vt 0.706054688 0.564453125
vt 0.70703125 0.564453125
vt 0.70703125 0.565429688
vt 0.701660156 0.5625
vt 0.701171875 0.561035156
vt 0.702148438 0.561035156
vt 0.702148438 0.5625
vt 0.704101562 0.562011719
vt 0.704101562 0.563476562
vt 0.703125 0.563476562
vt 0.703125 0.562011719
vt 0.712890625 0.555664062
vt 0.713378906 0.555664062
vt 0.713378906 0.556640625
vt 0.712890625 0.556640625
vt 0.708496094 0.556640625
vt 0.708496094 0.555664062
vt 0.709472656 0.555664062
vt 0.709472656 0.556640625
vt 0.703125 0.561523438
vt 0.703125 0.561523438
vt 0.703125 0.561035156
vt 0.703125 0.561035156
vt 0.709960938 0.565429688
vt 0.7109375 0.565429688
vt 0.7109375 0.56640625
vt 0.709960938 0.565917969
vt 0.709472656 0.568359375
vt 0.708984375 0.568359375
vt 0.708984375 0.567382812
vt 0.709472656 0.567382812
vt 0.710449219 0.567871094
vt 0.709960938 0.567871094
vt 0.709960938 0.567382812
vt 0.710449219 0.567382812
vt 0.710449219 0.555664062
vt 0.710449219 0.556640625
vt 0.709472656 0.556640625
vt 0.709472656 0.555664062
vt 0.70703125 0.559570312
vt 0.70703125 0.558105469
vt 0.707519531 0.558105469
vt 0.707519531 0.559570312
vt 0.708984375 0.559570312
vt 0.708984375 0.561035156
vt 0.708007812 0.561035156
vt 0.708007812 0.559570312
vt 0.700683594 0.564941406
vt 0.700195312 0.564453125
vt 0.700195312 0.563964844
vt 0.700683594 0.563964844
vt 0.704589844 0.56640625
vt 0.704589844 0.566894531
vt 0.703613281 0.566894531
vt 0.703613281 0.56640625
vt 0.712402344 0.560058594
vt 0.711425781 0.560058594
vt 0.711425781 0.559082031
vt 0.712402344 0.559082031
vt 0.706054688 0.562988281
vt 0.706054688 0.561523438
vt 0.70703125 0.562011719
vt 0.70703125 0.562988281
vt 0.703125 0.562011719
vt 0.703125 0.563476562
vt 0.702148438 0.563476562
vt 0.702636719 0.562011719
vt 0.710449219 0.558105469
vt 0.710449219 0.559082031
vt 0.709472656 0.559082031
vt 0.709472656 0.558105469
vt 0.708984375 0.565429688
vt 0.708984375 0.56640625
vt 0.708007812 0.56640625
vt 0.708007812 0.565429688
vt 0.709960938 0.565429688
vt 0.709960938 0.56640625
vt 0.708984375 0.56640625
vt 0.708984375 0.565429688
vt 0.702148438 0.565917969
vt 0.701660156 0.565429688
vt 0.701660156 0.564941406
vt 0.702148438 0.564941406
vt 0.707519531 0.559570312
vt 0.707519531 0.559082031
vt 0.708496094 0.559082031
vt 0.708496094 0.559570312
vt 0.708984375 0.561035156
vt 0.708984375 0.559570312
vt 0.709960938 0.559570312
vt 0.709960938 0.561035156
vt 0.703613281 0.565917969
vt 0.703125 0.565917969
vt 0.703613281 0.564941406
vt 0.703613281 0.564941406
vt 0.703125 0.565917969
vt 0.703125 0.56640625
vt 0.702148438 0.56640625
vt 0.702148438 0.565917969
vt 0.70703125 0.567382812
vt 0.707519531 0.567382812
vt 0.707519531 0.568359375
vt 0.70703125 0.568359375
vt 0.711425781 0.555175781
vt 0.711425781 0.555664062
vt 0.710449219 0.555664062
vt 0.710449219 0.555175781
vt 0.700195312 0.56640625
vt 0.700683594 0.56640625
vt 0.700683594 0.567382812
vt 0.700683594 0.567382812
vt 0.7109375 0.567871094
vt 0.710449219 0.568359375
vt 0.710449219 0.567382812
vt 0.7109375 0.567382812
vt 0.712402344 0.5625
vt 0.711425781 0.5625
vt 0.711425781 0.561523438
vt 0.712402344 0.561523438
vt 0.710449219 0.561523438
vt 0.710449219 0.561035156
vt 0.711425781 0.561035156
vt 0.711425781 0.561523438
vt 0.705078125 0.565429688
vt 0.705078125 0.564941406
vt 0.706054688 0.564453125
vt 0.706054688 0.565429688
vt 0.703125 0.565917969
vt 0.703613281 0.565917969
vt 0.703613281 0.566894531
vt 0.703613281 0.566894531
vt 0.712402344 0.5625
vt 0.712402344 0.562988281
vt 0.711425781 0.562988281
vt 0.711425781 0.5625
vt 0.70703125 0.567382812
vt 0.70703125 0.56640625
vt 0.708007812 0.56640625
vt 0.708007812 0.567382812
vt 0.704589844 0.565429688
vt 0.705078125 0.565429688
vt 0.705078125 0.565917969
vt 0.704589844 0.565917969
vt 0.703125 0.560058594
vt 0.703125 0.560058594
vt 0.703125 0.561035156
vt 0.703125 0.561035156
vt 0.703125 0.561035156
vt 0.703125 0.561035156
vt 0.703125 0.560058594
vt 0.703125 0.560058594
vt 0.700195312 0.562988281
vt 0.700683594 0.5625
vt 0.700683594 0.563476562
vt 0.700195312 0.563964844
vt 0.704101562 0.560058594
vt 0.704101562 0.561523438
vt 0.703125 0.562011719
vt 0.703125 0.560058594
vt 0.712402344 0.555664062
vt 0.712402344 0.556640625
vt 0.711425781 0.556640625
vt 0.711425781 0.555664062
vt 0.703125 0.567382812
vt 0.702148438 0.567382812
vt 0.702148438 0.56640625
vt 0.703125 0.56640625
vt 0.70703125 0.567382812
vt 0.706054688 0.567382812
vt 0.706054688 0.56640625
vt 0.70703125 0.56640625
vt 0.700195312 0.564941406
vt 0.700683594 0.564941406
vt 0.700683594 0.565429688
vt 0.700195312 0.565429688
vt 0.709960938 0.561035156
vt 0.709960938 0.560058594
vt 0.710449219 0.559570312
vt 0.710449219 0.561035156
vt 0.707519531 0.555175781
vt 0.707519531 0.557128906
vt 0.70703125 0.557128906
vt 0.70703125 0.555175781
vt 0.712890625 0.567382812
vt 0.712402344 0.567382812
vt 0.712402344 0.56640625
vt 0.712890625 0.56640625
vt 0.703125 0.561035156
vt 0.703125 0.561035156
vt 0.703125 0.561523438
vt 0.703125 0.561523438
vt 0.708007812 0.564453125
vt 0.70703125 0.564453125
vt 0.70703125 0.563476562
vt 0.708007812 0.562988281
vt 0.713378906 0.563964844
vt 0.712890625 0.563476562
vt 0.713378906 0.562988281
vt 0.712890625 0.563964844
vt 0.712402344 0.562988281
vt 0.712402344 0.563964844
vt 0.708984375 0.562988281
vt 0.708984375 0.564453125
vt 0.708007812 0.564453125
vt 0.708007812 0.562988281
vt 0.703613281 0.564453125
vt 0.704589844 0.564453125
vt 0.704589844 0.564941406
vt 0.703613281 0.564941406
vt 0.705078125 0.564453125
vt 0.704589844 0.564453125
vt 0.704589844 0.563476562
vt 0.705078125 0.563476562
vt 0.710449219 0.559082031
vt 0.710449219 0.559570312
vt 0.709472656 0.559570312
vt 0.709472656 0.559082031
vt 0.701660156 0.563476562
vt 0.701660156 0.564941406
vt 0.700683594 0.564941406
vt 0.700683594 0.563476562
vt 0.708984375 0.558105469
vt 0.708984375 0.556640625
vt 0.709472656 0.556640625
vt 0.709472656 0.558105469
vt 0.709472656 0.558105469
vt 0.709472656 0.556640625
vt 0.710449219 0.556640625
vt 0.710449219 0.558105469
vt 0.712890625 0.560058594
vt 0.712402344 0.560058594
vt 0.712402344 0.559082031
vt 0.712890625 0.559082031
vt 0.704589844 0.564453125
vt 0.703125 0.564453125
vt 0.703125 0.563476562
vt 0.704589844 0.563476562
vt 0.7109375 0.564453125
vt 0.7109375 0.565429688
vt 0.709960938 0.565429688
vt 0.709960938 0.564453125
vt 0.711425781 0.561523438
vt 0.711425781 0.5625
vt 0.710449219 0.5625
vt 0.710449219 0.561523438
vt 0.704589844 0.564941406
vt 0.704589844 0.56640625
vt 0.703613281 0.56640625
vt 0.703613281 0.564941406
vt 0.700195312 0.565429688
vt 0.700683594 0.565429688
vt 0.700683594 0.56640625
vt 0.700195312 0.56640625
vt 0.711425781 0.556640625
vt 0.711425781 0.557617188
vt 0.710449219 0.557617188
vt 0.710449219 0.556640625
vt 0.706054688 0.563476562
vt 0.706054688 0.564453125
vt 0.705078125 0.564453125
vt 0.705078125 0.563476562
vt 0.7109375 0.562988281
vt 0.7109375 0.564453125
vt 0.709960938 0.564453125
vt 0.709960938 0.563476562
vt 0.708007812 0.560058594
vt 0.708007812 0.561035156
vt 0.70703125 0.561035156
vt 0.70703125 0.559570312
vt 0.704589844 0.564453125
vt 0.705078125 0.564453125
vt 0.705078125 0.565429688
vt 0.704589844 0.565429688
vt 0.712402344 0.561035156
vt 0.711425781 0.561035156
vt 0.711425781 0.560058594
vt 0.712402344 0.560058594
vt 0.711425781 0.555664062
vt 0.711425781 0.556640625
vt 0.710449219 0.556640625
vt 0.710449219 0.555664062
vt 0.70703125 0.56640625
vt 0.70703125 0.565429688
vt 0.708007812 0.565429688
vt 0.708007812 0.56640625
vt 0.712402344 0.567382812
vt 0.711914062 0.567382812
vt 0.711914062 0.56640625
vt 0.712402344 0.56640625
vt 0.706054688 0.56640625
vt 0.706054688 0.56640625
vt 0.706054688 0.565429688
vt 0.706054688 0.565429688
vt 0.703125 0.566894531
vt 0.704101562 0.566894531
vt 0.704101562 0.567871094
vt 0.703125 0.567871094
vt 0.712402344 0.557617188
vt 0.711425781 0.557617188
vt 0.711425781 0.557128906
vt 0.712402344 0.556640625
vt 0.706054688 0.564453125
vt 0.706054688 0.562988281
vt 0.70703125 0.562988281
vt 0.70703125 0.564453125
vt 0.712402344 0.556640625
vt 0.712890625 0.556640625
vt 0.712890625 0.557617188
vt 0.712402344 0.557617188
vt 0.708496094 0.555175781
vt 0.708496094 0.556640625
vt 0.707519531 0.556640625
vt 0.707519531 0.555175781
vt 0.711914062 0.567382812
vt 0.7109375 0.567382812
vt 0.7109375 0.56640625
vt 0.711914062 0.56640625
vt 0.708984375 0.556640625
vt 0.708984375 0.557617188
vt 0.707519531 0.558105469
vt 0.708007812 0.556640625
vt 0.706054688 0.559570312
vt 0.706054688 0.562011719
vt 0.705078125 0.562011719
vt 0.705078125 0.559570312
vt 0.712890625 0.5625
vt 0.712402344 0.5625
vt 0.712402344 0.561523438
vt 0.712890625 0.561523438
vt 0.709960938 0.561523438
vt 0.709960938 0.562988281
vt 0.708984375 0.562988281
vt 0.708984375 0.562011719
vt 0.706054688 0.567382812
vt 0.705078125 0.567382812
vt 0.705078125 0.56640625
vt 0.706054688 0.56640625
vt 0.702148438 0.567871094
vt 0.701660156 0.567871094
vt 0.701660156 0.566894531
vt 0.702148438 0.566894531
vt 0.710449219 0.561035156
vt 0.710449219 0.560058594
vt 0.711425781 0.560058594
vt 0.711425781 0.561035156
vt 0.712890625 0.565429688
vt 0.712402344 0.565429688
vt 0.712402344 0.564453125
vt 0.712890625 0.564453125
vt 0.701171875 0.561035156
vt 0.701171875 0.5625
vt 0.700195312 0.5625
vt 0.700683594 0.561035156
vt 0.712890625 0.561035156
vt 0.712402344 0.561035156
vt 0.712402344 0.560058594
vt 0.712890625 0.560058594
vt 0.708007812 0.56640625
vt 0.708984375 0.56640625
vt 0.708984375 0.567382812
vt 0.708007812 0.567382812
vt 0.708984375 0.561523438
vt 0.708984375 0.561035156
vt 0.709960938 0.561035156
vt 0.709960938 0.561523438
vt 0.708984375 0.564453125
vt 0.708984375 0.565429688
vt 0.708007812 0.565429688
vt 0.708007812 0.564453125
vt 0.701660156 0.565917969
vt 0.702148438 0.565917969
vt 0.702148438 0.566894531
vt 0.701660156 0.566894531
vt 0.712402344 0.555175781
vt 0.712402344 0.555664062
vt 0.711425781 0.555664062
vt 0.711425781 0.555664062
vt 0.709960938 0.562988281
vt 0.709960938 0.564453125
vt 0.708984375 0.564453125
vt 0.708984375 0.562988281
vt 0.704589844 0.56640625
vt 0.705078125 0.56640625
vt 0.705078125 0.567382812
vt 0.704589844 0.567382812
vt 0.711914062 0.565429688
vt 0.712402344 0.565429688
vt 0.712402344 0.56640625
vt 0.711914062 0.56640625
vt 0.7109375 0.56640625
vt 0.7109375 0.567382812
vt 0.709960938 0.566894531
vt 0.709960938 0.56640625
vt 0.711914062 0.565429688
vt 0.711914062 0.56640625
vt 0.7109375 0.56640625
vt 0.7109375 0.565429688
vt 0.702148438 0.564941406
vt 0.701660156 0.564453125
vt 0.701660156 0.563476562
vt 0.702148438 0.563964844
vt 0.708007812 0.562988281
vt 0.708007812 0.561523438
vt 0.708984375 0.561523438
vt 0.708984375 0.562988281
vt 0.701660156 0.566894531
vt 0.700683594 0.566894531
vt 0.700683594 0.565917969
vt 0.701660156 0.565917969
vt 0.70703125 0.562988281
vt 0.70703125 0.562011719
vt 0.708007812 0.561523438
vt 0.708007812 0.562988281
vt 0.709472656 0.558105469
vt 0.709472656 0.559082031
vt 0.708496094 0.559082031
vt 0.708496094 0.558105469
vt 0.708984375 0.565429688
vt 0.708984375 0.564453125
vt 0.709960938 0.564453125
vt 0.709960938 0.565429688
vt 0.700683594 0.565917969
vt 0.700683594 0.564941406
vt 0.701660156 0.564941406
vt 0.701660156 0.565917969
vt 0.703125 0.560058594
vt 0.703125 0.562011719
vt 0.702148438 0.562011719
vt 0.702148438 0.560058594
vt 0.706054688 0.561523438
vt 0.706054688 0.559570312
vt 0.70703125 0.559570312
vt 0.70703125 0.561523438
vt 0.7109375 0.565429688
vt 0.7109375 0.564453125
vt 0.711425781 0.564453125
vt 0.711425781 0.565429688
vt 0.702148438 0.563476562
vt 0.700683594 0.563476562
vt 0.700683594 0.5625
vt 0.702148438 0.5625
vt 0.70703125 0.565429688
vt 0.70703125 0.56640625
vt 0.706054688 0.56640625
vt 0.706054688 0.565429688
vt 0.711425781 0.568359375
vt 0.7109375 0.567871094
vt 0.7109375 0.567382812
vt 0.711425781 0.567382812
vt 0.706054688 0.562011719
vt 0.706054688 0.563476562
vt 0.705078125 0.563476562
vt 0.705078125 0.562011719
vt 0.702148438 0.561035156
vt 0.700195312 0.561035156
vt 0.700195312 0.560058594
vt 0.702148438 0.560058594
vt 0.712402344 0.565429688
vt 0.711425781 0.565429688
vt 0.711425781 0.564453125
vt 0.712402344 0.564453125
vt 0.709472656 0.555664062
vt 0.709472656 0.555175781
vt 0.710449219 0.555175781
vt 0.710449219 0.555664062
vt 0.711425781 0.558105469
vt 0.711425781 0.559082031
vt 0.710449219 0.559082031
vt 0.710449219 0.558105469
vt 0.711425781 0.563476562
vt 0.711425781 0.564453125
vt 0.7109375 0.564453125
vt 0.7109375 0.563476562
vt 0.70703125 0.561523438
vt 0.70703125 0.561035156
vt 0.708007812 0.561035156
vt 0.708007812 0.561523438
vt 0.712890625 0.556640625
vt 0.712402344 0.556640625
vt 0.712402344 0.555664062
vt 0.712890625 0.555664062
vt 0.708496094 0.558105469
vt 0.708496094 0.559082031
vt 0.707519531 0.559082031
vt 0.708007812 0.558105469
vt 0.706054688 0.565429688
vt 0.706054688 0.56640625
vt 0.705078125 0.56640625
vt 0.705078125 0.565429688
vt 0.712402344 0.564453125
vt 0.711914062 0.563964844
vt 0.711425781 0.562988281
vt 0.712402344 0.563476562
vt 0.705078125 0.560058594
vt 0.705078125 0.562011719
vt 0.704101562 0.562011719
vt 0.704101562 0.560058594
vt 0.710449219 0.561035156
vt 0.710449219 0.561523438
vt 0.709960938 0.561523438
vt 0.709960938 0.561035156
vt 0.712402344 0.558105469
vt 0.712890625 0.558105469
vt 0.712890625 0.559082031
vt 0.712402344 0.559082031
vt 0.711914062 0.567871094
vt 0.711425781 0.568359375
vt 0.711425781 0.567382812
vt 0.711914062 0.567382812
vt 0.712890625 0.56640625
vt 0.712402344 0.56640625
vt 0.712402344 0.565429688
vt 0.712890625 0.565429688
vt 0.704101562 0.566894531
vt 0.704589844 0.566894531
vt 0.704589844 0.567871094
vt 0.704101562 0.567871094
vt 0.703125 0.564453125
vt 0.703125 0.565429688
vt 0.702148438 0.565917969
vt 0.702148438 0.564453125
vt 0.703125 0.563476562
vt 0.703125 0.564453125
vt 0.702148438 0.564453125
vt 0.702148438 0.563476562
vt 0.712402344 0.559082031
vt 0.711425781 0.559082031
vt 0.711425781 0.558105469
vt 0.712402344 0.558105469
vt 0.708984375 0.567382812
vt 0.708984375 0.56640625
vt 0.709960938 0.56640625
vt 0.709960938 0.567382812
vt 0.708007812 0.564453125
vt 0.708007812 0.565429688
vt 0.70703125 0.565429688
vt 0.70703125 0.564453125
vt 0.708496094 0.559570312
vt 0.708496094 0.559082031
vt 0.709472656 0.559082031
vt 0.709472656 0.559570312
vt 0.710449219 0.560058594
vt 0.710449219 0.559082031
vt 0.711425781 0.559082031
vt 0.711425781 0.560058594
vt 0.701660156 0.567871094
vt 0.700683594 0.567871094
vt 0.700683594 0.566894531
vt 0.701660156 0.566894531
vt 0.319580078 0.842773438
vt 0.319335938 0.850585938
vt 0.315185547 0.845703125
vt 0.325683594 0.850097656
vt 0.319335938 0.876464844
vt 0.325683594 0.850097656
vt 0.335449219 0.853027344
vt 0.32421875 0.877929688
vt 0.313476562 0.895996094
vt 0.319580078 0.896972656
vt 0.311279297 0.923339844
vt 0.3046875 0.919433594
vt 0.307861328 0.940429688
vt 0.315185547 0.953125
vt 0.328857422 0.896484375
vt 0.322509766 0.924316406
vt 0.326416016 0.9453125
vt 0.333496094 0.868652344
vt 0.32421875 0.877929688
vt 0.335449219 0.853027344
vt 0.340087891 0.854003906
vn 0.950195312 -0.220336914 -0.219604492
vn 0.892089844 -0.426513672 -0.149169922
vn 0.892089844 -0.426513672 -0.149169922
vn 0.950195312 -0.220336914 -0.219604492
vn 0.892089844 -0.426513672 -0.149169922
vn 0.892089844 -0.426513672 -0.149169922
vn 0.865722656 -0.466552734 -0.181030273
vn 0.874511719 -0.461914062 -0.147216797
vn 0.865722656 -0.466552734 -0.181030273
vn 0.865722656 -0.466552734 -0.181030273
vn 0.865722656 -0.466552734 -0.181030273
vn 0.928222656 -0.362304688 0.0870361328
vn 0.865722656 -0.466552734 -0.181030273
vn 0.874511719 -0.461914062 -0.147216797
vn 0.874023438 -0.462158203 -0.149291992
vn 0.865722656 -0.466552734 -0.181030273
vn 0.865722656 -0.466552734 -0.181030273
vn 0.865722656 -0.466552734 -0.181030273
vn 0.859375 -0.487548828 -0.153808594
vn 0.859375 -0.487548828 -0.153808594
vn 0.958007812 -0.279785156 0.0616455078
vn 0.625488281 -0.573730469 -0.528808594
vn 0.786132812 -0.467773438 -0.404052734
vn 0.854980469 -0.366455078 -0.366943359
vn 0.197875977 -0.101379395 0.975097656
vn 0.454345703 0.328125 0.828125
vn 0.589355469 0.676757812 0.440917969
vn 0.618652344 0.779785156 -0.096496582
vn 0.618652344 0.779785156 -0.096496582
vn 0.618652344 0.779785156 -0.096496582
vn 0.787109375 0.563964844 -0.25
vn 0.787109375 0.563964844 -0.25
vn 0.787109375 0.563964844 -0.25
vn 0.855957031 0.430908203 -0.285644531
vn 0.855957031 0.430908203 -0.285644531
vn 0.855957031 0.430908203 -0.285644531
vn 0.61328125 0.661132812 -0.431640625
vn 0.61328125 0.661132812 -0.431640625
vn 0.61328125 0.661132812 -0.431640625
vn 0.852539062 0.387451172 -0.350341797
vn 0.852539062 0.387451172 -0.350341797
vn 0.852539062 0.387451172 -0.350341797
vn 0.954101562 0.181030273 -0.23828125
vn 0.954101562 0.181030273 -0.23828125
vn 0.954101562 0.181030273 -0.23828125
vn 0.920410156 0.182739258 -0.345214844
vn 0.920410156 0.182739258 -0.345214844
vn 0.920410156 0.182739258 -0.345214844
vn 0.787597656 0.480957031 -0.384765625
vn 0.787597656 0.480957031 -0.384765625
vn 0.787597656 0.480957031 -0.384765625
vn 0.956542969 0.130004883 -0.260253906
vn 0.956542969 0.130004883 -0.260253906
vn 0.956542969 0.130004883 -0.260253906
vn 0.967773438 0.235717773 -0.0877075195
vn 0.967773438 0.235717773 -0.0877075195
vn 0.967773438 0.235717773 -0.0877075195
vn 0.959960938 0.0437927246 -0.276123047
vn 0.959960938 0.0437927246 -0.276123047
vn 0.959960938 0.0437927246 -0.276123047
vn 0.942871094 0.232421875 -0.239135742
vn 0.942871094 0.232421875 -0.239135742
vn 0.942871094 0.232421875 -0.239135742
vn 0.759765625 -0.349609375 0.548339844
vn 0.759765625 -0.349609375 0.548339844
vn 0.759765625 -0.349609375 0.548339844
vn 0.244628906 -0.926269531 0.285888672
vn 0.244628906 -0.926269531 0.285888672
vn 0.244628906 -0.926269531 0.285888672
vn 0.612304688 -0.640136719 0.464599609
vn 0.612304688 -0.640136719 0.464599609
vn 0.612304688 -0.640136719 0.464599609
vn 0.363769531 -0.810546875 0.459228516
vn 0.363769531 -0.810546875 0.459228516
vn 0.363769531 -0.810546875 0.459228516
vn 0.681640625 -0.625488281 0.379882812
vn 0.681640625 -0.625488281 0.379882812
vn 0.681640625 -0.625488281 0.379882812
vn 0.895996094 -0.324951172 0.303222656
vn 0.899902344 -0.287597656 0.327392578
vn 0.895996094 -0.324951172 0.303222656
vn 0.912109375 -0.262695312 0.314453125
vn 0.912109375 -0.262695312 0.314453125
vn 0.912109375 -0.262695312 0.314453125
vn 0.844238281 -0.499755859 0.193115234
vn 0.844238281 -0.499755859 0.193115234
vn 0.844238281 -0.499755859 0.193115234
vn 0.657714844 0.716796875 -0.231567383
vn 0.657714844 0.716796875 -0.231567383
vn 0.657714844 0.716796875 -0.231567383
vn 0.801269531 0.461425781 -0.380859375
vn 0.801269531 0.461425781 -0.380859375
vn 0.801269531 0.461425781 -0.380859375
vn 0.858886719 0.319824219 -0.400146484
vn 0.858886719 0.319824219 -0.400146484
vn 0.858886719 0.319824219 -0.400146484
vn 0.621582031 0.543457031 -0.564453125
vn 0.621582031 0.543457031 -0.564453125
vn 0.621582031 0.543457031 -0.564453125
vn 0.848144531 0.267822266 -0.45703125
vn 0.848144531 0.267822266 -0.45703125
vn 0.848144531 0.267822266 -0.45703125
vn 0.944335938 0.0733032227 -0.321289062
vn 0.944335938 0.0733032227 -0.321289062
vn 0.944335938 0.0733032227 -0.321289062
vn 0.903320312 0.0615234375 -0.425048828
vn 0.903320312 0.0615234375 -0.425048828
vn 0.903320312 0.0615234375 -0.425048828
vn 0.787109375 0.359619141 -0.501464844
vn 0.787109375 0.359619141 -0.501464844
vn 0.787109375 0.359619141 -0.501464844
vn 0.941894531 0.0194702148 -0.335449219
vn 0.941894531 0.0194702148 -0.335449219
vn 0.941894531 0.0194702148 -0.335449219
vn 0.972167969 0.1484375 -0.181884766
vn 0.972167969 0.1484375 -0.181884766
vn 0.972167969 0.1484375 -0.181884766
vn 0.938476562 -0.0681152344 -0.337890625
vn 0.938476562 -0.0681152344 -0.337890625
vn 0.938476562 -0.0681152344 -0.337890625
vn 0.916503906 0.243286133 -0.317626953
vn 0.916503906 0.243286133 -0.317626953
vn 0.916503906 0.243286133 -0.317626953
vn 0.860351562 -0.492431641 0.131347656
vn 0.860351562 -0.492431641 0.131347656
vn 0.860351562 -0.492431641 0.131347656
vn 0.7734375 -0.319580078 0.547363281
vn 0.7734375 -0.319580078 0.547363281
vn 0.7734375 -0.319580078 0.547363281
vn 0.226806641 -0.873046875 0.431640625
vn 0.226806641 -0.873046875 0.431640625
vn 0.226806641 -0.873046875 0.431640625
vn 0.602050781 -0.607421875 0.518066406
vn 0.602050781 -0.607421875 0.518066406
vn 0.602050781 -0.607421875 0.518066406
vn 0.34375 -0.758300781 0.554199219
vn 0.34375 -0.758300781 0.554199219
vn 0.34375 -0.758300781 0.554199219
vn 0.666015625 -0.610839844 0.428222656
vn 0.666015625 -0.610839844 0.428222656
vn 0.666015625 -0.610839844 0.428222656
vn 0.893066406 -0.341308594 0.293701172
vn 0.901367188 -0.301269531 0.311523438
vn 0.893066406 -0.341308594 0.293701172
vn 0.9140625 -0.279541016 0.294189453
vn 0.9140625 -0.279541016 0.294189453
vn 0.9140625 -0.279541016 0.294189453
vn 0.784667969 -0.528808594 0.323242188
vn 0.784667969 -0.528808594 0.323242188
vn 0.784667969 -0.528808594 0.323242188
vn 0.730957031 0.5546875 -0.397216797
vn 0.730957031 0.5546875 -0.397216797
vn 0.730957031 0.5546875 -0.397216797
vn 0.835449219 0.230102539 -0.499267578
vn 0.835449219 0.230102539 -0.499267578
vn 0.835449219 0.230102539 -0.499267578
vn 0.874511719 0.0826416016 -0.478027344
vn 0.874511719 0.0826416016 -0.478027344
vn 0.874511719 0.0826416016 -0.478027344
vn 0.659667969 0.279541016 -0.697753906
vn 0.659667969 0.279541016 -0.697753906
vn 0.659667969 0.279541016 -0.697753906
vn 0.85546875 0.0185394287 -0.517578125
vn 0.85546875 0.0185394287 -0.517578125
vn 0.85546875 0.0185394287 -0.517578125
vn 0.932617188 -0.140625 -0.332763672
vn 0.932617188 -0.140625 -0.332763672
vn 0.932617188 -0.140625 -0.332763672
vn 0.886230469 -0.17565918 -0.428710938
vn 0.886230469 -0.17565918 -0.428710938
vn 0.886230469 -0.17565918 -0.428710938
vn 0.804199219 0.101257324 -0.5859375
vn 0.804199219 0.101257324 -0.5859375
vn 0.804199219 0.101257324 -0.5859375
vn 0.923339844 -0.195556641 -0.331054688
vn 0.923339844 -0.195556641 -0.331054688
vn 0.923339844 -0.195556641 -0.331054688
vn 0.974609375 -0.0335998535 -0.220581055
vn 0.974609375 -0.0335998535 -0.220581055
vn 0.974609375 -0.0335998535 -0.220581055
vn 0.909179688 -0.279052734 -0.30859375
vn 0.909179688 -0.279052734 -0.30859375
vn 0.909179688 -0.279052734 -0.30859375
vn 0.92578125 0.0255889893 -0.377197266
vn 0.92578125 0.0255889893 -0.377197266
vn 0.92578125 0.0255889893 -0.377197266
vn 0.798828125 -0.541015625 0.261962891
vn 0.798828125 -0.541015625 0.261962891
vn 0.798828125 -0.541015625 0.261962891
vn 0.750488281 -0.248901367 0.612304688
vn 0.750488281 -0.248901367 0.612304688
vn 0.750488281 -0.248901367 0.612304688
vn 0.182373047 -0.698730469 0.691894531
vn 0.182373047 -0.698730469 0.691894531
vn 0.182373047 -0.698730469 0.691894531
vn 0.544433594 -0.509277344 0.666503906
vn 0.544433594 -0.509277344 0.666503906
vn 0.544433594 -0.509277344 0.666503906
vn 0.271484375 -0.609375 0.744628906
vn 0.271484375 -0.609375 0.744628906
vn 0.271484375 -0.609375 0.744628906
vn 0.604003906 -0.545898438 0.581054688
vn 0.604003906 -0.545898438 0.581054688
vn 0.604003906 -0.545898438 0.581054688
vn 0.855957031 -0.356201172 0.374755859
vn 0.870117188 -0.313964844 0.380371094
vn 0.855957031 -0.356201172 0.374755859
vn 0.884277344 -0.299804688 0.357666016
vn 0.884277344 -0.299804688 0.357666016
vn 0.884277344 -0.299804688 0.357666016
vn -0.862792969 0.475341797 -0.172241211
vn -0.862792969 0.475341797 -0.172241211
vn -0.862792969 0.475341797 -0.172241211
vn -0.80859375 -0.531738281 0.251953125
vn -0.80859375 -0.531738281 0.251953125
vn -0.80859375 -0.531738281 0.251953125
vn -0.854492188 -0.43359375 0.286621094
vn -0.854492188 -0.43359375 0.286621094
vn -0.854492188 -0.43359375 0.286621094
vn -0.850585938 -0.390625 0.352050781
vn -0.850585938 -0.390625 0.352050781
vn -0.850585938 -0.390625 0.352050781
vn -0.956542969 -0.174438477 0.233520508
vn -0.956542969 -0.174438477 0.233520508
vn -0.956542969 -0.174438477 0.233520508
vn -0.928222656 -0.180786133 0.325927734
vn -0.928222656 -0.180786133 0.325927734
vn -0.928222656 -0.180786133 0.325927734
vn -0.813964844 -0.471679688 0.339355469
vn -0.813964844 -0.471679688 0.339355469
vn -0.813964844 -0.471679688 0.339355469
vn -0.957519531 -0.127807617 0.258056641
vn -0.957519531 -0.127807617 0.258056641
vn -0.957519531 -0.127807617 0.258056641
vn -0.96875 -0.232055664 0.0870361328
vn -0.96875 -0.232055664 0.0870361328
vn -0.96875 -0.232055664 0.0870361328
vn -0.961914062 -0.0407104492 0.269775391
vn -0.961914062 -0.0407104492 0.269775391
vn -0.961914062 -0.0407104492 0.269775391
vn -0.912597656 -0.345947266 0.218139648
vn -0.912597656 -0.345947266 0.218139648
vn -0.912597656 -0.345947266 0.218139648
vn -0.881835938 0.455810547 -0.119995117
vn -0.881835938 0.455810547 -0.119995117
vn -0.881835938 0.455810547 -0.119995117
vn -0.762207031 0.348388672 -0.545410156
vn -0.762207031 0.348388672 -0.545410156
vn -0.762207031 0.348388672 -0.545410156
vn -0.567871094 0.6484375 -0.507324219
vn -0.567871094 0.6484375 -0.507324219
vn -0.567871094 0.6484375 -0.507324219
vn -0.671386719 0.611816406 -0.41796875
vn -0.671386719 0.611816406 -0.41796875
vn -0.671386719 0.611816406 -0.41796875
vn -0.895019531 0.311035156 -0.319091797
vn -0.895019531 0.311035156 -0.319091797
vn -0.897460938 0.290283203 -0.332763672
vn -0.911132812 0.263916016 -0.316894531
vn -0.911132812 0.263916016 -0.316894531
vn -0.911132812 0.263916016 -0.316894531
vn -0.840332031 0.508300781 -0.188476562
vn -0.840332031 0.508300781 -0.188476562
vn -0.840332031 0.508300781 -0.188476562
vn -0.831054688 -0.401855469 0.384277344
vn -0.831054688 -0.401855469 0.384277344
vn -0.831054688 -0.401855469 0.384277344
vn -0.856445312 -0.323486328 0.401855469
vn -0.856445312 -0.323486328 0.401855469
vn -0.856445312 -0.323486328 0.401855469
vn -0.845214844 -0.271972656 0.459716797
vn -0.845214844 -0.271972656 0.459716797
vn -0.845214844 -0.271972656 0.459716797
vn -0.947265625 -0.0654907227 0.314208984
vn -0.947265625 -0.0654907227 0.314208984
vn -0.947265625 -0.0654907227 0.314208984
vn -0.914550781 -0.061706543 0.399902344
vn -0.914550781 -0.061706543 0.399902344
vn -0.914550781 -0.061706543 0.399902344
vn -0.828613281 -0.34765625 0.438476562
vn -0.828613281 -0.34765625 0.438476562
vn -0.828613281 -0.34765625 0.438476562
vn -0.942871094 -0.0170440674 0.33203125
vn -0.942871094 -0.0170440674 0.33203125
vn -0.942871094 -0.0170440674 0.33203125
vn -0.973144531 -0.143798828 0.180419922
vn -0.973144531 -0.143798828 0.180419922
vn -0.973144531 -0.143798828 0.180419922
vn -0.94140625 0.0709838867 0.329345703
vn -0.94140625 0.0709838867 0.329345703
vn -0.94140625 0.0709838867 0.329345703
vn -0.9140625 -0.241577148 0.325683594
vn -0.9140625 -0.241577148 0.325683594
vn -0.9140625 -0.241577148 0.325683594
vn -0.856933594 0.497802734 -0.134399414
vn -0.856933594 0.497802734 -0.134399414
vn -0.856933594 0.497802734 -0.134399414
vn -0.776855469 0.318603516 -0.54296875
vn -0.776855469 0.318603516 -0.54296875
vn -0.776855469 0.318603516 -0.54296875
vn -0.579589844 0.604003906 -0.546875
vn -0.579589844 0.604003906 -0.546875
vn -0.579589844 0.604003906 -0.546875
vn -0.654296875 0.587890625 -0.476074219
vn -0.654296875 0.587890625 -0.476074219
vn -0.654296875 0.587890625 -0.476074219
vn -0.776855469 0.541503906 -0.321044922
vn -0.776855469 0.541503906 -0.321044922
vn -0.776855469 0.541503906 -0.321044922
vn -0.8515625 -0.0243988037 0.523925781
vn -0.8515625 -0.0243988037 0.523925781
vn -0.8515625 -0.0243988037 0.523925781
vn -0.935546875 0.149047852 0.320068359
vn -0.935546875 0.149047852 0.320068359
vn -0.935546875 0.149047852 0.320068359
vn -0.903808594 0.168212891 0.393554688
vn -0.903808594 0.168212891 0.393554688
vn -0.903808594 0.168212891 0.393554688
vn -0.924804688 0.197753906 0.325683594
vn -0.924804688 0.197753906 0.325683594
vn -0.924804688 0.197753906 0.325683594
vn -0.975585938 0.0394592285 0.216552734
vn -0.975585938 0.0394592285 0.216552734
vn -0.975585938 0.0394592285 0.216552734
vn -0.913085938 0.280029297 0.296142578
vn -0.913085938 0.280029297 0.296142578
vn -0.913085938 0.280029297 0.296142578
vn -0.921386719 -0.0211029053 0.387695312
vn -0.921386719 -0.0211029053 0.387695312
vn -0.921386719 -0.0211029053 0.387695312
vn -0.79296875 0.546875 -0.268554688
vn -0.79296875 0.546875 -0.268554688
vn -0.79296875 0.546875 -0.268554688
vn -0.756347656 0.250488281 -0.604492188
vn -0.756347656 0.250488281 -0.604492188
vn -0.756347656 0.250488281 -0.604492188
vn -0.795898438 -0.330322266 0.507324219
vn -0.795898438 -0.330322266 0.507324219
vn -0.795898438 -0.330322266 0.507324219
vn -0.0801391602 0.868164062 -0.489501953
vn -0.0801391602 0.868164062 -0.489501953
vn -0.0801391602 0.868164062 -0.489501953
vn -0.813964844 -0.437255859 0.383056641
vn -0.813964844 -0.437255859 0.383056641
vn -0.813964844 -0.437255859 0.383056641
vn -0.472167969 0.871582031 -0.1328125
vn -0.472167969 0.871582031 -0.1328125
vn -0.472167969 0.871582031 -0.1328125
vn -0.908691406 -0.337890625 0.244873047
vn -0.908691406 -0.337890625 0.244873047
vn -0.908691406 -0.337890625 0.244873047
vn -0.686523438 0.7265625 0.0227203369
vn -0.686523438 0.7265625 0.0227203369
vn -0.686523438 0.7265625 0.0227203369
vn 0.358398438 -0.516113281 0.778320312
vn 0.461181641 -0.513671875 0.723632812
vn 0.496582031 -0.520019531 0.694824219
vn -0.891601562 0.42578125 0.153564453
vn -0.891601562 0.42578125 0.153564453
vn -0.774902344 0.159057617 0.611816406
vn 0.0184936523 -0.345947266 0.937988281
vn 0.454345703 0.328125 0.828125
vn 0.197875977 -0.101379395 0.975097656
vn -0.428955078 0.325439453 0.842773438
vn -0.428955078 0.325439453 0.842773438
vn -0.428955078 0.325439453 0.842773438
vn -0.892089844 -0.426513672 -0.149169922
vn -0.892089844 -0.426513672 -0.149169922
vn -0.950195312 -0.220336914 -0.219604492
vn -0.892089844 -0.426513672 -0.149169922
vn -0.892089844 -0.426513672 -0.149169922
vn -0.950195312 -0.220336914 -0.219604492
vn -0.874023438 -0.462158203 -0.149291992
vn -0.874511719 -0.461914062 -0.147216797
vn -0.865722656 -0.466552734 -0.181030273
vn -0.865722656 -0.466552734 -0.181030273
vn -0.865722656 -0.466552734 -0.181030273
vn -0.865722656 -0.466552734 -0.181030273
vn -0.928222656 -0.362304688 0.0870361328
vn -0.865722656 -0.466552734 -0.181030273
vn -0.865722656 -0.466552734 -0.181030273
vn -0.865722656 -0.466552734 -0.181030273
vn -0.865722656 -0.466552734 -0.181030273
vn -0.874511719 -0.461914062 -0.147216797
vn -0.958007812 -0.279785156 0.0616455078
vn -0.859375 -0.487548828 -0.153808594
vn -0.859375 -0.487548828 -0.153808594
vn -0.625488281 -0.573730469 -0.528808594
vn -0.854980469 -0.366455078 -0.366943359
vn -0.786132812 -0.467773438 -0.404052734
vn -0.197875977 -0.101379395 0.975097656
vn -0.589355469 0.676757812 0.440917969
vn -0.454345703 0.328125 0.828125
vn -0.618652344 0.779785156 -0.096496582
vn -0.618652344 0.779785156 -0.096496582
vn -0.618652344 0.779785156 -0.096496582
vn -0.787109375 0.563964844 -0.25
vn -0.787109375 0.563964844 -0.25
vn -0.787109375 0.563964844 -0.25
vn -0.855957031 0.430908203 -0.285644531
vn -0.855957031 0.430908203 -0.285644531
vn -0.855957031 0.430908203 -0.285644531
vn -0.61328125 0.661132812 -0.431640625
vn -0.61328125 0.661132812 -0.431640625
vn -0.61328125 0.661132812 -0.431640625
vn -0.852539062 0.387451172 -0.350341797
vn -0.852539062 0.387451172 -0.350341797
vn -0.852539062 0.387451172 -0.350341797
vn -0.954101562 0.181030273 -0.23828125
vn -0.954101562 0.181030273 -0.23828125
vn -0.954101562 0.181030273 -0.23828125
vn -0.920410156 0.182739258 -0.345214844
vn -0.920410156 0.182739258 -0.345214844
vn -0.920410156 0.182739258 -0.345214844
vn -0.787597656 0.480957031 -0.384765625
vn -0.787597656 0.480957031 -0.384765625
vn -0.787597656 0.480957031 -0.384765625
vn -0.956542969 0.130004883 -0.260253906
vn -0.956542969 0.130004883 -0.260253906
vn -0.956542969 0.130004883 -0.260253906
vn -0.967773438 0.235717773 -0.0877075195
vn -0.967773438 0.235717773 -0.0877075195
vn -0.967773438 0.235717773 -0.0877075195
vn -0.959960938 0.0437927246 -0.276123047
vn -0.959960938 0.0437927246 -0.276123047
vn -0.959960938 0.0437927246 -0.276123047
vn -0.942871094 0.232421875 -0.239135742
vn -0.942871094 0.232421875 -0.239135742
vn -0.942871094 0.232421875 -0.239135742
vn -0.759765625 -0.349609375 0.548339844
vn -0.759765625 -0.349609375 0.548339844
vn -0.759765625 -0.349609375 0.548339844
vn -0.244628906 -0.926269531 0.285888672
vn -0.244628906 -0.926269531 0.285888672
vn -0.244628906 -0.926269531 0.285888672
vn -0.612304688 -0.640136719 0.464599609
vn -0.612304688 -0.640136719 0.464599609
vn -0.612304688 -0.640136719 0.464599609
vn -0.363769531 -0.810546875 0.459228516
vn -0.363769531 -0.810546875 0.459228516
vn -0.363769531 -0.810546875 0.459228516
vn -0.681640625 -0.625488281 0.379882812
vn -0.681640625 -0.625488281 0.379882812
vn -0.681640625 -0.625488281 0.379882812
vn -0.895996094 -0.324951172 0.303222656
vn -0.895996094 -0.324951172 0.303222656
vn -0.899902344 -0.287597656 0.327392578
vn -0.912109375 -0.262695312 0.314453125
vn -0.912109375 -0.262695312 0.314453125
vn -0.912109375 -0.262695312 0.314453125
vn -0.844238281 -0.499755859 0.193115234
vn -0.844238281 -0.499755859 0.193115234
vn -0.844238281 -0.499755859 0.193115234
vn -0.657714844 0.716796875 -0.231567383
vn -0.657714844 0.716796875 -0.231567383
vn -0.657714844 0.716796875 -0.231567383
vn -0.801269531 0.461425781 -0.380859375
vn -0.801269531 0.461425781 -0.380859375
vn -0.801269531 0.461425781 -0.380859375
vn -0.858886719 0.319824219 -0.400146484
vn -0.858886719 0.319824219 -0.400146484
vn -0.858886719 0.319824219 -0.400146484
vn -0.621582031 0.543457031 -0.564453125
vn -0.621582031 0.543457031 -0.564453125
vn -0.621582031 0.543457031 -0.564453125
vn -0.848144531 0.267822266 -0.45703125
vn -0.848144531 0.267822266 -0.45703125
vn -0.848144531 0.267822266 -0.45703125
vn -0.944335938 0.0733032227 -0.321289062
vn -0.944335938 0.0733032227 -0.321289062
vn -0.944335938 0.0733032227 -0.321289062
vn -0.903320312 0.0615234375 -0.425048828
vn -0.903320312 0.0615234375 -0.425048828
vn -0.903320312 0.0615234375 -0.425048828
vn -0.787109375 0.359619141 -0.501464844
vn -0.787109375 0.359619141 -0.501464844
vn -0.787109375 0.359619141 -0.501464844
vn -0.941894531 0.0194702148 -0.335449219
vn -0.941894531 0.0194702148 -0.335449219
vn -0.941894531 0.0194702148 -0.335449219
vn -0.972167969 0.1484375 -0.181884766
vn -0.972167969 0.1484375 -0.181884766
vn -0.972167969 0.1484375 -0.181884766
vn -0.938476562 -0.0681152344 -0.337890625
vn -0.938476562 -0.0681152344 -0.337890625
vn -0.938476562 -0.0681152344 -0.337890625
vn -0.916503906 0.243286133 -0.317626953
vn -0.916503906 0.243286133 -0.317626953
vn -0.916503906 0.243286133 -0.317626953
vn -0.860351562 -0.492431641 0.131347656
vn -0.860351562 -0.492431641 0.131347656
vn -0.860351562 -0.492431641 0.131347656
vn -0.7734375 -0.319580078 0.547363281
vn -0.7734375 -0.319580078 0.547363281
vn -0.7734375 -0.319580078 0.547363281
vn -0.226806641 -0.873046875 0.431640625
vn -0.226806641 -0.873046875 0.431640625
vn -0.226806641 -0.873046875 0.431640625
vn -0.602050781 -0.607421875 0.518066406
vn -0.602050781 -0.607421875 0.518066406
vn -0.602050781 -0.607421875 0.518066406
vn -0.34375 -0.758300781 0.554199219
vn -0.34375 -0.758300781 0.554199219
vn -0.34375 -0.758300781 0.554199219
vn -0.666015625 -0.610839844 0.428222656
vn -0.666015625 -0.610839844 0.428222656
vn -0.666015625 -0.610839844 0.428222656
vn -0.893066406 -0.341308594 0.293701172
vn -0.893066406 -0.341308594 0.293701172
vn -0.901367188 -0.301269531 0.311523438
vn -0.9140625 -0.279541016 0.294189453
vn -0.9140625 -0.279541016 0.294189453
vn -0.9140625 -0.279541016 0.294189453
vn -0.784667969 -0.528808594 0.323242188
vn -0.784667969 -0.528808594 0.323242188
vn -0.784667969 -0.528808594 0.323242188
vn -0.730957031 0.5546875 -0.397216797
vn -0.730957031 0.5546875 -0.397216797
vn -0.730957031 0.5546875 -0.397216797
vn -0.835449219 0.230102539 -0.499267578
vn -0.835449219 0.230102539 -0.499267578
vn -0.835449219 0.230102539 -0.499267578
vn -0.874511719 0.0826416016 -0.478027344
vn -0.874511719 0.0826416016 -0.478027344
vn -0.874511719 0.0826416016 -0.478027344
vn -0.659667969 0.279541016 -0.697753906
vn -0.659667969 0.279541016 -0.697753906
vn -0.659667969 0.279541016 -0.697753906
vn -0.85546875 0.0185394287 -0.517578125
vn -0.85546875 0.0185394287 -0.517578125
vn -0.85546875 0.0185394287 -0.517578125
vn -0.932617188 -0.140625 -0.332763672
vn -0.932617188 -0.140625 -0.332763672
vn -0.932617188 -0.140625 -0.332763672
vn -0.886230469 -0.17565918 -0.428710938
vn -0.886230469 -0.17565918 -0.428710938
vn -0.886230469 -0.17565918 -0.428710938
vn -0.804199219 0.101257324 -0.5859375
vn -0.804199219 0.101257324 -0.5859375
vn -0.804199219 0.101257324 -0.5859375
vn -0.923339844 -0.195556641 -0.331054688
vn -0.923339844 -0.195556641 -0.331054688
vn -0.923339844 -0.195556641 -0.331054688
vn -0.974609375 -0.0335998535 -0.220581055
vn -0.974609375 -0.0335998535 -0.220581055
vn -0.974609375 -0.0335998535 -0.220581055
vn -0.909179688 -0.279052734 -0.30859375
vn -0.909179688 -0.279052734 -0.30859375
vn -0.909179688 -0.279052734 -0.30859375
vn -0.92578125 0.0255889893 -0.377197266
vn -0.92578125 0.0255889893 -0.377197266
vn -0.92578125 0.0255889893 -0.377197266
vn -0.798828125 -0.541015625 0.261962891
vn -0.798828125 -0.541015625 0.261962891
vn -0.798828125 -0.541015625 0.261962891
vn -0.750488281 -0.248901367 0.612304688
vn -0.750488281 -0.248901367 0.612304688
vn -0.750488281 -0.248901367 0.612304688
vn -0.182373047 -0.698730469 0.691894531
vn -0.182373047 -0.698730469 0.691894531
vn -0.182373047 -0.698730469 0.691894531
vn -0.544433594 -0.509277344 0.666503906
vn -0.544433594 -0.509277344 0.666503906
vn -0.544433594 -0.509277344 0.666503906
vn -0.271484375 -0.609375 0.744628906
vn -0.271484375 -0.609375 0.744628906
vn -0.271484375 -0.609375 0.744628906
vn -0.604003906 -0.545898438 0.581054688
vn -0.604003906 -0.545898438 0.581054688
vn -0.604003906 -0.545898438 0.581054688
vn -0.855957031 -0.356201172 0.374755859
vn -0.855957031 -0.356201172 0.374755859
vn -0.870117188 -0.313964844 0.380371094
vn -0.884277344 -0.299804688 0.357666016
vn -0.884277344 -0.299804688 0.357666016
vn -0.884277344 -0.299804688 0.357666016
vn 0.862792969 0.475341797 -0.172241211
vn 0.862792969 0.475341797 -0.172241211
vn 0.862792969 0.475341797 -0.172241211
vn 0.80859375 -0.531738281 0.251953125
vn 0.80859375 -0.531738281 0.251953125
vn 0.80859375 -0.531738281 0.251953125
vn 0.854492188 -0.43359375 0.286621094
vn 0.854492188 -0.43359375 0.286621094
vn 0.854492188 -0.43359375 0.286621094
vn 0.850585938 -0.390625 0.352050781
vn 0.850585938 -0.390625 0.352050781
vn 0.850585938 -0.390625 0.352050781
vn 0.956542969 -0.174438477 0.233520508
vn 0.956542969 -0.174438477 0.233520508
vn 0.956542969 -0.174438477 0.233520508
vn 0.928222656 -0.180786133 0.325927734
vn 0.928222656 -0.180786133 0.325927734
vn 0.928222656 -0.180786133 0.325927734
vn 0.813964844 -0.471679688 0.339355469
vn 0.813964844 -0.471679688 0.339355469
vn 0.813964844 -0.471679688 0.339355469
vn 0.957519531 -0.127807617 0.258056641
vn 0.957519531 -0.127807617 0.258056641
vn 0.957519531 -0.127807617 0.258056641
vn 0.96875 -0.232055664 0.0870361328
vn 0.96875 -0.232055664 0.0870361328
vn 0.96875 -0.232055664 0.0870361328
vn 0.961914062 -0.0407104492 0.269775391
vn 0.961914062 -0.0407104492 0.269775391
vn 0.961914062 -0.0407104492 0.269775391
vn 0.912597656 -0.345947266 0.218139648
vn 0.912597656 -0.345947266 0.218139648
vn 0.912597656 -0.345947266 0.218139648
vn 0.881835938 0.455810547 -0.119995117
vn 0.881835938 0.455810547 -0.119995117
vn 0.881835938 0.455810547 -0.119995117
vn 0.762207031 0.348388672 -0.545410156
vn 0.762207031 0.348388672 -0.545410156
vn 0.762207031 0.348388672 -0.545410156
vn 0.567871094 0.6484375 -0.507324219
vn 0.567871094 0.6484375 -0.507324219
vn 0.567871094 0.6484375 -0.507324219
vn 0.671386719 0.611816406 -0.41796875
vn 0.671386719 0.611816406 -0.41796875
vn 0.671386719 0.611816406 -0.41796875
vn 0.895019531 0.311035156 -0.319091797
vn 0.897460938 0.290283203 -0.332763672
vn 0.895019531 0.311035156 -0.319091797
vn 0.911132812 0.263916016 -0.316894531
vn 0.911132812 0.263916016 -0.316894531
vn 0.911132812 0.263916016 -0.316894531
vn 0.840332031 0.508300781 -0.188476562
vn 0.840332031 0.508300781 -0.188476562
vn 0.840332031 0.508300781 -0.188476562
vn 0.831054688 -0.401855469 0.384277344
vn 0.831054688 -0.401855469 0.384277344
vn 0.831054688 -0.401855469 0.384277344
vn 0.856445312 -0.323486328 0.401855469
vn 0.856445312 -0.323486328 0.401855469
vn 0.856445312 -0.323486328 0.401855469
vn 0.845214844 -0.271972656 0.459716797
vn 0.845214844 -0.271972656 0.459716797
vn 0.845214844 -0.271972656 0.459716797
vn 0.947265625 -0.0654907227 0.314208984
vn 0.947265625 -0.0654907227 0.314208984
vn 0.947265625 -0.0654907227 0.314208984
vn 0.914550781 -0.061706543 0.399902344
vn 0.914550781 -0.061706543 0.399902344
vn 0.914550781 -0.061706543 0.399902344
vn 0.828613281 -0.34765625 0.438476562
vn 0.828613281 -0.34765625 0.438476562
vn 0.828613281 -0.34765625 0.438476562
vn 0.942871094 -0.0170440674 0.33203125
vn 0.942871094 -0.0170440674 0.33203125
vn 0.942871094 -0.0170440674 0.33203125
vn 0.973144531 -0.143798828 0.180419922
vn 0.973144531 -0.143798828 0.180419922
vn 0.973144531 -0.143798828 0.180419922
vn 0.94140625 0.0709838867 0.329345703
vn 0.94140625 0.0709838867 0.329345703
vn 0.94140625 0.0709838867 0.329345703
vn 0.9140625 -0.241577148 0.325683594
vn 0.9140625 -0.241577148 0.325683594
vn 0.9140625 -0.241577148 0.325683594
vn 0.856933594 0.497802734 -0.134399414
vn 0.856933594 0.497802734 -0.134399414
vn 0.856933594 0.497802734 -0.134399414
vn 0.776855469 0.318603516 -0.54296875
vn 0.776855469 0.318603516 -0.54296875
vn 0.776855469 0.318603516 -0.54296875
vn 0.579589844 0.604003906 -0.546875
vn 0.579589844 0.604003906 -0.546875
vn 0.579589844 0.604003906 -0.546875
vn 0.654296875 0.587890625 -0.476074219
vn 0.654296875 0.587890625 -0.476074219
vn 0.654296875 0.587890625 -0.476074219
vn 0.776855469 0.541503906 -0.321044922
vn 0.776855469 0.541503906 -0.321044922
vn 0.776855469 0.541503906 -0.321044922
vn 0.8515625 -0.0243988037 0.523925781
vn 0.8515625 -0.0243988037 0.523925781
vn 0.8515625 -0.0243988037 0.523925781
vn 0.935546875 0.149047852 0.320068359
vn 0.935546875 0.149047852 0.320068359
vn 0.935546875 0.149047852 0.320068359
vn 0.903808594 0.168212891 0.393554688
vn 0.903808594 0.168212891 0.393554688
vn 0.903808594 0.168212891 0.393554688
vn 0.924804688 0.197753906 0.325683594
vn 0.924804688 0.197753906 0.325683594
vn 0.924804688 0.197753906 0.325683594
vn 0.975585938 0.0394592285 0.216552734
vn 0.975585938 0.0394592285 0.216552734
vn 0.975585938 0.0394592285 0.216552734
vn 0.913085938 0.280029297 0.296142578
vn 0.913085938 0.280029297 0.296142578
vn 0.913085938 0.280029297 0.296142578
vn 0.921386719 -0.0211029053 0.387695312
vn 0.921386719 -0.0211029053 0.387695312
vn 0.921386719 -0.0211029053 0.387695312
vn 0.79296875 0.546875 -0.268554688
vn 0.79296875 0.546875 -0.268554688
vn 0.79296875 0.546875 -0.268554688
vn 0.756347656 0.250488281 -0.604492188
vn 0.756347656 0.250488281 -0.604492188
vn 0.756347656 0.250488281 -0.604492188
vn 0.795898438 -0.330322266 0.507324219
vn 0.795898438 -0.330322266 0.507324219
vn 0.795898438 -0.330322266 0.507324219
vn 0.0801391602 0.868164062 -0.489501953
vn 0.0801391602 0.868164062 -0.489501953
vn 0.0801391602 0.868164062 -0.489501953
vn 0.813964844 -0.437255859 0.383056641
vn 0.813964844 -0.437255859 0.383056641
vn 0.813964844 -0.437255859 0.383056641
vn 0.472167969 0.871582031 -0.1328125
vn 0.472167969 0.871582031 -0.1328125
vn 0.472167969 0.871582031 -0.1328125
vn 0.908691406 -0.337890625 0.244873047
vn 0.908691406 -0.337890625 0.244873047
vn 0.908691406 -0.337890625 0.244873047
vn 0.686523438 0.7265625 0.0227203369
vn 0.686523438 0.7265625 0.0227203369
vn 0.686523438 0.7265625 0.0227203369
vn -0.358398438 -0.516113281 0.778320312
vn -0.496582031 -0.520019531 0.694824219
vn -0.461181641 -0.513671875 0.723632812
vn 0.774902344 0.159057617 0.611816406
vn 0.891601562 0.42578125 0.153564453
vn 0.891601562 0.42578125 0.153564453
vn -0.0184936523 -0.345947266 0.937988281
vn -0.197875977 -0.101379395 0.975097656
vn -0.454345703 0.328125 0.828125
vn 0.428955078 0.325439453 0.842773438
vn 0.428955078 0.325439453 0.842773438
vn 0.428955078 0.325439453 0.842773438
vn 0.893066406 -0.419189453 -0.164306641
vn 0.890136719 -0.413085938 -0.192749023
vn 0.888183594 -0.409179688 -0.209228516
vn 0.860839844 -0.463378906 -0.209594727
vn 0.887695312 -0.408691406 -0.211547852
vn 0.887695312 -0.408691406 -0.211547852
vn 0.890136719 -0.416015625 -0.186279297
vn 0.890625 -0.419433594 -0.174438477
vn 0.892089844 -0.426513672 -0.149169922
vn 0.892089844 -0.426513672 -0.149169922
vn 0.892089844 -0.426513672 -0.149169922
vn 0.892089844 -0.426513672 -0.149169922
vn 0.892089844 -0.426513672 -0.149169922
vn 0.892089844 -0.426513672 -0.149169922
vn 0.950195312 -0.220336914 -0.219604492
vn 0.892089844 -0.426513672 -0.149169922
vn 0.892089844 -0.426513672 -0.149169922
vn 0.86328125 -0.458740234 -0.209716797
vn 0.887695312 -0.408691406 -0.211547852
vn 0.833984375 -0.511230469 -0.20715332
vn 0.833984375 -0.511230469 -0.20715332
vn 0.883300781 -0.451660156 -0.126098633
vn 0.833984375 -0.511230469 -0.20715332
vn 0.833984375 -0.511230469 -0.20715332
vn 0.833984375 -0.511230469 -0.20715332
vn 0.860351562 -0.464355469 -0.209472656
vn 0.863769531 -0.458496094 -0.209716797
vn 0.833984375 -0.511230469 -0.20715332
vn 0.887695312 -0.408691406 -0.211547852
vn 0.887695312 -0.408691406 -0.211547852
vn 0.887695312 -0.408691406 -0.211547852
vn 0.887695312 -0.408691406 -0.211547852
vn 0.887695312 -0.408691406 -0.211547852
vn 0.887695312 -0.408691406 -0.211547852
vn 0.892089844 -0.424804688 -0.155029297
vn 0.887695312 -0.408691406 -0.211547852
vn 0.890625 -0.419189453 -0.175048828
vn 0.892089844 -0.426513672 -0.149169922
vn 0.892089844 -0.426513672 -0.149169922
vn 0.950195312 -0.220336914 -0.219604492
vn 0.892089844 -0.426513672 -0.149169922
vn 0.892089844 -0.426513672 -0.149169922
vn 0.722167969 -0.631347656 -0.283203125
vn 0.647949219 -0.280761719 -0.708007812
vn 0.890136719 -0.416259766 -0.185668945
vn 0.728027344 -0.627441406 -0.275390625
vn 0.887695312 -0.408691406 -0.211547852
vn 0.508300781 -0.800292969 -0.318115234
vn 0.523925781 -0.780273438 -0.341552734
vn 0.458740234 -0.37890625 -0.803710938
vn 0.508300781 -0.800292969 -0.318115234
vn 0.745117188 -0.620117188 -0.245727539
vn 0.467041016 -0.865234375 -0.182250977
vn 0.707519531 -0.6484375 -0.281005859
vn 0.695800781 -0.696777344 -0.175292969
vn 0.860351562 -0.464355469 -0.209472656
vn 0.887695312 -0.408691406 -0.211547852
vn 0.884765625 -0.451171875 -0.116577148
vn 0.862792969 -0.459716797 -0.209716797
vn 0.890625 -0.419189453 -0.175170898
vn 0.956054688 -0.283447266 -0.0718994141
vn 0.921386719 -0.388671875 0.00508880615
vn 0.892089844 -0.426513672 -0.149169922
vn 0.892089844 -0.426513672 -0.149169922
vn 0.950195312 -0.220336914 -0.219604492
vn 0.892089844 -0.426513672 -0.149169922
vn 0.956054688 -0.292724609 0.0268096924
vn 0.967285156 -0.223999023 -0.120849609
vn 0.961425781 -0.219970703 -0.165283203
vn 0.928222656 -0.362304688 0.0870361328
vn 0.970703125 -0.160644531 -0.178344727
vn 0.932617188 -0.180908203 -0.311767578
vn 0.865722656 -0.466552734 -0.181030273
vn 0.865722656 -0.466552734 -0.181030273
vn 0.865722656 -0.466552734 -0.181030273
vn 0.865722656 -0.466552734 -0.181030273
vn 0.865722656 -0.466552734 -0.181030273
vn 0.865722656 -0.466552734 -0.181030273
vn 0.865722656 -0.466552734 -0.181030273
vn 0.865722656 -0.466552734 -0.181030273
vn 0.865722656 -0.466552734 -0.181030273
vn 0.865722656 -0.466552734 -0.181030273
vn 0.865722656 -0.466552734 -0.181030273
vn 0.865722656 -0.466552734 -0.181030273
vn 0.865722656 -0.466552734 -0.181030273
vn 0.698242188 -0.369628906 -0.612792969
vn 0.874023438 -0.462158203 -0.149291992
vn 0.811035156 -0.565917969 -0.147338867
vn 0.68359375 -0.684082031 -0.254394531
vn 0.611328125 -0.789550781 -0.0487365723
vn 0.549316406 -0.350097656 -0.758789062
vn 0.634765625 -0.754882812 -0.165283203
vn 0.547851562 -0.8359375 0.0375061035
vn 0.621582031 -0.783203125 0.00167560577
vn 0.556640625 -0.830078125 -0.0390625
vn 0.439453125 -0.817382812 0.372802734
vn 0.651855469 -0.756835938 -0.041015625
vn 0.51953125 -0.846679688 -0.11706543
vn 0.958007812 -0.279785156 0.0616455078
vn 0.943847656 -0.276123047 -0.182617188
vn 0.927246094 -0.3515625 -0.129150391
vn 0.967285156 -0.237670898 -0.0885009766
vn 0.977539062 -0.192138672 -0.0880737305
vn 0.888671875 -0.440917969 -0.125976562
vn 0.877929688 -0.453369141 -0.153808594
vn 0.881835938 -0.461425781 -0.0983276367
vn 0.889648438 -0.407226562 -0.20690918
vn 0.8984375 -0.429931641 -0.0916137695
vn 0.879394531 -0.446044922 -0.165649414
vn 0.896484375 -0.411132812 -0.1640625
vn 0.873046875 -0.458984375 -0.1640625
vn 0.881835938 -0.461425781 -0.0983276367
vn 0.859863281 -0.47265625 -0.192871094
vn 0.859375 -0.487548828 -0.153808594
vn 0.859863281 -0.478759766 -0.177246094
vn 0.859375 -0.487548828 -0.153808594
vn 0.859863281 -0.474853516 -0.18762207
vn 0.870605469 -0.461914062 -0.169799805
vn 0.863769531 -0.461181641 -0.203369141
vn 0.881835938 -0.461425781 -0.0983276367
vn 0.881835938 -0.461425781 -0.0983276367
vn 0.881835938 -0.461425781 -0.0983276367
vn 0.881835938 -0.461425781 -0.0983276367
vn 0.879882812 -0.458496094 -0.125244141
vn 0.881835938 -0.461425781 -0.0983276367
vn 0.885742188 -0.407470703 -0.22277832
vn 0.888183594 -0.383056641 -0.253417969
vn 0.869140625 -0.465576172 -0.167724609
vn 0.881835938 -0.461425781 -0.0983276367
vn 0.891601562 -0.399902344 -0.212036133
vn 0.854980469 -0.366455078 -0.366943359
vn 0.786132812 -0.467773438 -0.404052734
vn 0.647460938 -0.671386719 -0.360107422
vn 0.833007812 -0.525878906 -0.170532227
vn 0.750488281 -0.632324219 -0.192626953
vn 0.650878906 -0.699707031 -0.293945312
vn 0.604003906 -0.772460938 -0.196044922
vn 0.640625 -0.766113281 -0.0560913086
vn 0.890625 -0.416259766 -0.182373047
vn 0.874511719 -0.395996094 -0.279541016
vn 0.881835938 -0.461425781 -0.0983276367
vn 0.881835938 -0.461425781 -0.0983276367
vn 0.874023438 -0.459228516 -0.159667969
vn 0.87109375 -0.458251953 -0.17578125
vn 0.859375 -0.453613281 -0.236206055
vn 0.859375 -0.453613281 -0.236206055
vn 0.860351562 -0.470458984 -0.196655273
vn 0.859375 -0.453613281 -0.236206055
vn 0.860351562 -0.472167969 -0.192504883
vn 0.859375 -0.453613281 -0.236206055
vn 0.859375 -0.487548828 -0.153808594
vn 0.708007812 -0.622558594 0.333251953
vn 0.859375 -0.487548828 -0.153808594
vn 0.776855469 -0.618164062 -0.120483398
vn 0.958007812 -0.279785156 0.0616455078
vn 0.711425781 -0.696289062 -0.0968017578
vn 0.706054688 -0.69921875 0.113647461
vn 0.935058594 0.0399475098 0.352050781
vn 0.71484375 -0.378662109 -0.587890625
vn 0.909179688 0.0892944336 -0.407226562
vn 0.697265625 -0.715332031 -0.0458374023
vn 0.612792969 -0.704589844 0.358154297
vn 0.685058594 -0.708496094 -0.169677734
vn 0.650878906 -0.699707031 -0.293945312
vn 0.627441406 -0.719726562 -0.297119141
vn 0.627441406 -0.719726562 -0.297119141
vn 0.625976562 -0.677734375 -0.385742188
vn 0.874023438 -0.462158203 -0.149291992
vn 0.874511719 -0.461914062 -0.147216797
vn 0.87890625 -0.459228516 -0.130249023
vn 0.876464844 -0.460693359 -0.139038086
vn 0.865722656 -0.466552734 -0.181030273
vn 0.865722656 -0.466552734 -0.181030273
vn 0.865722656 -0.466552734 -0.181030273
vn 0.865722656 -0.466552734 -0.181030273
vn 0.865722656 -0.466552734 -0.181030273
vn 0.865722656 -0.466552734 -0.181030273
vn 0.865722656 -0.466552734 -0.181030273
vn 0.865722656 -0.466552734 -0.181030273
vn 0.865722656 -0.466552734 -0.181030273
vn 0.87890625 -0.459228516 -0.130249023
vn 0.865722656 -0.466552734 -0.181030273
vn 0.876953125 -0.460449219 -0.137939453
vn 0.874023438 -0.462158203 -0.150024414
vn 0.874511719 -0.461914062 -0.14831543
vn 0.865722656 -0.466552734 -0.181030273
vn 0.865722656 -0.466552734 -0.181030273
vn 0.865722656 -0.466552734 -0.181030273
vn 0.865722656 -0.466552734 -0.181030273
vn 0.865722656 -0.466552734 -0.181030273
vn 0.865722656 -0.466552734 -0.181030273
vn 0.928222656 -0.362304688 0.0870361328
vn 0.678710938 -0.66796875 0.305175781
vn 0.651855469 -0.756835938 -0.041015625
vn 0.439453125 -0.817382812 0.372802734
vn 0.865722656 -0.466552734 -0.181030273
vn 0.865722656 -0.466552734 -0.181030273
vn 0.865722656 -0.466552734 -0.181030273
vn 0.620117188 -0.63671875 -0.458251953
vn 0.625976562 -0.677734375 -0.385742188
vn 0.650878906 -0.699707031 -0.293945312
vn 0.625488281 -0.573730469 -0.528808594
vn 0.620117188 -0.63671875 -0.458251953
vn 0.786132812 -0.467773438 -0.404052734
vn 0.647460938 -0.671386719 -0.360107422
vn 0.909179688 0.0892944336 -0.407226562
vn 0.935058594 0.0399475098 0.352050781
vn 0.932617188 -0.180908203 -0.311767578
vn 0.958007812 -0.279785156 0.0616455078
vn 0.904785156 -0.154663086 0.396972656
vn 0.694824219 -0.11517334 -0.709960938
vn 0.631347656 -0.464599609 -0.62109375
vn 0.685546875 -0.69140625 0.228271484
vn 0.928222656 -0.362304688 0.0870361328
vn 0.54296875 -0.604492188 -0.582519531
vn 0.678710938 -0.66796875 0.305175781
vn 0.493164062 -0.85546875 0.157836914
vn 0.439453125 -0.817382812 0.372802734
vn 0.706054688 -0.69921875 0.113647461
vn 0.58984375 -0.450927734 -0.669921875
vn 0.697265625 -0.715332031 -0.0458374023
vn 0.71484375 -0.378662109 -0.587890625
vn 0.549316406 -0.350097656 -0.758789062
vn 0.698242188 -0.369628906 -0.612792969
vn 0.909179688 0.0892944336 -0.407226562
vn 0.932617188 -0.180908203 -0.311767578
vn 0.694824219 -0.11517334 -0.709960938
vn 0.950195312 -0.220336914 -0.219604492
vn 0.647949219 -0.280761719 -0.708007812
vn 0.631347656 -0.464599609 -0.62109375
vn 0.458740234 -0.37890625 -0.803710938
vn 0.54296875 -0.604492188 -0.582519531
vn -1 0 0
vn -1 0 0
vn -1 0 0
vn -1 0 0
vn -1 0 0
vn -1 0 0
vn -1 0 0
vn -1 0 0
vn 0.893554688 -0.440917969 0.0864868164
vn 0.893554688 -0.440917969 0.0864868164
vn 0.893554688 -0.440917969 0.0864868164
vn 0.884277344 -0.451171875 0.118469238
vn 0.977050781 0.111206055 -0.181274414
vn 0.977050781 0.111206055 -0.181274414
vn 0.977050781 0.111206055 -0.181274414
vn 0.981933594 0.11730957 -0.149658203
vn 0.932128906 0.104553223 -0.346923828
vn 0.932128906 0.104553223 -0.346923828
vn 0.932128906 0.104553223 -0.346923828
vn 0.931640625 0.12310791 -0.342529297
vn 0.897460938 -0.355957031 0.260009766
vn 0.897460938 -0.355957031 0.260009766
vn 0.897460938 -0.355957031 0.260009766
vn 0.906738281 -0.354492188 0.228637695
vn 0.966796875 0.011100769 -0.255859375
vn 0.966796875 0.011100769 -0.255859375
vn 0.966796875 0.011100769 -0.255859375
vn 0.974121094 0.0214996338 -0.225830078
vn 0.909667969 -0.0166168213 -0.415283203
vn 0.909667969 -0.0166168213 -0.415283203
vn 0.909667969 -0.0166168213 -0.415283203
vn 0.91015625 0.00238800049 -0.413818359
vn 0.889648438 -0.378417969 0.255615234
vn 0.889648438 -0.378417969 0.255615234
vn 0.889648438 -0.378417969 0.255615234
vn 0.896484375 -0.382324219 0.223876953
vn 0.949707031 -0.184326172 -0.252441406
vn 0.949707031 -0.184326172 -0.252441406
vn 0.949707031 -0.184326172 -0.252441406
vn 0.959472656 -0.166870117 -0.22668457
vn 0.883300781 -0.248168945 -0.397460938
vn 0.883300781 -0.248168945 -0.397460938
vn 0.883300781 -0.248168945 -0.397460938
vn 0.88671875 -0.229736328 -0.401367188
vn 0.846679688 -0.401611328 0.348632812
vn 0.846679688 -0.401611328 0.348632812
vn 0.846679688 -0.401611328 0.348632812
vn 0.852050781 -0.415039062 0.319335938
vn 0.950195312 -0.220336914 -0.219604492
vn 0.904785156 -0.154663086 0.396972656
vn 0.928222656 -0.362304688 0.0870361328
vn 0.412353516 0.565917969 0.713867188
vn -0.978515625 -0.104675293 0.178344727
vn -0.978515625 -0.104675293 0.178344727
vn -0.978515625 -0.104675293 0.178344727
vn -0.983398438 -0.110900879 0.145141602
vn -0.934082031 -0.101745605 0.342041016
vn -0.934082031 -0.101745605 0.342041016
vn -0.934082031 -0.101745605 0.342041016
vn -0.933105469 -0.124816895 0.337402344
vn -0.895507812 0.359130859 -0.263427734
vn -0.895507812 0.359130859 -0.263427734
vn -0.895507812 0.359130859 -0.263427734
vn -0.905761719 0.356201172 -0.229858398
vn -0.968261719 -0.00333976746 0.250732422
vn -0.968261719 -0.00333976746 0.250732422
vn -0.968261719 -0.00333976746 0.250732422
vn -0.975585938 -0.0140686035 0.218994141
vn -0.912597656 0.01953125 0.408691406
vn -0.912597656 0.01953125 0.408691406
vn -0.912597656 0.01953125 0.408691406
vn -0.913085938 -0.00526809692 0.407714844
vn -0.88671875 0.381591797 -0.260986328
vn -0.88671875 0.381591797 -0.260986328
vn -0.88671875 0.381591797 -0.260986328
vn -0.895019531 0.384277344 -0.225952148
vn -0.912597656 0.280517578 -0.297607422
vn -0.912597656 0.280517578 -0.297607422
vn -0.912597656 0.280517578 -0.297607422
vn -0.897949219 0.303466797 -0.319091797
vn -0.89453125 0.321044922 -0.311279297
vn -0.950683594 0.192871094 0.242675781
vn -0.950683594 0.192871094 0.242675781
vn -0.950683594 0.192871094 0.242675781
vn -0.9609375 0.174438477 0.21472168
vn -0.880859375 -0.0637817383 0.46875
vn -0.880859375 -0.0637817383 0.46875
vn -0.880859375 -0.0637817383 0.46875
vn -0.871582031 -0.0881347656 0.482666016
vn -0.871582031 -0.0881347656 0.482666016
vn -0.887207031 0.25 0.387207031
vn -0.887207031 0.25 0.387207031
vn -0.887207031 0.25 0.387207031
vn -0.891113281 0.224243164 0.394042969
vn -0.842285156 0.403564453 -0.357421875
vn -0.842285156 0.403564453 -0.357421875
vn -0.842285156 0.403564453 -0.357421875
vn -0.849609375 0.416748047 -0.322998047
vn -0.882324219 0.299560547 -0.362792969
vn -0.882324219 0.299560547 -0.362792969
vn -0.882324219 0.299560547 -0.362792969
vn -0.864746094 0.313476562 -0.392333984
vn -0.861816406 0.322998047 -0.390869141
vn -0.607421875 0.499511719 -0.617675781
vn -0.607421875 0.499511719 -0.617675781
vn -0.607421875 0.499511719 -0.617675781
vn -0.579589844 0.498535156 -0.64453125
vn -0.269042969 -0.857910156 -0.437744141
vn -0.269042969 -0.857910156 -0.437744141
vn -0.269042969 -0.857910156 -0.437744141
vn -0.269042969 -0.857910156 -0.437744141
vn -0.157714844 -0.0810546875 -0.984375
vn -0.157714844 -0.0810546875 -0.984375
vn -0.157714844 -0.0810546875 -0.984375
vn -0.157714844 -0.0810546875 -0.984375
vn -0.222900391 -0.778808594 -0.586425781
vn -0.222900391 -0.778808594 -0.586425781
vn -0.222900391 -0.778808594 -0.586425781
vn -0.222900391 -0.778808594 -0.586425781
vn -0.562011719 -0.520507812 0.642578125
vn -0.562011719 -0.520507812 0.642578125
vn -0.562011719 -0.520507812 0.642578125
vn -0.562011719 -0.520507812 0.642578125
vn -0.438964844 -0.201293945 0.875488281
vn -0.438964844 -0.201293945 0.875488281
vn -0.438964844 -0.201293945 0.875488281
vn -0.438964844 -0.201293945 0.875488281
vn -0.493652344 -0.744628906 0.449462891
vn -0.493652344 -0.744628906 0.449462891
vn -0.493652344 -0.744628906 0.449462891
vn -0.493652344 -0.744628906 0.449462891
vn -0.418457031 0.0848388672 0.904296875
vn -0.418457031 0.0848388672 0.904296875
vn -0.418457031 0.0848388672 0.904296875
vn -0.418457031 0.0848388672 0.904296875
vn -0.413574219 -0.492675781 0.765625
vn -0.413574219 -0.492675781 0.765625
vn -0.413574219 -0.492675781 0.765625
vn -0.413574219 -0.492675781 0.765625
vn -0.464355469 -0.833496094 0.298828125
vn -0.464355469 -0.833496094 0.298828125
vn -0.464355469 -0.833496094 0.298828125
vn -0.464355469 -0.833496094 0.298828125
vn -0.549316406 0.16809082 0.818359375
vn -0.549316406 0.16809082 0.818359375
vn -0.549316406 0.16809082 0.818359375
vn -0.549316406 0.16809082 0.818359375
vn -0.430419922 -0.230712891 0.872558594
vn -0.430419922 -0.230712891 0.872558594
vn -0.430419922 -0.230712891 0.872558594
vn -0.430419922 -0.230712891 0.872558594
vn -0.422363281 -0.62890625 0.652832031
vn -0.422363281 -0.62890625 0.652832031
vn -0.422363281 -0.62890625 0.652832031
vn -0.422363281 -0.62890625 0.652832031
vn -0.747070312 -0.0888671875 0.658691406
vn -0.747070312 -0.0888671875 0.658691406
vn -0.747070312 -0.0888671875 0.658691406
vn -0.747070312 -0.0888671875 0.658691406
vn -0.570800781 -0.143066406 0.80859375
vn -0.570800781 -0.143066406 0.80859375
vn -0.570800781 -0.143066406 0.80859375
vn -0.570800781 -0.143066406 0.80859375
vn -0.465576172 -0.390380859 0.794433594
vn -0.465576172 -0.390380859 0.794433594
vn -0.465576172 -0.390380859 0.794433594
vn -0.465576172 -0.390380859 0.794433594
vn -0.775390625 -0.314453125 0.547851562
vn -0.775390625 -0.314453125 0.547851562
vn -0.775390625 -0.314453125 0.547851562
vn -0.775390625 -0.314453125 0.547851562
vn -0.607910156 -0.303222656 0.733886719
vn -0.607910156 -0.303222656 0.733886719
vn -0.607910156 -0.303222656 0.733886719
vn -0.607910156 -0.303222656 0.733886719
vn -0.840820312 -0.369384766 0.395019531
vn -0.840820312 -0.369384766 0.395019531
vn -0.840820312 -0.369384766 0.395019531
vn -0.840820312 -0.369384766 0.395019531
vn -0.364990234 0.686035156 -0.629394531
vn -0.364990234 0.686035156 -0.629394531
vn -0.364990234 0.686035156 -0.629394531
vn -0.364990234 0.686035156 -0.629394531
vn -0.441162109 0.636230469 -0.6328125
vn -0.441162109 0.636230469 -0.6328125
vn -0.441162109 0.636230469 -0.6328125
vn -0.441162109 0.636230469 -0.6328125
vn -0.551269531 0.762695312 -0.338134766
vn -0.551269531 0.762695312 -0.338134766
vn -0.551269531 0.762695312 -0.338134766
vn -0.551269531 0.762695312 -0.338134766
vn -0.381347656 0.560546875 -0.734863281
vn -0.381347656 0.560546875 -0.734863281
vn -0.381347656 0.560546875 -0.734863281
vn -0.381347656 0.560546875 -0.734863281
vn -0.516601562 0.729492188 -0.448730469
vn -0.516601562 0.729492188 -0.448730469
vn -0.516601562 0.729492188 -0.448730469
vn -0.516601562 0.729492188 -0.448730469
vn -0.669433594 0.713378906 -0.208618164
vn -0.669433594 0.713378906 -0.208618164
vn -0.669433594 0.713378906 -0.208618164
vn -0.669433594 0.713378906 -0.208618164
vn -0.287353516 0.5 -0.816894531
vn -0.287353516 0.5 -0.816894531
vn -0.287353516 0.5 -0.816894531
vn -0.287353516 0.5 -0.816894531
vn -0.447753906 0.690917969 -0.567382812
vn -0.447753906 0.690917969 -0.567382812
vn -0.447753906 0.690917969 -0.567382812
vn -0.447753906 0.690917969 -0.567382812
vn -0.540039062 0.754394531 -0.373291016
vn -0.540039062 0.754394531 -0.373291016
vn -0.540039062 0.754394531 -0.373291016
vn -0.540039062 0.754394531 -0.373291016
vn -0.335449219 0.165527344 -0.927246094
vn -0.335449219 0.165527344 -0.927246094
vn -0.335449219 0.165527344 -0.927246094
vn -0.335449219 0.165527344 -0.927246094
vn -0.346923828 0.666992188 -0.659667969
vn -0.346923828 0.666992188 -0.659667969
vn -0.346923828 0.666992188 -0.659667969
vn -0.346923828 0.666992188 -0.659667969
vn -0.461669922 0.737792969 -0.492675781
vn -0.461669922 0.737792969 -0.492675781
vn -0.461669922 0.737792969 -0.492675781
vn -0.461669922 0.737792969 -0.492675781
vn -0.249023438 0.348144531 -0.903808594
vn -0.249023438 0.348144531 -0.903808594
vn -0.249023438 0.348144531 -0.903808594
vn -0.249023438 0.348144531 -0.903808594
vn -0.350097656 0.379394531 -0.856445312
vn -0.350097656 0.379394531 -0.856445312
vn -0.350097656 0.379394531 -0.856445312
vn -0.350097656 0.379394531 -0.856445312
vn -0.354003906 0.733398438 -0.580078125
vn -0.354003906 0.733398438 -0.580078125
vn -0.354003906 0.733398438 -0.580078125
vn -0.354003906 0.733398438 -0.580078125
vn -0.0646972656 0.801757812 -0.59375
vn -0.0646972656 0.801757812 -0.59375
vn -0.0646972656 0.801757812 -0.59375
vn -0.0646972656 0.801757812 -0.59375
vn -0.288085938 0.554199219 -0.780761719
vn -0.288085938 0.554199219 -0.780761719
vn -0.288085938 0.554199219 -0.780761719
vn -0.288085938 0.554199219 -0.780761719
vn -0.323730469 0.482421875 -0.813964844
vn -0.323730469 0.482421875 -0.813964844
vn -0.323730469 0.482421875 -0.813964844
vn -0.323730469 0.482421875 -0.813964844
vn -0.119140625 0.552734375 -0.824707031
vn -0.119140625 0.552734375 -0.824707031
vn -0.119140625 0.552734375 -0.824707031
vn -0.119140625 0.552734375 -0.824707031
vn -0.16418457 0.922851562 -0.348876953
vn -0.16418457 0.922851562 -0.348876953
vn -0.16418457 0.922851562 -0.348876953
vn -0.16418457 0.922851562 -0.348876953
vn -0.279541016 0.645996094 -0.710449219
vn -0.279541016 0.645996094 -0.710449219
vn -0.279541016 0.645996094 -0.710449219
vn -0.279541016 0.645996094 -0.710449219
vn -0.298095703 0.0842895508 -0.950683594
vn -0.298095703 0.0842895508 -0.950683594
vn -0.298095703 0.0842895508 -0.950683594
vn -0.298095703 0.0842895508 -0.950683594
vn -0.185668945 0.743164062 -0.643066406
vn -0.185668945 0.743164062 -0.643066406
vn -0.185668945 0.743164062 -0.643066406
vn -0.185668945 0.743164062 -0.643066406
vn -0.209838867 0.952636719 -0.220581055
vn -0.209838867 0.952636719 -0.220581055
vn -0.209838867 0.952636719 -0.220581055
vn -0.209838867 0.952636719 -0.220581055
vn -0.260009766 -0.425292969 -0.8671875
vn -0.260009766 -0.425292969 -0.8671875
vn -0.260009766 -0.425292969 -0.8671875
vn -0.260009766 -0.425292969 -0.8671875
vn -0.302246094 0.317138672 -0.898925781
vn -0.302246094 0.317138672 -0.898925781
vn -0.302246094 0.317138672 -0.898925781
vn -0.302246094 0.317138672 -0.898925781
vn -0.199951172 0.818359375 -0.5390625
vn -0.199951172 0.818359375 -0.5390625
vn -0.199951172 0.818359375 -0.5390625
vn -0.199951172 0.818359375 -0.5390625
vn -0.391113281 -0.90625 -0.160400391
vn -0.391113281 -0.90625 -0.160400391
vn -0.391113281 -0.90625 -0.160400391
vn -0.391113281 -0.90625 -0.160400391
vn -0.199951172 -0.206420898 -0.958007812
vn -0.199951172 -0.206420898 -0.958007812
vn -0.199951172 -0.206420898 -0.958007812
vn -0.199951172 -0.206420898 -0.958007812
vn -0.268798828 0.432617188 -0.860351562
vn -0.268798828 0.432617188 -0.860351562
vn -0.268798828 0.432617188 -0.860351562
vn -0.268798828 0.432617188 -0.860351562
vn -0.893066406 0.419433594 0.164306641
vn -0.888183594 0.409179688 0.208984375
vn -0.890136719 0.412841797 0.193847656
vn -0.864257812 0.467773438 0.184082031
vn -0.891601562 0.42578125 0.153564453
vn -0.891601562 0.42578125 0.153564453
vn -0.774902344 0.159057617 0.611816406
vn -0.891601562 0.42578125 0.153564453
vn -0.890625 0.418945312 0.177368164
vn -0.891601562 0.42578125 0.153564453
vn -0.891601562 0.42578125 0.153564453
vn -0.731445312 0.635742188 0.247070312
vn -0.626464844 0.322021484 0.709472656
vn -0.889160156 0.412109375 0.198242188
vn -0.891601562 0.424560547 0.157958984
vn -0.891601562 0.42578125 0.153564453
vn -0.887695312 0.408691406 0.211547852
vn -0.887695312 0.408691406 0.211547852
vn -0.887695312 0.408691406 0.211547852
vn -0.887695312 0.408691406 0.211547852
vn -0.887695312 0.408691406 0.211547852
vn -0.732910156 0.623046875 0.273925781
vn -0.888183594 0.407958984 0.211303711
vn -0.565429688 0.764648438 0.310058594
vn -0.5546875 0.775878906 0.301269531
vn -0.389892578 0.468505859 0.79296875
vn -0.565429688 0.764648438 0.310058594
vn -0.768066406 0.604003906 0.212646484
vn -0.503417969 0.849609375 0.158447266
vn -0.750488281 0.608398438 0.257324219
vn -0.728027344 0.671386719 0.140258789
vn -0.889648438 0.425537109 0.166381836
vn -0.917480469 0.360351562 0.168701172
vn -0.843261719 0.512695312 0.161865234
vn -0.887207031 0.450683594 0.100585938
vn -0.843261719 0.512695312 0.161865234
vn -0.843261719 0.512695312 0.161865234
vn -0.864746094 0.467285156 0.184326172
vn -0.843261719 0.512695312 0.161865234
vn -0.868652344 0.457519531 0.188964844
vn -0.887695312 0.408691406 0.211547852
vn -0.887695312 0.408691406 0.211547852
vn -0.864257812 0.467773438 0.184082031
vn -0.869140625 0.457275391 0.189086914
vn -0.843261719 0.512695312 0.161865234
vn -0.843261719 0.512695312 0.161865234
vn -0.887695312 0.408691406 0.211547852
vn -0.887695312 0.408691406 0.211547852
vn -0.890136719 0.416748047 0.185180664
vn -0.888183594 0.409179688 0.208984375
vn -0.887695312 0.408691406 0.211547852
vn -0.890625 0.419189453 0.176635742
vn -0.891601562 0.42578125 0.153564453
vn -0.891601562 0.42578125 0.153564453
vn -0.891601562 0.42578125 0.153564453
vn -0.891601562 0.42578125 0.153564453
vn -0.891601562 0.42578125 0.153564453
vn -0.88671875 0.449951172 0.10760498
vn -0.869628906 0.455566406 0.189941406
vn -0.890625 0.419189453 0.176269531
vn -0.956542969 0.283935547 0.0687866211
vn -0.430175781 0.892089844 0.139282227
vn -0.891601562 0.42578125 0.153564453
vn -0.891601562 0.42578125 0.153564453
vn -0.891601562 0.42578125 0.153564453
vn -0.891601562 0.42578125 0.153564453
vn -0.891601562 0.42578125 0.153564453
vn -0.891601562 0.42578125 0.153564453
vn -0.962402344 0.217651367 0.162353516
vn -0.390136719 0.8046875 0.447509766
vn -0.956054688 0.290283203 -0.034942627
vn -0.972167969 0.164916992 0.166992188
vn -0.827148438 0.507324219 -0.240722656
vn -0.5859375 0.525878906 -0.616699219
vn -0.360839844 0.743164062 -0.562988281
vn -0.849121094 0.326904297 0.415283203
vn -0.654296875 0.709960938 -0.260986328
vn -0.229492188 0.826660156 -0.513671875
vn -0.404785156 0.860839844 -0.30859375
vn -0.946289062 0.275634766 0.170532227
vn -0.6796875 0.715820312 0.161621094
vn -0.810546875 0.445800781 -0.379150391
vn -0.896972656 0.411376953 0.161254883
vn -0.862792969 0.397949219 -0.312011719
vn -0.524414062 0.542480469 -0.65625
vn -0.839355469 0.482910156 -0.249511719
vn -0.597167969 0.608886719 -0.521972656
vn -0.597167969 0.608886719 -0.521972656
vn -0.480224609 0.501464844 -0.719726562
vn -0.754882812 0.592773438 -0.280273438
vn -0.551269531 0.684082031 -0.477539062
vn -0.63671875 0.764648438 0.10144043
vn -0.697265625 0.639648438 0.323486328
vn -0.812988281 0.519042969 0.263427734
vn -0.770019531 0.457519531 0.445068359
vn -0.874511719 0.452392578 -0.174682617
vn -0.885742188 0.457275391 0.0773925781
vn -0.885742188 0.457275391 0.0773925781
vn -0.885742188 0.457275391 0.0773925781
vn -0.885742188 0.457275391 0.0773925781
vn -0.885742188 0.457275391 0.0773925781
vn -0.885742188 0.457275391 0.0773925781
vn -0.885742188 0.457275391 0.0773925781
vn -0.885742188 0.457275391 0.0773925781
vn -0.885742188 0.457275391 0.0773925781
vn -0.885742188 0.457275391 0.0773925781
vn -0.876464844 0.278320312 0.393066406
vn -0.885742188 0.457275391 0.0773925781
vn -0.876953125 0.457275391 0.146972656
vn -0.885742188 0.457275391 0.0773925781
vn -0.885742188 0.457275391 0.0773925781
vn -0.873535156 0.456787109 0.16809082
vn -0.859375 0.453613281 0.236206055
vn -0.859375 0.453613281 0.236206055
vn -0.876953125 0.456054688 0.151733398
vn -0.885742188 0.457275391 0.0773925781
vn -0.860351562 0.467285156 0.202514648
vn -0.860351562 0.480224609 0.170288086
vn -0.811523438 0.483642578 -0.327880859
vn -0.860351562 0.473876953 0.187988281
vn -0.860351562 0.466796875 0.204345703
vn -0.859375 0.453613281 0.236206055
vn -0.860351562 0.468017578 0.201660156
vn -0.859375 0.453613281 0.236206055
vn -0.860351562 0.480224609 0.170288086
vn -0.800292969 0.567871094 0.192504883
vn -0.681152344 0.631347656 -0.370361328
vn -0.860351562 0.480224609 0.170288086
vn -0.165405273 0.435058594 -0.885253906
vn -0.493652344 0.451416016 -0.743164062
vn -0.972167969 0.164916992 0.166992188
vn -0.860351562 0.480224609 0.170288086
vn -0.860351562 0.470703125 0.196289062
vn -0.873046875 0.460449219 0.161743164
vn -0.863769531 0.460693359 0.203125
vn -0.885742188 0.457275391 0.0773925781
vn -0.885742188 0.457275391 0.0773925781
vn -0.885742188 0.457275391 0.0773925781
vn -0.885742188 0.457275391 0.0773925781
vn -0.811523438 0.483642578 -0.327880859
vn -0.972167969 0.164916992 0.166992188
vn -0.946289062 0.275634766 0.170532227
vn -0.896972656 0.411376953 0.161254883
vn -0.869140625 0.465087891 0.169067383
vn -0.869140625 0.465087891 0.169067383
vn -0.869140625 0.465087891 0.169067383
vn -0.869140625 0.465087891 0.169067383
vn -0.869140625 0.465087891 0.169067383
vn -0.869140625 0.465087891 0.169067383
vn -0.879882812 0.458740234 0.125244141
vn -0.878417969 0.459716797 0.131835938
vn -0.875976562 0.461181641 0.141235352
vn -0.876464844 0.4609375 0.139282227
vn -0.869140625 0.465087891 0.169067383
vn -0.869140625 0.465087891 0.169067383
vn -0.869140625 0.465087891 0.169067383
vn -0.735839844 0.666015625 0.122131348
vn -0.703125 0.412353516 0.579101562
vn -0.826171875 0.542480469 0.152954102
vn -0.629882812 0.771484375 0.0891723633
vn -0.530761719 0.433105469 0.728515625
vn -0.629882812 0.771484375 0.0891723633
vn -0.869140625 0.465087891 0.169067383
vn -0.869140625 0.465087891 0.169067383
vn -0.869140625 0.465087891 0.169067383
vn -0.869140625 0.465087891 0.169067383
vn -0.869140625 0.465087891 0.169067383
vn -0.629882812 0.771484375 0.0891723633
vn -0.629882812 0.771484375 0.0891723633
vn -0.629882812 0.771484375 0.0891723633
vn -0.629882812 0.771484375 0.0891723633
vn -0.869140625 0.465087891 0.169067383
vn -0.879882812 0.458496094 0.124267578
vn -0.869140625 0.465087891 0.169067383
vn -0.869140625 0.465087891 0.169067383
vn -0.869140625 0.465087891 0.169067383
vn -0.869140625 0.465087891 0.169067383
vn -0.869140625 0.465087891 0.169067383
vn -0.869140625 0.465087891 0.169067383
vn -0.869140625 0.465087891 0.169067383
vn -0.869140625 0.465087891 0.169067383
vn -0.875976562 0.461181641 0.141723633
vn -0.869140625 0.465087891 0.169067383
vn -0.875976562 0.4609375 0.140625
vn -0.869140625 0.465087891 0.169067383
vn -0.877929688 0.459716797 0.132080078
vn -0.879882812 0.458496094 0.124267578
vn -0.869140625 0.465087891 0.169067383
vn -0.879882812 0.458496094 0.124267578
vn -0.869140625 0.465087891 0.169067383
vn -0.869140625 0.465087891 0.169067383
vn -0.869140625 0.465087891 0.169067383
vn -0.876464844 0.278320312 0.393066406
vn -0.810546875 0.445800781 -0.379150391
vn -0.874511719 0.452392578 -0.174682617
vn -0.781738281 0.287841797 0.553222656
vn -0.770019531 0.457519531 0.445068359
vn -0.675292969 0.508789062 0.533691406
vn -0.697265625 0.639648438 0.323486328
vn -0.812988281 0.519042969 0.263427734
vn -0.69140625 0.452148438 0.563476562
vn -0.69140625 0.452148438 0.563476562
vn -0.73046875 0.559082031 0.392333984
vn 0.8359375 -0.455810547 -0.305175781
vn 0.625976562 -0.643066406 -0.441162109
vn 0.807617188 -0.489257812 -0.329345703
vn 0.8359375 -0.455810547 -0.305175781
vn 0.625976562 -0.643066406 -0.441162109
vn 0.598144531 -0.660644531 -0.453857422
vn 0.598144531 -0.660644531 -0.453857422
vn 0.807617188 -0.489257812 -0.329345703
vn 0.761230469 -0.645019531 -0.0646972656
vn 0.452392578 -0.871582031 -0.188232422
vn 0.452392578 -0.871582031 -0.188232422
vn 0.609863281 -0.78125 -0.13293457
vn 0.905273438 -0.424316406 -0.0228424072
vn 0.930664062 -0.361816406 -0.052734375
vn 0.951171875 -0.296630859 -0.0827026367
vn -0.485351562 0.0785522461 0.870605469
vn -0.703125 0.412353516 0.579101562
vn -0.849121094 0.326904297 0.415283203
vn -0.404052734 0.219238281 0.888183594
vn -0.530761719 0.433105469 0.728515625
vn -0.353515625 0.295654297 0.887207031
vn -0.0142593384 0.392578125 -0.919433594
vn -0.165405273 0.435058594 -0.885253906
vn -0.681152344 0.631347656 -0.370361328
vn -0.0142593384 0.392578125 -0.919433594
vn 1 0 0
vn 1 0 0
vn 1 0 0
vn 1 0 0
vn 1 0 0
vn 1 0 0
vn -1 0 0
vn -1 0 0
vn -1 0 0
vn -1 0 0
vn -1 0 0
vn -1 0 0
vn -1 0 0
vn -1 0 0
vn -1 0 0
vn -1 0 0
vn -1 0 0
vn -1 0 0
vn -1 0 0
vn -1 0 0
vn -1 0 0
vn -1 0 0
vn -0.252441406 0.0250396729 0.967285156
vn -0.170654297 0.0856323242 0.981445312
vn -0.389892578 0.468505859 0.79296875
vn -0.626464844 0.322021484 0.709472656
vn -0.428710938 -0.118835449 0.895507812
vn -0.774902344 0.159057617 0.611816406
vn -0.962402344 0.217651367 0.162353516
vn 0.119934082 0.366210938 -0.922851562
vn 0.171630859 0.370117188 -0.913085938
vn 0.171630859 0.370117188 -0.913085938
vn 0.121887207 0.366210938 -0.922363281
vn 0.0706176758 0.361328125 -0.9296875
vn 0.0706176758 0.361328125 -0.9296875
vn 0.376708984 0.806152344 0.456542969
vn -0.430175781 0.892089844 0.139282227
vn 0.416259766 0.883300781 0.215698242
vn -0.390136719 0.8046875 0.447509766
vn 0.267089844 0.712890625 0.6484375
vn 0.274658203 0.707519531 0.650878906
vn 0.228393555 0.73828125 0.634765625
vn 0.228393555 0.73828125 0.634765625
vn -0.504882812 -0.8515625 -0.142700195
vn -0.504882812 -0.8515625 -0.142700195
vn -0.498535156 -0.85546875 -0.14050293
vn -0.497802734 -0.855957031 -0.140380859
vn -0.405273438 0.484130859 0.775390625
vn -0.405273438 0.484130859 0.775390625
vn -0.405273438 0.484130859 0.775390625
vn -0.405273438 0.484130859 0.775390625
vn -1 0 0
vn -1 0 0
vn -1 0 0
vn -1 0 0
vn -1 0 0
vn -1 0 0
vn -1 0 0
vn -1 0 0
vn -1 0 0
vn -1 0 0
vn -1 0 0
vn -1 0 0
vn 0.445556641 0.750488281 0.488525391
vn 0.445556641 0.750488281 0.488525391
vn 0.451904297 0.770507812 0.44921875
vn 0.451660156 0.770019531 0.450195312
vn 0.437255859 0.875976562 0.202636719
vn 0.437255859 0.875976562 0.202636719
vn 0.795898438 0.604492188 -0.032989502
vn 0.671386719 0.735839844 0.0891113281
vn 0.0116958618 0.104797363 0.994628906
vn 0.0148544312 0.100219727 0.994628906
vn 0.015914917 0.121459961 0.992675781
vn 0.0116119385 0.121520996 0.992675781
vn 0.0318603516 0.130859375 0.990722656
vn 0.0297698975 0.129272461 0.991210938
vn 0.0432739258 0.146118164 0.98828125
vn 0.0426635742 0.140136719 0.989257812
vn 0.0145568848 0.165527344 0.986328125
vn 0.00496673584 0.162231445 0.986816406
vn 0.0126876831 0.157592773 0.987304688
vn 0.00806427002 0.180908203 0.983398438
vn 0.0126113892 0.185791016 0.982421875
vn -0.147583008 0.193115234 0.970214844
vn -0.149414062 0.203125 0.967773438
vn -0.0941772461 0.67578125 0.730957031
vn 0.0346069336 0.671875 0.740234375
vn -0.289794922 0.7265625 0.623046875
vn -0.150024414 -0.984375 -0.0916137695
vn -0.0520629883 -0.970214844 0.235839844
vn 0.0138931274 -0.9609375 0.276123047
vn -0.154296875 -0.980957031 -0.118164062
vn -0.264892578 -0.91015625 -0.319091797
vn -0.287109375 -0.90625 -0.311035156
vn 0.128540039 -0.85546875 -0.501953125
vn 0.11907959 -0.918945312 -0.376464844
vn 0.0525512695 -0.997558594 0.0451660156
vn 0.583496094 -0.809082031 -0.071105957
vn -0.410888672 -0.685058594 0.6015625
vn -0.302001953 -0.927734375 0.21862793
vn -0.422851562 -0.887207031 0.184204102
vn -0.432373047 -0.881347656 0.189819336
vn -0.713867188 -0.682128906 0.159179688
vn -0.572753906 -0.598144531 -0.560546875
vn -0.454589844 -0.846679688 0.277099609
vn -0.882324219 -0.312255859 -0.352783203
vn -0.415527344 -0.861328125 0.291992188
vn -0.626464844 -0.708496094 0.324707031
vn -0 -0.808105469 0.589355469
vn -0 -0.780761719 0.624511719
vn -0.738769531 -0.380615234 0.556152344
vn -0.810058594 -0.330322266 0.484130859
vn 5.36441803E-07 -0.680664062 0.732910156
vn -0.985351562 0.169799805 0.0186462402
vn -0.671386719 -0.444335938 0.593261719
vn -0.635253906 -0.182128906 0.750488281
vn -0.842285156 -0.421386719 -0.336181641
vn 0.807128906 -0.386474609 -0.446289062
vn 0.402832031 0.234619141 -0.884765625
vn -0.918457031 -0.210693359 -0.334472656
vn -0.042388916 -0.156494141 -0.986816406
vn -0.962890625 -0.241088867 -0.120605469
vn -0.984375 -0.0312042236 -0.173217773
vn -0.802734375 -0.596191406 0.0109100342
vn -0.9375 -0.339599609 -0.0779418945
vn -0.674804688 -0.605957031 -0.421386719
vn -0.328369141 -0.806640625 -0.491455078
vn -0.9921875 -0.117431641 -0.0360412598
vn -0.711914062 -0.654296875 0.254638672
vn -0.266845703 -0.959472656 0.089050293
vn -0.937988281 0.0625 0.340576172
vn -0.938476562 0.34375 0.0339660645
vn -0.926269531 0.361328125 -0.107849121
vn -0.954589844 0.0679321289 0.290283203
vn -0.689941406 0.562011719 0.456298828
vn -0.977050781 0.118774414 0.176513672
vn -0.757324219 0.621582031 -0.199951172
vn -0.792480469 0.535644531 -0.291748047
vn -0.522949219 0.830078125 -0.194580078
vn -0.688964844 0.590820312 0.419921875
vn -0.288574219 0.74609375 0.600097656
vn -0.730957031 0.682128906 -0.0150146484
vn -0.455810547 0.849609375 -0.265136719
vn -0.244384766 0.961425781 -0.124633789
vn -0.724121094 0.600585938 0.338623047
vn -0.363037109 0.831054688 0.421386719
vn -0.314208984 0.721679688 0.616699219
vn -0.509277344 0.856933594 0.0780029297
vn -0.248901367 0.934570312 -0.25390625
vn -0 0.993164062 -0.116088867
vn -0 0.968261719 -0.25
vn -0.488769531 0.826660156 -0.278564453
vn -0.255859375 0.951171875 -0.172241211
vn -0 0.985351562 -0.170288086
vn -0.209594727 0.973144531 0.0952148438
vn -0.284667969 0.954589844 0.0866699219
vn -0.262451172 0.879882812 0.395996094
vn -0.370117188 0.704101562 0.605957031
vn -0.303222656 0.870605469 0.387939453
vn 0.26953125 -0.784179688 -0.55859375
vn 0.364746094 -0.694824219 -0.620117188
vn 0.166381836 -0.443359375 -0.880859375
vn 0.236694336 -0.775878906 -0.584472656
vn 0.207519531 -0.967285156 -0.145874023
vn 0.186645508 -0.454345703 -0.87109375
vn -0.0751953125 0.0766601562 -0.994140625
vn 0.120422363 -0.0831298828 -0.989257812
vn 0.272460938 -0.101379395 -0.956542969
vn -0.121032715 0.260009766 -0.958007812
vn 0.240356445 -0.828613281 -0.505371094
vn 0.19909668 -0.977539062 -0.0716552734
vn 0.634277344 0.114624023 -0.764648438
vn 0.160766602 0.296142578 -0.94140625
vn 0.239501953 -0.936035156 0.258056641
vn -0 -0.942382812 0.334472656
vn 0.256591797 -0.948730469 0.18359375
vn -0 -0.982421875 0.185668945
vn 0.19519043 -0.978027344 -0.0733032227
vn 0.619140625 -0.655273438 -0.432617188
vn 0.607910156 -0.674804688 -0.418701172
vn 0.548828125 0.361328125 -0.75390625
vn 0.10369873 0.429199219 -0.897460938
vn 0.956054688 -0.0907592773 -0.279296875
vn 0.928710938 0.224487305 -0.294677734
vn 0.9765625 0.00828552246 -0.214233398
vn 0.250732422 -0.943359375 0.217163086
vn -0 -0.985351562 0.171264648
vn 0.259277344 -0.959960938 -0.105834961
vn -0 -0.986816406 -0.161376953
vn 0.213134766 -0.954589844 0.207641602
vn 0.4375 -0.887695312 0.142822266
vn 0.329345703 -0.926757812 0.17980957
vn 0.689453125 -0.471679688 0.549316406
vn 0.987304688 0.134155273 0.0864257812
vn 0.974121094 -0.190185547 0.121459961
vn 0.792480469 0.562988281 0.234619141
vn 0.994140625 -0.063659668 0.0853271484
vn 0.88671875 -0.4296875 -0.171020508
vn 0.588378906 -0.78515625 -0.193725586
vn 1 -0.0066947937 -0.0121383667
vn 0.872558594 -0.275634766 -0.403564453
vn 0.897949219 0.407226562 0.165893555
vn 0.87109375 -0.478759766 0.109741211
vn 0.798828125 -0.192260742 0.569824219
vn 0.924316406 -0.353759766 0.143920898
vn 1 0.0144729614 0.00765228271
vn 0.841796875 -0.497802734 -0.208129883
vn -0.00285720825 1 -0.000331401825
vn -0.481201172 0.797851562 -0.363525391
vn -0.561035156 0.697753906 -0.4453125
vn 0.94921875 -0.133911133 -0.284423828
vn 0.658203125 -0.413085938 -0.629394531
vn 0.770019531 0.0568847656 -0.635253906
vn 0.493408203 -0.625488281 -0.604492188
vn 0.267822266 -0.312011719 -0.911621094
vn 0.198852539 -0.7734375 -0.602050781
vn -0 -0.786132812 -0.618164062
vn -0 -0.413085938 -0.910644531
vn 0.234741211 0.0812988281 -0.96875
vn -0 0.14465332 -0.989257812
vn 0.926269531 0.0567321777 -0.372070312
vn 0.770996094 -0.0727539062 -0.6328125
vn 0.415283203 -0.0834960938 -0.905761719
vn 0.427490234 -0.0598754883 -0.901855469
vn 0.676757812 0.0745239258 -0.732421875
vn 0.479492188 0.421875 -0.76953125
vn 0.945800781 0.322021484 -0.0429992676
vn 0.840332031 0.413574219 -0.350097656
vn 0.759765625 0.617675781 -0.202148438
vn 0.412353516 0.865234375 -0.28515625
vn 0.513671875 0.770019531 -0.378417969
vn 0.0979614258 0.547363281 -0.831054688
vn -0 0.649902344 -0.760253906
vn -0 0.916503906 -0.400390625
vn 0.199829102 0.855957031 -0.476806641
vn 0.190185547 0.327636719 -0.925292969
vn 0.00119590759 -0.189208984 -0.981933594
vn 0.157714844 0.382568359 -0.91015625
vn -0 0.977050781 -0.212036133
vn 0.191894531 0.369384766 -0.909179688
vn 0.00743865967 -0.16418457 -0.986328125
vn -0 -0.130126953 -0.991699219
vn -0 -0.109436035 -0.994140625
vn -0.478515625 0.876953125 -0.0442504883
vn -0.541015625 0.825195312 -0.163208008
vn -0.366210938 0.885742188 -0.284667969
vn -0.657714844 0.752929688 0.0255584717
vn -0.765136719 0.608886719 -0.208984375
vn -0.59765625 0.653320312 0.464355469
vn -0.854492188 0.517089844 0.0526123047
vn -0.95703125 0.274902344 -0.0916748047
vn -0.620605469 0.602539062 0.501953125
vn -0.415771484 0.303466797 0.857421875
vn -0.677246094 0.453369141 0.579101562
vn -0.986328125 0.137084961 0.0914306641
vn -0.994628906 -0.0284576416 -0.0991210938
vn -0.784667969 0.193847656 0.588867188
vn -0.978515625 -0.145629883 0.144897461
vn -0.923828125 -0.366943359 0.108825684
vn -0.442138672 0.131958008 0.887207031
vn -0.408203125 -0.0665283203 0.910644531
vn -0.781738281 -0.0477600098 0.622070312
vn -0.88671875 -0.380859375 0.262939453
vn -0.689453125 -0.260742188 0.67578125
vn -0.877929688 -0.425537109 0.220092773
vn -0.803710938 -0.593261719 0.0426025391
vn -0.761230469 -0.593261719 0.262207031
vn -0.6640625 -0.747070312 -0.0300445557
vn -0.609863281 -0.760253906 0.223388672
vn -0.469726562 -0.709960938 0.524902344
vn -0.512695312 -0.491699219 0.703613281
vn -0.341308594 -0.421630859 0.83984375
vn 1 0 0
vn 1 0 0
vn 1 0 0
vn 1 0 0
vn 1 0 0
vn 1 0 0
vn 1 0 0
vn 1 0 0
vn 1 0 0
vn 1 0 0
vn 1 0 0
vn 0.665039062 -0.245727539 0.705078125
vn 0.6484375 -0.195800781 0.735351562
vn 0.6484375 -0.195800781 0.735351562
vn 0.677246094 -0.287109375 0.677246094
vn 0.697265625 -0.374755859 0.610839844
vn 0.6484375 -0.195800781 0.735351562
vn 0.681640625 -0.304931641 0.665039062
vn 0.413330078 -0.51171875 0.752929688
vn 0.367919922 -0.475585938 0.798828125
vn 0.356689453 -0.487548828 0.796875
vn 0.384765625 -0.445556641 0.808105469
vn 0.415283203 -0.489013672 0.767089844
vn 0.520996094 -0.570800781 0.634765625
vn 0.5078125 -0.6171875 0.601074219
vn 0.59375 -0.637695312 0.490234375
vn 0.613769531 -0.574707031 0.541015625
vn 0.545898438 -0.514160156 0.661621094
vn 0.517578125 -0.478515625 0.708984375
vn 0.517089844 -0.482177734 0.70703125
vn -0.893066406 -0.419189453 -0.164306641
vn -0.888183594 -0.409179688 -0.209228516
vn -0.890136719 -0.413085938 -0.192749023
vn -0.860839844 -0.463378906 -0.209594727
vn -0.887695312 -0.408691406 -0.211547852
vn -0.887695312 -0.408691406 -0.211547852
vn -0.890136719 -0.416015625 -0.186279297
vn -0.890625 -0.419433594 -0.174438477
vn -0.892089844 -0.426513672 -0.149169922
vn -0.892089844 -0.426513672 -0.149169922
vn -0.892089844 -0.426513672 -0.149169922
vn -0.892089844 -0.426513672 -0.149169922
vn -0.892089844 -0.426513672 -0.149169922
vn -0.892089844 -0.426513672 -0.149169922
vn -0.950195312 -0.220336914 -0.219604492
vn -0.892089844 -0.426513672 -0.149169922
vn -0.892089844 -0.426513672 -0.149169922
vn -0.86328125 -0.458740234 -0.209716797
vn -0.887695312 -0.408691406 -0.211547852
vn -0.833984375 -0.511230469 -0.20715332
vn -0.833984375 -0.511230469 -0.20715332
vn -0.883300781 -0.451660156 -0.126098633
vn -0.833984375 -0.511230469 -0.20715332
vn -0.833984375 -0.511230469 -0.20715332
vn -0.833984375 -0.511230469 -0.20715332
vn -0.860351562 -0.464355469 -0.209472656
vn -0.863769531 -0.458496094 -0.209716797
vn -0.833984375 -0.511230469 -0.20715332
vn -0.887695312 -0.408691406 -0.211547852
vn -0.887695312 -0.408691406 -0.211547852
vn -0.887695312 -0.408691406 -0.211547852
vn -0.887695312 -0.408691406 -0.211547852
vn -0.887695312 -0.408691406 -0.211547852
vn -0.887695312 -0.408691406 -0.211547852
vn -0.892089844 -0.424804688 -0.155029297
vn -0.887695312 -0.408691406 -0.211547852
vn -0.890625 -0.419189453 -0.175048828
vn -0.892089844 -0.426513672 -0.149169922
vn -0.892089844 -0.426513672 -0.149169922
vn -0.950195312 -0.220336914 -0.219604492
vn -0.892089844 -0.426513672 -0.149169922
vn -0.892089844 -0.426513672 -0.149169922
vn -0.722167969 -0.631347656 -0.283203125
vn -0.647949219 -0.280761719 -0.708007812
vn -0.890136719 -0.416259766 -0.185668945
vn -0.728027344 -0.627441406 -0.275390625
vn -0.887695312 -0.408691406 -0.211547852
vn -0.508300781 -0.800292969 -0.318115234
vn -0.523925781 -0.780273438 -0.341552734
vn -0.458740234 -0.37890625 -0.803710938
vn -0.508300781 -0.800292969 -0.318115234
vn -0.745117188 -0.620117188 -0.245727539
vn -0.467041016 -0.865234375 -0.182250977
vn -0.707519531 -0.6484375 -0.281005859
vn -0.695800781 -0.696777344 -0.175292969
vn -0.860351562 -0.464355469 -0.209472656
vn -0.887695312 -0.408691406 -0.211547852
vn -0.884765625 -0.451171875 -0.116577148
vn -0.862792969 -0.459716797 -0.209716797
vn -0.890625 -0.419189453 -0.175170898
vn -0.956054688 -0.283447266 -0.0718994141
vn -0.921386719 -0.388671875 0.00508880615
vn -0.892089844 -0.426513672 -0.149169922
vn -0.892089844 -0.426513672 -0.149169922
vn -0.950195312 -0.220336914 -0.219604492
vn -0.892089844 -0.426513672 -0.149169922
vn -0.956054688 -0.292724609 0.0268096924
vn -0.967285156 -0.223999023 -0.120849609
vn -0.961425781 -0.219970703 -0.165283203
vn -0.928222656 -0.362304688 0.0870361328
vn -0.970703125 -0.160644531 -0.178344727
vn -0.932617188 -0.180908203 -0.311767578
vn -0.865722656 -0.466552734 -0.181030273
vn -0.865722656 -0.466552734 -0.181030273
vn -0.865722656 -0.466552734 -0.181030273
vn -0.865722656 -0.466552734 -0.181030273
vn -0.865722656 -0.466552734 -0.181030273
vn -0.865722656 -0.466552734 -0.181030273
vn -0.865722656 -0.466552734 -0.181030273
vn -0.865722656 -0.466552734 -0.181030273
vn -0.865722656 -0.466552734 -0.181030273
vn -0.865722656 -0.466552734 -0.181030273
vn -0.865722656 -0.466552734 -0.181030273
vn -0.865722656 -0.466552734 -0.181030273
vn -0.865722656 -0.466552734 -0.181030273
vn -0.698242188 -0.369628906 -0.612792969
vn -0.874023438 -0.462158203 -0.149291992
vn -0.811035156 -0.565917969 -0.147338867
vn -0.68359375 -0.684082031 -0.254394531
vn -0.611328125 -0.789550781 -0.0487365723
vn -0.549316406 -0.350097656 -0.758789062
vn -0.634765625 -0.754882812 -0.165283203
vn -0.547851562 -0.8359375 0.0375061035
vn -0.621582031 -0.783203125 0.00167560577
vn -0.556640625 -0.830078125 -0.0390625
vn -0.439453125 -0.817382812 0.372802734
vn -0.651855469 -0.756835938 -0.041015625
vn -0.51953125 -0.846679688 -0.11706543
vn -0.958007812 -0.279785156 0.0616455078
vn -0.943847656 -0.276123047 -0.182617188
vn -0.927246094 -0.3515625 -0.129150391
vn -0.967285156 -0.237670898 -0.0885009766
vn -0.977539062 -0.192138672 -0.0880737305
vn -0.888671875 -0.440917969 -0.125976562
vn -0.877929688 -0.453369141 -0.153808594
vn -0.881835938 -0.461425781 -0.0983276367
vn -0.889648438 -0.407226562 -0.20690918
vn -0.8984375 -0.429931641 -0.0916137695
vn -0.879394531 -0.446044922 -0.165649414
vn -0.896484375 -0.411132812 -0.1640625
vn -0.873046875 -0.458984375 -0.1640625
vn -0.881835938 -0.461425781 -0.0983276367
vn -0.859863281 -0.47265625 -0.192871094
vn -0.859375 -0.487548828 -0.153808594
vn -0.859863281 -0.478759766 -0.177246094
vn -0.859375 -0.487548828 -0.153808594
vn -0.859863281 -0.474853516 -0.18762207
vn -0.870605469 -0.461914062 -0.169799805
vn -0.863769531 -0.461181641 -0.203369141
vn -0.881835938 -0.461425781 -0.0983276367
vn -0.881835938 -0.461425781 -0.0983276367
vn -0.881835938 -0.461425781 -0.0983276367
vn -0.881835938 -0.461425781 -0.0983276367
vn -0.879882812 -0.458496094 -0.125244141
vn -0.881835938 -0.461425781 -0.0983276367
vn -0.885742188 -0.407470703 -0.22277832
vn -0.888183594 -0.383056641 -0.253417969
vn -0.869140625 -0.465576172 -0.167724609
vn -0.881835938 -0.461425781 -0.0983276367
vn -0.891601562 -0.399902344 -0.212036133
vn -0.854980469 -0.366455078 -0.366943359
vn -0.786132812 -0.467773438 -0.404052734
vn -0.647460938 -0.671386719 -0.360107422
vn -0.833007812 -0.525878906 -0.170532227
vn -0.750488281 -0.632324219 -0.192626953
vn -0.650878906 -0.699707031 -0.293945312
vn -0.604003906 -0.772460938 -0.196044922
vn -0.640625 -0.766113281 -0.0560913086
vn -0.890625 -0.416259766 -0.182373047
vn -0.874511719 -0.395996094 -0.279541016
vn -0.881835938 -0.461425781 -0.0983276367
vn -0.881835938 -0.461425781 -0.0983276367
vn -0.874023438 -0.459228516 -0.159667969
vn -0.87109375 -0.458251953 -0.17578125
vn -0.859375 -0.453613281 -0.236206055
vn -0.859375 -0.453613281 -0.236206055
vn -0.860351562 -0.470458984 -0.196655273
vn -0.859375 -0.453613281 -0.236206055
vn -0.860351562 -0.472167969 -0.192504883
vn -0.859375 -0.453613281 -0.236206055
vn -0.859375 -0.487548828 -0.153808594
vn -0.708007812 -0.622558594 0.333251953
vn -0.776855469 -0.618164062 -0.120483398
vn -0.859375 -0.487548828 -0.153808594
vn -0.711425781 -0.696289062 -0.0968017578
vn -0.958007812 -0.279785156 0.0616455078
vn -0.612792969 -0.704589844 0.358154297
vn -0.685058594 -0.708496094 -0.169677734
vn -0.697265625 -0.715332031 -0.0458374023
vn -0.706054688 -0.69921875 0.113647461
vn -0.935058594 0.0399475098 0.352050781
vn -0.71484375 -0.378662109 -0.587890625
vn -0.909179688 0.0892944336 -0.407226562
vn -0.650878906 -0.699707031 -0.293945312
vn -0.627441406 -0.719726562 -0.297119141
vn -0.625976562 -0.677734375 -0.385742188
vn -0.627441406 -0.719726562 -0.297119141
vn -0.874023438 -0.462158203 -0.149291992
vn -0.87890625 -0.459228516 -0.130249023
vn -0.874511719 -0.461914062 -0.147216797
vn -0.876464844 -0.460693359 -0.139038086
vn -0.865722656 -0.466552734 -0.181030273
vn -0.865722656 -0.466552734 -0.181030273
vn -0.865722656 -0.466552734 -0.181030273
vn -0.865722656 -0.466552734 -0.181030273
vn -0.865722656 -0.466552734 -0.181030273
vn -0.865722656 -0.466552734 -0.181030273
vn -0.874023438 -0.462158203 -0.150024414
vn -0.865722656 -0.466552734 -0.181030273
vn -0.865722656 -0.466552734 -0.181030273
vn -0.865722656 -0.466552734 -0.181030273
vn -0.874511719 -0.461914062 -0.14831543
vn -0.865722656 -0.466552734 -0.181030273
vn -0.876953125 -0.460449219 -0.137939453
vn -0.87890625 -0.459228516 -0.130249023
vn -0.865722656 -0.466552734 -0.181030273
vn -0.865722656 -0.466552734 -0.181030273
vn -0.865722656 -0.466552734 -0.181030273
vn -0.865722656 -0.466552734 -0.181030273
vn -0.928222656 -0.362304688 0.0870361328
vn -0.865722656 -0.466552734 -0.181030273
vn -0.865722656 -0.466552734 -0.181030273
vn -0.678710938 -0.66796875 0.305175781
vn -0.651855469 -0.756835938 -0.041015625
vn -0.439453125 -0.817382812 0.372802734
vn -0.865722656 -0.466552734 -0.181030273
vn -0.865722656 -0.466552734 -0.181030273
vn -0.865722656 -0.466552734 -0.181030273
vn -0.650878906 -0.699707031 -0.293945312
vn -0.625976562 -0.677734375 -0.385742188
vn -0.620117188 -0.63671875 -0.458251953
vn -0.625488281 -0.573730469 -0.528808594
vn -0.620117188 -0.63671875 -0.458251953
vn -0.786132812 -0.467773438 -0.404052734
vn -0.647460938 -0.671386719 -0.360107422
vn -0.909179688 0.0892944336 -0.407226562
vn -0.932617188 -0.180908203 -0.311767578
vn -0.935058594 0.0399475098 0.352050781
vn -0.958007812 -0.279785156 0.0616455078
vn -0.904785156 -0.154663086 0.396972656
vn -0.631347656 -0.464599609 -0.62109375
vn -0.694824219 -0.11517334 -0.709960938
vn -0.685546875 -0.69140625 0.228271484
vn -0.928222656 -0.362304688 0.0870361328
vn -0.54296875 -0.604492188 -0.582519531
vn -0.678710938 -0.66796875 0.305175781
vn -0.493164062 -0.85546875 0.157836914
vn -0.439453125 -0.817382812 0.372802734
vn -0.706054688 -0.69921875 0.113647461
vn -0.697265625 -0.715332031 -0.0458374023
vn -0.58984375 -0.450927734 -0.669921875
vn -0.71484375 -0.378662109 -0.587890625
vn -0.549316406 -0.350097656 -0.758789062
vn -0.698242188 -0.369628906 -0.612792969
vn -0.909179688 0.0892944336 -0.407226562
vn -0.932617188 -0.180908203 -0.311767578
vn -0.694824219 -0.11517334 -0.709960938
vn -0.647949219 -0.280761719 -0.708007812
vn -0.950195312 -0.220336914 -0.219604492
vn -0.631347656 -0.464599609 -0.62109375
vn -0.458740234 -0.37890625 -0.803710938
vn -0.54296875 -0.604492188 -0.582519531
vn -0.893554688 -0.440917969 0.0864868164
vn -0.893554688 -0.440917969 0.0864868164
vn -0.893554688 -0.440917969 0.0864868164
vn -0.884277344 -0.451171875 0.118469238
vn -0.977050781 0.111206055 -0.181274414
vn -0.977050781 0.111206055 -0.181274414
vn -0.977050781 0.111206055 -0.181274414
vn -0.981933594 0.11730957 -0.149658203
vn -0.932128906 0.104553223 -0.346923828
vn -0.932128906 0.104553223 -0.346923828
vn -0.932128906 0.104553223 -0.346923828
vn -0.931640625 0.12310791 -0.342529297
vn -0.897460938 -0.355957031 0.260009766
vn -0.897460938 -0.355957031 0.260009766
vn -0.897460938 -0.355957031 0.260009766
vn -0.906738281 -0.354492188 0.228637695
vn -0.966796875 0.011100769 -0.255859375
vn -0.966796875 0.011100769 -0.255859375
vn -0.966796875 0.011100769 -0.255859375
vn -0.974121094 0.0214996338 -0.225830078
vn -0.909667969 -0.0166168213 -0.415283203
vn -0.909667969 -0.0166168213 -0.415283203
vn -0.909667969 -0.0166168213 -0.415283203
vn -0.91015625 0.00238800049 -0.413818359
vn -0.889648438 -0.378417969 0.255615234
vn -0.889648438 -0.378417969 0.255615234
vn -0.889648438 -0.378417969 0.255615234
vn -0.896484375 -0.382324219 0.223876953
vn -0.949707031 -0.184326172 -0.252441406
vn -0.949707031 -0.184326172 -0.252441406
vn -0.949707031 -0.184326172 -0.252441406
vn -0.959472656 -0.166870117 -0.22668457
vn -0.883300781 -0.248168945 -0.397460938
vn -0.883300781 -0.248168945 -0.397460938
vn -0.883300781 -0.248168945 -0.397460938
vn -0.88671875 -0.229736328 -0.401367188
vn -0.846679688 -0.401611328 0.348632812
vn -0.846679688 -0.401611328 0.348632812
vn -0.846679688 -0.401611328 0.348632812
vn -0.852050781 -0.415039062 0.319335938
vn -0.950195312 -0.220336914 -0.219604492
vn -0.928222656 -0.362304688 0.0870361328
vn -0.904785156 -0.154663086 0.396972656
vn -0.412353516 0.565917969 0.713867188
vn 0.978515625 -0.104675293 0.178344727
vn 0.978515625 -0.104675293 0.178344727
vn 0.978515625 -0.104675293 0.178344727
vn 0.983398438 -0.110900879 0.145141602
vn 0.934082031 -0.101745605 0.342041016
vn 0.934082031 -0.101745605 0.342041016
vn 0.934082031 -0.101745605 0.342041016
vn 0.933105469 -0.124816895 0.337402344
vn 0.895507812 0.359130859 -0.263427734
vn 0.895507812 0.359130859 -0.263427734
vn 0.895507812 0.359130859 -0.263427734
vn 0.905761719 0.356201172 -0.229858398
vn 0.968261719 -0.00333976746 0.250732422
vn 0.968261719 -0.00333976746 0.250732422
vn 0.968261719 -0.00333976746 0.250732422
vn 0.975585938 -0.0140686035 0.218994141
vn 0.912597656 0.01953125 0.408691406
vn 0.912597656 0.01953125 0.408691406
vn 0.912597656 0.01953125 0.408691406
vn 0.913085938 -0.00526809692 0.407714844
vn 0.88671875 0.381591797 -0.260986328
vn 0.88671875 0.381591797 -0.260986328
vn 0.88671875 0.381591797 -0.260986328
vn 0.895019531 0.384277344 -0.225952148
vn 0.912597656 0.280517578 -0.297607422
vn 0.912597656 0.280517578 -0.297607422
vn 0.912597656 0.280517578 -0.297607422
vn 0.897949219 0.303466797 -0.319091797
vn 0.89453125 0.321044922 -0.311279297
vn 0.950683594 0.192871094 0.242675781
vn 0.950683594 0.192871094 0.242675781
vn 0.950683594 0.192871094 0.242675781
vn 0.9609375 0.174438477 0.21472168
vn 0.880859375 -0.0637817383 0.46875
vn 0.880859375 -0.0637817383 0.46875
vn 0.880859375 -0.0637817383 0.46875
vn 0.871582031 -0.0881347656 0.482666016
vn 0.871582031 -0.0881347656 0.482666016
vn 0.887207031 0.25 0.387207031
vn 0.887207031 0.25 0.387207031
vn 0.887207031 0.25 0.387207031
vn 0.891113281 0.224243164 0.394042969
vn 0.842285156 0.403564453 -0.357421875
vn 0.842285156 0.403564453 -0.357421875
vn 0.842285156 0.403564453 -0.357421875
vn 0.849609375 0.416748047 -0.322998047
vn 0.882324219 0.299560547 -0.362792969
vn 0.882324219 0.299560547 -0.362792969
vn 0.882324219 0.299560547 -0.362792969
vn 0.864746094 0.313476562 -0.392333984
vn 0.861816406 0.322998047 -0.390869141
vn 0.607421875 0.499511719 -0.617675781
vn 0.607421875 0.499511719 -0.617675781
vn 0.607421875 0.499511719 -0.617675781
vn 0.579589844 0.498535156 -0.64453125
vn 0.269042969 -0.857910156 -0.437744141
vn 0.269042969 -0.857910156 -0.437744141
vn 0.269042969 -0.857910156 -0.437744141
vn 0.269042969 -0.857910156 -0.437744141
vn 0.157714844 -0.0810546875 -0.984375
vn 0.157714844 -0.0810546875 -0.984375
vn 0.157714844 -0.0810546875 -0.984375
vn 0.157714844 -0.0810546875 -0.984375
vn 0.222900391 -0.778808594 -0.586425781
vn 0.222900391 -0.778808594 -0.586425781
vn 0.222900391 -0.778808594 -0.586425781
vn 0.222900391 -0.778808594 -0.586425781
vn 0.562011719 -0.520507812 0.642578125
vn 0.562011719 -0.520507812 0.642578125
vn 0.562011719 -0.520507812 0.642578125
vn 0.562011719 -0.520507812 0.642578125
vn 0.439208984 -0.201293945 0.875488281
vn 0.439208984 -0.201293945 0.875488281
vn 0.439208984 -0.201293945 0.875488281
vn 0.439208984 -0.201293945 0.875488281
vn 0.493652344 -0.744628906 0.449462891
vn 0.493652344 -0.744628906 0.449462891
vn 0.493652344 -0.744628906 0.449462891
vn 0.493652344 -0.744628906 0.449462891
vn 0.418457031 0.0848388672 0.904296875
vn 0.418457031 0.0848388672 0.904296875
vn 0.418457031 0.0848388672 0.904296875
vn 0.418457031 0.0848388672 0.904296875
vn 0.413574219 -0.492675781 0.765625
vn 0.413574219 -0.492675781 0.765625
vn 0.413574219 -0.492675781 0.765625
vn 0.413574219 -0.492675781 0.765625
vn 0.464355469 -0.833496094 0.298828125
vn 0.464355469 -0.833496094 0.298828125
vn 0.464355469 -0.833496094 0.298828125
vn 0.464355469 -0.833496094 0.298828125
vn 0.549316406 0.16809082 0.818359375
vn 0.549316406 0.16809082 0.818359375
vn 0.549316406 0.16809082 0.818359375
vn 0.549316406 0.16809082 0.818359375
vn 0.430419922 -0.230712891 0.872558594
vn 0.430419922 -0.230712891 0.872558594
vn 0.430419922 -0.230712891 0.872558594
vn 0.430419922 -0.230712891 0.872558594
vn 0.422363281 -0.62890625 0.652832031
vn 0.422363281 -0.62890625 0.652832031
vn 0.422363281 -0.62890625 0.652832031
vn 0.422363281 -0.62890625 0.652832031
vn 0.747070312 -0.0888671875 0.658691406
vn 0.747070312 -0.0888671875 0.658691406
vn 0.747070312 -0.0888671875 0.658691406
vn 0.747070312 -0.0888671875 0.658691406
vn 0.570800781 -0.143066406 0.80859375
vn 0.570800781 -0.143066406 0.80859375
vn 0.570800781 -0.143066406 0.80859375
vn 0.570800781 -0.143066406 0.80859375
vn 0.465576172 -0.390380859 0.794433594
vn 0.465576172 -0.390380859 0.794433594
vn 0.465576172 -0.390380859 0.794433594
vn 0.465576172 -0.390380859 0.794433594
vn 0.775390625 -0.314453125 0.547851562
vn 0.775390625 -0.314453125 0.547851562
vn 0.775390625 -0.314453125 0.547851562
vn 0.775390625 -0.314453125 0.547851562
vn 0.607910156 -0.303222656 0.733886719
vn 0.607910156 -0.303222656 0.733886719
vn 0.607910156 -0.303222656 0.733886719
vn 0.607910156 -0.303222656 0.733886719
vn 0.840820312 -0.369384766 0.395019531
vn 0.840820312 -0.369384766 0.395019531
vn 0.840820312 -0.369384766 0.395019531
vn 0.840820312 -0.369384766 0.395019531
vn 0.364990234 0.686035156 -0.629394531
vn 0.364990234 0.686035156 -0.629394531
vn 0.364990234 0.686035156 -0.629394531
vn 0.364990234 0.686035156 -0.629394531
vn 0.441162109 0.636230469 -0.6328125
vn 0.441162109 0.636230469 -0.6328125
vn 0.441162109 0.636230469 -0.6328125
vn 0.441162109 0.636230469 -0.6328125
vn 0.551269531 0.762695312 -0.338134766
vn 0.551269531 0.762695312 -0.338134766
vn 0.551269531 0.762695312 -0.338134766
vn 0.551269531 0.762695312 -0.338134766
vn 0.381347656 0.560546875 -0.734863281
vn 0.381347656 0.560546875 -0.734863281
vn 0.381347656 0.560546875 -0.734863281
vn 0.381347656 0.560546875 -0.734863281
vn 0.516601562 0.729492188 -0.448730469
vn 0.516601562 0.729492188 -0.448730469
vn 0.516601562 0.729492188 -0.448730469
vn 0.516601562 0.729492188 -0.448730469
vn 0.669433594 0.713378906 -0.208618164
vn 0.669433594 0.713378906 -0.208618164
vn 0.669433594 0.713378906 -0.208618164
vn 0.669433594 0.713378906 -0.208618164
vn 0.287353516 0.5 -0.816894531
vn 0.287353516 0.5 -0.816894531
vn 0.287353516 0.5 -0.816894531
vn 0.287353516 0.5 -0.816894531
vn 0.447753906 0.690917969 -0.567382812
vn 0.447753906 0.690917969 -0.567382812
vn 0.447753906 0.690917969 -0.567382812
vn 0.447753906 0.690917969 -0.567382812
vn 0.540039062 0.754394531 -0.373291016
vn 0.540039062 0.754394531 -0.373291016
vn 0.540039062 0.754394531 -0.373291016
vn 0.540039062 0.754394531 -0.373291016
vn 0.335449219 0.165527344 -0.927246094
vn 0.335449219 0.165527344 -0.927246094
vn 0.335449219 0.165527344 -0.927246094
vn 0.335449219 0.165527344 -0.927246094
vn 0.346923828 0.666992188 -0.659667969
vn 0.346923828 0.666992188 -0.659667969
vn 0.346923828 0.666992188 -0.659667969
vn 0.346923828 0.666992188 -0.659667969
vn 0.461669922 0.737792969 -0.492675781
vn 0.461669922 0.737792969 -0.492675781
vn 0.461669922 0.737792969 -0.492675781
vn 0.461669922 0.737792969 -0.492675781
vn 0.249023438 0.348144531 -0.903808594
vn 0.249023438 0.348144531 -0.903808594
vn 0.249023438 0.348144531 -0.903808594
vn 0.249023438 0.348144531 -0.903808594
vn 0.350097656 0.379394531 -0.856445312
vn 0.350097656 0.379394531 -0.856445312
vn 0.350097656 0.379394531 -0.856445312
vn 0.350097656 0.379394531 -0.856445312
vn 0.354003906 0.733398438 -0.580078125
vn 0.354003906 0.733398438 -0.580078125
vn 0.354003906 0.733398438 -0.580078125
vn 0.354003906 0.733398438 -0.580078125
vn 0.0646972656 0.801757812 -0.59375
vn 0.0646972656 0.801757812 -0.59375
vn 0.0646972656 0.801757812 -0.59375
vn 0.0646972656 0.801757812 -0.59375
vn 0.288085938 0.554199219 -0.780761719
vn 0.288085938 0.554199219 -0.780761719
vn 0.288085938 0.554199219 -0.780761719
vn 0.288085938 0.554199219 -0.780761719
vn 0.323730469 0.482421875 -0.813964844
vn 0.323730469 0.482421875 -0.813964844
vn 0.323730469 0.482421875 -0.813964844
vn 0.323730469 0.482421875 -0.813964844
vn 0.119140625 0.552734375 -0.824707031
vn 0.119140625 0.552734375 -0.824707031
vn 0.119140625 0.552734375 -0.824707031
vn 0.119140625 0.552734375 -0.824707031
vn 0.16418457 0.922851562 -0.348876953
vn 0.16418457 0.922851562 -0.348876953
vn 0.16418457 0.922851562 -0.348876953
vn 0.16418457 0.922851562 -0.348876953
vn 0.279541016 0.645996094 -0.710449219
vn 0.279541016 0.645996094 -0.710449219
vn 0.279541016 0.645996094 -0.710449219
vn 0.279541016 0.645996094 -0.710449219
vn 0.298095703 0.0842895508 -0.950683594
vn 0.298095703 0.0842895508 -0.950683594
vn 0.298095703 0.0842895508 -0.950683594
vn 0.298095703 0.0842895508 -0.950683594
vn 0.185668945 0.743164062 -0.643066406
vn 0.185668945 0.743164062 -0.643066406
vn 0.185668945 0.743164062 -0.643066406
vn 0.185668945 0.743164062 -0.643066406
vn 0.209838867 0.952636719 -0.220581055
vn 0.209838867 0.952636719 -0.220581055
vn 0.209838867 0.952636719 -0.220581055
vn 0.209838867 0.952636719 -0.220581055
vn 0.260009766 -0.425292969 -0.8671875
vn 0.260009766 -0.425292969 -0.8671875
vn 0.260009766 -0.425292969 -0.8671875
vn 0.260009766 -0.425292969 -0.8671875
vn 0.302246094 0.317138672 -0.898925781
vn 0.302246094 0.317138672 -0.898925781
vn 0.302246094 0.317138672 -0.898925781
vn 0.302246094 0.317138672 -0.898925781
vn 0.199951172 0.818359375 -0.5390625
vn 0.199951172 0.818359375 -0.5390625
vn 0.199951172 0.818359375 -0.5390625
vn 0.199951172 0.818359375 -0.5390625
vn 0.391113281 -0.90625 -0.160400391
vn 0.391113281 -0.90625 -0.160400391
vn 0.391113281 -0.90625 -0.160400391
vn 0.391113281 -0.90625 -0.160400391
vn 0.199951172 -0.206420898 -0.958007812
vn 0.199951172 -0.206420898 -0.958007812
vn 0.199951172 -0.206420898 -0.958007812
vn 0.199951172 -0.206420898 -0.958007812
vn 0.268798828 0.432617188 -0.860351562
vn 0.268798828 0.432617188 -0.860351562
vn 0.268798828 0.432617188 -0.860351562
vn 0.268798828 0.432617188 -0.860351562
vn 0.893066406 0.419433594 0.164306641
vn 0.890136719 0.412841797 0.193847656
vn 0.888183594 0.409179688 0.208984375
vn 0.864257812 0.467773438 0.184082031
vn 0.891601562 0.42578125 0.153564453
vn 0.891601562 0.42578125 0.153564453
vn 0.891601562 0.424560547 0.157958984
vn 0.890625 0.418945312 0.177368164
vn 0.887695312 0.408691406 0.211547852
vn 0.887695312 0.408691406 0.211547852
vn 0.887695312 0.408691406 0.211547852
vn 0.887695312 0.408691406 0.211547852
vn 0.887695312 0.408691406 0.211547852
vn 0.774902344 0.159057617 0.611816406
vn 0.891601562 0.42578125 0.153564453
vn 0.891601562 0.42578125 0.153564453
vn 0.891601562 0.42578125 0.153564453
vn 0.891601562 0.42578125 0.153564453
vn 0.731445312 0.635742188 0.247070312
vn 0.626464844 0.322021484 0.709472656
vn 0.889160156 0.412109375 0.198242188
vn 0.864746094 0.467285156 0.184326172
vn 0.887695312 0.408691406 0.211547852
vn 0.868652344 0.457519531 0.188964844
vn 0.887695312 0.408691406 0.211547852
vn 0.843261719 0.512695312 0.161865234
vn 0.843261719 0.512695312 0.161865234
vn 0.887207031 0.450683594 0.100585938
vn 0.843261719 0.512695312 0.161865234
vn 0.843261719 0.512695312 0.161865234
vn 0.732910156 0.623046875 0.273925781
vn 0.888183594 0.407958984 0.211303711
vn 0.565429688 0.764648438 0.310058594
vn 0.5546875 0.775878906 0.301269531
vn 0.389892578 0.468505859 0.79296875
vn 0.565429688 0.764648438 0.310058594
vn 0.768066406 0.604003906 0.212646484
vn 0.503417969 0.849609375 0.158447266
vn 0.750488281 0.608398438 0.257324219
vn 0.728027344 0.671386719 0.140258789
vn 0.889648438 0.425537109 0.166381836
vn 0.917480469 0.360351562 0.168701172
vn 0.843261719 0.512695312 0.161865234
vn 0.843261719 0.512695312 0.161865234
vn 0.864257812 0.467773438 0.184082031
vn 0.88671875 0.449951172 0.10760498
vn 0.869628906 0.455566406 0.189941406
vn 0.890625 0.419189453 0.176269531
vn 0.869140625 0.457275391 0.189086914
vn 0.887695312 0.408691406 0.211547852
vn 0.887695312 0.408691406 0.211547852
vn 0.890136719 0.416748047 0.185180664
vn 0.888183594 0.409179688 0.208984375
vn 0.887695312 0.408691406 0.211547852
vn 0.890625 0.419189453 0.176635742
vn 0.891601562 0.42578125 0.153564453
vn 0.891601562 0.42578125 0.153564453
vn 0.891601562 0.42578125 0.153564453
vn 0.891601562 0.42578125 0.153564453
vn 0.891601562 0.42578125 0.153564453
vn 0.430175781 0.892089844 0.139282227
vn 0.956542969 0.283935547 0.0687866211
vn 0.956054688 0.290283203 -0.034942627
vn 0.390136719 0.8046875 0.447509766
vn 0.962402344 0.217651367 0.162353516
vn 0.891601562 0.42578125 0.153564453
vn 0.891601562 0.42578125 0.153564453
vn 0.891601562 0.42578125 0.153564453
vn 0.891601562 0.42578125 0.153564453
vn 0.891601562 0.42578125 0.153564453
vn 0.891601562 0.42578125 0.153564453
vn 0.972167969 0.164916992 0.166992188
vn 0.827148438 0.507324219 -0.240722656
vn 0.5859375 0.525878906 -0.616699219
vn 0.360839844 0.743164062 -0.562988281
vn 0.849121094 0.326904297 0.415283203
vn 0.654296875 0.709960938 -0.260986328
vn 0.229492188 0.826660156 -0.513671875
vn 0.404785156 0.860839844 -0.30859375
vn 0.946289062 0.275634766 0.170532227
vn 0.6796875 0.715820312 0.161621094
vn 0.810546875 0.445800781 -0.379150391
vn 0.896972656 0.411376953 0.161254883
vn 0.862792969 0.397949219 -0.312011719
vn 0.839355469 0.482910156 -0.249511719
vn 0.524414062 0.542480469 -0.65625
vn 0.597167969 0.608886719 -0.521972656
vn 0.597167969 0.608886719 -0.521972656
vn 0.480224609 0.501464844 -0.719726562
vn 0.754882812 0.592773438 -0.280273438
vn 0.551269531 0.684082031 -0.477539062
vn 0.63671875 0.764648438 0.10144043
vn 0.697265625 0.639648438 0.323486328
vn 0.812988281 0.519042969 0.263427734
vn 0.770019531 0.457519531 0.445068359
vn 0.874511719 0.452392578 -0.174682617
vn 0.885742188 0.457275391 0.0773925781
vn 0.885742188 0.457275391 0.0773925781
vn 0.885742188 0.457275391 0.0773925781
vn 0.885742188 0.457275391 0.0773925781
vn 0.885742188 0.457275391 0.0773925781
vn 0.876953125 0.456054688 0.151733398
vn 0.885742188 0.457275391 0.0773925781
vn 0.860351562 0.467285156 0.202514648
vn 0.860351562 0.480224609 0.170288086
vn 0.811523438 0.483642578 -0.327880859
vn 0.860351562 0.473876953 0.187988281
vn 0.860351562 0.480224609 0.170288086
vn 0.860351562 0.470703125 0.196289062
vn 0.873046875 0.460449219 0.161743164
vn 0.863769531 0.460693359 0.203125
vn 0.860351562 0.480224609 0.170288086
vn 0.885742188 0.457275391 0.0773925781
vn 0.885742188 0.457275391 0.0773925781
vn 0.885742188 0.457275391 0.0773925781
vn 0.885742188 0.457275391 0.0773925781
vn 0.885742188 0.457275391 0.0773925781
vn 0.885742188 0.457275391 0.0773925781
vn 0.885742188 0.457275391 0.0773925781
vn 0.885742188 0.457275391 0.0773925781
vn 0.885742188 0.457275391 0.0773925781
vn 0.876464844 0.278320312 0.393066406
vn 0.885742188 0.457275391 0.0773925781
vn 0.876953125 0.457275391 0.146972656
vn 0.885742188 0.457275391 0.0773925781
vn 0.885742188 0.457275391 0.0773925781
vn 0.873535156 0.456787109 0.16809082
vn 0.859375 0.453613281 0.236206055
vn 0.859375 0.453613281 0.236206055
vn 0.860351562 0.466796875 0.204345703
vn 0.859375 0.453613281 0.236206055
vn 0.860351562 0.468017578 0.201660156
vn 0.859375 0.453613281 0.236206055
vn 0.860351562 0.480224609 0.170288086
vn 0.800292969 0.567871094 0.192504883
vn 0.681152344 0.631347656 -0.370361328
vn 0.165527344 0.435058594 -0.885253906
vn 0.493652344 0.451416016 -0.743164062
vn 0.972167969 0.164916992 0.166992188
vn 0.811523438 0.483642578 -0.327880859
vn 0.896972656 0.411376953 0.161254883
vn 0.946289062 0.275634766 0.170532227
vn 0.972167969 0.164916992 0.166992188
vn 0.869140625 0.465087891 0.169067383
vn 0.876464844 0.4609375 0.139282227
vn 0.869140625 0.465087891 0.169067383
vn 0.875976562 0.461181641 0.141235352
vn 0.879882812 0.458740234 0.125244141
vn 0.878417969 0.459716797 0.131835938
vn 0.869140625 0.465087891 0.169067383
vn 0.869140625 0.465087891 0.169067383
vn 0.703125 0.412353516 0.579101562
vn 0.826171875 0.542480469 0.152954102
vn 0.629882812 0.771484375 0.0891723633
vn 0.629882812 0.771484375 0.0891723633
vn 0.869140625 0.465087891 0.169067383
vn 0.869140625 0.465087891 0.169067383
vn 0.869140625 0.465087891 0.169067383
vn 0.869140625 0.465087891 0.169067383
vn 0.869140625 0.465087891 0.169067383
vn 0.869140625 0.465087891 0.169067383
vn 0.869140625 0.465087891 0.169067383
vn 0.530761719 0.433105469 0.728515625
vn 0.869140625 0.465087891 0.169067383
vn 0.869140625 0.465087891 0.169067383
vn 0.869140625 0.465087891 0.169067383
vn 0.879882812 0.458496094 0.124267578
vn 0.869140625 0.465087891 0.169067383
vn 0.869140625 0.465087891 0.169067383
vn 0.869140625 0.465087891 0.169067383
vn 0.869140625 0.465087891 0.169067383
vn 0.869140625 0.465087891 0.169067383
vn 0.735839844 0.666015625 0.122131348
vn 0.629882812 0.771484375 0.0891723633
vn 0.629882812 0.771484375 0.0891723633
vn 0.629882812 0.771484375 0.0891723633
vn 0.629882812 0.771484375 0.0891723633
vn 0.869140625 0.465087891 0.169067383
vn 0.869140625 0.465087891 0.169067383
vn 0.869140625 0.465087891 0.169067383
vn 0.869140625 0.465087891 0.169067383
vn 0.875976562 0.461181641 0.141723633
vn 0.869140625 0.465087891 0.169067383
vn 0.875976562 0.4609375 0.140625
vn 0.869140625 0.465087891 0.169067383
vn 0.877929688 0.459716797 0.132080078
vn 0.879882812 0.458496094 0.124267578
vn 0.869140625 0.465087891 0.169067383
vn 0.869140625 0.465087891 0.169067383
vn 0.869140625 0.465087891 0.169067383
vn 0.869140625 0.465087891 0.169067383
vn 0.879882812 0.458496094 0.124267578
vn 0.874511719 0.452392578 -0.174682617
vn 0.810546875 0.445800781 -0.379150391
vn 0.876464844 0.278320312 0.393066406
vn 0.781738281 0.287841797 0.553222656
vn 0.770019531 0.457519531 0.445068359
vn 0.675292969 0.508789062 0.533691406
vn 0.697265625 0.639648438 0.323486328
vn 0.812988281 0.519042969 0.263427734
vn 0.69140625 0.452148438 0.563476562
vn 0.69140625 0.452148438 0.563476562
vn 0.73046875 0.559082031 0.392333984
vn -0.8359375 -0.455810547 -0.305175781
vn -0.8359375 -0.455810547 -0.305175781
vn -0.807617188 -0.489257812 -0.329345703
vn -0.625976562 -0.643066406 -0.441162109
vn -0.625976562 -0.643066406 -0.441162109
vn -0.807617188 -0.489257812 -0.329345703
vn -0.598144531 -0.660644531 -0.453857422
vn -0.598144531 -0.660644531 -0.453857422
vn -0.761230469 -0.645019531 -0.0646972656
vn -0.452392578 -0.871582031 -0.188232422
vn -0.452392578 -0.871582031 -0.188232422
vn -0.609863281 -0.78125 -0.13293457
vn -0.905273438 -0.424316406 -0.0228424072
vn -0.930664062 -0.361816406 -0.052734375
vn -0.951171875 -0.296630859 -0.0827026367
vn 0.485351562 0.0785522461 0.870605469
vn 0.849121094 0.326904297 0.415283203
vn 0.703125 0.412353516 0.579101562
vn 0.404052734 0.219238281 0.888183594
vn 0.530761719 0.433105469 0.728515625
vn 0.353515625 0.295654297 0.887207031
vn 0.0143051147 0.392578125 -0.919433594
vn 0.0143051147 0.392578125 -0.919433594
vn 0.681152344 0.631347656 -0.370361328
vn 0.165527344 0.435058594 -0.885253906
vn 0.252441406 0.0250396729 0.967285156
vn 0.389892578 0.468505859 0.79296875
vn 0.170654297 0.0856323242 0.981445312
vn 0.626464844 0.322021484 0.709472656
vn 0.428710938 -0.118835449 0.895507812
vn 0.774902344 0.159057617 0.611816406
vn 0.962402344 0.217651367 0.162353516
vn -0.119934082 0.366210938 -0.922851562
vn -0.171630859 0.370117188 -0.913085938
vn -0.171630859 0.370117188 -0.913085938
vn -0.121887207 0.366210938 -0.922363281
vn -0.0706176758 0.361328125 -0.9296875
vn -0.0706176758 0.361328125 -0.9296875
vn -0.376708984 0.806152344 0.456542969
vn -0.416259766 0.883300781 0.215698242
vn 0.430175781 0.892089844 0.139282227
vn 0.390136719 0.8046875 0.447509766
vn -0.267089844 0.712890625 0.6484375
vn -0.274658203 0.707519531 0.650878906
vn -0.228393555 0.73828125 0.634765625
vn -0.228393555 0.73828125 0.634765625
vn 0.504882812 -0.8515625 -0.142700195
vn 0.497802734 -0.855957031 -0.140380859
vn 0.498535156 -0.85546875 -0.14050293
vn 0.504882812 -0.8515625 -0.142700195
vn 0.405273438 0.484130859 0.775390625
vn 0.405273438 0.484130859 0.775390625
vn 0.405273438 0.484130859 0.775390625
vn 0.405273438 0.484130859 0.775390625
vn -0.445556641 0.750488281 0.488525391
vn -0.451660156 0.770019531 0.450195312
vn -0.451904297 0.770507812 0.44921875
vn -0.445556641 0.750488281 0.488525391
vn -0.437255859 0.875976562 0.202636719
vn -0.671386719 0.735839844 0.0891113281
vn -0.795898438 0.604492188 -0.032989502
vn -0.437255859 0.875976562 0.202636719
vn -0.0116958618 0.104797363 0.994628906
vn -0.015914917 0.121459961 0.992675781
vn -0.0148544312 0.100219727 0.994628906
vn -0.0116119385 0.121520996 0.992675781
vn -0.0318603516 0.130859375 0.990722656
vn -0.0297698975 0.129272461 0.991210938
vn -0.0432739258 0.146118164 0.98828125
vn -0.0426635742 0.140136719 0.989257812
vn -0.0145568848 0.165527344 0.986328125
vn -0.00496673584 0.162231445 0.986816406
vn -0.0126876831 0.157592773 0.987304688
vn -0.00806427002 0.180908203 0.983398438
vn -0.0126113892 0.185791016 0.982421875
vn 0.147583008 0.193115234 0.970214844
vn 0.149414062 0.203125 0.967773438
vn 0.0941772461 0.67578125 0.730957031
vn -0.0346069336 0.671875 0.740234375
vn 0.289794922 0.7265625 0.623046875
vn 0.150024414 -0.984375 -0.0916137695
vn -0.0138931274 -0.9609375 0.276123047
vn 0.0520629883 -0.970214844 0.235839844
vn 0.154296875 -0.980957031 -0.118164062
vn 0.264892578 -0.91015625 -0.319091797
vn 0.287109375 -0.90625 -0.311035156
vn -0.128540039 -0.85546875 -0.501953125
vn -0.0525512695 -0.997558594 0.0451660156
vn -0.11907959 -0.918945312 -0.376464844
vn -0.583496094 -0.809082031 -0.071105957
vn 0.410888672 -0.685058594 0.6015625
vn 0.302001953 -0.927734375 0.21862793
vn 0.422851562 -0.887207031 0.184204102
vn 0.432373047 -0.881347656 0.189819336
vn 0.713867188 -0.682128906 0.159179688
vn 0.572753906 -0.598144531 -0.560546875
vn 0.454589844 -0.846679688 0.277099609
vn 0.882324219 -0.312255859 -0.352783203
vn 0.415527344 -0.861328125 0.291992188
vn 0.626464844 -0.708496094 0.324707031
vn -0 -0.808105469 0.589355469
vn -0 -0.780761719 0.624511719
vn 0.738769531 -0.380615234 0.556152344
vn 0.810058594 -0.330322266 0.484130859
vn 5.36441803E-07 -0.680664062 0.732910156
vn 0.985351562 0.169799805 0.0186462402
vn 0.671386719 -0.444335938 0.593261719
vn 0.635253906 -0.182128906 0.750488281
vn 0.842285156 -0.421386719 -0.336181641
vn -0.807128906 -0.386474609 -0.446289062
vn -0.402832031 0.234619141 -0.884765625
vn 0.918457031 -0.210693359 -0.334472656
vn 0.042388916 -0.156494141 -0.986816406
vn 0.962890625 -0.241088867 -0.120605469
vn 0.984375 -0.0312042236 -0.173217773
vn 0.802734375 -0.596191406 0.0109100342
vn 0.9375 -0.339599609 -0.0779418945
vn 0.674804688 -0.605957031 -0.421386719
vn 0.328369141 -0.806640625 -0.491455078
vn 0.9921875 -0.117431641 -0.0360412598
vn 0.711914062 -0.654296875 0.254638672
vn 0.266845703 -0.959472656 0.089050293
vn 0.937988281 0.0625 0.340576172
vn 0.938476562 0.34375 0.0339660645
vn 0.926269531 0.361328125 -0.107849121
vn 0.954589844 0.0679321289 0.290283203
vn 0.689941406 0.562011719 0.456298828
vn 0.977050781 0.118774414 0.176513672
vn 0.757324219 0.621582031 -0.199951172
vn 0.792480469 0.535644531 -0.291748047
vn 0.522949219 0.830078125 -0.194580078
vn 0.688964844 0.590820312 0.419921875
vn 0.288574219 0.74609375 0.600097656
vn 0.730957031 0.682128906 -0.0150146484
vn 0.455810547 0.849609375 -0.265136719
vn 0.244384766 0.961425781 -0.124633789
vn 0.724121094 0.600585938 0.338623047
vn 0.363037109 0.831054688 0.421386719
vn 0.314208984 0.721679688 0.616699219
vn 0.509277344 0.856933594 0.0780029297
vn 0.248901367 0.934570312 -0.25390625
vn -0 0.993164062 -0.116088867
vn -0 0.968261719 -0.25
vn 0.488769531 0.826660156 -0.278564453
vn 0.255859375 0.951171875 -0.172241211
vn -0 0.985351562 -0.170288086
vn 0.209594727 0.973144531 0.0952148438
vn 0.284667969 0.954589844 0.0866699219
vn 0.262451172 0.879882812 0.395996094
vn 0.303222656 0.870605469 0.387939453
vn 0.370117188 0.704101562 0.605957031
vn -0.26953125 -0.784179688 -0.55859375
vn -0.166381836 -0.443359375 -0.880859375
vn -0.364746094 -0.694824219 -0.620117188
vn -0.236694336 -0.775878906 -0.584472656
vn -0.207519531 -0.967285156 -0.145874023
vn -0.186645508 -0.454345703 -0.87109375
vn 0.0751953125 0.0766601562 -0.994140625
vn -0.120422363 -0.0831298828 -0.989257812
vn -0.272460938 -0.101379395 -0.956542969
vn 0.121032715 0.260009766 -0.958007812
vn -0.240356445 -0.828613281 -0.505371094
vn -0.19909668 -0.977539062 -0.0716552734
vn -0.634277344 0.114624023 -0.764648438
vn -0.160766602 0.296142578 -0.94140625
vn -0.239501953 -0.936035156 0.258056641
vn -0 -0.942382812 0.334472656
vn -0.256591797 -0.948730469 0.18359375
vn -0 -0.982421875 0.185668945
vn -0.19519043 -0.978027344 -0.0733032227
vn -0.619140625 -0.655273438 -0.432617188
vn -0.607910156 -0.674804688 -0.418701172
vn -0.548828125 0.361328125 -0.75390625
vn -0.10369873 0.429199219 -0.897460938
vn -0.956054688 -0.0907592773 -0.279296875
vn -0.928710938 0.224487305 -0.294677734
vn -0.9765625 0.00829315186 -0.214233398
vn -0.250732422 -0.943359375 0.217163086
vn -0 -0.985351562 0.171264648
vn -0.259277344 -0.959960938 -0.105834961
vn -0 -0.986816406 -0.161376953
vn -0.213134766 -0.954589844 0.207641602
vn -0.4375 -0.887695312 0.142822266
vn -0.329345703 -0.926757812 0.17980957
vn -0.689453125 -0.471679688 0.549316406
vn -0.987304688 0.134155273 0.0864257812
vn -0.974121094 -0.190185547 0.121459961
vn -0.792480469 0.562988281 0.234619141
vn -0.994140625 -0.063659668 0.0853271484
vn -0.88671875 -0.4296875 -0.171020508
vn -0.588378906 -0.78515625 -0.193725586
vn -1 -0.0066947937 -0.0121383667
vn -0.872558594 -0.275634766 -0.403564453
vn -0.897949219 0.407226562 0.165893555
vn -0.87109375 -0.478759766 0.109741211
vn -0.798828125 -0.192260742 0.569824219
vn -0.924316406 -0.353759766 0.143920898
vn -1 0.0144729614 0.00765228271
vn -0.841796875 -0.497802734 -0.208129883
vn 0.00285720825 1 -0.000331401825
vn 0.481201172 0.797851562 -0.363525391
vn 0.561035156 0.697753906 -0.4453125
vn -0.94921875 -0.133911133 -0.284423828
vn -0.658203125 -0.413085938 -0.629394531
vn -0.770019531 0.0568847656 -0.635253906
vn -0.493408203 -0.625488281 -0.604492188
vn -0.267822266 -0.312011719 -0.911621094
vn -0.198852539 -0.7734375 -0.602050781
vn -0 -0.786132812 -0.618164062
vn -0 -0.413085938 -0.910644531
vn -0.234741211 0.0812988281 -0.96875
vn -0 0.14465332 -0.989257812
vn -0.926269531 0.0567321777 -0.372070312
vn -0.770996094 -0.0727539062 -0.6328125
vn -0.415283203 -0.0834960938 -0.905761719
vn -0.427490234 -0.0598754883 -0.901855469
vn -0.676757812 0.0745239258 -0.732421875
vn -0.479492188 0.421875 -0.76953125
vn -0.945800781 0.322021484 -0.0429992676
vn -0.840332031 0.413574219 -0.350097656
vn -0.759765625 0.617675781 -0.202148438
vn -0.412353516 0.865234375 -0.28515625
vn -0.513671875 0.770019531 -0.378417969
vn -0.0979614258 0.547363281 -0.831054688
vn -0 0.649902344 -0.760253906
vn -0 0.916503906 -0.400390625
vn -0.199829102 0.855957031 -0.476806641
vn -0.190185547 0.327636719 -0.925292969
vn -0.00119590759 -0.189208984 -0.981933594
vn -0.157714844 0.382568359 -0.91015625
vn -0 0.977050781 -0.212036133
vn -0.191894531 0.369384766 -0.909179688
vn -0.00743865967 -0.16418457 -0.986328125
vn -0 -0.130126953 -0.991699219
vn -0 -0.109436035 -0.994140625
vn 0.478515625 0.876953125 -0.0442504883
vn 0.366210938 0.885742188 -0.284667969
vn 0.541015625 0.825195312 -0.163208008
vn 0.657714844 0.752929688 0.0255584717
vn 0.765136719 0.608886719 -0.208984375
vn 0.59765625 0.653320312 0.464355469
vn 0.854492188 0.517089844 0.0526123047
vn 0.95703125 0.274902344 -0.0916748047
vn 0.620605469 0.602539062 0.501953125
vn 0.415771484 0.303466797 0.857421875
vn 0.677246094 0.453369141 0.579101562
vn 0.986328125 0.137084961 0.0914306641
vn 0.994628906 -0.0284576416 -0.0991210938
vn 0.784667969 0.193847656 0.588867188
vn 0.978515625 -0.145629883 0.144897461
vn 0.923828125 -0.366943359 0.108825684
vn 0.442138672 0.131958008 0.887207031
vn 0.408203125 -0.0665283203 0.910644531
vn 0.781738281 -0.0477600098 0.622070312
vn 0.88671875 -0.380859375 0.262939453
vn 0.689453125 -0.260742188 0.67578125
vn 0.877929688 -0.425537109 0.220092773
vn 0.803710938 -0.593261719 0.0426025391
vn 0.761230469 -0.593261719 0.262207031
vn 0.6640625 -0.747070312 -0.0300445557
vn 0.609863281 -0.760253906 0.223388672
vn 0.469726562 -0.709960938 0.524902344
vn 0.512695312 -0.491699219 0.703613281
vn 0.341308594 -0.421630859 0.83984375
vn -0.665039062 -0.245727539 0.705078125
vn -0.6484375 -0.195800781 0.735351562
vn -0.6484375 -0.195800781 0.735351562
vn -0.677246094 -0.287109375 0.677246094
vn -0.697265625 -0.374755859 0.610839844
vn -0.6484375 -0.195800781 0.735351562
vn -0.681640625 -0.304931641 0.665039062
vn -0.413330078 -0.51171875 0.752929688
vn -0.356689453 -0.487548828 0.796875
vn -0.367919922 -0.475585938 0.798828125
vn -0.384765625 -0.445556641 0.808105469
vn -0.415283203 -0.489013672 0.767089844
vn -0.520996094 -0.570800781 0.634765625
vn -0.5078125 -0.6171875 0.601074219
vn -0.59375 -0.637695312 0.490234375
vn -0.613769531 -0.574707031 0.541015625
vn -0.545898438 -0.514160156 0.661621094
vn -0.517578125 -0.478515625 0.708984375
vn -0.517089844 -0.482177734 0.70703125
vn 0.19128418 -0.881347656 -0.431640625
vn 0.19128418 -0.881347656 -0.431640625
vn 0.19128418 -0.881347656 -0.431640625
vn 0.53515625 -0.447753906 0.716308594
vn 0.53515625 -0.447753906 0.716308594
vn 0.53515625 -0.447753906 0.716308594
vn 0.832519531 0.0740356445 -0.548828125
vn 0.832519531 0.0740356445 -0.548828125
vn 0.832519531 0.0740356445 -0.548828125
vn 0.975585938 0.0558166504 -0.213500977
vn 0.975585938 0.0558166504 -0.213500977
vn 0.975585938 0.0558166504 -0.213500977
vn 0.830078125 0.018661499 -0.557617188
vn 0.830078125 0.018661499 -0.557617188
vn 0.830078125 0.018661499 -0.557617188
vn 0.922851562 -0.106811523 -0.369628906
vn 0.922851562 -0.106811523 -0.369628906
vn 0.922851562 -0.106811523 -0.369628906
vn 0.643554688 -0.155517578 -0.749511719
vn 0.643554688 -0.155517578 -0.749511719
vn 0.643554688 -0.155517578 -0.749511719
vn 0.907714844 0.0772705078 -0.412597656
vn 0.907714844 0.0772705078 -0.412597656
vn 0.907714844 0.0772705078 -0.412597656
vn 0.998046875 0.047454834 -0.0366516113
vn 0.998046875 0.047454834 -0.0366516113
vn 0.998046875 0.047454834 -0.0366516113
vn 0.770019531 0.213256836 -0.6015625
vn 0.770019531 0.213256836 -0.6015625
vn 0.770019531 0.213256836 -0.6015625
vn 0.981445312 0.0472106934 -0.185791016
vn 0.981445312 0.0472106934 -0.185791016
vn 0.981445312 0.0472106934 -0.185791016
vn 0.889160156 0.455566406 -0.0397949219
vn 0.889160156 0.455566406 -0.0397949219
vn 0.889160156 0.455566406 -0.0397949219
vn 0.978515625 0.202636719 -0.0328369141
vn 0.978515625 0.202636719 -0.0328369141
vn 0.978515625 0.202636719 -0.0328369141
vn 0.926757812 0.314941406 -0.205322266
vn 0.926757812 0.314941406 -0.205322266
vn 0.926757812 0.314941406 -0.205322266
vn 0.61328125 -0.704101562 0.357666016
vn 0.61328125 -0.704101562 0.357666016
vn 0.61328125 -0.704101562 0.357666016
vn 0.654296875 -0.266113281 0.708007812
vn 0.654296875 -0.266113281 0.708007812
vn 0.654296875 -0.266113281 0.708007812
vn 0.802246094 -0.471435547 0.366455078
vn 0.802246094 -0.471435547 0.366455078
vn 0.802246094 -0.471435547 0.366455078
vn 0.83984375 -0.536621094 0.0803833008
vn 0.83984375 -0.536621094 0.0803833008
vn 0.83984375 -0.536621094 0.0803833008
vn 0.851074219 -0.386230469 0.35546875
vn 0.851074219 -0.386230469 0.35546875
vn 0.851074219 -0.386230469 0.35546875
vn 0.655761719 -0.754882812 0.0125732422
vn 0.655761719 -0.754882812 0.0125732422
vn 0.655761719 -0.754882812 0.0125732422
vn 0.734375 -0.631347656 0.248657227
vn 0.734375 -0.631347656 0.248657227
vn 0.734375 -0.631347656 0.248657227
vn 0.623535156 -0.756835938 0.196411133
vn 0.623535156 -0.756835938 0.196411133
vn 0.623535156 -0.756835938 0.196411133
vn 0.723144531 -0.632324219 0.277099609
vn 0.723144531 -0.632324219 0.277099609
vn 0.723144531 -0.632324219 0.277099609
vn 0.616210938 -0.581542969 0.531738281
vn 0.616210938 -0.581542969 0.531738281
vn 0.616210938 -0.581542969 0.531738281
vn 0.624023438 -0.386962891 0.679199219
vn 0.624023438 -0.386962891 0.679199219
vn 0.624023438 -0.386962891 0.679199219
vn 0.744140625 -0.0214691162 -0.667480469
vn 0.744140625 -0.0214691162 -0.667480469
vn 0.744140625 -0.0214691162 -0.667480469
vn 0.934082031 -0.00821685791 -0.356689453
vn 0.934082031 -0.00821685791 -0.356689453
vn 0.934082031 -0.00821685791 -0.356689453
vn 0.738769531 -0.077331543 -0.669433594
vn 0.738769531 -0.077331543 -0.669433594
vn 0.738769531 -0.077331543 -0.669433594
vn 0.85546875 -0.184814453 -0.483642578
vn 0.85546875 -0.184814453 -0.483642578
vn 0.85546875 -0.184814453 -0.483642578
vn 0.521972656 -0.263916016 -0.811035156
vn 0.521972656 -0.263916016 -0.811035156
vn 0.521972656 -0.263916016 -0.811035156
vn 0.838378906 -0.00622177124 -0.544921875
vn 0.838378906 -0.00622177124 -0.544921875
vn 0.838378906 -0.00622177124 -0.544921875
vn 0.982910156 0.00218772888 -0.185180664
vn 0.982910156 0.00218772888 -0.185180664
vn 0.982910156 0.00218772888 -0.185180664
vn 0.677246094 0.113525391 -0.7265625
vn 0.677246094 0.113525391 -0.7265625
vn 0.677246094 0.113525391 -0.7265625
vn 0.943847656 -0.0139312744 -0.329345703
vn 0.943847656 -0.0139312744 -0.329345703
vn 0.943847656 -0.0139312744 -0.329345703
vn 0.884277344 0.411621094 -0.219970703
vn 0.884277344 0.411621094 -0.219970703
vn 0.884277344 0.411621094 -0.219970703
vn 0.967773438 0.157470703 -0.196655273
vn 0.967773438 0.157470703 -0.196655273
vn 0.967773438 0.157470703 -0.196655273
vn 0.893554688 0.251953125 -0.371582031
vn 0.893554688 0.251953125 -0.371582031
vn 0.893554688 0.251953125 -0.371582031
vn 0.642089844 -0.684570312 0.344726562
vn 0.642089844 -0.684570312 0.344726562
vn 0.642089844 -0.684570312 0.344726562
vn 0.745117188 -0.212280273 0.632324219
vn 0.745117188 -0.212280273 0.632324219
vn 0.745117188 -0.212280273 0.632324219
vn 0.8359375 -0.460205078 0.299316406
vn 0.8359375 -0.460205078 0.299316406
vn 0.8359375 -0.460205078 0.299316406
vn 0.829101562 -0.55859375 0.0202178955
vn 0.829101562 -0.55859375 0.0202178955
vn 0.829101562 -0.55859375 0.0202178955
vn 0.884765625 -0.37890625 0.271484375
vn 0.884765625 -0.37890625 0.271484375
vn 0.884765625 -0.37890625 0.271484375
vn 0.631835938 -0.774902344 0.00535964966
vn 0.631835938 -0.774902344 0.00535964966
vn 0.631835938 -0.774902344 0.00535964966
vn 0.747558594 -0.629394531 0.211791992
vn 0.747558594 -0.629394531 0.211791992
vn 0.747558594 -0.629394531 0.211791992
vn 0.626953125 -0.755371094 0.190917969
vn 0.626953125 -0.755371094 0.190917969
vn 0.626953125 -0.755371094 0.190917969
vn 0.740722656 -0.626953125 0.241455078
vn 0.740722656 -0.626953125 0.241455078
vn 0.740722656 -0.626953125 0.241455078
vn 0.673828125 -0.543457031 0.500976562
vn 0.673828125 -0.543457031 0.500976562
vn 0.673828125 -0.543457031 0.500976562
vn 0.761230469 -0.269775391 0.589355469
vn 0.761230469 -0.269775391 0.589355469
vn 0.761230469 -0.269775391 0.589355469
vn 0.734863281 0.44921875 -0.5078125
vn 0.734863281 0.44921875 -0.5078125
vn 0.734863281 0.44921875 -0.5078125
vn -0.524414062 0.453125 -0.721191406
vn -0.524414062 0.453125 -0.721191406
vn -0.524414062 0.453125 -0.721191406
vn -0.833984375 -0.0726318359 0.546875
vn -0.833984375 -0.0726318359 0.546875
vn -0.833984375 -0.0726318359 0.546875
vn -0.976074219 -0.0553588867 0.21081543
vn -0.976074219 -0.0553588867 0.21081543
vn -0.976074219 -0.0553588867 0.21081543
vn -0.83203125 -0.0187988281 0.5546875
vn -0.83203125 -0.0187988281 0.5546875
vn -0.83203125 -0.0187988281 0.5546875
vn -0.922851562 0.106567383 0.370361328
vn -0.922851562 0.106567383 0.370361328
vn -0.922851562 0.106567383 0.370361328
vn -0.641113281 0.153930664 0.751953125
vn -0.641113281 0.153930664 0.751953125
vn -0.641113281 0.153930664 0.751953125
vn -0.907714844 -0.0681152344 0.413818359
vn -0.907714844 -0.0681152344 0.413818359
vn -0.907714844 -0.0681152344 0.413818359
vn -0.998535156 -0.0404663086 0.037902832
vn -0.998535156 -0.0404663086 0.037902832
vn -0.998535156 -0.0404663086 0.037902832
vn -0.767089844 -0.216796875 0.603515625
vn -0.767089844 -0.216796875 0.603515625
vn -0.767089844 -0.216796875 0.603515625
vn -0.981445312 -0.0474243164 0.185913086
vn -0.981445312 -0.0474243164 0.185913086
vn -0.981445312 -0.0474243164 0.185913086
vn -0.888183594 -0.458251953 0.0390014648
vn -0.888183594 -0.458251953 0.0390014648
vn -0.888183594 -0.458251953 0.0390014648
vn -0.979003906 -0.201660156 0.0327758789
vn -0.979003906 -0.201660156 0.0327758789
vn -0.979003906 -0.201660156 0.0327758789
vn -0.927734375 -0.314941406 0.201416016
vn -0.927734375 -0.314941406 0.201416016
vn -0.927734375 -0.314941406 0.201416016
vn -0.611816406 0.705078125 -0.358154297
vn -0.611816406 0.705078125 -0.358154297
vn -0.611816406 0.705078125 -0.358154297
vn -0.6484375 0.265380859 -0.713867188
vn -0.6484375 0.265380859 -0.713867188
vn -0.6484375 0.265380859 -0.713867188
vn -0.805664062 0.468994141 -0.362060547
vn -0.805664062 0.468994141 -0.362060547
vn -0.805664062 0.468994141 -0.362060547
vn -0.841796875 0.534179688 -0.0798950195
vn -0.841796875 0.534179688 -0.0798950195
vn -0.841796875 0.534179688 -0.0798950195
vn -0.852539062 0.385498047 -0.352783203
vn -0.852539062 0.385498047 -0.352783203
vn -0.852539062 0.385498047 -0.352783203
vn -0.656738281 0.75390625 -0.0119018555
vn -0.656738281 0.75390625 -0.0119018555
vn -0.656738281 0.75390625 -0.0119018555
vn -0.734375 0.631347656 -0.248657227
vn -0.734375 0.631347656 -0.248657227
vn -0.734375 0.631347656 -0.248657227
vn -0.621582031 0.757324219 -0.198974609
vn -0.621582031 0.757324219 -0.198974609
vn -0.621582031 0.757324219 -0.198974609
vn -0.723632812 0.6328125 -0.275878906
vn -0.723632812 0.6328125 -0.275878906
vn -0.723632812 0.6328125 -0.275878906
vn -0.611816406 0.583007812 -0.534667969
vn -0.611816406 0.583007812 -0.534667969
vn -0.611816406 0.583007812 -0.534667969
vn -0.613769531 0.391357422 -0.685546875
vn -0.613769531 0.391357422 -0.685546875
vn -0.613769531 0.391357422 -0.685546875
vn -0.745605469 0.0227355957 0.666015625
vn -0.745605469 0.0227355957 0.666015625
vn -0.745605469 0.0227355957 0.666015625
vn -0.935058594 0.00838470459 0.354003906
vn -0.935058594 0.00838470459 0.354003906
vn -0.935058594 0.00838470459 0.354003906
vn -0.741210938 0.076965332 0.666992188
vn -0.741210938 0.076965332 0.666992188
vn -0.741210938 0.076965332 0.666992188
vn -0.854980469 0.184692383 0.484619141
vn -0.854980469 0.184692383 0.484619141
vn -0.854980469 0.184692383 0.484619141
vn -0.519042969 0.262451172 0.813476562
vn -0.519042969 0.262451172 0.813476562
vn -0.519042969 0.262451172 0.813476562
vn -0.838378906 0.0154724121 0.545410156
vn -0.838378906 0.0154724121 0.545410156
vn -0.838378906 0.0154724121 0.545410156
vn -0.982421875 0.00489807129 0.185668945
vn -0.982421875 0.00489807129 0.185668945
vn -0.982421875 0.00489807129 0.185668945
vn -0.674804688 -0.116821289 0.729003906
vn -0.674804688 -0.116821289 0.729003906
vn -0.674804688 -0.116821289 0.729003906
vn -0.943847656 0.0137329102 0.329589844
vn -0.943847656 0.0137329102 0.329589844
vn -0.943847656 0.0137329102 0.329589844
vn -0.883300781 -0.414306641 0.219238281
vn -0.883300781 -0.414306641 0.219238281
vn -0.883300781 -0.414306641 0.219238281
vn -0.967773438 -0.156494141 0.196533203
vn -0.967773438 -0.156494141 0.196533203
vn -0.967773438 -0.156494141 0.196533203
vn -0.895019531 -0.252441406 0.367919922
vn -0.895019531 -0.252441406 0.367919922
vn -0.895019531 -0.252441406 0.367919922
vn -0.641113281 0.685546875 -0.345458984
vn -0.641113281 0.685546875 -0.345458984
vn -0.641113281 0.685546875 -0.345458984
vn -0.740234375 0.21081543 -0.638671875
vn -0.740234375 0.21081543 -0.638671875
vn -0.740234375 0.21081543 -0.638671875
vn -0.838867188 0.458496094 -0.293945312
vn -0.838867188 0.458496094 -0.293945312
vn -0.838867188 0.458496094 -0.293945312
vn -0.831054688 0.556152344 -0.0192108154
vn -0.831054688 0.556152344 -0.0192108154
vn -0.831054688 0.556152344 -0.0192108154
vn -0.885742188 0.378417969 -0.268798828
vn -0.885742188 0.378417969 -0.268798828
vn -0.885742188 0.378417969 -0.268798828
vn -0.6328125 0.774414062 -0.00443649292
vn -0.6328125 0.774414062 -0.00443649292
vn -0.6328125 0.774414062 -0.00443649292
vn -0.747558594 0.629394531 -0.211669922
vn -0.747558594 0.629394531 -0.211669922
vn -0.747558594 0.629394531 -0.211669922
vn -0.625976562 0.755371094 -0.193725586
vn -0.625976562 0.755371094 -0.193725586
vn -0.625976562 0.755371094 -0.193725586
vn -0.740722656 0.627441406 -0.240112305
vn -0.740722656 0.627441406 -0.240112305
vn -0.740722656 0.627441406 -0.240112305
vn -0.669433594 0.544433594 -0.504882812
vn -0.669433594 0.544433594 -0.504882812
vn -0.669433594 0.544433594 -0.504882812
vn 0.74609375 0.633789062 0.203857422
vn 0.739746094 0.639160156 0.211791992
vn 0.74609375 0.633789062 0.203857422
vn 0.74609375 0.633789062 0.203857422
vn 0.74609375 0.633789062 0.203857422
vn 0.752441406 0.62890625 0.19543457
vn -0.19128418 -0.881347656 -0.431640625
vn -0.19128418 -0.881347656 -0.431640625
vn -0.19128418 -0.881347656 -0.431640625
vn -0.53515625 -0.447753906 0.716308594
vn -0.53515625 -0.447753906 0.716308594
vn -0.53515625 -0.447753906 0.716308594
vn -0.832519531 0.0740356445 -0.548828125
vn -0.832519531 0.0740356445 -0.548828125
vn -0.832519531 0.0740356445 -0.548828125
vn -0.975585938 0.0558166504 -0.213500977
vn -0.975585938 0.0558166504 -0.213500977
vn -0.975585938 0.0558166504 -0.213500977
vn -0.830078125 0.018661499 -0.557617188
vn -0.830078125 0.018661499 -0.557617188
vn -0.830078125 0.018661499 -0.557617188
vn -0.922851562 -0.106811523 -0.369628906
vn -0.922851562 -0.106811523 -0.369628906
vn -0.922851562 -0.106811523 -0.369628906
vn -0.643554688 -0.155517578 -0.749511719
vn -0.643554688 -0.155517578 -0.749511719
vn -0.643554688 -0.155517578 -0.749511719
vn -0.907714844 0.0772705078 -0.412597656
vn -0.907714844 0.0772705078 -0.412597656
vn -0.907714844 0.0772705078 -0.412597656
vn -0.998046875 0.047454834 -0.0366516113
vn -0.998046875 0.047454834 -0.0366516113
vn -0.998046875 0.047454834 -0.0366516113
vn -0.770019531 0.213256836 -0.6015625
vn -0.770019531 0.213256836 -0.6015625
vn -0.770019531 0.213256836 -0.6015625
vn -0.981445312 0.0472106934 -0.185791016
vn -0.981445312 0.0472106934 -0.185791016
vn -0.981445312 0.0472106934 -0.185791016
vn -0.889160156 0.455566406 -0.0397949219
vn -0.889160156 0.455566406 -0.0397949219
vn -0.889160156 0.455566406 -0.0397949219
vn -0.978515625 0.202636719 -0.0328369141
vn -0.978515625 0.202636719 -0.0328369141
vn -0.978515625 0.202636719 -0.0328369141
vn -0.926757812 0.314941406 -0.205322266
vn -0.926757812 0.314941406 -0.205322266
vn -0.926757812 0.314941406 -0.205322266
vn -0.61328125 -0.704101562 0.357666016
vn -0.61328125 -0.704101562 0.357666016
vn -0.61328125 -0.704101562 0.357666016
vn -0.654296875 -0.266113281 0.708007812
vn -0.654296875 -0.266113281 0.708007812
vn -0.654296875 -0.266113281 0.708007812
vn -0.802246094 -0.471435547 0.366455078
vn -0.802246094 -0.471435547 0.366455078
vn -0.802246094 -0.471435547 0.366455078
vn -0.83984375 -0.536621094 0.0803833008
vn -0.83984375 -0.536621094 0.0803833008
vn -0.83984375 -0.536621094 0.0803833008
vn -0.851074219 -0.386230469 0.35546875
vn -0.851074219 -0.386230469 0.35546875
vn -0.851074219 -0.386230469 0.35546875
vn -0.655761719 -0.754882812 0.0125732422
vn -0.655761719 -0.754882812 0.0125732422
vn -0.655761719 -0.754882812 0.0125732422
vn -0.734375 -0.631347656 0.248657227
vn -0.734375 -0.631347656 0.248657227
vn -0.734375 -0.631347656 0.248657227
vn -0.623535156 -0.756835938 0.196411133
vn -0.623535156 -0.756835938 0.196411133
vn -0.623535156 -0.756835938 0.196411133
vn -0.723144531 -0.632324219 0.277099609
vn -0.723144531 -0.632324219 0.277099609
vn -0.723144531 -0.632324219 0.277099609
vn -0.616210938 -0.581542969 0.531738281
vn -0.616210938 -0.581542969 0.531738281
vn -0.616210938 -0.581542969 0.531738281
vn -0.624023438 -0.386962891 0.679199219
vn -0.624023438 -0.386962891 0.679199219
vn -0.624023438 -0.386962891 0.679199219
vn -0.744140625 -0.0214691162 -0.667480469
vn -0.744140625 -0.0214691162 -0.667480469
vn -0.744140625 -0.0214691162 -0.667480469
vn -0.934082031 -0.00821685791 -0.356689453
vn -0.934082031 -0.00821685791 -0.356689453
vn -0.934082031 -0.00821685791 -0.356689453
vn -0.738769531 -0.077331543 -0.669433594
vn -0.738769531 -0.077331543 -0.669433594
vn -0.738769531 -0.077331543 -0.669433594
vn -0.85546875 -0.184814453 -0.483642578
vn -0.85546875 -0.184814453 -0.483642578
vn -0.85546875 -0.184814453 -0.483642578
vn -0.521972656 -0.263916016 -0.811035156
vn -0.521972656 -0.263916016 -0.811035156
vn -0.521972656 -0.263916016 -0.811035156
vn -0.838378906 -0.00622177124 -0.544921875
vn -0.838378906 -0.00622177124 -0.544921875
vn -0.838378906 -0.00622177124 -0.544921875
vn -0.982910156 0.00218772888 -0.185180664
vn -0.982910156 0.00218772888 -0.185180664
vn -0.982910156 0.00218772888 -0.185180664
vn -0.677246094 0.113525391 -0.7265625
vn -0.677246094 0.113525391 -0.7265625
vn -0.677246094 0.113525391 -0.7265625
vn -0.943847656 -0.0139312744 -0.329345703
vn -0.943847656 -0.0139312744 -0.329345703
vn -0.943847656 -0.0139312744 -0.329345703
vn -0.884277344 0.411621094 -0.219970703
vn -0.884277344 0.411621094 -0.219970703
vn -0.884277344 0.411621094 -0.219970703
vn -0.967773438 0.157470703 -0.196655273
vn -0.967773438 0.157470703 -0.196655273
vn -0.967773438 0.157470703 -0.196655273
vn -0.893554688 0.251953125 -0.371582031
vn -0.893554688 0.251953125 -0.371582031
vn -0.893554688 0.251953125 -0.371582031
vn -0.642089844 -0.684570312 0.344726562
vn -0.642089844 -0.684570312 0.344726562
vn -0.642089844 -0.684570312 0.344726562
vn -0.745117188 -0.212280273 0.632324219
vn -0.745117188 -0.212280273 0.632324219
vn -0.745117188 -0.212280273 0.632324219
vn -0.8359375 -0.460205078 0.299316406
vn -0.8359375 -0.460205078 0.299316406
vn -0.8359375 -0.460205078 0.299316406
vn -0.829101562 -0.55859375 0.0202178955
vn -0.829101562 -0.55859375 0.0202178955
vn -0.829101562 -0.55859375 0.0202178955
vn -0.884765625 -0.37890625 0.271484375
vn -0.884765625 -0.37890625 0.271484375
vn -0.884765625 -0.37890625 0.271484375
vn -0.631835938 -0.774902344 0.00535964966
vn -0.631835938 -0.774902344 0.00535964966
vn -0.631835938 -0.774902344 0.00535964966
vn -0.747558594 -0.629394531 0.211791992
vn -0.747558594 -0.629394531 0.211791992
vn -0.747558594 -0.629394531 0.211791992
vn -0.626953125 -0.755371094 0.190917969
vn -0.626953125 -0.755371094 0.190917969
vn -0.626953125 -0.755371094 0.190917969
vn -0.740722656 -0.626953125 0.241455078
vn -0.740722656 -0.626953125 0.241455078
vn -0.740722656 -0.626953125 0.241455078
vn -0.673828125 -0.543457031 0.500976562
vn -0.673828125 -0.543457031 0.500976562
vn -0.673828125 -0.543457031 0.500976562
vn -0.761230469 -0.269775391 0.589355469
vn -0.761230469 -0.269775391 0.589355469
vn -0.761230469 -0.269775391 0.589355469
vn -0.734863281 0.44921875 -0.5078125
vn -0.734863281 0.44921875 -0.5078125
vn -0.734863281 0.44921875 -0.5078125
vn 0.524414062 0.453125 -0.721191406
vn 0.524414062 0.453125 -0.721191406
vn 0.524414062 0.453125 -0.721191406
vn 0.833984375 -0.0726318359 0.546875
vn 0.833984375 -0.0726318359 0.546875
vn 0.833984375 -0.0726318359 0.546875
vn 0.976074219 -0.0553588867 0.21081543
vn 0.976074219 -0.0553588867 0.21081543
vn 0.976074219 -0.0553588867 0.21081543
vn 0.83203125 -0.0187988281 0.5546875
vn 0.83203125 -0.0187988281 0.5546875
vn 0.83203125 -0.0187988281 0.5546875
vn 0.922851562 0.106567383 0.370361328
vn 0.922851562 0.106567383 0.370361328
vn 0.922851562 0.106567383 0.370361328
vn 0.641113281 0.153930664 0.751953125
vn 0.641113281 0.153930664 0.751953125
vn 0.641113281 0.153930664 0.751953125
vn 0.907714844 -0.0681152344 0.413818359
vn 0.907714844 -0.0681152344 0.413818359
vn 0.907714844 -0.0681152344 0.413818359
vn 0.998535156 -0.0404663086 0.037902832
vn 0.998535156 -0.0404663086 0.037902832
vn 0.998535156 -0.0404663086 0.037902832
vn 0.767089844 -0.216796875 0.603515625
vn 0.767089844 -0.216796875 0.603515625
vn 0.767089844 -0.216796875 0.603515625
vn 0.981445312 -0.0474243164 0.185913086
vn 0.981445312 -0.0474243164 0.185913086
vn 0.981445312 -0.0474243164 0.185913086
vn 0.888183594 -0.458251953 0.0390014648
vn 0.888183594 -0.458251953 0.0390014648
vn 0.888183594 -0.458251953 0.0390014648
vn 0.979003906 -0.201660156 0.0327758789
vn 0.979003906 -0.201660156 0.0327758789
vn 0.979003906 -0.201660156 0.0327758789
vn 0.927734375 -0.314941406 0.201416016
vn 0.927734375 -0.314941406 0.201416016
vn 0.927734375 -0.314941406 0.201416016
vn 0.611816406 0.705078125 -0.358154297
vn 0.611816406 0.705078125 -0.358154297
vn 0.611816406 0.705078125 -0.358154297
vn 0.6484375 0.265380859 -0.713867188
vn 0.6484375 0.265380859 -0.713867188
vn 0.6484375 0.265380859 -0.713867188
vn 0.805664062 0.468994141 -0.362060547
vn 0.805664062 0.468994141 -0.362060547
vn 0.805664062 0.468994141 -0.362060547
vn 0.841796875 0.534179688 -0.0798950195
vn 0.841796875 0.534179688 -0.0798950195
vn 0.841796875 0.534179688 -0.0798950195
vn 0.852539062 0.385498047 -0.352783203
vn 0.852539062 0.385498047 -0.352783203
vn 0.852539062 0.385498047 -0.352783203
vn 0.656738281 0.75390625 -0.0119018555
vn 0.656738281 0.75390625 -0.0119018555
vn 0.656738281 0.75390625 -0.0119018555
vn 0.734375 0.631347656 -0.248657227
vn 0.734375 0.631347656 -0.248657227
vn 0.734375 0.631347656 -0.248657227
vn 0.621582031 0.757324219 -0.198974609
vn 0.621582031 0.757324219 -0.198974609
vn 0.621582031 0.757324219 -0.198974609
vn 0.723632812 0.6328125 -0.275878906
vn 0.723632812 0.6328125 -0.275878906
vn 0.723632812 0.6328125 -0.275878906
vn 0.611816406 0.583007812 -0.534667969
vn 0.611816406 0.583007812 -0.534667969
vn 0.611816406 0.583007812 -0.534667969
vn 0.613769531 0.391357422 -0.685546875
vn 0.613769531 0.391357422 -0.685546875
vn 0.613769531 0.391357422 -0.685546875
vn 0.745605469 0.0227355957 0.666015625
vn 0.745605469 0.0227355957 0.666015625
vn 0.745605469 0.0227355957 0.666015625
vn 0.935058594 0.00838470459 0.354003906
vn 0.935058594 0.00838470459 0.354003906
vn 0.935058594 0.00838470459 0.354003906
vn 0.741210938 0.076965332 0.666992188
vn 0.741210938 0.076965332 0.666992188
vn 0.741210938 0.076965332 0.666992188
vn 0.854980469 0.184692383 0.484619141
vn 0.854980469 0.184692383 0.484619141
vn 0.854980469 0.184692383 0.484619141
vn 0.519042969 0.262451172 0.813476562
vn 0.519042969 0.262451172 0.813476562
vn 0.519042969 0.262451172 0.813476562
vn 0.838378906 0.0154724121 0.545410156
vn 0.838378906 0.0154724121 0.545410156
vn 0.838378906 0.0154724121 0.545410156
vn 0.982421875 0.00489807129 0.185668945
vn 0.982421875 0.00489807129 0.185668945
vn 0.982421875 0.00489807129 0.185668945
vn 0.674804688 -0.116821289 0.729003906
vn 0.674804688 -0.116821289 0.729003906
vn 0.674804688 -0.116821289 0.729003906
vn 0.943847656 0.0137329102 0.329589844
vn 0.943847656 0.0137329102 0.329589844
vn 0.943847656 0.0137329102 0.329589844
vn 0.883300781 -0.414306641 0.219238281
vn 0.883300781 -0.414306641 0.219238281
vn 0.883300781 -0.414306641 0.219238281
vn 0.967773438 -0.156494141 0.196533203
vn 0.967773438 -0.156494141 0.196533203
vn 0.967773438 -0.156494141 0.196533203
vn 0.895019531 -0.252441406 0.367919922
vn 0.895019531 -0.252441406 0.367919922
vn 0.895019531 -0.252441406 0.367919922
vn 0.641113281 0.685546875 -0.345458984
vn 0.641113281 0.685546875 -0.345458984
vn 0.641113281 0.685546875 -0.345458984
vn 0.740234375 0.21081543 -0.638671875
vn 0.740234375 0.21081543 -0.638671875
vn 0.740234375 0.21081543 -0.638671875
vn 0.838867188 0.458496094 -0.293945312
vn 0.838867188 0.458496094 -0.293945312
vn 0.838867188 0.458496094 -0.293945312
vn 0.831054688 0.556152344 -0.0192108154
vn 0.831054688 0.556152344 -0.0192108154
vn 0.831054688 0.556152344 -0.0192108154
vn 0.885742188 0.378417969 -0.268798828
vn 0.885742188 0.378417969 -0.268798828
vn 0.885742188 0.378417969 -0.268798828
vn 0.6328125 0.774414062 -0.00443649292
vn 0.6328125 0.774414062 -0.00443649292
vn 0.6328125 0.774414062 -0.00443649292
vn 0.747558594 0.629394531 -0.211669922
vn 0.747558594 0.629394531 -0.211669922
vn 0.747558594 0.629394531 -0.211669922
vn 0.625976562 0.755371094 -0.193725586
vn 0.625976562 0.755371094 -0.193725586
vn 0.625976562 0.755371094 -0.193725586
vn 0.740722656 0.627441406 -0.240112305
vn 0.740722656 0.627441406 -0.240112305
vn 0.740722656 0.627441406 -0.240112305
vn 0.669433594 0.544433594 -0.504882812
vn 0.669433594 0.544433594 -0.504882812
vn 0.669433594 0.544433594 -0.504882812
vn -0.74609375 0.633789062 0.203857422
vn -0.74609375 0.633789062 0.203857422
vn -0.739746094 0.639160156 0.211791992
vn -0.74609375 0.633789062 0.203857422
vn -0.752441406 0.62890625 0.19543457
vn -0.74609375 0.633789062 0.203857422
vn 0.989746094 0.0489501953 0.135986328
vn 0.997070312 0.0260772705 0.0705566406
vn 0.997070312 0.0260772705 0.0705566406
vn 0.989746094 0.0489501953 0.135986328
vn 0.984375 0.17590332 0.0121765137
vn 0.791015625 0.469726562 -0.391601562
vn -0.524414062 -0.727539062 0.442626953
vn -0.524414062 -0.727539062 0.442626953
vn -0.524414062 -0.727539062 0.442626953
vn -0.524414062 -0.727539062 0.442626953
vn -0.416015625 -0.802246094 0.428710938
vn -0.416015625 -0.802246094 0.428710938
vn -0.416015625 -0.802246094 0.428710938
vn -0.416015625 -0.802246094 0.428710938
vn -0.575195312 -0.530761719 0.622558594
vn -0.575195312 -0.530761719 0.622558594
vn -0.575195312 -0.530761719 0.622558594
vn -0.575195312 -0.530761719 0.622558594
vn -0.0337219238 0.971191406 0.236694336
vn -0.0337219238 0.971191406 0.236694336
vn -0.0337219238 0.971191406 0.236694336
vn -0.0337219238 0.971191406 0.236694336
vn -0.367431641 -0.731933594 0.57421875
vn -0.367431641 -0.731933594 0.57421875
vn -0.367431641 -0.731933594 0.57421875
vn -0.367431641 -0.731933594 0.57421875
vn -0.232910156 0.972167969 -0.0296020508
vn -0.232910156 0.972167969 -0.0296020508
vn -0.232910156 0.972167969 -0.0296020508
vn -0.232910156 0.972167969 -0.0296020508
vn 0.0251617432 0.991699219 0.125
vn 0.0251617432 0.991699219 0.125
vn 0.0251617432 0.991699219 0.125
vn 0.0251617432 0.991699219 0.125
vn -0.137573242 0.870605469 -0.472167969
vn -0.137573242 0.870605469 -0.472167969
vn -0.137573242 0.870605469 -0.472167969
vn -0.137573242 0.870605469 -0.472167969
vn -0.211181641 0.971679688 -0.108093262
vn -0.211181641 0.971679688 -0.108093262
vn -0.211181641 0.971679688 -0.108093262
vn -0.211181641 0.971679688 -0.108093262
vn -0.369873047 0.403076172 -0.836914062
vn -0.369873047 0.403076172 -0.836914062
vn -0.369873047 0.403076172 -0.836914062
vn -0.369873047 0.403076172 -0.836914062
vn -0.184814453 0.817871094 -0.544921875
vn -0.184814453 0.817871094 -0.544921875
vn -0.184814453 0.817871094 -0.544921875
vn -0.184814453 0.817871094 -0.544921875
vn -0.434326172 -0.271240234 0.858886719
vn -0.434326172 -0.271240234 0.858886719
vn -0.434326172 -0.271240234 0.858886719
vn -0.434326172 -0.271240234 0.858886719
vn -0.772949219 -0.450683594 0.446289062
vn -0.772949219 -0.450683594 0.446289062
vn -0.772949219 -0.450683594 0.446289062
vn -0.772949219 -0.450683594 0.446289062
vn -0.479736328 0.322265625 -0.815917969
vn -0.479736328 0.322265625 -0.815917969
vn -0.479736328 0.322265625 -0.815917969
vn -0.479736328 0.322265625 -0.815917969
vn -0.496826172 0.145751953 -0.85546875
vn -0.496826172 0.145751953 -0.85546875
vn -0.496826172 0.145751953 -0.85546875
vn -0.496826172 0.145751953 -0.85546875
vn -0.536621094 -0.577148438 0.615722656
vn -0.536621094 -0.577148438 0.615722656
vn -0.536621094 -0.577148438 0.615722656
vn -0.536621094 -0.577148438 0.615722656
vn -0.308837891 -0.15612793 0.937988281
vn -0.308837891 -0.15612793 0.937988281
vn -0.308837891 -0.15612793 0.937988281
vn -0.308837891 -0.15612793 0.937988281
vn -0.709472656 -0.366210938 0.602050781
vn -0.709472656 -0.366210938 0.602050781
vn -0.709472656 -0.366210938 0.602050781
vn -0.709472656 -0.366210938 0.602050781
vn -0.189575195 -0.0412597656 -0.980957031
vn -0.189575195 -0.0412597656 -0.980957031
vn -0.189575195 -0.0412597656 -0.980957031
vn -0.189575195 -0.0412597656 -0.980957031
vn -0.614257812 0.0701293945 -0.786132812
vn -0.614257812 0.0701293945 -0.786132812
vn -0.614257812 0.0701293945 -0.786132812
vn -0.614257812 0.0701293945 -0.786132812
vn -0.453613281 -0.482666016 0.749023438
vn -0.453613281 -0.482666016 0.749023438
vn -0.453613281 -0.482666016 0.749023438
vn -0.453613281 -0.482666016 0.749023438
vn -0.395751953 0.512695312 -0.762207031
vn -0.395751953 0.512695312 -0.762207031
vn -0.395751953 0.512695312 -0.762207031
vn -0.395751953 0.512695312 -0.762207031
vn -0.333496094 -0.142089844 -0.932128906
vn -0.333496094 -0.142089844 -0.932128906
vn -0.333496094 -0.142089844 -0.932128906
vn -0.333496094 -0.142089844 -0.932128906
vn -0.0531921387 0.99609375 -0.0724487305
vn -0.0531921387 0.99609375 -0.0724487305
vn -0.0531921387 0.99609375 -0.0724487305
vn -0.0531921387 0.99609375 -0.0724487305
vn -0.491210938 0.440673828 -0.751464844
vn -0.491210938 0.440673828 -0.751464844
vn -0.491210938 0.440673828 -0.751464844
vn -0.491210938 0.440673828 -0.751464844
vn -0.542480469 0.0234375 0.83984375
vn -0.542480469 0.0234375 0.83984375
vn -0.542480469 0.0234375 0.83984375
vn -0.542480469 0.0234375 0.83984375
vn -0.0391845703 0.982910156 -0.178833008
vn -0.0391845703 0.982910156 -0.178833008
vn -0.0391845703 0.982910156 -0.178833008
vn -0.0391845703 0.982910156 -0.178833008
vn -0.552246094 -0.786132812 0.276855469
vn -0.552246094 -0.786132812 0.276855469
vn -0.552246094 -0.786132812 0.276855469
vn -0.552246094 -0.786132812 0.276855469
vn -0.411865234 0.138671875 0.900878906
vn -0.411865234 0.138671875 0.900878906
vn -0.411865234 0.138671875 0.900878906
vn -0.411865234 0.138671875 0.900878906
vn -0.636230469 -0.61328125 0.468017578
vn -0.636230469 -0.61328125 0.468017578
vn -0.636230469 -0.61328125 0.468017578
vn -0.636230469 -0.61328125 0.468017578
vn -0.71875 0.666992188 0.196411133
vn -0.697265625 0.639648438 0.323486328
vn -0.708984375 0.670898438 0.217651367
vn -0.708984375 0.670898438 0.217651367
vn -0.681152344 0.631347656 -0.370361328
vn -0.800292969 0.567871094 0.192504883
vn -0.735839844 0.658691406 0.15612793
vn -0.73046875 0.559082031 0.392333984
vn -0.697265625 0.639648438 0.323486328
vn -0.71875 0.666992188 0.196411133
vn -0.735839844 0.658691406 0.15612793
vn -0.482177734 -0.861328125 -0.161254883
vn -0.482177734 -0.861328125 -0.161132812
vn -0.474121094 -0.868652344 -0.143554688
vn -0.474121094 -0.868652344 -0.143554688
vn -0.494140625 -0.83203125 -0.252685547
vn -0.494140625 -0.83203125 -0.252685547
vn -0.494140625 -0.833007812 -0.249511719
vn -0.494140625 -0.833007812 -0.249511719
vn -0.161376953 0.160766602 -0.973632812
vn -0.161376953 0.160766602 -0.973632812
vn -0.161376953 0.160766602 -0.973632812
vn -0.161376953 0.160766602 -0.973632812
vn 0.495361328 0.812988281 0.306396484
vn 0.495361328 0.812988281 0.306396484
vn 0.495361328 0.812988281 0.306396484
vn 0.495361328 0.812988281 0.306396484
vn 0.497070312 0.727050781 0.473388672
vn 0.501953125 0.723144531 0.474853516
vn 0.521972656 0.705078125 0.480224609
vn 0.521972656 0.705078125 0.480224609
vn 0.0218505859 0.255615234 -0.966308594
vn 0.0218505859 0.255615234 -0.966308594
vn 0.0218505859 0.255615234 -0.966308594
vn 0.0218505859 0.255615234 -0.966308594
vn -0.251953125 -0.136108398 -0.958007812
vn -0.251953125 -0.136108398 -0.958007812
vn -0.445556641 -0.568359375 -0.691894531
vn -0.457763672 -0.602050781 -0.654296875
vn -0.767578125 -0.631347656 -0.112121582
vn -0.767578125 -0.631347656 -0.112121582
vn -0.767578125 -0.631347656 -0.112121582
vn -0.767578125 -0.631347656 -0.112121582
vn 0.504394531 0.841796875 0.192749023
vn 0.504394531 0.841308594 0.193237305
vn 0.5078125 0.838378906 0.198364258
vn 0.5078125 0.838378906 0.198364258
vn -0.501953125 -0.856933594 -0.118041992
vn -0.501953125 -0.856933594 -0.118041992
vn -0.495117188 -0.860351562 -0.121948242
vn -0.495361328 -0.859863281 -0.121826172
vn 0.468261719 0.870117188 0.152832031
vn 0.468261719 0.870117188 0.152832031
vn 0.468261719 0.870117188 0.152832031
vn 0.468261719 0.870117188 0.152832031
vn 0.745605469 0.658691406 0.098815918
vn 0.745605469 0.658691406 0.098815918
vn 0.731445312 0.674316406 0.100097656
vn 0.731933594 0.673828125 0.100036621
vn -0.00545120239 0.205566406 -0.978515625
vn -0.00545120239 0.205566406 -0.978515625
vn -0.00545120239 0.205566406 -0.978515625
vn -0.00545120239 0.205566406 -0.978515625
vn -0.0247039795 0.326171875 -0.944824219
vn -0.0247039795 0.326171875 -0.944824219
vn -0.0258026123 0.324462891 -0.945800781
vn -0.0258026123 0.324462891 -0.945800781
vn 0.467773438 0.873046875 0.136474609
vn 0.467773438 0.873046875 0.136474609
vn 0.467773438 0.873046875 0.136474609
vn 0.467773438 0.873046875 0.136474609
vn 0.494873047 0.825195312 0.272949219
vn 0.494873047 0.825195312 0.272949219
vn 0.494873047 0.825195312 0.272949219
vn 0.494873047 0.825195312 0.272949219
vn -0.0808105469 -0.0961914062 0.9921875
vn -0.0808105469 -0.0961914062 0.9921875
vn -0.0808105469 -0.0961914062 0.9921875
vn -0.0808105469 -0.0961914062 0.9921875
vn -0.322021484 0.526855469 -0.786621094
vn -0.322021484 0.526855469 -0.786621094
vn -0.322021484 0.526855469 -0.786621094
vn -0.322021484 0.526855469 -0.786621094
vn 0.0441589355 -0.133422852 0.990234375
vn 0.0441589355 -0.133422852 0.990234375
vn 0.0441589355 -0.133422852 0.990234375
vn 0.0441589355 -0.133422852 0.990234375
vn -0.0342102051 0.310302734 -0.950195312
vn -0.0342102051 0.310302734 -0.950195312
vn -0.0342102051 0.310302734 -0.950195312
vn -0.0342102051 0.310302734 -0.950195312
vn 0.467773438 0.873046875 0.136474609
vn 0.467773438 0.873046875 0.136474609
vn 0.467773438 0.873046875 0.136474609
vn 0.467773438 0.873046875 0.136474609
vn -0.481201172 -0.837890625 -0.258544922
vn -0.480957031 -0.837890625 -0.2578125
vn -0.4765625 -0.843261719 -0.248168945
vn -0.4765625 -0.843261719 -0.248168945
vn 0.482666016 0.858886719 0.171142578
vn 0.482666016 0.858886719 0.171142578
vn 0.490234375 0.853027344 0.180175781
vn 0.490234375 0.853027344 0.180175781
vn -0.0158081055 0.186401367 -0.982421875
vn -0.0158081055 0.186401367 -0.982421875
vn -0.0158081055 0.186401367 -0.982421875
vn -0.0158081055 0.186401367 -0.982421875
vn 0.0520324707 0.488769531 -0.87109375
vn 0.0520324707 0.488769531 -0.87109375
vn 0.0720825195 0.471191406 -0.87890625
vn 0.0741577148 0.469482422 -0.879882812
vn -0.467773438 -0.873046875 -0.136474609
vn -0.467773438 -0.873046875 -0.136474609
vn -0.467773438 -0.873046875 -0.136474609
vn -0.467773438 -0.873046875 -0.136474609
vn 0.476074219 0.831542969 0.286621094
vn 0.476074219 0.831542969 0.286621094
vn 0.480712891 0.825683594 0.294921875
vn 0.480957031 0.825683594 0.295410156
vn -0.454345703 -0.791503906 -0.408447266
vn -0.454345703 -0.791503906 -0.408447266
vn -0.451416016 -0.795410156 -0.404541016
vn -0.451416016 -0.795410156 -0.404541016
vn 0.0554199219 -0.345947266 0.936523438
vn 0.0557861328 -0.346191406 0.936523438
vn 0.351318359 0.263671875 0.8984375
vn 0.351318359 0.263671875 0.8984375
vn -0.0258026123 0.324462891 -0.945800781
vn -0.0258026123 0.324462891 -0.945800781
vn -0.0269012451 0.322509766 -0.946289062
vn -0.0269012451 0.322509766 -0.946289062
vn 0.036895752 0.397705078 -0.916992188
vn 0.036895752 0.397705078 -0.916992188
vn 0.036895752 0.397705078 -0.916992188
vn 0.036895752 0.397705078 -0.916992188
vn -0.45703125 -0.788085938 -0.412353516
vn -0.45703125 -0.788085938 -0.412353516
vn -0.454345703 -0.791503906 -0.408447266
vn -0.454345703 -0.791503906 -0.408447266
vn 0.65234375 0.739746094 0.164428711
vn 0.65234375 0.739746094 0.164306641
vn 0.643554688 0.757324219 0.110961914
vn 0.643554688 0.757324219 0.110961914
vn -0.485595703 -0.83203125 -0.268310547
vn -0.485595703 -0.83203125 -0.268310547
vn -0.480957031 -0.837890625 -0.2578125
vn -0.481201172 -0.837890625 -0.258544922
vn -0.453125 -0.775390625 -0.439697266
vn -0.453125 -0.775390625 -0.439941406
vn -0.449951172 -0.780273438 -0.434814453
vn -0.449951172 -0.780273438 -0.434814453
vn -0.460205078 -0.7890625 -0.406494141
vn -0.460205078 -0.7890625 -0.406494141
vn -0.460205078 -0.7890625 -0.406494141
vn -0.460205078 -0.7890625 -0.406494141
vn -0.495117188 -0.818359375 -0.291503906
vn -0.495117188 -0.818359375 -0.291503906
vn -0.495361328 -0.815917969 -0.298339844
vn -0.495361328 -0.815917969 -0.298339844
vn 0.345214844 0.317382812 0.883300781
vn 0.345214844 0.317382812 0.883300781
vn 0.201416016 -0.00830078125 0.979492188
vn 0.202758789 -0.00568389893 0.979003906
vn 0.308105469 0.274658203 0.910644531
vn 0.308105469 0.274658203 0.910644531
vn 0.462402344 0.750488281 0.472412109
vn 0.462402344 0.750488281 0.472412109
vn -0.524902344 -0.7265625 -0.443359375
vn -0.524902344 -0.7265625 -0.443359375
vn -0.506347656 -0.745117188 -0.434082031
vn -0.501464844 -0.749511719 -0.431884766
vn -0.494384766 -0.830078125 -0.2578125
vn -0.494384766 -0.830078125 -0.2578125
vn -0.494384766 -0.830078125 -0.2578125
vn -0.494384766 -0.830078125 -0.2578125
vn 0.0148620605 -0.342529297 0.939453125
vn 0.0148620605 -0.342529297 0.939453125
vn 0.0148620605 -0.342529297 0.939453125
vn 0.0148620605 -0.342529297 0.939453125
vn 0.0263824463 0.378662109 -0.925292969
vn 0.0263824463 0.378662109 -0.925292969
vn 0.0263824463 0.378662109 -0.925292969
vn 0.0263824463 0.378662109 -0.925292969
vn 0.010887146 -0.440917969 0.897460938
vn 0.010887146 -0.440917969 0.897460938
vn 0.010887146 -0.440917969 0.897460938
vn 0.010887146 -0.440917969 0.897460938
vn -0.494140625 -0.833007812 -0.249511719
vn -0.494140625 -0.833007812 -0.249511719
vn -0.493896484 -0.833984375 -0.246337891
vn -0.493896484 -0.833984375 -0.246337891
vn 0.0173034668 -0.338623047 0.940917969
vn 0.0173034668 -0.338623047 0.940917969
vn 0.0173034668 -0.338623047 0.940917969
vn 0.0173034668 -0.338623047 0.940917969
vn 0.495361328 0.811035156 0.311279297
vn 0.495361328 0.811035156 0.311279297
vn 0.495361328 0.811035156 0.311279297
vn 0.495361328 0.811035156 0.311279297
vn -0.447265625 -0.787597656 -0.424072266
vn -0.447265625 -0.787597656 -0.424072266
vn -0.447265625 -0.787597656 -0.424072266
vn -0.447265625 -0.787597656 -0.424072266
vn -0.447021484 -0.875488281 -0.182861328
vn -0.447021484 -0.875488281 -0.182861328
vn -0.447021484 -0.875488281 -0.182861328
vn -0.447021484 -0.875488281 -0.182861328
vn 0.686035156 0.713867188 0.141479492
vn 0.686035156 0.713867188 0.141479492
vn 0.686035156 0.713867188 0.141479492
vn 0.686035156 0.713867188 0.141479492
vn -0.525390625 -0.729492188 -0.438232422
vn -0.525390625 -0.729492188 -0.438232422
vn -0.504882812 -0.746582031 -0.433349609
vn -0.499755859 -0.750488281 -0.432128906
vn -0.465576172 -0.780761719 -0.416748047
vn -0.465332031 -0.780761719 -0.416748047
vn 0.0318603516 -0.21887207 0.975097656
vn 0.0318603516 -0.21887207 0.975097656
vn 0.0318603516 -0.21887207 0.975097656
vn 0.0318603516 -0.21887207 0.975097656
vn -0.177490234 -0.338134766 0.924316406
vn -0.177490234 -0.338134766 0.924316406
vn -0.177490234 -0.338134766 0.924316406
vn -0.177490234 -0.338134766 0.924316406
vn -0.495361328 -0.859863281 -0.121826172
vn -0.495117188 -0.860351562 -0.121948242
vn -0.480712891 -0.868652344 -0.11907959
vn -0.480712891 -0.868652344 -0.119140625
vn 0.0522155762 -0.344482422 0.9375
vn 0.0522155762 -0.344482422 0.9375
vn 0.0557861328 -0.346191406 0.936523438
vn 0.0554199219 -0.345947266 0.936523438
vn 0.0570983887 -0.242553711 0.968261719
vn 0.0570983887 -0.242553711 0.968261719
vn 0.0570983887 -0.242553711 0.968261719
vn 0.0570983887 -0.242553711 0.968261719
vn 0.0203094482 0.252685547 -0.967285156
vn 0.0203094482 0.252685547 -0.967285156
vn 0.0203094482 0.252685547 -0.967285156
vn 0.0203094482 0.252685547 -0.967285156
vn 0.0295562744 0.375488281 -0.926269531
vn 0.0295562744 0.375488281 -0.926269531
vn 0.0295562744 0.375488281 -0.926269531
vn 0.0295562744 0.375488281 -0.926269531
vn 0.459960938 0.775878906 0.431884766
vn 0.459960938 0.775878906 0.431884766
vn 0.459960938 0.775878906 0.431884766
vn 0.459960938 0.775878906 0.431884766
vn 0.160400391 -0.199462891 0.966796875
vn 0.160400391 -0.199462891 0.966796875
vn 0.160400391 -0.199462891 0.966796875
vn 0.160400391 -0.199462891 0.966796875
vn 0.370605469 0.280517578 0.885253906
vn 0.268066406 0.0737304688 0.960449219
vn -0.0200195312 -0.403320312 0.915039062
vn -0.0200195312 -0.403320312 0.915039062
vn -0.0385742188 0.391845703 -0.919433594
vn -0.0385742188 0.391845703 -0.919433594
vn -0.0385742188 0.391845703 -0.919433594
vn -0.0385742188 0.391845703 -0.919433594
vn -0.467773438 -0.873046875 -0.136474609
vn -0.467773438 -0.873046875 -0.136474609
vn -0.467773438 -0.873046875 -0.136474609
vn -0.467773438 -0.873046875 -0.136474609
vn 0.480957031 0.836425781 0.263183594
vn 0.480712891 0.836425781 0.264160156
vn 0.476074219 0.833007812 0.281494141
vn 0.476074219 0.833007812 0.281494141
vn 0.346923828 0.245727539 0.905273438
vn 0.346923828 0.245727539 0.905273438
vn 0.502929688 0.718261719 0.480712891
vn 0.498535156 0.72265625 0.478759766
vn -0.00693893433 0.202758789 -0.979003906
vn -0.00693893433 0.202758789 -0.979003906
vn -0.00693893433 0.202758789 -0.979003906
vn -0.00693893433 0.202758789 -0.979003906
vn 0.00690460205 -0.313964844 0.94921875
vn 0.00690460205 -0.313964844 0.94921875
vn 0.00690460205 -0.313964844 0.94921875
vn 0.00690460205 -0.313964844 0.94921875
vn 0.114257812 -0.195556641 0.974121094
vn 0.114257812 -0.195556641 0.974121094
vn 0.114257812 -0.195556641 0.974121094
vn 0.114257812 -0.195556641 0.974121094
vn -0.457763672 -0.602050781 -0.654296875
vn -0.445556641 -0.568359375 -0.691894531
vn -0.501464844 -0.851074219 -0.15637207
vn -0.500976562 -0.8515625 -0.155151367
vn 0.0567321777 -0.358886719 0.931640625
vn 0.0567321777 -0.358886719 0.931640625
vn 0.346923828 0.245727539 0.905273438
vn 0.346923828 0.245727539 0.905273438
vn -0.501464844 -0.749511719 -0.431884766
vn -0.506347656 -0.745117188 -0.434082031
vn -0.482666016 -0.767089844 -0.422363281
vn -0.482666016 -0.767089844 -0.422363281
vn -0.024810791 0.325927734 -0.944824219
vn -0.024810791 0.325927734 -0.944824219
vn -0.024810791 0.325927734 -0.944824219
vn -0.024810791 0.325927734 -0.944824219
vn -0.0301055908 -0.417236328 0.908203125
vn -0.0301055908 -0.417236328 0.908203125
vn -0.0301055908 -0.417236328 0.908203125
vn -0.0301055908 -0.417236328 0.908203125
vn 0.0170440674 0.39453125 -0.918945312
vn 0.0170440674 0.39453125 -0.918945312
vn 0.0141983032 0.421630859 -0.906738281
vn 0.0142059326 0.421630859 -0.906738281
vn 0.0142059326 0.421630859 -0.906738281
vn 0.0141983032 0.421630859 -0.906738281
vn 0.0113601685 0.448242188 -0.894042969
vn 0.0113601685 0.448242188 -0.894042969
vn -0.494873047 -0.825195312 -0.272949219
vn -0.494873047 -0.825195312 -0.272949219
vn -0.494873047 -0.825195312 -0.272949219
vn -0.494873047 -0.825195312 -0.272949219
vn 0.0314941406 -0.249755859 0.967773438
vn 0.0314941406 -0.249755859 0.967773438
vn 0.0314941406 -0.249755859 0.967773438
vn 0.0314941406 -0.249755859 0.967773438
vn -0.447021484 -0.784667969 -0.4296875
vn -0.447021484 -0.784667969 -0.4296875
vn -0.447021484 -0.784667969 -0.4296875
vn -0.447021484 -0.784667969 -0.4296875
vn -0.030090332 -0.203979492 0.978515625
vn -0.030090332 -0.203979492 0.978515625
vn -0.030090332 -0.203979492 0.978515625
vn -0.030090332 -0.203979492 0.978515625
vn 0.0282745361 0.382080078 -0.923828125
vn 0.0282745361 0.382080078 -0.923828125
vn 0.0282745361 0.382080078 -0.923828125
vn 0.0282745361 0.382080078 -0.923828125
vn 0.151489258 0.147216797 -0.977539062
vn 0.151489258 0.147216797 -0.977539062
vn 0.151489258 0.147216797 -0.977539062
vn 0.151489258 0.147216797 -0.977539062
vn -0.500976562 -0.8515625 -0.155151367
vn -0.501464844 -0.851074219 -0.15637207
vn -0.49609375 -0.856445312 -0.141723633
vn -0.49609375 -0.856445312 -0.141723633
vn -0.447265625 -0.787597656 -0.424072266
vn -0.447265625 -0.787597656 -0.424072266
vn -0.447265625 -0.787597656 -0.424072266
vn -0.447265625 -0.787597656 -0.424072266
vn 0.111633301 0.280029297 -0.953613281
vn 0.111633301 0.280029297 -0.953613281
vn 0.111633301 0.280029297 -0.953613281
vn 0.111633301 0.280029297 -0.953613281
vn -0.489990234 -0.853027344 -0.178710938
vn -0.489990234 -0.853027344 -0.178710938
vn -0.482177734 -0.861328125 -0.161132812
vn -0.482177734 -0.861328125 -0.161254883
vn -0.0440063477 -0.410644531 0.910644531
vn -0.0440063477 -0.410644531 0.910644531
vn -0.0440063477 -0.410644531 0.910644531
vn -0.0440063477 -0.410644531 0.910644531
vn 0.495117188 0.820800781 0.284667969
vn 0.495117188 0.820800781 0.284667969
vn 0.495117188 0.820800781 0.284667969
vn 0.495117188 0.820800781 0.284667969
vn -0.480712891 -0.831542969 -0.278808594
vn -0.480957031 -0.831542969 -0.278564453
vn -0.485595703 -0.831054688 -0.270751953
vn -0.485595703 -0.831054688 -0.270751953
vn -0.178588867 0.501464844 -0.846679688
vn -0.178588867 0.501464844 -0.846679688
vn -0.178588867 0.501464844 -0.846679688
vn -0.178588867 0.501464844 -0.846679688
vn 0.475097656 0.864746094 0.161987305
vn 0.475097656 0.864746094 0.161987305
vn 0.482666016 0.858886719 0.171142578
vn 0.482666016 0.858886719 0.171142578
vn 0.860351562 0.454589844 0.231323242
vn 0.860351562 0.454589844 0.231323242
vn 0.860351562 0.454589844 0.231323242
vn 0.860351562 0.454589844 0.231323242
vn 0.451660156 0.770019531 0.450195312
vn 0.451904297 0.770507812 0.44921875
vn 0.45703125 0.7890625 0.410644531
vn 0.45703125 0.7890625 0.410644531
vn -0.468261719 -0.870117188 -0.152832031
vn -0.468261719 -0.870117188 -0.152832031
vn -0.468261719 -0.870117188 -0.152832031
vn -0.468261719 -0.870117188 -0.152832031
vn -0.495117188 -0.820800781 -0.284423828
vn -0.495117188 -0.820800781 -0.284423828
vn -0.495117188 -0.818359375 -0.291503906
vn -0.495117188 -0.818359375 -0.291503906
vn 0.0741577148 0.469482422 -0.879882812
vn 0.0720825195 0.471191406 -0.87890625
vn 0.0946044922 0.451171875 -0.887207031
vn 0.0946044922 0.451171875 -0.887207031
vn -0.468261719 -0.870117188 -0.152832031
vn -0.468261719 -0.870117188 -0.152832031
vn -0.468261719 -0.870117188 -0.152832031
vn -0.468261719 -0.870117188 -0.152832031
vn -0.476074219 -0.831542969 -0.286621094
vn -0.476074219 -0.831542969 -0.286621094
vn -0.480957031 -0.831542969 -0.278564453
vn -0.480712891 -0.831542969 -0.278808594
vn -0.5234375 -0.715820312 -0.462158203
vn -0.5234375 -0.715820312 -0.462158203
vn -0.505859375 -0.745605469 -0.433349609
vn -0.501464844 -0.752929688 -0.426269531
vn 0.476318359 0.862304688 0.172119141
vn 0.476318359 0.862304688 0.172119141
vn 0.485107422 0.857910156 0.169555664
vn 0.485107422 0.857910156 0.169555664
vn 0.0191955566 -0.335205078 0.941894531
vn 0.0191955566 -0.335205078 0.941894531
vn 0.0191955566 -0.335205078 0.941894531
vn 0.0191955566 -0.335205078 0.941894531
vn 0.498535156 0.72265625 0.478759766
vn 0.502929688 0.718261719 0.480712891
vn 0.520996094 0.700195312 0.48828125
vn 0.520996094 0.700195312 0.48828125
vn -0.0143814087 0.188964844 -0.981933594
vn -0.0143814087 0.188964844 -0.981933594
vn -0.0143814087 0.188964844 -0.981933594
vn -0.0143814087 0.188964844 -0.981933594
vn -0.0321655273 -0.419921875 0.906738281
vn -0.0321655273 -0.419921875 0.906738281
vn -0.0321655273 -0.419921875 0.906738281
vn -0.0321655273 -0.419921875 0.906738281
vn -0.451660156 -0.878417969 -0.155639648
vn -0.451660156 -0.878417969 -0.155639648
vn -0.451660156 -0.878417969 -0.155639648
vn -0.451660156 -0.878417969 -0.155639648
vn -0.480712891 -0.868652344 -0.119140625
vn -0.480712891 -0.868652344 -0.11907959
vn -0.472412109 -0.874023438 -0.112487793
vn -0.472412109 -0.874023438 -0.112487793
vn -0.00244522095 -0.220092773 0.975585938
vn -0.00244522095 -0.220092773 0.975585938
vn -0.00244522095 -0.220092773 0.975585938
vn -0.00244522095 -0.220092773 0.975585938
vn 0.485107422 0.857910156 0.169555664
vn 0.485107422 0.857910156 0.169555664
vn 0.493896484 0.853515625 0.166992188
vn 0.493896484 0.853515625 0.166992188
vn -0.497802734 -0.855957031 -0.140380859
vn -0.498535156 -0.85546875 -0.14050293
vn -0.491699219 -0.859863281 -0.138183594
vn -0.491699219 -0.859863281 -0.138183594
vn 0.501464844 0.844726562 0.187744141
vn 0.501464844 0.844726562 0.187744141
vn 0.504394531 0.841308594 0.193237305
vn 0.504394531 0.841796875 0.192749023
vn 0.00421905518 0.373779297 -0.927734375
vn 0.00421905518 0.373779297 -0.927734375
vn 0.00421905518 0.373779297 -0.927734375
vn 0.00421905518 0.373779297 -0.927734375
vn 0.121398926 -0.267578125 0.956054688
vn 0.121398926 -0.267578125 0.956054688
vn 0.121398926 -0.267578125 0.956054688
vn 0.121398926 -0.267578125 0.956054688
vn -0.501464844 -0.752929688 -0.426269531
vn -0.505859375 -0.745605469 -0.433349609
vn -0.483154297 -0.780273438 -0.397216797
vn -0.483154297 -0.780273438 -0.397216797
vn 0.485107422 0.839355469 0.245605469
vn 0.485107422 0.839355469 0.245605469
vn 0.480712891 0.836425781 0.264160156
vn 0.480957031 0.836425781 0.263183594
vn 0.721191406 0.6875 0.0875244141
vn 0.721191406 0.6875 0.0875244141
vn 0.721191406 0.6875 0.0875244141
vn 0.721191406 0.6875 0.0875244141
vn 0.772949219 0.592773438 0.226318359
vn 0.772949219 0.592773438 0.226318359
vn 0.772949219 0.592773438 0.226318359
vn 0.772949219 0.592773438 0.226318359
vn -0.494873047 -0.825195312 -0.272949219
vn -0.494873047 -0.825195312 -0.272949219
vn -0.494873047 -0.825195312 -0.272949219
vn -0.494873047 -0.825195312 -0.272949219
vn -0.456298828 -0.770996094 -0.444580078
vn -0.456298828 -0.770996094 -0.444580078
vn -0.453125 -0.775390625 -0.439941406
vn -0.453125 -0.775390625 -0.439697266
vn 0.0272369385 0.380371094 -0.924316406
vn 0.0272369385 0.380371094 -0.924316406
vn 0.0272369385 0.380371094 -0.924316406
vn 0.0272369385 0.380371094 -0.924316406
vn 0.0209960938 -0.423095703 0.905761719
vn 0.0209960938 -0.423095703 0.905761719
vn 0.0209960938 -0.423095703 0.905761719
vn 0.0209960938 -0.423095703 0.905761719
vn 0.659667969 0.71875 0.219482422
vn 0.659667969 0.71875 0.219482422
vn 0.65234375 0.739746094 0.164306641
vn 0.65234375 0.739746094 0.164428711
vn 0.447021484 0.784667969 0.4296875
vn 0.447021484 0.784667969 0.4296875
vn 0.447021484 0.784667969 0.4296875
vn 0.447021484 0.784667969 0.4296875
vn 0.124511719 0.150634766 -0.980957031
vn 0.124511719 0.150634766 -0.980957031
vn 0.124511719 0.150634766 -0.980957031
vn 0.124511719 0.150634766 -0.980957031
vn 0.351318359 0.263671875 0.8984375
vn 0.351318359 0.263671875 0.8984375
vn 0.502441406 0.717773438 0.481689453
vn 0.498535156 0.725097656 0.474853516
vn 0.498535156 0.725097656 0.474853516
vn 0.502441406 0.717773438 0.481689453
vn 0.268066406 0.0737304688 0.960449219
vn 0.370605469 0.280517578 0.885253906
vn -0.492675781 -0.842285156 -0.21862793
vn -0.492675781 -0.842285156 -0.21862793
vn -0.492675781 -0.842285156 -0.21862793
vn -0.492675781 -0.842285156 -0.21862793
vn 0.450195312 0.783203125 0.428466797
vn 0.450195312 0.783203125 0.428466797
vn 0.450195312 0.783203125 0.428466797
vn 0.450195312 0.783203125 0.428466797
vn 0.061340332 0.44140625 -0.895019531
vn 0.061340332 0.44140625 -0.895019531
vn 0.061340332 0.44140625 -0.895019531
vn 0.061340332 0.44140625 -0.895019531
vn 0.480957031 0.825683594 0.295410156
vn 0.480712891 0.825683594 0.294921875
vn 0.485595703 0.819824219 0.303955078
vn 0.485595703 0.819824219 0.303955078
vn 0.447265625 0.787597656 0.424072266
vn 0.447265625 0.787597656 0.424072266
vn 0.447265625 0.787597656 0.424072266
vn 0.447265625 0.787597656 0.424072266
vn 0.202758789 -0.00568389893 0.979003906
vn 0.201416016 -0.00830078125 0.979492188
vn 0.308105469 0.274658203 0.910644531
vn 0.308105469 0.274658203 0.910644531
vn 0.0658569336 -0.256103516 0.964355469
vn 0.0658569336 -0.256103516 0.964355469
vn 0.0658569336 -0.256103516 0.964355469
vn 0.0658569336 -0.256103516 0.964355469
vn 0.0277862549 -0.321044922 0.946777344
vn 0.0277862549 -0.321044922 0.946777344
vn 0.0277862549 -0.321044922 0.946777344
vn 0.0277862549 -0.321044922 0.946777344
vn 0.462402344 0.750488281 0.472412109
vn 0.462402344 0.750488281 0.472412109
vn 0.501953125 0.723144531 0.474853516
vn 0.497070312 0.727050781 0.473388672
vn 0.731933594 0.673828125 0.100036621
vn 0.731445312 0.674316406 0.100097656
vn 0.717285156 0.689453125 0.101318359
vn 0.717285156 0.689453125 0.101318359
vn -0.0362548828 0.306884766 -0.951171875
vn -0.0362548828 0.306884766 -0.951171875
vn -0.0362548828 0.306884766 -0.951171875
vn -0.0362548828 0.306884766 -0.951171875
vn -0.465332031 -0.780761719 -0.416748047
vn -0.465576172 -0.780761719 -0.416748047
vn -0.451416016 -0.794433594 -0.40625
vn -0.451416016 -0.794433594 -0.40625
vn 0.0364990234 -0.262695312 0.964355469
vn 0.0364990234 -0.262695312 0.964355469
vn 0.0364990234 -0.262695312 0.964355469
vn 0.0364990234 -0.262695312 0.964355469
vn 0.0349731445 0.394287109 -0.918457031
vn 0.0349731445 0.394287109 -0.918457031
vn 0.0349731445 0.394287109 -0.918457031
vn 0.0349731445 0.394287109 -0.918457031
vn 0.00510025024 -0.106262207 -0.994140625
vn 0.00900268555 -0.0991210938 -0.995117188
vn 0.00257492065 -0.110900879 -0.993652344
vn -0.000496864319 -0.116516113 -0.993164062
vn -0.0185699463 0.999511719 0.025100708
vn -0.172485352 0.965332031 -0.195068359
vn -0.217407227 0.958984375 -0.180541992
vn 0.00114345551 1 0.00602722168
vn -0.125854492 0.797851562 0.589355469
vn -0.551269531 0.698242188 0.456054688
vn -0.772460938 0.21472168 0.59765625
vn -0 0.509765625 0.860351562
vn -0 0.101013184 0.995117188
vn 8.94069672E-07 -0.484863281 0.874511719
vn -0.909667969 0.394775391 0.127807617
vn -0.996582031 -0.0335998535 0.0742797852
vn -0.99609375 -0.0283813477 0.0836791992
vn -0.9921875 0.113342285 -0.0534667969
vn -0.999023438 0.0349731445 -0.0250549316
vn -0.997070312 -0.0265808105 -0.0693359375
vn -0.99609375 -0.0524902344 -0.0701293945
vn -0.989746094 0.0489501953 0.135986328
vn -0.997070312 0.0260772705 0.0705566406
vn -0.997070312 0.0260772705 0.0705566406
vn -0.984375 0.17590332 0.0121765137
vn -0.989746094 0.0489501953 0.135986328
vn -0.791015625 0.469726562 -0.391601562
vn 0.523925781 -0.727539062 0.442626953
vn 0.523925781 -0.727539062 0.442626953
vn 0.523925781 -0.727539062 0.442626953
vn 0.523925781 -0.727539062 0.442626953
vn 0.416015625 -0.802246094 0.428710938
vn 0.416015625 -0.802246094 0.428710938
vn 0.416015625 -0.802246094 0.428710938
vn 0.416015625 -0.802246094 0.428710938
vn 0.575195312 -0.530761719 0.622558594
vn 0.575195312 -0.530761719 0.622558594
vn 0.575195312 -0.530761719 0.622558594
vn 0.575195312 -0.530761719 0.622558594
vn 0.0337219238 0.971191406 0.236694336
vn 0.0337219238 0.971191406 0.236694336
vn 0.0337219238 0.971191406 0.236694336
vn 0.0337219238 0.971191406 0.236694336
vn 0.367431641 -0.731933594 0.57421875
vn 0.367431641 -0.731933594 0.57421875
vn 0.367431641 -0.731933594 0.57421875
vn 0.367431641 -0.731933594 0.57421875
vn 0.232910156 0.972167969 -0.0296020508
vn 0.232910156 0.972167969 -0.0296020508
vn 0.232910156 0.972167969 -0.0296020508
vn 0.232910156 0.972167969 -0.0296020508
vn -0.0251617432 0.991699219 0.125
vn -0.0251617432 0.991699219 0.125
vn -0.0251617432 0.991699219 0.125
vn -0.0251617432 0.991699219 0.125
vn 0.137573242 0.870605469 -0.472167969
vn 0.137573242 0.870605469 -0.472167969
vn 0.137573242 0.870605469 -0.472167969
vn 0.137573242 0.870605469 -0.472167969
vn 0.211181641 0.971679688 -0.108093262
vn 0.211181641 0.971679688 -0.108093262
vn 0.211181641 0.971679688 -0.108093262
vn 0.211181641 0.971679688 -0.108093262
vn 0.370117188 0.403076172 -0.836914062
vn 0.370117188 0.403076172 -0.836914062
vn 0.370117188 0.403076172 -0.836914062
vn 0.370117188 0.403076172 -0.836914062
vn 0.184814453 0.817871094 -0.544921875
vn 0.184814453 0.817871094 -0.544921875
vn 0.184814453 0.817871094 -0.544921875
vn 0.184814453 0.817871094 -0.544921875
vn 0.434326172 -0.271240234 0.858886719
vn 0.434326172 -0.271240234 0.858886719
vn 0.434326172 -0.271240234 0.858886719
vn 0.434326172 -0.271240234 0.858886719
vn 0.7734375 -0.450683594 0.446289062
vn 0.7734375 -0.450683594 0.446289062
vn 0.7734375 -0.450683594 0.446289062
vn 0.7734375 -0.450683594 0.446289062
vn 0.479736328 0.322265625 -0.815917969
vn 0.479736328 0.322265625 -0.815917969
vn 0.479736328 0.322265625 -0.815917969
vn 0.479736328 0.322265625 -0.815917969
vn 0.496826172 0.145751953 -0.85546875
vn 0.496826172 0.145751953 -0.85546875
vn 0.496826172 0.145751953 -0.85546875
vn 0.496826172 0.145751953 -0.85546875
vn 0.536621094 -0.577148438 0.615722656
vn 0.536621094 -0.577148438 0.615722656
vn 0.536621094 -0.577148438 0.615722656
vn 0.536621094 -0.577148438 0.615722656
vn 0.308837891 -0.15612793 0.937988281
vn 0.308837891 -0.15612793 0.937988281
vn 0.308837891 -0.15612793 0.937988281
vn 0.308837891 -0.15612793 0.937988281
vn 0.709472656 -0.366210938 0.602050781
vn 0.709472656 -0.366210938 0.602050781
vn 0.709472656 -0.366210938 0.602050781
vn 0.709472656 -0.366210938 0.602050781
vn 0.189575195 -0.0412597656 -0.980957031
vn 0.189575195 -0.0412597656 -0.980957031
vn 0.189575195 -0.0412597656 -0.980957031
vn 0.189575195 -0.0412597656 -0.980957031
vn 0.614257812 0.0701293945 -0.786132812
vn 0.614257812 0.0701293945 -0.786132812
vn 0.614257812 0.0701293945 -0.786132812
vn 0.614257812 0.0701293945 -0.786132812
vn 0.453613281 -0.482666016 0.749023438
vn 0.453613281 -0.482666016 0.749023438
vn 0.453613281 -0.482666016 0.749023438
vn 0.453613281 -0.482666016 0.749023438
vn 0.395751953 0.512695312 -0.762207031
vn 0.395751953 0.512695312 -0.762207031
vn 0.395751953 0.512695312 -0.762207031
vn 0.395751953 0.512695312 -0.762207031
vn 0.333496094 -0.142089844 -0.932128906
vn 0.333496094 -0.142089844 -0.932128906
vn 0.333496094 -0.142089844 -0.932128906
vn 0.333496094 -0.142089844 -0.932128906
vn 0.0531921387 0.99609375 -0.0724487305
vn 0.0531921387 0.99609375 -0.0724487305
vn 0.0531921387 0.99609375 -0.0724487305
vn 0.0531921387 0.99609375 -0.0724487305
vn 0.491210938 0.440673828 -0.751464844
vn 0.491210938 0.440673828 -0.751464844
vn 0.491210938 0.440673828 -0.751464844
vn 0.491210938 0.440673828 -0.751464844
vn 0.542480469 0.0234375 0.83984375
vn 0.542480469 0.0234375 0.83984375
vn 0.542480469 0.0234375 0.83984375
vn 0.542480469 0.0234375 0.83984375
vn 0.0391845703 0.982910156 -0.178833008
vn 0.0391845703 0.982910156 -0.178833008
vn 0.0391845703 0.982910156 -0.178833008
vn 0.0391845703 0.982910156 -0.178833008
vn 0.552246094 -0.786132812 0.276855469
vn 0.552246094 -0.786132812 0.276855469
vn 0.552246094 -0.786132812 0.276855469
vn 0.552246094 -0.786132812 0.276855469
vn 0.411865234 0.138671875 0.900878906
vn 0.411865234 0.138671875 0.900878906
vn 0.411865234 0.138671875 0.900878906
vn 0.411865234 0.138671875 0.900878906
vn 0.636230469 -0.61328125 0.468017578
vn 0.636230469 -0.61328125 0.468017578
vn 0.636230469 -0.61328125 0.468017578
vn 0.636230469 -0.61328125 0.468017578
vn 0.708984375 0.670898438 0.217651367
vn 0.697265625 0.639648438 0.323486328
vn 0.71875 0.666992188 0.196411133
vn 0.708984375 0.670898438 0.217651367
vn 0.681152344 0.631347656 -0.370361328
vn 0.800292969 0.567871094 0.192504883
vn 0.697265625 0.639648438 0.323486328
vn 0.73046875 0.559082031 0.392333984
vn 0.735839844 0.658691406 0.15612793
vn 0.71875 0.666992188 0.196411133
vn 0.735839844 0.658691406 0.15612793
vn 0.482177734 -0.861328125 -0.161254883
vn 0.474121094 -0.868652344 -0.143554688
vn 0.474121094 -0.868652344 -0.143554688
vn 0.482177734 -0.861328125 -0.161132812
vn 0.494140625 -0.83203125 -0.252685547
vn 0.494140625 -0.833007812 -0.249511719
vn 0.494140625 -0.833007812 -0.249511719
vn 0.494140625 -0.83203125 -0.252685547
vn 0.161376953 0.160766602 -0.973632812
vn 0.161376953 0.160766602 -0.973632812
vn 0.161376953 0.160766602 -0.973632812
vn 0.161376953 0.160766602 -0.973632812
vn -0.495361328 0.812988281 0.306396484
vn -0.495361328 0.812988281 0.306396484
vn -0.495361328 0.812988281 0.306396484
vn -0.495361328 0.812988281 0.306396484
vn -0.497070312 0.727050781 0.473388672
vn -0.521972656 0.705078125 0.480224609
vn -0.521972656 0.705078125 0.480224609
vn -0.501953125 0.723144531 0.474853516
vn -0.0218505859 0.255615234 -0.966308594
vn -0.0218505859 0.255615234 -0.966308594
vn -0.0218505859 0.255615234 -0.966308594
vn -0.0218505859 0.255615234 -0.966308594
vn 0.251708984 -0.136108398 -0.958007812
vn 0.457763672 -0.602050781 -0.654296875
vn 0.445556641 -0.568359375 -0.691894531
vn 0.251708984 -0.136108398 -0.958007812
vn 0.767578125 -0.631347656 -0.112121582
vn 0.767578125 -0.631347656 -0.112121582
vn 0.767578125 -0.631347656 -0.112121582
vn 0.767578125 -0.631347656 -0.112121582
vn -0.504394531 0.841796875 0.192749023
vn -0.5078125 0.838378906 0.198364258
vn -0.5078125 0.838378906 0.198364258
vn -0.504394531 0.841308594 0.193237305
vn 0.501953125 -0.856933594 -0.118041992
vn 0.495361328 -0.859863281 -0.121826172
vn 0.495117188 -0.860351562 -0.121948242
vn 0.501953125 -0.856933594 -0.118041992
vn -0.468261719 0.870117188 0.152832031
vn -0.468261719 0.870117188 0.152832031
vn -0.468261719 0.870117188 0.152832031
vn -0.468261719 0.870117188 0.152832031
vn -0.745605469 0.658691406 0.098815918
vn -0.731933594 0.673828125 0.100036621
vn -0.731445312 0.674316406 0.100097656
vn -0.745605469 0.658691406 0.098815918
vn 0.00546264648 0.205566406 -0.978515625
vn 0.00546264648 0.205566406 -0.978515625
vn 0.00546264648 0.205566406 -0.978515625
vn 0.00546264648 0.205566406 -0.978515625
vn 0.0247039795 0.326171875 -0.944824219
vn 0.0258026123 0.324462891 -0.945800781
vn 0.0258026123 0.324462891 -0.945800781
vn 0.0247039795 0.326171875 -0.944824219
vn -0.467773438 0.873046875 0.136474609
vn -0.467773438 0.873046875 0.136474609
vn -0.467773438 0.873046875 0.136474609
vn -0.467773438 0.873046875 0.136474609
vn -0.494873047 0.825195312 0.272949219
vn -0.494873047 0.825195312 0.272949219
vn -0.494873047 0.825195312 0.272949219
vn -0.494873047 0.825195312 0.272949219
vn 0.0808105469 -0.0961914062 0.9921875
vn 0.0808105469 -0.0961914062 0.9921875
vn 0.0808105469 -0.0961914062 0.9921875
vn 0.0808105469 -0.0961914062 0.9921875
vn 0.322021484 0.526855469 -0.786621094
vn 0.322021484 0.526855469 -0.786621094
vn 0.322021484 0.526855469 -0.786621094
vn 0.322021484 0.526855469 -0.786621094
vn -0.0441589355 -0.133422852 0.990234375
vn -0.0441589355 -0.133422852 0.990234375
vn -0.0441589355 -0.133422852 0.990234375
vn -0.0441589355 -0.133422852 0.990234375
vn 0.0342102051 0.310302734 -0.950195312
vn 0.0342102051 0.310302734 -0.950195312
vn 0.0342102051 0.310302734 -0.950195312
vn 0.0342102051 0.310302734 -0.950195312
vn -0.467773438 0.873046875 0.136474609
vn -0.467773438 0.873046875 0.136474609
vn -0.467773438 0.873046875 0.136474609
vn -0.467773438 0.873046875 0.136474609
vn 0.481201172 -0.837890625 -0.258544922
vn 0.4765625 -0.843261719 -0.248168945
vn 0.4765625 -0.843261719 -0.248168945
vn 0.480957031 -0.837890625 -0.2578125
vn -0.482666016 0.858886719 0.171142578
vn -0.490234375 0.853027344 0.180175781
vn -0.490234375 0.853027344 0.180175781
vn -0.482666016 0.858886719 0.171142578
vn 0.0158081055 0.186401367 -0.982421875
vn 0.0158081055 0.186401367 -0.982421875
vn 0.0158081055 0.186401367 -0.982421875
vn 0.0158081055 0.186401367 -0.982421875
vn -0.0520019531 0.488769531 -0.87109375
vn -0.0741577148 0.469482422 -0.879882812
vn -0.0720825195 0.471191406 -0.87890625
vn -0.0520019531 0.488769531 -0.87109375
vn 0.467773438 -0.873046875 -0.136474609
vn 0.467773438 -0.873046875 -0.136474609
vn 0.467773438 -0.873046875 -0.136474609
vn 0.467773438 -0.873046875 -0.136474609
vn -0.476074219 0.831542969 0.286621094
vn -0.480957031 0.825683594 0.295410156
vn -0.480712891 0.825683594 0.294921875
vn -0.476074219 0.831542969 0.286621094
vn 0.454345703 -0.791503906 -0.408447266
vn 0.451416016 -0.795410156 -0.404541016
vn 0.451416016 -0.795410156 -0.404541016
vn 0.454345703 -0.791503906 -0.408447266
vn -0.0554199219 -0.345947266 0.936523438
vn -0.351318359 0.263671875 0.8984375
vn -0.351318359 0.263671875 0.8984375
vn -0.0557861328 -0.346191406 0.936523438
vn 0.0258026123 0.324462891 -0.945800781
vn 0.0269012451 0.322509766 -0.946289062
vn 0.0269012451 0.322509766 -0.946289062
vn 0.0258026123 0.324462891 -0.945800781
vn -0.036895752 0.397705078 -0.916992188
vn -0.036895752 0.397705078 -0.916992188
vn -0.036895752 0.397705078 -0.916992188
vn -0.036895752 0.397705078 -0.916992188
vn 0.45703125 -0.788085938 -0.412353516
vn 0.454345703 -0.791503906 -0.408447266
vn 0.454345703 -0.791503906 -0.408447266
vn 0.45703125 -0.788085938 -0.412353516
vn -0.65234375 0.739746094 0.164428711
vn -0.643554688 0.757324219 0.110961914
vn -0.643554688 0.757324219 0.110961914
vn -0.65234375 0.739746094 0.164306641
vn 0.485595703 -0.83203125 -0.268310547
vn 0.481201172 -0.837890625 -0.258544922
vn 0.480957031 -0.837890625 -0.2578125
vn 0.485595703 -0.83203125 -0.268310547
vn 0.453125 -0.775390625 -0.439697266
vn 0.449951172 -0.780273438 -0.434814453
vn 0.449951172 -0.780273438 -0.434814453
vn 0.453125 -0.775390625 -0.439941406
vn 0.460205078 -0.7890625 -0.406494141
vn 0.460205078 -0.7890625 -0.406494141
vn 0.460205078 -0.7890625 -0.406494141
vn 0.460205078 -0.7890625 -0.406494141
vn 0.495117188 -0.818359375 -0.291503906
vn 0.495361328 -0.815917969 -0.298339844
vn 0.495361328 -0.815917969 -0.298339844
vn 0.495117188 -0.818359375 -0.291503906
vn -0.344970703 0.317382812 0.883300781
vn -0.202758789 -0.00568389893 0.979003906
vn -0.201416016 -0.00830078125 0.979492188
vn -0.344970703 0.317382812 0.883300781
vn -0.308105469 0.274658203 0.910644531
vn -0.462402344 0.750488281 0.472412109
vn -0.462402344 0.750488281 0.472412109
vn -0.308105469 0.274658203 0.910644531
vn 0.524902344 -0.7265625 -0.443359375
vn 0.501464844 -0.749511719 -0.431884766
vn 0.506347656 -0.745117188 -0.434082031
vn 0.524902344 -0.7265625 -0.443359375
vn 0.494384766 -0.830078125 -0.2578125
vn 0.494384766 -0.830078125 -0.2578125
vn 0.494384766 -0.830078125 -0.2578125
vn 0.494384766 -0.830078125 -0.2578125
vn -0.0148620605 -0.342529297 0.939453125
vn -0.0148620605 -0.342529297 0.939453125
vn -0.0148620605 -0.342529297 0.939453125
vn -0.0148620605 -0.342529297 0.939453125
vn -0.0263824463 0.378662109 -0.925292969
vn -0.0263824463 0.378662109 -0.925292969
vn -0.0263824463 0.378662109 -0.925292969
vn -0.0263824463 0.378662109 -0.925292969
vn -0.0108795166 -0.440917969 0.897460938
vn -0.0108795166 -0.440917969 0.897460938
vn -0.0108795166 -0.440917969 0.897460938
vn -0.0108795166 -0.440917969 0.897460938
vn 0.494140625 -0.833007812 -0.249511719
vn 0.493896484 -0.833984375 -0.246337891
vn 0.493896484 -0.833984375 -0.246337891
vn 0.494140625 -0.833007812 -0.249511719
vn -0.0173034668 -0.338623047 0.940917969
vn -0.0173034668 -0.338623047 0.940917969
vn -0.0173034668 -0.338623047 0.940917969
vn -0.0173034668 -0.338623047 0.940917969
vn -0.495361328 0.811035156 0.311279297
vn -0.495361328 0.811035156 0.311279297
vn -0.495361328 0.811035156 0.311279297
vn -0.495361328 0.811035156 0.311279297
vn 0.447265625 -0.787597656 -0.424072266
vn 0.447265625 -0.787597656 -0.424072266
vn 0.447265625 -0.787597656 -0.424072266
vn 0.447265625 -0.787597656 -0.424072266
vn 0.447265625 -0.875488281 -0.182861328
vn 0.447265625 -0.875488281 -0.182861328
vn 0.447265625 -0.875488281 -0.182861328
vn 0.447265625 -0.875488281 -0.182861328
vn -0.686035156 0.713867188 0.141479492
vn -0.686035156 0.713867188 0.141479492
vn -0.686035156 0.713867188 0.141479492
vn -0.686035156 0.713867188 0.141479492
vn 0.525390625 -0.729492188 -0.438232422
vn 0.504882812 -0.746582031 -0.433349609
vn 0.525390625 -0.729492188 -0.438232422
vn 0.499755859 -0.750488281 -0.432128906
vn 0.465576172 -0.780761719 -0.416748047
vn 0.465332031 -0.780761719 -0.416748047
vn -0.0318603516 -0.21887207 0.975097656
vn -0.0318603516 -0.21887207 0.975097656
vn -0.0318603516 -0.21887207 0.975097656
vn -0.0318603516 -0.21887207 0.975097656
vn 0.177490234 -0.338134766 0.924316406
vn 0.177490234 -0.338134766 0.924316406
vn 0.177490234 -0.338134766 0.924316406
vn 0.177490234 -0.338134766 0.924316406
vn 0.495361328 -0.859863281 -0.121826172
vn 0.480712891 -0.868652344 -0.119140625
vn 0.480712891 -0.868652344 -0.11907959
vn 0.495117188 -0.860351562 -0.121948242
vn -0.0522155762 -0.344482422 0.9375
vn -0.0554199219 -0.345947266 0.936523438
vn -0.0557861328 -0.346191406 0.936523438
vn -0.0522155762 -0.344482422 0.9375
vn -0.0570983887 -0.242553711 0.968261719
vn -0.0570983887 -0.242553711 0.968261719
vn -0.0570983887 -0.242553711 0.968261719
vn -0.0570983887 -0.242553711 0.968261719
vn -0.0203094482 0.252685547 -0.967285156
vn -0.0203094482 0.252685547 -0.967285156
vn -0.0203094482 0.252685547 -0.967285156
vn -0.0203094482 0.252685547 -0.967285156
vn -0.0295562744 0.375488281 -0.926269531
vn -0.0295562744 0.375488281 -0.926269531
vn -0.0295562744 0.375488281 -0.926269531
vn -0.0295562744 0.375488281 -0.926269531
vn -0.459960938 0.775878906 0.431884766
vn -0.459960938 0.775878906 0.431884766
vn -0.459960938 0.775878906 0.431884766
vn -0.459960938 0.775878906 0.431884766
vn -0.160400391 -0.199462891 0.966796875
vn -0.160400391 -0.199462891 0.966796875
vn -0.160400391 -0.199462891 0.966796875
vn -0.160400391 -0.199462891 0.966796875
vn -0.370605469 0.280517578 0.885253906
vn 0.0200195312 -0.403320312 0.915039062
vn 0.0200195312 -0.403320312 0.915039062
vn -0.268066406 0.0737304688 0.960449219
vn 0.0385742188 0.391845703 -0.919433594
vn 0.0385742188 0.391845703 -0.919433594
vn 0.0385742188 0.391845703 -0.919433594
vn 0.0385742188 0.391845703 -0.919433594
vn 0.467773438 -0.873046875 -0.136474609
vn 0.467773438 -0.873046875 -0.136474609
vn 0.467773438 -0.873046875 -0.136474609
vn 0.467773438 -0.873046875 -0.136474609
vn -0.480957031 0.836425781 0.263183594
vn -0.476074219 0.833007812 0.281494141
vn -0.476074219 0.833007812 0.281494141
vn -0.480712891 0.836425781 0.264160156
vn -0.346923828 0.245727539 0.905273438
vn -0.498535156 0.72265625 0.478759766
vn -0.502929688 0.718261719 0.480712891
vn -0.346923828 0.245727539 0.905273438
vn 0.00693130493 0.202758789 -0.979003906
vn 0.00693130493 0.202758789 -0.979003906
vn 0.00693130493 0.202758789 -0.979003906
vn 0.00693130493 0.202758789 -0.979003906
vn -0.00690460205 -0.313964844 0.94921875
vn -0.00690460205 -0.313964844 0.94921875
vn -0.00690460205 -0.313964844 0.94921875
vn -0.00690460205 -0.313964844 0.94921875
vn -0.114257812 -0.195556641 0.974121094
vn -0.114257812 -0.195556641 0.974121094
vn -0.114257812 -0.195556641 0.974121094
vn -0.114257812 -0.195556641 0.974121094
vn 0.457763672 -0.602050781 -0.654296875
vn 0.500976562 -0.8515625 -0.155151367
vn 0.501464844 -0.851074219 -0.15637207
vn 0.445556641 -0.568359375 -0.691894531
vn -0.0567321777 -0.358886719 0.931640625
vn -0.346923828 0.245727539 0.905273438
vn -0.346923828 0.245727539 0.905273438
vn -0.0567321777 -0.358886719 0.931640625
vn 0.501464844 -0.749511719 -0.431884766
vn 0.482666016 -0.767089844 -0.422363281
vn 0.482666016 -0.767089844 -0.422363281
vn 0.506347656 -0.745117188 -0.434082031
vn 0.024810791 0.325927734 -0.944824219
vn 0.024810791 0.325927734 -0.944824219
vn 0.024810791 0.325927734 -0.944824219
vn 0.024810791 0.325927734 -0.944824219
vn 0.0301055908 -0.417236328 0.908203125
vn 0.0301055908 -0.417236328 0.908203125
vn 0.0301055908 -0.417236328 0.908203125
vn 0.0301055908 -0.417236328 0.908203125
vn -0.0170593262 0.39453125 -0.918945312
vn -0.014213562 0.421630859 -0.906738281
vn -0.014213562 0.421630859 -0.906738281
vn -0.0170593262 0.39453125 -0.918945312
vn -0.014213562 0.421630859 -0.906738281
vn -0.0113601685 0.448242188 -0.894042969
vn -0.0113601685 0.448242188 -0.894042969
vn -0.014213562 0.421630859 -0.906738281
vn 0.494873047 -0.825195312 -0.272949219
vn 0.494873047 -0.825195312 -0.272949219
vn 0.494873047 -0.825195312 -0.272949219
vn 0.494873047 -0.825195312 -0.272949219
vn -0.0314941406 -0.249755859 0.967773438
vn -0.0314941406 -0.249755859 0.967773438
vn -0.0314941406 -0.249755859 0.967773438
vn -0.0314941406 -0.249755859 0.967773438
vn 0.447021484 -0.784667969 -0.4296875
vn 0.447021484 -0.784667969 -0.4296875
vn 0.447021484 -0.784667969 -0.4296875
vn 0.447021484 -0.784667969 -0.4296875
vn 0.030090332 -0.203979492 0.978515625
vn 0.030090332 -0.203979492 0.978515625
vn 0.030090332 -0.203979492 0.978515625
vn 0.030090332 -0.203979492 0.978515625
vn -0.0282897949 0.382080078 -0.923828125
vn -0.0282897949 0.382080078 -0.923828125
vn -0.0282897949 0.382080078 -0.923828125
vn -0.0282897949 0.382080078 -0.923828125
vn -0.151611328 0.147216797 -0.977539062
vn -0.151611328 0.147216797 -0.977539062
vn -0.151611328 0.147216797 -0.977539062
vn -0.151611328 0.147216797 -0.977539062
vn 0.500976562 -0.8515625 -0.155151367
vn 0.49609375 -0.856445312 -0.141723633
vn 0.49609375 -0.856445312 -0.141723633
vn 0.501464844 -0.851074219 -0.15637207
vn 0.447265625 -0.787597656 -0.424072266
vn 0.447265625 -0.787597656 -0.424072266
vn 0.447265625 -0.787597656 -0.424072266
vn 0.447265625 -0.787597656 -0.424072266
vn -0.111633301 0.280029297 -0.953613281
vn -0.111633301 0.280029297 -0.953613281
vn -0.111633301 0.280029297 -0.953613281
vn -0.111633301 0.280029297 -0.953613281
vn 0.489990234 -0.853027344 -0.178710938
vn 0.482177734 -0.861328125 -0.161254883
vn 0.482177734 -0.861328125 -0.161132812
vn 0.489990234 -0.853027344 -0.178710938
vn 0.0440063477 -0.410644531 0.910644531
vn 0.0440063477 -0.410644531 0.910644531
vn 0.0440063477 -0.410644531 0.910644531
vn 0.0440063477 -0.410644531 0.910644531
vn -0.495117188 0.820800781 0.284667969
vn -0.495117188 0.820800781 0.284667969
vn -0.495117188 0.820800781 0.284667969
vn -0.495117188 0.820800781 0.284667969
vn 0.480712891 -0.831542969 -0.278808594
vn 0.485595703 -0.831054688 -0.270751953
vn 0.485595703 -0.831054688 -0.270751953
vn 0.480957031 -0.831542969 -0.278564453
vn 0.178588867 0.501464844 -0.846679688
vn 0.178588867 0.501464844 -0.846679688
vn 0.178588867 0.501464844 -0.846679688
vn 0.178588867 0.501464844 -0.846679688
vn -0.475097656 0.864746094 0.161987305
vn -0.482666016 0.858886719 0.171142578
vn -0.482666016 0.858886719 0.171142578
vn -0.475097656 0.864746094 0.161987305
vn -0.860351562 0.454589844 0.231323242
vn -0.860351562 0.454589844 0.231323242
vn -0.860351562 0.454589844 0.231323242
vn -0.860351562 0.454589844 0.231323242
vn -0.451660156 0.770019531 0.450195312
vn -0.45703125 0.7890625 0.410644531
vn -0.45703125 0.7890625 0.410644531
vn -0.451904297 0.770507812 0.44921875
vn 0.468261719 -0.870117188 -0.152832031
vn 0.468261719 -0.870117188 -0.152832031
vn 0.468261719 -0.870117188 -0.152832031
vn 0.468261719 -0.870117188 -0.152832031
vn 0.495117188 -0.820800781 -0.284423828
vn 0.495117188 -0.818359375 -0.291503906
vn 0.495117188 -0.818359375 -0.291503906
vn 0.495117188 -0.820800781 -0.284423828
vn -0.0741577148 0.469482422 -0.879882812
vn -0.094543457 0.451171875 -0.887207031
vn -0.094543457 0.451171875 -0.887207031
vn -0.0720825195 0.471191406 -0.87890625
vn 0.468261719 -0.870117188 -0.152832031
vn 0.468261719 -0.870117188 -0.152832031
vn 0.468261719 -0.870117188 -0.152832031
vn 0.468261719 -0.870117188 -0.152832031
vn 0.476074219 -0.831542969 -0.286621094
vn 0.480712891 -0.831542969 -0.278808594
vn 0.480957031 -0.831542969 -0.278564453
vn 0.476074219 -0.831542969 -0.286621094
vn 0.5234375 -0.715820312 -0.462158203
vn 0.501464844 -0.752929688 -0.426269531
vn 0.505859375 -0.745605469 -0.433349609
vn 0.5234375 -0.715820312 -0.462158203
vn -0.476318359 0.862304688 0.172119141
vn -0.485107422 0.857910156 0.169555664
vn -0.485107422 0.857910156 0.169555664
vn -0.476318359 0.862304688 0.172119141
vn -0.0192108154 -0.335205078 0.941894531
vn -0.0192108154 -0.335205078 0.941894531
vn -0.0192108154 -0.335205078 0.941894531
vn -0.0192108154 -0.335205078 0.941894531
vn -0.498535156 0.72265625 0.478759766
vn -0.520996094 0.700195312 0.48828125
vn -0.520996094 0.700195312 0.48828125
vn -0.502929688 0.718261719 0.480712891
vn 0.0143737793 0.188964844 -0.981933594
vn 0.0143737793 0.188964844 -0.981933594
vn 0.0143737793 0.188964844 -0.981933594
vn 0.0143737793 0.188964844 -0.981933594
vn 0.0321655273 -0.419921875 0.906738281
vn 0.0321655273 -0.419921875 0.906738281
vn 0.0321655273 -0.419921875 0.906738281
vn 0.0321655273 -0.419921875 0.906738281
vn 0.451660156 -0.878417969 -0.155639648
vn 0.451660156 -0.878417969 -0.155639648
vn 0.451660156 -0.878417969 -0.155639648
vn 0.451660156 -0.878417969 -0.155639648
vn 0.480712891 -0.868652344 -0.119140625
vn 0.472412109 -0.874023438 -0.112487793
vn 0.472412109 -0.874023438 -0.112487793
vn 0.480712891 -0.868652344 -0.11907959
vn 0.00243759155 -0.220092773 0.975585938
vn 0.00243759155 -0.220092773 0.975585938
vn 0.00243759155 -0.220092773 0.975585938
vn 0.00243759155 -0.220092773 0.975585938
vn -0.485107422 0.857910156 0.169555664
vn -0.493896484 0.853515625 0.166992188
vn -0.493896484 0.853515625 0.166992188
vn -0.485107422 0.857910156 0.169555664
vn 0.497802734 -0.855957031 -0.140380859
vn 0.491699219 -0.859863281 -0.138183594
vn 0.491699219 -0.859863281 -0.138183594
vn 0.498535156 -0.85546875 -0.14050293
vn -0.501464844 0.844726562 0.187744141
vn -0.504394531 0.841796875 0.192749023
vn -0.504394531 0.841308594 0.193237305
vn -0.501464844 0.844726562 0.187744141
vn -0.00423049927 0.373779297 -0.927734375
vn -0.00423049927 0.373779297 -0.927734375
vn -0.00423049927 0.373779297 -0.927734375
vn -0.00423049927 0.373779297 -0.927734375
vn -0.121398926 -0.267578125 0.956054688
vn -0.121398926 -0.267578125 0.956054688
vn -0.121398926 -0.267578125 0.956054688
vn -0.121398926 -0.267578125 0.956054688
vn 0.501464844 -0.752929688 -0.426269531
vn 0.483154297 -0.780273438 -0.397216797
vn 0.483154297 -0.780273438 -0.397216797
vn 0.505859375 -0.745605469 -0.433349609
vn -0.485107422 0.839355469 0.245605469
vn -0.480957031 0.836425781 0.263183594
vn -0.480712891 0.836425781 0.264160156
vn -0.485107422 0.839355469 0.245605469
vn -0.721191406 0.6875 0.0875244141
vn -0.721191406 0.6875 0.0875244141
vn -0.721191406 0.6875 0.0875244141
vn -0.721191406 0.6875 0.0875244141
vn -0.772949219 0.592773438 0.226318359
vn -0.772949219 0.592773438 0.226318359
vn -0.772949219 0.592773438 0.226318359
vn -0.772949219 0.592773438 0.226318359
vn 0.494873047 -0.825195312 -0.272949219
vn 0.494873047 -0.825195312 -0.272949219
vn 0.494873047 -0.825195312 -0.272949219
vn 0.494873047 -0.825195312 -0.272949219
vn 0.456298828 -0.770996094 -0.444580078
vn 0.453125 -0.775390625 -0.439697266
vn 0.453125 -0.775390625 -0.439941406
vn 0.456298828 -0.770996094 -0.444580078
vn -0.0272369385 0.380371094 -0.924316406
vn -0.0272369385 0.380371094 -0.924316406
vn -0.0272369385 0.380371094 -0.924316406
vn -0.0272369385 0.380371094 -0.924316406
vn -0.0209960938 -0.423095703 0.905761719
vn -0.0209960938 -0.423095703 0.905761719
vn -0.0209960938 -0.423095703 0.905761719
vn -0.0209960938 -0.423095703 0.905761719
vn -0.659667969 0.71875 0.219482422
vn -0.65234375 0.739746094 0.164428711
vn -0.65234375 0.739746094 0.164306641
vn -0.659667969 0.71875 0.219482422
vn -0.447021484 0.784667969 0.4296875
vn -0.447021484 0.784667969 0.4296875
vn -0.447021484 0.784667969 0.4296875
vn -0.447021484 0.784667969 0.4296875
vn -0.124511719 0.150634766 -0.980957031
vn -0.124511719 0.150634766 -0.980957031
vn -0.124511719 0.150634766 -0.980957031
vn -0.124511719 0.150634766 -0.980957031
vn -0.351318359 0.263671875 0.8984375
vn -0.498535156 0.725097656 0.474853516
vn -0.502441406 0.717773438 0.481689453
vn -0.351318359 0.263671875 0.8984375
vn -0.498535156 0.725097656 0.474853516
vn -0.370605469 0.280517578 0.885253906
vn -0.268066406 0.0737304688 0.960449219
vn -0.502441406 0.717773438 0.481689453
vn 0.492675781 -0.842285156 -0.21862793
vn 0.492675781 -0.842285156 -0.21862793
vn 0.492675781 -0.842285156 -0.21862793
vn 0.492675781 -0.842285156 -0.21862793
vn -0.450195312 0.783203125 0.428466797
vn -0.450195312 0.783203125 0.428466797
vn -0.450195312 0.783203125 0.428466797
vn -0.450195312 0.783203125 0.428466797
vn -0.061340332 0.44140625 -0.895019531
vn -0.061340332 0.44140625 -0.895019531
vn -0.061340332 0.44140625 -0.895019531
vn -0.061340332 0.44140625 -0.895019531
vn -0.480957031 0.825683594 0.295410156
vn -0.485595703 0.819824219 0.303955078
vn -0.485595703 0.819824219 0.303955078
vn -0.480712891 0.825683594 0.294921875
vn -0.447265625 0.787597656 0.424072266
vn -0.447265625 0.787597656 0.424072266
vn -0.447265625 0.787597656 0.424072266
vn -0.447265625 0.787597656 0.424072266
vn -0.202758789 -0.00568389893 0.979003906
vn -0.308105469 0.274658203 0.910644531
vn -0.308105469 0.274658203 0.910644531
vn -0.201416016 -0.00830078125 0.979492188
vn -0.0658569336 -0.256103516 0.964355469
vn -0.0658569336 -0.256103516 0.964355469
vn -0.0658569336 -0.256103516 0.964355469
vn -0.0658569336 -0.256103516 0.964355469
vn -0.0277862549 -0.321044922 0.946777344
vn -0.0277862549 -0.321044922 0.946777344
vn -0.0277862549 -0.321044922 0.946777344
vn -0.0277862549 -0.321044922 0.946777344
vn -0.462402344 0.750488281 0.472412109
vn -0.497070312 0.727050781 0.473388672
vn -0.501953125 0.723144531 0.474853516
vn -0.462402344 0.750488281 0.472412109
vn -0.731933594 0.673828125 0.100036621
vn -0.717285156 0.689453125 0.101318359
vn -0.717285156 0.689453125 0.101318359
vn -0.731445312 0.674316406 0.100097656
vn 0.0362854004 0.306884766 -0.951171875
vn 0.0362854004 0.306884766 -0.951171875
vn 0.0362854004 0.306884766 -0.951171875
vn 0.0362854004 0.306884766 -0.951171875
vn 0.465332031 -0.780761719 -0.416748047
vn 0.451416016 -0.794433594 -0.40625
vn 0.451416016 -0.794433594 -0.40625
vn 0.465576172 -0.780761719 -0.416748047
vn -0.0364990234 -0.262695312 0.964355469
vn -0.0364990234 -0.262695312 0.964355469
vn -0.0364990234 -0.262695312 0.964355469
vn -0.0364990234 -0.262695312 0.964355469
vn -0.0349731445 0.394287109 -0.918457031
vn -0.0349731445 0.394287109 -0.918457031
vn -0.0349731445 0.394287109 -0.918457031
vn -0.0349731445 0.394287109 -0.918457031
vn -0.00510025024 -0.106262207 -0.994140625
vn -0.00257492065 -0.110900879 -0.993652344
vn -0.00900268555 -0.0991210938 -0.995117188
vn 0.000496864319 -0.116516113 -0.993164062
vn 0.0185699463 0.999511719 0.025100708
vn 0.217407227 0.958984375 -0.180541992
vn 0.172485352 0.965332031 -0.195068359
vn -0.00114345551 1 0.00602722168
vn 0.125854492 0.797851562 0.589355469
vn 0.551269531 0.698242188 0.456054688
vn 0.772460938 0.21472168 0.59765625
vn -0 0.509765625 0.860351562
vn -0 0.101013184 0.995117188
vn 8.94069672E-07 -0.484863281 0.874511719
vn 0.909667969 0.394775391 0.127807617
vn 0.996582031 -0.0335998535 0.0742797852
vn 0.99609375 -0.0283813477 0.0836791992
vn 0.9921875 0.113342285 -0.0534667969
vn 0.999023438 0.0349731445 -0.0250549316
vn 0.997070312 -0.0265808105 -0.0693359375
vn 0.99609375 -0.0524902344 -0.0701293945
g Helm.001_0
f 3/3/3 2/2/2 1/1/1
f 6/6/6 5/5/5 4/4/4
f 9/9/9 8/8/8 7/7/7
f 12/12/12 11/11/11 10/10/10
f 15/15/15 14/14/14 13/13/13
f 18/18/18 17/17/17 16/16/16
f 21/21/21 20/20/20 19/19/19
f 24/24/24 23/23/23 22/22/22
f 27/27/27 26/26/26 25/25/25
f 30/30/30 29/29/29 28/28/28
f 33/33/33 32/32/32 31/31/31
f 36/36/36 35/35/35 34/34/34
f 39/39/39 38/38/38 37/37/37
f 42/42/42 41/41/41 40/40/40
f 45/45/45 44/44/44 43/43/43
f 48/48/48 47/47/47 46/46/46
f 51/51/51 50/50/50 49/49/49
f 54/54/54 53/53/53 52/52/52
f 57/57/57 56/56/56 55/55/55
f 60/60/60 59/59/59 58/58/58
f 63/63/63 62/62/62 61/61/61
f 66/66/66 65/65/65 64/64/64
f 69/69/69 68/68/68 67/67/67
f 72/72/72 71/71/71 70/70/70
f 75/75/75 74/74/74 73/73/73
f 78/78/78 77/77/77 76/76/76
f 81/81/81 80/80/80 79/79/79
f 80/80/80 83/83/83 82/82/82
f 82/82/82 83/83/83 84/84/84
f 87/87/87 86/86/86 85/85/85
f 90/90/90 89/89/89 88/88/88
f 93/93/93 92/92/92 91/91/91
f 96/96/96 95/95/95 94/94/94
f 99/99/99 98/98/98 97/97/97
f 102/102/102 101/101/101 100/100/100
f 105/105/105 104/104/104 103/103/103
f 108/108/108 107/107/107 106/106/106
f 111/111/111 110/110/110 109/109/109
f 114/114/114 113/113/113 112/112/112
f 117/117/117 116/116/116 115/115/115
f 120/120/120 119/119/119 118/118/118
f 123/123/123 122/122/122 121/121/121
f 126/126/126 125/125/125 124/124/124
f 129/129/129 128/128/128 127/127/127
f 132/132/132 131/131/131 130/130/130
f 135/135/135 134/134/134 133/133/133
f 138/138/138 137/137/137 136/136/136
f 141/141/141 140/140/140 139/139/139
f 144/144/144 143/143/143 142/142/142
f 143/143/143 146/146/146 145/145/145
f 145/145/145 146/146/146 147/147/147
f 150/150/150 149/149/149 148/148/148
f 153/153/153 152/152/152 151/151/151
f 156/156/156 155/155/155 154/154/154
f 159/159/159 158/158/158 157/157/157
f 162/162/162 161/161/161 160/160/160
f 165/165/165 164/164/164 163/163/163
f 168/168/168 167/167/167 166/166/166
f 171/171/171 170/170/170 169/169/169
f 174/174/174 173/173/173 172/172/172
f 177/177/177 176/176/176 175/175/175
f 180/180/180 179/179/179 178/178/178
f 183/183/183 182/182/182 181/181/181
f 186/186/186 185/185/185 184/184/184
f 189/189/189 188/188/188 187/187/187
f 192/192/192 191/191/191 190/190/190
f 195/195/195 194/194/194 193/193/193
f 198/198/198 197/197/197 196/196/196
f 201/201/201 200/200/200 199/199/199
f 204/204/204 203/203/203 202/202/202
f 207/207/207 206/206/206 205/205/205
f 206/206/206 209/209/209 208/208/208
f 208/208/208 209/209/209 210/210/210
f 213/213/213 212/212/212 211/211/211
f 216/216/216 215/215/215 214/214/214
f 219/219/219 218/218/218 217/217/217
f 222/222/222 221/221/221 220/220/220
f 225/225/225 224/224/224 223/223/223
f 228/228/228 227/227/227 226/226/226
f 231/231/231 230/230/230 229/229/229
f 234/234/234 233/233/233 232/232/232
f 237/237/237 236/236/236 235/235/235
f 240/240/240 239/239/239 238/238/238
f 243/243/243 242/242/242 241/241/241
f 246/246/246 245/245/245 244/244/244
f 249/249/249 248/248/248 247/247/247
f 252/252/252 251/251/251 250/250/250
f 255/255/255 254/254/254 253/253/253
f 258/258/258 257/257/257 256/256/256
f 260/260/260 258/258/258 259/259/259
f 260/260/260 259/259/259 261/261/261
f 264/264/264 263/263/263 262/262/262
f 267/267/267 266/266/266 265/265/265
f 270/270/270 269/269/269 268/268/268
f 273/273/273 272/272/272 271/271/271
f 276/276/276 275/275/275 274/274/274
f 279/279/279 278/278/278 277/277/277
f 282/282/282 281/281/281 280/280/280
f 285/285/285 284/284/284 283/283/283
f 288/288/288 287/287/287 286/286/286
f 291/291/291 290/290/290 289/289/289
f 294/294/294 293/293/293 292/292/292
f 297/297/297 296/296/296 295/295/295
f 300/300/300 299/299/299 298/298/298
f 303/303/303 302/302/302 301/301/301
f 306/306/306 305/305/305 304/304/304
f 309/309/309 308/308/308 307/307/307
f 312/312/312 311/311/311 310/310/310
f 315/315/315 314/314/314 313/313/313
f 318/318/318 317/317/317 316/316/316
f 321/321/321 320/320/320 319/319/319
f 324/324/324 323/323/323 322/322/322
f 327/327/327 326/326/326 325/325/325
f 330/330/330 329/329/329 328/328/328
f 333/333/333 332/332/332 331/331/331
f 336/336/336 335/335/335 334/334/334
f 339/339/339 338/338/338 337/337/337
f 342/342/342 341/341/341 340/340/340
f 345/345/345 344/344/344 343/343/343
f 348/348/348 347/347/347 346/346/346
f 351/351/351 350/350/350 349/349/349
f 354/354/354 353/353/353 352/352/352
f 357/357/357 356/356/356 355/355/355
f 360/360/360 359/359/359 358/358/358
f 363/363/363 362/362/362 361/361/361
f 366/366/366 365/365/365 364/364/364
f 369/369/369 368/368/368 367/367/367
f 372/372/372 371/371/371 370/370/370
f 375/375/375 374/374/374 373/373/373
f 378/378/378 377/377/377 376/376/376
f 381/381/381 380/380/380 379/379/379
f 384/384/384 383/383/383 382/382/382
f 387/387/387 386/386/386 385/385/385
f 390/390/390 389/389/389 388/388/388
f 393/393/393 392/392/392 391/391/391
f 396/396/396 395/395/395 394/394/394
f 399/399/399 398/398/398 397/397/397
f 402/402/402 401/401/401 400/400/400
f 405/405/405 404/404/404 403/403/403
f 408/408/408 407/407/407 406/406/406
f 411/411/411 410/410/410 409/409/409
f 414/414/414 413/413/413 412/412/412
f 417/417/417 416/416/416 415/415/415
f 420/420/420 419/419/419 418/418/418
f 423/423/423 422/422/422 421/421/421
f 426/426/426 425/425/425 424/424/424
f 429/429/429 428/428/428 427/427/427
f 432/432/432 431/431/431 430/430/430
f 435/435/435 434/434/434 433/433/433
f 438/438/438 437/437/437 436/436/436
f 441/441/441 440/440/440 439/439/439
f 444/444/444 443/443/443 442/442/442
f 447/447/447 446/446/446 445/445/445
f 449/449/449 447/447/447 448/448/448
f 449/449/449 448/448/448 450/450/450
f 453/453/453 452/452/452 451/451/451
f 456/456/456 455/455/455 454/454/454
f 459/459/459 458/458/458 457/457/457
f 462/462/462 461/461/461 460/460/460
f 465/465/465 464/464/464 463/463/463
f 468/468/468 467/467/467 466/466/466
f 471/471/471 470/470/470 469/469/469
f 474/474/474 473/473/473 472/472/472
f 477/477/477 476/476/476 475/475/475
f 480/480/480 479/479/479 478/478/478
f 483/483/483 482/482/482 481/481/481
f 486/486/486 485/485/485 484/484/484
f 489/489/489 488/488/488 487/487/487
f 492/492/492 491/491/491 490/490/490
f 495/495/495 494/494/494 493/493/493
f 498/498/498 497/497/497 496/496/496
f 501/501/501 500/500/500 499/499/499
f 504/504/504 503/503/503 502/502/502
f 507/507/507 506/506/506 505/505/505
f 510/510/510 509/509/509 508/508/508
f 512/512/512 510/510/510 511/511/511
f 512/512/512 511/511/511 513/513/513
f 516/516/516 515/515/515 514/514/514
f 519/519/519 518/518/518 517/517/517
f 522/522/522 521/521/521 520/520/520
f 525/525/525 524/524/524 523/523/523
f 528/528/528 527/527/527 526/526/526
f 531/531/531 530/530/530 529/529/529
f 534/534/534 533/533/533 532/532/532
f 537/537/537 536/536/536 535/535/535
f 540/540/540 539/539/539 538/538/538
f 543/543/543 542/542/542 541/541/541
f 546/546/546 545/545/545 544/544/544
f 549/549/549 548/548/548 547/547/547
f 552/552/552 551/551/551 550/550/550
f 555/555/555 554/554/554 553/553/553
f 558/558/558 557/557/557 556/556/556
f 561/561/561 560/560/560 559/559/559
f 564/564/564 563/563/563 562/562/562
f 567/567/567 566/566/566 565/565/565
f 570/570/570 569/569/569 568/568/568
f 573/573/573 572/572/572 571/571/571
f 575/575/575 573/573/573 574/574/574
f 575/575/575 574/574/574 576/576/576
f 579/579/579 578/578/578 577/577/577
f 582/582/582 581/581/581 580/580/580
f 585/585/585 584/584/584 583/583/583
f 588/588/588 587/587/587 586/586/586
f 591/591/591 590/590/590 589/589/589
f 594/594/594 593/593/593 592/592/592
f 597/597/597 596/596/596 595/595/595
f 600/600/600 599/599/599 598/598/598
f 603/603/603 602/602/602 601/601/601
f 606/606/606 605/605/605 604/604/604
f 609/609/609 608/608/608 607/607/607
f 612/612/612 611/611/611 610/610/610
f 615/615/615 614/614/614 613/613/613
f 618/618/618 617/617/617 616/616/616
f 621/621/621 620/620/620 619/619/619
f 624/624/624 623/623/623 622/622/622
f 623/623/623 626/626/626 625/625/625
f 625/625/625 626/626/626 627/627/627
f 630/630/630 629/629/629 628/628/628
f 633/633/633 632/632/632 631/631/631
f 636/636/636 635/635/635 634/634/634
f 639/639/639 638/638/638 637/637/637
f 642/642/642 641/641/641 640/640/640
f 645/645/645 644/644/644 643/643/643
f 648/648/648 647/647/647 646/646/646
f 651/651/651 650/650/650 649/649/649
f 654/654/654 653/653/653 652/652/652
f 657/657/657 656/656/656 655/655/655
f 660/660/660 659/659/659 658/658/658
f 663/663/663 662/662/662 661/661/661
f 666/666/666 665/665/665 664/664/664
f 669/669/669 668/668/668 667/667/667
f 672/672/672 671/671/671 670/670/670
f 675/675/675 674/674/674 673/673/673
f 678/678/678 677/677/677 676/676/676
f 681/681/681 680/680/680 679/679/679
f 684/684/684 683/683/683 682/682/682
f 687/687/687 686/686/686 685/685/685
f 690/690/690 689/689/689 688/688/688
f 693/693/693 692/692/692 691/691/691
f 696/696/696 695/695/695 694/694/694
f 699/699/699 698/698/698 697/697/697
f 702/702/702 701/701/701 700/700/700
f 705/705/705 704/704/704 703/703/703
f 708/708/708 707/707/707 706/706/706
f 711/711/711 710/710/710 709/709/709
f 714/714/714 713/713/713 712/712/712
f 717/717/717 716/716/716 715/715/715
f 720/720/720 719/719/719 718/718/718
f 723/723/723 722/722/722 721/721/721
f 726/726/726 725/725/725 724/724/724
f 729/729/729 728/728/728 727/727/727
f 732/732/732 731/731/731 730/730/730
f 735/735/735 734/734/734 733/733/733
f 736/736/736 734/734/734 735/735/735
f 736/736/736 735/735/735 737/737/737
f 736/736/736 737/737/737 738/738/738
f 737/737/737 739/739/739 738/738/738
f 740/740/740 738/738/738 739/739/739
f 741/741/741 740/740/740 739/739/739
f 740/740/740 741/741/741 742/742/742
f 742/742/742 741/741/741 743/743/743
f 744/744/744 740/740/740 742/742/742
f 745/745/745 744/744/744 742/742/742
f 746/746/746 745/745/745 742/742/742
f 746/746/746 742/742/742 747/747/747
f 742/742/742 748/748/748 747/747/747
f 748/748/748 749/749/749 747/747/747
f 750/750/750 736/736/736 738/738/738
f 738/738/738 751/751/751 750/750/750
f 750/750/750 752/752/752 736/736/736
f 753/753/753 736/736/736 752/752/752
f 754/754/754 753/753/753 752/752/752
f 754/754/754 752/752/752 755/755/755
f 754/754/754 756/756/756 753/753/753
f 754/754/754 755/755/755 757/757/757
f 755/755/755 758/758/758 757/757/757
f 759/759/759 757/757/757 758/758/758
f 754/754/754 757/757/757 760/760/760
f 759/759/759 758/758/758 761/761/761
f 761/761/761 762/762/762 759/759/759
f 758/758/758 763/763/763 761/761/761
f 758/758/758 764/764/764 763/763/763
f 763/763/763 765/765/765 761/761/761
f 766/766/766 761/761/761 765/765/765
f 766/766/766 765/765/765 767/767/767
f 768/768/768 766/766/766 767/767/767
f 767/767/767 769/769/769 768/768/768
f 770/770/770 769/769/769 767/767/767
f 767/767/767 771/771/771 770/770/770
f 769/769/769 770/770/770 772/772/772
f 773/773/773 769/769/769 772/772/772
f 774/774/774 773/773/773 772/772/772
f 775/775/775 774/774/774 772/772/772
f 772/772/772 776/776/776 775/775/775
f 774/774/774 775/775/775 777/777/777
f 777/777/777 775/775/775 778/778/778
f 779/779/779 777/777/777 778/778/778
f 780/780/780 778/778/778 775/775/775
f 775/775/775 776/776/776 781/781/781
f 780/780/780 775/775/775 781/781/781
f 776/776/776 782/782/782 781/781/781
f 781/781/781 783/783/783 780/780/780
f 784/784/784 783/783/783 781/781/781
f 781/781/781 785/785/785 784/784/784
f 784/784/784 786/786/786 783/783/783
f 787/787/787 784/784/784 785/785/785
f 786/786/786 784/784/784 788/788/788
f 789/789/789 786/786/786 788/788/788
f 760/760/760 788/788/788 784/784/784
f 760/760/760 784/784/784 787/787/787
f 787/787/787 754/754/754 760/760/760
f 754/754/754 790/790/790 756/756/756
f 791/791/791 756/756/756 790/790/790
f 791/791/791 790/790/790 792/792/792
f 790/790/790 754/754/754 793/793/793
f 793/793/793 754/754/754 794/794/794
f 792/792/792 790/790/790 795/795/795
f 795/795/795 796/796/796 792/792/792
f 795/795/795 790/790/790 797/797/797
f 797/797/797 790/790/790 793/793/793
f 798/798/798 795/795/795 797/797/797
f 794/794/794 799/799/799 793/793/793
f 799/799/799 794/794/794 800/800/800
f 793/793/793 799/799/799 800/800/800
f 801/801/801 797/797/797 793/793/793
f 801/801/801 793/793/793 800/800/800
f 802/802/802 797/797/797 801/801/801
f 800/800/800 803/803/803 801/801/801
f 801/801/801 803/803/803 802/802/802
f 803/803/803 804/804/804 802/802/802
f 802/802/802 804/804/804 805/805/805
f 802/802/802 805/805/805 806/806/806
f 807/807/807 806/806/806 805/805/805
f 805/805/805 808/808/808 807/807/807
f 809/809/809 805/805/805 804/804/804
f 810/810/810 809/809/809 804/804/804
f 811/811/811 810/810/810 804/804/804
f 812/812/812 811/811/811 804/804/804
f 813/813/813 812/812/812 804/804/804
f 814/814/814 813/813/813 804/804/804
f 815/815/815 814/814/814 804/804/804
f 816/816/816 815/815/815 804/804/804
f 817/817/817 816/816/816 804/804/804
f 817/817/817 804/804/804 818/818/818
f 819/819/819 817/817/817 818/818/818
f 818/818/818 820/820/820 819/819/819
f 820/820/820 818/818/818 821/821/821
f 822/822/822 820/820/820 821/821/821
f 821/821/821 818/818/818 823/823/823
f 824/824/824 821/821/821 823/823/823
f 824/824/824 825/825/825 821/821/821
f 826/826/826 821/821/821 825/825/825
f 825/825/825 824/824/824 827/827/827
f 828/828/828 827/827/827 824/824/824
f 829/829/829 827/827/827 828/828/828
f 830/830/830 827/827/827 829/829/829
f 803/803/803 831/831/831 804/804/804
f 803/803/803 832/832/832 831/831/831
f 832/832/832 803/803/803 800/800/800
f 832/832/832 800/800/800 833/833/833
f 800/800/800 834/834/834 833/833/833
f 800/800/800 835/835/835 834/834/834
f 836/836/836 832/832/832 833/833/833
f 836/836/836 833/833/833 837/837/837
f 838/838/838 836/836/836 837/837/837
f 839/839/839 837/837/837 833/833/833
f 836/836/836 840/840/840 832/832/832
f 841/841/841 837/837/837 839/839/839
f 832/832/832 840/840/840 842/842/842
f 832/832/832 842/842/842 831/831/831
f 842/842/842 840/840/840 843/843/843
f 843/843/843 840/840/840 844/844/844
f 845/845/845 842/842/842 843/843/843
f 845/845/845 846/846/846 842/842/842
f 831/831/831 842/842/842 846/846/846
f 831/831/831 846/846/846 847/847/847
f 831/831/831 847/847/847 848/848/848
f 849/849/849 848/848/848 847/847/847
f 847/847/847 850/850/850 849/849/849
f 850/850/850 851/851/851 849/849/849
f 851/851/851 850/850/850 852/852/852
f 850/850/850 853/853/853 852/852/852
f 854/854/854 853/853/853 850/850/850
f 853/853/853 855/855/855 852/852/852
f 852/852/852 855/855/855 856/856/856
f 855/855/855 841/841/841 856/856/856
f 857/857/857 841/841/841 855/855/855
f 841/841/841 858/858/858 856/856/856
f 841/841/841 839/839/839 858/858/858
f 859/859/859 858/858/858 839/839/839
f 856/856/856 858/858/858 860/860/860
f 861/861/861 856/856/856 860/860/860
f 862/862/862 860/860/860 858/858/858
f 858/858/858 859/859/859 862/862/862
f 862/862/862 859/859/859 863/863/863
f 864/864/864 863/863/863 859/859/859
f 864/864/864 859/859/859 865/865/865
f 859/859/859 866/866/866 865/865/865
f 867/867/867 865/865/865 866/866/866
f 865/865/865 867/867/867 868/868/868
f 867/867/867 869/869/869 868/868/868
f 870/870/870 869/869/869 867/867/867
f 863/863/863 871/871/871 862/862/862
f 872/872/872 871/871/871 863/863/863
f 873/873/873 862/862/862 871/871/871
f 874/874/874 862/862/862 873/873/873
f 875/875/875 873/873/873 871/871/871
f 876/876/876 873/873/873 875/875/875
f 875/875/875 877/877/877 876/876/876
f 878/878/878 876/876/876 877/877/877
f 879/879/879 878/878/878 877/877/877
f 879/879/879 880/880/880 878/878/878
f 881/881/881 879/879/879 877/877/877
f 877/877/877 882/882/882 881/881/881
f 879/879/879 881/881/881 883/883/883
f 883/883/883 884/884/884 879/879/879
f 884/884/884 885/885/885 879/879/879
f 883/883/883 886/886/886 884/884/884
f 884/884/884 887/887/887 885/885/885
f 884/884/884 886/886/886 888/888/888
f 887/887/887 884/884/884 889/889/889
f 890/890/890 887/887/887 889/889/889
f 889/889/889 891/891/891 890/890/890
f 891/891/891 892/892/892 890/890/890
f 889/889/889 884/884/884 893/893/893
f 884/884/884 894/894/894 893/893/893
f 894/894/894 884/884/884 888/888/888
f 894/894/894 888/888/888 895/895/895
f 895/895/895 896/896/896 894/894/894
f 897/897/897 896/896/896 895/895/895
f 895/895/895 898/898/898 897/897/897
f 896/896/896 897/897/897 899/899/899
f 902/902/902 901/901/901 900/900/900
f 903/903/903 902/902/902 900/900/900
f 903/903/903 904/904/904 902/902/902
f 905/905/905 902/902/902 904/904/904
f 906/906/906 905/905/905 904/904/904
f 906/906/906 907/907/907 905/905/905
f 906/906/906 904/904/904 908/908/908
f 909/909/909 908/908/908 904/904/904
f 912/912/912 911/911/911 910/910/910
f 913/913/913 911/911/911 912/912/912
f 914/914/914 913/913/913 912/912/912
f 911/911/911 913/913/913 915/915/915
f 915/915/915 913/913/913 916/916/916
f 917/917/917 915/915/915 916/916/916
f 918/918/918 917/917/917 916/916/916
f 918/918/918 919/919/919 917/917/917
f 918/918/918 916/916/916 920/920/920
f 921/921/921 920/920/920 916/916/916
f 924/924/924 923/923/923 922/922/922
f 925/925/925 924/924/924 922/922/922
f 922/922/922 926/926/926 925/925/925
f 925/925/925 926/926/926 927/927/927
f 924/924/924 929/929/929 928/928/928
f 924/924/924 930/930/930 929/929/929
f 933/933/933 932/932/932 931/931/931
f 931/931/931 934/934/934 933/933/933
f 931/931/931 935/935/935 934/934/934
f 934/934/934 936/936/936 933/933/933
f 936/936/936 937/937/937 933/933/933
f 940/940/940 939/939/939 938/938/938
f 940/940/940 941/941/941 939/939/939
f 944/944/944 943/943/943 942/942/942
f 945/945/945 944/944/944 942/942/942
f 942/942/942 946/946/946 945/945/945
f 947/947/947 944/944/944 945/945/945
f 946/946/946 948/948/948 945/945/945
f 949/949/949 947/947/947 945/945/945
f 945/945/945 948/948/948 949/949/949
f 948/948/948 950/950/950 949/949/949
f 953/953/953 952/952/952 951/951/951
f 952/952/952 954/954/954 951/951/951
f 952/952/952 955/955/955 954/954/954
f 955/955/955 956/956/956 954/954/954
f 954/954/954 956/956/956 957/957/957
f 956/956/956 958/958/958 957/957/957
f 961/961/961 960/960/960 959/959/959
f 962/962/962 961/961/961 959/959/959
f 963/963/963 961/961/961 962/962/962
f 964/964/964 963/963/963 962/962/962
f 967/967/967 966/966/966 965/965/965
f 968/968/968 967/967/967 965/965/965
f 971/971/971 970/970/970 969/969/969
f 972/972/972 971/971/971 969/969/969
f 975/975/975 974/974/974 973/973/973
f 973/973/973 976/976/976 975/975/975
f 979/979/979 978/978/978 977/977/977
f 977/977/977 980/980/980 979/979/979
f 983/983/983 982/982/982 981/981/981
f 984/984/984 982/982/982 983/983/983
f 987/987/987 986/986/986 985/985/985
f 988/988/988 987/987/987 985/985/985
f 991/991/991 990/990/990 989/989/989
f 989/989/989 992/992/992 991/991/991
f 995/995/995 994/994/994 993/993/993
f 996/996/996 994/994/994 995/995/995
f 999/999/999 998/998/998 997/997/997
f 1000/1000/1000 999/999/999 997/997/997
f 1003/1003/1003 1002/1002/1002 1001/1001/1001
f 1001/1001/1001 1004/1004/1004 1003/1003/1003
f 1007/1007/1007 1006/1006/1006 1005/1005/1005
f 1008/1008/1008 1006/1006/1006 1007/1007/1007
f 1011/1011/1011 1010/1010/1010 1009/1009/1009
f 1012/1012/1012 1011/1011/1011 1009/1009/1009
f 1015/1015/1015 1014/1014/1014 1013/1013/1013
f 1013/1013/1013 1014/1014/1014 1016/1016/1016
f 1019/1019/1019 1018/1018/1018 1017/1017/1017
f 1020/1020/1020 1017/1017/1017 1018/1018/1018
f 1023/1023/1023 1022/1022/1022 1021/1021/1021
f 1023/1023/1023 1024/1024/1024 1022/1022/1022
f 1027/1027/1027 1026/1026/1026 1025/1025/1025
f 1026/1026/1026 1028/1028/1028 1025/1025/1025
f 1031/1031/1031 1030/1030/1030 1029/1029/1029
f 1032/1032/1032 1029/1029/1029 1030/1030/1030
f 1035/1035/1035 1034/1034/1034 1033/1033/1033
f 1035/1035/1035 1036/1036/1036 1034/1034/1034
f 1039/1039/1039 1038/1038/1038 1037/1037/1037
f 1038/1038/1038 1040/1040/1040 1037/1037/1037
f 1043/1043/1043 1042/1042/1042 1041/1041/1041
f 1043/1043/1043 1044/1044/1044 1042/1042/1042
f 1044/1044/1044 1043/1043/1043 1045/1045/1045
f 1048/1048/1048 1047/1047/1047 1046/1046/1046
f 1049/1049/1049 1046/1046/1046 1047/1047/1047
f 1052/1052/1052 1051/1051/1051 1050/1050/1050
f 1052/1052/1052 1053/1053/1053 1051/1051/1051
f 1054/1054/1054 1053/1053/1053 1052/1052/1052
f 1057/1057/1057 1056/1056/1056 1055/1055/1055
f 1057/1057/1057 1058/1058/1058 1056/1056/1056
f 1061/1061/1061 1060/1060/1060 1059/1059/1059
f 1060/1060/1060 1062/1062/1062 1059/1059/1059
f 1065/1065/1065 1064/1064/1064 1063/1063/1063
f 1065/1065/1065 1066/1066/1066 1064/1064/1064
f 1066/1066/1066 1065/1065/1065 1067/1067/1067
f 1070/1070/1070 1069/1069/1069 1068/1068/1068
f 1071/1071/1071 1068/1068/1068 1069/1069/1069
f 1074/1074/1074 1073/1073/1073 1072/1072/1072
f 1075/1075/1075 1074/1074/1074 1072/1072/1072
f 1078/1078/1078 1077/1077/1077 1076/1076/1076
f 1079/1079/1079 1078/1078/1078 1076/1076/1076
f 1082/1082/1082 1081/1081/1081 1080/1080/1080
f 1083/1083/1083 1082/1082/1082 1080/1080/1080
f 1086/1086/1086 1085/1085/1085 1084/1084/1084
f 1087/1087/1087 1086/1086/1086 1084/1084/1084
f 1090/1090/1090 1089/1089/1089 1088/1088/1088
f 1091/1091/1091 1090/1090/1090 1088/1088/1088
f 1094/1094/1094 1093/1093/1093 1092/1092/1092
f 1095/1095/1095 1094/1094/1094 1092/1092/1092
f 1098/1098/1098 1097/1097/1097 1096/1096/1096
f 1099/1099/1099 1098/1098/1098 1096/1096/1096
f 1102/1102/1102 1101/1101/1101 1100/1100/1100
f 1103/1103/1103 1102/1102/1102 1100/1100/1100
f 1106/1106/1106 1105/1105/1105 1104/1104/1104
f 1107/1107/1107 1106/1106/1106 1104/1104/1104
f 1110/1110/1110 1109/1109/1109 1108/1108/1108
f 1111/1111/1111 1110/1110/1110 1108/1108/1108
f 1114/1114/1114 1113/1113/1113 1112/1112/1112
f 1115/1115/1115 1114/1114/1114 1112/1112/1112
f 1118/1118/1118 1117/1117/1117 1116/1116/1116
f 1119/1119/1119 1118/1118/1118 1116/1116/1116
f 1122/1122/1122 1121/1121/1121 1120/1120/1120
f 1123/1123/1123 1122/1122/1122 1120/1120/1120
f 1126/1126/1126 1125/1125/1125 1124/1124/1124
f 1127/1127/1127 1126/1126/1126 1124/1124/1124
f 1130/1130/1130 1129/1129/1129 1128/1128/1128
f 1131/1131/1131 1130/1130/1130 1128/1128/1128
f 1134/1134/1134 1133/1133/1133 1132/1132/1132
f 1135/1135/1135 1134/1134/1134 1132/1132/1132
f 1138/1138/1138 1137/1137/1137 1136/1136/1136
f 1139/1139/1139 1138/1138/1138 1136/1136/1136
f 1142/1142/1142 1141/1141/1141 1140/1140/1140
f 1143/1143/1143 1142/1142/1142 1140/1140/1140
f 1146/1146/1146 1145/1145/1145 1144/1144/1144
f 1147/1147/1147 1146/1146/1146 1144/1144/1144
f 1150/1150/1150 1149/1149/1149 1148/1148/1148
f 1151/1151/1151 1150/1150/1150 1148/1148/1148
f 1154/1154/1154 1153/1153/1153 1152/1152/1152
f 1155/1155/1155 1154/1154/1154 1152/1152/1152
f 1158/1158/1158 1157/1157/1157 1156/1156/1156
f 1159/1159/1159 1158/1158/1158 1156/1156/1156
f 1162/1162/1162 1161/1161/1161 1160/1160/1160
f 1163/1163/1163 1162/1162/1162 1160/1160/1160
f 1166/1166/1166 1165/1165/1165 1164/1164/1164
f 1167/1167/1167 1166/1166/1166 1164/1164/1164
f 1170/1170/1170 1169/1169/1169 1168/1168/1168
f 1171/1171/1171 1170/1170/1170 1168/1168/1168
f 1174/1174/1174 1173/1173/1173 1172/1172/1172
f 1175/1175/1175 1174/1174/1174 1172/1172/1172
f 1178/1178/1178 1177/1177/1177 1176/1176/1176
f 1179/1179/1179 1178/1178/1178 1176/1176/1176
f 1182/1182/1182 1181/1181/1181 1180/1180/1180
f 1183/1183/1183 1182/1182/1182 1180/1180/1180
f 1186/1186/1186 1185/1185/1185 1184/1184/1184
f 1187/1187/1187 1186/1186/1186 1184/1184/1184
f 1190/1190/1190 1189/1189/1189 1188/1188/1188
f 1191/1191/1191 1190/1190/1190 1188/1188/1188
f 1194/1194/1194 1193/1193/1193 1192/1192/1192
f 1195/1195/1195 1194/1194/1194 1192/1192/1192
f 1198/1198/1198 1197/1197/1197 1196/1196/1196
f 1199/1199/1199 1198/1198/1198 1196/1196/1196
f 1202/1202/1202 1201/1201/1201 1200/1200/1200
f 1203/1203/1203 1202/1202/1202 1200/1200/1200
f 1206/1206/1206 1205/1205/1205 1204/1204/1204
f 1207/1207/1207 1206/1206/1206 1204/1204/1204
f 1210/1210/1210 1209/1209/1209 1208/1208/1208
f 1211/1211/1211 1210/1210/1210 1208/1208/1208
f 1214/1214/1214 1213/1213/1213 1212/1212/1212
f 1215/1215/1215 1214/1214/1214 1212/1212/1212
f 1218/1218/1218 1217/1217/1217 1216/1216/1216
f 1219/1219/1219 1218/1218/1218 1216/1216/1216
f 1222/1222/1222 1221/1221/1221 1220/1220/1220
f 1223/1223/1223 1222/1222/1222 1220/1220/1220
f 1226/1226/1226 1225/1225/1225 1224/1224/1224
f 1227/1227/1227 1226/1226/1226 1224/1224/1224
f 1230/1230/1230 1229/1229/1229 1228/1228/1228
f 1231/1231/1231 1230/1230/1230 1228/1228/1228
f 1234/1234/1234 1233/1233/1233 1232/1232/1232
f 1235/1235/1235 1234/1234/1234 1232/1232/1232
f 1238/1238/1238 1237/1237/1237 1236/1236/1236
f 1239/1239/1239 1238/1238/1238 1236/1236/1236
f 1242/1242/1242 1241/1241/1241 1240/1240/1240
f 1243/1243/1243 1242/1242/1242 1240/1240/1240
f 1246/1246/1246 1245/1245/1245 1244/1244/1244
f 1247/1247/1247 1246/1246/1246 1244/1244/1244
f 1250/1250/1250 1249/1249/1249 1248/1248/1248
f 1251/1251/1251 1250/1250/1250 1248/1248/1248
f 1254/1254/1254 1253/1253/1253 1252/1252/1252
f 1255/1255/1255 1254/1254/1254 1252/1252/1252
f 1258/1258/1258 1257/1257/1257 1256/1256/1256
f 1259/1259/1259 1258/1258/1258 1256/1256/1256
f 1262/1262/1262 1261/1261/1261 1260/1260/1260
f 1263/1263/1263 1262/1262/1262 1260/1260/1260
f 1266/1266/1266 1265/1265/1265 1264/1264/1264
f 1265/1265/1265 1266/1266/1266 1267/1267/1267
f 1270/1270/1270 1269/1269/1269 1268/1268/1268
f 1270/1270/1270 1268/1268/1268 1271/1271/1271
f 1270/1270/1270 1271/1271/1271 1272/1272/1272
f 1270/1270/1270 1272/1272/1272 1273/1273/1273
f 1270/1270/1270 1273/1273/1273 1274/1274/1274
f 1270/1270/1270 1274/1274/1274 1275/1275/1275
f 1275/1275/1275 1276/1276/1276 1270/1270/1270
f 1275/1275/1275 1274/1274/1274 1277/1277/1277
f 1278/1278/1278 1272/1272/1272 1271/1271/1271
f 1271/1271/1271 1279/1279/1279 1278/1278/1278
f 1272/1272/1272 1278/1278/1278 1280/1280/1280
f 1280/1280/1280 1281/1281/1281 1272/1272/1272
f 1278/1278/1278 1282/1282/1282 1280/1280/1280
f 1282/1282/1282 1283/1283/1283 1280/1280/1280
f 1283/1283/1283 1282/1282/1282 1284/1284/1284
f 1275/1275/1275 1277/1277/1277 1285/1285/1285
f 1277/1277/1277 1286/1286/1286 1285/1285/1285
f 1275/1275/1275 1285/1285/1285 1287/1287/1287
f 1276/1276/1276 1275/1275/1275 1288/1288/1288
f 1288/1288/1288 1275/1275/1275 1287/1287/1287
f 1289/1289/1289 1276/1276/1276 1288/1288/1288
f 1287/1287/1287 1290/1290/1290 1288/1288/1288
f 1288/1288/1288 1290/1290/1290 1291/1291/1291
f 1291/1291/1291 1292/1292/1292 1288/1288/1288
f 1290/1290/1290 1293/1293/1293 1291/1291/1291
f 1291/1291/1291 1294/1294/1294 1292/1292/1292
f 1291/1291/1291 1293/1293/1293 1295/1295/1295
f 1293/1293/1293 1296/1296/1296 1295/1295/1295
f 1291/1291/1291 1295/1295/1295 1297/1297/1297
f 1294/1294/1294 1291/1291/1291 1297/1297/1297
f 1297/1297/1297 1298/1298/1298 1294/1294/1294
f 1297/1297/1297 1299/1299/1299 1298/1298/1298
f 1299/1299/1299 1300/1300/1300 1298/1298/1298
f 1299/1299/1299 1301/1301/1301 1300/1300/1300
f 1300/1300/1300 1302/1302/1302 1298/1298/1298
f 1299/1299/1299 1303/1303/1303 1301/1301/1301
f 1283/1283/1283 1301/1301/1301 1303/1303/1303
f 1303/1303/1303 1304/1304/1304 1283/1283/1283
f 1283/1283/1283 1284/1284/1284 1301/1301/1301
f 1284/1284/1284 1305/1305/1305 1301/1301/1301
f 1302/1302/1302 1306/1306/1306 1298/1298/1298
f 1302/1302/1302 1307/1307/1307 1306/1306/1306
f 1306/1306/1306 1308/1308/1308 1298/1298/1298
f 1308/1308/1308 1309/1309/1309 1298/1298/1298
f 1310/1310/1310 1306/1306/1306 1307/1307/1307
f 1307/1307/1307 1311/1311/1311 1310/1310/1310
f 1310/1310/1310 1312/1312/1312 1306/1306/1306
f 1312/1312/1312 1313/1313/1313 1306/1306/1306
f 1312/1312/1312 1314/1314/1314 1313/1313/1313
f 1310/1310/1310 1315/1315/1315 1312/1312/1312
f 1315/1315/1315 1316/1316/1316 1312/1312/1312
f 1317/1317/1317 1316/1316/1316 1315/1315/1315
f 1316/1316/1316 1317/1317/1317 1318/1318/1318
f 1317/1317/1317 1315/1315/1315 1319/1319/1319
f 1317/1317/1317 1319/1319/1319 1320/1320/1320
f 1309/1309/1309 1321/1321/1321 1298/1298/1298
f 1309/1309/1309 1322/1322/1322 1321/1321/1321
f 1321/1321/1321 1322/1322/1322 1323/1323/1323
f 1298/1298/1298 1321/1321/1321 1324/1324/1324
f 1298/1298/1298 1324/1324/1324 1325/1325/1325
f 1326/1326/1326 1321/1321/1321 1323/1323/1323
f 1323/1323/1323 1327/1327/1327 1326/1326/1326
f 1270/1270/1270 1321/1321/1321 1326/1326/1326
f 1321/1321/1321 1270/1270/1270 1324/1324/1324
f 1270/1270/1270 1326/1326/1326 1328/1328/1328
f 1270/1270/1270 1328/1328/1328 1329/1329/1329
f 1270/1270/1270 1329/1329/1329 1330/1330/1330
f 1270/1270/1270 1330/1330/1330 1331/1331/1331
f 1270/1270/1270 1332/1332/1332 1324/1324/1324
f 1333/1333/1333 1324/1324/1324 1332/1332/1332
f 1334/1334/1334 1325/1325/1325 1324/1324/1324
f 1333/1333/1333 1334/1334/1334 1324/1324/1324
f 1325/1325/1325 1334/1334/1334 1333/1333/1333
f 1332/1332/1332 1335/1335/1335 1333/1333/1333
f 1335/1335/1335 1332/1332/1332 1336/1336/1336
f 1336/1336/1336 1332/1332/1332 1337/1337/1337
f 1336/1336/1336 1337/1337/1337 1338/1338/1338
f 1339/1339/1339 1335/1335/1335 1336/1336/1336
f 1340/1340/1340 1336/1336/1336 1338/1338/1338
f 1340/1340/1340 1338/1338/1338 1341/1341/1341
f 1342/1342/1342 1340/1340/1340 1341/1341/1341
f 1335/1335/1335 1343/1343/1343 1333/1333/1333
f 1340/1340/1340 1342/1342/1342 1344/1344/1344
f 1333/1333/1333 1343/1343/1343 1345/1345/1345
f 1343/1343/1343 1346/1346/1346 1345/1345/1345
f 1347/1347/1347 1333/1333/1333 1345/1345/1345
f 1347/1347/1347 1345/1345/1345 1348/1348/1348
f 1349/1349/1349 1333/1333/1333 1347/1347/1347
f 1348/1348/1348 1349/1349/1349 1347/1347/1347
f 1350/1350/1350 1349/1349/1349 1348/1348/1348
f 1348/1348/1348 1351/1351/1351 1350/1350/1350
f 1348/1348/1348 1352/1352/1352 1351/1351/1351
f 1353/1353/1353 1352/1352/1352 1348/1348/1348
f 1353/1353/1353 1354/1354/1354 1352/1352/1352
f 1355/1355/1355 1354/1354/1354 1353/1353/1353
f 1355/1355/1355 1353/1353/1353 1356/1356/1356
f 1353/1353/1353 1357/1357/1357 1356/1356/1356
f 1357/1357/1357 1353/1353/1353 1358/1358/1358
f 1358/1358/1358 1353/1353/1353 1359/1359/1359
f 1359/1359/1359 1353/1353/1353 1348/1348/1348
f 1345/1345/1345 1359/1359/1359 1348/1348/1348
f 1345/1345/1345 1361/1361/1361 1360/1360/1360
f 1345/1345/1345 1362/1362/1362 1361/1361/1361
f 1345/1345/1345 1360/1360/1360 1363/1363/1363
f 1345/1345/1345 1364/1364/1364 1362/1362/1362
f 1364/1364/1364 1365/1365/1365 1362/1362/1362
f 1345/1345/1345 1366/1366/1366 1364/1364/1364
f 1345/1345/1345 1367/1367/1367 1366/1366/1366
f 1345/1345/1345 1368/1368/1368 1367/1367/1367
f 1345/1345/1345 1369/1369/1369 1368/1368/1368
f 1370/1370/1370 1345/1345/1345 1363/1363/1363
f 1363/1363/1363 1371/1371/1371 1370/1370/1370
f 1345/1345/1345 1346/1346/1346 1369/1369/1369
f 1363/1363/1363 1372/1372/1372 1371/1371/1371
f 1363/1363/1363 1373/1373/1373 1372/1372/1372
f 1373/1373/1373 1363/1363/1363 1374/1374/1374
f 1372/1372/1372 1373/1373/1373 1375/1375/1375
f 1376/1376/1376 1372/1372/1372 1375/1375/1375
f 1376/1376/1376 1375/1375/1375 1377/1377/1377
f 1369/1369/1369 1346/1346/1346 1378/1378/1378
f 1378/1378/1378 1379/1379/1379 1369/1369/1369
f 1346/1346/1346 1380/1380/1380 1378/1378/1378
f 1381/1381/1381 1380/1380/1380 1346/1346/1346
f 1381/1381/1381 1346/1346/1346 1382/1382/1382
f 1383/1383/1383 1381/1381/1381 1382/1382/1382
f 1376/1376/1376 1377/1377/1377 1384/1384/1384
f 1377/1377/1377 1385/1385/1385 1384/1384/1384
f 1376/1376/1376 1384/1384/1384 1386/1386/1386
f 1386/1386/1386 1387/1387/1387 1376/1376/1376
f 1388/1388/1388 1386/1386/1386 1384/1384/1384
f 1384/1384/1384 1389/1389/1389 1388/1388/1388
f 1384/1384/1384 1390/1390/1390 1389/1389/1389
f 1384/1384/1384 1391/1391/1391 1390/1390/1390
f 1391/1391/1391 1382/1382/1382 1390/1390/1390
f 1390/1390/1390 1382/1382/1382 1392/1392/1392
f 1382/1382/1382 1393/1393/1393 1392/1392/1392
f 1382/1382/1382 1394/1394/1394 1393/1393/1393
f 1391/1391/1391 1395/1395/1395 1382/1382/1382
f 1395/1395/1395 1383/1383/1383 1382/1382/1382
f 1395/1395/1395 1396/1396/1396 1383/1383/1383
f 1397/1397/1397 1383/1383/1383 1396/1396/1396
f 1398/1398/1398 1397/1397/1397 1396/1396/1396
f 1397/1397/1397 1398/1398/1398 1365/1365/1365
f 1365/1365/1365 1399/1399/1399 1397/1397/1397
f 1399/1399/1399 1400/1400/1400 1397/1397/1397
f 1365/1365/1365 1401/1401/1401 1399/1399/1399
f 1364/1364/1364 1401/1401/1401 1365/1365/1365
f 1401/1401/1401 1364/1364/1364 1402/1402/1402
f 1405/1405/1405 1404/1404/1404 1403/1403/1403
f 1406/1406/1406 1405/1405/1405 1403/1403/1403
f 1409/1409/1409 1408/1408/1408 1407/1407/1407
f 1409/1409/1409 1407/1407/1407 1410/1410/1410
f 1407/1407/1407 1411/1411/1411 1410/1410/1410
f 1411/1411/1411 1412/1412/1412 1410/1410/1410
f 1407/1407/1407 1413/1413/1413 1411/1411/1411
f 1407/1407/1407 1414/1414/1414 1413/1413/1413
f 1413/1413/1413 1414/1414/1414 1415/1415/1415
f 1416/1416/1416 1413/1413/1413 1415/1415/1415
f 1409/1409/1409 1410/1410/1410 1336/1336/1336
f 1410/1410/1410 1417/1417/1417 1336/1336/1336
f 1418/1418/1418 1416/1416/1416 1415/1415/1415
f 1416/1416/1416 1418/1418/1418 1419/1419/1419
f 1409/1409/1409 1336/1336/1336 1340/1340/1340
f 1340/1340/1340 1420/1420/1420 1409/1409/1409
f 1344/1344/1344 1420/1420/1420 1340/1340/1340
f 1421/1421/1421 1418/1418/1418 1415/1415/1415
f 1415/1415/1415 1422/1422/1422 1421/1421/1421
f 1422/1422/1422 1423/1423/1423 1421/1421/1421
f 1421/1421/1421 1344/1344/1344 1424/1424/1424
f 1421/1421/1421 1423/1423/1423 1425/1425/1425
f 1344/1344/1344 1421/1421/1421 1425/1425/1425
f 1421/1421/1421 1339/1339/1339 1418/1418/1418
f 1339/1339/1339 1426/1426/1426 1418/1418/1418
f 1339/1339/1339 1427/1427/1427 1426/1426/1426
f 1339/1339/1339 1428/1428/1428 1427/1427/1427
f 1339/1339/1339 1429/1429/1429 1428/1428/1428
f 1339/1339/1339 1430/1430/1430 1429/1429/1429
f 1344/1344/1344 1431/1431/1431 1420/1420/1420
f 1420/1420/1420 1431/1431/1431 1432/1432/1432
f 1344/1344/1344 1433/1433/1433 1431/1431/1431
f 1344/1344/1344 1425/1425/1425 1433/1433/1433
f 1425/1425/1425 1434/1434/1434 1433/1433/1433
f 1339/1339/1339 1435/1435/1435 1430/1430/1430
f 1435/1435/1435 1436/1436/1436 1430/1430/1430
f 1339/1339/1339 1437/1437/1437 1435/1435/1435
f 1339/1339/1339 1438/1438/1438 1437/1437/1437
f 1339/1339/1339 1439/1439/1439 1438/1438/1438
f 1339/1339/1339 1440/1440/1440 1439/1439/1439
f 1440/1440/1440 1339/1339/1339 1336/1336/1336
f 1441/1441/1441 1440/1440/1440 1336/1336/1336
f 1440/1440/1440 1441/1441/1441 1442/1442/1442
f 1442/1442/1442 1443/1443/1443 1440/1440/1440
f 1444/1444/1444 1441/1441/1441 1336/1336/1336
f 1417/1417/1417 1444/1444/1444 1336/1336/1336
f 1417/1417/1417 1445/1445/1445 1444/1444/1444
f 1417/1417/1417 1446/1446/1446 1445/1445/1445
f 1445/1445/1445 1447/1447/1447 1444/1444/1444
f 1447/1447/1447 1448/1448/1448 1444/1444/1444
f 1449/1449/1449 1447/1447/1447 1445/1445/1445
f 1450/1450/1450 1449/1449/1449 1445/1445/1445
f 1450/1450/1450 1451/1451/1451 1449/1449/1449
f 1454/1454/1454 1453/1453/1453 1452/1452/1452
f 1453/1453/1453 1454/1454/1454 1455/1455/1455
f 1458/1458/1458 1457/1457/1457 1456/1456/1456
f 1458/1458/1458 1456/1456/1456 1459/1459/1459
f 1459/1459/1459 1460/1460/1460 1458/1458/1458
f 1460/1460/1460 1459/1459/1459 1461/1461/1461
f 1460/1460/1460 1461/1461/1461 1462/1462/1462
f 1463/1463/1463 1460/1460/1460 1462/1462/1462
f 1464/1464/1464 1462/1462/1462 1461/1461/1461
f 1461/1461/1461 1465/1465/1465 1464/1464/1464
f 1462/1462/1462 1464/1464/1464 1466/1466/1466
f 1469/1469/1469 1468/1468/1468 1467/1467/1467
f 1470/1470/1470 1469/1469/1469 1467/1467/1467
f 1473/1473/1473 1472/1472/1472 1471/1471/1471
f 1474/1474/1474 1473/1473/1473 1471/1471/1471
f 1477/1477/1477 1476/1476/1476 1475/1475/1475
f 1478/1478/1478 1477/1477/1477 1475/1475/1475
f 1478/1478/1478 1475/1475/1475 1479/1479/1479
f 1480/1480/1480 1478/1478/1478 1479/1479/1479
f 1479/1479/1479 1481/1481/1481 1480/1480/1480
f 1484/1484/1484 1483/1483/1483 1482/1482/1482
f 1483/1483/1483 1485/1485/1485 1482/1482/1482
f 1483/1483/1483 1486/1486/1486 1485/1485/1485
f 1486/1486/1486 1487/1487/1487 1485/1485/1485
f 1490/1490/1490 1489/1489/1489 1488/1488/1488
f 1491/1491/1491 1490/1490/1490 1488/1488/1488
f 1494/1494/1494 1493/1493/1493 1492/1492/1492
f 1495/1495/1495 1494/1494/1494 1492/1492/1492
f 1494/1494/1494 1495/1495/1495 1496/1496/1496
f 1497/1497/1497 1494/1494/1494 1496/1496/1496
f 1500/1500/1500 1499/1499/1499 1498/1498/1498
f 1501/1501/1501 1500/1500/1500 1498/1498/1498
f 1500/1500/1500 1501/1501/1501 1502/1502/1502
f 1503/1503/1503 1500/1500/1500 1502/1502/1502
f 1502/1502/1502 1501/1501/1501 1504/1504/1504
f 1505/1505/1505 1500/1500/1500 1503/1503/1503
f 1501/1501/1501 1506/1506/1506 1504/1504/1504
f 1507/1507/1507 1505/1505/1505 1503/1503/1503
f 1508/1508/1508 1505/1505/1505 1507/1507/1507
f 1509/1509/1509 1508/1508/1508 1507/1507/1507
f 1504/1504/1504 1506/1506/1506 1510/1510/1510
f 1506/1506/1506 1511/1511/1511 1510/1510/1510
f 1510/1510/1510 1511/1511/1511 1512/1512/1512
f 1511/1511/1511 1513/1513/1513 1512/1512/1512
f 1516/1516/1516 1515/1515/1515 1514/1514/1514
f 1517/1517/1517 1516/1516/1516 1514/1514/1514
f 1517/1517/1517 1514/1514/1514 1518/1518/1518
f 1519/1519/1519 1517/1517/1517 1518/1518/1518
f 1519/1519/1519 1518/1518/1518 1520/1520/1520
f 1523/1523/1523 1522/1522/1522 1521/1521/1521
f 1522/1522/1522 1524/1524/1524 1521/1521/1521
f 1521/1521/1521 1524/1524/1524 1525/1525/1525
f 1524/1524/1524 1526/1526/1526 1525/1525/1525
f 1529/1529/1529 1528/1528/1528 1527/1527/1527
f 1528/1528/1528 1530/1530/1530 1527/1527/1527
f 1527/1527/1527 1530/1530/1530 1531/1531/1531
f 1530/1530/1530 1532/1532/1532 1531/1531/1531
f 1531/1531/1531 1532/1532/1532 1533/1533/1533
f 1532/1532/1532 1534/1534/1534 1533/1533/1533
f 1537/1537/1537 1536/1536/1536 1535/1535/1535
f 1538/1538/1538 1537/1537/1537 1535/1535/1535
f 1541/1541/1541 1540/1540/1540 1539/1539/1539
f 1542/1542/1542 1541/1541/1541 1539/1539/1539
f 1545/1545/1545 1544/1544/1544 1543/1543/1543
f 1546/1546/1546 1545/1545/1545 1543/1543/1543
f 1547/1547/1547 1545/1545/1545 1546/1546/1546
f 1548/1548/1548 1547/1547/1547 1546/1546/1546
f 1549/1549/1549 1547/1547/1547 1548/1548/1548
f 1550/1550/1550 1549/1549/1549 1548/1548/1548
f 1551/1551/1551 1549/1549/1549 1550/1550/1550
f 1552/1552/1552 1551/1551/1551 1550/1550/1550
f 1553/1553/1553 1551/1551/1551 1552/1552/1552
f 1554/1554/1554 1553/1553/1553 1552/1552/1552
f 1557/1557/1557 1556/1556/1556 1555/1555/1555
f 1558/1558/1558 1557/1557/1557 1555/1555/1555
f 1561/1561/1561 1560/1560/1560 1559/1559/1559
f 1562/1562/1562 1561/1561/1561 1559/1559/1559
f 1565/1565/1565 1564/1564/1564 1563/1563/1563
f 1566/1566/1566 1565/1565/1565 1563/1563/1563
f 1567/1567/1567 1565/1565/1565 1566/1566/1566
f 1568/1568/1568 1567/1567/1567 1566/1566/1566
f 1569/1569/1569 1567/1567/1567 1568/1568/1568
f 1570/1570/1570 1569/1569/1569 1568/1568/1568
f 1570/1570/1570 1571/1571/1571 1569/1569/1569
f 1569/1569/1569 1571/1571/1571 1572/1572/1572
f 1573/1573/1573 1572/1572/1572 1571/1571/1571
f 1573/1573/1573 1574/1574/1574 1572/1572/1572
f 1575/1575/1575 1574/1574/1574 1573/1573/1573
f 1575/1575/1575 1576/1576/1576 1574/1574/1574
f 1576/1576/1576 1577/1577/1577 1574/1574/1574
f 1576/1576/1576 1578/1578/1578 1577/1577/1577
f 1578/1578/1578 1579/1579/1579 1577/1577/1577
f 1578/1578/1578 1580/1580/1580 1579/1579/1579
f 1583/1583/1583 1582/1582/1582 1581/1581/1581
f 1582/1582/1582 1584/1584/1584 1581/1581/1581
f 1581/1581/1581 1584/1584/1584 1585/1585/1585
f 1586/1586/1586 1581/1581/1581 1585/1585/1585
f 1589/1589/1589 1588/1588/1588 1587/1587/1587
f 1590/1590/1590 1588/1588/1588 1589/1589/1589
f 1591/1591/1591 1590/1590/1590 1589/1589/1589
f 1591/1591/1591 1589/1589/1589 1592/1592/1592
f 1592/1592/1592 1589/1589/1589 1593/1593/1593
f 1594/1594/1594 1592/1592/1592 1593/1593/1593
f 1594/1594/1594 1593/1593/1593 1595/1595/1595
f 1596/1596/1596 1594/1594/1594 1595/1595/1595
f 1597/1597/1597 1591/1591/1591 1592/1592/1592
f 1596/1596/1596 1595/1595/1595 1598/1598/1598
f 1599/1599/1599 1591/1591/1591 1597/1597/1597
f 1600/1600/1600 1599/1599/1599 1597/1597/1597
f 1591/1591/1591 1599/1599/1599 1601/1601/1601
f 1601/1601/1601 1602/1602/1602 1591/1591/1591
f 1602/1602/1602 1603/1603/1603 1591/1591/1591
f 1604/1604/1604 1591/1591/1591 1603/1603/1603
f 1603/1603/1603 1602/1602/1602 1605/1605/1605
f 1606/1606/1606 1604/1604/1604 1603/1603/1603
f 1607/1607/1607 1603/1603/1603 1605/1605/1605
f 1607/1607/1607 1606/1606/1606 1603/1603/1603
f 1606/1606/1606 1607/1607/1607 1608/1608/1608
f 1596/1596/1596 1598/1598/1598 1609/1609/1609
f 1596/1596/1596 1609/1609/1609 1610/1610/1610
f 1611/1611/1611 1596/1596/1596 1610/1610/1610
f 1612/1612/1612 1609/1609/1609 1598/1598/1598
f 1613/1613/1613 1596/1596/1596 1611/1611/1611
f 1612/1612/1612 1614/1614/1614 1609/1609/1609
f 1614/1614/1614 1612/1612/1612 1615/1615/1615
f 1614/1614/1614 1616/1616/1616 1609/1609/1609
f 1617/1617/1617 1609/1609/1609 1616/1616/1616
f 1617/1617/1617 1610/1610/1610 1609/1609/1609
f 1618/1618/1618 1617/1617/1617 1616/1616/1616
f 1619/1619/1619 1618/1618/1618 1616/1616/1616
f 1620/1620/1620 1614/1614/1614 1615/1615/1615
f 1620/1620/1620 1616/1616/1616 1614/1614/1614
f 1616/1616/1616 1621/1621/1621 1619/1619/1619
f 1621/1621/1621 1622/1622/1622 1619/1619/1619
f 1623/1623/1623 1621/1621/1621 1616/1616/1616
f 1620/1620/1620 1615/1615/1615 1624/1624/1624
f 1624/1624/1624 1615/1615/1615 1625/1625/1625
f 1626/1626/1626 1623/1623/1623 1616/1616/1616
f 1627/1627/1627 1623/1623/1623 1626/1626/1626
f 1616/1616/1616 1620/1620/1620 1628/1628/1628
f 1620/1620/1620 1624/1624/1624 1628/1628/1628
f 1626/1626/1626 1616/1616/1616 1628/1628/1628
f 1625/1625/1625 1629/1629/1629 1624/1624/1624
f 1629/1629/1629 1625/1625/1625 1630/1630/1630
f 1629/1629/1629 1630/1630/1630 1631/1631/1631
f 1632/1632/1632 1627/1627/1627 1626/1626/1626
f 1633/1633/1633 1627/1627/1627 1632/1632/1632
f 1628/1628/1628 1624/1624/1624 1634/1634/1634
f 1629/1629/1629 1634/1634/1634 1624/1624/1624
f 1635/1635/1635 1629/1629/1629 1631/1631/1631
f 1629/1629/1629 1635/1635/1635 1634/1634/1634
f 1635/1635/1635 1631/1631/1631 1636/1636/1636
f 1626/1626/1626 1628/1628/1628 1637/1637/1637
f 1632/1632/1632 1626/1626/1626 1637/1637/1637
f 1637/1637/1637 1628/1628/1628 1634/1634/1634
f 1638/1638/1638 1633/1633/1633 1632/1632/1632
f 1639/1639/1639 1633/1633/1633 1638/1638/1638
f 1637/1637/1637 1640/1640/1640 1632/1632/1632
f 1637/1637/1637 1634/1634/1634 1640/1640/1640
f 1640/1640/1640 1638/1638/1638 1632/1632/1632
f 1641/1641/1641 1635/1635/1635 1636/1636/1636
f 1636/1636/1636 1642/1642/1642 1641/1641/1641
f 1642/1642/1642 1643/1643/1643 1641/1641/1641
f 1635/1635/1635 1644/1644/1644 1634/1634/1634
f 1634/1634/1634 1644/1644/1644 1640/1640/1640
f 1635/1635/1635 1641/1641/1641 1644/1644/1644
f 1641/1641/1641 1643/1643/1643 1645/1645/1645
f 1641/1641/1641 1645/1645/1645 1644/1644/1644
f 1643/1643/1643 1646/1646/1646 1645/1645/1645
f 1645/1645/1645 1646/1646/1646 1647/1647/1647
f 1640/1640/1640 1644/1644/1644 1648/1648/1648
f 1644/1644/1644 1645/1645/1645 1648/1648/1648
f 1640/1640/1640 1648/1648/1648 1638/1638/1638
f 1648/1648/1648 1645/1645/1645 1647/1647/1647
f 1649/1649/1649 1639/1639/1639 1638/1638/1638
f 1648/1648/1648 1649/1649/1649 1638/1638/1638
f 1648/1648/1648 1647/1647/1647 1649/1649/1649
f 1650/1650/1650 1639/1639/1639 1649/1649/1649
f 1647/1647/1647 1651/1651/1651 1649/1649/1649
f 1651/1651/1651 1650/1650/1650 1649/1649/1649
f 1654/1654/1654 1653/1653/1653 1652/1652/1652
f 1655/1655/1655 1654/1654/1654 1652/1652/1652
f 1652/1652/1652 1656/1656/1656 1655/1655/1655
f 1657/1657/1657 1654/1654/1654 1655/1655/1655
f 1658/1658/1658 1654/1654/1654 1657/1657/1657
f 1659/1659/1659 1658/1658/1658 1657/1657/1657
f 1657/1657/1657 1660/1660/1660 1659/1659/1659
f 1660/1660/1660 1661/1661/1661 1659/1659/1659
f 1662/1662/1662 1657/1657/1657 1655/1655/1655
f 1660/1660/1660 1657/1657/1657 1662/1662/1662
f 1656/1656/1656 1663/1663/1663 1655/1655/1655
f 1655/1655/1655 1663/1663/1663 1662/1662/1662
f 1661/1661/1661 1660/1660/1660 1664/1664/1664
f 1664/1664/1664 1665/1665/1665 1661/1661/1661
f 1666/1666/1666 1663/1663/1663 1656/1656/1656
f 1667/1667/1667 1666/1666/1666 1656/1656/1656
f 1668/1668/1668 1666/1666/1666 1667/1667/1667
f 1669/1669/1669 1668/1668/1668 1667/1667/1667
f 1670/1670/1670 1663/1663/1663 1666/1666/1666
f 1663/1663/1663 1670/1670/1670 1662/1662/1662
f 1670/1670/1670 1666/1666/1666 1668/1668/1668
f 1671/1671/1671 1660/1660/1660 1662/1662/1662
f 1664/1664/1664 1660/1660/1660 1671/1671/1671
f 1662/1662/1662 1670/1670/1670 1671/1671/1671
f 1670/1670/1670 1672/1672/1672 1671/1671/1671
f 1664/1664/1664 1673/1673/1673 1665/1665/1665
f 1665/1665/1665 1673/1673/1673 1674/1674/1674
f 1675/1675/1675 1664/1664/1664 1671/1671/1671
f 1673/1673/1673 1664/1664/1664 1675/1675/1675
f 1675/1675/1675 1671/1671/1671 1672/1672/1672
f 1676/1676/1676 1673/1673/1673 1675/1675/1675
f 1676/1676/1676 1675/1675/1675 1677/1677/1677
f 1677/1677/1677 1675/1675/1675 1672/1672/1672
f 1678/1678/1678 1668/1668/1668 1669/1669/1669
f 1679/1679/1679 1678/1678/1678 1669/1669/1669
f 1679/1679/1679 1680/1680/1680 1678/1678/1678
f 1681/1681/1681 1680/1680/1680 1679/1679/1679
f 1672/1672/1672 1670/1670/1670 1682/1682/1682
f 1682/1682/1682 1670/1670/1670 1668/1668/1668
f 1678/1678/1678 1683/1683/1683 1668/1668/1668
f 1680/1680/1680 1683/1683/1683 1678/1678/1678
f 1684/1684/1684 1682/1682/1682 1668/1668/1668
f 1672/1672/1672 1682/1682/1682 1684/1684/1684
f 1683/1683/1683 1684/1684/1684 1668/1668/1668
f 1683/1683/1683 1685/1685/1685 1684/1684/1684
f 1686/1686/1686 1676/1676/1676 1677/1677/1677
f 1687/1687/1687 1676/1676/1676 1686/1686/1686
f 1688/1688/1688 1687/1687/1687 1686/1686/1686
f 1689/1689/1689 1686/1686/1686 1677/1677/1677
f 1688/1688/1688 1686/1686/1686 1689/1689/1689
f 1677/1677/1677 1672/1672/1672 1690/1690/1690
f 1690/1690/1690 1689/1689/1689 1677/1677/1677
f 1680/1680/1680 1691/1691/1691 1683/1683/1683
f 1691/1691/1691 1685/1685/1685 1683/1683/1683
f 1688/1688/1688 1689/1689/1689 1692/1692/1692
f 1692/1692/1692 1689/1689/1689 1690/1690/1690
f 1672/1672/1672 1693/1693/1693 1690/1690/1690
f 1693/1693/1693 1672/1672/1672 1694/1694/1694
f 1693/1693/1693 1695/1695/1695 1690/1690/1690
f 1695/1695/1695 1692/1692/1692 1690/1690/1690
f 1696/1696/1696 1693/1693/1693 1694/1694/1694
f 1685/1685/1685 1696/1696/1696 1694/1694/1694
f 1693/1693/1693 1696/1696/1696 1695/1695/1695
f 1685/1685/1685 1697/1697/1697 1696/1696/1696
f 1697/1697/1697 1695/1695/1695 1696/1696/1696
f 1698/1698/1698 1692/1692/1692 1695/1695/1695
f 1697/1697/1697 1698/1698/1698 1695/1695/1695
f 1699/1699/1699 1697/1697/1697 1685/1685/1685
f 1691/1691/1691 1699/1699/1699 1685/1685/1685
f 1610/1610/1610 1688/1688/1688 1692/1692/1692
f 1692/1692/1692 1698/1698/1698 1610/1610/1610
f 1688/1688/1688 1610/1610/1610 1700/1700/1700
f 1701/1701/1701 1688/1688/1688 1700/1700/1700
f 1702/1702/1702 1688/1688/1688 1701/1701/1701
f 1703/1703/1703 1698/1698/1698 1697/1697/1697
f 1699/1699/1699 1703/1703/1703 1697/1697/1697
f 1704/1704/1704 1699/1699/1699 1691/1691/1691
f 1705/1705/1705 1703/1703/1703 1699/1699/1699
f 1704/1704/1704 1705/1705/1705 1699/1699/1699
f 1706/1706/1706 1704/1704/1704 1691/1691/1691
f 1706/1706/1706 1691/1691/1691 1680/1680/1680
f 1704/1704/1704 1707/1707/1707 1705/1705/1705
f 1706/1706/1706 1707/1707/1707 1704/1704/1704
f 1708/1708/1708 1706/1706/1706 1680/1680/1680
f 1708/1708/1708 1680/1680/1680 1681/1681/1681
f 1709/1709/1709 1708/1708/1708 1681/1681/1681
f 1709/1709/1709 1710/1710/1710 1708/1708/1708
f 1708/1708/1708 1710/1710/1710 1706/1706/1706
f 1710/1710/1710 1707/1707/1707 1706/1706/1706
f 1711/1711/1711 1707/1707/1707 1710/1710/1710
f 1712/1712/1712 1711/1711/1711 1710/1710/1710
f 1703/1703/1703 1713/1713/1713 1698/1698/1698
f 1705/1705/1705 1714/1714/1714 1703/1703/1703
f 1714/1714/1714 1713/1713/1713 1703/1703/1703
f 1707/1707/1707 1715/1715/1715 1705/1705/1705
f 1705/1705/1705 1715/1715/1715 1714/1714/1714
f 1716/1716/1716 1715/1715/1715 1707/1707/1707
f 1715/1715/1715 1716/1716/1716 1714/1714/1714
f 1711/1711/1711 1716/1716/1716 1707/1707/1707
f 1714/1714/1714 1716/1716/1716 1717/1717/1717
f 1716/1716/1716 1711/1711/1711 1717/1717/1717
f 1714/1714/1714 1717/1717/1717 1713/1713/1713
f 1711/1711/1711 1712/1712/1712 1718/1718/1718
f 1717/1717/1717 1711/1711/1711 1718/1718/1718
f 1713/1713/1713 1719/1719/1719 1698/1698/1698
f 1698/1698/1698 1719/1719/1719 1610/1610/1610
f 1717/1717/1717 1720/1720/1720 1713/1713/1713
f 1713/1713/1713 1720/1720/1720 1719/1719/1719
f 1717/1717/1717 1718/1718/1718 1720/1720/1720
f 1610/1610/1610 1719/1719/1719 1721/1721/1721
f 1720/1720/1720 1721/1721/1721 1719/1719/1719
f 1611/1611/1611 1610/1610/1610 1721/1721/1721
f 1611/1611/1611 1721/1721/1721 1722/1722/1722
f 1720/1720/1720 1723/1723/1723 1721/1721/1721
f 1718/1718/1718 1723/1723/1723 1720/1720/1720
f 1723/1723/1723 1722/1722/1722 1721/1721/1721
f 1712/1712/1712 1724/1724/1724 1718/1718/1718
f 1725/1725/1725 1724/1724/1724 1712/1712/1712
f 1726/1726/1726 1724/1724/1724 1725/1725/1725
f 1723/1723/1723 1718/1718/1718 1727/1727/1727
f 1718/1718/1718 1724/1724/1724 1727/1727/1727
f 1723/1723/1723 1727/1727/1727 1722/1722/1722
f 1726/1726/1726 1727/1727/1727 1724/1724/1724
f 1727/1727/1727 1726/1726/1726 1722/1722/1722
f 1728/1728/1728 1611/1611/1611 1722/1722/1722
f 1728/1728/1728 1613/1613/1613 1611/1611/1611
f 1729/1729/1729 1613/1613/1613 1728/1728/1728
f 1722/1722/1722 1726/1726/1726 1730/1730/1730
f 1726/1726/1726 1731/1731/1731 1730/1730/1730
f 1732/1732/1732 1728/1728/1728 1722/1722/1722
f 1732/1732/1732 1729/1729/1729 1728/1728/1728
f 1730/1730/1730 1732/1732/1732 1722/1722/1722
f 1732/1732/1732 1730/1730/1730 1729/1729/1729
f 1730/1730/1730 1733/1733/1733 1729/1729/1729
f 1733/1733/1733 1730/1730/1730 1734/1734/1734
f 1735/1735/1735 1733/1733/1733 1734/1734/1734
f 1738/1738/1738 1737/1737/1737 1736/1736/1736
f 1739/1739/1739 1736/1736/1736 1737/1737/1737
f 1740/1740/1740 1739/1739/1739 1737/1737/1737
f 1736/1736/1736 1739/1739/1739 1741/1741/1741
f 1742/1742/1742 1739/1739/1739 1740/1740/1740
f 1743/1743/1743 1742/1742/1742 1740/1740/1740
f 1739/1739/1739 1744/1744/1744 1741/1741/1741
f 1744/1744/1744 1745/1745/1745 1741/1741/1741
f 1746/1746/1746 1744/1744/1744 1739/1739/1739
f 1742/1742/1742 1746/1746/1746 1739/1739/1739
f 1745/1745/1745 1744/1744/1744 1746/1746/1746
f 1742/1742/1742 1743/1743/1743 1747/1747/1747
f 1747/1747/1747 1743/1743/1743 1748/1748/1748
f 1749/1749/1749 1746/1746/1746 1742/1742/1742
f 1746/1746/1746 1749/1749/1749 1745/1745/1745
f 1747/1747/1747 1749/1749/1749 1742/1742/1742
f 1748/1748/1748 1750/1750/1750 1747/1747/1747
f 1748/1748/1748 1751/1751/1751 1750/1750/1750
f 1749/1749/1749 1752/1752/1752 1745/1745/1745
f 1753/1753/1753 1745/1745/1745 1752/1752/1752
f 1754/1754/1754 1749/1749/1749 1747/1747/1747
f 1750/1750/1750 1754/1754/1754 1747/1747/1747
f 1752/1752/1752 1749/1749/1749 1754/1754/1754
f 1750/1750/1750 1751/1751/1751 1755/1755/1755
f 1750/1750/1750 1755/1755/1755 1754/1754/1754
f 1754/1754/1754 1756/1756/1756 1752/1752/1752
f 1756/1756/1756 1753/1753/1753 1752/1752/1752
f 1756/1756/1756 1754/1754/1754 1755/1755/1755
f 1757/1757/1757 1755/1755/1755 1751/1751/1751
f 1757/1757/1757 1756/1756/1756 1755/1755/1755
f 1758/1758/1758 1757/1757/1757 1751/1751/1751
f 1759/1759/1759 1757/1757/1757 1758/1758/1758
f 1757/1757/1757 1759/1759/1759 1756/1756/1756
f 1760/1760/1760 1759/1759/1759 1758/1758/1758
f 1760/1760/1760 1761/1761/1761 1759/1759/1759
f 1761/1761/1761 1762/1762/1762 1759/1759/1759
f 1753/1753/1753 1756/1756/1756 1763/1763/1763
f 1759/1759/1759 1763/1763/1763 1756/1756/1756
f 1759/1759/1759 1762/1762/1762 1763/1763/1763
f 1753/1753/1753 1763/1763/1763 1764/1764/1764
f 1762/1762/1762 1764/1764/1764 1763/1763/1763
f 1767/1767/1767 1766/1766/1766 1765/1765/1765
f 1767/1767/1767 1768/1768/1768 1766/1766/1766
f 1768/1768/1768 1769/1769/1769 1766/1766/1766
f 1769/1769/1769 1768/1768/1768 1770/1770/1770
f 1771/1771/1771 1769/1769/1769 1770/1770/1770
f 1774/1774/1774 1773/1773/1773 1772/1772/1772
f 1775/1775/1775 1774/1774/1774 1772/1772/1772
f 1778/1778/1778 1777/1777/1777 1776/1776/1776
f 1777/1777/1777 1779/1779/1779 1776/1776/1776
f 1776/1776/1776 1779/1779/1779 1780/1780/1780
f 1777/1777/1777 1781/1781/1781 1779/1779/1779
f 1779/1779/1779 1782/1782/1782 1780/1780/1780
f 1781/1781/1781 1782/1782/1782 1779/1779/1779
f 1785/1785/1785 1784/1784/1784 1783/1783/1783
f 1786/1786/1786 1783/1783/1783 1784/1784/1784
f 1787/1787/1787 1783/1783/1783 1786/1786/1786
f 1783/1783/1783 1787/1787/1787 1788/1788/1788
f 1783/1783/1783 1788/1788/1788 1789/1789/1789
f 1789/1789/1789 1788/1788/1788 1790/1790/1790
f 1791/1791/1791 1790/1790/1790 1788/1788/1788
f 1791/1791/1791 1788/1788/1788 1792/1792/1792
f 1792/1792/1792 1788/1788/1788 1793/1793/1793
f 1793/1793/1793 1788/1788/1788 1787/1787/1787
f 1794/1794/1794 1793/1793/1793 1787/1787/1787
f 1797/1797/1797 1796/1796/1796 1795/1795/1795
f 1796/1796/1796 1797/1797/1797 1798/1798/1798
f 1799/1799/1799 1796/1796/1796 1798/1798/1798
f 1800/1800/1800 1799/1799/1799 1798/1798/1798
f 1800/1800/1800 1801/1801/1801 1799/1799/1799
f 1800/1800/1800 1802/1802/1802 1801/1801/1801
f 1802/1802/1802 1803/1803/1803 1801/1801/1801
f 1804/1804/1804 1803/1803/1803 1802/1802/1802
f 1803/1803/1803 1804/1804/1804 1805/1805/1805
f 1804/1804/1804 1802/1802/1802 1806/1806/1806
f 1804/1804/1804 1806/1806/1806 1807/1807/1807
f 1804/1804/1804 1807/1807/1807 1808/1808/1808
f 1809/1809/1809 1804/1804/1804 1808/1808/1808
f 1809/1809/1809 1810/1810/1810 1804/1804/1804
f 1809/1809/1809 1811/1811/1811 1810/1810/1810
f 1800/1800/1800 1798/1798/1798 1812/1812/1812
f 1812/1812/1812 1813/1813/1813 1800/1800/1800
f 1814/1814/1814 1812/1812/1812 1798/1798/1798
f 1814/1814/1814 1798/1798/1798 1815/1815/1815
f 1814/1814/1814 1815/1815/1815 1816/1816/1816
f 1817/1817/1817 1814/1814/1814 1816/1816/1816
f 1815/1815/1815 1818/1818/1818 1816/1816/1816
f 1819/1819/1819 1817/1817/1817 1816/1816/1816
f 1819/1819/1819 1820/1820/1820 1817/1817/1817
f 1819/1819/1819 1821/1821/1821 1820/1820/1820
f 1822/1822/1822 1819/1819/1819 1816/1816/1816
f 1823/1823/1823 1820/1820/1820 1821/1821/1821
f 1821/1821/1821 1824/1824/1824 1823/1823/1823
f 1823/1823/1823 1825/1825/1825 1820/1820/1820
f 1825/1825/1825 1826/1826/1826 1820/1820/1820
f 1823/1823/1823 1827/1827/1827 1825/1825/1825
f 1827/1827/1827 1823/1823/1823 1828/1828/1828
f 1829/1829/1829 1827/1827/1827 1828/1828/1828
f 1829/1829/1829 1828/1828/1828 1830/1830/1830
f 1830/1830/1830 1831/1831/1831 1829/1829/1829
f 1829/1829/1829 1831/1831/1831 1832/1832/1832
f 1832/1832/1832 1833/1833/1833 1829/1829/1829
f 1834/1834/1834 1832/1832/1832 1831/1831/1831
f 1834/1834/1834 1831/1831/1831 1835/1835/1835
f 1834/1834/1834 1835/1835/1835 1836/1836/1836
f 1834/1834/1834 1836/1836/1836 1837/1837/1837
f 1837/1837/1837 1838/1838/1838 1834/1834/1834
f 1837/1837/1837 1836/1836/1836 1839/1839/1839
f 1837/1837/1837 1839/1839/1839 1840/1840/1840
f 1839/1839/1839 1841/1841/1841 1840/1840/1840
f 1837/1837/1837 1840/1840/1840 1842/1842/1842
f 1838/1838/1838 1837/1837/1837 1843/1843/1843
f 1843/1843/1843 1837/1837/1837 1842/1842/1842
f 1844/1844/1844 1838/1838/1838 1843/1843/1843
f 1842/1842/1842 1845/1845/1845 1843/1843/1843
f 1843/1843/1843 1845/1845/1845 1846/1846/1846
f 1846/1846/1846 1847/1847/1847 1843/1843/1843
f 1845/1845/1845 1848/1848/1848 1846/1846/1846
f 1846/1846/1846 1849/1849/1849 1847/1847/1847
f 1846/1846/1846 1848/1848/1848 1850/1850/1850
f 1848/1848/1848 1851/1851/1851 1850/1850/1850
f 1846/1846/1846 1850/1850/1850 1822/1822/1822
f 1849/1849/1849 1846/1846/1846 1822/1822/1822
f 1822/1822/1822 1816/1816/1816 1849/1849/1849
f 1818/1818/1818 1852/1852/1852 1816/1816/1816
f 1818/1818/1818 1853/1853/1853 1852/1852/1852
f 1852/1852/1852 1853/1853/1853 1854/1854/1854
f 1816/1816/1816 1852/1852/1852 1855/1855/1855
f 1816/1816/1816 1855/1855/1855 1856/1856/1856
f 1857/1857/1857 1852/1852/1852 1854/1854/1854
f 1854/1854/1854 1858/1858/1858 1857/1857/1857
f 1859/1859/1859 1852/1852/1852 1857/1857/1857
f 1852/1852/1852 1859/1859/1859 1855/1855/1855
f 1859/1859/1859 1857/1857/1857 1860/1860/1860
f 1861/1861/1861 1856/1856/1856 1855/1855/1855
f 1856/1856/1856 1861/1861/1861 1862/1862/1862
f 1862/1862/1862 1861/1861/1861 1855/1855/1855
f 1859/1859/1859 1863/1863/1863 1855/1855/1855
f 1862/1862/1862 1855/1855/1855 1863/1863/1863
f 1859/1859/1859 1864/1864/1864 1863/1863/1863
f 1863/1863/1863 1865/1865/1865 1862/1862/1862
f 1865/1865/1865 1863/1863/1863 1864/1864/1864
f 1866/1866/1866 1865/1865/1865 1864/1864/1864
f 1867/1867/1867 1866/1866/1866 1864/1864/1864
f 1868/1868/1868 1867/1867/1867 1864/1864/1864
f 1867/1867/1867 1868/1868/1868 1869/1869/1869
f 1869/1869/1869 1870/1870/1870 1867/1867/1867
f 1866/1866/1866 1867/1867/1867 1871/1871/1871
f 1866/1866/1866 1871/1871/1871 1872/1872/1872
f 1866/1866/1866 1872/1872/1872 1873/1873/1873
f 1866/1866/1866 1873/1873/1873 1874/1874/1874
f 1866/1866/1866 1874/1874/1874 1875/1875/1875
f 1866/1866/1866 1875/1875/1875 1876/1876/1876
f 1866/1866/1866 1876/1876/1876 1877/1877/1877
f 1866/1866/1866 1877/1877/1877 1878/1878/1878
f 1866/1866/1866 1878/1878/1878 1879/1879/1879
f 1880/1880/1880 1866/1866/1866 1879/1879/1879
f 1880/1880/1880 1879/1879/1879 1881/1881/1881
f 1881/1881/1881 1882/1882/1882 1880/1880/1880
f 1880/1880/1880 1882/1882/1882 1883/1883/1883
f 1882/1882/1882 1884/1884/1884 1883/1883/1883
f 1880/1880/1880 1883/1883/1883 1885/1885/1885
f 1883/1883/1883 1886/1886/1886 1885/1885/1885
f 1887/1887/1887 1886/1886/1886 1883/1883/1883
f 1883/1883/1883 1888/1888/1888 1887/1887/1887
f 1886/1886/1886 1887/1887/1887 1889/1889/1889
f 1889/1889/1889 1890/1890/1890 1886/1886/1886
f 1889/1889/1889 1891/1891/1891 1890/1890/1890
f 1889/1889/1889 1892/1892/1892 1891/1891/1891
f 1893/1893/1893 1865/1865/1865 1866/1866/1866
f 1894/1894/1894 1865/1865/1865 1893/1893/1893
f 1865/1865/1865 1894/1894/1894 1862/1862/1862
f 1862/1862/1862 1894/1894/1894 1895/1895/1895
f 1896/1896/1896 1862/1862/1862 1895/1895/1895
f 1897/1897/1897 1862/1862/1862 1896/1896/1896
f 1894/1894/1894 1898/1898/1898 1895/1895/1895
f 1895/1895/1895 1898/1898/1898 1899/1899/1899
f 1898/1898/1898 1900/1900/1900 1899/1899/1899
f 1899/1899/1899 1901/1901/1901 1895/1895/1895
f 1902/1902/1902 1898/1898/1898 1894/1894/1894
f 1899/1899/1899 1903/1903/1903 1901/1901/1901
f 1902/1902/1902 1894/1894/1894 1904/1904/1904
f 1904/1904/1904 1894/1894/1894 1893/1893/1893
f 1902/1902/1902 1904/1904/1904 1905/1905/1905
f 1902/1902/1902 1905/1905/1905 1906/1906/1906
f 1904/1904/1904 1907/1907/1907 1905/1905/1905
f 1908/1908/1908 1907/1907/1907 1904/1904/1904
f 1908/1908/1908 1904/1904/1904 1893/1893/1893
f 1909/1909/1909 1908/1908/1908 1893/1893/1893
f 1910/1910/1910 1909/1909/1909 1893/1893/1893
f 1910/1910/1910 1911/1911/1911 1909/1909/1909
f 1912/1912/1912 1909/1909/1909 1911/1911/1911
f 1913/1913/1913 1912/1912/1912 1911/1911/1911
f 1912/1912/1912 1913/1913/1913 1914/1914/1914
f 1915/1915/1915 1912/1912/1912 1914/1914/1914
f 1915/1915/1915 1916/1916/1916 1912/1912/1912
f 1917/1917/1917 1915/1915/1915 1914/1914/1914
f 1917/1917/1917 1914/1914/1914 1918/1918/1918
f 1903/1903/1903 1917/1917/1917 1918/1918/1918
f 1903/1903/1903 1919/1919/1919 1917/1917/1917
f 1920/1920/1920 1903/1903/1903 1918/1918/1918
f 1901/1901/1901 1903/1903/1903 1920/1920/1920
f 1920/1920/1920 1921/1921/1921 1901/1901/1901
f 1920/1920/1920 1918/1918/1918 1922/1922/1922
f 1918/1918/1918 1923/1923/1923 1922/1922/1922
f 1922/1922/1922 1924/1924/1924 1920/1920/1920
f 1921/1921/1921 1920/1920/1920 1924/1924/1924
f 1921/1921/1921 1924/1924/1924 1925/1925/1925
f 1925/1925/1925 1926/1926/1926 1921/1921/1921
f 1921/1921/1921 1926/1926/1926 1927/1927/1927
f 1928/1928/1928 1921/1921/1921 1927/1927/1927
f 1927/1927/1927 1929/1929/1929 1928/1928/1928
f 1929/1929/1929 1927/1927/1927 1930/1930/1930
f 1931/1931/1931 1929/1929/1929 1930/1930/1930
f 1931/1931/1931 1932/1932/1932 1929/1929/1929
f 1933/1933/1933 1925/1925/1925 1924/1924/1924
f 1933/1933/1933 1934/1934/1934 1925/1925/1925
f 1924/1924/1924 1935/1935/1935 1933/1933/1933
f 1924/1924/1924 1936/1936/1936 1935/1935/1935
f 1935/1935/1935 1937/1937/1937 1933/1933/1933
f 1935/1935/1935 1938/1938/1938 1937/1937/1937
f 1939/1939/1939 1937/1937/1937 1938/1938/1938
f 1939/1939/1939 1938/1938/1938 1940/1940/1940
f 1939/1939/1939 1940/1940/1940 1941/1941/1941
f 1940/1940/1940 1942/1942/1942 1941/1941/1941
f 1939/1939/1939 1941/1941/1941 1943/1943/1943
f 1943/1943/1943 1944/1944/1944 1939/1939/1939
f 1945/1945/1945 1943/1943/1943 1941/1941/1941
f 1941/1941/1941 1946/1946/1946 1945/1945/1945
f 1947/1947/1947 1945/1945/1945 1946/1946/1946
f 1941/1941/1941 1948/1948/1948 1946/1946/1946
f 1949/1949/1949 1947/1947/1947 1946/1946/1946
f 1948/1948/1948 1950/1950/1950 1946/1946/1946
f 1949/1949/1949 1946/1946/1946 1951/1951/1951
f 1952/1952/1952 1949/1949/1949 1951/1951/1951
f 1951/1951/1951 1946/1946/1946 1953/1953/1953
f 1946/1946/1946 1954/1954/1954 1953/1953/1953
f 1946/1946/1946 1950/1950/1950 1954/1954/1954
f 1950/1950/1950 1955/1955/1955 1954/1954/1954
f 1956/1956/1956 1954/1954/1954 1955/1955/1955
f 1957/1957/1957 1956/1956/1956 1955/1955/1955
f 1951/1951/1951 1958/1958/1958 1952/1952/1952
f 1952/1952/1952 1958/1958/1958 1959/1959/1959
f 1959/1959/1959 1958/1958/1958 1960/1960/1960
f 1959/1959/1959 1961/1961/1961 1952/1952/1952
f 1964/1964/1964 1963/1963/1963 1962/1962/1962
f 1963/1963/1963 1965/1965/1965 1962/1962/1962
f 1966/1966/1966 1965/1965/1965 1963/1963/1963
f 1966/1966/1966 1963/1963/1963 1967/1967/1967
f 1966/1966/1966 1967/1967/1967 1968/1968/1968
f 1967/1967/1967 1969/1969/1969 1968/1968/1968
f 1970/1970/1970 1966/1966/1966 1968/1968/1968
f 1970/1970/1970 1971/1971/1971 1966/1966/1966
f 1974/1974/1974 1973/1973/1973 1972/1972/1972
f 1974/1974/1974 1972/1972/1972 1975/1975/1975
f 1972/1972/1972 1976/1976/1976 1975/1975/1975
f 1976/1976/1976 1977/1977/1977 1975/1975/1975
f 1978/1978/1978 1976/1976/1976 1972/1972/1972
f 1979/1979/1979 1978/1978/1978 1972/1972/1972
f 1979/1979/1979 1980/1980/1980 1978/1978/1978
f 1981/1981/1981 1980/1980/1980 1979/1979/1979
f 1981/1981/1981 1979/1979/1979 1982/1982/1982
f 1980/1980/1980 1981/1981/1981 1983/1983/1983
f 1986/1986/1986 1985/1985/1985 1984/1984/1984
f 1986/1986/1986 1984/1984/1984 1987/1987/1987
f 1987/1987/1987 1988/1988/1988 1986/1986/1986
f 1988/1988/1988 1987/1987/1987 1989/1989/1989
f 1991/1991/1991 1990/1990/1990 1984/1984/1984
f 1990/1990/1990 1992/1992/1992 1984/1984/1984
f 1995/1995/1995 1994/1994/1994 1993/1993/1993
f 1993/1993/1993 1996/1996/1996 1995/1995/1995
f 1996/1996/1996 1997/1997/1997 1995/1995/1995
f 1998/1998/1998 1996/1996/1996 1993/1993/1993
f 1999/1999/1999 1998/1998/1998 1993/1993/1993
f 2002/2002/2002 2001/2001/2001 2000/2000/2000
f 2003/2003/2003 2001/2001/2001 2002/2002/2002
f 2006/2006/2006 2005/2005/2005 2004/2004/2004
f 2005/2005/2005 2007/2007/2007 2004/2004/2004
f 2008/2008/2008 2004/2004/2004 2007/2007/2007
f 2005/2005/2005 2009/2009/2009 2007/2007/2007
f 2010/2010/2010 2008/2008/2008 2007/2007/2007
f 2009/2009/2009 2011/2011/2011 2007/2007/2007
f 2010/2010/2010 2007/2007/2007 2011/2011/2011
f 2012/2012/2012 2010/2010/2010 2011/2011/2011
f 2015/2015/2015 2014/2014/2014 2013/2013/2013
f 2016/2016/2016 2015/2015/2015 2013/2013/2013
f 2017/2017/2017 2015/2015/2015 2016/2016/2016
f 2018/2018/2018 2017/2017/2017 2016/2016/2016
f 2018/2018/2018 2016/2016/2016 2019/2019/2019
f 2020/2020/2020 2018/2018/2018 2019/2019/2019
f 2023/2023/2023 2022/2022/2022 2021/2021/2021
f 2022/2022/2022 2024/2024/2024 2021/2021/2021
f 2022/2022/2022 2025/2025/2025 2024/2024/2024
f 2025/2025/2025 2026/2026/2026 2024/2024/2024
f 2029/2029/2029 2028/2028/2028 2027/2027/2027
f 2030/2030/2030 2027/2027/2027 2028/2028/2028
f 2033/2033/2033 2032/2032/2032 2031/2031/2031
f 2034/2034/2034 2031/2031/2031 2032/2032/2032
f 2037/2037/2037 2036/2036/2036 2035/2035/2035
f 2037/2037/2037 2038/2038/2038 2036/2036/2036
f 2041/2041/2041 2040/2040/2040 2039/2039/2039
f 2040/2040/2040 2042/2042/2042 2039/2039/2039
f 2045/2045/2045 2044/2044/2044 2043/2043/2043
f 2046/2046/2046 2043/2043/2043 2044/2044/2044
f 2049/2049/2049 2048/2048/2048 2047/2047/2047
f 2049/2049/2049 2050/2050/2050 2048/2048/2048
f 2053/2053/2053 2052/2052/2052 2051/2051/2051
f 2052/2052/2052 2054/2054/2054 2051/2051/2051
f 2057/2057/2057 2056/2056/2056 2055/2055/2055
f 2058/2058/2058 2055/2055/2055 2056/2056/2056
f 2061/2061/2061 2060/2060/2060 2059/2059/2059
f 2061/2061/2061 2062/2062/2062 2060/2060/2060
f 2065/2065/2065 2064/2064/2064 2063/2063/2063
f 2064/2064/2064 2066/2066/2066 2063/2063/2063
f 2069/2069/2069 2068/2068/2068 2067/2067/2067
f 2069/2069/2069 2067/2067/2067 2070/2070/2070
f 2073/2073/2073 2072/2072/2072 2071/2071/2071
f 2071/2071/2071 2074/2074/2074 2073/2073/2073
f 2077/2077/2077 2076/2076/2076 2075/2075/2075
f 2078/2078/2078 2076/2076/2076 2077/2077/2077
f 2081/2081/2081 2080/2080/2080 2079/2079/2079
f 2082/2082/2082 2081/2081/2081 2079/2079/2079
f 2085/2085/2085 2084/2084/2084 2083/2083/2083
f 2083/2083/2083 2086/2086/2086 2085/2085/2085
f 2089/2089/2089 2088/2088/2088 2087/2087/2087
f 2090/2090/2090 2088/2088/2088 2089/2089/2089
f 2093/2093/2093 2092/2092/2092 2091/2091/2091
f 2094/2094/2094 2093/2093/2093 2091/2091/2091
f 2097/2097/2097 2096/2096/2096 2095/2095/2095
f 2098/2098/2098 2096/2096/2096 2097/2097/2097
f 2096/2096/2096 2098/2098/2098 2099/2099/2099
f 2102/2102/2102 2101/2101/2101 2100/2100/2100
f 2100/2100/2100 2103/2103/2103 2102/2102/2102
f 2106/2106/2106 2105/2105/2105 2104/2104/2104
f 2107/2107/2107 2105/2105/2105 2106/2106/2106
f 2107/2107/2107 2108/2108/2108 2105/2105/2105
f 2111/2111/2111 2110/2110/2110 2109/2109/2109
f 2112/2112/2112 2110/2110/2110 2111/2111/2111
f 2115/2115/2115 2114/2114/2114 2113/2113/2113
f 2116/2116/2116 2115/2115/2115 2113/2113/2113
f 2119/2119/2119 2118/2118/2118 2117/2117/2117
f 2120/2120/2120 2118/2118/2118 2119/2119/2119
f 2118/2118/2118 2120/2120/2120 2121/2121/2121
f 2124/2124/2124 2123/2123/2123 2122/2122/2122
f 2122/2122/2122 2125/2125/2125 2124/2124/2124
f 2128/2128/2128 2127/2127/2127 2126/2126/2126
f 2129/2129/2129 2128/2128/2128 2126/2126/2126
f 2132/2132/2132 2131/2131/2131 2130/2130/2130
f 2133/2133/2133 2132/2132/2132 2130/2130/2130
f 2136/2136/2136 2135/2135/2135 2134/2134/2134
f 2137/2137/2137 2136/2136/2136 2134/2134/2134
f 2140/2140/2140 2139/2139/2139 2138/2138/2138
f 2141/2141/2141 2140/2140/2140 2138/2138/2138
f 2144/2144/2144 2143/2143/2143 2142/2142/2142
f 2145/2145/2145 2144/2144/2144 2142/2142/2142
f 2148/2148/2148 2147/2147/2147 2146/2146/2146
f 2149/2149/2149 2148/2148/2148 2146/2146/2146
f 2152/2152/2152 2151/2151/2151 2150/2150/2150
f 2153/2153/2153 2152/2152/2152 2150/2150/2150
f 2156/2156/2156 2155/2155/2155 2154/2154/2154
f 2157/2157/2157 2156/2156/2156 2154/2154/2154
f 2160/2160/2160 2159/2159/2159 2158/2158/2158
f 2161/2161/2161 2160/2160/2160 2158/2158/2158
f 2164/2164/2164 2163/2163/2163 2162/2162/2162
f 2165/2165/2165 2164/2164/2164 2162/2162/2162
f 2168/2168/2168 2167/2167/2167 2166/2166/2166
f 2169/2169/2169 2168/2168/2168 2166/2166/2166
f 2172/2172/2172 2171/2171/2171 2170/2170/2170
f 2173/2173/2173 2172/2172/2172 2170/2170/2170
f 2176/2176/2176 2175/2175/2175 2174/2174/2174
f 2177/2177/2177 2176/2176/2176 2174/2174/2174
f 2180/2180/2180 2179/2179/2179 2178/2178/2178
f 2181/2181/2181 2180/2180/2180 2178/2178/2178
f 2184/2184/2184 2183/2183/2183 2182/2182/2182
f 2185/2185/2185 2184/2184/2184 2182/2182/2182
f 2188/2188/2188 2187/2187/2187 2186/2186/2186
f 2189/2189/2189 2188/2188/2188 2186/2186/2186
f 2192/2192/2192 2191/2191/2191 2190/2190/2190
f 2193/2193/2193 2192/2192/2192 2190/2190/2190
f 2196/2196/2196 2195/2195/2195 2194/2194/2194
f 2197/2197/2197 2196/2196/2196 2194/2194/2194
f 2200/2200/2200 2199/2199/2199 2198/2198/2198
f 2201/2201/2201 2200/2200/2200 2198/2198/2198
f 2204/2204/2204 2203/2203/2203 2202/2202/2202
f 2205/2205/2205 2204/2204/2204 2202/2202/2202
f 2208/2208/2208 2207/2207/2207 2206/2206/2206
f 2209/2209/2209 2208/2208/2208 2206/2206/2206
f 2212/2212/2212 2211/2211/2211 2210/2210/2210
f 2213/2213/2213 2212/2212/2212 2210/2210/2210
f 2216/2216/2216 2215/2215/2215 2214/2214/2214
f 2217/2217/2217 2216/2216/2216 2214/2214/2214
f 2220/2220/2220 2219/2219/2219 2218/2218/2218
f 2221/2221/2221 2220/2220/2220 2218/2218/2218
f 2224/2224/2224 2223/2223/2223 2222/2222/2222
f 2225/2225/2225 2224/2224/2224 2222/2222/2222
f 2228/2228/2228 2227/2227/2227 2226/2226/2226
f 2229/2229/2229 2228/2228/2228 2226/2226/2226
f 2232/2232/2232 2231/2231/2231 2230/2230/2230
f 2233/2233/2233 2232/2232/2232 2230/2230/2230
f 2236/2236/2236 2235/2235/2235 2234/2234/2234
f 2237/2237/2237 2236/2236/2236 2234/2234/2234
f 2240/2240/2240 2239/2239/2239 2238/2238/2238
f 2241/2241/2241 2240/2240/2240 2238/2238/2238
f 2244/2244/2244 2243/2243/2243 2242/2242/2242
f 2245/2245/2245 2244/2244/2244 2242/2242/2242
f 2248/2248/2248 2247/2247/2247 2246/2246/2246
f 2249/2249/2249 2248/2248/2248 2246/2246/2246
f 2252/2252/2252 2251/2251/2251 2250/2250/2250
f 2253/2253/2253 2252/2252/2252 2250/2250/2250
f 2256/2256/2256 2255/2255/2255 2254/2254/2254
f 2257/2257/2257 2256/2256/2256 2254/2254/2254
f 2260/2260/2260 2259/2259/2259 2258/2258/2258
f 2261/2261/2261 2260/2260/2260 2258/2258/2258
f 2264/2264/2264 2263/2263/2263 2262/2262/2262
f 2265/2265/2265 2264/2264/2264 2262/2262/2262
f 2268/2268/2268 2267/2267/2267 2266/2266/2266
f 2269/2269/2269 2268/2268/2268 2266/2266/2266
f 2272/2272/2272 2271/2271/2271 2270/2270/2270
f 2273/2273/2273 2272/2272/2272 2270/2270/2270
f 2276/2276/2276 2275/2275/2275 2274/2274/2274
f 2277/2277/2277 2276/2276/2276 2274/2274/2274
f 2280/2280/2280 2279/2279/2279 2278/2278/2278
f 2281/2281/2281 2280/2280/2280 2278/2278/2278
f 2284/2284/2284 2283/2283/2283 2282/2282/2282
f 2285/2285/2285 2284/2284/2284 2282/2282/2282
f 2288/2288/2288 2287/2287/2287 2286/2286/2286
f 2289/2289/2289 2288/2288/2288 2286/2286/2286
f 2292/2292/2292 2291/2291/2291 2290/2290/2290
f 2293/2293/2293 2292/2292/2292 2290/2290/2290
f 2296/2296/2296 2295/2295/2295 2294/2294/2294
f 2297/2297/2297 2296/2296/2296 2294/2294/2294
f 2300/2300/2300 2299/2299/2299 2298/2298/2298
f 2301/2301/2301 2300/2300/2300 2298/2298/2298
f 2304/2304/2304 2303/2303/2303 2302/2302/2302
f 2305/2305/2305 2304/2304/2304 2302/2302/2302
f 2308/2308/2308 2307/2307/2307 2306/2306/2306
f 2309/2309/2309 2308/2308/2308 2306/2306/2306
f 2312/2312/2312 2311/2311/2311 2310/2310/2310
f 2313/2313/2313 2312/2312/2312 2310/2310/2310
f 2316/2316/2316 2315/2315/2315 2314/2314/2314
f 2317/2317/2317 2316/2316/2316 2314/2314/2314
f 2320/2320/2320 2319/2319/2319 2318/2318/2318
f 2321/2321/2321 2319/2319/2319 2320/2320/2320
f 2324/2324/2324 2323/2323/2323 2322/2322/2322
f 2322/2322/2322 2325/2325/2325 2324/2324/2324
f 2326/2326/2326 2324/2324/2324 2325/2325/2325
f 2325/2325/2325 2327/2327/2327 2326/2326/2326
f 2326/2326/2326 2328/2328/2328 2324/2324/2324
f 2326/2326/2326 2329/2329/2329 2328/2328/2328
f 2330/2330/2330 2328/2328/2328 2329/2329/2329
f 2325/2325/2325 2322/2322/2322 2331/2331/2331
f 2332/2332/2332 2325/2325/2325 2331/2331/2331
f 2322/2322/2322 2333/2333/2333 2331/2331/2331
f 2333/2333/2333 2334/2334/2334 2331/2331/2331
f 2335/2335/2335 2332/2332/2332 2331/2331/2331
f 2336/2336/2336 2335/2335/2335 2331/2331/2331
f 2331/2331/2331 2337/2337/2337 2336/2336/2336
f 2335/2335/2335 2336/2336/2336 2338/2338/2338
f 2339/2339/2339 2330/2330/2330 2329/2329/2329
f 2339/2339/2339 2340/2340/2340 2330/2330/2330
f 2341/2341/2341 2339/2339/2339 2329/2329/2329
f 2329/2329/2329 2342/2342/2342 2341/2341/2341
f 2341/2341/2341 2343/2343/2343 2339/2339/2339
f 2344/2344/2344 2339/2339/2339 2343/2343/2343
f 2345/2345/2345 2344/2344/2344 2343/2343/2343
f 2345/2345/2345 2346/2346/2346 2344/2344/2344
f 2345/2345/2345 2343/2343/2343 2347/2347/2347
f 2338/2338/2338 2336/2336/2336 2348/2348/2348
f 2349/2349/2349 2338/2338/2338 2348/2348/2348
f 2350/2350/2350 2348/2348/2348 2336/2336/2336
f 2350/2350/2350 2336/2336/2336 2351/2351/2351
f 2336/2336/2336 2337/2337/2337 2351/2351/2351
f 2337/2337/2337 2352/2352/2352 2351/2351/2351
f 2351/2351/2351 2353/2353/2353 2350/2350/2350
f 2354/2354/2354 2353/2353/2353 2351/2351/2351
f 2351/2351/2351 2355/2355/2355 2354/2354/2354
f 2354/2354/2354 2356/2356/2356 2353/2353/2353
f 2357/2357/2357 2354/2354/2354 2355/2355/2355
f 2347/2347/2347 2354/2354/2354 2357/2357/2357
f 2357/2357/2357 2345/2345/2345 2347/2347/2347
f 2347/2347/2347 2358/2358/2358 2354/2354/2354
f 2356/2356/2356 2354/2354/2354 2358/2358/2358
f 2359/2359/2359 2356/2356/2356 2358/2358/2358
f 2345/2345/2345 2361/2361/2361 2360/2360/2360
f 2345/2345/2345 2360/2360/2360 2362/2362/2362
f 2345/2345/2345 2363/2363/2363 2361/2361/2361
f 2364/2364/2364 2361/2361/2361 2363/2363/2363
f 2364/2364/2364 2363/2363/2363 2365/2365/2365
f 2345/2345/2345 2362/2362/2362 2346/2346/2346
f 2366/2366/2366 2346/2346/2346 2362/2362/2362
f 2366/2366/2366 2362/2362/2362 2367/2367/2367
f 2367/2367/2367 2368/2368/2368 2366/2366/2366
f 2362/2362/2362 2369/2369/2369 2367/2367/2367
f 2362/2362/2362 2370/2370/2370 2369/2369/2369
f 2371/2371/2371 2369/2369/2369 2370/2370/2370
f 2372/2372/2372 2367/2367/2367 2369/2369/2369
f 2373/2373/2373 2372/2372/2372 2369/2369/2369
f 2372/2372/2372 2373/2373/2373 2374/2374/2374
f 2374/2374/2374 2373/2373/2373 2375/2375/2375
f 2376/2376/2376 2372/2372/2372 2374/2374/2374
f 2377/2377/2377 2376/2376/2376 2374/2374/2374
f 2379/2379/2379 2345/2345/2345 2378/2378/2378
f 2363/2363/2363 2345/2345/2345 2379/2379/2379
f 2378/2378/2378 2380/2380/2380 2379/2379/2379
f 2380/2380/2380 2378/2378/2378 2381/2381/2381
f 2379/2379/2379 2380/2380/2380 2381/2381/2381
f 2331/2331/2331 2363/2363/2363 2379/2379/2379
f 2382/2382/2382 2379/2379/2379 2381/2381/2381
f 2382/2382/2382 2331/2331/2331 2379/2379/2379
f 2383/2383/2383 2363/2363/2363 2331/2331/2331
f 2365/2365/2365 2363/2363/2363 2383/2383/2383
f 2383/2383/2383 2384/2384/2384 2365/2365/2365
f 2385/2385/2385 2383/2383/2383 2331/2331/2331
f 2386/2386/2386 2385/2385/2385 2331/2331/2331
f 2387/2387/2387 2386/2386/2386 2331/2331/2331
f 2388/2388/2388 2387/2387/2387 2331/2331/2331
f 2381/2381/2381 2389/2389/2389 2382/2382/2382
f 2382/2382/2382 2389/2389/2389 2390/2390/2390
f 2382/2382/2382 2390/2390/2390 2391/2391/2391
f 2391/2391/2391 2390/2390/2390 2392/2392/2392
f 2389/2389/2389 2393/2393/2393 2390/2390/2390
f 2390/2390/2390 2394/2394/2394 2392/2392/2392
f 2392/2392/2392 2394/2394/2394 2395/2395/2395
f 2394/2394/2394 2396/2396/2396 2395/2395/2395
f 2397/2397/2397 2389/2389/2389 2381/2381/2381
f 2398/2398/2398 2396/2396/2396 2394/2394/2394
f 2397/2397/2397 2381/2381/2381 2399/2399/2399
f 2400/2400/2400 2397/2397/2397 2399/2399/2399
f 2381/2381/2381 2401/2401/2401 2399/2399/2399
f 2381/2381/2381 2402/2402/2402 2401/2401/2401
f 2401/2401/2401 2402/2402/2402 2403/2403/2403
f 2403/2403/2403 2402/2402/2402 2404/2404/2404
f 2403/2403/2403 2404/2404/2404 2405/2405/2405
f 2405/2405/2405 2406/2406/2406 2403/2403/2403
f 2407/2407/2407 2403/2403/2403 2406/2406/2406
f 2406/2406/2406 2408/2408/2408 2407/2407/2407
f 2408/2408/2408 2409/2409/2409 2407/2407/2407
f 2407/2407/2407 2409/2409/2409 2410/2410/2410
f 2411/2411/2411 2407/2407/2407 2410/2410/2410
f 2407/2407/2407 2411/2411/2411 2412/2412/2412
f 2407/2407/2407 2412/2412/2412 2413/2413/2413
f 2407/2407/2407 2413/2413/2413 2403/2403/2403
f 2413/2413/2413 2401/2401/2401 2403/2403/2403
f 2413/2413/2413 2399/2399/2399 2401/2401/2401
f 2414/2414/2414 2400/2400/2400 2399/2399/2399
f 2415/2415/2415 2414/2414/2414 2399/2399/2399
f 2416/2416/2416 2415/2415/2415 2399/2399/2399
f 2417/2417/2417 2416/2416/2416 2399/2399/2399
f 2418/2418/2418 2417/2417/2417 2399/2399/2399
f 2419/2419/2419 2400/2400/2400 2414/2414/2414
f 2414/2414/2414 2420/2420/2420 2419/2419/2419
f 2421/2421/2421 2400/2400/2400 2419/2419/2419
f 2421/2421/2421 2422/2422/2422 2400/2400/2400
f 2423/2423/2423 2400/2400/2400 2422/2422/2422
f 2423/2423/2423 2422/2422/2422 2424/2424/2424
f 2423/2423/2423 2424/2424/2424 2425/2425/2425
f 2426/2426/2426 2425/2425/2425 2424/2424/2424
f 2424/2424/2424 2427/2427/2427 2426/2426/2426
f 2427/2427/2427 2428/2428/2428 2426/2426/2426
f 2423/2423/2423 2425/2425/2425 2429/2429/2429
f 2430/2430/2430 2428/2428/2428 2427/2427/2427
f 2427/2427/2427 2431/2431/2431 2430/2430/2430
f 2427/2427/2427 2432/2432/2432 2431/2431/2431
f 2431/2431/2431 2433/2433/2433 2430/2430/2430
f 2430/2430/2430 2433/2433/2433 2418/2418/2418
f 2418/2418/2418 2433/2433/2433 2434/2434/2434
f 2435/2435/2435 2430/2430/2430 2418/2418/2418
f 2435/2435/2435 2418/2418/2418 2399/2399/2399
f 2436/2436/2436 2435/2435/2435 2399/2399/2399
f 2437/2437/2437 2436/2436/2436 2399/2399/2399
f 2438/2438/2438 2437/2437/2437 2399/2399/2399
f 2438/2438/2438 2399/2399/2399 2439/2439/2439
f 2439/2439/2439 2440/2440/2440 2438/2438/2438
f 2440/2440/2440 2441/2441/2441 2438/2438/2438
f 2441/2441/2441 2442/2442/2442 2438/2438/2438
f 2438/2438/2438 2442/2442/2442 2443/2443/2443
f 2442/2442/2442 2441/2441/2441 2444/2444/2444
f 2441/2441/2441 2445/2445/2445 2444/2444/2444
f 2446/2446/2446 2444/2444/2444 2445/2445/2445
f 2447/2447/2447 2446/2446/2446 2445/2445/2445
f 2447/2447/2447 2448/2448/2448 2446/2446/2446
f 2449/2449/2449 2447/2447/2447 2445/2445/2445
f 2445/2445/2445 2450/2450/2450 2449/2449/2449
f 2447/2447/2447 2449/2449/2449 2451/2451/2451
f 2451/2451/2451 2452/2452/2452 2447/2447/2447
f 2452/2452/2452 2453/2453/2453 2447/2447/2447
f 2453/2453/2453 2429/2429/2429 2447/2447/2447
f 2453/2453/2453 2423/2423/2423 2429/2429/2429
f 2423/2423/2423 2453/2453/2453 2454/2454/2454
f 2455/2455/2455 2423/2423/2423 2454/2454/2454
f 2456/2456/2456 2423/2423/2423 2455/2455/2455
f 2459/2459/2459 2458/2458/2458 2457/2457/2457
f 2460/2460/2460 2459/2459/2459 2457/2457/2457
f 2463/2463/2463 2462/2462/2462 2461/2461/2461
f 2464/2464/2464 2462/2462/2462 2463/2463/2463
f 2465/2465/2465 2462/2462/2462 2464/2464/2464
f 2466/2466/2466 2465/2465/2465 2464/2464/2464
f 2466/2466/2466 2467/2467/2467 2465/2465/2465
f 2468/2468/2468 2465/2465/2465 2467/2467/2467
f 2464/2464/2464 2463/2463/2463 2469/2469/2469
f 2469/2469/2469 2470/2470/2470 2464/2464/2464
f 2471/2471/2471 2470/2470/2470 2469/2469/2469
f 2472/2472/2472 2471/2471/2471 2469/2469/2469
f 2473/2473/2473 2468/2468/2468 2467/2467/2467
f 2473/2473/2473 2474/2474/2474 2468/2468/2468
f 2463/2463/2463 2393/2393/2393 2469/2469/2469
f 2463/2463/2463 2475/2475/2475 2393/2393/2393
f 2475/2475/2475 2476/2476/2476 2393/2393/2393
f 2476/2476/2476 2477/2477/2477 2393/2393/2393
f 2477/2477/2477 2478/2478/2478 2393/2393/2393
f 2478/2478/2478 2479/2479/2479 2393/2393/2393
f 2472/2472/2472 2469/2469/2469 2398/2398/2398
f 2398/2398/2398 2469/2469/2469 2480/2480/2480
f 2473/2473/2473 2467/2467/2467 2481/2481/2481
f 2482/2482/2482 2481/2481/2481 2467/2467/2467
f 2479/2479/2479 2483/2483/2483 2393/2393/2393
f 2479/2479/2479 2484/2484/2484 2483/2483/2483
f 2483/2483/2483 2485/2485/2485 2393/2393/2393
f 2485/2485/2485 2486/2486/2486 2393/2393/2393
f 2486/2486/2486 2487/2487/2487 2393/2393/2393
f 2487/2487/2487 2488/2488/2488 2393/2393/2393
f 2390/2390/2390 2393/2393/2393 2488/2488/2488
f 2390/2390/2390 2473/2473/2473 2481/2481/2481
f 2390/2390/2390 2489/2489/2489 2473/2473/2473
f 2394/2394/2394 2390/2390/2390 2481/2481/2481
f 2481/2481/2481 2490/2490/2490 2394/2394/2394
f 2394/2394/2394 2490/2490/2490 2398/2398/2398
f 2490/2490/2490 2491/2491/2491 2398/2398/2398
f 2491/2491/2491 2490/2490/2490 2492/2492/2492
f 2491/2491/2491 2493/2493/2493 2398/2398/2398
f 2493/2493/2493 2472/2472/2472 2398/2398/2398
f 2493/2493/2493 2494/2494/2494 2472/2472/2472
f 2390/2390/2390 2488/2488/2488 2495/2495/2495
f 2496/2496/2496 2495/2495/2495 2488/2488/2488
f 2488/2488/2488 2497/2497/2497 2496/2496/2496
f 2390/2390/2390 2495/2495/2495 2498/2498/2498
f 2390/2390/2390 2498/2498/2498 2489/2489/2489
f 2498/2498/2498 2499/2499/2499 2489/2489/2489
f 2500/2500/2500 2489/2489/2489 2499/2499/2499
f 2498/2498/2498 2501/2501/2501 2499/2499/2499
f 2498/2498/2498 2502/2502/2502 2501/2501/2501
f 2501/2501/2501 2503/2503/2503 2499/2499/2499
f 2503/2503/2503 2504/2504/2504 2499/2499/2499
f 2505/2505/2505 2504/2504/2504 2503/2503/2503
f 2508/2508/2508 2507/2507/2507 2506/2506/2506
f 2509/2509/2509 2507/2507/2507 2508/2508/2508
f 2512/2512/2512 2511/2511/2511 2510/2510/2510
f 2513/2513/2513 2512/2512/2512 2510/2510/2510
f 2510/2510/2510 2514/2514/2514 2513/2513/2513
f 2513/2513/2513 2514/2514/2514 2515/2515/2515
f 2515/2515/2515 2514/2514/2514 2516/2516/2516
f 2514/2514/2514 2517/2517/2517 2516/2516/2516
f 2515/2515/2515 2516/2516/2516 2518/2518/2518
f 2518/2518/2518 2519/2519/2519 2515/2515/2515
f 2518/2518/2518 2516/2516/2516 2520/2520/2520
f 2523/2523/2523 2522/2522/2522 2521/2521/2521
f 2524/2524/2524 2523/2523/2523 2521/2521/2521
f 2527/2527/2527 2526/2526/2526 2525/2525/2525
f 2528/2528/2528 2527/2527/2527 2525/2525/2525
f 2531/2531/2531 2530/2530/2530 2529/2529/2529
f 2530/2530/2530 2532/2532/2532 2529/2529/2529
f 2529/2529/2529 2532/2532/2532 2533/2533/2533
f 2532/2532/2532 2534/2534/2534 2533/2533/2533
f 2535/2535/2535 2533/2533/2533 2534/2534/2534
f 2538/2538/2538 2537/2537/2537 2536/2536/2536
f 2539/2539/2539 2538/2538/2538 2536/2536/2536
f 2540/2540/2540 2538/2538/2538 2539/2539/2539
f 2541/2541/2541 2540/2540/2540 2539/2539/2539
f 2544/2544/2544 2543/2543/2543 2542/2542/2542
f 2545/2545/2545 2544/2544/2544 2542/2542/2542
f 2548/2548/2548 2547/2547/2547 2546/2546/2546
f 2547/2547/2547 2549/2549/2549 2546/2546/2546
f 2546/2546/2546 2549/2549/2549 2550/2550/2550
f 2549/2549/2549 2551/2551/2551 2550/2550/2550
f 2550/2550/2550 2551/2551/2551 2552/2552/2552
f 2555/2555/2555 2554/2554/2554 2553/2553/2553
f 2556/2556/2556 2555/2555/2555 2553/2553/2553
f 2556/2556/2556 2553/2553/2553 2557/2557/2557
f 2558/2558/2558 2556/2556/2556 2557/2557/2557
f 2561/2561/2561 2560/2560/2560 2559/2559/2559
f 2562/2562/2562 2561/2561/2561 2559/2559/2559
f 2562/2562/2562 2559/2559/2559 2563/2563/2563
f 2564/2564/2564 2562/2562/2562 2563/2563/2563
f 2564/2564/2564 2563/2563/2563 2565/2565/2565
f 2566/2566/2566 2564/2564/2564 2565/2565/2565
f 2569/2569/2569 2568/2568/2568 2567/2567/2567
f 2570/2570/2570 2569/2569/2569 2567/2567/2567
f 2573/2573/2573 2572/2572/2572 2571/2571/2571
f 2574/2574/2574 2573/2573/2573 2571/2571/2571
f 2577/2577/2577 2576/2576/2576 2575/2575/2575
f 2578/2578/2578 2577/2577/2577 2575/2575/2575
f 2581/2581/2581 2580/2580/2580 2579/2579/2579
f 2582/2582/2582 2581/2581/2581 2579/2579/2579
f 2585/2585/2585 2584/2584/2584 2583/2583/2583
f 2584/2584/2584 2586/2586/2586 2583/2583/2583
f 2584/2584/2584 2587/2587/2587 2586/2586/2586
f 2587/2587/2587 2588/2588/2588 2586/2586/2586
f 2587/2587/2587 2589/2589/2589 2588/2588/2588
f 2589/2589/2589 2590/2590/2590 2588/2588/2588
f 2591/2591/2591 2590/2590/2590 2589/2589/2589
f 2591/2591/2591 2589/2589/2589 2592/2592/2592
f 2592/2592/2592 2593/2593/2593 2591/2591/2591
f 2594/2594/2594 2593/2593/2593 2592/2592/2592
f 2594/2594/2594 2595/2595/2595 2593/2593/2593
f 2596/2596/2596 2595/2595/2595 2594/2594/2594
f 2597/2597/2597 2596/2596/2596 2594/2594/2594
f 2598/2598/2598 2596/2596/2596 2597/2597/2597
f 2599/2599/2599 2598/2598/2598 2597/2597/2597
f 2600/2600/2600 2598/2598/2598 2599/2599/2599
f 2603/2603/2603 2602/2602/2602 2601/2601/2601
f 2604/2604/2604 2603/2603/2603 2601/2601/2601
f 2604/2604/2604 2601/2601/2601 2605/2605/2605
f 2601/2601/2601 2606/2606/2606 2605/2605/2605
f 2609/2609/2609 2608/2608/2608 2607/2607/2607
f 2609/2609/2609 2610/2610/2610 2608/2608/2608
f 2610/2610/2610 2611/2611/2611 2608/2608/2608
f 2608/2608/2608 2611/2611/2611 2612/2612/2612
f 2608/2608/2608 2612/2612/2612 2613/2613/2613
f 2612/2612/2612 2614/2614/2614 2613/2613/2613
f 2613/2613/2613 2614/2614/2614 2615/2615/2615
f 2614/2614/2614 2616/2616/2616 2615/2615/2615
f 2611/2611/2611 2617/2617/2617 2612/2612/2612
f 2615/2615/2615 2616/2616/2616 2618/2618/2618
f 2611/2611/2611 2619/2619/2619 2617/2617/2617
f 2619/2619/2619 2620/2620/2620 2617/2617/2617
f 2619/2619/2619 2611/2611/2611 2621/2621/2621
f 2622/2622/2622 2621/2621/2621 2611/2611/2611
f 2623/2623/2623 2622/2622/2622 2611/2611/2611
f 2611/2611/2611 2624/2624/2624 2623/2623/2623
f 2622/2622/2622 2623/2623/2623 2625/2625/2625
f 2624/2624/2624 2626/2626/2626 2623/2623/2623
f 2623/2623/2623 2627/2627/2627 2625/2625/2625
f 2626/2626/2626 2627/2627/2627 2623/2623/2623
f 2627/2627/2627 2626/2626/2626 2628/2628/2628
f 2618/2618/2618 2616/2616/2616 2629/2629/2629
f 2629/2629/2629 2616/2616/2616 2630/2630/2630
f 2616/2616/2616 2631/2631/2631 2630/2630/2630
f 2629/2629/2629 2632/2632/2632 2618/2618/2618
f 2616/2616/2616 2633/2633/2633 2631/2631/2631
f 2634/2634/2634 2632/2632/2632 2629/2629/2629
f 2632/2632/2632 2634/2634/2634 2635/2635/2635
f 2636/2636/2636 2634/2634/2634 2629/2629/2629
f 2629/2629/2629 2637/2637/2637 2636/2636/2636
f 2630/2630/2630 2637/2637/2637 2629/2629/2629
f 2637/2637/2637 2638/2638/2638 2636/2636/2636
f 2638/2638/2638 2639/2639/2639 2636/2636/2636
f 2634/2634/2634 2640/2640/2640 2635/2635/2635
f 2636/2636/2636 2640/2640/2640 2634/2634/2634
f 2641/2641/2641 2636/2636/2636 2639/2639/2639
f 2642/2642/2642 2641/2641/2641 2639/2639/2639
f 2641/2641/2641 2643/2643/2643 2636/2636/2636
f 2635/2635/2635 2640/2640/2640 2644/2644/2644
f 2635/2635/2635 2644/2644/2644 2645/2645/2645
f 2643/2643/2643 2646/2646/2646 2636/2636/2636
f 2643/2643/2643 2647/2647/2647 2646/2646/2646
f 2640/2640/2640 2636/2636/2636 2648/2648/2648
f 2644/2644/2644 2640/2640/2640 2648/2648/2648
f 2636/2636/2636 2646/2646/2646 2648/2648/2648
f 2649/2649/2649 2645/2645/2645 2644/2644/2644
f 2645/2645/2645 2649/2649/2649 2650/2650/2650
f 2650/2650/2650 2649/2649/2649 2651/2651/2651
f 2647/2647/2647 2652/2652/2652 2646/2646/2646
f 2647/2647/2647 2653/2653/2653 2652/2652/2652
f 2644/2644/2644 2648/2648/2648 2654/2654/2654
f 2654/2654/2654 2649/2649/2649 2644/2644/2644
f 2649/2649/2649 2655/2655/2655 2651/2651/2651
f 2655/2655/2655 2649/2649/2649 2654/2654/2654
f 2651/2651/2651 2655/2655/2655 2656/2656/2656
f 2648/2648/2648 2646/2646/2646 2657/2657/2657
f 2646/2646/2646 2652/2652/2652 2657/2657/2657
f 2648/2648/2648 2657/2657/2657 2654/2654/2654
f 2653/2653/2653 2658/2658/2658 2652/2652/2652
f 2653/2653/2653 2659/2659/2659 2658/2658/2658
f 2660/2660/2660 2657/2657/2657 2652/2652/2652
f 2654/2654/2654 2657/2657/2657 2660/2660/2660
f 2658/2658/2658 2660/2660/2660 2652/2652/2652
f 2655/2655/2655 2661/2661/2661 2656/2656/2656
f 2662/2662/2662 2656/2656/2656 2661/2661/2661
f 2663/2663/2663 2662/2662/2662 2661/2661/2661
f 2664/2664/2664 2655/2655/2655 2654/2654/2654
f 2664/2664/2664 2654/2654/2654 2660/2660/2660
f 2661/2661/2661 2655/2655/2655 2664/2664/2664
f 2663/2663/2663 2661/2661/2661 2665/2665/2665
f 2665/2665/2665 2661/2661/2661 2664/2664/2664
f 2666/2666/2666 2663/2663/2663 2665/2665/2665
f 2666/2666/2666 2665/2665/2665 2667/2667/2667
f 2664/2664/2664 2660/2660/2660 2668/2668/2668
f 2665/2665/2665 2664/2664/2664 2668/2668/2668
f 2668/2668/2668 2660/2660/2660 2658/2658/2658
f 2665/2665/2665 2668/2668/2668 2667/2667/2667
f 2669/2669/2669 2668/2668/2668 2658/2658/2658
f 2667/2667/2667 2668/2668/2668 2669/2669/2669
f 2659/2659/2659 2669/2669/2669 2658/2658/2658
f 2670/2670/2670 2667/2667/2667 2669/2669/2669
f 2659/2659/2659 2671/2671/2671 2669/2669/2669
f 2671/2671/2671 2670/2670/2670 2669/2669/2669
f 2674/2674/2674 2673/2673/2673 2672/2672/2672
f 2673/2673/2673 2675/2675/2675 2672/2672/2672
f 2676/2676/2676 2672/2672/2672 2675/2675/2675
f 2673/2673/2673 2677/2677/2677 2675/2675/2675
f 2673/2673/2673 2678/2678/2678 2677/2677/2677
f 2678/2678/2678 2679/2679/2679 2677/2677/2677
f 2680/2680/2680 2677/2677/2677 2679/2679/2679
f 2681/2681/2681 2680/2680/2680 2679/2679/2679
f 2677/2677/2677 2682/2682/2682 2675/2675/2675
f 2677/2677/2677 2680/2680/2680 2682/2682/2682
f 2683/2683/2683 2676/2676/2676 2675/2675/2675
f 2683/2683/2683 2675/2675/2675 2682/2682/2682
f 2680/2680/2680 2681/2681/2681 2684/2684/2684
f 2685/2685/2685 2684/2684/2684 2681/2681/2681
f 2683/2683/2683 2686/2686/2686 2676/2676/2676
f 2686/2686/2686 2687/2687/2687 2676/2676/2676
f 2686/2686/2686 2688/2688/2688 2687/2687/2687
f 2688/2688/2688 2689/2689/2689 2687/2687/2687
f 2683/2683/2683 2690/2690/2690 2686/2686/2686
f 2690/2690/2690 2683/2683/2683 2682/2682/2682
f 2686/2686/2686 2690/2690/2690 2688/2688/2688
f 2680/2680/2680 2691/2691/2691 2682/2682/2682
f 2680/2680/2680 2684/2684/2684 2691/2691/2691
f 2690/2690/2690 2682/2682/2682 2691/2691/2691
f 2692/2692/2692 2690/2690/2690 2691/2691/2691
f 2693/2693/2693 2684/2684/2684 2685/2685/2685
f 2693/2693/2693 2685/2685/2685 2694/2694/2694
f 2684/2684/2684 2695/2695/2695 2691/2691/2691
f 2684/2684/2684 2693/2693/2693 2695/2695/2695
f 2691/2691/2691 2695/2695/2695 2692/2692/2692
f 2693/2693/2693 2696/2696/2696 2695/2695/2695
f 2695/2695/2695 2696/2696/2696 2697/2697/2697
f 2695/2695/2695 2697/2697/2697 2692/2692/2692
f 2688/2688/2688 2698/2698/2698 2689/2689/2689
f 2698/2698/2698 2699/2699/2699 2689/2689/2689
f 2700/2700/2700 2699/2699/2699 2698/2698/2698
f 2700/2700/2700 2701/2701/2701 2699/2699/2699
f 2690/2690/2690 2692/2692/2692 2702/2702/2702
f 2690/2690/2690 2702/2702/2702 2688/2688/2688
f 2703/2703/2703 2698/2698/2698 2688/2688/2688
f 2703/2703/2703 2700/2700/2700 2698/2698/2698
f 2702/2702/2702 2704/2704/2704 2688/2688/2688
f 2702/2702/2702 2692/2692/2692 2704/2704/2704
f 2704/2704/2704 2703/2703/2703 2688/2688/2688
f 2705/2705/2705 2703/2703/2703 2704/2704/2704
f 2696/2696/2696 2706/2706/2706 2697/2697/2697
f 2696/2696/2696 2707/2707/2707 2706/2706/2706
f 2707/2707/2707 2708/2708/2708 2706/2706/2706
f 2706/2706/2706 2709/2709/2709 2697/2697/2697
f 2706/2706/2706 2708/2708/2708 2709/2709/2709
f 2692/2692/2692 2697/2697/2697 2710/2710/2710
f 2709/2709/2709 2710/2710/2710 2697/2697/2697
f 2711/2711/2711 2700/2700/2700 2703/2703/2703
f 2705/2705/2705 2711/2711/2711 2703/2703/2703
f 2709/2709/2709 2708/2708/2708 2712/2712/2712
f 2709/2709/2709 2712/2712/2712 2710/2710/2710
f 2713/2713/2713 2692/2692/2692 2710/2710/2710
f 2692/2692/2692 2713/2713/2713 2714/2714/2714
f 2715/2715/2715 2713/2713/2713 2710/2710/2710
f 2712/2712/2712 2715/2715/2715 2710/2710/2710
f 2713/2713/2713 2716/2716/2716 2714/2714/2714
f 2716/2716/2716 2705/2705/2705 2714/2714/2714
f 2716/2716/2716 2713/2713/2713 2715/2715/2715
f 2717/2717/2717 2705/2705/2705 2716/2716/2716
f 2715/2715/2715 2717/2717/2717 2716/2716/2716
f 2712/2712/2712 2718/2718/2718 2715/2715/2715
f 2718/2718/2718 2717/2717/2717 2715/2715/2715
f 2717/2717/2717 2719/2719/2719 2705/2705/2705
f 2719/2719/2719 2711/2711/2711 2705/2705/2705
f 2708/2708/2708 2630/2630/2630 2712/2712/2712
f 2718/2718/2718 2712/2712/2712 2630/2630/2630
f 2630/2630/2630 2708/2708/2708 2720/2720/2720
f 2708/2708/2708 2721/2721/2721 2720/2720/2720
f 2708/2708/2708 2722/2722/2722 2721/2721/2721
f 2718/2718/2718 2723/2723/2723 2717/2717/2717
f 2723/2723/2723 2719/2719/2719 2717/2717/2717
f 2719/2719/2719 2724/2724/2724 2711/2711/2711
f 2723/2723/2723 2725/2725/2725 2719/2719/2719
f 2725/2725/2725 2724/2724/2724 2719/2719/2719
f 2724/2724/2724 2726/2726/2726 2711/2711/2711
f 2711/2711/2711 2726/2726/2726 2700/2700/2700
f 2727/2727/2727 2724/2724/2724 2725/2725/2725
f 2727/2727/2727 2726/2726/2726 2724/2724/2724
f 2726/2726/2726 2728/2728/2728 2700/2700/2700
f 2700/2700/2700 2728/2728/2728 2701/2701/2701
f 2728/2728/2728 2729/2729/2729 2701/2701/2701
f 2730/2730/2730 2729/2729/2729 2728/2728/2728
f 2730/2730/2730 2728/2728/2728 2726/2726/2726
f 2727/2727/2727 2730/2730/2730 2726/2726/2726
f 2727/2727/2727 2731/2731/2731 2730/2730/2730
f 2731/2731/2731 2732/2732/2732 2730/2730/2730
f 2733/2733/2733 2723/2723/2723 2718/2718/2718
f 2734/2734/2734 2725/2725/2725 2723/2723/2723
f 2733/2733/2733 2734/2734/2734 2723/2723/2723
f 2735/2735/2735 2727/2727/2727 2725/2725/2725
f 2735/2735/2735 2725/2725/2725 2734/2734/2734
f 2735/2735/2735 2736/2736/2736 2727/2727/2727
f 2736/2736/2736 2735/2735/2735 2734/2734/2734
f 2736/2736/2736 2731/2731/2731 2727/2727/2727
f 2736/2736/2736 2734/2734/2734 2737/2737/2737
f 2731/2731/2731 2736/2736/2736 2737/2737/2737
f 2737/2737/2737 2734/2734/2734 2733/2733/2733
f 2732/2732/2732 2731/2731/2731 2738/2738/2738
f 2731/2731/2731 2737/2737/2737 2738/2738/2738
f 2739/2739/2739 2733/2733/2733 2718/2718/2718
f 2739/2739/2739 2718/2718/2718 2630/2630/2630
f 2740/2740/2740 2737/2737/2737 2733/2733/2733
f 2740/2740/2740 2733/2733/2733 2739/2739/2739
f 2738/2738/2738 2737/2737/2737 2740/2740/2740
f 2739/2739/2739 2630/2630/2630 2741/2741/2741
f 2741/2741/2741 2740/2740/2740 2739/2739/2739
f 2630/2630/2630 2631/2631/2631 2741/2741/2741
f 2741/2741/2741 2631/2631/2631 2742/2742/2742
f 2743/2743/2743 2740/2740/2740 2741/2741/2741
f 2743/2743/2743 2738/2738/2738 2740/2740/2740
f 2742/2742/2742 2743/2743/2743 2741/2741/2741
f 2744/2744/2744 2732/2732/2732 2738/2738/2738
f 2744/2744/2744 2745/2745/2745 2732/2732/2732
f 2744/2744/2744 2746/2746/2746 2745/2745/2745
f 2738/2738/2738 2743/2743/2743 2747/2747/2747
f 2744/2744/2744 2738/2738/2738 2747/2747/2747
f 2747/2747/2747 2743/2743/2743 2742/2742/2742
f 2747/2747/2747 2746/2746/2746 2744/2744/2744
f 2746/2746/2746 2747/2747/2747 2742/2742/2742
f 2631/2631/2631 2748/2748/2748 2742/2742/2742
f 2633/2633/2633 2748/2748/2748 2631/2631/2631
f 2633/2633/2633 2749/2749/2749 2748/2748/2748
f 2746/2746/2746 2742/2742/2742 2750/2750/2750
f 2751/2751/2751 2746/2746/2746 2750/2750/2750
f 2748/2748/2748 2752/2752/2752 2742/2742/2742
f 2749/2749/2749 2752/2752/2752 2748/2748/2748
f 2752/2752/2752 2750/2750/2750 2742/2742/2742
f 2750/2750/2750 2752/2752/2752 2749/2749/2749
f 2753/2753/2753 2750/2750/2750 2749/2749/2749
f 2750/2750/2750 2753/2753/2753 2754/2754/2754
f 2753/2753/2753 2755/2755/2755 2754/2754/2754
f 2758/2758/2758 2757/2757/2757 2756/2756/2756
f 2756/2756/2756 2759/2759/2759 2758/2758/2758
f 2759/2759/2759 2760/2760/2760 2758/2758/2758
f 2759/2759/2759 2756/2756/2756 2761/2761/2761
f 2759/2759/2759 2762/2762/2762 2760/2760/2760
f 2762/2762/2762 2763/2763/2763 2760/2760/2760
f 2764/2764/2764 2759/2759/2759 2761/2761/2761
f 2765/2765/2765 2764/2764/2764 2761/2761/2761
f 2764/2764/2764 2766/2766/2766 2759/2759/2759
f 2766/2766/2766 2762/2762/2762 2759/2759/2759
f 2764/2764/2764 2765/2765/2765 2766/2766/2766
f 2763/2763/2763 2762/2762/2762 2767/2767/2767
f 2763/2763/2763 2767/2767/2767 2768/2768/2768
f 2766/2766/2766 2769/2769/2769 2762/2762/2762
f 2769/2769/2769 2766/2766/2766 2765/2765/2765
f 2769/2769/2769 2767/2767/2767 2762/2762/2762
f 2770/2770/2770 2768/2768/2768 2767/2767/2767
f 2771/2771/2771 2768/2768/2768 2770/2770/2770
f 2772/2772/2772 2769/2769/2769 2765/2765/2765
f 2765/2765/2765 2773/2773/2773 2772/2772/2772
f 2769/2769/2769 2774/2774/2774 2767/2767/2767
f 2774/2774/2774 2770/2770/2770 2767/2767/2767
f 2769/2769/2769 2772/2772/2772 2774/2774/2774
f 2771/2771/2771 2770/2770/2770 2775/2775/2775
f 2775/2775/2775 2770/2770/2770 2774/2774/2774
f 2776/2776/2776 2774/2774/2774 2772/2772/2772
f 2773/2773/2773 2776/2776/2776 2772/2772/2772
f 2774/2774/2774 2776/2776/2776 2775/2775/2775
f 2775/2775/2775 2777/2777/2777 2771/2771/2771
f 2776/2776/2776 2777/2777/2777 2775/2775/2775
f 2777/2777/2777 2778/2778/2778 2771/2771/2771
f 2777/2777/2777 2779/2779/2779 2778/2778/2778
f 2779/2779/2779 2777/2777/2777 2776/2776/2776
f 2779/2779/2779 2780/2780/2780 2778/2778/2778
f 2781/2781/2781 2780/2780/2780 2779/2779/2779
f 2782/2782/2782 2781/2781/2781 2779/2779/2779
f 2776/2776/2776 2773/2773/2773 2783/2783/2783
f 2783/2783/2783 2779/2779/2779 2776/2776/2776
f 2782/2782/2782 2779/2779/2779 2783/2783/2783
f 2783/2783/2783 2773/2773/2773 2784/2784/2784
f 2784/2784/2784 2782/2782/2782 2783/2783/2783
f 2787/2787/2787 2786/2786/2786 2785/2785/2785
f 2788/2788/2788 2787/2787/2787 2785/2785/2785
f 2788/2788/2788 2785/2785/2785 2789/2789/2789
f 2790/2790/2790 2787/2787/2787 2788/2788/2788
f 2791/2791/2791 2788/2788/2788 2789/2789/2789
f 2791/2791/2791 2790/2790/2790 2788/2788/2788
f 2794/2794/2794 2793/2793/2793 2792/2792/2792
f 2792/2792/2792 2795/2795/2795 2794/2794/2794
f 2792/2792/2792 2796/2796/2796 2795/2795/2795
f 2796/2796/2796 2792/2792/2792 2797/2797/2797
f 2797/2797/2797 2792/2792/2792 2798/2798/2798
f 2797/2797/2797 2798/2798/2798 2799/2799/2799
f 2799/2799/2799 2800/2800/2800 2797/2797/2797
f 2797/2797/2797 2800/2800/2800 2801/2801/2801
f 2797/2797/2797 2801/2801/2801 2802/2802/2802
f 2797/2797/2797 2802/2802/2802 2796/2796/2796
f 2802/2802/2802 2803/2803/2803 2796/2796/2796
g Helm.001_1
f 2806/2806/2806 2805/2805/2805 2804/2804/2804
f 2809/2809/2809 2808/2808/2808 2807/2807/2807
f 2812/2812/2812 2811/2811/2811 2810/2810/2810
f 2815/2815/2815 2814/2814/2814 2813/2813/2813
f 2818/2818/2818 2817/2817/2817 2816/2816/2816
f 2821/2821/2821 2820/2820/2820 2819/2819/2819
f 2824/2824/2824 2823/2823/2823 2822/2822/2822
f 2827/2827/2827 2826/2826/2826 2825/2825/2825
f 2830/2830/2830 2829/2829/2829 2828/2828/2828
f 2833/2833/2833 2832/2832/2832 2831/2831/2831
f 2836/2836/2836 2835/2835/2835 2834/2834/2834
f 2839/2839/2839 2838/2838/2838 2837/2837/2837
f 2842/2842/2842 2841/2841/2841 2840/2840/2840
f 2845/2845/2845 2844/2844/2844 2843/2843/2843
f 2848/2848/2848 2847/2847/2847 2846/2846/2846
f 2851/2851/2851 2850/2850/2850 2849/2849/2849
f 2854/2854/2854 2853/2853/2853 2852/2852/2852
f 2857/2857/2857 2856/2856/2856 2855/2855/2855
f 2860/2860/2860 2859/2859/2859 2858/2858/2858
f 2863/2863/2863 2862/2862/2862 2861/2861/2861
f 2866/2866/2866 2865/2865/2865 2864/2864/2864
f 2869/2869/2869 2868/2868/2868 2867/2867/2867
f 2872/2872/2872 2871/2871/2871 2870/2870/2870
f 2875/2875/2875 2874/2874/2874 2873/2873/2873
f 2878/2878/2878 2877/2877/2877 2876/2876/2876
f 2881/2881/2881 2880/2880/2880 2879/2879/2879
f 2884/2884/2884 2883/2883/2883 2882/2882/2882
f 2887/2887/2887 2886/2886/2886 2885/2885/2885
f 2890/2890/2890 2889/2889/2889 2888/2888/2888
f 2893/2893/2893 2892/2892/2892 2891/2891/2891
f 2896/2896/2896 2895/2895/2895 2894/2894/2894
f 2899/2899/2899 2898/2898/2898 2897/2897/2897
f 2902/2902/2902 2901/2901/2901 2900/2900/2900
f 2905/2905/2905 2904/2904/2904 2903/2903/2903
f 2908/2908/2908 2907/2907/2907 2906/2906/2906
f 2911/2911/2911 2910/2910/2910 2909/2909/2909
f 2914/2914/2914 2913/2913/2913 2912/2912/2912
f 2917/2917/2917 2916/2916/2916 2915/2915/2915
f 2920/2920/2920 2919/2919/2919 2918/2918/2918
f 2923/2923/2923 2922/2922/2922 2921/2921/2921
f 2926/2926/2926 2925/2925/2925 2924/2924/2924
f 2929/2929/2929 2928/2928/2928 2927/2927/2927
f 2932/2932/2932 2931/2931/2931 2930/2930/2930
f 2935/2935/2935 2934/2934/2934 2933/2933/2933
f 2938/2938/2938 2937/2937/2937 2936/2936/2936
f 2941/2941/2941 2940/2940/2940 2939/2939/2939
f 2944/2944/2944 2943/2943/2943 2942/2942/2942
f 2947/2947/2947 2946/2946/2946 2945/2945/2945
f 2950/2950/2950 2949/2949/2949 2948/2948/2948
f 2953/2953/2953 2952/2952/2952 2951/2951/2951
f 2956/2956/2956 2955/2955/2955 2954/2954/2954
f 2959/2959/2959 2958/2958/2958 2957/2957/2957
f 2962/2962/2962 2961/2961/2961 2960/2960/2960
f 2965/2965/2965 2964/2964/2964 2963/2963/2963
f 2968/2968/2968 2967/2967/2967 2966/2966/2966
f 2971/2971/2971 2970/2970/2970 2969/2969/2969
f 2974/2974/2974 2973/2973/2973 2972/2972/2972
f 2977/2977/2977 2976/2976/2976 2975/2975/2975
f 2980/2980/2980 2979/2979/2979 2978/2978/2978
f 2983/2983/2983 2982/2982/2982 2981/2981/2981
f 2986/2986/2986 2985/2985/2985 2984/2984/2984
f 2989/2989/2989 2988/2988/2988 2987/2987/2987
f 2992/2992/2992 2991/2991/2991 2990/2990/2990
f 2995/2995/2995 2994/2994/2994 2993/2993/2993
f 2998/2998/2998 2997/2997/2997 2996/2996/2996
f 3001/3001/3001 3000/3000/3000 2999/2999/2999
f 3004/3004/3004 3003/3003/3003 3002/3002/3002
f 3007/3007/3007 3006/3006/3006 3005/3005/3005
f 3010/3010/3010 3009/3009/3009 3008/3008/3008
f 3013/3013/3013 3012/3012/3012 3011/3011/3011
f 3016/3016/3016 3015/3015/3015 3014/3014/3014
f 3019/3019/3019 3018/3018/3018 3017/3017/3017
f 3022/3022/3022 3021/3021/3021 3020/3020/3020
f 3025/3025/3025 3024/3024/3024 3023/3023/3023
f 3028/3028/3028 3027/3027/3027 3026/3026/3026
f 3031/3031/3031 3030/3030/3030 3029/3029/3029
f 3034/3034/3034 3033/3033/3033 3032/3032/3032
f 3037/3037/3037 3036/3036/3036 3035/3035/3035
f 3040/3040/3040 3039/3039/3039 3038/3038/3038
f 3043/3043/3043 3042/3042/3042 3041/3041/3041
f 3046/3046/3046 3045/3045/3045 3044/3044/3044
f 3049/3049/3049 3048/3048/3048 3047/3047/3047
f 3052/3052/3052 3051/3051/3051 3050/3050/3050
f 3055/3055/3055 3054/3054/3054 3053/3053/3053
f 3058/3058/3058 3057/3057/3057 3056/3056/3056
f 3061/3061/3061 3060/3060/3060 3059/3059/3059
f 3064/3064/3064 3063/3063/3063 3062/3062/3062
f 3067/3067/3067 3066/3066/3066 3065/3065/3065
f 3070/3070/3070 3069/3069/3069 3068/3068/3068
f 3073/3073/3073 3072/3072/3072 3071/3071/3071
f 3076/3076/3076 3075/3075/3075 3074/3074/3074
f 3079/3079/3079 3078/3078/3078 3077/3077/3077
f 3082/3082/3082 3081/3081/3081 3080/3080/3080
f 3085/3085/3085 3084/3084/3084 3083/3083/3083
f 3088/3088/3088 3087/3087/3087 3086/3086/3086
f 3091/3091/3091 3090/3090/3090 3089/3089/3089
f 3094/3094/3094 3093/3093/3093 3092/3092/3092
f 3097/3097/3097 3096/3096/3096 3095/3095/3095
f 3100/3100/3100 3099/3099/3099 3098/3098/3098
f 3103/3103/3103 3102/3102/3102 3101/3101/3101
f 3106/3106/3106 3105/3105/3105 3104/3104/3104
f 3109/3109/3109 3108/3108/3108 3107/3107/3107
f 3112/3112/3112 3111/3111/3111 3110/3110/3110
f 3115/3115/3115 3114/3114/3114 3113/3113/3113
f 3118/3118/3118 3117/3117/3117 3116/3116/3116
f 3121/3121/3121 3120/3120/3120 3119/3119/3119
f 3124/3124/3124 3123/3123/3123 3122/3122/3122
f 3127/3127/3127 3126/3126/3126 3125/3125/3125
f 3130/3130/3130 3129/3129/3129 3128/3128/3128
f 3133/3133/3133 3132/3132/3132 3131/3131/3131
f 3136/3136/3136 3135/3135/3135 3134/3134/3134
f 3139/3139/3139 3138/3138/3138 3137/3137/3137
f 3142/3142/3142 3141/3141/3141 3140/3140/3140
f 3145/3145/3145 3144/3144/3144 3143/3143/3143
f 3148/3148/3148 3147/3147/3147 3146/3146/3146
f 3151/3151/3151 3150/3150/3150 3149/3149/3149
f 3154/3154/3154 3153/3153/3153 3152/3152/3152
f 3157/3157/3157 3156/3156/3156 3155/3155/3155
f 3160/3160/3160 3159/3159/3159 3158/3158/3158
f 3163/3163/3163 3162/3162/3162 3161/3161/3161
f 3166/3166/3166 3165/3165/3165 3164/3164/3164
f 3169/3169/3169 3168/3168/3168 3167/3167/3167
f 3172/3172/3172 3171/3171/3171 3170/3170/3170
f 3175/3175/3175 3174/3174/3174 3173/3173/3173
f 3178/3178/3178 3177/3177/3177 3176/3176/3176
f 3181/3181/3181 3180/3180/3180 3179/3179/3179
f 3184/3184/3184 3183/3183/3183 3182/3182/3182
f 3187/3187/3187 3186/3186/3186 3185/3185/3185
f 3190/3190/3190 3189/3189/3189 3188/3188/3188
f 3193/3193/3193 3192/3192/3192 3191/3191/3191
f 3196/3196/3196 3195/3195/3195 3194/3194/3194
f 3199/3199/3199 3198/3198/3198 3197/3197/3197
f 3202/3202/3202 3201/3201/3201 3200/3200/3200
f 3205/3205/3205 3204/3204/3204 3203/3203/3203
f 3208/3208/3208 3207/3207/3207 3206/3206/3206
f 3211/3211/3211 3210/3210/3210 3209/3209/3209
f 3214/3214/3214 3213/3213/3213 3212/3212/3212
f 3217/3217/3217 3216/3216/3216 3215/3215/3215
f 3220/3220/3220 3219/3219/3219 3218/3218/3218
f 3223/3223/3223 3222/3222/3222 3221/3221/3221
f 3226/3226/3226 3225/3225/3225 3224/3224/3224
f 3229/3229/3229 3228/3228/3228 3227/3227/3227
f 3232/3232/3232 3231/3231/3231 3230/3230/3230
f 3235/3235/3235 3234/3234/3234 3233/3233/3233
f 3238/3238/3238 3237/3237/3237 3236/3236/3236
f 3241/3241/3241 3240/3240/3240 3239/3239/3239
f 3244/3244/3244 3243/3243/3243 3242/3242/3242
f 3247/3247/3247 3246/3246/3246 3245/3245/3245
f 3250/3250/3250 3249/3249/3249 3248/3248/3248
f 3253/3253/3253 3252/3252/3252 3251/3251/3251
f 3256/3256/3256 3255/3255/3255 3254/3254/3254
f 3259/3259/3259 3258/3258/3258 3257/3257/3257
f 3262/3262/3262 3261/3261/3261 3260/3260/3260
f 3265/3265/3265 3264/3264/3264 3263/3263/3263
f 3268/3268/3268 3267/3267/3267 3266/3266/3266
f 3271/3271/3271 3270/3270/3270 3269/3269/3269
f 3274/3274/3274 3273/3273/3273 3272/3272/3272
f 3277/3277/3277 3276/3276/3276 3275/3275/3275
f 3280/3280/3280 3279/3279/3279 3278/3278/3278
f 3283/3283/3283 3282/3282/3282 3281/3281/3281
f 3286/3286/3286 3285/3285/3285 3284/3284/3284
f 3289/3289/3289 3288/3288/3288 3287/3287/3287
f 3292/3292/3292 3291/3291/3291 3290/3290/3290
f 3295/3295/3295 3294/3294/3294 3293/3293/3293
f 3298/3298/3298 3297/3297/3297 3296/3296/3296
f 3301/3301/3301 3300/3300/3300 3299/3299/3299
f 3304/3304/3304 3303/3303/3303 3302/3302/3302
f 3307/3307/3307 3306/3306/3306 3305/3305/3305
f 3310/3310/3310 3309/3309/3309 3308/3308/3308
f 3313/3313/3313 3312/3312/3312 3311/3311/3311
f 3316/3316/3316 3315/3315/3315 3314/3314/3314
f 3319/3319/3319 3318/3318/3318 3317/3317/3317
f 3322/3322/3322 3321/3321/3321 3320/3320/3320
f 3325/3325/3325 3324/3324/3324 3323/3323/3323
f 3328/3328/3328 3327/3327/3327 3326/3326/3326
f 3331/3331/3331 3330/3330/3330 3329/3329/3329
f 3334/3334/3334 3333/3333/3333 3332/3332/3332
f 3337/3337/3337 3336/3336/3336 3335/3335/3335
f 3340/3340/3340 3339/3339/3339 3338/3338/3338
f 3343/3343/3343 3342/3342/3342 3341/3341/3341
f 3346/3346/3346 3345/3345/3345 3344/3344/3344
f 3349/3349/3349 3348/3348/3348 3347/3347/3347
f 3352/3352/3352 3351/3351/3351 3350/3350/3350
f 3355/3355/3355 3354/3354/3354 3353/3353/3353
f 3358/3358/3358 3357/3357/3357 3356/3356/3356
f 3361/3361/3361 3360/3360/3360 3359/3359/3359
f 3364/3364/3364 3363/3363/3363 3362/3362/3362
f 3367/3367/3367 3366/3366/3366 3365/3365/3365
f 3370/3370/3370 3369/3369/3369 3368/3368/3368
f 3373/3373/3373 3372/3372/3372 3371/3371/3371
f 3376/3376/3376 3375/3375/3375 3374/3374/3374
f 3379/3379/3379 3378/3378/3378 3377/3377/3377
f 3382/3382/3382 3381/3381/3381 3380/3380/3380
f 3385/3385/3385 3384/3384/3384 3383/3383/3383
f 356/356/356 3387/3387/3387 3386/3386/3386
f 356/356/356 357/357/357 3387/3387/3387
f 3390/3390/3390 3389/3389/3389 3388/3388/3388
f 3388/3388/3388 3391/3391/3391 3390/3390/3390
f 3388/3388/3388 1561/1561/1561 3391/3391/3391
f 1561/1561/1561 1562/1562/1562 3391/3391/3391
f 3394/3394/3394 3393/3393/3393 3392/3392/3392
f 3395/3395/3395 3394/3394/3394 3392/3392/3392
f 3398/3398/3398 3397/3397/3397 3396/3396/3396
f 3399/3399/3399 3398/3398/3398 3396/3396/3396
f 3402/3402/3402 3401/3401/3401 3400/3400/3400
f 3403/3403/3403 3402/3402/3402 3400/3400/3400
f 3406/3406/3406 3405/3405/3405 3404/3404/3404
f 3407/3407/3407 3406/3406/3406 3404/3404/3404
f 3410/3410/3410 3409/3409/3409 3408/3408/3408
f 3411/3411/3411 3410/3410/3410 3408/3408/3408
f 3414/3414/3414 3413/3413/3413 3412/3412/3412
f 3415/3415/3415 3414/3414/3414 3412/3412/3412
f 3418/3418/3418 3417/3417/3417 3416/3416/3416
f 3419/3419/3419 3418/3418/3418 3416/3416/3416
f 3422/3422/3422 3421/3421/3421 3420/3420/3420
f 3423/3423/3423 3422/3422/3422 3420/3420/3420
f 3426/3426/3426 3425/3425/3425 3424/3424/3424
f 3427/3427/3427 3426/3426/3426 3424/3424/3424
f 3430/3430/3430 3429/3429/3429 3428/3428/3428
f 3431/3431/3431 3430/3430/3430 3428/3428/3428
f 3434/3434/3434 3433/3433/3433 3432/3432/3432
f 3435/3435/3435 3434/3434/3434 3432/3432/3432
f 3438/3438/3438 3437/3437/3437 3436/3436/3436
f 3439/3439/3439 3438/3438/3438 3436/3436/3436
f 3442/3442/3442 3441/3441/3441 3440/3440/3440
f 3443/3443/3443 3442/3442/3442 3440/3440/3440
f 3446/3446/3446 3445/3445/3445 3444/3444/3444
f 3447/3447/3447 3446/3446/3446 3444/3444/3444
f 3450/3450/3450 3449/3449/3449 3448/3448/3448
f 3451/3451/3451 3450/3450/3450 3448/3448/3448
f 3454/3454/3454 3453/3453/3453 3452/3452/3452
f 3455/3455/3455 3454/3454/3454 3452/3452/3452
f 3458/3458/3458 3457/3457/3457 3456/3456/3456
f 3459/3459/3459 3458/3458/3458 3456/3456/3456
f 3462/3462/3462 3461/3461/3461 3460/3460/3460
f 3463/3463/3463 3462/3462/3462 3460/3460/3460
f 3466/3466/3466 3465/3465/3465 3464/3464/3464
f 3467/3467/3467 3466/3466/3466 3464/3464/3464
f 3470/3470/3470 3469/3469/3469 3468/3468/3468
f 3471/3471/3471 3470/3470/3470 3468/3468/3468
f 3474/3474/3474 3473/3473/3473 3472/3472/3472
f 3475/3475/3475 3474/3474/3474 3472/3472/3472
f 3478/3478/3478 3477/3477/3477 3476/3476/3476
f 3479/3479/3479 3478/3478/3478 3476/3476/3476
f 3482/3482/3482 3481/3481/3481 3480/3480/3480
f 3483/3483/3483 3482/3482/3482 3480/3480/3480
f 3486/3486/3486 3485/3485/3485 3484/3484/3484
f 3487/3487/3487 3486/3486/3486 3484/3484/3484
f 3490/3490/3490 3489/3489/3489 3488/3488/3488
f 3491/3491/3491 3490/3490/3490 3488/3488/3488
f 3494/3494/3494 3493/3493/3493 3492/3492/3492
f 3495/3495/3495 3494/3494/3494 3492/3492/3492
f 3498/3498/3498 3497/3497/3497 3496/3496/3496
f 3499/3499/3499 3498/3498/3498 3496/3496/3496
f 3502/3502/3502 3501/3501/3501 3500/3500/3500
f 3503/3503/3503 3502/3502/3502 3500/3500/3500
f 3506/3506/3506 3505/3505/3505 3504/3504/3504
f 3507/3507/3507 3506/3506/3506 3504/3504/3504
f 3510/3510/3510 3509/3509/3509 3508/3508/3508
f 3511/3511/3511 3510/3510/3510 3508/3508/3508
f 3514/3514/3514 3513/3513/3513 3512/3512/3512
f 3512/3512/3512 3515/3515/3515 3514/3514/3514
f 3515/3515/3515 3516/3516/3516 3514/3514/3514
f 3515/3515/3515 3517/3517/3517 3516/3516/3516
f 3520/3520/3520 3519/3519/3519 3518/3518/3518
f 3518/3518/3518 3521/3521/3521 3520/3520/3520
f 3518/3518/3518 3522/3522/3522 3521/3521/3521
f 3525/3525/3525 3524/3524/3524 3523/3523/3523
f 3526/3526/3526 3525/3525/3525 3523/3523/3523
f 3529/3529/3529 3528/3528/3528 3527/3527/3527
f 3530/3530/3530 3529/3529/3529 3527/3527/3527
f 3533/3533/3533 3532/3532/3532 3531/3531/3531
f 3534/3534/3534 3533/3533/3533 3531/3531/3531
f 3537/3537/3537 3536/3536/3536 3535/3535/3535
f 3538/3538/3538 3537/3537/3537 3535/3535/3535
f 3541/3541/3541 3540/3540/3540 3539/3539/3539
f 3542/3542/3542 3541/3541/3541 3539/3539/3539
f 3545/3545/3545 3544/3544/3544 3543/3543/3543
f 3546/3546/3546 3545/3545/3545 3543/3543/3543
f 3549/3549/3549 3548/3548/3548 3547/3547/3547
f 3550/3550/3550 3549/3549/3549 3547/3547/3547
f 3553/3553/3553 3552/3552/3552 3551/3551/3551
f 3554/3554/3554 3553/3553/3553 3551/3551/3551
f 3557/3557/3557 3556/3556/3556 3555/3555/3555
f 3558/3558/3558 3557/3557/3557 3555/3555/3555
f 3561/3561/3561 3560/3560/3560 3559/3559/3559
f 3562/3562/3562 3561/3561/3561 3559/3559/3559
f 3565/3565/3565 3564/3564/3564 3563/3563/3563
f 3566/3566/3566 3565/3565/3565 3563/3563/3563
f 3569/3569/3569 3568/3568/3568 3567/3567/3567
f 3570/3570/3570 3569/3569/3569 3567/3567/3567
f 3573/3573/3573 3572/3572/3572 3571/3571/3571
f 3574/3574/3574 3573/3573/3573 3571/3571/3571
f 3577/3577/3577 3576/3576/3576 3575/3575/3575
f 3578/3578/3578 3577/3577/3577 3575/3575/3575
f 3581/3581/3581 3580/3580/3580 3579/3579/3579
f 3582/3582/3582 3581/3581/3581 3579/3579/3579
f 3585/3585/3585 3584/3584/3584 3583/3583/3583
f 3586/3586/3586 3585/3585/3585 3583/3583/3583
f 3589/3589/3589 3588/3588/3588 3587/3587/3587
f 3590/3590/3590 3589/3589/3589 3587/3587/3587
f 3593/3593/3593 3592/3592/3592 3591/3591/3591
f 3594/3594/3594 3593/3593/3593 3591/3591/3591
f 3597/3597/3597 3596/3596/3596 3595/3595/3595
f 3598/3598/3598 3597/3597/3597 3595/3595/3595
f 3601/3601/3601 3600/3600/3600 3599/3599/3599
f 3602/3602/3602 3601/3601/3601 3599/3599/3599
f 3605/3605/3605 3604/3604/3604 3603/3603/3603
f 3606/3606/3606 3605/3605/3605 3603/3603/3603
f 3609/3609/3609 3608/3608/3608 3607/3607/3607
f 3610/3610/3610 3609/3609/3609 3607/3607/3607
f 3613/3613/3613 3612/3612/3612 3611/3611/3611
f 3614/3614/3614 3613/3613/3613 3611/3611/3611
f 3617/3617/3617 3616/3616/3616 3615/3615/3615
f 3618/3618/3618 3617/3617/3617 3615/3615/3615
f 3621/3621/3621 3620/3620/3620 3619/3619/3619
f 3622/3622/3622 3621/3621/3621 3619/3619/3619
f 3625/3625/3625 3624/3624/3624 3623/3623/3623
f 3626/3626/3626 3625/3625/3625 3623/3623/3623
f 3629/3629/3629 3628/3628/3628 3627/3627/3627
f 3630/3630/3630 3629/3629/3629 3627/3627/3627
f 3633/3633/3633 3632/3632/3632 3631/3631/3631
f 3634/3634/3634 3633/3633/3633 3631/3631/3631
f 3637/3637/3637 3636/3636/3636 3635/3635/3635
f 3638/3638/3638 3637/3637/3637 3635/3635/3635
f 3641/3641/3641 3640/3640/3640 3639/3639/3639
f 3642/3642/3642 3641/3641/3641 3639/3639/3639
f 3645/3645/3645 3644/3644/3644 3643/3643/3643
f 3646/3646/3646 3645/3645/3645 3643/3643/3643
f 3649/3649/3649 3648/3648/3648 3647/3647/3647
f 3650/3650/3650 3649/3649/3649 3647/3647/3647
f 3653/3653/3653 3652/3652/3652 3651/3651/3651
f 3654/3654/3654 3653/3653/3653 3651/3651/3651
f 3657/3657/3657 3656/3656/3656 3655/3655/3655
f 3658/3658/3658 3657/3657/3657 3655/3655/3655
f 3661/3661/3661 3660/3660/3660 3659/3659/3659
f 3662/3662/3662 3661/3661/3661 3659/3659/3659
f 3665/3665/3665 3664/3664/3664 3663/3663/3663
f 3666/3666/3666 3665/3665/3665 3663/3663/3663
f 3669/3669/3669 3668/3668/3668 3667/3667/3667
f 3670/3670/3670 3669/3669/3669 3667/3667/3667
f 3673/3673/3673 3672/3672/3672 3671/3671/3671
f 3674/3674/3674 3673/3673/3673 3671/3671/3671
f 3677/3677/3677 3676/3676/3676 3675/3675/3675
f 3678/3678/3678 3677/3677/3677 3675/3675/3675
f 3681/3681/3681 3680/3680/3680 3679/3679/3679
f 3682/3682/3682 3681/3681/3681 3679/3679/3679
f 3685/3685/3685 3684/3684/3684 3683/3683/3683
f 3686/3686/3686 3685/3685/3685 3683/3683/3683
f 3689/3689/3689 3688/3688/3688 3687/3687/3687
f 3690/3690/3690 3689/3689/3689 3687/3687/3687
f 3693/3693/3693 3692/3692/3692 3691/3691/3691
f 3694/3694/3694 3693/3693/3693 3691/3691/3691
f 3697/3697/3697 3696/3696/3696 3695/3695/3695
f 3698/3698/3698 3697/3697/3697 3695/3695/3695
f 3701/3701/3701 3700/3700/3700 3699/3699/3699
f 3702/3702/3702 3701/3701/3701 3699/3699/3699
f 3705/3705/3705 3704/3704/3704 3703/3703/3703
f 3706/3706/3706 3705/3705/3705 3703/3703/3703
f 3709/3709/3709 3708/3708/3708 3707/3707/3707
f 3710/3710/3710 3709/3709/3709 3707/3707/3707
f 3713/3713/3713 3712/3712/3712 3711/3711/3711
f 3714/3714/3714 3713/3713/3713 3711/3711/3711
f 3717/3717/3717 3716/3716/3716 3715/3715/3715
f 3718/3718/3718 3717/3717/3717 3715/3715/3715
f 3721/3721/3721 3720/3720/3720 3719/3719/3719
f 3722/3722/3722 3721/3721/3721 3719/3719/3719
f 3725/3725/3725 3724/3724/3724 3723/3723/3723
f 3726/3726/3726 3725/3725/3725 3723/3723/3723
f 3727/3727/3727 3725/3725/3725 3726/3726/3726
f 3728/3728/3728 3727/3727/3727 3726/3726/3726
f 3731/3731/3731 3730/3730/3730 3729/3729/3729
f 3732/3732/3732 3731/3731/3731 3729/3729/3729
f 3735/3735/3735 3734/3734/3734 3733/3733/3733
f 3736/3736/3736 3735/3735/3735 3733/3733/3733
f 3739/3739/3739 3738/3738/3738 3737/3737/3737
f 3740/3740/3740 3739/3739/3739 3737/3737/3737
f 3743/3743/3743 3742/3742/3742 3741/3741/3741
f 3744/3744/3744 3743/3743/3743 3741/3741/3741
f 3747/3747/3747 3746/3746/3746 3745/3745/3745
f 3748/3748/3748 3747/3747/3747 3745/3745/3745
f 3751/3751/3751 3750/3750/3750 3749/3749/3749
f 3752/3752/3752 3751/3751/3751 3749/3749/3749
f 3755/3755/3755 3754/3754/3754 3753/3753/3753
f 3756/3756/3756 3755/3755/3755 3753/3753/3753
f 3759/3759/3759 3758/3758/3758 3757/3757/3757
f 3760/3760/3760 3759/3759/3759 3757/3757/3757
f 3763/3763/3763 3762/3762/3762 3761/3761/3761
f 3764/3764/3764 3763/3763/3763 3761/3761/3761
f 3767/3767/3767 3766/3766/3766 3765/3765/3765
f 3768/3768/3768 3767/3767/3767 3765/3765/3765
f 3771/3771/3771 3770/3770/3770 3769/3769/3769
f 3772/3772/3772 3771/3771/3771 3769/3769/3769
f 3775/3775/3775 3774/3774/3774 3773/3773/3773
f 3776/3776/3776 3775/3775/3775 3773/3773/3773
f 3779/3779/3779 3778/3778/3778 3777/3777/3777
f 3780/3780/3780 3779/3779/3779 3777/3777/3777
f 3783/3783/3783 3782/3782/3782 3781/3781/3781
f 3784/3784/3784 3783/3783/3783 3781/3781/3781
f 3787/3787/3787 3786/3786/3786 3785/3785/3785
f 3788/3788/3788 3787/3787/3787 3785/3785/3785
f 3791/3791/3791 3790/3790/3790 3789/3789/3789
f 3792/3792/3792 3791/3791/3791 3789/3789/3789
f 3795/3795/3795 3794/3794/3794 3793/3793/3793
f 3796/3796/3796 3795/3795/3795 3793/3793/3793
f 3799/3799/3799 3798/3798/3798 3797/3797/3797
f 3800/3800/3800 3799/3799/3799 3797/3797/3797
f 3803/3803/3803 3802/3802/3802 3801/3801/3801
f 3804/3804/3804 3803/3803/3803 3801/3801/3801
f 3807/3807/3807 3806/3806/3806 3805/3805/3805
f 3808/3808/3808 3807/3807/3807 3805/3805/3805
f 3811/3811/3811 3810/3810/3810 3809/3809/3809
f 3812/3812/3812 3811/3811/3811 3809/3809/3809
f 3815/3815/3815 3814/3814/3814 3813/3813/3813
f 3816/3816/3816 3815/3815/3815 3813/3813/3813
f 3819/3819/3819 3818/3818/3818 3817/3817/3817
f 3820/3820/3820 3819/3819/3819 3817/3817/3817
f 3823/3823/3823 3822/3822/3822 3821/3821/3821
f 3824/3824/3824 3823/3823/3823 3821/3821/3821
f 3827/3827/3827 3826/3826/3826 3825/3825/3825
f 3828/3828/3828 3827/3827/3827 3825/3825/3825
f 3831/3831/3831 3830/3830/3830 3829/3829/3829
f 3832/3832/3832 3831/3831/3831 3829/3829/3829
f 3835/3835/3835 3834/3834/3834 3833/3833/3833
f 3836/3836/3836 3835/3835/3835 3833/3833/3833
f 3839/3839/3839 3838/3838/3838 3837/3837/3837
f 3840/3840/3840 3839/3839/3839 3837/3837/3837
f 3843/3843/3843 3842/3842/3842 3841/3841/3841
f 3844/3844/3844 3843/3843/3843 3841/3841/3841
f 3847/3847/3847 3846/3846/3846 3845/3845/3845
f 3848/3848/3848 3847/3847/3847 3845/3845/3845
f 3851/3851/3851 3850/3850/3850 3849/3849/3849
f 3852/3852/3852 3851/3851/3851 3849/3849/3849
f 3855/3855/3855 3854/3854/3854 3853/3853/3853
f 3856/3856/3856 3855/3855/3855 3853/3853/3853
f 3859/3859/3859 3858/3858/3858 3857/3857/3857
f 3860/3860/3860 3859/3859/3859 3857/3857/3857
f 3863/3863/3863 3862/3862/3862 3861/3861/3861
f 3864/3864/3864 3863/3863/3863 3861/3861/3861
f 3867/3867/3867 3866/3866/3866 3865/3865/3865
f 3868/3868/3868 3867/3867/3867 3865/3865/3865
f 3871/3871/3871 3870/3870/3870 3869/3869/3869
f 3872/3872/3872 3871/3871/3871 3869/3869/3869
f 3875/3875/3875 3874/3874/3874 3873/3873/3873
f 3876/3876/3876 3875/3875/3875 3873/3873/3873
f 3879/3879/3879 3878/3878/3878 3877/3877/3877
f 3880/3880/3880 3879/3879/3879 3877/3877/3877
f 3883/3883/3883 3882/3882/3882 3881/3881/3881
f 3884/3884/3884 3883/3883/3883 3881/3881/3881
f 3887/3887/3887 3886/3886/3886 3885/3885/3885
f 3888/3888/3888 3887/3887/3887 3885/3885/3885
f 3891/3891/3891 3890/3890/3890 3889/3889/3889
f 3892/3892/3892 3891/3891/3891 3889/3889/3889
f 3895/3895/3895 3894/3894/3894 3893/3893/3893
f 3896/3896/3896 3895/3895/3895 3893/3893/3893
f 3899/3899/3899 3898/3898/3898 3897/3897/3897
f 3900/3900/3900 3899/3899/3899 3897/3897/3897
f 3903/3903/3903 3902/3902/3902 3901/3901/3901
f 3904/3904/3904 3903/3903/3903 3901/3901/3901
f 3907/3907/3907 3906/3906/3906 3905/3905/3905
f 3908/3908/3908 3907/3907/3907 3905/3905/3905
f 3911/3911/3911 3910/3910/3910 3909/3909/3909
f 3912/3912/3912 3911/3911/3911 3909/3909/3909
f 3915/3915/3915 3914/3914/3914 3913/3913/3913
f 3916/3916/3916 3915/3915/3915 3913/3913/3913
f 3919/3919/3919 3918/3918/3918 3917/3917/3917
f 3920/3920/3920 3919/3919/3919 3917/3917/3917
f 3923/3923/3923 3922/3922/3922 3921/3921/3921
f 3924/3924/3924 3923/3923/3923 3921/3921/3921
f 3927/3927/3927 3926/3926/3926 3925/3925/3925
f 3928/3928/3928 3927/3927/3927 3925/3925/3925
f 3931/3931/3931 3930/3930/3930 3929/3929/3929
f 3932/3932/3932 3931/3931/3931 3929/3929/3929
f 3935/3935/3935 3934/3934/3934 3933/3933/3933
f 3936/3936/3936 3935/3935/3935 3933/3933/3933
f 3939/3939/3939 3938/3938/3938 3937/3937/3937
f 3940/3940/3940 3939/3939/3939 3937/3937/3937
f 3943/3943/3943 3942/3942/3942 3941/3941/3941
f 3944/3944/3944 3943/3943/3943 3941/3941/3941
f 3947/3947/3947 3946/3946/3946 3945/3945/3945
f 3948/3948/3948 3947/3947/3947 3945/3945/3945
f 3951/3951/3951 3950/3950/3950 3949/3949/3949
f 3952/3952/3952 3951/3951/3951 3949/3949/3949
f 3955/3955/3955 3954/3954/3954 3953/3953/3953
f 3956/3956/3956 3955/3955/3955 3953/3953/3953
f 3959/3959/3959 3958/3958/3958 3957/3957/3957
f 3960/3960/3960 3959/3959/3959 3957/3957/3957
f 3963/3963/3963 3962/3962/3962 3961/3961/3961
f 3964/3964/3964 3963/3963/3963 3961/3961/3961
f 3967/3967/3967 3966/3966/3966 3965/3965/3965
f 3968/3968/3968 3967/3967/3967 3965/3965/3965
f 3971/3971/3971 3970/3970/3970 3969/3969/3969
f 3972/3972/3972 3971/3971/3971 3969/3969/3969
f 3975/3975/3975 3974/3974/3974 3973/3973/3973
f 3976/3976/3976 3975/3975/3975 3973/3973/3973
f 3979/3979/3979 3978/3978/3978 3977/3977/3977
f 3980/3980/3980 3979/3979/3979 3977/3977/3977
f 3983/3983/3983 3982/3982/3982 3981/3981/3981
f 3984/3984/3984 3983/3983/3983 3981/3981/3981
f 3987/3987/3987 3986/3986/3986 3985/3985/3985
f 3988/3988/3988 3987/3987/3987 3985/3985/3985
f 3991/3991/3991 3990/3990/3990 3989/3989/3989
f 3992/3992/3992 3991/3991/3991 3989/3989/3989
f 3995/3995/3995 3994/3994/3994 3993/3993/3993
f 3996/3996/3996 3995/3995/3995 3993/3993/3993
f 3999/3999/3999 3998/3998/3998 3997/3997/3997
f 4000/4000/4000 3999/3999/3999 3997/3997/3997
f 4003/4003/4003 4002/4002/4002 4001/4001/4001
f 4004/4004/4004 4003/4003/4003 4001/4001/4001
f 4007/4007/4007 4006/4006/4006 4005/4005/4005
f 4008/4008/4008 4007/4007/4007 4005/4005/4005
f 4011/4011/4011 4010/4010/4010 4009/4009/4009
f 4012/4012/4012 4011/4011/4011 4009/4009/4009
f 4015/4015/4015 4014/4014/4014 4013/4013/4013
f 4016/4016/4016 4015/4015/4015 4013/4013/4013
f 4019/4019/4019 4018/4018/4018 4017/4017/4017
f 4020/4020/4020 4019/4019/4019 4017/4017/4017
f 4023/4023/4023 4022/4022/4022 4021/4021/4021
f 4024/4024/4024 4023/4023/4023 4021/4021/4021
f 4027/4027/4027 4026/4026/4026 4025/4025/4025
f 4028/4028/4028 4027/4027/4027 4025/4025/4025
f 4031/4031/4031 4030/4030/4030 4029/4029/4029
f 4032/4032/4032 4031/4031/4031 4029/4029/4029
f 4035/4035/4035 4034/4034/4034 4033/4033/4033
f 4036/4036/4036 4035/4035/4035 4033/4033/4033
f 4039/4039/4039 4038/4038/4038 4037/4037/4037
f 4040/4040/4040 4039/4039/4039 4037/4037/4037
f 4043/4043/4043 4042/4042/4042 4041/4041/4041
f 4044/4044/4044 4043/4043/4043 4041/4041/4041
f 4047/4047/4047 4046/4046/4046 4045/4045/4045
f 4048/4048/4048 4047/4047/4047 4045/4045/4045
f 4051/4051/4051 4050/4050/4050 4049/4049/4049
f 4052/4052/4052 4051/4051/4051 4049/4049/4049
f 4055/4055/4055 4054/4054/4054 4053/4053/4053
f 4056/4056/4056 4055/4055/4055 4053/4053/4053
f 4059/4059/4059 4058/4058/4058 4057/4057/4057
f 4060/4060/4060 4059/4059/4059 4057/4057/4057
f 4063/4063/4063 4062/4062/4062 4061/4061/4061
f 4064/4064/4064 4063/4063/4063 4061/4061/4061
f 4067/4067/4067 4066/4066/4066 4065/4065/4065
f 4068/4068/4068 4067/4067/4067 4065/4065/4065
f 4071/4071/4071 4070/4070/4070 4069/4069/4069
f 4072/4072/4072 4071/4071/4071 4069/4069/4069
f 4075/4075/4075 4074/4074/4074 4073/4073/4073
f 4076/4076/4076 4075/4075/4075 4073/4073/4073
f 4079/4079/4079 4078/4078/4078 4077/4077/4077
f 4080/4080/4080 4079/4079/4079 4077/4077/4077
f 4083/4083/4083 4082/4082/4082 4081/4081/4081
f 4082/4082/4082 4084/4084/4084 4081/4081/4081
f 4085/4085/4085 4081/4081/4081 4084/4084/4084
f 4086/4086/4086 4085/4085/4085 4084/4084/4084
f 4086/4086/4086 4087/4087/4087 4085/4085/4085
f 4087/4087/4087 4088/4088/4088 4085/4085/4085
f 4088/4088/4088 4087/4087/4087 4089/4089/4089
f 4087/4087/4087 1608/1608/1608 4089/4089/4089
f 4089/4089/4089 1608/1608/1608 4090/4090/4090
f 4090/4090/4090 1608/1608/1608 1607/1607/1607
f 1605/1605/1605 4090/4090/4090 1607/1607/1607
f 4086/4086/4086 4091/4091/4091 4087/4087/4087
f 4091/4091/4091 4092/4092/4092 4087/4087/4087
f 1608/1608/1608 4087/4087/4087 4092/4092/4092
f 4093/4093/4093 1608/1608/1608 4092/4092/4092
f 1608/1608/1608 4093/4093/4093 1606/1606/1606
f 4094/4094/4094 4091/4091/4091 4086/4086/4086
f 4095/4095/4095 4094/4094/4094 4086/4086/4086
f 4094/4094/4094 4095/4095/4095 4096/4096/4096
f 4097/4097/4097 4094/4094/4094 4096/4096/4096
f 4099/4099/4099 723/723/723 4098/4098/4098
f 722/722/722 723/723/723 4099/4099/4099
f 4102/4102/4102 4101/4101/4101 4100/4100/4100
f 4103/4103/4103 4100/4100/4100 4101/4101/4101
f 2581/2581/2581 4100/4100/4100 4103/4103/4103
f 2580/2580/2580 2581/2581/2581 4103/4103/4103
f 4106/4106/4106 4105/4105/4105 4104/4104/4104
f 4107/4107/4107 4106/4106/4106 4104/4104/4104
f 4110/4110/4110 4109/4109/4109 4108/4108/4108
f 4111/4111/4111 4110/4110/4110 4108/4108/4108
f 4114/4114/4114 4113/4113/4113 4112/4112/4112
f 4115/4115/4115 4114/4114/4114 4112/4112/4112
f 4118/4118/4118 4117/4117/4117 4116/4116/4116
f 4119/4119/4119 4118/4118/4118 4116/4116/4116
f 4122/4122/4122 4121/4121/4121 4120/4120/4120
f 4123/4123/4123 4122/4122/4122 4120/4120/4120
f 4126/4126/4126 4125/4125/4125 4124/4124/4124
f 4127/4127/4127 4126/4126/4126 4124/4124/4124
f 4130/4130/4130 4129/4129/4129 4128/4128/4128
f 4131/4131/4131 4130/4130/4130 4128/4128/4128
f 4134/4134/4134 4133/4133/4133 4132/4132/4132
f 4135/4135/4135 4134/4134/4134 4132/4132/4132
f 4138/4138/4138 4137/4137/4137 4136/4136/4136
f 4139/4139/4139 4138/4138/4138 4136/4136/4136
f 4142/4142/4142 4141/4141/4141 4140/4140/4140
f 4143/4143/4143 4142/4142/4142 4140/4140/4140
f 4146/4146/4146 4145/4145/4145 4144/4144/4144
f 4147/4147/4147 4146/4146/4146 4144/4144/4144
f 4150/4150/4150 4149/4149/4149 4148/4148/4148
f 4151/4151/4151 4150/4150/4150 4148/4148/4148
f 4154/4154/4154 4153/4153/4153 4152/4152/4152
f 4155/4155/4155 4154/4154/4154 4152/4152/4152
f 4158/4158/4158 4157/4157/4157 4156/4156/4156
f 4159/4159/4159 4158/4158/4158 4156/4156/4156
f 4162/4162/4162 4161/4161/4161 4160/4160/4160
f 4163/4163/4163 4162/4162/4162 4160/4160/4160
f 4166/4166/4166 4165/4165/4165 4164/4164/4164
f 4167/4167/4167 4166/4166/4166 4164/4164/4164
f 4170/4170/4170 4169/4169/4169 4168/4168/4168
f 4171/4171/4171 4170/4170/4170 4168/4168/4168
f 4174/4174/4174 4173/4173/4173 4172/4172/4172
f 4175/4175/4175 4174/4174/4174 4172/4172/4172
f 4178/4178/4178 4177/4177/4177 4176/4176/4176
f 4179/4179/4179 4178/4178/4178 4176/4176/4176
f 4182/4182/4182 4181/4181/4181 4180/4180/4180
f 4183/4183/4183 4182/4182/4182 4180/4180/4180
f 4186/4186/4186 4185/4185/4185 4184/4184/4184
f 4187/4187/4187 4186/4186/4186 4184/4184/4184
f 4190/4190/4190 4189/4189/4189 4188/4188/4188
f 4191/4191/4191 4190/4190/4190 4188/4188/4188
f 4194/4194/4194 4193/4193/4193 4192/4192/4192
f 4195/4195/4195 4194/4194/4194 4192/4192/4192
f 4198/4198/4198 4197/4197/4197 4196/4196/4196
f 4199/4199/4199 4198/4198/4198 4196/4196/4196
f 4202/4202/4202 4201/4201/4201 4200/4200/4200
f 4203/4203/4203 4202/4202/4202 4200/4200/4200
f 4206/4206/4206 4205/4205/4205 4204/4204/4204
f 4207/4207/4207 4206/4206/4206 4204/4204/4204
f 4210/4210/4210 4209/4209/4209 4208/4208/4208
f 4211/4211/4211 4210/4210/4210 4208/4208/4208
f 4214/4214/4214 4213/4213/4213 4212/4212/4212
f 4215/4215/4215 4214/4214/4214 4212/4212/4212
f 4218/4218/4218 4217/4217/4217 4216/4216/4216
f 4219/4219/4219 4218/4218/4218 4216/4216/4216
f 4222/4222/4222 4221/4221/4221 4220/4220/4220
f 4223/4223/4223 4222/4222/4222 4220/4220/4220
f 4226/4226/4226 4225/4225/4225 4224/4224/4224
f 4224/4224/4224 4227/4227/4227 4226/4226/4226
f 4224/4224/4224 4228/4228/4228 4227/4227/4227
f 4228/4228/4228 4229/4229/4229 4227/4227/4227
f 4232/4232/4232 4231/4231/4231 4230/4230/4230
f 4230/4230/4230 4233/4233/4233 4232/4232/4232
f 4233/4233/4233 4234/4234/4234 4232/4232/4232
f 4237/4237/4237 4236/4236/4236 4235/4235/4235
f 4238/4238/4238 4237/4237/4237 4235/4235/4235
f 4241/4241/4241 4240/4240/4240 4239/4239/4239
f 4242/4242/4242 4241/4241/4241 4239/4239/4239
f 4245/4245/4245 4244/4244/4244 4243/4243/4243
f 4246/4246/4246 4245/4245/4245 4243/4243/4243
f 4249/4249/4249 4248/4248/4248 4247/4247/4247
f 4250/4250/4250 4249/4249/4249 4247/4247/4247
f 4253/4253/4253 4252/4252/4252 4251/4251/4251
f 4254/4254/4254 4253/4253/4253 4251/4251/4251
f 4257/4257/4257 4256/4256/4256 4255/4255/4255
f 4258/4258/4258 4257/4257/4257 4255/4255/4255
f 4261/4261/4261 4260/4260/4260 4259/4259/4259
f 4262/4262/4262 4261/4261/4261 4259/4259/4259
f 4265/4265/4265 4264/4264/4264 4263/4263/4263
f 4266/4266/4266 4265/4265/4265 4263/4263/4263
f 4269/4269/4269 4268/4268/4268 4267/4267/4267
f 4270/4270/4270 4269/4269/4269 4267/4267/4267
f 4273/4273/4273 4272/4272/4272 4271/4271/4271
f 4274/4274/4274 4273/4273/4273 4271/4271/4271
f 4277/4277/4277 4276/4276/4276 4275/4275/4275
f 4278/4278/4278 4277/4277/4277 4275/4275/4275
f 4281/4281/4281 4280/4280/4280 4279/4279/4279
f 4282/4282/4282 4281/4281/4281 4279/4279/4279
f 4285/4285/4285 4284/4284/4284 4283/4283/4283
f 4286/4286/4286 4285/4285/4285 4283/4283/4283
f 4289/4289/4289 4288/4288/4288 4287/4287/4287
f 4290/4290/4290 4289/4289/4289 4287/4287/4287
f 4293/4293/4293 4292/4292/4292 4291/4291/4291
f 4294/4294/4294 4293/4293/4293 4291/4291/4291
f 4297/4297/4297 4296/4296/4296 4295/4295/4295
f 4298/4298/4298 4297/4297/4297 4295/4295/4295
f 4301/4301/4301 4300/4300/4300 4299/4299/4299
f 4302/4302/4302 4301/4301/4301 4299/4299/4299
f 4305/4305/4305 4304/4304/4304 4303/4303/4303
f 4306/4306/4306 4305/4305/4305 4303/4303/4303
f 4309/4309/4309 4308/4308/4308 4307/4307/4307
f 4310/4310/4310 4309/4309/4309 4307/4307/4307
f 4313/4313/4313 4312/4312/4312 4311/4311/4311
f 4314/4314/4314 4313/4313/4313 4311/4311/4311
f 4317/4317/4317 4316/4316/4316 4315/4315/4315
f 4318/4318/4318 4317/4317/4317 4315/4315/4315
f 4321/4321/4321 4320/4320/4320 4319/4319/4319
f 4322/4322/4322 4321/4321/4321 4319/4319/4319
f 4325/4325/4325 4324/4324/4324 4323/4323/4323
f 4326/4326/4326 4325/4325/4325 4323/4323/4323
f 4329/4329/4329 4328/4328/4328 4327/4327/4327
f 4330/4330/4330 4329/4329/4329 4327/4327/4327
f 4333/4333/4333 4332/4332/4332 4331/4331/4331
f 4334/4334/4334 4333/4333/4333 4331/4331/4331
f 4337/4337/4337 4336/4336/4336 4335/4335/4335
f 4338/4338/4338 4337/4337/4337 4335/4335/4335
f 4341/4341/4341 4340/4340/4340 4339/4339/4339
f 4342/4342/4342 4341/4341/4341 4339/4339/4339
f 4345/4345/4345 4344/4344/4344 4343/4343/4343
f 4346/4346/4346 4345/4345/4345 4343/4343/4343
f 4349/4349/4349 4348/4348/4348 4347/4347/4347
f 4350/4350/4350 4349/4349/4349 4347/4347/4347
f 4353/4353/4353 4352/4352/4352 4351/4351/4351
f 4354/4354/4354 4353/4353/4353 4351/4351/4351
f 4357/4357/4357 4356/4356/4356 4355/4355/4355
f 4358/4358/4358 4357/4357/4357 4355/4355/4355
f 4361/4361/4361 4360/4360/4360 4359/4359/4359
f 4362/4362/4362 4361/4361/4361 4359/4359/4359
f 4365/4365/4365 4364/4364/4364 4363/4363/4363
f 4366/4366/4366 4365/4365/4365 4363/4363/4363
f 4369/4369/4369 4368/4368/4368 4367/4367/4367
f 4370/4370/4370 4369/4369/4369 4367/4367/4367
f 4373/4373/4373 4372/4372/4372 4371/4371/4371
f 4374/4374/4374 4373/4373/4373 4371/4371/4371
f 4377/4377/4377 4376/4376/4376 4375/4375/4375
f 4378/4378/4378 4377/4377/4377 4375/4375/4375
f 4381/4381/4381 4380/4380/4380 4379/4379/4379
f 4382/4382/4382 4381/4381/4381 4379/4379/4379
f 4385/4385/4385 4384/4384/4384 4383/4383/4383
f 4386/4386/4386 4385/4385/4385 4383/4383/4383
f 4389/4389/4389 4388/4388/4388 4387/4387/4387
f 4390/4390/4390 4389/4389/4389 4387/4387/4387
f 4393/4393/4393 4392/4392/4392 4391/4391/4391
f 4394/4394/4394 4393/4393/4393 4391/4391/4391
f 4397/4397/4397 4396/4396/4396 4395/4395/4395
f 4398/4398/4398 4397/4397/4397 4395/4395/4395
f 4401/4401/4401 4400/4400/4400 4399/4399/4399
f 4402/4402/4402 4401/4401/4401 4399/4399/4399
f 4405/4405/4405 4404/4404/4404 4403/4403/4403
f 4406/4406/4406 4405/4405/4405 4403/4403/4403
f 4409/4409/4409 4408/4408/4408 4407/4407/4407
f 4410/4410/4410 4409/4409/4409 4407/4407/4407
f 4413/4413/4413 4412/4412/4412 4411/4411/4411
f 4414/4414/4414 4413/4413/4413 4411/4411/4411
f 4417/4417/4417 4416/4416/4416 4415/4415/4415
f 4418/4418/4418 4417/4417/4417 4415/4415/4415
f 4421/4421/4421 4420/4420/4420 4419/4419/4419
f 4422/4422/4422 4421/4421/4421 4419/4419/4419
f 4425/4425/4425 4424/4424/4424 4423/4423/4423
f 4426/4426/4426 4425/4425/4425 4423/4423/4423
f 4429/4429/4429 4428/4428/4428 4427/4427/4427
f 4430/4430/4430 4429/4429/4429 4427/4427/4427
f 4433/4433/4433 4432/4432/4432 4431/4431/4431
f 4434/4434/4434 4433/4433/4433 4431/4431/4431
f 4437/4437/4437 4436/4436/4436 4435/4435/4435
f 4436/4436/4436 4438/4438/4438 4435/4435/4435
f 4436/4436/4436 4439/4439/4439 4438/4438/4438
f 4439/4439/4439 4440/4440/4440 4438/4438/4438
f 4443/4443/4443 4442/4442/4442 4441/4441/4441
f 4444/4444/4444 4443/4443/4443 4441/4441/4441
f 4447/4447/4447 4446/4446/4446 4445/4445/4445
f 4448/4448/4448 4447/4447/4447 4445/4445/4445
f 4451/4451/4451 4450/4450/4450 4449/4449/4449
f 4452/4452/4452 4451/4451/4451 4449/4449/4449
f 4455/4455/4455 4454/4454/4454 4453/4453/4453
f 4456/4456/4456 4455/4455/4455 4453/4453/4453
f 4459/4459/4459 4458/4458/4458 4457/4457/4457
f 4460/4460/4460 4459/4459/4459 4457/4457/4457
f 4463/4463/4463 4462/4462/4462 4461/4461/4461
f 4464/4464/4464 4463/4463/4463 4461/4461/4461
f 4467/4467/4467 4466/4466/4466 4465/4465/4465
f 4468/4468/4468 4467/4467/4467 4465/4465/4465
f 4471/4471/4471 4470/4470/4470 4469/4469/4469
f 4472/4472/4472 4471/4471/4471 4469/4469/4469
f 4475/4475/4475 4474/4474/4474 4473/4473/4473
f 4476/4476/4476 4475/4475/4475 4473/4473/4473
f 4479/4479/4479 4478/4478/4478 4477/4477/4477
f 4480/4480/4480 4479/4479/4479 4477/4477/4477
f 4483/4483/4483 4482/4482/4482 4481/4481/4481
f 4484/4484/4484 4483/4483/4483 4481/4481/4481
f 4487/4487/4487 4486/4486/4486 4485/4485/4485
f 4488/4488/4488 4487/4487/4487 4485/4485/4485
f 4491/4491/4491 4490/4490/4490 4489/4489/4489
f 4492/4492/4492 4491/4491/4491 4489/4489/4489
f 4495/4495/4495 4494/4494/4494 4493/4493/4493
f 4496/4496/4496 4495/4495/4495 4493/4493/4493
f 4499/4499/4499 4498/4498/4498 4497/4497/4497
f 4500/4500/4500 4499/4499/4499 4497/4497/4497
f 4503/4503/4503 4502/4502/4502 4501/4501/4501
f 4504/4504/4504 4503/4503/4503 4501/4501/4501
f 4507/4507/4507 4506/4506/4506 4505/4505/4505
f 4508/4508/4508 4507/4507/4507 4505/4505/4505
f 4511/4511/4511 4510/4510/4510 4509/4509/4509
f 4512/4512/4512 4511/4511/4511 4509/4509/4509
f 4515/4515/4515 4514/4514/4514 4513/4513/4513
f 4516/4516/4516 4515/4515/4515 4513/4513/4513
f 4519/4519/4519 4518/4518/4518 4517/4517/4517
f 4520/4520/4520 4519/4519/4519 4517/4517/4517
f 4523/4523/4523 4522/4522/4522 4521/4521/4521
f 4524/4524/4524 4523/4523/4523 4521/4521/4521
f 4527/4527/4527 4526/4526/4526 4525/4525/4525
f 4528/4528/4528 4527/4527/4527 4525/4525/4525
f 4531/4531/4531 4530/4530/4530 4529/4529/4529
f 4532/4532/4532 4531/4531/4531 4529/4529/4529
f 4535/4535/4535 4534/4534/4534 4533/4533/4533
f 4536/4536/4536 4535/4535/4535 4533/4533/4533
f 4539/4539/4539 4538/4538/4538 4537/4537/4537
f 4540/4540/4540 4539/4539/4539 4537/4537/4537
f 4543/4543/4543 4542/4542/4542 4541/4541/4541
f 4544/4544/4544 4543/4543/4543 4541/4541/4541
f 4547/4547/4547 4546/4546/4546 4545/4545/4545
f 4548/4548/4548 4547/4547/4547 4545/4545/4545
f 4551/4551/4551 4550/4550/4550 4549/4549/4549
f 4552/4552/4552 4551/4551/4551 4549/4549/4549
f 4555/4555/4555 4554/4554/4554 4553/4553/4553
f 4556/4556/4556 4555/4555/4555 4553/4553/4553
f 4559/4559/4559 4558/4558/4558 4557/4557/4557
f 4560/4560/4560 4559/4559/4559 4557/4557/4557
f 4563/4563/4563 4562/4562/4562 4561/4561/4561
f 4564/4564/4564 4563/4563/4563 4561/4561/4561
f 4567/4567/4567 4566/4566/4566 4565/4565/4565
f 4568/4568/4568 4567/4567/4567 4565/4565/4565
f 4571/4571/4571 4570/4570/4570 4569/4569/4569
f 4572/4572/4572 4571/4571/4571 4569/4569/4569
f 4575/4575/4575 4574/4574/4574 4573/4573/4573
f 4576/4576/4576 4575/4575/4575 4573/4573/4573
f 4579/4579/4579 4578/4578/4578 4577/4577/4577
f 4580/4580/4580 4579/4579/4579 4577/4577/4577
f 4583/4583/4583 4582/4582/4582 4581/4581/4581
f 4584/4584/4584 4583/4583/4583 4581/4581/4581
f 4587/4587/4587 4586/4586/4586 4585/4585/4585
f 4588/4588/4588 4587/4587/4587 4585/4585/4585
f 4591/4591/4591 4590/4590/4590 4589/4589/4589
f 4592/4592/4592 4591/4591/4591 4589/4589/4589
f 4595/4595/4595 4594/4594/4594 4593/4593/4593
f 4596/4596/4596 4595/4595/4595 4593/4593/4593
f 4599/4599/4599 4598/4598/4598 4597/4597/4597
f 4600/4600/4600 4599/4599/4599 4597/4597/4597
f 4603/4603/4603 4602/4602/4602 4601/4601/4601
f 4604/4604/4604 4603/4603/4603 4601/4601/4601
f 4607/4607/4607 4606/4606/4606 4605/4605/4605
f 4608/4608/4608 4607/4607/4607 4605/4605/4605
f 4611/4611/4611 4610/4610/4610 4609/4609/4609
f 4612/4612/4612 4611/4611/4611 4609/4609/4609
f 4615/4615/4615 4614/4614/4614 4613/4613/4613
f 4616/4616/4616 4615/4615/4615 4613/4613/4613
f 4619/4619/4619 4618/4618/4618 4617/4617/4617
f 4620/4620/4620 4619/4619/4619 4617/4617/4617
f 4623/4623/4623 4622/4622/4622 4621/4621/4621
f 4624/4624/4624 4623/4623/4623 4621/4621/4621
f 4627/4627/4627 4626/4626/4626 4625/4625/4625
f 4628/4628/4628 4627/4627/4627 4625/4625/4625
f 4631/4631/4631 4630/4630/4630 4629/4629/4629
f 4632/4632/4632 4631/4631/4631 4629/4629/4629
f 4635/4635/4635 4634/4634/4634 4633/4633/4633
f 4636/4636/4636 4635/4635/4635 4633/4633/4633
f 4639/4639/4639 4638/4638/4638 4637/4637/4637
f 4640/4640/4640 4639/4639/4639 4637/4637/4637
f 4643/4643/4643 4642/4642/4642 4641/4641/4641
f 4644/4644/4644 4643/4643/4643 4641/4641/4641
f 4647/4647/4647 4646/4646/4646 4645/4645/4645
f 4648/4648/4648 4647/4647/4647 4645/4645/4645
f 4651/4651/4651 4650/4650/4650 4649/4649/4649
f 4652/4652/4652 4651/4651/4651 4649/4649/4649
f 4655/4655/4655 4654/4654/4654 4653/4653/4653
f 4656/4656/4656 4655/4655/4655 4653/4653/4653
f 4659/4659/4659 4658/4658/4658 4657/4657/4657
f 4660/4660/4660 4659/4659/4659 4657/4657/4657
f 4663/4663/4663 4662/4662/4662 4661/4661/4661
f 4664/4664/4664 4663/4663/4663 4661/4661/4661
f 4667/4667/4667 4666/4666/4666 4665/4665/4665
f 4668/4668/4668 4667/4667/4667 4665/4665/4665
f 4671/4671/4671 4670/4670/4670 4669/4669/4669
f 4672/4672/4672 4671/4671/4671 4669/4669/4669
f 4675/4675/4675 4674/4674/4674 4673/4673/4673
f 4676/4676/4676 4675/4675/4675 4673/4673/4673
f 4679/4679/4679 4678/4678/4678 4677/4677/4677
f 4680/4680/4680 4679/4679/4679 4677/4677/4677
f 4683/4683/4683 4682/4682/4682 4681/4681/4681
f 4684/4684/4684 4683/4683/4683 4681/4681/4681
f 4687/4687/4687 4686/4686/4686 4685/4685/4685
f 4688/4688/4688 4687/4687/4687 4685/4685/4685
f 4691/4691/4691 4690/4690/4690 4689/4689/4689
f 4692/4692/4692 4691/4691/4691 4689/4689/4689
f 4695/4695/4695 4694/4694/4694 4693/4693/4693
f 4696/4696/4696 4695/4695/4695 4693/4693/4693
f 4699/4699/4699 4698/4698/4698 4697/4697/4697
f 4700/4700/4700 4699/4699/4699 4697/4697/4697
f 4703/4703/4703 4702/4702/4702 4701/4701/4701
f 4704/4704/4704 4703/4703/4703 4701/4701/4701
f 4707/4707/4707 4706/4706/4706 4705/4705/4705
f 4708/4708/4708 4707/4707/4707 4705/4705/4705
f 4711/4711/4711 4710/4710/4710 4709/4709/4709
f 4712/4712/4712 4711/4711/4711 4709/4709/4709
f 4715/4715/4715 4714/4714/4714 4713/4713/4713
f 4716/4716/4716 4715/4715/4715 4713/4713/4713
f 4719/4719/4719 4718/4718/4718 4717/4717/4717
f 4720/4720/4720 4719/4719/4719 4717/4717/4717
f 4723/4723/4723 4722/4722/4722 4721/4721/4721
f 4724/4724/4724 4723/4723/4723 4721/4721/4721
f 4727/4727/4727 4726/4726/4726 4725/4725/4725
f 4728/4728/4728 4727/4727/4727 4725/4725/4725
f 4731/4731/4731 4730/4730/4730 4729/4729/4729
f 4732/4732/4732 4731/4731/4731 4729/4729/4729
f 4735/4735/4735 4734/4734/4734 4733/4733/4733
f 4736/4736/4736 4735/4735/4735 4733/4733/4733
f 4739/4739/4739 4738/4738/4738 4737/4737/4737
f 4740/4740/4740 4739/4739/4739 4737/4737/4737
f 4743/4743/4743 4742/4742/4742 4741/4741/4741
f 4744/4744/4744 4743/4743/4743 4741/4741/4741
f 4747/4747/4747 4746/4746/4746 4745/4745/4745
f 4748/4748/4748 4747/4747/4747 4745/4745/4745
f 4751/4751/4751 4750/4750/4750 4749/4749/4749
f 4752/4752/4752 4751/4751/4751 4749/4749/4749
f 4755/4755/4755 4754/4754/4754 4753/4753/4753
f 4756/4756/4756 4755/4755/4755 4753/4753/4753
f 4759/4759/4759 4758/4758/4758 4757/4757/4757
f 4760/4760/4760 4759/4759/4759 4757/4757/4757
f 4763/4763/4763 4762/4762/4762 4761/4761/4761
f 4764/4764/4764 4763/4763/4763 4761/4761/4761
f 4767/4767/4767 4766/4766/4766 4765/4765/4765
f 4768/4768/4768 4767/4767/4767 4765/4765/4765
f 4771/4771/4771 4770/4770/4770 4769/4769/4769
f 4772/4772/4772 4771/4771/4771 4769/4769/4769
f 4775/4775/4775 4774/4774/4774 4773/4773/4773
f 4776/4776/4776 4775/4775/4775 4773/4773/4773
f 4779/4779/4779 4778/4778/4778 4777/4777/4777
f 4780/4780/4780 4779/4779/4779 4777/4777/4777
f 4783/4783/4783 4782/4782/4782 4781/4781/4781
f 4784/4784/4784 4783/4783/4783 4781/4781/4781
f 4787/4787/4787 4786/4786/4786 4785/4785/4785
f 4788/4788/4788 4787/4787/4787 4785/4785/4785
f 4791/4791/4791 4790/4790/4790 4789/4789/4789
f 4790/4790/4790 4792/4792/4792 4789/4789/4789
f 4795/4795/4795 4794/4794/4794 4793/4793/4793
f 4796/4796/4796 4795/4795/4795 4793/4793/4793
f 4793/4793/4793 4797/4797/4797 4796/4796/4796
f 4797/4797/4797 4798/4798/4798 4796/4796/4796
f 4799/4799/4799 4798/4798/4798 4797/4797/4797
f 4800/4800/4800 4799/4799/4799 4797/4797/4797
f 4799/4799/4799 4800/4800/4800 4801/4801/4801
f 2628/2628/2628 4799/4799/4799 4801/4801/4801
f 2628/2628/2628 4801/4801/4801 4802/4802/4802
f 2628/2628/2628 4802/4802/4802 2627/2627/2627
f 4802/4802/4802 2625/2625/2625 2627/2627/2627
f 4803/4803/4803 4798/4798/4798 4799/4799/4799
f 4804/4804/4804 4803/4803/4803 4799/4799/4799
f 4799/4799/4799 2628/2628/2628 4804/4804/4804
f 2628/2628/2628 4805/4805/4805 4804/4804/4804
f 4805/4805/4805 2628/2628/2628 2626/2626/2626
f 4803/4803/4803 4806/4806/4806 4798/4798/4798
f 4806/4806/4806 4807/4807/4807 4798/4798/4798
f 4807/4807/4807 4806/4806/4806 4808/4808/4808
f 4806/4806/4806 4809/4809/4809 4808/4808/4808
