g BoarHelm
v -0.000212351355 -0.00104937179 0.0201140717
v -0.000621557119 -0.000751852873 0.0200126376
v -0.000388661807 -0.000804881682 0.0201128386
v -0.000613156124 -0.000791359053 0.0199236032
v -0.000595688063 -0.001042302 0.0198143031
v -0.000244606257 -0.00124481542 0.0200578347
v -0.000946504297 -0.000518959132 0.0197810065
v -0.00110530213 -0.000722184603 0.0195865277
v -0.0011803885 -0.000990548171 0.0192727353
v -0.000748446502 -0.00116070011 0.0195936896
v -0.00104094006 -0.00108661456 0.0191311967
v -0.00122150022 -0.000327654619 0.0193748623
v -0.00114165433 -0.000169623265 0.0196692254
v -0.000843329064 -0.00136618211 0.0192739479
v -0.000704341976 -0.00158408249 0.0194965266
v -0.000614930177 -0.00147234625 0.0197443925
v -0.000499432383 -0.00170340121 0.0197931342
v -0.000594155048 -0.00177362806 0.0195369534
v -0.00124283752 -0.000588243071 0.0189690031
v -0.00125980529 -0.00027919194 0.0187271759
v -0.00125980529 -0.00027919194 0.0187271759
v 1.2711077E-05 8.30076624E-06 0.018787533
v -0.00117660174 0.000212800354 0.0186436214
v -0.000861222856 0.000965298968 0.0186208449
v 1.54262761E-05 0.00133025157 0.0187135786
v 0.000892323034 0.000965298968 0.0186208449
v 0.00120770186 0.000212800354 0.0186436214
v 0.00129090541 -0.00027919194 0.0187271759
v 0.00107204018 -0.00108661456 0.0191311967
v 0.00127393764 -0.000588243071 0.0189690031
v -0.00119279255 0.000158612645 0.0194092691
v -0.00105280487 0.000444841658 0.0190889779
v -0.000996427145 0.000392571674 0.0193712711
v -0.000854457205 0.000633542659 0.0194068067
v -0.00117660174 0.000212800354 0.0186436214
v -0.000755362795 0.000951487164 0.0190497357
v -0.000861222856 0.000965298968 0.0186208449
v 1.48291647E-05 -0.00109974365 0.0192841962
v 1.46414523E-05 -0.00125392317 0.0193365458
v -0.000843329064 -0.00136618211 0.0192739479
v -0.000215762862 0.00109108014 0.0192384683
v 1.32676605E-05 0.00114591443 0.0192671996
v 1.54262761E-05 0.00133025157 0.0187135786
v 0.000892323034 0.000965298968 0.0186208449
v 0.000246862997 0.00109108014 0.0192384683
v 1.38572323E-05 0.000946824381 0.019863043
v 0.000786462857 0.000951487164 0.0190497357
v 0.00120770186 0.000212800354 0.0186436214
v 0.00108390499 0.000444841658 0.0190889779
v 0.000885557383 0.000633542659 0.0194068067
v 0.00129090541 -0.00027919194 0.0187271759
v 0.00102752727 0.000392571674 0.0193712711
v 0.00122389267 0.000158612645 0.0194092691
v 0.00125260034 -0.000327654619 0.0193748623
v 0.00117275445 -0.000169623265 0.0196692254
v 0.00121148862 -0.000990548171 0.0192727353
v 0.00036015347 0.000843932736 0.0197945479
v 0.000658150238 0.000608507253 0.0198478866
v 0.00129202486 0.000580259075 0.0198305994
v 0.000181537616 0.000926548615 0.0198320262
v 0.000712600246 0.000252355996 0.0201384202
v 0.000273369573 0.00032159558 0.0203051921
v 0.000768518599 -4.61080672E-05 0.0201669335
v 1.42230692E-05 0.000360756792 0.0203112885
v 0.000173568493 0.000388967601 0.020282587
v 1.42230692E-05 0.000243351154 0.0203333702
v -0.000150437481 0.000926548615 0.0198320262
v 0.000302943954 1.74766028E-05 0.0203732625
v 0.000458508061 -0.000337616977 0.0203097537
v -0.000142468358 0.000388967601 0.020282587
v -0.00032905332 0.000843932736 0.0197945479
v -0.000242269423 0.00032159558 0.0203051921
v 1.42227364E-05 -2.54357601E-05 0.0203864388
v -0.00062705006 0.000608507253 0.0198478866
v -0.00126092474 0.000580259075 0.0198305994
v -0.000681500125 0.000252355996 0.0201384202
v -0.000737418421 -4.61080672E-05 0.0201669335
v -0.000271843805 1.74766028E-05 0.0203732625
v -0.000427407911 -0.000337616977 0.0203097537
v 1.42227364E-05 -0.000411796034 0.020426644
v -0.00115389808 0.000460937241 0.0200547781
v -0.00104505755 0.000147453102 0.0200997852
v -0.00136027928 0.000719922304 0.0194617268
v -0.00145016843 0.000665311061 0.0193761997
v -0.0015406051 0.000710464257 0.0196160115
v -0.00135902746 0.000549925084 0.019312758
v -0.000996427145 0.000392571674 0.0193712711
v -0.00134612527 0.000327360089 0.0193840861
v -0.00119279255 0.000158612645 0.0194092691
v -0.00151475414 0.000688524684 0.0198165085
v -0.00157998991 0.000664870604 0.0196621362
v -0.00152841932 0.000582356879 0.0194288492
v -0.00145780249 0.000595080084 0.0199393667
v -0.00157543935 0.000632981479 0.0198482964
v -0.00150223263 0.000564612274 0.019937925
v -0.00153920648 0.000556430954 0.0198482126
v -0.00125336077 0.000357925368 0.0200467147
v -0.00143425853 0.000441017357 0.0193790104
v -0.00154980714 0.000606027374 0.0196603797
v -0.00134601665 0.00043710848 0.019757146
v -0.00149578392 0.000491445127 0.0199304596
v -0.00136068882 0.000288466865 0.0199833382
v -0.00136068882 0.000288466865 0.0199833382
v -0.00126422034 0.000152467561 0.0200096034
v -0.00149965368 0.000529394893 0.0195014775
v -0.00144940463 0.000354663585 0.0194783062
v -0.00140242022 0.000166813203 0.0195152815
v -0.00125941809 -3.10843425E-05 0.0195954069
v -0.00116388651 0.000298495346 0.0197505429
v -0.00104184228 -5.54146609E-05 0.0199927259
v -0.00125670445 8.54846076E-05 0.0196574684
v -0.00140242022 0.000166813203 0.0195152815
v -0.00118546258 -0.000117989701 0.019781949
v -0.0011359374 -8.52994617E-06 0.0199660193
v -0.00104223588 -0.000149694344 0.0198645964
v -0.000822102535 -0.000169337727 0.0200746581
v -0.00090943143 -0.000262252433 0.0200456679
v -0.000629860151 -0.000494794105 0.0202982277
v -0.00101154612 -0.000304136862 0.0198399536
v -0.000771626132 -0.000521949842 0.0201234855
v -0.00074736547 -0.000596415484 0.0199764948
v -0.000805618358 -0.000502807496 0.0200272836
v -0.000622348685 -0.000740478572 0.0200596564
v -0.000699824013 -0.000666417996 0.0200553648
v -0.00072497566 -0.000628407637 0.0200802702
v -0.000462148659 -0.000799760805 0.0201320145
v -0.000388661807 -0.000804881682 0.0201128386
v -0.000411471643 -0.000773530221 0.0201618113
v -0.000420592143 -0.000698985416 0.0201585758
v -0.000475925597 -0.000696422067 0.0201091897
v -0.000568950898 -0.000656653952 0.0200790185
v -0.00062366866 -0.000628362817 0.0200969093
v -0.000538610446 -0.000707939907 0.0201432109
v -0.000475925597 -0.000696422067 0.0201091897
v -0.000420592143 -0.000698985416 0.0201585758
v -0.000484959804 -0.000674962765 0.0201927703
v -0.000516422908 -0.000646771397 0.0201869644
v -0.00060779677 -0.000595606747 0.0201383252
v -0.000689501583 -0.000635401811 0.020145582
v -0.000570671342 -0.000677946489 0.0202043857
v -0.000516422908 -0.000646771397 0.0201869644
v -0.000484959804 -0.000674962765 0.0201927703
v -0.000613472366 -0.000651854731 0.0202436149
v -0.000465703255 -0.000715242059 0.0202109516
v -0.000420592143 -0.000698985416 0.0201585758
v -0.000411471643 -0.000773530221 0.0201618113
v -0.000476793386 -0.000814938976 0.020280866
v -0.000406431558 -0.000921347644 0.0202056859
v -0.000388661807 -0.000804881682 0.0201128386
v -0.000476793386 -0.000814938976 0.020280866
v -0.00036480467 -0.00073065795 0.0203596279
v -0.000278127845 -0.000929263537 0.0202709399
v -0.000223506926 -0.000717198243 0.0203577206
v -0.000141118348 -0.00101174042 0.0201865137
v 1.42227364E-05 -0.000832171296 0.0203922428
v -0.000192976149 -0.00128802261 0.0201427285
v 0.000254607061 -0.000717198243 0.0203577206
v 1.4225051E-05 -0.00108376972 0.0202232767
v 1.42290164E-05 -0.00127886725 0.0201638304
v 0.000172218497 -0.00101174042 0.0201865137
v -0.000131843204 -0.00166198576 0.0200873315
v 1.42290164E-05 -0.00164854224 0.0201089028
v 0.000224076284 -0.00128802261 0.0201427285
v 0.00024345149 -0.00104937179 0.0201140717
v 0.000275706378 -0.00124481542 0.0200578347
v 0.000309227995 -0.000929263537 0.0202709399
v 0.000162943339 -0.00166198576 0.0200873315
v 0.000395904819 -0.00073065795 0.0203596279
v -0.000267819938 -0.00169006479 0.0199680589
v 1.42240588E-05 -0.00193413103 0.0201035254
v -0.000149405387 -0.00193081016 0.02008022
v 1.4222408E-05 -0.00220505986 0.0199940074
v -0.000255245599 -0.00191881589 0.0199025199
v 0.000180505522 -0.00193081016 0.02008022
v 0.000437531678 -0.000921347644 0.0202056859
v -0.000323581276 -0.00191748014 0.0197771993
v 0.000298920088 -0.00169006479 0.0199680589
v 0.000419761927 -0.000804881682 0.0201128386
v 0.000442571793 -0.000773530221 0.0201618113
v 0.000507893506 -0.000814938976 0.020280866
v 0.000507893506 -0.000814938976 0.020280866
v 0.000660960271 -0.000494794105 0.0202982277
v 0.000644572487 -0.000651854731 0.0202436149
v 0.000496803375 -0.000715242059 0.0202109516
v 0.000451692293 -0.000698985416 0.0201585758
v 0.000516059925 -0.000674962765 0.0201927703
v 0.000601771462 -0.000677946489 0.0202043857
v 0.000547523028 -0.000646771397 0.0201869644
v 0.00063889689 -0.000595606747 0.0201383252
v 0.000720601762 -0.000635401811 0.020145582
v 0.000802726252 -0.000521949842 0.0201234855
v 0.000853202713 -0.000169337727 0.0200746581
v 0.00094053155 -0.000262252433 0.0200456679
v 0.000756075839 -0.000628407637 0.0200802702
v 0.00107333611 -0.000149694344 0.0198645964
v 0.00104264624 -0.000304136862 0.0198399536
v 0.000836718536 -0.000502807496 0.0200272836
v 0.000654768781 -0.000628362817 0.0200969093
v 0.000730924134 -0.000666417996 0.0200553648
v 0.000778465648 -0.000596415484 0.0199764948
v 0.000569710624 -0.000707939907 0.0201432109
v 0.000547523028 -0.000646771397 0.0201869644
v 0.000516059925 -0.000674962765 0.0201927703
v 0.000451692293 -0.000698985416 0.0201585758
v 0.000507025747 -0.000696422067 0.0201091897
v 0.000600051018 -0.000656653952 0.0200790185
v 0.000653448864 -0.000740478572 0.0200596564
v 0.000507025747 -0.000696422067 0.0201091897
v 0.000977604417 -0.000518959132 0.0197810065
v 0.000652657298 -0.000751852873 0.0200126376
v 0.000493248808 -0.000799760805 0.0201320145
v 0.000451692293 -0.000698985416 0.0201585758
v 0.000442571793 -0.000773530221 0.0201618113
v 0.000419761927 -0.000804881682 0.0201128386
v 0.00113640225 -0.000722184603 0.0195865277
v 0.000644256244 -0.000791359053 0.0199236032
v 0.000626788184 -0.001042302 0.0198143031
v 0.000419761927 -0.000804881682 0.0201128386
v 0.000779546623 -0.00116070011 0.0195936896
v 0.000874429184 -0.00136618211 0.0192739479
v 0.000735442096 -0.00158408249 0.0194965266
v 0.000646030298 -0.00147234625 0.0197443925
v 0.000530532561 -0.00170340121 0.0197931342
v 0.000625255168 -0.00177362806 0.0195369534
v 0.000286345748 -0.00191881589 0.0199025199
v 0.000354681426 -0.00191748014 0.0197771993
v 0.000389529276 -0.00204672664 0.0198312886
v 0.000366070686 -0.0020224154 0.0197337233
v 0.000236428838 -0.00219679135 0.019947499
v 0.000450075633 -0.00192730292 0.0195835643
v 0.000453501678 -0.00221842621 0.0198105071
v 0.000407080224 -0.00192774425 0.0194927063
v 0.000312417396 -0.0020125329 0.0195320342
v 0.00048129214 -0.00225129095 0.0196191538
v 0.000527225144 -0.00171631481 0.0194984879
v 0.000400267134 -0.00170248619 0.0194729045
v 0.000735442096 -0.00158408249 0.0194965266
v 0.000612785574 -0.00161304616 0.0194873251
v 0.000578862149 -0.00156152889 0.0194367077
v 0.000695260765 -0.00151031429 0.0193911232
v 0.000874429184 -0.00136618211 0.0192739479
v 0.000382998027 -0.00241637859 0.0197169408
v 0.000412704947 -0.0023770961 0.0195955299
v 0.000422830752 -0.00220804778 0.0194913857
v 0.000269464654 -0.00199132436 0.0195021704
v 0.000276637002 -0.00182220084 0.0194854829
v 0.000183703567 -0.00246817712 0.0198022425
v 0.000326022448 -0.00231529027 0.0194671024
v 0.00036735725 -0.0021937727 0.0194580797
v 0.000501027855 -0.00249170326 0.0195577946
v 0.000360344828 -0.00239947601 0.0194491148
v 0.000439001975 -0.00252998318 0.0197247043
v 0.000245136267 -0.00259626168 0.0198151786
v 1.42220779E-05 -0.00261755707 0.0198825244
v 1.42214167E-05 -0.00247860164 0.019843109
v -0.000152603418 -0.00246817712 0.0198022425
v -0.000214036118 -0.00259626168 0.0198151786
v -0.000205328703 -0.00219679135 0.019947499
v -0.000351897877 -0.00241637859 0.0197169408
v -0.000407901854 -0.00252998318 0.0197247043
v -0.000469927734 -0.00249170326 0.0195577946
v -0.000358429126 -0.00204672664 0.0198312886
v -0.000422401528 -0.00221842621 0.0198105071
v -0.000334970537 -0.0020224154 0.0197337233
v -0.000381604797 -0.0023770961 0.0195955299
v -0.000418975484 -0.00192730292 0.0195835643
v -0.000450192019 -0.00225129095 0.0196191538
v -0.000294922327 -0.00231529027 0.0194671024
v -0.000329244678 -0.00239947601 0.0194491148
v -0.000281317276 -0.0020125329 0.0195320342
v -0.000391730631 -0.00220804778 0.0194913857
v -0.000375980104 -0.00192774425 0.0194927063
v -0.000238364519 -0.00199132436 0.0195021704
v -0.000336257101 -0.0021937727 0.0194580797
v -0.000298166648 -0.00230499916 0.0194133949
v -0.000496125023 -0.00171631481 0.0194984879
v -0.000369166984 -0.00170248619 0.0194729045
v -0.000704341976 -0.00158408249 0.0194965266
v -0.000581685454 -0.00161304616 0.0194873251
v -0.000547762029 -0.00156152889 0.0194367077
v -0.000664160587 -0.00151031429 0.0193911232
v -0.000245536852 -0.00182220084 0.0194854829
v -0.000231063605 -0.00216994784 0.0194521211
v -0.000215433713 -0.00225668098 0.0194144584
v -0.000209188365 -0.0020226629 0.0194587447
v -0.000265375711 -0.00235094363 0.0194007326
v -0.000167205537 -0.00216572545 0.0194607545
v 1.42290164E-05 -0.00218293443 0.0194280259
v -0.000115490533 -0.00235296576 0.019388143
v -0.000104609891 -0.00223861868 0.0194074679
v 1.42220779E-05 -0.0023726779 0.0193993766
v -0.000104286039 -0.00220169895 0.019439334
v 1.42267045E-05 -0.0022229203 0.0194081701
v -0.000130727829 -0.00242151367 0.0194444433
v 1.42220779E-05 -0.00245807832 0.0194759984
v -0.000144626363 -0.00245860592 0.0194998346
v -0.000274319755 -0.00245680567 0.0195006281
v -0.000469927734 -0.00249170326 0.0195577946
v -0.000406194624 -0.00251352484 0.0195857063
v -0.000407901854 -0.00252998318 0.0197247043
v -0.000347735215 -0.00254092808 0.0197140612
v -0.000214036118 -0.00259626168 0.0198151786
v -0.000157681861 -0.00246894988 0.0195495393
v -0.00024561648 -0.00247149821 0.0195588544
v -0.000293613324 -0.00250946544 0.0196181536
v -0.00014834918 -0.00240629842 0.0196296852
v -3.36852463E-05 -0.00248241983 0.0195348468
v -0.000278074294 -0.0025218071 0.0196815822
v -0.0001477107 -0.00251330365 0.0197194554
v -9.20960592E-05 -0.00253226515 0.0197741892
v 1.4222408E-05 -0.00253920676 0.019795008
v 1.42220779E-05 -0.00261755707 0.0198825244
v 0.000245136267 -0.00259626168 0.0198151786
v -7.53402201E-05 -0.00248466246 0.0195731185
v -2.11951974E-05 -0.0025075376 0.0196489468
v -6.38974525E-05 -0.00250104023 0.0196488313
v 1.42220779E-05 -0.00250549451 0.0196488108
v 0.000123196194 -0.00253226515 0.0197741892
v 5.22953342E-05 -0.0025075376 0.0196489468
v 0.000378835335 -0.00254092808 0.0197140612
v 0.000439001975 -0.00252998318 0.0197247043
v 6.47853885E-05 -0.00248241983 0.0195348468
v 0.000178810835 -0.00251330365 0.0197194554
v 0.000437294744 -0.00251352484 0.0195857063
v 0.000501027855 -0.00249170326 0.0195577946
v 0.000305419904 -0.00245680567 0.0195006281
v 0.000324713474 -0.00250946544 0.0196181536
v 0.000309174415 -0.0025218071 0.0196815822
v 0.00027671663 -0.00247149821 0.0195588544
v 0.000179449315 -0.00240629842 0.0196296852
v 9.49975947E-05 -0.00250104023 0.0196488313
v 0.000106440362 -0.00248466246 0.0195731185
v 0.000188782011 -0.00246894988 0.0195495393
v 0.000175726498 -0.00245860592 0.0194998346
v 0.000161827964 -0.00242151367 0.0194444433
v 0.000146590668 -0.00235296576 0.019388143
v 0.000135710026 -0.00223861868 0.0194074679
v 0.000135386173 -0.00220169895 0.019439334
v 0.000198305672 -0.00216572545 0.0194607545
v 0.000246533862 -0.00225668098 0.0194144584
v 0.000296475831 -0.00235094363 0.0194007326
v 0.000329266768 -0.00230499916 0.0194133949
v 0.000262163754 -0.00216994784 0.0194521211
v 0.0002402885 -0.0020226629 0.0194587447
v 1.39937174E-05 -0.00201434526 0.0194656625
v 1.3920022E-05 -0.00199578144 0.0194783006
v 1.38568994E-05 -0.00189418416 0.0194875374
v 1.38443429E-05 -0.00177274342 0.0194877721
v 1.3842031E-05 -0.00169725937 0.0194866527
v 1.38522755E-05 -0.00165607652 0.0194840822
v 1.38744153E-05 -0.00157833414 0.0194788482
v 1.40009888E-05 -0.00153664709 0.0194562357
v 1.41668879E-05 -0.00148984755 0.0194265414
v 1.44881096E-05 -0.00137947197 0.0193700884
v -0.00140567229 -0.000620062579 0.0177387632
v -0.00172541058 -0.000607093098 0.0168735031
v -0.00162129314 -0.000105146006 0.017244881
v -0.00138204976 -1.43571478E-05 0.0179191735
v -0.00134391256 -0.000680590631 0.0181140006
v -0.00150197581 0.0006275411 0.0174780786
v -0.00127681019 -0.00020493097 0.0183371548
v -0.00125546171 -0.000767235353 0.0185235329
v -0.00121922826 0.000302813947 0.0181482155
v -0.00130906038 0.0013901596 0.0176038984
v -0.00125980529 -0.00027919194 0.0187271759
v -0.00124283752 -0.000588243071 0.0189690031
v -0.00117660174 0.000212800354 0.0186436214
v -0.000861222856 0.000965298968 0.0186208449
v 1.55500693E-05 0.00213412824 0.0170978382
v 1.54262761E-05 0.00133025157 0.0187135786
v 0.000892323034 0.000965298968 0.0186208449
v 0.00134016061 0.0013901596 0.0176038984
v 0.00125032838 0.000302813947 0.0181482155
v 0.00153307582 0.0006275411 0.0174780786
v 0.00120770186 0.000212800354 0.0186436214
v 0.00141314976 -1.43571478E-05 0.0179191735
v 0.00165239326 -0.000105146006 0.017244881
v 0.00130791031 -0.00020493097 0.0183371548
v 0.00129090541 -0.00027919194 0.0187271759
v 0.00143677229 -0.000620062579 0.0177387632
v 0.0017565107 -0.000607093098 0.0168735031
v 0.00137501268 -0.000680590631 0.0181140006
v 0.00128656172 -0.000767235353 0.0185235329
v 0.00127393764 -0.000588243071 0.0189690031
v -0.00172541058 -0.000607093098 0.0168735031
v -0.00140567229 -0.000620062579 0.0177387632
v -0.0016960816 -0.000756067864 0.0164879002
v -0.00163094886 -0.000683752878 0.016464917
v -0.00130991277 -0.000578631472 0.0177135672
v 0.0017565107 -0.000607093098 0.0168735031
v 0.0017271816 -0.000756067864 0.0164879002
v 0.00143677229 -0.000620062579 0.0177387632
v 0.00134101289 -0.000578631472 0.0177135672
v 0.00166204898 -0.000683752878 0.016464917
v -0.00114294188 -0.000585755741 0.0189651717
v -0.00115972967 -0.000286976807 0.0187213551
v -0.00115584128 -0.00076775864 0.018510595
v -0.00117806951 -0.000215658714 0.0183187593
v -0.00124565943 -0.000681875274 0.018094914
v -0.0010806357 0.000184392615 0.0186320879
v -0.00128642749 -2.10163016E-05 0.0178876128
v -0.00130991277 -0.000578631472 0.0177135672
v -0.00112406025 0.000278323423 0.0181216467
v -0.000782534829 0.00089737965 0.0185811557
v -0.00152699614 -0.000104531631 0.0172111169
v -0.00163381279 -0.000561852241 0.0168403331
v -0.00163094886 -0.000683752878 0.016464917
v -0.00141005241 0.00061753043 0.0174391437
v -0.0012355221 0.00132841151 0.017546013
v 1.55523758E-05 0.00204116618 0.017046446
v 1.54319823E-05 0.00123315188 0.018665269
v 0.000813636405 0.000897378428 0.018581152
v 0.00126662233 0.00132841151 0.017546013
v 0.00115516037 0.000278323423 0.0181216467
v 0.00144115253 0.00061753043 0.0174391437
v 0.00111173582 0.000184392586 0.0186320879
v 0.00131752761 -2.10162998E-05 0.0178876128
v 0.00155809638 -0.000104531624 0.0172111169
v 0.00120916963 -0.000215658685 0.0183187593
v 0.00119082979 -0.000286976807 0.0187213551
v 0.0011869414 -0.000767758524 0.018510595
v 0.001174042 -0.000585755683 0.0189651717
v 0.00127675943 -0.000681875274 0.018094914
v 0.00134101289 -0.000578631472 0.0177135672
v 0.00166491279 -0.000561852183 0.0168403331
v 0.00166204898 -0.000683752878 0.016464917
v -0.00162129314 -0.000105146006 0.017244881
v -0.00141005241 0.00061753043 0.0174391437
v -0.00150197581 0.0006275411 0.0174780786
v -0.00152699614 -0.000104531631 0.0172111169
v -0.00172541058 -0.000607093098 0.0168735031
v -0.00163381279 -0.000561852241 0.0168403331
v 0.00165239326 -0.000105146006 0.017244881
v 0.00166491279 -0.000561852183 0.0168403331
v 0.0017565107 -0.000607093098 0.0168735031
v 0.00155809638 -0.000104531624 0.0172111169
v 0.00153307582 0.0006275411 0.0174780786
v 0.00144115253 0.00061753043 0.0174391437
v -0.00150197581 0.0006275411 0.0174780786
v -0.00141005241 0.00061753043 0.0174391437
v -0.0012355221 0.00132841151 0.017546013
v -0.00130906038 0.0013901596 0.0176038984
v 0.00134016061 0.0013901596 0.0176038984
v 0.00126662233 0.00132841151 0.017546013
v 0.00144115253 0.00061753043 0.0174391437
v 0.00153307582 0.0006275411 0.0174780786
v -0.00125980529 -0.00027919194 0.0187271759
v -0.00114294188 -0.000585755741 0.0189651717
v -0.00124283752 -0.000588243071 0.0189690031
v -0.00115972967 -0.000286976807 0.0187213551
v -0.00117660174 0.000212800354 0.0186436214
v -0.0010806357 0.000184392615 0.0186320879
v -0.000861222856 0.000965298968 0.0186208449
v -0.000782534829 0.00089737965 0.0185811557
v 1.54262761E-05 0.00133025157 0.0187135786
v 1.54319823E-05 0.00123315188 0.018665269
v 0.000892323034 0.000965298968 0.0186208449
v 0.000813636405 0.000897378428 0.018581152
v 0.00120770186 0.000212800354 0.0186436214
v 0.00111173582 0.000184392586 0.0186320879
v 0.00129090541 -0.00027919194 0.0187271759
v 0.00119082979 -0.000286976807 0.0187213551
v 0.00127393764 -0.000588243071 0.0189690031
v 0.001174042 -0.000585755683 0.0189651717
v 0.00143677229 -0.000620062579 0.0177387632
v 0.00134101289 -0.000578631472 0.0177135672
v 0.00127675943 -0.000681875274 0.018094914
v 0.00137501268 -0.000680590631 0.0181140006
v 0.0011869414 -0.000767758524 0.018510595
v 0.00128656172 -0.000767235353 0.0185235329
v 0.001174042 -0.000585755683 0.0189651717
v 0.00127393764 -0.000588243071 0.0189690031
v -0.00134391256 -0.000680590631 0.0181140006
v -0.00130991277 -0.000578631472 0.0177135672
v -0.00140567229 -0.000620062579 0.0177387632
v -0.00124565943 -0.000681875274 0.018094914
v -0.00125546171 -0.000767235353 0.0185235329
v -0.00115584128 -0.00076775864 0.018510595
v -0.00124283752 -0.000588243071 0.0189690031
v -0.00114294188 -0.000585755741 0.0189651717
v -0.00130906038 0.0013901596 0.0176038984
v -0.0012355221 0.00132841151 0.017546013
v 1.55523758E-05 0.00204116618 0.017046446
v 1.55500693E-05 0.00213412824 0.0170978382
v 0.00126662233 0.00132841151 0.017546013
v 0.00134016061 0.0013901596 0.0176038984
v 0.0017565107 -0.000607093098 0.0168735031
v 0.00166491279 -0.000561852183 0.0168403331
v 0.00166204898 -0.000683752878 0.016464917
v 0.0017271816 -0.000756067864 0.0164879002
v -0.0016960816 -0.000756067864 0.0164879002
v -0.00163094886 -0.000683752878 0.016464917
v -0.00163381279 -0.000561852241 0.0168403331
v -0.00172541058 -0.000607093098 0.0168735031
v 0.00152688415 0.000491445127 0.0199304596
v 0.00137711666 0.00043710848 0.019757146
v 0.00139178894 0.000288466865 0.0199833382
v 0.00129532034 0.000152467561 0.0200096034
v 0.00157030672 0.000556430954 0.0198482126
v 0.00153333275 0.000564612274 0.019937925
v 0.001284461 0.000357925368 0.0200467147
v 0.00139178894 0.000288466865 0.0199833382
v 0.0011849982 0.000460937241 0.0200547781
v 0.00107615767 0.000147453102 0.0200997852
v 0.00160653947 0.000632981479 0.0198482964
v 0.00148890249 0.000595080084 0.0199393667
v 0.0010729424 -5.54146609E-05 0.0199927259
v 0.00154585415 0.000688524684 0.0198165085
v 0.00161108992 0.000664870604 0.0196621362
v 0.0012165627 -0.000117989701 0.019781949
v 0.00116703752 -8.52994617E-06 0.0199660193
v 0.00119498663 0.000298495346 0.0197505429
v 0.00157170533 0.000710464257 0.0196160115
v 0.00129051832 -3.10843425E-05 0.0195954069
v 0.00122389267 0.000158612645 0.0194092691
v 0.00128780457 8.54846076E-05 0.0196574684
v 0.00143352023 0.000166813203 0.0195152815
v 0.00148050487 0.000354663585 0.0194783062
v 0.00143352023 0.000166813203 0.0195152815
v 0.0013772255 0.000327360089 0.0193840861
v 0.00102752727 0.000392571674 0.0193712711
v 0.00139137951 0.000719922304 0.0194617268
v 0.00148126867 0.000665311061 0.0193761997
v 0.00139012747 0.000549925084 0.019312758
v 0.00146535865 0.000441017357 0.0193790104
v 0.00155951944 0.000582356879 0.0194288492
v 0.00153075391 0.000529394893 0.0195014775
v 0.00158090738 0.000606027374 0.0196603797
v -0.000253536069 -0.00147259794 0.0196019635
v -0.000454077759 -0.00155267492 0.0195260216
v -0.000301888125 -0.00147846551 0.0194631051
v -0.000253536069 -0.00147259794 0.0196019635
v -0.000301888125 -0.00147846551 0.0194631051
v -0.000309855619 -0.00139522122 0.0195403881
v -0.00107131444 -0.00137928396 0.0193116385
v -0.000948585977 -0.00153837504 0.0194877163
v -0.000940128404 -0.00156828575 0.0194671415
v -0.000770002429 -0.00164900324 0.0195481237
v -0.00077878288 -0.00161329145 0.0195914209
v -0.000542166061 -0.00167084753 0.0196063612
v -0.000491188955 -0.00163684518 0.0196705516
v -0.000485299854 -0.00155779684 0.0196619984
v -0.000758787734 -0.0015530379 0.0195792094
v -0.000948585977 -0.00153837504 0.0194877163
v -0.000914543576 -0.00150753616 0.0194896422
v -0.00107131444 -0.00137928396 0.0193116385
v -0.000882921508 -0.00151938922 0.0194688216
v -0.00073664845 -0.00155655737 0.0195190217
v -0.0005362386 -0.00153756014 0.01959024
v -0.000756575901 -0.00162730215 0.0195084978
v -0.000901896856 -0.00155775156 0.0194538608
v -0.00107131444 -0.00137928396 0.0193116385
v -0.000940128404 -0.00156828575 0.0194671415
v -0.000770002429 -0.00164900324 0.0195481237
v -0.000542166061 -0.00167084753 0.0196063612
v -0.000563533045 -0.00161092496 0.0195527803
v -0.000253536069 -0.00147259794 0.0196019635
v -0.000454077759 -0.00155267492 0.0195260216
v -0.000406342675 -0.00166373339 0.0195472836
v -0.000232797625 -0.00152750907 0.0196380895
v -0.000311126292 -0.00163932214 0.0196444541
v -0.000206859142 -0.00158079388 0.0195370838
v -0.000170775034 -0.00150303042 0.0195512623
v -0.000309855619 -0.00139522122 0.0195403881
v -0.000280118315 -0.00153769879 0.0194705129
v -0.000301888125 -0.00147846551 0.0194631051
v -0.000206859142 -0.00158079388 0.0195370838
v -0.000336631143 -0.00159073435 0.0194852799
v -0.000280118315 -0.00153769879 0.0194705129
v -0.000301888125 -0.00147846551 0.0194631051
v -0.000170775034 -0.00150303042 0.0195512623
v -0.000232797625 -0.00152750907 0.0196380895
v 0.000575286045 -0.00307160779 0.0198147893
v 0.000799028843 -0.0028850683 0.0195858628
v 0.000764529337 -0.00290779863 0.0195711721
v 0.000924366177 -0.0026550272 0.0193860307
v 0.000855886785 -0.00268250075 0.0193424132
v 0.000910993724 -0.00235172454 0.0193148833
v 0.000819697219 -0.002325929 0.0192489438
v 0.00064015371 -0.00232511899 0.0193148591
v 0.000736014801 -0.0026714066 0.0194022693
v 0.000764529337 -0.00290779863 0.0195711721
v 0.000700795848 -0.00290394993 0.0195956137
v 0.000575286045 -0.00307160779 0.0198147893
v 0.00069617189 -0.00287951087 0.0196271613
v 0.000734504138 -0.00264210138 0.0194942988
v 0.000610902498 -0.00235090917 0.0194254499
v 0.00043497904 -0.00197668746 0.0194179118
v 0.000305735768 -0.00199109642 0.0195075143
v 0.00076844875 -0.00206687464 0.0193273909
v 0.000910993724 -0.00235172454 0.0193148833
v 0.00052091328 -0.00190532266 0.019586904
v 0.000865072012 -0.0021151898 0.0194679406
v 0.00052091328 -0.00190532266 0.019586904
v 0.000599502702 -0.00198970502 0.0196680911
v 0.000280600012 -0.00192692294 0.0197278578
v 0.000333600939 -0.00190666865 0.019626826
v 0.00043497904 -0.00197668746 0.0194179118
v 0.000333600939 -0.00190666865 0.019626826
v 0.000123690537 -0.00205677026 0.0195701364
v 0.000280600012 -0.00192692294 0.0197278578
v 0.000203101183 -0.00199469854 0.0197750758
v 0.000581186672 -0.00216328911 0.0195778739
v 0.000780427596 -0.00236810208 0.0194314662
v 0.000877403363 -0.00264771981 0.0194633864
v 0.000734504138 -0.00264210138 0.0194942988
v 0.00069617189 -0.00287951087 0.0196271613
v 0.000760491646 -0.00286986143 0.0196189452
v 0.000575286045 -0.00307160779 0.0198147893
v 0.000799028843 -0.0028850683 0.0195858628
v 0.000924366177 -0.0026550272 0.0193860307
v 0.000910993724 -0.00235172454 0.0193148833
v 0.000865072012 -0.0021151898 0.0194679406
v 0.000599502702 -0.00198970502 0.0196680911
v 0.000280600012 -0.00192692294 0.0197278578
v 0.000203101183 -0.00199469854 0.0197750758
v 0.000305735768 -0.00199109642 0.0195075143
v 0.000203101183 -0.00199469854 0.0197750758
v 0.000581186672 -0.00216328911 0.0195778739
v 0.000123690537 -0.00205677026 0.0195701364
v 0.00115036324 -0.00169653026 0.0191721357
v 0.000948263332 -0.00175241055 0.0193578675
v 0.000988104264 -0.00175800594 0.0193733424
v 0.000757271133 -0.00173215708 0.0194823015
v 0.000789140293 -0.00173245126 0.0195178073
v 0.000618454244 -0.0016626385 0.0195347108
v 0.000615298864 -0.00164741965 0.0195913017
v 0.0006953103 -0.00159819331 0.0195866339
v 0.000844399387 -0.00168438966 0.0195055697
v 0.000988104264 -0.00175800594 0.0193733424
v 0.00102259219 -0.00171978504 0.0193716194
v 0.00115036324 -0.00169653026 0.0191721357
v 0.00084200874 -0.00165304716 0.0194554925
v 0.00100223778 -0.0016885557 0.019355027
v 0.000755583402 -0.00158025138 0.0195235182
v 0.00095641549 -0.00171060651 0.0193450209
v 0.000948263332 -0.00175241055 0.0193578675
v 0.000757271133 -0.00173215708 0.0194823015
v 0.00078072038 -0.00169866439 0.0194487516
v 0.00084200874 -0.00165304716 0.0194554925
v 0.000618454244 -0.0016626385 0.0195347108
v 0.000700113364 -0.00161801546 0.0194908287
v 0.00066402473 -0.00141494244 0.0195655376
v 0.00071051385 -0.00152697682 0.0194765143
v 0.000567953743 -0.00157499174 0.0194946267
v 0.000591688615 -0.00145601714 0.0195978489
v 0.000523589493 -0.00156041363 0.019583853
v 0.00054117979 -0.00142981461 0.0195148122
v 0.000593509176 -0.00136381877 0.0195386969
v 0.00066745159 -0.00137198891 0.0195094105
v 0.000639075646 -0.00141009793 0.0194519889
v 0.00054117979 -0.00142981461 0.0195148122
v 0.000614832214 -0.00147971837 0.0194535982
v 0.000639075646 -0.00141009793 0.0194519889
v 0.000714529189 -0.00137922587 0.0194442049
v 0.000593509176 -0.00136381877 0.0195386969
v 0.000591688615 -0.00145601714 0.0195978489
v 0.00066402473 -0.00141494244 0.0195655376
v 0.000714529189 -0.00137922587 0.0194442049
v 0.00071051385 -0.00152697682 0.0194765143
v 0.00066745159 -0.00137198891 0.0195094105
v 0.000296213402 -0.00135877775 0.0204789806
v 0.000363371626 -0.0016117146 0.0204314124
v 0.000336268189 -0.00162079989 0.0204427056
v 0.000405886502 -0.00177287217 0.0203646608
v 0.000349735114 -0.00179991813 0.0203838423
v 0.000413152011 -0.00187116326 0.0202505067
v 0.000344195694 -0.00192346913 0.0202514548
v 0.000254215731 -0.0018975389 0.0202385522
v 0.000296379643 -0.00177703379 0.0203688778
v 0.000336268189 -0.00162079989 0.0204427056
v 0.000308505172 -0.00160646229 0.0204376671
v 0.000296213402 -0.00135877775 0.0204789806
v 0.000203998425 -0.00190596038 0.02007287
v 0.000357111392 -0.001930792 0.0201307703
v 0.000413152011 -0.00187116326 0.0202505067
v 0.00031190741 -0.00182001106 0.020018395
v 0.000446939986 -0.00183201174 0.0201265458
v 0.00031190741 -0.00182001106 0.020018395
v 0.000373182818 -0.00175572094 0.020041056
v 0.000231717189 -0.00172506191 0.0199974868
v 0.000227909099 -0.00179421483 0.0200076904
v 0.000203998425 -0.00190596038 0.02007287
v 0.000164675293 -0.0018477696 0.0200596415
v 0.000227909099 -0.00179421483 0.0200076904
v 9.17505822E-05 -0.00178175338 0.0200646725
v 0.000231717189 -0.00172506191 0.0199974868
v 0.000199402159 -0.00167715421 0.02001426
v 0.000267185271 -0.0018292428 0.0202306975
v 0.000317742 -0.00177631702 0.0201277267
v 0.000326746842 -0.00172934926 0.0203416124
v 0.000308505172 -0.00160646229 0.0204376671
v 0.00031937423 -0.00158731011 0.0204234794
v 0.000296213402 -0.00135877775 0.0204789806
v 0.000400177785 -0.00173470937 0.0203490108
v 0.000353957643 -0.00159196078 0.020420827
v 0.000363371626 -0.0016117146 0.0204314124
v 0.000405886502 -0.00177287217 0.0203646608
v 0.000413152011 -0.00187116326 0.0202505067
v 0.000365248387 -0.0018129556 0.0202383939
v 0.000446939986 -0.00183201174 0.0201265458
v 0.000373182818 -0.00175572094 0.020041056
v 0.000231717189 -0.00172506191 0.0199974868
v 0.000199402159 -0.00167715421 0.02001426
v 0.000164675293 -0.0018477696 0.0200596415
v 0.000199402159 -0.00167715421 0.02001426
v 0.000317742 -0.00177631702 0.0201277267
v 9.17505822E-05 -0.00178175338 0.0200646725
v -0.000500872324 -0.0029705998 0.0196671188
v -0.000668177614 -0.00271878229 0.0195008181
v -0.00068117358 -0.00270238938 0.0195290986
v -0.00075372844 -0.00241477205 0.0194287263
v -0.000723483856 -0.00242405478 0.0193618573
v -0.000641516643 -0.0021134885 0.0194558334
v -0.000581144821 -0.00206601201 0.0193766616
v -0.000398061238 -0.00209929026 0.019398829
v -0.000595880498 -0.00244204211 0.0194030143
v -0.000668177614 -0.00271878229 0.0195008181
v -0.000604595756 -0.00272780005 0.0195162706
v -0.000500872324 -0.0029705998 0.0196671188
v -0.000578040665 -0.00271784957 0.0195549503
v -0.000547569653 -0.00245099724 0.0195034612
v -0.000338395272 -0.00216731778 0.0194916688
v -3.31432639E-05 -0.00183536566 0.0195178166
v 8.51936056E-05 -0.00189468672 0.0195597392
v -0.000382120663 -0.00186355622 0.0195126012
v -1.05204663E-05 -0.00182562799 0.0197067149
v 0.000135945942 -0.00185817084 0.0196899995
v -0.000641516643 -0.0021134885 0.0194558334
v 0.000242959999 -0.00200808048 0.0195616167
v 0.000209414604 -0.00192377937 0.0197656285
v 0.000265988318 -0.00201634946 0.0197780728
v -0.000171114429 -0.00205444521 0.0196663812
v -0.000415214279 -0.00195954647 0.0196630303
v -1.05204663E-05 -0.00182562799 0.0197067149
v -0.000486776116 -0.00217690156 0.0195339266
v -0.000681655074 -0.00243914989 0.0194998942
v -0.000547569653 -0.00245099724 0.0195034612
v -0.00075372844 -0.00241477205 0.0194287263
v -0.000578040665 -0.00271784957 0.0195549503
v -0.00063001574 -0.002702825 0.0195609145
v -0.00068117358 -0.00270238938 0.0195290986
v -0.000500872324 -0.0029705998 0.0196671188
v -7.33302513E-05 -0.00192739419 0.0197872743
v 0.000209414604 -0.00192377937 0.0197656285
v 0.000265988318 -0.00201634946 0.0197780728
v 0.000209414604 -0.00192377937 0.0197656285
v 0.000135945942 -0.00185817084 0.0196899995
v -3.31432639E-05 -0.00183536566 0.0195178166
v 8.51936056E-05 -0.00189468672 0.0195597392
v -0.000171114429 -0.00205444521 0.0196663812
v 0.000265988318 -0.00201634946 0.0197780728
v 0.000242959999 -0.00200808048 0.0195616167
v -2.24361429E-05 -0.00130917761 0.0204276983
v -7.95888336E-05 -0.00150912604 0.0203918498
v -0.000100595265 -0.00149840466 0.0203952231
v -0.00012795646 -0.00167081202 0.0203272868
v -0.000177860129 -0.0016658064 0.0203274731
v -0.000135653914 -0.00174781051 0.0202312339
v -0.000205970166 -0.00175568857 0.0202105232
v -0.000226361604 -0.00170881511 0.0201846622
v -0.000178068338 -0.00163457834 0.0203081463
v -0.000100595265 -0.00149840466 0.0203952231
v -0.000102977676 -0.00147649134 0.0203869529
v -2.24361429E-05 -0.00130917761 0.0204276983
v -0.000170051615 -0.00171434181 0.0200493019
v -0.000141683136 -0.00177905394 0.0201220047
v -3.4871995E-05 -0.00170696201 0.0200394653
v -0.000135653914 -0.00174781051 0.0202312339
v -0.000139538664 -0.00166446739 0.0200392101
v -5.00759197E-05 -0.00166117749 0.0200174712
v -0.000138779244 -0.00159068883 0.0200363919
v 2.06509139E-06 -0.00162077032 0.0200180616
v 1.12186417E-05 -0.00157672714 0.0200300626
v -0.000160572221 -0.00167203834 0.020191323
v -5.54369108E-05 -0.00166911923 0.0201286785
v -3.67973553E-05 -0.00175032509 0.0201487541
v -3.4871995E-05 -0.00170696201 0.0200394653
v -0.000121199191 -0.0016123855 0.0203000978
v -0.000102977676 -0.00147649134 0.0203869529
v -8.25634561E-05 -0.001473343 0.0203788541
v -2.24361429E-05 -0.00130917761 0.0204276983
v -6.90528905E-05 -0.00149444572 0.0203829221
v -9.78050448E-05 -0.00164693862 0.0203184448
v -0.000111609734 -0.00169608009 0.0202185027
v -0.00012795646 -0.00167081202 0.0203272868
v -6.90528905E-05 -0.00149444572 0.0203829221
v -7.95888336E-05 -0.00150912604 0.0203918498
v -2.24361429E-05 -0.00130917761 0.0204276983
v 2.30721907E-05 -0.00168658106 0.0200764406
v 2.06509139E-06 -0.00162077032 0.0200180616
v 1.12186417E-05 -0.00157672714 0.0200300626
v 2.30721907E-05 -0.00168658106 0.0200764406
v 2.06509139E-06 -0.00162077032 0.0200180616
v -5.00759197E-05 -0.00166117749 0.0200174712
v -0.000170051615 -0.00171434181 0.0200493019
v -0.000139538664 -0.00166446739 0.0200392101
v 1.12186417E-05 -0.00157672714 0.0200300626
v -5.54369108E-05 -0.00166911923 0.0201286785
v -0.000138779244 -0.00159068883 0.0200363919
v -0.000945255277 0.000195790184 0.0187695492
v -0.000959189201 -0.000514123007 0.018745482
v -0.000963027065 0.00017454708 0.0186139643
v -0.000952529896 -0.000835280749 0.0189108849
v -0.000931332412 -0.00081776944 0.0191696808
v -0.0008577673 -0.00110870833 0.0189966597
v -0.000767203688 -0.000984036596 0.0194594227
v -0.000545964867 -0.0013297078 0.0195421316
v -0.00067441602 -0.00144884433 0.0190561712
v -0.000366310996 -0.00143351278 0.0195443276
v -0.00045373803 -0.00161683524 0.0190734044
v -0.000192889886 -0.00153945293 0.0195209086
v -0.00025223894 -0.00170282915 0.0190171935
v -0.000196511261 -0.00151762238 0.0195272584
v -0.000537953805 -0.00130404846 0.0195386559
v -0.000747701211 -0.000963637314 0.0194567256
v -0.000908187474 -0.000788358506 0.0191623773
v -0.000920506893 0.000198109279 0.0187704805
v -0.000945255277 0.000195790184 0.0187695492
v -0.000963027065 0.00017454708 0.0186139643
v -0.000937723205 0.000176541449 0.0186150242
v -3.27343105E-06 -0.00158983213 0.0194693618
v -3.27343105E-06 -0.00174470572 0.0190622341
v -3.27343105E-06 -0.00171608897 0.0189113822
v 0.000245691743 -0.00170282915 0.0190171935
v 0.000186343357 -0.00153945328 0.0195209086
v 0.000447190832 -0.00161683524 0.0190734062
v 0.000359764119 -0.00143351348 0.0195443276
v 0.000189964732 -0.00151762238 0.0195272602
v 0.000667869113 -0.00144884491 0.0190561712
v 0.000531407248 -0.0013040487 0.0195386559
v 0.000539418717 -0.0013297078 0.0195421334
v 0.000741154363 -0.000963637198 0.0194567256
v 0.000851220393 -0.00110870856 0.0189966597
v 0.00076065649 -0.000984036713 0.0194594227
v 0.000901640917 -0.000788358506 0.0191623773
v 0.000924785854 -0.000817769615 0.0191696808
v 0.000945983338 -0.000835280924 0.0189108867
v 0.000913959288 0.000198109148 0.0187704805
v 0.000938707672 0.000195790184 0.0187695492
v 0.00095264212 -0.000514123007 0.018745482
v 0.000956479053 0.000174547211 0.0186139643
v 0.000938707672 0.000195790184 0.0187695492
v 0.000956479053 0.000174547211 0.0186139643
v 0.000931175309 0.000176541318 0.0186150242
v -0.00044596949 -0.00156847807 0.019055929
v -0.000250302663 -0.00165498012 0.0190025084
v -3.27343105E-06 -0.00167696236 0.0189370308
v -3.27343105E-06 -0.00171608897 0.0189113822
v -0.00025223894 -0.00170282915 0.0190171935
v -0.00045373803 -0.00161683524 0.0190734044
v -0.00044596949 -0.00156847807 0.019055929
v -0.00067441602 -0.00144884433 0.0190561712
v -0.000665732659 -0.00139711914 0.0190312136
v -0.000828018703 -0.00104803767 0.0189825557
v -0.0008577673 -0.00110870833 0.0189966597
v -0.000952529896 -0.000835280749 0.0189108849
v -0.000918561476 -0.000796156644 0.0188953746
v -0.000917222176 -0.000536214793 0.0187580306
v -0.000959189201 -0.000514123007 0.018745482
v 0.0002437558 -0.00165498012 0.0190025084
v 0.000439422613 -0.0015684783 0.019055929
v 0.000245691743 -0.00170282915 0.0190171935
v 0.000447190832 -0.00161683524 0.0190734062
v 0.000439422613 -0.0015684783 0.019055929
v 0.000667869113 -0.00144884491 0.0190561712
v 0.000659185811 -0.00139711914 0.0190312136
v 0.000821471855 -0.00104803778 0.0189825557
v 0.000851220393 -0.00110870856 0.0189966597
v 0.000945983338 -0.000835280924 0.0189108867
v 0.000912014977 -0.000796156353 0.0188953746
v 0.000910675502 -0.000536214968 0.0187580325
v 0.00095264212 -0.000514123007 0.018745482
v -0.000963027065 0.00017454708 0.0186139643
v -0.000959189201 -0.000514123007 0.018745482
v -0.000937723205 0.000176541449 0.0186150242
v -0.000917222176 -0.000536214793 0.0187580306
v 0.000956479053 0.000174547211 0.0186139643
v 0.000931175309 0.000176541318 0.0186150242
v 0.00095264212 -0.000514123007 0.018745482
v 0.000910675502 -0.000536214968 0.0187580325
v -0.000968613138 0.000193246073 0.01871204
v -0.000950035232 0.000195372384 0.0187126938
v -0.000971501227 -0.000495292072 0.0188431516
v -0.000936148805 -0.000517422217 0.0188544076
v 0.000962064893 0.000193246233 0.01871204
v 0.000964955369 -0.000495292072 0.0188431516
v 0.000943488616 0.000195372311 0.0187126938
v 0.000929604808 -0.000517422392 0.0188544095
v -0.000917222176 -0.000536214793 0.0187580306
v -0.000936148805 -0.000517422217 0.0188544076
v -0.000950035232 0.000195372384 0.0187126938
v -0.000937723205 0.000176541449 0.0186150242
v 0.000956479053 0.000174547211 0.0186139643
v 0.000962064893 0.000193246233 0.01871204
v 0.000943488616 0.000195372311 0.0187126938
v 0.000931175309 0.000176541318 0.0186150242
v 0.000910675502 -0.000536214968 0.0187580325
v 0.000929604808 -0.000517422392 0.0188544095
v 0.000964955369 -0.000495292072 0.0188431516
v 0.00095264212 -0.000514123007 0.018745482
v 0.000962064893 0.000193246233 0.01871204
v 0.000956479053 0.000174547211 0.0186139643
v 0.000931175309 0.000176541318 0.0186150242
v 0.000943488616 0.000195372311 0.0187126938
v 0.000929604808 -0.000517422392 0.0188544095
v 0.000910675502 -0.000536214968 0.0187580325
v -0.000963027065 0.00017454708 0.0186139643
v -0.000968613138 0.000193246073 0.01871204
v -0.000971501227 -0.000495292072 0.0188431516
v -0.000959189201 -0.000514123007 0.018745482
v -0.000936148805 -0.000517422217 0.0188544076
v -0.000917222176 -0.000536214793 0.0187580306
v -0.000937723205 0.000176541449 0.0186150242
v -0.000950035232 0.000195372384 0.0187126938
v -0.000968613138 0.000193246073 0.01871204
v -0.000963027065 0.00017454708 0.0186139643
vt 0.391928762 0.469866574
vt 0.400669515 0.467377216
vt 0.396552533 0.466945827
vt 0.401215583 0.469114304
vt 0.399884373 0.474376619
vt 0.391770601 0.473469675
vt 0.41129142 0.465015084
vt 0.41501388 0.473037958
vt 0.416644663 0.484871358
vt 0.402655929 0.479778618
vt 0.412983447 0.491371036
vt 0.430031389 0.465641141
vt 0.420458734 0.456293464
vt 0.401878536 0.488661587
vt 0.396307528 0.485092998
vt 0.395766646 0.480491042
vt 0.39252612 0.481215268
vt 0.39289096 0.484299093
vt 0.444464475 0.493882
vt 0.465405434 0.507815182
vt 0.474973112 0.474737734
vt 0.389050692 0.553659081
vt 0.471057326 0.545466959
vt 0.459012777 0.608864665
vt 0.391041756 0.644011796
vt 0.321466178 0.612136602
vt 0.306384057 0.549418807
vt 0.310173422 0.511562467
vt 0.361822337 0.492621511
vt 0.330456465 0.496629924
vt 0.430837214 0.445241451
vt 0.441097409 0.427319586
vt 0.429553419 0.432495505
vt 0.421996683 0.423341006
vt 0.474973112 0.432507932
vt 0.426489115 0.401209354
vt 0.444609046 0.380633175
vt 0.387584209 0.498491198
vt 0.387498021 0.494903892
vt 0.401878536 0.488661587
vt 0.396581322 0.39898777
vt 0.385245621 0.396326423
vt 0.384388775 0.36430338
vt 0.324988008 0.383408725
vt 0.373825818 0.399571031
vt 0.385766029 0.421257973
vt 0.344057411 0.403157353
vt 0.297055006 0.436702549
vt 0.330683261 0.429926932
vt 0.349583268 0.425054252
vt 0.299041539 0.478928179
vt 0.342463523 0.434556574
vt 0.341781408 0.447354585
vt 0.34355101 0.467706323
vt 0.3526766 0.457908601
vt 0.357849032 0.486295491
vt 0.374848455 0.422830224
vt 0.367385834 0.431849331
vt 0.357541651 0.439908683
vt 0.380661041 0.421440214
vt 0.369606853 0.443654358
vt 0.380069494 0.441605419
vt 0.369216263 0.451126277
vt 0.386203617 0.440409929
vt 0.382405579 0.439775586
vt 0.386269242 0.44315064
vt 0.390778303 0.421193123
vt 0.380339324 0.448512048
vt 0.377653569 0.455901146
vt 0.389908135 0.439594388
vt 0.396653146 0.422306538
vt 0.39232859 0.441311955
vt 0.386408448 0.449071229
vt 0.4045358 0.430965155
vt 0.414749205 0.438550711
vt 0.402876437 0.442862391
vt 0.403621495 0.450307012
vt 0.392387778 0.448225081
vt 0.395422906 0.455478072
vt 0.386586756 0.456666946
vt 0.412444741 0.441608638
vt 0.410390317 0.446209192
vt 0.419013441 0.437811196
vt 0.419999063 0.438648015
vt 0.418183386 0.439541817
vt 0.421737731 0.438396871
vt 0.429553419 0.432495505
vt 0.424015582 0.441212028
vt 0.430837214 0.445241451
vt 0.416952699 0.440131068
vt 0.418075711 0.440111846
vt 0.42002821 0.439713746
vt 0.415987909 0.440757006
vt 0.41702646 0.440630972
vt 0.416289508 0.441111803
vt 0.417041004 0.441189826
vt 0.413604945 0.44299835
vt 0.421763748 0.440291345
vt 0.418275028 0.440553337
vt 0.417957455 0.443091691
vt 0.416303486 0.441725671
vt 0.415096372 0.443699419
vt 0.415096372 0.443699419
vt 0.41426447 0.445548862
vt 0.419913411 0.440540433
vt 0.42163533 0.44210121
vt 0.422736198 0.445062131
vt 0.422565728 0.45032084
vt 0.418033212 0.44546631
vt 0.411791116 0.451052487
vt 0.420555025 0.448190957
vt 0.422736198 0.445062131
vt 0.417705119 0.452955484
vt 0.413540661 0.449509054
vt 0.413663805 0.454481691
vt 0.405982643 0.45356968
vt 0.407456398 0.456252754
vt 0.398683697 0.459257275
vt 0.412908852 0.458812177
vt 0.402786463 0.461063504
vt 0.404305309 0.464595735
vt 0.404989123 0.461727142
vt 0.400237143 0.466494769
vt 0.40169704 0.464855194
vt 0.401879966 0.463677973
vt 0.39753899 0.466463387
vt 0.396552533 0.466945827
vt 0.396821678 0.465885609
vt 0.397506475 0.465195894
vt 0.398247689 0.465438008
vt 0.399401277 0.465134531
vt 0.39994821 0.464423388
vt 0.398563474 0.464796633
vt 0.398247689 0.465438008
vt 0.397506475 0.465195894
vt 0.397778124 0.464381993
vt 0.398250192 0.464089632
vt 0.39947018 0.463845849
vt 0.400449127 0.46281001
vt 0.39816317 0.463203907
vt 0.398250192 0.464089632
vt 0.397778124 0.464381993
vt 0.398206174 0.462155789
vt 0.397077471 0.464472353
vt 0.397506475 0.465195894
vt 0.396821678 0.465885609
vt 0.395348608 0.464149773
vt 0.394394189 0.466107547
vt 0.396552533 0.466945827
vt 0.395348608 0.464149773
vt 0.393415421 0.462432683
vt 0.392232209 0.465962172
vt 0.390911639 0.462187707
vt 0.390164942 0.468526989
vt 0.386760026 0.464035958
vt 0.390167892 0.47357595
vt 0.382481366 0.462388247
vt 0.386896461 0.469553411
vt 0.386978447 0.473109722
vt 0.383531958 0.468685836
vt 0.388590455 0.478187472
vt 0.387085915 0.477876544
vt 0.3837713 0.473730028
vt 0.381834149 0.470108926
vt 0.382164955 0.473700911
vt 0.381343275 0.466222286
vt 0.385569572 0.478260964
vt 0.3799918 0.462752968
vt 0.390173376 0.479219168
vt 0.387136966 0.480211705
vt 0.388199121 0.480325252
vt 0.387170017 0.481727421
vt 0.389265239 0.481183529
vt 0.386064023 0.480376959
vt 0.379190117 0.466471344
vt 0.389947981 0.482089102
vt 0.384038538 0.479367882
vt 0.377073914 0.467412412
vt 0.376754135 0.466365904
vt 0.378142715 0.464561045
vt 0.378142715 0.464561045
vt 0.374576241 0.45983243
vt 0.375192165 0.462705582
vt 0.376430959 0.464966178
vt 0.376036912 0.465709627
vt 0.375726432 0.464909434
vt 0.375285238 0.46375075
vt 0.375240713 0.464639932
vt 0.374010026 0.464454681
vt 0.372982413 0.463466436
vt 0.370563418 0.461833179
vt 0.367012471 0.454498351
vt 0.365667909 0.457249284
vt 0.37159422 0.464402229
vt 0.35938102 0.455774903
vt 0.360341102 0.460066378
vt 0.368394166 0.462601364
vt 0.373560041 0.465054601
vt 0.371833295 0.465569854
vt 0.369214535 0.465435207
vt 0.374961704 0.465361387
vt 0.375240713 0.464639932
vt 0.375726432 0.464909434
vt 0.376036912 0.465709627
vt 0.375307947 0.465987086
vt 0.37414062 0.465739042
vt 0.373370439 0.46713835
vt 0.375307947 0.465987086
vt 0.362252921 0.466188192
vt 0.372980803 0.468040913
vt 0.376065105 0.466977626
vt 0.376036912 0.465709627
vt 0.376754135 0.466365904
vt 0.377073914 0.467412412
vt 0.358914733 0.474385202
vt 0.372518301 0.469802827
vt 0.374100953 0.47499764
vt 0.377073914 0.467412412
vt 0.371590525 0.480530053
vt 0.372797102 0.489373147
vt 0.378192812 0.4855344
vt 0.378510952 0.480908871
vt 0.381784588 0.481475711
vt 0.381569535 0.484574556
vt 0.385040998 0.481285989
vt 0.384402931 0.482223809
vt 0.38538906 0.482375801
vt 0.384915382 0.482862473
vt 0.386386573 0.481977224
vt 0.383913666 0.483949721
vt 0.386029691 0.48271656
vt 0.384273559 0.484754294
vt 0.385336548 0.484405667
vt 0.386101395 0.483179748
vt 0.382037669 0.485896349
vt 0.38328588 0.486867815
vt 0.378192812 0.4855344
vt 0.380110472 0.486415446
vt 0.380092472 0.487746269
vt 0.377689093 0.487828642
vt 0.372797102 0.489373147
vt 0.386496544 0.482905835
vt 0.386440188 0.483175457
vt 0.38616702 0.4835141
vt 0.385453403 0.484772861
vt 0.384954095 0.486080498
vt 0.386862844 0.482672453
vt 0.386487305 0.483478934
vt 0.386249542 0.483674854
vt 0.386625975 0.483166575
vt 0.38663128 0.48338896
vt 0.386691093 0.483033299
vt 0.386905789 0.482904494
vt 0.38719362 0.482825816
vt 0.387189239 0.482615083
vt 0.387513608 0.482656658
vt 0.38748166 0.482890427
vt 0.38795507 0.481938809
vt 0.387890548 0.48287195
vt 0.387702435 0.483008683
vt 0.38777408 0.483138621
vt 0.388970792 0.482288688
vt 0.388347656 0.482660174
vt 0.389467239 0.482751846
vt 0.387959987 0.483138502
vt 0.390520334 0.483788908
vt 0.388298631 0.483126372
vt 0.387927771 0.483443975
vt 0.387779593 0.483361036
vt 0.389121711 0.48431313
vt 0.388249248 0.483463377
vt 0.390200019 0.484609842
vt 0.389022917 0.484685451
vt 0.388174951 0.483627856
vt 0.387867779 0.483542711
vt 0.392487675 0.485641599
vt 0.391289085 0.48667258
vt 0.396307528 0.485092998
vt 0.39443624 0.486065716
vt 0.394519001 0.487392992
vt 0.396921724 0.487358153
vt 0.389584363 0.485967875
vt 0.38803637 0.483953208
vt 0.387802482 0.483764797
vt 0.388542205 0.484692991
vt 0.387744755 0.483522862
vt 0.387859553 0.484122485
vt 0.387230843 0.484236121
vt 0.387496471 0.483663321
vt 0.387558073 0.48393473
vt 0.387215376 0.483675778
vt 0.38760975 0.484069645
vt 0.387226462 0.484074533
vt 0.38747099 0.483488172
vt 0.387209296 0.483448327
vt 0.387463123 0.483375013
vt 0.387638927 0.48329708
vt 0.38777408 0.483138621
vt 0.387715995 0.483131707
vt 0.387702435 0.483008683
vt 0.387640387 0.483021528
vt 0.38748166 0.482890427
vt 0.387463361 0.483295143
vt 0.387571633 0.483241022
vt 0.387604684 0.483142853
vt 0.387441427 0.48319158
vt 0.38728115 0.483337194
vt 0.387569994 0.483072549
vt 0.387408227 0.483055919
vt 0.38733241 0.482992947
vt 0.387197286 0.482973307
vt 0.38719362 0.482825816
vt 0.386905789 0.482904494
vt 0.38733831 0.483273983
vt 0.387251347 0.483168751
vt 0.387308568 0.483164072
vt 0.387202114 0.48317191
vt 0.387059867 0.482999533
vt 0.387149155 0.483171195
vt 0.386753589 0.483043045
vt 0.386691093 0.483033299
vt 0.387127787 0.483340621
vt 0.38698712 0.483066142
vt 0.386683494 0.48315683
vt 0.386625975 0.483166575
vt 0.386768579 0.48331815
vt 0.386795163 0.483162493
vt 0.386826396 0.483090609
vt 0.386833072 0.483258843
vt 0.386960685 0.483203202
vt 0.387091964 0.483169287
vt 0.387067586 0.483280361
vt 0.386943847 0.48330766
vt 0.386947811 0.483387381
vt 0.386945635 0.483500779
vt 0.386928707 0.483676851
vt 0.386880487 0.483950466
vt 0.386835814 0.484087795
vt 0.38658902 0.484153628
vt 0.386628211 0.483793229
vt 0.386673927 0.48354879
vt 0.386552066 0.483574688
vt 0.386403918 0.483993053
vt 0.385933965 0.484757364
vt 0.387253612 0.485003442
vt 0.387257576 0.485137999
vt 0.387277097 0.485846609
vt 0.387304574 0.486880004
vt 0.38732478 0.487648785
vt 0.387336254 0.488100618
vt 0.387360364 0.489041567
vt 0.38737464 0.489661962
vt 0.387392431 0.490438402
vt 0.387439311 0.492448241
vt 0.551111758 0.626294553
vt 0.559128881 0.651316583
vt 0.556794107 0.623862743
vt 0.541046441 0.619638026
vt 0.553361416 0.629564703
vt 0.549913287 0.599833727
vt 0.537221551 0.632171094
vt 0.556823671 0.639578283
vt 0.526250839 0.611951172
vt 0.542298615 0.566954434
vt 0.535961986 0.650578558
vt 0.55964762 0.65856874
vt 0.509105265 0.628962755
vt 0.492589086 0.576976776
vt 0.538746119 0.511440158
vt 0.474973112 0.520491302
vt 0.47618261 0.461326897
vt 0.526718318 0.457128227
vt 0.498788983 0.418370187
vt 0.524888039 0.423428386
vt 0.477588564 0.406798452
vt 0.510862887 0.406871617
vt 0.524814308 0.398433685
vt 0.503703237 0.395896852
vt 0.497373611 0.378565967
vt 0.518679678 0.397678316
vt 0.51942122 0.371413648
vt 0.519931197 0.393911421
vt 0.520471632 0.383330017
vt 0.517902613 0.36430338
vt 0.559128881 0.651316583
vt 0.551111758 0.626294553
vt 0.560795784 0.656398475
vt 0.561401248 0.655283868
vt 0.55820334 0.623966277
vt 0.51942122 0.371413648
vt 0.519608974 0.366068661
vt 0.518679678 0.397678316
vt 0.526139081 0.397942305
vt 0.5205006 0.366970956
vt 0.564250708 0.655051112
vt 0.581517756 0.641979456
vt 0.559843898 0.63888222
vt 0.574168146 0.625029683
vt 0.557964146 0.628719509
vt 0.599568307 0.614251614
vt 0.566058993 0.614348769
vt 0.55820334 0.623966277
vt 0.577462852 0.602825403
vt 0.59945327 0.560861409
vt 0.553507566 0.623740137
vt 0.55915457 0.645328879
vt 0.561401248 0.655283868
vt 0.550764143 0.599439323
vt 0.546310544 0.566575468
vt 0.533050358 0.512248099
vt 0.599922359 0.502765715
vt 0.583312452 0.447084427
vt 0.530677319 0.456376404
vt 0.550518513 0.412892461
vt 0.525815129 0.423570544
vt 0.568573773 0.39576897
vt 0.536359727 0.404995471
vt 0.521691501 0.399465501
vt 0.541178107 0.392480612
vt 0.543523669 0.374155581
vt 0.523566306 0.383158624
vt 0.523302257 0.36640203
vt 0.524587333 0.393443137
vt 0.526139081 0.397942305
vt 0.52111131 0.377157956
vt 0.5205006 0.366970956
vt 0.556794107 0.623862743
vt 0.550764143 0.599439323
vt 0.549913287 0.599833727
vt 0.553507566 0.623740137
vt 0.559128881 0.651316583
vt 0.55915457 0.645328879
vt 0.524814308 0.398433685
vt 0.52111131 0.377157956
vt 0.51942122 0.371413648
vt 0.521691501 0.399465501
vt 0.524888039 0.423428386
vt 0.525815129 0.423570544
vt 0.549913287 0.599833727
vt 0.550764143 0.599439323
vt 0.546310544 0.566575468
vt 0.542298615 0.566954434
vt 0.526718318 0.457128227
vt 0.530677319 0.456376404
vt 0.525815129 0.423570544
vt 0.524888039 0.423428386
vt 0.585828006 0.647253335
vt 0.564250708 0.655051112
vt 0.55964762 0.65856874
vt 0.581517756 0.641979456
vt 0.605986238 0.616308272
vt 0.599568307 0.614251614
vt 0.606562912 0.561211407
vt 0.59945327 0.560861409
vt 0.606562912 0.501823664
vt 0.599922359 0.502765715
vt 0.590043962 0.444770932
vt 0.583312452 0.447084427
vt 0.574166536 0.392008573
vt 0.568573773 0.39576897
vt 0.546197116 0.367890894
vt 0.543523669 0.374155581
vt 0.517902613 0.36430338
vt 0.523302257 0.36640203
vt 0.518679678 0.397678316
vt 0.526139081 0.397942305
vt 0.524587333 0.393443137
vt 0.519931197 0.393911421
vt 0.523566306 0.383158624
vt 0.520471632 0.383330017
vt 0.523302257 0.36640203
vt 0.517902613 0.36430338
vt 0.553361416 0.629564703
vt 0.55820334 0.623966277
vt 0.551111758 0.626294553
vt 0.557964146 0.628719509
vt 0.556823671 0.639578283
vt 0.559843898 0.63888222
vt 0.55964762 0.65856874
vt 0.564250708 0.655051112
vt 0.542298615 0.566954434
vt 0.546310544 0.566575468
vt 0.533050358 0.512248099
vt 0.538746119 0.511440158
vt 0.530677319 0.456376404
vt 0.526718318 0.457128227
vt 0.51942122 0.371413648
vt 0.52111131 0.377157956
vt 0.5205006 0.366970956
vt 0.519608974 0.366068661
vt 0.560795784 0.656398475
vt 0.561401248 0.655283868
vt 0.55915457 0.645328879
vt 0.559128881 0.651316583
vt 0.356138766 0.443154275
vt 0.354550809 0.444597363
vt 0.357438207 0.445069253
vt 0.358356923 0.446877748
vt 0.355376512 0.442653835
vt 0.356123686 0.442540318
vt 0.358895153 0.444298267
vt 0.357438207 0.445069253
vt 0.3599886 0.442854822
vt 0.362258971 0.447353899
vt 0.35536465 0.442094713
vt 0.356408238 0.442171514
vt 0.36108917 0.452259481
vt 0.355414718 0.44159174
vt 0.354291856 0.441625625
vt 0.355269879 0.454441845
vt 0.35926795 0.4508003
vt 0.354587317 0.446973741
vt 0.354157209 0.441061139
vt 0.350288033 0.452039361
vt 0.341781408 0.447354585
vt 0.352196485 0.44981575
vt 0.349868923 0.446792394
vt 0.350829124 0.443781525
vt 0.349868923 0.446792394
vt 0.34840858 0.443005472
vt 0.342463523 0.434556574
vt 0.353246123 0.439371169
vt 0.352300882 0.440253824
vt 0.350551635 0.440084964
vt 0.350615174 0.44197914
vt 0.352322012 0.441320032
vt 0.352475673 0.442140698
vt 0.35411346 0.442076147
vt 0.598809481 0.675943673
vt 0.599297285 0.67902559
vt 0.600486815 0.681471407
vt 0.598809481 0.675943673
vt 0.600486815 0.681471407
vt 0.600861371 0.67215091
vt 0.611901939 0.675284743
vt 0.609967113 0.674218953
vt 0.61008656 0.673103809
vt 0.608271182 0.670922935
vt 0.608032286 0.673153281
vt 0.602213919 0.66680187
vt 0.601594269 0.670332372
vt 0.600128472 0.673969328
vt 0.606404722 0.675266981
vt 0.609124839 0.674810827
vt 0.608310997 0.675867677
vt 0.610217273 0.676468313
vt 0.607815802 0.676681221
vt 0.605414271 0.676894128
vt 0.598809481 0.675943673
vt 0.606051385 0.6783337
vt 0.608134329 0.677401006
vt 0.610217273 0.676468313
vt 0.6086694 0.678440154
vt 0.607121468 0.680411994
vt 0.600486815 0.681471407
vt 0.599297285 0.67902559
vt 0.598809481 0.675943673
vt 0.599297285 0.67902559
vt 0.600486815 0.681471407
vt 0.600128472 0.673969328
vt 0.601594269 0.670332372
vt 0.601594269 0.670332372
vt 0.600861371 0.67215091
vt 0.600861371 0.67215091
vt 0.600486815 0.681471407
vt 0.600486815 0.681471407
vt 0.601594269 0.670332372
vt 0.600486815 0.681471407
vt 0.600486815 0.681471407
vt 0.600486815 0.681471407
vt 0.600861371 0.67215091
vt 0.600128472 0.673969328
vt 0.611901939 0.675284743
vt 0.61008656 0.673103809
vt 0.609967113 0.674218953
vt 0.608271182 0.670922935
vt 0.608032286 0.673153281
vt 0.602213919 0.66680187
vt 0.601594269 0.670332372
vt 0.600128472 0.673969328
vt 0.606404722 0.675266981
vt 0.609124839 0.674810827
vt 0.608310997 0.675867677
vt 0.610217273 0.676468313
vt 0.607815802 0.676681221
vt 0.605414271 0.676894128
vt 0.598809481 0.675943673
vt 0.600128472 0.673969328
vt 0.598809481 0.675943673
vt 0.601594269 0.670332372
vt 0.600486815 0.681471407
vt 0.601594269 0.670332372
vt 0.600486815 0.681471407
vt 0.601594269 0.670332372
vt 0.600486815 0.681471407
vt 0.600486815 0.681471407
vt 0.600861371 0.67215091
vt 0.600128472 0.673969328
vt 0.600861371 0.67215091
vt 0.600861371 0.67215091
vt 0.600486815 0.681471407
vt 0.600486815 0.681471407
vt 0.599297285 0.67902559
vt 0.599297285 0.67902559
vt 0.606051385 0.6783337
vt 0.605414271 0.676894128
vt 0.607815802 0.676681221
vt 0.608134329 0.677401006
vt 0.610217273 0.676468313
vt 0.6086694 0.678440154
vt 0.607121468 0.680411994
vt 0.600486815 0.681471407
vt 0.600486815 0.681471407
vt 0.600486815 0.681471407
vt 0.600486815 0.681471407
vt 0.600486815 0.681471407
vt 0.598809481 0.675943673
vt 0.600486815 0.681471407
vt 0.599297285 0.67902559
vt 0.600861371 0.67215091
vt 0.611901939 0.675284743
vt 0.61008656 0.673103809
vt 0.609967113 0.674218953
vt 0.608271182 0.670922935
vt 0.608032286 0.673153281
vt 0.602213919 0.66680187
vt 0.601594269 0.670332372
vt 0.600128472 0.673969328
vt 0.606404722 0.675266981
vt 0.609124839 0.674810827
vt 0.608310997 0.675867677
vt 0.610217273 0.676468313
vt 0.605414271 0.676894128
vt 0.607815802 0.676681221
vt 0.598809481 0.675943673
vt 0.608134329 0.677401006
vt 0.6086694 0.678440154
vt 0.607121468 0.680411994
vt 0.606051385 0.6783337
vt 0.605414271 0.676894128
vt 0.600486815 0.681471407
vt 0.599297285 0.67902559
vt 0.598809481 0.675943673
vt 0.599297285 0.67902559
vt 0.600486815 0.681471407
vt 0.600128472 0.673969328
vt 0.601594269 0.670332372
vt 0.601594269 0.670332372
vt 0.600861371 0.67215091
vt 0.600861371 0.67215091
vt 0.600486815 0.681471407
vt 0.601594269 0.670332372
vt 0.600486815 0.681471407
vt 0.600486815 0.681471407
vt 0.600486815 0.681471407
vt 0.600861371 0.67215091
vt 0.600128472 0.673969328
vt 0.598809481 0.675943673
vt 0.600486815 0.681471407
vt 0.599297285 0.67902559
vt 0.600861371 0.67215091
vt 0.611901939 0.675284743
vt 0.61008656 0.673103809
vt 0.609967113 0.674218953
vt 0.608271182 0.670922935
vt 0.608032286 0.673153281
vt 0.602213919 0.66680187
vt 0.601594269 0.670332372
vt 0.600128472 0.673969328
vt 0.606404722 0.675266981
vt 0.609124839 0.674810827
vt 0.608310997 0.675867677
vt 0.610217273 0.676468313
vt 0.600128472 0.673969328
vt 0.601594269 0.670332372
vt 0.600486815 0.681471407
vt 0.601594269 0.670332372
vt 0.600486815 0.681471407
vt 0.601594269 0.670332372
vt 0.600486815 0.681471407
vt 0.600486815 0.681471407
vt 0.600861371 0.67215091
vt 0.600128472 0.673969328
vt 0.598809481 0.675943673
vt 0.600861371 0.67215091
vt 0.600861371 0.67215091
vt 0.600486815 0.681471407
vt 0.600486815 0.681471407
vt 0.598809481 0.675943673
vt 0.599297285 0.67902559
vt 0.605414271 0.676894128
vt 0.608310997 0.675867677
vt 0.607815802 0.676681221
vt 0.610217273 0.676468313
vt 0.606051385 0.6783337
vt 0.608134329 0.677401006
vt 0.6086694 0.678440154
vt 0.607121468 0.680411994
vt 0.600486815 0.681471407
vt 0.599297285 0.67902559
vt 0.600486815 0.681471407
vt 0.600486815 0.681471407
vt 0.600486815 0.681471407
vt 0.600486815 0.681471407
vt 0.598809481 0.675943673
vt 0.600486815 0.681471407
vt 0.599297285 0.67902559
vt 0.600861371 0.67215091
vt 0.611901939 0.675284743
vt 0.609967113 0.674218953
vt 0.61008656 0.673103809
vt 0.608271182 0.670922935
vt 0.608032286 0.673153281
vt 0.602213919 0.66680187
vt 0.601594269 0.670332372
vt 0.600128472 0.673969328
vt 0.606404722 0.675266981
vt 0.609124839 0.674810827
vt 0.608310997 0.675867677
vt 0.610217273 0.676468313
vt 0.607815802 0.676681221
vt 0.605414271 0.676894128
vt 0.598809481 0.675943673
vt 0.600128472 0.673969328
vt 0.598809481 0.675943673
vt 0.601594269 0.670332372
vt 0.601594269 0.670332372
vt 0.600861371 0.67215091
vt 0.600486815 0.681471407
vt 0.600861371 0.67215091
vt 0.600486815 0.681471407
vt 0.600486815 0.681471407
vt 0.599297285 0.67902559
vt 0.600486815 0.681471407
vt 0.601594269 0.670332372
vt 0.599297285 0.67902559
vt 0.606051385 0.6783337
vt 0.605414271 0.676894128
vt 0.607121468 0.680411994
vt 0.607815802 0.676681221
vt 0.608134329 0.677401006
vt 0.6086694 0.678440154
vt 0.610217273 0.676468313
vt 0.600486815 0.681471407
vt 0.600486815 0.681471407
vt 0.600486815 0.681471407
vt 0.600486815 0.681471407
vt 0.600861371 0.67215091
vt 0.600128472 0.673969328
vt 0.598809481 0.675943673
vt 0.599297285 0.67902559
vt 0.600486815 0.681471407
vt 0.600861371 0.67215091
vt 0.611901939 0.675284743
vt 0.61008656 0.673103809
vt 0.609967113 0.674218953
vt 0.608271182 0.670922935
vt 0.608032286 0.673153281
vt 0.602213919 0.66680187
vt 0.601594269 0.670332372
vt 0.600128472 0.673969328
vt 0.606404722 0.675266981
vt 0.609124839 0.674810827
vt 0.608310997 0.675867677
vt 0.610217273 0.676468313
vt 0.600128472 0.673969328
vt 0.601594269 0.670332372
vt 0.601594269 0.670332372
vt 0.600486815 0.681471407
vt 0.598809481 0.675943673
vt 0.600861371 0.67215091
vt 0.600861371 0.67215091
vt 0.600486815 0.681471407
vt 0.600486815 0.681471407
vt 0.598809481 0.675943673
vt 0.599297285 0.67902559
vt 0.600486815 0.681471407
vt 0.601594269 0.670332372
vt 0.605414271 0.676894128
vt 0.608310997 0.675867677
vt 0.607815802 0.676681221
vt 0.610217273 0.676468313
vt 0.608134329 0.677401006
vt 0.606051385 0.6783337
vt 0.599297285 0.67902559
vt 0.607121468 0.680411994
vt 0.608134329 0.677401006
vt 0.6086694 0.678440154
vt 0.610217273 0.676468313
vt 0.600486815 0.681471407
vt 0.600486815 0.681471407
vt 0.600486815 0.681471407
vt 0.600486815 0.681471407
vt 0.600486815 0.681471407
vt 0.600861371 0.67215091
vt 0.600128472 0.673969328
vt 0.598809481 0.675943673
vt 0.600486815 0.681471407
vt 0.599297285 0.67902559
vt 0.600861371 0.67215091
vt 0.619213283 0.368924558
vt 0.630754948 0.395252198
vt 0.624868989 0.3652789
vt 0.627998352 0.41238147
vt 0.615897596 0.415352404
vt 0.627461016 0.425949365
vt 0.607683241 0.427829206
vt 0.608757198 0.443373889
vt 0.62662214 0.442161232
vt 0.608321846 0.450686246
vt 0.626792014 0.451771617
vt 0.607811511 0.458597839
vt 0.62711668 0.459173322
vt 0.607155919 0.45794487
vt 0.607890487 0.442908645
vt 0.606562912 0.427366018
vt 0.61490196 0.414003611
vt 0.618180215 0.368397236
vt 0.619213283 0.368924558
vt 0.624868989 0.3652789
vt 0.6239568 0.36430338
vt 0.609507024 0.466901153
vt 0.625186145 0.466901094
vt 0.629565954 0.466901094
vt 0.62711668 0.474628836
vt 0.607811511 0.475204498
vt 0.626792014 0.482030571
vt 0.608321965 0.48311609
vt 0.607155919 0.475857437
vt 0.62662226 0.491640925
vt 0.607890606 0.490893602
vt 0.608757317 0.490428388
vt 0.606562972 0.506436348
vt 0.627461255 0.507852912
vt 0.607683241 0.50597316
vt 0.614901721 0.519798398
vt 0.615897357 0.518449783
vt 0.627998412 0.521421254
vt 0.618178129 0.565408468
vt 0.619211316 0.564881086
vt 0.630754769 0.538551807
vt 0.624867439 0.5685274
vt 0.619211316 0.564881086
vt 0.624867439 0.5685274
vt 0.623955071 0.56950289
vt 0.628583491 0.451121867
vt 0.628638804 0.458724618
vt 0.631233871 0.466901094
vt 0.629565954 0.466901094
vt 0.62711668 0.459173322
vt 0.626792014 0.451771617
vt 0.628583491 0.451121867
vt 0.62662214 0.442161232
vt 0.628328025 0.440726817
vt 0.629855037 0.423972964
vt 0.627461016 0.425949365
vt 0.627998352 0.41238147
vt 0.629988849 0.410849869
vt 0.632588327 0.396855354
vt 0.630754948 0.395252198
vt 0.628638864 0.475077569
vt 0.62858355 0.482680321
vt 0.62711668 0.474628836
vt 0.626792014 0.482030571
vt 0.62858355 0.482680321
vt 0.62662226 0.491640925
vt 0.628328145 0.493075371
vt 0.629855335 0.509829402
vt 0.627461255 0.507852912
vt 0.627998412 0.521421254
vt 0.629988968 0.522953033
vt 0.632588327 0.536948562
vt 0.630754769 0.538551807
vt 0.310637712 0.644011796
vt 0.307325572 0.678737462
vt 0.311901003 0.644051254
vt 0.309321731 0.680142224
vt 0.300369829 0.680141687
vt 0.30163312 0.68010217
vt 0.297055006 0.645416737
vt 0.299050957 0.644011796
vt 0.313937455 0.657868743
vt 0.313559741 0.657814801
vt 0.314269811 0.66933918
vt 0.313468009 0.669438899
vt 0.303668708 0.666287363
vt 0.304000467 0.65481931
vt 0.303291231 0.666341364
vt 0.303198785 0.654719591
vt 0.309321731 0.680142224
vt 0.313468009 0.669438899
vt 0.313559741 0.657814801
vt 0.311901003 0.644051254
vt 0.307325512 0.67981565
vt 0.303668708 0.666287363
vt 0.303291231 0.666341364
vt 0.30163312 0.68010217
vt 0.299050957 0.644011796
vt 0.303198785 0.654719591
vt 0.304000467 0.65481931
vt 0.307325572 0.644702077
vt 0.303668708 0.666287363
vt 0.307325512 0.67981565
vt 0.30163312 0.68010217
vt 0.303291231 0.666341364
vt 0.303198785 0.654719591
vt 0.299050957 0.644011796
vt 0.317594558 0.644337654
vt 0.313937455 0.657868743
vt 0.314269811 0.66933918
vt 0.317594558 0.679453135
vt 0.313468009 0.669438899
vt 0.309321731 0.680142224
vt 0.311901003 0.644051254
vt 0.313559741 0.657814801
vt 0.313937455 0.657868743
vt 0.317594558 0.644337654
vn -0.647474945 -0.375642359 0.663075387
vn -0.641851664 -0.71610868 0.274253279
vn -0.434364498 -0.308973372 0.8460868
vn -0.635391295 -0.556043446 0.535811126
vn -0.618100643 -0.365111351 0.696164727
vn -0.741100967 -0.104901552 0.663147688
vn -0.740817606 -0.298006028 0.601981401
vn -0.780148387 -0.236133426 0.579318225
vn -0.834318161 -0.540742874 0.107286006
vn -0.752007902 -0.316339642 0.578284979
vn -0.4224222 -0.706464827 -0.567861736
vn -0.97126627 -0.0452649072 0.233651519
vn -0.855372548 -0.471400112 0.214755088
vn -0.860047758 -0.273290753 0.430848122
vn -0.87251246 -0.262219638 0.412265599
vn -0.768532276 -0.139778301 0.624355912
vn -0.706609845 -0.359874547 0.60925585
vn -0.750815868 -0.573015332 -0.328525722
vn -0.932330489 -0.27033633 -0.240163013
vn 0.0402678289 -0.339779705 -0.939642668
vn -0.990876257 0.12545678 0.0492414907
vn 0.000327138318 -0.234626815 -0.972085536
vn 0.0967020616 -0.131858945 -0.986540377
vn 0.117867611 -0.0649551079 -0.990902603
vn -0.000102077429 -0.0558554418 -0.998438895
vn -0.117485911 -0.0646187216 -0.990969956
vn -0.0962651297 -0.131767824 -0.986595273
vn -0.0397874527 -0.339761525 -0.939669609
vn 0.422557175 -0.70647496 -0.567748666
vn 0.932330489 -0.27033636 -0.24016282
vn -0.959408581 0.271852911 0.0750416145
vn -0.883497596 0.461380124 0.0809960663
vn -0.787015975 0.559139013 0.260709524
vn -0.538035333 0.838454843 0.0866686031
vn -0.946666718 0.288734525 0.14301911
vn -0.600796103 0.769888222 0.215211898
vn -0.701173007 0.675722182 0.227499187
vn -1.35369437E-05 -0.385091186 -0.922878563
vn 0.000118972908 -0.314321041 -0.94931674
vn 0.0754414499 -0.447976172 -0.890856922
vn -0.282693267 0.939246714 0.19467929
vn -0.00216893898 0.96159339 0.274469256
vn 0.000852656784 0.948786438 0.315917045
vn 0.7009148 0.675928652 0.227681428
vn 0.279726446 0.940570533 0.192562133
vn -0.00195603236 0.812418282 0.583071828
vn 0.600796044 0.769888222 0.215211987
vn 0.946666598 0.288734972 0.143019065
vn 0.883497655 0.461380064 0.0809960738
vn 0.538035393 0.838454723 0.0866686776
vn 0.990876257 0.125457004 0.0492415428
vn 0.787016034 0.559138834 0.260709524
vn 0.959408462 0.271852911 0.0750416592
vn 0.97126627 -0.0452646874 0.233651549
vn 0.855372667 -0.471399903 0.214755088
vn 0.834318161 -0.540742874 0.107285991
vn 0.440333366 0.743095875 0.503899872
vn 0.317509919 0.760680676 0.566173434
vn -0.204090819 0.917255521 0.342037022
vn 0.305119872 0.796576381 0.521888793
vn 0.238468885 0.387974918 0.890285373
vn 0.242669567 0.408303857 0.879999757
vn 0.438612461 -0.0815324336 0.894970119
vn -0.000860997185 0.390896976 0.920433998
vn 0.108790465 0.517877042 0.848509371
vn -0.000240903886 0.219778046 0.975549877
vn -0.307112545 0.796039999 0.521538317
vn 0.21565488 0.0809231997 0.973110676
vn 0.275592715 0.0807543024 0.957876444
vn -0.109258428 0.51796329 0.84839642
vn -0.440333366 0.743095875 0.503899932
vn -0.242739797 0.40835917 0.879954696
vn -0.000259768363 0.0840126127 0.99646461
vn -0.317509919 0.760680616 0.566173553
vn 0.204090774 0.917255521 0.342037022
vn -0.238468885 0.387974918 0.890285373
vn -0.438612431 -0.081532307 0.894970119
vn -0.215861946 0.0810553655 0.973053753
vn -0.276103973 0.0807660669 0.957728267
vn -0.000857510546 0.0228940677 0.999737561
vn 0.0675551146 0.604957163 0.793387115
vn -0.284972489 -0.157098055 0.945574343
vn 0.042290546 0.985246539 -0.165833697
vn -0.413424045 0.577499986 -0.703970432
vn -0.463313371 0.881314337 -0.0928751901
vn -0.169609845 0.0820509717 -0.982089639
vn 0.104096934 -0.0754379332 -0.99170202
vn -0.344484478 -0.368907511 -0.863271415
vn -0.250744373 -0.41820091 -0.873060882
vn -0.109053358 0.940569699 0.321614593
vn -0.977521002 0.208041757 -0.0342269838
vn -0.896764815 -0.0563976653 -0.438898772
vn -0.0565543994 0.658239365 0.7506814
vn -0.883457541 0.244165763 0.399857134
vn -0.622825563 0.137257397 0.770226359
vn -0.81635493 -0.576159298 0.0400628932
vn -0.325423717 0.0111804567 0.945502222
vn -0.664951146 -0.324855536 -0.672539175
vn -0.808143795 -0.588263333 -0.0291525442
vn -0.687636912 -0.723301172 -0.0631746799
vn -0.810479641 -0.460485816 0.362043411
vn -0.45289889 -0.107718408 0.885030627
vn -0.698264897 -0.576606154 -0.424206913
vn -0.766793907 -0.544953167 0.339194953
vn -0.866257429 -0.497696966 0.0435420983
vn -0.917252898 -0.395165801 -0.0499119684
vn -0.472805351 -0.483939946 -0.736381114
vn -0.762558579 -0.594976187 -0.253983706
vn -0.878426611 -0.463192791 0.117554516
vn -0.403825462 -0.629790783 0.663542449
vn -0.799943388 -0.0782396942 0.594953001
vn -0.720721364 -0.089474678 0.687426388
vn -0.764324844 -0.54863286 0.338835657
vn -0.739343166 -0.51617372 0.432361484
vn -0.663197339 -0.507993281 0.549647272
vn -0.61170131 0.0850621238 0.786502302
vn -0.745578349 0.0318800509 0.665654957
vn -0.492236108 0.0034799031 0.870454848
vn -0.838745713 -0.324682802 0.437134683
vn -0.805357933 -0.374521017 0.459491789
vn -0.79218781 -0.530703783 0.301317275
vn -0.787955761 -0.594729602 0.15944387
vn -0.554554105 -0.563985467 0.611874223
vn -0.59640193 -0.722169697 0.350393355
vn -0.651454151 -0.700800955 0.290663928
vn -0.376674473 -0.746035159 0.549133778
vn 0.00155607029 -0.964644372 0.263550371
vn -0.298774064 -0.404503644 0.864355743
vn -0.610534966 0.0433151424 0.790803909
vn -0.472696483 0.0940898284 0.876187921
vn -0.493783206 -0.69979322 0.516205132
vn -0.309592009 -0.710529625 0.631902218
vn -0.415335983 -0.888706505 0.194156766
vn 0.00950055383 -0.95233345 -0.304910958
vn 0.0406596214 -0.967062294 0.251271188
vn -0.2252478 -0.680854559 0.696922064
vn -0.536771595 -0.353342354 0.766175866
vn -0.244005919 -0.968595207 -0.0477959551
vn -0.388421476 -0.919851899 0.0547832735
vn -0.213446975 -0.917555213 -0.335459083
vn -0.0346421823 -0.440915674 -0.896879792
vn -0.24347502 -0.466179967 -0.850527048
vn -0.638220906 -0.611511827 0.467682868
vn -0.556505859 -0.450504839 -0.698102176
vn -0.689038277 -0.263313025 -0.675198078
vn -0.842964351 -0.182498157 -0.506068766
vn -0.706883013 -0.323591381 -0.628971398
vn -0.737954319 -0.67397505 0.0343648791
vn -0.827470124 -0.267378151 -0.493763268
vn -0.274014741 -0.462684661 0.843112528
vn -0.154983953 -0.214612961 0.964324176
vn -0.0941252857 -0.620178401 0.778793395
vn -0.119430967 -0.200962469 0.972291231
vn -0.306728572 -0.47504732 0.824771225
vn -0.00190576573 -0.393694848 0.919239283
vn -0.574075699 -0.148122415 0.805292964
vn 0.11815957 -0.200924352 0.972454429
vn -0.00296994322 -0.403717488 0.914878905
vn -0.000692481641 -0.169140905 0.98559165
vn 0.303939611 -0.475067377 0.825791478
vn -0.411543757 -0.0811155289 0.907773137
vn -0.00113511679 -0.0947577506 0.995499671
vn 0.573615193 -0.148227274 0.805601835
vn 0.647474945 -0.375642419 0.663075387
vn 0.741100967 -0.104901597 0.663147688
vn 0.0941252932 -0.620178401 0.778793395
vn 0.410394251 -0.0811206475 0.908293009
vn 0.154983982 -0.214612961 0.964324296
vn -0.649704039 -0.136773273 0.747781873
vn -0.00112651696 -0.198660687 0.98006767
vn -0.471720278 -0.155988067 0.867840767
vn -0.00129035709 -0.446379036 0.894843102
vn -0.846819043 0.00120363059 0.531879663
vn 0.47072643 -0.156219646 0.868338645
vn 0.737954319 -0.67397505 0.0343648456
vn -0.816417873 -0.373470157 0.44043383
vn 0.649704099 -0.136773318 0.747781873
vn 0.827470124 -0.267378151 -0.493763268
vn 0.842964351 -0.182498038 -0.506068766
vn 0.274014741 -0.462684661 0.843112528
vn 0.706883073 -0.323591322 -0.628971398
vn 0.492236137 0.00348008494 0.870454729
vn 0.638220906 -0.611511707 0.467682987
vn 0.556505859 -0.45050478 -0.698102117
vn 0.689038277 -0.263312876 -0.675198197
vn 0.243474931 -0.466180086 -0.850526989
vn 0.213446841 -0.917555273 -0.335459083
vn 0.0346422046 -0.440915883 -0.896879554
vn 0.244005859 -0.968595207 -0.0477962568
vn 0.388421834 -0.91985172 0.0547834374
vn 0.805357754 -0.374521136 0.45949176
vn 0.61170131 0.0850616693 0.786502421
vn 0.745578349 0.0318799391 0.665655017
vn 0.651453972 -0.700801075 0.290663987
vn 0.663197398 -0.507993162 0.549647391
vn 0.838745952 -0.324681729 0.437134802
vn 0.787955701 -0.594729722 0.159443885
vn 0.309591919 -0.710529685 0.631902218
vn 0.596402109 -0.722169518 0.350393444
vn 0.79218787 -0.530703604 0.301317275
vn 0.415335864 -0.888706505 0.194156781
vn 0.536771595 -0.353342354 0.766175866
vn 0.2252478 -0.680854559 0.696922123
vn -0.0406595767 -0.967062294 0.251271337
vn -0.00950049423 -0.95233351 -0.304910839
vn 0.493782818 -0.699793339 0.516205192
vn 0.554553986 -0.563985586 0.611874223
vn 0.472696424 0.0940899402 0.876187801
vn 0.740817606 -0.298006147 0.601981401
vn 0.641851544 -0.716108799 0.274253279
vn 0.376674503 -0.746035039 0.549134016
vn 0.610534966 0.0433155969 0.790803909
vn 0.298774004 -0.404503673 0.864355862
vn -0.00155613606 -0.964644372 0.263550639
vn 0.780148327 -0.236133382 0.579318285
vn 0.635391235 -0.556043446 0.535811186
vn 0.618100464 -0.36511147 0.696164727
vn 0.434364498 -0.308973461 0.8460868
vn 0.752007723 -0.31633985 0.57828486
vn 0.860047817 -0.273290426 0.430848151
vn 0.87251246 -0.262219548 0.412265658
vn 0.768532276 -0.139778256 0.624355853
vn 0.706609905 -0.359874517 0.60925585
vn 0.75081569 -0.573015392 -0.328525633
vn 0.846819043 0.00120357971 0.531879663
vn 0.816417873 -0.373470128 0.44043383
vn 0.883473396 0.337180734 0.325244308
vn 0.980148315 0.183688417 0.0746186152
vn 0.418973953 -0.354972243 0.835736573
vn 0.684830964 -0.728659213 0.00789091922
vn 0.857221365 -0.0835100338 0.508131444
vn 0.363124043 -0.50594157 -0.782409132
vn 0.777473569 -0.0944028348 -0.621790111
vn 0.991164744 -0.0486204699 -0.12340349
vn 0.203504533 -0.196916968 -0.959067106
vn 0.04392647 -0.140906245 -0.989047945
vn 0.210616037 -0.639954805 -0.738984942
vn 0.169535726 -0.464730203 -0.86907047
vn 0.0351433381 -0.557167113 -0.829656422
vn 0.0747789964 -0.68523711 -0.724471033
vn -0.0752497092 -0.447996914 -0.890862584
vn 0.747757554 -0.0543014891 0.661747754
vn 0.989404559 0.123719059 -0.0759753287
vn 0.783807814 0.0954221338 -0.613628447
vn 0.584859848 -0.038887687 -0.810201705
vn 0.00843996555 -0.0339695401 -0.999387264
vn 0.322766423 -0.114291042 0.939552784
vn 0.946018577 0.00980507862 -0.32396391
vn 0.444522023 0.191157773 -0.875133693
vn 0.833727121 0.543329537 0.0984483585
vn 0.532247186 -0.24824588 -0.809374392
vn 0.619238734 0.353187472 0.701285899
vn 0.298851252 0.232170433 0.925626755
vn -0.00146175025 0.252730697 0.967535555
vn -0.001963177 -0.104927048 0.994477987
vn -0.324514747 -0.113960624 0.938990533
vn -0.299927175 0.23264204 0.925160229
vn -0.41993466 -0.354792476 0.835330606
vn -0.747757554 -0.0543014891 0.661747634
vn -0.619238734 0.353187531 0.701285899
vn -0.833727121 0.543329418 0.0984483287
vn -0.883473456 0.337180644 0.325244337
vn -0.857221365 -0.0835101083 0.508131444
vn -0.980148315 0.183688357 0.0746186227
vn -0.989404559 0.123719119 -0.0759753436
vn -0.684830964 -0.728659213 0.00789090898
vn -0.991164744 -0.0486204177 -0.123403527
vn -0.946018577 0.00980530027 -0.323964
vn -0.532247305 -0.248245835 -0.809374392
vn -0.777473509 -0.0944027975 -0.621790171
vn -0.783807814 0.0954221115 -0.613628447
vn -0.363124132 -0.505941629 -0.782409132
vn -0.584859848 -0.0388876311 -0.810201645
vn -0.444522023 0.191157728 -0.875133693
vn -0.678348422 0.102136627 -0.727606833
vn -0.203504607 -0.196916878 -0.959067106
vn -0.0437318534 -0.140751809 -0.989078581
vn -0.210616067 -0.639954686 -0.738985062
vn -0.169535741 -0.464730352 -0.869070411
vn -0.034999907 -0.557139695 -0.82968086
vn -0.0747790635 -0.685236394 -0.724471629
vn -0.00822460745 -0.0339286886 -0.999390364
vn -0.0499984585 0.278417021 -0.959158003
vn -0.099695228 0.308884472 -0.945860088
vn -0.3993994 0.104929961 -0.910752296
vn -0.210061163 -0.245607689 -0.946335673
vn -0.0408380218 0.210009024 -0.976846159
vn -0.00125441898 0.289005935 -0.957326531
vn -0.0220762528 -0.231661826 -0.972545862
vn -0.0374640785 0.383032858 -0.922974706
vn 0.000285872055 -0.339936107 -0.940448523
vn -0.0422417149 0.518243492 -0.854189336
vn -0.000806686119 0.302061021 -0.953288257
vn -0.0718255192 -0.72473079 -0.685278356
vn -0.000293995021 -0.832593262 -0.553884685
vn -0.0806270242 -0.902066827 -0.423998386
vn 0.0192736983 -0.827229977 -0.561532795
vn -0.136644065 -0.880480409 -0.45396328
vn -0.0729889423 -0.938972533 -0.336159527
vn -0.214564696 -0.965487123 -0.147637054
vn -0.0596596077 -0.962592304 -0.26430434
vn 0.134577841 -0.760350645 -0.635417759
vn -0.0903470442 -0.980473101 0.174671412
vn 0.245861769 -0.960456073 -0.130675241
vn 0.307183385 -0.903657258 -0.298398763
vn -0.109574184 -0.98501277 -0.133204475
vn -0.00316272769 -0.955986202 -0.293394357
vn 0.259800017 -0.905576646 -0.335313022
vn 0.00944775902 -0.849739611 -0.527117968
vn 0.0502101481 -0.857469261 -0.512079418
vn 0.000375435135 -0.869405448 -0.494099349
vn 0.000577519822 -0.745045185 -0.667013824
vn -0.134121686 -0.760140717 -0.635765314
vn -0.307957023 -0.950188696 -0.047998745
vn -0.0288775507 -0.973805308 -0.225542337
vn -0.33627668 -0.884080648 -0.324529409
vn 0.00190087385 -0.973597527 -0.228263572
vn -0.0496612899 -0.85665375 -0.513496041
vn 0.0308621917 -0.973791242 -0.225339785
vn 0.0596596226 -0.962592304 -0.26430434
vn 0.214564636 -0.965487123 -0.147637025
vn 0.00715059182 -0.955637097 -0.294460058
vn -0.00944773108 -0.849739671 -0.527117848
vn 0.0729889274 -0.938972533 -0.336159587
vn 0.136644065 -0.880480409 -0.453963339
vn -0.0192736834 -0.827230036 -0.561532736
vn -0.307183325 -0.903657258 -0.298398763
vn -0.259800017 -0.905576706 -0.335312933
vn -0.245861769 -0.960456073 -0.130675316
vn 0.109574266 -0.98501277 -0.133204564
vn 0.336276799 -0.884080648 -0.324529499
vn 0.307957053 -0.950188696 -0.0479987413
vn 0.0903470442 -0.980473101 0.174671292
vn 0.0802978352 -0.902024448 -0.424151033
vn 0.0714872777 -0.724906683 -0.685127556
vn 0.0225951094 -0.232034087 -0.97244519
vn 0.037153434 0.383478045 -0.922802389
vn 0.0405776687 0.519735456 -0.853363037
vn 0.0397939235 0.210590675 -0.976764083
vn 0.0996952206 0.308884442 -0.945860088
vn 0.210061178 -0.245607689 -0.946335673
vn 0.678348422 0.102136597 -0.727606773
vn 0.0499984585 0.278417021 -0.959158003
vn 0.399497837 0.104571544 -0.910750449
vn 9.41899852E-05 0.402463347 -0.915436089
vn 0.000237775326 0.334047228 -0.942556322
vn 0.000283296395 0.0739945322 -0.997258544
vn 0.00011388144 -0.0280312169 -0.999607027
vn 0.000157375966 -0.05698888 -0.99837482
vn 0.000193770247 -0.103356034 -0.994644403
vn 0.000218757894 -0.307412773 -0.951576233
vn 0.000152755209 -0.50696665 -0.861965716
vn 0.000147530503 -0.535416603 -0.844588041
vn 0.000103885024 -0.406201035 -0.913783729
vn -0.546158075 -0.83093214 0.106128685
vn -0.768211722 -0.578021526 0.275212228
vn -0.940321505 -0.0269201007 0.339220911
vn -0.940164983 0.0745873302 0.332455426
vn -0.978422046 0.015563882 0.206028953
vn -0.903930426 0.118357435 0.410975933
vn -0.980839014 0.091666542 0.171906978
vn -0.993646622 -0.000309932628 0.112544894
vn -0.923241079 0.206210911 0.324195981
vn -0.628492475 0.580480456 0.517725468
vn -0.997703612 0.0437752418 0.0516847745
vn -0.998956561 -0.0248736069 0.038303718
vn -0.957983911 0.260448933 0.120138653
vn -0.677110016 0.590611219 0.438976675
vn 1.79707808E-06 0.880696237 0.47368148
vn -7.11789544E-05 0.895310581 0.445442319
vn 0.677084863 0.590622127 0.439000636
vn 0.628492534 0.580480456 0.517725408
vn 0.923241138 0.206210911 0.324195862
vn 0.903930485 0.118357487 0.410975844
vn 0.957983792 0.260449022 0.120138653
vn 0.940164983 0.07458736 0.332455397
vn 0.940321505 -0.0269201472 0.339220911
vn 0.980839133 0.0916664377 0.171906859
vn 0.997703612 0.043775022 0.0516847484
vn 0.546157837 -0.83093214 0.106128909
vn 0.768211722 -0.578021586 0.275212228
vn 0.978422165 0.0155634647 0.206028834
vn 0.993646622 -0.000310523261 0.112544827
vn 0.998956561 -0.024874378 0.0383036584
vn -0.768211722 -0.578021526 0.275212228
vn -0.546158075 -0.83093214 0.106128685
vn 0.370644629 -0.928774357 -0.000896827085
vn 0.564508617 -0.823339701 -0.0586665124
vn 0.376955271 -0.914795876 -0.145096913
vn 0.768211722 -0.578021586 0.275212228
vn -0.370645225 -0.928774118 -0.000896730751
vn 0.546157837 -0.83093214 0.106128909
vn -0.376955569 -0.914795816 -0.145096764
vn -0.564509273 -0.823339283 -0.0586664006
vn 0.998956561 0.024870446 -0.0383049473
vn 0.997703135 -0.043117553 -0.0522431694
vn 0.993665457 0.000336729368 -0.112378471
vn 0.980834067 -0.0919020995 -0.171809375
vn 0.97773391 -0.0172875989 -0.209134951
vn 0.958196163 -0.26013273 -0.119126193
vn 0.939913332 -0.0747489333 -0.333129913
vn 0.961835623 0.0688095614 -0.264834762
vn 0.922693908 -0.207861915 -0.324698746
vn 0.68212688 -0.589573562 -0.432557553
vn 0.939958513 0.0279103629 -0.340145677
vn 0.764153421 0.584786654 -0.272202373
vn 0.654584527 0.720485508 -0.228953391
vn 0.904033184 -0.118225522 -0.41078791
vn 0.625788629 -0.584729254 -0.516217351
vn -2.25059671E-06 -0.880253375 -0.474504024
vn 7.40569667E-05 -0.894735992 -0.44659546
vn -0.682100475 -0.589585483 -0.432582736
vn -0.625788689 -0.584728539 -0.516217947
vn -0.922693908 -0.207862332 -0.324698538
vn -0.904033005 -0.118225604 -0.410788387
vn -0.958195746 -0.260134101 -0.119126685
vn -0.939913332 -0.0747487992 -0.333129972
vn -0.939958096 0.0279103648 -0.34014681
vn -0.980834067 -0.0919020697 -0.171809301
vn -0.997703135 -0.0431179032 -0.0522432923
vn -0.993665457 0.000337077625 -0.112378366
vn -0.998956561 0.0248709638 -0.0383048803
vn -0.97773391 -0.017287299 -0.209135041
vn -0.961835623 0.0688097402 -0.26483503
vn -0.764154732 0.584784806 -0.272202641
vn -0.654586792 0.720483422 -0.228953585
vn -0.368542284 0.482150704 -0.794800103
vn -0.369802743 0.287957937 -0.883360744
vn -0.369935602 0.28780812 -0.883353949
vn -0.368274659 0.481057316 -0.795586407
vn -0.537759602 0.687257051 -0.488356709
vn -0.529072881 0.683601975 -0.502762675
vn 0.368537039 0.482152313 -0.794801593
vn 0.529068112 0.683604062 -0.502764821
vn 0.537755251 0.687259078 -0.488358736
vn 0.368269414 0.481058836 -0.795587838
vn 0.369939685 0.287807733 -0.88335222
vn 0.369806856 0.287957639 -0.883359134
vn -0.369935602 0.28780812 -0.883353949
vn -0.369802743 0.287957937 -0.883360744
vn -0.45584321 0.285878807 -0.842899919
vn -0.455832779 0.285868406 -0.842909038
vn 0.455839276 0.285872847 -0.84290415
vn 0.455849767 0.285883248 -0.842894912
vn 0.369806856 0.287957639 -0.883359134
vn 0.369939685 0.287807733 -0.88335222
vn 0.0875648037 0.40681386 0.909304619
vn 0.0541370586 0.625127435 0.778642952
vn 0.0541370586 0.625127435 0.778642952
vn 0.0881820172 0.402117491 0.911331594
vn 0.185044453 0.0506623983 0.981423318
vn 0.185696453 0.0496414043 0.981352389
vn 0.177396551 -0.243429586 0.953557789
vn 0.171090886 -0.257995367 0.950876653
vn 1.03996481E-05 -0.437521845 0.89920783
vn 1.01638989E-05 -0.437521845 0.89920783
vn -0.177399337 -0.243440121 0.95355463
vn -0.171088353 -0.258015424 0.950871587
vn -0.185046375 0.0506601259 0.98142308
vn -0.185698494 0.0496391356 0.98135215
vn -0.0875571966 0.406814098 0.909305215
vn -0.0881742686 0.402117789 0.911332309
vn -0.0541370288 0.625127733 0.778642654
vn -0.0541370288 0.625127733 0.778642654
vn 0.546157837 -0.83093214 0.106128909
vn -0.376955569 -0.914795816 -0.145096764
vn -0.0527947359 -0.975136995 -0.21522215
vn -0.052759748 -0.975140393 -0.215215296
vn 0.000368858193 -0.995934963 0.0900737345
vn 3.07468035E-05 -0.995718181 0.0924407691
vn -0.0403144024 -0.927768886 0.370971292
vn -0.0403144024 -0.927768886 0.370971292
vn 0.0527620055 -0.975140274 -0.21521537
vn 0.376955271 -0.914795876 -0.145096913
vn -0.546158075 -0.83093214 0.106128685
vn 0.0527969897 -0.975136876 -0.215222195
vn -2.84856615E-05 -0.995718181 0.092440784
vn -0.000366575463 -0.995934963 0.0900737643
vn 0.0403144024 -0.927768886 0.370971292
vn 0.0403144024 -0.927768886 0.370971292
vn -0.455832779 0.285868406 -0.842909038
vn -0.45584321 0.285878807 -0.842899919
vn 8.5592801E-06 0.379687041 -0.925114989
vn -5.49517154E-06 0.379687041 -0.925114989
vn 0.455849767 0.285883248 -0.842894912
vn 0.455839276 0.285872847 -0.84290415
vn 0.537755251 0.687259078 -0.488358736
vn 0.529068112 0.683604062 -0.502764821
vn 0.638287246 0.716301262 -0.281960666
vn 0.638287246 0.716301262 -0.281960666
vn -0.638286769 0.716301858 -0.281960428
vn -0.638286769 0.716301858 -0.281960428
vn -0.529072881 0.683601975 -0.502762675
vn -0.537759602 0.687257051 -0.488356709
vn 0.81047982 -0.460485399 0.362043738
vn 0.687636912 -0.723301172 -0.0631747544
vn 0.698264062 -0.57660687 -0.424207211
vn 0.766793549 -0.544953465 0.339195132
vn 0.816355765 -0.576158226 0.0400633812
vn 0.622824967 0.137258306 0.770226717
vn 0.325423717 0.0111804791 0.945502222
vn 0.45289886 -0.107718602 0.885030627
vn -0.0675551817 0.604957163 0.793387175
vn 0.284972489 -0.1570981 0.945574343
vn 0.883457184 0.244167104 0.399857134
vn 0.0565542318 0.658239603 0.750681221
vn 0.40382573 -0.629790306 0.663542807
vn 0.109053552 0.94056958 0.321614802
vn 0.977520764 0.208042473 -0.0342264473
vn 0.764324725 -0.548632979 0.338835686
vn 0.739343286 -0.516173303 0.432361871
vn 0.87842679 -0.463192523 0.117554516
vn 0.463313848 0.881314039 -0.0928749442
vn 0.762558758 -0.594975948 -0.253983557
vn 0.250744402 -0.41820085 -0.873060882
vn 0.799943388 -0.0782395825 0.594953179
vn 0.720721424 -0.0894750431 0.687426329
vn 0.917253017 -0.395165354 -0.0499119274
vn 0.472805381 -0.483940125 -0.736381054
vn 0.344484627 -0.368907362 -0.863271415
vn -0.104096934 -0.0754379779 -0.99170202
vn -0.0422905274 0.985246539 -0.165833756
vn 0.413424522 0.57749939 -0.703970671
vn 0.169609636 0.0820510611 -0.982089639
vn 0.664951205 -0.324854434 -0.672539532
vn 0.896764696 -0.0563976653 -0.438898921
vn 0.86625725 -0.497697294 0.0435418151
vn 0.808144748 -0.588261962 -0.0291527081
vn 0.241876692 0.81156826 0.531839013
vn -0.347849071 0.411115021 -0.842606246
vn -0.40181461 0.910082519 0.1014634
vn -0.868870974 -0.378915131 0.318569481
vn -0.868870974 -0.378915131 0.318569481
vn -0.868870974 -0.378915131 0.318569481
vn -0.488279372 0.527386606 0.695303261
vn -0.718513966 -0.0854369774 0.690245092
vn -0.707067788 -0.525453508 0.473237485
vn -0.285785943 -0.957361281 0.0422590971
vn -0.442993224 -0.305849254 0.84274143
vn -0.124235503 -0.992250979 -0.00188027881
vn -0.064885281 -0.447455704 0.891949177
vn -0.133725598 0.531916797 0.836170912
vn -0.171911672 0.770416081 0.613926113
vn -0.718513966 -0.0854369774 0.690245092
vn -0.0619184747 0.786022723 0.61508888
vn -0.488279372 0.527386606 0.695303261
vn 0.54391861 0.63723135 -0.545975029
vn 0.298173249 0.659556746 -0.689983904
vn -0.188958839 0.954154551 -0.232128739
vn 0.122254752 -0.518540084 -0.846268296
vn 0.235493436 -0.420665443 -0.876118422
vn 0.336242914 -0.370701283 -0.865749002
vn -0.0583850071 -0.693539143 -0.718049288
vn -0.285785943 -0.957361281 0.0422590971
vn -0.124235503 -0.992250979 -0.00188027881
vn -0.004874242 -0.138848871 -0.990301609
vn 0.241876692 0.81156826 0.531839013
vn -0.347849071 0.411115021 -0.842606246
vn 0.0046984097 -0.866490483 -0.499171376
vn 0.548743665 0.0997313485 0.830020607
vn 0.383310109 -0.69622612 0.606912255
vn 0.748145461 -0.605774283 -0.270769179
vn 0.965254605 0.240779951 -0.101531185
vn 0.677163363 0.649313331 -0.346182019
vn 0.292564869 -0.109393902 -0.949967802
vn 0.920970678 0.308770388 -0.237642094
vn 0.748145461 -0.605774283 -0.270769179
vn -0.0379476473 -0.429902554 -0.902077377
vn 0.292564869 -0.109393902 -0.949967802
vn -0.27937299 -0.219556615 -0.934743643
vn 0.965254605 0.240779951 -0.101531185
vn 0.548743665 0.0997313485 0.830020607
vn -0.502304256 -0.562097073 0.65706718
vn 0.884541154 -0.388243854 0.258560896
vn 0.193705887 -0.818941772 -0.540196657
vn 0.603557289 -0.413967043 -0.681432307
vn 0.151189834 -0.51736033 -0.842306316
vn 0.643789053 0.0814041048 -0.760860801
vn 0.166142836 0.0395765863 -0.985307217
vn -0.602195799 -0.237055704 -0.762341678
vn -0.758014441 -0.382239848 -0.528494775
vn 0.193705887 -0.818941772 -0.540196657
vn -0.727561533 -0.337997764 -0.597002208
vn -0.502304256 -0.562097073 0.65706718
vn -0.953149199 0.154988199 -0.259779423
vn -0.991677523 -0.127508178 0.0178135056
vn -0.711445332 -0.601580858 0.363243878
vn -0.316577733 0.548176408 -0.77413249
vn -0.783042967 -0.000690072542 -0.621967137
vn 0.347939312 0.649481475 -0.676100671
vn 0.643789053 0.0814041048 -0.760860801
vn 0.239687309 0.969126284 0.0578289889
vn 0.70381844 0.67999804 -0.205529392
vn 0.239687309 0.969126284 0.0578289889
vn 0.47082895 0.798800647 0.374483317
vn -0.424845487 0.902750731 0.0674343184
vn -0.244626433 0.961079001 -0.128393739
vn -0.316577733 0.548176408 -0.77413249
vn -0.244626433 0.961079001 -0.128393739
vn -0.550484061 0.806689918 -0.214985386
vn -0.424845487 0.902750731 0.0674343184
vn -0.650473416 0.759207189 0.0221053269
vn -0.0508099683 -0.601315796 0.797394216
vn 0.34632045 -0.0979752988 0.932986021
vn 0.63383472 0.174044341 0.753632724
vn 0.209876731 0.378911197 0.9013201
vn 0.0218449309 0.644702673 0.764121234
vn 0.408577234 0.38494733 0.827574849
vn -0.502304256 -0.562097073 0.65706718
vn 0.884541154 -0.388243854 0.258560896
vn 0.848025322 0.0917297229 0.521956503
vn 0.692394197 -2.90319513E-05 0.721519411
vn 0.464606375 -0.326531082 0.82311511
vn 0.194140062 -0.468437672 0.861902475
vn 0.412619323 -0.0523037538 0.909400642
vn 0.481895328 0.058071062 0.874302387
vn -0.783042967 -0.000690072542 -0.621967137
vn -0.0677501783 -0.996923506 -0.0394114368
vn -0.0508099683 -0.601315796 0.797394216
vn 0.376234591 -0.917077005 0.131974608
vn 0.653059483 0.106766142 -0.749742866
vn -0.399049461 -0.739445508 -0.542199075
vn 0.329743475 -0.896881104 0.29474318
vn -0.429563493 -0.853152931 -0.295982182
vn 0.122843556 -0.765476763 0.631628692
vn -0.54328239 -0.776881099 -0.318276674
vn -0.301183552 -0.587597013 0.75101155
vn 0.384617448 0.00560352392 0.923059106
vn 0.633499503 0.129872695 0.762765706
vn 0.329743475 -0.896881104 0.29474318
vn 0.758148968 0.0125564458 0.651960611
vn 0.653059483 0.106766142 -0.749742866
vn 0.608540535 0.680437624 0.408268243
vn 0.19404237 0.972951293 0.125352636
vn 0.85348165 0.52076149 -0.019407982
vn -0.535921156 0.404633403 -0.740986109
vn -0.399049461 -0.739445508 -0.542199075
vn -0.429563493 -0.853152931 -0.295982182
vn -0.426046252 0.00302004581 -0.904696345
vn -0.310406089 0.533336699 -0.786892593
vn -0.54328239 -0.776881099 -0.318276674
vn -0.0672833622 0.000415344868 -0.997733831
vn 0.544504046 0.439657837 0.714294255
vn 0.626474857 0.0392739065 -0.778451562
vn -0.590508997 -0.366167933 -0.719180167
vn -0.234488115 0.313731432 0.920102119
vn -0.866348028 -0.215025142 0.450782895
vn -0.901080668 0.377528101 -0.213368312
vn -0.361196399 0.907401383 0.214848742
vn 0.299949378 0.94615531 0.121739313
vn -0.272075623 0.379823416 -0.884143054
vn -0.901080668 0.377528101 -0.213368312
vn -0.248691171 -0.0974400267 -0.963669181
vn -0.272075623 0.379823416 -0.884143054
vn -0.235223994 0.345838994 -0.908330977
vn -0.361196399 0.907401383 0.214848742
vn -0.234488115 0.313731432 0.920102119
vn 0.544504046 0.439657837 0.714294255
vn 0.882379055 0.199688479 0.426065356
vn 0.626474857 0.0392739065 -0.778451562
vn 0.299949378 0.94615531 0.121739313
vn 0.0910911858 -0.12288139 0.988232076
vn 0.424016833 -0.156387866 0.892049611
vn 0.0657698438 -0.236150727 0.969488084
vn 0.849958897 -0.204276621 0.485634625
vn 0.0563969165 -0.544983447 0.836547911
vn 0.914942861 -0.302162796 0.267539173
vn 0.134141698 -0.907760382 0.397463381
vn -0.713213444 -0.54218322 0.444256753
vn -0.860605001 -0.094162792 0.500492156
vn 0.0657698438 -0.236150727 0.969488084
vn -0.289250523 -0.233754247 0.928274214
vn 0.0910911858 -0.12288139 0.988232076
vn -0.468878686 -0.806181371 -0.36086604
vn 0.339173257 -0.892454028 -0.297468156
vn 0.914942861 -0.302162796 0.267539173
vn 0.283539712 -0.35019964 -0.892729223
vn 0.673589349 -0.573570073 -0.466148943
vn 0.283539712 -0.35019964 -0.892729223
vn 0.493475288 -0.169672638 -0.853049397
vn -0.205216438 -0.0511344858 -0.977379978
vn -0.170602247 -0.281499565 -0.94427377
vn -0.468878686 -0.806181371 -0.36086604
vn -0.967509568 -0.200979069 -0.153403237
vn -0.170602247 -0.281499565 -0.94427377
vn -0.4072299 -0.20116967 -0.890895307
vn -0.205216438 -0.0511344858 -0.977379978
vn -0.438811481 0.0185722038 -0.898387134
vn -0.735049963 0.655356884 0.173806936
vn -0.0203412194 0.921728015 0.387303084
vn -0.411211878 0.60577327 -0.681133926
vn -0.867629409 0.159039095 -0.471090078
vn -0.507645845 0.247668296 -0.825200677
vn -0.112984605 0.26064828 -0.95879972
vn 0.773364246 0.508539677 -0.378543407
vn 0.572467387 0.412662804 -0.708512843
vn 0.921140552 0.321038187 -0.220078453
vn 0.849958897 -0.204276621 0.485634625
vn 0.914942861 -0.302162796 0.267539173
vn 0.358564138 0.9177652 -0.170700714
vn 0.462591082 0.833238006 0.302859336
vn 0.233805269 0.901654065 0.363806456
vn 0.641062379 0.757162213 -0.125476331
vn 0.754976511 0.601070106 -0.262154788
vn -0.967509568 -0.200979069 -0.153403237
vn -0.251370579 0.29626447 0.921433806
vn -0.0203412194 0.921728015 0.387303084
vn 0.247908503 0.20159997 0.947575271
vn 0.401310414 -0.812531471 0.422779709
vn -0.495282948 -0.568730712 -0.65668875
vn -0.896090806 -0.202036396 0.39522478
vn -0.990154743 0.0764579475 0.117251053
vn -0.482152134 -0.125855938 -0.867000341
vn -0.875854552 0.399685711 0.270426035
vn -0.424494147 0.488295943 -0.762477398
vn 0.346333921 -0.115663528 -0.930953741
vn 0.512443423 -0.339569449 -0.788729548
vn -0.495282948 -0.568730712 -0.65668875
vn 0.500498116 -0.32455194 -0.802600563
vn 0.401310414 -0.812531471 0.422779709
vn 0.831839025 -0.0931316912 -0.547147453
vn 0.81668818 -0.38264358 -0.431977063
vn 0.552497625 -0.823774934 -0.127048567
vn 0.23338154 0.703492284 -0.671291053
vn 0.579437792 0.0447959676 -0.81378442
vn -0.364823908 0.904188812 -0.22213994
vn 0.000152554188 0.916122615 0.400898248
vn 0.465877086 0.884107113 0.0362367183
vn -0.875854552 0.399685711 0.270426035
vn 0.709443986 0.663510203 -0.237578452
vn 0.695020497 0.708603859 0.121766329
vn 0.855332255 0.513136744 -0.0713951588
vn 0.145206735 -0.860672593 0.488014102
vn -0.528659463 0.255305856 0.809529543
vn 0.000152554188 0.916122615 0.400898248
vn -0.138188615 -0.338886708 0.930623353
vn -0.423148304 0.103202082 0.90016377
vn -0.0163708832 0.113889128 0.993358552
vn -0.990154743 0.0764579475 0.117251053
vn 0.186792672 0.366410613 0.911510646
vn -0.214849338 0.21986638 0.951576889
vn -0.896090806 -0.202036396 0.39522478
vn 0.401310414 -0.812531471 0.422779709
vn -0.134552285 0.01040952 0.99085182
vn -0.19496657 -0.166387394 0.966593623
vn -0.245886594 -0.019995397 0.96909225
vn 0.695020497 0.708603859 0.121766329
vn 0.465877086 0.884107113 0.0362367183
vn 0.23338154 0.703492284 -0.671291053
vn 0.579437792 0.0447959676 -0.81378442
vn 0.145206735 -0.860672593 0.488014102
vn -0.175604016 -0.914601684 -0.364234746
vn -0.583593547 -0.811450541 0.0310888328
vn 0.0236053187 -0.14485082 0.989171922
vn 0.482058793 -0.386888981 0.786089301
vn -0.442054391 -0.0838527456 0.893060267
vn 0.268245786 -0.615145266 0.741377532
vn -0.611964285 -0.319595158 0.723435283
vn 0.325480938 -0.786104321 0.525454283
vn -0.608632207 -0.753907263 0.247367218
vn -0.977540135 0.17345883 -0.119696893
vn -0.833716333 0.551989138 -0.0150008723
vn -0.442054391 -0.0838527456 0.893060267
vn -0.748425364 0.161446244 0.643268764
vn 0.0236053187 -0.14485082 0.989171922
vn -0.630282104 -0.265647948 -0.729503751
vn -0.153416216 -0.960921586 -0.23041974
vn 0.302740991 -0.654379666 -0.692917943
vn 0.325480938 -0.786104321 0.525454283
vn -0.55387491 0.580508351 -0.596852362
vn 0.00516261067 -0.178779006 -0.983875692
vn -0.168613508 0.0705016032 -0.983157694
vn 0.125591323 0.00699460646 -0.992057383
vn -0.0660867691 0.275054932 -0.959154487
vn -0.123017162 0.983675659 -0.13133508
vn 0.345047712 0.746982157 0.568295598
vn 0.734586298 -0.580370188 0.351501822
vn 0.302740991 -0.654379666 -0.692917943
vn 0.319997758 0.565035224 -0.760484517
vn -0.380212933 0.483081728 -0.78871429
vn 0.0513546132 0.340993404 -0.938661873
vn 0.0239060465 0.277079761 -0.960549474
vn 0.541998923 0.189107865 -0.818825662
vn 0.964572608 -0.210748047 0.158697933
vn 0.876295447 0.38041845 0.2956146
vn 0.268245786 -0.615145266 0.741377532
vn 0.825681865 -0.34403345 0.447091252
vn 0.482058793 -0.386888981 0.786089301
vn 0.0236053187 -0.14485082 0.989171922
vn 0.543948531 0.550137877 0.633615196
vn 0.885342121 0.0104712974 0.464822263
vn 0.896404862 -0.279938579 0.343646199
vn 0.558302999 -0.6484797 -0.517466784
vn 0.125591323 0.00699460646 -0.992057383
vn 0.00516261067 -0.178779006 -0.983875692
vn -0.630282104 -0.265647948 -0.729503751
vn -0.55387491 0.580508351 -0.596852362
vn -0.300287515 0.593804657 0.746474028
vn 0.345047712 0.746982157 0.568295598
vn 0.0386081189 0.0377434343 0.998541355
vn -0.994479895 0.0161670055 0.103674501
vn -0.99693954 0.0169806406 0.0763105452
vn -0.993656039 0.0157287419 0.11135637
vn -0.990040958 -0.1100557 0.0877874196
vn -0.886249363 0.0810622647 0.456060261
vn -0.887208343 -0.388338715 0.249107093
vn -0.655085087 0.0300218202 0.75495851
vn -0.452341557 -0.371130168 0.810955882
vn -0.732098043 -0.58020705 0.356920421
vn -0.137937114 -0.284358144 0.948743284
vn -0.447902113 -0.815127134 0.367357373
vn -0.263182759 -0.809920013 0.524179876
vn -0.230256215 -0.941845715 0.244762972
vn -0.0284414534 -0.253494292 0.966918766
vn -0.0433140881 0.159025833 0.986323774
vn -0.343156934 0.436883897 0.831490159
vn -0.304171801 0.448410511 0.840480566
vn -0.0952400714 0.843301952 0.528934062
vn -0.0947241485 0.868482292 0.486585826
vn -0.0801429823 0.988651931 -0.127061203
vn -0.0801429823 0.988651931 -0.127061203
vn 1.20898051E-06 -0.942699432 0.333643079
vn 1.18989306E-07 -0.993427694 0.114460982
vn -0 -0.982478201 -0.186377704
vn 0.230256513 -0.941845775 0.244762197
vn 0.26318562 -0.809924722 0.524171114
vn 0.447901368 -0.815128088 0.367356122
vn 0.137964621 -0.284340918 0.948744476
vn 0.0284673236 -0.25353983 0.966905951
vn 0.732098281 -0.580207169 0.356919795
vn 0.0432282984 0.159058332 0.986322403
vn 0.452327967 -0.371116757 0.81096971
vn 0.343197942 0.436861217 0.831485093
vn 0.887208045 -0.388338983 0.249107853
vn 0.655110359 0.0300116111 0.754936874
vn 0.304181725 0.4484047 0.840480089
vn 0.886254787 0.081053406 0.45605126
vn 0.990040958 -0.110055141 0.087787509
vn 0.0952377841 0.843312383 0.528917789
vn 0.994480133 0.0161676891 0.103672363
vn 0.996939778 0.0169810019 0.0763069168
vn 0.993656218 0.0157293733 0.111353904
vn 0.0947217122 0.868475556 0.486598372
vn 0.0801395699 0.988652289 -0.127060682
vn 0.0801395699 0.988652289 -0.127060682
vn -0.254347414 0.0217942148 -0.966867268
vn -0.305411994 -0.0352896191 -0.9515661
vn -7.5675996E-07 0.123921357 -0.992292106
vn -0 0.132356465 -0.991202116
vn -0.343738824 -0.0576660037 -0.937293053
vn -0.286047548 -0.284294456 -0.915070236
vn -0.248155415 -0.299245805 -0.921341896
vn -0.207230285 -0.35569948 -0.911336184
vn -0.212206244 -0.298635066 -0.93047601
vn 0.00269990624 -0.271253049 -0.962504268
vn -0.135228187 -0.260785162 -0.955878913
vn 0.00812893361 -0.366714954 -0.930297911
vn 0.0842372552 -0.429563612 -0.899099112
vn 0.0303096585 -0.457734168 -0.888572335
vn 0.0250899419 -0.457312346 -0.888952076
vn 0.305405319 -0.0352913626 -0.951568246
vn 0.254328936 0.0217949376 -0.966872156
vn 0.34373939 -0.0576672032 -0.937292755
vn 0.286063373 -0.28431356 -0.915059268
vn 0.248167738 -0.299266279 -0.921331882
vn 0.207235724 -0.35570851 -0.911331296
vn 0.212226018 -0.298636913 -0.930470943
vn -0.00265470333 -0.271246284 -0.962506413
vn 0.135263279 -0.260780275 -0.955875218
vn -0.00809528492 -0.366719574 -0.930296242
vn -0.0842258036 -0.42956537 -0.89909935
vn -0.0303097442 -0.457735896 -0.888571382
vn -0.0250901375 -0.457314372 -0.888951063
vn 0.0556636751 -0.186993822 -0.980782807
vn 0.187001675 -0.187937915 -0.964214563
vn 0.0609050952 -0.187093958 -0.98045212
vn 0.189279571 -0.187925041 -0.963772476
vn -0.0556640178 -0.186992362 -0.980783045
vn -0.0609097816 -0.187092513 -0.98045212
vn -0.187113345 -0.18793489 -0.964193404
vn -0.189392999 -0.187922001 -0.963750839
vn -0.0560097247 0.186989605 0.980763912
vn -0.0605599545 0.187077001 0.980476737
vn -0.187579751 0.187936991 0.964102447
vn -0.189196661 0.187927961 0.963788152
vn 0.0557867363 0.186992392 0.980776072
vn 0.187713906 0.187932894 0.964077055
vn 0.0603488646 0.187079802 0.980489254
vn 0.189334542 0.187923655 0.963761926
vn 0.98745048 0.0534969531 0.148592114
vn 0.98745048 0.0534969531 0.148592114
vn 0.98745048 0.0534969531 0.148592114
vn 0.98745048 0.0534969531 0.148592114
vn 0.0841503665 0.97717768 -0.195044845
vn 0.0841503665 0.97717768 -0.195044845
vn 0.0841503665 0.97717768 -0.195044845
vn 0.0841503665 0.97717768 -0.195044845
vn 0.51386708 -0.853862941 0.0828173682
vn 0.51386708 -0.853862941 0.0828173682
vn 0.86130017 -0.508095205 -0.00112777157
vn 0.871221006 -0.490869164 -0.00463948259
vn 0.995991409 -0.017415503 -0.087737225
vn 0.995991409 -0.017415503 -0.087737225
vn -0.987447441 0.0534985401 0.148611501
vn -0.987447441 0.0534985401 0.148611501
vn -0.987447441 0.0534985401 0.148611501
vn -0.987447441 0.0534985401 0.148611501
vn -0.995992005 -0.0174164698 -0.0877298266
vn -0.995992005 -0.0174164698 -0.0877298266
vn -0.861295819 -0.508102477 -0.00111535762
vn -0.871214092 -0.490881294 -0.00462617632
vn -0.513845861 -0.853874207 0.0828326568
vn -0.513845861 -0.853874207 0.0828326568
vn -0.0841535628 0.977177322 -0.19504489
vn -0.0841535628 0.977177322 -0.19504489
vn -0.0841535628 0.977177322 -0.19504489
vn -0.0841535628 0.977177322 -0.19504489
g BoarHelm_0
f 3/3/3 2/2/2 1/1/1
f 2/2/2 4/4/4 1/1/1
f 1/1/1 4/4/4 5/5/5
f 6/6/6 1/1/1 5/5/5
f 4/4/4 2/2/2 7/7/7
f 5/5/5 4/4/4 8/8/8
f 4/4/4 7/7/7 8/8/8
f 8/8/8 9/9/9 5/5/5
f 5/5/5 10/10/10 6/6/6
f 9/9/9 10/10/10 5/5/5
f 9/9/9 11/11/11 10/10/10
f 8/8/8 12/12/12 9/9/9
f 12/12/12 8/8/8 7/7/7
f 13/13/13 12/12/12 7/7/7
f 11/11/11 14/14/14 10/10/10
f 15/15/15 10/10/10 14/14/14
f 15/15/15 16/16/16 10/10/10
f 10/10/10 16/16/16 6/6/6
f 16/16/16 15/15/15 17/17/17
f 16/16/16 17/17/17 6/6/6
f 15/15/15 18/18/18 17/17/17
f 9/9/9 19/19/19 11/11/11
f 12/12/12 19/19/19 9/9/9
f 11/11/11 19/19/19 20/20/20
f 21/21/21 19/19/19 12/12/12
f 11/11/11 20/20/20 22/22/22
f 22/22/22 20/20/20 23/23/23
f 22/22/22 23/23/23 24/24/24
f 24/24/24 25/25/25 22/22/22
f 25/25/25 26/26/26 22/22/22
f 26/26/26 27/27/27 22/22/22
f 28/28/28 22/22/22 27/27/27
f 28/28/28 29/29/29 22/22/22
f 30/30/30 29/29/29 28/28/28
f 12/12/12 31/31/31 21/21/21
f 13/13/13 31/31/31 12/12/12
f 32/32/32 21/21/21 31/31/31
f 33/33/33 32/32/32 31/31/31
f 34/34/34 32/32/32 33/33/33
f 32/32/32 35/35/35 21/21/21
f 35/35/35 32/32/32 36/36/36
f 34/34/34 36/36/36 32/32/32
f 37/37/37 35/35/35 36/36/36
f 22/22/22 29/29/29 38/38/38
f 11/11/11 22/22/22 38/38/38
f 38/38/38 39/39/39 11/11/11
f 39/39/39 38/38/38 29/29/29
f 39/39/39 40/40/40 11/11/11
f 41/41/41 37/37/37 36/36/36
f 37/37/37 41/41/41 42/42/42
f 43/43/43 37/37/37 42/42/42
f 44/44/44 43/43/43 42/42/42
f 45/45/45 44/44/44 42/42/42
f 46/46/46 42/42/42 41/41/41
f 42/42/42 46/46/46 45/45/45
f 44/44/44 45/45/45 47/47/47
f 48/48/48 44/44/44 47/47/47
f 49/49/49 48/48/48 47/47/47
f 47/47/47 50/50/50 49/49/49
f 48/48/48 49/49/49 51/51/51
f 49/49/49 50/50/50 52/52/52
f 49/49/49 52/52/52 53/53/53
f 51/51/51 49/49/49 53/53/53
f 53/53/53 54/54/54 51/51/51
f 53/53/53 55/55/55 54/54/54
f 30/30/30 51/51/51 54/54/54
f 30/30/30 54/54/54 56/56/56
f 30/30/30 56/56/56 29/29/29
f 47/47/47 45/45/45 57/57/57
f 47/47/47 58/58/58 50/50/50
f 57/57/57 58/58/58 47/47/47
f 50/50/50 58/58/58 59/59/59
f 45/45/45 60/60/60 57/57/57
f 46/46/46 60/60/60 45/45/45
f 58/58/58 57/57/57 61/61/61
f 58/58/58 61/61/61 59/59/59
f 57/57/57 60/60/60 62/62/62
f 57/57/57 62/62/62 61/61/61
f 63/63/63 61/61/61 62/62/62
f 60/60/60 46/46/46 64/64/64
f 60/60/60 65/65/65 62/62/62
f 65/65/65 60/60/60 64/64/64
f 62/62/62 65/65/65 66/66/66
f 65/65/65 64/64/64 66/66/66
f 46/46/46 67/67/67 64/64/64
f 67/67/67 46/46/46 41/41/41
f 68/68/68 63/63/63 62/62/62
f 62/62/62 66/66/66 68/68/68
f 63/63/63 68/68/68 69/69/69
f 67/67/67 70/70/70 64/64/64
f 64/64/64 70/70/70 66/66/66
f 67/67/67 41/41/41 71/71/71
f 41/41/41 36/36/36 71/71/71
f 70/70/70 67/67/67 72/72/72
f 70/70/70 72/72/72 66/66/66
f 67/67/67 71/71/71 72/72/72
f 66/66/66 73/73/73 68/68/68
f 68/68/68 73/73/73 69/69/69
f 74/74/74 71/71/71 36/36/36
f 74/74/74 36/36/36 34/34/34
f 74/74/74 34/34/34 75/75/75
f 71/71/71 74/74/74 76/76/76
f 72/72/72 71/71/71 76/76/76
f 76/76/76 74/74/74 75/75/75
f 76/76/76 77/77/77 72/72/72
f 66/66/66 72/72/72 78/78/78
f 73/73/73 66/66/66 78/78/78
f 77/77/77 78/78/78 72/72/72
f 73/73/73 78/78/78 79/79/79
f 78/78/78 77/77/77 79/79/79
f 73/73/73 80/80/80 69/69/69
f 80/80/80 73/73/73 79/79/79
f 81/81/81 76/76/76 75/75/75
f 82/82/82 77/77/77 76/76/76
f 76/76/76 81/81/81 82/82/82
f 34/34/34 83/83/83 75/75/75
f 84/84/84 83/83/83 34/34/34
f 83/83/83 85/85/85 75/75/75
f 85/85/85 83/83/83 84/84/84
f 86/86/86 84/84/84 34/34/34
f 34/34/34 87/87/87 86/86/86
f 86/86/86 87/87/87 88/88/88
f 88/88/88 87/87/87 89/89/89
f 85/85/85 90/90/90 75/75/75
f 91/91/91 85/85/85 84/84/84
f 85/85/85 91/91/91 90/90/90
f 92/92/92 84/84/84 86/86/86
f 92/92/92 91/91/91 84/84/84
f 90/90/90 93/93/93 75/75/75
f 93/93/93 81/81/81 75/75/75
f 93/93/93 90/90/90 94/94/94
f 91/91/91 94/94/94 90/90/90
f 93/93/93 95/95/95 81/81/81
f 95/95/95 93/93/93 94/94/94
f 96/96/96 94/94/94 91/91/91
f 94/94/94 96/96/96 95/95/95
f 95/95/95 97/97/97 81/81/81
f 81/81/81 97/97/97 82/82/82
f 98/98/98 86/86/86 88/88/88
f 98/98/98 92/92/92 86/86/86
f 99/99/99 91/91/91 92/92/92
f 99/99/99 96/96/96 91/91/91
f 96/96/96 99/99/99 100/100/100
f 96/96/96 101/101/101 95/95/95
f 95/95/95 101/101/101 97/97/97
f 96/96/96 100/100/100 101/101/101
f 101/101/101 102/102/102 97/97/97
f 100/100/100 103/103/103 101/101/101
f 97/97/97 102/102/102 104/104/104
f 82/82/82 97/97/97 104/104/104
f 104/104/104 103/103/103 100/100/100
f 105/105/105 99/99/99 92/92/92
f 92/92/92 98/98/98 105/105/105
f 99/99/99 105/105/105 100/100/100
f 98/98/98 106/106/106 105/105/105
f 105/105/105 106/106/106 100/100/100
f 106/106/106 98/98/98 88/88/88
f 107/107/107 106/106/106 88/88/88
f 88/88/88 89/89/89 107/107/107
f 89/89/89 108/108/108 107/107/107
f 108/108/108 89/89/89 13/13/13
f 106/106/106 109/109/109 100/100/100
f 104/104/104 100/100/100 109/109/109
f 110/110/110 82/82/82 104/104/104
f 110/110/110 77/77/77 82/82/82
f 111/111/111 109/109/109 106/106/106
f 112/112/112 111/111/111 106/106/106
f 108/108/108 111/111/111 112/112/112
f 108/108/108 113/113/113 111/111/111
f 111/111/111 113/113/113 109/109/109
f 108/108/108 13/13/13 113/113/113
f 114/114/114 104/104/104 109/109/109
f 114/114/114 110/110/110 104/104/104
f 113/113/113 114/114/114 109/109/109
f 110/110/110 114/114/114 113/113/113
f 115/115/115 110/110/110 113/113/113
f 110/110/110 115/115/115 77/77/77
f 13/13/13 115/115/115 113/113/113
f 115/115/115 116/116/116 77/77/77
f 77/77/77 116/116/116 79/79/79
f 115/115/115 13/13/13 117/117/117
f 115/115/115 117/117/117 116/116/116
f 79/79/79 116/116/116 118/118/118
f 116/116/116 117/117/117 118/118/118
f 13/13/13 119/119/119 117/117/117
f 13/13/13 7/7/7 119/119/119
f 117/117/117 120/120/120 118/118/118
f 117/117/117 119/119/119 120/120/120
f 7/7/7 121/121/121 119/119/119
f 2/2/2 121/121/121 7/7/7
f 119/119/119 122/122/122 120/120/120
f 121/121/121 122/122/122 119/119/119
f 2/2/2 123/123/123 121/121/121
f 122/122/122 121/121/121 124/124/124
f 123/123/123 124/124/124 121/121/121
f 120/120/120 122/122/122 125/125/125
f 125/125/125 122/122/122 124/124/124
f 126/126/126 123/123/123 2/2/2
f 127/127/127 126/126/126 2/2/2
f 128/128/128 126/126/126 127/127/127
f 128/128/128 129/129/129 126/126/126
f 129/129/129 130/130/130 126/126/126
f 126/126/126 130/130/130 123/123/123
f 130/130/130 131/131/131 123/123/123
f 123/123/123 131/131/131 124/124/124
f 131/131/131 132/132/132 124/124/124
f 125/125/125 124/124/124 132/132/132
f 131/131/131 133/133/133 132/132/132
f 134/134/134 133/133/133 131/131/131
f 134/134/134 135/135/135 133/133/133
f 133/133/133 135/135/135 136/136/136
f 137/137/137 133/133/133 136/136/136
f 133/133/133 137/137/137 138/138/138
f 133/133/133 138/138/138 132/132/132
f 125/125/125 132/132/132 138/138/138
f 139/139/139 125/125/125 138/138/138
f 139/139/139 120/120/120 125/125/125
f 139/139/139 138/138/138 140/140/140
f 138/138/138 141/141/141 140/140/140
f 140/140/140 141/141/141 142/142/142
f 120/120/120 139/139/139 143/143/143
f 139/139/139 140/140/140 143/143/143
f 120/120/120 143/143/143 118/118/118
f 144/144/144 140/140/140 142/142/142
f 140/140/140 144/144/144 143/143/143
f 144/144/144 142/142/142 145/145/145
f 146/146/146 144/144/144 145/145/145
f 144/144/144 147/147/147 143/143/143
f 144/144/144 146/146/146 147/147/147
f 146/146/146 148/148/148 147/147/147
f 148/148/148 146/146/146 149/149/149
f 143/143/143 150/150/150 118/118/118
f 149/149/149 1/1/1 148/148/148
f 150/150/150 151/151/151 118/118/118
f 150/150/150 148/148/148 151/151/151
f 118/118/118 151/151/151 79/79/79
f 148/148/148 152/152/152 151/151/151
f 1/1/1 152/152/152 148/148/148
f 151/151/151 153/153/153 79/79/79
f 153/153/153 151/151/151 152/152/152
f 80/80/80 79/79/79 153/153/153
f 154/154/154 152/152/152 1/1/1
f 154/154/154 153/153/153 152/152/152
f 155/155/155 80/80/80 153/153/153
f 155/155/155 153/153/153 154/154/154
f 154/154/154 1/1/1 156/156/156
f 1/1/1 6/6/6 156/156/156
f 80/80/80 155/155/155 157/157/157
f 69/69/69 80/80/80 157/157/157
f 158/158/158 155/155/155 154/154/154
f 158/158/158 154/154/154 159/159/159
f 154/154/154 156/156/156 159/159/159
f 155/155/155 158/158/158 160/160/160
f 157/157/157 155/155/155 160/160/160
f 160/160/160 158/158/158 159/159/159
f 161/161/161 156/156/156 6/6/6
f 159/159/159 156/156/156 162/162/162
f 156/156/156 161/161/161 162/162/162
f 163/163/163 160/160/160 159/159/159
f 163/163/163 159/159/159 162/162/162
f 164/164/164 160/160/160 163/163/163
f 165/165/165 164/164/164 163/163/163
f 157/157/157 160/160/160 166/166/166
f 166/166/166 160/160/160 164/164/164
f 167/167/167 163/163/163 162/162/162
f 163/163/163 167/167/167 165/165/165
f 168/168/168 157/157/157 166/166/166
f 157/157/157 168/168/168 69/69/69
f 169/169/169 161/161/161 6/6/6
f 17/17/17 169/169/169 6/6/6
f 162/162/162 161/161/161 170/170/170
f 167/167/167 162/162/162 170/170/170
f 171/171/171 161/161/161 169/169/169
f 161/161/161 171/171/171 170/170/170
f 170/170/170 171/171/171 172/172/172
f 173/173/173 169/169/169 17/17/17
f 173/173/173 171/171/171 169/169/169
f 174/174/174 167/167/167 170/170/170
f 174/174/174 170/170/170 172/172/172
f 166/166/166 175/175/175 168/168/168
f 166/166/166 164/164/164 175/175/175
f 176/176/176 173/173/173 17/17/17
f 176/176/176 17/17/17 18/18/18
f 167/167/167 174/174/174 177/177/177
f 167/167/167 177/177/177 165/165/165
f 164/164/164 178/178/178 175/175/175
f 179/179/179 175/175/175 178/178/178
f 175/175/175 180/180/180 168/168/168
f 175/175/175 179/179/179 181/181/181
f 168/168/168 180/180/180 182/182/182
f 168/168/168 182/182/182 69/69/69
f 180/180/180 183/183/183 182/182/182
f 179/179/179 184/184/184 181/181/181
f 181/181/181 184/184/184 183/183/183
f 184/184/184 179/179/179 185/185/185
f 186/186/186 184/184/184 185/185/185
f 187/187/187 184/184/184 186/186/186
f 184/184/184 187/187/187 183/183/183
f 188/188/188 187/187/187 186/186/186
f 188/188/188 189/189/189 187/187/187
f 187/187/187 190/190/190 183/183/183
f 189/189/189 190/190/190 187/187/187
f 190/190/190 191/191/191 183/183/183
f 183/183/183 191/191/191 182/182/182
f 192/192/192 69/69/69 182/182/182
f 192/192/192 63/63/63 69/69/69
f 193/193/193 192/192/192 182/182/182
f 191/191/191 193/193/193 182/182/182
f 194/194/194 190/190/190 189/189/189
f 191/191/191 190/190/190 194/194/194
f 192/192/192 195/195/195 63/63/63
f 193/193/193 195/195/195 192/192/192
f 196/196/196 193/193/193 191/191/191
f 197/197/197 191/191/191 194/194/194
f 197/197/197 196/196/196 191/191/191
f 55/55/55 195/195/195 193/193/193
f 196/196/196 55/55/55 193/193/193
f 198/198/198 194/194/194 189/189/189
f 197/197/197 194/194/194 199/199/199
f 199/199/199 194/194/194 198/198/198
f 197/197/197 200/200/200 196/196/196
f 200/200/200 197/197/197 199/199/199
f 189/189/189 201/201/201 198/198/198
f 202/202/202 201/201/201 189/189/189
f 201/201/201 202/202/202 203/203/203
f 204/204/204 201/201/201 203/203/203
f 204/204/204 205/205/205 201/201/201
f 201/201/201 205/205/205 206/206/206
f 201/201/201 206/206/206 198/198/198
f 198/198/198 206/206/206 199/199/199
f 206/206/206 207/207/207 199/199/199
f 199/199/199 207/207/207 200/200/200
f 206/206/206 208/208/208 207/207/207
f 200/200/200 209/209/209 196/196/196
f 209/209/209 55/55/55 196/196/196
f 207/207/207 210/210/210 200/200/200
f 200/200/200 210/210/210 209/209/209
f 208/208/208 211/211/211 207/207/207
f 207/207/207 211/211/211 210/210/210
f 208/208/208 212/212/212 211/211/211
f 212/212/212 213/213/213 211/211/211
f 211/211/211 213/213/213 214/214/214
f 211/211/211 214/214/214 210/210/210
f 54/54/54 55/55/55 209/209/209
f 215/215/215 54/54/54 209/209/209
f 54/54/54 215/215/215 56/56/56
f 210/210/210 216/216/216 209/209/209
f 209/209/209 216/216/216 215/215/215
f 56/56/56 215/215/215 217/217/217
f 216/216/216 217/217/217 215/215/215
f 216/216/216 210/210/210 164/164/164
f 216/216/216 164/164/164 217/217/217
f 210/210/210 218/218/218 164/164/164
f 164/164/164 165/165/165 217/217/217
f 219/219/219 56/56/56 217/217/217
f 219/219/219 217/217/217 165/165/165
f 29/29/29 56/56/56 219/219/219
f 220/220/220 29/29/29 219/219/219
f 219/219/219 221/221/221 220/220/220
f 222/222/222 219/219/219 165/165/165
f 222/222/222 221/221/221 219/219/219
f 223/223/223 222/222/222 165/165/165
f 221/221/221 222/222/222 223/223/223
f 177/177/177 223/223/223 165/165/165
f 224/224/224 221/221/221 223/223/223
f 177/177/177 225/225/225 223/223/223
f 174/174/174 225/225/225 177/177/177
f 223/223/223 226/226/226 224/224/224
f 225/225/225 226/226/226 223/223/223
f 225/225/225 174/174/174 227/227/227
f 226/226/226 225/225/225 228/228/228
f 225/225/225 227/227/227 228/228/228
f 174/174/174 229/229/229 227/227/227
f 229/229/229 174/174/174 172/172/172
f 226/226/226 230/230/230 224/224/224
f 230/230/230 226/226/226 228/228/228
f 227/227/227 231/231/231 228/228/228
f 229/229/229 231/231/231 227/227/227
f 224/224/224 230/230/230 232/232/232
f 233/233/233 230/230/230 228/228/228
f 232/232/232 230/230/230 233/233/233
f 231/231/231 234/234/234 228/228/228
f 228/228/228 234/234/234 233/233/233
f 235/235/235 224/224/224 232/232/232
f 235/235/235 232/232/232 236/236/236
f 224/224/224 235/235/235 237/237/237
f 235/235/235 238/238/238 237/237/237
f 238/238/238 235/235/235 236/236/236
f 239/239/239 238/238/238 236/236/236
f 240/240/240 237/237/237 238/238/238
f 239/239/239 240/240/240 238/238/238
f 237/237/237 240/240/240 241/241/241
f 240/240/240 239/239/239 241/241/241
f 231/231/231 229/229/229 242/242/242
f 234/234/234 231/231/231 243/243/243
f 231/231/231 242/242/242 243/243/243
f 234/234/234 244/244/244 233/233/233
f 234/234/234 243/243/243 244/244/244
f 245/245/245 232/232/232 233/233/233
f 245/245/245 233/233/233 244/244/244
f 232/232/232 246/246/246 236/236/236
f 246/246/246 232/232/232 245/245/245
f 229/229/229 247/247/247 242/242/242
f 229/229/229 172/172/172 247/247/247
f 243/243/243 248/248/248 244/244/244
f 249/249/249 245/245/245 244/244/244
f 244/244/244 248/248/248 249/249/249
f 250/250/250 243/243/243 242/242/242
f 243/243/243 250/250/250 248/248/248
f 250/250/250 251/251/251 248/248/248
f 252/252/252 250/250/250 242/242/242
f 252/252/252 242/242/242 253/253/253
f 242/242/242 247/247/247 253/253/253
f 253/253/253 247/247/247 254/254/254
f 247/247/247 255/255/255 254/254/254
f 172/172/172 255/255/255 247/247/247
f 255/255/255 256/256/256 254/254/254
f 255/255/255 172/172/172 256/256/256
f 256/256/256 257/257/257 254/254/254
f 172/172/172 258/258/258 256/256/256
f 171/171/171 258/258/258 172/172/172
f 256/256/256 259/259/259 257/257/257
f 256/256/256 258/258/258 259/259/259
f 259/259/259 260/260/260 257/257/257
f 261/261/261 260/260/260 259/259/259
f 258/258/258 171/171/171 262/262/262
f 171/171/171 173/173/173 262/262/262
f 258/258/258 263/263/263 259/259/259
f 263/263/263 258/258/258 262/262/262
f 262/262/262 173/173/173 264/264/264
f 263/263/263 262/262/262 264/264/264
f 173/173/173 176/176/176 264/264/264
f 265/265/265 261/261/261 259/259/259
f 259/259/259 263/263/263 265/265/265
f 176/176/176 266/266/266 264/264/264
f 266/266/266 176/176/176 18/18/18
f 267/267/267 263/263/263 264/264/264
f 263/263/263 267/267/267 265/265/265
f 261/261/261 265/265/265 268/268/268
f 269/269/269 261/261/261 268/268/268
f 266/266/266 270/270/270 264/264/264
f 267/267/267 264/264/264 270/270/270
f 265/265/265 267/267/267 271/271/271
f 268/268/268 265/265/265 271/271/271
f 271/271/271 267/267/267 270/270/270
f 266/266/266 18/18/18 272/272/272
f 266/266/266 272/272/272 270/270/270
f 270/270/270 273/273/273 271/271/271
f 272/272/272 273/273/273 270/270/270
f 268/268/268 271/271/271 274/274/274
f 273/273/273 274/274/274 271/271/271
f 268/268/268 275/275/275 269/269/269
f 275/275/275 268/268/268 274/274/274
f 18/18/18 276/276/276 272/272/272
f 272/272/272 276/276/276 277/277/277
f 276/276/276 18/18/18 278/278/278
f 279/279/279 276/276/276 278/278/278
f 276/276/276 279/279/279 277/277/277
f 279/279/279 280/280/280 277/277/277
f 278/278/278 281/281/281 279/279/279
f 281/281/281 280/280/280 279/279/279
f 281/281/281 278/278/278 40/40/40
f 280/280/280 281/281/281 40/40/40
f 272/272/272 282/282/282 273/273/273
f 282/282/282 272/272/272 277/277/277
f 274/274/274 273/273/273 283/283/283
f 275/275/275 274/274/274 284/284/284
f 274/274/274 283/283/283 284/284/284
f 273/273/273 285/285/285 283/283/283
f 282/282/282 285/285/285 273/273/273
f 275/275/275 284/284/284 286/286/286
f 275/275/275 286/286/286 269/269/269
f 287/287/287 283/283/283 285/285/285
f 283/283/283 287/287/287 284/284/284
f 288/288/288 287/287/287 285/285/285
f 286/286/286 284/284/284 289/289/289
f 286/286/286 289/289/289 269/269/269
f 290/290/290 284/284/284 287/287/287
f 284/284/284 290/290/290 289/289/289
f 289/289/289 290/290/290 291/291/291
f 292/292/292 290/290/290 287/287/287
f 288/288/288 292/292/292 287/287/287
f 293/293/293 290/290/290 292/292/292
f 290/290/290 293/293/293 291/291/291
f 288/288/288 293/293/293 292/292/292
f 289/289/289 294/294/294 269/269/269
f 289/289/289 291/291/291 294/294/294
f 291/291/291 295/295/295 294/294/294
f 269/269/269 294/294/294 296/296/296
f 296/296/296 294/294/294 295/295/295
f 297/297/297 269/269/269 296/296/296
f 298/298/298 269/269/269 297/297/297
f 299/299/299 298/298/298 297/297/297
f 298/298/298 299/299/299 300/300/300
f 299/299/299 301/301/301 300/300/300
f 300/300/300 301/301/301 302/302/302
f 297/297/297 296/296/296 303/303/303
f 297/297/297 304/304/304 299/299/299
f 304/304/304 297/297/297 303/303/303
f 304/304/304 305/305/305 299/299/299
f 299/299/299 305/305/305 301/301/301
f 306/306/306 305/305/305 304/304/304
f 303/303/303 306/306/306 304/304/304
f 303/303/303 296/296/296 307/307/307
f 307/307/307 296/296/296 295/295/295
f 305/305/305 308/308/308 301/301/301
f 305/305/305 306/306/306 308/308/308
f 308/308/308 309/309/309 301/301/301
f 306/306/306 309/309/309 308/308/308
f 301/301/301 310/310/310 302/302/302
f 309/309/309 310/310/310 301/301/301
f 310/310/310 311/311/311 302/302/302
f 311/311/311 312/312/312 302/302/302
f 312/312/312 311/311/311 313/313/313
f 306/306/306 303/303/303 314/314/314
f 314/314/314 303/303/303 307/307/307
f 315/315/315 310/310/310 309/309/309
f 310/310/310 315/315/315 311/311/311
f 314/314/314 307/307/307 315/315/315
f 309/309/309 306/306/306 316/316/316
f 306/306/306 314/314/314 316/316/316
f 316/316/316 315/315/315 309/309/309
f 316/316/316 314/314/314 315/315/315
f 315/315/315 307/307/307 317/317/317
f 315/315/315 317/317/317 311/311/311
f 307/307/307 295/295/295 317/317/317
f 311/311/311 318/318/318 313/313/313
f 317/317/317 319/319/319 311/311/311
f 319/319/319 318/318/318 311/311/311
f 318/318/318 320/320/320 313/313/313
f 320/320/320 321/321/321 313/313/313
f 295/295/295 322/322/322 317/317/317
f 322/322/322 319/319/319 317/317/317
f 318/318/318 323/323/323 320/320/320
f 318/318/318 319/319/319 323/323/323
f 320/320/320 324/324/324 321/321/321
f 324/324/324 325/325/325 321/321/321
f 325/325/325 324/324/324 326/326/326
f 251/251/251 325/325/325 326/326/326
f 327/327/327 324/324/324 320/320/320
f 323/323/323 328/328/328 320/320/320
f 328/328/328 327/327/327 320/320/320
f 327/327/327 329/329/329 324/324/324
f 329/329/329 326/326/326 324/324/324
f 330/330/330 327/327/327 328/328/328
f 323/323/323 330/330/330 328/328/328
f 327/327/327 330/330/330 329/329/329
f 319/319/319 331/331/331 323/323/323
f 330/330/330 323/323/323 331/331/331
f 332/332/332 331/331/331 319/319/319
f 332/332/332 330/330/330 331/331/331
f 322/322/322 332/332/332 319/319/319
f 330/330/330 333/333/333 329/329/329
f 333/333/333 330/330/330 332/332/332
f 326/326/326 329/329/329 333/333/333
f 333/333/333 332/332/332 322/322/322
f 334/334/334 326/326/326 333/333/333
f 334/334/334 333/333/333 322/322/322
f 251/251/251 326/326/326 334/334/334
f 334/334/334 322/322/322 295/295/295
f 335/335/335 334/334/334 295/295/295
f 335/335/335 251/251/251 334/334/334
f 295/295/295 291/291/291 335/335/335
f 291/291/291 336/336/336 335/335/335
f 335/335/335 336/336/336 251/251/251
f 337/337/337 336/336/336 291/291/291
f 293/293/293 337/337/337 291/291/291
f 337/337/337 293/293/293 338/338/338
f 293/293/293 288/288/288 338/338/338
f 337/337/337 338/338/338 339/339/339
f 338/338/338 288/288/288 339/339/339
f 337/337/337 340/340/340 336/336/336
f 340/340/340 337/337/337 339/339/339
f 336/336/336 341/341/341 251/251/251
f 340/340/340 341/341/341 336/336/336
f 341/341/341 342/342/342 251/251/251
f 340/340/340 342/342/342 341/341/341
f 342/342/342 248/248/248 251/251/251
f 248/248/248 342/342/342 249/249/249
f 249/249/249 342/342/342 340/340/340
f 343/343/343 249/249/249 340/340/340
f 339/339/339 343/343/343 340/340/340
f 245/245/245 249/249/249 343/343/343
f 343/343/343 339/339/339 344/344/344
f 344/344/344 245/245/245 343/343/343
f 339/339/339 288/288/288 344/344/344
f 344/344/344 246/246/246 245/245/245
f 288/288/288 345/345/345 344/344/344
f 345/345/345 288/288/288 285/285/285
f 345/345/345 346/346/346 344/344/344
f 346/346/346 345/345/345 285/285/285
f 344/344/344 346/346/346 246/246/246
f 346/346/346 285/285/285 282/282/282
f 346/346/346 347/347/347 246/246/246
f 347/347/347 346/346/346 282/282/282
f 347/347/347 348/348/348 246/246/246
f 348/348/348 347/347/347 282/282/282
f 246/246/246 348/348/348 236/236/236
f 348/348/348 282/282/282 277/277/277
f 348/348/348 349/349/349 236/236/236
f 349/349/349 348/348/348 277/277/277
f 350/350/350 236/236/236 349/349/349
f 277/277/277 350/350/350 349/349/349
f 236/236/236 350/350/350 239/239/239
f 350/350/350 277/277/277 280/280/280
f 350/350/350 351/351/351 239/239/239
f 351/351/351 350/350/350 280/280/280
f 352/352/352 239/239/239 351/351/351
f 280/280/280 352/352/352 351/351/351
f 353/353/353 239/239/239 352/352/352
f 280/280/280 353/353/353 352/352/352
f 353/353/353 280/280/280 40/40/40
f 239/239/239 353/353/353 241/241/241
f 354/354/354 353/353/353 40/40/40
f 353/353/353 354/354/354 241/241/241
f 40/40/40 39/39/39 354/354/354
f 39/39/39 241/241/241 354/354/354
f 241/241/241 39/39/39 29/29/29
f 357/357/357 356/356/356 355/355/355
f 358/358/358 357/357/357 355/355/355
f 358/358/358 355/355/355 359/359/359
f 360/360/360 357/357/357 358/358/358
f 361/361/361 358/358/358 359/359/359
f 361/361/361 359/359/359 362/362/362
f 363/363/363 360/360/360 358/358/358
f 363/363/363 358/358/358 361/361/361
f 364/364/364 360/360/360 363/363/363
f 365/365/365 361/361/361 362/362/362
f 365/365/365 362/362/362 366/366/366
f 367/367/367 361/361/361 365/365/365
f 367/367/367 363/363/363 361/361/361
f 368/368/368 363/363/363 367/367/367
f 368/368/368 364/364/364 363/363/363
f 364/364/364 368/368/368 369/369/369
f 368/368/368 370/370/370 369/369/369
f 370/370/370 371/371/371 369/369/369
f 371/371/371 372/372/372 369/369/369
f 372/372/372 371/371/371 373/373/373
f 374/374/374 372/372/372 373/373/373
f 373/373/373 371/371/371 375/375/375
f 374/374/374 373/373/373 376/376/376
f 377/377/377 374/374/374 376/376/376
f 373/373/373 375/375/375 378/378/378
f 376/376/376 373/373/373 378/378/378
f 378/378/378 375/375/375 379/379/379
f 377/377/377 376/376/376 380/380/380
f 381/381/381 377/377/377 380/380/380
f 380/380/380 376/376/376 382/382/382
f 376/376/376 378/378/378 382/382/382
f 382/382/382 378/378/378 383/383/383
f 378/378/378 379/379/379 383/383/383
f 383/383/383 379/379/379 384/384/384
f 387/387/387 386/386/386 385/385/385
f 387/387/387 388/388/388 386/386/386
f 388/388/388 389/389/389 386/386/386
f 392/392/392 391/391/391 390/390/390
f 392/392/392 393/393/393 391/391/391
f 393/393/393 394/394/394 391/391/391
f 397/397/397 396/396/396 395/395/395
f 398/398/398 396/396/396 397/397/397
f 399/399/399 398/398/398 397/397/397
f 398/398/398 400/400/400 396/396/396
f 401/401/401 398/398/398 399/399/399
f 402/402/402 401/401/401 399/399/399
f 403/403/403 400/400/400 398/398/398
f 401/401/401 403/403/403 398/398/398
f 403/403/403 404/404/404 400/400/400
f 405/405/405 401/401/401 402/402/402
f 406/406/406 405/405/405 402/402/402
f 402/402/402 407/407/407 406/406/406
f 405/405/405 408/408/408 401/401/401
f 408/408/408 403/403/403 401/401/401
f 408/408/408 409/409/409 403/403/403
f 409/409/409 404/404/404 403/403/403
f 404/404/404 409/409/409 410/410/410
f 411/411/411 404/404/404 410/410/410
f 412/412/412 411/411/411 410/410/410
f 413/413/413 412/412/412 410/410/410
f 412/412/412 413/413/413 414/414/414
f 413/413/413 415/415/415 414/414/414
f 412/412/412 414/414/414 416/416/416
f 414/414/414 415/415/415 417/417/417
f 415/415/415 418/418/418 417/417/417
f 416/416/416 414/414/414 419/419/419
f 414/414/414 417/417/417 419/419/419
f 416/416/416 419/419/419 420/420/420
f 420/420/420 419/419/419 421/421/421
f 420/420/420 421/421/421 422/422/422
f 419/419/419 423/423/423 421/421/421
f 419/419/419 417/417/417 423/423/423
f 417/417/417 424/424/424 423/423/423
f 417/417/417 418/418/418 424/424/424
f 418/418/418 425/425/425 424/424/424
f 426/426/426 424/424/424 425/425/425
f 429/429/429 428/428/428 427/427/427
f 428/428/428 430/430/430 427/427/427
f 427/427/427 430/430/430 431/431/431
f 430/430/430 432/432/432 431/431/431
f 435/435/435 434/434/434 433/433/433
f 434/434/434 436/436/436 433/433/433
f 433/433/433 436/436/436 437/437/437
f 436/436/436 438/438/438 437/437/437
f 441/441/441 440/440/440 439/439/439
f 442/442/442 441/441/441 439/439/439
f 445/445/445 444/444/444 443/443/443
f 446/446/446 445/445/445 443/443/443
f 449/449/449 448/448/448 447/447/447
f 448/448/448 450/450/450 447/447/447
f 447/447/447 450/450/450 451/451/451
f 450/450/450 452/452/452 451/451/451
f 451/451/451 452/452/452 453/453/453
f 452/452/452 454/454/454 453/453/453
f 453/453/453 454/454/454 455/455/455
f 454/454/454 456/456/456 455/455/455
f 455/455/455 456/456/456 457/457/457
f 456/456/456 458/458/458 457/457/457
f 457/457/457 458/458/458 459/459/459
f 458/458/458 460/460/460 459/459/459
f 459/459/459 460/460/460 461/461/461
f 460/460/460 462/462/462 461/461/461
f 461/461/461 462/462/462 463/463/463
f 462/462/462 464/464/464 463/463/463
f 467/467/467 466/466/466 465/465/465
f 468/468/468 467/467/467 465/465/465
f 469/469/469 467/467/467 468/468/468
f 470/470/470 469/469/469 468/468/468
f 471/471/471 469/469/469 470/470/470
f 472/472/472 471/471/471 470/470/470
f 475/475/475 474/474/474 473/473/473
f 474/474/474 476/476/476 473/473/473
f 473/473/473 476/476/476 477/477/477
f 476/476/476 478/478/478 477/477/477
f 477/477/477 478/478/478 479/479/479
f 478/478/478 480/480/480 479/479/479
f 483/483/483 482/482/482 481/481/481
f 484/484/484 483/483/483 481/481/481
f 485/485/485 483/483/483 484/484/484
f 486/486/486 485/485/485 484/484/484
f 489/489/489 488/488/488 487/487/487
f 490/490/490 489/489/489 487/487/487
f 493/493/493 492/492/492 491/491/491
f 494/494/494 493/493/493 491/491/491
f 497/497/497 496/496/496 495/495/495
f 497/497/497 498/498/498 496/496/496
f 496/496/496 499/499/499 495/495/495
f 495/495/495 499/499/499 500/500/500
f 495/495/495 500/500/500 501/501/501
f 502/502/502 495/495/495 501/501/501
f 502/502/502 501/501/501 498/498/498
f 501/501/501 500/500/500 503/503/503
f 501/501/501 504/504/504 498/498/498
f 501/501/501 503/503/503 504/504/504
f 499/499/499 505/505/505 500/500/500
f 500/500/500 506/506/506 503/503/503
f 506/506/506 500/500/500 505/505/505
f 503/503/503 61/61/61 504/504/504
f 61/61/61 503/503/503 59/59/59
f 503/503/503 506/506/506 59/59/59
f 63/63/63 504/504/504 61/61/61
f 63/63/63 507/507/507 504/504/504
f 504/504/504 507/507/507 498/498/498
f 195/195/195 507/507/507 63/63/63
f 508/508/508 506/506/506 505/505/505
f 506/506/506 508/508/508 59/59/59
f 505/505/505 499/499/499 509/509/509
f 505/505/505 509/509/509 508/508/508
f 507/507/507 195/195/195 510/510/510
f 195/195/195 55/55/55 510/510/510
f 507/507/507 511/511/511 498/498/498
f 511/511/511 507/507/507 510/510/510
f 498/498/498 511/511/511 512/512/512
f 511/511/511 510/510/510 512/512/512
f 496/496/496 498/498/498 512/512/512
f 508/508/508 513/513/513 59/59/59
f 509/509/509 513/513/513 508/508/508
f 55/55/55 514/514/514 510/510/510
f 515/515/515 514/514/514 55/55/55
f 510/510/510 516/516/516 512/512/512
f 510/510/510 514/514/514 516/516/516
f 516/516/516 514/514/514 517/517/517
f 516/516/516 517/517/517 518/518/518
f 512/512/512 516/516/516 518/518/518
f 512/512/512 518/518/518 496/496/496
f 514/514/514 515/515/515 519/519/519
f 515/515/515 520/520/520 519/519/519
f 518/518/518 519/519/519 520/520/520
f 521/521/521 520/520/520 515/515/515
f 513/513/513 522/522/522 59/59/59
f 522/522/522 50/50/50 59/59/59
f 522/522/522 513/513/513 523/523/523
f 522/522/522 523/523/523 50/50/50
f 513/513/513 509/509/509 523/523/523
f 521/521/521 50/50/50 524/524/524
f 521/521/521 524/524/524 520/520/520
f 523/523/523 524/524/524 50/50/50
f 525/525/525 518/518/518 520/520/520
f 524/524/524 525/525/525 520/520/520
f 523/523/523 526/526/526 524/524/524
f 509/509/509 526/526/526 523/523/523
f 526/526/526 525/525/525 524/524/524
f 518/518/518 525/525/525 527/527/527
f 525/525/525 526/526/526 527/527/527
f 518/518/518 527/527/527 496/496/496
f 509/509/509 528/528/528 526/526/526
f 528/528/528 527/527/527 526/526/526
f 527/527/527 528/528/528 496/496/496
f 499/499/499 528/528/528 509/509/509
f 528/528/528 499/499/499 496/496/496
g BoarHelm_1
f 531/531/531 530/530/530 529/529/529
f 534/534/534 533/533/533 532/532/532
f 537/537/537 536/536/536 535/535/535
f 537/537/537 538/538/538 536/536/536
f 538/538/538 539/539/539 536/536/536
f 539/539/539 538/538/538 540/540/540
f 541/541/541 539/539/539 540/540/540
f 539/539/539 541/541/541 542/542/542
f 543/543/543 539/539/539 542/542/542
f 544/544/544 539/539/539 543/543/543
f 545/545/545 544/544/544 543/543/543
f 544/544/544 545/545/545 546/546/546
f 545/545/545 547/547/547 546/546/546
f 545/545/545 543/543/543 548/548/548
f 547/547/547 545/545/545 548/548/548
f 548/548/548 543/543/543 549/549/549
f 543/543/543 542/542/542 549/549/549
f 547/547/547 548/548/548 550/550/550
f 548/548/548 549/549/549 550/550/550
f 551/551/551 547/547/547 550/550/550
f 547/547/547 551/551/551 552/552/552
f 553/553/553 552/552/552 551/551/551
f 553/553/553 551/551/551 554/554/554
f 551/551/551 550/550/550 554/554/554
f 555/555/555 554/554/554 550/550/550
f 549/549/549 556/556/556 550/550/550
f 556/556/556 555/555/555 550/550/550
f 557/557/557 549/549/549 542/542/542
f 558/558/558 556/556/556 549/549/549
f 557/557/557 558/558/558 549/549/549
f 559/559/559 555/555/555 556/556/556
f 558/558/558 559/559/559 556/556/556
f 560/560/560 557/557/557 542/542/542
f 560/560/560 542/542/542 541/541/541
f 561/561/561 541/541/541 555/555/555
f 561/561/561 560/560/560 541/541/541
f 559/559/559 561/561/561 555/555/555
f 561/561/561 562/562/562 560/560/560
f 563/563/563 557/557/557 560/560/560
f 564/564/564 557/557/557 563/563/563
f 564/564/564 563/563/563 565/565/565
f 566/566/566 564/564/564 565/565/565
f 567/567/567 561/561/561 559/559/559
f 568/568/568 559/559/559 558/558/558
f 568/568/568 567/567/567 559/559/559
f 569/569/569 568/568/568 558/558/558
f 569/569/569 567/567/567 568/568/568
f 570/570/570 569/569/569 558/558/558
f 569/569/569 571/571/571 567/567/567
f 567/567/567 571/571/571 572/572/572
f 575/575/575 574/574/574 573/573/573
f 576/576/576 574/574/574 575/575/575
f 577/577/577 576/576/576 575/575/575
f 578/578/578 576/576/576 577/577/577
f 579/579/579 578/578/578 577/577/577
f 579/579/579 577/577/577 580/580/580
f 577/577/577 581/581/581 580/580/580
f 581/581/581 577/577/577 582/582/582
f 583/583/583 581/581/581 582/582/582
f 583/583/583 582/582/582 584/584/584
f 585/585/585 583/583/583 584/584/584
f 585/585/585 586/586/586 583/583/583
f 586/586/586 581/581/581 583/583/583
f 581/581/581 586/586/586 587/587/587
f 580/580/580 581/581/581 587/587/587
f 580/580/580 588/588/588 579/579/579
f 587/587/587 589/589/589 580/580/580
f 589/589/589 588/588/588 580/580/580
f 588/588/588 590/590/590 579/579/579
f 579/579/579 590/590/590 591/591/591
f 590/590/590 588/588/588 592/592/592
f 590/590/590 593/593/593 591/591/591
f 590/590/590 594/594/594 593/593/593
f 594/594/594 595/595/595 593/593/593
f 594/594/594 596/596/596 595/595/595
f 597/597/597 596/596/596 594/594/594
f 598/598/598 597/597/597 594/594/594
f 589/589/589 599/599/599 588/588/588
f 589/589/589 600/600/600 599/599/599
f 599/599/599 600/600/600 601/601/601
f 600/600/600 602/602/602 601/601/601
f 603/603/603 589/589/589 587/587/587
f 604/604/604 603/603/603 587/587/587
f 605/605/605 604/604/604 587/587/587
f 606/606/606 605/605/605 587/587/587
f 605/605/605 606/606/606 607/607/607
f 608/608/608 605/605/605 607/607/607
f 608/608/608 607/607/607 609/609/609
f 609/609/609 610/610/610 608/608/608
f 608/608/608 610/610/610 611/611/611
f 605/605/605 608/608/608 611/611/611
f 605/605/605 611/611/611 612/612/612
f 604/604/604 605/605/605 612/612/612
f 612/612/612 613/613/613 604/604/604
f 613/613/613 603/603/603 604/604/604
f 613/613/613 614/614/614 603/603/603
f 614/614/614 615/615/615 603/603/603
f 615/615/615 616/616/616 603/603/603
f 619/619/619 618/618/618 617/617/617
f 618/618/618 620/620/620 617/617/617
f 623/623/623 622/622/622 621/621/621
f 624/624/624 622/622/622 623/623/623
f 625/625/625 624/624/624 623/623/623
f 626/626/626 624/624/624 625/625/625
f 627/627/627 626/626/626 625/625/625
f 627/627/627 625/625/625 628/628/628
f 625/625/625 629/629/629 628/628/628
f 629/629/629 625/625/625 630/630/630
f 631/631/631 629/629/629 630/630/630
f 631/631/631 630/630/630 632/632/632
f 633/633/633 629/629/629 631/631/631
f 634/634/634 633/633/633 631/631/631
f 634/634/634 631/631/631 632/632/632
f 629/629/629 633/633/633 635/635/635
f 628/628/628 629/629/629 635/635/635
f 636/636/636 634/634/634 632/632/632
f 632/632/632 637/637/637 636/636/636
f 636/636/636 637/637/637 638/638/638
f 636/636/636 639/639/639 634/634/634
f 639/639/639 636/636/636 638/638/638
f 639/639/639 640/640/640 634/634/634
f 640/640/640 639/639/639 635/635/635
f 639/639/639 638/638/638 641/641/641
f 639/639/639 642/642/642 635/635/635
f 642/642/642 639/639/639 641/641/641
f 635/635/635 643/643/643 628/628/628
f 642/642/642 644/644/644 635/635/635
f 644/644/644 643/643/643 635/635/635
f 641/641/641 645/645/645 642/642/642
f 645/645/645 644/644/644 642/642/642
f 643/643/643 646/646/646 628/628/628
f 628/628/628 646/646/646 627/627/627
f 627/627/627 647/647/647 641/641/641
f 646/646/646 647/647/647 627/627/627
f 647/647/647 645/645/645 641/641/641
f 647/647/647 646/646/646 648/648/648
f 643/643/643 649/649/649 646/646/646
f 643/643/643 650/650/650 649/649/649
f 649/649/649 650/650/650 651/651/651
f 647/647/647 652/652/652 645/645/645
f 645/645/645 653/653/653 644/644/644
f 652/652/652 653/653/653 645/645/645
f 653/653/653 654/654/654 644/644/644
f 652/652/652 654/654/654 653/653/653
f 650/650/650 655/655/655 654/654/654
f 654/654/654 655/655/655 644/644/644
f 656/656/656 654/654/654 652/652/652
f 657/657/657 656/656/656 652/652/652
f 660/660/660 659/659/659 658/658/658
f 659/659/659 661/661/661 658/658/658
f 664/664/664 663/663/663 662/662/662
f 665/665/665 663/663/663 664/664/664
f 666/666/666 665/665/665 664/664/664
f 667/667/667 665/665/665 666/666/666
f 668/668/668 667/667/667 666/666/666
f 668/668/668 666/666/666 669/669/669
f 666/666/666 670/670/670 669/669/669
f 670/670/670 666/666/666 671/671/671
f 672/672/672 670/670/670 671/671/671
f 672/672/672 671/671/671 673/673/673
f 669/669/669 674/674/674 668/668/668
f 674/674/674 675/675/675 668/668/668
f 668/668/668 675/675/675 676/676/676
f 675/675/675 674/674/674 677/677/677
f 675/675/675 678/678/678 676/676/676
f 675/675/675 679/679/679 678/678/678
f 679/679/679 680/680/680 678/678/678
f 679/679/679 681/681/681 680/680/680
f 682/682/682 681/681/681 679/679/679
f 683/683/683 682/682/682 679/679/679
f 684/684/684 674/674/674 669/669/669
f 684/684/684 685/685/685 674/674/674
f 684/684/684 686/686/686 685/685/685
f 685/685/685 686/686/686 687/687/687
f 686/686/686 688/688/688 687/687/687
f 689/689/689 684/684/684 669/669/669
f 669/669/669 670/670/670 689/689/689
f 690/690/690 684/684/684 689/689/689
f 670/670/670 691/691/691 689/689/689
f 691/691/691 670/670/670 692/692/692
f 693/693/693 691/691/691 692/692/692
f 693/693/693 692/692/692 694/694/694
f 691/691/691 695/695/695 689/689/689
f 695/695/695 691/691/691 693/693/693
f 696/696/696 693/693/693 694/694/694
f 696/696/696 695/695/695 693/693/693
f 694/694/694 697/697/697 696/696/696
f 696/696/696 697/697/697 698/698/698
f 695/695/695 696/696/696 698/698/698
f 695/695/695 698/698/698 699/699/699
f 695/695/695 700/700/700 689/689/689
f 700/700/700 695/695/695 699/699/699
f 700/700/700 690/690/690 689/689/689
f 699/699/699 701/701/701 700/700/700
f 701/701/701 690/690/690 700/700/700
f 701/701/701 702/702/702 690/690/690
f 702/702/702 703/703/703 690/690/690
f 703/703/703 704/704/704 690/690/690
f 707/707/707 706/706/706 705/705/705
f 706/706/706 708/708/708 705/705/705
f 711/711/711 710/710/710 709/709/709
f 711/711/711 712/712/712 710/710/710
f 712/712/712 713/713/713 710/710/710
f 713/713/713 712/712/712 714/714/714
f 715/715/715 713/713/713 714/714/714
f 713/713/713 715/715/715 716/716/716
f 717/717/717 713/713/713 716/716/716
f 718/718/718 713/713/713 717/717/717
f 719/719/719 718/718/718 717/717/717
f 718/718/718 719/719/719 720/720/720
f 719/719/719 721/721/721 720/720/720
f 721/721/721 719/719/719 722/722/722
f 719/719/719 717/717/717 722/722/722
f 722/722/722 717/717/717 723/723/723
f 717/717/717 716/716/716 723/723/723
f 724/724/724 716/716/716 715/715/715
f 725/725/725 723/723/723 716/716/716
f 724/724/724 725/725/725 716/716/716
f 726/726/726 724/724/724 715/715/715
f 726/726/726 727/727/727 724/724/724
f 728/728/728 725/725/725 724/724/724
f 726/726/726 715/715/715 729/729/729
f 730/730/730 725/725/725 728/728/728
f 730/730/730 728/728/728 731/731/731
f 732/732/732 730/730/730 731/731/731
f 725/725/725 733/733/733 723/723/723
f 734/734/734 726/726/726 729/729/729
f 735/735/735 726/726/726 734/734/734
f 733/733/733 736/736/736 723/723/723
f 734/734/734 729/729/729 736/736/736
f 733/733/733 734/734/734 736/736/736
f 723/723/723 736/736/736 737/737/737
f 736/736/736 729/729/729 737/737/737
f 738/738/738 723/723/723 737/737/737
f 729/729/729 739/739/739 737/737/737
f 740/740/740 738/738/738 737/737/737
f 741/741/741 737/737/737 739/739/739
f 741/741/741 740/740/740 737/737/737
f 742/742/742 741/741/741 739/739/739
f 740/740/740 741/741/741 743/743/743
f 742/742/742 743/743/743 741/741/741
f 744/744/744 734/734/734 733/733/733
f 744/744/744 735/735/735 734/734/734
f 745/745/745 744/744/744 733/733/733
f 746/746/746 745/745/745 733/733/733
f 747/747/747 735/735/735 744/744/744
f 747/747/747 748/748/748 735/735/735
f 735/735/735 748/748/748 749/749/749
f 752/752/752 751/751/751 750/750/750
f 753/753/753 752/752/752 750/750/750
f 756/756/756 755/755/755 754/754/754
f 757/757/757 755/755/755 756/756/756
f 758/758/758 757/757/757 756/756/756
f 759/759/759 757/757/757 758/758/758
f 760/760/760 759/759/759 758/758/758
f 760/760/760 758/758/758 761/761/761
f 758/758/758 762/762/762 761/761/761
f 762/762/762 758/758/758 763/763/763
f 764/764/764 762/762/762 763/763/763
f 764/764/764 763/763/763 765/765/765
f 761/761/761 766/766/766 760/760/760
f 766/766/766 767/767/767 760/760/760
f 767/767/767 766/766/766 768/768/768
f 760/760/760 767/767/767 769/769/769
f 770/770/770 766/766/766 761/761/761
f 770/770/770 771/771/771 766/766/766
f 770/770/770 772/772/772 771/771/771
f 771/771/771 772/772/772 773/773/773
f 772/772/772 774/774/774 773/773/773
f 775/775/775 770/770/770 761/761/761
f 761/761/761 762/762/762 775/775/775
f 776/776/776 770/770/770 775/775/775
f 767/767/767 777/777/777 769/769/769
f 767/767/767 778/778/778 777/777/777
f 762/762/762 779/779/779 775/775/775
f 779/779/779 762/762/762 780/780/780
f 781/781/781 779/779/779 780/780/780
f 781/781/781 780/780/780 782/782/782
f 783/783/783 781/781/781 782/782/782
f 783/783/783 784/784/784 781/781/781
f 784/784/784 779/779/779 781/781/781
f 779/779/779 784/784/784 775/775/775
f 785/785/785 776/776/776 775/775/775
f 784/784/784 785/785/785 775/775/775
f 785/785/785 784/784/784 769/769/769
f 769/769/769 777/777/777 785/785/785
f 777/777/777 776/776/776 785/785/785
f 784/784/784 786/786/786 769/769/769
f 784/784/784 787/787/787 786/786/786
f 787/787/787 788/788/788 786/786/786
f 789/789/789 788/788/788 787/787/787
f 777/777/777 790/790/790 776/776/776
f 790/790/790 791/791/791 776/776/776
f 791/791/791 792/792/792 776/776/776
f 778/778/778 793/793/793 777/777/777
f 778/778/778 794/794/794 793/793/793
f 795/795/795 794/794/794 778/778/778
f 796/796/796 795/795/795 778/778/778
f 799/799/799 798/798/798 797/797/797
f 798/798/798 800/800/800 797/797/797
g BoarHelm_2
f 803/803/803 802/802/802 801/801/801
f 804/804/804 801/801/801 802/802/802
f 805/805/805 801/801/801 804/804/804
f 804/804/804 806/806/806 805/805/805
f 806/806/806 807/807/807 805/805/805
f 806/806/806 808/808/808 807/807/807
f 806/806/806 809/809/809 808/808/808
f 810/810/810 808/808/808 809/809/809
f 811/811/811 810/810/810 809/809/809
f 812/812/812 810/810/810 811/811/811
f 813/813/813 812/812/812 811/811/811
f 812/812/812 814/814/814 810/810/810
f 815/815/815 810/810/810 814/814/814
f 808/808/808 810/810/810 815/815/815
f 808/808/808 815/815/815 816/816/816
f 807/807/807 808/808/808 816/816/816
f 807/807/807 816/816/816 817/817/817
f 805/805/805 807/807/807 817/817/817
f 805/805/805 817/817/817 818/818/818
f 819/819/819 805/805/805 818/818/818
f 819/819/819 818/818/818 820/820/820
f 818/818/818 821/821/821 820/820/820
f 822/822/822 812/812/812 813/813/813
f 823/823/823 822/822/822 813/813/813
f 824/824/824 823/823/823 813/813/813
f 823/823/823 824/824/824 825/825/825
f 822/822/822 823/823/823 825/825/825
f 826/826/826 822/822/822 825/825/825
f 826/826/826 825/825/825 827/827/827
f 828/828/828 826/826/826 827/827/827
f 829/829/829 826/826/826 828/828/828
f 828/828/828 827/827/827 830/830/830
f 828/828/828 831/831/831 829/829/829
f 832/832/832 828/828/828 830/830/830
f 828/828/828 832/832/832 831/831/831
f 831/831/831 832/832/832 833/833/833
f 830/830/830 834/834/834 832/832/832
f 832/832/832 835/835/835 833/833/833
f 832/832/832 834/834/834 835/835/835
f 833/833/833 835/835/835 836/836/836
f 835/835/835 834/834/834 837/837/837
f 835/835/835 837/837/837 836/836/836
f 834/834/834 838/838/838 837/837/837
f 836/836/836 837/837/837 839/839/839
f 840/840/840 837/837/837 838/838/838
f 840/840/840 838/838/838 841/841/841
f 841/841/841 842/842/842 840/840/840
f 837/837/837 843/843/843 839/839/839
f 839/839/839 843/843/843 844/844/844
f 845/845/845 839/839/839 844/844/844
f 848/848/848 847/847/847 846/846/846
f 848/848/848 849/849/849 847/847/847
f 849/849/849 850/850/850 847/847/847
f 850/850/850 851/851/851 847/847/847
f 851/851/851 852/852/852 847/847/847
f 851/851/851 853/853/853 852/852/852
f 853/853/853 854/854/854 852/852/852
f 854/854/854 853/853/853 855/855/855
f 853/853/853 856/856/856 855/855/855
f 856/856/856 857/857/857 855/855/855
f 857/857/857 858/858/858 855/855/855
f 859/859/859 858/858/858 857/857/857
f 859/859/859 857/857/857 860/860/860
f 849/849/849 848/848/848 861/861/861
f 861/861/861 848/848/848 862/862/862
f 863/863/863 849/849/849 861/861/861
f 864/864/864 863/863/863 861/861/861
f 865/865/865 864/864/864 861/861/861
f 866/866/866 864/864/864 865/865/865
f 867/867/867 866/866/866 865/865/865
f 866/866/866 867/867/867 868/868/868
f 869/869/869 866/866/866 868/868/868
f 870/870/870 869/869/869 868/868/868
f 871/871/871 870/870/870 868/868/868
f 871/871/871 872/872/872 870/870/870
f 870/870/870 872/872/872 873/873/873
f 876/876/876 875/875/875 874/874/874
f 877/877/877 875/875/875 876/876/876
f 880/880/880 879/879/879 878/878/878
f 880/880/880 881/881/881 879/879/879
f 884/884/884 883/883/883 882/882/882
f 884/884/884 885/885/885 883/883/883
f 888/888/888 887/887/887 886/886/886
f 889/889/889 887/887/887 888/888/888
f 892/892/892 891/891/891 890/890/890
f 893/893/893 892/892/892 890/890/890
f 896/896/896 895/895/895 894/894/894
f 897/897/897 896/896/896 894/894/894
f 900/900/900 899/899/899 898/898/898
f 901/901/901 900/900/900 898/898/898
f 902/902/902 900/900/900 901/901/901
f 903/903/903 902/902/902 901/901/901
f 906/906/906 905/905/905 904/904/904
f 907/907/907 906/906/906 904/904/904
f 910/910/910 909/909/909 908/908/908
f 911/911/911 910/910/910 908/908/908
f 912/912/912 910/910/910 911/911/911
f 913/913/913 912/912/912 911/911/911
f 916/916/916 915/915/915 914/914/914
f 917/917/917 916/916/916 914/914/914
