g HelmAntlers
v -3.05033751E-07 -0.000360979553 0.0201608967
v -7.59473114E-05 -0.000582046108 0.0201541856
v -3.05033751E-07 -0.000600113883 0.0201555584
v -3.05033751E-07 -0.000360979553 0.0201608967
v -0.000183322438 -0.000530593563 0.0201502778
v -7.59473114E-05 -0.000582046108 0.0201541856
v -3.05033751E-07 -0.000360979553 0.0201608967
v -0.000222912553 -0.000453589135 0.0201444235
v -0.000183322438 -0.000530593563 0.0201502778
v -0.000795256579 -0.000186487858 0.0190457869
v -0.000774200365 -0.000439632859 0.0192492288
v -0.000805729243 1.68747447E-05 0.0192245338
v -3.05033751E-07 -0.000360979553 0.0201608967
v -0.000236814856 -0.000362756196 0.0201375168
v -0.000222912553 -0.000453589135 0.0201444235
v -3.05033751E-07 -0.000360979553 0.0201608967
v -0.000222912553 -0.000271923345 0.0201306175
v -0.000236814856 -0.000362756196 0.0201375168
v -3.05033751E-07 -0.000360979553 0.0201608967
v -0.000183322438 -0.000194918917 0.0201247633
v -0.000222912553 -0.000271923345 0.0201306175
v -3.05033751E-07 -0.000360979553 0.0201608967
v -7.59470131E-05 -0.000143466314 0.0201208554
v -0.000183322438 -0.000194918917 0.0201247633
v -3.05033751E-07 -0.000360979553 0.0201608967
v -3.05033751E-07 -0.000125398423 0.0201194808
v -7.59470131E-05 -0.000143466314 0.0201208554
v -0.000532100035 -0.00156086741 0.0190534536
v -0.000680239755 -0.00135965704 0.0190476254
v -0.000727247447 -0.00137837231 0.019056594
v -0.000561092107 -0.00159471482 0.0190290548
v -0.000532100035 -0.00156086741 0.0190534536
v -0.000727247447 -0.00137837231 0.019056594
v -3.05033751E-07 -0.00177490292 0.01831601
v -8.69259093E-05 -0.00175235479 0.0189346578
v -0.000106855972 -0.00173079188 0.0188680198
v -0.000721366552 -0.00113850005 0.0175854508
v -0.000643097097 -0.00141930871 0.0174072068
v -0.000602267217 -0.00141068525 0.0176334679
v -0.000725057733 -0.00109606946 0.0177348703
v -0.000796085049 -0.000784474309 0.0179158151
v -0.000933650997 -0.000667589891 0.0178159159
v -0.000504405703 -0.00160443911 0.0184118319
v -0.000540432462 -0.001625565 0.0186016392
v -0.000612762175 -0.00148367858 0.0186168198
v -0.000855338527 -0.00104459096 0.0195932109
v -0.000816588814 -0.00106897228 0.0195437409
v -0.000702054065 -0.00141352962 0.0196237508
v -3.05033751E-07 -0.00183502864 0.0193408523
v -0.00035183056 -0.00161811651 0.0194250587
v -0.000184556266 -0.00173397909 0.0190283414
v -0.000779563677 -0.00097835518 0.0191946793
v -0.000843828777 -0.000879443949 0.0192666054
v -0.000803119678 -0.000605963403 0.0189285688
v -0.000643097097 -0.00141930871 0.0174072068
v -0.000356305449 -0.00173114589 0.0172500331
v -0.000362430816 -0.00170881487 0.017426081
v -0.000184556266 -0.00173397909 0.0190283414
v -0.00035183056 -0.00161811651 0.0194250587
v -0.00040658217 -0.0016199802 0.0190090723
v -0.000954016112 -0.000490052393 0.0182314068
v -0.000934081967 -0.000535961532 0.0181049518
v -0.000888529117 -0.00061198324 0.0182755273
v -0.000709135318 -0.00101761415 0.0188509766
v -0.000803119678 -0.000605963403 0.0189285688
v -0.000716043112 -0.00125125446 0.0187146533
v -0.000751453976 -0.00106922875 0.0190935284
v -0.000779563677 -0.00097835518 0.0191946793
v -0.000693532813 -0.00107787398 0.0189590752
v -0.000693532813 -0.00107787398 0.0189590752
v -0.000667635235 -0.00129439484 0.019088719
v -0.000751453976 -0.00106922875 0.0190935284
v -0.000587946968 -0.00147580507 0.0190628152
v -0.000578592066 -0.00143753109 0.0190173592
v -0.00040658217 -0.0016199802 0.0190090723
v -0.000612078467 -0.00144035288 0.0179654509
v -0.000719598436 -0.00102108798 0.0182092059
v -0.000725057733 -0.00109606946 0.0177348703
v -0.000378442288 -0.0016801625 0.0182640199
v -0.000346517103 -0.00174891064 0.0184786581
v -0.000504405703 -0.00160443911 0.0184118319
v -0.000432140136 -0.0017347039 0.0198546387
v -0.000344249944 -0.00169527507 0.0196328424
v -3.05033751E-07 -0.00200764276 0.0198937971
v -0.000843828777 -0.000879443949 0.0192666054
v -0.00100010389 -0.000317306723 0.0193452965
v -0.000803119678 -0.000605963403 0.0189285688
v -0.000612078467 -0.00144035288 0.0179654509
v -0.000504405703 -0.00160443911 0.0184118319
v -0.000719598436 -0.00102108798 0.0182092059
v -0.000614806951 -0.00130905956 0.0193573758
v -0.00035183056 -0.00161811651 0.0194250587
v -0.000702054065 -0.00141352962 0.0196237508
v -0.000796085049 -0.000784474309 0.0179158151
v -0.000934081967 -0.000535961532 0.0181049518
v -0.000933650997 -0.000667589891 0.0178159159
v -0.000855338527 -0.00104459096 0.0195932109
v -0.000702054065 -0.00141352962 0.0196237508
v -0.000618708553 -0.00153422041 0.0197697636
v -0.000719598436 -0.00102108798 0.0182092059
v -0.000732396613 -0.00116429746 0.0186137166
v -0.000825580559 -0.00075225858 0.0185290407
v -0.000835276616 -0.000618869788 0.0184826031
v -0.000825580559 -0.00075225858 0.0185290407
v -0.000803119678 -0.000605963403 0.0189285688
v -0.000835276616 -0.000618869788 0.0184826031
v -0.000803119678 -0.000605963403 0.0189285688
v -0.000899161911 -0.000509072212 0.0184723176
v -0.000504405703 -0.00160443911 0.0184118319
v -0.000612078467 -0.00144035288 0.0179654509
v -0.000378442288 -0.0016801625 0.0182640199
v -0.000614806951 -0.00130905956 0.0193573758
v -0.000702054065 -0.00141352962 0.0196237508
v -0.000816588814 -0.00106897228 0.0195437409
v -0.000184556266 -0.00173397909 0.0190283414
v -8.69259093E-05 -0.00175235479 0.0189346578
v -3.05033751E-07 -0.00183502864 0.0193408523
v -0.000816588814 -0.00106897228 0.0195437409
v -0.000843828777 -0.000879443949 0.0192666054
v -0.000779563677 -0.00097835518 0.0191946793
v -0.000779563677 -0.00097835518 0.0191946793
v -0.000803119678 -0.000605963403 0.0189285688
v -0.000693532813 -0.00107787398 0.0189590752
v -0.000289184594 -0.0016930151 0.0189739596
v -0.000184556266 -0.00173397909 0.0190283414
v -0.00040658217 -0.0016199802 0.0190090723
v -3.05033751E-07 -0.00199953467 0.0197006855
v -0.00035183056 -0.00161811651 0.0194250587
v -3.05033751E-07 -0.00183502864 0.0193408523
v -0.000432140136 -0.0017347039 0.0198546387
v -0.000618708553 -0.00153422041 0.0197697636
v -0.000344249944 -0.00169527507 0.0196328424
v -0.000803119678 -0.000605963403 0.0189285688
v -0.000859904569 -0.000266480929 0.018951498
v -0.000899161911 -0.000509072212 0.0184723176
v -0.000954016112 -0.000490052393 0.0182314068
v -0.000992486719 -0.000434010028 0.018061718
v -0.000934081967 -0.000535961532 0.0181049518
v -0.000667635235 -0.00129439484 0.019088719
v -0.000578592066 -0.00143753109 0.0190173592
v -0.000587946968 -0.00147580507 0.0190628152
v -0.000504405703 -0.00160443911 0.0184118319
v -0.000346517103 -0.00174891064 0.0184786581
v -0.000540432462 -0.001625565 0.0186016392
v -0.000825580559 -0.00075225858 0.0185290407
v -0.000835276616 -0.000618869788 0.0184826031
v -0.000888529117 -0.00061198324 0.0182755273
v -0.000888529117 -0.00061198324 0.0182755273
v -0.000934081967 -0.000535961532 0.0181049518
v -0.000796085049 -0.000784474309 0.0179158151
v -0.000719598436 -0.00102108798 0.0182092059
v -0.000796085049 -0.000784474309 0.0179158151
v -0.000725057733 -0.00109606946 0.0177348703
v -0.000614806951 -0.00130905956 0.0193573758
v -0.000751453976 -0.00106922875 0.0190935284
v -0.000667635235 -0.00129439484 0.019088719
v -0.000378442288 -0.0016801625 0.0182640199
v -0.000612078467 -0.00144035288 0.0179654509
v -0.000369716377 -0.00166843215 0.0178818889
v -0.000587946968 -0.00147580507 0.0190628152
v -0.000614806951 -0.00130905956 0.0193573758
v -0.000667635235 -0.00129439484 0.019088719
v -0.000612762175 -0.00148367858 0.0186168198
v -0.000716043112 -0.00125125446 0.0187146533
v -0.000732396613 -0.00116429746 0.0186137166
v -0.000843828777 -0.000879443949 0.0192666054
v -0.000816588814 -0.00106897228 0.0195437409
v -0.000855338527 -0.00104459096 0.0195932109
v -0.000855338527 -0.00104459096 0.0195932109
v -0.00100010389 -0.000317306723 0.0193452965
v -0.000843828777 -0.000879443949 0.0192666054
v -0.000725057733 -0.00109606946 0.0177348703
v -0.000933650997 -0.000667589891 0.0178159159
v -0.000721366552 -0.00113850005 0.0175854508
v -0.000106855972 -0.00173079188 0.0188680198
v -0.000118530603 -0.00172595284 0.0185327623
v -3.05033751E-07 -0.00177490292 0.01831601
v -3.05033751E-07 -0.00183502864 0.0193408523
v -8.69259093E-05 -0.00175235479 0.0189346578
v -3.05033751E-07 -0.00177490292 0.01831601
v -0.00100010389 -0.000317306723 0.0193452965
v -0.000859904569 -0.000266480929 0.018951498
v -0.000803119678 -0.000605963403 0.0189285688
v -0.000709135318 -0.00101761415 0.0188509766
v -0.000693532813 -0.00107787398 0.0189590752
v -0.000803119678 -0.000605963403 0.0189285688
v -3.05033751E-07 -0.000360979553 0.0201608967
v -3.05033751E-07 -0.000600113883 0.0201555584
v 7.59473114E-05 -0.000582046108 0.0201541856
v -3.05033751E-07 -0.000360979553 0.0201608967
v 7.59473114E-05 -0.000582046108 0.0201541856
v 0.000183322438 -0.000530593563 0.0201502778
v -3.05033751E-07 -0.000360979553 0.0201608967
v 0.000183322438 -0.000530593563 0.0201502778
v 0.000222912553 -0.000453589135 0.0201444235
v 0.000795256579 -0.000186487858 0.0190457869
v 0.000805729243 1.68747447E-05 0.0192245338
v 0.000774200365 -0.000439632859 0.0192492288
v -3.05033751E-07 -0.000360979553 0.0201608967
v 0.000222912553 -0.000453589135 0.0201444235
v 0.000236814856 -0.000362756196 0.0201375168
v -3.05033751E-07 -0.000360979553 0.0201608967
v 0.000236814856 -0.000362756196 0.0201375168
v 0.000222912553 -0.000271923345 0.0201306175
v -3.05033751E-07 -0.000360979553 0.0201608967
v 0.000222912553 -0.000271923345 0.0201306175
v 0.000183322438 -0.000194918917 0.0201247633
v -3.05033751E-07 -0.000360979553 0.0201608967
v 0.000183322438 -0.000194918917 0.0201247633
v 7.59470131E-05 -0.000143466314 0.0201208554
v -3.05033751E-07 -0.000360979553 0.0201608967
v 7.59470131E-05 -0.000143466314 0.0201208554
v -3.05033751E-07 -0.000125398423 0.0201194808
v 0.000532100035 -0.00156086741 0.0190534536
v 0.000727247447 -0.00137837231 0.019056594
v 0.000680239755 -0.00135965704 0.0190476254
v 0.000561092107 -0.00159471482 0.0190290548
v 0.000727247447 -0.00137837231 0.019056594
v 0.000532100035 -0.00156086741 0.0190534536
v -3.05033751E-07 -0.00177490292 0.01831601
v 0.000106855972 -0.00173079188 0.0188680198
v 8.69259093E-05 -0.00175235479 0.0189346578
v 0.000721366552 -0.00113850005 0.0175854508
v 0.000602267217 -0.00141068525 0.0176334679
v 0.000643097097 -0.00141930871 0.0174072068
v 0.000725057733 -0.00109606946 0.0177348703
v 0.000933650997 -0.000667589891 0.0178159159
v 0.000796085049 -0.000784474309 0.0179158151
v 0.000504405703 -0.00160443911 0.0184118319
v 0.000612762175 -0.00148367858 0.0186168198
v 0.000540432462 -0.001625565 0.0186016392
v 0.000855338527 -0.00104459096 0.0195932109
v 0.000702054065 -0.00141352962 0.0196237508
v 0.000816588814 -0.00106897228 0.0195437409
v -3.05033751E-07 -0.00183502864 0.0193408523
v 0.000184556266 -0.00173397909 0.0190283414
v 0.00035183056 -0.00161811651 0.0194250587
v 0.000779563677 -0.00097835518 0.0191946793
v 0.000803119678 -0.000605963403 0.0189285688
v 0.000843828777 -0.000879443949 0.0192666054
v 0.000643097097 -0.00141930871 0.0174072068
v 0.000362430816 -0.00170881487 0.017426081
v 0.000356305449 -0.00173114589 0.0172500331
v 0.000184556266 -0.00173397909 0.0190283414
v 0.00040658217 -0.0016199802 0.0190090723
v 0.00035183056 -0.00161811651 0.0194250587
v 0.000954016112 -0.000490052393 0.0182314068
v 0.000888529117 -0.00061198324 0.0182755273
v 0.000934081967 -0.000535961532 0.0181049518
v 0.000709135318 -0.00101761415 0.0188509766
v 0.000716043112 -0.00125125446 0.0187146533
v 0.000803119678 -0.000605963403 0.0189285688
v 0.000751453976 -0.00106922875 0.0190935284
v 0.000693532813 -0.00107787398 0.0189590752
v 0.000779563677 -0.00097835518 0.0191946793
v 0.000693532813 -0.00107787398 0.0189590752
v 0.000751453976 -0.00106922875 0.0190935284
v 0.000667635235 -0.00129439484 0.019088719
v 0.000587946968 -0.00147580507 0.0190628152
v 0.00040658217 -0.0016199802 0.0190090723
v 0.000578592066 -0.00143753109 0.0190173592
v 0.000612078467 -0.00144035288 0.0179654509
v 0.000725057733 -0.00109606946 0.0177348703
v 0.000719598436 -0.00102108798 0.0182092059
v 0.000378442288 -0.0016801625 0.0182640199
v 0.000504405703 -0.00160443911 0.0184118319
v 0.000346517103 -0.00174891064 0.0184786581
v 0.000432140136 -0.0017347039 0.0198546387
v -3.05033751E-07 -0.00200764276 0.0198937971
v 0.000344249944 -0.00169527507 0.0196328424
v 0.000843828777 -0.000879443949 0.0192666054
v 0.000803119678 -0.000605963403 0.0189285688
v 0.00100010389 -0.000317306723 0.0193452965
v 0.000612078467 -0.00144035288 0.0179654509
v 0.000719598436 -0.00102108798 0.0182092059
v 0.000504405703 -0.00160443911 0.0184118319
v 0.000614806951 -0.00130905956 0.0193573758
v 0.000702054065 -0.00141352962 0.0196237508
v 0.00035183056 -0.00161811651 0.0194250587
v 0.000796085049 -0.000784474309 0.0179158151
v 0.000933650997 -0.000667589891 0.0178159159
v 0.000934081967 -0.000535961532 0.0181049518
v 0.000855338527 -0.00104459096 0.0195932109
v 0.000618708553 -0.00153422041 0.0197697636
v 0.000702054065 -0.00141352962 0.0196237508
v 0.000719598436 -0.00102108798 0.0182092059
v 0.000825580559 -0.00075225858 0.0185290407
v 0.000732396613 -0.00116429746 0.0186137166
v 0.000835276616 -0.000618869788 0.0184826031
v 0.000803119678 -0.000605963403 0.0189285688
v 0.000825580559 -0.00075225858 0.0185290407
v 0.000835276616 -0.000618869788 0.0184826031
v 0.000899161911 -0.000509072212 0.0184723176
v 0.000803119678 -0.000605963403 0.0189285688
v 0.000504405703 -0.00160443911 0.0184118319
v 0.000378442288 -0.0016801625 0.0182640199
v 0.000612078467 -0.00144035288 0.0179654509
v 0.000614806951 -0.00130905956 0.0193573758
v 0.000816588814 -0.00106897228 0.0195437409
v 0.000702054065 -0.00141352962 0.0196237508
v 0.000184556266 -0.00173397909 0.0190283414
v -3.05033751E-07 -0.00183502864 0.0193408523
v 8.69259093E-05 -0.00175235479 0.0189346578
v 0.000816588814 -0.00106897228 0.0195437409
v 0.000779563677 -0.00097835518 0.0191946793
v 0.000843828777 -0.000879443949 0.0192666054
v 0.000779563677 -0.00097835518 0.0191946793
v 0.000693532813 -0.00107787398 0.0189590752
v 0.000803119678 -0.000605963403 0.0189285688
v 0.000289184594 -0.0016930151 0.0189739596
v 0.00040658217 -0.0016199802 0.0190090723
v 0.000184556266 -0.00173397909 0.0190283414
v -3.05033751E-07 -0.00199953467 0.0197006855
v -3.05033751E-07 -0.00183502864 0.0193408523
v 0.00035183056 -0.00161811651 0.0194250587
v 0.000432140136 -0.0017347039 0.0198546387
v 0.000344249944 -0.00169527507 0.0196328424
v 0.000618708553 -0.00153422041 0.0197697636
v 0.000803119678 -0.000605963403 0.0189285688
v 0.000899161911 -0.000509072212 0.0184723176
v 0.000859904569 -0.000266480929 0.018951498
v 0.000954016112 -0.000490052393 0.0182314068
v 0.000934081967 -0.000535961532 0.0181049518
v 0.000992486719 -0.000434010028 0.018061718
v 0.000667635235 -0.00129439484 0.019088719
v 0.000587946968 -0.00147580507 0.0190628152
v 0.000578592066 -0.00143753109 0.0190173592
v 0.000504405703 -0.00160443911 0.0184118319
v 0.000540432462 -0.001625565 0.0186016392
v 0.000346517103 -0.00174891064 0.0184786581
v 0.000825580559 -0.00075225858 0.0185290407
v 0.000888529117 -0.00061198324 0.0182755273
v 0.000835276616 -0.000618869788 0.0184826031
v 0.000888529117 -0.00061198324 0.0182755273
v 0.000796085049 -0.000784474309 0.0179158151
v 0.000934081967 -0.000535961532 0.0181049518
v 0.000719598436 -0.00102108798 0.0182092059
v 0.000725057733 -0.00109606946 0.0177348703
v 0.000796085049 -0.000784474309 0.0179158151
v 0.000614806951 -0.00130905956 0.0193573758
v 0.000667635235 -0.00129439484 0.019088719
v 0.000751453976 -0.00106922875 0.0190935284
v 0.000378442288 -0.0016801625 0.0182640199
v 0.000369716377 -0.00166843215 0.0178818889
v 0.000612078467 -0.00144035288 0.0179654509
v 0.000587946968 -0.00147580507 0.0190628152
v 0.000667635235 -0.00129439484 0.019088719
v 0.000614806951 -0.00130905956 0.0193573758
v 0.000612762175 -0.00148367858 0.0186168198
v 0.000732396613 -0.00116429746 0.0186137166
v 0.000716043112 -0.00125125446 0.0187146533
v 0.000843828777 -0.000879443949 0.0192666054
v 0.000855338527 -0.00104459096 0.0195932109
v 0.000816588814 -0.00106897228 0.0195437409
v 0.000855338527 -0.00104459096 0.0195932109
v 0.000843828777 -0.000879443949 0.0192666054
v 0.00100010389 -0.000317306723 0.0193452965
v 0.000725057733 -0.00109606946 0.0177348703
v 0.000721366552 -0.00113850005 0.0175854508
v 0.000933650997 -0.000667589891 0.0178159159
v 0.000106855972 -0.00173079188 0.0188680198
v -3.05033751E-07 -0.00177490292 0.01831601
v 0.000118530603 -0.00172595284 0.0185327623
v -3.05033751E-07 -0.00183502864 0.0193408523
v -3.05033751E-07 -0.00177490292 0.01831601
v 8.69259093E-05 -0.00175235479 0.0189346578
v 0.00100010389 -0.000317306723 0.0193452965
v 0.000803119678 -0.000605963403 0.0189285688
v 0.000859904569 -0.000266480929 0.018951498
v 0.000709135318 -0.00101761415 0.0188509766
v 0.000803119678 -0.000605963403 0.0189285688
v 0.000693532813 -0.00107787398 0.0189590752
v -0.000253213075 0.000247921766 0.0199083947
v -3.05033751E-07 0.000299374951 0.0199044868
v -3.05033751E-07 0.000609538518 0.0195433013
v -0.000352054223 0.000532533624 0.0195491519
v -0.000755533867 -0.000530613761 0.0191442259
v -0.00078139652 -0.00022151295 0.0190445893
v -0.000876034086 -0.000203925927 0.0190595798
v -0.000851370103 -0.000500591937 0.0191541146
v -0.000252582191 -0.00100104709 0.0200033132
v -3.05033751E-07 -0.00105249987 0.0200072285
v -3.05033751E-07 -0.000600113883 0.0201555584
v -7.59473114E-05 -0.000582046108 0.0201541856
v -0.000385632535 -0.00142714498 0.0195294917
v -3.05033751E-07 -0.0015055862 0.0195616446
v -3.05033751E-07 -0.00141368504 0.0196970627
v -0.000336411351 -0.00133668061 0.0196912102
v -0.000336411351 -0.00133668061 0.0196912102
v -3.05033751E-07 -0.00141368504 0.0196970627
v -3.05033751E-07 -0.00105249987 0.0200072285
v -0.000252582191 -0.00100104709 0.0200033132
v -0.000419689924 -0.000854522339 0.019992182
v -0.000252582191 -0.00100104709 0.0200033132
v -7.59473114E-05 -0.000582046108 0.0201541856
v -0.000183322438 -0.000530593563 0.0201502778
v -0.000656828284 -0.00120376551 0.019437924
v -0.000385632535 -0.00142714498 0.0195294917
v -0.000336411351 -0.00133668061 0.0196912102
v -0.000586225768 -0.0011173907 0.0196745452
v -0.000586225768 -0.0011173907 0.0196745452
v -0.000336411351 -0.00133668061 0.0196912102
v -0.000252582191 -0.00100104709 0.0200033132
v -0.000419689924 -0.000854522339 0.019992182
v -0.000532308302 -0.000635232485 0.0199755132
v -0.000419689924 -0.000854522339 0.019992182
v -0.000183322438 -0.000530593563 0.0201502778
v -0.000222912553 -0.000453589135 0.0201444235
v -0.00072676054 -0.000875145546 0.0192912351
v -0.000656828284 -0.00120376551 0.019437924
v -0.000586225768 -0.0011173907 0.0196745452
v -0.000705022714 -0.00078920013 0.0196496025
v -0.000705022714 -0.00078920013 0.0196496025
v -0.000586225768 -0.0011173907 0.0196745452
v -0.000419689924 -0.000854522339 0.019992182
v -0.000532308302 -0.000635232485 0.0199755132
v -0.000774200365 -0.000439632859 0.0192492288
v -0.00072676054 -0.000875145546 0.0192912351
v -0.000705022714 -0.00078920013 0.0196496025
v -0.000769153819 -0.000402073289 0.0196201801
v -0.000573647965 -0.000376562442 0.0199558549
v -0.000532308302 -0.000635232485 0.0199755132
v -0.000222912553 -0.000453589135 0.0201444235
v -0.000236814856 -0.000362756196 0.0201375168
v -0.000769153819 -0.000402073289 0.0196201801
v -0.000705022714 -0.00078920013 0.0196496025
v -0.000532308302 -0.000635232485 0.0199755132
v -0.000573647965 -0.000376562442 0.0199558549
v -0.000805729243 1.68747447E-05 0.0192245338
v -0.000774200365 -0.000439632859 0.0192492288
v -0.000769153819 -0.000402073289 0.0196201801
v -0.000724035955 -1.4946414E-05 0.0195907596
v -0.000534688064 -0.000117892552 0.0199361965
v -0.000573647965 -0.000376562442 0.0199558549
v -0.000236814856 -0.000362756196 0.0201375168
v -0.000222912553 -0.000271923345 0.0201306175
v -0.000724035955 -1.4946414E-05 0.0195907596
v -0.000769153819 -0.000402073289 0.0196201801
v -0.000573647965 -0.000376562442 0.0199558549
v -0.000534688064 -0.000117892552 0.0199361965
v -0.000703420083 0.000384885323 0.0190248527
v -0.000795256579 -0.000186487858 0.0190457869
v -0.000805729243 1.68747447E-05 0.0192245338
v -0.000703420083 0.000403883256 0.0192036014
v -0.000703420083 0.000403883256 0.0192036014
v -0.000805729243 1.68747447E-05 0.0192245338
v -0.000724035955 -1.4946414E-05 0.0195907596
v -0.000604579342 0.000313243887 0.019565817
v -0.000421945064 0.000101397192 0.0199195314
v -0.000534688064 -0.000117892552 0.0199361965
v -0.000222912553 -0.000271923345 0.0201306175
v -0.000183322438 -0.000194918917 0.0201247633
v -0.000604579342 0.000313243887 0.019565817
v -0.000724035955 -1.4946414E-05 0.0195907596
v -0.000534688064 -0.000117892552 0.0199361965
v -0.000421945064 0.000101397192 0.0199195314
v -0.000405546336 0.000643476087 0.0190108661
v -0.000703420083 0.000384885323 0.0190248527
v -0.000703420083 0.000403883256 0.0192036014
v -0.000405546336 0.000662473845 0.0191896129
v -0.000253213075 0.000247921766 0.0199083947
v -0.000421945064 0.000101397192 0.0199195314
v -0.000183322438 -0.000194918917 0.0201247633
v -7.59470131E-05 -0.000143466314 0.0201208554
v -0.000405546336 0.000662473845 0.0191896129
v -0.000703420083 0.000403883256 0.0192036014
v -0.000604579342 0.000313243887 0.019565817
v -0.000352054223 0.000532533624 0.0195491519
v -0.000352054223 0.000532533624 0.0195491519
v -0.000604579342 0.000313243887 0.019565817
v -0.000421945064 0.000101397192 0.0199195314
v -0.000253213075 0.000247921766 0.0199083947
v -3.05033751E-07 0.000809586258 0.0190889481
v -0.000405546336 0.000643476087 0.0190108661
v -0.000405546336 0.000662473845 0.0191896129
v -3.05033751E-07 0.000829954341 0.0193544794
v -0.000352054223 0.000532533624 0.0195491519
v -3.05033751E-07 0.000609538518 0.0195433013
v -3.05033751E-07 0.000829954341 0.0193544794
v -0.000405546336 0.000662473845 0.0191896129
v -0.000253213075 0.000247921766 0.0199083947
v -7.59470131E-05 -0.000143466314 0.0201208554
v -3.05033751E-07 -0.000125398423 0.0201194808
v -3.05033751E-07 0.000299374951 0.0199044868
v -0.000405546336 0.000624729961 0.0188344885
v -3.05033751E-07 0.000789487967 0.0188269354
v -3.05033751E-07 0.000730945903 0.018381279
v -0.000411005021 0.000657186145 0.0183499586
v -0.000755533867 -0.000530613761 0.0191442259
v -0.000818929053 -0.000443386234 0.0187989157
v -0.000792329607 -0.000881095941 0.0186901502
v -0.00074600277 -0.000998320407 0.0190279502
v -0.000798667199 -4.90662533E-05 0.0188694093
v -0.000703420083 0.00036613908 0.0188484732
v -0.000609025359 0.000440532604 0.0183366966
v -0.000743701647 4.13773378E-05 0.0183635
v -0.000703420083 0.00036613908 0.0188484732
v -0.000405546336 0.000624729961 0.0188344885
v -0.000411005021 0.000657186145 0.0183499586
v -0.000609025359 0.000440532604 0.0183366966
v -3.05033751E-07 -0.0015055862 0.0195616446
v -3.05033751E-07 -0.00173298654 0.0195990931
v -3.05033751E-07 -0.00175724458 0.0190091971
v -3.05033751E-07 -0.0017057982 0.0190554168
v -0.000656828284 -0.00120376551 0.019437924
v -0.000680239755 -0.00135965704 0.0190476254
v -0.000532100035 -0.00156086741 0.0190534536
v -0.000385632535 -0.00142714498 0.0195294917
v -3.05033751E-07 0.000299374951 0.0199044868
v -3.05033751E-07 0.000609538518 0.0195433013
v -3.05033751E-07 0.000765966892 0.0197325759
v -3.05033751E-07 0.000416791852 0.0200776495
v -3.05033751E-07 0.000789487967 0.0188269354
v -3.05033751E-07 0.000730945903 0.018381279
v -3.05033751E-07 0.00082918402 0.0183865558
v -3.05033751E-07 0.000928980822 0.0188544039
v -3.05033751E-07 -0.0015055862 0.0195616446
v -3.05033751E-07 -0.00141368504 0.0196970627
v -3.05033751E-07 -0.00149735867 0.0198038723
v -3.05033751E-07 -0.00173298654 0.0195990931
v -0.000743701647 4.13773378E-05 0.0183635
v -0.000756429567 0.000251640799 0.0180164333
v -0.000851127785 0.000253715494 0.0180178825
v -0.000869476004 5.65413757E-05 0.018359933
v -0.000889970106 -0.000164707511 0.0190535095
v -0.000876034086 -0.000203925927 0.0190595798
v -0.00078139652 -0.00022151295 0.0190445893
v -0.000795256579 -0.000186487858 0.0190457869
v -3.05033751E-07 0.000730945903 0.018381279
v -3.05033751E-07 0.000986298313 0.0180503558
v -0.000370625785 0.00090508844 0.0180188175
v -0.000411005021 0.000657186145 0.0183499586
v -3.05033751E-07 -0.00141368504 0.0196970627
v -3.05033751E-07 -0.00105249987 0.0200072285
v -3.05033751E-07 -0.00110233063 0.0200958326
v -3.05033751E-07 -0.00149735867 0.0198038723
v -3.05033751E-07 0.000609538518 0.0195433013
v -3.05033751E-07 0.000829954341 0.0193544794
v -3.05033751E-07 0.000929888105 0.0193682332
v -3.05033751E-07 0.000765966892 0.0197325759
v -0.000411005021 0.000657186145 0.0183499586
v -0.000370625785 0.00090508844 0.0180188175
v -0.00074823224 0.000328354654 0.0178941339
v -0.000609025359 0.000440532604 0.0183366966
v -3.05033751E-07 -0.000125398423 0.0201194808
v -3.05033751E-07 0.000299374951 0.0199044868
v -3.05033751E-07 0.000416791852 0.0200776495
v -0 -9.35221178E-05 0.020215949
v -3.05033751E-07 0.000809586258 0.0190889481
v -3.05033751E-07 0.000789487967 0.0188269354
v -3.05033751E-07 0.000928980822 0.0188544039
v -3.05033751E-07 0.000929431466 0.0191096049
v -3.05033751E-07 0.00082918402 0.0183865558
v -3.05033751E-07 0.000730945903 0.018381279
v -3.05033751E-07 0.000986298313 0.0180503558
v -3.05033751E-07 0.00109322625 0.018052768
v -3.05033751E-07 -0.00105249987 0.0200072285
v -3.05033751E-07 -0.000600113883 0.0201555584
v -3.05033751E-07 -0.00061704457 0.020255737
v -3.05033751E-07 -0.00110233063 0.0200958326
v -0.000743701647 4.13773378E-05 0.0183635
v -0.000869476004 5.65413757E-05 0.018359933
v -0.000894021359 -2.88546471E-05 0.0188699141
v -0.000798667199 -4.90662533E-05 0.0188694093
v -0.00074823224 0.000328354654 0.0178941339
v -0.000826154603 0.000332491123 0.0178965665
v -0.000851127785 0.000253715494 0.0180178825
v -0.000756429567 0.000251640799 0.0180164333
v -0.000370625785 0.00090508844 0.0180188175
v -0.000410821754 0.00100709789 0.0180226155
v -0.000826154603 0.000332491123 0.0178965665
v -0.00074823224 0.000328354654 0.0178941339
v -3.05033751E-07 0.000986298313 0.0180503558
v -3.05033751E-07 0.00109322625 0.018052768
v -0.000410821754 0.00100709789 0.0180226155
v -0.000370625785 0.00090508844 0.0180188175
v -0.000869476004 5.65413757E-05 0.018359933
v -0.000851127785 0.000253715494 0.0180178825
v -0.000826154603 0.000332491123 0.0178965665
v -0.000680700177 0.000504972064 0.0183409415
v -0.000894021359 -2.88546471E-05 0.0188699141
v -0.000410821754 0.00100709789 0.0180226155
v -0.000774465792 0.000431884866 0.0188472774
v -0.000889970106 -0.000164707511 0.0190535095
v -0.000447978207 0.000750862586 0.0183563698
v -3.05033751E-07 0.00109322625 0.018052768
v -3.05033751E-07 0.00082918402 0.0183865558
v -0.000443359197 0.000718490628 0.0188328046
v -3.05033751E-07 0.000928980822 0.0188544039
v -0.000775056309 0.000450506981 0.0190321524
v -0.000443627738 0.000773286854 0.0190197006
v -3.05033751E-07 0.000929431466 0.0191096049
v -0.000443899888 0.000828819058 0.0192091055
v -3.05033751E-07 0.000929888105 0.0193682332
v -0.000775654684 0.000469379214 0.0192195103
v -0.000899416627 4.02448968E-05 0.0192395709
v -0.00038396052 0.000674323819 0.0196495913
v -3.05033751E-07 0.000765966892 0.0197325759
v -0.00066529063 0.000371408794 0.0196174849
v -0.000275769999 0.000279318076 0.020083217
v -3.05033751E-07 0.000416791852 0.0200776495
v -0 -9.35221178E-05 0.020215949
v -0.000870092539 -0.000408059539 0.0192477442
v -0.000876034086 -0.000203925927 0.0190595798
v -0.000851370103 -0.000500591937 0.0191541146
v -0.000802704599 1.07297301E-05 0.0196360014
v -0.000465551042 0.00014754296 0.0199982394
v -8.63409514E-05 -0.000111304493 0.020216722
v -3.05033751E-07 -0.000353317067 0.0202617217
v -0.000202284296 -0.000168809871 0.0202208627
v -0.000590553856 -9.14695556E-05 0.0200142935
v -0.000247390388 -0.000254526909 0.0202271529
v -0.000853125355 -0.000401878497 0.0196627192
v -0.000263182534 -0.000355368538 0.0202347245
v -0.000634917815 -0.000370618887 0.0200340617
v -0.000247390941 -0.000456195936 0.0202424806
v -0.000589421659 -0.0006495493 0.0200567078
v -0.000785880489 -0.000809928111 0.019695865
v -0.000202282739 -0.00054187933 0.0202492177
v -8.6340835E-05 -0.000599352294 0.020253811
v -3.05033751E-07 -0.00061704457 0.020255737
v -0.000464574347 -0.000888243434 0.0200769603
v -0.000275666098 -0.00104875281 0.0200912654
v -3.05033751E-07 -0.00110233063 0.0200958326
v -0.000782382442 -0.000863464549 0.0192857608
v -0.000652884599 -0.00116707769 0.019730635
v -0.000369926856 -0.00141064904 0.0197541285
v -3.05033751E-07 -0.00149735867 0.0198038723
v -0.000801372342 -0.00098387606 0.0190270077
v -0.000909793365 -0.0004186226 0.0188060664
v -0.000844613649 -0.000869527459 0.0186880101
v -0.00070359878 -0.00121928507 0.0194534566
v -0.000727247447 -0.00137837231 0.019056594
v -0.000344161788 -0.0015813401 0.0195634104
v -3.05033751E-07 -0.00173298654 0.0195990931
v -0.000561092107 -0.00159471482 0.0190290548
v -3.05033751E-07 -0.00175724458 0.0190091971
v -0.000798667199 -4.90662533E-05 0.0188694093
v -0.000894021359 -2.88546471E-05 0.0188699141
v -0.000889970106 -0.000164707511 0.0190535095
v -0.000795256579 -0.000186487858 0.0190457869
v -0.00074600277 -0.000998320407 0.0190279502
v -0.000801372342 -0.00098387606 0.0190270077
v -0.000727247447 -0.00137837231 0.019056594
v -0.000680239755 -0.00135965704 0.0190476254
v -0.000609025359 0.000440532604 0.0183366966
v -0.00074823224 0.000328354654 0.0178941339
v -0.000756429567 0.000251640799 0.0180164333
v -0.000743701647 4.13773378E-05 0.0183635
v -3.05033751E-07 0.000829954341 0.0193544794
v -3.05033751E-07 0.000809586258 0.0190889481
v -3.05033751E-07 0.000929431466 0.0191096049
v -3.05033751E-07 0.000929888105 0.0193682332
v -0.000532100035 -0.00156086741 0.0190534536
v -0.000561092107 -0.00159471482 0.0190290548
v -3.05033751E-07 -0.00175724458 0.0190091971
v -3.05033751E-07 -0.0017057982 0.0190554168
v -3.05033751E-07 0.000789487967 0.0188269354
v -0.000405546336 0.000624729961 0.0188344885
v -0.000405546336 0.000643476087 0.0190108661
v -3.05033751E-07 0.000809586258 0.0190889481
v -0.000405546336 0.000624729961 0.0188344885
v -0.000703420083 0.00036613908 0.0188484732
v -0.000703420083 0.000384885323 0.0190248527
v -0.000405546336 0.000643476087 0.0190108661
v -0.000703420083 0.00036613908 0.0188484732
v -0.000798667199 -4.90662533E-05 0.0188694093
v -0.000795256579 -0.000186487858 0.0190457869
v -0.000703420083 0.000384885323 0.0190248527
v -0.000385632535 -0.00142714498 0.0195294917
v -0.000532100035 -0.00156086741 0.0190534536
v -3.05033751E-07 -0.0017057982 0.0190554168
v -3.05033751E-07 -0.0015055862 0.0195616446
v -0.00072751689 -0.00147468562 0.0174200274
v -0.000434525573 -0.00177746709 0.0174363554
v -0.000428195577 -0.00180037285 0.0172563139
v -0.000688863103 -0.0014644363 0.0176408775
v -0.000434108748 -0.0017740872 0.0174782481
v -0.000441089942 -0.00173850893 0.0178792849
v -0.000812341867 -0.00117976242 0.0175986905
v -0.000698310498 -0.00149727042 0.0179640986
v -0.000444892125 -0.00175457203 0.0182546452
v -0.000816116924 -0.00113691448 0.0177578721
v -0.0010252943 -0.000712043839 0.0178324226
v -0.000591423013 -0.00166112371 0.0184024386
v -0.000409065251 -0.00182491937 0.0184607618
v -0.00061885186 -0.00168774708 0.0185802281
v -0.000703419559 -0.00152264209 0.0186001174
v -0.000814852829 -0.00105348625 0.0182046872
v -0.000829578668 -0.0011916795 0.0186072253
v -0.000812931859 -0.00128349988 0.0187338106
v -0.000885879388 -0.000831052021 0.017938016
v -0.000925159489 -0.000770489685 0.0185357053
v -0.000904288725 -0.000631528033 0.018934194
v -0.000804566371 -0.00104439119 0.0188787058
v -0.000788345991 -0.00110288314 0.0189272631
v -0.00101984339 -0.00058716425 0.0181207638
v -0.00112597027 -0.000377510441 0.0179532953
v -0.00108300324 -0.000476384565 0.0180704128
v -0.00104219979 -0.000536514039 0.0182426088
v -0.000986027648 -0.000640003884 0.0182896815
v -0.000993954716 -0.000541083864 0.0184894335
v -0.000934207288 -0.00064401963 0.0184977818
v -0.000961567217 -0.000282977242 0.0189415906
v -0.00109496422 -0.000336934667 0.0193190612
v -0.000933675503 -0.000917287718 0.0192400869
v -0.000954502786 -0.00108081813 0.0195882451
v -0.000876899518 -0.000995947397 0.0191636123
v -0.000902090047 -0.00111468288 0.019514963
v -0.000853020058 -0.00109318201 0.0190690774
v -0.00079029362 -0.00147150375 0.0196042154
v -0.000703922473 -0.00159707025 0.0197607055
v -0.00041497944 -0.00169916265 0.0194109287
v -0.00070147455 -0.00136862055 0.0193437189
v -0.000765100238 -0.00133263366 0.0190660655
v -0.000648094225 -0.00148335972 0.0189590063
v -0.000718220137 -0.0012878062 0.018980341
v -0.000677154807 -0.0015351742 0.019041758
v -0.000475235458 -0.00170433836 0.0189959519
v -0.000346814195 -0.00178339495 0.0189541299
v -0.000188929247 -0.00176921836 0.0187673569
v -0.000166131402 -0.00181565201 0.0185224097
v -0.000222871677 -0.00182775222 0.0190320369
v -0.000152174616 -0.00182093435 0.0188565124
v -3.05033751E-07 -0.00186861341 0.0183134023
v -0.000127466556 -0.00184408319 0.0189253893
v -3.05033751E-07 -0.00191473553 0.0193248652
v -3.05033751E-07 -0.00207014475 0.0196771137
v -3.05033751E-07 -0.00208056951 0.0198717788
v -0.000398580945 -0.00177510211 0.01960437
v -0.000484395627 -0.00181334221 0.0198198762
v -0.00072676054 -0.000875145546 0.0192912351
v -0.00074600277 -0.000998320407 0.0190279502
v -0.000680239755 -0.00135965704 0.0190476254
v -0.000656828284 -0.00120376551 0.019437924
v -0.000795256579 -0.000186487858 0.0190457869
v -0.00078139652 -0.00022151295 0.0190445893
v -0.000755533867 -0.000530613761 0.0191442259
v -0.000774200365 -0.000439632859 0.0192492288
v -0.000774200365 -0.000439632859 0.0192492288
v -0.000755533867 -0.000530613761 0.0191442259
v -0.00074600277 -0.000998320407 0.0190279502
v -0.00072676054 -0.000875145546 0.0192912351
v -0.000909793365 -0.0004186226 0.0188060664
v -0.000844613649 -0.000869527459 0.0186880101
v -0.000792329607 -0.000881095941 0.0186901502
v -0.000818929053 -0.000443386234 0.0187989157
v -0.00074600277 -0.000998320407 0.0190279502
v -0.000792329607 -0.000881095941 0.0186901502
v -0.000844613649 -0.000869527459 0.0186880101
v -0.000801372342 -0.00098387606 0.0190270077
v -0.000851370103 -0.000500591937 0.0191541146
v -0.000909793365 -0.0004186226 0.0188060664
v -0.000818929053 -0.000443386234 0.0187989157
v -0.000755533867 -0.000530613761 0.0191442259
v -0.000362430816 -0.00170881487 0.017426081
v -0.000360844657 -0.00170587492 0.0174717978
v -0.000602267217 -0.00141068525 0.0176334679
v -0.000643097097 -0.00141930871 0.0174072068
v -0.000614806951 -0.00130905956 0.0193573758
v -0.000587946968 -0.00147580507 0.0190628152
v -0.00040658217 -0.0016199802 0.0190090723
v -0.00035183056 -0.00161811651 0.0194250587
v -0.000732396613 -0.00116429746 0.0186137166
v -0.000719598436 -0.00102108798 0.0182092059
v -0.000504405703 -0.00160443911 0.0184118319
v -0.000612762175 -0.00148367858 0.0186168198
v -0.000721366552 -0.00113850005 0.0175854508
v -0.000602267217 -0.00141068525 0.0176334679
v -0.000612078467 -0.00144035288 0.0179654509
v -0.000725057733 -0.00109606946 0.0177348703
v -0.00103366189 -0.000341436971 0.0179399587
v -0.000933650997 -0.000667589891 0.0178159159
v -0.000934081967 -0.000535961532 0.0181049518
v -0.000992486719 -0.000434010028 0.018061718
v -0.000899161911 -0.000509072212 0.0184723176
v -0.000954016112 -0.000490052393 0.0182314068
v -0.000888529117 -0.00061198324 0.0182755273
v -0.000835276616 -0.000618869788 0.0184826031
v -0.000578592066 -0.00143753109 0.0190173592
v -0.000126589774 -0.00169870385 0.0188073721
v -0.000289184594 -0.0016930151 0.0189739596
v -0.00040658217 -0.0016199802 0.0190090723
v -0.000369716377 -0.00166843215 0.0178818889
v -0.000612078467 -0.00144035288 0.0179654509
v -0.000602267217 -0.00141068525 0.0176334679
v -0.000360844657 -0.00170587492 0.0174717978
v -0.000816588814 -0.00106897228 0.0195437409
v -0.000779563677 -0.00097835518 0.0191946793
v -0.000751453976 -0.00106922875 0.0190935284
v -0.000614806951 -0.00130905956 0.0193573758
v -0.00035183056 -0.00161811651 0.0194250587
v -3.05033751E-07 -0.00199953467 0.0197006855
v -3.05033751E-07 -0.00200764276 0.0198937971
v -0.000344249944 -0.00169527507 0.0196328424
v -0.000796085049 -0.000784474309 0.0179158151
v -0.000719598436 -0.00102108798 0.0182092059
v -0.000825580559 -0.00075225858 0.0185290407
v -0.000888529117 -0.00061198324 0.0182755273
v -0.000825580559 -0.00075225858 0.0185290407
v -0.000732396613 -0.00116429746 0.0186137166
v -0.000716043112 -0.00125125446 0.0187146533
v -0.000803119678 -0.000605963403 0.0189285688
v -0.00035183056 -0.00161811651 0.0194250587
v -0.000344249944 -0.00169527507 0.0196328424
v -0.000618708553 -0.00153422041 0.0197697636
v -0.000702054065 -0.00141352962 0.0196237508
v -0.000578592066 -0.00143753109 0.0190173592
v -0.000667635235 -0.00129439484 0.019088719
v -0.000693532813 -0.00107787398 0.0189590752
v -0.000643386971 -0.00125539268 0.0190382134
v -0.000289184594 -0.0016930151 0.0189739596
v -0.000126589774 -0.00169870385 0.0188073721
v -0.000118530603 -0.00172595284 0.0185327623
v -0.000106855972 -0.00173079188 0.0188680198
v -0.000106855972 -0.00173079188 0.0188680198
v -8.69259093E-05 -0.00175235479 0.0189346578
v -0.000184556266 -0.00173397909 0.0190283414
v -0.000289184594 -0.0016930151 0.0189739596
v -0.000434525573 -0.00177746709 0.0174363554
v -0.000362430816 -0.00170881487 0.017426081
v -0.000356305449 -0.00173114589 0.0172500331
v -0.000428195577 -0.00180037285 0.0172563139
v -0.00108300324 -0.000476384565 0.0180704128
v -0.000992486719 -0.000434010028 0.018061718
v -0.000954016112 -0.000490052393 0.0182314068
v -0.00104219979 -0.000536514039 0.0182426088
v -0.000188929247 -0.00176921836 0.0187673569
v -0.000126589774 -0.00169870385 0.0188073721
v -0.000578592066 -0.00143753109 0.0190173592
v -0.000648094225 -0.00148335972 0.0189590063
v -0.000788345991 -0.00110288314 0.0189272631
v -0.000693532813 -0.00107787398 0.0189590752
v -0.000709135318 -0.00101761415 0.0188509766
v -0.000804566371 -0.00104439119 0.0188787058
v -0.00109496422 -0.000336934667 0.0193190612
v -0.00100010389 -0.000317306723 0.0193452965
v -0.000855338527 -0.00104459096 0.0195932109
v -0.000954502786 -0.00108081813 0.0195882451
v -0.000718220137 -0.0012878062 0.018980341
v -0.000643386971 -0.00125539268 0.0190382134
v -0.000693532813 -0.00107787398 0.0189590752
v -0.000788345991 -0.00110288314 0.0189272631
v -0.000409065251 -0.00182491937 0.0184607618
v -0.000346517103 -0.00174891064 0.0184786581
v -0.000378442288 -0.0016801625 0.0182640199
v -0.000444892125 -0.00175457203 0.0182546452
v -0.000166131402 -0.00181565201 0.0185224097
v -0.000118530603 -0.00172595284 0.0185327623
v -0.000126589774 -0.00169870385 0.0188073721
v -0.000188929247 -0.00176921836 0.0187673569
v -0.000441089942 -0.00173850893 0.0178792849
v -0.000369716377 -0.00166843215 0.0178818889
v -0.000360844657 -0.00170587492 0.0174717978
v -0.000434108748 -0.0017740872 0.0174782481
v -0.000648094225 -0.00148335972 0.0189590063
v -0.000578592066 -0.00143753109 0.0190173592
v -0.000643386971 -0.00125539268 0.0190382134
v -0.000718220137 -0.0012878062 0.018980341
v -0.0010252943 -0.000712043839 0.0178324226
v -0.000933650997 -0.000667589891 0.0178159159
v -0.00103366189 -0.000341436971 0.0179399587
v -0.00112597027 -0.000377510441 0.0179532953
v -0.000484395627 -0.00181334221 0.0198198762
v -0.000432140136 -0.0017347039 0.0198546387
v -3.05033751E-07 -0.00200764276 0.0198937971
v -3.05033751E-07 -0.00208056951 0.0198717788
v -0.00061885186 -0.00168774708 0.0185802281
v -0.000540432462 -0.001625565 0.0186016392
v -0.000346517103 -0.00174891064 0.0184786581
v -0.000409065251 -0.00182491937 0.0184607618
v -0.000434108748 -0.0017740872 0.0174782481
v -0.000360844657 -0.00170587492 0.0174717978
v -0.000362430816 -0.00170881487 0.017426081
v -0.000434525573 -0.00177746709 0.0174363554
v -0.000703419559 -0.00152264209 0.0186001174
v -0.000612762175 -0.00148367858 0.0186168198
v -0.000540432462 -0.001625565 0.0186016392
v -0.00061885186 -0.00168774708 0.0185802281
v -0.000993954716 -0.000541083864 0.0184894335
v -0.000899161911 -0.000509072212 0.0184723176
v -0.000859904569 -0.000266480929 0.018951498
v -0.000961567217 -0.000282977242 0.0189415906
v -0.00072751689 -0.00147468562 0.0174200274
v -0.000643097097 -0.00141930871 0.0174072068
v -0.000721366552 -0.00113850005 0.0175854508
v -0.000812341867 -0.00117976242 0.0175986905
v -3.05033751E-07 -0.00208056951 0.0198717788
v -3.05033751E-07 -0.00207014475 0.0196771137
v -3.05033751E-07 -0.00199953467 0.0197006855
v -3.05033751E-07 -0.00200764276 0.0198937971
v -0.000444892125 -0.00175457203 0.0182546452
v -0.000378442288 -0.0016801625 0.0182640199
v -0.000369716377 -0.00166843215 0.0178818889
v -0.000441089942 -0.00173850893 0.0178792849
v -0.000812931859 -0.00128349988 0.0187338106
v -0.000716043112 -0.00125125446 0.0187146533
v -0.000612762175 -0.00148367858 0.0186168198
v -0.000703419559 -0.00152264209 0.0186001174
v -0.00104219979 -0.000536514039 0.0182426088
v -0.000954016112 -0.000490052393 0.0182314068
v -0.000899161911 -0.000509072212 0.0184723176
v -0.000993954716 -0.000541083864 0.0184894335
v -3.05033751E-07 -0.00191473553 0.0193248652
v -3.05033751E-07 -0.00186861341 0.0183134023
v -3.05033751E-07 -0.00177490292 0.01831601
v -3.05033751E-07 -0.00183502864 0.0193408523
v -0.000804566371 -0.00104439119 0.0188787058
v -0.000709135318 -0.00101761415 0.0188509766
v -0.000716043112 -0.00125125446 0.0187146533
v -0.000812931859 -0.00128349988 0.0187338106
v -0.00112597027 -0.000377510441 0.0179532953
v -0.00103366189 -0.000341436971 0.0179399587
v -0.000992486719 -0.000434010028 0.018061718
v -0.00108300324 -0.000476384565 0.0180704128
v -0.000961567217 -0.000282977242 0.0189415906
v -0.000859904569 -0.000266480929 0.018951498
v -0.00100010389 -0.000317306723 0.0193452965
v -0.00109496422 -0.000336934667 0.0193190612
v -0.000812341867 -0.00117976242 0.0175986905
v -0.000721366552 -0.00113850005 0.0175854508
v -0.000933650997 -0.000667589891 0.0178159159
v -0.0010252943 -0.000712043839 0.0178324226
v -3.05033751E-07 -0.00186861341 0.0183134023
v -3.05033751E-07 -0.00177490292 0.01831601
v -0.000118530603 -0.00172595284 0.0185327623
v -0.000166131402 -0.00181565201 0.0185224097
v -3.05033751E-07 -0.00207014475 0.0196771137
v -3.05033751E-07 -0.00191473553 0.0193248652
v -3.05033751E-07 -0.00183502864 0.0193408523
v -3.05033751E-07 -0.00199953467 0.0197006855
v -0.000428195577 -0.00180037285 0.0172563139
v -0.000356305449 -0.00173114589 0.0172500331
v -0.000643097097 -0.00141930871 0.0174072068
v -0.00072751689 -0.00147468562 0.0174200274
v -0.000703922473 -0.00159707025 0.0197607055
v -0.000618708553 -0.00153422041 0.0197697636
v -0.000432140136 -0.0017347039 0.0198546387
v -0.000484395627 -0.00181334221 0.0198198762
v -0.000954502786 -0.00108081813 0.0195882451
v -0.000855338527 -0.00104459096 0.0195932109
v -0.000618708553 -0.00153422041 0.0197697636
v -0.000703922473 -0.00159707025 0.0197607055
v -3.05033751E-07 0.000765966892 0.0197325759
v -0 0.000850880111 0.0199766457
v -0 0.000533546961 0.0201697182
v -3.05033751E-07 0.000416791852 0.0200776495
v -0 5.98233382E-05 0.0203767531
v -0 -9.35221178E-05 0.020215949
v -3.05033751E-07 -0.000353317067 0.0202617217
v -0 -0.000285287912 0.0204114281
v -3.05033751E-07 -0.00061704457 0.020255737
v -0 -0.000669555971 0.0204002894
v -0 -0.00115819555 0.0203247927
v -3.05033751E-07 -0.00110233063 0.0200958326
v -0 -0.00165049057 0.0201122332
v -3.05033751E-07 -0.00149735867 0.0198038723
v -0.000171417851 -0.00163217203 0.0200753454
v -0.000127473177 -0.00165049057 0.0201122332
v -0 -0.00165049057 0.0201122332
v -3.05033751E-07 -0.00149735867 0.0198038723
v -0.000171417851 -0.00137094699 0.0197812356
v -0.000171417851 -0.00102004537 0.020040581
v -0.000171417851 -0.00114833412 0.0202843752
v -0.000127473177 -0.00165049057 0.0201122332
v -0.000171417851 -0.000588967872 0.0201826263
v -0.000127473177 -0.00115819555 0.0203247927
v -0 -0.00165049057 0.0201122332
v -0.000171417851 -0.000655243988 0.0203608908
v -0.000171417851 -0.000303334818 0.0203717127
v -0.000171417851 -0.00035469982 0.0201879404
v -0.000127473177 -0.000669555971 0.0204002894
v -0 -0.00115819555 0.0203247927
v -0.000171417865 2.44489547E-05 0.0203396585
v -0.000171417865 -0.000123925071 0.0201472826
v -0.000171417865 0.00032938458 0.02002443
v -0.000127473177 -0.000285287912 0.0204114281
v -0.000171417865 0.000491274463 0.0201363843
v -0.000171417865 0.000639555277 0.0197179019
v 0.000127473177 -0.00115819555 0.0203247927
v 0.000127473177 -0.00165049057 0.0201122332
v -0 -0.000669555971 0.0204002894
v -0.000127473191 5.98233382E-05 0.0203767531
v -0.000171417865 0.000834008271 0.0199281499
v -3.05033751E-07 0.000765966892 0.0197325759
v -0 0.000850880111 0.0199766457
v -0.000127473191 0.000850880111 0.0199766457
v -0.000127473191 0.000533546961 0.0201697182
v -0 -0.000285287912 0.0204114281
v 0.000127473177 -0.000669555971 0.0204002894
v -0 0.000533546961 0.0201697182
v -0 0.000850880111 0.0199766457
v 0.000127473191 0.000850880111 0.0199766457
v -0 5.98233382E-05 0.0203767531
v 0.000127473177 -0.000285287912 0.0204114281
v 0.000127473191 0.000533546961 0.0201697182
v 0.000127473191 5.98233382E-05 0.0203767531
v 0.000171417865 0.000834008271 0.0199281499
v -0 0.000850880111 0.0199766457
v -3.05033751E-07 0.000765966892 0.0197325759
v 0.000171417865 0.000639555277 0.0197179019
v 0.000171417865 0.000491274463 0.0201363843
v 0.000171417865 0.00032938458 0.02002443
v 0.000171417865 2.44489547E-05 0.0203396585
v 0.000171417865 -0.000123925071 0.0201472826
v 0.000171417851 -0.00035469982 0.0201879404
v 0.000171417851 -0.000303334818 0.0203717127
v 0.000171417851 -0.000588967872 0.0201826263
v 0.000171417851 -0.000655243988 0.0203608908
v 0.000171417851 -0.00114833412 0.0202843752
v 0.000171417851 -0.00102004537 0.020040581
v 0.000171417851 -0.00163217203 0.0200753454
v 0.000171417851 -0.00137094699 0.0197812356
v -3.05033751E-07 -0.00149735867 0.0198038723
v -0 -0.00165049057 0.0201122332
v 0.000127473177 -0.00165049057 0.0201122332
v -3.05033751E-07 -0.00110233063 0.0200958326
v -0.000171417851 -0.00137094699 0.0197812356
v -3.05033751E-07 -0.00149735867 0.0198038723
v -0.000171417851 -0.00102004537 0.020040581
v -3.05033751E-07 -0.00061704457 0.020255737
v -0.000171417851 -0.000588967872 0.0201826263
v -3.05033751E-07 -0.000353317067 0.0202617217
v -0.000171417851 -0.00035469982 0.0201879404
v -0 -9.35221178E-05 0.020215949
v -0.000171417865 -0.000123925071 0.0201472826
v -3.05033751E-07 0.000416791852 0.0200776495
v -0.000171417865 0.00032938458 0.02002443
v -3.05033751E-07 0.000765966892 0.0197325759
v -0.000171417865 0.000639555277 0.0197179019
v 0.000253213075 0.000247921766 0.0199083947
v 0.000352054223 0.000532533624 0.0195491519
v -3.05033751E-07 0.000609538518 0.0195433013
v -3.05033751E-07 0.000299374951 0.0199044868
v 0.000755533867 -0.000530613761 0.0191442259
v 0.000851370103 -0.000500591937 0.0191541146
v 0.000876034086 -0.000203925927 0.0190595798
v 0.00078139652 -0.00022151295 0.0190445893
v 0.000252582191 -0.00100104709 0.0200033132
v 7.59473114E-05 -0.000582046108 0.0201541856
v -3.05033751E-07 -0.000600113883 0.0201555584
v -3.05033751E-07 -0.00105249987 0.0200072285
v 0.000385632535 -0.00142714498 0.0195294917
v 0.000336411351 -0.00133668061 0.0196912102
v -3.05033751E-07 -0.00141368504 0.0196970627
v -3.05033751E-07 -0.0015055862 0.0195616446
v 0.000336411351 -0.00133668061 0.0196912102
v 0.000252582191 -0.00100104709 0.0200033132
v -3.05033751E-07 -0.00105249987 0.0200072285
v -3.05033751E-07 -0.00141368504 0.0196970627
v 0.000419689924 -0.000854522339 0.019992182
v 0.000183322438 -0.000530593563 0.0201502778
v 7.59473114E-05 -0.000582046108 0.0201541856
v 0.000252582191 -0.00100104709 0.0200033132
v 0.000656828284 -0.00120376551 0.019437924
v 0.000586225768 -0.0011173907 0.0196745452
v 0.000336411351 -0.00133668061 0.0196912102
v 0.000385632535 -0.00142714498 0.0195294917
v 0.000586225768 -0.0011173907 0.0196745452
v 0.000419689924 -0.000854522339 0.019992182
v 0.000252582191 -0.00100104709 0.0200033132
v 0.000336411351 -0.00133668061 0.0196912102
v 0.000532308302 -0.000635232485 0.0199755132
v 0.000222912553 -0.000453589135 0.0201444235
v 0.000183322438 -0.000530593563 0.0201502778
v 0.000419689924 -0.000854522339 0.019992182
v 0.00072676054 -0.000875145546 0.0192912351
v 0.000705022714 -0.00078920013 0.0196496025
v 0.000586225768 -0.0011173907 0.0196745452
v 0.000656828284 -0.00120376551 0.019437924
v 0.000705022714 -0.00078920013 0.0196496025
v 0.000532308302 -0.000635232485 0.0199755132
v 0.000419689924 -0.000854522339 0.019992182
v 0.000586225768 -0.0011173907 0.0196745452
v 0.000774200365 -0.000439632859 0.0192492288
v 0.000769153819 -0.000402073289 0.0196201801
v 0.000705022714 -0.00078920013 0.0196496025
v 0.00072676054 -0.000875145546 0.0192912351
v 0.000573647965 -0.000376562442 0.0199558549
v 0.000236814856 -0.000362756196 0.0201375168
v 0.000222912553 -0.000453589135 0.0201444235
v 0.000532308302 -0.000635232485 0.0199755132
v 0.000769153819 -0.000402073289 0.0196201801
v 0.000573647965 -0.000376562442 0.0199558549
v 0.000532308302 -0.000635232485 0.0199755132
v 0.000705022714 -0.00078920013 0.0196496025
v 0.000805729243 1.68747447E-05 0.0192245338
v 0.000724035955 -1.4946414E-05 0.0195907596
v 0.000769153819 -0.000402073289 0.0196201801
v 0.000774200365 -0.000439632859 0.0192492288
v 0.000534688064 -0.000117892552 0.0199361965
v 0.000222912553 -0.000271923345 0.0201306175
v 0.000236814856 -0.000362756196 0.0201375168
v 0.000573647965 -0.000376562442 0.0199558549
v 0.000724035955 -1.4946414E-05 0.0195907596
v 0.000534688064 -0.000117892552 0.0199361965
v 0.000573647965 -0.000376562442 0.0199558549
v 0.000769153819 -0.000402073289 0.0196201801
v 0.000703420083 0.000384885323 0.0190248527
v 0.000703420083 0.000403883256 0.0192036014
v 0.000805729243 1.68747447E-05 0.0192245338
v 0.000795256579 -0.000186487858 0.0190457869
v 0.000703420083 0.000403883256 0.0192036014
v 0.000604579342 0.000313243887 0.019565817
v 0.000724035955 -1.4946414E-05 0.0195907596
v 0.000805729243 1.68747447E-05 0.0192245338
v 0.000421945064 0.000101397192 0.0199195314
v 0.000183322438 -0.000194918917 0.0201247633
v 0.000222912553 -0.000271923345 0.0201306175
v 0.000534688064 -0.000117892552 0.0199361965
v 0.000604579342 0.000313243887 0.019565817
v 0.000421945064 0.000101397192 0.0199195314
v 0.000534688064 -0.000117892552 0.0199361965
v 0.000724035955 -1.4946414E-05 0.0195907596
v 0.000405546336 0.000643476087 0.0190108661
v 0.000405546336 0.000662473845 0.0191896129
v 0.000703420083 0.000403883256 0.0192036014
v 0.000703420083 0.000384885323 0.0190248527
v 0.000253213075 0.000247921766 0.0199083947
v 7.59470131E-05 -0.000143466314 0.0201208554
v 0.000183322438 -0.000194918917 0.0201247633
v 0.000421945064 0.000101397192 0.0199195314
v 0.000405546336 0.000662473845 0.0191896129
v 0.000352054223 0.000532533624 0.0195491519
v 0.000604579342 0.000313243887 0.019565817
v 0.000703420083 0.000403883256 0.0192036014
v 0.000352054223 0.000532533624 0.0195491519
v 0.000253213075 0.000247921766 0.0199083947
v 0.000421945064 0.000101397192 0.0199195314
v 0.000604579342 0.000313243887 0.019565817
v -3.05033751E-07 0.000809586258 0.0190889481
v -3.05033751E-07 0.000829954341 0.0193544794
v 0.000405546336 0.000662473845 0.0191896129
v 0.000405546336 0.000643476087 0.0190108661
v 0.000352054223 0.000532533624 0.0195491519
v 0.000405546336 0.000662473845 0.0191896129
v -3.05033751E-07 0.000829954341 0.0193544794
v -3.05033751E-07 0.000609538518 0.0195433013
v 0.000253213075 0.000247921766 0.0199083947
v -3.05033751E-07 0.000299374951 0.0199044868
v -3.05033751E-07 -0.000125398423 0.0201194808
v 7.59470131E-05 -0.000143466314 0.0201208554
v 0.000405546336 0.000624729961 0.0188344885
v 0.000411005021 0.000657186145 0.0183499586
v -3.05033751E-07 0.000730945903 0.018381279
v -3.05033751E-07 0.000789487967 0.0188269354
v 0.000755533867 -0.000530613761 0.0191442259
v 0.00074600277 -0.000998320407 0.0190279502
v 0.000792329607 -0.000881095941 0.0186901502
v 0.000818929053 -0.000443386234 0.0187989157
v 0.000798667199 -4.90662533E-05 0.0188694093
v 0.000743701647 4.13773378E-05 0.0183635
v 0.000609025359 0.000440532604 0.0183366966
v 0.000703420083 0.00036613908 0.0188484732
v 0.000703420083 0.00036613908 0.0188484732
v 0.000609025359 0.000440532604 0.0183366966
v 0.000411005021 0.000657186145 0.0183499586
v 0.000405546336 0.000624729961 0.0188344885
v 0.000656828284 -0.00120376551 0.019437924
v 0.000385632535 -0.00142714498 0.0195294917
v 0.000532100035 -0.00156086741 0.0190534536
v 0.000680239755 -0.00135965704 0.0190476254
v 0.000743701647 4.13773378E-05 0.0183635
v 0.000869476004 5.65413757E-05 0.018359933
v 0.000851127785 0.000253715494 0.0180178825
v 0.000756429567 0.000251640799 0.0180164333
v 0.000889970106 -0.000164707511 0.0190535095
v 0.000795256579 -0.000186487858 0.0190457869
v 0.00078139652 -0.00022151295 0.0190445893
v 0.000876034086 -0.000203925927 0.0190595798
v -3.05033751E-07 0.000730945903 0.018381279
v 0.000411005021 0.000657186145 0.0183499586
v 0.000370625785 0.00090508844 0.0180188175
v -3.05033751E-07 0.000986298313 0.0180503558
v 0.000411005021 0.000657186145 0.0183499586
v 0.000609025359 0.000440532604 0.0183366966
v 0.00074823224 0.000328354654 0.0178941339
v 0.000370625785 0.00090508844 0.0180188175
v 0.000743701647 4.13773378E-05 0.0183635
v 0.000798667199 -4.90662533E-05 0.0188694093
v 0.000894021359 -2.88546471E-05 0.0188699141
v 0.000869476004 5.65413757E-05 0.018359933
v 0.00074823224 0.000328354654 0.0178941339
v 0.000756429567 0.000251640799 0.0180164333
v 0.000851127785 0.000253715494 0.0180178825
v 0.000826154603 0.000332491123 0.0178965665
v 0.000370625785 0.00090508844 0.0180188175
v 0.00074823224 0.000328354654 0.0178941339
v 0.000826154603 0.000332491123 0.0178965665
v 0.000410821754 0.00100709789 0.0180226155
v -3.05033751E-07 0.000986298313 0.0180503558
v 0.000370625785 0.00090508844 0.0180188175
v 0.000410821754 0.00100709789 0.0180226155
v -3.05033751E-07 0.00109322625 0.018052768
v 0.000869476004 5.65413757E-05 0.018359933
v 0.000826154603 0.000332491123 0.0178965665
v 0.000851127785 0.000253715494 0.0180178825
v 0.000680700177 0.000504972064 0.0183409415
v 0.000894021359 -2.88546471E-05 0.0188699141
v 0.000410821754 0.00100709789 0.0180226155
v 0.000774465792 0.000431884866 0.0188472774
v 0.000889970106 -0.000164707511 0.0190535095
v 0.000447978207 0.000750862586 0.0183563698
v -3.05033751E-07 0.00109322625 0.018052768
v -3.05033751E-07 0.00082918402 0.0183865558
v 0.000443359197 0.000718490628 0.0188328046
v -3.05033751E-07 0.000928980822 0.0188544039
v 0.000775056309 0.000450506981 0.0190321524
v 0.000443627738 0.000773286854 0.0190197006
v -3.05033751E-07 0.000929431466 0.0191096049
v 0.000443899888 0.000828819058 0.0192091055
v -3.05033751E-07 0.000929888105 0.0193682332
v 0.000775654684 0.000469379214 0.0192195103
v 0.000899416627 4.02448968E-05 0.0192395709
v 0.00038396052 0.000674323819 0.0196495913
v -3.05033751E-07 0.000765966892 0.0197325759
v 0.00066529063 0.000371408794 0.0196174849
v 0.000275769999 0.000279318076 0.020083217
v -3.05033751E-07 0.000416791852 0.0200776495
v -0 -9.35221178E-05 0.020215949
v 0.000870092539 -0.000408059539 0.0192477442
v 0.000876034086 -0.000203925927 0.0190595798
v 0.000851370103 -0.000500591937 0.0191541146
v 0.000802704599 1.07297301E-05 0.0196360014
v 0.000465551042 0.00014754296 0.0199982394
v 8.63409514E-05 -0.000111304493 0.020216722
v -3.05033751E-07 -0.000353317067 0.0202617217
v 0.000202284296 -0.000168809871 0.0202208627
v 0.000590553856 -9.14695556E-05 0.0200142935
v 0.000247390388 -0.000254526909 0.0202271529
v 0.000853125355 -0.000401878497 0.0196627192
v 0.000263182534 -0.000355368538 0.0202347245
v 0.000634917815 -0.000370618887 0.0200340617
v 0.000247390941 -0.000456195936 0.0202424806
v 0.000589421659 -0.0006495493 0.0200567078
v 0.000785880489 -0.000809928111 0.019695865
v 0.000202282739 -0.00054187933 0.0202492177
v 8.6340835E-05 -0.000599352294 0.020253811
v -3.05033751E-07 -0.00061704457 0.020255737
v 0.000464574347 -0.000888243434 0.0200769603
v 0.000275666098 -0.00104875281 0.0200912654
v -3.05033751E-07 -0.00110233063 0.0200958326
v 0.000782382442 -0.000863464549 0.0192857608
v 0.000652884599 -0.00116707769 0.019730635
v 0.000369926856 -0.00141064904 0.0197541285
v -3.05033751E-07 -0.00149735867 0.0198038723
v 0.000801372342 -0.00098387606 0.0190270077
v 0.000909793365 -0.0004186226 0.0188060664
v 0.000844613649 -0.000869527459 0.0186880101
v 0.00070359878 -0.00121928507 0.0194534566
v 0.000727247447 -0.00137837231 0.019056594
v 0.000344161788 -0.0015813401 0.0195634104
v -3.05033751E-07 -0.00173298654 0.0195990931
v 0.000561092107 -0.00159471482 0.0190290548
v -3.05033751E-07 -0.00175724458 0.0190091971
v 0.000798667199 -4.90662533E-05 0.0188694093
v 0.000795256579 -0.000186487858 0.0190457869
v 0.000889970106 -0.000164707511 0.0190535095
v 0.000894021359 -2.88546471E-05 0.0188699141
v 0.00074600277 -0.000998320407 0.0190279502
v 0.000680239755 -0.00135965704 0.0190476254
v 0.000727247447 -0.00137837231 0.019056594
v 0.000801372342 -0.00098387606 0.0190270077
v 0.000609025359 0.000440532604 0.0183366966
v 0.000743701647 4.13773378E-05 0.0183635
v 0.000756429567 0.000251640799 0.0180164333
v 0.00074823224 0.000328354654 0.0178941339
v 0.000532100035 -0.00156086741 0.0190534536
v -3.05033751E-07 -0.0017057982 0.0190554168
v -3.05033751E-07 -0.00175724458 0.0190091971
v 0.000561092107 -0.00159471482 0.0190290548
v -3.05033751E-07 0.000789487967 0.0188269354
v -3.05033751E-07 0.000809586258 0.0190889481
v 0.000405546336 0.000643476087 0.0190108661
v 0.000405546336 0.000624729961 0.0188344885
v 0.000405546336 0.000624729961 0.0188344885
v 0.000405546336 0.000643476087 0.0190108661
v 0.000703420083 0.000384885323 0.0190248527
v 0.000703420083 0.00036613908 0.0188484732
v 0.000703420083 0.00036613908 0.0188484732
v 0.000703420083 0.000384885323 0.0190248527
v 0.000795256579 -0.000186487858 0.0190457869
v 0.000798667199 -4.90662533E-05 0.0188694093
v 0.000385632535 -0.00142714498 0.0195294917
v -3.05033751E-07 -0.0015055862 0.0195616446
v -3.05033751E-07 -0.0017057982 0.0190554168
v 0.000532100035 -0.00156086741 0.0190534536
v 0.00072751689 -0.00147468562 0.0174200274
v 0.000428195577 -0.00180037285 0.0172563139
v 0.000434525573 -0.00177746709 0.0174363554
v 0.000688863103 -0.0014644363 0.0176408775
v 0.000434108748 -0.0017740872 0.0174782481
v 0.000441089942 -0.00173850893 0.0178792849
v 0.000812341867 -0.00117976242 0.0175986905
v 0.000698310498 -0.00149727042 0.0179640986
v 0.000444892125 -0.00175457203 0.0182546452
v 0.000816116924 -0.00113691448 0.0177578721
v 0.0010252943 -0.000712043839 0.0178324226
v 0.000591423013 -0.00166112371 0.0184024386
v 0.000409065251 -0.00182491937 0.0184607618
v 0.00061885186 -0.00168774708 0.0185802281
v 0.000703419559 -0.00152264209 0.0186001174
v 0.000814852829 -0.00105348625 0.0182046872
v 0.000829578668 -0.0011916795 0.0186072253
v 0.000812931859 -0.00128349988 0.0187338106
v 0.000885879388 -0.000831052021 0.017938016
v 0.000925159489 -0.000770489685 0.0185357053
v 0.000904288725 -0.000631528033 0.018934194
v 0.000804566371 -0.00104439119 0.0188787058
v 0.000788345991 -0.00110288314 0.0189272631
v 0.00101984339 -0.00058716425 0.0181207638
v 0.00112597027 -0.000377510441 0.0179532953
v 0.00108300324 -0.000476384565 0.0180704128
v 0.00104219979 -0.000536514039 0.0182426088
v 0.000986027648 -0.000640003884 0.0182896815
v 0.000993954716 -0.000541083864 0.0184894335
v 0.000934207288 -0.00064401963 0.0184977818
v 0.000961567217 -0.000282977242 0.0189415906
v 0.00109496422 -0.000336934667 0.0193190612
v 0.000933675503 -0.000917287718 0.0192400869
v 0.000954502786 -0.00108081813 0.0195882451
v 0.000876899518 -0.000995947397 0.0191636123
v 0.000902090047 -0.00111468288 0.019514963
v 0.000853020058 -0.00109318201 0.0190690774
v 0.00079029362 -0.00147150375 0.0196042154
v 0.000703922473 -0.00159707025 0.0197607055
v 0.00041497944 -0.00169916265 0.0194109287
v 0.00070147455 -0.00136862055 0.0193437189
v 0.000765100238 -0.00133263366 0.0190660655
v 0.000648094225 -0.00148335972 0.0189590063
v 0.000718220137 -0.0012878062 0.018980341
v 0.000677154807 -0.0015351742 0.019041758
v 0.000475235458 -0.00170433836 0.0189959519
v 0.000346814195 -0.00178339495 0.0189541299
v 0.000188929247 -0.00176921836 0.0187673569
v 0.000166131402 -0.00181565201 0.0185224097
v 0.000222871677 -0.00182775222 0.0190320369
v 0.000152174616 -0.00182093435 0.0188565124
v -3.05033751E-07 -0.00186861341 0.0183134023
v 0.000127466556 -0.00184408319 0.0189253893
v -3.05033751E-07 -0.00191473553 0.0193248652
v -3.05033751E-07 -0.00207014475 0.0196771137
v -3.05033751E-07 -0.00208056951 0.0198717788
v 0.000398580945 -0.00177510211 0.01960437
v 0.000484395627 -0.00181334221 0.0198198762
v 0.00072676054 -0.000875145546 0.0192912351
v 0.000656828284 -0.00120376551 0.019437924
v 0.000680239755 -0.00135965704 0.0190476254
v 0.00074600277 -0.000998320407 0.0190279502
v 0.000795256579 -0.000186487858 0.0190457869
v 0.000774200365 -0.000439632859 0.0192492288
v 0.000755533867 -0.000530613761 0.0191442259
v 0.00078139652 -0.00022151295 0.0190445893
v 0.000774200365 -0.000439632859 0.0192492288
v 0.00072676054 -0.000875145546 0.0192912351
v 0.00074600277 -0.000998320407 0.0190279502
v 0.000755533867 -0.000530613761 0.0191442259
v 0.000909793365 -0.0004186226 0.0188060664
v 0.000818929053 -0.000443386234 0.0187989157
v 0.000792329607 -0.000881095941 0.0186901502
v 0.000844613649 -0.000869527459 0.0186880101
v 0.00074600277 -0.000998320407 0.0190279502
v 0.000801372342 -0.00098387606 0.0190270077
v 0.000844613649 -0.000869527459 0.0186880101
v 0.000792329607 -0.000881095941 0.0186901502
v 0.000851370103 -0.000500591937 0.0191541146
v 0.000755533867 -0.000530613761 0.0191442259
v 0.000818929053 -0.000443386234 0.0187989157
v 0.000909793365 -0.0004186226 0.0188060664
v 0.000362430816 -0.00170881487 0.017426081
v 0.000643097097 -0.00141930871 0.0174072068
v 0.000602267217 -0.00141068525 0.0176334679
v 0.000360844657 -0.00170587492 0.0174717978
v 0.000614806951 -0.00130905956 0.0193573758
v 0.00035183056 -0.00161811651 0.0194250587
v 0.00040658217 -0.0016199802 0.0190090723
v 0.000587946968 -0.00147580507 0.0190628152
v 0.000732396613 -0.00116429746 0.0186137166
v 0.000612762175 -0.00148367858 0.0186168198
v 0.000504405703 -0.00160443911 0.0184118319
v 0.000719598436 -0.00102108798 0.0182092059
v 0.000721366552 -0.00113850005 0.0175854508
v 0.000725057733 -0.00109606946 0.0177348703
v 0.000612078467 -0.00144035288 0.0179654509
v 0.000602267217 -0.00141068525 0.0176334679
v 0.00103366189 -0.000341436971 0.0179399587
v 0.000992486719 -0.000434010028 0.018061718
v 0.000934081967 -0.000535961532 0.0181049518
v 0.000933650997 -0.000667589891 0.0178159159
v 0.000899161911 -0.000509072212 0.0184723176
v 0.000835276616 -0.000618869788 0.0184826031
v 0.000888529117 -0.00061198324 0.0182755273
v 0.000954016112 -0.000490052393 0.0182314068
v 0.000578592066 -0.00143753109 0.0190173592
v 0.00040658217 -0.0016199802 0.0190090723
v 0.000289184594 -0.0016930151 0.0189739596
v 0.000126589774 -0.00169870385 0.0188073721
v 0.000369716377 -0.00166843215 0.0178818889
v 0.000360844657 -0.00170587492 0.0174717978
v 0.000602267217 -0.00141068525 0.0176334679
v 0.000612078467 -0.00144035288 0.0179654509
v 0.000816588814 -0.00106897228 0.0195437409
v 0.000614806951 -0.00130905956 0.0193573758
v 0.000751453976 -0.00106922875 0.0190935284
v 0.000779563677 -0.00097835518 0.0191946793
v 0.00035183056 -0.00161811651 0.0194250587
v 0.000344249944 -0.00169527507 0.0196328424
v -3.05033751E-07 -0.00200764276 0.0198937971
v -3.05033751E-07 -0.00199953467 0.0197006855
v 0.000796085049 -0.000784474309 0.0179158151
v 0.000888529117 -0.00061198324 0.0182755273
v 0.000825580559 -0.00075225858 0.0185290407
v 0.000719598436 -0.00102108798 0.0182092059
v 0.000825580559 -0.00075225858 0.0185290407
v 0.000803119678 -0.000605963403 0.0189285688
v 0.000716043112 -0.00125125446 0.0187146533
v 0.000732396613 -0.00116429746 0.0186137166
v 0.00035183056 -0.00161811651 0.0194250587
v 0.000702054065 -0.00141352962 0.0196237508
v 0.000618708553 -0.00153422041 0.0197697636
v 0.000344249944 -0.00169527507 0.0196328424
v 0.000578592066 -0.00143753109 0.0190173592
v 0.000643386971 -0.00125539268 0.0190382134
v 0.000693532813 -0.00107787398 0.0189590752
v 0.000667635235 -0.00129439484 0.019088719
v 0.000289184594 -0.0016930151 0.0189739596
v 0.000106855972 -0.00173079188 0.0188680198
v 0.000118530603 -0.00172595284 0.0185327623
v 0.000126589774 -0.00169870385 0.0188073721
v 0.000106855972 -0.00173079188 0.0188680198
v 0.000289184594 -0.0016930151 0.0189739596
v 0.000184556266 -0.00173397909 0.0190283414
v 8.69259093E-05 -0.00175235479 0.0189346578
v 0.000434525573 -0.00177746709 0.0174363554
v 0.000428195577 -0.00180037285 0.0172563139
v 0.000356305449 -0.00173114589 0.0172500331
v 0.000362430816 -0.00170881487 0.017426081
v 0.00108300324 -0.000476384565 0.0180704128
v 0.00104219979 -0.000536514039 0.0182426088
v 0.000954016112 -0.000490052393 0.0182314068
v 0.000992486719 -0.000434010028 0.018061718
v 0.000188929247 -0.00176921836 0.0187673569
v 0.000648094225 -0.00148335972 0.0189590063
v 0.000578592066 -0.00143753109 0.0190173592
v 0.000126589774 -0.00169870385 0.0188073721
v 0.000788345991 -0.00110288314 0.0189272631
v 0.000804566371 -0.00104439119 0.0188787058
v 0.000709135318 -0.00101761415 0.0188509766
v 0.000693532813 -0.00107787398 0.0189590752
v 0.00109496422 -0.000336934667 0.0193190612
v 0.000954502786 -0.00108081813 0.0195882451
v 0.000855338527 -0.00104459096 0.0195932109
v 0.00100010389 -0.000317306723 0.0193452965
v 0.000718220137 -0.0012878062 0.018980341
v 0.000788345991 -0.00110288314 0.0189272631
v 0.000693532813 -0.00107787398 0.0189590752
v 0.000643386971 -0.00125539268 0.0190382134
v 0.000409065251 -0.00182491937 0.0184607618
v 0.000444892125 -0.00175457203 0.0182546452
v 0.000378442288 -0.0016801625 0.0182640199
v 0.000346517103 -0.00174891064 0.0184786581
v 0.000166131402 -0.00181565201 0.0185224097
v 0.000188929247 -0.00176921836 0.0187673569
v 0.000126589774 -0.00169870385 0.0188073721
v 0.000118530603 -0.00172595284 0.0185327623
v 0.000441089942 -0.00173850893 0.0178792849
v 0.000434108748 -0.0017740872 0.0174782481
v 0.000360844657 -0.00170587492 0.0174717978
v 0.000369716377 -0.00166843215 0.0178818889
v 0.000648094225 -0.00148335972 0.0189590063
v 0.000718220137 -0.0012878062 0.018980341
v 0.000643386971 -0.00125539268 0.0190382134
v 0.000578592066 -0.00143753109 0.0190173592
v 0.0010252943 -0.000712043839 0.0178324226
v 0.00112597027 -0.000377510441 0.0179532953
v 0.00103366189 -0.000341436971 0.0179399587
v 0.000933650997 -0.000667589891 0.0178159159
v 0.000484395627 -0.00181334221 0.0198198762
v -3.05033751E-07 -0.00208056951 0.0198717788
v -3.05033751E-07 -0.00200764276 0.0198937971
v 0.000432140136 -0.0017347039 0.0198546387
v 0.00061885186 -0.00168774708 0.0185802281
v 0.000409065251 -0.00182491937 0.0184607618
v 0.000346517103 -0.00174891064 0.0184786581
v 0.000540432462 -0.001625565 0.0186016392
v 0.000434108748 -0.0017740872 0.0174782481
v 0.000434525573 -0.00177746709 0.0174363554
v 0.000362430816 -0.00170881487 0.017426081
v 0.000360844657 -0.00170587492 0.0174717978
v 0.000703419559 -0.00152264209 0.0186001174
v 0.00061885186 -0.00168774708 0.0185802281
v 0.000540432462 -0.001625565 0.0186016392
v 0.000612762175 -0.00148367858 0.0186168198
v 0.000993954716 -0.000541083864 0.0184894335
v 0.000961567217 -0.000282977242 0.0189415906
v 0.000859904569 -0.000266480929 0.018951498
v 0.000899161911 -0.000509072212 0.0184723176
v 0.00072751689 -0.00147468562 0.0174200274
v 0.000812341867 -0.00117976242 0.0175986905
v 0.000721366552 -0.00113850005 0.0175854508
v 0.000643097097 -0.00141930871 0.0174072068
v 0.000444892125 -0.00175457203 0.0182546452
v 0.000441089942 -0.00173850893 0.0178792849
v 0.000369716377 -0.00166843215 0.0178818889
v 0.000378442288 -0.0016801625 0.0182640199
v 0.000812931859 -0.00128349988 0.0187338106
v 0.000703419559 -0.00152264209 0.0186001174
v 0.000612762175 -0.00148367858 0.0186168198
v 0.000716043112 -0.00125125446 0.0187146533
v 0.00104219979 -0.000536514039 0.0182426088
v 0.000993954716 -0.000541083864 0.0184894335
v 0.000899161911 -0.000509072212 0.0184723176
v 0.000954016112 -0.000490052393 0.0182314068
v 0.000804566371 -0.00104439119 0.0188787058
v 0.000812931859 -0.00128349988 0.0187338106
v 0.000716043112 -0.00125125446 0.0187146533
v 0.000709135318 -0.00101761415 0.0188509766
v 0.00112597027 -0.000377510441 0.0179532953
v 0.00108300324 -0.000476384565 0.0180704128
v 0.000992486719 -0.000434010028 0.018061718
v 0.00103366189 -0.000341436971 0.0179399587
v 0.000961567217 -0.000282977242 0.0189415906
v 0.00109496422 -0.000336934667 0.0193190612
v 0.00100010389 -0.000317306723 0.0193452965
v 0.000859904569 -0.000266480929 0.018951498
v 0.000812341867 -0.00117976242 0.0175986905
v 0.0010252943 -0.000712043839 0.0178324226
v 0.000933650997 -0.000667589891 0.0178159159
v 0.000721366552 -0.00113850005 0.0175854508
v -3.05033751E-07 -0.00186861341 0.0183134023
v 0.000166131402 -0.00181565201 0.0185224097
v 0.000118530603 -0.00172595284 0.0185327623
v -3.05033751E-07 -0.00177490292 0.01831601
v 0.000428195577 -0.00180037285 0.0172563139
v 0.00072751689 -0.00147468562 0.0174200274
v 0.000643097097 -0.00141930871 0.0174072068
v 0.000356305449 -0.00173114589 0.0172500331
v 0.000703922473 -0.00159707025 0.0197607055
v 0.000484395627 -0.00181334221 0.0198198762
v 0.000432140136 -0.0017347039 0.0198546387
v 0.000618708553 -0.00153422041 0.0197697636
v 0.000954502786 -0.00108081813 0.0195882451
v 0.000703922473 -0.00159707025 0.0197607055
v 0.000618708553 -0.00153422041 0.0197697636
v 0.000855338527 -0.00104459096 0.0195932109
v -3.05033751E-07 -0.00110233063 0.0200958326
v -3.05033751E-07 -0.00149735867 0.0198038723
v 0.000171417851 -0.00137094699 0.0197812356
v 0.000171417851 -0.00102004537 0.020040581
v -3.05033751E-07 -0.00061704457 0.020255737
v 0.000171417851 -0.000588967872 0.0201826263
v -3.05033751E-07 -0.000353317067 0.0202617217
v 0.000171417851 -0.00035469982 0.0201879404
v -0 -9.35221178E-05 0.020215949
v 0.000171417865 -0.000123925071 0.0201472826
v -3.05033751E-07 0.000416791852 0.0200776495
v 0.000171417865 0.00032938458 0.02002443
v -3.05033751E-07 0.000765966892 0.0197325759
v 0.000171417865 0.000639555277 0.0197179019
v -0.000816367276 -0.000729813532 0.0189455263
v -0.000828770164 -0.000742532429 0.0190538969
v -0.000858857471 -0.000677123666 0.0191368163
v -0.00082891382 -0.000646417495 0.018875191
v -0.000889003451 -0.000571902841 0.019145716
v -0.000859059917 -0.00054119667 0.0188840907
v -0.000901549764 -0.000488506863 0.0190753806
v -0.000889146584 -0.000475787965 0.0189670101
v 0.000858857471 -0.000677123666 0.0191368163
v 0.000828770164 -0.000742532429 0.0190538969
v 0.000816367276 -0.000729813532 0.0189455263
v 0.00082891382 -0.000646417495 0.018875191
v 0.000889003451 -0.000571902841 0.019145716
v 0.000859059917 -0.00054119667 0.0188840907
v 0.000901549764 -0.000488506863 0.0190753806
v 0.000889146584 -0.000475787965 0.0189670101
v -0.00094041496 -0.000676980359 0.0188588444
v -0.000816367276 -0.000729813532 0.0189455263
v -0.00082891382 -0.000646417495 0.018875191
v -0.000927868299 -0.000760376337 0.0189291779
v -0.000828770164 -0.000742532429 0.0190538969
v -0.000970560824 -0.000571759534 0.0188677423
v -0.000859059917 -0.00054119667 0.0188840907
v -0.00094027142 -0.000773095351 0.0190375466
v -0.000858857471 -0.000677123666 0.0191368163
v -0.00100064802 -0.000506350771 0.0189506635
v -0.000889146584 -0.000475787965 0.0189670101
v -0.000970358378 -0.000707686588 0.0191204678
v -0.000889003451 -0.000571902841 0.019145716
v -0.00101305102 -0.000519069727 0.0190590322
v -0.000901549764 -0.000488506863 0.0190753806
v -0.00100050482 -0.000602465763 0.0191293675
v -0.000997406314 -0.000607411494 0.0189166609
v -0.000979860895 -0.000668651308 0.0189114809
v -0.000972558744 -0.000717188756 0.0189524163
v -0.00101491739 -0.000569342752 0.0189649221
v -0.00102213607 -0.000576745311 0.0190279931
v -0.00101483392 -0.000625282875 0.0190689303
v -0.000997288502 -0.000686522631 0.0190637503
v -0.000979777542 -0.000724591373 0.0190154891
v 0.00094041496 -0.000676980359 0.0188588444
v 0.00082891382 -0.000646417495 0.018875191
v 0.000816367276 -0.000729813532 0.0189455263
v 0.000927868299 -0.000760376337 0.0189291779
v 0.000828770164 -0.000742532429 0.0190538969
v 0.000970560824 -0.000571759534 0.0188677423
v 0.000859059917 -0.00054119667 0.0188840907
v 0.00094027142 -0.000773095351 0.0190375466
v 0.000858857471 -0.000677123666 0.0191368163
v 0.00100064802 -0.000506350771 0.0189506635
v 0.000889146584 -0.000475787965 0.0189670101
v 0.000970358378 -0.000707686588 0.0191204678
v 0.000889003451 -0.000571902841 0.019145716
v 0.00101305102 -0.000519069727 0.0190590322
v 0.000901549764 -0.000488506863 0.0190753806
v 0.00100050482 -0.000602465763 0.0191293675
v 0.000997406314 -0.000607411494 0.0189166609
v 0.000979860895 -0.000668651308 0.0189114809
v 0.000972558744 -0.000717188756 0.0189524163
v 0.00101491739 -0.000569342752 0.0189649221
v 0.00102213607 -0.000576745311 0.0190279931
v 0.00101483392 -0.000625282875 0.0190689303
v 0.000997288502 -0.000686522631 0.0190637503
v 0.000979777542 -0.000724591373 0.0190154891
v -4.97784422E-05 -0.00210426189 0.021637816
v -9.59058743E-05 -0.00184490613 0.0209194124
v -2.45613846E-05 -0.00207748008 0.0214926936
v 0.000117834206 -0.000780513859 0.020380985
v 2.81870348E-06 -0.000859481981 0.0218103286
v 0.000120004413 -0.00055066077 0.0203935783
v 1.80959694E-06 -0.000965415791 0.0218009222
v -0.000123288628 -0.000777251087 0.0203754269
v 1.80959694E-06 -0.000965415791 0.0218009222
v 0.000117834206 -0.000780513859 0.020380985
v -7.78835965E-05 -0.000964498788 0.0217990577
v -0.000121128556 -0.000548888114 0.0203878116
v -7.78835965E-05 -0.000964498788 0.0217990577
v -0.000123288628 -0.000777251087 0.0203754269
v -7.68750906E-05 -0.000858727959 0.0218084399
v 0.000120004413 -0.00055066077 0.0203935783
v -7.68750906E-05 -0.000858727959 0.0218084399
v -0.000121128556 -0.000548888114 0.0203878116
v 2.81870348E-06 -0.000859481981 0.0218103286
v -5.60879707E-05 -0.000671306218 0.0223795939
v -4.21661134E-05 -0.000692074595 0.0223791469
v -5.61946617E-05 -0.000692004571 0.0223788098
v -4.20582292E-05 -0.0006713685 0.0223799292
v 3.09443458E-05 -0.00084160507 0.0218525324
v -4.21661134E-05 -0.000692074595 0.0223791469
v -4.20582292E-05 -0.0006713685 0.0223799292
v 2.9504894E-05 -0.000993335852 0.0218390226
v 2.81870348E-06 -0.000859481981 0.0218103286
v 1.80959694E-06 -0.000965415791 0.0218009222
v -0.000108016728 -0.000991700217 0.0218358133
v -7.78835965E-05 -0.000964498788 0.0217990577
v -5.61946617E-05 -0.000692004571 0.0223788098
v -4.21661134E-05 -0.000692074595 0.0223791469
v -0.00010657966 -0.000840368273 0.021849269
v -7.68750906E-05 -0.000858727959 0.0218084399
v -5.60879707E-05 -0.000671306218 0.0223795939
v -5.61946617E-05 -0.000692004571 0.0223788098
v -0.00010657966 -0.000840368273 0.021849269
v -4.20582292E-05 -0.0006713685 0.0223799292
v -5.60879707E-05 -0.000671306218 0.0223795939
v 3.09443458E-05 -0.00084160507 0.0218525324
v -7.68750906E-05 -0.000858727959 0.0218084399
v 2.81870348E-06 -0.000859481981 0.0218103286
v -6.85250779E-05 0.00167634722 0.0196848847
v 6.8565605E-05 0.00201318087 0.0196047705
v -0.00026953101 0.00238969643 0.0200551338
v -0.000471467356 0.00204352126 0.0200768486
v -0.000194662207 0.00276212837 0.0204881933
v -0.000204505923 0.0013495388 0.0197807178
v -0.000425624254 0.00235685427 0.0204133354
v -0.000526478863 0.00173632195 0.0201176759
v -7.13169538E-06 0.000984911108 0.0198783837
v -0.00051713764 0.00196756306 0.0203891993
v -9.57095617E-05 0.00131919503 0.0204305071
v -7.68256141E-05 0.000672886032 0.0201047268
v -0.000166705242 0.00157894136 0.0209042113
v 0.00029646873 0.000967065047 0.0205855407
v 4.19443822E-05 0.000391474518 0.0202415548
v 0.000294465426 0.00120689475 0.0210519861
v 0.000429220177 0.000608582923 0.0206726734
v 0.000176960224 5.15040738E-05 0.0203930233
v 0.000419877761 0.000786935794 0.0210606735
v 0.000456485141 0.000210064638 0.0207666885
v -6.50882725E-07 -0.00035231412 0.0204108004
v 0.000597270729 0.000343366264 0.0211456828
v 1.83868397E-05 -0.000326601265 0.0210480597
v -2.82943233E-06 -0.000698832562 0.020400418
v 3.56584787E-05 -0.000283477886 0.0216113832
v -2.45672454E-05 -0.000793896324 0.021120321
v -2.47067201E-05 -0.000996238319 0.0203541853
v -9.59694353E-06 -0.00088185101 0.0218328908
v -0.000152969355 -0.00118523778 0.0209270902
v -4.28068633E-05 -0.00117669732 0.0203181189
v -0.000165267586 -0.00135790196 0.0208687801
v -2.62624017E-05 -0.00132692663 0.0202637836
v 5.30600519E-05 -0.00121019781 0.0214345492
v -0.000151980523 -0.00152018538 0.0208576843
v -9.09209211E-06 -0.00152835215 0.020163592
v 6.33776144E-05 -0.00143742771 0.0213766005
v 2.29388479E-05 -0.00168249838 0.0213921368
v -3.21638581E-05 -0.00179747725 0.0209022164
v -9.50396043E-06 -0.00153828436 0.0201706029
v -5.10811806E-05 -0.00210435898 0.0216378253
v -9.77146628E-05 -0.00184483221 0.0209195148
v 5.39580033E-05 -0.00120986509 0.0214341898
v -8.5556585E-06 -0.000881649961 0.0218327008
v 6.43154417E-05 -0.00143744494 0.0213762186
v 3.56584787E-05 -0.000283477886 0.0216113832
v 6.33776144E-05 -0.00143742771 0.0213766005
v 3.66262393E-05 -0.000283888308 0.0216113795
v 2.3940871E-05 -0.00168261852 0.0213919207
v 0.000597270729 0.000343366264 0.0211456828
v 2.29388479E-05 -0.00168249838 0.0213921368
v -4.97784422E-05 -0.00210426189 0.021637816
v -5.10811806E-05 -0.00210435898 0.0216378253
v 0.00059836288 0.000343094842 0.0211454108
v 0.000419877761 0.000786935794 0.0210606735
v 0.000420830213 0.000787200406 0.0210604202
v 0.000294465426 0.00120689475 0.0210519861
v 0.000295332138 0.00120740884 0.0210517403
v -0.000166705242 0.00157894136 0.0209042113
v -0.000165948833 0.00157955638 0.0209039543
v -0.00051713764 0.00196756306 0.0203891993
v -0.000516031578 0.00196776656 0.0203891359
v -0.000425624254 0.00235685427 0.0204133354
v -0.00042470824 0.00235647475 0.0204136018
v -0.000194662207 0.00276212837 0.0204881933
v -0.000193850341 0.00276163383 0.0204885099
v 0.000122368932 -0.00164766365 0.0201270692
v -7.58707529E-06 -0.00216938229 0.0216068923
v -7.00294959E-06 -0.00209813798 0.0216260739
v 0.000124140381 -0.0014320981 0.0201851167
v 0.000125929117 -0.00132829987 0.0201002136
v 0.000124158265 -0.00154386542 0.020042168
v -0.000142011049 -0.0016438606 0.0201210156
v -9.49656969E-05 -0.0021681264 0.02160489
v -7.58707529E-06 -0.00216938229 0.0216068923
v 0.000122368932 -0.00164766365 0.0201270692
v 0.000124158265 -0.00154386542 0.020042168
v -0.00014022112 -0.00154006272 0.0200361125
v 0.000125929117 -0.00132829987 0.0201002136
v -0.000138450268 -0.00132449833 0.02009416
v -0.000140239586 -0.00142829679 0.0201790631
v -9.43797786E-05 -0.00209688116 0.0216240734
v -9.49656969E-05 -0.0021681264 0.02160489
v -0.000142011049 -0.0016438606 0.0201210156
v -0.00014022112 -0.00154006272 0.0200361125
v -0.000138450268 -0.00132449833 0.02009416
v 0.000124140381 -0.0014320981 0.0201851167
v -7.00294959E-06 -0.00209813798 0.0216260739
v -9.43797786E-05 -0.00209688116 0.0216240734
v -0.000140239586 -0.00142829679 0.0201790631
v -0.000138450268 -0.00132449833 0.02009416
v 0.000125929117 -0.00132829987 0.0201002136
v -7.33530469E-05 -0.00215789233 0.0222407505
v -5.80763808E-05 -0.00217065192 0.0222377274
v -7.3456169E-05 -0.00217043119 0.0222373735
v -5.79732659E-05 -0.00215811166 0.0222411007
v 2.3663044E-05 -0.00209861225 0.0216720793
v -5.80763808E-05 -0.00217065192 0.0222377274
v -5.79732659E-05 -0.00215811166 0.0222411007
v 2.28315585E-05 -0.00219979859 0.0216448326
v -7.00294959E-06 -0.00209813798 0.0216260739
v -7.58707529E-06 -0.00216938229 0.0216068923
v -0.000127950305 -0.00219762884 0.0216413811
v -9.49656969E-05 -0.0021681264 0.02160489
v -7.3456169E-05 -0.00217043119 0.0222373735
v -5.80763808E-05 -0.00217065192 0.0222377274
v -0.00012711942 -0.0020964446 0.021668626
v -9.43797786E-05 -0.00209688116 0.0216240734
v -7.33530469E-05 -0.00215789233 0.0222407505
v -7.3456169E-05 -0.00217043119 0.0222373735
v -0.00012711942 -0.0020964446 0.021668626
v -5.79732659E-05 -0.00215811166 0.0222411007
v -7.33530469E-05 -0.00215789233 0.0222407505
v 2.3663044E-05 -0.00209861225 0.0216720793
v -9.43797786E-05 -0.00209688116 0.0216240734
v -7.00294959E-06 -0.00209813798 0.0216260739
v 5.12772785E-05 0.000666747103 0.0200505685
v 0.000452403998 0.00116566161 0.0209690612
v 0.000445529207 0.00123858801 0.0209282413
v 3.35353616E-05 0.000821654627 0.0199576467
v 7.15923306E-05 0.000785131415 0.0198718254
v 5.93829136E-05 0.000630223716 0.0199656337
v -0.000118414158 0.000696304429 0.0201311912
v 0.000396327378 0.00117531337 0.0209957641
v 0.000452403998 0.00116566161 0.0209690612
v 5.12772785E-05 0.000666747103 0.0200505685
v 5.93829136E-05 0.000630223716 0.0199656337
v -0.000127010338 0.000659781392 0.0199891441
v -0.000114898081 0.000813630177 0.0198958628
v 7.15923306E-05 0.000785131415 0.0198718254
v -0.000136083356 0.000850153679 0.0200388022
v -0.000118414158 0.000696304429 0.0201311912
v 0.000396327378 0.00117531337 0.0209957641
v 0.000389459135 0.00124812406 0.0209550019
v 3.35353616E-05 0.000821654627 0.0199576467
v 0.000445529207 0.00123858801 0.0209282413
v 0.000389459135 0.00124812406 0.0209550019
v -0.000136083356 0.000850153679 0.0200388022
v -0.000114898081 0.000813630177 0.0198958628
v 7.15923306E-05 0.000785131415 0.0198718254
v 0.000589824922 0.00161109888 0.0211852286
v 0.000601475243 0.00159565266 0.0211890265
v 0.000591609452 0.00159728772 0.0211937614
v 0.000599690073 0.00160946813 0.0211804919
v 0.000478374364 0.00126474886 0.020934131
v 0.000601475243 0.00159565266 0.0211890265
v 0.000599690073 0.00160946813 0.0211804919
v 0.000488210906 0.00116027705 0.0209925715
v 0.000445529207 0.00123858801 0.0209282413
v 0.000452403998 0.00116566161 0.0209690612
v 0.000391439185 0.00117697136 0.0210386328
v 0.000396327378 0.00117531337 0.0209957641
v 0.000591609452 0.00159728772 0.0211937614
v 0.000601475243 0.00159565266 0.0211890265
v 0.000381621125 0.00128115981 0.020980332
v 0.000389459135 0.00124812406 0.0209550019
v 0.000589824922 0.00161109888 0.0211852286
v 0.000591609452 0.00159728772 0.0211937614
v 0.000381621125 0.00128115981 0.020980332
v 0.000599690073 0.00160946813 0.0211804919
v 0.000589824922 0.00161109888 0.0211852286
v 0.000478374364 0.00126474886 0.020934131
v 0.000389459135 0.00124812406 0.0209550019
v 0.000445529207 0.00123858801 0.0209282413
v 0.000220000744 -4.22468765E-05 0.0203958321
v 0.000737416151 0.000353381329 0.0212762188
v 0.000752207648 0.000391693407 0.0212454405
v 0.000264757866 7.3676405E-05 0.0203027092
v 0.00011238634 -9.98556607E-06 0.0201411881
v 6.76286218E-05 -0.000125909151 0.0202343129
v 7.46935621E-05 5.69763761E-05 0.0204495098
v 0.000689391454 0.000386174768 0.0212939586
v 0.000737416151 0.000353381329 0.0212762188
v 0.000220000744 -4.22468765E-05 0.0203958321
v 6.76286218E-05 -0.000125909151 0.0202343129
v -7.767856E-05 -2.66852967E-05 0.0202879906
v 0.000119451281 0.000172898464 0.0203563869
v 0.000704182952 0.000424487429 0.0212631784
v 0.000689391454 0.000386174768 0.0212939586
v 7.46935621E-05 5.69763761E-05 0.0204495098
v -7.767856E-05 -2.66852967E-05 0.0202879906
v -3.29208378E-05 8.92364988E-05 0.0201948695
v 0.000264757866 7.3676405E-05 0.0203027092
v 0.000752207648 0.000391693407 0.0212454405
v 0.000704182952 0.000424487429 0.0212631784
v 0.000119451281 0.000172898464 0.0203563869
v -3.29208378E-05 8.92364988E-05 0.0201948695
v 0.00011238634 -9.98556607E-06 0.0201411881
v 0.000974228373 0.000629191985 0.0215299577
v 0.000980077311 0.000616677513 0.0215322543
v 0.000971624802 0.000622449326 0.0215353779
v 0.000982680591 0.000623420172 0.021526834
v 0.000788454374 0.000397747441 0.0212567728
v 0.000980077311 0.000616677513 0.0215322543
v 0.000982680591 0.000623420172 0.021526834
v 0.000767446123 0.000343334657 0.0213004854
v 0.000752207648 0.000391693407 0.0212454405
v 0.000737416151 0.000353381329 0.0212762188
v 0.000684574246 0.000399924495 0.0213310998
v 0.000689391454 0.000386174768 0.0212939586
v 0.000971624802 0.000622449326 0.0215353779
v 0.000980077311 0.000616677513 0.0215322543
v 0.000705581915 0.000454337423 0.0212873891
v 0.000704182952 0.000424487429 0.0212631784
v 0.000974228373 0.000629191985 0.0215299577
v 0.000971624802 0.000622449326 0.0215353779
v 0.000705581915 0.000454337423 0.0212873891
v 0.000982680591 0.000623420172 0.021526834
v 0.000974228373 0.000629191985 0.0215299577
v 0.000788454374 0.000397747441 0.0212567728
v 0.000704182952 0.000424487429 0.0212631784
v 0.000752207648 0.000391693407 0.0212454405
v 0.00011238634 -9.98556607E-06 0.0201411881
v -3.29208378E-05 8.92364988E-05 0.0201948695
v -7.767856E-05 -2.66852967E-05 0.0202879906
v 6.76286218E-05 -0.000125909151 0.0202343129
v -6.78295473E-05 0.00167623453 0.0196856037
v -0.000268695119 0.00238935486 0.0200556777
v 6.92979665E-05 0.00201304117 0.0196054373
v -0.000470537838 0.00204321882 0.0200773515
v -0.000193850341 0.00276163383 0.0204885099
v -0.000203615069 0.00134980283 0.0197812822
v -0.00042470824 0.00235647475 0.0204136018
v -0.00052528776 0.00173656165 0.0201178622
v -6.096172E-06 0.000985219493 0.0198785439
v -0.000516031578 0.00196776656 0.0203891359
v -9.47412555E-05 0.00131958502 0.0204302203
v -7.57384405E-05 0.00067294098 0.0201043934
v -0.000165948833 0.00157955638 0.0209039543
v 0.000297315797 0.000967465865 0.0205850359
v 4.27074337E-05 0.000391489855 0.0202409066
v 0.000295332138 0.00120740884 0.0210517403
v 0.000430203392 0.000608697534 0.0206722785
v 0.000177777561 5.13083978E-05 0.0203924421
v 0.000420830213 0.000787200406 0.0210604202
v 0.000457534363 0.000209861464 0.0207663607
v 3.58421886E-07 -0.000352598494 0.0204105731
v 0.00059836288 0.000343094842 0.0211454108
v 1.93646138E-05 -0.000326987298 0.0210480522
v -1.82926703E-06 -0.00069887389 0.0204004142
v 3.66262393E-05 -0.000283888308 0.0216113795
v -2.35836851E-05 -0.000794118911 0.0211203359
v -2.37108507E-05 -0.000996362302 0.0203542821
v -8.5556585E-06 -0.000881649961 0.0218327008
v -0.000151904504 -0.00118517934 0.0209269188
v -4.18252675E-05 -0.0011767511 0.02031832
v 5.39580033E-05 -0.00120986509 0.0214341898
v -0.000164219542 -0.0013578739 0.0208686944
v -2.52851005E-05 -0.00132692116 0.0202639978
v 6.43154417E-05 -0.00143744494 0.0213762186
v -0.000150935273 -0.00152002915 0.0208575837
v -8.07914694E-06 -0.00152832188 0.0201637167
v 2.3940871E-05 -0.00168261852 0.0213919207
v -3.08978742E-05 -0.00179777376 0.0209020618
v -4.97784422E-05 -0.00210426189 0.021637816
v -9.59058743E-05 -0.00184490613 0.0209194124
v -8.51416462E-06 -0.00153883244 0.0201704372
v -9.77146628E-05 -0.00184483221 0.0209195148
v -9.50396043E-06 -0.00153828436 0.0201706029
v -8.07914694E-06 -0.00152832188 0.0201637167
v -9.09209211E-06 -0.00152835215 0.020163592
v -2.52851005E-05 -0.00132692116 0.0202639978
v -2.62624017E-05 -0.00132692663 0.0202637836
v -4.18252675E-05 -0.0011767511 0.02031832
v -4.28068633E-05 -0.00117669732 0.0203181189
v -2.37108507E-05 -0.000996362302 0.0203542821
v -2.47067201E-05 -0.000996238319 0.0203541853
v -1.82926703E-06 -0.00069887389 0.0204004142
v -2.82943233E-06 -0.000698832562 0.020400418
v 3.58421886E-07 -0.000352598494 0.0204105731
v -6.50882725E-07 -0.00035231412 0.0204108004
v 0.000177777561 5.13083978E-05 0.0203924421
v 0.000176960224 5.15040738E-05 0.0203930233
v 4.27074337E-05 0.000391489855 0.0202409066
v 4.19443822E-05 0.000391474518 0.0202415548
v -7.57384405E-05 0.00067294098 0.0201043934
v -7.68256141E-05 0.000672886032 0.0201047268
v -6.096172E-06 0.000985219493 0.0198785439
v -7.13169538E-06 0.000984911108 0.0198783837
v -0.000203615069 0.00134980283 0.0197812822
v -0.000204505923 0.0013495388 0.0197807178
v -6.78295473E-05 0.00167623453 0.0196856037
v -6.85250779E-05 0.00167634722 0.0196848847
v 6.92979665E-05 0.00201304117 0.0196054373
v 6.8565605E-05 0.00201318087 0.0196047705
v -0.000268695119 0.00238935486 0.0200556777
v -0.00026953101 0.00238969643 0.0200551338
v -0.000193850341 0.00276163383 0.0204885099
v -0.000194662207 0.00276212837 0.0204881933
v -5.10811806E-05 -0.00210435898 0.0216378253
v -4.97784422E-05 -0.00210426189 0.021637816
v -2.45613846E-05 -0.00207748008 0.0214926936
v -2.51418351E-05 -0.00207825727 0.0214924496
v -9.59058743E-05 -0.00184490613 0.0209194124
vt 0.0834960938 0.0659179688
vt 0.0910644531 0.073425293
vt 0.0910644531 0.0659179688
vt 0.0834960938 0.0659179688
vt 0.0910644531 0.073425293
vt 0.0910644531 0.0659179688
vt 0.0834960938 0.0659179688
vt 0.0910644531 0.073425293
vt 0.0910644531 0.0659179688
vt 0.0834960938 0.0659179688
vt 0.0910644531 0.073425293
vt 0.0910644531 0.0659179688
vt 0.0834960938 0.0659179688
vt 0.0910644531 0.073425293
vt 0.0910644531 0.0659179688
vt 0.0834960938 0.0659179688
vt 0.0910644531 0.073425293
vt 0.0910644531 0.0659179688
vt 0.0834960938 0.0659179688
vt 0.0910644531 0.073425293
vt 0.0910644531 0.0659179688
vt 0.0834960938 0.0659179688
vt 0.0910644531 0.073425293
vt 0.0910644531 0.0659179688
vt 0.0834960938 0.0659179688
vt 0.0910644531 0.073425293
vt 0.0910644531 0.0659179688
vt 0.0834960938 0.0659179688
vt 0.0910644531 0.073425293
vt 0.0910644531 0.0659179688
vt 0.0834960938 0.0659179688
vt 0.0910644531 0.073425293
vt 0.0910644531 0.0659179688
vt 0.0332336426 0.0458374023
vt 0.00541687012 0.0180053711
vt 0.00541687012 0.0458374023
vt 0.0332336426 0.0458374023
vt 0.00541687012 0.0180053711
vt 0.00541687012 0.0458374023
vt 0.0332336426 0.0458374023
vt 0.00541687012 0.0180053711
vt 0.00541687012 0.0458374023
vt 0.0332336426 0.0458374023
vt 0.00541687012 0.0180053711
vt 0.00541687012 0.0458374023
vt 0.0332336426 0.0458374023
vt 0.00541687012 0.0180053711
vt 0.00541687012 0.0458374023
vt 0.0332336426 0.0458374023
vt 0.00541687012 0.0180053711
vt 0.00541687012 0.0458374023
vt 0.0332336426 0.0458374023
vt 0.00541687012 0.0180053711
vt 0.00541687012 0.0458374023
vt 0.0332336426 0.0458374023
vt 0.00541687012 0.0180053711
vt 0.00541687012 0.0458374023
vt 0.0332336426 0.0458374023
vt 0.00541687012 0.0180053711
vt 0.00541687012 0.0458374023
vt 0.0332336426 0.0458374023
vt 0.00541687012 0.0180053711
vt 0.00541687012 0.0458374023
vt 0.0332336426 0.0458374023
vt 0.00541687012 0.0180053711
vt 0.00541687012 0.0458374023
vt 0.0332336426 0.0458374023
vt 0.00541687012 0.0180053711
vt 0.00541687012 0.0458374023
vt 0.0332336426 0.0458374023
vt 0.00541687012 0.0180053711
vt 0.00541687012 0.0458374023
vt 0.0332336426 0.0458374023
vt 0.00541687012 0.0180053711
vt 0.00541687012 0.0458374023
vt 0.0332336426 0.0458374023
vt 0.00541687012 0.0180053711
vt 0.00541687012 0.0458374023
vt 0.0332336426 0.0458374023
vt 0.00541687012 0.0180053711
vt 0.00541687012 0.0458374023
vt 0.0332336426 0.0458374023
vt 0.00541687012 0.0180053711
vt 0.00541687012 0.0458374023
vt 0.0332336426 0.0458374023
vt 0.00541687012 0.0180053711
vt 0.00541687012 0.0458374023
vt 0.0332336426 0.0458374023
vt 0.00541687012 0.0180053711
vt 0.00541687012 0.0458374023
vt 0.0332336426 0.0458374023
vt 0.00541687012 0.0180053711
vt 0.00541687012 0.0458374023
vt 0.0332336426 0.0458374023
vt 0.00541687012 0.0180053711
vt 0.00541687012 0.0458374023
vt 0.0332336426 0.0458374023
vt 0.00541687012 0.0180053711
vt 0.00541687012 0.0458374023
vt 0.0332336426 0.0458374023
vt 0.00541687012 0.0180053711
vt 0.00541687012 0.0458374023
vt 0.0332336426 0.0458374023
vt 0.00541687012 0.0180053711
vt 0.00541687012 0.0458374023
vt 0.0332336426 0.0458374023
vt 0.00541687012 0.0180053711
vt 0.00541687012 0.0458374023
vt 0.0332336426 0.0458374023
vt 0.00541687012 0.0180053711
vt 0.00541687012 0.0458374023
vt 0.0332336426 0.0458374023
vt 0.00541687012 0.0180053711
vt 0.00541687012 0.0458374023
vt 0.0332336426 0.0458374023
vt 0.00541687012 0.0180053711
vt 0.00541687012 0.0458374023
vt 0.0332336426 0.0458374023
vt 0.00541687012 0.0180053711
vt 0.00541687012 0.0458374023
vt 0.0332336426 0.0458374023
vt 0.00541687012 0.0180053711
vt 0.00541687012 0.0458374023
vt 0.0332336426 0.0458374023
vt 0.00541687012 0.0180053711
vt 0.00541687012 0.0458374023
vt 0.0332336426 0.0458374023
vt 0.00541687012 0.0180053711
vt 0.00541687012 0.0458374023
vt 0.0332336426 0.0458374023
vt 0.00541687012 0.0180053711
vt 0.00541687012 0.0458374023
vt 0.0332336426 0.0458374023
vt 0.00541687012 0.0180053711
vt 0.00541687012 0.0458374023
vt 0.0332336426 0.0458374023
vt 0.00541687012 0.0180053711
vt 0.00541687012 0.0458374023
vt 0.0332336426 0.0458374023
vt 0.00541687012 0.0180053711
vt 0.00541687012 0.0458374023
vt 0.0332336426 0.0458374023
vt 0.00541687012 0.0180053711
vt 0.00541687012 0.0458374023
vt 0.0332336426 0.0458374023
vt 0.00541687012 0.0180053711
vt 0.00541687012 0.0458374023
vt 0.0332336426 0.0458374023
vt 0.00541687012 0.0180053711
vt 0.00541687012 0.0458374023
vt 0.0332336426 0.0458374023
vt 0.00541687012 0.0180053711
vt 0.00541687012 0.0458374023
vt 0.0332336426 0.0458374023
vt 0.00541687012 0.0180053711
vt 0.00541687012 0.0458374023
vt 0.0332336426 0.0458374023
vt 0.00541687012 0.0180053711
vt 0.00541687012 0.0458374023
vt 0.0332336426 0.0458374023
vt 0.00541687012 0.0180053711
vt 0.00541687012 0.0458374023
vt 0.0332336426 0.0458374023
vt 0.00541687012 0.0180053711
vt 0.00541687012 0.0458374023
vt 0.0332336426 0.0458374023
vt 0.00541687012 0.0180053711
vt 0.00541687012 0.0458374023
vt 0.0332336426 0.0458374023
vt 0.00541687012 0.0180053711
vt 0.00541687012 0.0458374023
vt 0.0332336426 0.0458374023
vt 0.00541687012 0.0180053711
vt 0.00541687012 0.0458374023
vt 0.0332336426 0.0458374023
vt 0.00541687012 0.0180053711
vt 0.00541687012 0.0458374023
vt 0.0332336426 0.0458374023
vt 0.00541687012 0.0180053711
vt 0.00541687012 0.0458374023
vt 0.0332336426 0.0458374023
vt 0.00541687012 0.0180053711
vt 0.00541687012 0.0458374023
vt 0.0332336426 0.0458374023
vt 0.00541687012 0.0180053711
vt 0.00541687012 0.0458374023
vt 0.0834960938 0.0659179688
vt 0.0910644531 0.0659179688
vt 0.0910644531 0.073425293
vt 0.0834960938 0.0659179688
vt 0.0910644531 0.0659179688
vt 0.0910644531 0.073425293
vt 0.0834960938 0.0659179688
vt 0.0910644531 0.0659179688
vt 0.0910644531 0.073425293
vt 0.0834960938 0.0659179688
vt 0.0910644531 0.0659179688
vt 0.0910644531 0.073425293
vt 0.0834960938 0.0659179688
vt 0.0910644531 0.0659179688
vt 0.0910644531 0.073425293
vt 0.0834960938 0.0659179688
vt 0.0910644531 0.0659179688
vt 0.0910644531 0.073425293
vt 0.0834960938 0.0659179688
vt 0.0910644531 0.0659179688
vt 0.0910644531 0.073425293
vt 0.0834960938 0.0659179688
vt 0.0910644531 0.0659179688
vt 0.0910644531 0.073425293
vt 0.0834960938 0.0659179688
vt 0.0910644531 0.0659179688
vt 0.0910644531 0.073425293
vt 0.0834960938 0.0659179688
vt 0.0910644531 0.0659179688
vt 0.0910644531 0.073425293
vt 0.0834960938 0.0659179688
vt 0.0910644531 0.0659179688
vt 0.0910644531 0.073425293
vt 0.0332336426 0.0458374023
vt 0.00541687012 0.0458374023
vt 0.00541687012 0.0180053711
vt 0.0332336426 0.0458374023
vt 0.00541687012 0.0458374023
vt 0.00541687012 0.0180053711
vt 0.0332336426 0.0458374023
vt 0.00541687012 0.0458374023
vt 0.00541687012 0.0180053711
vt 0.0332336426 0.0458374023
vt 0.00541687012 0.0458374023
vt 0.00541687012 0.0180053711
vt 0.0332336426 0.0458374023
vt 0.00541687012 0.0458374023
vt 0.00541687012 0.0180053711
vt 0.0332336426 0.0458374023
vt 0.00541687012 0.0458374023
vt 0.00541687012 0.0180053711
vt 0.0332336426 0.0458374023
vt 0.00541687012 0.0458374023
vt 0.00541687012 0.0180053711
vt 0.0332336426 0.0458374023
vt 0.00541687012 0.0458374023
vt 0.00541687012 0.0180053711
vt 0.0332336426 0.0458374023
vt 0.00541687012 0.0458374023
vt 0.00541687012 0.0180053711
vt 0.0332336426 0.0458374023
vt 0.00541687012 0.0458374023
vt 0.00541687012 0.0180053711
vt 0.0332336426 0.0458374023
vt 0.00541687012 0.0458374023
vt 0.00541687012 0.0180053711
vt 0.0332336426 0.0458374023
vt 0.00541687012 0.0458374023
vt 0.00541687012 0.0180053711
vt 0.0332336426 0.0458374023
vt 0.00541687012 0.0458374023
vt 0.00541687012 0.0180053711
vt 0.0332336426 0.0458374023
vt 0.00541687012 0.0458374023
vt 0.00541687012 0.0180053711
vt 0.0332336426 0.0458374023
vt 0.00541687012 0.0458374023
vt 0.00541687012 0.0180053711
vt 0.0332336426 0.0458374023
vt 0.00541687012 0.0458374023
vt 0.00541687012 0.0180053711
vt 0.0332336426 0.0458374023
vt 0.00541687012 0.0458374023
vt 0.00541687012 0.0180053711
vt 0.0332336426 0.0458374023
vt 0.00541687012 0.0458374023
vt 0.00541687012 0.0180053711
vt 0.0332336426 0.0458374023
vt 0.00541687012 0.0458374023
vt 0.00541687012 0.0180053711
vt 0.0332336426 0.0458374023
vt 0.00541687012 0.0458374023
vt 0.00541687012 0.0180053711
vt 0.0332336426 0.0458374023
vt 0.00541687012 0.0458374023
vt 0.00541687012 0.0180053711
vt 0.0332336426 0.0458374023
vt 0.00541687012 0.0458374023
vt 0.00541687012 0.0180053711
vt 0.0332336426 0.0458374023
vt 0.00541687012 0.0458374023
vt 0.00541687012 0.0180053711
vt 0.0332336426 0.0458374023
vt 0.00541687012 0.0458374023
vt 0.00541687012 0.0180053711
vt 0.0332336426 0.0458374023
vt 0.00541687012 0.0458374023
vt 0.00541687012 0.0180053711
vt 0.0332336426 0.0458374023
vt 0.00541687012 0.0458374023
vt 0.00541687012 0.0180053711
vt 0.0332336426 0.0458374023
vt 0.00541687012 0.0458374023
vt 0.00541687012 0.0180053711
vt 0.0332336426 0.0458374023
vt 0.00541687012 0.0458374023
vt 0.00541687012 0.0180053711
vt 0.0332336426 0.0458374023
vt 0.00541687012 0.0458374023
vt 0.00541687012 0.0180053711
vt 0.0332336426 0.0458374023
vt 0.00541687012 0.0458374023
vt 0.00541687012 0.0180053711
vt 0.0332336426 0.0458374023
vt 0.00541687012 0.0458374023
vt 0.00541687012 0.0180053711
vt 0.0332336426 0.0458374023
vt 0.00541687012 0.0458374023
vt 0.00541687012 0.0180053711
vt 0.0332336426 0.0458374023
vt 0.00541687012 0.0458374023
vt 0.00541687012 0.0180053711
vt 0.0332336426 0.0458374023
vt 0.00541687012 0.0458374023
vt 0.00541687012 0.0180053711
vt 0.0332336426 0.0458374023
vt 0.00541687012 0.0458374023
vt 0.00541687012 0.0180053711
vt 0.0332336426 0.0458374023
vt 0.00541687012 0.0458374023
vt 0.00541687012 0.0180053711
vt 0.0332336426 0.0458374023
vt 0.00541687012 0.0458374023
vt 0.00541687012 0.0180053711
vt 0.0332336426 0.0458374023
vt 0.00541687012 0.0458374023
vt 0.00541687012 0.0180053711
vt 0.0332336426 0.0458374023
vt 0.00541687012 0.0458374023
vt 0.00541687012 0.0180053711
vt 0.0332336426 0.0458374023
vt 0.00541687012 0.0458374023
vt 0.00541687012 0.0180053711
vt 0.0332336426 0.0458374023
vt 0.00541687012 0.0458374023
vt 0.00541687012 0.0180053711
vt 0.0332336426 0.0458374023
vt 0.00541687012 0.0458374023
vt 0.00541687012 0.0180053711
vt 0.0332336426 0.0458374023
vt 0.00541687012 0.0458374023
vt 0.00541687012 0.0180053711
vt 0.0332336426 0.0458374023
vt 0.00541687012 0.0458374023
vt 0.00541687012 0.0180053711
vt 0.0332336426 0.0458374023
vt 0.00541687012 0.0458374023
vt 0.00541687012 0.0180053711
vt 0.0332336426 0.0458374023
vt 0.00541687012 0.0458374023
vt 0.00541687012 0.0180053711
vt 0.0332336426 0.0458374023
vt 0.00541687012 0.0458374023
vt 0.00541687012 0.0180053711
vt 0.0332336426 0.0458374023
vt 0.00541687012 0.0458374023
vt 0.00541687012 0.0180053711
vt 0.0332336426 0.0458374023
vt 0.00541687012 0.0458374023
vt 0.00541687012 0.0180053711
vt 0.0332336426 0.0458374023
vt 0.00541687012 0.0458374023
vt 0.00541687012 0.0180053711
vt 0.0332336426 0.0458374023
vt 0.00541687012 0.0458374023
vt 0.00541687012 0.0180053711
vt 0.0834960938 0.0659179688
vt 0.0834960938 0.073425293
vt 0.0910644531 0.073425293
vt 0.0910644531 0.0659179688
vt 0.0834960938 0.0659179688
vt 0.0834960938 0.073425293
vt 0.0910644531 0.073425293
vt 0.0910644531 0.0659179688
vt 0.0834960938 0.0659179688
vt 0.0834960938 0.073425293
vt 0.0910644531 0.073425293
vt 0.0910644531 0.0659179688
vt 0.0834960938 0.0659179688
vt 0.0834960938 0.073425293
vt 0.0910644531 0.073425293
vt 0.0910644531 0.0659179688
vt 0.0834960938 0.0659179688
vt 0.0834960938 0.073425293
vt 0.0910644531 0.073425293
vt 0.0910644531 0.0659179688
vt 0.0834960938 0.0659179688
vt 0.0834960938 0.073425293
vt 0.0910644531 0.073425293
vt 0.0910644531 0.0659179688
vt 0.0834960938 0.0659179688
vt 0.0834960938 0.073425293
vt 0.0910644531 0.073425293
vt 0.0910644531 0.0659179688
vt 0.0834960938 0.0659179688
vt 0.0834960938 0.073425293
vt 0.0910644531 0.073425293
vt 0.0910644531 0.0659179688
vt 0.0834960938 0.0659179688
vt 0.0834960938 0.073425293
vt 0.0910644531 0.073425293
vt 0.0910644531 0.0659179688
vt 0.0834960938 0.0659179688
vt 0.0834960938 0.073425293
vt 0.0910644531 0.073425293
vt 0.0910644531 0.0659179688
vt 0.0834960938 0.0659179688
vt 0.0834960938 0.073425293
vt 0.0910644531 0.073425293
vt 0.0910644531 0.0659179688
vt 0.0834960938 0.0659179688
vt 0.0834960938 0.073425293
vt 0.0910644531 0.073425293
vt 0.0910644531 0.0659179688
vt 0.0834960938 0.0659179688
vt 0.0834960938 0.073425293
vt 0.0910644531 0.073425293
vt 0.0910644531 0.0659179688
vt 0.0834960938 0.0659179688
vt 0.0834960938 0.073425293
vt 0.0910644531 0.073425293
vt 0.0910644531 0.0659179688
vt 0.0834960938 0.0659179688
vt 0.0834960938 0.073425293
vt 0.0910644531 0.073425293
vt 0.0910644531 0.0659179688
vt 0.0834960938 0.0659179688
vt 0.0834960938 0.073425293
vt 0.0910644531 0.073425293
vt 0.0910644531 0.0659179688
vt 0.0834960938 0.0659179688
vt 0.0834960938 0.073425293
vt 0.0910644531 0.073425293
vt 0.0910644531 0.0659179688
vt 0.0834960938 0.0659179688
vt 0.0834960938 0.073425293
vt 0.0910644531 0.073425293
vt 0.0910644531 0.0659179688
vt 0.0834960938 0.0659179688
vt 0.0834960938 0.073425293
vt 0.0910644531 0.073425293
vt 0.0910644531 0.0659179688
vt 0.0834960938 0.0659179688
vt 0.0834960938 0.073425293
vt 0.0910644531 0.073425293
vt 0.0910644531 0.0659179688
vt 0.0834960938 0.0659179688
vt 0.0834960938 0.073425293
vt 0.0910644531 0.073425293
vt 0.0910644531 0.0659179688
vt 0.0834960938 0.0659179688
vt 0.0834960938 0.073425293
vt 0.0910644531 0.073425293
vt 0.0910644531 0.0659179688
vt 0.0834960938 0.0659179688
vt 0.0834960938 0.073425293
vt 0.0910644531 0.073425293
vt 0.0910644531 0.0659179688
vt 0.0834960938 0.0659179688
vt 0.0834960938 0.073425293
vt 0.0910644531 0.073425293
vt 0.0910644531 0.0659179688
vt 0.0834960938 0.0659179688
vt 0.0834960938 0.073425293
vt 0.0910644531 0.073425293
vt 0.0910644531 0.0659179688
vt 0.0834960938 0.0659179688
vt 0.0834960938 0.073425293
vt 0.0910644531 0.073425293
vt 0.0910644531 0.0659179688
vt 0.0834960938 0.0659179688
vt 0.0834960938 0.073425293
vt 0.0910644531 0.073425293
vt 0.0910644531 0.0659179688
vt 0.0834960938 0.0659179688
vt 0.0834960938 0.073425293
vt 0.0910644531 0.073425293
vt 0.0910644531 0.0659179688
vt 0.0834960938 0.0659179688
vt 0.0834960938 0.073425293
vt 0.0910644531 0.073425293
vt 0.0910644531 0.0659179688
vt 0.0834960938 0.0659179688
vt 0.0834960938 0.073425293
vt 0.0910644531 0.073425293
vt 0.0910644531 0.0659179688
vt 0.0834960938 0.0659179688
vt 0.0834960938 0.073425293
vt 0.0910644531 0.073425293
vt 0.0910644531 0.0659179688
vt 0.0834960938 0.0659179688
vt 0.0834960938 0.073425293
vt 0.0910644531 0.073425293
vt 0.0910644531 0.0659179688
vt 0.0834960938 0.0659179688
vt 0.0910644531 0.0659179688
vt 0.0910644531 0.073425293
vt 0.0834960938 0.073425293
vt 0.0834960938 0.0659179688
vt 0.0834960938 0.073425293
vt 0.0910644531 0.073425293
vt 0.0910644531 0.0659179688
vt 0.0834960938 0.0659179688
vt 0.0910644531 0.0659179688
vt 0.0910644531 0.073425293
vt 0.0834960938 0.073425293
vt 0.0834960938 0.0659179688
vt 0.0910644531 0.0659179688
vt 0.0910644531 0.073425293
vt 0.0834960938 0.073425293
vt 0.0834960938 0.0659179688
vt 0.0910644531 0.0659179688
vt 0.0910644531 0.073425293
vt 0.0834960938 0.073425293
vt 0.0834960938 0.0659179688
vt 0.0834960938 0.073425293
vt 0.0910644531 0.073425293
vt 0.0910644531 0.0659179688
vt 0.0834960938 0.0659179688
vt 0.0834960938 0.073425293
vt 0.0910644531 0.073425293
vt 0.0910644531 0.0659179688
vt 0.0834960938 0.0659179688
vt 0.0834960938 0.073425293
vt 0.0910644531 0.073425293
vt 0.0910644531 0.0659179688
vt 0.0834960938 0.0659179688
vt 0.0910644531 0.0659179688
vt 0.0910644531 0.073425293
vt 0.0834960938 0.073425293
vt 0.0834960938 0.0659179688
vt 0.0910644531 0.0659179688
vt 0.0910644531 0.073425293
vt 0.0834960938 0.073425293
vt 0.0834960938 0.0659179688
vt 0.0834960938 0.073425293
vt 0.0910644531 0.073425293
vt 0.0910644531 0.0659179688
vt 0.0834960938 0.0659179688
vt 0.0910644531 0.0659179688
vt 0.0910644531 0.073425293
vt 0.0834960938 0.073425293
vt 0.0834960938 0.0659179688
vt 0.0910644531 0.0659179688
vt 0.0910644531 0.073425293
vt 0.0834960938 0.073425293
vt 0.0834960938 0.0659179688
vt 0.0910644531 0.0659179688
vt 0.0910644531 0.073425293
vt 0.0834960938 0.073425293
vt 0.0834960938 0.0659179688
vt 0.0910644531 0.0659179688
vt 0.0910644531 0.073425293
vt 0.0834960938 0.073425293
vt 0.0834960938 0.0659179688
vt 0.0834960938 0.073425293
vt 0.0910644531 0.073425293
vt 0.0910644531 0.0659179688
vt 0.0834960938 0.0659179688
vt 0.0834960938 0.073425293
vt 0.0910644531 0.073425293
vt 0.0910644531 0.0659179688
vt 0.0834960938 0.0659179688
vt 0.0834960938 0.073425293
vt 0.0910644531 0.073425293
vt 0.0910644531 0.0659179688
vt 0.0834960938 0.0659179688
vt 0.0834960938 0.073425293
vt 0.0910644531 0.073425293
vt 0.0910644531 0.0659179688
vt 0.269287109 0.416015625
vt 0.248779297 0.389160156
vt 0.240234375 0.379638672
vt 0.226806641 0.421630859
vt 0.284667969 0.457275391
vt 0.173095703 0.399169922
vt 0.245361328 0.462646484
vt 0.297851562 0.470947266
vt 0.196655273 0.428710938
vt 0.141235352 0.415039062
vt 0.159545898 0.446044922
vt 0.208984375 0.470214844
vt 0.169311523 0.485595703
vt 0.247314453 0.477294922
vt 0.211303711 0.486328125
vt 0.176269531 0.506835938
vt 0.214111328 0.501953125
vt 0.184814453 0.528808594
vt 0.249267578 0.491699219
vt 0.282714844 0.488037109
vt 0.229492188 0.533691406
vt 0.206420898 0.557617188
vt 0.258544922 0.521972656
vt 0.260498047 0.567871094
vt 0.240478516 0.584960938
vt 0.284667969 0.599609375
vt 0.319091797 0.487060547
vt 0.301513672 0.471191406
vt 0.327636719 0.479736328
vt 0.286865234 0.518554688
vt 0.273681641 0.554199219
vt 0.288085938 0.592773438
vt 0.307861328 0.604003906
vt 0.294677734 0.584472656
vt 0.293457031 0.550292969
vt 0.302001953 0.58203125
vt 0.317626953 0.520019531
vt 0.310058594 0.58203125
vt 0.313720703 0.55078125
vt 0.317626953 0.583984375
vt 0.333496094 0.555175781
vt 0.347900391 0.526367188
vt 0.324462891 0.587890625
vt 0.329345703 0.597167969
vt 0.331054688 0.604492188
vt 0.351318359 0.563476562
vt 0.365722656 0.576171875
vt 0.375976562 0.598144531
vt 0.357910156 0.494873047
vt 0.374755859 0.536621094
vt 0.399169922 0.553222656
vt 0.416748047 0.581054688
vt 0.372314453 0.474121094
vt 0.323730469 0.447265625
vt 0.365722656 0.442382812
vt 0.384521484 0.515625
vt 0.407470703 0.486572266
vt 0.418212891 0.543457031
vt 0.44140625 0.566894531
vt 0.430908203 0.494140625
vt 0.474853516 0.524902344
vt 0.0834960938 0.0659179688
vt 0.0834960938 0.073425293
vt 0.0910644531 0.073425293
vt 0.0910644531 0.0659179688
vt 0.0834960938 0.0659179688
vt 0.0834960938 0.073425293
vt 0.0910644531 0.073425293
vt 0.0910644531 0.0659179688
vt 0.0834960938 0.0659179688
vt 0.0834960938 0.073425293
vt 0.0910644531 0.073425293
vt 0.0910644531 0.0659179688
vt 0.0834960938 0.0659179688
vt 0.0910644531 0.0659179688
vt 0.0910644531 0.073425293
vt 0.0834960938 0.073425293
vt 0.0834960938 0.0659179688
vt 0.0834960938 0.073425293
vt 0.0910644531 0.073425293
vt 0.0910644531 0.0659179688
vt 0.0834960938 0.0659179688
vt 0.0834960938 0.073425293
vt 0.0910644531 0.073425293
vt 0.0910644531 0.0659179688
vt 0.0834960938 0.0659179688
vt 0.0834960938 0.073425293
vt 0.0910644531 0.073425293
vt 0.0910644531 0.0659179688
vt 0.0834960938 0.0659179688
vt 0.0834960938 0.073425293
vt 0.0910644531 0.073425293
vt 0.0910644531 0.0659179688
vt 0.0834960938 0.0659179688
vt 0.0834960938 0.073425293
vt 0.0910644531 0.073425293
vt 0.0910644531 0.0659179688
vt 0.635253906 0.258544922
vt 0.669433594 0.260986328
vt 0.671386719 0.246337891
vt 0.636230469 0.276855469
vt 0.668945312 0.264160156
vt 0.666015625 0.296386719
vt 0.610839844 0.2734375
vt 0.637695312 0.303466797
vt 0.666992188 0.326660156
vt 0.606933594 0.286132812
vt 0.568847656 0.290771484
vt 0.653320312 0.339355469
vt 0.673828125 0.343505859
vt 0.653808594 0.354492188
vt 0.638671875 0.355957031
vt 0.600585938 0.322753906
vt 0.609863281 0.355957031
vt 0.6171875 0.366455078
vt 0.58203125 0.301025391
vt 0.575195312 0.349121094
vt 0.562988281 0.382080078
vt 0.598144531 0.378662109
vt 0.603027344 0.3828125
vt 0.559082031 0.314453125
vt 0.540527344 0.300292969
vt 0.548828125 0.310058594
vt 0.554199219 0.32421875
vt 0.563476562 0.328613281
vt 0.555175781 0.344726562
vt 0.564453125 0.346191406
vt 0.534179688 0.381591797
vt 0.53515625 0.414550781
vt 0.584960938 0.409179688
vt 0.596679688 0.438720703
vt 0.592773438 0.402587891
vt 0.601074219 0.432128906
vt 0.601074219 0.395263672
vt 0.630371094 0.440429688
vt 0.642089844 0.453369141
vt 0.664550781 0.421142578
vt 0.627441406 0.417236328
vt 0.621582031 0.394287109
vt 0.636230469 0.384765625
vt 0.619628906 0.385986328
vt 0.638671875 0.392578125
vt 0.658203125 0.387451172
vt 0.669433594 0.383056641
vt 0.677246094 0.365234375
vt 0.6796875 0.344238281
vt 0.680175781 0.387939453
vt 0.68359375 0.372314453
vt 0.691894531 0.325439453
vt 0.687011719 0.377929688
vt 0.702636719 0.409667969
vt 0.712402344 0.440185547
vt 0.714355469 0.456298828
vt 0.670410156 0.4375
vt 0.66796875 0.45703125
vt 0.0834960938 0.0659179688
vt 0.0834960938 0.073425293
vt 0.0910644531 0.073425293
vt 0.0910644531 0.0659179688
vt 0.0834960938 0.0659179688
vt 0.0834960938 0.073425293
vt 0.0910644531 0.073425293
vt 0.0910644531 0.0659179688
vt 0.0834960938 0.0659179688
vt 0.0834960938 0.073425293
vt 0.0910644531 0.073425293
vt 0.0910644531 0.0659179688
vt 0.0834960938 0.0659179688
vt 0.0834960938 0.073425293
vt 0.0910644531 0.073425293
vt 0.0910644531 0.0659179688
vt 0.0834960938 0.0659179688
vt 0.0834960938 0.073425293
vt 0.0910644531 0.073425293
vt 0.0910644531 0.0659179688
vt 0.0834960938 0.0659179688
vt 0.0834960938 0.073425293
vt 0.0910644531 0.073425293
vt 0.0910644531 0.0659179688
vt 0.0332336426 0.0458374023
vt 0.0332336426 0.0180053711
vt 0.00541687012 0.0180053711
vt 0.00541687012 0.0458374023
vt 0.0332336426 0.0458374023
vt 0.0332336426 0.0180053711
vt 0.00541687012 0.0180053711
vt 0.00541687012 0.0458374023
vt 0.0332336426 0.0458374023
vt 0.0332336426 0.0180053711
vt 0.00541687012 0.0180053711
vt 0.00541687012 0.0458374023
vt 0.0332336426 0.0458374023
vt 0.0332336426 0.0180053711
vt 0.00541687012 0.0180053711
vt 0.00541687012 0.0458374023
vt 0.0332336426 0.0458374023
vt 0.0332336426 0.0180053711
vt 0.00541687012 0.0180053711
vt 0.00541687012 0.0458374023
vt 0.0332336426 0.0458374023
vt 0.0332336426 0.0180053711
vt 0.00541687012 0.0180053711
vt 0.00541687012 0.0458374023
vt 0.0332336426 0.0458374023
vt 0.0332336426 0.0180053711
vt 0.00541687012 0.0180053711
vt 0.00541687012 0.0458374023
vt 0.0332336426 0.0458374023
vt 0.0332336426 0.0180053711
vt 0.00541687012 0.0180053711
vt 0.00541687012 0.0458374023
vt 0.0332336426 0.0458374023
vt 0.0332336426 0.0180053711
vt 0.00541687012 0.0180053711
vt 0.00541687012 0.0458374023
vt 0.0332336426 0.0458374023
vt 0.0332336426 0.0180053711
vt 0.00541687012 0.0180053711
vt 0.00541687012 0.0458374023
vt 0.0332336426 0.0458374023
vt 0.0332336426 0.0180053711
vt 0.00541687012 0.0180053711
vt 0.00541687012 0.0458374023
vt 0.0332336426 0.0458374023
vt 0.0332336426 0.0180053711
vt 0.00541687012 0.0180053711
vt 0.00541687012 0.0458374023
vt 0.0332336426 0.0458374023
vt 0.0332336426 0.0180053711
vt 0.00541687012 0.0180053711
vt 0.00541687012 0.0458374023
vt 0.0332336426 0.0458374023
vt 0.0332336426 0.0180053711
vt 0.00541687012 0.0180053711
vt 0.00541687012 0.0458374023
vt 0.0332336426 0.0458374023
vt 0.0332336426 0.0180053711
vt 0.00541687012 0.0180053711
vt 0.00541687012 0.0458374023
vt 0.0332336426 0.0458374023
vt 0.0332336426 0.0180053711
vt 0.00541687012 0.0180053711
vt 0.00541687012 0.0458374023
vt 0.0332336426 0.0458374023
vt 0.0332336426 0.0180053711
vt 0.00541687012 0.0180053711
vt 0.00541687012 0.0458374023
vt 0.0332336426 0.0458374023
vt 0.0332336426 0.0180053711
vt 0.00541687012 0.0180053711
vt 0.00541687012 0.0458374023
vt 0.0332336426 0.0458374023
vt 0.0332336426 0.0180053711
vt 0.00541687012 0.0180053711
vt 0.00541687012 0.0458374023
vt 0.0332336426 0.0458374023
vt 0.0332336426 0.0180053711
vt 0.00541687012 0.0180053711
vt 0.00541687012 0.0458374023
vt 0.0332336426 0.0458374023
vt 0.0332336426 0.0180053711
vt 0.00541687012 0.0180053711
vt 0.00541687012 0.0458374023
vt 0.0332336426 0.0458374023
vt 0.0332336426 0.0180053711
vt 0.00541687012 0.0180053711
vt 0.00541687012 0.0458374023
vt 0.0332336426 0.0458374023
vt 0.0332336426 0.0180053711
vt 0.00541687012 0.0180053711
vt 0.00541687012 0.0458374023
vt 0.0332336426 0.0458374023
vt 0.0332336426 0.0180053711
vt 0.00541687012 0.0180053711
vt 0.00541687012 0.0458374023
vt 0.0332336426 0.0458374023
vt 0.0332336426 0.0180053711
vt 0.00541687012 0.0180053711
vt 0.00541687012 0.0458374023
vt 0.0332336426 0.0458374023
vt 0.0332336426 0.0180053711
vt 0.00541687012 0.0180053711
vt 0.00541687012 0.0458374023
vt 0.0332336426 0.0458374023
vt 0.0332336426 0.0180053711
vt 0.00541687012 0.0180053711
vt 0.00541687012 0.0458374023
vt 0.0332336426 0.0458374023
vt 0.0332336426 0.0180053711
vt 0.00541687012 0.0180053711
vt 0.00541687012 0.0458374023
vt 0.0332336426 0.0458374023
vt 0.0332336426 0.0180053711
vt 0.00541687012 0.0180053711
vt 0.00541687012 0.0458374023
vt 0.0332336426 0.0458374023
vt 0.0332336426 0.0180053711
vt 0.00541687012 0.0180053711
vt 0.00541687012 0.0458374023
vt 0.0332336426 0.0458374023
vt 0.0332336426 0.0180053711
vt 0.00541687012 0.0180053711
vt 0.00541687012 0.0458374023
vt 0.0332336426 0.0458374023
vt 0.0332336426 0.0180053711
vt 0.00541687012 0.0180053711
vt 0.00541687012 0.0458374023
vt 0.0332336426 0.0458374023
vt 0.0332336426 0.0180053711
vt 0.00541687012 0.0180053711
vt 0.00541687012 0.0458374023
vt 0.0332336426 0.0458374023
vt 0.00541687012 0.0458374023
vt 0.00541687012 0.0180053711
vt 0.0332336426 0.0180053711
vt 0.0332336426 0.0458374023
vt 0.0332336426 0.0180053711
vt 0.00541687012 0.0180053711
vt 0.00541687012 0.0458374023
vt 0.0332336426 0.0458374023
vt 0.0332336426 0.0180053711
vt 0.00541687012 0.0180053711
vt 0.00541687012 0.0458374023
vt 0.0332336426 0.0458374023
vt 0.0332336426 0.0180053711
vt 0.00541687012 0.0180053711
vt 0.00541687012 0.0458374023
vt 0.0332336426 0.0458374023
vt 0.00541687012 0.0458374023
vt 0.00541687012 0.0180053711
vt 0.0332336426 0.0180053711
vt 0.0332336426 0.0458374023
vt 0.0332336426 0.0180053711
vt 0.00541687012 0.0180053711
vt 0.00541687012 0.0458374023
vt 0.0332336426 0.0458374023
vt 0.0332336426 0.0180053711
vt 0.00541687012 0.0180053711
vt 0.00541687012 0.0458374023
vt 0.0332336426 0.0458374023
vt 0.0332336426 0.0180053711
vt 0.00541687012 0.0180053711
vt 0.00541687012 0.0458374023
vt 0.0332336426 0.0458374023
vt 0.0332336426 0.0180053711
vt 0.00541687012 0.0180053711
vt 0.00541687012 0.0458374023
vt 0.0332336426 0.0458374023
vt 0.0332336426 0.0180053711
vt 0.00541687012 0.0180053711
vt 0.00541687012 0.0458374023
vt 0.0332336426 0.0458374023
vt 0.00541687012 0.0458374023
vt 0.00541687012 0.0180053711
vt 0.0332336426 0.0180053711
vt 0.0332336426 0.0458374023
vt 0.0332336426 0.0180053711
vt 0.00541687012 0.0180053711
vt 0.00541687012 0.0458374023
vt 0.0332336426 0.0458374023
vt 0.0332336426 0.0180053711
vt 0.00541687012 0.0180053711
vt 0.00541687012 0.0458374023
vt 0.0332336426 0.0458374023
vt 0.0332336426 0.0180053711
vt 0.00541687012 0.0180053711
vt 0.00541687012 0.0458374023
vt 0 0
vt 0 0
vt 0 0
vt 0 0
vt 0 0
vt 0 0
vt 0 0
vt 0 0
vt 0 0
vt 0 0
vt 0 0
vt 0 0
vt 0 0
vt 0 0
vt 0 0
vt 0 0
vt 0 0
vt 0 0
vt 0 0
vt 0 0
vt 0 0
vt 0 0
vt 0 0
vt 0 0
vt 0 0
vt 0 0
vt 0 0
vt 0 0
vt 0 0
vt 0 0
vt 0 0
vt 0 0
vt 0 0
vt 0 0
vt 0 0
vt 0 0
vt 0 0
vt 0 0
vt 0 0
vt 0 0
vt 0 0
vt 0 0
vt 0 0
vt 0 0
vt 0 0
vt 0 0
vt 0 0
vt 0 0
vt 0 0
vt 0 0
vt 0 0
vt 0 0
vt 0 0
vt 0 0
vt 0 0
vt 0 0
vt 0 0
vt 0 0
vt 0 0
vt 0 0
vt 0 0
vt 0 0
vt 0 0
vt 0 0
vt 0 0
vt 0 0
vt 0 0
vt 0 0
vt 0 0
vt 0 0
vt 0 0
vt 0 0
vt 0 0
vt 0 0
vt 0 0
vt 0 0
vt 0 0
vt 0 0
vt 0 0
vt 0 0
vt 0 0
vt 0 0
vt 0 0
vt 0 0
vt 0 0
vt 0 0
vt 0 0
vt 0.0834960938 0.0659179688
vt 0.0910644531 0.0659179688
vt 0.0910644531 0.073425293
vt 0.0834960938 0.073425293
vt 0.0834960938 0.0659179688
vt 0.0910644531 0.0659179688
vt 0.0910644531 0.073425293
vt 0.0834960938 0.073425293
vt 0.0834960938 0.0659179688
vt 0.0910644531 0.0659179688
vt 0.0910644531 0.073425293
vt 0.0834960938 0.073425293
vt 0.0834960938 0.0659179688
vt 0.0910644531 0.0659179688
vt 0.0910644531 0.073425293
vt 0.0834960938 0.073425293
vt 0.0834960938 0.0659179688
vt 0.0910644531 0.0659179688
vt 0.0910644531 0.073425293
vt 0.0834960938 0.073425293
vt 0.0834960938 0.0659179688
vt 0.0910644531 0.0659179688
vt 0.0910644531 0.073425293
vt 0.0834960938 0.073425293
vt 0.0834960938 0.0659179688
vt 0.0910644531 0.0659179688
vt 0.0910644531 0.073425293
vt 0.0834960938 0.073425293
vt 0.0834960938 0.0659179688
vt 0.0910644531 0.0659179688
vt 0.0910644531 0.073425293
vt 0.0834960938 0.073425293
vt 0.0834960938 0.0659179688
vt 0.0910644531 0.0659179688
vt 0.0910644531 0.073425293
vt 0.0834960938 0.073425293
vt 0.0834960938 0.0659179688
vt 0.0910644531 0.0659179688
vt 0.0910644531 0.073425293
vt 0.0834960938 0.073425293
vt 0.0834960938 0.0659179688
vt 0.0910644531 0.0659179688
vt 0.0910644531 0.073425293
vt 0.0834960938 0.073425293
vt 0.0834960938 0.0659179688
vt 0.0910644531 0.0659179688
vt 0.0910644531 0.073425293
vt 0.0834960938 0.073425293
vt 0.0834960938 0.0659179688
vt 0.0910644531 0.0659179688
vt 0.0910644531 0.073425293
vt 0.0834960938 0.073425293
vt 0.0834960938 0.0659179688
vt 0.0910644531 0.0659179688
vt 0.0910644531 0.073425293
vt 0.0834960938 0.073425293
vt 0.0834960938 0.0659179688
vt 0.0910644531 0.0659179688
vt 0.0910644531 0.073425293
vt 0.0834960938 0.073425293
vt 0.0834960938 0.0659179688
vt 0.0910644531 0.0659179688
vt 0.0910644531 0.073425293
vt 0.0834960938 0.073425293
vt 0.0834960938 0.0659179688
vt 0.0910644531 0.0659179688
vt 0.0910644531 0.073425293
vt 0.0834960938 0.073425293
vt 0.0834960938 0.0659179688
vt 0.0910644531 0.0659179688
vt 0.0910644531 0.073425293
vt 0.0834960938 0.073425293
vt 0.0834960938 0.0659179688
vt 0.0910644531 0.0659179688
vt 0.0910644531 0.073425293
vt 0.0834960938 0.073425293
vt 0.0834960938 0.0659179688
vt 0.0910644531 0.0659179688
vt 0.0910644531 0.073425293
vt 0.0834960938 0.073425293
vt 0.0834960938 0.0659179688
vt 0.0910644531 0.0659179688
vt 0.0910644531 0.073425293
vt 0.0834960938 0.073425293
vt 0.0834960938 0.0659179688
vt 0.0910644531 0.0659179688
vt 0.0910644531 0.073425293
vt 0.0834960938 0.073425293
vt 0.0834960938 0.0659179688
vt 0.0910644531 0.0659179688
vt 0.0910644531 0.073425293
vt 0.0834960938 0.073425293
vt 0.0834960938 0.0659179688
vt 0.0910644531 0.0659179688
vt 0.0910644531 0.073425293
vt 0.0834960938 0.073425293
vt 0.0834960938 0.0659179688
vt 0.0910644531 0.0659179688
vt 0.0910644531 0.073425293
vt 0.0834960938 0.073425293
vt 0.0834960938 0.0659179688
vt 0.0910644531 0.0659179688
vt 0.0910644531 0.073425293
vt 0.0834960938 0.073425293
vt 0.0834960938 0.0659179688
vt 0.0910644531 0.0659179688
vt 0.0910644531 0.073425293
vt 0.0834960938 0.073425293
vt 0.0834960938 0.0659179688
vt 0.0910644531 0.0659179688
vt 0.0910644531 0.073425293
vt 0.0834960938 0.073425293
vt 0.0834960938 0.0659179688
vt 0.0910644531 0.0659179688
vt 0.0910644531 0.073425293
vt 0.0834960938 0.073425293
vt 0.0834960938 0.0659179688
vt 0.0910644531 0.0659179688
vt 0.0910644531 0.073425293
vt 0.0834960938 0.073425293
vt 0.0834960938 0.0659179688
vt 0.0910644531 0.0659179688
vt 0.0910644531 0.073425293
vt 0.0834960938 0.073425293
vt 0.0834960938 0.0659179688
vt 0.0910644531 0.0659179688
vt 0.0910644531 0.073425293
vt 0.0834960938 0.073425293
vt 0.0834960938 0.0659179688
vt 0.0910644531 0.0659179688
vt 0.0910644531 0.073425293
vt 0.0834960938 0.073425293
vt 0.0834960938 0.0659179688
vt 0.0910644531 0.0659179688
vt 0.0910644531 0.073425293
vt 0.0834960938 0.073425293
vt 0.0834960938 0.0659179688
vt 0.0910644531 0.0659179688
vt 0.0910644531 0.073425293
vt 0.0834960938 0.073425293
vt 0.0834960938 0.0659179688
vt 0.0910644531 0.0659179688
vt 0.0910644531 0.073425293
vt 0.0834960938 0.073425293
vt 0.0834960938 0.0659179688
vt 0.0910644531 0.0659179688
vt 0.0910644531 0.073425293
vt 0.0834960938 0.073425293
vt 0.0834960938 0.0659179688
vt 0.0910644531 0.0659179688
vt 0.0910644531 0.073425293
vt 0.0834960938 0.073425293
vt 0.0834960938 0.0659179688
vt 0.0910644531 0.0659179688
vt 0.0910644531 0.073425293
vt 0.0834960938 0.073425293
vt 0.0834960938 0.0659179688
vt 0.0910644531 0.0659179688
vt 0.0910644531 0.073425293
vt 0.0834960938 0.073425293
vt 0.0834960938 0.0659179688
vt 0.0910644531 0.0659179688
vt 0.0910644531 0.073425293
vt 0.0834960938 0.073425293
vt 0.269287109 0.416015625
vt 0.240234375 0.379638672
vt 0.248779297 0.389160156
vt 0.226806641 0.421630859
vt 0.284667969 0.457275391
vt 0.173095703 0.399169922
vt 0.245361328 0.462646484
vt 0.297851562 0.470947266
vt 0.196655273 0.428710938
vt 0.141235352 0.415039062
vt 0.159545898 0.446044922
vt 0.208984375 0.470214844
vt 0.169311523 0.485595703
vt 0.247314453 0.477294922
vt 0.211303711 0.486328125
vt 0.176269531 0.506835938
vt 0.214111328 0.501953125
vt 0.184814453 0.528808594
vt 0.249267578 0.491699219
vt 0.282714844 0.488037109
vt 0.229492188 0.533691406
vt 0.206420898 0.557617188
vt 0.258544922 0.521972656
vt 0.260498047 0.567871094
vt 0.240478516 0.584960938
vt 0.284667969 0.599609375
vt 0.319091797 0.487060547
vt 0.301513672 0.471191406
vt 0.327636719 0.479736328
vt 0.286865234 0.518554688
vt 0.273681641 0.554199219
vt 0.288085938 0.592773438
vt 0.307861328 0.604003906
vt 0.294677734 0.584472656
vt 0.293457031 0.550292969
vt 0.302001953 0.58203125
vt 0.317626953 0.520019531
vt 0.310058594 0.58203125
vt 0.313720703 0.55078125
vt 0.317626953 0.583984375
vt 0.333496094 0.555175781
vt 0.347900391 0.526367188
vt 0.324462891 0.587890625
vt 0.329345703 0.597167969
vt 0.331054688 0.604492188
vt 0.351318359 0.563476562
vt 0.365722656 0.576171875
vt 0.375976562 0.598144531
vt 0.357910156 0.494873047
vt 0.374755859 0.536621094
vt 0.399169922 0.553222656
vt 0.416748047 0.581054688
vt 0.372314453 0.474121094
vt 0.323730469 0.447265625
vt 0.365722656 0.442382812
vt 0.384521484 0.515625
vt 0.407470703 0.486572266
vt 0.418212891 0.543457031
vt 0.44140625 0.566894531
vt 0.430908203 0.494140625
vt 0.474853516 0.524902344
vt 0.0834960938 0.0659179688
vt 0.0910644531 0.0659179688
vt 0.0910644531 0.073425293
vt 0.0834960938 0.073425293
vt 0.0834960938 0.0659179688
vt 0.0910644531 0.0659179688
vt 0.0910644531 0.073425293
vt 0.0834960938 0.073425293
vt 0.0834960938 0.0659179688
vt 0.0910644531 0.0659179688
vt 0.0910644531 0.073425293
vt 0.0834960938 0.073425293
vt 0.0834960938 0.0659179688
vt 0.0910644531 0.0659179688
vt 0.0910644531 0.073425293
vt 0.0834960938 0.073425293
vt 0.0834960938 0.0659179688
vt 0.0910644531 0.0659179688
vt 0.0910644531 0.073425293
vt 0.0834960938 0.073425293
vt 0.0834960938 0.0659179688
vt 0.0910644531 0.0659179688
vt 0.0910644531 0.073425293
vt 0.0834960938 0.073425293
vt 0.0834960938 0.0659179688
vt 0.0910644531 0.0659179688
vt 0.0910644531 0.073425293
vt 0.0834960938 0.073425293
vt 0.0834960938 0.0659179688
vt 0.0910644531 0.0659179688
vt 0.0910644531 0.073425293
vt 0.0834960938 0.073425293
vt 0.635253906 0.258544922
vt 0.671386719 0.246337891
vt 0.669433594 0.260986328
vt 0.636230469 0.276855469
vt 0.668945312 0.264160156
vt 0.666015625 0.296386719
vt 0.610839844 0.2734375
vt 0.637695312 0.303466797
vt 0.666992188 0.326660156
vt 0.606933594 0.286132812
vt 0.568847656 0.290771484
vt 0.653320312 0.339355469
vt 0.673828125 0.343505859
vt 0.653808594 0.354492188
vt 0.638671875 0.355957031
vt 0.600585938 0.322753906
vt 0.609863281 0.355957031
vt 0.6171875 0.366455078
vt 0.58203125 0.301025391
vt 0.575195312 0.349121094
vt 0.562988281 0.382080078
vt 0.598144531 0.378662109
vt 0.603027344 0.3828125
vt 0.559082031 0.314453125
vt 0.540527344 0.300292969
vt 0.548828125 0.310058594
vt 0.554199219 0.32421875
vt 0.563476562 0.328613281
vt 0.555175781 0.344726562
vt 0.564453125 0.346191406
vt 0.534179688 0.381591797
vt 0.53515625 0.414550781
vt 0.584960938 0.409179688
vt 0.596679688 0.438720703
vt 0.592773438 0.402587891
vt 0.601074219 0.432128906
vt 0.601074219 0.395263672
vt 0.630371094 0.440429688
vt 0.642089844 0.453369141
vt 0.664550781 0.421142578
vt 0.627441406 0.417236328
vt 0.621582031 0.394287109
vt 0.636230469 0.384765625
vt 0.619628906 0.385986328
vt 0.638671875 0.392578125
vt 0.658203125 0.387451172
vt 0.669433594 0.383056641
vt 0.677246094 0.365234375
vt 0.6796875 0.344238281
vt 0.680175781 0.387939453
vt 0.68359375 0.372314453
vt 0.691894531 0.325439453
vt 0.687011719 0.377929688
vt 0.702636719 0.409667969
vt 0.712402344 0.440185547
vt 0.714355469 0.456298828
vt 0.670410156 0.4375
vt 0.66796875 0.45703125
vt 0.0834960938 0.0659179688
vt 0.0910644531 0.0659179688
vt 0.0910644531 0.073425293
vt 0.0834960938 0.073425293
vt 0.0834960938 0.0659179688
vt 0.0910644531 0.0659179688
vt 0.0910644531 0.073425293
vt 0.0834960938 0.073425293
vt 0.0834960938 0.0659179688
vt 0.0910644531 0.0659179688
vt 0.0910644531 0.073425293
vt 0.0834960938 0.073425293
vt 0.0834960938 0.0659179688
vt 0.0910644531 0.0659179688
vt 0.0910644531 0.073425293
vt 0.0834960938 0.073425293
vt 0.0834960938 0.0659179688
vt 0.0910644531 0.0659179688
vt 0.0910644531 0.073425293
vt 0.0834960938 0.073425293
vt 0.0834960938 0.0659179688
vt 0.0910644531 0.0659179688
vt 0.0910644531 0.073425293
vt 0.0834960938 0.073425293
vt 0.0332336426 0.0458374023
vt 0.00541687012 0.0458374023
vt 0.00541687012 0.0180053711
vt 0.0332336426 0.0180053711
vt 0.0332336426 0.0458374023
vt 0.00541687012 0.0458374023
vt 0.00541687012 0.0180053711
vt 0.0332336426 0.0180053711
vt 0.0332336426 0.0458374023
vt 0.00541687012 0.0458374023
vt 0.00541687012 0.0180053711
vt 0.0332336426 0.0180053711
vt 0.0332336426 0.0458374023
vt 0.00541687012 0.0458374023
vt 0.00541687012 0.0180053711
vt 0.0332336426 0.0180053711
vt 0.0332336426 0.0458374023
vt 0.00541687012 0.0458374023
vt 0.00541687012 0.0180053711
vt 0.0332336426 0.0180053711
vt 0.0332336426 0.0458374023
vt 0.00541687012 0.0458374023
vt 0.00541687012 0.0180053711
vt 0.0332336426 0.0180053711
vt 0.0332336426 0.0458374023
vt 0.00541687012 0.0458374023
vt 0.00541687012 0.0180053711
vt 0.0332336426 0.0180053711
vt 0.0332336426 0.0458374023
vt 0.00541687012 0.0458374023
vt 0.00541687012 0.0180053711
vt 0.0332336426 0.0180053711
vt 0.0332336426 0.0458374023
vt 0.00541687012 0.0458374023
vt 0.00541687012 0.0180053711
vt 0.0332336426 0.0180053711
vt 0.0332336426 0.0458374023
vt 0.00541687012 0.0458374023
vt 0.00541687012 0.0180053711
vt 0.0332336426 0.0180053711
vt 0.0332336426 0.0458374023
vt 0.00541687012 0.0458374023
vt 0.00541687012 0.0180053711
vt 0.0332336426 0.0180053711
vt 0.0332336426 0.0458374023
vt 0.00541687012 0.0458374023
vt 0.00541687012 0.0180053711
vt 0.0332336426 0.0180053711
vt 0.0332336426 0.0458374023
vt 0.00541687012 0.0458374023
vt 0.00541687012 0.0180053711
vt 0.0332336426 0.0180053711
vt 0.0332336426 0.0458374023
vt 0.00541687012 0.0458374023
vt 0.00541687012 0.0180053711
vt 0.0332336426 0.0180053711
vt 0.0332336426 0.0458374023
vt 0.00541687012 0.0458374023
vt 0.00541687012 0.0180053711
vt 0.0332336426 0.0180053711
vt 0.0332336426 0.0458374023
vt 0.00541687012 0.0458374023
vt 0.00541687012 0.0180053711
vt 0.0332336426 0.0180053711
vt 0.0332336426 0.0458374023
vt 0.00541687012 0.0458374023
vt 0.00541687012 0.0180053711
vt 0.0332336426 0.0180053711
vt 0.0332336426 0.0458374023
vt 0.00541687012 0.0458374023
vt 0.00541687012 0.0180053711
vt 0.0332336426 0.0180053711
vt 0.0332336426 0.0458374023
vt 0.00541687012 0.0458374023
vt 0.00541687012 0.0180053711
vt 0.0332336426 0.0180053711
vt 0.0332336426 0.0458374023
vt 0.00541687012 0.0458374023
vt 0.00541687012 0.0180053711
vt 0.0332336426 0.0180053711
vt 0.0332336426 0.0458374023
vt 0.00541687012 0.0458374023
vt 0.00541687012 0.0180053711
vt 0.0332336426 0.0180053711
vt 0.0332336426 0.0458374023
vt 0.00541687012 0.0458374023
vt 0.00541687012 0.0180053711
vt 0.0332336426 0.0180053711
vt 0.0332336426 0.0458374023
vt 0.00541687012 0.0458374023
vt 0.00541687012 0.0180053711
vt 0.0332336426 0.0180053711
vt 0.0332336426 0.0458374023
vt 0.00541687012 0.0458374023
vt 0.00541687012 0.0180053711
vt 0.0332336426 0.0180053711
vt 0.0332336426 0.0458374023
vt 0.00541687012 0.0458374023
vt 0.00541687012 0.0180053711
vt 0.0332336426 0.0180053711
vt 0.0332336426 0.0458374023
vt 0.00541687012 0.0458374023
vt 0.00541687012 0.0180053711
vt 0.0332336426 0.0180053711
vt 0.0332336426 0.0458374023
vt 0.00541687012 0.0458374023
vt 0.00541687012 0.0180053711
vt 0.0332336426 0.0180053711
vt 0.0332336426 0.0458374023
vt 0.00541687012 0.0458374023
vt 0.00541687012 0.0180053711
vt 0.0332336426 0.0180053711
vt 0.0332336426 0.0458374023
vt 0.00541687012 0.0458374023
vt 0.00541687012 0.0180053711
vt 0.0332336426 0.0180053711
vt 0.0332336426 0.0458374023
vt 0.00541687012 0.0458374023
vt 0.00541687012 0.0180053711
vt 0.0332336426 0.0180053711
vt 0.0332336426 0.0458374023
vt 0.00541687012 0.0458374023
vt 0.00541687012 0.0180053711
vt 0.0332336426 0.0180053711
vt 0.0332336426 0.0458374023
vt 0.00541687012 0.0458374023
vt 0.00541687012 0.0180053711
vt 0.0332336426 0.0180053711
vt 0.0332336426 0.0458374023
vt 0.00541687012 0.0458374023
vt 0.00541687012 0.0180053711
vt 0.0332336426 0.0180053711
vt 0.0332336426 0.0458374023
vt 0.00541687012 0.0458374023
vt 0.00541687012 0.0180053711
vt 0.0332336426 0.0180053711
vt 0.0332336426 0.0458374023
vt 0.00541687012 0.0458374023
vt 0.00541687012 0.0180053711
vt 0.0332336426 0.0180053711
vt 0.0332336426 0.0458374023
vt 0.00541687012 0.0458374023
vt 0.00541687012 0.0180053711
vt 0.0332336426 0.0180053711
vt 0.0332336426 0.0458374023
vt 0.00541687012 0.0458374023
vt 0.00541687012 0.0180053711
vt 0.0332336426 0.0180053711
vt 0.0332336426 0.0458374023
vt 0.00541687012 0.0458374023
vt 0.00541687012 0.0180053711
vt 0.0332336426 0.0180053711
vt 0.0332336426 0.0458374023
vt 0.00541687012 0.0458374023
vt 0.00541687012 0.0180053711
vt 0.0332336426 0.0180053711
vt 0.0332336426 0.0458374023
vt 0.00541687012 0.0458374023
vt 0.00541687012 0.0180053711
vt 0.0332336426 0.0180053711
vt 0.0332336426 0.0458374023
vt 0.00541687012 0.0458374023
vt 0.00541687012 0.0180053711
vt 0.0332336426 0.0180053711
vt 0.0332336426 0.0458374023
vt 0.00541687012 0.0458374023
vt 0.00541687012 0.0180053711
vt 0.0332336426 0.0180053711
vt 0.0332336426 0.0458374023
vt 0.00541687012 0.0458374023
vt 0.00541687012 0.0180053711
vt 0.0332336426 0.0180053711
vt 0.0332336426 0.0458374023
vt 0.00541687012 0.0458374023
vt 0.00541687012 0.0180053711
vt 0.0332336426 0.0180053711
vt 0 0
vt 0 0
vt 0 0
vt 0 0
vt 0 0
vt 0 0
vt 0 0
vt 0 0
vt 0 0
vt 0 0
vt 0 0
vt 0 0
vt 0 0
vt 0 0
vt 0 0
vt 0 0
vt 0 0
vt 0 0
vt 0 0
vt 0 0
vt 0 0
vt 0 0
vt 0 0
vt 0 0
vt 0 0
vt 0 0
vt 0 0
vt 0 0
vt 0 0
vt 0 0
vt 0 0
vt 0 0
vt 0 0
vt 0 0
vt 0 0
vt 0 0
vt 0 0
vt 0 0
vt 0 0
vt 0 0
vt 0 0
vt 0 0
vt 0 0
vt 0 0
vt 0 0
vt 0 0
vt 0 0
vt 0 0
vt 0 0
vt 0 0
vt 0 0
vt 0 0
vt 0 0
vt 0 0
vt 0 0
vt 0 0
vt 0 0
vt 0 0
vt 0 0
vt 0 0
vt 0 0
vt 0 0
vt 0 0
vt 0 0
vt 0 0
vt 0 0
vt 0 0
vt 0 0
vt 0 0
vt 0 0
vt 0 0
vt 0 0
vt 0 0
vt 0 0
vt 0 0
vt 0 0
vt 0 0
vt 0 0
vt 0.568359375 0.774414062
vt 0.571289062 0.751464844
vt 0.576171875 0.769042969
vt 0.655761719 0.380615234
vt 0.655761719 0.304443359
vt 0.666503906 0.380859375
vt 0.65234375 0.304443359
vt 0.645019531 0.380615234
vt 0.65234375 0.304443359
vt 0.655761719 0.380615234
vt 0.648925781 0.304443359
vt 0.634277344 0.380859375
vt 0.648925781 0.304443359
vt 0.645019531 0.380615234
vt 0.645019531 0.304443359
vt 0.615722656 0.381347656
vt 0.622558594 0.304443359
vt 0.626464844 0.381347656
vt 0.619140625 0.304443359
vt 0.413818359 0.308837891
vt 0.414306641 0.309326172
vt 0.413818359 0.309326172
vt 0.414306641 0.308837891
vt 0.412597656 0.339599609
vt 0.406738281 0.310791016
vt 0.407470703 0.310546875
vt 0.407714844 0.338867188
vt 0.411376953 0.342285156
vt 0.407226562 0.341308594
vt 0.402587891 0.338623047
vt 0.402832031 0.341796875
vt 0.406005859 0.310791016
vt 0.406738281 0.310791016
vt 0.397216797 0.338867188
vt 0.398193359 0.342041016
vt 0.405517578 0.310546875
vt 0.406005859 0.310791016
vt 0.421630859 0.339355469
vt 0.417724609 0.311767578
vt 0.418457031 0.311767578
vt 0.415283203 0.339355469
vt 0.420166016 0.341552734
vt 0.416748047 0.341552734
vt 0.465332031 0.725097656
vt 0.45703125 0.721679688
vt 0.450439453 0.733886719
vt 0.459960938 0.736816406
vt 0.443847656 0.74609375
vt 0.473388672 0.728515625
vt 0.454589844 0.748535156
vt 0.469238281 0.739746094
vt 0.482666016 0.730957031
vt 0.465087891 0.750488281
vt 0.478515625 0.744140625
vt 0.491943359 0.733398438
vt 0.474609375 0.757324219
vt 0.488037109 0.748535156
vt 0.501953125 0.736328125
vt 0.484375 0.763671875
vt 0.499511719 0.750976562
vt 0.51171875 0.738769531
vt 0.497070312 0.765136719
vt 0.510742188 0.752929688
vt 0.521484375 0.738769531
vt 0.509765625 0.767089844
vt 0.521972656 0.755371094
vt 0.531738281 0.738769531
vt 0.522460938 0.771484375
vt 0.533203125 0.757324219
vt 0.539550781 0.737792969
vt 0.53515625 0.776367188
vt 0.542480469 0.752929688
vt 0.544921875 0.737304688
vt 0.547363281 0.751464844
vt 0.549804688 0.736328125
vt 0.544921875 0.767578125
vt 0.552246094 0.751953125
vt 0.556152344 0.733886719
vt 0.549804688 0.765625
vt 0.5546875 0.767578125
vt 0.562011719 0.754394531
vt 0.56640625 0.733886719
vt 0.568359375 0.774414062
vt 0.571289062 0.751464844
vt 0.544921875 0.767578125
vt 0.53515625 0.776367188
vt 0.549804688 0.765625
vt 0.522460938 0.771484375
vt 0.549804688 0.765625
vt 0.522460938 0.771484375
vt 0.5546875 0.767578125
vt 0.509765625 0.767089844
vt 0.5546875 0.767578125
vt 0.568359375 0.774414062
vt 0.568359375 0.774414062
vt 0.509765625 0.767089844
vt 0.497070312 0.765136719
vt 0.497070312 0.765136719
vt 0.484375 0.763671875
vt 0.484375 0.763671875
vt 0.474609375 0.757324219
vt 0.474609375 0.757324219
vt 0.465087891 0.750488281
vt 0.465087891 0.750488281
vt 0.454589844 0.748535156
vt 0.454589844 0.748535156
vt 0.443847656 0.74609375
vt 0.443847656 0.74609375
vt 0.655761719 0.380615234
vt 0.65234375 0.304443359
vt 0.655761719 0.304443359
vt 0.666503906 0.380859375
vt 0.666503906 0.380859375
vt 0.655761719 0.380615234
vt 0.645019531 0.380615234
vt 0.648925781 0.304443359
vt 0.65234375 0.304443359
vt 0.655761719 0.380615234
vt 0.655761719 0.380615234
vt 0.645019531 0.380615234
vt 0.666503906 0.380859375
vt 0.634277344 0.380859375
vt 0.634277344 0.380859375
vt 0.645019531 0.304443359
vt 0.648925781 0.304443359
vt 0.645019531 0.380615234
vt 0.645019531 0.380615234
vt 0.634277344 0.380859375
vt 0.615722656 0.381347656
vt 0.619140625 0.304443359
vt 0.622558594 0.304443359
vt 0.626464844 0.381347656
vt 0.626464844 0.381347656
vt 0.615722656 0.381347656
vt 0.413818359 0.308837891
vt 0.414306641 0.309326172
vt 0.413818359 0.309326172
vt 0.414306641 0.308837891
vt 0.412597656 0.339599609
vt 0.406738281 0.310791016
vt 0.407470703 0.310546875
vt 0.407714844 0.338867188
vt 0.411376953 0.342285156
vt 0.407226562 0.341308594
vt 0.402587891 0.338623047
vt 0.402832031 0.341796875
vt 0.406005859 0.310791016
vt 0.406738281 0.310791016
vt 0.397216797 0.338867188
vt 0.398193359 0.342041016
vt 0.405517578 0.310546875
vt 0.406005859 0.310791016
vt 0.421630859 0.339355469
vt 0.417724609 0.311767578
vt 0.418457031 0.311767578
vt 0.415283203 0.339355469
vt 0.420166016 0.341552734
vt 0.416748047 0.341552734
vt 0.655761719 0.380615234
vt 0.65234375 0.304443359
vt 0.655761719 0.304443359
vt 0.666503906 0.380859375
vt 0.666503906 0.380859375
vt 0.655761719 0.380615234
vt 0.645019531 0.380615234
vt 0.648925781 0.304443359
vt 0.65234375 0.304443359
vt 0.655761719 0.380615234
vt 0.655761719 0.380615234
vt 0.645019531 0.380615234
vt 0.634277344 0.380859375
vt 0.615722656 0.381347656
vt 0.634277344 0.380859375
vt 0.645019531 0.380615234
vt 0.648925781 0.304443359
vt 0.645019531 0.304443359
vt 0.615722656 0.381347656
vt 0.619140625 0.304443359
vt 0.622558594 0.304443359
vt 0.626464844 0.381347656
vt 0.626464844 0.381347656
vt 0.615722656 0.381347656
vt 0.413818359 0.308837891
vt 0.414306641 0.309326172
vt 0.413818359 0.309326172
vt 0.414306641 0.308837891
vt 0.412597656 0.339599609
vt 0.406738281 0.310791016
vt 0.407470703 0.310546875
vt 0.407714844 0.338867188
vt 0.411376953 0.342285156
vt 0.407226562 0.341308594
vt 0.402587891 0.338623047
vt 0.402832031 0.341796875
vt 0.406005859 0.310791016
vt 0.406738281 0.310791016
vt 0.397216797 0.338867188
vt 0.398193359 0.342041016
vt 0.405517578 0.310546875
vt 0.406005859 0.310791016
vt 0.421630859 0.339355469
vt 0.417724609 0.311767578
vt 0.418457031 0.311767578
vt 0.415283203 0.339355469
vt 0.420166016 0.341552734
vt 0.416748047 0.341552734
vt 0.655761719 0.380615234
vt 0.65234375 0.304443359
vt 0.655761719 0.304443359
vt 0.666503906 0.380859375
vt 0.666503906 0.380859375
vt 0.655761719 0.380615234
vt 0.645019531 0.380615234
vt 0.648925781 0.304443359
vt 0.65234375 0.304443359
vt 0.655761719 0.380615234
vt 0.655761719 0.380615234
vt 0.645019531 0.380615234
vt 0.634277344 0.380859375
vt 0.645019531 0.304443359
vt 0.648925781 0.304443359
vt 0.645019531 0.380615234
vt 0.645019531 0.380615234
vt 0.634277344 0.380859375
vt 0.615722656 0.381347656
vt 0.619140625 0.304443359
vt 0.622558594 0.304443359
vt 0.626464844 0.381347656
vt 0.626464844 0.381347656
vt 0.615722656 0.381347656
vt 0.413818359 0.308837891
vt 0.414306641 0.309326172
vt 0.413818359 0.309326172
vt 0.414306641 0.308837891
vt 0.412597656 0.339599609
vt 0.406738281 0.310791016
vt 0.407470703 0.310546875
vt 0.407714844 0.338867188
vt 0.411376953 0.342285156
vt 0.407226562 0.341308594
vt 0.402587891 0.338623047
vt 0.402832031 0.341796875
vt 0.406005859 0.310791016
vt 0.406738281 0.310791016
vt 0.397216797 0.338867188
vt 0.398193359 0.342041016
vt 0.405517578 0.310546875
vt 0.406005859 0.310791016
vt 0.421630859 0.339355469
vt 0.417724609 0.311767578
vt 0.418457031 0.311767578
vt 0.415283203 0.339355469
vt 0.420166016 0.341552734
vt 0.416748047 0.341552734
vt 0.666503906 0.380859375
vt 0.634277344 0.380859375
vt 0.645019531 0.380615234
vt 0.655761719 0.380615234
vt 0.465332031 0.725097656
vt 0.450439453 0.733886719
vt 0.45703125 0.721679688
vt 0.459960938 0.736816406
vt 0.443847656 0.74609375
vt 0.473388672 0.728515625
vt 0.454589844 0.748535156
vt 0.469238281 0.739746094
vt 0.482666016 0.730957031
vt 0.465087891 0.750488281
vt 0.478515625 0.744140625
vt 0.491943359 0.733398438
vt 0.474609375 0.757324219
vt 0.488037109 0.748535156
vt 0.501953125 0.736328125
vt 0.484375 0.763671875
vt 0.499511719 0.750976562
vt 0.51171875 0.738769531
vt 0.497070312 0.765136719
vt 0.510742188 0.752929688
vt 0.521484375 0.738769531
vt 0.509765625 0.767089844
vt 0.521972656 0.755371094
vt 0.531738281 0.738769531
vt 0.522460938 0.771484375
vt 0.533203125 0.757324219
vt 0.539550781 0.737792969
vt 0.53515625 0.776367188
vt 0.542480469 0.752929688
vt 0.544921875 0.737304688
vt 0.544921875 0.767578125
vt 0.547363281 0.751464844
vt 0.549804688 0.736328125
vt 0.549804688 0.765625
vt 0.552246094 0.751953125
vt 0.556152344 0.733886719
vt 0.5546875 0.767578125
vt 0.562011719 0.754394531
vt 0.568359375 0.774414062
vt 0.571289062 0.751464844
vt 0.56640625 0.733886719
vt 0.571289062 0.751464844
vt 0.56640625 0.733886719
vt 0.556152344 0.733886719
vt 0.556152344 0.733886719
vt 0.549804688 0.736328125
vt 0.549804688 0.736328125
vt 0.544921875 0.737304688
vt 0.544921875 0.737304688
vt 0.539550781 0.737792969
vt 0.539550781 0.737792969
vt 0.531738281 0.738769531
vt 0.531738281 0.738769531
vt 0.521484375 0.738769531
vt 0.521484375 0.738769531
vt 0.51171875 0.738769531
vt 0.51171875 0.738769531
vt 0.501953125 0.736328125
vt 0.501953125 0.736328125
vt 0.491943359 0.733398438
vt 0.491943359 0.733398438
vt 0.482666016 0.730957031
vt 0.482666016 0.730957031
vt 0.473388672 0.728515625
vt 0.473388672 0.728515625
vt 0.465332031 0.725097656
vt 0.465332031 0.725097656
vt 0.45703125 0.721679688
vt 0.45703125 0.721679688
vt 0.450439453 0.733886719
vt 0.450439453 0.733886719
vt 0.443847656 0.74609375
vt 0.443847656 0.74609375
vt 0.568359375 0.774414062
vt 0.568359375 0.774414062
vt 0.576171875 0.769042969
vt 0.576171875 0.769042969
vt 0.571289062 0.751464844
vn 0.000122904778 -0.0758056641 -0.997070312
vn 0.100097656 0.162353516 -0.981445312
vn 0.000139594078 0.188598633 -0.981933594
vn 0.000122904778 -0.0758056641 -0.997070312
vn 0.227050781 0.116027832 -0.966796875
vn 0.100097656 0.162353516 -0.981445312
vn 0.000122904778 -0.0758056641 -0.997070312
vn 0.291748047 0.0175933838 -0.956542969
vn 0.227050781 0.116027832 -0.966796875
vn 0.999511719 -0.0205993652 0.0269927979
vn 0.996582031 0.0821533203 -0.0190124512
vn 0.987304688 -0.152587891 -0.0491638184
vn 0.000122904778 -0.0758056641 -0.997070312
vn 0.310302734 -0.071105957 -0.948242188
vn 0.291748047 0.0175933838 -0.956542969
vn 0.000122904778 -0.0758056641 -0.997070312
vn 0.291015625 -0.160766602 -0.943359375
vn 0.310302734 -0.071105957 -0.948242188
vn 0.000122904778 -0.0758056641 -0.997070312
vn 0.225952148 -0.260498047 -0.938476562
vn 0.291015625 -0.160766602 -0.943359375
vn 0.000122904778 -0.0758056641 -0.997070312
vn 0.099609375 -0.308837891 -0.945800781
vn 0.225952148 -0.260498047 -0.938476562
vn 0.000122904778 -0.0758056641 -0.997070312
vn 0.000137329102 -0.334960938 -0.942382812
vn 0.099609375 -0.308837891 -0.945800781
vn 0.361328125 0.641113281 -0.677246094
vn -0.105834961 -0.104003906 -0.988769531
vn -0.0742797852 -0.0704956055 -0.994628906
vn 0.244750977 0.477783203 -0.84375
vn 0.361328125 0.641113281 -0.677246094
vn -0.0742797852 -0.0704956055 -0.994628906
vn 0.468994141 0.8828125 0.0218353271
vn 0.449707031 0.887207031 0.1015625
vn 0.55859375 0.819335938 0.126586914
vn 0.919921875 0.387695312 -0.0598449707
vn 0.803710938 0.577148438 -0.146240234
vn 0.845214844 0.53125 -0.059753418
vn 0.926269531 0.368164062 -0.0784301758
vn 0.868164062 0.443603516 -0.223510742
vn 0.810546875 0.51171875 -0.284667969
vn 0.775390625 0.615234375 0.142700195
vn 0.796875 0.564453125 0.214111328
vn 0.901367188 0.387451172 0.193969727
vn 0.86328125 0.416015625 0.286376953
vn 0.821289062 0.464599609 0.331542969
vn 0.831542969 0.534179688 0.152099609
vn 0.52734375 0.831542969 0.174438477
vn 0.616699219 0.777832031 0.119995117
vn 0.384033203 0.921875 0.0555419922
vn 0.904785156 0.357910156 0.230957031
vn 0.916503906 0.312988281 0.248291016
vn 0.975097656 0.208374023 0.0764770508
vn 0.803710938 0.577148438 -0.146240234
vn 0.71875 0.692382812 -0.0628662109
vn 0.720214844 0.686035156 -0.101623535
vn 0.384033203 0.921875 0.0555419922
vn 0.616699219 0.777832031 0.119995117
vn 0.630859375 0.73828125 0.237915039
vn 0.881835938 0.464111328 -0.0824584961
vn 0.87890625 0.470947266 -0.0773925781
vn 0.911132812 0.404541016 -0.0756835938
vn 0.90625 0.268310547 -0.326171875
vn 0.975097656 0.208374023 0.0764770508
vn 0.95703125 0.290283203 0.0113525391
vn 0.946777344 0.182861328 0.264892578
vn 0.904785156 0.357910156 0.230957031
vn 0.939453125 0.234985352 0.249755859
vn 0.939453125 0.234985352 0.249755859
vn 0.904785156 0.380615234 0.190551758
vn 0.946777344 0.182861328 0.264892578
vn 0.799316406 0.576660156 0.168212891
vn 0.735351562 0.42578125 0.526855469
vn 0.630859375 0.73828125 0.237915039
vn 0.863769531 0.503417969 -0.0162353516
vn 0.948242188 0.316894531 0.0255737305
vn 0.926269531 0.368164062 -0.0784301758
vn 0.643066406 0.757324219 0.115661621
vn 0.624023438 0.762207031 0.173339844
vn 0.775390625 0.615234375 0.142700195
vn 0.542480469 0.763671875 0.350585938
vn 0.591308594 0.765136719 0.254638672
vn 0.59375 0.77734375 0.207885742
vn 0.916503906 0.312988281 0.248291016
vn 0.940429688 0.194702148 0.279296875
vn 0.975097656 0.208374023 0.0764770508
vn 0.863769531 0.503417969 -0.0162353516
vn 0.775390625 0.615234375 0.142700195
vn 0.948242188 0.316894531 0.0255737305
vn 0.828613281 0.543945312 0.133422852
vn 0.616699219 0.777832031 0.119995117
vn 0.831542969 0.534179688 0.152099609
vn 0.868164062 0.443603516 -0.223510742
vn 0.87890625 0.470947266 -0.0773925781
vn 0.810546875 0.51171875 -0.284667969
vn 0.86328125 0.416015625 0.286376953
vn 0.831542969 0.534179688 0.152099609
vn 0.666015625 0.7109375 0.226318359
vn 0.948242188 0.316894531 0.0255737305
vn 0.958984375 0.276367188 0.060333252
vn 0.982910156 0.176879883 -0.0498962402
vn 0.957519531 0.241088867 -0.158813477
vn 0.982910156 0.176879883 -0.0498962402
vn 0.975097656 0.208374023 0.0764770508
vn 0.957519531 0.241088867 -0.158813477
vn 0.975097656 0.208374023 0.0764770508
vn 0.897460938 0.415527344 -0.148193359
vn 0.775390625 0.615234375 0.142700195
vn 0.863769531 0.503417969 -0.0162353516
vn 0.643066406 0.757324219 0.115661621
vn 0.828613281 0.543945312 0.133422852
vn 0.831542969 0.534179688 0.152099609
vn 0.821289062 0.464599609 0.331542969
vn 0.384033203 0.921875 0.0555419922
vn 0.449707031 0.887207031 0.1015625
vn 0.52734375 0.831542969 0.174438477
vn 0.821289062 0.464599609 0.331542969
vn 0.916503906 0.312988281 0.248291016
vn 0.904785156 0.357910156 0.230957031
vn 0.904785156 0.357910156 0.230957031
vn 0.975097656 0.208374023 0.0764770508
vn 0.939453125 0.234985352 0.249755859
vn 0.541015625 0.818359375 0.192749023
vn 0.384033203 0.921875 0.0555419922
vn 0.630859375 0.73828125 0.237915039
vn 0.6171875 0.759765625 0.204345703
vn 0.616699219 0.777832031 0.119995117
vn 0.52734375 0.831542969 0.174438477
vn 0.542480469 0.763671875 0.350585938
vn 0.666015625 0.7109375 0.226318359
vn 0.591308594 0.765136719 0.254638672
vn 0.975097656 0.208374023 0.0764770508
vn 0.977539062 0.153686523 0.144897461
vn 0.897460938 0.415527344 -0.148193359
vn 0.881835938 0.464111328 -0.0824584961
vn 0.912597656 0.395019531 -0.105041504
vn 0.87890625 0.470947266 -0.0773925781
vn 0.904785156 0.380615234 0.190551758
vn 0.735351562 0.42578125 0.526855469
vn 0.799316406 0.576660156 0.168212891
vn 0.775390625 0.615234375 0.142700195
vn 0.624023438 0.762207031 0.173339844
vn 0.796875 0.564453125 0.214111328
vn 0.982910156 0.176879883 -0.0498962402
vn 0.957519531 0.241088867 -0.158813477
vn 0.911132812 0.404541016 -0.0756835938
vn 0.911132812 0.404541016 -0.0756835938
vn 0.87890625 0.470947266 -0.0773925781
vn 0.868164062 0.443603516 -0.223510742
vn 0.948242188 0.316894531 0.0255737305
vn 0.868164062 0.443603516 -0.223510742
vn 0.926269531 0.368164062 -0.0784301758
vn 0.828613281 0.543945312 0.133422852
vn 0.946777344 0.182861328 0.264892578
vn 0.904785156 0.380615234 0.190551758
vn 0.643066406 0.757324219 0.115661621
vn 0.863769531 0.503417969 -0.0162353516
vn 0.71875 0.694824219 0.0223999023
vn 0.799316406 0.576660156 0.168212891
vn 0.828613281 0.543945312 0.133422852
vn 0.904785156 0.380615234 0.190551758
vn 0.901367188 0.387451172 0.193969727
vn 0.95703125 0.290283203 0.0113525391
vn 0.958984375 0.276367188 0.060333252
vn 0.916503906 0.312988281 0.248291016
vn 0.821289062 0.464599609 0.331542969
vn 0.86328125 0.416015625 0.286376953
vn 0.86328125 0.416015625 0.286376953
vn 0.940429688 0.194702148 0.279296875
vn 0.916503906 0.312988281 0.248291016
vn 0.926269531 0.368164062 -0.0784301758
vn 0.810546875 0.51171875 -0.284667969
vn 0.919921875 0.387695312 -0.0598449707
vn 0.55859375 0.819335938 0.126586914
vn 0.395996094 0.918457031 0.00917816162
vn 0.468994141 0.8828125 0.0218353271
vn 0.52734375 0.831542969 0.174438477
vn 0.449707031 0.887207031 0.1015625
vn 0.468994141 0.8828125 0.0218353271
vn 0.940429688 0.194702148 0.279296875
vn 0.977539062 0.153686523 0.144897461
vn 0.975097656 0.208374023 0.0764770508
vn 0.90625 0.268310547 -0.326171875
vn 0.939453125 0.234985352 0.249755859
vn 0.975097656 0.208374023 0.0764770508
vn 0.000122904778 -0.0758056641 -0.997070312
vn 0.000139594078 0.188598633 -0.981933594
vn -0.0999755859 0.162475586 -0.981445312
vn 0.000122904778 -0.0758056641 -0.997070312
vn -0.0999755859 0.162475586 -0.981445312
vn -0.227050781 0.115966797 -0.966796875
vn 0.000122904778 -0.0758056641 -0.997070312
vn -0.227050781 0.115966797 -0.966796875
vn -0.291503906 0.0175628662 -0.956542969
vn -0.999511719 -0.0205993652 0.0269927979
vn -0.987304688 -0.152587891 -0.0491638184
vn -0.996582031 0.0821533203 -0.0190124512
vn 0.000122904778 -0.0758056641 -0.997070312
vn -0.291503906 0.0175628662 -0.956542969
vn -0.310058594 -0.071105957 -0.948242188
vn 0.000122904778 -0.0758056641 -0.997070312
vn -0.310058594 -0.071105957 -0.948242188
vn -0.290771484 -0.160766602 -0.943359375
vn 0.000122904778 -0.0758056641 -0.997070312
vn -0.290771484 -0.160766602 -0.943359375
vn -0.225830078 -0.260498047 -0.938476562
vn 0.000122904778 -0.0758056641 -0.997070312
vn -0.225830078 -0.260498047 -0.938476562
vn -0.0995483398 -0.308837891 -0.945800781
vn 0.000122904778 -0.0758056641 -0.997070312
vn -0.0995483398 -0.308837891 -0.945800781
vn 0.000137329102 -0.334960938 -0.942382812
vn -0.361328125 0.641113281 -0.677246094
vn 0.0742797852 -0.0704956055 -0.994628906
vn 0.105834961 -0.104003906 -0.988769531
vn -0.244750977 0.477783203 -0.84375
vn 0.0742797852 -0.0704956055 -0.994628906
vn -0.361328125 0.641113281 -0.677246094
vn -0.467041016 0.883789062 0.0219573975
vn -0.558105469 0.819824219 0.126831055
vn -0.448242188 0.888183594 0.1015625
vn -0.919921875 0.387695312 -0.0598449707
vn -0.845214844 0.53125 -0.059753418
vn -0.803710938 0.577148438 -0.146240234
vn -0.926269531 0.368164062 -0.0784301758
vn -0.810546875 0.51171875 -0.284667969
vn -0.868164062 0.443603516 -0.223510742
vn -0.775390625 0.615234375 0.142700195
vn -0.901367188 0.387451172 0.193969727
vn -0.796875 0.564453125 0.214111328
vn -0.86328125 0.416015625 0.286376953
vn -0.831542969 0.534179688 0.152099609
vn -0.821289062 0.464599609 0.331542969
vn -0.526367188 0.83203125 0.174438477
vn -0.383789062 0.921875 0.0553283691
vn -0.616699219 0.778320312 0.119934082
vn -0.904785156 0.357910156 0.230957031
vn -0.975097656 0.208374023 0.0764770508
vn -0.916503906 0.312988281 0.248291016
vn -0.803710938 0.577148438 -0.146240234
vn -0.720214844 0.686035156 -0.101623535
vn -0.71875 0.692382812 -0.0628662109
vn -0.383789062 0.921875 0.0553283691
vn -0.630859375 0.73828125 0.237915039
vn -0.616699219 0.778320312 0.119934082
vn -0.881835938 0.464111328 -0.0824584961
vn -0.911132812 0.404541016 -0.0756835938
vn -0.87890625 0.470947266 -0.0773925781
vn -0.90625 0.268310547 -0.326171875
vn -0.95703125 0.290283203 0.0113525391
vn -0.975097656 0.208374023 0.0764770508
vn -0.946777344 0.182861328 0.264892578
vn -0.939453125 0.234985352 0.249755859
vn -0.904785156 0.357910156 0.230957031
vn -0.939453125 0.234985352 0.249755859
vn -0.946777344 0.182861328 0.264892578
vn -0.904785156 0.380615234 0.190551758
vn -0.799316406 0.576660156 0.168212891
vn -0.630859375 0.73828125 0.237915039
vn -0.735351562 0.42578125 0.526855469
vn -0.863769531 0.503417969 -0.0162353516
vn -0.926269531 0.368164062 -0.0784301758
vn -0.948242188 0.316894531 0.0255737305
vn -0.643066406 0.757324219 0.115661621
vn -0.775390625 0.615234375 0.142700195
vn -0.624023438 0.762207031 0.173339844
vn -0.541992188 0.763671875 0.350585938
vn -0.593261719 0.777832031 0.207885742
vn -0.591308594 0.765136719 0.254638672
vn -0.916503906 0.312988281 0.248291016
vn -0.975097656 0.208374023 0.0764770508
vn -0.940429688 0.194702148 0.279296875
vn -0.863769531 0.503417969 -0.0162353516
vn -0.948242188 0.316894531 0.0255737305
vn -0.775390625 0.615234375 0.142700195
vn -0.828613281 0.543945312 0.133422852
vn -0.831542969 0.534179688 0.152099609
vn -0.616699219 0.778320312 0.119934082
vn -0.868164062 0.443603516 -0.223510742
vn -0.810546875 0.51171875 -0.284667969
vn -0.87890625 0.470947266 -0.0773925781
vn -0.86328125 0.416015625 0.286376953
vn -0.666015625 0.7109375 0.226318359
vn -0.831542969 0.534179688 0.152099609
vn -0.948242188 0.316894531 0.0255737305
vn -0.982910156 0.176879883 -0.0498962402
vn -0.958984375 0.276367188 0.060333252
vn -0.957519531 0.241088867 -0.158813477
vn -0.975097656 0.208374023 0.0764770508
vn -0.982910156 0.176879883 -0.0498962402
vn -0.957519531 0.241088867 -0.158813477
vn -0.897460938 0.415527344 -0.148193359
vn -0.975097656 0.208374023 0.0764770508
vn -0.775390625 0.615234375 0.142700195
vn -0.643066406 0.757324219 0.115661621
vn -0.863769531 0.503417969 -0.0162353516
vn -0.828613281 0.543945312 0.133422852
vn -0.821289062 0.464599609 0.331542969
vn -0.831542969 0.534179688 0.152099609
vn -0.383789062 0.921875 0.0553283691
vn -0.526367188 0.83203125 0.174438477
vn -0.448242188 0.888183594 0.1015625
vn -0.821289062 0.464599609 0.331542969
vn -0.904785156 0.357910156 0.230957031
vn -0.916503906 0.312988281 0.248291016
vn -0.904785156 0.357910156 0.230957031
vn -0.939453125 0.234985352 0.249755859
vn -0.975097656 0.208374023 0.0764770508
vn -0.541015625 0.818359375 0.192749023
vn -0.630859375 0.73828125 0.237915039
vn -0.383789062 0.921875 0.0553283691
vn -0.616699219 0.760253906 0.204589844
vn -0.526367188 0.83203125 0.174438477
vn -0.616699219 0.778320312 0.119934082
vn -0.541992188 0.763671875 0.350585938
vn -0.591308594 0.765136719 0.254638672
vn -0.666015625 0.7109375 0.226318359
vn -0.975097656 0.208374023 0.0764770508
vn -0.897460938 0.415527344 -0.148193359
vn -0.977539062 0.153686523 0.144897461
vn -0.881835938 0.464111328 -0.0824584961
vn -0.87890625 0.470947266 -0.0773925781
vn -0.912597656 0.395019531 -0.105041504
vn -0.904785156 0.380615234 0.190551758
vn -0.799316406 0.576660156 0.168212891
vn -0.735351562 0.42578125 0.526855469
vn -0.775390625 0.615234375 0.142700195
vn -0.796875 0.564453125 0.214111328
vn -0.624023438 0.762207031 0.173339844
vn -0.982910156 0.176879883 -0.0498962402
vn -0.911132812 0.404541016 -0.0756835938
vn -0.957519531 0.241088867 -0.158813477
vn -0.911132812 0.404541016 -0.0756835938
vn -0.868164062 0.443603516 -0.223510742
vn -0.87890625 0.470947266 -0.0773925781
vn -0.948242188 0.316894531 0.0255737305
vn -0.926269531 0.368164062 -0.0784301758
vn -0.868164062 0.443603516 -0.223510742
vn -0.828613281 0.543945312 0.133422852
vn -0.904785156 0.380615234 0.190551758
vn -0.946777344 0.182861328 0.264892578
vn -0.643066406 0.757324219 0.115661621
vn -0.71875 0.694824219 0.0223999023
vn -0.863769531 0.503417969 -0.0162353516
vn -0.799316406 0.576660156 0.168212891
vn -0.904785156 0.380615234 0.190551758
vn -0.828613281 0.543945312 0.133422852
vn -0.901367188 0.387451172 0.193969727
vn -0.958984375 0.276367188 0.060333252
vn -0.95703125 0.290283203 0.0113525391
vn -0.916503906 0.312988281 0.248291016
vn -0.86328125 0.416015625 0.286376953
vn -0.821289062 0.464599609 0.331542969
vn -0.86328125 0.416015625 0.286376953
vn -0.916503906 0.312988281 0.248291016
vn -0.940429688 0.194702148 0.279296875
vn -0.926269531 0.368164062 -0.0784301758
vn -0.919921875 0.387695312 -0.0598449707
vn -0.810546875 0.51171875 -0.284667969
vn -0.558105469 0.819824219 0.126831055
vn -0.467041016 0.883789062 0.0219573975
vn -0.39453125 0.918945312 0.00924682617
vn -0.526367188 0.83203125 0.174438477
vn -0.467041016 0.883789062 0.0219573975
vn -0.448242188 0.888183594 0.1015625
vn -0.940429688 0.194702148 0.279296875
vn -0.975097656 0.208374023 0.0764770508
vn -0.977539062 0.153686523 0.144897461
vn -0.90625 0.268310547 -0.326171875
vn -0.975097656 0.208374023 0.0764770508
vn -0.939453125 0.234985352 0.249755859
vn 0.262939453 -0.586425781 -0.766113281
vn 0.12109375 -0.62890625 -0.768066406
vn 0.267089844 -0.767578125 -0.582519531
vn 0.414306641 -0.735351562 -0.536621094
vn -0.199707031 -0.314208984 -0.928222656
vn -0.17980957 -0.244018555 -0.953125
vn -0.657226562 -0.217285156 -0.721679688
vn -0.9375 -0.235839844 -0.255126953
vn 0.270019531 0.466552734 -0.842285156
vn 0.123657227 0.506347656 -0.853515625
vn 0.000139594078 0.188598633 -0.981933594
vn 0.100097656 0.162353516 -0.981445312
vn 0.448974609 0.780273438 -0.435302734
vn 0.220947266 0.869628906 -0.44140625
vn 0.183227539 0.748046875 -0.638183594
vn 0.377441406 0.685546875 -0.622558594
vn 0.377441406 0.685546875 -0.622558594
vn 0.183227539 0.748046875 -0.638183594
vn 0.123657227 0.506347656 -0.853515625
vn 0.270019531 0.466552734 -0.842285156
vn 0.515136719 0.318359375 -0.795898438
vn 0.270019531 0.466552734 -0.842285156
vn 0.100097656 0.162353516 -0.981445312
vn 0.227050781 0.116027832 -0.966796875
vn 0.860351562 0.415283203 -0.294921875
vn 0.448974609 0.780273438 -0.435302734
vn 0.377441406 0.685546875 -0.622558594
vn 0.747070312 0.436767578 -0.501464844
vn 0.747070312 0.436767578 -0.501464844
vn 0.377441406 0.685546875 -0.622558594
vn 0.270019531 0.466552734 -0.842285156
vn 0.515136719 0.318359375 -0.795898438
vn 0.666503906 0.14074707 -0.731933594
vn 0.515136719 0.318359375 -0.795898438
vn 0.227050781 0.116027832 -0.966796875
vn 0.291748047 0.0175933838 -0.956542969
vn 0.984863281 0.138061523 -0.105163574
vn 0.860351562 0.415283203 -0.294921875
vn 0.747070312 0.436767578 -0.501464844
vn 0.918457031 0.191650391 -0.345458984
vn 0.918457031 0.191650391 -0.345458984
vn 0.747070312 0.436767578 -0.501464844
vn 0.515136719 0.318359375 -0.795898438
vn 0.666503906 0.14074707 -0.731933594
vn 0.996582031 0.0821533203 -0.0190124512
vn 0.984863281 0.138061523 -0.105163574
vn 0.918457031 0.191650391 -0.345458984
vn 0.954101562 0.014831543 -0.299316406
vn 0.707519531 -0.0447387695 -0.705078125
vn 0.666503906 0.14074707 -0.731933594
vn 0.291748047 0.0175933838 -0.956542969
vn 0.310302734 -0.071105957 -0.948242188
vn 0.954101562 0.014831543 -0.299316406
vn 0.918457031 0.191650391 -0.345458984
vn 0.666503906 0.14074707 -0.731933594
vn 0.707519531 -0.0447387695 -0.705078125
vn 0.987304688 -0.152587891 -0.0491638184
vn 0.996582031 0.0821533203 -0.0190124512
vn 0.954101562 0.014831543 -0.299316406
vn 0.904296875 -0.215576172 -0.368652344
vn 0.659667969 -0.239501953 -0.712402344
vn 0.707519531 -0.0447387695 -0.705078125
vn 0.310302734 -0.071105957 -0.948242188
vn 0.291015625 -0.160766602 -0.943359375
vn 0.904296875 -0.215576172 -0.368652344
vn 0.954101562 0.014831543 -0.299316406
vn 0.707519531 -0.0447387695 -0.705078125
vn 0.659667969 -0.239501953 -0.712402344
vn 0.864257812 -0.498535156 0.0643920898
vn 0.999511719 -0.0205993652 0.0269927979
vn 0.987304688 -0.152587891 -0.0491638184
vn 0.837402344 -0.537597656 -0.100769043
vn 0.837402344 -0.537597656 -0.100769043
vn 0.987304688 -0.152587891 -0.0491638184
vn 0.904296875 -0.215576172 -0.368652344
vn 0.720214844 -0.520996094 -0.458251953
vn 0.50390625 -0.432128906 -0.748046875
vn 0.659667969 -0.239501953 -0.712402344
vn 0.291015625 -0.160766602 -0.943359375
vn 0.225952148 -0.260498047 -0.938476562
vn 0.720214844 -0.520996094 -0.458251953
vn 0.904296875 -0.215576172 -0.368652344
vn 0.659667969 -0.239501953 -0.712402344
vn 0.50390625 -0.432128906 -0.748046875
vn 0.518066406 -0.8515625 0.0821533203
vn 0.864257812 -0.498535156 0.0643920898
vn 0.837402344 -0.537597656 -0.100769043
vn 0.514160156 -0.845214844 -0.146606445
vn 0.262939453 -0.586425781 -0.766113281
vn 0.50390625 -0.432128906 -0.748046875
vn 0.225952148 -0.260498047 -0.938476562
vn 0.099609375 -0.308837891 -0.945800781
vn 0.514160156 -0.845214844 -0.146606445
vn 0.837402344 -0.537597656 -0.100769043
vn 0.720214844 -0.520996094 -0.458251953
vn 0.414306641 -0.735351562 -0.536621094
vn 0.414306641 -0.735351562 -0.536621094
vn 0.720214844 -0.520996094 -0.458251953
vn 0.50390625 -0.432128906 -0.748046875
vn 0.262939453 -0.586425781 -0.766113281
vn 0.363525391 -0.927734375 0.0822143555
vn 0.518066406 -0.8515625 0.0821533203
vn 0.514160156 -0.845214844 -0.146606445
vn 0.377685547 -0.884277344 -0.274902344
vn 0.414306641 -0.735351562 -0.536621094
vn 0.267089844 -0.767578125 -0.582519531
vn 0.377685547 -0.884277344 -0.274902344
vn 0.514160156 -0.845214844 -0.146606445
vn 0.262939453 -0.586425781 -0.766113281
vn 0.099609375 -0.308837891 -0.945800781
vn 0.000137329102 -0.334960938 -0.942382812
vn 0.12109375 -0.62890625 -0.768066406
vn 0.515625 -0.855957031 0.0433044434
vn 0.326416016 -0.943847656 0.054107666
vn 0.255371094 -0.922363281 -0.290283203
vn 0.5703125 -0.795898438 -0.203369141
vn 0.952636719 0.303955078 0.0137634277
vn 0.596679688 0.629882812 -0.497070312
vn 0.733398438 0.195800781 -0.650878906
vn 0.987304688 0.111206055 -0.114929199
vn 0.976074219 -0.217895508 -0.00979614258
vn 0.875488281 -0.482421875 0.0267333984
vn 0.854003906 -0.511230469 -0.0944824219
vn 0.537109375 -0.80859375 -0.239501953
vn 0.875488281 -0.482421875 0.0267333984
vn 0.515625 -0.855957031 0.0433044434
vn 0.5703125 -0.795898438 -0.203369141
vn 0.854003906 -0.511230469 -0.0944824219
vn -1 0 0
vn -1 0 0
vn -1 0 0
vn -1 0 0
vn 0.860351562 0.415283203 -0.294921875
vn 0.852050781 0.448730469 -0.268798828
vn 0.361328125 0.641113281 -0.677246094
vn 0.448974609 0.780273438 -0.435302734
vn -1 4.02331352E-05 0.000521183014
vn -1 0 0
vn -1 0 0
vn -1 3.95178795E-05 0.000512123108
vn -1 0 0
vn -1 0 0
vn -1 0 0
vn -1 0 0
vn -1 0 0
vn -1 0 0
vn -1 0 0
vn -1 0 0
vn 0.537109375 -0.80859375 -0.239501953
vn 0.506347656 -0.731933594 -0.456298828
vn -0.0530700684 -0.850097656 -0.523925781
vn -0.108825684 -0.9296875 -0.352050781
vn -0.876953125 -0.247436523 -0.411621094
vn -0.657226562 -0.217285156 -0.721679688
vn -0.17980957 -0.244018555 -0.953125
vn -0.178466797 -0.418701172 -0.890625
vn 0.255371094 -0.922363281 -0.290283203
vn 0.147460938 -0.379394531 -0.913574219
vn 0.283203125 -0.286621094 -0.915039062
vn 0.5703125 -0.795898438 -0.203369141
vn -1 0 0
vn -1 0 0
vn -1 0 0
vn -1 0 0
vn -1 0 0
vn -1 0 0
vn -1 0 0
vn -1 0 0
vn 0.5703125 -0.795898438 -0.203369141
vn 0.283203125 -0.286621094 -0.915039062
vn 0.419433594 -0.444091797 -0.791503906
vn 0.854003906 -0.511230469 -0.0944824219
vn -1 8.36849213E-05 0.00108528137
vn -1 4.02331352E-05 0.000521183014
vn -1 3.95178795E-05 0.000512123108
vn -1 8.36849213E-05 0.00108528137
vn -1 0 0
vn -1 0 0
vn -1 0 0
vn -1 0 0
vn -1 0 0
vn -1 0 0
vn -1 0 0
vn -1 0 0
vn -1 0 0
vn -1 0 0
vn -1 0 0
vn -1 0 0
vn 0.537109375 -0.80859375 -0.239501953
vn -0.108825684 -0.9296875 -0.352050781
vn -0.179443359 -0.904296875 -0.386962891
vn -0.180908203 -0.898925781 -0.399414062
vn 0.419433594 -0.444091797 -0.791503906
vn 0.005443573 -0.54296875 -0.83984375
vn -0.0530700684 -0.850097656 -0.523925781
vn 0.506347656 -0.731933594 -0.456298828
vn 0.283203125 -0.286621094 -0.915039062
vn 0.0737915039 0.0844726562 -0.993652344
vn 0.005443573 -0.54296875 -0.83984375
vn 0.419433594 -0.444091797 -0.791503906
vn 0.147460938 -0.379394531 -0.913574219
vn 0.069519043 0.0429992676 -0.996582031
vn 0.0737915039 0.0844726562 -0.993652344
vn 0.283203125 -0.286621094 -0.915039062
vn -0.935546875 0.353027344 0.0199432373
vn -0.899902344 0.406982422 0.158203125
vn -0.863769531 0.476074219 0.165771484
vn -0.841308594 0.53515625 0.079284668
vn -0.966796875 0.255126953 0.0255432129
vn -0.475341797 0.746582031 0.465576172
vn -0.8671875 0.497070312 -0.0308837891
vn -0.876953125 -0.247436523 -0.411621094
vn -0.576171875 0.795410156 0.187255859
vn -0.19128418 0.779296875 0.596679688
vn -0.265136719 0.923339844 0.277832031
vn -0.528808594 0.845214844 -0.0791015625
vn -0.337890625 0.936523438 -0.0924682617
vn -0.870117188 0.482910156 -0.0965576172
vn -0.51953125 0.844238281 -0.13269043
vn -0.299560547 0.946777344 -0.118469238
vn -0.505859375 0.857910156 0.0870361328
vn -0.293945312 0.939941406 0.174804688
vn -0.862792969 0.499267578 0.0805053711
vn -0.984375 0.166381836 0.0547180176
vn -0.495849609 0.7109375 0.498291016
vn -0.317138672 0.78125 0.537597656
vn -0.763183594 0.466796875 0.446777344
vn -0.363525391 0.42578125 0.828613281
vn -0.240234375 0.536132812 0.809082031
vn -0.0673217773 0.227416992 0.971679688
vn -0.994140625 -0.103820801 0.0208435059
vn -0.657226562 -0.217285156 -0.721679688
vn -0.9375 -0.235839844 -0.255126953
vn -0.899414062 0.220092773 0.376953125
vn -0.579101562 0.366210938 0.728515625
vn -0.141113281 0.212280273 0.966796875
vn -0.0665893555 0.0756225586 0.995117188
vn -0.265380859 0.207641602 0.94140625
vn -0.658691406 0.239990234 0.712890625
vn -0.293212891 0.160888672 0.942382812
vn -0.954101562 -0.0274963379 0.297851562
vn -0.312255859 0.0715942383 0.947265625
vn -0.706542969 0.0465087891 0.706054688
vn -0.293457031 -0.0171203613 0.955566406
vn -0.665039062 -0.138671875 0.733886719
vn -0.924316406 -0.213623047 0.315917969
vn -0.228515625 -0.114746094 0.966796875
vn -0.102844238 -0.164672852 0.980957031
vn -0.0564880371 -0.186767578 0.980957031
vn -0.514648438 -0.317626953 0.796386719
vn -0.279785156 -0.455322266 0.845214844
vn -0.146606445 -0.485351562 0.861816406
vn -0.979003906 -0.182006836 0.0903930664
vn -0.766113281 -0.461181641 0.447998047
vn -0.4609375 -0.641601562 0.612792969
vn -0.255615234 -0.646972656 0.718261719
vn -0.867675781 -0.448974609 -0.212768555
vn -0.983398438 -0.14831543 0.103149414
vn -0.784667969 -0.61328125 -0.08984375
vn -0.878417969 -0.423828125 0.220947266
vn -0.857421875 -0.452880859 0.243652344
vn -0.488037109 -0.788085938 0.375244141
vn -0.334960938 -0.859375 0.38671875
vn -0.579589844 -0.783691406 0.22265625
vn -0.328125 -0.939941406 0.0947875977
vn -0.180908203 -0.898925781 -0.399414062
vn -0.179443359 -0.904296875 -0.386962891
vn -0.876953125 -0.247436523 -0.411621094
vn -0.178466797 -0.418701172 -0.890625
vn -0.157470703 -0.503417969 -0.849609375
vn -0.867675781 -0.448974609 -0.212768555
vn -0.0742797852 -0.0704956055 -0.994628906
vn -0.105834961 -0.104003906 -0.988769531
vn 0.854003906 -0.511230469 -0.0944824219
vn 0.419433594 -0.444091797 -0.791503906
vn 0.506347656 -0.731933594 -0.456298828
vn 0.537109375 -0.80859375 -0.239501953
vn -1 0 0
vn -1 0 0
vn -1 0 0
vn -1 0 0
vn 0.361328125 0.641113281 -0.677246094
vn 0.244750977 0.477783203 -0.84375
vn 0.155395508 0.598144531 -0.786132812
vn 0.198852539 0.769042969 -0.607910156
vn 0.326416016 -0.943847656 0.054107666
vn 0.515625 -0.855957031 0.0433044434
vn 0.518066406 -0.8515625 0.0821533203
vn 0.363525391 -0.927734375 0.0822143555
vn 0.515625 -0.855957031 0.0433044434
vn 0.875488281 -0.482421875 0.0267333984
vn 0.864257812 -0.498535156 0.0643920898
vn 0.518066406 -0.8515625 0.0821533203
vn 0.875488281 -0.482421875 0.0267333984
vn 0.976074219 -0.217895508 -0.00979614258
vn 0.999511719 -0.0205993652 0.0269927979
vn 0.864257812 -0.498535156 0.0643920898
vn 0.448974609 0.780273438 -0.435302734
vn 0.361328125 0.641113281 -0.677246094
vn 0.198852539 0.769042969 -0.607910156
vn 0.220947266 0.869628906 -0.44140625
vn -0.803222656 -0.577148438 0.146484375
vn -0.720214844 -0.686035156 0.1015625
vn -0.71875 -0.692382812 0.0628051758
vn -0.845703125 -0.530273438 0.0595092773
vn -0.728027344 -0.680175781 0.087097168
vn -0.716796875 -0.696777344 -0.0241088867
vn -0.920410156 -0.387695312 0.0552368164
vn -0.862792969 -0.505859375 0.0143432617
vn -0.645996094 -0.754882812 -0.115356445
vn -0.926757812 -0.368164062 0.0771484375
vn -0.816894531 -0.504394531 0.279785156
vn -0.778808594 -0.611328125 -0.142089844
vn -0.626953125 -0.759765625 -0.173461914
vn -0.791992188 -0.57421875 -0.208129883
vn -0.904296875 -0.384277344 -0.185546875
vn -0.948242188 -0.316162109 -0.0261688232
vn -0.958496094 -0.277832031 -0.065246582
vn -0.594726562 -0.530273438 0.604003906
vn -0.870605469 -0.440917969 0.218261719
vn -0.982910156 -0.177490234 0.0484313965
vn -0.974609375 -0.206665039 -0.0856323242
vn -0.75 -0.401855469 0.525390625
vn -0.926269531 -0.235351562 -0.293945312
vn -0.878417969 -0.470458984 0.0818481445
vn -0.922851562 -0.360839844 0.133422852
vn -0.9140625 -0.389160156 0.112121582
vn -0.882324219 -0.463378906 0.08203125
vn -0.911132812 -0.405029297 0.0785522461
vn -0.900390625 -0.409912109 0.144897461
vn -0.95703125 -0.246582031 0.153076172
vn -0.977050781 -0.157592773 -0.143066406
vn -0.937988281 -0.197143555 -0.28515625
vn -0.915039062 -0.314453125 -0.252929688
vn -0.856445312 -0.120605469 0.501464844
vn -0.911621094 -0.335205078 -0.23828125
vn -0.834472656 -0.452148438 -0.315185547
vn -0.9453125 -0.174072266 -0.275390625
vn -0.826660156 -0.537109375 -0.167602539
vn -0.709472656 -0.453369141 0.540039062
vn -0.590820312 -0.799804688 -0.107116699
vn -0.83203125 -0.537597656 -0.136230469
vn -0.910644531 -0.370849609 -0.182128906
vn -0.712890625 -0.443115234 -0.543457031
vn -0.748535156 -0.32421875 -0.578613281
vn -0.803710938 -0.569824219 -0.170898438
vn -0.628417969 -0.749023438 -0.210083008
vn -0.530761719 -0.827148438 -0.185058594
vn -0.611328125 -0.737792969 -0.285888672
vn -0.336669922 -0.94140625 -0.0201873779
vn -0.354248047 -0.935058594 -0.0221099854
vn -0.497558594 -0.857421875 -0.132202148
vn -0.359130859 -0.933105469 -0.0237579346
vn -0.348388672 -0.933105469 -0.0885009766
vn -0.451660156 -0.877441406 -0.160400391
vn -0.547851562 -0.80859375 -0.215576172
vn -0.532714844 -0.821289062 -0.203979492
vn -0.5546875 -0.792480469 -0.252929688
vn -0.522949219 -0.778808594 -0.346435547
vn 0.984863281 0.138061523 -0.105163574
vn 0.987304688 0.111206055 -0.114929199
vn 0.852050781 0.448730469 -0.268798828
vn 0.860351562 0.415283203 -0.294921875
vn 0.999511719 -0.0205993652 0.0269927979
vn 0.980957031 0.148681641 0.124023438
vn 0.952636719 0.303955078 0.0137634277
vn 0.996582031 0.0821533203 -0.0190124512
vn 0.996582031 0.0821533203 -0.0190124512
vn 0.952636719 0.303955078 0.0137634277
vn 0.987304688 0.111206055 -0.114929199
vn 0.984863281 0.138061523 -0.105163574
vn 0.029586792 0.25 -0.967773438
vn 0.029586792 0.25 -0.967773438
vn 0.733398438 0.195800781 -0.650878906
vn 0.596679688 0.629882812 -0.497070312
vn -0.157470703 -0.503417969 -0.849609375
vn -0.216918945 -0.932128906 -0.290283203
vn -0.784667969 -0.61328125 -0.08984375
vn -0.867675781 -0.448974609 -0.212768555
vn 0.291992188 0.939941406 0.177978516
vn 0.291992188 0.939941406 0.177978516
vn 0.596679688 0.629882812 -0.497070312
vn 0.952636719 0.303955078 0.0137634277
vn 0.720214844 0.686035156 -0.101623535
vn 0.728515625 0.679199219 -0.0877685547
vn 0.845214844 0.53125 -0.059753418
vn 0.803710938 0.577148438 -0.146240234
vn 0.828613281 0.543945312 0.133422852
vn 0.799316406 0.576660156 0.168212891
vn 0.630859375 0.73828125 0.237915039
vn 0.616699219 0.777832031 0.119995117
vn 0.958984375 0.276367188 0.060333252
vn 0.948242188 0.316894531 0.0255737305
vn 0.775390625 0.615234375 0.142700195
vn 0.901367188 0.387451172 0.193969727
vn 0.919921875 0.387695312 -0.0598449707
vn 0.845214844 0.53125 -0.059753418
vn 0.863769531 0.503417969 -0.0162353516
vn 0.926269531 0.368164062 -0.0784301758
vn 0.922363281 0.365234375 -0.126220703
vn 0.810546875 0.51171875 -0.284667969
vn 0.87890625 0.470947266 -0.0773925781
vn 0.912597656 0.395019531 -0.105041504
vn 0.897460938 0.415527344 -0.148193359
vn 0.881835938 0.464111328 -0.0824584961
vn 0.911132812 0.404541016 -0.0756835938
vn 0.957519531 0.241088867 -0.158813477
vn 0.735351562 0.42578125 0.526855469
vn 0.634765625 0.723632812 0.271484375
vn 0.541015625 0.818359375 0.192749023
vn 0.630859375 0.73828125 0.237915039
vn 0.71875 0.694824219 0.0223999023
vn 0.863769531 0.503417969 -0.0162353516
vn 0.845214844 0.53125 -0.059753418
vn 0.728515625 0.679199219 -0.0877685547
vn 0.821289062 0.464599609 0.331542969
vn 0.904785156 0.357910156 0.230957031
vn 0.946777344 0.182861328 0.264892578
vn 0.828613281 0.543945312 0.133422852
vn 0.616699219 0.777832031 0.119995117
vn 0.6171875 0.759765625 0.204345703
vn 0.59375 0.77734375 0.207885742
vn 0.591308594 0.765136719 0.254638672
vn 0.868164062 0.443603516 -0.223510742
vn 0.948242188 0.316894531 0.0255737305
vn 0.982910156 0.176879883 -0.0498962402
vn 0.911132812 0.404541016 -0.0756835938
vn 0.982910156 0.176879883 -0.0498962402
vn 0.958984375 0.276367188 0.060333252
vn 0.95703125 0.290283203 0.0113525391
vn 0.975097656 0.208374023 0.0764770508
vn 0.616699219 0.777832031 0.119995117
vn 0.591308594 0.765136719 0.254638672
vn 0.666015625 0.7109375 0.226318359
vn 0.831542969 0.534179688 0.152099609
vn 0.735351562 0.42578125 0.526855469
vn 0.904785156 0.380615234 0.190551758
vn 0.939453125 0.234985352 0.249755859
vn 0.726074219 0.329833984 0.603515625
vn 0.541015625 0.818359375 0.192749023
vn 0.634765625 0.723632812 0.271484375
vn 0.395996094 0.918457031 0.00917816162
vn 0.55859375 0.819335938 0.126586914
vn 0.55859375 0.819335938 0.126586914
vn 0.449707031 0.887207031 0.1015625
vn 0.384033203 0.921875 0.0555419922
vn 0.541015625 0.818359375 0.192749023
vn 0.690917969 -0.71875 0.0746459961
vn 0.69140625 -0.71875 0.0765991211
vn 0.693847656 -0.7109375 0.114562988
vn 0.693847656 -0.7109375 0.114562988
vn -0.311035156 0.796386719 0.519042969
vn -0.306152344 0.791992188 0.528320312
vn -0.380126953 0.890136719 0.251953125
vn -0.380126953 0.890136719 0.251220703
vn -0.511230469 0.708984375 -0.486083984
vn -0.370117188 0.713378906 -0.594726562
vn 0.292236328 0.463134766 -0.836914062
vn 0.271728516 0.478271484 -0.834960938
vn 0.366455078 -0.520996094 -0.770996094
vn 0.404785156 -0.4375 -0.803222656
vn 0.218994141 -0.755859375 -0.6171875
vn 0.218994141 -0.755859375 -0.6171875
vn -0.254638672 0.755859375 0.603027344
vn -0.254394531 0.761230469 0.596191406
vn -0.21484375 0.258544922 0.941894531
vn -0.856445312 -0.120605469 0.501464844
vn 0.516113281 0.0651855469 -0.854003906
vn 0.516113281 0.0662231445 -0.854003906
vn 0.404785156 -0.4375 -0.803222656
vn 0.366455078 -0.520996094 -0.770996094
vn 0.748046875 -0.584472656 -0.313720703
vn 0.748046875 -0.584472656 -0.313720703
vn 0.745605469 -0.645019531 -0.166259766
vn 0.745605469 -0.645507812 -0.165039062
vn -0.821289062 0.421875 -0.384521484
vn -0.822265625 0.445068359 -0.354248047
vn -0.370117188 0.713378906 -0.594726562
vn -0.511230469 0.708984375 -0.486083984
vn 0.707519531 -0.705566406 0.033416748
vn 0.708496094 -0.705078125 0.0315856934
vn 0.688964844 -0.72265625 0.0573730469
vn 0.688964844 -0.72265625 0.0575866699
vn 0.271728516 0.478271484 -0.834960938
vn 0.292236328 0.463134766 -0.836914062
vn 0.516113281 0.0662231445 -0.854003906
vn 0.516113281 0.0651855469 -0.854003906
vn -0.280273438 0.288818359 -0.915527344
vn -0.279785156 0.288085938 -0.916015625
vn -0.265625 0.263183594 -0.927246094
vn -0.265625 0.263183594 -0.927246094
vn -0.286621094 -0.124938965 0.949707031
vn -0.287353516 -0.122314453 0.950195312
vn -0.248168945 -0.263671875 0.932128906
vn -0.248168945 -0.263671875 0.932128906
vn 0.0520324707 -0.328369141 0.943359375
vn 0.0491027832 -0.325683594 0.944335938
vn 0.215942383 -0.464599609 0.858886719
vn 0.215942383 -0.464599609 0.858886719
vn 0.688964844 -0.72265625 0.0575866699
vn 0.688964844 -0.72265625 0.0573730469
vn 0.69140625 -0.71875 0.0765991211
vn 0.690917969 -0.71875 0.0746459961
vn 0.0188903809 -0.279052734 0.959960938
vn 0.0191955566 -0.279296875 0.959960938
vn 0.0491027832 -0.325683594 0.944335938
vn 0.0520324707 -0.328369141 0.943359375
vn -0.318359375 0.934082031 -0.161865234
vn -0.314697266 0.932617188 -0.176635742
vn -0.21887207 0.955078125 -0.200927734
vn -0.218383789 0.956054688 -0.195556641
vn -0.321044922 0.317138672 -0.892578125
vn -0.320800781 0.316894531 -0.892578125
vn -0.324951172 0.366455078 -0.872070312
vn -0.325195312 0.366699219 -0.871582031
vn -1 0 0
vn -1 0 0
vn -1 0 0
vn -1 0 0
vn 0.745605469 -0.645507812 -0.165039062
vn 0.745605469 -0.645019531 -0.166259766
vn 0.708496094 -0.705078125 0.0315856934
vn 0.707519531 -0.705566406 0.033416748
vn -0.594726562 -0.530273438 0.604003906
vn 0.253417969 -0.437011719 0.862792969
vn 0.0191955566 -0.279296875 0.959960938
vn 0.0188903809 -0.279052734 0.959960938
vn -0.380126953 0.890136719 0.251220703
vn -0.380126953 0.890136719 0.251953125
vn -0.314697266 0.932617188 -0.176635742
vn -0.318359375 0.934082031 -0.161865234
vn -1 0 0
vn -1 0 0
vn -1 0 0
vn -1 0 0
vn -0.75 -0.401855469 0.525390625
vn 0.345214844 -0.488037109 0.801757812
vn 0.253417969 -0.437011719 0.862792969
vn -0.594726562 -0.530273438 0.604003906
vn -0.229248047 0.71875 0.656738281
vn -0.229248047 0.71875 0.656738281
vn -0.306152344 0.791992188 0.528320312
vn -0.311035156 0.796386719 0.519042969
vn -0.218383789 0.956054688 -0.195556641
vn -0.21887207 0.955078125 -0.200927734
vn -0.254394531 0.761230469 0.596191406
vn -0.254638672 0.755859375 0.603027344
vn -0.325195312 0.366699219 -0.871582031
vn -0.324951172 0.366455078 -0.872070312
vn -0.279785156 0.288085938 -0.916015625
vn -0.280273438 0.288818359 -0.915527344
vn -0.779296875 0.243041992 -0.578125
vn -0.779296875 0.243041992 -0.578125
vn -0.822265625 0.445068359 -0.354248047
vn -0.821289062 0.421875 -0.384521484
vn -1 0 0
vn -1 0 0
vn -1 0 0
vn -1 0 0
vn -0.282714844 0.211181641 -0.935546875
vn -0.282714844 0.211181641 -0.935546875
vn -0.320800781 0.316894531 -0.892578125
vn -0.321044922 0.317138672 -0.892578125
vn -0.709472656 -0.453369141 0.540039062
vn -0.260498047 0.126831055 0.95703125
vn -0.287353516 -0.122314453 0.950195312
vn -0.286621094 -0.124938965 0.949707031
vn -0.856445312 -0.120605469 0.501464844
vn -0.21484375 0.258544922 0.941894531
vn -0.260498047 0.126831055 0.95703125
vn -0.709472656 -0.453369141 0.540039062
vn -1 0.000987052917 0.00122261047
vn -1 0.000987052917 0.00122261047
vn -1 0.000662326813 0.00118541718
vn -1 0.000440597534 0.00115966797
vn -1 0.000242352486 0.000941753387
vn -1 0.000414609909 0.000751495361
vn -1 0.000195860863 0.00148105621
vn -1 0.000344991684 0.00112724304
vn -1 -0.000195622444 0.00183010101
vn -1 -0.000238656998 0.00175476074
vn -1 -0.000446557999 0.00123691559
vn -1 -0.000459671021 0.00118732452
vn -1 -0.000528812408 0.000929832458
vn -1 -0.000528812408 0.000929832458
vn -0.779785156 -0.624511719 -0.047088623
vn -0.233154297 -0.804199219 -0.546386719
vn -0.233154297 -0.804199219 -0.546386719
vn -0.233154297 -0.804199219 -0.546386719
vn -0.876464844 -0.398193359 -0.270507812
vn -1 0 0
vn -0.906738281 -0.117858887 0.405273438
vn -0.362792969 -0.369384766 0.85546875
vn -1 0 0
vn -0.359619141 -0.257568359 0.896972656
vn -0 -0.396484375 0.91796875
vn -0.909667969 -0.0350036621 0.413818359
vn -0.908691406 0.00965118408 0.416992188
vn -1 0 0
vn -0.359375 -0.0877075195 0.929199219
vn -0 -0.276855469 0.9609375
vn -0.91015625 0.0880737305 0.405029297
vn -1 0 0
vn -1 0 0
vn -0.358154297 0.0370788574 0.933105469
vn -0.928710938 0.166259766 0.331787109
vn -0.859375 0.439453125 -0.261474609
vn 0.359619141 -0.257568359 0.896972656
vn 0.362792969 -0.369384766 0.85546875
vn -0 -0.091003418 0.99609375
vn -0.378173828 0.24621582 0.892578125
vn -0.770996094 0.629394531 -0.095703125
vn -0.235961914 0.834960938 -0.496826172
vn -0.235961914 0.834960938 -0.496826172
vn -0.464111328 0.833984375 0.297851562
vn -0.403076172 0.426025391 0.810058594
vn -0 0.0355834961 0.999511719
vn 0.359375 -0.0877075195 0.929199219
vn -0 0.461181641 0.887207031
vn -0 0.520019531 0.854492188
vn 0.463867188 0.834472656 0.297851562
vn -0 0.253173828 0.967285156
vn 0.358154297 0.0370788574 0.933105469
vn 0.403076172 0.426025391 0.810058594
vn 0.378173828 0.24621582 0.892578125
vn 0.770996094 0.629394531 -0.0958862305
vn 0.235473633 0.834960938 -0.497314453
vn 0.235473633 0.834960938 -0.497314453
vn 0.858886719 0.439697266 -0.261962891
vn 0.928710938 0.166259766 0.331787109
vn 1 0 0
vn 0.91015625 0.0880737305 0.405029297
vn 1 0 0
vn 1 0 0
vn 0.908691406 0.00965118408 0.416992188
vn 1 0 0
vn 0.909667969 -0.0350036621 0.413818359
vn 0.906738281 -0.117858887 0.405273438
vn 1 0 0
vn 0.779785156 -0.624511719 -0.0472717285
vn 0.876464844 -0.3984375 -0.270751953
vn 0.232666016 -0.804199219 -0.546875
vn 0.232666016 -0.804199219 -0.546875
vn 0.232666016 -0.804199219 -0.546875
vn 0.457275391 0.426757812 -0.780273438
vn 0.478759766 0.521972656 -0.706054688
vn 0.478759766 0.521972656 -0.706054688
vn 0.447265625 0.389892578 -0.8046875
vn 0.409912109 0.161254883 -0.897949219
vn 0.408935547 0.147583008 -0.900390625
vn 0.395263672 -0.0684814453 -0.916015625
vn 0.395263672 -0.071105957 -0.916015625
vn 0.395263672 -0.202148438 -0.895996094
vn 0.394775391 -0.198120117 -0.896972656
vn 0.471191406 -0.467285156 -0.748046875
vn 0.454589844 -0.408691406 -0.791503906
vn 0.501953125 -0.607910156 -0.615234375
vn 0.501953125 -0.607910156 -0.615234375
vn -0.262939453 -0.586425781 -0.766113281
vn -0.4140625 -0.735351562 -0.536621094
vn -0.266845703 -0.767578125 -0.582519531
vn -0.120788574 -0.62890625 -0.768066406
vn 0.199707031 -0.314208984 -0.928222656
vn 0.9375 -0.235839844 -0.255126953
vn 0.657226562 -0.217285156 -0.721679688
vn 0.17980957 -0.244018555 -0.953125
vn -0.269775391 0.466552734 -0.842285156
vn -0.0999755859 0.162475586 -0.981445312
vn 0.000139594078 0.188598633 -0.981933594
vn -0.123352051 0.506347656 -0.853515625
vn -0.448974609 0.780273438 -0.435302734
vn -0.377197266 0.686035156 -0.622558594
vn -0.182861328 0.748046875 -0.638183594
vn -0.220581055 0.869628906 -0.44140625
vn -0.377197266 0.686035156 -0.622558594
vn -0.269775391 0.466552734 -0.842285156
vn -0.123352051 0.506347656 -0.853515625
vn -0.182861328 0.748046875 -0.638183594
vn -0.515136719 0.318359375 -0.795898438
vn -0.227050781 0.115966797 -0.966796875
vn -0.0999755859 0.162475586 -0.981445312
vn -0.269775391 0.466552734 -0.842285156
vn -0.860351562 0.415283203 -0.294921875
vn -0.747070312 0.436767578 -0.501464844
vn -0.377197266 0.686035156 -0.622558594
vn -0.448974609 0.780273438 -0.435302734
vn -0.747070312 0.436767578 -0.501464844
vn -0.515136719 0.318359375 -0.795898438
vn -0.269775391 0.466552734 -0.842285156
vn -0.377197266 0.686035156 -0.622558594
vn -0.666503906 0.14074707 -0.731933594
vn -0.291503906 0.0175628662 -0.956542969
vn -0.227050781 0.115966797 -0.966796875
vn -0.515136719 0.318359375 -0.795898438
vn -0.984863281 0.138061523 -0.105163574
vn -0.918457031 0.191650391 -0.345458984
vn -0.747070312 0.436767578 -0.501464844
vn -0.860351562 0.415283203 -0.294921875
vn -0.918457031 0.191650391 -0.345458984
vn -0.666503906 0.14074707 -0.731933594
vn -0.515136719 0.318359375 -0.795898438
vn -0.747070312 0.436767578 -0.501464844
vn -0.996582031 0.0821533203 -0.0190124512
vn -0.954101562 0.014831543 -0.299072266
vn -0.918457031 0.191650391 -0.345458984
vn -0.984863281 0.138061523 -0.105163574
vn -0.707519531 -0.0447387695 -0.705078125
vn -0.310058594 -0.071105957 -0.948242188
vn -0.291503906 0.0175628662 -0.956542969
vn -0.666503906 0.14074707 -0.731933594
vn -0.954101562 0.014831543 -0.299072266
vn -0.707519531 -0.0447387695 -0.705078125
vn -0.666503906 0.14074707 -0.731933594
vn -0.918457031 0.191650391 -0.345458984
vn -0.987304688 -0.152587891 -0.0491638184
vn -0.904296875 -0.215576172 -0.368652344
vn -0.954101562 0.014831543 -0.299072266
vn -0.996582031 0.0821533203 -0.0190124512
vn -0.659667969 -0.239501953 -0.712402344
vn -0.290771484 -0.160766602 -0.943359375
vn -0.310058594 -0.071105957 -0.948242188
vn -0.707519531 -0.0447387695 -0.705078125
vn -0.904296875 -0.215576172 -0.368652344
vn -0.659667969 -0.239501953 -0.712402344
vn -0.707519531 -0.0447387695 -0.705078125
vn -0.954101562 0.014831543 -0.299072266
vn -0.864257812 -0.498535156 0.0643920898
vn -0.837402344 -0.537597656 -0.100769043
vn -0.987304688 -0.152587891 -0.0491638184
vn -0.999511719 -0.0205993652 0.0269927979
vn -0.837402344 -0.537597656 -0.100769043
vn -0.720214844 -0.520996094 -0.458251953
vn -0.904296875 -0.215576172 -0.368652344
vn -0.987304688 -0.152587891 -0.0491638184
vn -0.50390625 -0.432128906 -0.748046875
vn -0.225830078 -0.260498047 -0.938476562
vn -0.290771484 -0.160766602 -0.943359375
vn -0.659667969 -0.239501953 -0.712402344
vn -0.720214844 -0.520996094 -0.458251953
vn -0.50390625 -0.432128906 -0.748046875
vn -0.659667969 -0.239501953 -0.712402344
vn -0.904296875 -0.215576172 -0.368652344
vn -0.517578125 -0.8515625 0.0822143555
vn -0.513671875 -0.845214844 -0.146606445
vn -0.837402344 -0.537597656 -0.100769043
vn -0.864257812 -0.498535156 0.0643920898
vn -0.262939453 -0.586425781 -0.766113281
vn -0.0995483398 -0.308837891 -0.945800781
vn -0.225830078 -0.260498047 -0.938476562
vn -0.50390625 -0.432128906 -0.748046875
vn -0.513671875 -0.845214844 -0.146606445
vn -0.4140625 -0.735351562 -0.536621094
vn -0.720214844 -0.520996094 -0.458251953
vn -0.837402344 -0.537597656 -0.100769043
vn -0.4140625 -0.735351562 -0.536621094
vn -0.262939453 -0.586425781 -0.766113281
vn -0.50390625 -0.432128906 -0.748046875
vn -0.720214844 -0.520996094 -0.458251953
vn -0.363037109 -0.928222656 0.0822143555
vn -0.377197266 -0.884277344 -0.274902344
vn -0.513671875 -0.845214844 -0.146606445
vn -0.517578125 -0.8515625 0.0822143555
vn -0.4140625 -0.735351562 -0.536621094
vn -0.513671875 -0.845214844 -0.146606445
vn -0.377197266 -0.884277344 -0.274902344
vn -0.266845703 -0.767578125 -0.582519531
vn -0.262939453 -0.586425781 -0.766113281
vn -0.120788574 -0.62890625 -0.768066406
vn 0.000137329102 -0.334960938 -0.942382812
vn -0.0995483398 -0.308837891 -0.945800781
vn -0.515136719 -0.855957031 0.0433044434
vn -0.5703125 -0.795898438 -0.203369141
vn -0.254882812 -0.922363281 -0.290527344
vn -0.325927734 -0.943847656 0.054107666
vn -0.952636719 0.303955078 0.0137634277
vn -0.987304688 0.111206055 -0.114929199
vn -0.733398438 0.195800781 -0.650878906
vn -0.596679688 0.629882812 -0.497070312
vn -0.976074219 -0.217895508 -0.00979614258
vn -0.537109375 -0.80859375 -0.239501953
vn -0.854003906 -0.511230469 -0.0944824219
vn -0.875488281 -0.482421875 0.0267333984
vn -0.875488281 -0.482421875 0.0267333984
vn -0.854003906 -0.511230469 -0.0944824219
vn -0.5703125 -0.795898438 -0.203369141
vn -0.515136719 -0.855957031 0.0433044434
vn -0.860351562 0.415283203 -0.294921875
vn -0.448974609 0.780273438 -0.435302734
vn -0.361328125 0.641113281 -0.677246094
vn -0.852050781 0.448730469 -0.268798828
vn -0.537109375 -0.80859375 -0.239501953
vn 0.108825684 -0.9296875 -0.352050781
vn 0.0530700684 -0.850097656 -0.523925781
vn -0.506347656 -0.731933594 -0.456298828
vn 0.876953125 -0.247436523 -0.411621094
vn 0.178466797 -0.418701172 -0.890625
vn 0.17980957 -0.244018555 -0.953125
vn 0.657226562 -0.217285156 -0.721679688
vn -0.254882812 -0.922363281 -0.290527344
vn -0.5703125 -0.795898438 -0.203369141
vn -0.282958984 -0.286621094 -0.915527344
vn -0.147216797 -0.379638672 -0.913574219
vn -0.5703125 -0.795898438 -0.203369141
vn -0.854003906 -0.511230469 -0.0944824219
vn -0.419433594 -0.444091797 -0.791503906
vn -0.282958984 -0.286621094 -0.915527344
vn -0.537109375 -0.80859375 -0.239501953
vn 0.180908203 -0.898925781 -0.399414062
vn 0.179443359 -0.904296875 -0.386962891
vn 0.108825684 -0.9296875 -0.352050781
vn -0.419433594 -0.444091797 -0.791503906
vn -0.506347656 -0.731933594 -0.456298828
vn 0.0530700684 -0.850097656 -0.523925781
vn -0.005443573 -0.54296875 -0.83984375
vn -0.282958984 -0.286621094 -0.915527344
vn -0.419433594 -0.444091797 -0.791503906
vn -0.005443573 -0.54296875 -0.83984375
vn -0.0737304688 0.0844726562 -0.993652344
vn -0.147216797 -0.379638672 -0.913574219
vn -0.282958984 -0.286621094 -0.915527344
vn -0.0737304688 0.0844726562 -0.993652344
vn -0.0694580078 0.04296875 -0.996582031
vn 0.935546875 0.353027344 0.0199432373
vn 0.863769531 0.476074219 0.165771484
vn 0.899902344 0.406982422 0.158203125
vn 0.841308594 0.53515625 0.079284668
vn 0.966796875 0.255126953 0.0255432129
vn 0.475341797 0.746582031 0.465576172
vn 0.8671875 0.497070312 -0.0308837891
vn 0.876953125 -0.247436523 -0.411621094
vn 0.576171875 0.795410156 0.187255859
vn 0.191040039 0.779296875 0.596679688
vn 0.264648438 0.923339844 0.277832031
vn 0.528320312 0.845214844 -0.0791625977
vn 0.337402344 0.937011719 -0.0924682617
vn 0.870117188 0.482910156 -0.0965576172
vn 0.51953125 0.844238281 -0.13269043
vn 0.299072266 0.946777344 -0.118530273
vn 0.505859375 0.858398438 0.0870361328
vn 0.293457031 0.939941406 0.174804688
vn 0.862792969 0.499267578 0.0805053711
vn 0.984375 0.166381836 0.0547180176
vn 0.495849609 0.711425781 0.498535156
vn 0.316650391 0.78125 0.537597656
vn 0.763183594 0.466796875 0.446777344
vn 0.363525391 0.42578125 0.828613281
vn 0.239868164 0.536132812 0.809082031
vn 0.0672607422 0.227416992 0.971679688
vn 0.994140625 -0.103820801 0.0208435059
vn 0.657226562 -0.217285156 -0.721679688
vn 0.9375 -0.235839844 -0.255126953
vn 0.899414062 0.220092773 0.376953125
vn 0.579101562 0.366210938 0.728515625
vn 0.141113281 0.212280273 0.966796875
vn 0.06640625 0.0755615234 0.995117188
vn 0.265380859 0.207519531 0.94140625
vn 0.658691406 0.239990234 0.712890625
vn 0.29296875 0.160888672 0.942382812
vn 0.954101562 -0.0274963379 0.297851562
vn 0.312255859 0.0715942383 0.947265625
vn 0.706542969 0.0465087891 0.706054688
vn 0.293457031 -0.0170898438 0.956054688
vn 0.665039062 -0.138671875 0.733886719
vn 0.924316406 -0.213623047 0.315917969
vn 0.228515625 -0.114685059 0.966796875
vn 0.102783203 -0.164794922 0.980957031
vn 0.0562133789 -0.186645508 0.980957031
vn 0.514648438 -0.317626953 0.796386719
vn 0.279785156 -0.455322266 0.845214844
vn 0.146362305 -0.485351562 0.861816406
vn 0.979003906 -0.182006836 0.0903930664
vn 0.766113281 -0.461181641 0.447998047
vn 0.460693359 -0.641601562 0.61328125
vn 0.255371094 -0.646972656 0.71875
vn 0.867675781 -0.448974609 -0.212768555
vn 0.983398438 -0.14831543 0.103149414
vn 0.784667969 -0.61328125 -0.08984375
vn 0.878417969 -0.423828125 0.220947266
vn 0.857421875 -0.452880859 0.243652344
vn 0.487792969 -0.788085938 0.375244141
vn 0.334472656 -0.859375 0.38671875
vn 0.579589844 -0.783691406 0.22265625
vn 0.327636719 -0.939941406 0.0946655273
vn 0.180908203 -0.898925781 -0.399414062
vn 0.178466797 -0.418701172 -0.890625
vn 0.876953125 -0.247436523 -0.411621094
vn 0.179443359 -0.904296875 -0.386962891
vn 0.157470703 -0.503417969 -0.849609375
vn 0.105834961 -0.104003906 -0.988769531
vn 0.0742797852 -0.0704956055 -0.994628906
vn 0.867675781 -0.448974609 -0.212768555
vn -0.854003906 -0.511230469 -0.0944824219
vn -0.537109375 -0.80859375 -0.239501953
vn -0.506347656 -0.731933594 -0.456298828
vn -0.419433594 -0.444091797 -0.791503906
vn -0.361328125 0.641113281 -0.677246094
vn -0.198608398 0.769042969 -0.607421875
vn -0.155273438 0.598144531 -0.786132812
vn -0.244750977 0.477783203 -0.84375
vn -0.325927734 -0.943847656 0.054107666
vn -0.363037109 -0.928222656 0.0822143555
vn -0.517578125 -0.8515625 0.0822143555
vn -0.515136719 -0.855957031 0.0433044434
vn -0.515136719 -0.855957031 0.0433044434
vn -0.517578125 -0.8515625 0.0822143555
vn -0.864257812 -0.498535156 0.0643920898
vn -0.875488281 -0.482421875 0.0267333984
vn -0.875488281 -0.482421875 0.0267333984
vn -0.864257812 -0.498535156 0.0643920898
vn -0.999511719 -0.0205993652 0.0269927979
vn -0.976074219 -0.217895508 -0.00979614258
vn -0.448974609 0.780273438 -0.435302734
vn -0.220581055 0.869628906 -0.44140625
vn -0.198608398 0.769042969 -0.607421875
vn -0.361328125 0.641113281 -0.677246094
vn 0.803222656 -0.577148438 0.146484375
vn 0.71875 -0.692382812 0.0628051758
vn 0.720214844 -0.686035156 0.1015625
vn 0.845703125 -0.530273438 0.0595092773
vn 0.728027344 -0.680175781 0.087097168
vn 0.716796875 -0.696777344 -0.0241088867
vn 0.920410156 -0.387695312 0.0552368164
vn 0.862792969 -0.505859375 0.0143432617
vn 0.645996094 -0.754882812 -0.115356445
vn 0.926757812 -0.368164062 0.0771484375
vn 0.816894531 -0.504394531 0.279785156
vn 0.778808594 -0.611328125 -0.142089844
vn 0.626953125 -0.759765625 -0.173461914
vn 0.791992188 -0.57421875 -0.208129883
vn 0.904296875 -0.384277344 -0.185546875
vn 0.948242188 -0.316162109 -0.0261688232
vn 0.958496094 -0.277832031 -0.065246582
vn 0.594726562 -0.530273438 0.604003906
vn 0.870605469 -0.440917969 0.218261719
vn 0.982910156 -0.177490234 0.0484313965
vn 0.974609375 -0.206665039 -0.0856323242
vn 0.75 -0.401855469 0.525390625
vn 0.926269531 -0.235351562 -0.293945312
vn 0.878417969 -0.470458984 0.0818481445
vn 0.922851562 -0.360839844 0.133422852
vn 0.9140625 -0.389160156 0.112121582
vn 0.882324219 -0.463378906 0.08203125
vn 0.911132812 -0.405029297 0.0785522461
vn 0.900390625 -0.409912109 0.144897461
vn 0.95703125 -0.246582031 0.153076172
vn 0.977050781 -0.157592773 -0.143066406
vn 0.937988281 -0.197143555 -0.28515625
vn 0.915039062 -0.314453125 -0.252929688
vn 0.856445312 -0.120605469 0.501464844
vn 0.911621094 -0.335205078 -0.23828125
vn 0.834472656 -0.452148438 -0.315185547
vn 0.9453125 -0.174072266 -0.275390625
vn 0.826660156 -0.537109375 -0.167602539
vn 0.709472656 -0.453369141 0.540039062
vn 0.590332031 -0.799804688 -0.107055664
vn 0.83203125 -0.537597656 -0.136230469
vn 0.910644531 -0.370849609 -0.182128906
vn 0.712890625 -0.443115234 -0.543457031
vn 0.748535156 -0.32421875 -0.578613281
vn 0.803710938 -0.569824219 -0.170898438
vn 0.628417969 -0.749023438 -0.210083008
vn 0.530761719 -0.827148438 -0.185058594
vn 0.611328125 -0.737792969 -0.285888672
vn 0.335693359 -0.941894531 -0.0202331543
vn 0.354248047 -0.935058594 -0.0219116211
vn 0.497070312 -0.857421875 -0.132324219
vn 0.358154297 -0.93359375 -0.0238494873
vn 0.34765625 -0.93359375 -0.0885009766
vn 0.451171875 -0.877929688 -0.160400391
vn 0.547363281 -0.80859375 -0.215698242
vn 0.531738281 -0.821777344 -0.203979492
vn 0.554199219 -0.79296875 -0.252929688
vn 0.522949219 -0.778808594 -0.346435547
vn -0.984863281 0.138061523 -0.105163574
vn -0.860351562 0.415283203 -0.294921875
vn -0.852050781 0.448730469 -0.268798828
vn -0.987304688 0.111206055 -0.114929199
vn -0.999511719 -0.0205993652 0.0269927979
vn -0.996582031 0.0821533203 -0.0190124512
vn -0.952636719 0.303955078 0.0137634277
vn -0.980957031 0.148681641 0.124023438
vn -0.996582031 0.0821533203 -0.0190124512
vn -0.984863281 0.138061523 -0.105163574
vn -0.987304688 0.111206055 -0.114929199
vn -0.952636719 0.303955078 0.0137634277
vn -0.029586792 0.25 -0.967773438
vn -0.596679688 0.629882812 -0.497070312
vn -0.733398438 0.195800781 -0.650878906
vn -0.029586792 0.25 -0.967773438
vn 0.157470703 -0.503417969 -0.849609375
vn 0.867675781 -0.448974609 -0.212768555
vn 0.784667969 -0.61328125 -0.08984375
vn 0.216918945 -0.932128906 -0.290283203
vn -0.291992188 0.939941406 0.177978516
vn -0.952636719 0.303955078 0.0137634277
vn -0.596679688 0.629882812 -0.497070312
vn -0.291992188 0.939941406 0.177978516
vn -0.720214844 0.686035156 -0.101623535
vn -0.803710938 0.577148438 -0.146240234
vn -0.845214844 0.53125 -0.059753418
vn -0.728515625 0.679199219 -0.0877685547
vn -0.828613281 0.543945312 0.133422852
vn -0.616699219 0.778320312 0.119934082
vn -0.630859375 0.73828125 0.237915039
vn -0.799316406 0.576660156 0.168212891
vn -0.958984375 0.276367188 0.060333252
vn -0.901367188 0.387451172 0.193969727
vn -0.775390625 0.615234375 0.142700195
vn -0.948242188 0.316894531 0.0255737305
vn -0.919921875 0.387695312 -0.0598449707
vn -0.926269531 0.368164062 -0.0784301758
vn -0.863769531 0.503417969 -0.0162353516
vn -0.845214844 0.53125 -0.059753418
vn -0.922363281 0.365234375 -0.126220703
vn -0.912597656 0.395019531 -0.105041504
vn -0.87890625 0.470947266 -0.0773925781
vn -0.810546875 0.51171875 -0.284667969
vn -0.897460938 0.415527344 -0.148193359
vn -0.957519531 0.241088867 -0.158813477
vn -0.911132812 0.404541016 -0.0756835938
vn -0.881835938 0.464111328 -0.0824584961
vn -0.735351562 0.42578125 0.526855469
vn -0.630859375 0.73828125 0.237915039
vn -0.541015625 0.818359375 0.192749023
vn -0.634765625 0.723632812 0.271484375
vn -0.71875 0.694824219 0.0223999023
vn -0.728515625 0.679199219 -0.0877685547
vn -0.845214844 0.53125 -0.059753418
vn -0.863769531 0.503417969 -0.0162353516
vn -0.821289062 0.464599609 0.331542969
vn -0.828613281 0.543945312 0.133422852
vn -0.946777344 0.182861328 0.264892578
vn -0.904785156 0.357910156 0.230957031
vn -0.616699219 0.778320312 0.119934082
vn -0.591308594 0.765136719 0.254638672
vn -0.593261719 0.777832031 0.207885742
vn -0.616699219 0.760253906 0.204589844
vn -0.868164062 0.443603516 -0.223510742
vn -0.911132812 0.404541016 -0.0756835938
vn -0.982910156 0.176879883 -0.0498962402
vn -0.948242188 0.316894531 0.0255737305
vn -0.982910156 0.176879883 -0.0498962402
vn -0.975097656 0.208374023 0.0764770508
vn -0.95703125 0.290283203 0.0113525391
vn -0.958984375 0.276367188 0.060333252
vn -0.616699219 0.778320312 0.119934082
vn -0.831542969 0.534179688 0.152099609
vn -0.666015625 0.7109375 0.226318359
vn -0.591308594 0.765136719 0.254638672
vn -0.735351562 0.42578125 0.526855469
vn -0.726074219 0.329833984 0.603515625
vn -0.939453125 0.234985352 0.249755859
vn -0.904785156 0.380615234 0.190551758
vn -0.541015625 0.818359375 0.192749023
vn -0.558105469 0.819824219 0.126831055
vn -0.39453125 0.918945312 0.00924682617
vn -0.634765625 0.723632812 0.271484375
vn -0.558105469 0.819824219 0.126831055
vn -0.541015625 0.818359375 0.192749023
vn -0.383789062 0.921875 0.0553283691
vn -0.448242188 0.888183594 0.1015625
vn -0.690917969 -0.71875 0.0746459961
vn -0.693847656 -0.7109375 0.114562988
vn -0.693847656 -0.7109375 0.114562988
vn -0.69140625 -0.71875 0.0765991211
vn 0.311035156 0.796386719 0.519042969
vn 0.380126953 0.890136719 0.251220703
vn 0.380126953 0.890136719 0.251953125
vn 0.306152344 0.791992188 0.528320312
vn 0.511230469 0.708984375 -0.486083984
vn -0.271728516 0.478271484 -0.834960938
vn -0.292236328 0.463134766 -0.836914062
vn 0.370117188 0.713378906 -0.594726562
vn -0.366455078 -0.520996094 -0.770996094
vn -0.218994141 -0.755859375 -0.6171875
vn -0.218994141 -0.755859375 -0.6171875
vn -0.404785156 -0.4375 -0.803222656
vn 0.254638672 0.755859375 0.603027344
vn 0.856445312 -0.120605469 0.501464844
vn 0.21484375 0.258544922 0.941894531
vn 0.254394531 0.761230469 0.596191406
vn -0.516113281 0.0651855469 -0.854003906
vn -0.366455078 -0.520996094 -0.770996094
vn -0.404785156 -0.4375 -0.803222656
vn -0.516113281 0.0662231445 -0.854003906
vn -0.748046875 -0.584472656 -0.313720703
vn -0.745605469 -0.645507812 -0.165039062
vn -0.745605469 -0.645019531 -0.166259766
vn -0.748046875 -0.584472656 -0.313720703
vn 0.820800781 0.421875 -0.385253906
vn 0.511230469 0.708984375 -0.486083984
vn 0.370117188 0.713378906 -0.594726562
vn 0.822265625 0.445068359 -0.354980469
vn -0.707519531 -0.705566406 0.033416748
vn -0.688964844 -0.72265625 0.0575866699
vn -0.688964844 -0.72265625 0.0573730469
vn -0.708496094 -0.705078125 0.0315856934
vn -0.271728516 0.478271484 -0.834960938
vn -0.516113281 0.0651855469 -0.854003906
vn -0.516113281 0.0662231445 -0.854003906
vn -0.292236328 0.463134766 -0.836914062
vn 0.280273438 0.288818359 -0.915527344
vn 0.265625 0.263183594 -0.927246094
vn 0.265625 0.263183594 -0.927246094
vn 0.279785156 0.288085938 -0.916015625
vn 0.286621094 -0.124938965 0.949707031
vn 0.247924805 -0.263671875 0.932128906
vn 0.247924805 -0.263671875 0.932128906
vn 0.287109375 -0.122436523 0.950195312
vn -0.0520324707 -0.328369141 0.943359375
vn -0.215942383 -0.464599609 0.858886719
vn -0.215942383 -0.464599609 0.858886719
vn -0.0491027832 -0.325683594 0.944335938
vn -0.688964844 -0.72265625 0.0575866699
vn -0.690917969 -0.71875 0.0746459961
vn -0.69140625 -0.71875 0.0765991211
vn -0.688964844 -0.72265625 0.0573730469
vn -0.0188751221 -0.279052734 0.959960938
vn -0.0520324707 -0.328369141 0.943359375
vn -0.0491027832 -0.325683594 0.944335938
vn -0.0191955566 -0.279296875 0.959960938
vn 0.318359375 0.934082031 -0.161865234
vn 0.218383789 0.956054688 -0.195556641
vn 0.21887207 0.955078125 -0.200927734
vn 0.314697266 0.932617188 -0.176635742
vn 0.321044922 0.317138672 -0.892578125
vn 0.325195312 0.366699219 -0.871582031
vn 0.324951172 0.366455078 -0.872070312
vn 0.320800781 0.316894531 -0.892578125
vn -0.745605469 -0.645507812 -0.165039062
vn -0.707519531 -0.705566406 0.033416748
vn -0.708496094 -0.705078125 0.0315856934
vn -0.745605469 -0.645019531 -0.166259766
vn 0.594726562 -0.530273438 0.604003906
vn -0.0188751221 -0.279052734 0.959960938
vn -0.0191955566 -0.279296875 0.959960938
vn -0.253417969 -0.437011719 0.862792969
vn 0.380126953 0.890136719 0.251220703
vn 0.318359375 0.934082031 -0.161865234
vn 0.314697266 0.932617188 -0.176635742
vn 0.380126953 0.890136719 0.251953125
vn 0.75 -0.401855469 0.525390625
vn 0.594726562 -0.530273438 0.604003906
vn -0.253417969 -0.437011719 0.862792969
vn -0.345214844 -0.488037109 0.801757812
vn 0.229248047 0.71875 0.656738281
vn 0.311035156 0.796386719 0.519042969
vn 0.306152344 0.791992188 0.528320312
vn 0.229248047 0.71875 0.656738281
vn 0.218383789 0.956054688 -0.195556641
vn 0.254638672 0.755859375 0.603027344
vn 0.254394531 0.761230469 0.596191406
vn 0.21887207 0.955078125 -0.200927734
vn 0.325195312 0.366699219 -0.871582031
vn 0.280273438 0.288818359 -0.915527344
vn 0.279785156 0.288085938 -0.916015625
vn 0.324951172 0.366455078 -0.872070312
vn 0.777832031 0.242919922 -0.579589844
vn 0.820800781 0.421875 -0.385253906
vn 0.822265625 0.445068359 -0.354980469
vn 0.777832031 0.242919922 -0.579589844
vn 0.282714844 0.211181641 -0.935546875
vn 0.321044922 0.317138672 -0.892578125
vn 0.320800781 0.316894531 -0.892578125
vn 0.282714844 0.211181641 -0.935546875
vn 0.709472656 -0.453369141 0.540039062
vn 0.286621094 -0.124938965 0.949707031
vn 0.287109375 -0.122436523 0.950195312
vn 0.260498047 0.126831055 0.95703125
vn 0.856445312 -0.120605469 0.501464844
vn 0.709472656 -0.453369141 0.540039062
vn 0.260498047 0.126831055 0.95703125
vn 0.21484375 0.258544922 0.941894531
vn -0.455810547 0.427001953 -0.780761719
vn -0.477539062 0.521972656 -0.706542969
vn -0.477539062 0.521972656 -0.706542969
vn -0.446044922 0.390136719 -0.805664062
vn -0.408691406 0.161254883 -0.8984375
vn -0.407714844 0.147705078 -0.900878906
vn -0.39453125 -0.0682373047 -0.916503906
vn -0.394287109 -0.0708618164 -0.916015625
vn -0.39453125 -0.202026367 -0.896484375
vn -0.394287109 -0.197998047 -0.897460938
vn -0.470214844 -0.467773438 -0.748535156
vn -0.453857422 -0.409179688 -0.791503906
vn -0.500488281 -0.608398438 -0.615722656
vn -0.500488281 -0.608398438 -0.615722656
vn 0.955078125 0.26171875 0.140014648
vn 0.955078125 0.26171875 0.140014648
vn 0.955078125 0.26171875 0.140014648
vn 0.955078125 0.26171875 0.140014648
vn 0.955078125 0.26171875 0.140014648
vn 0.955078125 0.26171875 0.140014648
vn 0.955078125 0.26171875 0.140014648
vn 0.955078125 0.26171875 0.140014648
vn -0.955078125 0.26171875 0.140014648
vn -0.955078125 0.26171875 0.140014648
vn -0.955078125 0.26171875 0.140014648
vn -0.955078125 0.26171875 0.140014648
vn -0.955078125 0.26171875 0.140014648
vn -0.955078125 0.26171875 0.140014648
vn -0.955078125 0.26171875 0.140014648
vn -0.955078125 0.26171875 0.140014648
vn -0.279541016 -0.354003906 -0.892578125
vn 0.296875 -0.840820312 -0.452392578
vn 0.209350586 -0.259765625 -0.942871094
vn -0.203125 -0.862304688 -0.463623047
vn 0.210449219 -0.9296875 0.302734375
vn -0.463134766 0.287597656 -0.838378906
vn -0.000711917877 0.473632812 -0.880859375
vn -0.278808594 -0.939941406 0.196899414
vn 0.00070142746 -0.473632812 0.880859375
vn -0.646484375 0.686523438 -0.332763672
vn -0.210449219 0.9296875 -0.302734375
vn -0.461914062 -0.541015625 0.702636719
vn -0.209350586 0.259765625 0.942871094
vn -0.722167969 0.608886719 0.328125
vn -0.296875 0.840820312 0.452392578
vn -0.645507812 0.100402832 0.756835938
vn -0.920410156 -0.12512207 -0.370849609
vn -0.864257812 -0.321533203 -0.387207031
vn -0.840820312 -0.477050781 -0.255859375
vn -0.9765625 -0.00278282166 -0.215942383
vn -0.999511719 -0.0265045166 -0.0134963989
vn -0.976074219 -0.182373047 0.117858887
vn -0.919921875 -0.37890625 0.101013184
vn -0.863769531 -0.500976562 -0.0538330078
vn 0.279541016 -0.354003906 -0.892578125
vn -0.209350586 -0.259765625 -0.942871094
vn -0.296875 -0.840820312 -0.452392578
vn 0.203125 -0.862304688 -0.463623047
vn -0.210449219 -0.9296875 0.302734375
vn 0.463134766 0.287597656 -0.838378906
vn 0.00070810318 0.473632812 -0.880859375
vn 0.278808594 -0.939941406 0.196899414
vn -0.000703334808 -0.473632812 0.880859375
vn 0.646484375 0.686523438 -0.332763672
vn 0.210449219 0.9296875 -0.302734375
vn 0.461914062 -0.541015625 0.702636719
vn 0.209350586 0.259765625 0.942871094
vn 0.722167969 0.608886719 0.328125
vn 0.296875 0.840820312 0.452392578
vn 0.645507812 0.100402832 0.756835938
vn 0.920410156 -0.12512207 -0.370849609
vn 0.864257812 -0.321533203 -0.387207031
vn 0.840820312 -0.477050781 -0.255859375
vn 0.9765625 -0.00278282166 -0.215942383
vn 0.999511719 -0.0265045166 -0.0134963989
vn 0.976074219 -0.182373047 0.117858887
vn 0.919921875 -0.37890625 0.101013184
vn 0.863769531 -0.500976562 -0.0538330078
vn 0.577636719 0.778808594 0.244140625
vn 0.577636719 0.778808594 0.244140625
vn 0.577636719 0.778808594 0.244140625
vn 0.996582031 -0.013885498 0.0794677734
vn 0.653808594 0.698730469 -0.290771484
vn 0.996582031 -0.0137634277 0.0794677734
vn 0.612792969 -0.627441406 -0.480712891
vn -0.010345459 -0.991699219 -0.130004883
vn 0.612792969 -0.627441406 -0.480712891
vn -0.0104217529 -0.991699219 -0.130004883
vn -0.603515625 -0.613769531 -0.509277344
vn -0.999511719 0.00761795044 0.0328674316
vn -0.603515625 -0.613769531 -0.509277344
vn -0.999511719 0.0076713562 0.0328979492
vn -0.624511719 0.712402344 -0.319824219
vn 0.00216293335 0.977050781 0.213012695
vn -0.624511719 0.712402344 -0.319824219
vn 0.00208854675 0.977050781 0.213012695
vn 0.653808594 0.698730469 -0.290771484
vn -0.0241088867 -0.0376586914 0.999023438
vn -0.0228118896 -0.537109375 0.843261719
vn -0.0231170654 -0.538574219 0.842285156
vn -0.0243377686 -0.0375976562 0.999023438
vn 0.746582031 0.588867188 -0.309570312
vn 0.989746094 -0.0117416382 0.14074707
vn 0.990234375 -0.0104598999 0.140380859
vn 0.660644531 -0.73828125 -0.135009766
vn 0.653808594 0.698730469 -0.290771484
vn 0.612792969 -0.627441406 -0.480712891
vn -0.670410156 -0.723144531 -0.166748047
vn -0.603515625 -0.613769531 -0.509277344
vn -0.0231170654 -0.538574219 0.842285156
vn -0.0228118896 -0.537109375 0.843261719
vn -0.71875 0.604003906 -0.344726562
vn -0.624511719 0.712402344 -0.319824219
vn -0.995605469 0.00147151947 0.0942382812
vn -0.995605469 0.00156402588 0.0941772461
vn -0.71875 0.604003906 -0.344726562
vn 0.0121765137 0.952148438 -0.3046875
vn 0.0115585327 0.952148438 -0.3046875
vn 0.746582031 0.588867188 -0.309570312
vn -0.624511719 0.712402344 -0.319824219
vn 0.653808594 0.698730469 -0.290771484
vn -0.669921875 0.117248535 -0.732910156
vn -0.732421875 0.139526367 -0.666503906
vn -0.78515625 0.395263672 -0.4765625
vn -0.849121094 0.242919922 -0.469238281
vn -0.811035156 0.492675781 -0.314941406
vn -0.838378906 -0.325683594 -0.437255859
vn -0.839355469 0.446044922 -0.310546875
vn -0.958496094 -0.238647461 -0.157226562
vn -0.965332031 -0.247314453 -0.081237793
vn -0.994140625 -0.0942382812 0.0514221191
vn -0.793457031 -0.528808594 0.301269531
vn -0.905273438 -0.0858154297 0.416259766
vn -0.757324219 -0.607910156 0.238525391
vn -0.803222656 -0.376953125 0.461181641
vn -0.754394531 -0.0270385742 0.655761719
vn -0.80078125 -0.537109375 0.265380859
vn -0.921875 -0.106567383 0.372070312
vn -0.809082031 0.221435547 0.544433594
vn -0.958496094 -0.239868164 0.155395508
vn -0.910644531 0.294433594 0.290283203
vn -0.951660156 0.290771484 0.0967407227
vn -0.940917969 0.22644043 0.252685547
vn -0.92578125 0.377441406 0.00225639343
vn -0.998535156 0.0567932129 -0.0041847229
vn -0.946777344 0.321289062 0.00749206543
vn -0.982421875 0.186645508 0.00674438477
vn -0.982421875 0.155151367 -0.103820801
vn -0.459960938 -0.217041016 0.860839844
vn -0.990722656 0.113342285 0.0733032227
vn -0.978027344 0.0553588867 -0.199951172
vn -0.997070312 -0.0282440186 0.071105957
vn -0.977050781 -0.0061378479 -0.212890625
vn -0.340332031 -0.564453125 0.751953125
vn -0.977539062 -0.206054688 0.0412902832
vn -0.986816406 -0.0634765625 -0.148071289
vn -0.92578125 -0.00360488892 0.378662109
vn -0.975585938 0.113708496 0.187866211
vn -0.922851562 0.325195312 0.206420898
vn -0.998535156 0.0548706055 -0.0114898682
vn -0.950195312 0.295410156 0.098815918
vn -0.503417969 0.808105469 0.305175781
vn 0.396728516 -0.469238281 0.7890625
vn 0.285888672 -0.180908203 0.940917969
vn 0.348632812 -0.0998535156 0.932128906
vn 0.188842773 0.379394531 0.905761719
vn 0.348388672 -0.0993041992 0.932128906
vn 0.188110352 0.379150391 0.90625
vn 0.20715332 0.243164062 0.947753906
vn 0.24597168 0.347900391 0.904785156
vn 0.193359375 0.275878906 0.94140625
vn 0.0915527344 0.489501953 0.8671875
vn 0.0915527344 0.489501953 0.8671875
vn 0.24597168 0.348388672 0.904296875
vn 0.234375 0.17980957 0.955566406
vn 0.234619141 0.184204102 0.954589844
vn 0.12310791 0.242919922 0.962402344
vn 0.125366211 0.239746094 0.962890625
vn -0.0933837891 0.564453125 0.819824219
vn -0.0941772461 0.565917969 0.819335938
vn -0.166015625 0.381835938 0.909179688
vn -0.163574219 0.36328125 0.916992188
vn -0.208862305 -0.0166168213 0.978027344
vn -0.210205078 -0.0163269043 0.977539062
vn -0.315185547 0.00519943237 0.94921875
vn -0.315185547 0.00519943237 0.94921875
vn 0.998535156 -0.0222320557 0.0521240234
vn 0.597167969 -0.582519531 -0.551269531
vn 0.965332031 0.0604858398 -0.25390625
vn 0.999023438 -0.0176849365 0.0352172852
vn 1 -0.0104522705 0.00829315186
vn 1 -0.0104522705 0.00829315186
vn 0.00155544281 -0.814941406 -0.579589844
vn -0.587890625 -0.565429688 -0.578125
vn 0.597167969 -0.582519531 -0.551269531
vn 0.00149536133 -0.815917969 -0.578125
vn 0.0193328857 -0.211914062 -0.977050781
vn 0.0194091797 -0.207885742 -0.978027344
vn 0.0258483887 0.259765625 -0.965332031
vn 0.0258483887 0.259765625 -0.965332031
vn -1 0.00626373291 0.0072479248
vn -0.950683594 0.0880126953 -0.297851562
vn -0.587890625 -0.565429688 -0.578125
vn -1 0.00363540649 0.0170135498
vn -1 0.0104522705 -0.00830078125
vn -1 0.0104522705 -0.00830078125
vn -0.00274276733 0.788574219 0.615234375
vn 0.00993347168 0.982910156 0.183959961
vn 0.00993347168 0.982910156 0.183959961
vn -0.00279045105 0.787597656 0.616210938
vn -0.00861358643 0.633300781 0.773925781
vn -0.00861358643 0.633300781 0.773925781
vn -0.0256500244 -0.259521484 0.965332031
vn -0.0251464844 -0.794433594 0.606445312
vn -0.0252990723 -0.794433594 0.606445312
vn -0.0254058838 -0.259521484 0.965332031
vn 0.983398438 0.0393676758 -0.176269531
vn 0.989746094 -0.0450744629 0.137207031
vn 0.989746094 -0.0450744629 0.137207031
vn 0.689941406 -0.647949219 -0.322753906
vn 0.965332031 0.0604858398 -0.25390625
vn 0.597167969 -0.582519531 -0.551269531
vn -0.692871094 -0.628417969 -0.354248047
vn -0.587890625 -0.565429688 -0.578125
vn -0.0252990723 -0.794433594 0.606445312
vn -0.0251464844 -0.794433594 0.606445312
vn -0.973144531 0.0675048828 -0.221069336
vn -0.950683594 0.0880126953 -0.297851562
vn -0.995605469 -0.0165252686 0.091796875
vn -0.995605469 -0.0165252686 0.091796875
vn 0.012878418 0.998046875 0.0640258789
vn 0.0117797852 0.994140625 0.105712891
vn 0.0117645264 0.994140625 0.105712891
vn 0.012878418 0.998046875 0.0640258789
vn 0.00993347168 0.982910156 0.183959961
vn 0.00993347168 0.982910156 0.183959961
vn 0.995117188 0.0103988647 -0.0963134766
vn 0.407714844 -0.875976562 -0.2578125
vn 0.356445312 0.33203125 -0.873535156
vn 0.998046875 0.0290985107 -0.0540161133
vn 0.969238281 0.139282227 0.202392578
vn 0.969238281 0.139282227 0.202392578
vn 0.00614929199 -0.919433594 0.393554688
vn -0.688964844 -0.686035156 0.233886719
vn 0.407714844 -0.875976562 -0.2578125
vn -0.0151290894 -0.929199219 0.368896484
vn -0.168334961 -0.895996094 -0.410888672
vn -0.656738281 -0.708984375 -0.256835938
vn -0.696289062 -0.372070312 -0.614257812
vn -0.185546875 -0.498535156 -0.846679688
vn -0.982910156 0.049621582 0.176269531
vn -0.967773438 0.0764770508 0.239624023
vn -0.688964844 -0.686035156 0.233886719
vn -0.794921875 0.500976562 -0.342773438
vn 0.0314941406 0.9453125 -0.324707031
vn 0.356445312 0.33203125 -0.873535156
vn -0.794921875 0.500976562 -0.342773438
vn 0.00817871094 0.9375 -0.348144531
vn 0.0679931641 0.955566406 -0.287353516
vn 0.0679931641 0.955566406 -0.287353516
vn 0.439208984 0.512695312 0.737792969
vn 0.434814453 0.01512146 0.900390625
vn 0.434082031 0.0138778687 0.900878906
vn 0.439453125 0.512695312 0.737792969
vn 0.438964844 0.202270508 -0.875488281
vn 0.937011719 -0.0888061523 -0.337402344
vn 0.937011719 -0.0879516602 -0.338378906
vn 0.616699219 -0.787109375 0.0128250122
vn 0.356445312 0.33203125 -0.873535156
vn 0.407714844 -0.875976562 -0.2578125
vn -0.571289062 -0.582519531 0.578125
vn -0.688964844 -0.686035156 0.233886719
vn 0.434082031 0.0138778687 0.900878906
vn 0.434814453 0.01512146 0.900390625
vn -0.869140625 0.425537109 -0.252441406
vn -0.794921875 0.500976562 -0.342773438
vn -0.833496094 0.208251953 0.51171875
vn -0.833496094 0.208251953 0.511230469
vn -0.869140625 0.425537109 -0.252441406
vn -0.252929688 0.620605469 -0.7421875
vn -0.253417969 0.620605469 -0.741699219
vn 0.438964844 0.202270508 -0.875488281
vn -0.794921875 0.500976562 -0.342773438
vn 0.356445312 0.33203125 -0.873535156
vn 0.772949219 -0.55078125 -0.314208984
vn 0.0517883301 -0.997558594 -0.0477905273
vn 0.602050781 -0.628417969 -0.492675781
vn 0.770507812 -0.552734375 -0.317871094
vn 0.720214844 -0.581542969 -0.378173828
vn 0.720214844 -0.581542969 -0.378173828
vn -0.296142578 -0.752441406 0.588378906
vn -0.884765625 -0.357910156 0.298339844
vn 0.0517883301 -0.997558594 -0.0477905273
vn -0.298583984 -0.75390625 0.585449219
vn -0.266113281 -0.729980469 0.629394531
vn -0.266113281 -0.729980469 0.629394531
vn -0.738769531 0.571777344 0.356933594
vn -0.911621094 0.405517578 0.0666503906
vn -0.884765625 -0.357910156 0.298339844
vn -0.739746094 0.571289062 0.355712891
vn -0.720214844 0.581542969 0.378173828
vn -0.720214844 0.581542969 0.378173828
vn 0.323974609 0.770996094 -0.548339844
vn 0.245117188 0.713867188 -0.65625
vn 0.245239258 0.713867188 -0.655761719
vn 0.319824219 0.768066406 -0.5546875
vn 0.266113281 0.729980469 -0.629394531
vn 0.266113281 0.729980469 -0.629394531
vn 0.541503906 0.389648438 0.745117188
vn 0.253662109 -0.146362305 0.956054688
vn 0.25390625 -0.146484375 0.956054688
vn 0.541015625 0.389892578 0.745117188
vn 0.661621094 -0.607910156 -0.438964844
vn 0.848632812 -0.489257812 -0.201293945
vn 0.848632812 -0.489257812 -0.201293945
vn 0.256103516 -0.961425781 0.100524902
vn 0.602050781 -0.628417969 -0.492675781
vn 0.0517883301 -0.997558594 -0.0477905273
vn -0.836425781 -0.215454102 0.50390625
vn -0.884765625 -0.357910156 0.298339844
vn 0.25390625 -0.146484375 0.956054688
vn 0.253662109 -0.146362305 0.956054688
vn -0.884277344 0.447753906 0.132202148
vn -0.911621094 0.405517578 0.0666503906
vn -0.720214844 0.58203125 0.378173828
vn -0.720214844 0.58203125 0.377929688
vn 0.175537109 0.654785156 -0.735351562
vn 0.200073242 0.676269531 -0.708984375
vn 0.200073242 0.676269531 -0.708984375
vn 0.175537109 0.654785156 -0.735351562
vn 0.245239258 0.713867188 -0.655761719
vn 0.245117188 0.713867188 -0.65625
vn -0.541503906 -0.389648438 -0.745117188
vn -0.541503906 -0.389648438 -0.745117188
vn -0.541503906 -0.389648438 -0.745117188
vn -0.541503906 -0.389648438 -0.745117188
vn 0.669921875 -0.117248535 0.732910156
vn 0.785644531 -0.395019531 0.476318359
vn 0.732421875 -0.139526367 0.666503906
vn 0.849121094 -0.242797852 0.468994141
vn 0.811035156 -0.492675781 0.315185547
vn 0.838378906 0.325927734 0.437011719
vn 0.839355469 -0.446044922 0.310791016
vn 0.958496094 0.238647461 0.157226562
vn 0.965820312 0.246948242 0.0813598633
vn 0.994140625 0.0941162109 -0.0510253906
vn 0.793457031 0.528808594 -0.301269531
vn 0.905273438 0.0858154297 -0.416503906
vn 0.757324219 0.607910156 -0.23840332
vn 0.803222656 0.376953125 -0.461181641
vn 0.754394531 0.0270080566 -0.655761719
vn 0.80078125 0.537109375 -0.265380859
vn 0.921875 0.106628418 -0.372070312
vn 0.809082031 -0.221313477 -0.544921875
vn 0.958496094 0.239868164 -0.155273438
vn 0.910644531 -0.294433594 -0.290283203
vn 0.951660156 -0.291015625 -0.096862793
vn 0.940429688 -0.22644043 -0.252685547
vn 0.92578125 -0.377441406 -0.00227546692
vn 0.998535156 -0.0567626953 0.00419235229
vn 0.946777344 -0.321289062 -0.00751113892
vn 0.982421875 -0.186645508 -0.00674057007
vn 0.982421875 -0.155151367 0.103759766
vn 0.994628906 0.0034942627 -0.102966309
vn 0.990722656 -0.113525391 -0.0732421875
vn 0.978027344 -0.0553894043 0.199951172
vn 0.862792969 0.374511719 -0.33984375
vn 0.997070312 0.0282440186 -0.0711669922
vn 0.977050781 0.00617218018 0.212890625
vn 0.925292969 0.00356674194 -0.378662109
vn 0.977539062 0.206054688 -0.0412597656
vn 0.987304688 0.061126709 0.145141602
vn 0.975585938 -0.113098145 -0.1875
vn 0.923339844 -0.324707031 -0.205932617
vn 0.950683594 -0.294189453 -0.0981445312
vn 0.259277344 -0.892578125 -0.369140625
vn 0.584472656 -0.653320312 -0.480957031
vn 0.0154190063 -0.915039062 -0.403320312
vn -0.202636719 -0.734863281 -0.646972656
vn -0.0118560791 -0.0558776855 -0.998535156
vn -0.0113830566 -0.0543212891 -0.998535156
vn 0.170776367 0.402587891 -0.899414062
vn 0.170776367 0.402587891 -0.899414062
vn 0.183105469 0.266357422 -0.946289062
vn 0.183105469 0.266357422 -0.946289062
vn 0.111694336 0.163574219 -0.979980469
vn 0.110412598 0.163330078 -0.98046875
vn -0.0257110596 0.0901489258 -0.995605469
vn -0.0259399414 0.0899658203 -0.995605469
vn -0.240356445 0.0760498047 -0.967773438
vn -0.250976562 0.0798339844 -0.96484375
vn -0.5 -0.202026367 -0.842285156
vn -0.503417969 -0.213134766 -0.837402344
vn -0.474853516 -0.523925781 -0.70703125
vn -0.475341797 -0.523925781 -0.70703125
vn -0.165649414 -0.575195312 -0.801269531
vn -0.194824219 -0.570800781 -0.797851562
vn 0.216796875 -0.330322266 -0.918457031
vn 0.207397461 -0.345703125 -0.915039062
vn 0.49609375 -0.261474609 -0.828125
vn 0.488525391 -0.247924805 -0.836425781
vn 0.593261719 -0.42578125 -0.683105469
vn 0.593261719 -0.425537109 -0.68359375
vn 0.708984375 0.265136719 -0.653320312
vn 0.708984375 0.265136719 -0.653320312
vn 0.550292969 0.698242188 -0.458251953
vn 0.548339844 0.702636719 -0.453613281
vn 0.588867188 0.559570312 -0.583007812
vn 0.588867188 0.559570312 -0.583007812
vn 0.275390625 -0.953125 -0.124938965
vn 0.428710938 -0.898925781 -0.0882568359
vn 0.360107422 -0.900390625 -0.243408203
vn -0.0966186523 -0.956054688 -0.276123047
vn 0.259277344 -0.892578125 -0.369140625
g HelmAntlers_0
f 3/3/3 2/2/2 1/1/1
f 6/6/6 5/5/5 4/4/4
f 9/9/9 8/8/8 7/7/7
f 12/12/12 11/11/11 10/10/10
f 15/15/15 14/14/14 13/13/13
f 18/18/18 17/17/17 16/16/16
f 21/21/21 20/20/20 19/19/19
f 24/24/24 23/23/23 22/22/22
f 27/27/27 26/26/26 25/25/25
f 30/30/30 29/29/29 28/28/28
f 33/33/33 32/32/32 31/31/31
f 36/36/36 35/35/35 34/34/34
f 39/39/39 38/38/38 37/37/37
f 42/42/42 41/41/41 40/40/40
f 45/45/45 44/44/44 43/43/43
f 48/48/48 47/47/47 46/46/46
f 51/51/51 50/50/50 49/49/49
f 54/54/54 53/53/53 52/52/52
f 57/57/57 56/56/56 55/55/55
f 60/60/60 59/59/59 58/58/58
f 63/63/63 62/62/62 61/61/61
f 66/66/66 65/65/65 64/64/64
f 69/69/69 68/68/68 67/67/67
f 72/72/72 71/71/71 70/70/70
f 75/75/75 74/74/74 73/73/73
f 78/78/78 77/77/77 76/76/76
f 81/81/81 80/80/80 79/79/79
f 84/84/84 83/83/83 82/82/82
f 87/87/87 86/86/86 85/85/85
f 90/90/90 89/89/89 88/88/88
f 93/93/93 92/92/92 91/91/91
f 96/96/96 95/95/95 94/94/94
f 99/99/99 98/98/98 97/97/97
f 102/102/102 101/101/101 100/100/100
f 105/105/105 104/104/104 103/103/103
f 108/108/108 107/107/107 106/106/106
f 111/111/111 110/110/110 109/109/109
f 114/114/114 113/113/113 112/112/112
f 117/117/117 116/116/116 115/115/115
f 120/120/120 119/119/119 118/118/118
f 123/123/123 122/122/122 121/121/121
f 126/126/126 125/125/125 124/124/124
f 129/129/129 128/128/128 127/127/127
f 132/132/132 131/131/131 130/130/130
f 135/135/135 134/134/134 133/133/133
f 138/138/138 137/137/137 136/136/136
f 141/141/141 140/140/140 139/139/139
f 144/144/144 143/143/143 142/142/142
f 147/147/147 146/146/146 145/145/145
f 150/150/150 149/149/149 148/148/148
f 153/153/153 152/152/152 151/151/151
f 156/156/156 155/155/155 154/154/154
f 159/159/159 158/158/158 157/157/157
f 162/162/162 161/161/161 160/160/160
f 165/165/165 164/164/164 163/163/163
f 168/168/168 167/167/167 166/166/166
f 171/171/171 170/170/170 169/169/169
f 174/174/174 173/173/173 172/172/172
f 177/177/177 176/176/176 175/175/175
f 180/180/180 179/179/179 178/178/178
f 183/183/183 182/182/182 181/181/181
f 186/186/186 185/185/185 184/184/184
f 189/189/189 188/188/188 187/187/187
f 192/192/192 191/191/191 190/190/190
f 195/195/195 194/194/194 193/193/193
f 198/198/198 197/197/197 196/196/196
f 201/201/201 200/200/200 199/199/199
f 204/204/204 203/203/203 202/202/202
f 207/207/207 206/206/206 205/205/205
f 210/210/210 209/209/209 208/208/208
f 213/213/213 212/212/212 211/211/211
f 216/216/216 215/215/215 214/214/214
f 219/219/219 218/218/218 217/217/217
f 222/222/222 221/221/221 220/220/220
f 225/225/225 224/224/224 223/223/223
f 228/228/228 227/227/227 226/226/226
f 231/231/231 230/230/230 229/229/229
f 234/234/234 233/233/233 232/232/232
f 237/237/237 236/236/236 235/235/235
f 240/240/240 239/239/239 238/238/238
f 243/243/243 242/242/242 241/241/241
f 246/246/246 245/245/245 244/244/244
f 249/249/249 248/248/248 247/247/247
f 252/252/252 251/251/251 250/250/250
f 255/255/255 254/254/254 253/253/253
f 258/258/258 257/257/257 256/256/256
f 261/261/261 260/260/260 259/259/259
f 264/264/264 263/263/263 262/262/262
f 267/267/267 266/266/266 265/265/265
f 270/270/270 269/269/269 268/268/268
f 273/273/273 272/272/272 271/271/271
f 276/276/276 275/275/275 274/274/274
f 279/279/279 278/278/278 277/277/277
f 282/282/282 281/281/281 280/280/280
f 285/285/285 284/284/284 283/283/283
f 288/288/288 287/287/287 286/286/286
f 291/291/291 290/290/290 289/289/289
f 294/294/294 293/293/293 292/292/292
f 297/297/297 296/296/296 295/295/295
f 300/300/300 299/299/299 298/298/298
f 303/303/303 302/302/302 301/301/301
f 306/306/306 305/305/305 304/304/304
f 309/309/309 308/308/308 307/307/307
f 312/312/312 311/311/311 310/310/310
f 315/315/315 314/314/314 313/313/313
f 318/318/318 317/317/317 316/316/316
f 321/321/321 320/320/320 319/319/319
f 324/324/324 323/323/323 322/322/322
f 327/327/327 326/326/326 325/325/325
f 330/330/330 329/329/329 328/328/328
f 333/333/333 332/332/332 331/331/331
f 336/336/336 335/335/335 334/334/334
f 339/339/339 338/338/338 337/337/337
f 342/342/342 341/341/341 340/340/340
f 345/345/345 344/344/344 343/343/343
f 348/348/348 347/347/347 346/346/346
f 351/351/351 350/350/350 349/349/349
f 354/354/354 353/353/353 352/352/352
f 357/357/357 356/356/356 355/355/355
f 360/360/360 359/359/359 358/358/358
f 363/363/363 362/362/362 361/361/361
f 366/366/366 365/365/365 364/364/364
f 369/369/369 368/368/368 367/367/367
f 372/372/372 371/371/371 370/370/370
f 375/375/375 374/374/374 373/373/373
f 376/376/376 375/375/375 373/373/373
f 379/379/379 378/378/378 377/377/377
f 380/380/380 379/379/379 377/377/377
f 383/383/383 382/382/382 381/381/381
f 384/384/384 383/383/383 381/381/381
f 387/387/387 386/386/386 385/385/385
f 388/388/388 387/387/387 385/385/385
f 391/391/391 390/390/390 389/389/389
f 392/392/392 391/391/391 389/389/389
f 395/395/395 394/394/394 393/393/393
f 396/396/396 395/395/395 393/393/393
f 399/399/399 398/398/398 397/397/397
f 400/400/400 399/399/399 397/397/397
f 403/403/403 402/402/402 401/401/401
f 404/404/404 403/403/403 401/401/401
f 407/407/407 406/406/406 405/405/405
f 408/408/408 407/407/407 405/405/405
f 411/411/411 410/410/410 409/409/409
f 412/412/412 411/411/411 409/409/409
f 415/415/415 414/414/414 413/413/413
f 416/416/416 415/415/415 413/413/413
f 419/419/419 418/418/418 417/417/417
f 420/420/420 419/419/419 417/417/417
f 423/423/423 422/422/422 421/421/421
f 424/424/424 423/423/423 421/421/421
f 427/427/427 426/426/426 425/425/425
f 428/428/428 427/427/427 425/425/425
f 431/431/431 430/430/430 429/429/429
f 432/432/432 431/431/431 429/429/429
f 435/435/435 434/434/434 433/433/433
f 436/436/436 435/435/435 433/433/433
f 439/439/439 438/438/438 437/437/437
f 440/440/440 439/439/439 437/437/437
f 443/443/443 442/442/442 441/441/441
f 444/444/444 443/443/443 441/441/441
f 447/447/447 446/446/446 445/445/445
f 448/448/448 447/447/447 445/445/445
f 451/451/451 450/450/450 449/449/449
f 452/452/452 451/451/451 449/449/449
f 455/455/455 454/454/454 453/453/453
f 456/456/456 455/455/455 453/453/453
f 459/459/459 458/458/458 457/457/457
f 460/460/460 459/459/459 457/457/457
f 463/463/463 462/462/462 461/461/461
f 464/464/464 463/463/463 461/461/461
f 467/467/467 466/466/466 465/465/465
f 468/468/468 467/467/467 465/465/465
f 471/471/471 470/470/470 469/469/469
f 472/472/472 471/471/471 469/469/469
f 475/475/475 474/474/474 473/473/473
f 476/476/476 475/475/475 473/473/473
f 479/479/479 478/478/478 477/477/477
f 480/480/480 479/479/479 477/477/477
f 483/483/483 482/482/482 481/481/481
f 484/484/484 483/483/483 481/481/481
f 487/487/487 486/486/486 485/485/485
f 488/488/488 487/487/487 485/485/485
f 491/491/491 490/490/490 489/489/489
f 492/492/492 491/491/491 489/489/489
f 495/495/495 494/494/494 493/493/493
f 496/496/496 495/495/495 493/493/493
f 499/499/499 498/498/498 497/497/497
f 500/500/500 499/499/499 497/497/497
f 503/503/503 502/502/502 501/501/501
f 504/504/504 503/503/503 501/501/501
f 507/507/507 506/506/506 505/505/505
f 508/508/508 507/507/507 505/505/505
f 511/511/511 510/510/510 509/509/509
f 512/512/512 511/511/511 509/509/509
f 515/515/515 514/514/514 513/513/513
f 516/516/516 515/515/515 513/513/513
f 519/519/519 518/518/518 517/517/517
f 520/520/520 519/519/519 517/517/517
f 523/523/523 522/522/522 521/521/521
f 524/524/524 523/523/523 521/521/521
f 527/527/527 526/526/526 525/525/525
f 528/528/528 527/527/527 525/525/525
f 531/531/531 530/530/530 529/529/529
f 532/532/532 531/531/531 529/529/529
f 535/535/535 534/534/534 533/533/533
f 536/536/536 535/535/535 533/533/533
f 539/539/539 538/538/538 537/537/537
f 540/540/540 539/539/539 537/537/537
f 543/543/543 542/542/542 541/541/541
f 544/544/544 543/543/543 541/541/541
f 547/547/547 546/546/546 545/545/545
f 548/548/548 547/547/547 545/545/545
f 551/551/551 550/550/550 549/549/549
f 552/552/552 551/551/551 549/549/549
f 555/555/555 554/554/554 553/553/553
f 556/556/556 555/555/555 553/553/553
f 559/559/559 558/558/558 557/557/557
f 560/560/560 559/559/559 557/557/557
f 563/563/563 562/562/562 561/561/561
f 564/564/564 563/563/563 561/561/561
f 567/567/567 566/566/566 565/565/565
f 568/568/568 567/567/567 565/565/565
f 571/571/571 570/570/570 569/569/569
f 572/572/572 571/571/571 569/569/569
f 575/575/575 574/574/574 573/573/573
f 576/576/576 575/575/575 573/573/573
f 579/579/579 578/578/578 577/577/577
f 580/580/580 579/579/579 577/577/577
f 580/580/580 577/577/577 581/581/581
f 582/582/582 579/579/579 580/580/580
f 583/583/583 580/580/580 581/581/581
f 581/581/581 584/584/584 583/583/583
f 585/585/585 582/582/582 580/580/580
f 585/585/585 580/580/580 583/583/583
f 586/586/586 582/582/582 585/585/585
f 587/587/587 586/586/586 585/585/585
f 587/587/587 585/585/585 588/588/588
f 588/588/588 585/585/585 583/583/583
f 589/589/589 587/587/587 588/588/588
f 583/583/583 590/590/590 588/588/588
f 584/584/584 590/590/590 583/583/583
f 588/588/588 591/591/591 589/589/589
f 590/590/590 591/591/591 588/588/588
f 591/591/591 592/592/592 589/589/589
f 591/591/591 593/593/593 592/592/592
f 593/593/593 594/594/594 592/592/592
f 590/590/590 595/595/595 591/591/591
f 595/595/595 593/593/593 591/591/591
f 584/584/584 596/596/596 590/590/590
f 596/596/596 595/595/595 590/590/590
f 594/594/594 593/593/593 597/597/597
f 598/598/598 594/594/594 597/597/597
f 595/595/595 599/599/599 593/593/593
f 599/599/599 597/597/597 593/593/593
f 598/598/598 597/597/597 600/600/600
f 601/601/601 598/598/598 600/600/600
f 602/602/602 601/601/601 600/600/600
f 603/603/603 596/596/596 584/584/584
f 584/584/584 604/604/604 603/603/603
f 604/604/604 605/605/605 603/603/603
f 596/596/596 606/606/606 595/595/595
f 606/606/606 599/599/599 595/595/595
f 599/599/599 607/607/607 597/597/597
f 607/607/607 600/600/600 597/597/597
f 608/608/608 602/602/602 600/600/600
f 602/602/602 608/608/608 609/609/609
f 610/610/610 608/608/608 600/600/600
f 607/607/607 610/610/610 600/600/600
f 608/608/608 610/610/610 609/609/609
f 611/611/611 607/607/607 599/599/599
f 606/606/606 611/611/611 599/599/599
f 612/612/612 610/610/610 607/607/607
f 610/610/610 612/612/612 609/609/609
f 611/611/611 612/612/612 607/607/607
f 613/613/613 606/606/606 596/596/596
f 603/603/603 613/613/613 596/596/596
f 614/614/614 612/612/612 611/611/611
f 612/612/612 614/614/614 609/609/609
f 615/615/615 611/611/611 606/606/606
f 615/615/615 614/614/614 611/611/611
f 613/613/613 615/615/615 606/606/606
f 616/616/616 614/614/614 615/615/615
f 614/614/614 616/616/616 609/609/609
f 617/617/617 615/615/615 613/613/613
f 617/617/617 616/616/616 615/615/615
f 618/618/618 613/613/613 603/603/603
f 618/618/618 617/617/617 613/613/613
f 616/616/616 619/619/619 609/609/609
f 619/619/619 616/616/616 617/617/617
f 619/619/619 620/620/620 609/609/609
f 620/620/620 621/621/621 609/609/609
f 622/622/622 619/619/619 617/617/617
f 620/620/620 619/619/619 622/622/622
f 622/622/622 617/617/617 618/618/618
f 621/621/621 620/620/620 623/623/623
f 623/623/623 620/620/620 622/622/622
f 624/624/624 621/621/621 623/623/623
f 625/625/625 618/618/618 603/603/603
f 603/603/603 605/605/605 625/625/625
f 626/626/626 622/622/622 618/618/618
f 623/623/623 622/622/622 626/626/626
f 626/626/626 618/618/618 625/625/625
f 624/624/624 623/623/623 627/627/627
f 627/627/627 623/623/623 626/626/626
f 628/628/628 624/624/624 627/627/627
f 605/605/605 629/629/629 625/625/625
f 605/605/605 630/630/630 629/629/629
f 630/630/630 631/631/631 629/629/629
f 632/632/632 626/626/626 625/625/625
f 625/625/625 629/629/629 632/632/632
f 627/627/627 626/626/626 632/632/632
f 629/629/629 633/633/633 632/632/632
f 628/628/628 627/627/627 634/634/634
f 634/634/634 627/627/627 632/632/632
f 632/632/632 633/633/633 634/634/634
f 635/635/635 628/628/628 634/634/634
f 633/633/633 636/636/636 634/634/634
f 634/634/634 636/636/636 635/635/635
f 636/636/636 637/637/637 635/635/635
f 640/640/640 639/639/639 638/638/638
f 641/641/641 640/640/640 638/638/638
f 644/644/644 643/643/643 642/642/642
f 645/645/645 644/644/644 642/642/642
f 648/648/648 647/647/647 646/646/646
f 649/649/649 648/648/648 646/646/646
f 652/652/652 651/651/651 650/650/650
f 653/653/653 652/652/652 650/650/650
f 656/656/656 655/655/655 654/654/654
f 657/657/657 656/656/656 654/654/654
f 660/660/660 659/659/659 658/658/658
f 661/661/661 660/660/660 658/658/658
f 664/664/664 663/663/663 662/662/662
f 665/665/665 664/664/664 662/662/662
f 668/668/668 667/667/667 666/666/666
f 669/669/669 668/668/668 666/666/666
f 672/672/672 671/671/671 670/670/670
f 673/673/673 672/672/672 670/670/670
f 676/676/676 675/675/675 674/674/674
f 677/677/677 674/674/674 675/675/675
f 678/678/678 677/677/677 675/675/675
f 677/677/677 678/678/678 679/679/679
f 674/674/674 677/677/677 680/680/680
f 681/681/681 677/677/677 679/679/679
f 677/677/677 681/681/681 680/680/680
f 681/681/681 679/679/679 682/682/682
f 681/681/681 683/683/683 680/680/680
f 684/684/684 680/680/680 683/683/683
f 681/681/681 682/682/682 685/685/685
f 686/686/686 685/685/685 682/682/682
f 686/686/686 687/687/687 685/685/685
f 687/687/687 688/688/688 685/685/685
f 689/689/689 683/683/683 681/681/681
f 685/685/685 689/689/689 681/681/681
f 685/685/685 688/688/688 690/690/690
f 689/689/689 685/685/685 690/690/690
f 691/691/691 690/690/690 688/688/688
f 692/692/692 684/684/684 683/683/683
f 692/692/692 683/683/683 689/689/689
f 690/690/690 693/693/693 689/689/689
f 690/690/690 691/691/691 693/693/693
f 689/689/689 693/693/693 692/692/692
f 691/691/691 694/694/694 693/693/693
f 694/694/694 691/691/691 695/695/695
f 696/696/696 694/694/694 695/695/695
f 697/697/697 684/684/684 692/692/692
f 684/684/684 697/697/697 698/698/698
f 697/697/697 699/699/699 698/698/698
f 699/699/699 697/697/697 700/700/700
f 697/697/697 692/692/692 701/701/701
f 697/697/697 701/701/701 700/700/700
f 693/693/693 701/701/701 692/692/692
f 700/700/700 701/701/701 702/702/702
f 703/703/703 701/701/701 693/693/693
f 701/701/701 703/703/703 702/702/702
f 693/693/693 694/694/694 703/703/703
f 694/694/694 702/702/702 703/703/703
f 704/704/704 702/702/702 694/694/694
f 704/704/704 694/694/694 705/705/705
f 705/705/705 694/694/694 706/706/706
f 705/705/705 706/706/706 707/707/707
f 706/706/706 694/694/694 708/708/708
f 694/694/694 696/696/696 708/708/708
f 709/709/709 707/707/707 706/706/706
f 706/706/706 708/708/708 709/709/709
f 708/708/708 696/696/696 710/710/710
f 708/708/708 710/710/710 709/709/709
f 709/709/709 711/711/711 707/707/707
f 711/711/711 712/712/712 707/707/707
f 712/712/712 711/711/711 713/713/713
f 713/713/713 711/711/711 714/714/714
f 711/711/711 709/709/709 714/714/714
f 710/710/710 714/714/714 709/709/709
f 715/715/715 710/710/710 696/696/696
f 710/710/710 715/715/715 714/714/714
f 715/715/715 696/696/696 716/716/716
f 696/696/696 717/717/717 716/716/716
f 714/714/714 715/715/715 718/718/718
f 716/716/716 718/718/718 715/715/715
f 718/718/718 719/719/719 714/714/714
f 716/716/716 719/719/719 718/718/718
f 719/719/719 713/713/713 714/714/714
f 720/720/720 719/719/719 716/716/716
f 721/721/721 720/720/720 716/716/716
f 721/721/721 722/722/722 720/720/720
f 723/723/723 719/719/719 720/720/720
f 713/713/713 719/719/719 723/723/723
f 722/722/722 724/724/724 720/720/720
f 723/723/723 720/720/720 724/724/724
f 722/722/722 725/725/725 724/724/724
f 726/726/726 724/724/724 725/725/725
f 726/726/726 723/723/723 724/724/724
f 726/726/726 725/725/725 727/727/727
f 726/726/726 727/727/727 723/723/723
f 713/713/713 723/723/723 727/727/727
f 713/713/713 727/727/727 728/728/728
f 728/728/728 729/729/729 713/713/713
f 729/729/729 730/730/730 713/713/713
f 730/730/730 712/712/712 713/713/713
f 730/730/730 729/729/729 731/731/731
f 712/712/712 730/730/730 731/731/731
f 734/734/734 733/733/733 732/732/732
f 735/735/735 734/734/734 732/732/732
f 738/738/738 737/737/737 736/736/736
f 739/739/739 738/738/738 736/736/736
f 742/742/742 741/741/741 740/740/740
f 743/743/743 742/742/742 740/740/740
f 746/746/746 745/745/745 744/744/744
f 747/747/747 746/746/746 744/744/744
f 750/750/750 749/749/749 748/748/748
f 751/751/751 750/750/750 748/748/748
f 754/754/754 753/753/753 752/752/752
f 755/755/755 754/754/754 752/752/752
f 758/758/758 757/757/757 756/756/756
f 759/759/759 758/758/758 756/756/756
f 762/762/762 761/761/761 760/760/760
f 763/763/763 762/762/762 760/760/760
f 766/766/766 765/765/765 764/764/764
f 767/767/767 766/766/766 764/764/764
f 770/770/770 769/769/769 768/768/768
f 771/771/771 770/770/770 768/768/768
f 774/774/774 773/773/773 772/772/772
f 775/775/775 774/774/774 772/772/772
f 778/778/778 777/777/777 776/776/776
f 779/779/779 778/778/778 776/776/776
f 782/782/782 781/781/781 780/780/780
f 783/783/783 782/782/782 780/780/780
f 786/786/786 785/785/785 784/784/784
f 787/787/787 786/786/786 784/784/784
f 790/790/790 789/789/789 788/788/788
f 791/791/791 790/790/790 788/788/788
f 794/794/794 793/793/793 792/792/792
f 795/795/795 794/794/794 792/792/792
f 798/798/798 797/797/797 796/796/796
f 799/799/799 798/798/798 796/796/796
f 802/802/802 801/801/801 800/800/800
f 803/803/803 802/802/802 800/800/800
f 806/806/806 805/805/805 804/804/804
f 807/807/807 806/806/806 804/804/804
f 810/810/810 809/809/809 808/808/808
f 811/811/811 810/810/810 808/808/808
f 814/814/814 813/813/813 812/812/812
f 815/815/815 814/814/814 812/812/812
f 818/818/818 817/817/817 816/816/816
f 819/819/819 818/818/818 816/816/816
f 822/822/822 821/821/821 820/820/820
f 823/823/823 822/822/822 820/820/820
f 826/826/826 825/825/825 824/824/824
f 827/827/827 826/826/826 824/824/824
f 830/830/830 829/829/829 828/828/828
f 831/831/831 830/830/830 828/828/828
f 834/834/834 833/833/833 832/832/832
f 835/835/835 834/834/834 832/832/832
f 838/838/838 837/837/837 836/836/836
f 839/839/839 838/838/838 836/836/836
f 842/842/842 841/841/841 840/840/840
f 843/843/843 842/842/842 840/840/840
f 846/846/846 845/845/845 844/844/844
f 847/847/847 846/846/846 844/844/844
f 850/850/850 849/849/849 848/848/848
f 851/851/851 850/850/850 848/848/848
f 854/854/854 853/853/853 852/852/852
f 855/855/855 854/854/854 852/852/852
f 858/858/858 857/857/857 856/856/856
f 859/859/859 858/858/858 856/856/856
f 862/862/862 861/861/861 860/860/860
f 863/863/863 862/862/862 860/860/860
f 866/866/866 865/865/865 864/864/864
f 867/867/867 866/866/866 864/864/864
f 870/870/870 869/869/869 868/868/868
f 871/871/871 870/870/870 868/868/868
f 874/874/874 873/873/873 872/872/872
f 875/875/875 874/874/874 872/872/872
f 878/878/878 877/877/877 876/876/876
f 879/879/879 878/878/878 876/876/876
f 882/882/882 881/881/881 880/880/880
f 883/883/883 882/882/882 880/880/880
f 886/886/886 885/885/885 884/884/884
f 887/887/887 886/886/886 884/884/884
f 890/890/890 889/889/889 888/888/888
f 891/891/891 890/890/890 888/888/888
f 894/894/894 893/893/893 892/892/892
f 895/895/895 894/894/894 892/892/892
f 898/898/898 897/897/897 896/896/896
f 899/899/899 898/898/898 896/896/896
f 902/902/902 901/901/901 900/900/900
f 903/903/903 902/902/902 900/900/900
f 906/906/906 905/905/905 904/904/904
f 907/907/907 906/906/906 904/904/904
f 910/910/910 909/909/909 908/908/908
f 911/911/911 910/910/910 908/908/908
f 914/914/914 913/913/913 912/912/912
f 915/915/915 914/914/914 912/912/912
f 918/918/918 917/917/917 916/916/916
f 919/919/919 918/918/918 916/916/916
f 922/922/922 921/921/921 920/920/920
f 923/923/923 922/922/922 920/920/920
f 926/926/926 925/925/925 924/924/924
f 927/927/927 926/926/926 924/924/924
f 930/930/930 929/929/929 928/928/928
f 931/931/931 930/930/930 928/928/928
f 934/934/934 933/933/933 932/932/932
f 935/935/935 934/934/934 932/932/932
f 938/938/938 937/937/937 936/936/936
f 939/939/939 938/938/938 936/936/936
f 942/942/942 941/941/941 940/940/940
f 943/943/943 942/942/942 940/940/940
f 946/946/946 945/945/945 944/944/944
f 947/947/947 946/946/946 944/944/944
f 948/948/948 946/946/946 947/947/947
f 949/949/949 948/948/948 947/947/947
f 948/948/948 949/949/949 950/950/950
f 951/951/951 948/948/948 950/950/950
f 951/951/951 950/950/950 952/952/952
f 953/953/953 951/951/951 952/952/952
f 954/954/954 953/953/953 952/952/952
f 955/955/955 954/954/954 952/952/952
f 956/956/956 954/954/954 955/955/955
f 957/957/957 956/956/956 955/955/955
f 960/960/960 959/959/959 958/958/958
f 961/961/961 960/960/960 958/958/958
f 958/958/958 962/962/962 961/961/961
f 962/962/962 958/958/958 963/963/963
f 958/958/958 964/964/964 963/963/963
f 964/964/964 958/958/958 965/965/965
f 963/963/963 964/964/964 966/966/966
f 967/967/967 964/964/964 965/965/965
f 967/967/967 965/965/965 968/968/968
f 964/964/964 969/969/969 966/966/966
f 969/969/969 964/964/964 967/967/967
f 969/969/969 970/970/970 966/966/966
f 970/970/970 971/971/971 966/966/966
f 972/972/972 969/969/969 967/967/967
f 969/969/969 972/972/972 970/970/970
f 973/973/973 967/967/967 968/968/968
f 972/972/972 967/967/967 973/973/973
f 970/970/970 974/974/974 971/971/971
f 974/974/974 975/975/975 971/971/971
f 975/975/975 974/974/974 976/976/976
f 972/972/972 977/977/977 970/970/970
f 970/970/970 977/977/977 974/974/974
f 974/974/974 978/978/978 976/976/976
f 976/976/976 978/978/978 979/979/979
f 980/980/980 973/973/973 968/968/968
f 981/981/981 980/980/980 968/968/968
f 982/982/982 972/972/972 973/973/973
f 977/977/977 972/972/972 982/982/982
f 977/977/977 983/983/983 974/974/974
f 978/978/978 974/974/974 983/983/983
f 978/978/978 984/984/984 979/979/979
f 985/985/985 979/979/979 984/984/984
f 984/984/984 986/986/986 985/985/985
f 984/984/984 987/987/987 986/986/986
f 984/984/984 978/978/978 988/988/988
f 987/987/987 984/984/984 988/988/988
f 988/988/988 978/978/978 983/983/983
f 983/983/983 977/977/977 989/989/989
f 989/989/989 977/977/977 982/982/982
f 990/990/990 982/982/982 973/973/973
f 980/980/980 990/990/990 973/973/973
f 987/987/987 988/988/988 991/991/991
f 992/992/992 987/987/987 991/991/991
f 993/993/993 992/992/992 991/991/991
f 988/988/988 983/983/983 994/994/994
f 991/991/991 988/988/988 994/994/994
f 994/994/994 983/983/983 989/989/989
f 995/995/995 989/989/989 982/982/982
f 990/990/990 995/995/995 982/982/982
f 996/996/996 993/993/993 991/991/991
f 996/996/996 991/991/991 994/994/994
f 997/997/997 994/994/994 989/989/989
f 995/995/995 997/997/997 989/989/989
f 997/997/997 996/996/996 994/994/994
f 998/998/998 993/993/993 996/996/996
f 999/999/999 993/993/993 998/998/998
f 1000/1000/1000 999/999/999 998/998/998
f 998/998/998 1001/1001/1001 1000/1000/1000
f 1002/1002/1002 998/998/998 996/996/996
f 998/998/998 1002/1002/1002 1001/1001/1001
f 1002/1002/1002 996/996/996 997/997/997
f 1002/1002/1002 1003/1003/1003 1001/1001/1001
f 1004/1004/1004 1002/1002/1002 997/997/997
f 1002/1002/1002 1004/1004/1004 1003/1003/1003
f 997/997/997 995/995/995 1004/1004/1004
f 1004/1004/1004 1005/1005/1005 1003/1003/1003
f 1005/1005/1005 1004/1004/1004 1006/1006/1006
f 995/995/995 1007/1007/1007 1004/1004/1004
f 1004/1004/1004 1007/1007/1007 1006/1006/1006
f 995/995/995 990/990/990 1007/1007/1007
f 1006/1006/1006 1007/1007/1007 1008/1008/1008
f 990/990/990 1009/1009/1009 1007/1007/1007
f 1007/1007/1007 1009/1009/1009 1008/1008/1008
f 1009/1009/1009 990/990/990 980/980/980
f 1009/1009/1009 1010/1010/1010 1008/1008/1008
f 1010/1010/1010 1009/1009/1009 980/980/980
f 1010/1010/1010 980/980/980 981/981/981
f 1010/1010/1010 1011/1011/1011 1008/1008/1008
f 1012/1012/1012 1010/1010/1010 981/981/981
f 1010/1010/1010 1012/1012/1012 1011/1011/1011
f 1012/1012/1012 1013/1013/1013 1011/1011/1011
f 1014/1014/1014 1013/1013/1013 1012/1012/1012
f 1012/1012/1012 1015/1015/1015 1014/1014/1014
f 1012/1012/1012 1016/1016/1016 1015/1015/1015
f 1019/1019/1019 1018/1018/1018 1017/1017/1017
f 1018/1018/1018 1020/1020/1020 1017/1017/1017
f 1017/1017/1017 1020/1020/1020 1021/1021/1021
f 1020/1020/1020 1022/1022/1022 1021/1021/1021
f 1021/1021/1021 1022/1022/1022 1023/1023/1023
f 1022/1022/1022 1024/1024/1024 1023/1023/1023
f 1023/1023/1023 1024/1024/1024 1025/1025/1025
f 1024/1024/1024 1026/1026/1026 1025/1025/1025
f 1025/1025/1025 1026/1026/1026 1027/1027/1027
f 1026/1026/1026 1028/1028/1028 1027/1027/1027
f 1027/1027/1027 1028/1028/1028 1029/1029/1029
f 1028/1028/1028 1030/1030/1030 1029/1029/1029
f 1033/1033/1033 1032/1032/1032 1031/1031/1031
f 1034/1034/1034 1033/1033/1033 1031/1031/1031
f 1037/1037/1037 1036/1036/1036 1035/1035/1035
f 1038/1038/1038 1037/1037/1037 1035/1035/1035
f 1041/1041/1041 1040/1040/1040 1039/1039/1039
f 1042/1042/1042 1041/1041/1041 1039/1039/1039
f 1045/1045/1045 1044/1044/1044 1043/1043/1043
f 1046/1046/1046 1045/1045/1045 1043/1043/1043
f 1049/1049/1049 1048/1048/1048 1047/1047/1047
f 1050/1050/1050 1049/1049/1049 1047/1047/1047
f 1053/1053/1053 1052/1052/1052 1051/1051/1051
f 1054/1054/1054 1053/1053/1053 1051/1051/1051
f 1057/1057/1057 1056/1056/1056 1055/1055/1055
f 1058/1058/1058 1057/1057/1057 1055/1055/1055
f 1061/1061/1061 1060/1060/1060 1059/1059/1059
f 1062/1062/1062 1061/1061/1061 1059/1059/1059
f 1065/1065/1065 1064/1064/1064 1063/1063/1063
f 1066/1066/1066 1065/1065/1065 1063/1063/1063
f 1069/1069/1069 1068/1068/1068 1067/1067/1067
f 1070/1070/1070 1069/1069/1069 1067/1067/1067
f 1073/1073/1073 1072/1072/1072 1071/1071/1071
f 1074/1074/1074 1073/1073/1073 1071/1071/1071
f 1077/1077/1077 1076/1076/1076 1075/1075/1075
f 1078/1078/1078 1077/1077/1077 1075/1075/1075
f 1081/1081/1081 1080/1080/1080 1079/1079/1079
f 1082/1082/1082 1081/1081/1081 1079/1079/1079
f 1085/1085/1085 1084/1084/1084 1083/1083/1083
f 1086/1086/1086 1085/1085/1085 1083/1083/1083
f 1089/1089/1089 1088/1088/1088 1087/1087/1087
f 1090/1090/1090 1089/1089/1089 1087/1087/1087
f 1093/1093/1093 1092/1092/1092 1091/1091/1091
f 1094/1094/1094 1093/1093/1093 1091/1091/1091
f 1097/1097/1097 1096/1096/1096 1095/1095/1095
f 1098/1098/1098 1097/1097/1097 1095/1095/1095
f 1101/1101/1101 1100/1100/1100 1099/1099/1099
f 1102/1102/1102 1101/1101/1101 1099/1099/1099
f 1105/1105/1105 1104/1104/1104 1103/1103/1103
f 1106/1106/1106 1105/1105/1105 1103/1103/1103
f 1109/1109/1109 1108/1108/1108 1107/1107/1107
f 1110/1110/1110 1109/1109/1109 1107/1107/1107
f 1113/1113/1113 1112/1112/1112 1111/1111/1111
f 1114/1114/1114 1113/1113/1113 1111/1111/1111
f 1117/1117/1117 1116/1116/1116 1115/1115/1115
f 1118/1118/1118 1117/1117/1117 1115/1115/1115
f 1121/1121/1121 1120/1120/1120 1119/1119/1119
f 1122/1122/1122 1121/1121/1121 1119/1119/1119
f 1125/1125/1125 1124/1124/1124 1123/1123/1123
f 1126/1126/1126 1125/1125/1125 1123/1123/1123
f 1129/1129/1129 1128/1128/1128 1127/1127/1127
f 1130/1130/1130 1129/1129/1129 1127/1127/1127
f 1133/1133/1133 1132/1132/1132 1131/1131/1131
f 1134/1134/1134 1133/1133/1133 1131/1131/1131
f 1137/1137/1137 1136/1136/1136 1135/1135/1135
f 1138/1138/1138 1137/1137/1137 1135/1135/1135
f 1141/1141/1141 1140/1140/1140 1139/1139/1139
f 1142/1142/1142 1141/1141/1141 1139/1139/1139
f 1145/1145/1145 1144/1144/1144 1143/1143/1143
f 1146/1146/1146 1145/1145/1145 1143/1143/1143
f 1149/1149/1149 1148/1148/1148 1147/1147/1147
f 1150/1150/1150 1149/1149/1149 1147/1147/1147
f 1153/1153/1153 1152/1152/1152 1151/1151/1151
f 1154/1154/1154 1153/1153/1153 1151/1151/1151
f 1157/1157/1157 1156/1156/1156 1155/1155/1155
f 1158/1158/1158 1157/1157/1157 1155/1155/1155
f 1161/1161/1161 1160/1160/1160 1159/1159/1159
f 1162/1162/1162 1161/1161/1161 1159/1159/1159
f 1165/1165/1165 1164/1164/1164 1163/1163/1163
f 1166/1166/1166 1165/1165/1165 1163/1163/1163
f 1169/1169/1169 1168/1168/1168 1167/1167/1167
f 1170/1170/1170 1169/1169/1169 1167/1167/1167
f 1173/1173/1173 1172/1172/1172 1171/1171/1171
f 1174/1174/1174 1173/1173/1173 1171/1171/1171
f 1177/1177/1177 1176/1176/1176 1175/1175/1175
f 1178/1178/1178 1177/1177/1177 1175/1175/1175
f 1181/1181/1181 1180/1180/1180 1179/1179/1179
f 1182/1182/1182 1181/1181/1181 1179/1179/1179
f 1185/1185/1185 1184/1184/1184 1183/1183/1183
f 1186/1186/1186 1185/1185/1185 1183/1183/1183
f 1189/1189/1189 1188/1188/1188 1187/1187/1187
f 1190/1190/1190 1189/1189/1189 1187/1187/1187
f 1193/1193/1193 1192/1192/1192 1191/1191/1191
f 1194/1194/1194 1193/1193/1193 1191/1191/1191
f 1197/1197/1197 1196/1196/1196 1195/1195/1195
f 1196/1196/1196 1198/1198/1198 1195/1195/1195
f 1195/1195/1195 1198/1198/1198 1199/1199/1199
f 1196/1196/1196 1200/1200/1200 1198/1198/1198
f 1198/1198/1198 1201/1201/1201 1199/1199/1199
f 1202/1202/1202 1199/1199/1199 1201/1201/1201
f 1200/1200/1200 1203/1203/1203 1198/1198/1198
f 1198/1198/1198 1203/1203/1203 1201/1201/1201
f 1200/1200/1200 1204/1204/1204 1203/1203/1203
f 1204/1204/1204 1205/1205/1205 1203/1203/1203
f 1203/1203/1203 1205/1205/1205 1206/1206/1206
f 1203/1203/1203 1206/1206/1206 1201/1201/1201
f 1205/1205/1205 1207/1207/1207 1206/1206/1206
f 1208/1208/1208 1201/1201/1201 1206/1206/1206
f 1208/1208/1208 1202/1202/1202 1201/1201/1201
f 1209/1209/1209 1206/1206/1206 1207/1207/1207
f 1209/1209/1209 1208/1208/1208 1206/1206/1206
f 1210/1210/1210 1209/1209/1209 1207/1207/1207
f 1211/1211/1211 1209/1209/1209 1210/1210/1210
f 1212/1212/1212 1211/1211/1211 1210/1210/1210
f 1213/1213/1213 1208/1208/1208 1209/1209/1209
f 1211/1211/1211 1213/1213/1213 1209/1209/1209
f 1214/1214/1214 1202/1202/1202 1208/1208/1208
f 1213/1213/1213 1214/1214/1214 1208/1208/1208
f 1211/1211/1211 1212/1212/1212 1215/1215/1215
f 1212/1212/1212 1216/1216/1216 1215/1215/1215
f 1217/1217/1217 1213/1213/1213 1211/1211/1211
f 1215/1215/1215 1217/1217/1217 1211/1211/1211
f 1215/1215/1215 1216/1216/1216 1218/1218/1218
f 1216/1216/1216 1219/1219/1219 1218/1218/1218
f 1219/1219/1219 1220/1220/1220 1218/1218/1218
f 1214/1214/1214 1221/1221/1221 1202/1202/1202
f 1222/1222/1222 1202/1202/1202 1221/1221/1221
f 1223/1223/1223 1222/1222/1222 1221/1221/1221
f 1224/1224/1224 1214/1214/1214 1213/1213/1213
f 1217/1217/1217 1224/1224/1224 1213/1213/1213
f 1225/1225/1225 1217/1217/1217 1215/1215/1215
f 1218/1218/1218 1225/1225/1225 1215/1215/1215
f 1220/1220/1220 1226/1226/1226 1218/1218/1218
f 1226/1226/1226 1220/1220/1220 1227/1227/1227
f 1226/1226/1226 1228/1228/1228 1218/1218/1218
f 1228/1228/1228 1225/1225/1225 1218/1218/1218
f 1228/1228/1228 1226/1226/1226 1227/1227/1227
f 1225/1225/1225 1229/1229/1229 1217/1217/1217
f 1229/1229/1229 1224/1224/1224 1217/1217/1217
f 1228/1228/1228 1230/1230/1230 1225/1225/1225
f 1230/1230/1230 1228/1228/1228 1227/1227/1227
f 1230/1230/1230 1229/1229/1229 1225/1225/1225
f 1224/1224/1224 1231/1231/1231 1214/1214/1214
f 1231/1231/1231 1221/1221/1221 1214/1214/1214
f 1230/1230/1230 1232/1232/1232 1229/1229/1229
f 1232/1232/1232 1230/1230/1230 1227/1227/1227
f 1229/1229/1229 1233/1233/1233 1224/1224/1224
f 1232/1232/1232 1233/1233/1233 1229/1229/1229
f 1233/1233/1233 1231/1231/1231 1224/1224/1224
f 1232/1232/1232 1234/1234/1234 1233/1233/1233
f 1234/1234/1234 1232/1232/1232 1227/1227/1227
f 1233/1233/1233 1235/1235/1235 1231/1231/1231
f 1234/1234/1234 1235/1235/1235 1233/1233/1233
f 1231/1231/1231 1236/1236/1236 1221/1221/1221
f 1235/1235/1235 1236/1236/1236 1231/1231/1231
f 1237/1237/1237 1234/1234/1234 1227/1227/1227
f 1234/1234/1234 1237/1237/1237 1235/1235/1235
f 1238/1238/1238 1237/1237/1237 1227/1227/1227
f 1239/1239/1239 1238/1238/1238 1227/1227/1227
f 1237/1237/1237 1240/1240/1240 1235/1235/1235
f 1237/1237/1237 1238/1238/1238 1240/1240/1240
f 1235/1235/1235 1240/1240/1240 1236/1236/1236
f 1238/1238/1238 1239/1239/1239 1241/1241/1241
f 1238/1238/1238 1241/1241/1241 1240/1240/1240
f 1239/1239/1239 1242/1242/1242 1241/1241/1241
f 1236/1236/1236 1243/1243/1243 1221/1221/1221
f 1223/1223/1223 1221/1221/1221 1243/1243/1243
f 1240/1240/1240 1244/1244/1244 1236/1236/1236
f 1240/1240/1240 1241/1241/1241 1244/1244/1244
f 1236/1236/1236 1244/1244/1244 1243/1243/1243
f 1241/1241/1241 1242/1242/1242 1245/1245/1245
f 1241/1241/1241 1245/1245/1245 1244/1244/1244
f 1242/1242/1242 1246/1246/1246 1245/1245/1245
f 1247/1247/1247 1223/1223/1223 1243/1243/1243
f 1248/1248/1248 1223/1223/1223 1247/1247/1247
f 1249/1249/1249 1248/1248/1248 1247/1247/1247
f 1244/1244/1244 1250/1250/1250 1243/1243/1243
f 1247/1247/1247 1243/1243/1243 1250/1250/1250
f 1244/1244/1244 1245/1245/1245 1250/1250/1250
f 1251/1251/1251 1247/1247/1247 1250/1250/1250
f 1245/1245/1245 1246/1246/1246 1252/1252/1252
f 1245/1245/1245 1252/1252/1252 1250/1250/1250
f 1251/1251/1251 1250/1250/1250 1252/1252/1252
f 1246/1246/1246 1253/1253/1253 1252/1252/1252
f 1254/1254/1254 1251/1251/1251 1252/1252/1252
f 1254/1254/1254 1252/1252/1252 1253/1253/1253
f 1255/1255/1255 1254/1254/1254 1253/1253/1253
f 1258/1258/1258 1257/1257/1257 1256/1256/1256
f 1259/1259/1259 1258/1258/1258 1256/1256/1256
f 1262/1262/1262 1261/1261/1261 1260/1260/1260
f 1263/1263/1263 1262/1262/1262 1260/1260/1260
f 1266/1266/1266 1265/1265/1265 1264/1264/1264
f 1267/1267/1267 1266/1266/1266 1264/1264/1264
f 1270/1270/1270 1269/1269/1269 1268/1268/1268
f 1271/1271/1271 1270/1270/1270 1268/1268/1268
f 1274/1274/1274 1273/1273/1273 1272/1272/1272
f 1275/1275/1275 1274/1274/1274 1272/1272/1272
f 1278/1278/1278 1277/1277/1277 1276/1276/1276
f 1279/1279/1279 1278/1278/1278 1276/1276/1276
f 1282/1282/1282 1281/1281/1281 1280/1280/1280
f 1283/1283/1283 1282/1282/1282 1280/1280/1280
f 1286/1286/1286 1285/1285/1285 1284/1284/1284
f 1287/1287/1287 1286/1286/1286 1284/1284/1284
f 1290/1290/1290 1289/1289/1289 1288/1288/1288
f 1288/1288/1288 1291/1291/1291 1290/1290/1290
f 1291/1291/1291 1292/1292/1292 1290/1290/1290
f 1292/1292/1292 1291/1291/1291 1293/1293/1293
f 1291/1291/1291 1288/1288/1288 1294/1294/1294
f 1291/1291/1291 1295/1295/1295 1293/1293/1293
f 1295/1295/1295 1291/1291/1291 1294/1294/1294
f 1293/1293/1293 1295/1295/1295 1296/1296/1296
f 1297/1297/1297 1295/1295/1295 1294/1294/1294
f 1294/1294/1294 1298/1298/1298 1297/1297/1297
f 1296/1296/1296 1295/1295/1295 1299/1299/1299
f 1299/1299/1299 1300/1300/1300 1296/1296/1296
f 1301/1301/1301 1300/1300/1300 1299/1299/1299
f 1302/1302/1302 1301/1301/1301 1299/1299/1299
f 1297/1297/1297 1303/1303/1303 1295/1295/1295
f 1303/1303/1303 1299/1299/1299 1295/1295/1295
f 1302/1302/1302 1299/1299/1299 1304/1304/1304
f 1299/1299/1299 1303/1303/1303 1304/1304/1304
f 1304/1304/1304 1305/1305/1305 1302/1302/1302
f 1298/1298/1298 1306/1306/1306 1297/1297/1297
f 1297/1297/1297 1306/1306/1306 1303/1303/1303
f 1307/1307/1307 1304/1304/1304 1303/1303/1303
f 1305/1305/1305 1304/1304/1304 1307/1307/1307
f 1307/1307/1307 1303/1303/1303 1306/1306/1306
f 1308/1308/1308 1305/1305/1305 1307/1307/1307
f 1305/1305/1305 1308/1308/1308 1309/1309/1309
f 1308/1308/1308 1310/1310/1310 1309/1309/1309
f 1298/1298/1298 1311/1311/1311 1306/1306/1306
f 1311/1311/1311 1298/1298/1298 1312/1312/1312
f 1313/1313/1313 1311/1311/1311 1312/1312/1312
f 1311/1311/1311 1313/1313/1313 1314/1314/1314
f 1306/1306/1306 1311/1311/1311 1315/1315/1315
f 1315/1315/1315 1311/1311/1311 1314/1314/1314
f 1315/1315/1315 1307/1307/1307 1306/1306/1306
f 1315/1315/1315 1314/1314/1314 1316/1316/1316
f 1315/1315/1315 1317/1317/1317 1307/1307/1307
f 1317/1317/1317 1315/1315/1315 1316/1316/1316
f 1308/1308/1308 1307/1307/1307 1317/1317/1317
f 1316/1316/1316 1308/1308/1308 1317/1317/1317
f 1316/1316/1316 1318/1318/1318 1308/1308/1308
f 1308/1308/1308 1318/1318/1318 1319/1319/1319
f 1308/1308/1308 1319/1319/1319 1320/1320/1320
f 1320/1320/1320 1319/1319/1319 1321/1321/1321
f 1308/1308/1308 1320/1320/1320 1322/1322/1322
f 1310/1310/1310 1308/1308/1308 1322/1322/1322
f 1321/1321/1321 1323/1323/1323 1320/1320/1320
f 1322/1322/1322 1320/1320/1320 1323/1323/1323
f 1310/1310/1310 1322/1322/1322 1324/1324/1324
f 1324/1324/1324 1322/1322/1322 1323/1323/1323
f 1325/1325/1325 1323/1323/1323 1321/1321/1321
f 1326/1326/1326 1325/1325/1325 1321/1321/1321
f 1325/1325/1325 1326/1326/1326 1327/1327/1327
f 1325/1325/1325 1327/1327/1327 1328/1328/1328
f 1323/1323/1323 1325/1325/1325 1328/1328/1328
f 1328/1328/1328 1324/1324/1324 1323/1323/1323
f 1324/1324/1324 1329/1329/1329 1310/1310/1310
f 1329/1329/1329 1324/1324/1324 1328/1328/1328
f 1310/1310/1310 1329/1329/1329 1330/1330/1330
f 1331/1331/1331 1310/1310/1310 1330/1330/1330
f 1329/1329/1329 1328/1328/1328 1332/1332/1332
f 1332/1332/1332 1330/1330/1330 1329/1329/1329
f 1333/1333/1333 1332/1332/1332 1328/1328/1328
f 1333/1333/1333 1330/1330/1330 1332/1332/1332
f 1327/1327/1327 1333/1333/1333 1328/1328/1328
f 1333/1333/1333 1334/1334/1334 1330/1330/1330
f 1334/1334/1334 1335/1335/1335 1330/1330/1330
f 1336/1336/1336 1335/1335/1335 1334/1334/1334
f 1333/1333/1333 1337/1337/1337 1334/1334/1334
f 1333/1333/1333 1327/1327/1327 1337/1337/1337
f 1338/1338/1338 1336/1336/1336 1334/1334/1334
f 1334/1334/1334 1337/1337/1337 1338/1338/1338
f 1339/1339/1339 1336/1336/1336 1338/1338/1338
f 1338/1338/1338 1340/1340/1340 1339/1339/1339
f 1337/1337/1337 1340/1340/1340 1338/1338/1338
f 1339/1339/1339 1340/1340/1340 1341/1341/1341
f 1341/1341/1341 1340/1340/1340 1337/1337/1337
f 1337/1337/1337 1327/1327/1327 1341/1341/1341
f 1341/1341/1341 1327/1327/1327 1342/1342/1342
f 1343/1343/1343 1342/1342/1342 1327/1327/1327
f 1344/1344/1344 1343/1343/1343 1327/1327/1327
f 1326/1326/1326 1344/1344/1344 1327/1327/1327
f 1343/1343/1343 1344/1344/1344 1345/1345/1345
f 1344/1344/1344 1326/1326/1326 1345/1345/1345
f 1348/1348/1348 1347/1347/1347 1346/1346/1346
f 1349/1349/1349 1348/1348/1348 1346/1346/1346
f 1352/1352/1352 1351/1351/1351 1350/1350/1350
f 1353/1353/1353 1352/1352/1352 1350/1350/1350
f 1356/1356/1356 1355/1355/1355 1354/1354/1354
f 1357/1357/1357 1356/1356/1356 1354/1354/1354
f 1360/1360/1360 1359/1359/1359 1358/1358/1358
f 1361/1361/1361 1360/1360/1360 1358/1358/1358
f 1364/1364/1364 1363/1363/1363 1362/1362/1362
f 1365/1365/1365 1364/1364/1364 1362/1362/1362
f 1368/1368/1368 1367/1367/1367 1366/1366/1366
f 1369/1369/1369 1368/1368/1368 1366/1366/1366
f 1372/1372/1372 1371/1371/1371 1370/1370/1370
f 1373/1373/1373 1372/1372/1372 1370/1370/1370
f 1376/1376/1376 1375/1375/1375 1374/1374/1374
f 1377/1377/1377 1376/1376/1376 1374/1374/1374
f 1380/1380/1380 1379/1379/1379 1378/1378/1378
f 1381/1381/1381 1380/1380/1380 1378/1378/1378
f 1384/1384/1384 1383/1383/1383 1382/1382/1382
f 1385/1385/1385 1384/1384/1384 1382/1382/1382
f 1388/1388/1388 1387/1387/1387 1386/1386/1386
f 1389/1389/1389 1388/1388/1388 1386/1386/1386
f 1392/1392/1392 1391/1391/1391 1390/1390/1390
f 1393/1393/1393 1392/1392/1392 1390/1390/1390
f 1396/1396/1396 1395/1395/1395 1394/1394/1394
f 1397/1397/1397 1396/1396/1396 1394/1394/1394
f 1400/1400/1400 1399/1399/1399 1398/1398/1398
f 1401/1401/1401 1400/1400/1400 1398/1398/1398
f 1404/1404/1404 1403/1403/1403 1402/1402/1402
f 1405/1405/1405 1404/1404/1404 1402/1402/1402
f 1408/1408/1408 1407/1407/1407 1406/1406/1406
f 1409/1409/1409 1408/1408/1408 1406/1406/1406
f 1412/1412/1412 1411/1411/1411 1410/1410/1410
f 1413/1413/1413 1412/1412/1412 1410/1410/1410
f 1416/1416/1416 1415/1415/1415 1414/1414/1414
f 1417/1417/1417 1416/1416/1416 1414/1414/1414
f 1420/1420/1420 1419/1419/1419 1418/1418/1418
f 1421/1421/1421 1420/1420/1420 1418/1418/1418
f 1424/1424/1424 1423/1423/1423 1422/1422/1422
f 1425/1425/1425 1424/1424/1424 1422/1422/1422
f 1428/1428/1428 1427/1427/1427 1426/1426/1426
f 1429/1429/1429 1428/1428/1428 1426/1426/1426
f 1432/1432/1432 1431/1431/1431 1430/1430/1430
f 1433/1433/1433 1432/1432/1432 1430/1430/1430
f 1436/1436/1436 1435/1435/1435 1434/1434/1434
f 1437/1437/1437 1436/1436/1436 1434/1434/1434
f 1440/1440/1440 1439/1439/1439 1438/1438/1438
f 1441/1441/1441 1440/1440/1440 1438/1438/1438
f 1444/1444/1444 1443/1443/1443 1442/1442/1442
f 1445/1445/1445 1444/1444/1444 1442/1442/1442
f 1448/1448/1448 1447/1447/1447 1446/1446/1446
f 1449/1449/1449 1448/1448/1448 1446/1446/1446
f 1452/1452/1452 1451/1451/1451 1450/1450/1450
f 1453/1453/1453 1452/1452/1452 1450/1450/1450
f 1456/1456/1456 1455/1455/1455 1454/1454/1454
f 1457/1457/1457 1456/1456/1456 1454/1454/1454
f 1460/1460/1460 1459/1459/1459 1458/1458/1458
f 1461/1461/1461 1460/1460/1460 1458/1458/1458
f 1464/1464/1464 1463/1463/1463 1462/1462/1462
f 1465/1465/1465 1464/1464/1464 1462/1462/1462
f 1468/1468/1468 1467/1467/1467 1466/1466/1466
f 1469/1469/1469 1468/1468/1468 1466/1466/1466
f 1472/1472/1472 1471/1471/1471 1470/1470/1470
f 1473/1473/1473 1472/1472/1472 1470/1470/1470
f 1476/1476/1476 1475/1475/1475 1474/1474/1474
f 1477/1477/1477 1476/1476/1476 1474/1474/1474
f 1480/1480/1480 1479/1479/1479 1478/1478/1478
f 1481/1481/1481 1480/1480/1480 1478/1478/1478
f 1484/1484/1484 1483/1483/1483 1482/1482/1482
f 1485/1485/1485 1484/1484/1484 1482/1482/1482
f 1488/1488/1488 1487/1487/1487 1486/1486/1486
f 1489/1489/1489 1488/1488/1488 1486/1486/1486
f 1492/1492/1492 1491/1491/1491 1490/1490/1490
f 1493/1493/1493 1492/1492/1492 1490/1490/1490
f 1496/1496/1496 1495/1495/1495 1494/1494/1494
f 1497/1497/1497 1496/1496/1496 1494/1494/1494
f 1500/1500/1500 1499/1499/1499 1498/1498/1498
f 1501/1501/1501 1500/1500/1500 1498/1498/1498
f 1504/1504/1504 1503/1503/1503 1502/1502/1502
f 1505/1505/1505 1504/1504/1504 1502/1502/1502
f 1508/1508/1508 1507/1507/1507 1506/1506/1506
f 1509/1509/1509 1508/1508/1508 1506/1506/1506
f 1512/1512/1512 1511/1511/1511 1510/1510/1510
f 1513/1513/1513 1512/1512/1512 1510/1510/1510
f 1516/1516/1516 1515/1515/1515 1514/1514/1514
f 1517/1517/1517 1516/1516/1516 1514/1514/1514
f 1520/1520/1520 1519/1519/1519 1518/1518/1518
f 1521/1521/1521 1520/1520/1520 1518/1518/1518
f 1524/1524/1524 1523/1523/1523 1522/1522/1522
f 1525/1525/1525 1524/1524/1524 1522/1522/1522
f 1528/1528/1528 1527/1527/1527 1526/1526/1526
f 1529/1529/1529 1528/1528/1528 1526/1526/1526
f 1532/1532/1532 1531/1531/1531 1530/1530/1530
f 1533/1533/1533 1532/1532/1532 1530/1530/1530
f 1536/1536/1536 1535/1535/1535 1534/1534/1534
f 1537/1537/1537 1536/1536/1536 1534/1534/1534
f 1540/1540/1540 1539/1539/1539 1538/1538/1538
f 1541/1541/1541 1540/1540/1540 1538/1538/1538
f 1544/1544/1544 1543/1543/1543 1542/1542/1542
f 1545/1545/1545 1544/1544/1544 1542/1542/1542
f 1548/1548/1548 1547/1547/1547 1546/1546/1546
f 1549/1549/1549 1548/1548/1548 1546/1546/1546
f 1549/1549/1549 1546/1546/1546 1550/1550/1550
f 1551/1551/1551 1549/1549/1549 1550/1550/1550
f 1551/1551/1551 1550/1550/1550 1552/1552/1552
f 1553/1553/1553 1551/1551/1551 1552/1552/1552
f 1553/1553/1553 1552/1552/1552 1554/1554/1554
f 1555/1555/1555 1553/1553/1553 1554/1554/1554
f 1555/1555/1555 1554/1554/1554 1556/1556/1556
f 1557/1557/1557 1555/1555/1555 1556/1556/1556
f 1557/1557/1557 1556/1556/1556 1558/1558/1558
f 1559/1559/1559 1557/1557/1557 1558/1558/1558
g HelmAntlers_1
f 1562/1562/1562 1561/1561/1561 1560/1560/1560
f 1560/1560/1560 1563/1563/1563 1562/1562/1562
f 1563/1563/1563 1564/1564/1564 1562/1562/1562
f 1563/1563/1563 1565/1565/1565 1564/1564/1564
f 1565/1565/1565 1566/1566/1566 1564/1564/1564
f 1565/1565/1565 1567/1567/1567 1566/1566/1566
f 1570/1570/1570 1569/1569/1569 1568/1568/1568
f 1568/1568/1568 1571/1571/1571 1570/1570/1570
f 1568/1568/1568 1572/1572/1572 1571/1571/1571
f 1572/1572/1572 1573/1573/1573 1571/1571/1571
f 1572/1572/1572 1574/1574/1574 1573/1573/1573
f 1574/1574/1574 1575/1575/1575 1573/1573/1573
f 1578/1578/1578 1577/1577/1577 1576/1576/1576
f 1577/1577/1577 1579/1579/1579 1576/1576/1576
f 1577/1577/1577 1580/1580/1580 1579/1579/1579
f 1578/1578/1578 1576/1576/1576 1581/1581/1581
f 1582/1582/1582 1578/1578/1578 1581/1581/1581
f 1580/1580/1580 1583/1583/1583 1579/1579/1579
f 1580/1580/1580 1584/1584/1584 1583/1583/1583
f 1582/1582/1582 1581/1581/1581 1585/1585/1585
f 1586/1586/1586 1582/1582/1582 1585/1585/1585
f 1584/1584/1584 1587/1587/1587 1583/1583/1583
f 1584/1584/1584 1588/1588/1588 1587/1587/1587
f 1586/1586/1586 1585/1585/1585 1589/1589/1589
f 1590/1590/1590 1586/1586/1586 1589/1589/1589
f 1588/1588/1588 1590/1590/1590 1591/1591/1591
f 1588/1588/1588 1591/1591/1591 1587/1587/1587
f 1590/1590/1590 1589/1589/1589 1591/1591/1591
f 1581/1581/1581 1576/1576/1576 1592/1592/1592
f 1576/1576/1576 1579/1579/1579 1593/1593/1593
f 1576/1576/1576 1593/1593/1593 1592/1592/1592
f 1579/1579/1579 1583/1583/1583 1594/1594/1594
f 1579/1579/1579 1594/1594/1594 1593/1593/1593
f 1585/1585/1585 1581/1581/1581 1595/1595/1595
f 1581/1581/1581 1592/1592/1592 1595/1595/1595
f 1585/1585/1585 1595/1595/1595 1596/1596/1596
f 1589/1589/1589 1585/1585/1585 1596/1596/1596
f 1596/1596/1596 1595/1595/1595 1592/1592/1592
f 1589/1589/1589 1596/1596/1596 1597/1597/1597
f 1597/1597/1597 1596/1596/1596 1592/1592/1592
f 1591/1591/1591 1589/1589/1589 1597/1597/1597
f 1597/1597/1597 1592/1592/1592 1593/1593/1593
f 1591/1591/1591 1597/1597/1597 1598/1598/1598
f 1598/1598/1598 1597/1597/1597 1593/1593/1593
f 1598/1598/1598 1593/1593/1593 1594/1594/1594
f 1587/1587/1587 1591/1591/1591 1598/1598/1598
f 1583/1583/1583 1599/1599/1599 1594/1594/1594
f 1594/1594/1594 1599/1599/1599 1598/1598/1598
f 1587/1587/1587 1598/1598/1598 1599/1599/1599
f 1583/1583/1583 1587/1587/1587 1599/1599/1599
f 1602/1602/1602 1601/1601/1601 1600/1600/1600
f 1603/1603/1603 1602/1602/1602 1600/1600/1600
f 1604/1604/1604 1602/1602/1602 1603/1603/1603
f 1600/1600/1600 1601/1601/1601 1605/1605/1605
f 1601/1601/1601 1606/1606/1606 1605/1605/1605
f 1607/1607/1607 1604/1604/1604 1603/1603/1603
f 1608/1608/1608 1604/1604/1604 1607/1607/1607
f 1605/1605/1605 1606/1606/1606 1609/1609/1609
f 1606/1606/1606 1610/1610/1610 1609/1609/1609
f 1611/1611/1611 1608/1608/1608 1607/1607/1607
f 1612/1612/1612 1608/1608/1608 1611/1611/1611
f 1609/1609/1609 1610/1610/1610 1613/1613/1613
f 1610/1610/1610 1614/1614/1614 1613/1613/1613
f 1614/1614/1614 1612/1612/1612 1615/1615/1615
f 1615/1615/1615 1612/1612/1612 1611/1611/1611
f 1613/1613/1613 1614/1614/1614 1615/1615/1615
f 1600/1600/1600 1605/1605/1605 1616/1616/1616
f 1603/1603/1603 1600/1600/1600 1617/1617/1617
f 1617/1617/1617 1600/1600/1600 1616/1616/1616
f 1607/1607/1607 1603/1603/1603 1618/1618/1618
f 1618/1618/1618 1603/1603/1603 1617/1617/1617
f 1605/1605/1605 1609/1609/1609 1619/1619/1619
f 1616/1616/1616 1605/1605/1605 1619/1619/1619
f 1619/1619/1619 1609/1609/1609 1620/1620/1620
f 1609/1609/1609 1613/1613/1613 1620/1620/1620
f 1616/1616/1616 1619/1619/1619 1620/1620/1620
f 1620/1620/1620 1613/1613/1613 1621/1621/1621
f 1616/1616/1616 1620/1620/1620 1621/1621/1621
f 1613/1613/1613 1615/1615/1615 1621/1621/1621
f 1617/1617/1617 1616/1616/1616 1621/1621/1621
f 1621/1621/1621 1615/1615/1615 1622/1622/1622
f 1617/1617/1617 1621/1621/1621 1622/1622/1622
f 1618/1618/1618 1617/1617/1617 1622/1622/1622
f 1615/1615/1615 1611/1611/1611 1622/1622/1622
f 1623/1623/1623 1607/1607/1607 1618/1618/1618
f 1622/1622/1622 1623/1623/1623 1618/1618/1618
f 1611/1611/1611 1607/1607/1607 1623/1623/1623
f 1622/1622/1622 1611/1611/1611 1623/1623/1623
g HelmAntlers_2
f 1626/1626/1626 1625/1625/1625 1624/1624/1624
f 1629/1629/1629 1628/1628/1628 1627/1627/1627
f 1628/1628/1628 1630/1630/1630 1627/1627/1627
f 1633/1633/1633 1632/1632/1632 1631/1631/1631
f 1632/1632/1632 1634/1634/1634 1631/1631/1631
f 1637/1637/1637 1636/1636/1636 1635/1635/1635
f 1636/1636/1636 1638/1638/1638 1635/1635/1635
f 1641/1641/1641 1640/1640/1640 1639/1639/1639
f 1640/1640/1640 1642/1642/1642 1639/1639/1639
f 1645/1645/1645 1644/1644/1644 1643/1643/1643
f 1644/1644/1644 1646/1646/1646 1643/1643/1643
f 1649/1649/1649 1648/1648/1648 1647/1647/1647
f 1648/1648/1648 1650/1650/1650 1647/1647/1647
f 1647/1647/1647 1650/1650/1650 1651/1651/1651
f 1650/1650/1650 1652/1652/1652 1651/1651/1651
f 1650/1650/1650 1653/1653/1653 1652/1652/1652
f 1653/1653/1653 1654/1654/1654 1652/1652/1652
f 1655/1655/1655 1653/1653/1653 1650/1650/1650
f 1656/1656/1656 1655/1655/1655 1650/1650/1650
f 1653/1653/1653 1657/1657/1657 1654/1654/1654
f 1657/1657/1657 1658/1658/1658 1654/1654/1654
f 1659/1659/1659 1657/1657/1657 1653/1653/1653
f 1660/1660/1660 1659/1659/1659 1653/1653/1653
f 1663/1663/1663 1662/1662/1662 1661/1661/1661
f 1662/1662/1662 1664/1664/1664 1661/1661/1661
f 1661/1661/1661 1664/1664/1664 1665/1665/1665
f 1664/1664/1664 1666/1666/1666 1665/1665/1665
f 1669/1669/1669 1668/1668/1668 1667/1667/1667
f 1670/1670/1670 1669/1669/1669 1667/1667/1667
f 1671/1671/1671 1669/1669/1669 1670/1670/1670
f 1670/1670/1670 1667/1667/1667 1672/1672/1672
f 1673/1673/1673 1671/1671/1671 1670/1670/1670
f 1674/1674/1674 1670/1670/1670 1672/1672/1672
f 1673/1673/1673 1670/1670/1670 1674/1674/1674
f 1674/1674/1674 1672/1672/1672 1675/1675/1675
f 1676/1676/1676 1673/1673/1673 1674/1674/1674
f 1677/1677/1677 1674/1674/1674 1675/1675/1675
f 1676/1676/1676 1674/1674/1674 1677/1677/1677
f 1677/1677/1677 1675/1675/1675 1678/1678/1678
f 1679/1679/1679 1676/1676/1676 1677/1677/1677
f 1680/1680/1680 1677/1677/1677 1678/1678/1678
f 1679/1679/1679 1677/1677/1677 1680/1680/1680
f 1680/1680/1680 1678/1678/1678 1681/1681/1681
f 1682/1682/1682 1679/1679/1679 1680/1680/1680
f 1683/1683/1683 1680/1680/1680 1681/1681/1681
f 1682/1682/1682 1680/1680/1680 1683/1683/1683
f 1683/1683/1683 1681/1681/1681 1684/1684/1684
f 1685/1685/1685 1682/1682/1682 1683/1683/1683
f 1686/1686/1686 1683/1683/1683 1684/1684/1684
f 1685/1685/1685 1683/1683/1683 1686/1686/1686
f 1686/1686/1686 1684/1684/1684 1687/1687/1687
f 1688/1688/1688 1685/1685/1685 1686/1686/1686
f 1689/1689/1689 1686/1686/1686 1687/1687/1687
f 1688/1688/1688 1686/1686/1686 1689/1689/1689
f 1689/1689/1689 1687/1687/1687 1690/1690/1690
f 1691/1691/1691 1688/1688/1688 1689/1689/1689
f 1692/1692/1692 1689/1689/1689 1690/1690/1690
f 1691/1691/1691 1689/1689/1689 1692/1692/1692
f 1690/1690/1690 1693/1693/1693 1692/1692/1692
f 1694/1694/1694 1691/1691/1691 1692/1692/1692
f 1693/1693/1693 1695/1695/1695 1692/1692/1692
f 1692/1692/1692 1695/1695/1695 1694/1694/1694
f 1693/1693/1693 1696/1696/1696 1695/1695/1695
f 1696/1696/1696 1697/1697/1697 1695/1695/1695
f 1696/1696/1696 1698/1698/1698 1697/1697/1697
f 1695/1695/1695 1699/1699/1699 1694/1694/1694
f 1695/1695/1695 1697/1697/1697 1699/1699/1699
f 1698/1698/1698 1700/1700/1700 1697/1697/1697
f 1698/1698/1698 1701/1701/1701 1700/1700/1700
f 1697/1697/1697 1702/1702/1702 1699/1699/1699
f 1697/1697/1697 1700/1700/1700 1702/1702/1702
f 1700/1700/1700 1703/1703/1703 1702/1702/1702
f 1701/1701/1701 1704/1704/1704 1700/1700/1700
f 1700/1700/1700 1704/1704/1704 1703/1703/1703
f 1701/1701/1701 1705/1705/1705 1704/1704/1704
f 1704/1704/1704 1706/1706/1706 1703/1703/1703
f 1705/1705/1705 1707/1707/1707 1704/1704/1704
f 1704/1704/1704 1707/1707/1707 1706/1706/1706
f 1699/1699/1699 1708/1708/1708 1694/1694/1694
f 1708/1708/1708 1709/1709/1709 1694/1694/1694
f 1710/1710/1710 1708/1708/1708 1699/1699/1699
f 1694/1694/1694 1709/1709/1709 1711/1711/1711
f 1712/1712/1712 1710/1710/1710 1699/1699/1699
f 1709/1709/1709 1713/1713/1713 1711/1711/1711
f 1714/1714/1714 1710/1710/1710 1712/1712/1712
f 1711/1711/1711 1713/1713/1713 1715/1715/1715
f 1716/1716/1716 1714/1714/1714 1712/1712/1712
f 1717/1717/1717 1714/1714/1714 1716/1716/1716
f 1718/1718/1718 1717/1717/1717 1716/1716/1716
f 1713/1713/1713 1719/1719/1719 1715/1715/1715
f 1715/1715/1715 1719/1719/1719 1720/1720/1720
f 1719/1719/1719 1721/1721/1721 1720/1720/1720
f 1720/1720/1720 1721/1721/1721 1722/1722/1722
f 1721/1721/1721 1723/1723/1723 1722/1722/1722
f 1722/1722/1722 1723/1723/1723 1724/1724/1724
f 1723/1723/1723 1725/1725/1725 1724/1724/1724
f 1724/1724/1724 1725/1725/1725 1726/1726/1726
f 1725/1725/1725 1727/1727/1727 1726/1726/1726
f 1726/1726/1726 1727/1727/1727 1728/1728/1728
f 1727/1727/1727 1729/1729/1729 1728/1728/1728
f 1728/1728/1728 1729/1729/1729 1730/1730/1730
f 1729/1729/1729 1731/1731/1731 1730/1730/1730
f 1734/1734/1734 1733/1733/1733 1732/1732/1732
f 1735/1735/1735 1734/1734/1734 1732/1732/1732
f 1736/1736/1736 1735/1735/1735 1732/1732/1732
f 1737/1737/1737 1736/1736/1736 1732/1732/1732
f 1740/1740/1740 1739/1739/1739 1738/1738/1738
f 1741/1741/1741 1740/1740/1740 1738/1738/1738
f 1742/1742/1742 1741/1741/1741 1738/1738/1738
f 1743/1743/1743 1742/1742/1742 1738/1738/1738
f 1742/1742/1742 1743/1743/1743 1744/1744/1744
f 1743/1743/1743 1745/1745/1745 1744/1744/1744
f 1748/1748/1748 1747/1747/1747 1746/1746/1746
f 1749/1749/1749 1748/1748/1748 1746/1746/1746
f 1750/1750/1750 1749/1749/1749 1746/1746/1746
f 1751/1751/1751 1750/1750/1750 1746/1746/1746
f 1754/1754/1754 1753/1753/1753 1752/1752/1752
f 1755/1755/1755 1754/1754/1754 1752/1752/1752
f 1756/1756/1756 1755/1755/1755 1752/1752/1752
f 1757/1757/1757 1756/1756/1756 1752/1752/1752
f 1760/1760/1760 1759/1759/1759 1758/1758/1758
f 1759/1759/1759 1761/1761/1761 1758/1758/1758
f 1764/1764/1764 1763/1763/1763 1762/1762/1762
f 1763/1763/1763 1765/1765/1765 1762/1762/1762
f 1762/1762/1762 1765/1765/1765 1766/1766/1766
f 1765/1765/1765 1767/1767/1767 1766/1766/1766
f 1765/1765/1765 1768/1768/1768 1767/1767/1767
f 1768/1768/1768 1769/1769/1769 1767/1767/1767
f 1770/1770/1770 1768/1768/1768 1765/1765/1765
f 1771/1771/1771 1770/1770/1770 1765/1765/1765
f 1768/1768/1768 1772/1772/1772 1769/1769/1769
f 1772/1772/1772 1773/1773/1773 1769/1769/1769
f 1774/1774/1774 1772/1772/1772 1768/1768/1768
f 1775/1775/1775 1774/1774/1774 1768/1768/1768
f 1778/1778/1778 1777/1777/1777 1776/1776/1776
f 1777/1777/1777 1779/1779/1779 1776/1776/1776
f 1776/1776/1776 1779/1779/1779 1780/1780/1780
f 1779/1779/1779 1781/1781/1781 1780/1780/1780
f 1784/1784/1784 1783/1783/1783 1782/1782/1782
f 1785/1785/1785 1784/1784/1784 1782/1782/1782
f 1786/1786/1786 1785/1785/1785 1782/1782/1782
f 1787/1787/1787 1786/1786/1786 1782/1782/1782
f 1790/1790/1790 1789/1789/1789 1788/1788/1788
f 1791/1791/1791 1790/1790/1790 1788/1788/1788
f 1792/1792/1792 1791/1791/1791 1788/1788/1788
f 1793/1793/1793 1792/1792/1792 1788/1788/1788
f 1793/1793/1793 1794/1794/1794 1792/1792/1792
f 1794/1794/1794 1795/1795/1795 1792/1792/1792
f 1794/1794/1794 1793/1793/1793 1796/1796/1796
f 1793/1793/1793 1797/1797/1797 1796/1796/1796
f 1797/1797/1797 1798/1798/1798 1796/1796/1796
f 1798/1798/1798 1799/1799/1799 1796/1796/1796
f 1802/1802/1802 1801/1801/1801 1800/1800/1800
f 1803/1803/1803 1802/1802/1802 1800/1800/1800
f 1804/1804/1804 1803/1803/1803 1800/1800/1800
f 1805/1805/1805 1804/1804/1804 1800/1800/1800
f 1808/1808/1808 1807/1807/1807 1806/1806/1806
f 1807/1807/1807 1809/1809/1809 1806/1806/1806
f 1812/1812/1812 1811/1811/1811 1810/1810/1810
f 1811/1811/1811 1813/1813/1813 1810/1810/1810
f 1810/1810/1810 1813/1813/1813 1814/1814/1814
f 1813/1813/1813 1815/1815/1815 1814/1814/1814
f 1813/1813/1813 1816/1816/1816 1815/1815/1815
f 1816/1816/1816 1817/1817/1817 1815/1815/1815
f 1818/1818/1818 1816/1816/1816 1813/1813/1813
f 1819/1819/1819 1818/1818/1818 1813/1813/1813
f 1816/1816/1816 1820/1820/1820 1817/1817/1817
f 1820/1820/1820 1821/1821/1821 1817/1817/1817
f 1822/1822/1822 1820/1820/1820 1816/1816/1816
f 1823/1823/1823 1822/1822/1822 1816/1816/1816
f 1826/1826/1826 1825/1825/1825 1824/1824/1824
f 1825/1825/1825 1827/1827/1827 1824/1824/1824
f 1824/1824/1824 1827/1827/1827 1828/1828/1828
f 1827/1827/1827 1829/1829/1829 1828/1828/1828
f 1832/1832/1832 1831/1831/1831 1830/1830/1830
f 1833/1833/1833 1832/1832/1832 1830/1830/1830
f 1834/1834/1834 1833/1833/1833 1830/1830/1830
f 1835/1835/1835 1834/1834/1834 1830/1830/1830
f 1838/1838/1838 1837/1837/1837 1836/1836/1836
f 1839/1839/1839 1838/1838/1838 1836/1836/1836
f 1840/1840/1840 1839/1839/1839 1836/1836/1836
f 1841/1841/1841 1840/1840/1840 1836/1836/1836
f 1844/1844/1844 1843/1843/1843 1842/1842/1842
f 1845/1845/1845 1844/1844/1844 1842/1842/1842
f 1846/1846/1846 1845/1845/1845 1842/1842/1842
f 1847/1847/1847 1846/1846/1846 1842/1842/1842
f 1850/1850/1850 1849/1849/1849 1848/1848/1848
f 1851/1851/1851 1850/1850/1850 1848/1848/1848
f 1852/1852/1852 1851/1851/1851 1848/1848/1848
f 1853/1853/1853 1852/1852/1852 1848/1848/1848
f 1856/1856/1856 1855/1855/1855 1854/1854/1854
f 1855/1855/1855 1857/1857/1857 1854/1854/1854
f 1860/1860/1860 1859/1859/1859 1858/1858/1858
f 1859/1859/1859 1861/1861/1861 1858/1858/1858
f 1858/1858/1858 1861/1861/1861 1862/1862/1862
f 1861/1861/1861 1863/1863/1863 1862/1862/1862
f 1861/1861/1861 1864/1864/1864 1863/1863/1863
f 1864/1864/1864 1865/1865/1865 1863/1863/1863
f 1866/1866/1866 1864/1864/1864 1861/1861/1861
f 1867/1867/1867 1866/1866/1866 1861/1861/1861
f 1864/1864/1864 1868/1868/1868 1865/1865/1865
f 1868/1868/1868 1869/1869/1869 1865/1865/1865
f 1870/1870/1870 1868/1868/1868 1864/1864/1864
f 1871/1871/1871 1870/1870/1870 1864/1864/1864
f 1874/1874/1874 1873/1873/1873 1872/1872/1872
f 1873/1873/1873 1875/1875/1875 1872/1872/1872
f 1872/1872/1872 1875/1875/1875 1876/1876/1876
f 1875/1875/1875 1877/1877/1877 1876/1876/1876
f 1880/1880/1880 1879/1879/1879 1878/1878/1878
f 1881/1881/1881 1880/1880/1880 1878/1878/1878
f 1884/1884/1884 1883/1883/1883 1882/1882/1882
f 1883/1883/1883 1885/1885/1885 1882/1882/1882
f 1883/1883/1883 1886/1886/1886 1885/1885/1885
f 1882/1882/1882 1885/1885/1885 1887/1887/1887
f 1886/1886/1886 1888/1888/1888 1885/1885/1885
f 1885/1885/1885 1889/1889/1889 1887/1887/1887
f 1885/1885/1885 1888/1888/1888 1889/1889/1889
f 1887/1887/1887 1889/1889/1889 1890/1890/1890
f 1888/1888/1888 1891/1891/1891 1889/1889/1889
f 1889/1889/1889 1892/1892/1892 1890/1890/1890
f 1889/1889/1889 1891/1891/1891 1892/1892/1892
f 1890/1890/1890 1892/1892/1892 1893/1893/1893
f 1891/1891/1891 1894/1894/1894 1892/1892/1892
f 1892/1892/1892 1895/1895/1895 1893/1893/1893
f 1892/1892/1892 1894/1894/1894 1895/1895/1895
f 1893/1893/1893 1895/1895/1895 1896/1896/1896
f 1894/1894/1894 1897/1897/1897 1895/1895/1895
f 1895/1895/1895 1898/1898/1898 1896/1896/1896
f 1895/1895/1895 1897/1897/1897 1898/1898/1898
f 1896/1896/1896 1898/1898/1898 1899/1899/1899
f 1897/1897/1897 1900/1900/1900 1898/1898/1898
f 1898/1898/1898 1901/1901/1901 1899/1899/1899
f 1898/1898/1898 1900/1900/1900 1901/1901/1901
f 1899/1899/1899 1901/1901/1901 1902/1902/1902
f 1900/1900/1900 1903/1903/1903 1901/1901/1901
f 1901/1901/1901 1904/1904/1904 1902/1902/1902
f 1901/1901/1901 1903/1903/1903 1904/1904/1904
f 1902/1902/1902 1904/1904/1904 1905/1905/1905
f 1903/1903/1903 1906/1906/1906 1904/1904/1904
f 1904/1904/1904 1907/1907/1907 1905/1905/1905
f 1904/1904/1904 1906/1906/1906 1907/1907/1907
f 1908/1908/1908 1905/1905/1905 1907/1907/1907
f 1906/1906/1906 1909/1909/1909 1907/1907/1907
f 1910/1910/1910 1908/1908/1908 1907/1907/1907
f 1910/1910/1910 1907/1907/1907 1909/1909/1909
f 1911/1911/1911 1908/1908/1908 1910/1910/1910
f 1912/1912/1912 1910/1910/1910 1909/1909/1909
f 1913/1913/1913 1911/1911/1911 1910/1910/1910
f 1913/1913/1913 1910/1910/1910 1912/1912/1912
f 1914/1914/1914 1911/1911/1911 1913/1913/1913
f 1915/1915/1915 1913/1913/1913 1912/1912/1912
f 1916/1916/1916 1914/1914/1914 1913/1913/1913
f 1916/1916/1916 1913/1913/1913 1915/1915/1915
f 1917/1917/1917 1914/1914/1914 1916/1916/1916
f 1918/1918/1918 1916/1916/1916 1915/1915/1915
f 1919/1919/1919 1917/1917/1917 1916/1916/1916
f 1919/1919/1919 1916/1916/1916 1918/1918/1918
f 1920/1920/1920 1919/1919/1919 1918/1918/1918
f 1921/1921/1921 1919/1919/1919 1920/1920/1920
f 1922/1922/1922 1917/1917/1917 1919/1919/1919
f 1921/1921/1921 1922/1922/1922 1919/1919/1919
f 1922/1922/1922 1921/1921/1921 1923/1923/1923
f 1924/1924/1924 1922/1922/1922 1923/1923/1923
f 1925/1925/1925 1922/1922/1922 1924/1924/1924
f 1926/1926/1926 1925/1925/1925 1924/1924/1924
f 1927/1927/1927 1925/1925/1925 1926/1926/1926
f 1928/1928/1928 1927/1927/1927 1926/1926/1926
f 1929/1929/1929 1927/1927/1927 1928/1928/1928
f 1930/1930/1930 1929/1929/1929 1928/1928/1928
f 1931/1931/1931 1929/1929/1929 1930/1930/1930
f 1932/1932/1932 1931/1931/1931 1930/1930/1930
f 1933/1933/1933 1931/1931/1931 1932/1932/1932
f 1934/1934/1934 1933/1933/1933 1932/1932/1932
f 1935/1935/1935 1933/1933/1933 1934/1934/1934
f 1936/1936/1936 1935/1935/1935 1934/1934/1934
f 1937/1937/1937 1935/1935/1935 1936/1936/1936
f 1938/1938/1938 1937/1937/1937 1936/1936/1936
f 1939/1939/1939 1937/1937/1937 1938/1938/1938
f 1940/1940/1940 1939/1939/1939 1938/1938/1938
f 1941/1941/1941 1939/1939/1939 1940/1940/1940
f 1942/1942/1942 1941/1941/1941 1940/1940/1940
f 1943/1943/1943 1941/1941/1941 1942/1942/1942
f 1944/1944/1944 1943/1943/1943 1942/1942/1942
f 1945/1945/1945 1943/1943/1943 1944/1944/1944
f 1946/1946/1946 1945/1945/1945 1944/1944/1944
f 1947/1947/1947 1945/1945/1945 1946/1946/1946
f 1948/1948/1948 1947/1947/1947 1946/1946/1946
f 1949/1949/1949 1947/1947/1947 1948/1948/1948
f 1950/1950/1950 1949/1949/1949 1948/1948/1948
f 1951/1951/1951 1949/1949/1949 1950/1950/1950
f 1952/1952/1952 1951/1951/1951 1950/1950/1950
f 1953/1953/1953 1951/1951/1951 1952/1952/1952
f 1954/1954/1954 1953/1953/1953 1952/1952/1952
f 1957/1957/1957 1956/1956/1956 1955/1955/1955
f 1958/1958/1958 1957/1957/1957 1955/1955/1955
f 1923/1923/1923 1958/1958/1958 1955/1955/1955
f 1959/1959/1959 1957/1957/1957 1958/1958/1958
f 1923/1923/1923 1959/1959/1959 1958/1958/1958
