g _Helm_0
v -0.000314393081 -0.00169660209 0.0186759606
v -0.000313859142 -0.00164824375 0.018657418
v -0.000414306705 -0.00160098635 0.018759558
v -0.00100995868 -0.000486603618 0.0191139448
v -0.00108935544 -0.000418670679 0.0193080828
v -0.00108301709 -0.000486603618 0.0191139448
v -0.00100995868 -0.000507853634 0.0193819776
v -0.000994449132 -0.000599584775 0.0195297673
v -0.00109694677 -0.000507853634 0.0193819776
v -0.000968211039 -0.000737462193 0.0190668646
v -0.00100995868 -0.000486603618 0.0191139448
v -0.000983464881 -0.000637998863 0.0189849548
v -0.00100995868 -0.000507853634 0.0193819776
v -0.00109694677 -0.000507853634 0.0193819776
v -0.00108935544 -0.000418670679 0.0193080828
v -0.000968211039 -0.000737462193 0.0190668646
v -0.00100995868 -0.000507853634 0.0193819776
v -0.00100995868 -0.000486603618 0.0191139448
v -0.000795338652 -0.00107353099 0.0192290917
v -0.00100329577 -0.000691501191 0.0194788054
v -0.000932905066 -0.000882137974 0.0191687886
v -0.00108301709 -0.000486603618 0.0191139448
v -0.00106063741 -0.000728401064 0.0190849863
v -0.000983464881 -0.000637998863 0.0189849548
v -0.00109694677 -0.000507853634 0.0193819776
v -0.00108301709 -0.000486603618 0.0191139448
v -0.00108935544 -0.000418670679 0.0193080828
v -0.000888482959 -0.00121112785 0.019491544
v -0.000959693862 -0.00107353099 0.0192290917
v -0.00107566616 -0.000686220126 0.0194788054
v -0.00109694677 -0.000507853634 0.0193819776
v -0.00106063741 -0.000728401064 0.0190849863
v -0.00108301709 -0.000486603618 0.0191139448
v -0.00107566616 -0.000686220126 0.0194788054
v -0.000959693862 -0.00107353099 0.0192290917
v -0.00105026283 -0.000886668568 0.0191778503
v -0.000888482959 -0.00121112785 0.019491544
v -0.000856648956 -0.00132069585 0.019262217
v -0.000959693862 -0.00107353099 0.0192290917
v -0.00100995868 -0.000486603618 0.0191139448
v -0.00108301709 -0.000486603618 0.0191139448
v -0.000983464881 -0.000637998863 0.0189849548
v -0.00100995868 -0.000507853634 0.0193819776
v -0.00108935544 -0.000418670679 0.0193080828
v -0.00100995868 -0.000486603618 0.0191139448
v -0.00100329577 -0.000691501191 0.0194788054
v -0.000994449132 -0.000599584775 0.0195297673
v -0.00100995868 -0.000507853634 0.0193819776
v -0.00100329577 -0.000691501191 0.0194788054
v -0.00107566616 -0.000686220126 0.0194788054
v -0.000994449132 -0.000599584775 0.0195297673
v -0.000795338652 -0.00107353099 0.0192290917
v -0.000686770421 -0.00121112785 0.019491544
v -0.00100329577 -0.000691501191 0.0194788054
v -0.000554971222 -0.00132069585 0.019262217
v -0.000686770421 -0.00121112785 0.019491544
v -0.000795338652 -0.00107353099 0.0192290917
v -0.00107566616 -0.000686220126 0.0194788054
v -0.00109694677 -0.000507853634 0.0193819776
v -0.000994449132 -0.000599584775 0.0195297673
v 1.71015799E-10 -0.00142993149 0.0196795762
v 1.69856088E-10 -0.00157995976 0.0196030699
v 1.7593775E-10 -0.00162886688 0.020017786
v 0.000314393343 -0.00169660209 0.0186759606
v 0.000414306967 -0.00160098635 0.018759558
v 0.000313859375 -0.00164824375 0.018657418
v 0.00100995915 -0.000486603618 0.0191139448
v 0.00108301756 -0.000486603618 0.0191139448
v 0.00108935579 -0.000418670679 0.0193080828
v 0.00100995915 -0.000507853634 0.0193819776
v 0.00109694724 -0.000507853634 0.0193819776
v 0.000994449598 -0.000599584775 0.0195297673
v 0.000968211447 -0.000737462193 0.0190668646
v 0.000983465347 -0.000637998863 0.0189849548
v 0.00100995915 -0.000486603618 0.0191139448
v 0.00100995915 -0.000507853634 0.0193819776
v 0.00108935579 -0.000418670679 0.0193080828
v 0.00109694724 -0.000507853634 0.0193819776
v 0.000968211447 -0.000737462193 0.0190668646
v 0.00100995915 -0.000486603618 0.0191139448
v 0.00100995915 -0.000507853634 0.0193819776
v 0.000795339118 -0.00107353099 0.0192290917
v 0.000932905532 -0.000882137974 0.0191687886
v 0.00100329623 -0.000691501191 0.0194788054
v 0.00108301756 -0.000486603618 0.0191139448
v 0.000983465347 -0.000637998863 0.0189849548
v 0.00106063776 -0.000728401064 0.0190849863
v 0.00109694724 -0.000507853634 0.0193819776
v 0.00108935579 -0.000418670679 0.0193080828
v 0.00108301756 -0.000486603618 0.0191139448
v 0.000888483424 -0.00121112785 0.019491544
v 0.00107566663 -0.000686220126 0.0194788054
v 0.000959694211 -0.00107353099 0.0192290917
v 0.00109694724 -0.000507853634 0.0193819776
v 0.00108301756 -0.000486603618 0.0191139448
v 0.00106063776 -0.000728401064 0.0190849863
v 0.00107566663 -0.000686220126 0.0194788054
v 0.00105026318 -0.000886668568 0.0191778503
v 0.000959694211 -0.00107353099 0.0192290917
v 0.000888483424 -0.00121112785 0.019491544
v 0.000959694211 -0.00107353099 0.0192290917
v 0.000856649422 -0.00132069585 0.019262217
v 0.00100995915 -0.000486603618 0.0191139448
v 0.000983465347 -0.000637998863 0.0189849548
v 0.00108301756 -0.000486603618 0.0191139448
v 0.00100995915 -0.000507853634 0.0193819776
v 0.00100995915 -0.000486603618 0.0191139448
v 0.00108935579 -0.000418670679 0.0193080828
v 0.00100329623 -0.000691501191 0.0194788054
v 0.00100995915 -0.000507853634 0.0193819776
v 0.000994449598 -0.000599584775 0.0195297673
v 0.00100329623 -0.000691501191 0.0194788054
v 0.000994449598 -0.000599584775 0.0195297673
v 0.00107566663 -0.000686220126 0.0194788054
v 0.000795339118 -0.00107353099 0.0192290917
v 0.00100329623 -0.000691501191 0.0194788054
v 0.000686770887 -0.00121112785 0.019491544
v 0.000554971455 -0.00132069585 0.019262217
v 0.000795339118 -0.00107353099 0.0192290917
v 0.000686770887 -0.00121112785 0.019491544
v 0.00107566663 -0.000686220126 0.0194788054
v 0.000994449598 -0.000599584775 0.0195297673
v 0.00109694724 -0.000507853634 0.0193819776
v -0.000990699627 -0.000385298976 0.0184211321
v -0.000855417748 -0.000385299005 0.0184211321
v -0.000857828476 -0.000719903968 0.0188878682
v -0.000993109657 -0.000719903968 0.0188878682
v -0.000777884328 0.000300668355 0.0181722026
v -0.00100525562 -0.000280103122 0.0181867611
v -0.000910304661 -0.000280103151 0.0181867611
v -0.000695185445 0.00032771565 0.0181900337
v -0.000619484636 0.000564224552 0.0182740819
v -0.000508537632 0.000544748385 0.018295126
v -0.000402229256 0.000753335538 0.0183728896
v -0.000358925085 0.00064507185 0.0183400009
v 2.65147071E-10 0.000891090836 0.0184496175
v 2.45351961E-10 0.000655291951 0.0184496175
v -0.000910304661 -0.000289644639 0.0185282659
v -0.00100525562 -0.000280103122 0.0181867611
v -0.00100710907 -0.000289644609 0.0185282659
v -0.000925594941 -0.000497446861 0.0188076403
v -0.00102629478 -0.000497446803 0.0188076403
v -0.000946107612 -0.000218072586 0.0191165023
v -0.00104399153 -0.000218072586 0.0191165023
v -0.00101198466 6.66442938E-05 0.0192715134
v -0.000860889384 -1.02703343E-05 0.01873607
v -0.000925594941 -0.000497446861 0.0188076403
v -0.000779218273 0.000209700491 0.0188910831
v -0.000910304661 6.66442938E-05 0.0192715134
v -0.000597857113 0.000552560901 0.0192753095
v -0.000645440829 0.000654645381 0.0192753095
v -0.000508213241 0.000488733058 0.0188948773
v -0.000508537632 0.000544748385 0.018295126
v -0.000358925085 0.00064507185 0.0183400009
v 1.88298724E-10 0.000732708082 0.01923218
v 1.8775087E-10 0.000836333376 0.0192374531
v 2.01706013E-10 0.000697017065 0.0189176556
v 2.45351961E-10 0.000655291951 0.0184496175
v -0.000214482163 -0.00174578547 0.0184069742
v -0.000313859142 -0.00164824375 0.018657418
v -0.000314393081 -0.00169660209 0.0186759606
v -0.000215016116 -0.00185202714 0.0184255168
v -0.000402229256 0.000753335538 0.0183728896
v 2.65147071E-10 0.000891090836 0.0184496175
v 2.01425876E-10 0.000785869779 0.0189176556
v -0.000577716564 0.000561602123 0.0188948773
v 1.8775087E-10 0.000836333376 0.0192374531
v -0.000619484636 0.000564224552 0.0182740819
v -0.000645440829 0.000654645381 0.0192753095
v -0.000864691334 0.000274446473 0.0188258421
v -0.00101198466 6.66442938E-05 0.0192715134
v -0.000777884328 0.000300668355 0.0181722026
v -0.000942387327 -1.02703361E-05 0.01873607
v -0.00104399153 -0.000218072586 0.0191165023
v -0.00102629478 -0.000497446803 0.0188076403
v -0.00100710907 -0.000289644609 0.0185282659
v -0.00100525562 -0.000280103122 0.0181867611
v -3.80933634E-05 -0.00175427692 0.0171790775
v -0.000438633637 -0.0014454436 0.0173956808
v -0.000173373977 -0.00175427692 0.0171790775
v -0.000254167244 -0.0014454436 0.0174153559
v -0.000723893463 -0.000607293681 0.0178819988
v -0.000901264546 -0.000607293681 0.0178399086
v -0.000214482163 -0.00174578547 0.0184069742
v -0.000215016116 -0.00185202714 0.0184255168
v -0.000218346599 -0.00188491389 0.0182837546
v -0.000229089201 -0.0017691002 0.0182398595
v 2.01425876E-10 0.000785869779 0.0189176556
v 2.65147071E-10 0.000891090836 0.0184496175
v 2.45351961E-10 0.000655291951 0.0184496175
v 2.01706013E-10 0.000697017065 0.0189176556
v 1.88298724E-10 0.000732708082 0.01923218
v 1.8775087E-10 0.000836333376 0.0192374531
v -0.00076522876 -0.00135936262 0.0185117405
v -0.000695710711 -0.00107393868 0.0185389239
v -0.000629948161 -0.00135936262 0.0185117405
v -0.000830991252 -0.00107393856 0.0185389239
v -0.000742682954 -0.000888186274 0.0186204743
v -0.000877963612 -0.000888186274 0.0186204743
v -0.000353540876 -0.00151766487 0.0188385658
v -0.000414306705 -0.00160098635 0.018759558
v -0.000263881113 -0.00159867993 0.018761348
v -0.000503967109 -0.00151997176 0.0188367758
v -0.000554174243 -0.0012585388 0.0189452618
v -0.000771409832 -0.00126084581 0.0189434718
v -0.000665333704 -0.000755784276 0.0189651065
v -0.00089312403 -0.000758091395 0.0189633146
v -0.000629948161 -0.00135936262 0.0185117405
v -0.000671283517 -0.00148621795 0.0181991365
v -0.00076522876 -0.00135936262 0.0185117405
v -0.000536002975 -0.00148621795 0.0181991365
v -0.000455209753 -0.00167650043 0.0176464114
v -0.000319929124 -0.00167650043 0.0176464114
v -0.000173373977 -0.00175427692 0.0171790775
v -3.80933634E-05 -0.00175427692 0.0171790775
v -0.00106063741 -0.000728401064 0.0190849863
v -0.00109694677 -0.000507853634 0.0193819776
v -0.00107566616 -0.000686220126 0.0194788054
v -0.00105026283 -0.000886668568 0.0191778503
v 3.78745063E-10 0.00075895933 0.0180711392
v -0.000449237821 0.000695609488 0.0181909408
v -0.000651480164 0.000764282944 0.0180713367
v 3.19417659E-10 0.000693718786 0.0181907415
v -0.000370707246 0.000638496946 0.0183315184
v -0.000958819815 -0.000278035703 0.0184620023
v -0.000322867621 0.000634736032 0.0184846837
v 2.49441912E-10 0.000650225615 0.0184299555
v -0.000749340339 0.000389153836 0.0178701784
v -0.000651480164 0.000764282944 0.0180713367
v -0.00037142387 0.000640221057 0.019115841
v 1.93286026E-10 0.000713163288 0.0191156436
v 1.85938251E-10 0.00072323397 0.0192887262
v -0.000376379496 0.000646091823 0.0192903727
v 1.74142062E-10 0.000556635379 0.0197816286
v -0.000842255133 -0.000258364977 0.0180001296
v -0.000884108536 -0.000489191385 0.0184620023
v -0.000855038525 -0.000339358929 0.0177831948
v -0.000684355677 0.000417346688 0.019115841
v -0.0003152258 0.000495608605 0.0197818279
v 1.75657461E-10 0.000267411553 0.0200264063
v -0.000691037334 0.000421033852 0.0192889236
v -0.000893450517 8.37908228E-05 0.019115841
v -0.000211388702 0.000228401113 0.0200266019
v 1.77295886E-10 -0.000196019828 0.0202386137
v -0.000580517983 0.000306664122 0.0197818279
v -0.000640843413 0.000180281437 0.0184733439
v -0.000799831934 -4.88774822E-05 0.0184676722
v -0.000902180851 8.42099325E-05 0.0192889236
v -0.000757779402 2.38885841E-05 0.0197818279
v -0.000388650165 0.000102152364 0.0200266019
v -0.000948341563 -0.00010908387 0.019115841
v -0.000507093617 -8.67921117E-05 0.0200266019
v -0.000967971224 -0.000319880171 0.0191061459
v -0.000983106205 -0.000313099532 0.0192889236
v -0.00098419073 -0.000528546574 0.0192889255
v -0.000548684679 -0.000309667841 0.0200266019
v 1.76950107E-10 -0.000890127383 0.0201483388
v -0.000684355095 -0.000165055855 0.0199162699
v -0.000910910487 -0.000313958095 0.0196284428
v -0.000691449037 -0.000513856299 0.0199162699
v -0.000820026849 -0.000313100696 0.0197818279
v -0.000909327995 -0.000528118049 0.0196284428
v -0.000987600884 -0.000523810275 0.019096449
v -0.00089312403 -0.000758091395 0.0189633146
v -0.000644782267 -0.000883939909 0.0199162699
v -0.000803669158 -0.000772208616 0.0197818279
v -0.000889070681 -0.00076837081 0.0196223967
v -0.000828083081 -0.0010079589 0.0195952505
v -0.000948861532 -0.000765155302 0.0194487087
v -0.000966830878 -0.000766523415 0.0192915872
v -0.00087187899 -0.000989130815 0.0193965659
v -0.000696579926 -0.00131364143 0.0193621609
v -0.000893622462 -0.00102158182 0.0192246828
v -0.000771409832 -0.00126084581 0.0189434718
v -0.000734278001 -0.00134454854 0.0191602837
v -0.000640101847 -0.00140994566 0.0189158786
v -0.000580439228 -0.00157979783 0.0191137902
v -0.000530615682 -0.00155904528 0.0188882872
v -0.000344265951 -0.00167912105 0.0190509316
v -0.000289830379 -0.0016524177 0.0193630308
v -0.000632420531 -0.00132417213 0.0195900165
v -0.000494032633 -0.00112442113 0.0199162699
v -0.000268420874 -0.00128510455 0.0199162699
v 1.74547141E-10 -0.0013472822 0.0199160725
v 1.72497586E-10 -0.00149835541 0.0197816305
v -0.000290986587 -0.00157904974 0.0195998866
v 1.69959061E-10 -0.00164203905 0.0195863545
v 1.65535016E-10 -0.00175398553 0.0193547383
v 1.60323074E-10 -0.00184577203 0.0191477761
v 1.5508958E-10 -0.00193480053 0.0188744646
v -0.000175006309 -0.00186252978 0.0187225211
v 1.33420386E-10 -0.00203672075 0.0182469301
v -0.000319881918 -0.00169993436 0.0188054051
v -6.11212381E-05 -0.00196628761 0.018240381
v -8.9631365E-05 -0.00196078885 0.0182091538
v 1.31391287E-10 -0.00209067087 0.0181233101
v -0.000218346599 -0.00188491389 0.0182837546
v -0.000215016116 -0.00185202714 0.0184255168
v -0.000217145236 -0.00186947966 0.018540293
v -0.000175006309 -0.00186252978 0.0187225211
v -0.000314393081 -0.00169660209 0.0186759606
v -0.000414306705 -0.00160098635 0.018759558
v -0.000503967109 -0.00151997176 0.0188367758
v -0.000640101847 -0.00140994566 0.0189158786
v -0.000771409832 -0.00126084581 0.0189434718
v -0.000651480164 0.000764282944 0.0180713367
v 3.62471053E-10 0.000383831706 0.017869981
v 3.78745063E-10 0.00075895933 0.0180711392
v -0.000749340339 0.000389153836 0.0178701784
v 1.66641825E-10 -0.000345111475 0.0177829973
v -0.000855038525 -0.000339358929 0.0177831948
v -0.000842255133 -0.000258364977 0.0180001296
v 1.71747394E-10 -0.000263042399 0.0179902464
v 1.66641825E-10 -0.000345111475 0.0177829973
v -0.000855038525 -0.000339358929 0.0177831948
v -0.000855417748 -0.000385299005 0.0184211321
v -0.000742682954 -0.000888186274 0.0186204743
v -0.000857828476 -0.000719903968 0.0188878682
v -0.000855417806 -0.000607293099 0.0182625614
v -0.000695710711 -0.00107393868 0.0185389239
v -0.000723893463 -0.000607293681 0.0178819988
v -0.000254167244 -0.0014454436 0.0174153559
v -0.000536002975 -0.00148621795 0.0181991365
v -0.000629948161 -0.00135936262 0.0185117405
v -0.000319929124 -0.00167650043 0.0176464114
v -3.80933634E-05 -0.00175427692 0.0171790775
v -0.000590137613 -0.0014404566 0.0196673647
v -0.000856648956 -0.00132069585 0.019262217
v -0.000888482959 -0.00121112785 0.019491544
v -0.000564835151 -0.00166168751 0.0192265417
v -0.000249921519 -0.00180143083 0.0191966034
v -0.000290726253 -0.00157805334 0.0199145284
v -5.52823913E-05 -0.00198247819 0.0189258661
v -9.16355857E-05 -0.00183541118 0.0194533207
v -0.000127810825 -0.00162697688 0.0200179815
v 1.76592144E-10 -0.00167045183 0.0200629849
v 1.67810946E-10 -0.00183783437 0.0194521323
v 1.67018691E-10 -0.00188678131 0.0194103699
v -0.000214341329 -0.00187980896 0.0191946961
v 1.56724494E-10 -0.00198451965 0.0190106444
v 1.55856286E-10 -0.0019828619 0.0189277101
v 1.49278673E-10 -0.0018791419 0.0188517738
v -0.000564835151 -0.00166168751 0.0192265417
v -0.000360500009 -0.00155002519 0.0192265436
v 1.69856088E-10 -0.00157995976 0.0196030699
v 1.71015799E-10 -0.00142993149 0.0196795762
v -0.000554971222 -0.00132069585 0.019262217
v -0.000856648956 -0.00132069585 0.019262217
v -0.00036707535 -0.0014404566 0.0196673647
v -0.000686770421 -0.00121112785 0.019491544
v -0.000590137613 -0.0014404566 0.0196673647
v -0.000888482959 -0.00121112785 0.019491544
v -0.000290726253 -0.00157805334 0.0199145284
v -0.000127810825 -0.00162697688 0.0200179815
v 1.7593775E-10 -0.00162886688 0.020017786
v 1.76592144E-10 -0.00167045183 0.0200629849
v -0.00100329577 -0.000691501191 0.0194788054
v -0.000686770421 -0.00121112785 0.019491544
v -0.000888482959 -0.00121112785 0.019491544
v -0.00107566616 -0.000686220126 0.0194788054
v -0.000857828476 -0.000719903968 0.0188878682
v -0.000742682954 -0.000888186274 0.0186204743
v -0.000877963612 -0.000888186274 0.0186204743
v -0.000993109657 -0.000719903968 0.0188878682
v -0.000723893463 -0.000607293681 0.0178819988
v -0.000855417806 -0.000607293099 0.0182625614
v -0.000990698929 -0.000607293099 0.0182625614
v -0.000901264546 -0.000607293681 0.0178399086
v -0.000856648956 -0.00132069585 0.019262217
v -0.000554971222 -0.00132069585 0.019262217
v -0.000795338652 -0.00107353099 0.0192290917
v -0.000959693862 -0.00107353099 0.0192290917
v -0.000932905066 -0.000882137974 0.0191687886
v -0.00105026283 -0.000886668568 0.0191778503
v -0.000968211039 -0.000737462193 0.0190668646
v -0.00106063741 -0.000728401064 0.0190849863
v -0.000983464881 -0.000637998863 0.0189849548
v 1.30524161E-10 -0.00198869733 0.0180835258
v -8.68215284E-05 -0.00187889917 0.0181522015
v -8.9631365E-05 -0.00196078885 0.0182091538
v 1.31391287E-10 -0.00209067087 0.0181233101
v -0.000744468009 -0.00106294663 0.0189103112
v -0.00089312403 -0.000758091395 0.0189633146
v -0.000665333704 -0.000755784276 0.0189651065
v -0.000815759937 -0.00106525235 0.0189085212
v -0.000665429456 -0.00131124712 0.018767301
v -0.000515003223 -0.00130894082 0.0187690929
v -0.000414306705 -0.00160098635 0.018759558
v -0.000263881113 -0.00159867993 0.018761348
v -8.9631365E-05 -0.00196078885 0.0182091538
v -8.68215284E-05 -0.00187889917 0.0181522015
v -0.000229089201 -0.0017691002 0.0182398595
v -0.000218346599 -0.00188491389 0.0182837546
v 9.94011401E-11 -0.00172417611 0.0173610728
v 1.00239449E-10 -0.00146431976 0.0175533481
v -0.000539518136 -0.00114427763 0.0176790692
v -0.000745158002 -0.000512207858 0.0181084927
v 1.71747394E-10 -0.000263042399 0.0179902464
v -0.000882299442 -0.00048959133 0.0182606522
v -0.000711285335 -0.000793936895 0.0180004947
v -0.000856796512 -0.000633278163 0.0184106566
v -0.000815759937 -0.00106525235 0.0189085212
v -0.000665429456 -0.00131124712 0.018767301
v -0.000731834734 -0.00089227251 0.0182577576
v -0.000622594613 -0.00117305049 0.0181028843
v -0.000387439621 -0.00160200626 0.0178078692
v 9.94011401E-11 -0.00172417611 0.0173610728
v 1.01896963E-10 -0.00183466612 0.0175541155
v 1.07049605E-10 -0.00193972327 0.0177926179
v -0.00051845063 -0.00138701894 0.0184312202
v -0.000414306705 -0.00160098635 0.018759558
v -0.000313859142 -0.00164824375 0.018657418
v -0.000214482163 -0.00174578547 0.0184069742
v -0.000229089201 -0.0017691002 0.0182398595
v -8.68215284E-05 -0.00187889917 0.0181522015
v 1.30524161E-10 -0.00198869733 0.0180835258
v -0.00100329577 -0.000691501191 0.0194788054
v -0.00100995868 -0.000507853634 0.0193819776
v -0.000968211039 -0.000737462193 0.0190668646
v -0.000932905066 -0.000882137974 0.0191687886
v -0.000855417748 -0.000385299005 0.0184211321
v -0.000990699627 -0.000385298976 0.0184211321
v -0.000990698929 -0.000607293099 0.0182625614
v -0.000855417806 -0.000607293099 0.0182625614
v 0.000990699977 -0.000385298976 0.0184211321
v 0.000993110123 -0.000719903968 0.0188878682
v 0.000857828883 -0.000719903968 0.0188878682
v 0.000855418213 -0.000385299005 0.0184211321
v 0.00077788491 0.000300668355 0.0181722026
v 0.000910305127 -0.000280103151 0.0181867611
v 0.00100525608 -0.000280103122 0.0181867611
v 0.000695186027 0.00032771565 0.0181900337
v 0.000619485101 0.000564224552 0.0182740819
v 0.000508538156 0.000544748385 0.018295126
v 0.000402229751 0.000753335538 0.0183728896
v 0.000358925579 0.00064507185 0.0183400009
v 2.65147071E-10 0.000891090836 0.0184496175
v 2.45351961E-10 0.000655291951 0.0184496175
v 0.000910305127 -0.000289644639 0.0185282659
v 0.00100525608 -0.000280103122 0.0181867611
v 0.00100710953 -0.000289644609 0.0185282659
v 0.000925595348 -0.000497446861 0.0188076403
v 0.00102629513 -0.000497446803 0.0188076403
v 0.000946108077 -0.000218072586 0.0191165023
v 0.001043992 -0.000218072586 0.0191165023
v 0.00101198512 6.66442866E-05 0.0192715134
v 0.00086088985 -1.02703434E-05 0.01873607
v 0.000925595348 -0.000497446861 0.0188076403
v 0.000779218739 0.000209700491 0.0188910831
v 0.000910305127 6.66442866E-05 0.0192715134
v 0.000597857405 0.000552560901 0.0192753095
v 0.000645441236 0.000654645381 0.0192753095
v 0.00050821359 0.000488733058 0.0188948773
v 0.000508538156 0.000544748385 0.018295126
v 0.000358925579 0.00064507185 0.0183400009
v 1.88298724E-10 0.000732708082 0.01923218
v 1.8775087E-10 0.000836333376 0.0192374531
v 2.01706013E-10 0.000697017065 0.0189176556
v 2.45351961E-10 0.000655291951 0.0184496175
v 0.00021448241 -0.00174578547 0.0184069742
v 0.000215016364 -0.00185202714 0.0184255168
v 0.000314393343 -0.00169660209 0.0186759606
v 0.000313859375 -0.00164824375 0.018657418
v 0.000402229751 0.000753335538 0.0183728896
v 2.01425876E-10 0.000785869779 0.0189176556
v 2.65147071E-10 0.000891090836 0.0184496175
v 0.000577716972 0.000561602123 0.0188948773
v 1.8775087E-10 0.000836333376 0.0192374531
v 0.000619485101 0.000564224552 0.0182740819
v 0.000645441236 0.000654645381 0.0192753095
v 0.0008646918 0.000274446473 0.0188258421
v 0.00101198512 6.66442866E-05 0.0192715134
v 0.00077788491 0.000300668355 0.0181722026
v 0.000942387793 -1.02703461E-05 0.01873607
v 0.001043992 -0.000218072586 0.0191165023
v 0.00102629513 -0.000497446803 0.0188076403
v 0.00100710953 -0.000289644609 0.0185282659
v 0.00100525608 -0.000280103122 0.0181867611
v 3.80935599E-05 -0.00175427692 0.0171790775
v 0.000173374166 -0.00175427692 0.0171790775
v 0.000438633841 -0.0014454436 0.0173956808
v 0.000254167448 -0.0014454436 0.0174153559
v 0.000723893696 -0.000607293681 0.0178819988
v 0.000901264779 -0.000607293681 0.0178399086
v 0.00021448241 -0.00174578547 0.0184069742
v 0.000229089448 -0.0017691002 0.0182398595
v 0.000218346846 -0.00188491389 0.0182837546
v 0.000215016364 -0.00185202714 0.0184255168
v 0.000765229168 -0.00135936262 0.0185117405
v 0.00062994851 -0.00135936262 0.0185117405
v 0.00069571106 -0.00107393868 0.0185389239
v 0.000830991601 -0.00107393856 0.0185389239
v 0.000742683304 -0.000888186274 0.0186204743
v 0.000877963961 -0.000888186274 0.0186204743
v 0.000353541138 -0.00151766487 0.0188385658
v 0.000263881375 -0.00159867993 0.018761348
v 0.000414306967 -0.00160098635 0.018759558
v 0.000503967342 -0.00151997176 0.0188367758
v 0.000554174534 -0.0012585388 0.0189452618
v 0.000771410239 -0.00126084581 0.0189434718
v 0.00066533417 -0.000755784276 0.0189651065
v 0.000893124496 -0.000758091395 0.0189633146
v 0.00062994851 -0.00135936262 0.0185117405
v 0.000765229168 -0.00135936262 0.0185117405
v 0.000671283866 -0.00148621795 0.0181991365
v 0.000536003266 -0.00148621795 0.0181991365
v 0.000455209985 -0.00167650043 0.0176464114
v 0.000319929328 -0.00167650043 0.0176464114
v 0.000173374166 -0.00175427692 0.0171790775
v 3.80935599E-05 -0.00175427692 0.0171790775
v 0.00106063776 -0.000728401064 0.0190849863
v 0.00105026318 -0.000886668568 0.0191778503
v 0.00107566663 -0.000686220126 0.0194788054
v 0.00109694724 -0.000507853634 0.0193819776
v 3.78745063E-10 0.00075895933 0.0180711392
v 0.000651481037 0.000764282944 0.0180713367
v 0.000449238432 0.000695609488 0.0181909408
v 3.19417659E-10 0.000693718786 0.0181907415
v 0.000370707741 0.000638496946 0.0183315184
v 0.000958820281 -0.000278035703 0.0184620023
v 0.000322868058 0.000634736032 0.0184846837
v 2.49441912E-10 0.000650225615 0.0184299555
v 0.000749341096 0.000389153836 0.0178701803
v 0.000651481037 0.000764282944 0.0180713367
v 0.000371424248 0.000640221057 0.019115841
v 1.93286026E-10 0.000713163288 0.0191156436
v 1.85938251E-10 0.00072323397 0.0192887262
v 0.000376379787 0.000646091823 0.0192903727
v 1.74142062E-10 0.000556635379 0.0197816286
v 0.00084225554 -0.000258364977 0.0180001296
v 0.000884108944 -0.000489191385 0.0184620023
v 0.00085503899 -0.000339358929 0.0177831948
v 0.000684356142 0.000417346688 0.019115841
v 0.000315226149 0.000495608605 0.0197818279
v 1.75657461E-10 0.000267411553 0.0200264063
v 0.000691037741 0.000421033852 0.0192889236
v 0.000893450982 8.37908228E-05 0.019115841
v 0.000211389037 0.000228401113 0.0200266019
v 1.77295886E-10 -0.000196019828 0.0202386137
v 0.000580518332 0.000306664122 0.0197818279
v 0.000640843879 0.000180281437 0.0184733439
v 0.0007998324 -4.88774931E-05 0.0184676722
v 0.000902181317 8.42099325E-05 0.0192889236
v 0.00075777981 2.3888575E-05 0.0197818279
v 0.000388650544 0.000102152364 0.0200266019
v 0.000948341971 -0.00010908387 0.019115841
v 0.000507093966 -8.67921117E-05 0.0200266019
v 0.00096797169 -0.000319880171 0.0191061459
v 0.000983106671 -0.000313099532 0.0192889236
v 0.00098419108 -0.000528546574 0.0192889255
v 0.000548685028 -0.000309667841 0.0200266019
v 1.76950107E-10 -0.000890127383 0.0201483388
v 0.00068435556 -0.000165055855 0.0199162699
v 0.000910910952 -0.000313958095 0.0196284428
v 0.000691449502 -0.000513856299 0.0199162699
v 0.000820027257 -0.000313100696 0.0197818279
v 0.000909328461 -0.000528118049 0.0196284428
v 0.00098760135 -0.000523810275 0.019096449
v 0.000893124496 -0.000758091395 0.0189633146
v 0.000644782674 -0.000883939909 0.0199162699
v 0.000803669624 -0.000772208616 0.0197818279
v 0.000889071147 -0.00076837081 0.0196223967
v 0.000828083488 -0.0010079589 0.0195952505
v 0.00094886194 -0.000765155302 0.0194487087
v 0.000966831343 -0.000766523415 0.0192915872
v 0.000871879456 -0.000989130815 0.0193965659
v 0.000696580391 -0.00131364143 0.0193621609
v 0.000893622928 -0.00102158182 0.0192246828
v 0.000771410239 -0.00126084581 0.0189434718
v 0.000734278408 -0.00134454854 0.0191602837
v 0.000640102255 -0.00140994566 0.0189158786
v 0.000580439519 -0.00157979783 0.0191137902
v 0.000530615973 -0.00155904528 0.0188882872
v 0.000344266213 -0.00167912105 0.0190509316
v 0.000289830699 -0.0016524177 0.0193630308
v 0.000632420997 -0.00132417213 0.0195900165
v 0.00049403304 -0.00112442113 0.0199162699
v 0.000268421194 -0.00128510455 0.0199162699
v 1.74547141E-10 -0.0013472822 0.0199160725
v 1.72497586E-10 -0.00149835541 0.0197816305
v 0.000290986907 -0.00157904974 0.0195998866
v 1.69959061E-10 -0.00164203905 0.0195863545
v 1.65535016E-10 -0.00175398553 0.0193547383
v 1.60323074E-10 -0.00184577203 0.0191477761
v 1.5508958E-10 -0.00193480053 0.0188744646
v 0.000175006557 -0.00186252978 0.0187225211
v 1.33420386E-10 -0.00203672075 0.0182469301
v 0.00031988218 -0.00169993436 0.0188054051
v 6.11215073E-05 -0.00196628761 0.018240381
v 8.96316196E-05 -0.00196078885 0.0182091538
v 1.31391287E-10 -0.00209067087 0.0181233101
v 0.000218346846 -0.00188491389 0.0182837546
v 0.000215016364 -0.00185202714 0.0184255168
v 0.000217145469 -0.00186947966 0.018540293
v 0.000175006557 -0.00186252978 0.0187225211
v 0.000314393343 -0.00169660209 0.0186759606
v 0.000414306967 -0.00160098635 0.018759558
v 0.000503967342 -0.00151997176 0.0188367758
v 0.000640102255 -0.00140994566 0.0189158786
v 0.000771410239 -0.00126084581 0.0189434718
v 0.000651481037 0.000764282944 0.0180713367
v 3.78745063E-10 0.00075895933 0.0180711392
v 3.62471053E-10 0.000383831706 0.017869981
v 0.000749341096 0.000389153836 0.0178701803
v 1.66641825E-10 -0.000345111475 0.0177829973
v 0.00085503899 -0.000339358929 0.0177831948
v 0.00084225554 -0.000258364977 0.0180001296
v 0.00085503899 -0.000339358929 0.0177831948
v 1.66641825E-10 -0.000345111475 0.0177829973
v 1.71747394E-10 -0.000263042399 0.0179902464
v 0.000855418213 -0.000385299005 0.0184211321
v 0.000857828883 -0.000719903968 0.0188878682
v 0.000742683304 -0.000888186274 0.0186204743
v 0.000855418213 -0.000607293099 0.0182625614
v 0.00069571106 -0.00107393868 0.0185389239
v 0.000723893696 -0.000607293681 0.0178819988
v 0.000254167448 -0.0014454436 0.0174153559
v 0.000536003266 -0.00148621795 0.0181991365
v 0.00062994851 -0.00135936262 0.0185117405
v 0.000319929328 -0.00167650043 0.0176464114
v 3.80935599E-05 -0.00175427692 0.0171790775
v 0.000590137905 -0.0014404566 0.0196673647
v 0.000888483424 -0.00121112785 0.019491544
v 0.000856649422 -0.00132069585 0.019262217
v 0.000564835442 -0.00166168751 0.0192265436
v 0.000249921839 -0.00180143083 0.0191966034
v 0.000290726573 -0.00157805334 0.0199145284
v 5.52827005E-05 -0.00198247819 0.0189258661
v 9.1635935E-05 -0.00183541118 0.0194533207
v 0.000127811174 -0.00162697688 0.0200179815
v 1.76592144E-10 -0.00167045183 0.0200629849
v 1.67810946E-10 -0.00183783437 0.0194521323
v 1.67018691E-10 -0.00188678131 0.0194103699
v 0.000214341635 -0.00187980896 0.0191946961
v 1.56724494E-10 -0.00198451965 0.0190106444
v 1.55856286E-10 -0.0019828619 0.0189277101
v 1.49278673E-10 -0.0018791419 0.0188517738
v 0.000564835442 -0.00166168751 0.0192265436
v 0.000360500329 -0.00155002519 0.0192265436
v 1.69856088E-10 -0.00157995976 0.0196030699
v 1.71015799E-10 -0.00142993149 0.0196795762
v 0.000554971455 -0.00132069585 0.019262217
v 0.000856649422 -0.00132069585 0.019262217
v 0.000367075641 -0.0014404566 0.0196673647
v 0.000686770887 -0.00121112785 0.019491544
v 0.000590137905 -0.0014404566 0.0196673647
v 0.000888483424 -0.00121112785 0.019491544
v 0.000290726573 -0.00157805334 0.0199145284
v 0.000127811174 -0.00162697688 0.0200179815
v 1.7593775E-10 -0.00162886688 0.020017786
v 1.76592144E-10 -0.00167045183 0.0200629849
v 0.00100329623 -0.000691501191 0.0194788054
v 0.00107566663 -0.000686220126 0.0194788054
v 0.000888483424 -0.00121112785 0.019491544
v 0.000686770887 -0.00121112785 0.019491544
v 0.000857828883 -0.000719903968 0.0188878682
v 0.000993110123 -0.000719903968 0.0188878682
v 0.000877963961 -0.000888186274 0.0186204743
v 0.000742683304 -0.000888186274 0.0186204743
v 0.000723893696 -0.000607293681 0.0178819988
v 0.000901264779 -0.000607293681 0.0178399086
v 0.000990699395 -0.000607293099 0.0182625614
v 0.000855418213 -0.000607293099 0.0182625614
v 0.000856649422 -0.00132069585 0.019262217
v 0.000795339118 -0.00107353099 0.0192290917
v 0.000554971455 -0.00132069585 0.019262217
v 0.000959694211 -0.00107353099 0.0192290917
v 0.000932905532 -0.000882137974 0.0191687886
v 0.00105026318 -0.000886668568 0.0191778503
v 0.000968211447 -0.000737462193 0.0190668646
v 0.00106063776 -0.000728401064 0.0190849863
v 0.000983465347 -0.000637998863 0.0189849548
v 1.30524161E-10 -0.00198869733 0.0180835258
v 1.31391287E-10 -0.00209067087 0.0181233101
v 8.96316196E-05 -0.00196078885 0.0182091538
v 8.6821783E-05 -0.00187889917 0.0181522015
v 0.000744468416 -0.00106294663 0.0189103112
v 0.00066533417 -0.000755784276 0.0189651065
v 0.000893124496 -0.000758091395 0.0189633146
v 0.000815760344 -0.00106525235 0.0189085212
v 0.000665429805 -0.00131124712 0.018767301
v 0.000515003514 -0.00130894082 0.0187690929
v 0.000414306967 -0.00160098635 0.018759558
v 0.000263881375 -0.00159867993 0.018761348
v 8.96316196E-05 -0.00196078885 0.0182091538
v 0.000218346846 -0.00188491389 0.0182837546
v 0.000229089448 -0.0017691002 0.0182398595
v 8.6821783E-05 -0.00187889917 0.0181522015
v 9.94011401E-11 -0.00172417611 0.0173610728
v 0.000539518369 -0.00114427763 0.0176790692
v 1.00239449E-10 -0.00146431976 0.0175533481
v 0.00074515841 -0.000512207858 0.0181084927
v 1.71747394E-10 -0.000263042399 0.0179902464
v 0.000882299908 -0.00048959133 0.0182606522
v 0.000711285684 -0.000793936895 0.0180004947
v 0.000856796862 -0.000633278163 0.0184106566
v 0.000815760344 -0.00106525235 0.0189085212
v 0.000665429805 -0.00131124712 0.018767301
v 0.000731835142 -0.00089227251 0.0182577576
v 0.000622594845 -0.00117305049 0.0181028843
v 0.000387439824 -0.00160200626 0.0178078692
v 9.94011401E-11 -0.00172417611 0.0173610728
v 1.01896963E-10 -0.00183466612 0.0175541155
v 1.07049605E-10 -0.00193972327 0.0177926179
v 0.000518450921 -0.00138701894 0.0184312202
v 0.000414306967 -0.00160098635 0.018759558
v 0.000313859375 -0.00164824375 0.018657418
v 0.00021448241 -0.00174578547 0.0184069742
v 0.000229089448 -0.0017691002 0.0182398595
v 8.6821783E-05 -0.00187889917 0.0181522015
v 1.30524161E-10 -0.00198869733 0.0180835258
v 0.00100329623 -0.000691501191 0.0194788054
v 0.000932905532 -0.000882137974 0.0191687886
v 0.000968211447 -0.000737462193 0.0190668646
v 0.00100995915 -0.000507853634 0.0193819776
v 0.000855418213 -0.000385299005 0.0184211321
v 0.000855418213 -0.000607293099 0.0182625614
v 0.000990699395 -0.000607293099 0.0182625614
v 0.000990699977 -0.000385298976 0.0184211321
v -0.000762575597 -0.00130482996 0.018439237
v -0.00076522876 -0.00135936262 0.0185117405
v -0.000671283517 -0.00148621795 0.0181991365
v -0.000830991252 -0.00107393856 0.0185389239
v -0.000818093715 -0.00105132326 0.0184640139
v -0.000877963612 -0.000888186274 0.0186204743
v -0.000684410334 -0.00141547259 0.0181680601
v -0.000470435712 -0.00160376681 0.0176210385
v -0.000455209753 -0.00167650043 0.0176464114
v -0.000304247573 -0.00162018207 0.0173888896
v -0.000173373977 -0.00175427692 0.0171790775
v -0.000438633637 -0.0014454436 0.0173956808
v -0.000442638207 -0.00148903695 0.0174608026
v -0.000891419768 -0.000681664329 0.0178876165
v -0.000901264546 -0.000607293681 0.0178399086
v -0.000990698929 -0.000607293099 0.0182625614
v -0.000979779754 -0.00068174873 0.0183062814
v -0.000877567159 -0.000835195882 0.0185583141
v -0.000997219235 -0.000503803021 0.01846008
v -0.000990699627 -0.000385298976 0.0184211321
v -0.000960307487 -0.000711867644 0.0187539812
v -0.000993109657 -0.000719903968 0.0188878682
v 0.000762576004 -0.00130482996 0.018439237
v 0.000671283866 -0.00148621795 0.0181991365
v 0.000765229168 -0.00135936262 0.0185117405
v 0.000830991601 -0.00107393856 0.0185389239
v 0.000818094064 -0.00105132326 0.0184640139
v 0.000877963961 -0.000888186274 0.0186204743
v 0.000684410625 -0.00141547259 0.0181680601
v 0.000470435945 -0.00160376681 0.0176210385
v 0.000455209985 -0.00167650043 0.0176464114
v 0.000304247747 -0.00162018207 0.0173888896
v 0.000173374166 -0.00175427692 0.0171790775
v 0.000438633841 -0.0014454436 0.0173956808
v 0.000442638411 -0.00148903695 0.0174608026
v 0.000891420001 -0.000681664329 0.0178876165
v 0.000901264779 -0.000607293681 0.0178399086
v 0.000990699395 -0.000607293099 0.0182625614
v 0.000979780103 -0.00068174873 0.0183062814
v 0.000877567509 -0.000835195882 0.0185583141
v 0.000997219584 -0.000503803021 0.01846008
v 0.000990699977 -0.000385298976 0.0184211321
v 0.000960307836 -0.000711867644 0.0187539812
v 0.000993110123 -0.000719903968 0.0188878682
v -0.000214341329 -0.00206551724 0.0192105137
v 1.70959913E-10 -0.00260289339 0.0195215885
v 1.58349209E-10 -0.0022018617 0.0190739166
v -0.000214341329 -0.00206551724 0.0192105137
v 1.67422992E-10 -0.00210506399 0.0194072071
v 1.70959913E-10 -0.00260289339 0.0195215885
v 0.000214341635 -0.00206551724 0.0192105137
v 1.58349209E-10 -0.0022018617 0.0190739166
v 1.70959913E-10 -0.00260289339 0.0195215885
v 0.000214341635 -0.00206551724 0.0192105137
v 1.67422992E-10 -0.00210506399 0.0194072071
v 1.70959913E-10 -0.00260289339 0.0195215885
v -0.00109288178 -0.000624134555 0.0201599728
v -0.00103108922 -0.000894278637 0.0202222299
v -0.00111151265 -0.000569357537 0.0203947779
v -0.00118298712 -0.000357961544 0.0204244126
v -0.00118331052 -0.000262401794 0.0206498913
v -0.00129796145 -2.29220732E-05 0.0206385758
v -0.00118185626 5.75352678E-05 0.0209545698
v -0.00135746552 0.000154555324 0.0208450798
v -0.00138179108 0.000220007758 0.0209464114
v -0.00127392483 0.000207310703 0.0210039522
v -0.00102478557 0.000304474408 0.0214621015
v -0.00133158849 0.000255378167 0.0210562311
v -0.00118298712 -0.000357961544 0.0204244126
v -0.00124678656 -0.00045881758 0.0202561133
v -0.00132917776 -0.00021194297 0.0204636138
v -0.00129796145 -2.29220732E-05 0.0206385758
v -0.0014321364 5.14845633E-05 0.0208378304
v -0.00135746552 0.000154555324 0.0208450798
v -0.00138179108 0.000220007758 0.0209464114
v -0.00152575027 0.000451667642 0.0209826268
v -0.00133158849 0.000255378167 0.0210562311
v -0.0011497573 -0.000679505174 0.0199639741
v -0.000989615102 -0.00074079365 0.019940095
v -0.000952602481 -0.000748832594 0.0202019345
v -0.000889070681 -0.00076837081 0.0196223967
v -0.000948861532 -0.000765155302 0.0194487087
v -0.000950908929 -0.000942763349 0.019872494
v -0.000889070681 -0.00076837081 0.0196223967
v -0.000828083081 -0.0010079589 0.0195952505
v -0.000894014316 -0.000881921733 0.0201067254
v -0.000891714531 -0.000965436455 0.0201578271
v -0.000695967639 -0.000927027198 0.0201249644
v -0.000877830666 -0.000892939162 0.0202182382
v -0.000695967639 -0.000927027198 0.0201249644
v -0.000873139419 -0.00095567212 0.0202912223
v -0.000808048993 -0.000833638245 0.0206657313
v -0.00103108922 -0.000894278637 0.0202222299
v -0.00109288178 -0.000624134555 0.0201599728
v -0.000952602481 -0.000748832594 0.0202019345
v -0.000967947301 -0.000951392634 0.0202680584
v -0.000808048993 -0.000833638245 0.0206657313
v -0.000808048993 -0.000833638245 0.0206657313
v -0.000873139419 -0.00095567212 0.0202912223
v -0.000967947301 -0.000951392634 0.0202680584
v -0.000891714531 -0.000965436455 0.0201578271
v -0.000695967639 -0.000927027198 0.0201249644
v -0.00103108922 -0.000894278637 0.0202222299
v -0.000950908929 -0.000942763349 0.019872494
v -0.00107057311 -0.000891919888 0.0199161042
v -0.00087187899 -0.000989130815 0.0193965659
v -0.000828083081 -0.0010079589 0.0195952505
v -0.000948861532 -0.000765155302 0.0194487087
v -0.0011497573 -0.000679505174 0.0199639741
v -0.00119167694 -0.000654986943 0.0202553831
v -0.00124678656 -0.00045881758 0.0202561133
v -0.00111151265 -0.000569357537 0.0203947779
v -0.00131632132 -0.000317170052 0.0205703024
v -0.00132917776 -0.00021194297 0.0204636138
v -0.00118331052 -0.000262401794 0.0206498913
v -0.0014321364 5.14845633E-05 0.0208378304
v -0.00134481816 -1.11042018E-05 0.0209068917
v -0.00118185626 5.75352678E-05 0.0209545698
v -0.00102478557 0.000304474408 0.0214621015
v -0.00135047431 0.000141246695 0.0210468713
v -0.00152575027 0.000451667642 0.0209826268
v -0.00133158849 0.000255378167 0.0210562311
v 0.00109288224 -0.000624134555 0.0201599728
v 0.001111513 -0.000569357537 0.0203947779
v 0.00103108969 -0.000894278637 0.0202222299
v 0.00118298759 -0.000357961544 0.0204244126
v 0.00118331099 -0.000262401794 0.0206498913
v 0.00129796169 -2.29220877E-05 0.0206385758
v 0.00118185661 5.75352569E-05 0.0209545698
v 0.00135746575 0.00015455531 0.0208450798
v 0.00138179131 0.000220007758 0.0209464114
v 0.00127392518 0.000207310703 0.0210039522
v 0.00102478603 0.000304474408 0.0214621015
v 0.00133158872 0.000255378167 0.0210562311
v 0.00124678703 -0.00045881758 0.0202561133
v 0.00118298759 -0.000357961544 0.0204244126
v 0.00132917799 -0.00021194297 0.0204636138
v 0.00129796169 -2.29220877E-05 0.0206385758
v 0.00143213675 5.14845451E-05 0.0208378304
v 0.00135746575 0.00015455531 0.0208450798
v 0.00138179131 0.000220007758 0.0209464114
v 0.00152575062 0.000451667642 0.0209826268
v 0.00133158872 0.000255378167 0.0210562311
v 0.00114975765 -0.000679505174 0.0199639741
v 0.000989615568 -0.00074079365 0.019940095
v 0.000952602888 -0.000748832594 0.0202019345
v 0.000889071147 -0.00076837081 0.0196223967
v 0.00094886194 -0.000765155302 0.0194487087
v 0.000950909394 -0.000942763349 0.019872494
v 0.000889071147 -0.00076837081 0.0196223967
v 0.000828083488 -0.0010079589 0.0195952505
v 0.000894014724 -0.000881921733 0.0201067254
v 0.000891714997 -0.000965436455 0.0201578271
v 0.000695968105 -0.000927027198 0.0201249644
v 0.000877831131 -0.000892939162 0.0202182382
v 0.000695968105 -0.000927027198 0.0201249644
v 0.000873139827 -0.00095567212 0.0202912223
v 0.000808049401 -0.000833638245 0.0206657313
v 0.00103108969 -0.000894278637 0.0202222299
v 0.000952602888 -0.000748832594 0.0202019345
v 0.00109288224 -0.000624134555 0.0201599728
v 0.000967947766 -0.000951392634 0.0202680584
v 0.000808049401 -0.000833638245 0.0206657313
v 0.000808049401 -0.000833638245 0.0206657313
v 0.000967947766 -0.000951392634 0.0202680584
v 0.000873139827 -0.00095567212 0.0202912223
v 0.000891714997 -0.000965436455 0.0201578271
v 0.000695968105 -0.000927027198 0.0201249644
v 0.00103108969 -0.000894278637 0.0202222299
v 0.000950909394 -0.000942763349 0.019872494
v 0.00107057358 -0.000891919888 0.0199161042
v 0.000871879456 -0.000989130815 0.0193965659
v 0.000828083488 -0.0010079589 0.0195952505
v 0.00094886194 -0.000765155302 0.0194487087
v 0.00114975765 -0.000679505174 0.0199639741
v 0.00119167741 -0.000654986943 0.0202553831
v 0.00124678703 -0.00045881758 0.0202561133
v 0.001111513 -0.000569357537 0.0203947779
v 0.00131632166 -0.000317170052 0.0205703024
v 0.00132917799 -0.00021194297 0.0204636138
v 0.00118331099 -0.000262401794 0.0206498913
v 0.00143213675 5.14845451E-05 0.0208378304
v 0.00134481839 -1.11042154E-05 0.0209068917
v 0.00118185661 5.75352569E-05 0.0209545698
v 0.00102478603 0.000304474408 0.0214621015
v 0.00135047466 0.000141246666 0.0210468713
v 0.00152575062 0.000451667642 0.0209826268
v 0.00133158872 0.000255378167 0.0210562311
vt 0.060546875 0.822265625
vt 0.064453125 0.819335938
vt 0.0751953125 0.830078125
vt 0.219726562 0.549804688
vt 0.229492188 0.541992188
vt 0.22265625 0.551757812
vt 0.252929688 0.579101562
vt 0.245117188 0.583007812
vt 0.25390625 0.573242188
vt 0.196289062 0.573242188
vt 0.208007812 0.563476562
vt 0.201171875 0.57421875
vt 0.215820312 0.571289062
vt 0.215820312 0.57421875
vt 0.209960938 0.577148438
vt 0.209960938 0.564453125
vt 0.227539062 0.548828125
vt 0.227539062 0.563476562
vt 0.190429688 0.598632812
vt 0.212890625 0.580078125
vt 0.203125 0.599609375
vt 0.256835938 0.578125
vt 0.254882812 0.591796875
vt 0.247070312 0.5859375
vt 0.20703125 0.560546875
vt 0.21875 0.55078125
vt 0.211914062 0.560546875
vt 0.227539062 0.59765625
vt 0.228515625 0.612304688
vt 0.204101562 0.615234375
vt 0.177734375 0.583984375
vt 0.193359375 0.5703125
vt 0.190429688 0.58203125
vt 0.18359375 0.590820312
vt 0.205078125 0.573242188
vt 0.201171875 0.586914062
vt 0.233398438 0.571289062
vt 0.243164062 0.5625
vt 0.245117188 0.577148438
vt 0.198242188 0.5703125
vt 0.194335938 0.571289062
vt 0.204101562 0.5625
vt 0.23828125 0.555664062
vt 0.23828125 0.564453125
vt 0.227539062 0.563476562
vt 0.119140625 0.583007812
vt 0.120117188 0.55859375
vt 0.127929688 0.578125
vt 0.212890625 0.573242188
vt 0.206054688 0.572265625
vt 0.211914062 0.567382812
vt 0.232421875 0.631835938
vt 0.213867188 0.625976562
vt 0.240234375 0.603515625
vt 0.244140625 0.58203125
vt 0.247070312 0.59765625
vt 0.228515625 0.594726562
vt 0.216796875 0.57421875
vt 0.220703125 0.584960938
vt 0.211914062 0.578125
vt 0.282226562 0.958007812
vt 0.3046875 0.985351562
vt 0.28125 0.981445312
vt 0.060546875 0.822265625
vt 0.0751953125 0.830078125
vt 0.064453125 0.819335938
vt 0.219726562 0.549804688
vt 0.22265625 0.551757812
vt 0.229492188 0.541992188
vt 0.252929688 0.579101562
vt 0.25390625 0.573242188
vt 0.245117188 0.583007812
vt 0.196289062 0.573242188
vt 0.201171875 0.57421875
vt 0.208007812 0.563476562
vt 0.215820312 0.571289062
vt 0.209960938 0.577148438
vt 0.215820312 0.57421875
vt 0.209960938 0.564453125
vt 0.227539062 0.563476562
vt 0.227539062 0.548828125
vt 0.190429688 0.598632812
vt 0.203125 0.599609375
vt 0.212890625 0.580078125
vt 0.256835938 0.578125
vt 0.247070312 0.5859375
vt 0.254882812 0.591796875
vt 0.20703125 0.560546875
vt 0.211914062 0.560546875
vt 0.21875 0.55078125
vt 0.227539062 0.59765625
vt 0.204101562 0.615234375
vt 0.228515625 0.612304688
vt 0.177734375 0.583984375
vt 0.190429688 0.58203125
vt 0.193359375 0.5703125
vt 0.18359375 0.590820312
vt 0.201171875 0.586914062
vt 0.205078125 0.573242188
vt 0.233398438 0.571289062
vt 0.245117188 0.577148438
vt 0.243164062 0.5625
vt 0.198242188 0.5703125
vt 0.204101562 0.5625
vt 0.194335938 0.571289062
vt 0.23828125 0.555664062
vt 0.227539062 0.563476562
vt 0.23828125 0.564453125
vt 0.119140625 0.583007812
vt 0.127929688 0.578125
vt 0.120117188 0.55859375
vt 0.212890625 0.573242188
vt 0.211914062 0.567382812
vt 0.206054688 0.572265625
vt 0.232421875 0.631835938
vt 0.240234375 0.603515625
vt 0.213867188 0.625976562
vt 0.244140625 0.58203125
vt 0.228515625 0.594726562
vt 0.247070312 0.59765625
vt 0.216796875 0.57421875
vt 0.211914062 0.578125
vt 0.220703125 0.584960938
vt 0.161132812 0.666992188
vt 0.154296875 0.662109375
vt 0.190429688 0.629882812
vt 0.197265625 0.635742188
vt 0.137695312 0.4921875
vt 0.141601562 0.50390625
vt 0.141601562 0.514648438
vt 0.133789062 0.521484375
vt 0.125 0.486328125
vt 0.124023438 0.51953125
vt 0.118164062 0.478515625
vt 0.102539062 0.512695312
vt 0.095703125 0.477539062
vt 0.091796875 0.51953125
vt 0.151367188 0.520507812
vt 0.141601562 0.50390625
vt 0.151367188 0.504882812
vt 0.162109375 0.520507812
vt 0.1640625 0.502929688
vt 0.17578125 0.528320312
vt 0.177734375 0.502929688
vt 0.215820312 0.505859375
vt 0.162109375 0.53515625
vt 0.162109375 0.520507812
vt 0.1640625 0.555664062
vt 0.212890625 0.524414062
vt 0.216796875 0.525390625
vt 0.223632812 0.50390625
vt 0.161132812 0.565429688
vt 0.124023438 0.51953125
vt 0.102539062 0.512695312
vt 0.223632812 0.524414062
vt 0.229492188 0.501953125
vt 0.16015625 0.571289062
vt 0.091796875 0.51953125
vt 0.0517578125 0.799804688
vt 0.064453125 0.819335938
vt 0.060546875 0.822265625
vt 0.04296875 0.801757812
vt 0.118164062 0.478515625
vt 0.095703125 0.477539062
vt 0.1796875 0.444335938
vt 0.18359375 0.461914062
vt 0.229492188 0.501953125
vt 0.125 0.486328125
vt 0.223632812 0.50390625
vt 0.194335938 0.484375
vt 0.215820312 0.505859375
vt 0.137695312 0.4921875
vt 0.171875 0.4921875
vt 0.177734375 0.502929688
vt 0.1640625 0.502929688
vt 0.151367188 0.504882812
vt 0.141601562 0.50390625
vt 0.161132812 0.616210938
vt 0.127929688 0.630859375
vt 0.15234375 0.612304688
vt 0.138671875 0.637695312
vt 0.08203125 0.689453125
vt 0.0693359375 0.68359375
vt 0.0517578125 0.799804688
vt 0.04296875 0.801757812
vt 0.0400390625 0.791015625
vt 0.048828125 0.786132812
vt 0.131835938 0.657226562
vt 0.172851562 0.619140625
vt 0.185546875 0.623046875
vt 0.140625 0.6640625
vt 0.109375 0.692382812
vt 0.0986328125 0.684570312
vt 0.130859375 0.614257812
vt 0.150390625 0.607421875
vt 0.135742188 0.619140625
vt 0.147460938 0.599609375
vt 0.161132812 0.59765625
vt 0.157226562 0.591796875
vt 0.0869140625 0.833984375
vt 0.0751953125 0.830078125
vt 0.0869140625 0.83203125
vt 0.083984375 0.841796875
vt 0.095703125 0.842773438
vt 0.100585938 0.850585938
vt 0.11328125 0.836914062
vt 0.140625 0.83984375
vt 0.13671875 0.602539062
vt 0.11328125 0.609375
vt 0.131835938 0.594726562
vt 0.118164062 0.620117188
vt 0.080078125 0.639648438
vt 0.0859375 0.650390625
vt 0.05078125 0.669921875
vt 0.0546875 0.6796875
vt 0.266601562 0.602539062
vt 0.250976562 0.616210938
vt 0.244140625 0.606445312
vt 0.259765625 0.591796875
vt 0.310546875 0.766601562
vt 0.245117188 0.780273438
vt 0.259765625 0.767578125
vt 0.309570312 0.780273438
vt 0.26953125 0.788085938
vt 0.181640625 0.803710938
vt 0.275390625 0.809570312
vt 0.30859375 0.806640625
vt 0.240234375 0.765625
vt 0.259765625 0.767578125
vt 0.264648438 0.868164062
vt 0.299804688 0.875976562
vt 0.295898438 0.893554688
vt 0.260742188 0.8828125
vt 0.268554688 0.940429688
vt 0.190429688 0.762695312
vt 0.1640625 0.799804688
vt 0.204101562 0.749023438
vt 0.233398438 0.861328125
vt 0.243164062 0.922851562
vt 0.236328125 0.966796875
vt 0.231445312 0.875
vt 0.204101562 0.857421875
vt 0.221679688 0.94921875
vt 0.185546875 0.984375
vt 0.219726562 0.913085938
vt 0.232421875 0.819335938
vt 0.204101562 0.817382812
vt 0.202148438 0.870117188
vt 0.1953125 0.90625
vt 0.206054688 0.939453125
vt 0.189453125 0.85546875
vt 0.189453125 0.932617188
vt 0.172851562 0.853515625
vt 0.173828125 0.8671875
vt 0.158203125 0.866210938
vt 0.171875 0.931640625
vt 0.11328125 0.971679688
vt 0.181640625 0.91796875
vt 0.171875 0.891601562
vt 0.15625 0.916015625
vt 0.170898438 0.903320312
vt 0.157226562 0.890625
vt 0.158203125 0.852539062
vt 0.140625 0.83984375
vt 0.12890625 0.915039062
vt 0.138671875 0.90234375
vt 0.140625 0.890625
vt 0.124023438 0.888671875
vt 0.140625 0.877929688
vt 0.140625 0.8671875
vt 0.124023438 0.875
vt 0.09765625 0.876953125
vt 0.12109375 0.86328125
vt 0.100585938 0.850585938
vt 0.0966796875 0.862304688
vt 0.0927734375 0.84765625
vt 0.0830078125 0.858398438
vt 0.08203125 0.844726562
vt 0.0634765625 0.856445312
vt 0.0615234375 0.880859375
vt 0.09765625 0.892578125
vt 0.108398438 0.918945312
vt 0.0888671875 0.927734375
vt 0.0693359375 0.942382812
vt 0.0556640625 0.928710938
vt 0.068359375 0.899414062
vt 0.0439453125 0.907226562
vt 0.037109375 0.884765625
vt 0.03125 0.866210938
vt 0.0263671875 0.840820312
vt 0.041015625 0.827148438
vt 0.0185546875 0.7890625
vt 0.060546875 0.833984375
vt 0.0263671875 0.788085938
vt 0.0283203125 0.78515625
vt 0.013671875 0.778320312
vt 0.0400390625 0.791015625
vt 0.04296875 0.801757812
vt 0.04296875 0.811523438
vt 0.041015625 0.827148438
vt 0.060546875 0.822265625
vt 0.0751953125 0.830078125
vt 0.083984375 0.841796875
vt 0.0927734375 0.84765625
vt 0.100585938 0.850585938
vt 0.259765625 0.767578125
vt 0.282226562 0.713867188
vt 0.310546875 0.766601562
vt 0.240234375 0.765625
vt 0.19921875 0.686523438
vt 0.204101562 0.749023438
vt 0.190429688 0.762695312
vt 0.182617188 0.690429688
vt 0.19921875 0.686523438
vt 0.204101562 0.749023438
vt 0.104492188 0.557617188
vt 0.0595703125 0.5546875
vt 0.06640625 0.529296875
vt 0.091796875 0.575195312
vt 0.0458984375 0.56640625
vt 0.099609375 0.60546875
vt 0.041015625 0.666992188
vt 0.021484375 0.604492188
vt 0.0244140625 0.576171875
vt 0.0185546875 0.654296875
vt 0.0205078125 0.694335938
vt 0.336914062 0.942382812
vt 0.33984375 0.958984375
vt 0.336914062 0.951171875
vt 0.3515625 0.9609375
vt 0.35546875 0.946289062
vt 0.319335938 0.936523438
vt 0.372070312 0.978515625
vt 0.354492188 0.930664062
vt 0.315429688 0.922851562
vt 0.322265625 0.911132812
vt 0.364257812 0.918945312
vt 0.375976562 0.93359375
vt 0.373046875 0.958984375
vt 0.388671875 0.984375
vt 0.376953125 0.993164062
vt 0.361328125 0.997070312
vt 0.3515625 0.9609375
vt 0.342773438 0.984375
vt 0.3046875 0.985351562
vt 0.282226562 0.958007812
vt 0.330078125 0.966796875
vt 0.33984375 0.958984375
vt 0.30078125 0.955078125
vt 0.318359375 0.956054688
vt 0.336914062 0.942382812
vt 0.336914062 0.951171875
vt 0.319335938 0.936523438
vt 0.315429688 0.922851562
vt 0.297851562 0.919921875
vt 0.322265625 0.911132812
vt 0.198242188 0.60546875
vt 0.225585938 0.583007812
vt 0.227539062 0.594726562
vt 0.19921875 0.609375
vt 0.0078125 0.971679688
vt 0.0205078125 0.9921875
vt 0.025390625 0.986328125
vt 0.0224609375 0.970703125
vt 0.130859375 0.680664062
vt 0.1484375 0.665039062
vt 0.154296875 0.671875
vt 0.135742188 0.688476562
vt 0.245117188 0.637695312
vt 0.243164062 0.626953125
vt 0.249023438 0.627929688
vt 0.252929688 0.647460938
vt 0.254882812 0.62109375
vt 0.262695312 0.64453125
vt 0.258789062 0.623046875
vt 0.264648438 0.637695312
vt 0.265625 0.627929688
vt 0.0205078125 0.772460938
vt 0.0341796875 0.77734375
vt 0.0283203125 0.78515625
vt 0.013671875 0.778320312
vt 0.110351562 0.828125
vt 0.140625 0.83984375
vt 0.114257812 0.8359375
vt 0.11328125 0.826171875
vt 0.09765625 0.821289062
vt 0.0947265625 0.828125
vt 0.0751953125 0.830078125
vt 0.0869140625 0.83203125
vt 0.0283203125 0.78515625
vt 0.0341796875 0.77734375
vt 0.048828125 0.786132812
vt 0.0400390625 0.791015625
vt 0.0439453125 0.702148438
vt 0.0732421875 0.698242188
vt 0.102539062 0.741210938
vt 0.165039062 0.763671875
vt 0.182617188 0.690429688
vt 0.166015625 0.783203125
vt 0.135742188 0.759765625
vt 0.154296875 0.795898438
vt 0.11328125 0.826171875
vt 0.09765625 0.821289062
vt 0.12890625 0.782226562
vt 0.104492188 0.772460938
vt 0.068359375 0.750976562
vt 0.0439453125 0.702148438
vt 0.033203125 0.720703125
vt 0.0244140625 0.745117188
vt 0.0869140625 0.797851562
vt 0.0751953125 0.830078125
vt 0.064453125 0.819335938
vt 0.0517578125 0.799804688
vt 0.048828125 0.786132812
vt 0.0341796875 0.77734375
vt 0.0205078125 0.772460938
vt 0.240234375 0.58203125
vt 0.232421875 0.590820312
vt 0.217773438 0.572265625
vt 0.2265625 0.565429688
vt 0.204101562 0.674804688
vt 0.203125 0.655273438
vt 0.241210938 0.654296875
vt 0.2421875 0.673828125
vt 0.161132812 0.666992188
vt 0.197265625 0.635742188
vt 0.190429688 0.629882812
vt 0.154296875 0.662109375
vt 0.137695312 0.4921875
vt 0.141601562 0.514648438
vt 0.141601562 0.50390625
vt 0.133789062 0.521484375
vt 0.125 0.486328125
vt 0.124023438 0.51953125
vt 0.118164062 0.478515625
vt 0.102539062 0.512695312
vt 0.095703125 0.477539062
vt 0.091796875 0.51953125
vt 0.151367188 0.520507812
vt 0.141601562 0.50390625
vt 0.151367188 0.504882812
vt 0.162109375 0.520507812
vt 0.1640625 0.502929688
vt 0.17578125 0.528320312
vt 0.177734375 0.502929688
vt 0.215820312 0.505859375
vt 0.162109375 0.53515625
vt 0.162109375 0.520507812
vt 0.1640625 0.555664062
vt 0.212890625 0.524414062
vt 0.216796875 0.525390625
vt 0.223632812 0.50390625
vt 0.161132812 0.565429688
vt 0.124023438 0.51953125
vt 0.102539062 0.512695312
vt 0.223632812 0.524414062
vt 0.229492188 0.501953125
vt 0.16015625 0.571289062
vt 0.091796875 0.51953125
vt 0.0517578125 0.799804688
vt 0.04296875 0.801757812
vt 0.060546875 0.822265625
vt 0.064453125 0.819335938
vt 0.118164062 0.478515625
vt 0.1796875 0.444335938
vt 0.095703125 0.477539062
vt 0.18359375 0.461914062
vt 0.229492188 0.501953125
vt 0.125 0.486328125
vt 0.223632812 0.50390625
vt 0.194335938 0.484375
vt 0.215820312 0.505859375
vt 0.137695312 0.4921875
vt 0.171875 0.4921875
vt 0.177734375 0.502929688
vt 0.1640625 0.502929688
vt 0.151367188 0.504882812
vt 0.141601562 0.50390625
vt 0.161132812 0.616210938
vt 0.15234375 0.612304688
vt 0.127929688 0.630859375
vt 0.138671875 0.637695312
vt 0.08203125 0.689453125
vt 0.0693359375 0.68359375
vt 0.0517578125 0.799804688
vt 0.048828125 0.786132812
vt 0.0400390625 0.791015625
vt 0.04296875 0.801757812
vt 0.130859375 0.614257812
vt 0.135742188 0.619140625
vt 0.150390625 0.607421875
vt 0.147460938 0.599609375
vt 0.161132812 0.59765625
vt 0.157226562 0.591796875
vt 0.0869140625 0.833984375
vt 0.0869140625 0.83203125
vt 0.0751953125 0.830078125
vt 0.083984375 0.841796875
vt 0.095703125 0.842773438
vt 0.100585938 0.850585938
vt 0.11328125 0.836914062
vt 0.140625 0.83984375
vt 0.13671875 0.602539062
vt 0.131835938 0.594726562
vt 0.11328125 0.609375
vt 0.118164062 0.620117188
vt 0.080078125 0.639648438
vt 0.0859375 0.650390625
vt 0.05078125 0.669921875
vt 0.0546875 0.6796875
vt 0.266601562 0.602539062
vt 0.259765625 0.591796875
vt 0.244140625 0.606445312
vt 0.250976562 0.616210938
vt 0.310546875 0.766601562
vt 0.259765625 0.767578125
vt 0.245117188 0.780273438
vt 0.309570312 0.780273438
vt 0.26953125 0.788085938
vt 0.181640625 0.803710938
vt 0.275390625 0.809570312
vt 0.30859375 0.806640625
vt 0.240234375 0.765625
vt 0.259765625 0.767578125
vt 0.264648438 0.868164062
vt 0.299804688 0.875976562
vt 0.295898438 0.893554688
vt 0.260742188 0.8828125
vt 0.268554688 0.940429688
vt 0.190429688 0.762695312
vt 0.1640625 0.799804688
vt 0.204101562 0.749023438
vt 0.233398438 0.861328125
vt 0.243164062 0.922851562
vt 0.236328125 0.966796875
vt 0.231445312 0.875
vt 0.204101562 0.857421875
vt 0.221679688 0.94921875
vt 0.185546875 0.984375
vt 0.219726562 0.913085938
vt 0.232421875 0.819335938
vt 0.204101562 0.817382812
vt 0.202148438 0.870117188
vt 0.1953125 0.90625
vt 0.206054688 0.939453125
vt 0.189453125 0.85546875
vt 0.189453125 0.932617188
vt 0.172851562 0.853515625
vt 0.173828125 0.8671875
vt 0.158203125 0.866210938
vt 0.171875 0.931640625
vt 0.11328125 0.971679688
vt 0.181640625 0.91796875
vt 0.171875 0.891601562
vt 0.15625 0.916015625
vt 0.170898438 0.903320312
vt 0.157226562 0.890625
vt 0.158203125 0.852539062
vt 0.140625 0.83984375
vt 0.12890625 0.915039062
vt 0.138671875 0.90234375
vt 0.140625 0.890625
vt 0.124023438 0.888671875
vt 0.140625 0.877929688
vt 0.140625 0.8671875
vt 0.124023438 0.875
vt 0.09765625 0.876953125
vt 0.12109375 0.86328125
vt 0.100585938 0.850585938
vt 0.0966796875 0.862304688
vt 0.0927734375 0.84765625
vt 0.0830078125 0.858398438
vt 0.08203125 0.844726562
vt 0.0634765625 0.856445312
vt 0.0615234375 0.880859375
vt 0.09765625 0.892578125
vt 0.108398438 0.918945312
vt 0.0888671875 0.927734375
vt 0.0693359375 0.942382812
vt 0.0556640625 0.928710938
vt 0.068359375 0.899414062
vt 0.0439453125 0.907226562
vt 0.037109375 0.884765625
vt 0.03125 0.866210938
vt 0.0263671875 0.840820312
vt 0.041015625 0.827148438
vt 0.0185546875 0.7890625
vt 0.060546875 0.833984375
vt 0.0263671875 0.788085938
vt 0.0283203125 0.78515625
vt 0.013671875 0.778320312
vt 0.0400390625 0.791015625
vt 0.04296875 0.801757812
vt 0.04296875 0.811523438
vt 0.041015625 0.827148438
vt 0.060546875 0.822265625
vt 0.0751953125 0.830078125
vt 0.083984375 0.841796875
vt 0.0927734375 0.84765625
vt 0.100585938 0.850585938
vt 0.259765625 0.767578125
vt 0.310546875 0.766601562
vt 0.282226562 0.713867188
vt 0.240234375 0.765625
vt 0.19921875 0.686523438
vt 0.204101562 0.749023438
vt 0.190429688 0.762695312
vt 0.204101562 0.749023438
vt 0.19921875 0.686523438
vt 0.182617188 0.690429688
vt 0.104492188 0.557617188
vt 0.06640625 0.529296875
vt 0.0595703125 0.5546875
vt 0.091796875 0.575195312
vt 0.0458984375 0.56640625
vt 0.099609375 0.60546875
vt 0.041015625 0.666992188
vt 0.021484375 0.604492188
vt 0.0244140625 0.576171875
vt 0.0185546875 0.654296875
vt 0.0205078125 0.694335938
vt 0.336914062 0.942382812
vt 0.336914062 0.951171875
vt 0.33984375 0.958984375
vt 0.3515625 0.9609375
vt 0.35546875 0.946289062
vt 0.319335938 0.936523438
vt 0.372070312 0.978515625
vt 0.354492188 0.930664062
vt 0.315429688 0.922851562
vt 0.322265625 0.911132812
vt 0.364257812 0.918945312
vt 0.375976562 0.93359375
vt 0.373046875 0.958984375
vt 0.388671875 0.984375
vt 0.376953125 0.993164062
vt 0.361328125 0.997070312
vt 0.3515625 0.9609375
vt 0.342773438 0.984375
vt 0.3046875 0.985351562
vt 0.282226562 0.958007812
vt 0.330078125 0.966796875
vt 0.33984375 0.958984375
vt 0.30078125 0.955078125
vt 0.318359375 0.956054688
vt 0.336914062 0.942382812
vt 0.336914062 0.951171875
vt 0.319335938 0.936523438
vt 0.315429688 0.922851562
vt 0.297851562 0.919921875
vt 0.322265625 0.911132812
vt 0.198242188 0.60546875
vt 0.19921875 0.609375
vt 0.227539062 0.594726562
vt 0.225585938 0.583007812
vt 0.0078125 0.971679688
vt 0.0224609375 0.970703125
vt 0.025390625 0.986328125
vt 0.0205078125 0.9921875
vt 0.130859375 0.680664062
vt 0.135742188 0.688476562
vt 0.154296875 0.671875
vt 0.1484375 0.665039062
vt 0.245117188 0.637695312
vt 0.249023438 0.627929688
vt 0.243164062 0.626953125
vt 0.252929688 0.647460938
vt 0.254882812 0.62109375
vt 0.262695312 0.64453125
vt 0.258789062 0.623046875
vt 0.264648438 0.637695312
vt 0.265625 0.627929688
vt 0.0205078125 0.772460938
vt 0.013671875 0.778320312
vt 0.0283203125 0.78515625
vt 0.0341796875 0.77734375
vt 0.110351562 0.828125
vt 0.114257812 0.8359375
vt 0.140625 0.83984375
vt 0.11328125 0.826171875
vt 0.09765625 0.821289062
vt 0.0947265625 0.828125
vt 0.0751953125 0.830078125
vt 0.0869140625 0.83203125
vt 0.0283203125 0.78515625
vt 0.0400390625 0.791015625
vt 0.048828125 0.786132812
vt 0.0341796875 0.77734375
vt 0.0439453125 0.702148438
vt 0.102539062 0.741210938
vt 0.0732421875 0.698242188
vt 0.165039062 0.763671875
vt 0.182617188 0.690429688
vt 0.166015625 0.783203125
vt 0.135742188 0.759765625
vt 0.154296875 0.795898438
vt 0.11328125 0.826171875
vt 0.09765625 0.821289062
vt 0.12890625 0.782226562
vt 0.104492188 0.772460938
vt 0.068359375 0.750976562
vt 0.0439453125 0.702148438
vt 0.033203125 0.720703125
vt 0.0244140625 0.745117188
vt 0.0869140625 0.797851562
vt 0.0751953125 0.830078125
vt 0.064453125 0.819335938
vt 0.0517578125 0.799804688
vt 0.048828125 0.786132812
vt 0.0341796875 0.77734375
vt 0.0205078125 0.772460938
vt 0.240234375 0.58203125
vt 0.2265625 0.565429688
vt 0.217773438 0.572265625
vt 0.232421875 0.590820312
vt 0.204101562 0.674804688
vt 0.2421875 0.673828125
vt 0.241210938 0.654296875
vt 0.203125 0.655273438
vt 0.0859375 0.4375
vt 0.0927734375 0.4375
vt 0.078125 0.4609375
vt 0.08203125 0.418945312
vt 0.0771484375 0.421875
vt 0.080078125 0.404296875
vt 0.0732421875 0.458984375
vt 0.048828125 0.499023438
vt 0.0517578125 0.502929688
vt 0.0361328125 0.516601562
vt 0.029296875 0.538085938
vt 0.0263671875 0.501953125
vt 0.033203125 0.501953125
vt 0.0234375 0.423828125
vt 0.015625 0.421875
vt 0.0439453125 0.400390625
vt 0.0498046875 0.40234375
vt 0.0732421875 0.405273438
vt 0.052734375 0.38671875
vt 0.044921875 0.381835938
vt 0.080078125 0.387695312
vt 0.08984375 0.379882812
vt 0.0859375 0.4375
vt 0.078125 0.4609375
vt 0.0927734375 0.4375
vt 0.08203125 0.418945312
vt 0.0771484375 0.421875
vt 0.080078125 0.404296875
vt 0.0732421875 0.458984375
vt 0.048828125 0.499023438
vt 0.0517578125 0.502929688
vt 0.0361328125 0.516601562
vt 0.029296875 0.538085938
vt 0.0263671875 0.501953125
vt 0.033203125 0.501953125
vt 0.0234375 0.423828125
vt 0.015625 0.421875
vt 0.0439453125 0.400390625
vt 0.0498046875 0.40234375
vt 0.0732421875 0.405273438
vt 0.052734375 0.38671875
vt 0.044921875 0.381835938
vt 0.080078125 0.387695312
vt 0.08984375 0.379882812
vt 0.384765625 0.958007812
vt 0.450195312 0.94140625
vt 0.40234375 0.97265625
vt 0.384765625 0.958007812
vt 0.389648438 0.936523438
vt 0.450195312 0.94140625
vt 0.384765625 0.958007812
vt 0.40234375 0.97265625
vt 0.450195312 0.94140625
vt 0.384765625 0.958007812
vt 0.389648438 0.936523438
vt 0.450195312 0.94140625
vt 0.373046875 0.853515625
vt 0.39453125 0.845703125
vt 0.412109375 0.854492188
vt 0.415039062 0.870117188
vt 0.44140625 0.868164062
vt 0.447265625 0.889648438
vt 0.474609375 0.8828125
vt 0.467773438 0.900390625
vt 0.467773438 0.911132812
vt 0.475585938 0.909179688
vt 0.48046875 0.9140625
vt 0.46875 0.926757812
vt 0.412109375 0.876953125
vt 0.383789062 0.868164062
vt 0.418945312 0.887695312
vt 0.434570312 0.888671875
vt 0.443359375 0.901367188
vt 0.44921875 0.897460938
vt 0.458984375 0.901367188
vt 0.452148438 0.90625
vt 0.463867188 0.911132812
vt 0.358398438 0.856445312
vt 0.358398438 0.844726562
vt 0.379882812 0.837890625
vt 0.338867188 0.833007812
vt 0.321289062 0.833007812
vt 0.35546875 0.822265625
vt 0.3359375 0.822265625
vt 0.346679688 0.815429688
vt 0.368164062 0.823242188
vt 0.36328125 0.818359375
vt 0.370117188 0.806640625
vt 0.379882812 0.8203125
vt 0.370117188 0.806640625
vt 0.384765625 0.818359375
vt 0.411132812 0.811523438
vt 0.39453125 0.845703125
vt 0.373046875 0.853515625
vt 0.379882812 0.837890625
vt 0.399414062 0.83984375
vt 0.411132812 0.811523438
vt 0.352539062 0.90234375
vt 0.3359375 0.893554688
vt 0.362304688 0.891601562
vt 0.337890625 0.876953125
vt 0.322265625 0.887695312
vt 0.353515625 0.875976562
vt 0.3359375 0.86328125
vt 0.34375 0.854492188
vt 0.313476562 0.842773438
vt 0.318359375 0.862304688
vt 0.321289062 0.833007812
vt 0.358398438 0.856445312
vt 0.37109375 0.873046875
vt 0.383789062 0.868164062
vt 0.376953125 0.887695312
vt 0.416015625 0.895507812
vt 0.418945312 0.887695312
vt 0.412109375 0.907226562
vt 0.443359375 0.901367188
vt 0.440429688 0.908203125
vt 0.439453125 0.920898438
vt 0.458007812 0.932617188
vt 0.452148438 0.912109375
vt 0.452148438 0.90625
vt 0.463867188 0.911132812
vt 0.373046875 0.853515625
vt 0.412109375 0.854492188
vt 0.39453125 0.845703125
vt 0.415039062 0.870117188
vt 0.44140625 0.868164062
vt 0.447265625 0.889648438
vt 0.474609375 0.8828125
vt 0.467773438 0.900390625
vt 0.467773438 0.911132812
vt 0.475585938 0.909179688
vt 0.48046875 0.9140625
vt 0.46875 0.926757812
vt 0.383789062 0.868164062
vt 0.412109375 0.876953125
vt 0.418945312 0.887695312
vt 0.434570312 0.888671875
vt 0.443359375 0.901367188
vt 0.44921875 0.897460938
vt 0.458984375 0.901367188
vt 0.452148438 0.90625
vt 0.463867188 0.911132812
vt 0.358398438 0.856445312
vt 0.358398438 0.844726562
vt 0.379882812 0.837890625
vt 0.338867188 0.833007812
vt 0.321289062 0.833007812
vt 0.35546875 0.822265625
vt 0.3359375 0.822265625
vt 0.346679688 0.815429688
vt 0.368164062 0.823242188
vt 0.36328125 0.818359375
vt 0.370117188 0.806640625
vt 0.379882812 0.8203125
vt 0.370117188 0.806640625
vt 0.384765625 0.818359375
vt 0.411132812 0.811523438
vt 0.39453125 0.845703125
vt 0.379882812 0.837890625
vt 0.373046875 0.853515625
vt 0.399414062 0.83984375
vt 0.411132812 0.811523438
vt 0.352539062 0.90234375
vt 0.362304688 0.891601562
vt 0.3359375 0.893554688
vt 0.337890625 0.876953125
vt 0.322265625 0.887695312
vt 0.353515625 0.875976562
vt 0.3359375 0.86328125
vt 0.34375 0.854492188
vt 0.313476562 0.842773438
vt 0.318359375 0.862304688
vt 0.321289062 0.833007812
vt 0.358398438 0.856445312
vt 0.37109375 0.873046875
vt 0.383789062 0.868164062
vt 0.376953125 0.887695312
vt 0.416015625 0.895507812
vt 0.418945312 0.887695312
vt 0.412109375 0.907226562
vt 0.443359375 0.901367188
vt 0.440429688 0.908203125
vt 0.439453125 0.920898438
vt 0.458007812 0.932617188
vt 0.452148438 0.912109375
vt 0.452148438 0.90625
vt 0.463867188 0.911132812
vn -0.745117188 -0.231689453 -0.625488281
vn -0.745117188 -0.231689453 -0.625488281
vn -0.745117188 -0.231689453 -0.625488281
vn 0.602050781 0.69921875 -0.385009766
vn 0.521484375 0.825195312 0.216674805
vn -0.668945312 0.552734375 -0.496826172
vn 0.69140625 0.62890625 0.355712891
vn -0.483886719 0.231079102 0.844238281
vn -0.777832031 0.423828125 0.463867188
vn 0.985839844 0.163696289 0.0390014648
vn 0.602050781 0.69921875 -0.385009766
vn 0.986816406 0.161865234 0.0127410889
vn 0.69140625 0.62890625 0.355712891
vn -0.777832031 0.423828125 0.463867188
vn 0.521484375 0.825195312 0.216674805
vn 0.985839844 0.163696289 0.0390014648
vn 0.69140625 0.62890625 0.355712891
vn 0.602050781 0.69921875 -0.385009766
vn 0.813964844 0.578125 -0.0559997559
vn 0.974609375 0.221313477 -0.0364379883
vn 0.922851562 0.381591797 -0.0517883301
vn -0.668945312 0.552734375 -0.496826172
vn -0.754394531 -0.347900391 -0.556640625
vn -0.609863281 -0.101745605 -0.785644531
vn -0.777832031 0.423828125 0.463867188
vn -0.668945312 0.552734375 -0.496826172
vn -0.998046875 0.044921875 -0.0483093262
vn -0.849121094 -0.50390625 0.159545898
vn -0.927734375 -0.359863281 0.0979003906
vn -0.764160156 -0.139892578 0.629882812
vn -0.777832031 0.423828125 0.463867188
vn -0.754394531 -0.347900391 -0.556640625
vn -0.668945312 0.552734375 -0.496826172
vn -0.764160156 -0.139892578 0.629882812
vn -0.927734375 -0.359863281 0.0979003906
vn -0.753417969 -0.463378906 -0.466308594
vn -0.849121094 -0.50390625 0.159545898
vn -0.801757812 -0.566894531 0.190185547
vn -0.927734375 -0.359863281 0.0979003906
vn 0.602050781 0.69921875 -0.385009766
vn -0.668945312 0.552734375 -0.496826172
vn -0.609863281 -0.101745605 -0.785644531
vn 0.69140625 0.62890625 0.355712891
vn 0.521484375 0.825195312 0.216674805
vn 0.602050781 0.69921875 -0.385009766
vn 0.974609375 0.221313477 -0.0364379883
vn 0.9921875 -0.0280914307 -0.121582031
vn 0.69140625 0.62890625 0.355712891
vn -0.015045166 -0.19519043 0.98046875
vn -0.764160156 -0.139892578 0.629882812
vn -0.483886719 0.231079102 0.844238281
vn 0.813964844 0.578125 -0.0559997559
vn 0.455810547 0.716796875 0.52734375
vn 0.974609375 0.221313477 -0.0364379883
vn 0.483886719 0.545410156 -0.684082031
vn 0.455810547 0.716796875 0.52734375
vn 0.813964844 0.578125 -0.0559997559
vn -0.764160156 -0.139892578 0.629882812
vn -0.777832031 0.423828125 0.463867188
vn -0.483886719 0.231079102 0.844238281
vn 1 0 0
vn 1 0 0
vn 1 0 0
vn 0.745117188 -0.231689453 -0.625488281
vn 0.745117188 -0.231689453 -0.625488281
vn 0.745117188 -0.231689453 -0.625488281
vn -0.602050781 0.69921875 -0.385009766
vn 0.668945312 0.552734375 -0.496826172
vn -0.521484375 0.825195312 0.216674805
vn -0.69140625 0.62890625 0.355712891
vn 0.777832031 0.423828125 0.463867188
vn 0.483886719 0.231079102 0.844238281
vn -0.985839844 0.163696289 0.0390014648
vn -0.986816406 0.161865234 0.0127410889
vn -0.602050781 0.69921875 -0.385009766
vn -0.69140625 0.62890625 0.355712891
vn -0.521484375 0.825195312 0.216674805
vn 0.777832031 0.423828125 0.463867188
vn -0.985839844 0.163696289 0.0390014648
vn -0.602050781 0.69921875 -0.385009766
vn -0.69140625 0.62890625 0.355712891
vn -0.813964844 0.578125 -0.0559997559
vn -0.922851562 0.381591797 -0.0517883301
vn -0.974609375 0.221313477 -0.0364379883
vn 0.668945312 0.552734375 -0.496826172
vn 0.609863281 -0.101745605 -0.785644531
vn 0.754394531 -0.347900391 -0.556640625
vn 0.777832031 0.423828125 0.463867188
vn 0.998046875 0.044921875 -0.0483093262
vn 0.668945312 0.552734375 -0.496826172
vn 0.849121094 -0.50390625 0.159545898
vn 0.764160156 -0.139892578 0.629882812
vn 0.927734375 -0.359863281 0.0979003906
vn 0.777832031 0.423828125 0.463867188
vn 0.668945312 0.552734375 -0.496826172
vn 0.754394531 -0.347900391 -0.556640625
vn 0.764160156 -0.139892578 0.629882812
vn 0.753417969 -0.463378906 -0.466308594
vn 0.927734375 -0.359863281 0.0979003906
vn 0.849121094 -0.50390625 0.159545898
vn 0.927734375 -0.359863281 0.0979003906
vn 0.801757812 -0.566894531 0.190185547
vn -0.602050781 0.69921875 -0.385009766
vn 0.609863281 -0.101745605 -0.785644531
vn 0.668945312 0.552734375 -0.496826172
vn -0.69140625 0.62890625 0.355712891
vn -0.602050781 0.69921875 -0.385009766
vn -0.521484375 0.825195312 0.216674805
vn -0.974609375 0.221313477 -0.0364379883
vn -0.69140625 0.62890625 0.355712891
vn -0.9921875 -0.0280914307 -0.121582031
vn 0.015045166 -0.19519043 0.98046875
vn 0.483886719 0.231079102 0.844238281
vn 0.764160156 -0.139892578 0.629882812
vn -0.813964844 0.578125 -0.0559997559
vn -0.974609375 0.221313477 -0.0364379883
vn -0.455810547 0.716796875 0.52734375
vn -0.483886719 0.545410156 -0.684082031
vn -0.813964844 0.578125 -0.0559997559
vn -0.455810547 0.716796875 0.52734375
vn 0.764160156 -0.139892578 0.629882812
vn 0.483886719 0.231079102 0.844238281
vn 0.777832031 0.423828125 0.463867188
vn -0 0.8125 0.582519531
vn 0.622070312 0.671386719 0.402587891
vn 0.536621094 0.716796875 0.445800781
vn -0 0.8125 0.582519531
vn 0.194824219 0.0155563354 -0.98046875
vn -1.22785568E-05 -0.0250549316 -0.999511719
vn 0.482666016 -0.65625 -0.580078125
vn 0.645996094 -0.15625 -0.747070312
vn 0.214233398 0.258300781 -0.941894531
vn 0.200805664 0.2578125 -0.9453125
vn 0.173950195 0.194824219 -0.965332031
vn 0.143554688 0.220092773 -0.96484375
vn 0.214111328 0.119628906 -0.969238281
vn 0.214111328 0.119628906 -0.969238281
vn 0.700195312 -0.700683594 -0.135864258
vn -2.98023224E-07 -0.999511719 -0.027923584
vn 5.36441803E-07 -0.942871094 -0.333251953
vn 8.34465027E-07 -0.999511719 0.0235290527
vn 8.34465027E-07 -0.997070312 0.073425293
vn 0.569335938 -0.555664062 0.605957031
vn -0 -0.62109375 0.783691406
vn -0.00130844116 -0.308105469 0.951171875
vn 0.958984375 -0.272216797 0.0785522461
vn 0.989746094 -0.120483398 0.0748901367
vn 0.860351562 -0.501953125 0.08984375
vn 0.472167969 -0.380371094 0.795410156
vn 0.341308594 -0.424560547 0.838867188
vn 0.0384216309 -0.00783538818 0.999023438
vn 0.563964844 -0.823730469 0.0594177246
vn 0.671386719 -0.738769531 -0.0573730469
vn 0.413818359 -0.907226562 -0.0748901367
vn 0.242919922 -0.559570312 0.792480469
vn 0.0678710938 -0.00987243652 0.997558594
vn 0.295898438 -0.953613281 0.0588684082
vn 0.25390625 -0.96484375 -0.0710449219
vn -0.938964844 -0.0739746094 -0.335449219
vn -0.938964844 -0.0739746094 -0.335449219
vn -0.938964844 -0.0739746094 -0.335449219
vn -0.938964844 -0.0739746094 -0.335449219
vn -0.519042969 0.843261719 0.141601562
vn -0.357421875 0.91015625 0.209594727
vn -0.341308594 0.939941406 -0.00839996338
vn -0.587890625 0.808105469 -0.036895752
vn -0.309814453 0.925292969 -0.219604492
vn -0.794433594 0.607421875 -0.0134887695
vn -0.579101562 0.795410156 -0.178100586
vn -0.858398438 0.50390625 -0.0955200195
vn -0.903808594 0.401611328 -0.147460938
vn -0.916015625 0.391601562 -0.0859375
vn -0.953125 0.283935547 -0.102905273
vn -0.969238281 0.2109375 -0.125366211
vn -0.984375 0.157592773 -0.080871582
vn -0.963378906 0.259765625 -0.06640625
vn -0.94140625 0.332275391 -0.0554199219
vn 0.0484313965 0.614746094 -0.787109375
vn 0.110595703 0.562011719 -0.819824219
vn 0.0484313965 0.614746094 -0.787109375
vn 0.0831298828 0.5859375 -0.806152344
vn 0.545898438 0.80078125 -0.246704102
vn 0.0720825195 0.903320312 -0.422363281
vn -0.997558594 -0.028137207 0.0630493164
vn -0.997558594 -0.028137207 0.0630493164
vn -0.997558594 -0.028137207 0.0630493164
vn -0.997558594 -0.028137207 0.0630493164
vn 1 0 0
vn 1 0 1.1920929E-07
vn 1 0 1.1920929E-07
vn 1 0 0
vn 1 0 0
vn 1 0 0
vn 1.90734863E-06 -0.516601562 0.855957031
vn 0.665527344 0.0668945312 0.743164062
vn 0.575683594 -0.407470703 0.708984375
vn 1.1920929E-06 -0.273925781 0.961914062
vn -0 -0.607421875 0.794433594
vn -0 -0.692871094 0.721191406
vn 0.00018119812 0.604980469 -0.796386719
vn -0.00195026398 0.688964844 -0.725097656
vn -0.00195026398 0.688964844 -0.725097656
vn 0.00284576416 0.476806641 -0.87890625
vn 0.00538253784 0.255615234 -0.966796875
vn 0.0064201355 0.150756836 -0.988769531
vn 0.00760650635 0.0411987305 -0.999023438
vn 0.00760650635 0.0411987305 -0.999023438
vn 0.575683594 -0.407470703 0.708984375
vn -0.620117188 -0.779785156 0.0835571289
vn 1.90734863E-06 -0.516601562 0.855957031
vn -0 -0.938476562 0.345947266
vn -0.573730469 -0.813964844 -0.0900878906
vn -0 -0.974609375 0.223999023
vn -0 -0.986328125 0.16418457
vn -0 -0.986328125 0.16418457
vn -0.754394531 -0.347900391 -0.556640625
vn -0.777832031 0.423828125 0.463867188
vn -0.764160156 -0.139892578 0.629882812
vn -0.753417969 -0.463378906 -0.466308594
vn -0 0.899414062 0.436767578
vn -0.396240234 0.710449219 0.581542969
vn 0.00727462769 0.872558594 0.488525391
vn -0 0.948730469 0.315673828
vn -0.419677734 0.8203125 0.388427734
vn -0.993164062 0.0882568359 -0.0750732422
vn -0.4453125 0.895019531 0.0314331055
vn -0 0.999023438 0.0456237793
vn -0.944824219 0.257080078 0.20324707
vn -0.556640625 -0.274902344 0.783691406
vn -0.385742188 0.921386719 -0.0505981445
vn -0 0.998535156 -0.0526733398
vn 1.1920929E-07 0.991210938 0.133178711
vn -0.394287109 0.909179688 0.134033203
vn -0 0.837890625 0.545410156
vn -0.954101562 0.00407791138 -0.298828125
vn -0.977050781 -0.183105469 -0.109069824
vn -0.989746094 0.143066406 0.00492858887
vn -0.737304688 0.665039062 -0.117492676
vn -0.331787109 0.771972656 0.541992188
vn -2.38418579E-07 0.548339844 0.836425781
vn -0.721679688 0.6796875 0.130859375
vn -0.883300781 0.447998047 -0.139282227
vn -0.216796875 0.503417969 0.836425781
vn -0 0.0963745117 0.995117188
vn -0.614746094 0.579589844 0.53515625
vn -0.840332031 0.541992188 0.00597000122
vn -0.868164062 0.493896484 0.047088623
vn -0.912597656 0.388916016 0.127441406
vn -0.783691406 0.339599609 0.520019531
vn -0.401855469 0.373046875 0.836425781
vn -0.950195312 0.301513672 -0.0770874023
vn -0.482177734 0.210083008 0.850585938
vn -0.9921875 0.0983276367 -0.0742797852
vn -0.988769531 0.109558105 0.103088379
vn -0.997070312 -0.0494689941 0.0609436035
vn -0.487304688 -0.032043457 0.872558594
vn -0 -0.238647461 0.971191406
vn -0.662597656 0.146118164 0.734863281
vn -0.928222656 0.10546875 0.356933594
vn -0.615234375 -0.0653076172 0.785644531
vn -0.794433594 0.0563964844 0.604980469
vn -0.915527344 -0.0259857178 0.400878906
vn -0.985351562 -0.133300781 -0.106384277
vn -0.9609375 -0.225952148 -0.159667969
vn -0.565429688 -0.235107422 0.790527344
vn -0.787109375 -0.179443359 0.58984375
vn -0.909179688 -0.128540039 0.395996094
vn -0.715820312 -0.634765625 0.290283203
vn -0.983886719 -0.17590332 0.0377807617
vn -0.978027344 -0.209350586 -0.00846862793
vn -0.881835938 -0.463623047 0.0839233398
vn -0.758789062 -0.608886719 0.231201172
vn -0.9375 -0.347412109 -0.000721931458
vn -0.87109375 -0.479003906 -0.110473633
vn -0.844238281 -0.532226562 0.061920166
vn -0.805664062 -0.565917969 -0.176513672
vn -0.542480469 -0.803222656 0.24621582
vn -0.697265625 -0.626953125 -0.34765625
vn -0.517578125 -0.844238281 0.138916016
vn -0.468994141 -0.847167969 0.249755859
vn -0.675292969 -0.626464844 0.389648438
vn -0.481933594 -0.428710938 0.764160156
vn -0.288818359 -0.557128906 0.778320312
vn -0 -0.601074219 0.798828125
vn -0 -0.740234375 0.672363281
vn -0.391601562 -0.798339844 0.458007812
vn 3.57627869E-07 -0.880371094 0.474365234
vn 2.98023224E-07 -0.949707031 0.313720703
vn -0 -0.962890625 0.270019531
vn 1.78813934E-07 -0.974121094 0.226074219
vn -0.568847656 -0.811523438 0.133789062
vn -0 -0.956542969 0.291015625
vn -0.704101562 -0.709960938 -0.0196075439
vn -0.576660156 -0.767578125 0.279785156
vn -0.54296875 -0.784179688 0.300292969
vn -0.687011719 -0.666015625 0.290771484
vn -0.401367188 -0.890136719 0.215332031
vn -0.693847656 -0.718261719 -0.0516662598
vn -0.679199219 -0.733886719 0.0239562988
vn -0.701660156 -0.704589844 0.104736328
vn -0.7734375 -0.632324219 0.0389709473
vn -0.655761719 -0.742675781 -0.137329102
vn -0.724609375 -0.325927734 -0.607421875
vn -0.702148438 -0.516113281 -0.490478516
vn -0.703613281 -0.532714844 -0.469970703
vn 0.0033416748 0.472167969 -0.881347656
vn 2.38418579E-07 0.299804688 -0.954101562
vn 6.55651093E-07 0.472167969 -0.881347656
vn 0.00182723999 0.279541016 -0.959960938
vn -2.38418579E-07 0.118469238 -0.993164062
vn 0.000571250916 0.118469238 -0.993164062
vn -0.00360488892 -0.93359375 0.358886719
vn -0 -0.93359375 0.358886719
vn -0 -0.93359375 0.358886719
vn -0.00360488892 -0.93359375 0.358886719
vn 0.622070312 0.671386719 0.402587891
vn 0.965820312 0.258056641 -0.0195770264
vn 0.536621094 0.716796875 0.445800781
vn 0.641113281 0.7578125 -0.120666504
vn 0.665527344 0.0668945312 0.743164062
vn 0.545898438 0.80078125 -0.246704102
vn 0.897460938 0.217895508 0.383056641
vn 0.930175781 0.253417969 0.265380859
vn 0.575683594 -0.407470703 0.708984375
vn 0.914550781 0.124145508 0.384521484
vn 0.849609375 0.231933594 0.473632812
vn -0.590332031 -0.760253906 0.270996094
vn -0.801757812 -0.566894531 0.190185547
vn -0.849121094 -0.50390625 0.159545898
vn -0.469238281 -0.807128906 0.358886719
vn -0.591308594 -0.759277344 0.271972656
vn -0.490966797 -0.833007812 0.255126953
vn -0.379150391 -0.797363281 -0.468994141
vn -0.393554688 -0.85546875 0.336914062
vn -0.330078125 -0.898925781 0.288574219
vn -1.31130219E-06 -0.954589844 0.297363281
vn -6.55651093E-07 -0.829589844 0.558105469
vn -1.78813934E-07 -0.598144531 0.801269531
vn -0.920410156 -0.388671875 0.0450134277
vn -3.57627869E-07 -0.921875 -0.387939453
vn -0 -0.891601562 -0.452880859
vn 3.4570694E-06 0.14440918 -0.989746094
vn -0.168701172 0.245239258 -0.954589844
vn 0.200927734 0.7109375 -0.674316406
vn -0 0.670410156 -0.741699219
vn 0.241210938 0.970214844 -0.0280914307
vn 0.483886719 0.545410156 -0.684082031
vn -0 -0.0606994629 -0.998046875
vn 0.134643555 0.953613281 0.269287109
vn 0.455810547 0.716796875 0.52734375
vn -0 0.683105469 0.73046875
vn 0.000351190567 0.200073242 0.979980469
vn -0.0371704102 0.870605469 0.490966797
vn -0.013420105 0.850097656 0.526367188
vn -0 0.803222656 0.595703125
vn -0 0.735839844 0.677246094
vn -0.015045166 -0.19519043 0.98046875
vn 0.455810547 0.716796875 0.52734375
vn 0.000351190567 0.200073242 0.979980469
vn -0.764160156 -0.139892578 0.629882812
vn -0 -0.846191406 0.532714844
vn -0 -0.607421875 0.794433594
vn -0 -0.692871094 0.721191406
vn -0 -0.846191406 0.532714844
vn 0.545898438 0.80078125 -0.246704102
vn 0.641113281 0.7578125 -0.120666504
vn 1.78813934E-07 0.872070312 -0.489746094
vn 0.0720825195 0.903320312 -0.422363281
vn -0 -0.0606994629 -0.998046875
vn 0.483886719 0.545410156 -0.684082031
vn -0.00762557983 -0.181518555 -0.983398438
vn -0.0163879395 -0.237182617 -0.971191406
vn -0.0645141602 -0.404296875 -0.912597656
vn -0.753417969 -0.463378906 -0.466308594
vn -0.160766602 -0.59375 -0.788574219
vn -0.754394531 -0.347900391 -0.556640625
vn -0.609863281 -0.101745605 -0.785644531
vn -0.812011719 -0.261962891 -0.521484375
vn -0.812011719 -0.261962891 -0.521484375
vn -0.812011719 -0.261962891 -0.521484375
vn -0.812011719 -0.261962891 -0.521484375
vn -0.00618743896 -0.357177734 0.934082031
vn -0.00908660889 -0.175537109 0.984375
vn -0.00908660889 -0.175537109 0.984375
vn -0.00705337524 -0.305664062 0.952148438
vn -0.00605392456 -0.370117188 0.928710938
vn -0.00933837891 -0.173339844 0.984863281
vn -0.0113449097 -0.036529541 0.999511719
vn -0.0113449097 -0.036529541 0.999511719
vn -0.649902344 -0.365966797 -0.666503906
vn -0.649902344 -0.365966797 -0.666503906
vn -0.649902344 -0.365966797 -0.666503906
vn -0.649902344 -0.365966797 -0.666503906
vn -0 0.594726562 -0.803710938
vn -0 0.550292969 -0.834960938
vn -0.586425781 0.155517578 -0.794921875
vn -0.502441406 -0.0660400391 -0.861816406
vn -0 0.190673828 -0.981445312
vn -0.96875 -0.10760498 -0.223144531
vn -0.909667969 -0.0920410156 -0.404541016
vn -0.950683594 -0.277099609 -0.139160156
vn -0.935058594 -0.307861328 -0.176635742
vn -0.857421875 -0.479736328 -0.186401367
vn -0.915527344 -0.354736328 -0.189575195
vn -0.90625 -0.400878906 -0.134887695
vn -0.789550781 -0.562011719 -0.246948242
vn -0.691894531 -0.568847656 -0.444335938
vn -0 -0.889160156 -0.457275391
vn -0 -0.974121094 -0.226928711
vn -0.824707031 -0.558105469 -0.0900268555
vn -0.678222656 -0.6953125 -0.237792969
vn -0.702636719 -0.692382812 -0.163696289
vn -0.758300781 -0.647460938 0.0772705078
vn -0.744628906 -0.666992188 0.0221862793
vn -0.693847656 -0.717285156 -0.0618591309
vn -0.809570312 -0.579101562 -0.0974731445
vn 0.974609375 0.221313477 -0.0364379883
vn 0.69140625 0.62890625 0.355712891
vn 0.985839844 0.163696289 0.0390014648
vn 0.922851562 0.381591797 -0.0517883301
vn -0 0.581054688 -0.813964844
vn -0 0.581054688 -0.813964844
vn 1.78813934E-07 0.872070312 -0.489746094
vn 0.641113281 0.7578125 -0.120666504
vn -0 0.8125 0.582519531
vn -0 0.8125 0.582519531
vn -0.536621094 0.716796875 0.445800781
vn -0.622070312 0.671386719 0.402587891
vn -0.194824219 0.0155563354 -0.98046875
vn -0.482666016 -0.65625 -0.580078125
vn 1.22785568E-05 -0.0250549316 -0.999511719
vn -0.645996094 -0.15625 -0.747070312
vn -0.214233398 0.258300781 -0.941894531
vn -0.200805664 0.2578125 -0.9453125
vn -0.173950195 0.194824219 -0.965332031
vn -0.143554688 0.220092773 -0.96484375
vn -0.214111328 0.119628906 -0.969238281
vn -0.214111328 0.119628906 -0.969238281
vn -0.700195312 -0.700683594 -0.135864258
vn 3.57627869E-07 -0.999511719 -0.027923584
vn 1.78813934E-07 -0.942871094 -0.333251953
vn -0 -0.999511719 0.0235290527
vn -0 -0.997070312 0.073425293
vn -0.569335938 -0.555664062 0.605957031
vn -0 -0.62109375 0.783691406
vn 0.00130748749 -0.308105469 0.951171875
vn -0.958984375 -0.272216797 0.0785522461
vn -0.989746094 -0.120483398 0.0748901367
vn -0.860351562 -0.501953125 0.08984375
vn -0.472167969 -0.380371094 0.795410156
vn -0.341308594 -0.424560547 0.838867188
vn -0.0384216309 -0.00783538818 0.999023438
vn -0.563964844 -0.823730469 0.0594177246
vn -0.671386719 -0.738769531 -0.0573730469
vn -0.413818359 -0.907226562 -0.0748901367
vn -0.242919922 -0.559570312 0.792480469
vn -0.0678710938 -0.00987243652 0.997558594
vn -0.295898438 -0.953613281 0.0588684082
vn -0.25390625 -0.96484375 -0.0710449219
vn 0.938964844 -0.0739746094 -0.335449219
vn 0.938964844 -0.0739746094 -0.335449219
vn 0.938964844 -0.0739746094 -0.335449219
vn 0.938964844 -0.0739746094 -0.335449219
vn 0.519042969 0.843261719 0.141601562
vn 0.341308594 0.939941406 -0.00839996338
vn 0.357421875 0.91015625 0.209594727
vn 0.587890625 0.808105469 -0.036895752
vn 0.309814453 0.925292969 -0.219604492
vn 0.794433594 0.607421875 -0.0134887695
vn 0.579101562 0.795410156 -0.178100586
vn 0.858398438 0.50390625 -0.0955200195
vn 0.903808594 0.401611328 -0.147460938
vn 0.916015625 0.391601562 -0.0859375
vn 0.953125 0.283935547 -0.102905273
vn 0.969238281 0.2109375 -0.125366211
vn 0.984375 0.157592773 -0.080871582
vn 0.963378906 0.259765625 -0.06640625
vn 0.94140625 0.332275391 -0.0554199219
vn -0.0484313965 0.614746094 -0.787109375
vn -0.0484313965 0.614746094 -0.787109375
vn -0.110595703 0.562011719 -0.819824219
vn -0.0831298828 0.5859375 -0.806152344
vn -0.545898438 0.80078125 -0.246704102
vn -0.0720825195 0.903320312 -0.422363281
vn 0.997558594 -0.028137207 0.0630493164
vn 0.997558594 -0.028137207 0.0630493164
vn 0.997558594 -0.028137207 0.0630493164
vn 0.997558594 -0.028137207 0.0630493164
vn -0 -0.516601562 0.855957031
vn -0.575683594 -0.407470703 0.708984375
vn -0.665527344 0.0668945312 0.743164062
vn -0 -0.273925781 0.961914062
vn -0 -0.607421875 0.794433594
vn -0 -0.692871094 0.721191406
vn -0.000180482864 0.604980469 -0.796386719
vn 0.00195121765 0.688964844 -0.725097656
vn 0.00195121765 0.688964844 -0.725097656
vn -0.00284576416 0.476806641 -0.87890625
vn -0.00538253784 0.255615234 -0.966796875
vn -0.0064201355 0.150756836 -0.988769531
vn -0.00761032104 0.0411987305 -0.999023438
vn -0.00761032104 0.0411987305 -0.999023438
vn -0.575683594 -0.407470703 0.708984375
vn -0 -0.516601562 0.855957031
vn 0.620117188 -0.779785156 0.0835571289
vn -0 -0.938476562 0.345947266
vn 0.573730469 -0.813964844 -0.0900878906
vn -0 -0.974609375 0.223999023
vn -0 -0.986328125 0.16418457
vn -0 -0.986328125 0.16418457
vn 0.754394531 -0.347900391 -0.556640625
vn 0.753417969 -0.463378906 -0.466308594
vn 0.764160156 -0.139892578 0.629882812
vn 0.777832031 0.423828125 0.463867188
vn -0 0.899414062 0.436767578
vn -0.00727462769 0.872558594 0.488525391
vn 0.396240234 0.710449219 0.581542969
vn -0 0.948730469 0.315673828
vn 0.419677734 0.8203125 0.388427734
vn 0.993164062 0.0882568359 -0.0750732422
vn 0.4453125 0.895019531 0.0314331055
vn -0 0.999023438 0.0456237793
vn 0.944824219 0.257080078 0.20324707
vn 0.556640625 -0.274902344 0.783691406
vn 0.385742188 0.921386719 -0.0505981445
vn -0 0.998535156 -0.0526733398
vn 1.1920929E-07 0.991210938 0.133178711
vn 0.394287109 0.909179688 0.134033203
vn -0 0.837890625 0.545410156
vn 0.954101562 0.00407791138 -0.298828125
vn 0.977050781 -0.183105469 -0.109069824
vn 0.989746094 0.143066406 0.00492858887
vn 0.737304688 0.665039062 -0.117492676
vn 0.331787109 0.771972656 0.541992188
vn -2.38418579E-07 0.548339844 0.836425781
vn 0.721679688 0.6796875 0.130859375
vn 0.883300781 0.447998047 -0.139282227
vn 0.216796875 0.503417969 0.836425781
vn -0 0.0963745117 0.995117188
vn 0.614746094 0.579589844 0.53515625
vn 0.840332031 0.541992188 0.00597000122
vn 0.868164062 0.493896484 0.047088623
vn 0.912597656 0.388916016 0.127441406
vn 0.783691406 0.339599609 0.520019531
vn 0.401855469 0.373046875 0.836425781
vn 0.950195312 0.301513672 -0.0770874023
vn 0.482177734 0.210083008 0.850585938
vn 0.9921875 0.0983276367 -0.0742797852
vn 0.988769531 0.109558105 0.103088379
vn 0.997070312 -0.0494689941 0.0609436035
vn 0.487304688 -0.032043457 0.872558594
vn -0 -0.238647461 0.971191406
vn 0.662597656 0.146118164 0.734863281
vn 0.928222656 0.10546875 0.356933594
vn 0.615234375 -0.0653076172 0.785644531
vn 0.794433594 0.0563964844 0.604980469
vn 0.915527344 -0.0259857178 0.400878906
vn 0.985351562 -0.133300781 -0.106384277
vn 0.9609375 -0.225952148 -0.159667969
vn 0.565429688 -0.235107422 0.790527344
vn 0.787109375 -0.179443359 0.58984375
vn 0.909179688 -0.128540039 0.395996094
vn 0.715820312 -0.634765625 0.290283203
vn 0.983886719 -0.17590332 0.0377807617
vn 0.978027344 -0.209350586 -0.00846862793
vn 0.881835938 -0.463623047 0.0839233398
vn 0.758789062 -0.608886719 0.231201172
vn 0.9375 -0.347412109 -0.000721931458
vn 0.87109375 -0.479003906 -0.110473633
vn 0.844238281 -0.532226562 0.061920166
vn 0.805664062 -0.565917969 -0.176513672
vn 0.542480469 -0.803222656 0.24621582
vn 0.697265625 -0.626953125 -0.34765625
vn 0.517578125 -0.844238281 0.138916016
vn 0.468994141 -0.847167969 0.249755859
vn 0.675292969 -0.626464844 0.389648438
vn 0.481933594 -0.428710938 0.764160156
vn 0.288818359 -0.557128906 0.778320312
vn -0 -0.601074219 0.798828125
vn -0 -0.740234375 0.672363281
vn 0.391601562 -0.798339844 0.458007812
vn 3.57627869E-07 -0.880371094 0.474365234
vn 2.98023224E-07 -0.949707031 0.313720703
vn -0 -0.962890625 0.270019531
vn 1.78813934E-07 -0.974121094 0.226074219
vn 0.568847656 -0.811523438 0.133789062
vn -0 -0.956542969 0.291015625
vn 0.704101562 -0.709960938 -0.0196075439
vn 0.576660156 -0.767578125 0.279785156
vn 0.54296875 -0.784179688 0.300292969
vn 0.687011719 -0.666015625 0.290771484
vn 0.401367188 -0.890136719 0.215454102
vn 0.693847656 -0.718261719 -0.0516662598
vn 0.679199219 -0.733886719 0.0239562988
vn 0.701660156 -0.704589844 0.104736328
vn 0.7734375 -0.632324219 0.0389709473
vn 0.655761719 -0.742675781 -0.137329102
vn 0.724609375 -0.325927734 -0.607421875
vn 0.702148438 -0.516113281 -0.490478516
vn 0.703613281 -0.532714844 -0.469970703
vn -0.0033416748 0.472167969 -0.881347656
vn 6.55651093E-07 0.472167969 -0.881347656
vn 2.38418579E-07 0.299804688 -0.954101562
vn -0.00182628632 0.279541016 -0.959960938
vn -2.38418579E-07 0.118469238 -0.993164062
vn -0.000571727753 0.118469238 -0.993164062
vn 0.00360488892 -0.93359375 0.358886719
vn 0.00360488892 -0.93359375 0.358886719
vn -0 -0.93359375 0.358886719
vn -0 -0.93359375 0.358886719
vn -0.622070312 0.671386719 0.402587891
vn -0.536621094 0.716796875 0.445800781
vn -0.965820312 0.258056641 -0.0195770264
vn -0.641113281 0.7578125 -0.120666504
vn -0.665527344 0.0668945312 0.743164062
vn -0.545898438 0.80078125 -0.246704102
vn -0.897460938 0.217895508 0.383056641
vn -0.930175781 0.253417969 0.265380859
vn -0.575683594 -0.407470703 0.708984375
vn -0.914550781 0.124145508 0.384521484
vn -0.849609375 0.231933594 0.473632812
vn 0.590332031 -0.760253906 0.270996094
vn 0.849121094 -0.50390625 0.159545898
vn 0.801757812 -0.566894531 0.190185547
vn 0.469238281 -0.807128906 0.358886719
vn 0.591308594 -0.759277344 0.271972656
vn 0.490966797 -0.833007812 0.255126953
vn 0.379150391 -0.797363281 -0.468994141
vn 0.393554688 -0.85546875 0.336914062
vn 0.330078125 -0.898925781 0.288574219
vn -1.31130219E-06 -0.954589844 0.297363281
vn -6.55651093E-07 -0.829589844 0.558105469
vn -1.78813934E-07 -0.598144531 0.801269531
vn 0.920410156 -0.388671875 0.0450134277
vn -3.57627869E-07 -0.921875 -0.387939453
vn -0 -0.891601562 -0.452880859
vn 3.4570694E-06 0.14440918 -0.989746094
vn 0.168701172 0.245239258 -0.954589844
vn -0.200927734 0.7109375 -0.674316406
vn -0 0.670410156 -0.741699219
vn -0.241210938 0.970214844 -0.0280914307
vn -0.483886719 0.545410156 -0.684082031
vn -0 -0.0606994629 -0.998046875
vn -0.134643555 0.953613281 0.269287109
vn -0.455810547 0.716796875 0.52734375
vn -0 0.683105469 0.73046875
vn -0.000351190567 0.200073242 0.979980469
vn 0.0371704102 0.870605469 0.490966797
vn 0.013420105 0.850097656 0.526367188
vn -0 0.803222656 0.595703125
vn -0 0.735839844 0.677246094
vn 0.015045166 -0.19519043 0.98046875
vn 0.764160156 -0.139892578 0.629882812
vn -0.000351190567 0.200073242 0.979980469
vn -0.455810547 0.716796875 0.52734375
vn -0 -0.846191406 0.532714844
vn -0 -0.846191406 0.532714844
vn -0 -0.692871094 0.721191406
vn -0 -0.607421875 0.794433594
vn -0.545898438 0.80078125 -0.246704102
vn -0.0720825195 0.903320312 -0.422363281
vn -1.1920929E-06 0.872070312 -0.489746094
vn -0.641113281 0.7578125 -0.120666504
vn -0 -0.0606994629 -0.998046875
vn 0.00762557983 -0.181518555 -0.983398438
vn -0.483886719 0.545410156 -0.684082031
vn 0.0163879395 -0.237182617 -0.971191406
vn 0.0645141602 -0.404296875 -0.912597656
vn 0.753417969 -0.463378906 -0.466308594
vn 0.160766602 -0.59375 -0.788574219
vn 0.754394531 -0.347900391 -0.556640625
vn 0.609863281 -0.101745605 -0.785644531
vn 0.812011719 -0.261962891 -0.521484375
vn 0.812011719 -0.261962891 -0.521484375
vn 0.812011719 -0.261962891 -0.521484375
vn 0.812011719 -0.261962891 -0.521484375
vn 0.00618743896 -0.357177734 0.934082031
vn 0.00908660889 -0.175537109 0.984375
vn 0.00908660889 -0.175537109 0.984375
vn 0.00705718994 -0.305664062 0.952148438
vn 0.00605773926 -0.370117188 0.928710938
vn 0.0093460083 -0.173339844 0.984863281
vn 0.0113449097 -0.036529541 0.999511719
vn 0.0113449097 -0.036529541 0.999511719
vn 0.649902344 -0.365966797 -0.666503906
vn 0.649902344 -0.365966797 -0.666503906
vn 0.649902344 -0.365966797 -0.666503906
vn 0.649902344 -0.365966797 -0.666503906
vn -0 0.594726562 -0.803710938
vn 0.586425781 0.155517578 -0.794921875
vn -0 0.550292969 -0.834960938
vn 0.502441406 -0.0660400391 -0.861816406
vn -0 0.190673828 -0.981445312
vn 0.96875 -0.10760498 -0.223144531
vn 0.909667969 -0.0920410156 -0.404541016
vn 0.950683594 -0.277099609 -0.139160156
vn 0.935058594 -0.307861328 -0.176635742
vn 0.857421875 -0.479736328 -0.186401367
vn 0.915527344 -0.354736328 -0.189575195
vn 0.90625 -0.400878906 -0.134887695
vn 0.789550781 -0.562011719 -0.246948242
vn 0.691894531 -0.568847656 -0.444335938
vn -0 -0.889160156 -0.457275391
vn -0 -0.974121094 -0.226928711
vn 0.824707031 -0.558105469 -0.0900268555
vn 0.678222656 -0.6953125 -0.237792969
vn 0.702636719 -0.692382812 -0.163696289
vn 0.758300781 -0.647460938 0.0772705078
vn 0.744628906 -0.666992188 0.0221862793
vn 0.693847656 -0.717285156 -0.0618591309
vn 0.809570312 -0.579101562 -0.0974731445
vn -0.974609375 0.221313477 -0.0364379883
vn -0.922851562 0.381591797 -0.0517883301
vn -0.985839844 0.163696289 0.0390014648
vn -0.69140625 0.62890625 0.355712891
vn -1.7285347E-06 0.581054688 -0.813964844
vn -0.641113281 0.7578125 -0.120666504
vn -1.1920929E-06 0.872070312 -0.489746094
vn -1.7285347E-06 0.581054688 -0.813964844
vn -0.958496094 -0.20703125 -0.196411133
vn -0.95703125 -0.21496582 -0.195068359
vn -0.620117188 -0.779785156 0.0835571289
vn -0.962890625 -0.184692383 -0.196533203
vn -0.95703125 -0.262939453 -0.122436523
vn -0.953125 -0.217529297 -0.211425781
vn -0.932128906 -0.289550781 -0.217285156
vn -0.875 -0.300292969 -0.379394531
vn -0.573730469 -0.813964844 -0.0900878906
vn -0.8515625 -0.371337891 -0.370605469
vn -0.879882812 -0.342285156 -0.329833984
vn -0.83203125 -0.454345703 -0.318603516
vn -0.825683594 -0.421386719 -0.374755859
vn -0.921875 -0.315429688 -0.225341797
vn -0.921386719 -0.295410156 -0.252441406
vn -0.982910156 -0.145996094 -0.111328125
vn -0.961914062 -0.268798828 -0.0509643555
vn -0.956542969 -0.289794922 -0.0319519043
vn -0.995117188 -0.0516967773 0.0838012695
vn -0.999511719 -0.0156555176 0.028717041
vn -0.938964844 -0.292480469 -0.181762695
vn -0.924316406 -0.292724609 -0.244140625
vn 0.958496094 -0.20703125 -0.196411133
vn 0.620117188 -0.779785156 0.0835571289
vn 0.95703125 -0.21496582 -0.195068359
vn 0.962890625 -0.184692383 -0.196533203
vn 0.95703125 -0.262939453 -0.122436523
vn 0.953125 -0.217529297 -0.211425781
vn 0.932128906 -0.289550781 -0.217285156
vn 0.875 -0.300292969 -0.379394531
vn 0.573730469 -0.813964844 -0.0900878906
vn 0.8515625 -0.371337891 -0.370605469
vn 0.879882812 -0.342285156 -0.329833984
vn 0.83203125 -0.454345703 -0.318603516
vn 0.825683594 -0.421386719 -0.374755859
vn 0.921875 -0.315429688 -0.225341797
vn 0.921386719 -0.295410156 -0.252441406
vn 0.982910156 -0.145996094 -0.111328125
vn 0.961914062 -0.268798828 -0.0509643555
vn 0.956542969 -0.289794922 -0.0319519043
vn 0.995117188 -0.0516967773 0.0838012695
vn 0.999511719 -0.0156707764 0.028717041
vn 0.938964844 -0.292480469 -0.181762695
vn 0.924316406 -0.292724609 -0.244140625
vn -0.671386719 -0.303466797 -0.676269531
vn -0.668457031 -0.553710938 -0.49609375
vn -0.677246094 -0.3828125 -0.628417969
vn -0.6796875 0.0705566406 0.729980469
vn -0.669921875 0.105957031 0.734863281
vn -0.648925781 0.170410156 0.741699219
vn 0.671386719 -0.303466797 -0.676269531
vn 0.677246094 -0.3828125 -0.628417969
vn 0.668457031 -0.553710938 -0.49609375
vn 0.6796875 0.0705566406 0.729980469
vn 0.669921875 0.105957031 0.734863281
vn 0.648925781 0.170410156 0.741699219
vn 0.729980469 0.645996094 -0.22277832
vn 0.973144531 0.228149414 0.0240020752
vn 0.953613281 0.300048828 -0.0169219971
vn 0.760742188 0.529785156 -0.375
vn 0.869628906 0.434082031 -0.236206055
vn 0.200317383 0.731445312 -0.651855469
vn 0.681640625 0.568847656 -0.460449219
vn -0.00660324097 0.739257812 -0.673339844
vn 0.449462891 0.605957031 -0.65625
vn 0.510253906 0.72265625 -0.466308594
vn 0.571289062 0.682617188 -0.455566406
vn 0.470458984 0.767089844 -0.436035156
vn 0.760742188 0.529785156 -0.375
vn 0.449707031 0.706542969 -0.545898438
vn 0.318359375 0.638183594 -0.701171875
vn 0.200317383 0.731445312 -0.651855469
vn -0.487060547 0.551269531 -0.677734375
vn -0.00660324097 0.739257812 -0.673339844
vn 0.449462891 0.605957031 -0.65625
vn 0.594238281 0.471191406 -0.651855469
vn 0.470458984 0.767089844 -0.436035156
vn 0.478027344 0.862304688 -0.16784668
vn 0.727539062 0.684570312 -0.0426635742
vn 0.836425781 0.523925781 -0.161376953
vn 0.657226562 0.741699219 0.131591797
vn 0.243530273 0.967773438 -0.0659179688
vn 0.973144531 0.194702148 0.122070312
vn 0.657226562 0.741699219 0.131591797
vn 0.934082031 0.140258789 0.328857422
vn 0.887207031 0.304443359 -0.346679688
vn 0.0170440674 -0.96875 -0.248291016
vn 0.105407715 -0.899902344 -0.423583984
vn 0.671875 0.680175781 0.293212891
vn 0.318115234 0.90234375 0.290283203
vn 0.867675781 0.483398438 0.115539551
vn 0.935546875 0.253662109 -0.245239258
vn -0.290039062 0.283935547 0.9140625
vn -0.11517334 0.197998047 0.973632812
vn -0.473876953 0.23449707 0.848632812
vn -0.790039062 0.243408203 0.5625
vn -0.930175781 0.17565918 0.322021484
vn -0.122131348 -0.937011719 0.326660156
vn -0.0300292969 -0.980957031 0.192016602
vn -0.295898438 -0.955078125 -0.00237083435
vn 0.0170440674 -0.96875 -0.248291016
vn 0.105407715 -0.899902344 -0.423583984
vn -0.684570312 -0.728515625 0.0327758789
vn -0.399902344 -0.916015625 0.0271606445
vn -0.756347656 -0.646972656 -0.0969848633
vn -0.881835938 -0.463623047 0.0839233398
vn -0.715820312 -0.634765625 0.290283203
vn -0.983886719 -0.17590332 0.0377807617
vn -0.918945312 -0.379150391 -0.107543945
vn -0.845703125 -0.473632812 0.24597168
vn -0.959472656 -0.263671875 -0.0998535156
vn -0.385498047 -0.65234375 0.652832031
vn -0.678222656 -0.598632812 0.426269531
vn -0.949707031 -0.3125 0.0149993896
vn -0.0607299805 -0.696777344 0.71484375
vn -0.844726562 -0.4140625 0.338623047
vn -0.484863281 -0.68359375 0.545410156
vn 0.188354492 -0.858398438 0.477294922
vn -0.440673828 -0.597167969 0.670410156
vn -0.674804688 -0.362060547 0.643066406
vn -0.709472656 -0.265380859 0.652832031
vn -0.58984375 0.0314025879 0.807128906
vn -0.729980469 0.645996094 -0.22277832
vn -0.953613281 0.300048828 -0.0169219971
vn -0.973144531 0.228149414 0.0240020752
vn -0.760742188 0.529785156 -0.375
vn -0.869628906 0.434082031 -0.236206055
vn -0.200317383 0.731445312 -0.651855469
vn -0.681640625 0.568847656 -0.460449219
vn 0.00662612915 0.739257812 -0.673339844
vn -0.449462891 0.605957031 -0.65625
vn -0.510253906 0.72265625 -0.466308594
vn -0.571289062 0.682617188 -0.455566406
vn -0.470458984 0.767089844 -0.436035156
vn -0.449707031 0.706542969 -0.545898438
vn -0.760742188 0.529785156 -0.375
vn -0.318359375 0.638183594 -0.701171875
vn -0.200317383 0.731445312 -0.651855469
vn 0.487060547 0.551269531 -0.677734375
vn 0.00662612915 0.739257812 -0.673339844
vn -0.449462891 0.605957031 -0.65625
vn -0.594238281 0.471191406 -0.651367188
vn -0.470458984 0.767089844 -0.436035156
vn -0.478027344 0.862304688 -0.16784668
vn -0.727539062 0.684570312 -0.0426635742
vn -0.836425781 0.523925781 -0.161376953
vn -0.657226562 0.741699219 0.131591797
vn -0.243530273 0.967773438 -0.0659179688
vn -0.973144531 0.194702148 0.122070312
vn -0.657226562 0.741699219 0.131591797
vn -0.934082031 0.140258789 0.328857422
vn -0.887207031 0.304443359 -0.346679688
vn -0.0170440674 -0.96875 -0.248291016
vn -0.105407715 -0.899902344 -0.423583984
vn -0.671875 0.680175781 0.293212891
vn -0.318115234 0.90234375 0.290283203
vn -0.867675781 0.483398438 0.115539551
vn -0.935546875 0.253662109 -0.245239258
vn 0.290039062 0.283935547 0.9140625
vn 0.473876953 0.23449707 0.848632812
vn 0.11517334 0.197998047 0.973632812
vn 0.790039062 0.243408203 0.5625
vn 0.930175781 0.17565918 0.322021484
vn 0.122131348 -0.937011719 0.326660156
vn 0.295898438 -0.955078125 -0.00237083435
vn 0.0300292969 -0.980957031 0.192016602
vn -0.0170440674 -0.96875 -0.248291016
vn -0.105407715 -0.899902344 -0.423583984
vn 0.684570312 -0.728515625 0.0327758789
vn 0.399902344 -0.916015625 0.0271606445
vn 0.756347656 -0.646972656 -0.0969848633
vn 0.881835938 -0.463623047 0.0839233398
vn 0.715820312 -0.634765625 0.290283203
vn 0.983886719 -0.17590332 0.0377807617
vn 0.918945312 -0.379150391 -0.107543945
vn 0.845703125 -0.473632812 0.24597168
vn 0.959472656 -0.263671875 -0.0998535156
vn 0.385498047 -0.65234375 0.652832031
vn 0.678222656 -0.598632812 0.426269531
vn 0.949707031 -0.3125 0.0149993896
vn 0.0607299805 -0.696777344 0.71484375
vn 0.844726562 -0.414306641 0.338623047
vn 0.484863281 -0.68359375 0.545410156
vn -0.188354492 -0.858398438 0.477294922
vn 0.440673828 -0.597167969 0.670410156
vn 0.674804688 -0.362060547 0.643066406
vn 0.709472656 -0.265380859 0.652832031
vn 0.58984375 0.0314025879 0.807128906
g _Helm_0_0
f 3/3/3 2/2/2 1/1/1
f 6/6/6 5/5/5 4/4/4
f 9/9/9 8/8/8 7/7/7
f 12/12/12 11/11/11 10/10/10
f 15/15/15 14/14/14 13/13/13
f 18/18/18 17/17/17 16/16/16
f 21/21/21 20/20/20 19/19/19
f 24/24/24 23/23/23 22/22/22
f 27/27/27 26/26/26 25/25/25
f 30/30/30 29/29/29 28/28/28
f 33/33/33 32/32/32 31/31/31
f 36/36/36 35/35/35 34/34/34
f 39/39/39 38/38/38 37/37/37
f 42/42/42 41/41/41 40/40/40
f 45/45/45 44/44/44 43/43/43
f 48/48/48 47/47/47 46/46/46
f 51/51/51 50/50/50 49/49/49
f 54/54/54 53/53/53 52/52/52
f 57/57/57 56/56/56 55/55/55
f 60/60/60 59/59/59 58/58/58
f 63/63/63 62/62/62 61/61/61
f 66/66/66 65/65/65 64/64/64
f 69/69/69 68/68/68 67/67/67
f 72/72/72 71/71/71 70/70/70
f 75/75/75 74/74/74 73/73/73
f 78/78/78 77/77/77 76/76/76
f 81/81/81 80/80/80 79/79/79
f 84/84/84 83/83/83 82/82/82
f 87/87/87 86/86/86 85/85/85
f 90/90/90 89/89/89 88/88/88
f 93/93/93 92/92/92 91/91/91
f 96/96/96 95/95/95 94/94/94
f 99/99/99 98/98/98 97/97/97
f 102/102/102 101/101/101 100/100/100
f 105/105/105 104/104/104 103/103/103
f 108/108/108 107/107/107 106/106/106
f 111/111/111 110/110/110 109/109/109
f 114/114/114 113/113/113 112/112/112
f 117/117/117 116/116/116 115/115/115
f 120/120/120 119/119/119 118/118/118
f 123/123/123 122/122/122 121/121/121
f 126/126/126 125/125/125 124/124/124
f 127/127/127 126/126/126 124/124/124
f 130/130/130 129/129/129 128/128/128
f 131/131/131 130/130/130 128/128/128
f 131/131/131 128/128/128 132/132/132
f 133/133/133 131/131/131 132/132/132
f 133/133/133 132/132/132 134/134/134
f 135/135/135 133/133/133 134/134/134
f 134/134/134 136/136/136 135/135/135
f 136/136/136 137/137/137 135/135/135
f 138/138/138 130/130/130 131/131/131
f 139/139/139 130/130/130 138/138/138
f 140/140/140 139/139/139 138/138/138
f 138/138/138 141/141/141 140/140/140
f 141/141/141 142/142/142 140/140/140
f 141/141/141 143/143/143 142/142/142
f 143/143/143 144/144/144 142/142/142
f 144/144/144 143/143/143 145/145/145
f 146/146/146 138/138/138 131/131/131
f 147/147/147 138/138/138 146/146/146
f 143/143/143 147/147/147 146/146/146
f 148/148/148 146/146/146 131/131/131
f 146/146/146 148/148/148 143/143/143
f 143/143/143 149/149/149 145/145/145
f 148/148/148 149/149/149 143/143/143
f 149/149/149 150/150/150 145/145/145
f 149/149/149 148/148/148 150/150/150
f 150/150/150 151/151/151 145/145/145
f 152/152/152 148/148/148 131/131/131
f 148/148/148 152/152/152 150/150/150
f 153/153/153 152/152/152 131/131/131
f 154/154/154 152/152/152 153/153/153
f 150/150/150 155/155/155 151/151/151
f 150/150/150 152/152/152 155/155/155
f 155/155/155 156/156/156 151/151/151
f 152/152/152 157/157/157 155/155/155
f 152/152/152 154/154/154 157/157/157
f 154/154/154 158/158/158 157/157/157
f 161/161/161 160/160/160 159/159/159
f 162/162/162 161/161/161 159/159/159
f 165/165/165 164/164/164 163/163/163
f 166/166/166 165/165/165 163/163/163
f 167/167/167 165/165/165 166/166/166
f 166/166/166 163/163/163 168/168/168
f 169/169/169 167/167/167 166/166/166
f 170/170/170 166/166/166 168/168/168
f 169/169/169 166/166/166 170/170/170
f 171/171/171 169/169/169 170/170/170
f 170/170/170 168/168/168 172/172/172
f 171/171/171 170/170/170 173/173/173
f 173/173/173 170/170/170 172/172/172
f 174/174/174 171/171/171 173/173/173
f 175/175/175 174/174/174 173/173/173
f 176/176/176 175/175/175 173/173/173
f 173/173/173 172/172/172 176/176/176
f 172/172/172 177/177/177 176/176/176
f 180/180/180 179/179/179 178/178/178
f 179/179/179 181/181/181 178/178/178
f 181/181/181 179/179/179 182/182/182
f 179/179/179 183/183/183 182/182/182
f 186/186/186 185/185/185 184/184/184
f 187/187/187 186/186/186 184/184/184
f 190/190/190 189/189/189 188/188/188
f 191/191/191 190/190/190 188/188/188
f 192/192/192 191/191/191 188/188/188
f 193/193/193 192/192/192 188/188/188
f 196/196/196 195/195/195 194/194/194
f 195/195/195 197/197/197 194/194/194
f 195/195/195 198/198/198 197/197/197
f 198/198/198 199/199/199 197/197/197
f 202/202/202 201/201/201 200/200/200
f 201/201/201 203/203/203 200/200/200
f 204/204/204 200/200/200 203/203/203
f 205/205/205 204/204/204 203/203/203
f 204/204/204 205/205/205 206/206/206
f 205/205/205 207/207/207 206/206/206
f 210/210/210 209/209/209 208/208/208
f 209/209/209 211/211/211 208/208/208
f 209/209/209 212/212/212 211/211/211
f 212/212/212 213/213/213 211/211/211
f 212/212/212 214/214/214 213/213/213
f 214/214/214 215/215/215 213/213/213
f 218/218/218 217/217/217 216/216/216
f 219/219/219 218/218/218 216/216/216
f 222/222/222 221/221/221 220/220/220
f 220/220/220 221/221/221 223/223/223
f 221/221/221 224/224/224 223/223/223
f 221/221/221 225/225/225 224/224/224
f 224/224/224 226/226/226 223/223/223
f 226/226/226 227/227/227 223/223/223
f 221/221/221 228/228/228 225/225/225
f 229/229/229 228/228/228 221/221/221
f 227/227/227 226/226/226 230/230/230
f 231/231/231 227/227/227 230/230/230
f 232/232/232 231/231/231 230/230/230
f 233/233/233 232/232/232 230/230/230
f 234/234/234 232/232/232 233/233/233
f 228/228/228 235/235/235 225/225/225
f 236/236/236 225/225/225 235/235/235
f 228/228/228 237/237/237 235/235/235
f 230/230/230 226/226/226 238/238/238
f 233/233/233 230/230/230 238/238/238
f 239/239/239 234/234/234 233/233/233
f 234/234/234 239/239/239 240/240/240
f 241/241/241 233/233/233 238/238/238
f 233/233/233 241/241/241 239/239/239
f 238/238/238 226/226/226 242/242/242
f 241/241/241 238/238/238 242/242/242
f 239/239/239 243/243/243 240/240/240
f 243/243/243 244/244/244 240/240/240
f 241/241/241 245/245/245 239/239/239
f 239/239/239 245/245/245 243/243/243
f 226/226/226 246/246/246 242/242/242
f 226/226/226 224/224/224 246/246/246
f 247/247/247 246/246/246 224/224/224
f 242/242/242 246/246/246 247/247/247
f 225/225/225 247/247/247 224/224/224
f 248/248/248 241/241/241 242/242/242
f 245/245/245 241/241/241 248/248/248
f 249/249/249 245/245/245 248/248/248
f 245/245/245 250/250/250 243/243/243
f 244/244/244 243/243/243 250/250/250
f 245/245/245 249/249/249 250/250/250
f 251/251/251 242/242/242 247/247/247
f 247/247/247 225/225/225 251/251/251
f 242/242/242 251/251/251 248/248/248
f 244/244/244 250/250/250 252/252/252
f 249/249/249 252/252/252 250/250/250
f 225/225/225 253/253/253 251/251/251
f 253/253/253 225/225/225 236/236/236
f 248/248/248 251/251/251 254/254/254
f 248/248/248 254/254/254 249/249/249
f 254/254/254 251/251/251 253/253/253
f 255/255/255 254/254/254 253/253/253
f 244/244/244 252/252/252 256/256/256
f 257/257/257 244/244/244 256/256/256
f 258/258/258 256/256/256 252/252/252
f 258/258/258 252/252/252 249/249/249
f 254/254/254 259/259/259 249/249/249
f 254/254/254 255/255/255 259/259/259
f 256/256/256 258/258/258 260/260/260
f 260/260/260 257/257/257 256/256/256
f 261/261/261 258/258/258 249/249/249
f 249/249/249 259/259/259 261/261/261
f 258/258/258 261/261/261 260/260/260
f 259/259/259 262/262/262 261/261/261
f 255/255/255 262/262/262 259/259/259
f 260/260/260 261/261/261 262/262/262
f 263/263/263 255/255/255 253/253/253
f 263/263/263 253/253/253 236/236/236
f 255/255/255 263/263/263 264/264/264
f 264/264/264 263/263/263 236/236/236
f 265/265/265 257/257/257 260/260/260
f 266/266/266 260/260/260 262/262/262
f 266/266/266 265/265/265 260/260/260
f 262/262/262 267/267/267 266/266/266
f 267/267/267 268/268/268 266/266/266
f 268/268/268 265/265/265 266/266/266
f 267/267/267 262/262/262 269/269/269
f 262/262/262 255/255/255 269/269/269
f 269/269/269 255/255/255 270/270/270
f 270/270/270 255/255/255 264/264/264
f 269/269/269 270/270/270 271/271/271
f 271/271/271 272/272/272 268/268/268
f 270/270/270 273/273/273 271/271/271
f 270/270/270 264/264/264 273/273/273
f 272/272/272 271/271/271 273/273/273
f 273/273/273 264/264/264 274/274/274
f 275/275/275 273/273/273 274/274/274
f 275/275/275 272/272/272 273/273/273
f 274/274/274 276/276/276 275/275/275
f 275/275/275 276/276/276 277/277/277
f 275/275/275 277/277/277 272/272/272
f 276/276/276 278/278/278 277/277/277
f 277/277/277 279/279/279 272/272/272
f 278/278/278 279/279/279 277/277/277
f 280/280/280 272/272/272 279/279/279
f 272/272/272 281/281/281 268/268/268
f 272/272/272 280/280/280 281/281/281
f 281/281/281 282/282/282 268/268/268
f 282/282/282 265/265/265 268/268/268
f 282/282/282 257/257/257 265/265/265
f 283/283/283 257/257/257 282/282/282
f 283/283/283 282/282/282 281/281/281
f 284/284/284 257/257/257 283/283/283
f 285/285/285 284/284/284 283/283/283
f 286/286/286 283/283/283 281/281/281
f 286/286/286 285/285/285 283/283/283
f 280/280/280 286/286/286 281/281/281
f 287/287/287 285/285/285 286/286/286
f 287/287/287 286/286/286 280/280/280
f 288/288/288 287/287/287 280/280/280
f 288/288/288 280/280/280 279/279/279
f 289/289/289 288/288/288 279/279/279
f 290/290/290 289/289/289 279/279/279
f 291/291/291 290/290/290 279/279/279
f 292/292/292 290/290/290 291/291/291
f 293/293/293 291/291/291 279/279/279
f 294/294/294 292/292/292 291/291/291
f 292/292/292 294/294/294 295/295/295
f 296/296/296 292/292/292 295/295/295
f 295/295/295 294/294/294 297/297/297
f 294/294/294 298/298/298 297/297/297
f 298/298/298 294/294/294 299/299/299
f 294/294/294 300/300/300 299/299/299
f 299/299/299 300/300/300 293/293/293
f 301/301/301 298/298/298 299/299/299
f 301/301/301 299/299/299 293/293/293
f 302/302/302 301/301/301 293/293/293
f 302/302/302 293/293/293 279/279/279
f 278/278/278 302/302/302 279/279/279
f 303/303/303 302/302/302 278/278/278
f 303/303/303 278/278/278 304/304/304
f 305/305/305 303/303/303 304/304/304
f 308/308/308 307/307/307 306/306/306
f 307/307/307 309/309/309 306/306/306
f 307/307/307 310/310/310 309/309/309
f 310/310/310 311/311/311 309/309/309
f 314/314/314 313/313/313 312/312/312
f 315/315/315 314/314/314 312/312/312
f 318/318/318 317/317/317 316/316/316
f 317/317/317 319/319/319 316/316/316
f 320/320/320 319/319/319 317/317/317
f 319/319/319 320/320/320 321/321/321
f 321/321/321 320/320/320 322/322/322
f 320/320/320 323/323/323 322/322/322
f 324/324/324 323/323/323 320/320/320
f 325/325/325 322/322/322 323/323/323
f 326/326/326 322/322/322 325/325/325
f 329/329/329 328/328/328 327/327/327
f 328/328/328 330/330/330 327/327/327
f 331/331/331 327/327/327 330/330/330
f 332/332/332 327/327/327 331/331/331
f 331/331/331 330/330/330 333/333/333
f 334/334/334 332/332/332 331/331/331
f 332/332/332 334/334/334 335/335/335
f 336/336/336 335/335/335 334/334/334
f 337/337/337 336/336/336 334/334/334
f 338/338/338 337/337/337 334/334/334
f 339/339/339 338/338/338 334/334/334
f 331/331/331 339/339/339 334/334/334
f 339/339/339 331/331/331 333/333/333
f 340/340/340 339/339/339 333/333/333
f 333/333/333 341/341/341 340/340/340
f 342/342/342 341/341/341 333/333/333
f 343/343/343 342/342/342 333/333/333
f 343/343/343 344/344/344 342/342/342
f 344/344/344 345/345/345 342/342/342
f 345/345/345 344/344/344 346/346/346
f 347/347/347 344/344/344 343/343/343
f 348/348/348 347/347/347 343/343/343
f 349/349/349 344/344/344 347/347/347
f 346/346/346 344/344/344 349/349/349
f 349/349/349 347/347/347 350/350/350
f 351/351/351 349/349/349 350/350/350
f 352/352/352 351/351/351 350/350/350
f 351/351/351 353/353/353 349/349/349
f 353/353/353 346/346/346 349/349/349
f 353/353/353 354/354/354 346/346/346
f 354/354/354 355/355/355 346/346/346
f 356/356/356 355/355/355 354/354/354
f 359/359/359 358/358/358 357/357/357
f 360/360/360 359/359/359 357/357/357
f 363/363/363 362/362/362 361/361/361
f 364/364/364 363/363/363 361/361/361
f 367/367/367 366/366/366 365/365/365
f 368/368/368 367/367/367 365/365/365
f 371/371/371 370/370/370 369/369/369
f 372/372/372 371/371/371 369/369/369
f 373/373/373 371/371/371 372/372/372
f 374/374/374 373/373/373 372/372/372
f 375/375/375 373/373/373 374/374/374
f 376/376/376 375/375/375 374/374/374
f 376/376/376 377/377/377 375/375/375
f 380/380/380 379/379/379 378/378/378
f 381/381/381 380/380/380 378/378/378
f 384/384/384 383/383/383 382/382/382
f 383/383/383 385/385/385 382/382/382
f 385/385/385 386/386/386 382/382/382
f 386/386/386 387/387/387 382/382/382
f 387/387/387 386/386/386 388/388/388
f 389/389/389 387/387/387 388/388/388
f 392/392/392 391/391/391 390/390/390
f 393/393/393 392/392/392 390/390/390
f 396/396/396 395/395/395 394/394/394
f 396/396/396 397/397/397 395/395/395
f 398/398/398 395/395/395 397/397/397
f 235/235/235 398/398/398 397/397/397
f 397/397/397 399/399/399 235/235/235
f 235/235/235 399/399/399 236/236/236
f 397/397/397 400/400/400 399/399/399
f 400/400/400 397/397/397 396/396/396
f 399/399/399 401/401/401 236/236/236
f 401/401/401 399/399/399 400/400/400
f 401/401/401 402/402/402 236/236/236
f 402/402/402 264/264/264 236/236/236
f 403/403/403 402/402/402 401/401/401
f 404/404/404 401/401/401 400/400/400
f 404/404/404 403/403/403 401/401/401
f 404/404/404 400/400/400 405/405/405
f 400/400/400 396/396/396 405/405/405
f 404/404/404 405/405/405 403/403/403
f 406/406/406 405/405/405 396/396/396
f 407/407/407 406/406/406 396/396/396
f 407/407/407 408/408/408 406/406/406
f 408/408/408 409/409/409 406/406/406
f 405/405/405 410/410/410 403/403/403
f 405/405/405 406/406/406 410/410/410
f 403/403/403 410/410/410 411/411/411
f 411/411/411 410/410/410 412/412/412
f 412/412/412 410/410/410 413/413/413
f 413/413/413 410/410/410 414/414/414
f 406/406/406 414/414/414 410/410/410
f 406/406/406 415/415/415 414/414/414
f 415/415/415 406/406/406 409/409/409
f 416/416/416 415/415/415 409/409/409
f 419/419/419 418/418/418 417/417/417
f 420/420/420 419/419/419 417/417/417
f 423/423/423 422/422/422 421/421/421
f 424/424/424 423/423/423 421/421/421
f 427/427/427 426/426/426 425/425/425
f 428/428/428 427/427/427 425/425/425
f 431/431/431 430/430/430 429/429/429
f 430/430/430 432/432/432 429/429/429
f 429/429/429 432/432/432 433/433/433
f 432/432/432 434/434/434 433/433/433
f 433/433/433 434/434/434 435/435/435
f 434/434/434 436/436/436 435/435/435
f 437/437/437 435/435/435 436/436/436
f 438/438/438 437/437/437 436/436/436
f 430/430/430 439/439/439 432/432/432
f 430/430/430 440/440/440 439/439/439
f 440/440/440 441/441/441 439/439/439
f 442/442/442 439/439/439 441/441/441
f 443/443/443 442/442/442 441/441/441
f 444/444/444 442/442/442 443/443/443
f 445/445/445 444/444/444 443/443/443
f 444/444/444 445/445/445 446/446/446
f 439/439/439 447/447/447 432/432/432
f 439/439/439 448/448/448 447/447/447
f 448/448/448 444/444/444 447/447/447
f 447/447/447 449/449/449 432/432/432
f 449/449/449 447/447/447 444/444/444
f 450/450/450 444/444/444 446/446/446
f 450/450/450 449/449/449 444/444/444
f 451/451/451 450/450/450 446/446/446
f 449/449/449 450/450/450 451/451/451
f 452/452/452 451/451/451 446/446/446
f 449/449/449 453/453/453 432/432/432
f 453/453/453 449/449/449 451/451/451
f 453/453/453 454/454/454 432/432/432
f 453/453/453 455/455/455 454/454/454
f 456/456/456 451/451/451 452/452/452
f 453/453/453 451/451/451 456/456/456
f 457/457/457 456/456/456 452/452/452
f 458/458/458 453/453/453 456/456/456
f 455/455/455 453/453/453 458/458/458
f 459/459/459 455/455/455 458/458/458
f 462/462/462 461/461/461 460/460/460
f 463/463/463 462/462/462 460/460/460
f 466/466/466 465/465/465 464/464/464
f 465/465/465 467/467/467 464/464/464
f 465/465/465 468/468/468 467/467/467
f 464/464/464 467/467/467 469/469/469
f 468/468/468 470/470/470 467/467/467
f 467/467/467 471/471/471 469/469/469
f 467/467/467 470/470/470 471/471/471
f 470/470/470 472/472/472 471/471/471
f 469/469/469 471/471/471 473/473/473
f 471/471/471 472/472/472 474/474/474
f 471/471/471 474/474/474 473/473/473
f 472/472/472 475/475/475 474/474/474
f 475/475/475 476/476/476 474/474/474
f 476/476/476 477/477/477 474/474/474
f 473/473/473 474/474/474 477/477/477
f 478/478/478 473/473/473 477/477/477
f 481/481/481 480/480/480 479/479/479
f 482/482/482 481/481/481 479/479/479
f 481/481/481 482/482/482 483/483/483
f 484/484/484 481/481/481 483/483/483
f 487/487/487 486/486/486 485/485/485
f 488/488/488 487/487/487 485/485/485
f 491/491/491 490/490/490 489/489/489
f 492/492/492 491/491/491 489/489/489
f 493/493/493 491/491/491 492/492/492
f 494/494/494 493/493/493 492/492/492
f 497/497/497 496/496/496 495/495/495
f 498/498/498 497/497/497 495/495/495
f 495/495/495 499/499/499 498/498/498
f 499/499/499 500/500/500 498/498/498
f 500/500/500 499/499/499 501/501/501
f 502/502/502 500/500/500 501/501/501
f 505/505/505 504/504/504 503/503/503
f 506/506/506 505/505/505 503/503/503
f 507/507/507 505/505/505 506/506/506
f 508/508/508 507/507/507 506/506/506
f 509/509/509 507/507/507 508/508/508
f 510/510/510 509/509/509 508/508/508
f 513/513/513 512/512/512 511/511/511
f 514/514/514 513/513/513 511/511/511
f 517/517/517 516/516/516 515/515/515
f 517/517/517 515/515/515 518/518/518
f 519/519/519 517/517/517 518/518/518
f 520/520/520 517/517/517 519/519/519
f 521/521/521 519/519/519 518/518/518
f 522/522/522 521/521/521 518/518/518
f 523/523/523 517/517/517 520/520/520
f 523/523/523 524/524/524 517/517/517
f 521/521/521 522/522/522 525/525/525
f 522/522/522 526/526/526 525/525/525
f 526/526/526 527/527/527 525/525/525
f 527/527/527 528/528/528 525/525/525
f 527/527/527 529/529/529 528/528/528
f 530/530/530 523/523/523 520/520/520
f 520/520/520 531/531/531 530/530/530
f 532/532/532 523/523/523 530/530/530
f 521/521/521 525/525/525 533/533/533
f 525/525/525 528/528/528 533/533/533
f 529/529/529 534/534/534 528/528/528
f 534/534/534 529/529/529 535/535/535
f 528/528/528 536/536/536 533/533/533
f 536/536/536 528/528/528 534/534/534
f 521/521/521 533/533/533 537/537/537
f 533/533/533 536/536/536 537/537/537
f 538/538/538 534/534/534 535/535/535
f 539/539/539 538/538/538 535/535/535
f 540/540/540 536/536/536 534/534/534
f 540/540/540 534/534/534 538/538/538
f 541/541/541 521/521/521 537/537/537
f 519/519/519 521/521/521 541/541/541
f 541/541/541 542/542/542 519/519/519
f 541/541/541 537/537/537 542/542/542
f 542/542/542 520/520/520 519/519/519
f 536/536/536 543/543/543 537/537/537
f 536/536/536 540/540/540 543/543/543
f 540/540/540 544/544/544 543/543/543
f 545/545/545 540/540/540 538/538/538
f 538/538/538 539/539/539 545/545/545
f 544/544/544 540/540/540 545/545/545
f 537/537/537 546/546/546 542/542/542
f 520/520/520 542/542/542 546/546/546
f 546/546/546 537/537/537 543/543/543
f 545/545/545 539/539/539 547/547/547
f 547/547/547 544/544/544 545/545/545
f 548/548/548 520/520/520 546/546/546
f 520/520/520 548/548/548 531/531/531
f 546/546/546 543/543/543 549/549/549
f 549/549/549 543/543/543 544/544/544
f 546/546/546 549/549/549 548/548/548
f 549/549/549 550/550/550 548/548/548
f 547/547/547 539/539/539 551/551/551
f 539/539/539 552/552/552 551/551/551
f 551/551/551 553/553/553 547/547/547
f 547/547/547 553/553/553 544/544/544
f 554/554/554 549/549/549 544/544/544
f 550/550/550 549/549/549 554/554/554
f 553/553/553 551/551/551 555/555/555
f 552/552/552 555/555/555 551/551/551
f 553/553/553 556/556/556 544/544/544
f 554/554/554 544/544/544 556/556/556
f 556/556/556 553/553/553 555/555/555
f 557/557/557 554/554/554 556/556/556
f 557/557/557 550/550/550 554/554/554
f 556/556/556 555/555/555 557/557/557
f 550/550/550 558/558/558 548/548/548
f 548/548/548 558/558/558 531/531/531
f 558/558/558 550/550/550 559/559/559
f 558/558/558 559/559/559 531/531/531
f 552/552/552 560/560/560 555/555/555
f 555/555/555 561/561/561 557/557/557
f 560/560/560 561/561/561 555/555/555
f 562/562/562 557/557/557 561/561/561
f 563/563/563 562/562/562 561/561/561
f 560/560/560 563/563/563 561/561/561
f 557/557/557 562/562/562 564/564/564
f 550/550/550 557/557/557 564/564/564
f 550/550/550 564/564/564 565/565/565
f 550/550/550 565/565/565 559/559/559
f 565/565/565 564/564/564 566/566/566
f 567/567/567 566/566/566 563/563/563
f 568/568/568 565/565/565 566/566/566
f 559/559/559 565/565/565 568/568/568
f 566/566/566 567/567/567 568/568/568
f 559/559/559 568/568/568 569/569/569
f 568/568/568 570/570/570 569/569/569
f 567/567/567 570/570/570 568/568/568
f 571/571/571 569/569/569 570/570/570
f 571/571/571 570/570/570 572/572/572
f 572/572/572 570/570/570 567/567/567
f 573/573/573 571/571/571 572/572/572
f 574/574/574 572/572/572 567/567/567
f 574/574/574 573/573/573 572/572/572
f 567/567/567 575/575/575 574/574/574
f 576/576/576 567/567/567 563/563/563
f 575/575/575 567/567/567 576/576/576
f 577/577/577 576/576/576 563/563/563
f 560/560/560 577/577/577 563/563/563
f 552/552/552 577/577/577 560/560/560
f 552/552/552 578/578/578 577/577/577
f 577/577/577 578/578/578 576/576/576
f 552/552/552 579/579/579 578/578/578
f 579/579/579 580/580/580 578/578/578
f 578/578/578 581/581/581 576/576/576
f 580/580/580 581/581/581 578/578/578
f 581/581/581 575/575/575 576/576/576
f 580/580/580 582/582/582 581/581/581
f 581/581/581 582/582/582 575/575/575
f 582/582/582 583/583/583 575/575/575
f 575/575/575 583/583/583 574/574/574
f 583/583/583 584/584/584 574/574/574
f 584/584/584 585/585/585 574/574/574
f 585/585/585 586/586/586 574/574/574
f 585/585/585 587/587/587 586/586/586
f 586/586/586 588/588/588 574/574/574
f 587/587/587 589/589/589 586/586/586
f 589/589/589 587/587/587 590/590/590
f 587/587/587 591/591/591 590/590/590
f 589/589/589 590/590/590 592/592/592
f 593/593/593 589/589/589 592/592/592
f 589/589/589 593/593/593 594/594/594
f 595/595/595 589/589/589 594/594/594
f 595/595/595 594/594/594 588/588/588
f 593/593/593 596/596/596 594/594/594
f 594/594/594 596/596/596 588/588/588
f 596/596/596 597/597/597 588/588/588
f 588/588/588 597/597/597 574/574/574
f 597/597/597 573/573/573 574/574/574
f 597/597/597 598/598/598 573/573/573
f 573/573/573 598/598/598 599/599/599
f 598/598/598 600/600/600 599/599/599
f 603/603/603 602/602/602 601/601/601
f 604/604/604 603/603/603 601/601/601
f 605/605/605 603/603/603 604/604/604
f 606/606/606 605/605/605 604/604/604
f 609/609/609 608/608/608 607/607/607
f 610/610/610 609/609/609 607/607/607
f 613/613/613 612/612/612 611/611/611
f 614/614/614 613/613/613 611/611/611
f 614/614/614 615/615/615 613/613/613
f 615/615/615 614/614/614 616/616/616
f 615/615/615 616/616/616 617/617/617
f 618/618/618 615/615/615 617/617/617
f 618/618/618 619/619/619 615/615/615
f 617/617/617 620/620/620 618/618/618
f 617/617/617 621/621/621 620/620/620
f 624/624/624 623/623/623 622/622/622
f 625/625/625 624/624/624 622/622/622
f 622/622/622 626/626/626 625/625/625
f 622/622/622 627/627/627 626/626/626
f 625/625/625 626/626/626 628/628/628
f 627/627/627 629/629/629 626/626/626
f 629/629/629 627/627/627 630/630/630
f 630/630/630 631/631/631 629/629/629
f 631/631/631 632/632/632 629/629/629
f 632/632/632 633/633/633 629/629/629
f 633/633/633 634/634/634 629/629/629
f 634/634/634 626/626/626 629/629/629
f 626/626/626 634/634/634 628/628/628
f 634/634/634 635/635/635 628/628/628
f 636/636/636 628/628/628 635/635/635
f 636/636/636 637/637/637 628/628/628
f 637/637/637 638/638/638 628/628/628
f 639/639/639 638/638/638 637/637/637
f 640/640/640 639/639/639 637/637/637
f 639/639/639 640/640/640 641/641/641
f 639/639/639 642/642/642 638/638/638
f 642/642/642 643/643/643 638/638/638
f 639/639/639 644/644/644 642/642/642
f 639/639/639 641/641/641 644/644/644
f 642/642/642 644/644/644 645/645/645
f 644/644/644 646/646/646 645/645/645
f 646/646/646 647/647/647 645/645/645
f 648/648/648 646/646/646 644/644/644
f 641/641/641 648/648/648 644/644/644
f 649/649/649 648/648/648 641/641/641
f 650/650/650 649/649/649 641/641/641
f 650/650/650 651/651/651 649/649/649
f 654/654/654 653/653/653 652/652/652
f 655/655/655 654/654/654 652/652/652
f 658/658/658 657/657/657 656/656/656
f 659/659/659 658/658/658 656/656/656
f 662/662/662 661/661/661 660/660/660
f 663/663/663 662/662/662 660/660/660
f 666/666/666 665/665/665 664/664/664
f 665/665/665 667/667/667 664/664/664
f 665/665/665 668/668/668 667/667/667
f 668/668/668 669/669/669 667/667/667
f 668/668/668 670/670/670 669/669/669
f 670/670/670 671/671/671 669/669/669
f 672/672/672 671/671/671 670/670/670
f 675/675/675 674/674/674 673/673/673
f 676/676/676 675/675/675 673/673/673
f 679/679/679 678/678/678 677/677/677
f 680/680/680 679/679/679 677/677/677
f 681/681/681 680/680/680 677/677/677
f 682/682/682 681/681/681 677/677/677
f 681/681/681 682/682/682 683/683/683
f 682/682/682 684/684/684 683/683/683
f 687/687/687 686/686/686 685/685/685
f 688/688/688 687/687/687 685/685/685
f 691/691/691 690/690/690 689/689/689
f 692/692/692 690/690/690 691/691/691
f 691/691/691 693/693/693 692/692/692
f 693/693/693 530/530/530 692/692/692
f 694/694/694 692/692/692 530/530/530
f 694/694/694 530/530/530 531/531/531
f 695/695/695 692/692/692 694/694/694
f 692/692/692 695/695/695 690/690/690
f 696/696/696 694/694/694 531/531/531
f 694/694/694 696/696/696 695/695/695
f 697/697/697 696/696/696 531/531/531
f 559/559/559 697/697/697 531/531/531
f 697/697/697 698/698/698 696/696/696
f 696/696/696 699/699/699 695/695/695
f 698/698/698 699/699/699 696/696/696
f 695/695/695 699/699/699 700/700/700
f 690/690/690 695/695/695 700/700/700
f 700/700/700 699/699/699 698/698/698
f 700/700/700 701/701/701 690/690/690
f 701/701/701 702/702/702 690/690/690
f 703/703/703 702/702/702 701/701/701
f 704/704/704 703/703/703 701/701/701
f 705/705/705 700/700/700 698/698/698
f 701/701/701 700/700/700 705/705/705
f 705/705/705 698/698/698 706/706/706
f 705/705/705 706/706/706 707/707/707
f 705/705/705 707/707/707 708/708/708
f 705/705/705 708/708/708 709/709/709
f 709/709/709 701/701/701 705/705/705
f 710/710/710 701/701/701 709/709/709
f 701/701/701 710/710/710 704/704/704
f 710/710/710 711/711/711 704/704/704
f 714/714/714 713/713/713 712/712/712
f 715/715/715 714/714/714 712/712/712
f 718/718/718 717/717/717 716/716/716
f 719/719/719 718/718/718 716/716/716
f 722/722/722 721/721/721 720/720/720
f 721/721/721 723/723/723 720/720/720
f 723/723/723 724/724/724 720/720/720
f 723/723/723 725/725/725 724/724/724
f 726/726/726 722/722/722 720/720/720
f 726/726/726 720/720/720 724/724/724
f 722/722/722 726/726/726 727/727/727
f 728/728/728 722/722/722 727/727/727
f 728/728/728 727/727/727 729/729/729
f 730/730/730 728/728/728 729/729/729
f 731/731/731 730/730/730 729/729/729
f 732/732/732 729/729/729 727/727/727
f 732/732/732 727/727/727 726/726/726
f 732/732/732 731/731/731 729/729/729
f 726/726/726 733/733/733 732/732/732
f 732/732/732 733/733/733 731/731/731
f 733/733/733 726/726/726 724/724/724
f 733/733/733 734/734/734 731/731/731
f 735/735/735 734/734/734 733/733/733
f 736/736/736 733/733/733 724/724/724
f 736/736/736 735/735/735 733/733/733
f 725/725/725 737/737/737 724/724/724
f 736/736/736 724/724/724 737/737/737
f 736/736/736 738/738/738 735/735/735
f 736/736/736 737/737/737 738/738/738
f 738/738/738 739/739/739 735/735/735
f 740/740/740 737/737/737 725/725/725
f 737/737/737 740/740/740 738/738/738
f 738/738/738 740/740/740 739/739/739
f 741/741/741 740/740/740 725/725/725
f 740/740/740 741/741/741 739/739/739
f 744/744/744 743/743/743 742/742/742
f 745/745/745 744/744/744 742/742/742
f 746/746/746 745/745/745 742/742/742
f 747/747/747 745/745/745 746/746/746
f 743/743/743 748/748/748 742/742/742
f 742/742/742 748/748/748 746/746/746
f 748/748/748 743/743/743 749/749/749
f 743/743/743 750/750/750 749/749/749
f 749/749/749 750/750/750 751/751/751
f 750/750/750 752/752/752 751/751/751
f 752/752/752 753/753/753 751/751/751
f 751/751/751 754/754/754 749/749/749
f 749/749/749 754/754/754 748/748/748
f 753/753/753 754/754/754 751/751/751
f 755/755/755 748/748/748 754/754/754
f 755/755/755 754/754/754 753/753/753
f 748/748/748 755/755/755 746/746/746
f 756/756/756 755/755/755 753/753/753
f 756/756/756 757/757/757 755/755/755
f 755/755/755 758/758/758 746/746/746
f 757/757/757 758/758/758 755/755/755
f 759/759/759 747/747/747 746/746/746
f 746/746/746 758/758/758 759/759/759
f 760/760/760 758/758/758 757/757/757
f 759/759/759 758/758/758 760/760/760
f 761/761/761 760/760/760 757/757/757
f 759/759/759 762/762/762 747/747/747
f 762/762/762 759/759/759 760/760/760
f 762/762/762 760/760/760 761/761/761
f 762/762/762 763/763/763 747/747/747
f 763/763/763 762/762/762 761/761/761
g _Helm_0_1
f 766/766/766 765/765/765 764/764/764
f 340/340/340 766/766/766 764/764/764
f 339/339/339 340/340/340 764/764/764
f 338/338/338 339/339/339 767/767/767
f 768/768/768 338/338/338 767/767/767
f 767/767/767 769/769/769 768/768/768
f 772/772/772 771/771/771 770/770/770
f 771/771/771 635/635/635 770/770/770
f 635/635/635 634/634/634 770/770/770
f 634/634/634 633/633/633 773/773/773
f 633/633/633 774/774/774 773/773/773
f 775/775/775 773/773/773 774/774/774
g _Helm_0_2
f 778/778/778 777/777/777 776/776/776
f 779/779/779 778/778/778 776/776/776
f 780/780/780 778/778/778 779/779/779
f 781/781/781 780/780/780 779/779/779
f 780/780/780 781/781/781 782/782/782
f 781/781/781 783/783/783 782/782/782
f 783/783/783 784/784/784 782/782/782
f 784/784/784 785/785/785 782/782/782
f 785/785/785 786/786/786 782/782/782
f 787/787/787 785/785/785 784/784/784
f 787/787/787 786/786/786 785/785/785
f 789/789/789 788/788/788 776/776/776
f 789/789/789 790/790/790 788/788/788
f 790/790/790 791/791/791 788/788/788
f 790/790/790 792/792/792 791/791/791
f 791/791/791 792/792/792 793/793/793
f 794/794/794 793/793/793 792/792/792
f 792/792/792 795/795/795 794/794/794
f 794/794/794 795/795/795 796/796/796
f 797/797/797 789/789/789 776/776/776
f 797/797/797 776/776/776 798/798/798
f 776/776/776 799/799/799 798/798/798
f 800/800/800 797/797/797 798/798/798
f 801/801/801 797/797/797 800/800/800
f 798/798/798 799/799/799 802/802/802
f 803/803/803 798/798/798 802/802/802
f 804/804/804 803/803/803 802/802/802
f 799/799/799 805/805/805 802/802/802
f 805/805/805 806/806/806 802/802/802
f 805/805/805 807/807/807 806/806/806
f 805/805/805 799/799/799 808/808/808
f 808/808/808 809/809/809 805/805/805
f 810/810/810 809/809/809 808/808/808
f 808/808/808 799/799/799 810/810/810
f 799/799/799 811/811/811 810/810/810
f 814/814/814 813/813/813 812/812/812
f 815/815/815 814/814/814 812/812/812
f 815/815/815 816/816/816 814/814/814
f 819/819/819 818/818/818 817/817/817
f 820/820/820 818/818/818 819/819/819
f 820/820/820 821/821/821 818/818/818
f 820/820/820 819/819/819 822/822/822
f 823/823/823 820/820/820 822/822/822
f 824/824/824 823/823/823 822/822/822
f 825/825/825 823/823/823 824/824/824
f 826/826/826 823/823/823 825/825/825
f 827/827/827 825/825/825 824/824/824
f 828/828/828 827/827/827 824/824/824
f 824/824/824 822/822/822 828/828/828
f 822/822/822 829/829/829 828/828/828
f 829/829/829 830/830/830 828/828/828
f 831/831/831 829/829/829 822/822/822
f 829/829/829 832/832/832 830/830/830
f 832/832/832 829/829/829 831/831/831
f 832/832/832 833/833/833 830/830/830
f 834/834/834 832/832/832 831/831/831
f 835/835/835 833/833/833 832/832/832
f 832/832/832 834/834/834 836/836/836
f 836/836/836 835/835/835 832/832/832
f 834/834/834 837/837/837 836/836/836
f 837/837/837 838/838/838 836/836/836
f 835/835/835 836/836/836 839/839/839
f 836/836/836 838/838/838 839/839/839
f 839/839/839 840/840/840 835/835/835
f 841/841/841 839/839/839 838/838/838
f 841/841/841 840/840/840 839/839/839
f 844/844/844 843/843/843 842/842/842
f 843/843/843 845/845/845 842/842/842
f 843/843/843 846/846/846 845/845/845
f 846/846/846 847/847/847 845/845/845
f 847/847/847 846/846/846 848/848/848
f 849/849/849 847/847/847 848/848/848
f 850/850/850 849/849/849 848/848/848
f 851/851/851 850/850/850 848/848/848
f 852/852/852 851/851/851 848/848/848
f 851/851/851 853/853/853 850/850/850
f 852/852/852 853/853/853 851/851/851
f 855/855/855 854/854/854 842/842/842
f 856/856/856 854/854/854 855/855/855
f 857/857/857 856/856/856 855/855/855
f 858/858/858 856/856/856 857/857/857
f 858/858/858 857/857/857 859/859/859
f 859/859/859 860/860/860 858/858/858
f 861/861/861 858/858/858 860/860/860
f 861/861/861 860/860/860 862/862/862
f 854/854/854 863/863/863 842/842/842
f 842/842/842 863/863/863 864/864/864
f 865/865/865 842/842/842 864/864/864
f 863/863/863 866/866/866 864/864/864
f 863/863/863 867/867/867 866/866/866
f 865/865/865 864/864/864 868/868/868
f 864/864/864 869/869/869 868/868/868
f 869/869/869 870/870/870 868/868/868
f 871/871/871 865/865/865 868/868/868
f 872/872/872 871/871/871 868/868/868
f 873/873/873 871/871/871 872/872/872
f 865/865/865 871/871/871 874/874/874
f 875/875/875 874/874/874 871/871/871
f 875/875/875 876/876/876 874/874/874
f 865/865/865 874/874/874 876/876/876
f 877/877/877 865/865/865 876/876/876
f 880/880/880 879/879/879 878/878/878
f 879/879/879 881/881/881 878/878/878
f 882/882/882 881/881/881 879/879/879
f 885/885/885 884/884/884 883/883/883
f 885/885/885 886/886/886 884/884/884
f 887/887/887 886/886/886 885/885/885
f 884/884/884 886/886/886 888/888/888
f 886/886/886 889/889/889 888/888/888
f 889/889/889 890/890/890 888/888/888
f 889/889/889 891/891/891 890/890/890
f 889/889/889 892/892/892 891/891/891
f 891/891/891 893/893/893 890/890/890
f 893/893/893 894/894/894 890/890/890
f 888/888/888 890/890/890 894/894/894
f 895/895/895 888/888/888 894/894/894
f 896/896/896 895/895/895 894/894/894
f 895/895/895 897/897/897 888/888/888
f 898/898/898 895/895/895 896/896/896
f 895/895/895 898/898/898 897/897/897
f 899/899/899 898/898/898 896/896/896
f 898/898/898 900/900/900 897/897/897
f 899/899/899 901/901/901 898/898/898
f 900/900/900 898/898/898 902/902/902
f 901/901/901 902/902/902 898/898/898
f 903/903/903 900/900/900 902/902/902
f 904/904/904 903/903/903 902/902/902
f 902/902/902 901/901/901 905/905/905
f 904/904/904 902/902/902 905/905/905
f 906/906/906 905/905/905 901/901/901
f 905/905/905 907/907/907 904/904/904
f 906/906/906 907/907/907 905/905/905
