g Helm.004
v -0 -0.000360979553 0.0201608967
v -7.59473114E-05 -0.000582046108 0.0201541856
v -0 -0.000600113883 0.0201555584
v -0 -0.000360979553 0.0201608967
v -0.000183322438 -0.000530593563 0.0201502778
v -7.59473114E-05 -0.000582046108 0.0201541856
v -0 -0.000360979553 0.0201608967
v -0.000222912553 -0.000453589135 0.0201444235
v -0.000183322438 -0.000530593563 0.0201502778
v -0.000795256579 -0.000186487858 0.0190457869
v -0.000774200365 -0.000439632859 0.0192492288
v -0.000805729243 1.68747447E-05 0.0192245338
v -0 -0.000360979553 0.0201608967
v -0.000236814856 -0.000362756196 0.0201375168
v -0.000222912553 -0.000453589135 0.0201444235
v -0 -0.000360979553 0.0201608967
v -0.000222912553 -0.000271923345 0.0201306175
v -0.000236814856 -0.000362756196 0.0201375168
v -0 -0.000360979553 0.0201608967
v -0.000183322438 -0.000194918917 0.0201247633
v -0.000222912553 -0.000271923345 0.0201306175
v -0 -0.000360979553 0.0201608967
v -7.59470131E-05 -0.000143466314 0.0201208554
v -0.000183322438 -0.000194918917 0.0201247633
v -0 -0.000360979553 0.0201608967
v -0 -0.000125398423 0.0201194808
v -7.59470131E-05 -0.000143466314 0.0201208554
v -0.000532100035 -0.00156086741 0.0190534536
v -0.000680239755 -0.00135965704 0.0190476254
v -0.000727247447 -0.00137837231 0.019056594
v -0.000561092107 -0.00159471482 0.0190290548
v -0.000532100035 -0.00156086741 0.0190534536
v -0.000727247447 -0.00137837231 0.019056594
v -0 -0.00177490292 0.01831601
v -8.69259093E-05 -0.00175235479 0.0189346578
v -0.000106855972 -0.00173079188 0.0188680198
v -0.000721366552 -0.00113850005 0.0175854508
v -0.000643097097 -0.00141930871 0.0174072068
v -0.000602267217 -0.00141068525 0.0176334679
v -0.000725057733 -0.00109606946 0.0177348703
v -0.000796085049 -0.000784474309 0.0179158151
v -0.000933650997 -0.000667589891 0.0178159159
v -0.000504405703 -0.00160443911 0.0184118319
v -0.000540432462 -0.001625565 0.0186016392
v -0.000612762175 -0.00148367858 0.0186168198
v -0.000855338527 -0.00104459096 0.0195932109
v -0.000816588814 -0.00106897228 0.0195437409
v -0.000702054065 -0.00141352962 0.0196237508
v -0 -0.00183502864 0.0193408523
v -0.00035183056 -0.00161811651 0.0194250587
v -0.000184556266 -0.00173397909 0.0190283414
v -0.000779563677 -0.00097835518 0.0191946793
v -0.000843828777 -0.000879443949 0.0192666054
v -0.000803119678 -0.000605963403 0.0189285688
v -0.000643097097 -0.00141930871 0.0174072068
v -0.000356305449 -0.00173114589 0.0172500331
v -0.000362430816 -0.00170881487 0.017426081
v -0.000184556266 -0.00173397909 0.0190283414
v -0.00035183056 -0.00161811651 0.0194250587
v -0.00040658217 -0.0016199802 0.0190090723
v -0.000954016112 -0.000490052393 0.0182314068
v -0.000934081967 -0.000535961532 0.0181049518
v -0.000888529117 -0.00061198324 0.0182755273
v -0.000709135318 -0.00101761415 0.0188509766
v -0.000803119678 -0.000605963403 0.0189285688
v -0.000716043112 -0.00125125446 0.0187146533
v -0.000751453976 -0.00106922875 0.0190935284
v -0.000779563677 -0.00097835518 0.0191946793
v -0.000693532813 -0.00107787398 0.0189590752
v -0.000693532813 -0.00107787398 0.0189590752
v -0.000667635235 -0.00129439484 0.019088719
v -0.000751453976 -0.00106922875 0.0190935284
v -0.000587946968 -0.00147580507 0.0190628152
v -0.000578592066 -0.00143753109 0.0190173592
v -0.00040658217 -0.0016199802 0.0190090723
v -0.000612078467 -0.00144035288 0.0179654509
v -0.000719598436 -0.00102108798 0.0182092059
v -0.000725057733 -0.00109606946 0.0177348703
v -0.000378442288 -0.0016801625 0.0182640199
v -0.000346517103 -0.00174891064 0.0184786581
v -0.000504405703 -0.00160443911 0.0184118319
v -0.000432140136 -0.0017347039 0.0198546387
v -0.000344249944 -0.00169527507 0.0196328424
v -0 -0.00200764276 0.0198937971
v -0.000843828777 -0.000879443949 0.0192666054
v -0.00100010389 -0.000317306723 0.0193452965
v -0.000803119678 -0.000605963403 0.0189285688
v -0.000612078467 -0.00144035288 0.0179654509
v -0.000504405703 -0.00160443911 0.0184118319
v -0.000719598436 -0.00102108798 0.0182092059
v -0.000614806951 -0.00130905956 0.0193573758
v -0.00035183056 -0.00161811651 0.0194250587
v -0.000702054065 -0.00141352962 0.0196237508
v -0.000796085049 -0.000784474309 0.0179158151
v -0.000934081967 -0.000535961532 0.0181049518
v -0.000933650997 -0.000667589891 0.0178159159
v -0.000855338527 -0.00104459096 0.0195932109
v -0.000702054065 -0.00141352962 0.0196237508
v -0.000618708553 -0.00153422041 0.0197697636
v -0.000719598436 -0.00102108798 0.0182092059
v -0.000732396613 -0.00116429746 0.0186137166
v -0.000825580559 -0.00075225858 0.0185290407
v -0.000835276616 -0.000618869788 0.0184826031
v -0.000825580559 -0.00075225858 0.0185290407
v -0.000803119678 -0.000605963403 0.0189285688
v -0.000835276616 -0.000618869788 0.0184826031
v -0.000803119678 -0.000605963403 0.0189285688
v -0.000899161911 -0.000509072212 0.0184723176
v -0.000504405703 -0.00160443911 0.0184118319
v -0.000612078467 -0.00144035288 0.0179654509
v -0.000378442288 -0.0016801625 0.0182640199
v -0.000614806951 -0.00130905956 0.0193573758
v -0.000702054065 -0.00141352962 0.0196237508
v -0.000816588814 -0.00106897228 0.0195437409
v -0.000184556266 -0.00173397909 0.0190283414
v -8.69259093E-05 -0.00175235479 0.0189346578
v -0 -0.00183502864 0.0193408523
v -0.000816588814 -0.00106897228 0.0195437409
v -0.000843828777 -0.000879443949 0.0192666054
v -0.000779563677 -0.00097835518 0.0191946793
v -0.000779563677 -0.00097835518 0.0191946793
v -0.000803119678 -0.000605963403 0.0189285688
v -0.000693532813 -0.00107787398 0.0189590752
v -0.000289184594 -0.0016930151 0.0189739596
v -0.000184556266 -0.00173397909 0.0190283414
v -0.00040658217 -0.0016199802 0.0190090723
v -0 -0.00199953467 0.0197006855
v -0.00035183056 -0.00161811651 0.0194250587
v -0 -0.00183502864 0.0193408523
v -0.000432140136 -0.0017347039 0.0198546387
v -0.000618708553 -0.00153422041 0.0197697636
v -0.000344249944 -0.00169527507 0.0196328424
v -0.000803119678 -0.000605963403 0.0189285688
v -0.000859904569 -0.000266480929 0.018951498
v -0.000899161911 -0.000509072212 0.0184723176
v -0.000954016112 -0.000490052393 0.0182314068
v -0.000992486719 -0.000434010028 0.018061718
v -0.000934081967 -0.000535961532 0.0181049518
v -0.000667635235 -0.00129439484 0.019088719
v -0.000578592066 -0.00143753109 0.0190173592
v -0.000587946968 -0.00147580507 0.0190628152
v -0.000504405703 -0.00160443911 0.0184118319
v -0.000346517103 -0.00174891064 0.0184786581
v -0.000540432462 -0.001625565 0.0186016392
v -0.000825580559 -0.00075225858 0.0185290407
v -0.000835276616 -0.000618869788 0.0184826031
v -0.000888529117 -0.00061198324 0.0182755273
v -0.000888529117 -0.00061198324 0.0182755273
v -0.000934081967 -0.000535961532 0.0181049518
v -0.000796085049 -0.000784474309 0.0179158151
v -0.000719598436 -0.00102108798 0.0182092059
v -0.000796085049 -0.000784474309 0.0179158151
v -0.000725057733 -0.00109606946 0.0177348703
v -0.000614806951 -0.00130905956 0.0193573758
v -0.000751453976 -0.00106922875 0.0190935284
v -0.000667635235 -0.00129439484 0.019088719
v -0.000378442288 -0.0016801625 0.0182640199
v -0.000612078467 -0.00144035288 0.0179654509
v -0.000369716377 -0.00166843215 0.0178818889
v -0.000587946968 -0.00147580507 0.0190628152
v -0.000614806951 -0.00130905956 0.0193573758
v -0.000667635235 -0.00129439484 0.019088719
v -0.000612762175 -0.00148367858 0.0186168198
v -0.000716043112 -0.00125125446 0.0187146533
v -0.000732396613 -0.00116429746 0.0186137166
v -0.000843828777 -0.000879443949 0.0192666054
v -0.000816588814 -0.00106897228 0.0195437409
v -0.000855338527 -0.00104459096 0.0195932109
v -0.000855338527 -0.00104459096 0.0195932109
v -0.00100010389 -0.000317306723 0.0193452965
v -0.000843828777 -0.000879443949 0.0192666054
v -0.000725057733 -0.00109606946 0.0177348703
v -0.000933650997 -0.000667589891 0.0178159159
v -0.000721366552 -0.00113850005 0.0175854508
v -0.000106855972 -0.00173079188 0.0188680198
v -0.000118530603 -0.00172595284 0.0185327623
v -0 -0.00177490292 0.01831601
v -0 -0.00183502864 0.0193408523
v -8.69259093E-05 -0.00175235479 0.0189346578
v -0 -0.00177490292 0.01831601
v -0.00100010389 -0.000317306723 0.0193452965
v -0.000859904569 -0.000266480929 0.018951498
v -0.000803119678 -0.000605963403 0.0189285688
v -0.000709135318 -0.00101761415 0.0188509766
v -0.000693532813 -0.00107787398 0.0189590752
v -0.000803119678 -0.000605963403 0.0189285688
v -0 -0.000360979553 0.0201608967
v -0 -0.000600113883 0.0201555584
v 7.59473114E-05 -0.000582046108 0.0201541856
v -0 -0.000360979553 0.0201608967
v 7.59473114E-05 -0.000582046108 0.0201541856
v 0.000183322438 -0.000530593563 0.0201502778
v -0 -0.000360979553 0.0201608967
v 0.000183322438 -0.000530593563 0.0201502778
v 0.000222912553 -0.000453589135 0.0201444235
v 0.000795256579 -0.000186487858 0.0190457869
v 0.000805729243 1.68747447E-05 0.0192245338
v 0.000774200365 -0.000439632859 0.0192492288
v -0 -0.000360979553 0.0201608967
v 0.000222912553 -0.000453589135 0.0201444235
v 0.000236814856 -0.000362756196 0.0201375168
v -0 -0.000360979553 0.0201608967
v 0.000236814856 -0.000362756196 0.0201375168
v 0.000222912553 -0.000271923345 0.0201306175
v -0 -0.000360979553 0.0201608967
v 0.000222912553 -0.000271923345 0.0201306175
v 0.000183322438 -0.000194918917 0.0201247633
v -0 -0.000360979553 0.0201608967
v 0.000183322438 -0.000194918917 0.0201247633
v 7.59470131E-05 -0.000143466314 0.0201208554
v -0 -0.000360979553 0.0201608967
v 7.59470131E-05 -0.000143466314 0.0201208554
v -0 -0.000125398423 0.0201194808
v 0.000532100035 -0.00156086741 0.0190534536
v 0.000727247447 -0.00137837231 0.019056594
v 0.000680239755 -0.00135965704 0.0190476254
v 0.000561092107 -0.00159471482 0.0190290548
v 0.000727247447 -0.00137837231 0.019056594
v 0.000532100035 -0.00156086741 0.0190534536
v -0 -0.00177490292 0.01831601
v 0.000106855972 -0.00173079188 0.0188680198
v 8.69259093E-05 -0.00175235479 0.0189346578
v 0.000721366552 -0.00113850005 0.0175854508
v 0.000602267217 -0.00141068525 0.0176334679
v 0.000643097097 -0.00141930871 0.0174072068
v 0.000725057733 -0.00109606946 0.0177348703
v 0.000933650997 -0.000667589891 0.0178159159
v 0.000796085049 -0.000784474309 0.0179158151
v 0.000504405703 -0.00160443911 0.0184118319
v 0.000612762175 -0.00148367858 0.0186168198
v 0.000540432462 -0.001625565 0.0186016392
v 0.000855338527 -0.00104459096 0.0195932109
v 0.000702054065 -0.00141352962 0.0196237508
v 0.000816588814 -0.00106897228 0.0195437409
v -0 -0.00183502864 0.0193408523
v 0.000184556266 -0.00173397909 0.0190283414
v 0.00035183056 -0.00161811651 0.0194250587
v 0.000779563677 -0.00097835518 0.0191946793
v 0.000803119678 -0.000605963403 0.0189285688
v 0.000843828777 -0.000879443949 0.0192666054
v 0.000643097097 -0.00141930871 0.0174072068
v 0.000362430816 -0.00170881487 0.017426081
v 0.000356305449 -0.00173114589 0.0172500331
v 0.000184556266 -0.00173397909 0.0190283414
v 0.00040658217 -0.0016199802 0.0190090723
v 0.00035183056 -0.00161811651 0.0194250587
v 0.000954016112 -0.000490052393 0.0182314068
v 0.000888529117 -0.00061198324 0.0182755273
v 0.000934081967 -0.000535961532 0.0181049518
v 0.000709135318 -0.00101761415 0.0188509766
v 0.000716043112 -0.00125125446 0.0187146533
v 0.000803119678 -0.000605963403 0.0189285688
v 0.000751453976 -0.00106922875 0.0190935284
v 0.000693532813 -0.00107787398 0.0189590752
v 0.000779563677 -0.00097835518 0.0191946793
v 0.000693532813 -0.00107787398 0.0189590752
v 0.000751453976 -0.00106922875 0.0190935284
v 0.000667635235 -0.00129439484 0.019088719
v 0.000587946968 -0.00147580507 0.0190628152
v 0.00040658217 -0.0016199802 0.0190090723
v 0.000578592066 -0.00143753109 0.0190173592
v 0.000612078467 -0.00144035288 0.0179654509
v 0.000725057733 -0.00109606946 0.0177348703
v 0.000719598436 -0.00102108798 0.0182092059
v 0.000378442288 -0.0016801625 0.0182640199
v 0.000504405703 -0.00160443911 0.0184118319
v 0.000346517103 -0.00174891064 0.0184786581
v 0.000432140136 -0.0017347039 0.0198546387
v -0 -0.00200764276 0.0198937971
v 0.000344249944 -0.00169527507 0.0196328424
v 0.000843828777 -0.000879443949 0.0192666054
v 0.000803119678 -0.000605963403 0.0189285688
v 0.00100010389 -0.000317306723 0.0193452965
v 0.000612078467 -0.00144035288 0.0179654509
v 0.000719598436 -0.00102108798 0.0182092059
v 0.000504405703 -0.00160443911 0.0184118319
v 0.000614806951 -0.00130905956 0.0193573758
v 0.000702054065 -0.00141352962 0.0196237508
v 0.00035183056 -0.00161811651 0.0194250587
v 0.000796085049 -0.000784474309 0.0179158151
v 0.000933650997 -0.000667589891 0.0178159159
v 0.000934081967 -0.000535961532 0.0181049518
v 0.000855338527 -0.00104459096 0.0195932109
v 0.000618708553 -0.00153422041 0.0197697636
v 0.000702054065 -0.00141352962 0.0196237508
v 0.000719598436 -0.00102108798 0.0182092059
v 0.000825580559 -0.00075225858 0.0185290407
v 0.000732396613 -0.00116429746 0.0186137166
v 0.000835276616 -0.000618869788 0.0184826031
v 0.000803119678 -0.000605963403 0.0189285688
v 0.000825580559 -0.00075225858 0.0185290407
v 0.000835276616 -0.000618869788 0.0184826031
v 0.000899161911 -0.000509072212 0.0184723176
v 0.000803119678 -0.000605963403 0.0189285688
v 0.000504405703 -0.00160443911 0.0184118319
v 0.000378442288 -0.0016801625 0.0182640199
v 0.000612078467 -0.00144035288 0.0179654509
v 0.000614806951 -0.00130905956 0.0193573758
v 0.000816588814 -0.00106897228 0.0195437409
v 0.000702054065 -0.00141352962 0.0196237508
v 0.000184556266 -0.00173397909 0.0190283414
v -0 -0.00183502864 0.0193408523
v 8.69259093E-05 -0.00175235479 0.0189346578
v 0.000816588814 -0.00106897228 0.0195437409
v 0.000779563677 -0.00097835518 0.0191946793
v 0.000843828777 -0.000879443949 0.0192666054
v 0.000779563677 -0.00097835518 0.0191946793
v 0.000693532813 -0.00107787398 0.0189590752
v 0.000803119678 -0.000605963403 0.0189285688
v 0.000289184594 -0.0016930151 0.0189739596
v 0.00040658217 -0.0016199802 0.0190090723
v 0.000184556266 -0.00173397909 0.0190283414
v -0 -0.00199953467 0.0197006855
v -0 -0.00183502864 0.0193408523
v 0.00035183056 -0.00161811651 0.0194250587
v 0.000432140136 -0.0017347039 0.0198546387
v 0.000344249944 -0.00169527507 0.0196328424
v 0.000618708553 -0.00153422041 0.0197697636
v 0.000803119678 -0.000605963403 0.0189285688
v 0.000899161911 -0.000509072212 0.0184723176
v 0.000859904569 -0.000266480929 0.018951498
v 0.000954016112 -0.000490052393 0.0182314068
v 0.000934081967 -0.000535961532 0.0181049518
v 0.000992486719 -0.000434010028 0.018061718
v 0.000667635235 -0.00129439484 0.019088719
v 0.000587946968 -0.00147580507 0.0190628152
v 0.000578592066 -0.00143753109 0.0190173592
v 0.000504405703 -0.00160443911 0.0184118319
v 0.000540432462 -0.001625565 0.0186016392
v 0.000346517103 -0.00174891064 0.0184786581
v 0.000825580559 -0.00075225858 0.0185290407
v 0.000888529117 -0.00061198324 0.0182755273
v 0.000835276616 -0.000618869788 0.0184826031
v 0.000888529117 -0.00061198324 0.0182755273
v 0.000796085049 -0.000784474309 0.0179158151
v 0.000934081967 -0.000535961532 0.0181049518
v 0.000719598436 -0.00102108798 0.0182092059
v 0.000725057733 -0.00109606946 0.0177348703
v 0.000796085049 -0.000784474309 0.0179158151
v 0.000614806951 -0.00130905956 0.0193573758
v 0.000667635235 -0.00129439484 0.019088719
v 0.000751453976 -0.00106922875 0.0190935284
v 0.000378442288 -0.0016801625 0.0182640199
v 0.000369716377 -0.00166843215 0.0178818889
v 0.000612078467 -0.00144035288 0.0179654509
v 0.000587946968 -0.00147580507 0.0190628152
v 0.000667635235 -0.00129439484 0.019088719
v 0.000614806951 -0.00130905956 0.0193573758
v 0.000612762175 -0.00148367858 0.0186168198
v 0.000732396613 -0.00116429746 0.0186137166
v 0.000716043112 -0.00125125446 0.0187146533
v 0.000843828777 -0.000879443949 0.0192666054
v 0.000855338527 -0.00104459096 0.0195932109
v 0.000816588814 -0.00106897228 0.0195437409
v 0.000855338527 -0.00104459096 0.0195932109
v 0.000843828777 -0.000879443949 0.0192666054
v 0.00100010389 -0.000317306723 0.0193452965
v 0.000725057733 -0.00109606946 0.0177348703
v 0.000721366552 -0.00113850005 0.0175854508
v 0.000933650997 -0.000667589891 0.0178159159
v 0.000106855972 -0.00173079188 0.0188680198
v -0 -0.00177490292 0.01831601
v 0.000118530603 -0.00172595284 0.0185327623
v -0 -0.00183502864 0.0193408523
v -0 -0.00177490292 0.01831601
v 8.69259093E-05 -0.00175235479 0.0189346578
v 0.00100010389 -0.000317306723 0.0193452965
v 0.000803119678 -0.000605963403 0.0189285688
v 0.000859904569 -0.000266480929 0.018951498
v 0.000709135318 -0.00101761415 0.0188509766
v 0.000803119678 -0.000605963403 0.0189285688
v 0.000693532813 -0.00107787398 0.0189590752
v -0.000253213075 0.000247921766 0.0199083947
v -0 0.000299374951 0.0199044868
v -0 0.000609538518 0.0195433013
v -0.000352054223 0.000532533624 0.0195491519
v -0.000755533867 -0.000530613761 0.0191442259
v -0.00078139652 -0.00022151295 0.0190445893
v -0.000876034086 -0.000203925927 0.0190595798
v -0.000851370103 -0.000500591937 0.0191541146
v -0.000252582191 -0.00100104709 0.0200033132
v -0 -0.00105249987 0.0200072285
v -0 -0.000600113883 0.0201555584
v -7.59473114E-05 -0.000582046108 0.0201541856
v -0.000385632535 -0.00142714498 0.0195294917
v -0 -0.0015055862 0.0195616446
v -0 -0.00141368504 0.0196970627
v -0.000336411351 -0.00133668061 0.0196912102
v -0.000336411351 -0.00133668061 0.0196912102
v -0 -0.00141368504 0.0196970627
v -0 -0.00105249987 0.0200072285
v -0.000252582191 -0.00100104709 0.0200033132
v -0.000419689924 -0.000854522339 0.019992182
v -0.000252582191 -0.00100104709 0.0200033132
v -7.59473114E-05 -0.000582046108 0.0201541856
v -0.000183322438 -0.000530593563 0.0201502778
v -0.000656828284 -0.00120376551 0.019437924
v -0.000385632535 -0.00142714498 0.0195294917
v -0.000336411351 -0.00133668061 0.0196912102
v -0.000586225768 -0.0011173907 0.0196745452
v -0.000586225768 -0.0011173907 0.0196745452
v -0.000336411351 -0.00133668061 0.0196912102
v -0.000252582191 -0.00100104709 0.0200033132
v -0.000419689924 -0.000854522339 0.019992182
v -0.000532308302 -0.000635232485 0.0199755132
v -0.000419689924 -0.000854522339 0.019992182
v -0.000183322438 -0.000530593563 0.0201502778
v -0.000222912553 -0.000453589135 0.0201444235
v -0.00072676054 -0.000875145546 0.0192912351
v -0.000656828284 -0.00120376551 0.019437924
v -0.000586225768 -0.0011173907 0.0196745452
v -0.000705022714 -0.00078920013 0.0196496025
v -0.000705022714 -0.00078920013 0.0196496025
v -0.000586225768 -0.0011173907 0.0196745452
v -0.000419689924 -0.000854522339 0.019992182
v -0.000532308302 -0.000635232485 0.0199755132
v -0.000774200365 -0.000439632859 0.0192492288
v -0.00072676054 -0.000875145546 0.0192912351
v -0.000705022714 -0.00078920013 0.0196496025
v -0.000769153819 -0.000402073289 0.0196201801
v -0.000573647965 -0.000376562442 0.0199558549
v -0.000532308302 -0.000635232485 0.0199755132
v -0.000222912553 -0.000453589135 0.0201444235
v -0.000236814856 -0.000362756196 0.0201375168
v -0.000769153819 -0.000402073289 0.0196201801
v -0.000705022714 -0.00078920013 0.0196496025
v -0.000532308302 -0.000635232485 0.0199755132
v -0.000573647965 -0.000376562442 0.0199558549
v -0.000805729243 1.68747447E-05 0.0192245338
v -0.000774200365 -0.000439632859 0.0192492288
v -0.000769153819 -0.000402073289 0.0196201801
v -0.000724035955 -1.4946414E-05 0.0195907596
v -0.000534688064 -0.000117892552 0.0199361965
v -0.000573647965 -0.000376562442 0.0199558549
v -0.000236814856 -0.000362756196 0.0201375168
v -0.000222912553 -0.000271923345 0.0201306175
v -0.000724035955 -1.4946414E-05 0.0195907596
v -0.000769153819 -0.000402073289 0.0196201801
v -0.000573647965 -0.000376562442 0.0199558549
v -0.000534688064 -0.000117892552 0.0199361965
v -0.000703420083 0.000384885323 0.0190248527
v -0.000795256579 -0.000186487858 0.0190457869
v -0.000805729243 1.68747447E-05 0.0192245338
v -0.000703420083 0.000403883256 0.0192036014
v -0.000703420083 0.000403883256 0.0192036014
v -0.000805729243 1.68747447E-05 0.0192245338
v -0.000724035955 -1.4946414E-05 0.0195907596
v -0.000604579342 0.000313243887 0.019565817
v -0.000421945064 0.000101397192 0.0199195314
v -0.000534688064 -0.000117892552 0.0199361965
v -0.000222912553 -0.000271923345 0.0201306175
v -0.000183322438 -0.000194918917 0.0201247633
v -0.000604579342 0.000313243887 0.019565817
v -0.000724035955 -1.4946414E-05 0.0195907596
v -0.000534688064 -0.000117892552 0.0199361965
v -0.000421945064 0.000101397192 0.0199195314
v -0.000405546336 0.000643476087 0.0190108661
v -0.000703420083 0.000384885323 0.0190248527
v -0.000703420083 0.000403883256 0.0192036014
v -0.000405546336 0.000662473845 0.0191896129
v -0.000253213075 0.000247921766 0.0199083947
v -0.000421945064 0.000101397192 0.0199195314
v -0.000183322438 -0.000194918917 0.0201247633
v -7.59470131E-05 -0.000143466314 0.0201208554
v -0.000405546336 0.000662473845 0.0191896129
v -0.000703420083 0.000403883256 0.0192036014
v -0.000604579342 0.000313243887 0.019565817
v -0.000352054223 0.000532533624 0.0195491519
v -0.000352054223 0.000532533624 0.0195491519
v -0.000604579342 0.000313243887 0.019565817
v -0.000421945064 0.000101397192 0.0199195314
v -0.000253213075 0.000247921766 0.0199083947
v -0 0.000809586258 0.0190889481
v -0.000405546336 0.000643476087 0.0190108661
v -0.000405546336 0.000662473845 0.0191896129
v -0 0.000829954341 0.0193544794
v -0.000352054223 0.000532533624 0.0195491519
v -0 0.000609538518 0.0195433013
v -0 0.000829954341 0.0193544794
v -0.000405546336 0.000662473845 0.0191896129
v -0.000253213075 0.000247921766 0.0199083947
v -7.59470131E-05 -0.000143466314 0.0201208554
v -0 -0.000125398423 0.0201194808
v -0 0.000299374951 0.0199044868
v -0.000405546336 0.000624729961 0.0188344885
v -0 0.000789487967 0.0188269354
v -0 0.000730945903 0.018381279
v -0.000411005021 0.000657186145 0.0183499586
v -0.000755533867 -0.000530613761 0.0191442259
v -0.000818929053 -0.000443386234 0.0187989157
v -0.000792329607 -0.000881095941 0.0186901502
v -0.00074600277 -0.000998320407 0.0190279502
v -0.000798667199 -4.90662533E-05 0.0188694093
v -0.000703420083 0.00036613908 0.0188484732
v -0.000609025359 0.000440532604 0.0183366966
v -0.000743701647 4.13773378E-05 0.0183635
v -0.000703420083 0.00036613908 0.0188484732
v -0.000405546336 0.000624729961 0.0188344885
v -0.000411005021 0.000657186145 0.0183499586
v -0.000609025359 0.000440532604 0.0183366966
v -0 -0.0015055862 0.0195616446
v -0 -0.0017057982 0.0190554168
v -0 -0.00175724458 0.0190091971
v -0 -0.00173298654 0.0195990931
v -0.000656828284 -0.00120376551 0.019437924
v -0.000680239755 -0.00135965704 0.0190476254
v -0.000532100035 -0.00156086741 0.0190534536
v -0.000385632535 -0.00142714498 0.0195294917
v -0 0.000299374951 0.0199044868
v -0 0.000416791852 0.0200776495
v -0 0.000765966892 0.0197325759
v -0 0.000609538518 0.0195433013
v -0 0.000789487967 0.0188269354
v -0 0.000928980822 0.0188544039
v -0 0.00082918402 0.0183865558
v -0 0.000730945903 0.018381279
v -0 -0.0015055862 0.0195616446
v -0 -0.00173298654 0.0195990931
v -0 -0.00149735867 0.0198038723
v -0 -0.00141368504 0.0196970627
v -0.000743701647 4.13773378E-05 0.0183635
v -0.000756429567 0.000251640799 0.0180164333
v -0.000851127785 0.000253715494 0.0180178825
v -0.000869476004 5.65413757E-05 0.018359933
v -0.000889970106 -0.000164707511 0.0190535095
v -0.000876034086 -0.000203925927 0.0190595798
v -0.00078139652 -0.00022151295 0.0190445893
v -0.000795256579 -0.000186487858 0.0190457869
v -0 0.000730945903 0.018381279
v -0 0.000986298313 0.0180503558
v -0.000370625785 0.00090508844 0.0180188175
v -0.000411005021 0.000657186145 0.0183499586
v -0 -0.00141368504 0.0196970627
v -0 -0.00149735867 0.0198038723
v -0 -0.00110233063 0.0200958326
v -0 -0.00105249987 0.0200072285
v -0 0.000609538518 0.0195433013
v -0 0.000765966892 0.0197325759
v -0 0.000929888105 0.0193682332
v -0 0.000829954341 0.0193544794
v -0.000411005021 0.000657186145 0.0183499586
v -0.000370625785 0.00090508844 0.0180188175
v -0.00074823224 0.000328354654 0.0178941339
v -0.000609025359 0.000440532604 0.0183366966
v -0 -0.000125398423 0.0201194808
v -0 -9.35221178E-05 0.020215949
v -0 0.000416791852 0.0200776495
v -0 0.000299374951 0.0199044868
v -0 0.000809586258 0.0190889481
v -0 0.000929431466 0.0191096049
v -0 0.000928980822 0.0188544039
v -0 0.000789487967 0.0188269354
v -0 0.00082918402 0.0183865558
v -0 0.00109322625 0.018052768
v -0 0.000986298313 0.0180503558
v -0 0.000730945903 0.018381279
v -0 -0.00105249987 0.0200072285
v -0 -0.00110233063 0.0200958326
v -0 -0.00061704457 0.020255737
v -0 -0.000600113883 0.0201555584
v -0.000743701647 4.13773378E-05 0.0183635
v -0.000869476004 5.65413757E-05 0.018359933
v -0.000894021359 -2.88546471E-05 0.0188699141
v -0.000798667199 -4.90662533E-05 0.0188694093
v -0.00074823224 0.000328354654 0.0178941339
v -0.000826154603 0.000332491123 0.0178965665
v -0.000851127785 0.000253715494 0.0180178825
v -0.000756429567 0.000251640799 0.0180164333
v -0.000370625785 0.00090508844 0.0180188175
v -0.000410821754 0.00100709789 0.0180226155
v -0.000826154603 0.000332491123 0.0178965665
v -0.00074823224 0.000328354654 0.0178941339
v -0 0.000986298313 0.0180503558
v -0 0.00109322625 0.018052768
v -0.000410821754 0.00100709789 0.0180226155
v -0.000370625785 0.00090508844 0.0180188175
v -0.000869476004 5.65413757E-05 0.018359933
v -0.000851127785 0.000253715494 0.0180178825
v -0.000826154603 0.000332491123 0.0178965665
v -0.000680700177 0.000504972064 0.0183409415
v -0.000894021359 -2.88546471E-05 0.0188699141
v -0.000410821754 0.00100709789 0.0180226155
v -0.000774465792 0.000431884866 0.0188472774
v -0.000889970106 -0.000164707511 0.0190535095
v -0.000447978207 0.000750862586 0.0183563698
v -0 0.00109322625 0.018052768
v -0 0.00082918402 0.0183865558
v -0.000443359197 0.000718490628 0.0188328046
v -0 0.000928980822 0.0188544039
v -0.000775056309 0.000450506981 0.0190321524
v -0.000443627738 0.000773286854 0.0190197006
v -0 0.000929431466 0.0191096049
v -0.000443899888 0.000828819058 0.0192091055
v -0 0.000929888105 0.0193682332
v -0.000775654684 0.000469379214 0.0192195103
v -0.000899416627 4.02448968E-05 0.0192395709
v -0.00038396052 0.000674323819 0.0196495913
v -0 0.000765966892 0.0197325759
v -0.00066529063 0.000371408794 0.0196174849
v -0.000275769999 0.000279318076 0.020083217
v -0 0.000416791852 0.0200776495
v -0 -9.35221178E-05 0.020215949
v -0.000870092539 -0.000408059539 0.0192477442
v -0.000876034086 -0.000203925927 0.0190595798
v -0.000851370103 -0.000500591937 0.0191541146
v -0.000802704599 1.07297301E-05 0.0196360014
v -0.000465551042 0.00014754296 0.0199982394
v -8.63409514E-05 -0.000111304493 0.020216722
v -0 -0.000353317067 0.0202617217
v -0.000202284296 -0.000168809871 0.0202208627
v -0.000590553856 -9.14695556E-05 0.0200142935
v -0.000247390388 -0.000254526909 0.0202271529
v -0.000853125355 -0.000401878497 0.0196627192
v -0.000263182534 -0.000355368538 0.0202347245
v -0.000634917815 -0.000370618887 0.0200340617
v -0.000247390941 -0.000456195936 0.0202424806
v -0.000589421659 -0.0006495493 0.0200567078
v -0.000785880489 -0.000809928111 0.019695865
v -0.000202282739 -0.00054187933 0.0202492177
v -8.6340835E-05 -0.000599352294 0.020253811
v -0 -0.00061704457 0.020255737
v -0.000464574347 -0.000888243434 0.0200769603
v -0.000275666098 -0.00104875281 0.0200912654
v -0 -0.00110233063 0.0200958326
v -0.000782382442 -0.000863464549 0.0192857608
v -0.000652884599 -0.00116707769 0.019730635
v -0.000369926856 -0.00141064904 0.0197541285
v -0 -0.00149735867 0.0198038723
v -0.000801372342 -0.00098387606 0.0190270077
v -0.000909793365 -0.0004186226 0.0188060664
v -0.000844613649 -0.000869527459 0.0186880101
v -0.00070359878 -0.00121928507 0.0194534566
v -0.000727247447 -0.00137837231 0.019056594
v -0.000344161788 -0.0015813401 0.0195634104
v -0 -0.00173298654 0.0195990931
v -0.000561092107 -0.00159471482 0.0190290548
v -0 -0.00175724458 0.0190091971
v -0.000798667199 -4.90662533E-05 0.0188694093
v -0.000894021359 -2.88546471E-05 0.0188699141
v -0.000889970106 -0.000164707511 0.0190535095
v -0.000795256579 -0.000186487858 0.0190457869
v -0.00074600277 -0.000998320407 0.0190279502
v -0.000801372342 -0.00098387606 0.0190270077
v -0.000727247447 -0.00137837231 0.019056594
v -0.000680239755 -0.00135965704 0.0190476254
v -0.000609025359 0.000440532604 0.0183366966
v -0.00074823224 0.000328354654 0.0178941339
v -0.000756429567 0.000251640799 0.0180164333
v -0.000743701647 4.13773378E-05 0.0183635
v -0 0.000829954341 0.0193544794
v -0 0.000929888105 0.0193682332
v -0 0.000929431466 0.0191096049
v -0 0.000809586258 0.0190889481
v -0.000532100035 -0.00156086741 0.0190534536
v -0.000561092107 -0.00159471482 0.0190290548
v -0 -0.00175724458 0.0190091971
v -0 -0.0017057982 0.0190554168
v -0 0.000789487967 0.0188269354
v -0.000405546336 0.000624729961 0.0188344885
v -0.000405546336 0.000643476087 0.0190108661
v -0 0.000809586258 0.0190889481
v -0.000405546336 0.000624729961 0.0188344885
v -0.000703420083 0.00036613908 0.0188484732
v -0.000703420083 0.000384885323 0.0190248527
v -0.000405546336 0.000643476087 0.0190108661
v -0.000703420083 0.00036613908 0.0188484732
v -0.000798667199 -4.90662533E-05 0.0188694093
v -0.000795256579 -0.000186487858 0.0190457869
v -0.000703420083 0.000384885323 0.0190248527
v -0.000385632535 -0.00142714498 0.0195294917
v -0.000532100035 -0.00156086741 0.0190534536
v -0 -0.0017057982 0.0190554168
v -0 -0.0015055862 0.0195616446
v -0.00072751689 -0.00147468562 0.0174200274
v -0.000434525573 -0.00177746709 0.0174363554
v -0.000428195577 -0.00180037285 0.0172563139
v -0.000688863103 -0.0014644363 0.0176408775
v -0.000434108748 -0.0017740872 0.0174782481
v -0.000441089942 -0.00173850893 0.0178792849
v -0.000812341867 -0.00117976242 0.0175986905
v -0.000698310498 -0.00149727042 0.0179640986
v -0.000444892125 -0.00175457203 0.0182546452
v -0.000816116924 -0.00113691448 0.0177578721
v -0.0010252943 -0.000712043839 0.0178324226
v -0.000591423013 -0.00166112371 0.0184024386
v -0.000409065251 -0.00182491937 0.0184607618
v -0.00061885186 -0.00168774708 0.0185802281
v -0.000703419559 -0.00152264209 0.0186001174
v -0.000814852829 -0.00105348625 0.0182046872
v -0.000829578668 -0.0011916795 0.0186072253
v -0.000812931859 -0.00128349988 0.0187338106
v -0.000885879388 -0.000831052021 0.017938016
v -0.000925159489 -0.000770489685 0.0185357053
v -0.000904288725 -0.000631528033 0.018934194
v -0.000804566371 -0.00104439119 0.0188787058
v -0.000788345991 -0.00110288314 0.0189272631
v -0.00101984339 -0.00058716425 0.0181207638
v -0.00112597027 -0.000377510441 0.0179532953
v -0.00108300324 -0.000476384565 0.0180704128
v -0.00104219979 -0.000536514039 0.0182426088
v -0.000986027648 -0.000640003884 0.0182896815
v -0.000993954716 -0.000541083864 0.0184894335
v -0.000934207288 -0.00064401963 0.0184977818
v -0.000961567217 -0.000282977242 0.0189415906
v -0.00109496422 -0.000336934667 0.0193190612
v -0.000933675503 -0.000917287718 0.0192400869
v -0.000954502786 -0.00108081813 0.0195882451
v -0.000876899518 -0.000995947397 0.0191636123
v -0.000902090047 -0.00111468288 0.019514963
v -0.000853020058 -0.00109318201 0.0190690774
v -0.00079029362 -0.00147150375 0.0196042154
v -0.000703922473 -0.00159707025 0.0197607055
v -0.00041497944 -0.00169916265 0.0194109287
v -0.00070147455 -0.00136862055 0.0193437189
v -0.000765100238 -0.00133263366 0.0190660655
v -0.000648094225 -0.00148335972 0.0189590063
v -0.000718220137 -0.0012878062 0.018980341
v -0.000677154807 -0.0015351742 0.019041758
v -0.000475235458 -0.00170433836 0.0189959519
v -0.000346814195 -0.00178339495 0.0189541299
v -0.000188929247 -0.00176921836 0.0187673569
v -0.000166131402 -0.00181565201 0.0185224097
v -0.000222871677 -0.00182775222 0.0190320369
v -0.000152174616 -0.00182093435 0.0188565124
v -0 -0.00186861341 0.0183134023
v -0.000127466556 -0.00184408319 0.0189253893
v -0 -0.00191473553 0.0193248652
v -0 -0.00207014475 0.0196771137
v -0 -0.00208056951 0.0198717788
v -0.000398580945 -0.00177510211 0.01960437
v -0.000484395627 -0.00181334221 0.0198198762
v -0.00072676054 -0.000875145546 0.0192912351
v -0.00074600277 -0.000998320407 0.0190279502
v -0.000680239755 -0.00135965704 0.0190476254
v -0.000656828284 -0.00120376551 0.019437924
v -0.000795256579 -0.000186487858 0.0190457869
v -0.00078139652 -0.00022151295 0.0190445893
v -0.000755533867 -0.000530613761 0.0191442259
v -0.000774200365 -0.000439632859 0.0192492288
v -0.000774200365 -0.000439632859 0.0192492288
v -0.000755533867 -0.000530613761 0.0191442259
v -0.00074600277 -0.000998320407 0.0190279502
v -0.00072676054 -0.000875145546 0.0192912351
v -0.000909793365 -0.0004186226 0.0188060664
v -0.000844613649 -0.000869527459 0.0186880101
v -0.000792329607 -0.000881095941 0.0186901502
v -0.000818929053 -0.000443386234 0.0187989157
v -0.00074600277 -0.000998320407 0.0190279502
v -0.000792329607 -0.000881095941 0.0186901502
v -0.000844613649 -0.000869527459 0.0186880101
v -0.000801372342 -0.00098387606 0.0190270077
v -0.000851370103 -0.000500591937 0.0191541146
v -0.000909793365 -0.0004186226 0.0188060664
v -0.000818929053 -0.000443386234 0.0187989157
v -0.000755533867 -0.000530613761 0.0191442259
v -0.000362430816 -0.00170881487 0.017426081
v -0.000360844657 -0.00170587492 0.0174717978
v -0.000602267217 -0.00141068525 0.0176334679
v -0.000643097097 -0.00141930871 0.0174072068
v -0.000614806951 -0.00130905956 0.0193573758
v -0.000587946968 -0.00147580507 0.0190628152
v -0.00040658217 -0.0016199802 0.0190090723
v -0.00035183056 -0.00161811651 0.0194250587
v -0.000732396613 -0.00116429746 0.0186137166
v -0.000719598436 -0.00102108798 0.0182092059
v -0.000504405703 -0.00160443911 0.0184118319
v -0.000612762175 -0.00148367858 0.0186168198
v -0.000721366552 -0.00113850005 0.0175854508
v -0.000602267217 -0.00141068525 0.0176334679
v -0.000612078467 -0.00144035288 0.0179654509
v -0.000725057733 -0.00109606946 0.0177348703
v -0.00103366189 -0.000341436971 0.0179399587
v -0.000933650997 -0.000667589891 0.0178159159
v -0.000934081967 -0.000535961532 0.0181049518
v -0.000992486719 -0.000434010028 0.018061718
v -0.000899161911 -0.000509072212 0.0184723176
v -0.000954016112 -0.000490052393 0.0182314068
v -0.000888529117 -0.00061198324 0.0182755273
v -0.000835276616 -0.000618869788 0.0184826031
v -0.000578592066 -0.00143753109 0.0190173592
v -0.000126589774 -0.00169870385 0.0188073721
v -0.000289184594 -0.0016930151 0.0189739596
v -0.00040658217 -0.0016199802 0.0190090723
v -0.000369716377 -0.00166843215 0.0178818889
v -0.000612078467 -0.00144035288 0.0179654509
v -0.000602267217 -0.00141068525 0.0176334679
v -0.000360844657 -0.00170587492 0.0174717978
v -0.000816588814 -0.00106897228 0.0195437409
v -0.000779563677 -0.00097835518 0.0191946793
v -0.000751453976 -0.00106922875 0.0190935284
v -0.000614806951 -0.00130905956 0.0193573758
v -0.00035183056 -0.00161811651 0.0194250587
v -0 -0.00199953467 0.0197006855
v -0 -0.00200764276 0.0198937971
v -0.000344249944 -0.00169527507 0.0196328424
v -0.000796085049 -0.000784474309 0.0179158151
v -0.000719598436 -0.00102108798 0.0182092059
v -0.000825580559 -0.00075225858 0.0185290407
v -0.000888529117 -0.00061198324 0.0182755273
v -0.000825580559 -0.00075225858 0.0185290407
v -0.000732396613 -0.00116429746 0.0186137166
v -0.000716043112 -0.00125125446 0.0187146533
v -0.000803119678 -0.000605963403 0.0189285688
v -0.00035183056 -0.00161811651 0.0194250587
v -0.000344249944 -0.00169527507 0.0196328424
v -0.000618708553 -0.00153422041 0.0197697636
v -0.000702054065 -0.00141352962 0.0196237508
v -0.000578592066 -0.00143753109 0.0190173592
v -0.000667635235 -0.00129439484 0.019088719
v -0.000693532813 -0.00107787398 0.0189590752
v -0.000643386971 -0.00125539268 0.0190382134
v -0.000289184594 -0.0016930151 0.0189739596
v -0.000126589774 -0.00169870385 0.0188073721
v -0.000118530603 -0.00172595284 0.0185327623
v -0.000106855972 -0.00173079188 0.0188680198
v -0.000106855972 -0.00173079188 0.0188680198
v -8.69259093E-05 -0.00175235479 0.0189346578
v -0.000184556266 -0.00173397909 0.0190283414
v -0.000289184594 -0.0016930151 0.0189739596
v -0.000434525573 -0.00177746709 0.0174363554
v -0.000362430816 -0.00170881487 0.017426081
v -0.000356305449 -0.00173114589 0.0172500331
v -0.000428195577 -0.00180037285 0.0172563139
v -0.00108300324 -0.000476384565 0.0180704128
v -0.000992486719 -0.000434010028 0.018061718
v -0.000954016112 -0.000490052393 0.0182314068
v -0.00104219979 -0.000536514039 0.0182426088
v -0.000188929247 -0.00176921836 0.0187673569
v -0.000126589774 -0.00169870385 0.0188073721
v -0.000578592066 -0.00143753109 0.0190173592
v -0.000648094225 -0.00148335972 0.0189590063
v -0.000788345991 -0.00110288314 0.0189272631
v -0.000693532813 -0.00107787398 0.0189590752
v -0.000709135318 -0.00101761415 0.0188509766
v -0.000804566371 -0.00104439119 0.0188787058
v -0.00109496422 -0.000336934667 0.0193190612
v -0.00100010389 -0.000317306723 0.0193452965
v -0.000855338527 -0.00104459096 0.0195932109
v -0.000954502786 -0.00108081813 0.0195882451
v -0.000718220137 -0.0012878062 0.018980341
v -0.000643386971 -0.00125539268 0.0190382134
v -0.000693532813 -0.00107787398 0.0189590752
v -0.000788345991 -0.00110288314 0.0189272631
v -0.000409065251 -0.00182491937 0.0184607618
v -0.000346517103 -0.00174891064 0.0184786581
v -0.000378442288 -0.0016801625 0.0182640199
v -0.000444892125 -0.00175457203 0.0182546452
v -0.000166131402 -0.00181565201 0.0185224097
v -0.000118530603 -0.00172595284 0.0185327623
v -0.000126589774 -0.00169870385 0.0188073721
v -0.000188929247 -0.00176921836 0.0187673569
v -0.000441089942 -0.00173850893 0.0178792849
v -0.000369716377 -0.00166843215 0.0178818889
v -0.000360844657 -0.00170587492 0.0174717978
v -0.000434108748 -0.0017740872 0.0174782481
v -0.000648094225 -0.00148335972 0.0189590063
v -0.000578592066 -0.00143753109 0.0190173592
v -0.000643386971 -0.00125539268 0.0190382134
v -0.000718220137 -0.0012878062 0.018980341
v -0.0010252943 -0.000712043839 0.0178324226
v -0.000933650997 -0.000667589891 0.0178159159
v -0.00103366189 -0.000341436971 0.0179399587
v -0.00112597027 -0.000377510441 0.0179532953
v -0.000484395627 -0.00181334221 0.0198198762
v -0.000432140136 -0.0017347039 0.0198546387
v -0 -0.00200764276 0.0198937971
v -0 -0.00208056951 0.0198717788
v -0.00061885186 -0.00168774708 0.0185802281
v -0.000540432462 -0.001625565 0.0186016392
v -0.000346517103 -0.00174891064 0.0184786581
v -0.000409065251 -0.00182491937 0.0184607618
v -0.000434108748 -0.0017740872 0.0174782481
v -0.000360844657 -0.00170587492 0.0174717978
v -0.000362430816 -0.00170881487 0.017426081
v -0.000434525573 -0.00177746709 0.0174363554
v -0.000703419559 -0.00152264209 0.0186001174
v -0.000612762175 -0.00148367858 0.0186168198
v -0.000540432462 -0.001625565 0.0186016392
v -0.00061885186 -0.00168774708 0.0185802281
v -0.000993954716 -0.000541083864 0.0184894335
v -0.000899161911 -0.000509072212 0.0184723176
v -0.000859904569 -0.000266480929 0.018951498
v -0.000961567217 -0.000282977242 0.0189415906
v -0.00072751689 -0.00147468562 0.0174200274
v -0.000643097097 -0.00141930871 0.0174072068
v -0.000721366552 -0.00113850005 0.0175854508
v -0.000812341867 -0.00117976242 0.0175986905
v -0 -0.00208056951 0.0198717788
v -0 -0.00200764276 0.0198937971
v -0 -0.00199953467 0.0197006855
v -0 -0.00207014475 0.0196771137
v -0.000444892125 -0.00175457203 0.0182546452
v -0.000378442288 -0.0016801625 0.0182640199
v -0.000369716377 -0.00166843215 0.0178818889
v -0.000441089942 -0.00173850893 0.0178792849
v -0.000812931859 -0.00128349988 0.0187338106
v -0.000716043112 -0.00125125446 0.0187146533
v -0.000612762175 -0.00148367858 0.0186168198
v -0.000703419559 -0.00152264209 0.0186001174
v -0.00104219979 -0.000536514039 0.0182426088
v -0.000954016112 -0.000490052393 0.0182314068
v -0.000899161911 -0.000509072212 0.0184723176
v -0.000993954716 -0.000541083864 0.0184894335
v -0 -0.00191473553 0.0193248652
v -0 -0.00183502864 0.0193408523
v -0 -0.00177490292 0.01831601
v -0 -0.00186861341 0.0183134023
v -0.000804566371 -0.00104439119 0.0188787058
v -0.000709135318 -0.00101761415 0.0188509766
v -0.000716043112 -0.00125125446 0.0187146533
v -0.000812931859 -0.00128349988 0.0187338106
v -0.00112597027 -0.000377510441 0.0179532953
v -0.00103366189 -0.000341436971 0.0179399587
v -0.000992486719 -0.000434010028 0.018061718
v -0.00108300324 -0.000476384565 0.0180704128
v -0.000961567217 -0.000282977242 0.0189415906
v -0.000859904569 -0.000266480929 0.018951498
v -0.00100010389 -0.000317306723 0.0193452965
v -0.00109496422 -0.000336934667 0.0193190612
v -0.000812341867 -0.00117976242 0.0175986905
v -0.000721366552 -0.00113850005 0.0175854508
v -0.000933650997 -0.000667589891 0.0178159159
v -0.0010252943 -0.000712043839 0.0178324226
v -0 -0.00186861341 0.0183134023
v -0 -0.00177490292 0.01831601
v -0.000118530603 -0.00172595284 0.0185327623
v -0.000166131402 -0.00181565201 0.0185224097
v -0 -0.00207014475 0.0196771137
v -0 -0.00199953467 0.0197006855
v -0 -0.00183502864 0.0193408523
v -0 -0.00191473553 0.0193248652
v -0.000428195577 -0.00180037285 0.0172563139
v -0.000356305449 -0.00173114589 0.0172500331
v -0.000643097097 -0.00141930871 0.0174072068
v -0.00072751689 -0.00147468562 0.0174200274
v -0.000703922473 -0.00159707025 0.0197607055
v -0.000618708553 -0.00153422041 0.0197697636
v -0.000432140136 -0.0017347039 0.0198546387
v -0.000484395627 -0.00181334221 0.0198198762
v -0.000954502786 -0.00108081813 0.0195882451
v -0.000855338527 -0.00104459096 0.0195932109
v -0.000618708553 -0.00153422041 0.0197697636
v -0.000703922473 -0.00159707025 0.0197607055
v 0.000253213075 0.000247921766 0.0199083947
v 0.000352054223 0.000532533624 0.0195491519
v -0 0.000609538518 0.0195433013
v -0 0.000299374951 0.0199044868
v 0.000755533867 -0.000530613761 0.0191442259
v 0.000851370103 -0.000500591937 0.0191541146
v 0.000876034086 -0.000203925927 0.0190595798
v 0.00078139652 -0.00022151295 0.0190445893
v 0.000252582191 -0.00100104709 0.0200033132
v 7.59473114E-05 -0.000582046108 0.0201541856
v -0 -0.000600113883 0.0201555584
v -0 -0.00105249987 0.0200072285
v 0.000385632535 -0.00142714498 0.0195294917
v 0.000336411351 -0.00133668061 0.0196912102
v -0 -0.00141368504 0.0196970627
v -0 -0.0015055862 0.0195616446
v 0.000336411351 -0.00133668061 0.0196912102
v 0.000252582191 -0.00100104709 0.0200033132
v -0 -0.00105249987 0.0200072285
v -0 -0.00141368504 0.0196970627
v 0.000419689924 -0.000854522339 0.019992182
v 0.000183322438 -0.000530593563 0.0201502778
v 7.59473114E-05 -0.000582046108 0.0201541856
v 0.000252582191 -0.00100104709 0.0200033132
v 0.000656828284 -0.00120376551 0.019437924
v 0.000586225768 -0.0011173907 0.0196745452
v 0.000336411351 -0.00133668061 0.0196912102
v 0.000385632535 -0.00142714498 0.0195294917
v 0.000586225768 -0.0011173907 0.0196745452
v 0.000419689924 -0.000854522339 0.019992182
v 0.000252582191 -0.00100104709 0.0200033132
v 0.000336411351 -0.00133668061 0.0196912102
v 0.000532308302 -0.000635232485 0.0199755132
v 0.000222912553 -0.000453589135 0.0201444235
v 0.000183322438 -0.000530593563 0.0201502778
v 0.000419689924 -0.000854522339 0.019992182
v 0.00072676054 -0.000875145546 0.0192912351
v 0.000705022714 -0.00078920013 0.0196496025
v 0.000586225768 -0.0011173907 0.0196745452
v 0.000656828284 -0.00120376551 0.019437924
v 0.000705022714 -0.00078920013 0.0196496025
v 0.000532308302 -0.000635232485 0.0199755132
v 0.000419689924 -0.000854522339 0.019992182
v 0.000586225768 -0.0011173907 0.0196745452
v 0.000774200365 -0.000439632859 0.0192492288
v 0.000769153819 -0.000402073289 0.0196201801
v 0.000705022714 -0.00078920013 0.0196496025
v 0.00072676054 -0.000875145546 0.0192912351
v 0.000573647965 -0.000376562442 0.0199558549
v 0.000236814856 -0.000362756196 0.0201375168
v 0.000222912553 -0.000453589135 0.0201444235
v 0.000532308302 -0.000635232485 0.0199755132
v 0.000769153819 -0.000402073289 0.0196201801
v 0.000573647965 -0.000376562442 0.0199558549
v 0.000532308302 -0.000635232485 0.0199755132
v 0.000705022714 -0.00078920013 0.0196496025
v 0.000805729243 1.68747447E-05 0.0192245338
v 0.000724035955 -1.4946414E-05 0.0195907596
v 0.000769153819 -0.000402073289 0.0196201801
v 0.000774200365 -0.000439632859 0.0192492288
v 0.000534688064 -0.000117892552 0.0199361965
v 0.000222912553 -0.000271923345 0.0201306175
v 0.000236814856 -0.000362756196 0.0201375168
v 0.000573647965 -0.000376562442 0.0199558549
v 0.000724035955 -1.4946414E-05 0.0195907596
v 0.000534688064 -0.000117892552 0.0199361965
v 0.000573647965 -0.000376562442 0.0199558549
v 0.000769153819 -0.000402073289 0.0196201801
v 0.000703420083 0.000384885323 0.0190248527
v 0.000703420083 0.000403883256 0.0192036014
v 0.000805729243 1.68747447E-05 0.0192245338
v 0.000795256579 -0.000186487858 0.0190457869
v 0.000703420083 0.000403883256 0.0192036014
v 0.000604579342 0.000313243887 0.019565817
v 0.000724035955 -1.4946414E-05 0.0195907596
v 0.000805729243 1.68747447E-05 0.0192245338
v 0.000421945064 0.000101397192 0.0199195314
v 0.000183322438 -0.000194918917 0.0201247633
v 0.000222912553 -0.000271923345 0.0201306175
v 0.000534688064 -0.000117892552 0.0199361965
v 0.000604579342 0.000313243887 0.019565817
v 0.000421945064 0.000101397192 0.0199195314
v 0.000534688064 -0.000117892552 0.0199361965
v 0.000724035955 -1.4946414E-05 0.0195907596
v 0.000405546336 0.000643476087 0.0190108661
v 0.000405546336 0.000662473845 0.0191896129
v 0.000703420083 0.000403883256 0.0192036014
v 0.000703420083 0.000384885323 0.0190248527
v 0.000253213075 0.000247921766 0.0199083947
v 7.59470131E-05 -0.000143466314 0.0201208554
v 0.000183322438 -0.000194918917 0.0201247633
v 0.000421945064 0.000101397192 0.0199195314
v 0.000405546336 0.000662473845 0.0191896129
v 0.000352054223 0.000532533624 0.0195491519
v 0.000604579342 0.000313243887 0.019565817
v 0.000703420083 0.000403883256 0.0192036014
v 0.000352054223 0.000532533624 0.0195491519
v 0.000253213075 0.000247921766 0.0199083947
v 0.000421945064 0.000101397192 0.0199195314
v 0.000604579342 0.000313243887 0.019565817
v -0 0.000809586258 0.0190889481
v -0 0.000829954341 0.0193544794
v 0.000405546336 0.000662473845 0.0191896129
v 0.000405546336 0.000643476087 0.0190108661
v 0.000352054223 0.000532533624 0.0195491519
v 0.000405546336 0.000662473845 0.0191896129
v -0 0.000829954341 0.0193544794
v -0 0.000609538518 0.0195433013
v 0.000253213075 0.000247921766 0.0199083947
v -0 0.000299374951 0.0199044868
v -0 -0.000125398423 0.0201194808
v 7.59470131E-05 -0.000143466314 0.0201208554
v 0.000405546336 0.000624729961 0.0188344885
v 0.000411005021 0.000657186145 0.0183499586
v -0 0.000730945903 0.018381279
v -0 0.000789487967 0.0188269354
v 0.000755533867 -0.000530613761 0.0191442259
v 0.00074600277 -0.000998320407 0.0190279502
v 0.000792329607 -0.000881095941 0.0186901502
v 0.000818929053 -0.000443386234 0.0187989157
v 0.000798667199 -4.90662533E-05 0.0188694093
v 0.000743701647 4.13773378E-05 0.0183635
v 0.000609025359 0.000440532604 0.0183366966
v 0.000703420083 0.00036613908 0.0188484732
v 0.000703420083 0.00036613908 0.0188484732
v 0.000609025359 0.000440532604 0.0183366966
v 0.000411005021 0.000657186145 0.0183499586
v 0.000405546336 0.000624729961 0.0188344885
v 0.000656828284 -0.00120376551 0.019437924
v 0.000385632535 -0.00142714498 0.0195294917
v 0.000532100035 -0.00156086741 0.0190534536
v 0.000680239755 -0.00135965704 0.0190476254
v 0.000743701647 4.13773378E-05 0.0183635
v 0.000869476004 5.65413757E-05 0.018359933
v 0.000851127785 0.000253715494 0.0180178825
v 0.000756429567 0.000251640799 0.0180164333
v 0.000889970106 -0.000164707511 0.0190535095
v 0.000795256579 -0.000186487858 0.0190457869
v 0.00078139652 -0.00022151295 0.0190445893
v 0.000876034086 -0.000203925927 0.0190595798
v -0 0.000730945903 0.018381279
v 0.000411005021 0.000657186145 0.0183499586
v 0.000370625785 0.00090508844 0.0180188175
v -0 0.000986298313 0.0180503558
v 0.000411005021 0.000657186145 0.0183499586
v 0.000609025359 0.000440532604 0.0183366966
v 0.00074823224 0.000328354654 0.0178941339
v 0.000370625785 0.00090508844 0.0180188175
v 0.000743701647 4.13773378E-05 0.0183635
v 0.000798667199 -4.90662533E-05 0.0188694093
v 0.000894021359 -2.88546471E-05 0.0188699141
v 0.000869476004 5.65413757E-05 0.018359933
v 0.00074823224 0.000328354654 0.0178941339
v 0.000756429567 0.000251640799 0.0180164333
v 0.000851127785 0.000253715494 0.0180178825
v 0.000826154603 0.000332491123 0.0178965665
v 0.000370625785 0.00090508844 0.0180188175
v 0.00074823224 0.000328354654 0.0178941339
v 0.000826154603 0.000332491123 0.0178965665
v 0.000410821754 0.00100709789 0.0180226155
v -0 0.000986298313 0.0180503558
v 0.000370625785 0.00090508844 0.0180188175
v 0.000410821754 0.00100709789 0.0180226155
v -0 0.00109322625 0.018052768
v 0.000869476004 5.65413757E-05 0.018359933
v 0.000826154603 0.000332491123 0.0178965665
v 0.000851127785 0.000253715494 0.0180178825
v 0.000680700177 0.000504972064 0.0183409415
v 0.000894021359 -2.88546471E-05 0.0188699141
v 0.000410821754 0.00100709789 0.0180226155
v 0.000774465792 0.000431884866 0.0188472774
v 0.000889970106 -0.000164707511 0.0190535095
v 0.000447978207 0.000750862586 0.0183563698
v -0 0.00109322625 0.018052768
v -0 0.00082918402 0.0183865558
v 0.000443359197 0.000718490628 0.0188328046
v -0 0.000928980822 0.0188544039
v 0.000775056309 0.000450506981 0.0190321524
v 0.000443627738 0.000773286854 0.0190197006
v -0 0.000929431466 0.0191096049
v 0.000443899888 0.000828819058 0.0192091055
v -0 0.000929888105 0.0193682332
v 0.000775654684 0.000469379214 0.0192195103
v 0.000899416627 4.02448968E-05 0.0192395709
v 0.00038396052 0.000674323819 0.0196495913
v -0 0.000765966892 0.0197325759
v 0.00066529063 0.000371408794 0.0196174849
v 0.000275769999 0.000279318076 0.020083217
v -0 0.000416791852 0.0200776495
v -0 -9.35221178E-05 0.020215949
v 0.000870092539 -0.000408059539 0.0192477442
v 0.000876034086 -0.000203925927 0.0190595798
v 0.000851370103 -0.000500591937 0.0191541146
v 0.000802704599 1.07297301E-05 0.0196360014
v 0.000465551042 0.00014754296 0.0199982394
v 8.63409514E-05 -0.000111304493 0.020216722
v -0 -0.000353317067 0.0202617217
v 0.000202284296 -0.000168809871 0.0202208627
v 0.000590553856 -9.14695556E-05 0.0200142935
v 0.000247390388 -0.000254526909 0.0202271529
v 0.000853125355 -0.000401878497 0.0196627192
v 0.000263182534 -0.000355368538 0.0202347245
v 0.000634917815 -0.000370618887 0.0200340617
v 0.000247390941 -0.000456195936 0.0202424806
v 0.000589421659 -0.0006495493 0.0200567078
v 0.000785880489 -0.000809928111 0.019695865
v 0.000202282739 -0.00054187933 0.0202492177
v 8.6340835E-05 -0.000599352294 0.020253811
v -0 -0.00061704457 0.020255737
v 0.000464574347 -0.000888243434 0.0200769603
v 0.000275666098 -0.00104875281 0.0200912654
v -0 -0.00110233063 0.0200958326
v 0.000782382442 -0.000863464549 0.0192857608
v 0.000652884599 -0.00116707769 0.019730635
v 0.000369926856 -0.00141064904 0.0197541285
v -0 -0.00149735867 0.0198038723
v 0.000801372342 -0.00098387606 0.0190270077
v 0.000909793365 -0.0004186226 0.0188060664
v 0.000844613649 -0.000869527459 0.0186880101
v 0.00070359878 -0.00121928507 0.0194534566
v 0.000727247447 -0.00137837231 0.019056594
v 0.000344161788 -0.0015813401 0.0195634104
v -0 -0.00173298654 0.0195990931
v 0.000561092107 -0.00159471482 0.0190290548
v -0 -0.00175724458 0.0190091971
v 0.000798667199 -4.90662533E-05 0.0188694093
v 0.000795256579 -0.000186487858 0.0190457869
v 0.000889970106 -0.000164707511 0.0190535095
v 0.000894021359 -2.88546471E-05 0.0188699141
v 0.00074600277 -0.000998320407 0.0190279502
v 0.000680239755 -0.00135965704 0.0190476254
v 0.000727247447 -0.00137837231 0.019056594
v 0.000801372342 -0.00098387606 0.0190270077
v 0.000609025359 0.000440532604 0.0183366966
v 0.000743701647 4.13773378E-05 0.0183635
v 0.000756429567 0.000251640799 0.0180164333
v 0.00074823224 0.000328354654 0.0178941339
v 0.000532100035 -0.00156086741 0.0190534536
v -0 -0.0017057982 0.0190554168
v -0 -0.00175724458 0.0190091971
v 0.000561092107 -0.00159471482 0.0190290548
v -0 0.000789487967 0.0188269354
v -0 0.000809586258 0.0190889481
v 0.000405546336 0.000643476087 0.0190108661
v 0.000405546336 0.000624729961 0.0188344885
v 0.000405546336 0.000624729961 0.0188344885
v 0.000405546336 0.000643476087 0.0190108661
v 0.000703420083 0.000384885323 0.0190248527
v 0.000703420083 0.00036613908 0.0188484732
v 0.000703420083 0.00036613908 0.0188484732
v 0.000703420083 0.000384885323 0.0190248527
v 0.000795256579 -0.000186487858 0.0190457869
v 0.000798667199 -4.90662533E-05 0.0188694093
v 0.000385632535 -0.00142714498 0.0195294917
v -0 -0.0015055862 0.0195616446
v -0 -0.0017057982 0.0190554168
v 0.000532100035 -0.00156086741 0.0190534536
v 0.00072751689 -0.00147468562 0.0174200274
v 0.000428195577 -0.00180037285 0.0172563139
v 0.000434525573 -0.00177746709 0.0174363554
v 0.000688863103 -0.0014644363 0.0176408775
v 0.000434108748 -0.0017740872 0.0174782481
v 0.000441089942 -0.00173850893 0.0178792849
v 0.000812341867 -0.00117976242 0.0175986905
v 0.000698310498 -0.00149727042 0.0179640986
v 0.000444892125 -0.00175457203 0.0182546452
v 0.000816116924 -0.00113691448 0.0177578721
v 0.0010252943 -0.000712043839 0.0178324226
v 0.000591423013 -0.00166112371 0.0184024386
v 0.000409065251 -0.00182491937 0.0184607618
v 0.00061885186 -0.00168774708 0.0185802281
v 0.000703419559 -0.00152264209 0.0186001174
v 0.000814852829 -0.00105348625 0.0182046872
v 0.000829578668 -0.0011916795 0.0186072253
v 0.000812931859 -0.00128349988 0.0187338106
v 0.000885879388 -0.000831052021 0.017938016
v 0.000925159489 -0.000770489685 0.0185357053
v 0.000904288725 -0.000631528033 0.018934194
v 0.000804566371 -0.00104439119 0.0188787058
v 0.000788345991 -0.00110288314 0.0189272631
v 0.00101984339 -0.00058716425 0.0181207638
v 0.00112597027 -0.000377510441 0.0179532953
v 0.00108300324 -0.000476384565 0.0180704128
v 0.00104219979 -0.000536514039 0.0182426088
v 0.000986027648 -0.000640003884 0.0182896815
v 0.000993954716 -0.000541083864 0.0184894335
v 0.000934207288 -0.00064401963 0.0184977818
v 0.000961567217 -0.000282977242 0.0189415906
v 0.00109496422 -0.000336934667 0.0193190612
v 0.000933675503 -0.000917287718 0.0192400869
v 0.000954502786 -0.00108081813 0.0195882451
v 0.000876899518 -0.000995947397 0.0191636123
v 0.000902090047 -0.00111468288 0.019514963
v 0.000853020058 -0.00109318201 0.0190690774
v 0.00079029362 -0.00147150375 0.0196042154
v 0.000703922473 -0.00159707025 0.0197607055
v 0.00041497944 -0.00169916265 0.0194109287
v 0.00070147455 -0.00136862055 0.0193437189
v 0.000765100238 -0.00133263366 0.0190660655
v 0.000648094225 -0.00148335972 0.0189590063
v 0.000718220137 -0.0012878062 0.018980341
v 0.000677154807 -0.0015351742 0.019041758
v 0.000475235458 -0.00170433836 0.0189959519
v 0.000346814195 -0.00178339495 0.0189541299
v 0.000188929247 -0.00176921836 0.0187673569
v 0.000166131402 -0.00181565201 0.0185224097
v 0.000222871677 -0.00182775222 0.0190320369
v 0.000152174616 -0.00182093435 0.0188565124
v -0 -0.00186861341 0.0183134023
v 0.000127466556 -0.00184408319 0.0189253893
v -0 -0.00191473553 0.0193248652
v -0 -0.00207014475 0.0196771137
v -0 -0.00208056951 0.0198717788
v 0.000398580945 -0.00177510211 0.01960437
v 0.000484395627 -0.00181334221 0.0198198762
v 0.00072676054 -0.000875145546 0.0192912351
v 0.000656828284 -0.00120376551 0.019437924
v 0.000680239755 -0.00135965704 0.0190476254
v 0.00074600277 -0.000998320407 0.0190279502
v 0.000795256579 -0.000186487858 0.0190457869
v 0.000774200365 -0.000439632859 0.0192492288
v 0.000755533867 -0.000530613761 0.0191442259
v 0.00078139652 -0.00022151295 0.0190445893
v 0.000774200365 -0.000439632859 0.0192492288
v 0.00072676054 -0.000875145546 0.0192912351
v 0.00074600277 -0.000998320407 0.0190279502
v 0.000755533867 -0.000530613761 0.0191442259
v 0.000909793365 -0.0004186226 0.0188060664
v 0.000818929053 -0.000443386234 0.0187989157
v 0.000792329607 -0.000881095941 0.0186901502
v 0.000844613649 -0.000869527459 0.0186880101
v 0.00074600277 -0.000998320407 0.0190279502
v 0.000801372342 -0.00098387606 0.0190270077
v 0.000844613649 -0.000869527459 0.0186880101
v 0.000792329607 -0.000881095941 0.0186901502
v 0.000851370103 -0.000500591937 0.0191541146
v 0.000755533867 -0.000530613761 0.0191442259
v 0.000818929053 -0.000443386234 0.0187989157
v 0.000909793365 -0.0004186226 0.0188060664
v 0.000362430816 -0.00170881487 0.017426081
v 0.000643097097 -0.00141930871 0.0174072068
v 0.000602267217 -0.00141068525 0.0176334679
v 0.000360844657 -0.00170587492 0.0174717978
v 0.000614806951 -0.00130905956 0.0193573758
v 0.00035183056 -0.00161811651 0.0194250587
v 0.00040658217 -0.0016199802 0.0190090723
v 0.000587946968 -0.00147580507 0.0190628152
v 0.000732396613 -0.00116429746 0.0186137166
v 0.000612762175 -0.00148367858 0.0186168198
v 0.000504405703 -0.00160443911 0.0184118319
v 0.000719598436 -0.00102108798 0.0182092059
v 0.000721366552 -0.00113850005 0.0175854508
v 0.000725057733 -0.00109606946 0.0177348703
v 0.000612078467 -0.00144035288 0.0179654509
v 0.000602267217 -0.00141068525 0.0176334679
v 0.00103366189 -0.000341436971 0.0179399587
v 0.000992486719 -0.000434010028 0.018061718
v 0.000934081967 -0.000535961532 0.0181049518
v 0.000933650997 -0.000667589891 0.0178159159
v 0.000899161911 -0.000509072212 0.0184723176
v 0.000835276616 -0.000618869788 0.0184826031
v 0.000888529117 -0.00061198324 0.0182755273
v 0.000954016112 -0.000490052393 0.0182314068
v 0.000578592066 -0.00143753109 0.0190173592
v 0.00040658217 -0.0016199802 0.0190090723
v 0.000289184594 -0.0016930151 0.0189739596
v 0.000126589774 -0.00169870385 0.0188073721
v 0.000369716377 -0.00166843215 0.0178818889
v 0.000360844657 -0.00170587492 0.0174717978
v 0.000602267217 -0.00141068525 0.0176334679
v 0.000612078467 -0.00144035288 0.0179654509
v 0.000816588814 -0.00106897228 0.0195437409
v 0.000614806951 -0.00130905956 0.0193573758
v 0.000751453976 -0.00106922875 0.0190935284
v 0.000779563677 -0.00097835518 0.0191946793
v 0.00035183056 -0.00161811651 0.0194250587
v 0.000344249944 -0.00169527507 0.0196328424
v -0 -0.00200764276 0.0198937971
v -0 -0.00199953467 0.0197006855
v 0.000796085049 -0.000784474309 0.0179158151
v 0.000888529117 -0.00061198324 0.0182755273
v 0.000825580559 -0.00075225858 0.0185290407
v 0.000719598436 -0.00102108798 0.0182092059
v 0.000825580559 -0.00075225858 0.0185290407
v 0.000803119678 -0.000605963403 0.0189285688
v 0.000716043112 -0.00125125446 0.0187146533
v 0.000732396613 -0.00116429746 0.0186137166
v 0.00035183056 -0.00161811651 0.0194250587
v 0.000702054065 -0.00141352962 0.0196237508
v 0.000618708553 -0.00153422041 0.0197697636
v 0.000344249944 -0.00169527507 0.0196328424
v 0.000578592066 -0.00143753109 0.0190173592
v 0.000643386971 -0.00125539268 0.0190382134
v 0.000693532813 -0.00107787398 0.0189590752
v 0.000667635235 -0.00129439484 0.019088719
v 0.000289184594 -0.0016930151 0.0189739596
v 0.000106855972 -0.00173079188 0.0188680198
v 0.000118530603 -0.00172595284 0.0185327623
v 0.000126589774 -0.00169870385 0.0188073721
v 0.000106855972 -0.00173079188 0.0188680198
v 0.000289184594 -0.0016930151 0.0189739596
v 0.000184556266 -0.00173397909 0.0190283414
v 8.69259093E-05 -0.00175235479 0.0189346578
v 0.000434525573 -0.00177746709 0.0174363554
v 0.000428195577 -0.00180037285 0.0172563139
v 0.000356305449 -0.00173114589 0.0172500331
v 0.000362430816 -0.00170881487 0.017426081
v 0.00108300324 -0.000476384565 0.0180704128
v 0.00104219979 -0.000536514039 0.0182426088
v 0.000954016112 -0.000490052393 0.0182314068
v 0.000992486719 -0.000434010028 0.018061718
v 0.000188929247 -0.00176921836 0.0187673569
v 0.000648094225 -0.00148335972 0.0189590063
v 0.000578592066 -0.00143753109 0.0190173592
v 0.000126589774 -0.00169870385 0.0188073721
v 0.000788345991 -0.00110288314 0.0189272631
v 0.000804566371 -0.00104439119 0.0188787058
v 0.000709135318 -0.00101761415 0.0188509766
v 0.000693532813 -0.00107787398 0.0189590752
v 0.00109496422 -0.000336934667 0.0193190612
v 0.000954502786 -0.00108081813 0.0195882451
v 0.000855338527 -0.00104459096 0.0195932109
v 0.00100010389 -0.000317306723 0.0193452965
v 0.000718220137 -0.0012878062 0.018980341
v 0.000788345991 -0.00110288314 0.0189272631
v 0.000693532813 -0.00107787398 0.0189590752
v 0.000643386971 -0.00125539268 0.0190382134
v 0.000409065251 -0.00182491937 0.0184607618
v 0.000444892125 -0.00175457203 0.0182546452
v 0.000378442288 -0.0016801625 0.0182640199
v 0.000346517103 -0.00174891064 0.0184786581
v 0.000166131402 -0.00181565201 0.0185224097
v 0.000188929247 -0.00176921836 0.0187673569
v 0.000126589774 -0.00169870385 0.0188073721
v 0.000118530603 -0.00172595284 0.0185327623
v 0.000441089942 -0.00173850893 0.0178792849
v 0.000434108748 -0.0017740872 0.0174782481
v 0.000360844657 -0.00170587492 0.0174717978
v 0.000369716377 -0.00166843215 0.0178818889
v 0.000648094225 -0.00148335972 0.0189590063
v 0.000718220137 -0.0012878062 0.018980341
v 0.000643386971 -0.00125539268 0.0190382134
v 0.000578592066 -0.00143753109 0.0190173592
v 0.0010252943 -0.000712043839 0.0178324226
v 0.00112597027 -0.000377510441 0.0179532953
v 0.00103366189 -0.000341436971 0.0179399587
v 0.000933650997 -0.000667589891 0.0178159159
v 0.000484395627 -0.00181334221 0.0198198762
v -0 -0.00208056951 0.0198717788
v -0 -0.00200764276 0.0198937971
v 0.000432140136 -0.0017347039 0.0198546387
v 0.00061885186 -0.00168774708 0.0185802281
v 0.000409065251 -0.00182491937 0.0184607618
v 0.000346517103 -0.00174891064 0.0184786581
v 0.000540432462 -0.001625565 0.0186016392
v 0.000434108748 -0.0017740872 0.0174782481
v 0.000434525573 -0.00177746709 0.0174363554
v 0.000362430816 -0.00170881487 0.017426081
v 0.000360844657 -0.00170587492 0.0174717978
v 0.000703419559 -0.00152264209 0.0186001174
v 0.00061885186 -0.00168774708 0.0185802281
v 0.000540432462 -0.001625565 0.0186016392
v 0.000612762175 -0.00148367858 0.0186168198
v 0.000993954716 -0.000541083864 0.0184894335
v 0.000961567217 -0.000282977242 0.0189415906
v 0.000859904569 -0.000266480929 0.018951498
v 0.000899161911 -0.000509072212 0.0184723176
v 0.00072751689 -0.00147468562 0.0174200274
v 0.000812341867 -0.00117976242 0.0175986905
v 0.000721366552 -0.00113850005 0.0175854508
v 0.000643097097 -0.00141930871 0.0174072068
v 0.000444892125 -0.00175457203 0.0182546452
v 0.000441089942 -0.00173850893 0.0178792849
v 0.000369716377 -0.00166843215 0.0178818889
v 0.000378442288 -0.0016801625 0.0182640199
v 0.000812931859 -0.00128349988 0.0187338106
v 0.000703419559 -0.00152264209 0.0186001174
v 0.000612762175 -0.00148367858 0.0186168198
v 0.000716043112 -0.00125125446 0.0187146533
v 0.00104219979 -0.000536514039 0.0182426088
v 0.000993954716 -0.000541083864 0.0184894335
v 0.000899161911 -0.000509072212 0.0184723176
v 0.000954016112 -0.000490052393 0.0182314068
v 0.000804566371 -0.00104439119 0.0188787058
v 0.000812931859 -0.00128349988 0.0187338106
v 0.000716043112 -0.00125125446 0.0187146533
v 0.000709135318 -0.00101761415 0.0188509766
v 0.00112597027 -0.000377510441 0.0179532953
v 0.00108300324 -0.000476384565 0.0180704128
v 0.000992486719 -0.000434010028 0.018061718
v 0.00103366189 -0.000341436971 0.0179399587
v 0.000961567217 -0.000282977242 0.0189415906
v 0.00109496422 -0.000336934667 0.0193190612
v 0.00100010389 -0.000317306723 0.0193452965
v 0.000859904569 -0.000266480929 0.018951498
v 0.000812341867 -0.00117976242 0.0175986905
v 0.0010252943 -0.000712043839 0.0178324226
v 0.000933650997 -0.000667589891 0.0178159159
v 0.000721366552 -0.00113850005 0.0175854508
v -0 -0.00186861341 0.0183134023
v 0.000166131402 -0.00181565201 0.0185224097
v 0.000118530603 -0.00172595284 0.0185327623
v -0 -0.00177490292 0.01831601
v 0.000428195577 -0.00180037285 0.0172563139
v 0.00072751689 -0.00147468562 0.0174200274
v 0.000643097097 -0.00141930871 0.0174072068
v 0.000356305449 -0.00173114589 0.0172500331
v 0.000703922473 -0.00159707025 0.0197607055
v 0.000484395627 -0.00181334221 0.0198198762
v 0.000432140136 -0.0017347039 0.0198546387
v 0.000618708553 -0.00153422041 0.0197697636
v 0.000954502786 -0.00108081813 0.0195882451
v 0.000703922473 -0.00159707025 0.0197607055
v 0.000618708553 -0.00153422041 0.0197697636
v 0.000855338527 -0.00104459096 0.0195932109
v -0.000816367276 -0.000729813532 0.0189455263
v -0.000828770164 -0.000742532429 0.0190538969
v -0.000858857471 -0.000677123666 0.0191368163
v -0.00082891382 -0.000646417495 0.018875191
v -0.000889003451 -0.000571902841 0.019145716
v -0.000859059917 -0.00054119667 0.0188840907
v -0.000901549764 -0.000488506863 0.0190753806
v -0.000889146584 -0.000475787965 0.0189670101
v 0.000858857471 -0.000677123666 0.0191368163
v 0.000828770164 -0.000742532429 0.0190538969
v 0.000816367276 -0.000729813532 0.0189455263
v 0.00082891382 -0.000646417495 0.018875191
v 0.000889003451 -0.000571902841 0.019145716
v 0.000859059917 -0.00054119667 0.0188840907
v 0.000901549764 -0.000488506863 0.0190753806
v 0.000889146584 -0.000475787965 0.0189670101
v -0.00094041496 -0.000676980359 0.0188588444
v -0.000816367276 -0.000729813532 0.0189455263
v -0.00082891382 -0.000646417495 0.018875191
v -0.000927868299 -0.000760376337 0.0189291779
v -0.000828770164 -0.000742532429 0.0190538969
v -0.000970560824 -0.000571759534 0.0188677423
v -0.000859059917 -0.00054119667 0.0188840907
v -0.00094027142 -0.000773095351 0.0190375466
v -0.000858857471 -0.000677123666 0.0191368163
v -0.00100064802 -0.000506350771 0.0189506635
v -0.000889146584 -0.000475787965 0.0189670101
v -0.000970358378 -0.000707686588 0.0191204678
v -0.000889003451 -0.000571902841 0.019145716
v -0.00101305102 -0.000519069727 0.0190590322
v -0.000901549764 -0.000488506863 0.0190753806
v -0.00100050482 -0.000602465763 0.0191293675
v -0.000997406314 -0.000607411494 0.0189166609
v -0.000979860895 -0.000668651308 0.0189114809
v -0.000972558744 -0.000717188756 0.0189524163
v -0.00101491739 -0.000569342752 0.0189649221
v -0.00102213607 -0.000576745311 0.0190279931
v -0.00101483392 -0.000625282875 0.0190689303
v -0.000997288502 -0.000686522631 0.0190637503
v -0.000979777542 -0.000724591373 0.0190154891
v 0.00094041496 -0.000676980359 0.0188588444
v 0.00082891382 -0.000646417495 0.018875191
v 0.000816367276 -0.000729813532 0.0189455263
v 0.000927868299 -0.000760376337 0.0189291779
v 0.000828770164 -0.000742532429 0.0190538969
v 0.000970560824 -0.000571759534 0.0188677423
v 0.000859059917 -0.00054119667 0.0188840907
v 0.00094027142 -0.000773095351 0.0190375466
v 0.000858857471 -0.000677123666 0.0191368163
v 0.00100064802 -0.000506350771 0.0189506635
v 0.000889146584 -0.000475787965 0.0189670101
v 0.000970358378 -0.000707686588 0.0191204678
v 0.000889003451 -0.000571902841 0.019145716
v 0.00101305102 -0.000519069727 0.0190590322
v 0.000901549764 -0.000488506863 0.0190753806
v 0.00100050482 -0.000602465763 0.0191293675
v 0.000997406314 -0.000607411494 0.0189166609
v 0.000979860895 -0.000668651308 0.0189114809
v 0.000972558744 -0.000717188756 0.0189524163
v 0.00101491739 -0.000569342752 0.0189649221
v 0.00102213607 -0.000576745311 0.0190279931
v 0.00101483392 -0.000625282875 0.0190689303
v 0.000997288502 -0.000686522631 0.0190637503
v 0.000979777542 -0.000724591373 0.0190154891
vt 0.0834960938 0.0659179688
vt 0.0910644531 0.073425293
vt 0.0910644531 0.0659179688
vt 0.0834960938 0.0659179688
vt 0.0910644531 0.073425293
vt 0.0910644531 0.0659179688
vt 0.0834960938 0.0659179688
vt 0.0910644531 0.073425293
vt 0.0910644531 0.0659179688
vt 0.0834960938 0.0659179688
vt 0.0910644531 0.073425293
vt 0.0910644531 0.0659179688
vt 0.0834960938 0.0659179688
vt 0.0910644531 0.073425293
vt 0.0910644531 0.0659179688
vt 0.0834960938 0.0659179688
vt 0.0910644531 0.073425293
vt 0.0910644531 0.0659179688
vt 0.0834960938 0.0659179688
vt 0.0910644531 0.073425293
vt 0.0910644531 0.0659179688
vt 0.0834960938 0.0659179688
vt 0.0910644531 0.073425293
vt 0.0910644531 0.0659179688
vt 0.0834960938 0.0659179688
vt 0.0910644531 0.073425293
vt 0.0910644531 0.0659179688
vt 0.0834960938 0.0659179688
vt 0.0910644531 0.073425293
vt 0.0910644531 0.0659179688
vt 0.0834960938 0.0659179688
vt 0.0910644531 0.073425293
vt 0.0910644531 0.0659179688
vt 0.0332336426 0.0458374023
vt 0.00541687012 0.0180053711
vt 0.00541687012 0.0458374023
vt 0.0332336426 0.0458374023
vt 0.00541687012 0.0180053711
vt 0.00541687012 0.0458374023
vt 0.0332336426 0.0458374023
vt 0.00541687012 0.0180053711
vt 0.00541687012 0.0458374023
vt 0.0332336426 0.0458374023
vt 0.00541687012 0.0180053711
vt 0.00541687012 0.0458374023
vt 0.0332336426 0.0458374023
vt 0.00541687012 0.0180053711
vt 0.00541687012 0.0458374023
vt 0.0332336426 0.0458374023
vt 0.00541687012 0.0180053711
vt 0.00541687012 0.0458374023
vt 0.0332336426 0.0458374023
vt 0.00541687012 0.0180053711
vt 0.00541687012 0.0458374023
vt 0.0332336426 0.0458374023
vt 0.00541687012 0.0180053711
vt 0.00541687012 0.0458374023
vt 0.0332336426 0.0458374023
vt 0.00541687012 0.0180053711
vt 0.00541687012 0.0458374023
vt 0.0332336426 0.0458374023
vt 0.00541687012 0.0180053711
vt 0.00541687012 0.0458374023
vt 0.0332336426 0.0458374023
vt 0.00541687012 0.0180053711
vt 0.00541687012 0.0458374023
vt 0.0332336426 0.0458374023
vt 0.00541687012 0.0180053711
vt 0.00541687012 0.0458374023
vt 0.0332336426 0.0458374023
vt 0.00541687012 0.0180053711
vt 0.00541687012 0.0458374023
vt 0.0332336426 0.0458374023
vt 0.00541687012 0.0180053711
vt 0.00541687012 0.0458374023
vt 0.0332336426 0.0458374023
vt 0.00541687012 0.0180053711
vt 0.00541687012 0.0458374023
vt 0.0332336426 0.0458374023
vt 0.00541687012 0.0180053711
vt 0.00541687012 0.0458374023
vt 0.0332336426 0.0458374023
vt 0.00541687012 0.0180053711
vt 0.00541687012 0.0458374023
vt 0.0332336426 0.0458374023
vt 0.00541687012 0.0180053711
vt 0.00541687012 0.0458374023
vt 0.0332336426 0.0458374023
vt 0.00541687012 0.0180053711
vt 0.00541687012 0.0458374023
vt 0.0332336426 0.0458374023
vt 0.00541687012 0.0180053711
vt 0.00541687012 0.0458374023
vt 0.0332336426 0.0458374023
vt 0.00541687012 0.0180053711
vt 0.00541687012 0.0458374023
vt 0.0332336426 0.0458374023
vt 0.00541687012 0.0180053711
vt 0.00541687012 0.0458374023
vt 0.0332336426 0.0458374023
vt 0.00541687012 0.0180053711
vt 0.00541687012 0.0458374023
vt 0.0332336426 0.0458374023
vt 0.00541687012 0.0180053711
vt 0.00541687012 0.0458374023
vt 0.0332336426 0.0458374023
vt 0.00541687012 0.0180053711
vt 0.00541687012 0.0458374023
vt 0.0332336426 0.0458374023
vt 0.00541687012 0.0180053711
vt 0.00541687012 0.0458374023
vt 0.0332336426 0.0458374023
vt 0.00541687012 0.0180053711
vt 0.00541687012 0.0458374023
vt 0.0332336426 0.0458374023
vt 0.00541687012 0.0180053711
vt 0.00541687012 0.0458374023
vt 0.0332336426 0.0458374023
vt 0.00541687012 0.0180053711
vt 0.00541687012 0.0458374023
vt 0.0332336426 0.0458374023
vt 0.00541687012 0.0180053711
vt 0.00541687012 0.0458374023
vt 0.0332336426 0.0458374023
vt 0.00541687012 0.0180053711
vt 0.00541687012 0.0458374023
vt 0.0332336426 0.0458374023
vt 0.00541687012 0.0180053711
vt 0.00541687012 0.0458374023
vt 0.0332336426 0.0458374023
vt 0.00541687012 0.0180053711
vt 0.00541687012 0.0458374023
vt 0.0332336426 0.0458374023
vt 0.00541687012 0.0180053711
vt 0.00541687012 0.0458374023
vt 0.0332336426 0.0458374023
vt 0.00541687012 0.0180053711
vt 0.00541687012 0.0458374023
vt 0.0332336426 0.0458374023
vt 0.00541687012 0.0180053711
vt 0.00541687012 0.0458374023
vt 0.0332336426 0.0458374023
vt 0.00541687012 0.0180053711
vt 0.00541687012 0.0458374023
vt 0.0332336426 0.0458374023
vt 0.00541687012 0.0180053711
vt 0.00541687012 0.0458374023
vt 0.0332336426 0.0458374023
vt 0.00541687012 0.0180053711
vt 0.00541687012 0.0458374023
vt 0.0332336426 0.0458374023
vt 0.00541687012 0.0180053711
vt 0.00541687012 0.0458374023
vt 0.0332336426 0.0458374023
vt 0.00541687012 0.0180053711
vt 0.00541687012 0.0458374023
vt 0.0332336426 0.0458374023
vt 0.00541687012 0.0180053711
vt 0.00541687012 0.0458374023
vt 0.0332336426 0.0458374023
vt 0.00541687012 0.0180053711
vt 0.00541687012 0.0458374023
vt 0.0332336426 0.0458374023
vt 0.00541687012 0.0180053711
vt 0.00541687012 0.0458374023
vt 0.0332336426 0.0458374023
vt 0.00541687012 0.0180053711
vt 0.00541687012 0.0458374023
vt 0.0332336426 0.0458374023
vt 0.00541687012 0.0180053711
vt 0.00541687012 0.0458374023
vt 0.0332336426 0.0458374023
vt 0.00541687012 0.0180053711
vt 0.00541687012 0.0458374023
vt 0.0332336426 0.0458374023
vt 0.00541687012 0.0180053711
vt 0.00541687012 0.0458374023
vt 0.0332336426 0.0458374023
vt 0.00541687012 0.0180053711
vt 0.00541687012 0.0458374023
vt 0.0332336426 0.0458374023
vt 0.00541687012 0.0180053711
vt 0.00541687012 0.0458374023
vt 0.0332336426 0.0458374023
vt 0.00541687012 0.0180053711
vt 0.00541687012 0.0458374023
vt 0.0834960938 0.0659179688
vt 0.0910644531 0.0659179688
vt 0.0910644531 0.073425293
vt 0.0834960938 0.0659179688
vt 0.0910644531 0.0659179688
vt 0.0910644531 0.073425293
vt 0.0834960938 0.0659179688
vt 0.0910644531 0.0659179688
vt 0.0910644531 0.073425293
vt 0.0834960938 0.0659179688
vt 0.0910644531 0.0659179688
vt 0.0910644531 0.073425293
vt 0.0834960938 0.0659179688
vt 0.0910644531 0.0659179688
vt 0.0910644531 0.073425293
vt 0.0834960938 0.0659179688
vt 0.0910644531 0.0659179688
vt 0.0910644531 0.073425293
vt 0.0834960938 0.0659179688
vt 0.0910644531 0.0659179688
vt 0.0910644531 0.073425293
vt 0.0834960938 0.0659179688
vt 0.0910644531 0.0659179688
vt 0.0910644531 0.073425293
vt 0.0834960938 0.0659179688
vt 0.0910644531 0.0659179688
vt 0.0910644531 0.073425293
vt 0.0834960938 0.0659179688
vt 0.0910644531 0.0659179688
vt 0.0910644531 0.073425293
vt 0.0834960938 0.0659179688
vt 0.0910644531 0.0659179688
vt 0.0910644531 0.073425293
vt 0.0332336426 0.0458374023
vt 0.00541687012 0.0458374023
vt 0.00541687012 0.0180053711
vt 0.0332336426 0.0458374023
vt 0.00541687012 0.0458374023
vt 0.00541687012 0.0180053711
vt 0.0332336426 0.0458374023
vt 0.00541687012 0.0458374023
vt 0.00541687012 0.0180053711
vt 0.0332336426 0.0458374023
vt 0.00541687012 0.0458374023
vt 0.00541687012 0.0180053711
vt 0.0332336426 0.0458374023
vt 0.00541687012 0.0458374023
vt 0.00541687012 0.0180053711
vt 0.0332336426 0.0458374023
vt 0.00541687012 0.0458374023
vt 0.00541687012 0.0180053711
vt 0.0332336426 0.0458374023
vt 0.00541687012 0.0458374023
vt 0.00541687012 0.0180053711
vt 0.0332336426 0.0458374023
vt 0.00541687012 0.0458374023
vt 0.00541687012 0.0180053711
vt 0.0332336426 0.0458374023
vt 0.00541687012 0.0458374023
vt 0.00541687012 0.0180053711
vt 0.0332336426 0.0458374023
vt 0.00541687012 0.0458374023
vt 0.00541687012 0.0180053711
vt 0.0332336426 0.0458374023
vt 0.00541687012 0.0458374023
vt 0.00541687012 0.0180053711
vt 0.0332336426 0.0458374023
vt 0.00541687012 0.0458374023
vt 0.00541687012 0.0180053711
vt 0.0332336426 0.0458374023
vt 0.00541687012 0.0458374023
vt 0.00541687012 0.0180053711
vt 0.0332336426 0.0458374023
vt 0.00541687012 0.0458374023
vt 0.00541687012 0.0180053711
vt 0.0332336426 0.0458374023
vt 0.00541687012 0.0458374023
vt 0.00541687012 0.0180053711
vt 0.0332336426 0.0458374023
vt 0.00541687012 0.0458374023
vt 0.00541687012 0.0180053711
vt 0.0332336426 0.0458374023
vt 0.00541687012 0.0458374023
vt 0.00541687012 0.0180053711
vt 0.0332336426 0.0458374023
vt 0.00541687012 0.0458374023
vt 0.00541687012 0.0180053711
vt 0.0332336426 0.0458374023
vt 0.00541687012 0.0458374023
vt 0.00541687012 0.0180053711
vt 0.0332336426 0.0458374023
vt 0.00541687012 0.0458374023
vt 0.00541687012 0.0180053711
vt 0.0332336426 0.0458374023
vt 0.00541687012 0.0458374023
vt 0.00541687012 0.0180053711
vt 0.0332336426 0.0458374023
vt 0.00541687012 0.0458374023
vt 0.00541687012 0.0180053711
vt 0.0332336426 0.0458374023
vt 0.00541687012 0.0458374023
vt 0.00541687012 0.0180053711
vt 0.0332336426 0.0458374023
vt 0.00541687012 0.0458374023
vt 0.00541687012 0.0180053711
vt 0.0332336426 0.0458374023
vt 0.00541687012 0.0458374023
vt 0.00541687012 0.0180053711
vt 0.0332336426 0.0458374023
vt 0.00541687012 0.0458374023
vt 0.00541687012 0.0180053711
vt 0.0332336426 0.0458374023
vt 0.00541687012 0.0458374023
vt 0.00541687012 0.0180053711
vt 0.0332336426 0.0458374023
vt 0.00541687012 0.0458374023
vt 0.00541687012 0.0180053711
vt 0.0332336426 0.0458374023
vt 0.00541687012 0.0458374023
vt 0.00541687012 0.0180053711
vt 0.0332336426 0.0458374023
vt 0.00541687012 0.0458374023
vt 0.00541687012 0.0180053711
vt 0.0332336426 0.0458374023
vt 0.00541687012 0.0458374023
vt 0.00541687012 0.0180053711
vt 0.0332336426 0.0458374023
vt 0.00541687012 0.0458374023
vt 0.00541687012 0.0180053711
vt 0.0332336426 0.0458374023
vt 0.00541687012 0.0458374023
vt 0.00541687012 0.0180053711
vt 0.0332336426 0.0458374023
vt 0.00541687012 0.0458374023
vt 0.00541687012 0.0180053711
vt 0.0332336426 0.0458374023
vt 0.00541687012 0.0458374023
vt 0.00541687012 0.0180053711
vt 0.0332336426 0.0458374023
vt 0.00541687012 0.0458374023
vt 0.00541687012 0.0180053711
vt 0.0332336426 0.0458374023
vt 0.00541687012 0.0458374023
vt 0.00541687012 0.0180053711
vt 0.0332336426 0.0458374023
vt 0.00541687012 0.0458374023
vt 0.00541687012 0.0180053711
vt 0.0332336426 0.0458374023
vt 0.00541687012 0.0458374023
vt 0.00541687012 0.0180053711
vt 0.0332336426 0.0458374023
vt 0.00541687012 0.0458374023
vt 0.00541687012 0.0180053711
vt 0.0332336426 0.0458374023
vt 0.00541687012 0.0458374023
vt 0.00541687012 0.0180053711
vt 0.0332336426 0.0458374023
vt 0.00541687012 0.0458374023
vt 0.00541687012 0.0180053711
vt 0.0332336426 0.0458374023
vt 0.00541687012 0.0458374023
vt 0.00541687012 0.0180053711
vt 0.0332336426 0.0458374023
vt 0.00541687012 0.0458374023
vt 0.00541687012 0.0180053711
vt 0.0332336426 0.0458374023
vt 0.00541687012 0.0458374023
vt 0.00541687012 0.0180053711
vt 0.0332336426 0.0458374023
vt 0.00541687012 0.0458374023
vt 0.00541687012 0.0180053711
vt 0.0332336426 0.0458374023
vt 0.00541687012 0.0458374023
vt 0.00541687012 0.0180053711
vt 0.0332336426 0.0458374023
vt 0.00541687012 0.0458374023
vt 0.00541687012 0.0180053711
vt 0.0332336426 0.0458374023
vt 0.00541687012 0.0458374023
vt 0.00541687012 0.0180053711
vt 0.0332336426 0.0458374023
vt 0.00541687012 0.0458374023
vt 0.00541687012 0.0180053711
vt 0.0332336426 0.0458374023
vt 0.00541687012 0.0458374023
vt 0.00541687012 0.0180053711
vt 0.0834960938 0.0659179688
vt 0.0834960938 0.073425293
vt 0.0910644531 0.073425293
vt 0.0910644531 0.0659179688
vt 0.0834960938 0.0659179688
vt 0.0834960938 0.073425293
vt 0.0910644531 0.073425293
vt 0.0910644531 0.0659179688
vt 0.0834960938 0.0659179688
vt 0.0834960938 0.073425293
vt 0.0910644531 0.073425293
vt 0.0910644531 0.0659179688
vt 0.0834960938 0.0659179688
vt 0.0834960938 0.073425293
vt 0.0910644531 0.073425293
vt 0.0910644531 0.0659179688
vt 0.0834960938 0.0659179688
vt 0.0834960938 0.073425293
vt 0.0910644531 0.073425293
vt 0.0910644531 0.0659179688
vt 0.0834960938 0.0659179688
vt 0.0834960938 0.073425293
vt 0.0910644531 0.073425293
vt 0.0910644531 0.0659179688
vt 0.0834960938 0.0659179688
vt 0.0834960938 0.073425293
vt 0.0910644531 0.073425293
vt 0.0910644531 0.0659179688
vt 0.0834960938 0.0659179688
vt 0.0834960938 0.073425293
vt 0.0910644531 0.073425293
vt 0.0910644531 0.0659179688
vt 0.0834960938 0.0659179688
vt 0.0834960938 0.073425293
vt 0.0910644531 0.073425293
vt 0.0910644531 0.0659179688
vt 0.0834960938 0.0659179688
vt 0.0834960938 0.073425293
vt 0.0910644531 0.073425293
vt 0.0910644531 0.0659179688
vt 0.0834960938 0.0659179688
vt 0.0834960938 0.073425293
vt 0.0910644531 0.073425293
vt 0.0910644531 0.0659179688
vt 0.0834960938 0.0659179688
vt 0.0834960938 0.073425293
vt 0.0910644531 0.073425293
vt 0.0910644531 0.0659179688
vt 0.0834960938 0.0659179688
vt 0.0834960938 0.073425293
vt 0.0910644531 0.073425293
vt 0.0910644531 0.0659179688
vt 0.0834960938 0.0659179688
vt 0.0834960938 0.073425293
vt 0.0910644531 0.073425293
vt 0.0910644531 0.0659179688
vt 0.0834960938 0.0659179688
vt 0.0834960938 0.073425293
vt 0.0910644531 0.073425293
vt 0.0910644531 0.0659179688
vt 0.0834960938 0.0659179688
vt 0.0834960938 0.073425293
vt 0.0910644531 0.073425293
vt 0.0910644531 0.0659179688
vt 0.0834960938 0.0659179688
vt 0.0834960938 0.073425293
vt 0.0910644531 0.073425293
vt 0.0910644531 0.0659179688
vt 0.0834960938 0.0659179688
vt 0.0834960938 0.073425293
vt 0.0910644531 0.073425293
vt 0.0910644531 0.0659179688
vt 0.0834960938 0.0659179688
vt 0.0834960938 0.073425293
vt 0.0910644531 0.073425293
vt 0.0910644531 0.0659179688
vt 0.0834960938 0.0659179688
vt 0.0834960938 0.073425293
vt 0.0910644531 0.073425293
vt 0.0910644531 0.0659179688
vt 0.0834960938 0.0659179688
vt 0.0834960938 0.073425293
vt 0.0910644531 0.073425293
vt 0.0910644531 0.0659179688
vt 0.0834960938 0.0659179688
vt 0.0834960938 0.073425293
vt 0.0910644531 0.073425293
vt 0.0910644531 0.0659179688
vt 0.0834960938 0.0659179688
vt 0.0834960938 0.073425293
vt 0.0910644531 0.073425293
vt 0.0910644531 0.0659179688
vt 0.0834960938 0.0659179688
vt 0.0834960938 0.073425293
vt 0.0910644531 0.073425293
vt 0.0910644531 0.0659179688
vt 0.0834960938 0.0659179688
vt 0.0834960938 0.073425293
vt 0.0910644531 0.073425293
vt 0.0910644531 0.0659179688
vt 0.0834960938 0.0659179688
vt 0.0834960938 0.073425293
vt 0.0910644531 0.073425293
vt 0.0910644531 0.0659179688
vt 0.0834960938 0.0659179688
vt 0.0834960938 0.073425293
vt 0.0910644531 0.073425293
vt 0.0910644531 0.0659179688
vt 0.0834960938 0.0659179688
vt 0.0834960938 0.073425293
vt 0.0910644531 0.073425293
vt 0.0910644531 0.0659179688
vt 0.0834960938 0.0659179688
vt 0.0834960938 0.073425293
vt 0.0910644531 0.073425293
vt 0.0910644531 0.0659179688
vt 0.0834960938 0.0659179688
vt 0.0834960938 0.073425293
vt 0.0910644531 0.073425293
vt 0.0910644531 0.0659179688
vt 0.0834960938 0.0659179688
vt 0.0834960938 0.073425293
vt 0.0910644531 0.073425293
vt 0.0910644531 0.0659179688
vt 0.0834960938 0.0659179688
vt 0.0834960938 0.073425293
vt 0.0910644531 0.073425293
vt 0.0910644531 0.0659179688
vt 0.0834960938 0.0659179688
vt 0.0834960938 0.073425293
vt 0.0910644531 0.073425293
vt 0.0910644531 0.0659179688
vt 0.0834960938 0.0659179688
vt 0.0834960938 0.073425293
vt 0.0910644531 0.073425293
vt 0.0910644531 0.0659179688
vt 0.0834960938 0.0659179688
vt 0.0834960938 0.073425293
vt 0.0910644531 0.073425293
vt 0.0910644531 0.0659179688
vt 0.0834960938 0.0659179688
vt 0.0834960938 0.073425293
vt 0.0910644531 0.073425293
vt 0.0910644531 0.0659179688
vt 0.0834960938 0.0659179688
vt 0.0834960938 0.073425293
vt 0.0910644531 0.073425293
vt 0.0910644531 0.0659179688
vt 0.0834960938 0.0659179688
vt 0.0834960938 0.073425293
vt 0.0910644531 0.073425293
vt 0.0910644531 0.0659179688
vt 0.0834960938 0.0659179688
vt 0.0834960938 0.073425293
vt 0.0910644531 0.073425293
vt 0.0910644531 0.0659179688
vt 0.0834960938 0.0659179688
vt 0.0834960938 0.073425293
vt 0.0910644531 0.073425293
vt 0.0910644531 0.0659179688
vt 0.0834960938 0.0659179688
vt 0.0834960938 0.073425293
vt 0.0910644531 0.073425293
vt 0.0910644531 0.0659179688
vt 0.0834960938 0.0659179688
vt 0.0834960938 0.073425293
vt 0.0910644531 0.073425293
vt 0.0910644531 0.0659179688
vt 0.0834960938 0.0659179688
vt 0.0834960938 0.073425293
vt 0.0910644531 0.073425293
vt 0.0910644531 0.0659179688
vt 0.0834960938 0.0659179688
vt 0.0834960938 0.073425293
vt 0.0910644531 0.073425293
vt 0.0910644531 0.0659179688
vt 0.0834960938 0.0659179688
vt 0.0834960938 0.073425293
vt 0.0910644531 0.073425293
vt 0.0910644531 0.0659179688
vt 0.0834960938 0.0659179688
vt 0.0834960938 0.073425293
vt 0.0910644531 0.073425293
vt 0.0910644531 0.0659179688
vt 0.0834960938 0.0659179688
vt 0.0834960938 0.073425293
vt 0.0910644531 0.073425293
vt 0.0910644531 0.0659179688
vt 0.0834960938 0.0659179688
vt 0.0834960938 0.073425293
vt 0.0910644531 0.073425293
vt 0.0910644531 0.0659179688
vt 0.0834960938 0.0659179688
vt 0.0834960938 0.073425293
vt 0.0910644531 0.073425293
vt 0.0910644531 0.0659179688
vt 0.0834960938 0.0659179688
vt 0.0834960938 0.073425293
vt 0.0910644531 0.073425293
vt 0.0910644531 0.0659179688
vt 0.0834960938 0.0659179688
vt 0.0834960938 0.073425293
vt 0.0910644531 0.073425293
vt 0.0910644531 0.0659179688
vt 0.269287109 0.416015625
vt 0.248779297 0.389160156
vt 0.240234375 0.379638672
vt 0.226806641 0.421630859
vt 0.284667969 0.457275391
vt 0.173095703 0.399169922
vt 0.245361328 0.462646484
vt 0.297851562 0.470947266
vt 0.196655273 0.428710938
vt 0.141235352 0.415039062
vt 0.159545898 0.446044922
vt 0.208984375 0.470214844
vt 0.169311523 0.485595703
vt 0.247314453 0.477294922
vt 0.211303711 0.486328125
vt 0.176269531 0.506835938
vt 0.214111328 0.501953125
vt 0.184814453 0.528808594
vt 0.249267578 0.491699219
vt 0.282714844 0.488037109
vt 0.229492188 0.533691406
vt 0.206420898 0.557617188
vt 0.258544922 0.521972656
vt 0.260498047 0.567871094
vt 0.240478516 0.584960938
vt 0.284667969 0.599609375
vt 0.319091797 0.487060547
vt 0.301513672 0.471191406
vt 0.327636719 0.479736328
vt 0.286865234 0.518554688
vt 0.273681641 0.554199219
vt 0.288085938 0.592773438
vt 0.307861328 0.604003906
vt 0.294677734 0.584472656
vt 0.293457031 0.550292969
vt 0.302001953 0.58203125
vt 0.317626953 0.520019531
vt 0.310058594 0.58203125
vt 0.313720703 0.55078125
vt 0.317626953 0.583984375
vt 0.333496094 0.555175781
vt 0.347900391 0.526367188
vt 0.324462891 0.587890625
vt 0.329345703 0.597167969
vt 0.331054688 0.604492188
vt 0.351318359 0.563476562
vt 0.365722656 0.576171875
vt 0.375976562 0.598144531
vt 0.357910156 0.494873047
vt 0.374755859 0.536621094
vt 0.399169922 0.553222656
vt 0.416748047 0.581054688
vt 0.372314453 0.474121094
vt 0.323730469 0.447265625
vt 0.365722656 0.442382812
vt 0.384521484 0.515625
vt 0.407470703 0.486572266
vt 0.418212891 0.543457031
vt 0.44140625 0.566894531
vt 0.430908203 0.494140625
vt 0.474853516 0.524902344
vt 0.0834960938 0.0659179688
vt 0.0834960938 0.073425293
vt 0.0910644531 0.073425293
vt 0.0910644531 0.0659179688
vt 0.0834960938 0.0659179688
vt 0.0834960938 0.073425293
vt 0.0910644531 0.073425293
vt 0.0910644531 0.0659179688
vt 0.0834960938 0.0659179688
vt 0.0834960938 0.073425293
vt 0.0910644531 0.073425293
vt 0.0910644531 0.0659179688
vt 0.0834960938 0.0659179688
vt 0.0834960938 0.073425293
vt 0.0910644531 0.073425293
vt 0.0910644531 0.0659179688
vt 0.0834960938 0.0659179688
vt 0.0834960938 0.073425293
vt 0.0910644531 0.073425293
vt 0.0910644531 0.0659179688
vt 0.0834960938 0.0659179688
vt 0.0834960938 0.073425293
vt 0.0910644531 0.073425293
vt 0.0910644531 0.0659179688
vt 0.0834960938 0.0659179688
vt 0.0834960938 0.073425293
vt 0.0910644531 0.073425293
vt 0.0910644531 0.0659179688
vt 0.0834960938 0.0659179688
vt 0.0834960938 0.073425293
vt 0.0910644531 0.073425293
vt 0.0910644531 0.0659179688
vt 0.0834960938 0.0659179688
vt 0.0834960938 0.073425293
vt 0.0910644531 0.073425293
vt 0.0910644531 0.0659179688
vt 0.635253906 0.258544922
vt 0.669433594 0.260986328
vt 0.671386719 0.246337891
vt 0.636230469 0.276855469
vt 0.668945312 0.264160156
vt 0.666015625 0.296386719
vt 0.610839844 0.2734375
vt 0.637695312 0.303466797
vt 0.666992188 0.326660156
vt 0.606933594 0.286132812
vt 0.568847656 0.290771484
vt 0.653320312 0.339355469
vt 0.673828125 0.343505859
vt 0.653808594 0.354492188
vt 0.638671875 0.355957031
vt 0.600585938 0.322753906
vt 0.609863281 0.355957031
vt 0.6171875 0.366455078
vt 0.58203125 0.301025391
vt 0.575195312 0.349121094
vt 0.562988281 0.382080078
vt 0.598144531 0.378662109
vt 0.603027344 0.3828125
vt 0.559082031 0.314453125
vt 0.540527344 0.300292969
vt 0.548828125 0.310058594
vt 0.554199219 0.32421875
vt 0.563476562 0.328613281
vt 0.555175781 0.344726562
vt 0.564453125 0.346191406
vt 0.534179688 0.381591797
vt 0.53515625 0.414550781
vt 0.584960938 0.409179688
vt 0.596679688 0.438720703
vt 0.592773438 0.402587891
vt 0.601074219 0.432128906
vt 0.601074219 0.395263672
vt 0.630371094 0.440429688
vt 0.642089844 0.453369141
vt 0.664550781 0.421142578
vt 0.627441406 0.417236328
vt 0.621582031 0.394287109
vt 0.636230469 0.384765625
vt 0.619628906 0.385986328
vt 0.638671875 0.392578125
vt 0.658203125 0.387451172
vt 0.669433594 0.383056641
vt 0.677246094 0.365234375
vt 0.6796875 0.344238281
vt 0.680175781 0.387939453
vt 0.68359375 0.372314453
vt 0.691894531 0.325439453
vt 0.687011719 0.377929688
vt 0.702636719 0.409667969
vt 0.712402344 0.440185547
vt 0.714355469 0.456298828
vt 0.670410156 0.4375
vt 0.66796875 0.45703125
vt 0.0834960938 0.0659179688
vt 0.0834960938 0.073425293
vt 0.0910644531 0.073425293
vt 0.0910644531 0.0659179688
vt 0.0834960938 0.0659179688
vt 0.0834960938 0.073425293
vt 0.0910644531 0.073425293
vt 0.0910644531 0.0659179688
vt 0.0834960938 0.0659179688
vt 0.0834960938 0.073425293
vt 0.0910644531 0.073425293
vt 0.0910644531 0.0659179688
vt 0.0834960938 0.0659179688
vt 0.0834960938 0.073425293
vt 0.0910644531 0.073425293
vt 0.0910644531 0.0659179688
vt 0.0834960938 0.0659179688
vt 0.0834960938 0.073425293
vt 0.0910644531 0.073425293
vt 0.0910644531 0.0659179688
vt 0.0834960938 0.0659179688
vt 0.0834960938 0.073425293
vt 0.0910644531 0.073425293
vt 0.0910644531 0.0659179688
vt 0.0332336426 0.0458374023
vt 0.0332336426 0.0180053711
vt 0.00541687012 0.0180053711
vt 0.00541687012 0.0458374023
vt 0.0332336426 0.0458374023
vt 0.0332336426 0.0180053711
vt 0.00541687012 0.0180053711
vt 0.00541687012 0.0458374023
vt 0.0332336426 0.0458374023
vt 0.0332336426 0.0180053711
vt 0.00541687012 0.0180053711
vt 0.00541687012 0.0458374023
vt 0.0332336426 0.0458374023
vt 0.0332336426 0.0180053711
vt 0.00541687012 0.0180053711
vt 0.00541687012 0.0458374023
vt 0.0332336426 0.0458374023
vt 0.0332336426 0.0180053711
vt 0.00541687012 0.0180053711
vt 0.00541687012 0.0458374023
vt 0.0332336426 0.0458374023
vt 0.0332336426 0.0180053711
vt 0.00541687012 0.0180053711
vt 0.00541687012 0.0458374023
vt 0.0332336426 0.0458374023
vt 0.0332336426 0.0180053711
vt 0.00541687012 0.0180053711
vt 0.00541687012 0.0458374023
vt 0.0332336426 0.0458374023
vt 0.0332336426 0.0180053711
vt 0.00541687012 0.0180053711
vt 0.00541687012 0.0458374023
vt 0.0332336426 0.0458374023
vt 0.0332336426 0.0180053711
vt 0.00541687012 0.0180053711
vt 0.00541687012 0.0458374023
vt 0.0332336426 0.0458374023
vt 0.0332336426 0.0180053711
vt 0.00541687012 0.0180053711
vt 0.00541687012 0.0458374023
vt 0.0332336426 0.0458374023
vt 0.0332336426 0.0180053711
vt 0.00541687012 0.0180053711
vt 0.00541687012 0.0458374023
vt 0.0332336426 0.0458374023
vt 0.0332336426 0.0180053711
vt 0.00541687012 0.0180053711
vt 0.00541687012 0.0458374023
vt 0.0332336426 0.0458374023
vt 0.0332336426 0.0180053711
vt 0.00541687012 0.0180053711
vt 0.00541687012 0.0458374023
vt 0.0332336426 0.0458374023
vt 0.0332336426 0.0180053711
vt 0.00541687012 0.0180053711
vt 0.00541687012 0.0458374023
vt 0.0332336426 0.0458374023
vt 0.0332336426 0.0180053711
vt 0.00541687012 0.0180053711
vt 0.00541687012 0.0458374023
vt 0.0332336426 0.0458374023
vt 0.0332336426 0.0180053711
vt 0.00541687012 0.0180053711
vt 0.00541687012 0.0458374023
vt 0.0332336426 0.0458374023
vt 0.0332336426 0.0180053711
vt 0.00541687012 0.0180053711
vt 0.00541687012 0.0458374023
vt 0.0332336426 0.0458374023
vt 0.0332336426 0.0180053711
vt 0.00541687012 0.0180053711
vt 0.00541687012 0.0458374023
vt 0.0332336426 0.0458374023
vt 0.0332336426 0.0180053711
vt 0.00541687012 0.0180053711
vt 0.00541687012 0.0458374023
vt 0.0332336426 0.0458374023
vt 0.0332336426 0.0180053711
vt 0.00541687012 0.0180053711
vt 0.00541687012 0.0458374023
vt 0.0332336426 0.0458374023
vt 0.0332336426 0.0180053711
vt 0.00541687012 0.0180053711
vt 0.00541687012 0.0458374023
vt 0.0332336426 0.0458374023
vt 0.0332336426 0.0180053711
vt 0.00541687012 0.0180053711
vt 0.00541687012 0.0458374023
vt 0.0332336426 0.0458374023
vt 0.0332336426 0.0180053711
vt 0.00541687012 0.0180053711
vt 0.00541687012 0.0458374023
vt 0.0332336426 0.0458374023
vt 0.0332336426 0.0180053711
vt 0.00541687012 0.0180053711
vt 0.00541687012 0.0458374023
vt 0.0332336426 0.0458374023
vt 0.0332336426 0.0180053711
vt 0.00541687012 0.0180053711
vt 0.00541687012 0.0458374023
vt 0.0332336426 0.0458374023
vt 0.0332336426 0.0180053711
vt 0.00541687012 0.0180053711
vt 0.00541687012 0.0458374023
vt 0.0332336426 0.0458374023
vt 0.0332336426 0.0180053711
vt 0.00541687012 0.0180053711
vt 0.00541687012 0.0458374023
vt 0.0332336426 0.0458374023
vt 0.0332336426 0.0180053711
vt 0.00541687012 0.0180053711
vt 0.00541687012 0.0458374023
vt 0.0332336426 0.0458374023
vt 0.0332336426 0.0180053711
vt 0.00541687012 0.0180053711
vt 0.00541687012 0.0458374023
vt 0.0332336426 0.0458374023
vt 0.0332336426 0.0180053711
vt 0.00541687012 0.0180053711
vt 0.00541687012 0.0458374023
vt 0.0332336426 0.0458374023
vt 0.0332336426 0.0180053711
vt 0.00541687012 0.0180053711
vt 0.00541687012 0.0458374023
vt 0.0332336426 0.0458374023
vt 0.0332336426 0.0180053711
vt 0.00541687012 0.0180053711
vt 0.00541687012 0.0458374023
vt 0.0332336426 0.0458374023
vt 0.0332336426 0.0180053711
vt 0.00541687012 0.0180053711
vt 0.00541687012 0.0458374023
vt 0.0332336426 0.0458374023
vt 0.0332336426 0.0180053711
vt 0.00541687012 0.0180053711
vt 0.00541687012 0.0458374023
vt 0.0332336426 0.0458374023
vt 0.0332336426 0.0180053711
vt 0.00541687012 0.0180053711
vt 0.00541687012 0.0458374023
vt 0.0332336426 0.0458374023
vt 0.0332336426 0.0180053711
vt 0.00541687012 0.0180053711
vt 0.00541687012 0.0458374023
vt 0.0332336426 0.0458374023
vt 0.0332336426 0.0180053711
vt 0.00541687012 0.0180053711
vt 0.00541687012 0.0458374023
vt 0.0332336426 0.0458374023
vt 0.0332336426 0.0180053711
vt 0.00541687012 0.0180053711
vt 0.00541687012 0.0458374023
vt 0.0332336426 0.0458374023
vt 0.0332336426 0.0180053711
vt 0.00541687012 0.0180053711
vt 0.00541687012 0.0458374023
vt 0.0332336426 0.0458374023
vt 0.0332336426 0.0180053711
vt 0.00541687012 0.0180053711
vt 0.00541687012 0.0458374023
vt 0.0332336426 0.0458374023
vt 0.0332336426 0.0180053711
vt 0.00541687012 0.0180053711
vt 0.00541687012 0.0458374023
vt 0.0332336426 0.0458374023
vt 0.0332336426 0.0180053711
vt 0.00541687012 0.0180053711
vt 0.00541687012 0.0458374023
vt 0.0332336426 0.0458374023
vt 0.0332336426 0.0180053711
vt 0.00541687012 0.0180053711
vt 0.00541687012 0.0458374023
vt 0.0332336426 0.0458374023
vt 0.0332336426 0.0180053711
vt 0.00541687012 0.0180053711
vt 0.00541687012 0.0458374023
vt 0.0332336426 0.0458374023
vt 0.0332336426 0.0180053711
vt 0.00541687012 0.0180053711
vt 0.00541687012 0.0458374023
vt 0.0332336426 0.0458374023
vt 0.0332336426 0.0180053711
vt 0.00541687012 0.0180053711
vt 0.00541687012 0.0458374023
vt 0.0332336426 0.0458374023
vt 0.0332336426 0.0180053711
vt 0.00541687012 0.0180053711
vt 0.00541687012 0.0458374023
vt 0.0834960938 0.0659179688
vt 0.0910644531 0.0659179688
vt 0.0910644531 0.073425293
vt 0.0834960938 0.073425293
vt 0.0834960938 0.0659179688
vt 0.0910644531 0.0659179688
vt 0.0910644531 0.073425293
vt 0.0834960938 0.073425293
vt 0.0834960938 0.0659179688
vt 0.0910644531 0.0659179688
vt 0.0910644531 0.073425293
vt 0.0834960938 0.073425293
vt 0.0834960938 0.0659179688
vt 0.0910644531 0.0659179688
vt 0.0910644531 0.073425293
vt 0.0834960938 0.073425293
vt 0.0834960938 0.0659179688
vt 0.0910644531 0.0659179688
vt 0.0910644531 0.073425293
vt 0.0834960938 0.073425293
vt 0.0834960938 0.0659179688
vt 0.0910644531 0.0659179688
vt 0.0910644531 0.073425293
vt 0.0834960938 0.073425293
vt 0.0834960938 0.0659179688
vt 0.0910644531 0.0659179688
vt 0.0910644531 0.073425293
vt 0.0834960938 0.073425293
vt 0.0834960938 0.0659179688
vt 0.0910644531 0.0659179688
vt 0.0910644531 0.073425293
vt 0.0834960938 0.073425293
vt 0.0834960938 0.0659179688
vt 0.0910644531 0.0659179688
vt 0.0910644531 0.073425293
vt 0.0834960938 0.073425293
vt 0.0834960938 0.0659179688
vt 0.0910644531 0.0659179688
vt 0.0910644531 0.073425293
vt 0.0834960938 0.073425293
vt 0.0834960938 0.0659179688
vt 0.0910644531 0.0659179688
vt 0.0910644531 0.073425293
vt 0.0834960938 0.073425293
vt 0.0834960938 0.0659179688
vt 0.0910644531 0.0659179688
vt 0.0910644531 0.073425293
vt 0.0834960938 0.073425293
vt 0.0834960938 0.0659179688
vt 0.0910644531 0.0659179688
vt 0.0910644531 0.073425293
vt 0.0834960938 0.073425293
vt 0.0834960938 0.0659179688
vt 0.0910644531 0.0659179688
vt 0.0910644531 0.073425293
vt 0.0834960938 0.073425293
vt 0.0834960938 0.0659179688
vt 0.0910644531 0.0659179688
vt 0.0910644531 0.073425293
vt 0.0834960938 0.073425293
vt 0.0834960938 0.0659179688
vt 0.0910644531 0.0659179688
vt 0.0910644531 0.073425293
vt 0.0834960938 0.073425293
vt 0.0834960938 0.0659179688
vt 0.0910644531 0.0659179688
vt 0.0910644531 0.073425293
vt 0.0834960938 0.073425293
vt 0.0834960938 0.0659179688
vt 0.0910644531 0.0659179688
vt 0.0910644531 0.073425293
vt 0.0834960938 0.073425293
vt 0.0834960938 0.0659179688
vt 0.0910644531 0.0659179688
vt 0.0910644531 0.073425293
vt 0.0834960938 0.073425293
vt 0.0834960938 0.0659179688
vt 0.0910644531 0.0659179688
vt 0.0910644531 0.073425293
vt 0.0834960938 0.073425293
vt 0.0834960938 0.0659179688
vt 0.0910644531 0.0659179688
vt 0.0910644531 0.073425293
vt 0.0834960938 0.073425293
vt 0.0834960938 0.0659179688
vt 0.0910644531 0.0659179688
vt 0.0910644531 0.073425293
vt 0.0834960938 0.073425293
vt 0.0834960938 0.0659179688
vt 0.0910644531 0.0659179688
vt 0.0910644531 0.073425293
vt 0.0834960938 0.073425293
vt 0.0834960938 0.0659179688
vt 0.0910644531 0.0659179688
vt 0.0910644531 0.073425293
vt 0.0834960938 0.073425293
vt 0.0834960938 0.0659179688
vt 0.0910644531 0.0659179688
vt 0.0910644531 0.073425293
vt 0.0834960938 0.073425293
vt 0.0834960938 0.0659179688
vt 0.0910644531 0.0659179688
vt 0.0910644531 0.073425293
vt 0.0834960938 0.073425293
vt 0.0834960938 0.0659179688
vt 0.0910644531 0.0659179688
vt 0.0910644531 0.073425293
vt 0.0834960938 0.073425293
vt 0.0834960938 0.0659179688
vt 0.0910644531 0.0659179688
vt 0.0910644531 0.073425293
vt 0.0834960938 0.073425293
vt 0.0834960938 0.0659179688
vt 0.0910644531 0.0659179688
vt 0.0910644531 0.073425293
vt 0.0834960938 0.073425293
vt 0.0834960938 0.0659179688
vt 0.0910644531 0.0659179688
vt 0.0910644531 0.073425293
vt 0.0834960938 0.073425293
vt 0.0834960938 0.0659179688
vt 0.0910644531 0.0659179688
vt 0.0910644531 0.073425293
vt 0.0834960938 0.073425293
vt 0.0834960938 0.0659179688
vt 0.0910644531 0.0659179688
vt 0.0910644531 0.073425293
vt 0.0834960938 0.073425293
vt 0.0834960938 0.0659179688
vt 0.0910644531 0.0659179688
vt 0.0910644531 0.073425293
vt 0.0834960938 0.073425293
vt 0.0834960938 0.0659179688
vt 0.0910644531 0.0659179688
vt 0.0910644531 0.073425293
vt 0.0834960938 0.073425293
vt 0.0834960938 0.0659179688
vt 0.0910644531 0.0659179688
vt 0.0910644531 0.073425293
vt 0.0834960938 0.073425293
vt 0.0834960938 0.0659179688
vt 0.0910644531 0.0659179688
vt 0.0910644531 0.073425293
vt 0.0834960938 0.073425293
vt 0.0834960938 0.0659179688
vt 0.0910644531 0.0659179688
vt 0.0910644531 0.073425293
vt 0.0834960938 0.073425293
vt 0.0834960938 0.0659179688
vt 0.0910644531 0.0659179688
vt 0.0910644531 0.073425293
vt 0.0834960938 0.073425293
vt 0.0834960938 0.0659179688
vt 0.0910644531 0.0659179688
vt 0.0910644531 0.073425293
vt 0.0834960938 0.073425293
vt 0.0834960938 0.0659179688
vt 0.0910644531 0.0659179688
vt 0.0910644531 0.073425293
vt 0.0834960938 0.073425293
vt 0.0834960938 0.0659179688
vt 0.0910644531 0.0659179688
vt 0.0910644531 0.073425293
vt 0.0834960938 0.073425293
vt 0.269287109 0.416015625
vt 0.240234375 0.379638672
vt 0.248779297 0.389160156
vt 0.226806641 0.421630859
vt 0.284667969 0.457275391
vt 0.173095703 0.399169922
vt 0.245361328 0.462646484
vt 0.297851562 0.470947266
vt 0.196655273 0.428710938
vt 0.141235352 0.415039062
vt 0.159545898 0.446044922
vt 0.208984375 0.470214844
vt 0.169311523 0.485595703
vt 0.247314453 0.477294922
vt 0.211303711 0.486328125
vt 0.176269531 0.506835938
vt 0.214111328 0.501953125
vt 0.184814453 0.528808594
vt 0.249267578 0.491699219
vt 0.282714844 0.488037109
vt 0.229492188 0.533691406
vt 0.206420898 0.557617188
vt 0.258544922 0.521972656
vt 0.260498047 0.567871094
vt 0.240478516 0.584960938
vt 0.284667969 0.599609375
vt 0.319091797 0.487060547
vt 0.301513672 0.471191406
vt 0.327636719 0.479736328
vt 0.286865234 0.518554688
vt 0.273681641 0.554199219
vt 0.288085938 0.592773438
vt 0.307861328 0.604003906
vt 0.294677734 0.584472656
vt 0.293457031 0.550292969
vt 0.302001953 0.58203125
vt 0.317626953 0.520019531
vt 0.310058594 0.58203125
vt 0.313720703 0.55078125
vt 0.317626953 0.583984375
vt 0.333496094 0.555175781
vt 0.347900391 0.526367188
vt 0.324462891 0.587890625
vt 0.329345703 0.597167969
vt 0.331054688 0.604492188
vt 0.351318359 0.563476562
vt 0.365722656 0.576171875
vt 0.375976562 0.598144531
vt 0.357910156 0.494873047
vt 0.374755859 0.536621094
vt 0.399169922 0.553222656
vt 0.416748047 0.581054688
vt 0.372314453 0.474121094
vt 0.323730469 0.447265625
vt 0.365722656 0.442382812
vt 0.384521484 0.515625
vt 0.407470703 0.486572266
vt 0.418212891 0.543457031
vt 0.44140625 0.566894531
vt 0.430908203 0.494140625
vt 0.474853516 0.524902344
vt 0.0834960938 0.0659179688
vt 0.0910644531 0.0659179688
vt 0.0910644531 0.073425293
vt 0.0834960938 0.073425293
vt 0.0834960938 0.0659179688
vt 0.0910644531 0.0659179688
vt 0.0910644531 0.073425293
vt 0.0834960938 0.073425293
vt 0.0834960938 0.0659179688
vt 0.0910644531 0.0659179688
vt 0.0910644531 0.073425293
vt 0.0834960938 0.073425293
vt 0.0834960938 0.0659179688
vt 0.0910644531 0.0659179688
vt 0.0910644531 0.073425293
vt 0.0834960938 0.073425293
vt 0.0834960938 0.0659179688
vt 0.0910644531 0.0659179688
vt 0.0910644531 0.073425293
vt 0.0834960938 0.073425293
vt 0.0834960938 0.0659179688
vt 0.0910644531 0.0659179688
vt 0.0910644531 0.073425293
vt 0.0834960938 0.073425293
vt 0.0834960938 0.0659179688
vt 0.0910644531 0.0659179688
vt 0.0910644531 0.073425293
vt 0.0834960938 0.073425293
vt 0.0834960938 0.0659179688
vt 0.0910644531 0.0659179688
vt 0.0910644531 0.073425293
vt 0.0834960938 0.073425293
vt 0.635253906 0.258544922
vt 0.671386719 0.246337891
vt 0.669433594 0.260986328
vt 0.636230469 0.276855469
vt 0.668945312 0.264160156
vt 0.666015625 0.296386719
vt 0.610839844 0.2734375
vt 0.637695312 0.303466797
vt 0.666992188 0.326660156
vt 0.606933594 0.286132812
vt 0.568847656 0.290771484
vt 0.653320312 0.339355469
vt 0.673828125 0.343505859
vt 0.653808594 0.354492188
vt 0.638671875 0.355957031
vt 0.600585938 0.322753906
vt 0.609863281 0.355957031
vt 0.6171875 0.366455078
vt 0.58203125 0.301025391
vt 0.575195312 0.349121094
vt 0.562988281 0.382080078
vt 0.598144531 0.378662109
vt 0.603027344 0.3828125
vt 0.559082031 0.314453125
vt 0.540527344 0.300292969
vt 0.548828125 0.310058594
vt 0.554199219 0.32421875
vt 0.563476562 0.328613281
vt 0.555175781 0.344726562
vt 0.564453125 0.346191406
vt 0.534179688 0.381591797
vt 0.53515625 0.414550781
vt 0.584960938 0.409179688
vt 0.596679688 0.438720703
vt 0.592773438 0.402587891
vt 0.601074219 0.432128906
vt 0.601074219 0.395263672
vt 0.630371094 0.440429688
vt 0.642089844 0.453369141
vt 0.664550781 0.421142578
vt 0.627441406 0.417236328
vt 0.621582031 0.394287109
vt 0.636230469 0.384765625
vt 0.619628906 0.385986328
vt 0.638671875 0.392578125
vt 0.658203125 0.387451172
vt 0.669433594 0.383056641
vt 0.677246094 0.365234375
vt 0.6796875 0.344238281
vt 0.680175781 0.387939453
vt 0.68359375 0.372314453
vt 0.691894531 0.325439453
vt 0.687011719 0.377929688
vt 0.702636719 0.409667969
vt 0.712402344 0.440185547
vt 0.714355469 0.456298828
vt 0.670410156 0.4375
vt 0.66796875 0.45703125
vt 0.0834960938 0.0659179688
vt 0.0910644531 0.0659179688
vt 0.0910644531 0.073425293
vt 0.0834960938 0.073425293
vt 0.0834960938 0.0659179688
vt 0.0910644531 0.0659179688
vt 0.0910644531 0.073425293
vt 0.0834960938 0.073425293
vt 0.0834960938 0.0659179688
vt 0.0910644531 0.0659179688
vt 0.0910644531 0.073425293
vt 0.0834960938 0.073425293
vt 0.0834960938 0.0659179688
vt 0.0910644531 0.0659179688
vt 0.0910644531 0.073425293
vt 0.0834960938 0.073425293
vt 0.0834960938 0.0659179688
vt 0.0910644531 0.0659179688
vt 0.0910644531 0.073425293
vt 0.0834960938 0.073425293
vt 0.0834960938 0.0659179688
vt 0.0910644531 0.0659179688
vt 0.0910644531 0.073425293
vt 0.0834960938 0.073425293
vt 0.0332336426 0.0458374023
vt 0.00541687012 0.0458374023
vt 0.00541687012 0.0180053711
vt 0.0332336426 0.0180053711
vt 0.0332336426 0.0458374023
vt 0.00541687012 0.0458374023
vt 0.00541687012 0.0180053711
vt 0.0332336426 0.0180053711
vt 0.0332336426 0.0458374023
vt 0.00541687012 0.0458374023
vt 0.00541687012 0.0180053711
vt 0.0332336426 0.0180053711
vt 0.0332336426 0.0458374023
vt 0.00541687012 0.0458374023
vt 0.00541687012 0.0180053711
vt 0.0332336426 0.0180053711
vt 0.0332336426 0.0458374023
vt 0.00541687012 0.0458374023
vt 0.00541687012 0.0180053711
vt 0.0332336426 0.0180053711
vt 0.0332336426 0.0458374023
vt 0.00541687012 0.0458374023
vt 0.00541687012 0.0180053711
vt 0.0332336426 0.0180053711
vt 0.0332336426 0.0458374023
vt 0.00541687012 0.0458374023
vt 0.00541687012 0.0180053711
vt 0.0332336426 0.0180053711
vt 0.0332336426 0.0458374023
vt 0.00541687012 0.0458374023
vt 0.00541687012 0.0180053711
vt 0.0332336426 0.0180053711
vt 0.0332336426 0.0458374023
vt 0.00541687012 0.0458374023
vt 0.00541687012 0.0180053711
vt 0.0332336426 0.0180053711
vt 0.0332336426 0.0458374023
vt 0.00541687012 0.0458374023
vt 0.00541687012 0.0180053711
vt 0.0332336426 0.0180053711
vt 0.0332336426 0.0458374023
vt 0.00541687012 0.0458374023
vt 0.00541687012 0.0180053711
vt 0.0332336426 0.0180053711
vt 0.0332336426 0.0458374023
vt 0.00541687012 0.0458374023
vt 0.00541687012 0.0180053711
vt 0.0332336426 0.0180053711
vt 0.0332336426 0.0458374023
vt 0.00541687012 0.0458374023
vt 0.00541687012 0.0180053711
vt 0.0332336426 0.0180053711
vt 0.0332336426 0.0458374023
vt 0.00541687012 0.0458374023
vt 0.00541687012 0.0180053711
vt 0.0332336426 0.0180053711
vt 0.0332336426 0.0458374023
vt 0.00541687012 0.0458374023
vt 0.00541687012 0.0180053711
vt 0.0332336426 0.0180053711
vt 0.0332336426 0.0458374023
vt 0.00541687012 0.0458374023
vt 0.00541687012 0.0180053711
vt 0.0332336426 0.0180053711
vt 0.0332336426 0.0458374023
vt 0.00541687012 0.0458374023
vt 0.00541687012 0.0180053711
vt 0.0332336426 0.0180053711
vt 0.0332336426 0.0458374023
vt 0.00541687012 0.0458374023
vt 0.00541687012 0.0180053711
vt 0.0332336426 0.0180053711
vt 0.0332336426 0.0458374023
vt 0.00541687012 0.0458374023
vt 0.00541687012 0.0180053711
vt 0.0332336426 0.0180053711
vt 0.0332336426 0.0458374023
vt 0.00541687012 0.0458374023
vt 0.00541687012 0.0180053711
vt 0.0332336426 0.0180053711
vt 0.0332336426 0.0458374023
vt 0.00541687012 0.0458374023
vt 0.00541687012 0.0180053711
vt 0.0332336426 0.0180053711
vt 0.0332336426 0.0458374023
vt 0.00541687012 0.0458374023
vt 0.00541687012 0.0180053711
vt 0.0332336426 0.0180053711
vt 0.0332336426 0.0458374023
vt 0.00541687012 0.0458374023
vt 0.00541687012 0.0180053711
vt 0.0332336426 0.0180053711
vt 0.0332336426 0.0458374023
vt 0.00541687012 0.0458374023
vt 0.00541687012 0.0180053711
vt 0.0332336426 0.0180053711
vt 0.0332336426 0.0458374023
vt 0.00541687012 0.0458374023
vt 0.00541687012 0.0180053711
vt 0.0332336426 0.0180053711
vt 0.0332336426 0.0458374023
vt 0.00541687012 0.0458374023
vt 0.00541687012 0.0180053711
vt 0.0332336426 0.0180053711
vt 0.0332336426 0.0458374023
vt 0.00541687012 0.0458374023
vt 0.00541687012 0.0180053711
vt 0.0332336426 0.0180053711
vt 0.0332336426 0.0458374023
vt 0.00541687012 0.0458374023
vt 0.00541687012 0.0180053711
vt 0.0332336426 0.0180053711
vt 0.0332336426 0.0458374023
vt 0.00541687012 0.0458374023
vt 0.00541687012 0.0180053711
vt 0.0332336426 0.0180053711
vt 0.0332336426 0.0458374023
vt 0.00541687012 0.0458374023
vt 0.00541687012 0.0180053711
vt 0.0332336426 0.0180053711
vt 0.0332336426 0.0458374023
vt 0.00541687012 0.0458374023
vt 0.00541687012 0.0180053711
vt 0.0332336426 0.0180053711
vt 0.0332336426 0.0458374023
vt 0.00541687012 0.0458374023
vt 0.00541687012 0.0180053711
vt 0.0332336426 0.0180053711
vt 0.0332336426 0.0458374023
vt 0.00541687012 0.0458374023
vt 0.00541687012 0.0180053711
vt 0.0332336426 0.0180053711
vt 0.0332336426 0.0458374023
vt 0.00541687012 0.0458374023
vt 0.00541687012 0.0180053711
vt 0.0332336426 0.0180053711
vt 0.0332336426 0.0458374023
vt 0.00541687012 0.0458374023
vt 0.00541687012 0.0180053711
vt 0.0332336426 0.0180053711
vt 0.0332336426 0.0458374023
vt 0.00541687012 0.0458374023
vt 0.00541687012 0.0180053711
vt 0.0332336426 0.0180053711
vt 0.0332336426 0.0458374023
vt 0.00541687012 0.0458374023
vt 0.00541687012 0.0180053711
vt 0.0332336426 0.0180053711
vt 0.0332336426 0.0458374023
vt 0.00541687012 0.0458374023
vt 0.00541687012 0.0180053711
vt 0.0332336426 0.0180053711
vt 0.0332336426 0.0458374023
vt 0.00541687012 0.0458374023
vt 0.00541687012 0.0180053711
vt 0.0332336426 0.0180053711
vt 0.0332336426 0.0458374023
vt 0.00541687012 0.0458374023
vt 0.00541687012 0.0180053711
vt 0.0332336426 0.0180053711
vt 0.0332336426 0.0458374023
vt 0.00541687012 0.0458374023
vt 0.00541687012 0.0180053711
vt 0.0332336426 0.0180053711
vt 0.0332336426 0.0458374023
vt 0.00541687012 0.0458374023
vt 0.00541687012 0.0180053711
vt 0.0332336426 0.0180053711
vt 0.0332336426 0.0458374023
vt 0.00541687012 0.0458374023
vt 0.00541687012 0.0180053711
vt 0.0332336426 0.0180053711
vt 0.0332336426 0.0458374023
vt 0.00541687012 0.0458374023
vt 0.00541687012 0.0180053711
vt 0.0332336426 0.0180053711
vt 0 0
vt 0 0
vt 0 0
vt 0 0
vt 0 0
vt 0 0
vt 0 0
vt 0 0
vt 0 0
vt 0 0
vt 0 0
vt 0 0
vt 0 0
vt 0 0
vt 0 0
vt 0 0
vt 0 0
vt 0 0
vt 0 0
vt 0 0
vt 0 0
vt 0 0
vt 0 0
vt 0 0
vt 0 0
vt 0 0
vt 0 0
vt 0 0
vt 0 0
vt 0 0
vt 0 0
vt 0 0
vt 0 0
vt 0 0
vt 0 0
vt 0 0
vt 0 0
vt 0 0
vt 0 0
vt 0 0
vt 0 0
vt 0 0
vt 0 0
vt 0 0
vt 0 0
vt 0 0
vt 0 0
vt 0 0
vt 0 0
vt 0 0
vt 0 0
vt 0 0
vt 0 0
vt 0 0
vt 0 0
vt 0 0
vt 0 0
vt 0 0
vt 0 0
vt 0 0
vt 0 0
vt 0 0
vt 0 0
vt 0 0
vn -0 -0.0758056641 -0.997070312
vn 0.100036621 0.162353516 -0.981445312
vn 8.34465027E-07 0.188598633 -0.981933594
vn -0 -0.0758056641 -0.997070312
vn 0.227050781 0.115966797 -0.966796875
vn 0.100036621 0.162353516 -0.981445312
vn -0 -0.0758056641 -0.997070312
vn 0.291748047 0.017578125 -0.956542969
vn 0.227050781 0.115966797 -0.966796875
vn 0.999511719 -0.0205993652 0.0269927979
vn 0.996582031 0.0821533203 -0.0190124512
vn 0.987304688 -0.152587891 -0.0491638184
vn -0 -0.0758056641 -0.997070312
vn 0.310058594 -0.071105957 -0.948242188
vn 0.291748047 0.017578125 -0.956542969
vn -0 -0.0758056641 -0.997070312
vn 0.291015625 -0.160766602 -0.943359375
vn 0.310058594 -0.071105957 -0.948242188
vn -0 -0.0758056641 -0.997070312
vn 0.225952148 -0.260498047 -0.938476562
vn 0.291015625 -0.160766602 -0.943359375
vn -0 -0.0758056641 -0.997070312
vn 0.099609375 -0.308837891 -0.945800781
vn 0.225952148 -0.260498047 -0.938476562
vn -0 -0.0758056641 -0.997070312
vn -1.13248825E-06 -0.334960938 -0.942382812
vn 0.099609375 -0.308837891 -0.945800781
vn 0.361328125 0.641113281 -0.677246094
vn -0.105834961 -0.104003906 -0.988769531
vn -0.0742797852 -0.0704956055 -0.994628906
vn 0.244750977 0.477783203 -0.84375
vn 0.361328125 0.641113281 -0.677246094
vn -0.0742797852 -0.0704956055 -0.994628906
vn 0.468017578 0.883300781 0.0218963623
vn 0.448974609 0.887695312 0.1015625
vn 0.55859375 0.819824219 0.126708984
vn 0.919921875 0.387695312 -0.0598449707
vn 0.803710938 0.577148438 -0.146240234
vn 0.845214844 0.53125 -0.059753418
vn 0.926269531 0.368164062 -0.0784301758
vn 0.868164062 0.443603516 -0.223510742
vn 0.810546875 0.51171875 -0.284667969
vn 0.775390625 0.615234375 0.142700195
vn 0.796875 0.564453125 0.214111328
vn 0.901367188 0.387451172 0.193969727
vn 0.86328125 0.416015625 0.286376953
vn 0.821289062 0.464599609 0.331542969
vn 0.831542969 0.534179688 0.152099609
vn 0.526855469 0.83203125 0.174438477
vn 0.616699219 0.777832031 0.119995117
vn 0.383789062 0.921875 0.0554504395
vn 0.904785156 0.357910156 0.230957031
vn 0.916503906 0.312988281 0.248291016
vn 0.975097656 0.208374023 0.0764770508
vn 0.803710938 0.577148438 -0.146240234
vn 0.71875 0.692382812 -0.0628662109
vn 0.720214844 0.686035156 -0.101623535
vn 0.383789062 0.921875 0.0554504395
vn 0.616699219 0.777832031 0.119995117
vn 0.630859375 0.73828125 0.237915039
vn 0.881835938 0.464111328 -0.0824584961
vn 0.87890625 0.470947266 -0.0773925781
vn 0.911132812 0.404541016 -0.0756835938
vn 0.90625 0.268310547 -0.326171875
vn 0.975097656 0.208374023 0.0764770508
vn 0.95703125 0.290283203 0.0113525391
vn 0.946777344 0.182861328 0.264892578
vn 0.904785156 0.357910156 0.230957031
vn 0.939453125 0.234985352 0.249755859
vn 0.939453125 0.234985352 0.249755859
vn 0.904785156 0.380615234 0.190551758
vn 0.946777344 0.182861328 0.264892578
vn 0.799316406 0.576660156 0.168212891
vn 0.735351562 0.42578125 0.526855469
vn 0.630859375 0.73828125 0.237915039
vn 0.863769531 0.503417969 -0.0162353516
vn 0.948242188 0.316894531 0.0255737305
vn 0.926269531 0.368164062 -0.0784301758
vn 0.643066406 0.757324219 0.115661621
vn 0.624023438 0.762207031 0.173339844
vn 0.775390625 0.615234375 0.142700195
vn 0.541992188 0.763671875 0.350585938
vn 0.591308594 0.765136719 0.254638672
vn 0.593261719 0.77734375 0.207885742
vn 0.916503906 0.312988281 0.248291016
vn 0.940429688 0.194702148 0.279296875
vn 0.975097656 0.208374023 0.0764770508
vn 0.863769531 0.503417969 -0.0162353516
vn 0.775390625 0.615234375 0.142700195
vn 0.948242188 0.316894531 0.0255737305
vn 0.828613281 0.543945312 0.133422852
vn 0.616699219 0.777832031 0.119995117
vn 0.831542969 0.534179688 0.152099609
vn 0.868164062 0.443603516 -0.223510742
vn 0.87890625 0.470947266 -0.0773925781
vn 0.810546875 0.51171875 -0.284667969
vn 0.86328125 0.416015625 0.286376953
vn 0.831542969 0.534179688 0.152099609
vn 0.666015625 0.7109375 0.226318359
vn 0.948242188 0.316894531 0.0255737305
vn 0.958984375 0.276367188 0.060333252
vn 0.982910156 0.176879883 -0.0498962402
vn 0.957519531 0.241088867 -0.158813477
vn 0.982910156 0.176879883 -0.0498962402
vn 0.975097656 0.208374023 0.0764770508
vn 0.957519531 0.241088867 -0.158813477
vn 0.975097656 0.208374023 0.0764770508
vn 0.897460938 0.415527344 -0.148193359
vn 0.775390625 0.615234375 0.142700195
vn 0.863769531 0.503417969 -0.0162353516
vn 0.643066406 0.757324219 0.115661621
vn 0.828613281 0.543945312 0.133422852
vn 0.831542969 0.534179688 0.152099609
vn 0.821289062 0.464599609 0.331542969
vn 0.383789062 0.921875 0.0554504395
vn 0.448974609 0.887695312 0.1015625
vn 0.526855469 0.83203125 0.174438477
vn 0.821289062 0.464599609 0.331542969
vn 0.916503906 0.312988281 0.248291016
vn 0.904785156 0.357910156 0.230957031
vn 0.904785156 0.357910156 0.230957031
vn 0.975097656 0.208374023 0.0764770508
vn 0.939453125 0.234985352 0.249755859
vn 0.541015625 0.818359375 0.192749023
vn 0.383789062 0.921875 0.0554504395
vn 0.630859375 0.73828125 0.237915039
vn 0.6171875 0.759765625 0.204467773
vn 0.616699219 0.777832031 0.119995117
vn 0.526855469 0.83203125 0.174438477
vn 0.541992188 0.763671875 0.350585938
vn 0.666015625 0.7109375 0.226318359
vn 0.591308594 0.765136719 0.254638672
vn 0.975097656 0.208374023 0.0764770508
vn 0.977539062 0.153686523 0.144897461
vn 0.897460938 0.415527344 -0.148193359
vn 0.881835938 0.464111328 -0.0824584961
vn 0.912597656 0.395019531 -0.105041504
vn 0.87890625 0.470947266 -0.0773925781
vn 0.904785156 0.380615234 0.190551758
vn 0.735351562 0.42578125 0.526855469
vn 0.799316406 0.576660156 0.168212891
vn 0.775390625 0.615234375 0.142700195
vn 0.624023438 0.762207031 0.173339844
vn 0.796875 0.564453125 0.214111328
vn 0.982910156 0.176879883 -0.0498962402
vn 0.957519531 0.241088867 -0.158813477
vn 0.911132812 0.404541016 -0.0756835938
vn 0.911132812 0.404541016 -0.0756835938
vn 0.87890625 0.470947266 -0.0773925781
vn 0.868164062 0.443603516 -0.223510742
vn 0.948242188 0.316894531 0.0255737305
vn 0.868164062 0.443603516 -0.223510742
vn 0.926269531 0.368164062 -0.0784301758
vn 0.828613281 0.543945312 0.133422852
vn 0.946777344 0.182861328 0.264892578
vn 0.904785156 0.380615234 0.190551758
vn 0.643066406 0.757324219 0.115661621
vn 0.863769531 0.503417969 -0.0162353516
vn 0.71875 0.694824219 0.0223999023
vn 0.799316406 0.576660156 0.168212891
vn 0.828613281 0.543945312 0.133422852
vn 0.904785156 0.380615234 0.190551758
vn 0.901367188 0.387451172 0.193969727
vn 0.95703125 0.290283203 0.0113525391
vn 0.958984375 0.276367188 0.060333252
vn 0.916503906 0.312988281 0.248291016
vn 0.821289062 0.464599609 0.331542969
vn 0.86328125 0.416015625 0.286376953
vn 0.86328125 0.416015625 0.286376953
vn 0.940429688 0.194702148 0.279296875
vn 0.916503906 0.312988281 0.248291016
vn 0.926269531 0.368164062 -0.0784301758
vn 0.810546875 0.51171875 -0.284667969
vn 0.919921875 0.387695312 -0.0598449707
vn 0.55859375 0.819824219 0.126708984
vn 0.395263672 0.918457031 0.00921630859
vn 0.468017578 0.883300781 0.0218963623
vn 0.526855469 0.83203125 0.174438477
vn 0.448974609 0.887695312 0.1015625
vn 0.468017578 0.883300781 0.0218963623
vn 0.940429688 0.194702148 0.279296875
vn 0.977539062 0.153686523 0.144897461
vn 0.975097656 0.208374023 0.0764770508
vn 0.90625 0.268310547 -0.326171875
vn 0.939453125 0.234985352 0.249755859
vn 0.975097656 0.208374023 0.0764770508
vn -0 -0.0758056641 -0.997070312
vn 8.34465027E-07 0.188598633 -0.981933594
vn -0.100036621 0.162353516 -0.981445312
vn -0 -0.0758056641 -0.997070312
vn -0.100036621 0.162353516 -0.981445312
vn -0.227050781 0.115966797 -0.966796875
vn -0 -0.0758056641 -0.997070312
vn -0.227050781 0.115966797 -0.966796875
vn -0.291748047 0.017578125 -0.956542969
vn -0.999511719 -0.0205993652 0.0269927979
vn -0.987304688 -0.152587891 -0.0491638184
vn -0.996582031 0.0821533203 -0.0190124512
vn -0 -0.0758056641 -0.997070312
vn -0.291748047 0.017578125 -0.956542969
vn -0.310058594 -0.071105957 -0.948242188
vn -0 -0.0758056641 -0.997070312
vn -0.310058594 -0.071105957 -0.948242188
vn -0.291015625 -0.160766602 -0.943359375
vn -0 -0.0758056641 -0.997070312
vn -0.291015625 -0.160766602 -0.943359375
vn -0.225952148 -0.260498047 -0.938476562
vn -0 -0.0758056641 -0.997070312
vn -0.225952148 -0.260498047 -0.938476562
vn -0.099609375 -0.308837891 -0.945800781
vn -0 -0.0758056641 -0.997070312
vn -0.099609375 -0.308837891 -0.945800781
vn -1.13248825E-06 -0.334960938 -0.942382812
vn -0.361328125 0.641113281 -0.677246094
vn 0.0742797852 -0.0704956055 -0.994628906
vn 0.105834961 -0.104003906 -0.988769531
vn -0.244750977 0.477783203 -0.84375
vn 0.0742797852 -0.0704956055 -0.994628906
vn -0.361328125 0.641113281 -0.677246094
vn -0.468017578 0.883300781 0.0218963623
vn -0.55859375 0.819824219 0.126708984
vn -0.448974609 0.887695312 0.1015625
vn -0.919921875 0.387695312 -0.0598449707
vn -0.845214844 0.53125 -0.059753418
vn -0.803710938 0.577148438 -0.146240234
vn -0.926269531 0.368164062 -0.0784301758
vn -0.810546875 0.51171875 -0.284667969
vn -0.868164062 0.443603516 -0.223510742
vn -0.775390625 0.615234375 0.142700195
vn -0.901367188 0.387451172 0.193969727
vn -0.796875 0.564453125 0.214111328
vn -0.86328125 0.416015625 0.286376953
vn -0.831542969 0.534179688 0.152099609
vn -0.821289062 0.464599609 0.331542969
vn -0.526855469 0.83203125 0.174438477
vn -0.383789062 0.921875 0.0554504395
vn -0.616699219 0.777832031 0.119995117
vn -0.904785156 0.357910156 0.230957031
vn -0.975097656 0.208374023 0.0764770508
vn -0.916503906 0.312988281 0.248291016
vn -0.803710938 0.577148438 -0.146240234
vn -0.720214844 0.686035156 -0.101623535
vn -0.71875 0.692382812 -0.0628662109
vn -0.383789062 0.921875 0.0554504395
vn -0.630859375 0.73828125 0.237915039
vn -0.616699219 0.777832031 0.119995117
vn -0.881835938 0.464111328 -0.0824584961
vn -0.911132812 0.404541016 -0.0756835938
vn -0.87890625 0.470947266 -0.0773925781
vn -0.90625 0.268310547 -0.326171875
vn -0.95703125 0.290283203 0.0113525391
vn -0.975097656 0.208374023 0.0764770508
vn -0.946777344 0.182861328 0.264892578
vn -0.939453125 0.234985352 0.249755859
vn -0.904785156 0.357910156 0.230957031
vn -0.939453125 0.234985352 0.249755859
vn -0.946777344 0.182861328 0.264892578
vn -0.904785156 0.380615234 0.190551758
vn -0.799316406 0.576660156 0.168212891
vn -0.630859375 0.73828125 0.237915039
vn -0.735351562 0.42578125 0.526855469
vn -0.863769531 0.503417969 -0.0162353516
vn -0.926269531 0.368164062 -0.0784301758
vn -0.948242188 0.316894531 0.0255737305
vn -0.643066406 0.757324219 0.115661621
vn -0.775390625 0.615234375 0.142700195
vn -0.624023438 0.762207031 0.173339844
vn -0.541992188 0.763671875 0.350585938
vn -0.593261719 0.77734375 0.207885742
vn -0.591308594 0.765136719 0.254638672
vn -0.916503906 0.312988281 0.248291016
vn -0.975097656 0.208374023 0.0764770508
vn -0.940429688 0.194702148 0.279296875
vn -0.863769531 0.503417969 -0.0162353516
vn -0.948242188 0.316894531 0.0255737305
vn -0.775390625 0.615234375 0.142700195
vn -0.828613281 0.543945312 0.133422852
vn -0.831542969 0.534179688 0.152099609
vn -0.616699219 0.777832031 0.119995117
vn -0.868164062 0.443603516 -0.223510742
vn -0.810546875 0.51171875 -0.284667969
vn -0.87890625 0.470947266 -0.0773925781
vn -0.86328125 0.416015625 0.286376953
vn -0.666015625 0.7109375 0.226318359
vn -0.831542969 0.534179688 0.152099609
vn -0.948242188 0.316894531 0.0255737305
vn -0.982910156 0.176879883 -0.0498962402
vn -0.958984375 0.276367188 0.060333252
vn -0.957519531 0.241088867 -0.158813477
vn -0.975097656 0.208374023 0.0764770508
vn -0.982910156 0.176879883 -0.0498962402
vn -0.957519531 0.241088867 -0.158813477
vn -0.897460938 0.415527344 -0.148193359
vn -0.975097656 0.208374023 0.0764770508
vn -0.775390625 0.615234375 0.142700195
vn -0.643066406 0.757324219 0.115661621
vn -0.863769531 0.503417969 -0.0162353516
vn -0.828613281 0.543945312 0.133422852
vn -0.821289062 0.464599609 0.331542969
vn -0.831542969 0.534179688 0.152099609
vn -0.383789062 0.921875 0.0554504395
vn -0.526855469 0.83203125 0.174438477
vn -0.448974609 0.887695312 0.1015625
vn -0.821289062 0.464599609 0.331542969
vn -0.904785156 0.357910156 0.230957031
vn -0.916503906 0.312988281 0.248291016
vn -0.904785156 0.357910156 0.230957031
vn -0.939453125 0.234985352 0.249755859
vn -0.975097656 0.208374023 0.0764770508
vn -0.541015625 0.818359375 0.192749023
vn -0.630859375 0.73828125 0.237915039
vn -0.383789062 0.921875 0.0554504395
vn -0.6171875 0.759765625 0.204467773
vn -0.526855469 0.83203125 0.174438477
vn -0.616699219 0.777832031 0.119995117
vn -0.541992188 0.763671875 0.350585938
vn -0.591308594 0.765136719 0.254638672
vn -0.666015625 0.7109375 0.226318359
vn -0.975097656 0.208374023 0.0764770508
vn -0.897460938 0.415527344 -0.148193359
vn -0.977539062 0.153686523 0.144897461
vn -0.881835938 0.464111328 -0.0824584961
vn -0.87890625 0.470947266 -0.0773925781
vn -0.912597656 0.395019531 -0.105041504
vn -0.904785156 0.380615234 0.190551758
vn -0.799316406 0.576660156 0.168212891
vn -0.735351562 0.42578125 0.526855469
vn -0.775390625 0.615234375 0.142700195
vn -0.796875 0.564453125 0.214111328
vn -0.624023438 0.762207031 0.173339844
vn -0.982910156 0.176879883 -0.0498962402
vn -0.911132812 0.404541016 -0.0756835938
vn -0.957519531 0.241088867 -0.158813477
vn -0.911132812 0.404541016 -0.0756835938
vn -0.868164062 0.443603516 -0.223510742
vn -0.87890625 0.470947266 -0.0773925781
vn -0.948242188 0.316894531 0.0255737305
vn -0.926269531 0.368164062 -0.0784301758
vn -0.868164062 0.443603516 -0.223510742
vn -0.828613281 0.543945312 0.133422852
vn -0.904785156 0.380615234 0.190551758
vn -0.946777344 0.182861328 0.264892578
vn -0.643066406 0.757324219 0.115661621
vn -0.71875 0.694824219 0.0223999023
vn -0.863769531 0.503417969 -0.0162353516
vn -0.799316406 0.576660156 0.168212891
vn -0.904785156 0.380615234 0.190551758
vn -0.828613281 0.543945312 0.133422852
vn -0.901367188 0.387451172 0.193969727
vn -0.958984375 0.276367188 0.060333252
vn -0.95703125 0.290283203 0.0113525391
vn -0.916503906 0.312988281 0.248291016
vn -0.86328125 0.416015625 0.286376953
vn -0.821289062 0.464599609 0.331542969
vn -0.86328125 0.416015625 0.286376953
vn -0.916503906 0.312988281 0.248291016
vn -0.940429688 0.194702148 0.279296875
vn -0.926269531 0.368164062 -0.0784301758
vn -0.919921875 0.387695312 -0.0598449707
vn -0.810546875 0.51171875 -0.284667969
vn -0.55859375 0.819824219 0.126708984
vn -0.468017578 0.883300781 0.0218963623
vn -0.395263672 0.918457031 0.00921630859
vn -0.526855469 0.83203125 0.174438477
vn -0.468017578 0.883300781 0.0218963623
vn -0.448974609 0.887695312 0.1015625
vn -0.940429688 0.194702148 0.279296875
vn -0.975097656 0.208374023 0.0764770508
vn -0.977539062 0.153686523 0.144897461
vn -0.90625 0.268310547 -0.326171875
vn -0.975097656 0.208374023 0.0764770508
vn -0.939453125 0.234985352 0.249755859
vn 0.262939453 -0.586425781 -0.766113281
vn 0.120910645 -0.62890625 -0.768066406
vn 0.266845703 -0.767578125 -0.582519531
vn 0.4140625 -0.735351562 -0.536621094
vn -0.199707031 -0.314208984 -0.928222656
vn -0.17980957 -0.244018555 -0.953125
vn -0.657226562 -0.217285156 -0.721679688
vn -0.9375 -0.235839844 -0.255126953
vn 0.269775391 0.466552734 -0.842285156
vn 0.123474121 0.506347656 -0.853515625
vn 8.34465027E-07 0.188598633 -0.981933594
vn 0.100036621 0.162353516 -0.981445312
vn 0.448974609 0.780273438 -0.435302734
vn 0.220825195 0.869628906 -0.44140625
vn 0.182983398 0.748046875 -0.638183594
vn 0.377441406 0.685546875 -0.622558594
vn 0.377441406 0.685546875 -0.622558594
vn 0.182983398 0.748046875 -0.638183594
vn 0.123474121 0.506347656 -0.853515625
vn 0.269775391 0.466552734 -0.842285156
vn 0.515136719 0.318359375 -0.795898438
vn 0.269775391 0.466552734 -0.842285156
vn 0.100036621 0.162353516 -0.981445312
vn 0.227050781 0.115966797 -0.966796875
vn 0.860351562 0.415283203 -0.294921875
vn 0.448974609 0.780273438 -0.435302734
vn 0.377441406 0.685546875 -0.622558594
vn 0.747070312 0.436767578 -0.501464844
vn 0.747070312 0.436767578 -0.501464844
vn 0.377441406 0.685546875 -0.622558594
vn 0.269775391 0.466552734 -0.842285156
vn 0.515136719 0.318359375 -0.795898438
vn 0.666503906 0.14074707 -0.731933594
vn 0.515136719 0.318359375 -0.795898438
vn 0.227050781 0.115966797 -0.966796875
vn 0.291748047 0.017578125 -0.956542969
vn 0.984863281 0.138061523 -0.105163574
vn 0.860351562 0.415283203 -0.294921875
vn 0.747070312 0.436767578 -0.501464844
vn 0.918457031 0.191650391 -0.345458984
vn 0.918457031 0.191650391 -0.345458984
vn 0.747070312 0.436767578 -0.501464844
vn 0.515136719 0.318359375 -0.795898438
vn 0.666503906 0.14074707 -0.731933594
vn 0.996582031 0.0821533203 -0.0190124512
vn 0.984863281 0.138061523 -0.105163574
vn 0.918457031 0.191650391 -0.345458984
vn 0.954101562 0.014831543 -0.299316406
vn 0.707519531 -0.0447387695 -0.705078125
vn 0.666503906 0.14074707 -0.731933594
vn 0.291748047 0.017578125 -0.956542969
vn 0.310058594 -0.071105957 -0.948242188
vn 0.954101562 0.014831543 -0.299316406
vn 0.918457031 0.191650391 -0.345458984
vn 0.666503906 0.14074707 -0.731933594
vn 0.707519531 -0.0447387695 -0.705078125
vn 0.987304688 -0.152587891 -0.0491638184
vn 0.996582031 0.0821533203 -0.0190124512
vn 0.954101562 0.014831543 -0.299316406
vn 0.904296875 -0.215576172 -0.368652344
vn 0.659667969 -0.239501953 -0.712402344
vn 0.707519531 -0.0447387695 -0.705078125
vn 0.310058594 -0.071105957 -0.948242188
vn 0.291015625 -0.160766602 -0.943359375
vn 0.904296875 -0.215576172 -0.368652344
vn 0.954101562 0.014831543 -0.299316406
vn 0.707519531 -0.0447387695 -0.705078125
vn 0.659667969 -0.239501953 -0.712402344
vn 0.864257812 -0.498535156 0.0643920898
vn 0.999511719 -0.0205993652 0.0269927979
vn 0.987304688 -0.152587891 -0.0491638184
vn 0.837402344 -0.537597656 -0.100769043
vn 0.837402344 -0.537597656 -0.100769043
vn 0.987304688 -0.152587891 -0.0491638184
vn 0.904296875 -0.215576172 -0.368652344
vn 0.720214844 -0.520996094 -0.458251953
vn 0.50390625 -0.432128906 -0.748046875
vn 0.659667969 -0.239501953 -0.712402344
vn 0.291015625 -0.160766602 -0.943359375
vn 0.225952148 -0.260498047 -0.938476562
vn 0.720214844 -0.520996094 -0.458251953
vn 0.904296875 -0.215576172 -0.368652344
vn 0.659667969 -0.239501953 -0.712402344
vn 0.50390625 -0.432128906 -0.748046875
vn 0.517578125 -0.8515625 0.0822143555
vn 0.864257812 -0.498535156 0.0643920898
vn 0.837402344 -0.537597656 -0.100769043
vn 0.513671875 -0.845214844 -0.146606445
vn 0.262939453 -0.586425781 -0.766113281
vn 0.50390625 -0.432128906 -0.748046875
vn 0.225952148 -0.260498047 -0.938476562
vn 0.099609375 -0.308837891 -0.945800781
vn 0.513671875 -0.845214844 -0.146606445
vn 0.837402344 -0.537597656 -0.100769043
vn 0.720214844 -0.520996094 -0.458251953
vn 0.4140625 -0.735351562 -0.536621094
vn 0.4140625 -0.735351562 -0.536621094
vn 0.720214844 -0.520996094 -0.458251953
vn 0.50390625 -0.432128906 -0.748046875
vn 0.262939453 -0.586425781 -0.766113281
vn 0.36328125 -0.928222656 0.0822143555
vn 0.517578125 -0.8515625 0.0822143555
vn 0.513671875 -0.845214844 -0.146606445
vn 0.377441406 -0.884277344 -0.274902344
vn 0.4140625 -0.735351562 -0.536621094
vn 0.266845703 -0.767578125 -0.582519531
vn 0.377441406 -0.884277344 -0.274902344
vn 0.513671875 -0.845214844 -0.146606445
vn 0.262939453 -0.586425781 -0.766113281
vn 0.099609375 -0.308837891 -0.945800781
vn -1.13248825E-06 -0.334960938 -0.942382812
vn 0.120910645 -0.62890625 -0.768066406
vn 0.515625 -0.855957031 0.0433044434
vn 0.326171875 -0.943847656 0.054107666
vn 0.255126953 -0.922363281 -0.290527344
vn 0.5703125 -0.795898438 -0.203369141
vn 0.952636719 0.303955078 0.0137634277
vn 0.596679688 0.629882812 -0.497070312
vn 0.733398438 0.195800781 -0.650878906
vn 0.987304688 0.111206055 -0.114929199
vn 0.976074219 -0.217895508 -0.00979614258
vn 0.875488281 -0.482421875 0.0267333984
vn 0.854003906 -0.511230469 -0.0944824219
vn 0.537109375 -0.80859375 -0.239501953
vn 0.875488281 -0.482421875 0.0267333984
vn 0.515625 -0.855957031 0.0433044434
vn 0.5703125 -0.795898438 -0.203369141
vn 0.854003906 -0.511230469 -0.0944824219
vn 1 0 0
vn 1 0 0
vn 1 0 0
vn 1 0 0
vn 0.860351562 0.415283203 -0.294921875
vn 0.852050781 0.448730469 -0.268798828
vn 0.361328125 0.641113281 -0.677246094
vn 0.448974609 0.780273438 -0.435302734
vn 1 0 0
vn 1 0 0
vn 1 0 0
vn 1 0 0
vn 1 0 0
vn 1 0 0
vn 1 0 0
vn 1 0 0
vn 1 0 0
vn 1 0 0
vn 1 0 0
vn 1 0 0
vn 0.537109375 -0.80859375 -0.239501953
vn 0.506347656 -0.731933594 -0.456298828
vn -0.0530700684 -0.850097656 -0.523925781
vn -0.108825684 -0.9296875 -0.352050781
vn -0.876953125 -0.247436523 -0.411621094
vn -0.657226562 -0.217285156 -0.721679688
vn -0.17980957 -0.244018555 -0.953125
vn -0.178466797 -0.418701172 -0.890625
vn 0.255126953 -0.922363281 -0.290527344
vn 0.147338867 -0.379394531 -0.913574219
vn 0.282958984 -0.286621094 -0.915527344
vn 0.5703125 -0.795898438 -0.203369141
vn 1 0 0
vn 1 0 0
vn 1 0 0
vn 1 0 0
vn 1 0 0
vn 1 0 0
vn 1 0 0
vn 1 0 0
vn 0.5703125 -0.795898438 -0.203369141
vn 0.282958984 -0.286621094 -0.915527344
vn 0.419433594 -0.444091797 -0.791503906
vn 0.854003906 -0.511230469 -0.0944824219
vn 1 0 0
vn 1 0 0
vn 1 0 0
vn 1 0 0
vn 1 0 0
vn 1 0 0
vn 1 0 0
vn 1 0 0
vn 1 0 0
vn 1 0 0
vn 1 0 0
vn 1 0 0
vn 1 0 0
vn 1 0 0
vn 1 0 0
vn 1 0 0
vn 0.537109375 -0.80859375 -0.239501953
vn -0.108825684 -0.9296875 -0.352050781
vn -0.179443359 -0.904296875 -0.386962891
vn -0.180908203 -0.898925781 -0.399414062
vn 0.419433594 -0.444091797 -0.791503906
vn 0.005443573 -0.54296875 -0.83984375
vn -0.0530700684 -0.850097656 -0.523925781
vn 0.506347656 -0.731933594 -0.456298828
vn 0.282958984 -0.286621094 -0.915527344
vn 0.0737304688 0.0844726562 -0.993652344
vn 0.005443573 -0.54296875 -0.83984375
vn 0.419433594 -0.444091797 -0.791503906
vn 0.147338867 -0.379394531 -0.913574219
vn 0.0694580078 0.04296875 -0.996582031
vn 0.0737304688 0.0844726562 -0.993652344
vn 0.282958984 -0.286621094 -0.915527344
vn -0.935546875 0.353027344 0.0199432373
vn -0.899902344 0.406982422 0.158203125
vn -0.863769531 0.476074219 0.165771484
vn -0.841308594 0.53515625 0.079284668
vn -0.966796875 0.255126953 0.0255432129
vn -0.475341797 0.746582031 0.465576172
vn -0.8671875 0.497070312 -0.0308837891
vn -0.876953125 -0.247436523 -0.411621094
vn -0.576171875 0.795410156 0.187255859
vn -0.191162109 0.779296875 0.596679688
vn -0.264892578 0.923339844 0.277832031
vn -0.528320312 0.845214844 -0.0791625977
vn -0.337646484 0.936523438 -0.0924682617
vn -0.870117188 0.482910156 -0.0965576172
vn -0.51953125 0.844238281 -0.13269043
vn -0.299316406 0.946777344 -0.118469238
vn -0.505859375 0.858398438 0.0870361328
vn -0.293701172 0.939941406 0.174804688
vn -0.862792969 0.499267578 0.0805053711
vn -0.984375 0.166381836 0.0547180176
vn -0.495849609 0.7109375 0.498291016
vn -0.316894531 0.78125 0.537597656
vn -0.763183594 0.466796875 0.446777344
vn -0.363525391 0.42578125 0.828613281
vn -0.240112305 0.536132812 0.809082031
vn 7.15255737E-07 0.227905273 0.973632812
vn -0.994140625 -0.103820801 0.0208435059
vn -0.657226562 -0.217285156 -0.721679688
vn -0.9375 -0.235839844 -0.255126953
vn -0.899414062 0.220092773 0.376953125
vn -0.579101562 0.366210938 0.728515625
vn -0.141113281 0.212280273 0.966796875
vn -0 0.0758056641 0.997070312
vn -0.265380859 0.207641602 0.94140625
vn -0.658691406 0.239990234 0.712890625
vn -0.293212891 0.160888672 0.942382812
vn -0.954101562 -0.0274963379 0.297851562
vn -0.312255859 0.0715942383 0.947265625
vn -0.706542969 0.0465087891 0.706054688
vn -0.293457031 -0.0171051025 0.956054688
vn -0.665039062 -0.138671875 0.733886719
vn -0.924316406 -0.213623047 0.315917969
vn -0.228515625 -0.114685059 0.966796875
vn -0.102844238 -0.164794922 0.980957031
vn 2.38418579E-07 -0.187011719 0.982421875
vn -0.514648438 -0.317626953 0.796386719
vn -0.279785156 -0.455322266 0.845214844
vn -0.146484375 -0.485351562 0.861816406
vn -0.979003906 -0.182006836 0.0903930664
vn -0.766113281 -0.461181641 0.447998047
vn -0.460693359 -0.641601562 0.612792969
vn -0.255615234 -0.646972656 0.71875
vn -0.867675781 -0.448974609 -0.212768555
vn -0.983398438 -0.14831543 0.103149414
vn -0.784667969 -0.61328125 -0.08984375
vn -0.878417969 -0.423828125 0.220947266
vn -0.857421875 -0.452880859 0.243652344
vn -0.488037109 -0.788085938 0.375244141
vn -0.334716797 -0.859375 0.38671875
vn -0.579589844 -0.783691406 0.22265625
vn -0.327880859 -0.939941406 0.0947265625
vn -0.180908203 -0.898925781 -0.399414062
vn -0.179443359 -0.904296875 -0.386962891
vn -0.876953125 -0.247436523 -0.411621094
vn -0.178466797 -0.418701172 -0.890625
vn -0.157470703 -0.503417969 -0.849609375
vn -0.867675781 -0.448974609 -0.212768555
vn -0.0742797852 -0.0704956055 -0.994628906
vn -0.105834961 -0.104003906 -0.988769531
vn 0.854003906 -0.511230469 -0.0944824219
vn 0.419433594 -0.444091797 -0.791503906
vn 0.506347656 -0.731933594 -0.456298828
vn 0.537109375 -0.80859375 -0.239501953
vn 1 0 0
vn 1 0 0
vn 1 0 0
vn 1 0 0
vn 0.361328125 0.641113281 -0.677246094
vn 0.244750977 0.477783203 -0.84375
vn 0.155395508 0.598144531 -0.786132812
vn 0.198730469 0.769042969 -0.607910156
vn 0.326171875 -0.943847656 0.054107666
vn 0.515625 -0.855957031 0.0433044434
vn 0.517578125 -0.8515625 0.0822143555
vn 0.36328125 -0.928222656 0.0822143555
vn 0.515625 -0.855957031 0.0433044434
vn 0.875488281 -0.482421875 0.0267333984
vn 0.864257812 -0.498535156 0.0643920898
vn 0.517578125 -0.8515625 0.0822143555
vn 0.875488281 -0.482421875 0.0267333984
vn 0.976074219 -0.217895508 -0.00979614258
vn 0.999511719 -0.0205993652 0.0269927979
vn 0.864257812 -0.498535156 0.0643920898
vn 0.448974609 0.780273438 -0.435302734
vn 0.361328125 0.641113281 -0.677246094
vn 0.198730469 0.769042969 -0.607910156
vn 0.220825195 0.869628906 -0.44140625
vn -0.803222656 -0.577148438 0.146484375
vn -0.720214844 -0.686035156 0.1015625
vn -0.71875 -0.692382812 0.0628051758
vn -0.845703125 -0.530273438 0.0595092773
vn -0.728027344 -0.680175781 0.087097168
vn -0.716796875 -0.696777344 -0.0241088867
vn -0.920410156 -0.387695312 0.0552368164
vn -0.862792969 -0.505859375 0.0143432617
vn -0.645996094 -0.754882812 -0.115356445
vn -0.926757812 -0.368164062 0.0771484375
vn -0.816894531 -0.504394531 0.279785156
vn -0.778808594 -0.611328125 -0.142089844
vn -0.626953125 -0.759765625 -0.173461914
vn -0.791992188 -0.57421875 -0.208129883
vn -0.904296875 -0.384277344 -0.185546875
vn -0.948242188 -0.316162109 -0.0261688232
vn -0.958496094 -0.277832031 -0.065246582
vn -0.594726562 -0.530273438 0.604003906
vn -0.870605469 -0.440917969 0.218261719
vn -0.982910156 -0.177490234 0.0484313965
vn -0.974609375 -0.206665039 -0.0856323242
vn -0.75 -0.401855469 0.525390625
vn -0.926269531 -0.235351562 -0.293945312
vn -0.878417969 -0.470458984 0.0818481445
vn -0.922851562 -0.360839844 0.133422852
vn -0.9140625 -0.389160156 0.112121582
vn -0.882324219 -0.463378906 0.08203125
vn -0.911132812 -0.405029297 0.0785522461
vn -0.900390625 -0.409912109 0.144897461
vn -0.95703125 -0.246582031 0.153076172
vn -0.977050781 -0.157592773 -0.143066406
vn -0.937988281 -0.197143555 -0.28515625
vn -0.915039062 -0.314453125 -0.252929688
vn -0.856445312 -0.120605469 0.501464844
vn -0.911621094 -0.335205078 -0.23828125
vn -0.834472656 -0.452148438 -0.315185547
vn -0.9453125 -0.174072266 -0.275390625
vn -0.826660156 -0.537109375 -0.167602539
vn -0.709472656 -0.453369141 0.540039062
vn -0.590332031 -0.799804688 -0.107116699
vn -0.83203125 -0.537597656 -0.136230469
vn -0.910644531 -0.370849609 -0.182128906
vn -0.712890625 -0.443115234 -0.543457031
vn -0.748535156 -0.32421875 -0.578613281
vn -0.803710938 -0.569824219 -0.170898438
vn -0.628417969 -0.749023438 -0.210083008
vn -0.530761719 -0.827148438 -0.185058594
vn -0.611328125 -0.737792969 -0.285888672
vn -0.336181641 -0.94140625 -0.0202026367
vn -0.354248047 -0.935058594 -0.0220184326
vn -0.497314453 -0.857421875 -0.132202148
vn -0.358642578 -0.933105469 -0.0238037109
vn -0.348144531 -0.933105469 -0.0885009766
vn -0.451416016 -0.877929688 -0.160400391
vn -0.547363281 -0.80859375 -0.215698242
vn -0.532226562 -0.821777344 -0.203979492
vn -0.5546875 -0.79296875 -0.252929688
vn -0.522949219 -0.778808594 -0.346435547
vn 0.984863281 0.138061523 -0.105163574
vn 0.987304688 0.111206055 -0.114929199
vn 0.852050781 0.448730469 -0.268798828
vn 0.860351562 0.415283203 -0.294921875
vn 0.999511719 -0.0205993652 0.0269927979
vn 0.980957031 0.148681641 0.124023438
vn 0.952636719 0.303955078 0.0137634277
vn 0.996582031 0.0821533203 -0.0190124512
vn 0.996582031 0.0821533203 -0.0190124512
vn 0.952636719 0.303955078 0.0137634277
vn 0.987304688 0.111206055 -0.114929199
vn 0.984863281 0.138061523 -0.105163574
vn 0.029586792 0.25 -0.967773438
vn 0.029586792 0.25 -0.967773438
vn 0.733398438 0.195800781 -0.650878906
vn 0.596679688 0.629882812 -0.497070312
vn -0.157470703 -0.503417969 -0.849609375
vn -0.216918945 -0.932128906 -0.290283203
vn -0.784667969 -0.61328125 -0.08984375
vn -0.867675781 -0.448974609 -0.212768555
vn 0.291992188 0.939941406 0.177978516
vn 0.291992188 0.939941406 0.177978516
vn 0.596679688 0.629882812 -0.497070312
vn 0.952636719 0.303955078 0.0137634277
vn 0.720214844 0.686035156 -0.101623535
vn 0.728515625 0.679199219 -0.0877685547
vn 0.845214844 0.53125 -0.059753418
vn 0.803710938 0.577148438 -0.146240234
vn 0.828613281 0.543945312 0.133422852
vn 0.799316406 0.576660156 0.168212891
vn 0.630859375 0.73828125 0.237915039
vn 0.616699219 0.777832031 0.119995117
vn 0.958984375 0.276367188 0.060333252
vn 0.948242188 0.316894531 0.0255737305
vn 0.775390625 0.615234375 0.142700195
vn 0.901367188 0.387451172 0.193969727
vn 0.919921875 0.387695312 -0.0598449707
vn 0.845214844 0.53125 -0.059753418
vn 0.863769531 0.503417969 -0.0162353516
vn 0.926269531 0.368164062 -0.0784301758
vn 0.922363281 0.365234375 -0.126220703
vn 0.810546875 0.51171875 -0.284667969
vn 0.87890625 0.470947266 -0.0773925781
vn 0.912597656 0.395019531 -0.105041504
vn 0.897460938 0.415527344 -0.148193359
vn 0.881835938 0.464111328 -0.0824584961
vn 0.911132812 0.404541016 -0.0756835938
vn 0.957519531 0.241088867 -0.158813477
vn 0.735351562 0.42578125 0.526855469
vn 0.634765625 0.723632812 0.271484375
vn 0.541015625 0.818359375 0.192749023
vn 0.630859375 0.73828125 0.237915039
vn 0.71875 0.694824219 0.0223999023
vn 0.863769531 0.503417969 -0.0162353516
vn 0.845214844 0.53125 -0.059753418
vn 0.728515625 0.679199219 -0.0877685547
vn 0.821289062 0.464599609 0.331542969
vn 0.904785156 0.357910156 0.230957031
vn 0.946777344 0.182861328 0.264892578
vn 0.828613281 0.543945312 0.133422852
vn 0.616699219 0.777832031 0.119995117
vn 0.6171875 0.759765625 0.204467773
vn 0.593261719 0.77734375 0.207885742
vn 0.591308594 0.765136719 0.254638672
vn 0.868164062 0.443603516 -0.223510742
vn 0.948242188 0.316894531 0.0255737305
vn 0.982910156 0.176879883 -0.0498962402
vn 0.911132812 0.404541016 -0.0756835938
vn 0.982910156 0.176879883 -0.0498962402
vn 0.958984375 0.276367188 0.060333252
vn 0.95703125 0.290283203 0.0113525391
vn 0.975097656 0.208374023 0.0764770508
vn 0.616699219 0.777832031 0.119995117
vn 0.591308594 0.765136719 0.254638672
vn 0.666015625 0.7109375 0.226318359
vn 0.831542969 0.534179688 0.152099609
vn 0.735351562 0.42578125 0.526855469
vn 0.904785156 0.380615234 0.190551758
vn 0.939453125 0.234985352 0.249755859
vn 0.726074219 0.329833984 0.603515625
vn 0.541015625 0.818359375 0.192749023
vn 0.634765625 0.723632812 0.271484375
vn 0.395263672 0.918457031 0.00921630859
vn 0.55859375 0.819824219 0.126708984
vn 0.55859375 0.819824219 0.126708984
vn 0.448974609 0.887695312 0.1015625
vn 0.383789062 0.921875 0.0554504395
vn 0.541015625 0.818359375 0.192749023
vn 0.690917969 -0.71875 0.0746459961
vn 0.69140625 -0.71875 0.0765991211
vn 0.693847656 -0.7109375 0.114562988
vn 0.693847656 -0.7109375 0.114562988
vn -0.311035156 0.796386719 0.519042969
vn -0.306152344 0.791992188 0.528320312
vn -0.380126953 0.890136719 0.251953125
vn -0.380126953 0.890136719 0.251220703
vn -0.511230469 0.708984375 -0.486083984
vn -0.370117188 0.713378906 -0.594726562
vn 0.292236328 0.463134766 -0.836914062
vn 0.271728516 0.478271484 -0.834960938
vn 0.366455078 -0.520996094 -0.770996094
vn 0.404785156 -0.4375 -0.803222656
vn 0.218994141 -0.755859375 -0.6171875
vn 0.218994141 -0.755859375 -0.6171875
vn -0.254638672 0.755859375 0.603027344
vn -0.254394531 0.761230469 0.596191406
vn -0.21484375 0.258544922 0.941894531
vn -0.856445312 -0.120605469 0.501464844
vn 0.516113281 0.0651855469 -0.854003906
vn 0.516113281 0.0662231445 -0.854003906
vn 0.404785156 -0.4375 -0.803222656
vn 0.366455078 -0.520996094 -0.770996094
vn 0.748046875 -0.584472656 -0.313720703
vn 0.748046875 -0.584472656 -0.313720703
vn 0.745605469 -0.645019531 -0.166259766
vn 0.745605469 -0.645507812 -0.165039062
vn -0.820800781 0.421875 -0.384765625
vn -0.822265625 0.445068359 -0.354736328
vn -0.370117188 0.713378906 -0.594726562
vn -0.511230469 0.708984375 -0.486083984
vn 0.707519531 -0.705566406 0.033416748
vn 0.708496094 -0.705078125 0.0315856934
vn 0.688964844 -0.72265625 0.0573730469
vn 0.688964844 -0.72265625 0.0575866699
vn 0.271728516 0.478271484 -0.834960938
vn 0.292236328 0.463134766 -0.836914062
vn 0.516113281 0.0662231445 -0.854003906
vn 0.516113281 0.0651855469 -0.854003906
vn -0.280273438 0.288818359 -0.915527344
vn -0.279785156 0.288085938 -0.916015625
vn -0.265625 0.263183594 -0.927246094
vn -0.265625 0.263183594 -0.927246094
vn -0.286621094 -0.124938965 0.949707031
vn -0.287109375 -0.122375488 0.950195312
vn -0.248046875 -0.263671875 0.932128906
vn -0.248046875 -0.263671875 0.932128906
vn 0.0520324707 -0.328369141 0.943359375
vn 0.0491027832 -0.325683594 0.944335938
vn 0.215942383 -0.464599609 0.858886719
vn 0.215942383 -0.464599609 0.858886719
vn 0.688964844 -0.72265625 0.0575866699
vn 0.688964844 -0.72265625 0.0573730469
vn 0.69140625 -0.71875 0.0765991211
vn 0.690917969 -0.71875 0.0746459961
vn 0.0188903809 -0.279052734 0.959960938
vn 0.0191955566 -0.279296875 0.959960938
vn 0.0491027832 -0.325683594 0.944335938
vn 0.0520324707 -0.328369141 0.943359375
vn -0.318359375 0.934082031 -0.161865234
vn -0.314697266 0.932617188 -0.176635742
vn -0.21887207 0.955078125 -0.200927734
vn -0.218383789 0.956054688 -0.195556641
vn -0.321044922 0.317138672 -0.892578125
vn -0.320800781 0.316894531 -0.892578125
vn -0.324951172 0.366455078 -0.872070312
vn -0.325195312 0.366699219 -0.871582031
vn 1 0 0
vn 1 0 0
vn 1 0 0
vn 1 0 0
vn 0.745605469 -0.645507812 -0.165039062
vn 0.745605469 -0.645019531 -0.166259766
vn 0.708496094 -0.705078125 0.0315856934
vn 0.707519531 -0.705566406 0.033416748
vn -0.594726562 -0.530273438 0.604003906
vn 0.253417969 -0.437011719 0.862792969
vn 0.0191955566 -0.279296875 0.959960938
vn 0.0188903809 -0.279052734 0.959960938
vn -0.380126953 0.890136719 0.251220703
vn -0.380126953 0.890136719 0.251953125
vn -0.314697266 0.932617188 -0.176635742
vn -0.318359375 0.934082031 -0.161865234
vn 1 0 0
vn 1 0 0
vn 1 0 0
vn 1 0 0
vn -0.75 -0.401855469 0.525390625
vn 0.345214844 -0.488037109 0.801757812
vn 0.253417969 -0.437011719 0.862792969
vn -0.594726562 -0.530273438 0.604003906
vn -0.229248047 0.71875 0.656738281
vn -0.229248047 0.71875 0.656738281
vn -0.306152344 0.791992188 0.528320312
vn -0.311035156 0.796386719 0.519042969
vn -0.218383789 0.956054688 -0.195556641
vn -0.21887207 0.955078125 -0.200927734
vn -0.254394531 0.761230469 0.596191406
vn -0.254638672 0.755859375 0.603027344
vn -0.325195312 0.366699219 -0.871582031
vn -0.324951172 0.366455078 -0.872070312
vn -0.279785156 0.288085938 -0.916015625
vn -0.280273438 0.288818359 -0.915527344
vn -0.778320312 0.242919922 -0.578613281
vn -0.778320312 0.242919922 -0.578613281
vn -0.822265625 0.445068359 -0.354736328
vn -0.820800781 0.421875 -0.384765625
vn 1 0 0
vn 1 0 0
vn 1 0 0
vn 1 0 0
vn -0.282714844 0.211181641 -0.935546875
vn -0.282714844 0.211181641 -0.935546875
vn -0.320800781 0.316894531 -0.892578125
vn -0.321044922 0.317138672 -0.892578125
vn -0.709472656 -0.453369141 0.540039062
vn -0.260498047 0.126831055 0.95703125
vn -0.287109375 -0.122375488 0.950195312
vn -0.286621094 -0.124938965 0.949707031
vn -0.856445312 -0.120605469 0.501464844
vn -0.21484375 0.258544922 0.941894531
vn -0.260498047 0.126831055 0.95703125
vn -0.709472656 -0.453369141 0.540039062
vn -0.262939453 -0.586425781 -0.766113281
vn -0.4140625 -0.735351562 -0.536621094
vn -0.266845703 -0.767578125 -0.582519531
vn -0.120910645 -0.62890625 -0.768066406
vn 0.199707031 -0.314208984 -0.928222656
vn 0.9375 -0.235839844 -0.255126953
vn 0.657226562 -0.217285156 -0.721679688
vn 0.17980957 -0.244018555 -0.953125
vn -0.269775391 0.466552734 -0.842285156
vn -0.100036621 0.162353516 -0.981445312
vn 8.34465027E-07 0.188598633 -0.981933594
vn -0.123474121 0.506347656 -0.853515625
vn -0.448974609 0.780273438 -0.435302734
vn -0.377441406 0.685546875 -0.622558594
vn -0.182983398 0.748046875 -0.638183594
vn -0.220825195 0.869628906 -0.44140625
vn -0.377441406 0.685546875 -0.622558594
vn -0.269775391 0.466552734 -0.842285156
vn -0.123474121 0.506347656 -0.853515625
vn -0.182983398 0.748046875 -0.638183594
vn -0.515136719 0.318359375 -0.795898438
vn -0.227050781 0.115966797 -0.966796875
vn -0.100036621 0.162353516 -0.981445312
vn -0.269775391 0.466552734 -0.842285156
vn -0.860351562 0.415283203 -0.294921875
vn -0.747070312 0.436767578 -0.501464844
vn -0.377441406 0.685546875 -0.622558594
vn -0.448974609 0.780273438 -0.435302734
vn -0.747070312 0.436767578 -0.501464844
vn -0.515136719 0.318359375 -0.795898438
vn -0.269775391 0.466552734 -0.842285156
vn -0.377441406 0.685546875 -0.622558594
vn -0.666503906 0.14074707 -0.731933594
vn -0.291748047 0.017578125 -0.956542969
vn -0.227050781 0.115966797 -0.966796875
vn -0.515136719 0.318359375 -0.795898438
vn -0.984863281 0.138061523 -0.105163574
vn -0.918457031 0.191650391 -0.345458984
vn -0.747070312 0.436767578 -0.501464844
vn -0.860351562 0.415283203 -0.294921875
vn -0.918457031 0.191650391 -0.345458984
vn -0.666503906 0.14074707 -0.731933594
vn -0.515136719 0.318359375 -0.795898438
vn -0.747070312 0.436767578 -0.501464844
vn -0.996582031 0.0821533203 -0.0190124512
vn -0.954101562 0.014831543 -0.299072266
vn -0.918457031 0.191650391 -0.345458984
vn -0.984863281 0.138061523 -0.105163574
vn -0.707519531 -0.0447387695 -0.705078125
vn -0.310058594 -0.071105957 -0.948242188
vn -0.291748047 0.017578125 -0.956542969
vn -0.666503906 0.14074707 -0.731933594
vn -0.954101562 0.014831543 -0.299072266
vn -0.707519531 -0.0447387695 -0.705078125
vn -0.666503906 0.14074707 -0.731933594
vn -0.918457031 0.191650391 -0.345458984
vn -0.987304688 -0.152587891 -0.0491638184
vn -0.904296875 -0.215576172 -0.368652344
vn -0.954101562 0.014831543 -0.299072266
vn -0.996582031 0.0821533203 -0.0190124512
vn -0.659667969 -0.239501953 -0.712402344
vn -0.291015625 -0.160766602 -0.943359375
vn -0.310058594 -0.071105957 -0.948242188
vn -0.707519531 -0.0447387695 -0.705078125
vn -0.904296875 -0.215576172 -0.368652344
vn -0.659667969 -0.239501953 -0.712402344
vn -0.707519531 -0.0447387695 -0.705078125
vn -0.954101562 0.014831543 -0.299072266
vn -0.864257812 -0.498535156 0.0643920898
vn -0.837402344 -0.537597656 -0.100769043
vn -0.987304688 -0.152587891 -0.0491638184
vn -0.999511719 -0.0205993652 0.0269927979
vn -0.837402344 -0.537597656 -0.100769043
vn -0.720214844 -0.520996094 -0.458251953
vn -0.904296875 -0.215576172 -0.368652344
vn -0.987304688 -0.152587891 -0.0491638184
vn -0.50390625 -0.432128906 -0.748046875
vn -0.225952148 -0.260498047 -0.938476562
vn -0.291015625 -0.160766602 -0.943359375
vn -0.659667969 -0.239501953 -0.712402344
vn -0.720214844 -0.520996094 -0.458251953
vn -0.50390625 -0.432128906 -0.748046875
vn -0.659667969 -0.239501953 -0.712402344
vn -0.904296875 -0.215576172 -0.368652344
vn -0.517578125 -0.8515625 0.0822143555
vn -0.513671875 -0.845214844 -0.146606445
vn -0.837402344 -0.537597656 -0.100769043
vn -0.864257812 -0.498535156 0.0643920898
vn -0.262939453 -0.586425781 -0.766113281
vn -0.099609375 -0.308837891 -0.945800781
vn -0.225952148 -0.260498047 -0.938476562
vn -0.50390625 -0.432128906 -0.748046875
vn -0.513671875 -0.845214844 -0.146606445
vn -0.4140625 -0.735351562 -0.536621094
vn -0.720214844 -0.520996094 -0.458251953
vn -0.837402344 -0.537597656 -0.100769043
vn -0.4140625 -0.735351562 -0.536621094
vn -0.262939453 -0.586425781 -0.766113281
vn -0.50390625 -0.432128906 -0.748046875
vn -0.720214844 -0.520996094 -0.458251953
vn -0.36328125 -0.928222656 0.0822143555
vn -0.377441406 -0.884277344 -0.274902344
vn -0.513671875 -0.845214844 -0.146606445
vn -0.517578125 -0.8515625 0.0822143555
vn -0.4140625 -0.735351562 -0.536621094
vn -0.513671875 -0.845214844 -0.146606445
vn -0.377441406 -0.884277344 -0.274902344
vn -0.266845703 -0.767578125 -0.582519531
vn -0.262939453 -0.586425781 -0.766113281
vn -0.120910645 -0.62890625 -0.768066406
vn -1.13248825E-06 -0.334960938 -0.942382812
vn -0.099609375 -0.308837891 -0.945800781
vn -0.515625 -0.855957031 0.0433044434
vn -0.5703125 -0.795898438 -0.203369141
vn -0.255126953 -0.922363281 -0.290527344
vn -0.326171875 -0.943847656 0.054107666
vn -0.952636719 0.303955078 0.0137634277
vn -0.987304688 0.111206055 -0.114929199
vn -0.733398438 0.195800781 -0.650878906
vn -0.596679688 0.629882812 -0.497070312
vn -0.976074219 -0.217895508 -0.00979614258
vn -0.537109375 -0.80859375 -0.239501953
vn -0.854003906 -0.511230469 -0.0944824219
vn -0.875488281 -0.482421875 0.0267333984
vn -0.875488281 -0.482421875 0.0267333984
vn -0.854003906 -0.511230469 -0.0944824219
vn -0.5703125 -0.795898438 -0.203369141
vn -0.515625 -0.855957031 0.0433044434
vn -0.860351562 0.415283203 -0.294921875
vn -0.448974609 0.780273438 -0.435302734
vn -0.361328125 0.641113281 -0.677246094
vn -0.852050781 0.448730469 -0.268798828
vn -0.537109375 -0.80859375 -0.239501953
vn 0.108825684 -0.9296875 -0.352050781
vn 0.0530700684 -0.850097656 -0.523925781
vn -0.506347656 -0.731933594 -0.456298828
vn 0.876953125 -0.247436523 -0.411621094
vn 0.178466797 -0.418701172 -0.890625
vn 0.17980957 -0.244018555 -0.953125
vn 0.657226562 -0.217285156 -0.721679688
vn -0.255126953 -0.922363281 -0.290527344
vn -0.5703125 -0.795898438 -0.203369141
vn -0.282958984 -0.286621094 -0.915527344
vn -0.147338867 -0.379394531 -0.913574219
vn -0.5703125 -0.795898438 -0.203369141
vn -0.854003906 -0.511230469 -0.0944824219
vn -0.419433594 -0.444091797 -0.791503906
vn -0.282958984 -0.286621094 -0.915527344
vn -0.537109375 -0.80859375 -0.239501953
vn 0.180908203 -0.898925781 -0.399414062
vn 0.179443359 -0.904296875 -0.386962891
vn 0.108825684 -0.9296875 -0.352050781
vn -0.419433594 -0.444091797 -0.791503906
vn -0.506347656 -0.731933594 -0.456298828
vn 0.0530700684 -0.850097656 -0.523925781
vn -0.005443573 -0.54296875 -0.83984375
vn -0.282958984 -0.286621094 -0.915527344
vn -0.419433594 -0.444091797 -0.791503906
vn -0.005443573 -0.54296875 -0.83984375
vn -0.0737304688 0.0844726562 -0.993652344
vn -0.147338867 -0.379394531 -0.913574219
vn -0.282958984 -0.286621094 -0.915527344
vn -0.0737304688 0.0844726562 -0.993652344
vn -0.0694580078 0.04296875 -0.996582031
vn 0.935546875 0.353027344 0.0199432373
vn 0.863769531 0.476074219 0.165771484
vn 0.899902344 0.406982422 0.158203125
vn 0.841308594 0.53515625 0.079284668
vn 0.966796875 0.255126953 0.0255432129
vn 0.475341797 0.746582031 0.465576172
vn 0.8671875 0.497070312 -0.0308837891
vn 0.876953125 -0.247436523 -0.411621094
vn 0.576171875 0.795410156 0.187255859
vn 0.191162109 0.779296875 0.596679688
vn 0.264892578 0.923339844 0.277832031
vn 0.528320312 0.845214844 -0.0791625977
vn 0.337646484 0.936523438 -0.0924682617
vn 0.870117188 0.482910156 -0.0965576172
vn 0.51953125 0.844238281 -0.13269043
vn 0.299316406 0.946777344 -0.118469238
vn 0.505859375 0.858398438 0.0870361328
vn 0.293701172 0.939941406 0.174804688
vn 0.862792969 0.499267578 0.0805053711
vn 0.984375 0.166381836 0.0547180176
vn 0.495849609 0.7109375 0.498291016
vn 0.316894531 0.78125 0.537597656
vn 0.763183594 0.466796875 0.446777344
vn 0.363525391 0.42578125 0.828613281
vn 0.240112305 0.536132812 0.809082031
vn 7.15255737E-07 0.227905273 0.973632812
vn 0.994140625 -0.103820801 0.0208435059
vn 0.657226562 -0.217285156 -0.721679688
vn 0.9375 -0.235839844 -0.255126953
vn 0.899414062 0.220092773 0.376953125
vn 0.579101562 0.366210938 0.728515625
vn 0.141113281 0.212280273 0.966796875
vn -0 0.0758056641 0.997070312
vn 0.265380859 0.207641602 0.94140625
vn 0.658691406 0.239990234 0.712890625
vn 0.293212891 0.160888672 0.942382812
vn 0.954101562 -0.0274963379 0.297851562
vn 0.312255859 0.0715942383 0.947265625
vn 0.706542969 0.0465087891 0.706054688
vn 0.293457031 -0.0171051025 0.956054688
vn 0.665039062 -0.138671875 0.733886719
vn 0.924316406 -0.213623047 0.315917969
vn 0.228515625 -0.114685059 0.966796875
vn 0.102844238 -0.164794922 0.980957031
vn 2.38418579E-07 -0.187011719 0.982421875
vn 0.514648438 -0.317626953 0.796386719
vn 0.279785156 -0.455322266 0.845214844
vn 0.146484375 -0.485351562 0.861816406
vn 0.979003906 -0.182006836 0.0903930664
vn 0.766113281 -0.461181641 0.447998047
vn 0.460693359 -0.641601562 0.612792969
vn 0.255615234 -0.646972656 0.71875
vn 0.867675781 -0.448974609 -0.212768555
vn 0.983398438 -0.14831543 0.103149414
vn 0.784667969 -0.61328125 -0.08984375
vn 0.878417969 -0.423828125 0.220947266
vn 0.857421875 -0.452880859 0.243652344
vn 0.488037109 -0.788085938 0.375244141
vn 0.334716797 -0.859375 0.38671875
vn 0.579589844 -0.783691406 0.22265625
vn 0.327880859 -0.939941406 0.0947265625
vn 0.180908203 -0.898925781 -0.399414062
vn 0.178466797 -0.418701172 -0.890625
vn 0.876953125 -0.247436523 -0.411621094
vn 0.179443359 -0.904296875 -0.386962891
vn 0.157470703 -0.503417969 -0.849609375
vn 0.105834961 -0.104003906 -0.988769531
vn 0.0742797852 -0.0704956055 -0.994628906
vn 0.867675781 -0.448974609 -0.212768555
vn -0.854003906 -0.511230469 -0.0944824219
vn -0.537109375 -0.80859375 -0.239501953
vn -0.506347656 -0.731933594 -0.456298828
vn -0.419433594 -0.444091797 -0.791503906
vn -0.361328125 0.641113281 -0.677246094
vn -0.198730469 0.769042969 -0.607910156
vn -0.155395508 0.598144531 -0.786132812
vn -0.244750977 0.477783203 -0.84375
vn -0.326171875 -0.943847656 0.054107666
vn -0.36328125 -0.928222656 0.0822143555
vn -0.517578125 -0.8515625 0.0822143555
vn -0.515625 -0.855957031 0.0433044434
vn -0.515625 -0.855957031 0.0433044434
vn -0.517578125 -0.8515625 0.0822143555
vn -0.864257812 -0.498535156 0.0643920898
vn -0.875488281 -0.482421875 0.0267333984
vn -0.875488281 -0.482421875 0.0267333984
vn -0.864257812 -0.498535156 0.0643920898
vn -0.999511719 -0.0205993652 0.0269927979
vn -0.976074219 -0.217895508 -0.00979614258
vn -0.448974609 0.780273438 -0.435302734
vn -0.220825195 0.869628906 -0.44140625
vn -0.198730469 0.769042969 -0.607910156
vn -0.361328125 0.641113281 -0.677246094
vn 0.803222656 -0.577148438 0.146484375
vn 0.71875 -0.692382812 0.0628051758
vn 0.720214844 -0.686035156 0.1015625
vn 0.845703125 -0.530273438 0.0595092773
vn 0.728027344 -0.680175781 0.087097168
vn 0.716796875 -0.696777344 -0.0241088867
vn 0.920410156 -0.387695312 0.0552368164
vn 0.862792969 -0.505859375 0.0143432617
vn 0.645996094 -0.754882812 -0.115356445
vn 0.926757812 -0.368164062 0.0771484375
vn 0.816894531 -0.504394531 0.279785156
vn 0.778808594 -0.611328125 -0.142089844
vn 0.626953125 -0.759765625 -0.173461914
vn 0.791992188 -0.57421875 -0.208129883
vn 0.904296875 -0.384277344 -0.185546875
vn 0.948242188 -0.316162109 -0.0261688232
vn 0.958496094 -0.277832031 -0.065246582
vn 0.594726562 -0.530273438 0.604003906
vn 0.870605469 -0.440917969 0.218261719
vn 0.982910156 -0.177490234 0.0484313965
vn 0.974609375 -0.206665039 -0.0856323242
vn 0.75 -0.401855469 0.525390625
vn 0.926269531 -0.235351562 -0.293945312
vn 0.878417969 -0.470458984 0.0818481445
vn 0.922851562 -0.360839844 0.133422852
vn 0.9140625 -0.389160156 0.112121582
vn 0.882324219 -0.463378906 0.08203125
vn 0.911132812 -0.405029297 0.0785522461
vn 0.900390625 -0.409912109 0.144897461
vn 0.95703125 -0.246582031 0.153076172
vn 0.977050781 -0.157592773 -0.143066406
vn 0.937988281 -0.197143555 -0.28515625
vn 0.915039062 -0.314453125 -0.252929688
vn 0.856445312 -0.120605469 0.501464844
vn 0.911621094 -0.335205078 -0.23828125
vn 0.834472656 -0.452148438 -0.315185547
vn 0.9453125 -0.174072266 -0.275390625
vn 0.826660156 -0.537109375 -0.167602539
vn 0.709472656 -0.453369141 0.540039062
vn 0.590332031 -0.799804688 -0.107116699
vn 0.83203125 -0.537597656 -0.136230469
vn 0.910644531 -0.370849609 -0.182128906
vn 0.712890625 -0.443115234 -0.543457031
vn 0.748535156 -0.32421875 -0.578613281
vn 0.803710938 -0.569824219 -0.170898438
vn 0.628417969 -0.749023438 -0.210083008
vn 0.530761719 -0.827148438 -0.185058594
vn 0.611328125 -0.737792969 -0.285888672
vn 0.336181641 -0.94140625 -0.0202026367
vn 0.354248047 -0.935058594 -0.0220184326
vn 0.497314453 -0.857421875 -0.132202148
vn 0.358642578 -0.933105469 -0.0238037109
vn 0.348144531 -0.933105469 -0.0885009766
vn 0.451416016 -0.877929688 -0.160400391
vn 0.547363281 -0.80859375 -0.215698242
vn 0.532226562 -0.821777344 -0.203979492
vn 0.5546875 -0.79296875 -0.252929688
vn 0.522949219 -0.778808594 -0.346435547
vn -0.984863281 0.138061523 -0.105163574
vn -0.860351562 0.415283203 -0.294921875
vn -0.852050781 0.448730469 -0.268798828
vn -0.987304688 0.111206055 -0.114929199
vn -0.999511719 -0.0205993652 0.0269927979
vn -0.996582031 0.0821533203 -0.0190124512
vn -0.952636719 0.303955078 0.0137634277
vn -0.980957031 0.148681641 0.124023438
vn -0.996582031 0.0821533203 -0.0190124512
vn -0.984863281 0.138061523 -0.105163574
vn -0.987304688 0.111206055 -0.114929199
vn -0.952636719 0.303955078 0.0137634277
vn -0.029586792 0.25 -0.967773438
vn -0.596679688 0.629882812 -0.497070312
vn -0.733398438 0.195800781 -0.650878906
vn -0.029586792 0.25 -0.967773438
vn 0.157470703 -0.503417969 -0.849609375
vn 0.867675781 -0.448974609 -0.212768555
vn 0.784667969 -0.61328125 -0.08984375
vn 0.216918945 -0.932128906 -0.290283203
vn -0.291992188 0.939941406 0.177978516
vn -0.952636719 0.303955078 0.0137634277
vn -0.596679688 0.629882812 -0.497070312
vn -0.291992188 0.939941406 0.177978516
vn -0.720214844 0.686035156 -0.101623535
vn -0.803710938 0.577148438 -0.146240234
vn -0.845214844 0.53125 -0.059753418
vn -0.728515625 0.679199219 -0.0877685547
vn -0.828613281 0.543945312 0.133422852
vn -0.616699219 0.777832031 0.119995117
vn -0.630859375 0.73828125 0.237915039
vn -0.799316406 0.576660156 0.168212891
vn -0.958984375 0.276367188 0.060333252
vn -0.901367188 0.387451172 0.193969727
vn -0.775390625 0.615234375 0.142700195
vn -0.948242188 0.316894531 0.0255737305
vn -0.919921875 0.387695312 -0.0598449707
vn -0.926269531 0.368164062 -0.0784301758
vn -0.863769531 0.503417969 -0.0162353516
vn -0.845214844 0.53125 -0.059753418
vn -0.922363281 0.365234375 -0.126220703
vn -0.912597656 0.395019531 -0.105041504
vn -0.87890625 0.470947266 -0.0773925781
vn -0.810546875 0.51171875 -0.284667969
vn -0.897460938 0.415527344 -0.148193359
vn -0.957519531 0.241088867 -0.158813477
vn -0.911132812 0.404541016 -0.0756835938
vn -0.881835938 0.464111328 -0.0824584961
vn -0.735351562 0.42578125 0.526855469
vn -0.630859375 0.73828125 0.237915039
vn -0.541015625 0.818359375 0.192749023
vn -0.634765625 0.723632812 0.271484375
vn -0.71875 0.694824219 0.0223999023
vn -0.728515625 0.679199219 -0.0877685547
vn -0.845214844 0.53125 -0.059753418
vn -0.863769531 0.503417969 -0.0162353516
vn -0.821289062 0.464599609 0.331542969
vn -0.828613281 0.543945312 0.133422852
vn -0.946777344 0.182861328 0.264892578
vn -0.904785156 0.357910156 0.230957031
vn -0.616699219 0.777832031 0.119995117
vn -0.591308594 0.765136719 0.254638672
vn -0.593261719 0.77734375 0.207885742
vn -0.6171875 0.759765625 0.204467773
vn -0.868164062 0.443603516 -0.223510742
vn -0.911132812 0.404541016 -0.0756835938
vn -0.982910156 0.176879883 -0.0498962402
vn -0.948242188 0.316894531 0.0255737305
vn -0.982910156 0.176879883 -0.0498962402
vn -0.975097656 0.208374023 0.0764770508
vn -0.95703125 0.290283203 0.0113525391
vn -0.958984375 0.276367188 0.060333252
vn -0.616699219 0.777832031 0.119995117
vn -0.831542969 0.534179688 0.152099609
vn -0.666015625 0.7109375 0.226318359
vn -0.591308594 0.765136719 0.254638672
vn -0.735351562 0.42578125 0.526855469
vn -0.726074219 0.329833984 0.603515625
vn -0.939453125 0.234985352 0.249755859
vn -0.904785156 0.380615234 0.190551758
vn -0.541015625 0.818359375 0.192749023
vn -0.55859375 0.819824219 0.126708984
vn -0.395263672 0.918457031 0.00921630859
vn -0.634765625 0.723632812 0.271484375
vn -0.55859375 0.819824219 0.126708984
vn -0.541015625 0.818359375 0.192749023
vn -0.383789062 0.921875 0.0554504395
vn -0.448974609 0.887695312 0.1015625
vn -0.690917969 -0.71875 0.0746459961
vn -0.693847656 -0.7109375 0.114562988
vn -0.693847656 -0.7109375 0.114562988
vn -0.69140625 -0.71875 0.0765991211
vn 0.311035156 0.796386719 0.519042969
vn 0.380126953 0.890136719 0.251220703
vn 0.380126953 0.890136719 0.251953125
vn 0.306152344 0.791992188 0.528320312
vn 0.511230469 0.708984375 -0.486083984
vn -0.271728516 0.478271484 -0.834960938
vn -0.292236328 0.463134766 -0.836914062
vn 0.370117188 0.713378906 -0.594726562
vn -0.366455078 -0.520996094 -0.770996094
vn -0.218994141 -0.755859375 -0.6171875
vn -0.218994141 -0.755859375 -0.6171875
vn -0.404785156 -0.4375 -0.803222656
vn 0.254638672 0.755859375 0.603027344
vn 0.856445312 -0.120605469 0.501464844
vn 0.21484375 0.258544922 0.941894531
vn 0.254394531 0.761230469 0.596191406
vn -0.516113281 0.0651855469 -0.854003906
vn -0.366455078 -0.520996094 -0.770996094
vn -0.404785156 -0.4375 -0.803222656
vn -0.516113281 0.0662231445 -0.854003906
vn -0.748046875 -0.584472656 -0.313720703
vn -0.745605469 -0.645507812 -0.165039062
vn -0.745605469 -0.645019531 -0.166259766
vn -0.748046875 -0.584472656 -0.313720703
vn 0.820800781 0.421875 -0.384765625
vn 0.511230469 0.708984375 -0.486083984
vn 0.370117188 0.713378906 -0.594726562
vn 0.822265625 0.445068359 -0.354736328
vn -0.707519531 -0.705566406 0.033416748
vn -0.688964844 -0.72265625 0.0575866699
vn -0.688964844 -0.72265625 0.0573730469
vn -0.708496094 -0.705078125 0.0315856934
vn -0.271728516 0.478271484 -0.834960938
vn -0.516113281 0.0651855469 -0.854003906
vn -0.516113281 0.0662231445 -0.854003906
vn -0.292236328 0.463134766 -0.836914062
vn 0.280273438 0.288818359 -0.915527344
vn 0.265625 0.263183594 -0.927246094
vn 0.265625 0.263183594 -0.927246094
vn 0.279785156 0.288085938 -0.916015625
vn 0.286621094 -0.124938965 0.949707031
vn 0.248046875 -0.263671875 0.932128906
vn 0.248046875 -0.263671875 0.932128906
vn 0.287109375 -0.122375488 0.950195312
vn -0.0520324707 -0.328369141 0.943359375
vn -0.215942383 -0.464599609 0.858886719
vn -0.215942383 -0.464599609 0.858886719
vn -0.0491027832 -0.325683594 0.944335938
vn -0.688964844 -0.72265625 0.0575866699
vn -0.690917969 -0.71875 0.0746459961
vn -0.69140625 -0.71875 0.0765991211
vn -0.688964844 -0.72265625 0.0573730469
vn -0.0188751221 -0.279052734 0.959960938
vn -0.0520324707 -0.328369141 0.943359375
vn -0.0491027832 -0.325683594 0.944335938
vn -0.0191955566 -0.279296875 0.959960938
vn 0.318359375 0.934082031 -0.161865234
vn 0.218383789 0.956054688 -0.195556641
vn 0.21887207 0.955078125 -0.200927734
vn 0.314697266 0.932617188 -0.176635742
vn 0.321044922 0.317138672 -0.892578125
vn 0.325195312 0.366699219 -0.871582031
vn 0.324951172 0.366455078 -0.872070312
vn 0.320800781 0.316894531 -0.892578125
vn -0.745605469 -0.645507812 -0.165039062
vn -0.707519531 -0.705566406 0.033416748
vn -0.708496094 -0.705078125 0.0315856934
vn -0.745605469 -0.645019531 -0.166259766
vn 0.594726562 -0.530273438 0.604003906
vn -0.0188751221 -0.279052734 0.959960938
vn -0.0191955566 -0.279296875 0.959960938
vn -0.253417969 -0.437011719 0.862792969
vn 0.380126953 0.890136719 0.251220703
vn 0.318359375 0.934082031 -0.161865234
vn 0.314697266 0.932617188 -0.176635742
vn 0.380126953 0.890136719 0.251953125
vn 0.75 -0.401855469 0.525390625
vn 0.594726562 -0.530273438 0.604003906
vn -0.253417969 -0.437011719 0.862792969
vn -0.345214844 -0.488037109 0.801757812
vn 0.229248047 0.71875 0.656738281
vn 0.311035156 0.796386719 0.519042969
vn 0.306152344 0.791992188 0.528320312
vn 0.229248047 0.71875 0.656738281
vn 0.218383789 0.956054688 -0.195556641
vn 0.254638672 0.755859375 0.603027344
vn 0.254394531 0.761230469 0.596191406
vn 0.21887207 0.955078125 -0.200927734
vn 0.325195312 0.366699219 -0.871582031
vn 0.280273438 0.288818359 -0.915527344
vn 0.279785156 0.288085938 -0.916015625
vn 0.324951172 0.366455078 -0.872070312
vn 0.778320312 0.242919922 -0.578613281
vn 0.820800781 0.421875 -0.384765625
vn 0.822265625 0.445068359 -0.354736328
vn 0.778320312 0.242919922 -0.578613281
vn 0.282714844 0.211181641 -0.935546875
vn 0.321044922 0.317138672 -0.892578125
vn 0.320800781 0.316894531 -0.892578125
vn 0.282714844 0.211181641 -0.935546875
vn 0.709472656 -0.453369141 0.540039062
vn 0.286621094 -0.124938965 0.949707031
vn 0.287109375 -0.122375488 0.950195312
vn 0.260498047 0.126831055 0.95703125
vn 0.856445312 -0.120605469 0.501464844
vn 0.709472656 -0.453369141 0.540039062
vn 0.260498047 0.126831055 0.95703125
vn 0.21484375 0.258544922 0.941894531
vn 0.955078125 0.26171875 0.140014648
vn 0.955078125 0.26171875 0.140014648
vn 0.955078125 0.26171875 0.140014648
vn 0.955078125 0.26171875 0.140014648
vn 0.955078125 0.26171875 0.140014648
vn 0.955078125 0.26171875 0.140014648
vn 0.955078125 0.26171875 0.140014648
vn 0.955078125 0.26171875 0.140014648
vn -0.955078125 0.26171875 0.140014648
vn -0.955078125 0.26171875 0.140014648
vn -0.955078125 0.26171875 0.140014648
vn -0.955078125 0.26171875 0.140014648
vn -0.955078125 0.26171875 0.140014648
vn -0.955078125 0.26171875 0.140014648
vn -0.955078125 0.26171875 0.140014648
vn -0.955078125 0.26171875 0.140014648
vn -0.279541016 -0.354003906 -0.892578125
vn 0.296875 -0.840820312 -0.452392578
vn 0.209350586 -0.259765625 -0.942871094
vn -0.203125 -0.862304688 -0.463623047
vn 0.210449219 -0.9296875 0.302734375
vn -0.463134766 0.287597656 -0.838378906
vn -0.000711917877 0.473632812 -0.880859375
vn -0.278808594 -0.939941406 0.196899414
vn 0.00070142746 -0.473632812 0.880859375
vn -0.646484375 0.686523438 -0.332763672
vn -0.210449219 0.9296875 -0.302734375
vn -0.461914062 -0.541015625 0.702636719
vn -0.209350586 0.259765625 0.942871094
vn -0.722167969 0.608886719 0.328125
vn -0.296875 0.840820312 0.452392578
vn -0.645507812 0.100402832 0.756835938
vn -0.920410156 -0.12512207 -0.370849609
vn -0.864257812 -0.321533203 -0.387207031
vn -0.840820312 -0.477050781 -0.255859375
vn -0.9765625 -0.00278282166 -0.215942383
vn -0.999511719 -0.0265045166 -0.0134963989
vn -0.976074219 -0.182373047 0.117858887
vn -0.919921875 -0.37890625 0.101013184
vn -0.863769531 -0.500976562 -0.0538330078
vn 0.279541016 -0.354003906 -0.892578125
vn -0.209350586 -0.259765625 -0.942871094
vn -0.296875 -0.840820312 -0.452392578
vn 0.203125 -0.862304688 -0.463623047
vn -0.210449219 -0.9296875 0.302734375
vn 0.463134766 0.287597656 -0.838378906
vn 0.00070810318 0.473632812 -0.880859375
vn 0.278808594 -0.939941406 0.196899414
vn -0.000703334808 -0.473632812 0.880859375
vn 0.646484375 0.686523438 -0.332763672
vn 0.210449219 0.9296875 -0.302734375
vn 0.461914062 -0.541015625 0.702636719
vn 0.209350586 0.259765625 0.942871094
vn 0.722167969 0.608886719 0.328125
vn 0.296875 0.840820312 0.452392578
vn 0.645507812 0.100402832 0.756835938
vn 0.920410156 -0.12512207 -0.370849609
vn 0.864257812 -0.321533203 -0.387207031
vn 0.840820312 -0.477050781 -0.255859375
vn 0.9765625 -0.00278282166 -0.215942383
vn 0.999511719 -0.0265045166 -0.0134963989
vn 0.976074219 -0.182373047 0.117858887
vn 0.919921875 -0.37890625 0.101013184
vn 0.863769531 -0.500976562 -0.0538330078
g Helm.004_0
f 3/3/3 2/2/2 1/1/1
f 6/6/6 5/5/5 4/4/4
f 9/9/9 8/8/8 7/7/7
f 12/12/12 11/11/11 10/10/10
f 15/15/15 14/14/14 13/13/13
f 18/18/18 17/17/17 16/16/16
f 21/21/21 20/20/20 19/19/19
f 24/24/24 23/23/23 22/22/22
f 27/27/27 26/26/26 25/25/25
f 30/30/30 29/29/29 28/28/28
f 33/33/33 32/32/32 31/31/31
f 36/36/36 35/35/35 34/34/34
f 39/39/39 38/38/38 37/37/37
f 42/42/42 41/41/41 40/40/40
f 45/45/45 44/44/44 43/43/43
f 48/48/48 47/47/47 46/46/46
f 51/51/51 50/50/50 49/49/49
f 54/54/54 53/53/53 52/52/52
f 57/57/57 56/56/56 55/55/55
f 60/60/60 59/59/59 58/58/58
f 63/63/63 62/62/62 61/61/61
f 66/66/66 65/65/65 64/64/64
f 69/69/69 68/68/68 67/67/67
f 72/72/72 71/71/71 70/70/70
f 75/75/75 74/74/74 73/73/73
f 78/78/78 77/77/77 76/76/76
f 81/81/81 80/80/80 79/79/79
f 84/84/84 83/83/83 82/82/82
f 87/87/87 86/86/86 85/85/85
f 90/90/90 89/89/89 88/88/88
f 93/93/93 92/92/92 91/91/91
f 96/96/96 95/95/95 94/94/94
f 99/99/99 98/98/98 97/97/97
f 102/102/102 101/101/101 100/100/100
f 105/105/105 104/104/104 103/103/103
f 108/108/108 107/107/107 106/106/106
f 111/111/111 110/110/110 109/109/109
f 114/114/114 113/113/113 112/112/112
f 117/117/117 116/116/116 115/115/115
f 120/120/120 119/119/119 118/118/118
f 123/123/123 122/122/122 121/121/121
f 126/126/126 125/125/125 124/124/124
f 129/129/129 128/128/128 127/127/127
f 132/132/132 131/131/131 130/130/130
f 135/135/135 134/134/134 133/133/133
f 138/138/138 137/137/137 136/136/136
f 141/141/141 140/140/140 139/139/139
f 144/144/144 143/143/143 142/142/142
f 147/147/147 146/146/146 145/145/145
f 150/150/150 149/149/149 148/148/148
f 153/153/153 152/152/152 151/151/151
f 156/156/156 155/155/155 154/154/154
f 159/159/159 158/158/158 157/157/157
f 162/162/162 161/161/161 160/160/160
f 165/165/165 164/164/164 163/163/163
f 168/168/168 167/167/167 166/166/166
f 171/171/171 170/170/170 169/169/169
f 174/174/174 173/173/173 172/172/172
f 177/177/177 176/176/176 175/175/175
f 180/180/180 179/179/179 178/178/178
f 183/183/183 182/182/182 181/181/181
f 186/186/186 185/185/185 184/184/184
f 189/189/189 188/188/188 187/187/187
f 192/192/192 191/191/191 190/190/190
f 195/195/195 194/194/194 193/193/193
f 198/198/198 197/197/197 196/196/196
f 201/201/201 200/200/200 199/199/199
f 204/204/204 203/203/203 202/202/202
f 207/207/207 206/206/206 205/205/205
f 210/210/210 209/209/209 208/208/208
f 213/213/213 212/212/212 211/211/211
f 216/216/216 215/215/215 214/214/214
f 219/219/219 218/218/218 217/217/217
f 222/222/222 221/221/221 220/220/220
f 225/225/225 224/224/224 223/223/223
f 228/228/228 227/227/227 226/226/226
f 231/231/231 230/230/230 229/229/229
f 234/234/234 233/233/233 232/232/232
f 237/237/237 236/236/236 235/235/235
f 240/240/240 239/239/239 238/238/238
f 243/243/243 242/242/242 241/241/241
f 246/246/246 245/245/245 244/244/244
f 249/249/249 248/248/248 247/247/247
f 252/252/252 251/251/251 250/250/250
f 255/255/255 254/254/254 253/253/253
f 258/258/258 257/257/257 256/256/256
f 261/261/261 260/260/260 259/259/259
f 264/264/264 263/263/263 262/262/262
f 267/267/267 266/266/266 265/265/265
f 270/270/270 269/269/269 268/268/268
f 273/273/273 272/272/272 271/271/271
f 276/276/276 275/275/275 274/274/274
f 279/279/279 278/278/278 277/277/277
f 282/282/282 281/281/281 280/280/280
f 285/285/285 284/284/284 283/283/283
f 288/288/288 287/287/287 286/286/286
f 291/291/291 290/290/290 289/289/289
f 294/294/294 293/293/293 292/292/292
f 297/297/297 296/296/296 295/295/295
f 300/300/300 299/299/299 298/298/298
f 303/303/303 302/302/302 301/301/301
f 306/306/306 305/305/305 304/304/304
f 309/309/309 308/308/308 307/307/307
f 312/312/312 311/311/311 310/310/310
f 315/315/315 314/314/314 313/313/313
f 318/318/318 317/317/317 316/316/316
f 321/321/321 320/320/320 319/319/319
f 324/324/324 323/323/323 322/322/322
f 327/327/327 326/326/326 325/325/325
f 330/330/330 329/329/329 328/328/328
f 333/333/333 332/332/332 331/331/331
f 336/336/336 335/335/335 334/334/334
f 339/339/339 338/338/338 337/337/337
f 342/342/342 341/341/341 340/340/340
f 345/345/345 344/344/344 343/343/343
f 348/348/348 347/347/347 346/346/346
f 351/351/351 350/350/350 349/349/349
f 354/354/354 353/353/353 352/352/352
f 357/357/357 356/356/356 355/355/355
f 360/360/360 359/359/359 358/358/358
f 363/363/363 362/362/362 361/361/361
f 366/366/366 365/365/365 364/364/364
f 369/369/369 368/368/368 367/367/367
f 372/372/372 371/371/371 370/370/370
f 375/375/375 374/374/374 373/373/373
f 376/376/376 375/375/375 373/373/373
f 379/379/379 378/378/378 377/377/377
f 380/380/380 379/379/379 377/377/377
f 383/383/383 382/382/382 381/381/381
f 384/384/384 383/383/383 381/381/381
f 387/387/387 386/386/386 385/385/385
f 388/388/388 387/387/387 385/385/385
f 391/391/391 390/390/390 389/389/389
f 392/392/392 391/391/391 389/389/389
f 395/395/395 394/394/394 393/393/393
f 396/396/396 395/395/395 393/393/393
f 399/399/399 398/398/398 397/397/397
f 400/400/400 399/399/399 397/397/397
f 403/403/403 402/402/402 401/401/401
f 404/404/404 403/403/403 401/401/401
f 407/407/407 406/406/406 405/405/405
f 408/408/408 407/407/407 405/405/405
f 411/411/411 410/410/410 409/409/409
f 412/412/412 411/411/411 409/409/409
f 415/415/415 414/414/414 413/413/413
f 416/416/416 415/415/415 413/413/413
f 419/419/419 418/418/418 417/417/417
f 420/420/420 419/419/419 417/417/417
f 423/423/423 422/422/422 421/421/421
f 424/424/424 423/423/423 421/421/421
f 427/427/427 426/426/426 425/425/425
f 428/428/428 427/427/427 425/425/425
f 431/431/431 430/430/430 429/429/429
f 432/432/432 431/431/431 429/429/429
f 435/435/435 434/434/434 433/433/433
f 436/436/436 435/435/435 433/433/433
f 439/439/439 438/438/438 437/437/437
f 440/440/440 439/439/439 437/437/437
f 443/443/443 442/442/442 441/441/441
f 444/444/444 443/443/443 441/441/441
f 447/447/447 446/446/446 445/445/445
f 448/448/448 447/447/447 445/445/445
f 451/451/451 450/450/450 449/449/449
f 452/452/452 451/451/451 449/449/449
f 455/455/455 454/454/454 453/453/453
f 456/456/456 455/455/455 453/453/453
f 459/459/459 458/458/458 457/457/457
f 460/460/460 459/459/459 457/457/457
f 463/463/463 462/462/462 461/461/461
f 464/464/464 463/463/463 461/461/461
f 467/467/467 466/466/466 465/465/465
f 468/468/468 467/467/467 465/465/465
f 471/471/471 470/470/470 469/469/469
f 472/472/472 471/471/471 469/469/469
f 475/475/475 474/474/474 473/473/473
f 476/476/476 475/475/475 473/473/473
f 479/479/479 478/478/478 477/477/477
f 480/480/480 479/479/479 477/477/477
f 483/483/483 482/482/482 481/481/481
f 484/484/484 483/483/483 481/481/481
f 487/487/487 486/486/486 485/485/485
f 488/488/488 487/487/487 485/485/485
f 491/491/491 490/490/490 489/489/489
f 492/492/492 491/491/491 489/489/489
f 495/495/495 494/494/494 493/493/493
f 496/496/496 495/495/495 493/493/493
f 499/499/499 498/498/498 497/497/497
f 500/500/500 499/499/499 497/497/497
f 503/503/503 502/502/502 501/501/501
f 504/504/504 503/503/503 501/501/501
f 507/507/507 506/506/506 505/505/505
f 508/508/508 507/507/507 505/505/505
f 511/511/511 510/510/510 509/509/509
f 512/512/512 511/511/511 509/509/509
f 515/515/515 514/514/514 513/513/513
f 516/516/516 515/515/515 513/513/513
f 519/519/519 518/518/518 517/517/517
f 520/520/520 519/519/519 517/517/517
f 523/523/523 522/522/522 521/521/521
f 524/524/524 523/523/523 521/521/521
f 527/527/527 526/526/526 525/525/525
f 528/528/528 527/527/527 525/525/525
f 531/531/531 530/530/530 529/529/529
f 532/532/532 531/531/531 529/529/529
f 535/535/535 534/534/534 533/533/533
f 536/536/536 535/535/535 533/533/533
f 539/539/539 538/538/538 537/537/537
f 540/540/540 539/539/539 537/537/537
f 543/543/543 542/542/542 541/541/541
f 544/544/544 543/543/543 541/541/541
f 547/547/547 546/546/546 545/545/545
f 548/548/548 547/547/547 545/545/545
f 551/551/551 550/550/550 549/549/549
f 552/552/552 551/551/551 549/549/549
f 555/555/555 554/554/554 553/553/553
f 556/556/556 555/555/555 553/553/553
f 559/559/559 558/558/558 557/557/557
f 560/560/560 559/559/559 557/557/557
f 563/563/563 562/562/562 561/561/561
f 564/564/564 563/563/563 561/561/561
f 567/567/567 566/566/566 565/565/565
f 568/568/568 567/567/567 565/565/565
f 571/571/571 570/570/570 569/569/569
f 572/572/572 571/571/571 569/569/569
f 575/575/575 574/574/574 573/573/573
f 576/576/576 575/575/575 573/573/573
f 579/579/579 578/578/578 577/577/577
f 580/580/580 579/579/579 577/577/577
f 580/580/580 577/577/577 581/581/581
f 582/582/582 579/579/579 580/580/580
f 583/583/583 580/580/580 581/581/581
f 581/581/581 584/584/584 583/583/583
f 585/585/585 582/582/582 580/580/580
f 585/585/585 580/580/580 583/583/583
f 586/586/586 582/582/582 585/585/585
f 587/587/587 586/586/586 585/585/585
f 587/587/587 585/585/585 588/588/588
f 588/588/588 585/585/585 583/583/583
f 589/589/589 587/587/587 588/588/588
f 583/583/583 590/590/590 588/588/588
f 584/584/584 590/590/590 583/583/583
f 588/588/588 591/591/591 589/589/589
f 590/590/590 591/591/591 588/588/588
f 591/591/591 592/592/592 589/589/589
f 591/591/591 593/593/593 592/592/592
f 593/593/593 594/594/594 592/592/592
f 590/590/590 595/595/595 591/591/591
f 595/595/595 593/593/593 591/591/591
f 584/584/584 596/596/596 590/590/590
f 596/596/596 595/595/595 590/590/590
f 594/594/594 593/593/593 597/597/597
f 598/598/598 594/594/594 597/597/597
f 595/595/595 599/599/599 593/593/593
f 599/599/599 597/597/597 593/593/593
f 598/598/598 597/597/597 600/600/600
f 601/601/601 598/598/598 600/600/600
f 602/602/602 601/601/601 600/600/600
f 603/603/603 596/596/596 584/584/584
f 584/584/584 604/604/604 603/603/603
f 604/604/604 605/605/605 603/603/603
f 596/596/596 606/606/606 595/595/595
f 606/606/606 599/599/599 595/595/595
f 599/599/599 607/607/607 597/597/597
f 607/607/607 600/600/600 597/597/597
f 608/608/608 602/602/602 600/600/600
f 602/602/602 608/608/608 609/609/609
f 610/610/610 608/608/608 600/600/600
f 607/607/607 610/610/610 600/600/600
f 608/608/608 610/610/610 609/609/609
f 611/611/611 607/607/607 599/599/599
f 606/606/606 611/611/611 599/599/599
f 612/612/612 610/610/610 607/607/607
f 610/610/610 612/612/612 609/609/609
f 611/611/611 612/612/612 607/607/607
f 613/613/613 606/606/606 596/596/596
f 603/603/603 613/613/613 596/596/596
f 614/614/614 612/612/612 611/611/611
f 612/612/612 614/614/614 609/609/609
f 615/615/615 611/611/611 606/606/606
f 615/615/615 614/614/614 611/611/611
f 613/613/613 615/615/615 606/606/606
f 616/616/616 614/614/614 615/615/615
f 614/614/614 616/616/616 609/609/609
f 617/617/617 615/615/615 613/613/613
f 617/617/617 616/616/616 615/615/615
f 618/618/618 613/613/613 603/603/603
f 618/618/618 617/617/617 613/613/613
f 616/616/616 619/619/619 609/609/609
f 619/619/619 616/616/616 617/617/617
f 619/619/619 620/620/620 609/609/609
f 620/620/620 621/621/621 609/609/609
f 622/622/622 619/619/619 617/617/617
f 620/620/620 619/619/619 622/622/622
f 622/622/622 617/617/617 618/618/618
f 621/621/621 620/620/620 623/623/623
f 623/623/623 620/620/620 622/622/622
f 624/624/624 621/621/621 623/623/623
f 625/625/625 618/618/618 603/603/603
f 603/603/603 605/605/605 625/625/625
f 626/626/626 622/622/622 618/618/618
f 623/623/623 622/622/622 626/626/626
f 626/626/626 618/618/618 625/625/625
f 624/624/624 623/623/623 627/627/627
f 627/627/627 623/623/623 626/626/626
f 628/628/628 624/624/624 627/627/627
f 605/605/605 629/629/629 625/625/625
f 605/605/605 630/630/630 629/629/629
f 630/630/630 631/631/631 629/629/629
f 632/632/632 626/626/626 625/625/625
f 625/625/625 629/629/629 632/632/632
f 627/627/627 626/626/626 632/632/632
f 629/629/629 633/633/633 632/632/632
f 628/628/628 627/627/627 634/634/634
f 634/634/634 627/627/627 632/632/632
f 632/632/632 633/633/633 634/634/634
f 635/635/635 628/628/628 634/634/634
f 633/633/633 636/636/636 634/634/634
f 634/634/634 636/636/636 635/635/635
f 636/636/636 637/637/637 635/635/635
f 640/640/640 639/639/639 638/638/638
f 641/641/641 640/640/640 638/638/638
f 644/644/644 643/643/643 642/642/642
f 645/645/645 644/644/644 642/642/642
f 648/648/648 647/647/647 646/646/646
f 649/649/649 648/648/648 646/646/646
f 652/652/652 651/651/651 650/650/650
f 653/653/653 652/652/652 650/650/650
f 656/656/656 655/655/655 654/654/654
f 657/657/657 656/656/656 654/654/654
f 660/660/660 659/659/659 658/658/658
f 661/661/661 660/660/660 658/658/658
f 664/664/664 663/663/663 662/662/662
f 665/665/665 664/664/664 662/662/662
f 668/668/668 667/667/667 666/666/666
f 669/669/669 668/668/668 666/666/666
f 672/672/672 671/671/671 670/670/670
f 673/673/673 672/672/672 670/670/670
f 676/676/676 675/675/675 674/674/674
f 677/677/677 674/674/674 675/675/675
f 678/678/678 677/677/677 675/675/675
f 677/677/677 678/678/678 679/679/679
f 674/674/674 677/677/677 680/680/680
f 681/681/681 677/677/677 679/679/679
f 677/677/677 681/681/681 680/680/680
f 681/681/681 679/679/679 682/682/682
f 681/681/681 683/683/683 680/680/680
f 684/684/684 680/680/680 683/683/683
f 681/681/681 682/682/682 685/685/685
f 686/686/686 685/685/685 682/682/682
f 686/686/686 687/687/687 685/685/685
f 687/687/687 688/688/688 685/685/685
f 689/689/689 683/683/683 681/681/681
f 685/685/685 689/689/689 681/681/681
f 685/685/685 688/688/688 690/690/690
f 689/689/689 685/685/685 690/690/690
f 691/691/691 690/690/690 688/688/688
f 692/692/692 684/684/684 683/683/683
f 692/692/692 683/683/683 689/689/689
f 690/690/690 693/693/693 689/689/689
f 690/690/690 691/691/691 693/693/693
f 689/689/689 693/693/693 692/692/692
f 691/691/691 694/694/694 693/693/693
f 694/694/694 691/691/691 695/695/695
f 696/696/696 694/694/694 695/695/695
f 697/697/697 684/684/684 692/692/692
f 684/684/684 697/697/697 698/698/698
f 697/697/697 699/699/699 698/698/698
f 699/699/699 697/697/697 700/700/700
f 697/697/697 692/692/692 701/701/701
f 697/697/697 701/701/701 700/700/700
f 693/693/693 701/701/701 692/692/692
f 700/700/700 701/701/701 702/702/702
f 703/703/703 701/701/701 693/693/693
f 701/701/701 703/703/703 702/702/702
f 693/693/693 694/694/694 703/703/703
f 694/694/694 702/702/702 703/703/703
f 704/704/704 702/702/702 694/694/694
f 704/704/704 694/694/694 705/705/705
f 705/705/705 694/694/694 706/706/706
f 705/705/705 706/706/706 707/707/707
f 706/706/706 694/694/694 708/708/708
f 694/694/694 696/696/696 708/708/708
f 709/709/709 707/707/707 706/706/706
f 706/706/706 708/708/708 709/709/709
f 708/708/708 696/696/696 710/710/710
f 708/708/708 710/710/710 709/709/709
f 709/709/709 711/711/711 707/707/707
f 711/711/711 712/712/712 707/707/707
f 712/712/712 711/711/711 713/713/713
f 713/713/713 711/711/711 714/714/714
f 711/711/711 709/709/709 714/714/714
f 710/710/710 714/714/714 709/709/709
f 715/715/715 710/710/710 696/696/696
f 710/710/710 715/715/715 714/714/714
f 715/715/715 696/696/696 716/716/716
f 696/696/696 717/717/717 716/716/716
f 714/714/714 715/715/715 718/718/718
f 716/716/716 718/718/718 715/715/715
f 718/718/718 719/719/719 714/714/714
f 716/716/716 719/719/719 718/718/718
f 719/719/719 713/713/713 714/714/714
f 720/720/720 719/719/719 716/716/716
f 721/721/721 720/720/720 716/716/716
f 721/721/721 722/722/722 720/720/720
f 723/723/723 719/719/719 720/720/720
f 713/713/713 719/719/719 723/723/723
f 722/722/722 724/724/724 720/720/720
f 723/723/723 720/720/720 724/724/724
f 722/722/722 725/725/725 724/724/724
f 726/726/726 724/724/724 725/725/725
f 726/726/726 723/723/723 724/724/724
f 726/726/726 725/725/725 727/727/727
f 726/726/726 727/727/727 723/723/723
f 713/713/713 723/723/723 727/727/727
f 713/713/713 727/727/727 728/728/728
f 728/728/728 729/729/729 713/713/713
f 729/729/729 730/730/730 713/713/713
f 730/730/730 712/712/712 713/713/713
f 730/730/730 729/729/729 731/731/731
f 712/712/712 730/730/730 731/731/731
f 734/734/734 733/733/733 732/732/732
f 735/735/735 734/734/734 732/732/732
f 738/738/738 737/737/737 736/736/736
f 739/739/739 738/738/738 736/736/736
f 742/742/742 741/741/741 740/740/740
f 743/743/743 742/742/742 740/740/740
f 746/746/746 745/745/745 744/744/744
f 747/747/747 746/746/746 744/744/744
f 750/750/750 749/749/749 748/748/748
f 751/751/751 750/750/750 748/748/748
f 754/754/754 753/753/753 752/752/752
f 755/755/755 754/754/754 752/752/752
f 758/758/758 757/757/757 756/756/756
f 759/759/759 758/758/758 756/756/756
f 762/762/762 761/761/761 760/760/760
f 763/763/763 762/762/762 760/760/760
f 766/766/766 765/765/765 764/764/764
f 767/767/767 766/766/766 764/764/764
f 770/770/770 769/769/769 768/768/768
f 771/771/771 770/770/770 768/768/768
f 774/774/774 773/773/773 772/772/772
f 775/775/775 774/774/774 772/772/772
f 778/778/778 777/777/777 776/776/776
f 779/779/779 778/778/778 776/776/776
f 782/782/782 781/781/781 780/780/780
f 783/783/783 782/782/782 780/780/780
f 786/786/786 785/785/785 784/784/784
f 787/787/787 786/786/786 784/784/784
f 790/790/790 789/789/789 788/788/788
f 791/791/791 790/790/790 788/788/788
f 794/794/794 793/793/793 792/792/792
f 795/795/795 794/794/794 792/792/792
f 798/798/798 797/797/797 796/796/796
f 799/799/799 798/798/798 796/796/796
f 802/802/802 801/801/801 800/800/800
f 803/803/803 802/802/802 800/800/800
f 806/806/806 805/805/805 804/804/804
f 807/807/807 806/806/806 804/804/804
f 810/810/810 809/809/809 808/808/808
f 811/811/811 810/810/810 808/808/808
f 814/814/814 813/813/813 812/812/812
f 815/815/815 814/814/814 812/812/812
f 818/818/818 817/817/817 816/816/816
f 819/819/819 818/818/818 816/816/816
f 822/822/822 821/821/821 820/820/820
f 823/823/823 822/822/822 820/820/820
f 826/826/826 825/825/825 824/824/824
f 827/827/827 826/826/826 824/824/824
f 830/830/830 829/829/829 828/828/828
f 831/831/831 830/830/830 828/828/828
f 834/834/834 833/833/833 832/832/832
f 835/835/835 834/834/834 832/832/832
f 838/838/838 837/837/837 836/836/836
f 839/839/839 838/838/838 836/836/836
f 842/842/842 841/841/841 840/840/840
f 843/843/843 842/842/842 840/840/840
f 846/846/846 845/845/845 844/844/844
f 847/847/847 846/846/846 844/844/844
f 850/850/850 849/849/849 848/848/848
f 851/851/851 850/850/850 848/848/848
f 854/854/854 853/853/853 852/852/852
f 855/855/855 854/854/854 852/852/852
f 858/858/858 857/857/857 856/856/856
f 859/859/859 858/858/858 856/856/856
f 862/862/862 861/861/861 860/860/860
f 863/863/863 862/862/862 860/860/860
f 866/866/866 865/865/865 864/864/864
f 867/867/867 866/866/866 864/864/864
f 870/870/870 869/869/869 868/868/868
f 871/871/871 870/870/870 868/868/868
f 874/874/874 873/873/873 872/872/872
f 875/875/875 874/874/874 872/872/872
f 878/878/878 877/877/877 876/876/876
f 879/879/879 878/878/878 876/876/876
f 882/882/882 881/881/881 880/880/880
f 883/883/883 882/882/882 880/880/880
f 886/886/886 885/885/885 884/884/884
f 887/887/887 886/886/886 884/884/884
f 890/890/890 889/889/889 888/888/888
f 891/891/891 890/890/890 888/888/888
f 894/894/894 893/893/893 892/892/892
f 895/895/895 894/894/894 892/892/892
f 898/898/898 897/897/897 896/896/896
f 899/899/899 898/898/898 896/896/896
f 902/902/902 901/901/901 900/900/900
f 903/903/903 902/902/902 900/900/900
f 906/906/906 905/905/905 904/904/904
f 907/907/907 906/906/906 904/904/904
f 910/910/910 909/909/909 908/908/908
f 911/911/911 910/910/910 908/908/908
f 914/914/914 913/913/913 912/912/912
f 915/915/915 914/914/914 912/912/912
f 918/918/918 917/917/917 916/916/916
f 919/919/919 918/918/918 916/916/916
f 922/922/922 921/921/921 920/920/920
f 923/923/923 922/922/922 920/920/920
f 926/926/926 925/925/925 924/924/924
f 927/927/927 926/926/926 924/924/924
f 930/930/930 929/929/929 928/928/928
f 931/931/931 930/930/930 928/928/928
f 934/934/934 933/933/933 932/932/932
f 935/935/935 934/934/934 932/932/932
f 938/938/938 937/937/937 936/936/936
f 939/939/939 938/938/938 936/936/936
f 942/942/942 941/941/941 940/940/940
f 943/943/943 942/942/942 940/940/940
f 946/946/946 945/945/945 944/944/944
f 947/947/947 946/946/946 944/944/944
f 950/950/950 949/949/949 948/948/948
f 951/951/951 950/950/950 948/948/948
f 954/954/954 953/953/953 952/952/952
f 955/955/955 954/954/954 952/952/952
f 958/958/958 957/957/957 956/956/956
f 959/959/959 958/958/958 956/956/956
f 962/962/962 961/961/961 960/960/960
f 963/963/963 962/962/962 960/960/960
f 966/966/966 965/965/965 964/964/964
f 967/967/967 966/966/966 964/964/964
f 970/970/970 969/969/969 968/968/968
f 971/971/971 970/970/970 968/968/968
f 974/974/974 973/973/973 972/972/972
f 975/975/975 974/974/974 972/972/972
f 978/978/978 977/977/977 976/976/976
f 979/979/979 978/978/978 976/976/976
f 982/982/982 981/981/981 980/980/980
f 983/983/983 982/982/982 980/980/980
f 986/986/986 985/985/985 984/984/984
f 987/987/987 986/986/986 984/984/984
f 990/990/990 989/989/989 988/988/988
f 991/991/991 990/990/990 988/988/988
f 994/994/994 993/993/993 992/992/992
f 995/995/995 994/994/994 992/992/992
f 998/998/998 997/997/997 996/996/996
f 999/999/999 998/998/998 996/996/996
f 1002/1002/1002 1001/1001/1001 1000/1000/1000
f 1003/1003/1003 1002/1002/1002 1000/1000/1000
f 1006/1006/1006 1005/1005/1005 1004/1004/1004
f 1007/1007/1007 1006/1006/1006 1004/1004/1004
f 1010/1010/1010 1009/1009/1009 1008/1008/1008
f 1011/1011/1011 1010/1010/1010 1008/1008/1008
f 1014/1014/1014 1013/1013/1013 1012/1012/1012
f 1015/1015/1015 1014/1014/1014 1012/1012/1012
f 1018/1018/1018 1017/1017/1017 1016/1016/1016
f 1019/1019/1019 1018/1018/1018 1016/1016/1016
f 1022/1022/1022 1021/1021/1021 1020/1020/1020
f 1023/1023/1023 1022/1022/1022 1020/1020/1020
f 1026/1026/1026 1025/1025/1025 1024/1024/1024
f 1027/1027/1027 1026/1026/1026 1024/1024/1024
f 1030/1030/1030 1029/1029/1029 1028/1028/1028
f 1031/1031/1031 1030/1030/1030 1028/1028/1028
f 1034/1034/1034 1033/1033/1033 1032/1032/1032
f 1035/1035/1035 1034/1034/1034 1032/1032/1032
f 1038/1038/1038 1037/1037/1037 1036/1036/1036
f 1039/1039/1039 1038/1038/1038 1036/1036/1036
f 1042/1042/1042 1041/1041/1041 1040/1040/1040
f 1043/1043/1043 1042/1042/1042 1040/1040/1040
f 1046/1046/1046 1045/1045/1045 1044/1044/1044
f 1047/1047/1047 1046/1046/1046 1044/1044/1044
f 1050/1050/1050 1049/1049/1049 1048/1048/1048
f 1051/1051/1051 1050/1050/1050 1048/1048/1048
f 1054/1054/1054 1053/1053/1053 1052/1052/1052
f 1055/1055/1055 1054/1054/1054 1052/1052/1052
f 1058/1058/1058 1057/1057/1057 1056/1056/1056
f 1059/1059/1059 1058/1058/1058 1056/1056/1056
f 1062/1062/1062 1061/1061/1061 1060/1060/1060
f 1063/1063/1063 1062/1062/1062 1060/1060/1060
f 1066/1066/1066 1065/1065/1065 1064/1064/1064
f 1067/1067/1067 1066/1066/1066 1064/1064/1064
f 1070/1070/1070 1069/1069/1069 1068/1068/1068
f 1071/1071/1071 1070/1070/1070 1068/1068/1068
f 1074/1074/1074 1073/1073/1073 1072/1072/1072
f 1075/1075/1075 1074/1074/1074 1072/1072/1072
f 1078/1078/1078 1077/1077/1077 1076/1076/1076
f 1079/1079/1079 1078/1078/1078 1076/1076/1076
f 1082/1082/1082 1081/1081/1081 1080/1080/1080
f 1083/1083/1083 1082/1082/1082 1080/1080/1080
f 1086/1086/1086 1085/1085/1085 1084/1084/1084
f 1087/1087/1087 1086/1086/1086 1084/1084/1084
f 1090/1090/1090 1089/1089/1089 1088/1088/1088
f 1091/1091/1091 1090/1090/1090 1088/1088/1088
f 1094/1094/1094 1093/1093/1093 1092/1092/1092
f 1095/1095/1095 1094/1094/1094 1092/1092/1092
f 1098/1098/1098 1097/1097/1097 1096/1096/1096
f 1099/1099/1099 1098/1098/1098 1096/1096/1096
f 1102/1102/1102 1101/1101/1101 1100/1100/1100
f 1103/1103/1103 1102/1102/1102 1100/1100/1100
f 1106/1106/1106 1105/1105/1105 1104/1104/1104
f 1107/1107/1107 1106/1106/1106 1104/1104/1104
f 1110/1110/1110 1109/1109/1109 1108/1108/1108
f 1109/1109/1109 1111/1111/1111 1108/1108/1108
f 1108/1108/1108 1111/1111/1111 1112/1112/1112
f 1109/1109/1109 1113/1113/1113 1111/1111/1111
f 1111/1111/1111 1114/1114/1114 1112/1112/1112
f 1115/1115/1115 1112/1112/1112 1114/1114/1114
f 1113/1113/1113 1116/1116/1116 1111/1111/1111
f 1111/1111/1111 1116/1116/1116 1114/1114/1114
f 1113/1113/1113 1117/1117/1117 1116/1116/1116
f 1117/1117/1117 1118/1118/1118 1116/1116/1116
f 1116/1116/1116 1118/1118/1118 1119/1119/1119
f 1116/1116/1116 1119/1119/1119 1114/1114/1114
f 1118/1118/1118 1120/1120/1120 1119/1119/1119
f 1121/1121/1121 1114/1114/1114 1119/1119/1119
f 1121/1121/1121 1115/1115/1115 1114/1114/1114
f 1122/1122/1122 1119/1119/1119 1120/1120/1120
f 1122/1122/1122 1121/1121/1121 1119/1119/1119
f 1123/1123/1123 1122/1122/1122 1120/1120/1120
f 1124/1124/1124 1122/1122/1122 1123/1123/1123
f 1125/1125/1125 1124/1124/1124 1123/1123/1123
f 1126/1126/1126 1121/1121/1121 1122/1122/1122
f 1124/1124/1124 1126/1126/1126 1122/1122/1122
f 1127/1127/1127 1115/1115/1115 1121/1121/1121
f 1126/1126/1126 1127/1127/1127 1121/1121/1121
f 1124/1124/1124 1125/1125/1125 1128/1128/1128
f 1125/1125/1125 1129/1129/1129 1128/1128/1128
f 1130/1130/1130 1126/1126/1126 1124/1124/1124
f 1128/1128/1128 1130/1130/1130 1124/1124/1124
f 1128/1128/1128 1129/1129/1129 1131/1131/1131
f 1129/1129/1129 1132/1132/1132 1131/1131/1131
f 1132/1132/1132 1133/1133/1133 1131/1131/1131
f 1127/1127/1127 1134/1134/1134 1115/1115/1115
f 1135/1135/1135 1115/1115/1115 1134/1134/1134
f 1136/1136/1136 1135/1135/1135 1134/1134/1134
f 1137/1137/1137 1127/1127/1127 1126/1126/1126
f 1130/1130/1130 1137/1137/1137 1126/1126/1126
f 1138/1138/1138 1130/1130/1130 1128/1128/1128
f 1131/1131/1131 1138/1138/1138 1128/1128/1128
f 1133/1133/1133 1139/1139/1139 1131/1131/1131
f 1139/1139/1139 1133/1133/1133 1140/1140/1140
f 1139/1139/1139 1141/1141/1141 1131/1131/1131
f 1141/1141/1141 1138/1138/1138 1131/1131/1131
f 1141/1141/1141 1139/1139/1139 1140/1140/1140
f 1138/1138/1138 1142/1142/1142 1130/1130/1130
f 1142/1142/1142 1137/1137/1137 1130/1130/1130
f 1141/1141/1141 1143/1143/1143 1138/1138/1138
f 1143/1143/1143 1141/1141/1141 1140/1140/1140
f 1143/1143/1143 1142/1142/1142 1138/1138/1138
f 1137/1137/1137 1144/1144/1144 1127/1127/1127
f 1144/1144/1144 1134/1134/1134 1127/1127/1127
f 1143/1143/1143 1145/1145/1145 1142/1142/1142
f 1145/1145/1145 1143/1143/1143 1140/1140/1140
f 1142/1142/1142 1146/1146/1146 1137/1137/1137
f 1145/1145/1145 1146/1146/1146 1142/1142/1142
f 1146/1146/1146 1144/1144/1144 1137/1137/1137
f 1145/1145/1145 1147/1147/1147 1146/1146/1146
f 1147/1147/1147 1145/1145/1145 1140/1140/1140
f 1146/1146/1146 1148/1148/1148 1144/1144/1144
f 1147/1147/1147 1148/1148/1148 1146/1146/1146
f 1144/1144/1144 1149/1149/1149 1134/1134/1134
f 1148/1148/1148 1149/1149/1149 1144/1144/1144
f 1150/1150/1150 1147/1147/1147 1140/1140/1140
f 1147/1147/1147 1150/1150/1150 1148/1148/1148
f 1151/1151/1151 1150/1150/1150 1140/1140/1140
f 1152/1152/1152 1151/1151/1151 1140/1140/1140
f 1150/1150/1150 1153/1153/1153 1148/1148/1148
f 1150/1150/1150 1151/1151/1151 1153/1153/1153
f 1148/1148/1148 1153/1153/1153 1149/1149/1149
f 1151/1151/1151 1152/1152/1152 1154/1154/1154
f 1151/1151/1151 1154/1154/1154 1153/1153/1153
f 1152/1152/1152 1155/1155/1155 1154/1154/1154
f 1149/1149/1149 1156/1156/1156 1134/1134/1134
f 1136/1136/1136 1134/1134/1134 1156/1156/1156
f 1153/1153/1153 1157/1157/1157 1149/1149/1149
f 1153/1153/1153 1154/1154/1154 1157/1157/1157
f 1149/1149/1149 1157/1157/1157 1156/1156/1156
f 1154/1154/1154 1155/1155/1155 1158/1158/1158
f 1154/1154/1154 1158/1158/1158 1157/1157/1157
f 1155/1155/1155 1159/1159/1159 1158/1158/1158
f 1160/1160/1160 1136/1136/1136 1156/1156/1156
f 1161/1161/1161 1136/1136/1136 1160/1160/1160
f 1162/1162/1162 1161/1161/1161 1160/1160/1160
f 1157/1157/1157 1163/1163/1163 1156/1156/1156
f 1160/1160/1160 1156/1156/1156 1163/1163/1163
f 1157/1157/1157 1158/1158/1158 1163/1163/1163
f 1164/1164/1164 1160/1160/1160 1163/1163/1163
f 1158/1158/1158 1159/1159/1159 1165/1165/1165
f 1158/1158/1158 1165/1165/1165 1163/1163/1163
f 1164/1164/1164 1163/1163/1163 1165/1165/1165
f 1159/1159/1159 1166/1166/1166 1165/1165/1165
f 1167/1167/1167 1164/1164/1164 1165/1165/1165
f 1167/1167/1167 1165/1165/1165 1166/1166/1166
f 1168/1168/1168 1167/1167/1167 1166/1166/1166
f 1171/1171/1171 1170/1170/1170 1169/1169/1169
f 1172/1172/1172 1171/1171/1171 1169/1169/1169
f 1175/1175/1175 1174/1174/1174 1173/1173/1173
f 1176/1176/1176 1175/1175/1175 1173/1173/1173
f 1179/1179/1179 1178/1178/1178 1177/1177/1177
f 1180/1180/1180 1179/1179/1179 1177/1177/1177
f 1183/1183/1183 1182/1182/1182 1181/1181/1181
f 1184/1184/1184 1183/1183/1183 1181/1181/1181
f 1187/1187/1187 1186/1186/1186 1185/1185/1185
f 1188/1188/1188 1187/1187/1187 1185/1185/1185
f 1191/1191/1191 1190/1190/1190 1189/1189/1189
f 1192/1192/1192 1191/1191/1191 1189/1189/1189
f 1195/1195/1195 1194/1194/1194 1193/1193/1193
f 1196/1196/1196 1195/1195/1195 1193/1193/1193
f 1199/1199/1199 1198/1198/1198 1197/1197/1197
f 1200/1200/1200 1199/1199/1199 1197/1197/1197
f 1203/1203/1203 1202/1202/1202 1201/1201/1201
f 1201/1201/1201 1204/1204/1204 1203/1203/1203
f 1204/1204/1204 1205/1205/1205 1203/1203/1203
f 1205/1205/1205 1204/1204/1204 1206/1206/1206
f 1204/1204/1204 1201/1201/1201 1207/1207/1207
f 1204/1204/1204 1208/1208/1208 1206/1206/1206
f 1208/1208/1208 1204/1204/1204 1207/1207/1207
f 1206/1206/1206 1208/1208/1208 1209/1209/1209
f 1210/1210/1210 1208/1208/1208 1207/1207/1207
f 1207/1207/1207 1211/1211/1211 1210/1210/1210
f 1209/1209/1209 1208/1208/1208 1212/1212/1212
f 1212/1212/1212 1213/1213/1213 1209/1209/1209
f 1214/1214/1214 1213/1213/1213 1212/1212/1212
f 1215/1215/1215 1214/1214/1214 1212/1212/1212
f 1210/1210/1210 1216/1216/1216 1208/1208/1208
f 1216/1216/1216 1212/1212/1212 1208/1208/1208
f 1215/1215/1215 1212/1212/1212 1217/1217/1217
f 1212/1212/1212 1216/1216/1216 1217/1217/1217
f 1217/1217/1217 1218/1218/1218 1215/1215/1215
f 1211/1211/1211 1219/1219/1219 1210/1210/1210
f 1210/1210/1210 1219/1219/1219 1216/1216/1216
f 1220/1220/1220 1217/1217/1217 1216/1216/1216
f 1218/1218/1218 1217/1217/1217 1220/1220/1220
f 1220/1220/1220 1216/1216/1216 1219/1219/1219
f 1221/1221/1221 1218/1218/1218 1220/1220/1220
f 1218/1218/1218 1221/1221/1221 1222/1222/1222
f 1221/1221/1221 1223/1223/1223 1222/1222/1222
f 1211/1211/1211 1224/1224/1224 1219/1219/1219
f 1224/1224/1224 1211/1211/1211 1225/1225/1225
f 1226/1226/1226 1224/1224/1224 1225/1225/1225
f 1224/1224/1224 1226/1226/1226 1227/1227/1227
f 1219/1219/1219 1224/1224/1224 1228/1228/1228
f 1228/1228/1228 1224/1224/1224 1227/1227/1227
f 1228/1228/1228 1220/1220/1220 1219/1219/1219
f 1228/1228/1228 1227/1227/1227 1229/1229/1229
f 1228/1228/1228 1230/1230/1230 1220/1220/1220
f 1230/1230/1230 1228/1228/1228 1229/1229/1229
f 1221/1221/1221 1220/1220/1220 1230/1230/1230
f 1229/1229/1229 1221/1221/1221 1230/1230/1230
f 1229/1229/1229 1231/1231/1231 1221/1221/1221
f 1221/1221/1221 1231/1231/1231 1232/1232/1232
f 1221/1221/1221 1232/1232/1232 1233/1233/1233
f 1233/1233/1233 1232/1232/1232 1234/1234/1234
f 1221/1221/1221 1233/1233/1233 1235/1235/1235
f 1223/1223/1223 1221/1221/1221 1235/1235/1235
f 1234/1234/1234 1236/1236/1236 1233/1233/1233
f 1235/1235/1235 1233/1233/1233 1236/1236/1236
f 1223/1223/1223 1235/1235/1235 1237/1237/1237
f 1237/1237/1237 1235/1235/1235 1236/1236/1236
f 1238/1238/1238 1236/1236/1236 1234/1234/1234
f 1239/1239/1239 1238/1238/1238 1234/1234/1234
f 1238/1238/1238 1239/1239/1239 1240/1240/1240
f 1238/1238/1238 1240/1240/1240 1241/1241/1241
f 1236/1236/1236 1238/1238/1238 1241/1241/1241
f 1241/1241/1241 1237/1237/1237 1236/1236/1236
f 1237/1237/1237 1242/1242/1242 1223/1223/1223
f 1242/1242/1242 1237/1237/1237 1241/1241/1241
f 1223/1223/1223 1242/1242/1242 1243/1243/1243
f 1244/1244/1244 1223/1223/1223 1243/1243/1243
f 1242/1242/1242 1241/1241/1241 1245/1245/1245
f 1245/1245/1245 1243/1243/1243 1242/1242/1242
f 1246/1246/1246 1245/1245/1245 1241/1241/1241
f 1246/1246/1246 1243/1243/1243 1245/1245/1245
f 1240/1240/1240 1246/1246/1246 1241/1241/1241
f 1246/1246/1246 1247/1247/1247 1243/1243/1243
f 1247/1247/1247 1248/1248/1248 1243/1243/1243
f 1249/1249/1249 1248/1248/1248 1247/1247/1247
f 1246/1246/1246 1250/1250/1250 1247/1247/1247
f 1246/1246/1246 1240/1240/1240 1250/1250/1250
f 1251/1251/1251 1249/1249/1249 1247/1247/1247
f 1247/1247/1247 1250/1250/1250 1251/1251/1251
f 1252/1252/1252 1249/1249/1249 1251/1251/1251
f 1251/1251/1251 1253/1253/1253 1252/1252/1252
f 1250/1250/1250 1253/1253/1253 1251/1251/1251
f 1252/1252/1252 1253/1253/1253 1254/1254/1254
f 1254/1254/1254 1253/1253/1253 1250/1250/1250
f 1250/1250/1250 1240/1240/1240 1254/1254/1254
f 1254/1254/1254 1240/1240/1240 1255/1255/1255
f 1256/1256/1256 1255/1255/1255 1240/1240/1240
f 1257/1257/1257 1256/1256/1256 1240/1240/1240
f 1239/1239/1239 1257/1257/1257 1240/1240/1240
f 1256/1256/1256 1257/1257/1257 1258/1258/1258
f 1257/1257/1257 1239/1239/1239 1258/1258/1258
f 1261/1261/1261 1260/1260/1260 1259/1259/1259
f 1262/1262/1262 1261/1261/1261 1259/1259/1259
f 1265/1265/1265 1264/1264/1264 1263/1263/1263
f 1266/1266/1266 1265/1265/1265 1263/1263/1263
f 1269/1269/1269 1268/1268/1268 1267/1267/1267
f 1270/1270/1270 1269/1269/1269 1267/1267/1267
f 1273/1273/1273 1272/1272/1272 1271/1271/1271
f 1274/1274/1274 1273/1273/1273 1271/1271/1271
f 1277/1277/1277 1276/1276/1276 1275/1275/1275
f 1278/1278/1278 1277/1277/1277 1275/1275/1275
f 1281/1281/1281 1280/1280/1280 1279/1279/1279
f 1282/1282/1282 1281/1281/1281 1279/1279/1279
f 1285/1285/1285 1284/1284/1284 1283/1283/1283
f 1286/1286/1286 1285/1285/1285 1283/1283/1283
f 1289/1289/1289 1288/1288/1288 1287/1287/1287
f 1290/1290/1290 1289/1289/1289 1287/1287/1287
f 1293/1293/1293 1292/1292/1292 1291/1291/1291
f 1294/1294/1294 1293/1293/1293 1291/1291/1291
f 1297/1297/1297 1296/1296/1296 1295/1295/1295
f 1298/1298/1298 1297/1297/1297 1295/1295/1295
f 1301/1301/1301 1300/1300/1300 1299/1299/1299
f 1302/1302/1302 1301/1301/1301 1299/1299/1299
f 1305/1305/1305 1304/1304/1304 1303/1303/1303
f 1306/1306/1306 1305/1305/1305 1303/1303/1303
f 1309/1309/1309 1308/1308/1308 1307/1307/1307
f 1310/1310/1310 1309/1309/1309 1307/1307/1307
f 1313/1313/1313 1312/1312/1312 1311/1311/1311
f 1314/1314/1314 1313/1313/1313 1311/1311/1311
f 1317/1317/1317 1316/1316/1316 1315/1315/1315
f 1318/1318/1318 1317/1317/1317 1315/1315/1315
f 1321/1321/1321 1320/1320/1320 1319/1319/1319
f 1322/1322/1322 1321/1321/1321 1319/1319/1319
f 1325/1325/1325 1324/1324/1324 1323/1323/1323
f 1326/1326/1326 1325/1325/1325 1323/1323/1323
f 1329/1329/1329 1328/1328/1328 1327/1327/1327
f 1330/1330/1330 1329/1329/1329 1327/1327/1327
f 1333/1333/1333 1332/1332/1332 1331/1331/1331
f 1334/1334/1334 1333/1333/1333 1331/1331/1331
f 1337/1337/1337 1336/1336/1336 1335/1335/1335
f 1338/1338/1338 1337/1337/1337 1335/1335/1335
f 1341/1341/1341 1340/1340/1340 1339/1339/1339
f 1342/1342/1342 1341/1341/1341 1339/1339/1339
f 1345/1345/1345 1344/1344/1344 1343/1343/1343
f 1346/1346/1346 1345/1345/1345 1343/1343/1343
f 1349/1349/1349 1348/1348/1348 1347/1347/1347
f 1350/1350/1350 1349/1349/1349 1347/1347/1347
f 1353/1353/1353 1352/1352/1352 1351/1351/1351
f 1354/1354/1354 1353/1353/1353 1351/1351/1351
f 1357/1357/1357 1356/1356/1356 1355/1355/1355
f 1358/1358/1358 1357/1357/1357 1355/1355/1355
f 1361/1361/1361 1360/1360/1360 1359/1359/1359
f 1362/1362/1362 1361/1361/1361 1359/1359/1359
f 1365/1365/1365 1364/1364/1364 1363/1363/1363
f 1366/1366/1366 1365/1365/1365 1363/1363/1363
f 1369/1369/1369 1368/1368/1368 1367/1367/1367
f 1370/1370/1370 1369/1369/1369 1367/1367/1367
f 1373/1373/1373 1372/1372/1372 1371/1371/1371
f 1374/1374/1374 1373/1373/1373 1371/1371/1371
f 1377/1377/1377 1376/1376/1376 1375/1375/1375
f 1378/1378/1378 1377/1377/1377 1375/1375/1375
f 1381/1381/1381 1380/1380/1380 1379/1379/1379
f 1382/1382/1382 1381/1381/1381 1379/1379/1379
f 1385/1385/1385 1384/1384/1384 1383/1383/1383
f 1386/1386/1386 1385/1385/1385 1383/1383/1383
f 1389/1389/1389 1388/1388/1388 1387/1387/1387
f 1390/1390/1390 1389/1389/1389 1387/1387/1387
f 1393/1393/1393 1392/1392/1392 1391/1391/1391
f 1394/1394/1394 1393/1393/1393 1391/1391/1391
f 1397/1397/1397 1396/1396/1396 1395/1395/1395
f 1398/1398/1398 1397/1397/1397 1395/1395/1395
f 1401/1401/1401 1400/1400/1400 1399/1399/1399
f 1402/1402/1402 1401/1401/1401 1399/1399/1399
f 1405/1405/1405 1404/1404/1404 1403/1403/1403
f 1406/1406/1406 1405/1405/1405 1403/1403/1403
f 1409/1409/1409 1408/1408/1408 1407/1407/1407
f 1410/1410/1410 1409/1409/1409 1407/1407/1407
f 1413/1413/1413 1412/1412/1412 1411/1411/1411
f 1414/1414/1414 1413/1413/1413 1411/1411/1411
f 1417/1417/1417 1416/1416/1416 1415/1415/1415
f 1418/1418/1418 1417/1417/1417 1415/1415/1415
f 1421/1421/1421 1420/1420/1420 1419/1419/1419
f 1422/1422/1422 1421/1421/1421 1419/1419/1419
f 1425/1425/1425 1424/1424/1424 1423/1423/1423
f 1426/1426/1426 1425/1425/1425 1423/1423/1423
f 1429/1429/1429 1428/1428/1428 1427/1427/1427
f 1430/1430/1430 1429/1429/1429 1427/1427/1427
f 1433/1433/1433 1432/1432/1432 1431/1431/1431
f 1434/1434/1434 1433/1433/1433 1431/1431/1431
f 1437/1437/1437 1436/1436/1436 1435/1435/1435
f 1438/1438/1438 1437/1437/1437 1435/1435/1435
f 1441/1441/1441 1440/1440/1440 1439/1439/1439
f 1442/1442/1442 1441/1441/1441 1439/1439/1439
f 1445/1445/1445 1444/1444/1444 1443/1443/1443
f 1446/1446/1446 1445/1445/1445 1443/1443/1443
f 1449/1449/1449 1448/1448/1448 1447/1447/1447
f 1450/1450/1450 1449/1449/1449 1447/1447/1447
f 1453/1453/1453 1452/1452/1452 1451/1451/1451
f 1454/1454/1454 1453/1453/1453 1451/1451/1451
f 1457/1457/1457 1456/1456/1456 1455/1455/1455
f 1458/1458/1458 1457/1457/1457 1455/1455/1455
g Helm.004_1
f 1461/1461/1461 1460/1460/1460 1459/1459/1459
f 1459/1459/1459 1462/1462/1462 1461/1461/1461
f 1462/1462/1462 1463/1463/1463 1461/1461/1461
f 1462/1462/1462 1464/1464/1464 1463/1463/1463
f 1464/1464/1464 1465/1465/1465 1463/1463/1463
f 1464/1464/1464 1466/1466/1466 1465/1465/1465
f 1469/1469/1469 1468/1468/1468 1467/1467/1467
f 1467/1467/1467 1470/1470/1470 1469/1469/1469
f 1467/1467/1467 1471/1471/1471 1470/1470/1470
f 1471/1471/1471 1472/1472/1472 1470/1470/1470
f 1471/1471/1471 1473/1473/1473 1472/1472/1472
f 1473/1473/1473 1474/1474/1474 1472/1472/1472
f 1477/1477/1477 1476/1476/1476 1475/1475/1475
f 1476/1476/1476 1478/1478/1478 1475/1475/1475
f 1476/1476/1476 1479/1479/1479 1478/1478/1478
f 1477/1477/1477 1475/1475/1475 1480/1480/1480
f 1481/1481/1481 1477/1477/1477 1480/1480/1480
f 1479/1479/1479 1482/1482/1482 1478/1478/1478
f 1479/1479/1479 1483/1483/1483 1482/1482/1482
f 1481/1481/1481 1480/1480/1480 1484/1484/1484
f 1485/1485/1485 1481/1481/1481 1484/1484/1484
f 1483/1483/1483 1486/1486/1486 1482/1482/1482
f 1483/1483/1483 1487/1487/1487 1486/1486/1486
f 1485/1485/1485 1484/1484/1484 1488/1488/1488
f 1489/1489/1489 1485/1485/1485 1488/1488/1488
f 1487/1487/1487 1489/1489/1489 1490/1490/1490
f 1487/1487/1487 1490/1490/1490 1486/1486/1486
f 1489/1489/1489 1488/1488/1488 1490/1490/1490
f 1480/1480/1480 1475/1475/1475 1491/1491/1491
f 1475/1475/1475 1478/1478/1478 1492/1492/1492
f 1475/1475/1475 1492/1492/1492 1491/1491/1491
f 1478/1478/1478 1482/1482/1482 1493/1493/1493
f 1478/1478/1478 1493/1493/1493 1492/1492/1492
f 1484/1484/1484 1480/1480/1480 1494/1494/1494
f 1480/1480/1480 1491/1491/1491 1494/1494/1494
f 1484/1484/1484 1494/1494/1494 1495/1495/1495
f 1488/1488/1488 1484/1484/1484 1495/1495/1495
f 1495/1495/1495 1494/1494/1494 1491/1491/1491
f 1488/1488/1488 1495/1495/1495 1496/1496/1496
f 1496/1496/1496 1495/1495/1495 1491/1491/1491
f 1490/1490/1490 1488/1488/1488 1496/1496/1496
f 1496/1496/1496 1491/1491/1491 1492/1492/1492
f 1490/1490/1490 1496/1496/1496 1497/1497/1497
f 1497/1497/1497 1496/1496/1496 1492/1492/1492
f 1497/1497/1497 1492/1492/1492 1493/1493/1493
f 1486/1486/1486 1490/1490/1490 1497/1497/1497
f 1482/1482/1482 1498/1498/1498 1493/1493/1493
f 1493/1493/1493 1498/1498/1498 1497/1497/1497
f 1486/1486/1486 1497/1497/1497 1498/1498/1498
f 1482/1482/1482 1486/1486/1486 1498/1498/1498
f 1501/1501/1501 1500/1500/1500 1499/1499/1499
f 1502/1502/1502 1501/1501/1501 1499/1499/1499
f 1503/1503/1503 1501/1501/1501 1502/1502/1502
f 1499/1499/1499 1500/1500/1500 1504/1504/1504
f 1500/1500/1500 1505/1505/1505 1504/1504/1504
f 1506/1506/1506 1503/1503/1503 1502/1502/1502
f 1507/1507/1507 1503/1503/1503 1506/1506/1506
f 1504/1504/1504 1505/1505/1505 1508/1508/1508
f 1505/1505/1505 1509/1509/1509 1508/1508/1508
f 1510/1510/1510 1507/1507/1507 1506/1506/1506
f 1511/1511/1511 1507/1507/1507 1510/1510/1510
f 1508/1508/1508 1509/1509/1509 1512/1512/1512
f 1509/1509/1509 1513/1513/1513 1512/1512/1512
f 1513/1513/1513 1511/1511/1511 1514/1514/1514
f 1514/1514/1514 1511/1511/1511 1510/1510/1510
f 1512/1512/1512 1513/1513/1513 1514/1514/1514
f 1499/1499/1499 1504/1504/1504 1515/1515/1515
f 1502/1502/1502 1499/1499/1499 1516/1516/1516
f 1516/1516/1516 1499/1499/1499 1515/1515/1515
f 1506/1506/1506 1502/1502/1502 1517/1517/1517
f 1517/1517/1517 1502/1502/1502 1516/1516/1516
f 1504/1504/1504 1508/1508/1508 1518/1518/1518
f 1515/1515/1515 1504/1504/1504 1518/1518/1518
f 1518/1518/1518 1508/1508/1508 1519/1519/1519
f 1508/1508/1508 1512/1512/1512 1519/1519/1519
f 1515/1515/1515 1518/1518/1518 1519/1519/1519
f 1519/1519/1519 1512/1512/1512 1520/1520/1520
f 1515/1515/1515 1519/1519/1519 1520/1520/1520
f 1512/1512/1512 1514/1514/1514 1520/1520/1520
f 1516/1516/1516 1515/1515/1515 1520/1520/1520
f 1520/1520/1520 1514/1514/1514 1521/1521/1521
f 1516/1516/1516 1520/1520/1520 1521/1521/1521
f 1517/1517/1517 1516/1516/1516 1521/1521/1521
f 1514/1514/1514 1510/1510/1510 1521/1521/1521
f 1522/1522/1522 1506/1506/1506 1517/1517/1517
f 1521/1521/1521 1522/1522/1522 1517/1517/1517
f 1510/1510/1510 1506/1506/1506 1522/1522/1522
f 1521/1521/1521 1510/1510/1510 1522/1522/1522
