g lagihelm
v -0.000437326409 -0.00173866283 0.0172482971
v -0.000280510576 -0.00200121873 0.0174482632
v -0.000253496051 -0.00204419065 0.0174768865
v -0.000224116477 -0.00227683224 0.0179143064
v -0.000203031712 -0.00226847758 0.0178785753
v -0.00014846772 -0.00217961869 0.0176322814
v -0.000356679549 -0.00183239591 0.018531261
v -0.000405163242 -0.00191029301 0.0185921192
v -0.000458340335 -0.001892976 0.0185810775
v -0.000473602064 -0.00160270999 0.0176559519
v -0.000473472814 -0.00160335458 0.0176563822
v -0.00043160122 -0.00178771908 0.017762728
v -0.000382564991 -0.00191544229 0.0178911667
v -0.000447938161 -0.00177394238 0.0180292204
v -0.000306162372 -0.002080929 0.0177318752
v -0.000576421851 -0.00147664547 0.0179532561
v -0.000479206239 -0.00170104334 0.0180008132
v -0.000471202715 -0.00171929935 0.0180007834
v -0.000722883909 -0.00138025894 0.0186895486
v -0.000617213664 -0.00139959541 0.0187045615
v -0.000616378733 -0.00147579936 0.0186234787
v 0.000253496051 -0.00204419065 0.0174768865
v 0.000280510576 -0.00200121873 0.0174482632
v 0.000437326409 -0.00173866283 0.0172482971
v 0.000224116477 -0.00227683224 0.0179143064
v 0.00014846772 -0.00217961869 0.0176322814
v 0.000203031712 -0.00226847758 0.0178785753
v 0.000356679549 -0.00183239591 0.018531261
v 0.000458340335 -0.001892976 0.0185810775
v 0.000405163242 -0.00191029301 0.0185921192
v 0.00043160122 -0.00178771908 0.017762728
v 0.000473472814 -0.00160335458 0.0176563822
v 0.000473602064 -0.00160270999 0.0176559519
v 0.000306162372 -0.002080929 0.0177318752
v 0.000447938161 -0.00177394238 0.0180292204
v 0.000382564991 -0.00191544229 0.0178911667
v 0.000471202715 -0.00171929935 0.0180007834
v 0.000479206239 -0.00170104334 0.0180008132
v 0.000576421851 -0.00147664547 0.0179532561
v 0.000722883909 -0.00138025894 0.0186895486
v 0.000616378733 -0.00147579936 0.0186234787
v 0.000617213664 -0.00139959541 0.0187045615
v -0.000253626116 -0.00204338273 0.0174774602
v -0.000280284323 -0.00200059311 0.0174490083
v -0.000436556264 -0.00173861848 0.0172489341
v -0.000223907075 -0.00227591139 0.0179146361
v -0.000148073595 -0.00217877328 0.0176326428
v -0.000203295349 -0.00226758211 0.0178789329
v -0.000356941135 -0.00183252792 0.0185303055
v -0.00045852171 -0.00189371046 0.0185804237
v -0.000405365077 -0.00191117905 0.018591702
v -0.00045852171 -0.00189371046 0.0185804237
v -0.00067980733 -0.00158780953 0.0189073086
v -0.000405365077 -0.00191117905 0.018591702
v -0.000444624369 -0.00177574658 0.0177935027
v -0.000472989486 -0.0016026774 0.0176569354
v -0.000472912652 -0.00160211406 0.0176563635
v -0.000305216206 -0.0020806056 0.0177318826
v -0.000447347818 -0.00177339057 0.018029809
v -0.000382059632 -0.00191475428 0.0178906452
v -0.000470636471 -0.00171896571 0.0180015378
v -0.000478593895 -0.00170095603 0.0180015992
v -0.000575826853 -0.00147587887 0.0179534983
v -0.000723508303 -0.00137952087 0.0186892934
v -0.000615972443 -0.00147603196 0.018622594
v -0.000616498117 -0.00139890204 0.0187046472
v 0.000436556264 -0.00173861848 0.0172489341
v 0.000280284323 -0.00200059311 0.0174490083
v 0.000253626087 -0.00204338273 0.0174774602
v 0.000223907075 -0.00227591139 0.0179146361
v 0.000203295349 -0.00226758211 0.0178789329
v 0.000148073595 -0.00217877328 0.0176326428
v 0.000356941135 -0.00183252792 0.0185303055
v 0.000405365077 -0.00191117905 0.018591702
v 0.00045852171 -0.00189371046 0.0185804237
v 0.00045852171 -0.00189371046 0.0185804237
v 0.000405365077 -0.00191117905 0.018591702
v 0.00067980733 -0.00158780953 0.0189073086
v 0.000472912652 -0.00160211406 0.0176563635
v 0.000472989486 -0.0016026774 0.0176569354
v 0.000444624369 -0.00177574658 0.0177935027
v 0.000382059632 -0.00191475428 0.0178906452
v 0.000447347818 -0.00177339057 0.018029809
v 0.000305216206 -0.0020806056 0.0177318826
v 0.000575826853 -0.00147587887 0.0179534983
v 0.000478593895 -0.00170095603 0.0180015992
v 0.000470636471 -0.00171896571 0.0180015378
v 0.000723508303 -0.00137952087 0.0186892934
v 0.000616498117 -0.00139890204 0.0187046472
v 0.000615972443 -0.00147603196 0.018622594
v -0 -0.00180002546 0.0170278251
v -5.96057835E-05 -0.00171881029 0.0171463452
v -0 -0.00211262703 0.016882075
v -0.000437326409 -0.00173866283 0.0172482971
v -7.61693882E-05 -0.00168472505 0.0172016565
v -0.000170852931 -0.00157280103 0.0172916278
v -0.000265996438 -0.00153107801 0.0173384082
v -0.000363149971 -0.00146735483 0.01738308
v -0.000608834787 -0.00130246265 0.0174980201
v -0.000452069653 -0.00127871276 0.0174927525
v -0.00048829586 -0.00122552179 0.0175022781
v -0.000689635053 -0.000985705061 0.0175579954
v -0.000185940749 -0.00243740203 0.0181567315
v -0 -0.00252075726 0.0181061476
v -0 -0.00254033436 0.0180163477
v -0.000266303745 -0.00242432207 0.0180735886
v -0.00014846772 -0.00217961869 0.0176322814
v -0.000224116477 -0.00227683224 0.0179143064
v -0.000257595384 -0.00228182459 0.0179396607
v -0.000293040794 -0.00227398495 0.0179576427
v -0.000302277738 -0.00227121497 0.0179618374
v -0.000318556762 -0.0022464369 0.01799904
v -0.000326112757 -0.00222554011 0.0180076715
v -0.000424563623 -0.00217131968 0.0182217862
v -0.00042452052 -0.00218772516 0.0182995275
v -0.000492830237 -0.0018938682 0.0183887444
v -0.000495211978 -0.00191243319 0.0184468217
v -0.000715007074 -0.00160035922 0.0185252819
v -0.000481920782 -0.00175499823 0.0181672685
v -0.000455034286 -0.00179882639 0.0180904567
v -0.000343165011 -0.00215763645 0.0180080868
v -0.000346227229 -0.00213532033 0.0179988574
v -0.000342787564 -0.00211347616 0.0179661084
v -0.000459293515 -0.00180087448 0.0181007683
v -0.000468295475 -0.00179417292 0.01811672
v -0.00047157018 -0.00178777962 0.0181320813
v -0.000479110982 -0.00176787178 0.0181619432
v -0.000495075714 -0.00173477107 0.0181755982
v -0.000449612999 -0.00179396325 0.0180660132
v -0.000519441499 -0.00168652483 0.0181761626
v -0.000342724728 -0.00210981024 0.0179606266
v -0.000531830708 -0.0016511936 0.0181615632
v -0.000531089376 -0.00163385621 0.0181356203
v -0.000340928353 -0.00210061413 0.0179384425
v -0.000306162372 -0.002080929 0.0177318752
v -0.000329447648 -0.00210988545 0.017892424
v -0.000449316314 -0.00179354113 0.0180638935
v -0.000322942564 -0.00211862987 0.0178712644
v -0.000446892693 -0.00178120926 0.0180340689
v -0.000447938161 -0.00177394238 0.0180292204
v -0.000306588539 -0.00215920969 0.0178442411
v -0.000306162372 -0.0021604111 0.0178437382
v -0.000530282559 -0.0016317101 0.0181304403
v -0.000909706636 -0.001073163 0.0184049476
v -0.000858282379 -0.0014005485 0.0186239611
v -0.000994266942 -0.00123547472 0.0187224001
v -0.000898925064 -0.000795346452 0.0184977222
v -0.000930081238 -0.000828733493 0.0184012651
v -0.000938471814 -0.000743670622 0.0186649952
v -0.000912923657 -0.000743707176 0.0185775738
v -0.000786064717 -0.00124005496 0.0183141958
v -0.000819167937 -0.00118355406 0.018337477
v -0.000820463581 -0.00117115141 0.0183375124
v -0.000773547217 -0.00124673243 0.0183041301
v -0.000709547137 -0.00126916298 0.0182516593
v -0.000704295642 -0.00126826763 0.0182471182
v -0.000519590976 -0.00162782997 0.018121019
v -0.000517177745 -0.00162002514 0.0181021858
v -0.000517533103 -0.00161909009 0.0180999339
v -0.00079866848 -0.00111472036 0.0183141399
v -0.00078863505 -0.00110885082 0.018305108
v -0.000786571531 -0.00110810192 0.0183032881
v -0.00077982567 -0.00108628417 0.0182506423
v -0.000858830113 -0.000845197821 0.0181845892
v -0.000775361783 -0.00108866417 0.0182389207
v -0.000918112695 -0.000768863538 0.0182760712
v -0.000750449777 -0.00111070694 0.0181855503
v -0.000837622443 -0.000622898981 0.0183336847
v -0.000743109558 -0.00112279679 0.0181775168
v -0.000715935079 -0.00117367739 0.0181561876
v -0.000648887595 -0.00131479383 0.0180158261
v -0.000712392444 -0.00118232355 0.0181561746
v -0.000698501826 -0.00123067189 0.0181759801
v -0.000695305818 -0.00124584313 0.0181860998
v -0.000701502024 -0.00126569788 0.0182342045
v -0.000837687228 -0.000898331171 0.0180235561
v -0.000641938357 -0.00133308105 0.0180598777
v -0.000636859389 -0.00134570326 0.0180786196
v -0.000618583465 -0.0013883689 0.0180962477
v -0.000602622633 -0.00142475823 0.0180958752
v -0.000584286987 -0.00146565319 0.0180789977
v -0.00057702139 -0.00148095808 0.0180560332
v -0.000568954216 -0.00149720337 0.0180169921
v -0.000570704986 -0.00149167888 0.0179892983
v -0.000576421851 -0.00147664547 0.0179532561
v -0.000513965439 -0.00162546546 0.0180680323
v -0.000506864453 -0.00163975381 0.0180334672
v -0.000493980886 -0.00166810106 0.0180145986
v -0.000479206239 -0.00170104334 0.0180008132
v -0.00064849254 -0.00131549966 0.0180122927
v -0.000715562317 -0.00116972334 0.0179645196
v -0.000712875684 -0.0011760263 0.0179550648
v -0.000738197705 -0.00111901481 0.0179854464
v -0.000747831655 -0.00109778636 0.0179856718
v -0.00075574551 -0.00108064455 0.01797859
v -0.000647187815 -0.00131911214 0.0179941729
v -0.000639702019 -0.0013374039 0.0179499295
v -0.000774798158 -0.00104553648 0.0179640893
v -0.000779374503 -0.00103893399 0.0179543328
v -0.000783557713 -0.00103385956 0.017942125
v -0.000631130941 -0.00135680847 0.017937012
v -0.000833108381 -0.000925180269 0.0179639459
v -0.00061200792 -0.00139965885 0.0179190803
v -0.000778145099 -0.00101657899 0.0179004241
v -0.00044637348 -0.0017681293 0.0178294685
v -0.000606163172 -0.00141253299 0.0179190598
v -0.000587510236 -0.00145294599 0.0179355163
v -0.00057698309 -0.00147551904 0.0179505609
v -0.000576421851 -0.00147664547 0.0179532561
v -0.000444825331 -0.00177241571 0.017807968
v -0.000712020614 -0.00117916544 0.017950356
v -0.000709597312 -0.00119607674 0.017909551
v -0.000445494836 -0.0017753318 0.0177932382
v -0.000443318189 -0.00177425705 0.0178442243
v -0.000471202715 -0.00171929935 0.0180007834
v -0.000457981369 -0.00175015547 0.0180133637
v -0.000447938161 -0.00177394238 0.0180292204
v -0.000441003067 -0.00178034953 0.017858902
v -0.000432357192 -0.00180183596 0.0178908072
v -0.000420310942 -0.00182995817 0.0179024246
v -0.000394134782 -0.00188963779 0.0179018155
v -0.000382564991 -0.00191544229 0.0178911667
v -0.000534688355 -0.00155490474 0.0177990738
v -0.000516056258 -0.00159086077 0.0177842472
v -0.000552296231 -0.001510842 0.0177994873
v -0.000500472903 -0.00160943659 0.017756341
v -0.000562664354 -0.00147316919 0.0177839156
v -0.000561969762 -0.00145718083 0.0177599918
v -0.000485106895 -0.00162341562 0.0177229755
v -0.000477629772 -0.00161650521 0.0176882446
v -0.000473472814 -0.00160335458 0.0176563822
v -0.000445113023 -0.00177553843 0.0177922193
v -0.00043160122 -0.00178771908 0.017762728
v -0.000557029329 -0.00144140807 0.0177219305
v -0.000705877144 -0.00119946117 0.0179014727
v -0.000702115067 -0.00119598431 0.0178839993
v -0.000695833471 -0.0011761128 0.0178358536
v -0.000689635053 -0.000985705061 0.0175579954
v -0.0005460424 -0.00144735794 0.0176926181
v -0.000698870688 -0.00116096879 0.0178257506
v -0.000529186218 -0.00146255351 0.0176558271
v -0.000712230685 -0.00111260789 0.0178059321
v -0.000715668837 -0.00110395392 0.0178059451
v -0.000742102158 -0.00105313666 0.0178272408
v -0.000749304076 -0.0010409801 0.017835319
v -0.000773703912 -0.00101898413 0.0178885758
v -0.000513266597 -0.00148942543 0.0176379662
v -0.000608834787 -0.00130246265 0.0174980201
v -0.000513241976 -0.00148962333 0.017637834
v -0.000506590237 -0.00152407179 0.0176234916
v -0.000501355156 -0.00154115551 0.0176234674
v -0.000992796384 -0.000418263255 0.0178021565
v -0.00093437254 -0.000628441107 0.0179136526
v -0.00102761667 -0.000343845109 0.018015936
v -0.000487548183 -0.00157417532 0.0176369362
v -0.000306162372 -0.002080929 0.0177318752
v -0.000473602064 -0.00160270999 0.0176559519
v -0.000361443439 -0.00193777331 0.0176134072
v -0.000338441838 -0.00199669739 0.0176128671
v -0.000331871765 -0.00200439105 0.0176127162
v -0.000370676833 -0.00191399048 0.0176035799
v -0.000379930541 -0.00188982056 0.0175676774
v -0.000383851817 -0.00187945284 0.0175427031
v -0.000437326409 -0.00173866283 0.0172482971
v -0.000380353129 -0.00188787386 0.0175004918
v -0.00031104419 -0.00202559121 0.0176040195
v -0.000376212411 -0.00189816242 0.0174756069
v -0.000273044367 -0.00205390411 0.0175614133
v -0.00037584189 -0.00189910375 0.0174749792
v -0.000335814373 -0.00193669007 0.0174501203
v -0.00031473441 -0.00195805705 0.0174410846
v -0.000293344376 -0.00198326679 0.0174410157
v -0.000280510576 -0.00200121873 0.0174482632
v -0.00026145624 -0.00206102501 0.0175445192
v -0 -0.00211262703 0.016882075
v -0.000253496051 -0.00204419065 0.0174768865
v -0.000253135076 -0.00205066707 0.0174924899
v -0.00014846772 -0.00217961869 0.0176322814
v -0.000371046917 -0.00193970546 0.0178547595
v -0.000382564991 -0.00191544229 0.0178911667
v -0.000366063294 -0.00194974104 0.0178306401
v -0.000368799549 -0.00194110721 0.0177873615
v -0.000369385962 -0.00193956506 0.0177836642
v -0.000372580544 -0.0019331543 0.0177683234
v -0.000374312134 -0.00193104486 0.0177632999
v -0.000375198259 -0.00192951283 0.0177622791
v -0.000382101076 -0.00189509429 0.0177393183
v -0.00038905564 -0.00186992006 0.0177290011
v -0.000397614058 -0.0018483781 0.0177290346
v -0.000411642599 -0.00182140863 0.0177403372
v -0.000458340335 -0.001892976 0.0185810775
v -0.000405163242 -0.00191029301 0.0185921192
v -0.000680363679 -0.00158792094 0.0189064853
v -0.00067980733 -0.00158780953 0.0189073086
v -0.000405365077 -0.00191117905 0.018591702
v -0.000356679549 -0.00183239591 0.018531261
v -0.000356941135 -0.00183252792 0.0185303055
v -0.000680363679 -0.00158792094 0.0189064853
v -0.000712965208 -0.00119211688 0.0191354714
v -0.000712819805 -0.00119222747 0.019134488
v -0.00087202579 -0.00118322496 0.0191099383
v -0.000862800516 -0.0013846932 0.0190062337
v -0 -0.00181143591 0.019063063
v -0 -0.00183123222 0.0193840731
v -0.000152007502 -0.00177452236 0.0190373398
v -0.000346800487 -0.00175548159 0.0193140637
v -0.000329789327 -0.00174882205 0.0191138946
v -0.000639468257 -0.00156676397 0.0192461871
v -0.00060425722 -0.00159057672 0.0193758216
v -0.000660122023 -0.00149551523 0.0193351675
v -0.000754015229 -0.00133621483 0.0195821896
v -0.000796665146 -0.00125775428 0.0193244908
v -0.000806582801 -0.00118759344 0.0193636492
v -0.000810559315 -0.0011301107 0.0194353703
v -0.000815338746 -0.00108361209 0.0194784515
v -0.000806830707 -0.00104642648 0.0196942165
v -0.000822785601 -0.00103140133 0.019525893
v -0.000826819392 -0.000959704746 0.0195789896
v -0.000828143791 -0.000887166709 0.0196876004
v -0.000828083721 -0.000860484666 0.0197301582
v -0.000828065095 -0.000999214477 0.0191521961
v -0.000843336864 -0.00103909173 0.0192156471
v -0.000925310538 -0.00102653133 0.019183591
v -0.000765114091 -0.0010390915 0.0192156471
v -0.00096733158 -0.000844856433 0.0192596093
v -0.000925310538 -0.00102653133 0.019183591
v -0.000845885836 -0.000861754641 0.019301869
v -0.000843336864 -0.00103909173 0.0192156471
v -0.000306162372 -0.0021604111 0.0178437382
v -0.000306162372 -0.002080929 0.0177318752
v -0.000277212646 -0.00217834418 0.0178360622
v -0.000237299639 -0.0022125598 0.0178388376
v -0.00014846772 -0.00217961869 0.0176322814
v -0.000203031712 -0.00226847758 0.0178785753
v -0.00014846772 -0.00217961869 0.0176322814
v -0 -0.00254033436 0.0180163477
v -0 -0.00214573857 0.0174848549
v -0 -0.00211262703 0.016882075
v -0.000689439592 -0.00166154548 0.0188195277
v -0.000616378733 -0.00147579936 0.0186234787
v -0.000617213664 -0.00139959541 0.0187045615
v -0.000680363679 -0.00158792094 0.0189064853
v -0 -0.00180002546 0.0170278251
v -0 -0.00211262703 0.016882075
v 5.96057835E-05 -0.00171881029 0.0171463452
v 0.000437326409 -0.00173866283 0.0172482971
v 7.61693882E-05 -0.00168472505 0.0172016565
v 0.000170852931 -0.00157280103 0.0172916278
v 0.000265996438 -0.00153107801 0.0173384082
v 0.000363149971 -0.00146735483 0.01738308
v 0.000608834787 -0.00130246265 0.0174980201
v 0.000452069653 -0.00127871276 0.0174927525
v 0.00048829586 -0.00122552179 0.0175022781
v 0.000689635053 -0.000985705061 0.0175579954
v 0.000185940749 -0.00243740203 0.0181567315
v -0 -0.00254033436 0.0180163477
v -0 -0.00252075726 0.0181061476
v 0.000266303745 -0.00242432207 0.0180735886
v 0.00014846772 -0.00217961869 0.0176322814
v 0.000224116477 -0.00227683224 0.0179143064
v 0.000257595384 -0.00228182459 0.0179396607
v 0.000293040794 -0.00227398495 0.0179576427
v 0.000302277738 -0.00227121497 0.0179618374
v 0.000318556762 -0.0022464369 0.01799904
v 0.000326112757 -0.00222554011 0.0180076715
v 0.000424563623 -0.00217131968 0.0182217862
v 0.00042452052 -0.00218772516 0.0182995275
v 0.000492830237 -0.0018938682 0.0183887444
v 0.000495211978 -0.00191243319 0.0184468217
v 0.000715007074 -0.00160035922 0.0185252819
v 0.000481920782 -0.00175499823 0.0181672685
v 0.000455034286 -0.00179882639 0.0180904567
v 0.000343165011 -0.00215763645 0.0180080868
v 0.000346227229 -0.00213532033 0.0179988574
v 0.000342787564 -0.00211347616 0.0179661084
v 0.000459293515 -0.00180087448 0.0181007683
v 0.000468295475 -0.00179417292 0.01811672
v 0.00047157018 -0.00178777962 0.0181320813
v 0.000479110982 -0.00176787178 0.0181619432
v 0.000495075714 -0.00173477107 0.0181755982
v 0.000449612999 -0.00179396325 0.0180660132
v 0.000519441499 -0.00168652483 0.0181761626
v 0.000342724728 -0.00210981024 0.0179606266
v 0.000531830708 -0.0016511936 0.0181615632
v 0.000531089376 -0.00163385621 0.0181356203
v 0.000340928353 -0.00210061413 0.0179384425
v 0.000306162372 -0.002080929 0.0177318752
v 0.000449316314 -0.00179354113 0.0180638935
v 0.000329447648 -0.00210988545 0.017892424
v 0.000446892693 -0.00178120926 0.0180340689
v 0.000447938161 -0.00177394238 0.0180292204
v 0.000322942564 -0.00211862987 0.0178712644
v 0.000306588539 -0.00215920969 0.0178442411
v 0.000306162372 -0.0021604111 0.0178437382
v 0.000530282559 -0.0016317101 0.0181304403
v 0.000909706636 -0.001073163 0.0184049476
v 0.000858282379 -0.0014005485 0.0186239611
v 0.000994266942 -0.00123547472 0.0187224001
v 0.000898925064 -0.000795346452 0.0184977222
v 0.000786064717 -0.00124005496 0.0183141958
v 0.000938471814 -0.000743670622 0.0186649952
v 0.000912923657 -0.000743707176 0.0185775738
v 0.000930081238 -0.000828733493 0.0184012651
v 0.000819167937 -0.00118355406 0.018337477
v 0.000773547217 -0.00124673243 0.0183041301
v 0.000709547137 -0.00126916298 0.0182516593
v 0.000704295642 -0.00126826763 0.0182471182
v 0.000519590976 -0.00162782997 0.018121019
v 0.000517177745 -0.00162002514 0.0181021858
v 0.000517533103 -0.00161909009 0.0180999339
v 0.000820463581 -0.00117115141 0.0183375124
v 0.00079866848 -0.00111472036 0.0183141399
v 0.00078863505 -0.00110885082 0.018305108
v 0.000786571531 -0.00110810192 0.0183032881
v 0.00077982567 -0.00108628417 0.0182506423
v 0.000858830113 -0.000845197821 0.0181845892
v 0.000918112695 -0.000768863538 0.0182760712
v 0.000775361783 -0.00108866417 0.0182389207
v 0.000837622443 -0.000622898981 0.0183336847
v 0.000750449777 -0.00111070694 0.0181855503
v 0.000743109558 -0.00112279679 0.0181775168
v 0.000715935079 -0.00117367739 0.0181561876
v 0.000648887595 -0.00131479383 0.0180158261
v 0.000712392444 -0.00118232355 0.0181561746
v 0.000698501826 -0.00123067189 0.0181759801
v 0.000695305818 -0.00124584313 0.0181860998
v 0.000701502024 -0.00126569788 0.0182342045
v 0.000837687228 -0.000898331171 0.0180235561
v 0.000641938357 -0.00133308105 0.0180598777
v 0.000636859389 -0.00134570326 0.0180786196
v 0.000618583465 -0.0013883689 0.0180962477
v 0.000602622633 -0.00142475823 0.0180958752
v 0.000584286987 -0.00146565319 0.0180789977
v 0.00057702139 -0.00148095808 0.0180560332
v 0.000568954216 -0.00149720337 0.0180169921
v 0.000570704986 -0.00149167888 0.0179892983
v 0.000576421851 -0.00147664547 0.0179532561
v 0.000513965439 -0.00162546546 0.0180680323
v 0.000506864453 -0.00163975381 0.0180334672
v 0.000493980886 -0.00166810106 0.0180145986
v 0.000479206239 -0.00170104334 0.0180008132
v 0.00064849254 -0.00131549966 0.0180122927
v 0.000715562317 -0.00116972334 0.0179645196
v 0.000712875684 -0.0011760263 0.0179550648
v 0.000738197705 -0.00111901481 0.0179854464
v 0.000747831655 -0.00109778636 0.0179856718
v 0.00075574551 -0.00108064455 0.01797859
v 0.000647187815 -0.00131911214 0.0179941729
v 0.000639702019 -0.0013374039 0.0179499295
v 0.000774798158 -0.00104553648 0.0179640893
v 0.000779374503 -0.00103893399 0.0179543328
v 0.000783557713 -0.00103385956 0.017942125
v 0.000631130941 -0.00135680847 0.017937012
v 0.000833108381 -0.000925180269 0.0179639459
v 0.00061200792 -0.00139965885 0.0179190803
v 0.000778145099 -0.00101657899 0.0179004241
v 0.00044637348 -0.0017681293 0.0178294685
v 0.000606163172 -0.00141253299 0.0179190598
v 0.000587510236 -0.00145294599 0.0179355163
v 0.00057698309 -0.00147551904 0.0179505609
v 0.000576421851 -0.00147664547 0.0179532561
v 0.000444825331 -0.00177241571 0.017807968
v 0.000712020614 -0.00117916544 0.017950356
v 0.000709597312 -0.00119607674 0.017909551
v 0.000445494836 -0.0017753318 0.0177932382
v 0.000443318189 -0.00177425705 0.0178442243
v 0.000471202715 -0.00171929935 0.0180007834
v 0.000457981369 -0.00175015547 0.0180133637
v 0.000447938161 -0.00177394238 0.0180292204
v 0.000441003067 -0.00178034953 0.017858902
v 0.000432357192 -0.00180183596 0.0178908072
v 0.000420310942 -0.00182995817 0.0179024246
v 0.000394134782 -0.00188963779 0.0179018155
v 0.000382564991 -0.00191544229 0.0178911667
v 0.000534688355 -0.00155490474 0.0177990738
v 0.000516056258 -0.00159086077 0.0177842472
v 0.000552296231 -0.001510842 0.0177994873
v 0.000500472903 -0.00160943659 0.017756341
v 0.000562664354 -0.00147316919 0.0177839156
v 0.000561969762 -0.00145718083 0.0177599918
v 0.000485106895 -0.00162341562 0.0177229755
v 0.000477629772 -0.00161650521 0.0176882446
v 0.000473472814 -0.00160335458 0.0176563822
v 0.000445113023 -0.00177553843 0.0177922193
v 0.00043160122 -0.00178771908 0.017762728
v 0.000557029329 -0.00144140807 0.0177219305
v 0.000705877144 -0.00119946117 0.0179014727
v 0.000702115067 -0.00119598431 0.0178839993
v 0.000695833471 -0.0011761128 0.0178358536
v 0.000689635053 -0.000985705061 0.0175579954
v 0.0005460424 -0.00144735794 0.0176926181
v 0.000698870688 -0.00116096879 0.0178257506
v 0.000529186218 -0.00146255351 0.0176558271
v 0.000712230685 -0.00111260789 0.0178059321
v 0.000715668837 -0.00110395392 0.0178059451
v 0.000742102158 -0.00105313666 0.0178272408
v 0.000749304076 -0.0010409801 0.017835319
v 0.000773703912 -0.00101898413 0.0178885758
v 0.000513266597 -0.00148942543 0.0176379662
v 0.000608834787 -0.00130246265 0.0174980201
v 0.000513241976 -0.00148962333 0.017637834
v 0.000506590237 -0.00152407179 0.0176234916
v 0.000501355156 -0.00154115551 0.0176234674
v 0.000992796384 -0.000418263255 0.0178021565
v 0.00093437254 -0.000628441107 0.0179136526
v 0.00102761667 -0.000343845109 0.018015936
v 0.000487548183 -0.00157417532 0.0176369362
v 0.000306162372 -0.002080929 0.0177318752
v 0.000473602064 -0.00160270999 0.0176559519
v 0.000361443439 -0.00193777331 0.0176134072
v 0.000338441838 -0.00199669739 0.0176128671
v 0.000331871765 -0.00200439105 0.0176127162
v 0.000370676833 -0.00191399048 0.0176035799
v 0.000379930541 -0.00188982056 0.0175676774
v 0.000383851817 -0.00187945284 0.0175427031
v 0.000437326409 -0.00173866283 0.0172482971
v 0.000380353129 -0.00188787386 0.0175004918
v 0.00031104419 -0.00202559121 0.0176040195
v 0.000376212411 -0.00189816242 0.0174756069
v 0.000273044367 -0.00205390411 0.0175614133
v 0.00037584189 -0.00189910375 0.0174749792
v 0.000335814373 -0.00193669007 0.0174501203
v 0.00031473441 -0.00195805705 0.0174410846
v 0.000293344376 -0.00198326679 0.0174410157
v 0.000280510576 -0.00200121873 0.0174482632
v 0.00026145624 -0.00206102501 0.0175445192
v -0 -0.00211262703 0.016882075
v 0.000253496051 -0.00204419065 0.0174768865
v 0.000253135076 -0.00205066707 0.0174924899
v 0.00014846772 -0.00217961869 0.0176322814
v 0.000382564991 -0.00191544229 0.0178911667
v 0.000371046917 -0.00193970546 0.0178547595
v 0.000366063294 -0.00194974104 0.0178306401
v 0.000368799549 -0.00194110721 0.0177873615
v 0.000369385962 -0.00193956506 0.0177836642
v 0.000372580544 -0.0019331543 0.0177683234
v 0.000374312134 -0.00193104486 0.0177632999
v 0.000375198259 -0.00192951283 0.0177622791
v 0.000382101076 -0.00189509429 0.0177393183
v 0.00038905564 -0.00186992006 0.0177290011
v 0.000397614058 -0.0018483781 0.0177290346
v 0.000411642599 -0.00182140863 0.0177403372
v 0.000458340335 -0.001892976 0.0185810775
v 0.000680363679 -0.00158792094 0.0189064853
v 0.000405163242 -0.00191029301 0.0185921192
v 0.000405365077 -0.00191117905 0.018591702
v 0.00067980733 -0.00158780953 0.0189073086
v 0.000356941135 -0.00183252792 0.0185303055
v 0.000356679549 -0.00183239591 0.018531261
v 0.000712819805 -0.00119222747 0.019134488
v 0.000712965208 -0.00119211688 0.0191354714
v 0.000680363679 -0.00158792094 0.0189064853
v 0.00087202579 -0.00118322496 0.0191099383
v 0.000862800516 -0.0013846932 0.0190062337
v -0 -0.00181143591 0.019063063
v 0.000152007502 -0.00177452236 0.0190373398
v -0 -0.00183123222 0.0193840731
v 0.000346800487 -0.00175548159 0.0193140637
v 0.000329789327 -0.00174882205 0.0191138946
v 0.000639468257 -0.00156676397 0.0192461871
v 0.00060425722 -0.00159057672 0.0193758216
v 0.000660122023 -0.00149551523 0.0193351675
v 0.000754015229 -0.00133621483 0.0195821896
v 0.000796665146 -0.00125775428 0.0193244908
v 0.000806582801 -0.00118759344 0.0193636492
v 0.000810559315 -0.0011301107 0.0194353703
v 0.000815338746 -0.00108361209 0.0194784515
v 0.000806830707 -0.00104642648 0.0196942165
v 0.000822785601 -0.00103140133 0.019525893
v 0.000826819392 -0.000959704746 0.0195789896
v 0.000828143791 -0.000887166709 0.0196876004
v 0.000828083721 -0.000860484666 0.0197301582
v 0.000828065095 -0.000999214477 0.0191521961
v 0.000925310538 -0.00102653133 0.019183591
v 0.000843336864 -0.00103909173 0.0192156471
v 0.000765114091 -0.0010390915 0.0192156471
v 0.00096733158 -0.000844856433 0.0192596093
v 0.000845885836 -0.000861754641 0.019301869
v 0.000925310538 -0.00102653133 0.019183591
v 0.000843336864 -0.00103909173 0.0192156471
v 0.000306162372 -0.0021604111 0.0178437382
v 0.000277212646 -0.00217834418 0.0178360622
v 0.000306162372 -0.002080929 0.0177318752
v 0.000237299639 -0.0022125598 0.0178388376
v 0.00014846772 -0.00217961869 0.0176322814
v 0.000203031712 -0.00226847758 0.0178785753
v 0.00014846772 -0.00217961869 0.0176322814
v -0 -0.00214573857 0.0174848549
v -0 -0.00254033436 0.0180163477
v -0 -0.00211262703 0.016882075
v 0.000689439592 -0.00166154548 0.0188195277
v 0.000680363679 -0.00158792094 0.0189064853
v 0.000617213664 -0.00139959541 0.0187045615
v 0.000616378733 -0.00147579936 0.0186234787
v -1.78660551E-15 -0.00180026307 0.0170287956
v 5.36195871E-13 -0.00211215136 0.016882956
v -5.87336835E-05 -0.00171867234 0.0171468146
v -0.000436556264 -0.00173861848 0.0172489341
v -7.52460983E-05 -0.00168434926 0.0172015764
v -0.000170398562 -0.00157197728 0.0172912888
v -0.000265467679 -0.00153024599 0.0173385758
v -0.000362353865 -0.00146683957 0.0173833966
v -0.000607990311 -0.00130242924 0.0174985547
v -0.000451288244 -0.00127822813 0.0174923576
v -0.000487518671 -0.00122492749 0.0175020713
v -0.000688789994 -0.000985242776 0.0175577272
v -0.000185359328 -0.00243659085 0.018156793
v -0 -0.00253936043 0.0180165749
v -0 -0.00251975865 0.0181061979
v -0.00026559594 -0.00242361892 0.0180736557
v -0.000148073595 -0.00217877328 0.0176326428
v -0.000223907075 -0.00227591139 0.0179146361
v -0.000257148466 -0.002280941 0.0179395191
v -0.000292517565 -0.00227314234 0.017957516
v -0.000301647 -0.00227045571 0.0179616772
v -0.000318008242 -0.00224580243 0.0179984942
v -0.00032546572 -0.00222521997 0.0180069786
v -0.0004236612 -0.0021709525 0.0182220116
v -0.000423615158 -0.00218735053 0.0182997286
v -0.000491903804 -0.0018935476 0.0183889419
v -0.000494284148 -0.00191206287 0.0184468664
v -0.00071416318 -0.00159985211 0.018525457
v -0.00048119828 -0.00175448344 0.0181668084
v -0.000454472582 -0.00179805676 0.0180907603
v -0.000342455867 -0.00215757685 0.0180073846
v -0.000345453882 -0.00213562488 0.0179983024
v -0.000341937935 -0.00211390317 0.0179657992
v -0.000458802795 -0.00180001836 0.0181009304
v -0.000467639358 -0.00179341971 0.0181166735
v -0.000470935134 -0.00178705051 0.0181318261
v -0.000478478294 -0.00176729332 0.0181614291
v -0.0004944104 -0.00173433044 0.0181749947
v -0.000449031679 -0.00179317722 0.0180662237
v -0.000518688466 -0.00168636616 0.0181755237
v -0.000341887615 -0.00211030245 0.0179603882
v -0.000530998979 -0.00165151653 0.0181611106
v -0.000530244259 -0.001634371 0.018135475
v -0.000340129103 -0.00210121367 0.0179384835
v -0.000305216206 -0.0020806056 0.0177318826
v -0.000448766368 -0.00179275568 0.0180641767
v -0.000328653259 -0.00211038697 0.0178927667
v -0.0004463855 -0.00178053742 0.0180346072
v -0.000447347818 -0.00177339057 0.018029809
v -0.000322228618 -0.00211901637 0.0178718492
v -0.000305906928 -0.00215932494 0.017844962
v -0.000305896596 -0.00216099783 0.0178445037
v -0.000529489073 -0.00163221033 0.0181307867
v -0.000908839458 -0.00107304286 0.01840543
v -0.000857451523 -0.00140003406 0.0186241735
v -0.000993320253 -0.00123515504 0.018722361
v -0.000898011902 -0.000794973515 0.0184975583
v -0.000929110276 -0.000828515855 0.0184013639
v -0.000937513832 -0.000743745535 0.0186652709
v -0.000911975105 -0.000743411481 0.0185774602
v -0.000785336713 -0.00123938511 0.0183140505
v -0.000818281667 -0.00118329085 0.0183370952
v -0.000819559151 -0.00117132487 0.0183371231
v -0.000772964268 -0.00124594884 0.0183043443
v -0.000709039625 -0.00126838952 0.0182520393
v -0.000703703612 -0.00126760709 0.0182475802
v -0.000518775953 -0.0016284032 0.0181211047
v -0.000516343862 -0.00162052177 0.0181019455
v -0.000516754983 -0.00161971757 0.0180999618
v -0.000797929533 -0.00111538381 0.0183140226
v -0.000788116129 -0.00110966736 0.0183053613
v -0.000785786193 -0.00110871531 0.018303372
v -0.000779072871 -0.00108694145 0.0182506051
v -0.000857859093 -0.000845109811 0.0181848109
v -0.000917202153 -0.000768491591 0.0182758905
v -0.000774629298 -0.00108925218 0.0182392634
v -0.000836738618 -0.000622436695 0.018333612
v -0.000749792729 -0.00111117959 0.0181861389
v -0.00074248109 -0.00112293893 0.0181782804
v -0.000715344504 -0.00117362069 0.0181569923
v -0.000648137298 -0.00131545379 0.0180158652
v -0.00071182847 -0.00118199782 0.0181569327
v -0.000697925687 -0.00123014173 0.0181766022
v -0.00069478486 -0.00124514569 0.0181865934
v -0.000700932927 -0.00126490998 0.0182344392
v -0.00083697692 -0.000897700142 0.0180232432
v -0.00064115267 -0.00133360736 0.0180595517
v -0.000636125624 -0.0013460709 0.0180780496
v -0.000617910584 -0.00138827797 0.0180955138
v -0.000602003187 -0.00142440095 0.0180951767
v -0.00058372342 -0.00146499428 0.0180785004
v -0.000576449442 -0.00148017041 0.0180558041
v -0.000568440533 -0.00149634539 0.0180169921
v -0.0005701505 -0.00149088108 0.017989533
v -0.000575826853 -0.00147587887 0.0179534983
v -0.000513196341 -0.00162600027 0.0180683825
v -0.000506171782 -0.00164014811 0.0180340707
v -0.000493321451 -0.00166820863 0.0180153418
v -0.000478593895 -0.00170095603 0.0180015992
v -0.00064770173 -0.00131607347 0.0180125069
v -0.000715012662 -0.00116909109 0.0179639738
v -0.000712278299 -0.00117529288 0.0179547407
v -0.000737625291 -0.00111867278 0.0179847013
v -0.000747219776 -0.0010976987 0.0179848857
v -0.000755074143 -0.00108063291 0.0179778468
v -0.000646404922 -0.0013196856 0.017994415
v -0.000638977566 -0.00133783487 0.0179504678
v -0.000774177141 -0.00104586466 0.0179633778
v -0.000778678921 -0.00103939639 0.0179537833
v -0.000782689429 -0.00103425235 0.0179418214
v -0.000630432449 -0.00135692384 0.017937718
v -0.000832322577 -0.00092458888 0.0179641284
v -0.000611354189 -0.00139956223 0.0179198328
v -0.000777432171 -0.00101727166 0.017900534
v -0.000445570447 -0.00176871812 0.0178293791
v -0.000605553039 -0.00141216943 0.0179197639
v -0.000586911454 -0.00145237672 0.0179360807
v -0.000576449558 -0.00147479796 0.0179510023
v -0.000575826853 -0.00147587887 0.0179534983
v -0.000443966303 -0.00177291897 0.017808063
v -0.000711467233 -0.00117840711 0.0179500114
v -0.000708978216 -0.00119531958 0.0179093424
v -0.000444624369 -0.00177574658 0.0177935027
v -0.000442473742 -0.00177470909 0.0178439375
v -0.000470636471 -0.00171896571 0.0180015378
v -0.000457431597 -0.00174962101 0.0180140063
v -0.000447347818 -0.00177339057 0.018029809
v -0.00044017809 -0.00178081577 0.0178585816
v -0.000431592256 -0.0018021476 0.0178902429
v -0.000419630203 -0.00182984164 0.0179017019
v -0.000393525173 -0.00188926735 0.0179011133
v -0.000382059632 -0.00191475428 0.0178906452
v -0.000534018094 -0.00155453885 0.0177984275
v -0.000515459513 -0.00159019127 0.0177838039
v -0.000551566249 -0.00151074852 0.0177988112
v -0.000499898393 -0.00160863437 0.0177561771
v -0.000561883557 -0.00147354207 0.0177834146
v -0.000561169814 -0.00145773613 0.0177597646
v -0.00048459752 -0.00162255659 0.0177230258
v -0.000477098336 -0.00161571638 0.0176885538
v -0.000472989486 -0.0016026774 0.0176569354
v -0.000556296261 -0.00144208118 0.0177220274
v -0.000705320912 -0.00119863125 0.0179015175
v -0.000701540674 -0.00119522389 0.017884301
v -0.000695315946 -0.00117545202 0.0178363957
v -0.000688789994 -0.000985242776 0.0175577272
v -0.000545355491 -0.0014479371 0.0176930558
v -0.00069831335 -0.00116047589 0.0178264175
v -0.000528579345 -0.00146300404 0.0176564828
v -0.000711699133 -0.00111231836 0.0178067274
v -0.00071512803 -0.00110392505 0.0178067852
v -0.00074153929 -0.00105329894 0.017828051
v -0.00074871775 -0.00104145717 0.0178359747
v -0.000773040461 -0.00101958122 0.0178890266
v -0.000512469676 -0.00148964836 0.0176385287
v -0.000607990311 -0.00130242924 0.0174985547
v -0.00051245431 -0.00148985954 0.0176384021
v -0.00050583086 -0.00152403989 0.0176241398
v -0.000500637223 -0.00154082966 0.0176240839
v -0.000991887413 -0.000417846401 0.0178021528
v -0.000933530973 -0.000628181559 0.0179141257
v -0.00102667115 -0.000343752501 0.0180162489
v -0.000486858393 -0.00157362013 0.0176374
v -0.000305216206 -0.0020806056 0.0177318826
v -0.000472912652 -0.00160211406 0.0176563635
v -0.000360799546 -0.00193766877 0.0176126491
v -0.000337778532 -0.00199634815 0.0176122058
v -0.000331351679 -0.00200383738 0.0176120661
v -0.000369940331 -0.0019142729 0.0176029634
v -0.000379119621 -0.00189025141 0.0175672825
v -0.000383040751 -0.00188003317 0.0175426304
v -0.000436556264 -0.00173861848 0.0172489341
v -0.00037952073 -0.00188837654 0.0175007265
v -0.000310687756 -0.00202479935 0.017603524
v -0.000375443167 -0.0018985261 0.0174761321
v -0.000272820093 -0.00205297233 0.0175611284
v -0.000375116651 -0.0018990573 0.0174756665
v -0.000335228251 -0.00193659274 0.017450925
v -0.000314222183 -0.00195777765 0.0174418967
v -0.000292935292 -0.00198281487 0.0174418073
v -0.000280284323 -0.00200059311 0.0174490083
v -0.000261531677 -0.00206003129 0.0175444353
v 5.36195871E-13 -0.00211215136 0.016882956
v -0.000253626116 -0.00204338273 0.0174774602
v -0.000253273232 -0.00204971945 0.0174927767
v -0.000148073595 -0.00217877328 0.0176326428
v -0.000382059632 -0.00191475428 0.0178906452
v -0.000370557449 -0.00193887379 0.0178544968
v -0.000365654443 -0.00194882846 0.0178306382
v -0.000368339941 -0.00194025971 0.017787626
v -0.000368873472 -0.00193875318 0.0177839436
v -0.000372058916 -0.00193232368 0.017768519
v -0.000373841176 -0.00193026953 0.0177637208
v -0.000374662457 -0.00192893611 0.0177628957
v -0.000381608639 -0.00189458823 0.0177400261
v -0.000388543704 -0.00186961214 0.0177298039
v -0.000397049153 -0.00184830721 0.0177298561
v -0.000411024375 -0.00182152295 0.0177411139
v -0.000430946529 -0.00178810896 0.0177633762
v -0.000444371806 -0.00177605741 0.0177926458
v -0 -0.00181193242 0.019062195
v -0.000152315348 -0.00177454378 0.019036388
v -5.28902153E-15 -0.00183129718 0.0193830766
v -0.00034697412 -0.00175554352 0.0193130821
v -0.000330044684 -0.0017490515 0.0191129558
v -0.00064013456 -0.00156671088 0.019245442
v -0.000604850415 -0.00159041223 0.0193750337
v -0.000660763006 -0.00149536715 0.019334415
v -0.000754518143 -0.00133595057 0.0195813682
v -0.000797111075 -0.00125766883 0.0193236005
v -0.000806762604 -0.00118702406 0.0193628483
v -0.000810227299 -0.00112938229 0.0194347706
v -0.000815036998 -0.00108295039 0.0194777641
v -0.000807433855 -0.00104623649 0.0196934417
v -0.000822505797 -0.00103077129 0.0195251666
v -0.000827082316 -0.000959140714 0.0195782073
v -0.000829036522 -0.000886789407 0.0196873546
v -0.00082861993 -0.000859928783 0.0197295211
v -0.000828159566 -0.00100007781 0.0191517007
v -0.000924377877 -0.00102682982 0.019183794
v -0.000843241811 -0.00104001944 0.0192160085
v -0.000764426251 -0.00103977066 0.0192159023
v -0.000966517429 -0.000844430819 0.0192600023
v -0.000845239265 -0.000861583685 0.019302614
v -0.000924377877 -0.00102682982 0.019183794
v -0.000843241811 -0.00104001944 0.0192160085
v -0.000871242548 -0.00118288747 0.0191104617
v -0.00067980733 -0.00158780953 0.0189073086
v -0.000862056448 -0.00138486782 0.0190068781
v -0.000712965208 -0.00119211688 0.0191354714
v -0.000305896596 -0.00216099783 0.0178445037
v -0.000277669431 -0.00217912649 0.0178364851
v -0.000305216206 -0.0020806056 0.0177318826
v -0.00023806667 -0.00221300288 0.0178393014
v -0.000148073595 -0.00217877328 0.0176326428
v -0.000203295349 -0.00226758211 0.0178789329
v -0.000148073595 -0.00217877328 0.0176326428
v -0 -0.00214475859 0.0174850542
v -0 -0.00253936043 0.0180165749
v 5.36195871E-13 -0.00211215136 0.016882956
v -0.000688522239 -0.00166117237 0.018819388
v -0.00067980733 -0.00158780953 0.0189073086
v -0.000616498117 -0.00139890204 0.0187046472
v -0.000615972443 -0.00147603196 0.018622594
v -1.78660551E-15 -0.00180026307 0.0170287956
v 5.87336835E-05 -0.00171867234 0.0171468146
v 5.36195871E-13 -0.00211215136 0.016882956
v 0.000436556264 -0.00173861848 0.0172489341
v 7.52460983E-05 -0.00168434926 0.0172015764
v 0.000170398562 -0.00157197728 0.0172912888
v 0.000265467679 -0.00153024599 0.0173385758
v 0.000362353865 -0.00146683957 0.0173833966
v 0.000607990311 -0.00130242924 0.0174985547
v 0.000451288244 -0.00127822813 0.0174923576
v 0.000487518671 -0.00122492749 0.0175020713
v 0.000688789994 -0.000985242776 0.0175577272
v 0.000185359328 -0.00243659085 0.018156793
v -0 -0.00251975865 0.0181061979
v -0 -0.00253936043 0.0180165749
v 0.00026559594 -0.00242361892 0.0180736557
v 0.000148073595 -0.00217877328 0.0176326428
v 0.000223907075 -0.00227591139 0.0179146361
v 0.000257148466 -0.002280941 0.0179395191
v 0.000292517565 -0.00227314234 0.017957516
v 0.000301647 -0.00227045571 0.0179616772
v 0.000318008242 -0.00224580243 0.0179984942
v 0.00032546572 -0.00222521997 0.0180069786
v 0.0004236612 -0.0021709525 0.0182220116
v 0.000423615158 -0.00218735053 0.0182997286
v 0.000491903804 -0.0018935476 0.0183889419
v 0.000494284148 -0.00191206287 0.0184468664
v 0.00071416318 -0.00159985211 0.018525457
v 0.00048119828 -0.00175448344 0.0181668084
v 0.000454472582 -0.00179805676 0.0180907603
v 0.000342455867 -0.00215757685 0.0180073846
v 0.000345453882 -0.00213562488 0.0179983024
v 0.000341937935 -0.00211390317 0.0179657992
v 0.000458802795 -0.00180001836 0.0181009304
v 0.000467639358 -0.00179341971 0.0181166735
v 0.000470935134 -0.00178705051 0.0181318261
v 0.000478478294 -0.00176729332 0.0181614291
v 0.0004944104 -0.00173433044 0.0181749947
v 0.000449031679 -0.00179317722 0.0180662237
v 0.000518688466 -0.00168636616 0.0181755237
v 0.000341887615 -0.00211030245 0.0179603882
v 0.000530998979 -0.00165151653 0.0181611106
v 0.000530244259 -0.001634371 0.018135475
v 0.000340129103 -0.00210121367 0.0179384835
v 0.000305216206 -0.0020806056 0.0177318826
v 0.000328653259 -0.00211038697 0.0178927667
v 0.000448766368 -0.00179275568 0.0180641767
v 0.000322228618 -0.00211901637 0.0178718492
v 0.0004463855 -0.00178053742 0.0180346072
v 0.000447347818 -0.00177339057 0.018029809
v 0.000305906928 -0.00215932494 0.017844962
v 0.000305896596 -0.00216099783 0.0178445037
v 0.000529489073 -0.00163221033 0.0181307867
v 0.000908839458 -0.00107304286 0.01840543
v 0.000857451523 -0.00140003406 0.0186241735
v 0.000993320253 -0.00123515504 0.018722361
v 0.000898011902 -0.000794973515 0.0184975583
v 0.000785336713 -0.00123938511 0.0183140505
v 0.000937513832 -0.000743745535 0.0186652709
v 0.000911975105 -0.000743411481 0.0185774602
v 0.000929110276 -0.000828515855 0.0184013639
v 0.000772964268 -0.00124594884 0.0183043443
v 0.000709039683 -0.00126838952 0.0182520393
v 0.000703703612 -0.00126760709 0.0182475802
v 0.000518775953 -0.0016284032 0.0181211047
v 0.000516343862 -0.00162052177 0.0181019455
v 0.000516754983 -0.00161971757 0.0180999618
v 0.000818281667 -0.00118329085 0.0183370952
v 0.000819559151 -0.00117132487 0.0183371231
v 0.000797929533 -0.00111538381 0.0183140226
v 0.000788116129 -0.00110966736 0.0183053613
v 0.000785786193 -0.00110871531 0.018303372
v 0.000779072871 -0.00108694145 0.0182506051
v 0.000857859093 -0.000845109811 0.0181848109
v 0.000774629298 -0.00108925218 0.0182392634
v 0.000917202153 -0.000768491591 0.0182758905
v 0.000749792729 -0.00111117959 0.0181861389
v 0.000836738618 -0.000622436695 0.018333612
v 0.00074248109 -0.00112293893 0.0181782804
v 0.000715344504 -0.00117362069 0.0181569923
v 0.000648137298 -0.00131545379 0.0180158652
v 0.00071182847 -0.00118199782 0.0181569327
v 0.000697925687 -0.00123014173 0.0181766022
v 0.00069478486 -0.00124514569 0.0181865934
v 0.000700932927 -0.00126490998 0.0182344392
v 0.00083697692 -0.000897700142 0.0180232432
v 0.00064115267 -0.00133360736 0.0180595517
v 0.000636125624 -0.0013460709 0.0180780496
v 0.000617910584 -0.00138827797 0.0180955138
v 0.000602003187 -0.00142440095 0.0180951767
v 0.00058372342 -0.00146499428 0.0180785004
v 0.000576449442 -0.00148017041 0.0180558041
v 0.000568440533 -0.00149634539 0.0180169921
v 0.0005701505 -0.00149088108 0.017989533
v 0.000575826853 -0.00147587887 0.0179534983
v 0.000513196341 -0.00162600027 0.0180683825
v 0.000506171782 -0.00164014811 0.0180340707
v 0.000493321451 -0.00166820863 0.0180153418
v 0.000478593895 -0.00170095603 0.0180015992
v 0.00064770173 -0.00131607347 0.0180125069
v 0.000715012662 -0.00116909109 0.0179639738
v 0.000712278299 -0.00117529288 0.0179547407
v 0.000737625291 -0.00111867278 0.0179847013
v 0.000747219776 -0.0010976987 0.0179848857
v 0.000755074143 -0.00108063291 0.0179778468
v 0.000646404922 -0.0013196856 0.017994415
v 0.000638977566 -0.00133783487 0.0179504678
v 0.000774177141 -0.00104586466 0.0179633778
v 0.000778678921 -0.00103939639 0.0179537833
v 0.000782689429 -0.00103425235 0.0179418214
v 0.000630432449 -0.00135692384 0.017937718
v 0.000832322577 -0.00092458888 0.0179641284
v 0.000611354189 -0.001399562 0.0179198328
v 0.000777432171 -0.00101727166 0.017900534
v 0.000445570447 -0.00176871812 0.0178293791
v 0.000605553039 -0.00141216943 0.0179197639
v 0.000586911454 -0.00145237672 0.0179360807
v 0.000576449558 -0.00147479796 0.0179510023
v 0.000575826853 -0.00147587887 0.0179534983
v 0.000443966303 -0.00177291897 0.017808063
v 0.000711467233 -0.00117840711 0.0179500114
v 0.000708978216 -0.00119531958 0.0179093424
v 0.000444624369 -0.00177574658 0.0177935027
v 0.000442473742 -0.00177470909 0.0178439375
v 0.000470636471 -0.00171896571 0.0180015378
v 0.000457431539 -0.00174962101 0.0180140063
v 0.000447347818 -0.00177339057 0.018029809
v 0.00044017809 -0.00178081577 0.0178585816
v 0.000431592256 -0.0018021476 0.0178902429
v 0.000419630203 -0.00182984164 0.0179017019
v 0.000393525173 -0.00188926735 0.0179011133
v 0.000382059632 -0.00191475428 0.0178906452
v 0.000534018094 -0.00155453885 0.0177984275
v 0.000515459513 -0.00159019127 0.0177838039
v 0.000551566249 -0.00151074852 0.0177988112
v 0.000499898393 -0.00160863437 0.0177561771
v 0.000561883557 -0.00147354207 0.0177834146
v 0.000561169814 -0.00145773613 0.0177597646
v 0.00048459752 -0.00162255659 0.0177230258
v 0.000477098336 -0.00161571638 0.0176885538
v 0.000472989486 -0.0016026774 0.0176569354
v 0.000556296261 -0.00144208118 0.0177220274
v 0.000705320912 -0.00119863125 0.0179015175
v 0.000701540674 -0.00119522389 0.017884301
v 0.000695315946 -0.00117545202 0.0178363957
v 0.000688789994 -0.000985242776 0.0175577272
v 0.000545355491 -0.0014479371 0.0176930558
v 0.00069831335 -0.00116047589 0.0178264175
v 0.000528579345 -0.00146300404 0.0176564828
v 0.000711699133 -0.00111231836 0.0178067274
v 0.00071512803 -0.00110392505 0.0178067852
v 0.00074153929 -0.00105329894 0.017828051
v 0.00074871775 -0.00104145717 0.0178359747
v 0.000773040461 -0.00101958122 0.0178890266
v 0.000512469676 -0.00148964836 0.0176385287
v 0.000607990311 -0.00130242924 0.0174985547
v 0.00051245431 -0.00148985954 0.0176384021
v 0.00050583086 -0.00152403989 0.0176241398
v 0.000500637223 -0.00154082966 0.0176240839
v 0.000991887413 -0.000417846401 0.0178021528
v 0.000933530973 -0.000628181559 0.0179141257
v 0.00102667115 -0.000343752501 0.0180162489
v 0.000486858393 -0.00157362013 0.0176374
v 0.000305216206 -0.0020806056 0.0177318826
v 0.000472912652 -0.00160211406 0.0176563635
v 0.000360799546 -0.00193766877 0.0176126491
v 0.000337778591 -0.00199634815 0.0176122058
v 0.000331351679 -0.00200383738 0.0176120661
v 0.000369940331 -0.0019142729 0.0176029634
v 0.000379119621 -0.00189025141 0.0175672825
v 0.000383040751 -0.00188003317 0.0175426304
v 0.000436556264 -0.00173861848 0.0172489341
v 0.00037952073 -0.00188837654 0.0175007265
v 0.000310687756 -0.00202479935 0.017603524
v 0.000375443167 -0.0018985261 0.0174761321
v 0.000272820093 -0.00205297233 0.0175611284
v 0.000375116651 -0.0018990573 0.0174756665
v 0.000335228251 -0.00193659274 0.017450925
v 0.000314222183 -0.00195777765 0.0174418967
v 0.000292935292 -0.00198281487 0.0174418073
v 0.000280284323 -0.00200059311 0.0174490083
v 0.000261531677 -0.00206003129 0.0175444353
v 5.36195871E-13 -0.00211215136 0.016882956
v 0.000253626087 -0.00204338273 0.0174774602
v 0.000253273232 -0.00204971945 0.0174927767
v 0.000148073595 -0.00217877328 0.0176326428
v 0.000370557449 -0.00193887379 0.0178544968
v 0.000382059632 -0.00191475428 0.0178906452
v 0.000365654443 -0.00194882846 0.0178306382
v 0.000368339941 -0.00194025971 0.017787626
v 0.000368873472 -0.00193875318 0.0177839436
v 0.000372058916 -0.00193232368 0.017768519
v 0.000373841176 -0.00193026953 0.0177637208
v 0.000374662457 -0.00192893611 0.0177628957
v 0.000381608639 -0.00189458823 0.0177400261
v 0.000388543704 -0.00186961214 0.0177298039
v 0.000397049153 -0.00184830721 0.0177298561
v 0.000411024375 -0.00182152307 0.0177411139
v 0.000430946529 -0.00178810896 0.0177633762
v 0.000444371806 -0.00177605741 0.0177926458
v -0 -0.00181193242 0.019062195
v -5.28902153E-15 -0.00183129718 0.0193830766
v 0.000152315348 -0.00177454378 0.019036388
v 0.00034697412 -0.00175554352 0.0193130821
v 0.000330044684 -0.0017490515 0.0191129558
v 0.00064013456 -0.00156671088 0.019245442
v 0.000604850415 -0.00159041223 0.0193750337
v 0.000660763006 -0.00149536715 0.019334415
v 0.000754518143 -0.00133595057 0.0195813682
v 0.000797111075 -0.00125766883 0.0193236005
v 0.000806762604 -0.00118702406 0.0193628483
v 0.000810227299 -0.00112938229 0.0194347706
v 0.000815036998 -0.00108295039 0.0194777641
v 0.000807433855 -0.00104623649 0.0196934417
v 0.000822505797 -0.00103077129 0.0195251666
v 0.000827082316 -0.000959140714 0.0195782073
v 0.000829036522 -0.000886789407 0.0196873546
v 0.00082861993 -0.000859928783 0.0197295211
v 0.000828159566 -0.00100007781 0.0191517007
v 0.000843241811 -0.00104001944 0.0192160085
v 0.000924377877 -0.00102682982 0.019183794
v 0.000764426251 -0.00103977066 0.0192159023
v 0.000966517429 -0.000844430819 0.0192600023
v 0.000924377877 -0.00102682982 0.019183794
v 0.000845239265 -0.000861583685 0.019302614
v 0.000843241811 -0.00104001944 0.0192160085
v 0.000871242548 -0.00118288747 0.0191104617
v 0.000862056448 -0.00138486782 0.0190068781
v 0.00067980733 -0.00158780953 0.0189073086
v 0.000712965208 -0.00119211688 0.0191354714
v 0.000305896596 -0.00216099783 0.0178445037
v 0.000305216206 -0.0020806056 0.0177318826
v 0.000277669431 -0.00217912649 0.0178364851
v 0.00023806667 -0.00221300288 0.0178393014
v 0.000148073595 -0.00217877328 0.0176326428
v 0.000203295349 -0.00226758211 0.0178789329
v 0.000148073595 -0.00217877328 0.0176326428
v -0 -0.00253936043 0.0180165749
v -0 -0.00214475859 0.0174850542
v 5.36195871E-13 -0.00211215136 0.016882956
v 0.000688522239 -0.00166117237 0.018819388
v 0.000615972443 -0.00147603196 0.018622594
v 0.000616498117 -0.00139890204 0.0187046472
v 0.00067980733 -0.00158780953 0.0189073086
v -0.000914749689 -0.000961889687 0.0189045072
v -0.000904944958 -0.00106373744 0.018941151
v -0.0010208782 -0.000768521801 0.0189334862
v -0 0.00103144115 0.0188209824
v -0 0.00105610793 0.0187828876
v -0 0.00110221573 0.0189369991
v -0.000896234997 -9.4391311E-05 0.0190002937
v -0.000880507811 -0.000517875713 0.019385349
v -0.000885438873 -0.000651203154 0.0197554436
v -0.00085124356 0.000155239919 0.0186595451
v -0.000976619776 0.000194615626 0.0186846238
v -0.000842877664 0.000230934937 0.0186757781
v -0.000930838694 -0.000879551983 0.0189617835
v -0.00077466626 -0.000867919822 0.0189432707
v -0.000930838694 -0.000879551983 0.0189617835
v -0.00079436478 -0.000707247818 0.019007219
v -0.0010208782 -0.000768521801 0.0189334862
v -0.000914749689 -0.000961889687 0.0189045072
v -0.000765114091 -0.0010390915 0.0192156471
v -0.000845885836 -0.000861754641 0.019301869
v -0.000843336864 -0.00103909173 0.0192156471
v -0.000699734548 -0.000101212499 0.0195797477
v -0.000896234997 -9.4391311E-05 0.0190002937
v -0.000763028336 -0.000103998071 0.0193910766
v -0 0.000773580745 0.0191754811
v -0 0.000850526092 0.0189299192
v -0 0.000648696383 0.0195790362
v -0.0008207598 1.87547485E-05 0.0189400855
v -0.000786978577 0.000300555228 0.0189172793
v -0.00085124356 0.000155239919 0.0186595451
v -0.000463359785 -0.00203043758 0.0185670126
v -0.000791887345 -0.00129880803 0.0199846979
v -0.000793882413 -0.00133688864 0.019953249
v -0.000684609928 -0.00134024175 0.0195421353
v -0.000463359785 -0.00203043758 0.0185670126
v -0.000458340335 -0.001892976 0.0185810775
v -0.000680363679 -0.00158792094 0.0189064853
v -0.00083037524 -0.000939146499 0.0195310339
v -0.000837052066 -0.000914186239 0.0194970891
v -0.000837938162 -0.000915287237 0.0195019059
v -0.000854780723 -0.000734671718 0.0195080079
v -0.000885438873 -0.000651203154 0.0197554436
v -0.000880507811 -0.000517875713 0.019385349
v -0.00166129775 0.00228577852 0.0211931039
v -0.0017064861 0.00238675927 0.021523308
v -0.00170645094 0.00236380775 0.021538062
v -0.000741466938 0.000462992641 0.0203981306
v -0.000929196365 0.00115539262 0.0203430336
v -0.000689883425 0.0012119913 0.0202383101
v -0.00109383988 0.000507310266 0.0201465786
v -0.00122152269 0.00113237568 0.0201027915
v -0.00120198773 0.00112930383 0.0202896371
v -0.00112371589 0.000563992013 0.0199967399
v -0.00124207872 0.00114864111 0.0199402049
v -0.00122152269 0.00113237568 0.0201027915
v -0.00137177866 0.00175421906 0.0203823689
v -0.00136823871 0.0017034323 0.0204898417
v -0.00150833768 0.00211725361 0.0208365098
v -0.00137780781 0.0021141395 0.0209106933
v -0.0015598879 0.00223601912 0.0212704316
v -0.00166241126 0.00225307094 0.0212364364
v -0.0015110767 0.00214983709 0.0207816549
v -0.00137776381 0.00181306049 0.0202705301
v -0.00124207872 0.00114864111 0.0199402049
v -0.00151537859 0.00219510077 0.0207083244
v -0.00166129775 0.00228577852 0.0211931039
v -0.00170645094 0.00236380775 0.021538062
v -0.00166308007 0.00233088713 0.0211467575
v -0.0017064861 0.00238675927 0.021523308
v -0.00124207872 0.00114864111 0.0199402049
v -0.00137177866 0.00175421906 0.0203823689
v -0.00122152269 0.00113237568 0.0201027915
v -0.00157231861 0.00236665737 0.02116552
v -0.00167555897 0.00241212384 0.0215181746
v -0.00170651078 0.0024085769 0.021509286
v -0.00147635769 0.00236471603 0.02119302
v -0.00164569821 0.0024155397 0.0215267409
v -0.00167555897 0.00241212384 0.0215181746
v -0.000786033983 -0.00156858435 0.0188914724
v 0.000914749689 -0.000961889687 0.0189045072
v 0.0010208782 -0.000768521801 0.0189334862
v 0.000904944958 -0.00106373744 0.018941151
v 0.000896234997 -9.4391311E-05 0.0190002937
v 0.000885438873 -0.000651203154 0.0197554436
v 0.000880507811 -0.000517875713 0.019385349
v 0.00085124356 0.000155239919 0.0186595451
v 0.000842877664 0.000230934937 0.0186757781
v 0.000976619776 0.000194615626 0.0186846238
v 0.000930838694 -0.000879551983 0.0189617835
v 0.00077466626 -0.000867919822 0.0189432707
v 0.000930838694 -0.000879551983 0.0189617835
v 0.00079436478 -0.000707247818 0.019007219
v 0.0010208782 -0.000768521801 0.0189334862
v 0.000914749689 -0.000961889687 0.0189045072
v 0.000765114091 -0.0010390915 0.0192156471
v 0.000843336864 -0.00103909173 0.0192156471
v 0.000845885836 -0.000861754641 0.019301869
v 0.000699734548 -0.000101212499 0.0195797477
v 0.000763028336 -0.000103998071 0.0193910766
v 0.000896234997 -9.4391311E-05 0.0190002937
v 0.0008207598 1.87547485E-05 0.0189400855
v 0.00085124356 0.000155239919 0.0186595451
v 0.000786978577 0.000300555228 0.0189172793
v 0.000463359785 -0.00203043758 0.0185670126
v 0.000791887345 -0.00129880803 0.0199846979
v 0.000684609928 -0.00134024175 0.0195421353
v 0.000793882413 -0.00133688864 0.019953249
v 0.000463359785 -0.00203043758 0.0185670126
v 0.000680363679 -0.00158792094 0.0189064853
v 0.000458340335 -0.001892976 0.0185810775
v 0.00083037524 -0.000939146499 0.0195310339
v 0.000837938162 -0.000915287237 0.0195019059
v 0.000837052066 -0.000914186239 0.0194970891
v 0.000854780723 -0.000734671718 0.0195080079
v 0.000880507811 -0.000517875713 0.019385349
v 0.000885438873 -0.000651203154 0.0197554436
v 0.00166129775 0.00228577852 0.0211931039
v 0.00170645094 0.00236380775 0.021538062
v 0.0017064861 0.00238675927 0.021523308
v 0.000741466938 0.000462992641 0.0203981306
v 0.000689883425 0.0012119913 0.0202383101
v 0.000929196365 0.00115539262 0.0203430336
v 0.00109383988 0.000507310266 0.0201465786
v 0.00120198773 0.00112930383 0.0202896371
v 0.00122152269 0.00113237568 0.0201027915
v 0.00112371589 0.000563992013 0.0199967399
v 0.00122152269 0.00113237568 0.0201027915
v 0.00124207872 0.00114864111 0.0199402049
v 0.00136823871 0.0017034323 0.0204898417
v 0.00137177866 0.00175421906 0.0203823689
v 0.00150833768 0.00211725361 0.0208365098
v 0.00137780781 0.0021141395 0.0209106933
v 0.0015598879 0.00223601912 0.0212704316
v 0.00166241126 0.00225307094 0.0212364364
v 0.0015110767 0.00214983709 0.0207816549
v 0.00137776381 0.00181306049 0.0202705301
v 0.00124207872 0.00114864111 0.0199402049
v 0.00151537859 0.00219510077 0.0207083244
v 0.00166129775 0.00228577852 0.0211931039
v 0.00170645094 0.00236380775 0.021538062
v 0.00166308007 0.00233088713 0.0211467575
v 0.0017064861 0.00238675927 0.021523308
v 0.00124207872 0.00114864111 0.0199402049
v 0.00122152269 0.00113237568 0.0201027915
v 0.00137177866 0.00175421906 0.0203823689
v 0.00157231861 0.00236665737 0.02116552
v 0.00170651078 0.0024085769 0.021509286
v 0.00167555897 0.00241212384 0.0215181746
v 0.00147635769 0.00236471603 0.02119302
v 0.00167555897 0.00241212384 0.0215181746
v 0.00164569821 0.0024155397 0.0215267409
v 0.000786033983 -0.00156858435 0.0188914724
v -0.000915489451 -0.000962223334 0.0189039223
v -0.00101992034 -0.000768254627 0.01893338
v -0.000904296001 -0.00106306979 0.0189407878
v -0.000806762604 -0.00118702406 0.0193628483
v -0.000659828482 -0.0010315649 0.0195975006
v -0.000741645053 -0.00109278457 0.0195011534
v -0.000898140133 -0.000966074294 0.0195544157
v -0.000827082316 -0.000959140714 0.0195782073
v -0.000833720318 -0.000939351274 0.0195294432
v -0.000895615492 -9.51757756E-05 0.0190002657
v -0.000885722402 -0.000652018818 0.0197549388
v -0.000880876672 -0.000518406741 0.0193845872
v -0.00100490206 -0.000123938327 0.0185338892
v -0.000976197713 -0.00043793334 0.0184059516
v -0.000967722153 -0.000376482814 0.0184364654
v -0.000850704149 0.000154585941 0.0186590161
v -0.000843622023 0.00023081727 0.0186751205
v -0.00097624457 0.000194740816 0.0186837055
v -0.000930327631 -0.000879639294 0.0189609304
v -0.000774039188 -0.00086811051 0.0189425163
v -0.000930327631 -0.000879639294 0.0189609304
v -0.000793846033 -0.000706427381 0.0190069787
v -0.00101992034 -0.000768254627 0.01893338
v -0.000915489451 -0.000962223334 0.0189039223
v -0.000764426251 -0.00103977066 0.0192159023
v -0.000843241811 -0.00104001944 0.0192160085
v -0.000845239265 -0.000861583685 0.019302614
v -0.000843241811 -0.00104001944 0.0192160085
v -0.000898140133 -0.000966074294 0.0195544157
v -0.000845239265 -0.000861583685 0.019302614
v -0.00070195325 -0.000880467473 0.019604167
v -0.000659828482 -0.0010315649 0.0195975006
v -0.000650619331 -0.000991383684 0.019640835
v -0.000883626693 0.000336283207 0.018651668
v -0.000843622023 0.00023081727 0.0186751205
v -0.000850704149 0.000154585941 0.0186590161
v -0.0006988573 -0.000101503661 0.0195793658
v -0.000763126474 -0.000104992934 0.0193911027
v -0.000895615492 -9.51757756E-05 0.0190002657
v -0.000820122019 1.84453675E-05 0.0189393796
v -0.000850704149 0.000154585941 0.0186590161
v -0.000786189339 0.000300079031 0.0189168919
v -0.000462401455 -0.00203022477 0.0185672026
v -0.000791225699 -0.00129927602 0.0199841131
v -0.000683689083 -0.00133989262 0.0195423085
v -0.000793006038 -0.00133641611 0.0199531559
v -0.000462401455 -0.00203022477 0.0185672026
v -0.00067980733 -0.00158780953 0.0189073086
v -0.00045852171 -0.00189371046 0.0185804237
v -0.000885722402 -0.000652018818 0.0197549388
v -0.000855472754 -0.000735255366 0.0195075832
v -0.000972119626 -0.000774350308 0.0195842199
v -0.000880876672 -0.000518406741 0.0193845872
v -0.000855472754 -0.000735255366 0.0195075832
v -0.000717707793 -0.000723877747 0.0196008347
v -0.000855472754 -0.000735255366 0.0195075832
v -0.000880876672 -0.000518406741 0.0193845872
v -0.000885722402 -0.000652018818 0.0197549388
v -0.00166033558 0.00228599063 0.0211932752
v -0.00170577667 0.00236414117 0.0215374045
v -0.00170564523 0.00238646893 0.0215228498
v -0.000741609256 0.000463196251 0.0203971621
v -0.000690739835 0.00121171493 0.0202378742
v -0.00092932675 0.00115551183 0.0203420483
v -0.00109286641 0.000507508114 0.0201464649
v -0.0012012528 0.00112960069 0.0202890281
v -0.00122055516 0.00113261037 0.0201026965
v -0.00112278305 0.000564063492 0.019997092
v -0.00122055516 0.00113261037 0.0201026965
v -0.00124125206 0.00114869326 0.0199407637
v -0.00136743672 0.0017038926 0.0204894617
v -0.00137080683 0.00175444537 0.0203824323
v -0.00150759681 0.00211790949 0.0208363645
v -0.00137793715 0.00211493718 0.0209101047
v -0.00155995949 0.00223693415 0.021270033
v -0.00166165945 0.00225372659 0.0212363638
v -0.00151014177 0.00215016026 0.0207818002
v -0.00137696578 0.00181282556 0.0202710871
v -0.00124125206 0.00114869326 0.0199407637
v -0.00151457684 0.00219470495 0.0207087733
v -0.00166033558 0.00228599063 0.0211932752
v -0.00170577667 0.00236414117 0.0215374045
v -0.00166224432 0.00233044219 0.0211470798
v -0.00170564523 0.00238646893 0.0215228498
v -0.00124125206 0.00114869326 0.0199407637
v -0.00122055516 0.00113261037 0.0201026965
v -0.00137080683 0.00175444537 0.0203824323
v -0.00157219777 0.00236569275 0.0211657546
v -0.00170579506 0.00240790984 0.0215090793
v -0.00167535164 0.00241122534 0.021517789
v -0.0014769038 0.00236388459 0.0211929176
v -0.00167535164 0.00241122534 0.021517789
v -0.00164599041 0.00241471338 0.0215262603
v -0.000785524549 -0.00156841718 0.0188923161
v 0.000915489451 -0.000962223334 0.0189039223
v 0.000904296001 -0.00106306979 0.0189407878
v 0.00101992034 -0.000768254627 0.01893338
v 0.000806762604 -0.00118702406 0.0193628483
v 0.000741645053 -0.00109278457 0.0195011534
v 0.000659828482 -0.0010315649 0.0195975006
v 0.000898140133 -0.000966074294 0.0195544157
v 0.000833720318 -0.000939351274 0.0195294432
v 0.000827082316 -0.000959140714 0.0195782073
v 0.000895615492 -9.51757756E-05 0.0190002657
v 0.000880876672 -0.000518406741 0.0193845872
v 0.000885722402 -0.000652018818 0.0197549388
v 0.00100490206 -0.000123938327 0.0185338892
v 0.000967722153 -0.000376482814 0.0184364654
v 0.000976197713 -0.00043793334 0.0184059516
v 0.000850704149 0.000154585941 0.0186590161
v 0.00097624457 0.000194740816 0.0186837055
v 0.000843622023 0.00023081727 0.0186751205
v 0.000930327631 -0.000879639294 0.0189609304
v 0.000774039188 -0.00086811051 0.0189425163
v 0.000930327631 -0.000879639294 0.0189609304
v 0.000793846033 -0.000706427381 0.0190069787
v 0.00101992034 -0.000768254627 0.01893338
v 0.000915489451 -0.000962223334 0.0189039223
v 0.000764426251 -0.00103977066 0.0192159023
v 0.000845239265 -0.000861583685 0.019302614
v 0.000843241811 -0.00104001944 0.0192160085
v 0.000843241811 -0.00104001944 0.0192160085
v 0.000845239265 -0.000861583685 0.019302614
v 0.000898140133 -0.000966074294 0.0195544157
v 0.00070195325 -0.000880467473 0.019604167
v 0.000650619331 -0.000991383684 0.019640835
v 0.000659828482 -0.0010315649 0.0195975006
v 0.000883626693 0.000336283207 0.018651668
v 0.000850704149 0.000154585941 0.0186590161
v 0.000843622023 0.00023081727 0.0186751205
v 0.0006988573 -0.000101503661 0.0195793658
v 0.000895615492 -9.51757756E-05 0.0190002657
v 0.000763126474 -0.000104992934 0.0193911027
v 0.000820122019 1.84453675E-05 0.0189393796
v 0.000786189339 0.000300079031 0.0189168919
v 0.000850704149 0.000154585941 0.0186590161
v 0.000462401455 -0.00203022477 0.0185672026
v 0.000791225699 -0.00129927602 0.0199841131
v 0.000793006038 -0.00133641611 0.0199531559
v 0.000683689083 -0.00133989262 0.0195423085
v 0.000462401455 -0.00203022477 0.0185672026
v 0.00045852171 -0.00189371046 0.0185804237
v 0.00067980733 -0.00158780953 0.0189073086
v 0.000885722402 -0.000652018818 0.0197549388
v 0.000972119626 -0.000774350308 0.0195842199
v 0.000855472754 -0.000735255366 0.0195075832
v 0.000880876672 -0.000518406741 0.0193845872
v 0.000717707793 -0.000723877747 0.0196008347
v 0.000855472754 -0.000735255366 0.0195075832
v 0.000855472754 -0.000735255366 0.0195075832
v 0.000885722402 -0.000652018818 0.0197549388
v 0.000880876672 -0.000518406741 0.0193845872
v 0.00166033558 0.00228599063 0.0211932752
v 0.00170564523 0.00238646893 0.0215228498
v 0.00170577667 0.00236414117 0.0215374045
v 0.000741609256 0.000463196251 0.0203971621
v 0.00092932675 0.00115551183 0.0203420483
v 0.000690739835 0.00121171493 0.0202378742
v 0.00109286641 0.000507508114 0.0201464649
v 0.00122055516 0.00113261037 0.0201026965
v 0.0012012528 0.00112960069 0.0202890281
v 0.00112278305 0.000564063492 0.019997092
v 0.00124125206 0.00114869326 0.0199407637
v 0.00122055516 0.00113261037 0.0201026965
v 0.00137080683 0.00175444537 0.0203824323
v 0.00136743672 0.0017038926 0.0204894617
v 0.00150759681 0.00211790949 0.0208363645
v 0.00137793715 0.00211493718 0.0209101047
v 0.00155995949 0.00223693415 0.021270033
v 0.00166165945 0.00225372659 0.0212363638
v 0.00151014177 0.00215016026 0.0207818002
v 0.00137696578 0.00181282556 0.0202710871
v 0.00124125206 0.00114869326 0.0199407637
v 0.00151457684 0.00219470495 0.0207087733
v 0.00166033558 0.00228599063 0.0211932752
v 0.00170577667 0.00236414117 0.0215374045
v 0.00166224432 0.00233044219 0.0211470798
v 0.00170564523 0.00238646893 0.0215228498
v 0.00124125206 0.00114869326 0.0199407637
v 0.00137080683 0.00175444537 0.0203824323
v 0.00122055516 0.00113261037 0.0201026965
v 0.00157219777 0.00236569275 0.0211657546
v 0.00167535164 0.00241122534 0.021517789
v 0.00170579506 0.00240790984 0.0215090793
v 0.0014769038 0.00236388459 0.0211929176
v 0.00164599041 0.00241471338 0.0215262603
v 0.00167535164 0.00241122534 0.021517789
v 0.000785524549 -0.00156841718 0.0188923161
v -0.000430040644 -0.00221179868 0.0183421019
v -0.000352308969 -0.00235192012 0.0183707904
v -0.000194248612 -0.00246228906 0.0182089712
v -0.000463359785 -0.00203043758 0.0185670126
v -0.000493261789 -0.00189025607 0.0185957775
v -0.000194248612 -0.00246228906 0.0182089712
v -0.000661017606 -0.0016833914 0.0186492037
v -0.000720058742 -0.00156560086 0.0187065266
v -0.000854813785 -0.00140464329 0.0187818222
v -0.000547486881 -0.00165802101 0.018657133
v -0.000493261789 -0.00189025607 0.0185957775
v -0.000463359785 -0.00203043758 0.0185670126
v -0.000889126561 -0.00128084072 0.0188483167
v -0.000904944958 -0.00106373744 0.018941151
v -0.000748236489 -0.00107567408 0.0189548153
v -0.0010208782 -0.000768521801 0.0189334862
v -0.000940687954 -0.000556206622 0.0187148303
v -0.000988995889 -9.46035289E-05 0.0190038458
v -0.00107981381 -0.000315500482 0.0192618705
v -0.00096733158 -0.000844856433 0.0192596093
v -0.000977302901 -0.000622283493 0.019708598
v -0.000973109156 -0.000774265733 0.0195841026
v -0.000885438873 -0.000651203154 0.0197554436
v -0.000976271927 -0.00104179501 0.0196452141
v -0.000975518604 -0.000800319889 0.0196459033
v -0.000976830604 -0.000814504747 0.0196795557
v -0.000925232423 -0.000890352007 0.0196946766
v -0.00090213347 -0.000921032915 0.0196945351
v -0.000925310538 -0.00102653133 0.019183591
v -0.000806830707 -0.00104642648 0.0196942165
v -0.000864001573 -0.000889853807 0.0197128765
v -0.000828083721 -0.000860484666 0.0197301582
v -0.000910919567 -0.00131771516 0.0194968283
v -0.000754015229 -0.00133621483 0.0195821896
v -0.000832044636 -0.00155822083 0.0193367749
v -0.00060425722 -0.00159057672 0.0193758216
v -0.00087202579 -0.00118322496 0.0191099383
v -0.000561185181 -0.00190505944 0.0189800039
v -0.000346800487 -0.00175548159 0.0193140637
v -0.000862800516 -0.0013846932 0.0190062337
v -0.000786033983 -0.00156858435 0.0188914724
v -0.000678242825 -0.0018940334 0.0189078469
v -0.000689439592 -0.00166154548 0.0188195277
v -0.000463359785 -0.00203043758 0.0185670126
v -0.000260866509 -0.00191815477 0.0189906284
v -0 -0.00183123222 0.0193840731
v -0 -0.00198684982 0.0191027038
v -0.000511496444 -0.00211190805 0.0187013038
v -0.000463359785 -0.00203043758 0.0185670126
v -0.00013822758 -0.00215736963 0.0187869016
v -0 -0.00221225549 0.0188267697
v -0 -0.0024618071 0.0185483247
v -0.00031590712 -0.0021210229 0.0187594704
v -0.000371884031 -0.00241006236 0.0184953809
v -0.000463359785 -0.00203043758 0.0185670126
v -0.000352308969 -0.00235192012 0.0183707904
v -0 -0.00266598002 0.018421473
v -0.000181270909 -0.00246824184 0.0183042884
v -0.000352308969 -0.00235192012 0.0183707904
v -0.000194248612 -0.00246228906 0.0182089712
v -5.9837912E-05 -0.00159231038 0.0172550362
v -0 -0.00163440884 0.0172161851
v -0 -0.00121042726 0.0174776018
v -0.000197398884 -0.00144796493 0.0173744876
v -0.000282885769 -0.00137855357 0.0174208358
v -0.000368404377 -0.00126603688 0.0174899399
v -0.000415977353 -0.00120060542 0.0175018236
v -0 -0.000914637407 0.0175194796
v -0.000582183595 -0.00096491148 0.0175536387
v -0.000603720895 -0.000922519248 0.0175577104
v -0 -0.000642960076 0.0175367109
v -0.000920276158 -0.000305569469 0.0175687261
v -0 0.000213568797 0.017338613
v -0.00115480041 0.000176248956 0.0175508484
v -0.000996213756 -0.000274776947 0.0175785497
v -0.00105894916 -0.000137994561 0.0176515244
v -0.00106528297 -0.000153804489 0.0179177299
v -0.00105968665 -0.0002019612 0.0180862024
v -0.00120408612 -0.000146423641 0.0176443569
v -0.00092277868 -0.000524231291 0.0174989756
v -0.00067914417 -0.00100311334 0.0173684731
v -0.00048829586 -0.00122552179 0.0175022781
v -0.000452069653 -0.00127871276 0.0174927525
v -0.000363149971 -0.00146735483 0.01738308
v -0.000333163887 -0.00147479726 0.0171897821
v -0.000265996438 -0.00153107801 0.0173384082
v -0.000170852931 -0.00157280103 0.0172916278
v -7.61693882E-05 -0.00168472505 0.0172016565
v -0.000987734762 -0.00064293266 0.0179171823
v -0.00093437254 -0.000628441107 0.0179136526
v -0.000833108381 -0.000925180269 0.0179639459
v -0.000903151464 -0.000944201427 0.0179685801
v -0.0010024982 -0.000806060329 0.018065704
v -0.000918112695 -0.000768863538 0.0182760712
v -0.00104948308 -0.000663644052 0.0180148147
v -0.00101050956 -0.000718947616 0.0181937497
v -0.00110283168 -0.000358477759 0.0181217641
v -0.000977184041 -0.000438091927 0.0184059944
v -0.000837622443 -0.000622898981 0.0183336847
v -0.00111581781 -2.23584448E-05 0.0182361808
v -0.00106962759 -0.00041287081 0.0183063708
v -0.00109120144 -7.67188467E-05 0.0184270442
v -0.00100589904 -0.000123982871 0.0185339563
v -0.00105498801 2.03827221E-05 0.01813877
v -0.00110926072 0.000280819804 0.0183417946
v -0.00108982995 0.00022182196 0.0185360163
v -0.000910606235 8.41694928E-05 0.0181895103
v -0.000884333975 -0.000151431086 0.0179158766
v -0 3.90887108E-05 0.0182563905
v -0 -0.000193622735 0.0179634485
v -0.000911170384 8.40643697E-05 0.0181903299
v -1.20954039E-15 3.83108745E-05 0.01825702
v 0.000910606235 8.41694928E-05 0.0181895103
v 0.000911170384 8.40643697E-05 0.0181903299
v -0.00104824896 0.000340417813 0.0182458311
v -0.00096385926 0.000110108951 0.0181699544
v -0.000989254797 0.000425205595 0.0177669562
v -0.000869117037 0.000436299277 0.0176874399
v -0.000921868836 0.00041558448 0.0183015075
v -0.000833472761 0.0010209512 0.0178328119
v -0.00108551595 0.000416921132 0.0185097493
v -0.00100895204 0.000578398409 0.0185995847
v -0.000866160612 0.000601759821 0.0185659714
v -0.000961204001 0.00106884772 0.01791244
v -0.000652551767 0.00146258052 0.0179506689
v -0.000976619776 0.000194615626 0.0186846238
v -0.000883974426 0.000336382916 0.0186525993
v -0.000866160612 0.000601759821 0.0185659714
v -0.000842877664 0.000230934937 0.0186757781
v -0.000990932109 7.92474311E-05 0.0186229255
v -0.00085124356 0.000155239919 0.0186595451
v -0.00096938957 0.000761754345 0.0183262229
v -0.00096385926 0.000110108951 0.0181699544
v -0.000741847267 0.00157288648 0.018026704
v -0.000358413759 0.00169765064 0.0180847961
v -0.000714862952 0.00115946389 0.0184379611
v -0.000741847267 0.00157288648 0.018026704
v -0.000903541513 0.000690488145 0.0183351375
v -0.000921868836 0.00041558448 0.0183015075
v -0.000866160612 0.000601759821 0.0185659714
v -0.000678808021 0.0010706801 0.01843982
v -0.000382194179 0.00128770887 0.0184838641
v -0.000358413759 0.00169765064 0.0180847961
v -0.000629495014 0.000773932843 0.0188436843
v -0.000358983903 0.00117794762 0.0184649508
v -0 0.00124293915 0.0184923355
v -0 0.00172816275 0.0180477183
v -0.000564739166 0.000928094203 0.0186796747
v -0.000868933566 0.000451357802 0.018707389
v -0.000545541232 0.000734794477 0.0188543312
v -0.000883974426 0.000336382916 0.0186525993
v -0.00082418666 0.000386792643 0.0187102072
v -0.000842877664 0.000230934937 0.0186757781
v -0.000338824495 0.00100586249 0.0187319759
v -0.000463082717 0.000838819135 0.0188788734
v -0.000417407806 0.00102760422 0.0188127756
v -0.000282419816 0.000996861374 0.0187656414
v -0.000439954951 0.000699270924 0.0190052483
v -0.000288144598 0.000762750686 0.0190126114
v -0 0.0012216575 0.0189648662
v -0 0.000773580745 0.0191754811
v -0 0.0012216575 0.0189648662
v -0 0.00119695487 0.0188822951
v -0.000238312292 0.000985348481 0.0187987238
v -0.000282370864 0.000995865208 0.018765714
v -0 0.00105610793 0.0187828876
v -0.000238111505 0.000984527636 0.0187981892
v -0.000198160589 0.000972072303 0.0188349728
v -0.00019853712 0.00097128679 0.0188354626
v -0 0.00103144115 0.0188209824
v -0 0.00110221573 0.0189369991
v -0 -0.000193622735 0.0179634485
v -0.00115480041 0.000176248956 0.0175508484
v -0 0.000213568797 0.017338613
v -0.000884333975 -0.000151431086 0.0179158766
v -0.00105968665 -0.0002019612 0.0180862024
v -0 0.00124293915 0.0184923355
v -0 0.00160686672 0.0180088114
v -0 0.0011108797 0.0185053777
v -0 0.00172816275 0.0180477183
v -0 0.00160686672 0.0180088114
v -0 0.00172816275 0.0180477183
v -0.000332568947 0.00154559128 0.0180138145
v -0 0.0011108797 0.0185053777
v -0.000332569092 0.00104995957 0.0185064655
v -0.000651620387 0.000985384686 0.0184411015
v -0.000833472761 0.0010209512 0.0178328119
v -0.000833472528 0.000525319541 0.0183254611
v -0.000869117037 0.000436299277 0.0176874399
v -0.000910606235 8.41694928E-05 0.0181895103
v -0.000901343417 3.28304632E-05 0.0182050727
v -0.000152007502 -0.00177452236 0.0190373398
v -0 -0.00176695362 0.0191096999
v -0 -0.00181143591 0.019063063
v -0 -0.0017316544 0.019270815
v -0.000329789327 -0.00174882205 0.0191138946
v -0.000273842801 -0.00166323956 0.0192843359
v -0.000639468257 -0.00156676397 0.0192461871
v -0.000217896304 -0.00157765951 0.0194547735
v -0.000407021493 -0.00142827479 0.0195585731
v -0.000660122023 -0.00149551523 0.0193351675
v -0 -0.00159951567 0.0195297115
v -0 -0.00129982107 0.0198363494
v -0.00050641445 -0.00143159518 0.0194914024
v -0.000509422622 -0.00137998513 0.0195354186
v -0.000513434992 -0.0013111491 0.0195941348
v -0.000590634882 -0.00139555114 0.0194690898
v -0.000607735303 -0.00138990185 0.0194537211
v -0.000655877404 -0.00137399789 0.0194104575
v -0.000796665146 -0.00125775428 0.0193244908
v -0.000638481521 -0.00126797648 0.0194910839
v -0.000806582801 -0.00118759344 0.0193636492
v -0.000634612632 -0.00123872363 0.0195162091
v -0.000514023704 -0.0012690319 0.0196255911
v -0.000527304423 -0.00103756774 0.0197112933
v -0.000742005592 -0.00109343429 0.0195018221
v -0.00063184445 -0.00121779309 0.0195341874
v -0.000626731722 -0.00119295565 0.0195575301
v -0.000591814809 -0.00121079118 0.019583188
v -0.000660379883 -0.00103204267 0.019598186
v -0.00053003215 -0.00124084612 0.0196242481
v -0.000651213049 -0.000991645968 0.019641595
v 6.51931941E-06 -0.00104017451 0.0199603345
v -0.000539694563 -0.000797924295 0.0197574664
v -0.000702220015 -0.000880847627 0.0196050536
v -0.000661690196 -0.00082270836 0.0196532644
v -0 -0.000775083899 0.0200503338
v -0.000684527506 -0.000788943435 0.0196415
v -0.000532729144 -0.000596758211 0.0197783839
v -0 -0.000383478909 0.0201213434
v -0.000686632295 -0.000579467393 0.0196820181
v -0.000694059185 -0.000291379634 0.0197061431
v -0.000718071824 -0.000723440724 0.019601658
v -0.000880507811 -0.000517875713 0.019385349
v -0.000896234997 -9.4391311E-05 0.0190002937
v -0.000699734548 -0.000101212499 0.0195797477
v -0.000489092025 -0.000335242046 0.0198249985
v -0 -0.00026131628 0.0200862214
v -0.00037812395 1.5346408E-05 0.019845726
v -0 9.53769777E-05 0.0200609379
v -0 0.000146767503 0.0200210083
v -0 0.00031673073 0.0198889617
v -0.00049170194 0.00018477712 0.019747274
v -0.000694155518 5.20938993E-05 0.0194237176
v -0.000763028336 -0.000103998071 0.0193910766
v -0.000896234997 -9.4391311E-05 0.0190002937
v -0.000500280876 0.000378845521 0.0196566544
v -0.000247115444 0.000507109158 0.019668581
v -0 0.000648696383 0.0195790362
v -0.000288144598 0.000762750686 0.0190126114
v -0 0.000773580745 0.0191754811
v -0.000439954951 0.000699270924 0.0190052483
v -0.000786978577 0.000300555228 0.0189172793
v -0.00085124356 0.000155239919 0.0186595451
v -0.00085124356 0.000155239919 0.0186595451
v -0.000823451264 0.000386786764 0.0187095311
v -0.000850704149 0.000154585941 0.0186590161
v -0.0008207598 1.87547485E-05 0.0189400855
v -0.000887454778 -0.000190079241 0.0188596807
v -0.00107981381 -0.000315500482 0.0192618705
v -0.000885438873 -0.000651203154 0.0197554436
v -0.000977302901 -0.000622283493 0.019708598
v -0.000967527681 -0.000264346483 0.018834956
v -0.000887454778 -0.000190079241 0.0188596807
v -0.0008207598 1.87547485E-05 0.0189400855
v -0.000966216205 -2.07456833E-05 0.0189497061
v -0.000970043533 0.000259949884 0.0189198591
v -0.000786978577 0.000300555228 0.0189172793
v -0.00103332172 -1.48587706E-05 0.0188506916
v -0.00103439461 -0.000241881702 0.0187492669
v -0.00102994626 0.00013885081 0.0188408885
v -0.00104852417 4.18384006E-05 0.0187023412
v -0.00085124356 0.000155239919 0.0186595451
v -0.000786978577 0.000300555228 0.0189172793
v -0.00105365436 -0.000188991515 0.0186032839
v -0.000977184041 -0.000438091927 0.0184059944
v -0.00101751531 -0.000497620553 0.0186366476
v -0.00104349398 -0.000445043144 0.0184955504
v -0.000967464934 -0.00071409333 0.0185619276
v -0.00100175443 -0.000677349977 0.0183953457
v -0.000837622443 -0.000622898981 0.0183336847
v -0.000964993902 -0.00079129223 0.0184272472
v -0.000806582801 -0.00118759344 0.0193636492
v -0.000742005592 -0.00109343429 0.0195018221
v -0.000660379883 -0.00103204267 0.019598186
v -0.000806762604 -0.00118702406 0.0193628483
v -0.000659828482 -0.0010315649 0.0195975006
v -0.000742005592 -0.00109343429 0.0195018221
v -0.000806582801 -0.00118759344 0.0193636492
v -0.000810559315 -0.0011301107 0.0194353703
v -0.000815338746 -0.00108361209 0.0194784515
v -0.000822785601 -0.00103140133 0.019525893
v -0.000660379883 -0.00103204267 0.019598186
v -0.000826819392 -0.000959704746 0.0195789896
v -0.000651213049 -0.000991645968 0.019641595
v -0.000702220015 -0.000880847627 0.0196050536
v -0.000828143791 -0.000887166709 0.0196876004
v -0.000828083721 -0.000860484666 0.0197301582
v -0.000661690196 -0.00082270836 0.0196532644
v -0.000811952574 -0.000784964242 0.0198374484
v -0.000948511122 -0.000896187383 0.0197724532
v -0.000864001573 -0.000889853807 0.0197128765
v -0.00090213347 -0.000921032915 0.0196945351
v -0.00127136626 -0.000820910791 0.0201135147
v -0.00126484386 -0.000792528968 0.0201604869
v -0.000898785656 -0.000966225867 0.0195551645
v -0.000826819392 -0.000959704746 0.0195789896
v -0.000822785601 -0.00103140133 0.019525893
v -0.000815338746 -0.00108361209 0.0194784515
v -0.000810559315 -0.0011301107 0.0194353703
v -0.000806582801 -0.00118759344 0.0193636492
v -0.000898140133 -0.000966074294 0.0195544157
v -0.000806762604 -0.00118702406 0.0193628483
v -0 0.00119695487 0.0188822951
v -0.000198160589 0.000972072303 0.0188349728
v -0 0.00110221573 0.0189369991
v -0.000282419816 0.000996861374 0.0187656414
v -0.00019853712 0.00097128679 0.0188354626
v -0.000282370864 0.000995865208 0.018765714
v -0.000898785656 -0.000966225867 0.0195551645
v -0.000834520673 -0.000938884215 0.0195298195
v -0.000826819392 -0.000959704746 0.0195789896
v -0.000833720318 -0.000939351274 0.0195294432
v -0.000898140133 -0.000966074294 0.0195544157
v -0.000920276158 -0.000305569469 0.0175687261
v -0.000603720895 -0.000922519248 0.0175577104
v -0.000689635053 -0.000985705061 0.0175579954
v -0.000582183595 -0.00096491148 0.0175536387
v -0.00048829586 -0.00122552179 0.0175022781
v -0.000415977353 -0.00120060542 0.0175018236
v -0.000452069653 -0.00127871276 0.0174927525
v -0.000368404377 -0.00126603688 0.0174899399
v -0.000282885769 -0.00137855357 0.0174208358
v -0.000363149971 -0.00146735483 0.01738308
v -0.000197398884 -0.00144796493 0.0173744876
v -0.000265996438 -0.00153107801 0.0173384082
v -0.000170852931 -0.00157280103 0.0172916278
v -5.9837912E-05 -0.00159231038 0.0172550362
v -7.61693882E-05 -0.00168472505 0.0172016565
v -0 -0.00163440884 0.0172161851
v -7.52460983E-05 -0.00168434926 0.0172015764
v -3.69878858E-14 -0.00163540884 0.0172161926
v 7.61693882E-05 -0.00168472505 0.0172016565
v 7.52460983E-05 -0.00168434926 0.0172015764
v -0.00120408612 -0.000146423641 0.0176443569
v -0.00105894916 -0.000137994561 0.0176515244
v -0.00106528297 -0.000153804489 0.0179177299
v -0.000996213756 -0.000274776947 0.0175785497
v -0.00092277868 -0.000524231291 0.0174989756
v -0.000920276158 -0.000305569469 0.0175687261
v -0.00067914417 -0.00100311334 0.0173684731
v -0.00056781905 -0.000973297399 0.0173670426
v -0.000333163887 -0.00147479726 0.0171897821
v -0.000237013854 -0.00141787238 0.0171870515
v -0 -0.00166739372 0.0170728862
v -0 -0.00180002546 0.0170278251
v -0 -0.00257974979 0.0182550978
v -0.000181270909 -0.00246824184 0.0183042884
v -0 -0.00266598002 0.018421473
v -0.000194248612 -0.00246228906 0.0182089712
v -0.000996213756 -0.000274776947 0.0175785497
v -0.00105894916 -0.000137994561 0.0176515244
v -0.000918454665 -0.000146423001 0.0176194925
v -0.000920276158 -0.000305569469 0.0175687261
v -0.000603720895 -0.000922519248 0.0175577104
v -0.000920276158 -0.000305569469 0.0175687261
v -0.00056781905 -0.000973297399 0.0173670426
v -0.000582183595 -0.00096491148 0.0175536387
v -0.000415977353 -0.00120060542 0.0175018236
v -0.000237013854 -0.00141787238 0.0171870515
v -0.000368404377 -0.00126603688 0.0174899399
v -0.000282885769 -0.00137855357 0.0174208358
v -0.000197398884 -0.00144796493 0.0173744876
v -5.9837912E-05 -0.00159231038 0.0172550362
v -0 -0.00166739372 0.0170728862
v -0 -0.00163440884 0.0172161851
v -0.000834520673 -0.000938884215 0.0195298195
v -0.000826819392 -0.000959704746 0.0195789896
v -0.000822785601 -0.00103140133 0.019525893
v -0.000829563243 -0.00102501817 0.0194543879
v -0.000815338746 -0.00108361209 0.0194784515
v -0.000810559315 -0.0011301107 0.0194353703
v -0.000806582801 -0.00118759344 0.0193636492
v -0.00082858291 -0.00102484028 0.0194543023
v -0.000806762604 -0.00118702406 0.0193628483
v -0.000833720318 -0.000939351274 0.0195294432
v -0.000834520673 -0.000938884215 0.0195298195
v -0.000914749689 -0.000961889687 0.0189045072
v -0.000930838694 -0.000879551983 0.0189617835
v -0.000904944958 -0.00106373744 0.018941151
v -0.000748236489 -0.00107567408 0.0189548153
v -0.000712819805 -0.00119222747 0.019134488
v -0.000902792439 0.000379917619 0.0182362106
v -0.00096385926 0.000110108951 0.0181699544
v -0.000921868836 0.00041558448 0.0183015075
v -0.000866160612 0.000601759821 0.0185659714
v -0.000903601118 0.000380301324 0.0182357654
v -0.000865417125 0.000601184787 0.0185656305
v -0.000828065095 -0.000999214477 0.0191521961
v -0.000914749689 -0.000961889687 0.0189045072
v -0.000904944958 -0.00106373744 0.018941151
v -0.000930838694 -0.000879551983 0.0189617835
v -0.000833108381 -0.000925180269 0.0179639459
v -0.00093437254 -0.000628441107 0.0179136526
v -0.00102761667 -0.000343845109 0.018015936
v -0.000837687228 -0.000898331171 0.0180235561
v -0.000702220015 -0.000880847627 0.0196050536
v -0.000651213049 -0.000991645968 0.019641595
v -0.000660379883 -0.00103204267 0.019598186
v -0.00070195325 -0.000880467473 0.019604167
v -0.000659828482 -0.0010315649 0.0195975006
v -0.000883974426 0.000336382916 0.0186525993
v -0.00085124356 0.000155239919 0.0186595451
v -0.000842877664 0.000230934937 0.0186757781
v -0.000850704149 0.000154585941 0.0186590161
v -0.000883626693 0.000336283207 0.018651668
v -0 0.000850526092 0.0189299192
v -0 0.000773580745 0.0191754811
v -0.000288144598 0.000762750686 0.0190126114
v -0.000295950042 0.000811383943 0.0188878216
v -0.000439954951 0.000699270924 0.0190052483
v -0.000545541232 0.000734794477 0.0188543312
v -0.000295682461 0.000810498488 0.0188874416
v -0.000545019633 0.000734461297 0.0188535452
v 6.76443179E-10 0.000849578239 0.0189296007
v -0 0.000850526092 0.0189299192
v -0.000903151464 -0.000944201427 0.0179685801
v -0.000918112695 -0.000768863538 0.0182760712
v -0.000837622443 -0.000622898981 0.0183336847
v -0.000837687228 -0.000898331171 0.0180235561
v -0.000833108381 -0.000925180269 0.0179639459
v -0.00077466626 -0.000867919822 0.0189432707
v -0.000845885836 -0.000861754641 0.019301869
v -0.000765114091 -0.0010390915 0.0192156471
v -0.00079436478 -0.000707247818 0.019007219
v -0.00079436478 -0.000707247818 0.019007219
v -0.00096733158 -0.000844856433 0.0192596093
v -0.000845885836 -0.000861754641 0.019301869
v -0.0010208782 -0.000768521801 0.0189334862
v -0.000752106309 -0.00131485634 0.0200016033
v -0.000793882413 -0.00133688864 0.019953249
v -0.000791887345 -0.00129880803 0.0199846979
v -0.000754101435 -0.00135293452 0.0199701507
v -0.000549460237 -0.0013947502 0.0195995588
v -0.000684609928 -0.00134024175 0.0195421353
v -0.000590634882 -0.00139555114 0.0194690898
v -0.00050641445 -0.00143159518 0.0194914024
v -0.000607735303 -0.00138990185 0.0194537211
v -0.000655877404 -0.00137399789 0.0194104575
v -0.00126484386 -0.000792528968 0.0201604869
v -0.00129439065 -0.000780090457 0.0200920515
v -0.00128787127 -0.000751706364 0.0201390162
v -0.00127136626 -0.000820910791 0.0201135147
v -0.000948511122 -0.000896187383 0.0197724532
v -0.00102674507 -0.000757512578 0.0196995214
v -0.000976830604 -0.000814504747 0.0196795557
v -0.000975518604 -0.000800319889 0.0196459033
v -0.000973109156 -0.000774265733 0.0195841026
v -0.000925232423 -0.000890352007 0.0196946766
v -0.00090213347 -0.000921032915 0.0196945351
v -0.00128787127 -0.000751706364 0.0201390162
v -0.00129439065 -0.000780090457 0.0200920515
v -0.00102674507 -0.000757512578 0.0196995214
v -0.000885438873 -0.000651203154 0.0197554436
v -0.000973109156 -0.000774265733 0.0195841026
v -0.000885438873 -0.000651203154 0.0197554436
v -0.00126484386 -0.000792528968 0.0201604869
v -0.00128787127 -0.000751706364 0.0201390162
v -0.000811952574 -0.000784964242 0.0198374484
v -0.000718071824 -0.000723440724 0.019601658
v -0.000880507811 -0.000517875713 0.019385349
v -0.000684527506 -0.000788943435 0.0196415
v -0.000661690196 -0.00082270836 0.0196532644
v -0.000702220015 -0.000880847627 0.0196050536
v -0.000684527506 -0.000788943435 0.0196415
v -0.000661690196 -0.00082270836 0.0196532644
v -0.000718071824 -0.000723440724 0.019601658
v -0.000717707793 -0.000723877747 0.0196008347
v -0.00070195325 -0.000880467473 0.019604167
v -0.000834520673 -0.000938884215 0.0195298195
v -0.000837938162 -0.000915287237 0.0195019059
v -0.000834771432 -0.000934526033 0.019533636
v -0.000826819392 -0.000959704746 0.0195789896
v -0.00053003215 -0.00124084612 0.0196242481
v -0.000514023704 -0.0012690319 0.0196255911
v -0.000591814809 -0.00121079118 0.019583188
v -0.000634612632 -0.00123872363 0.0195162091
v -0.00063184445 -0.00121779309 0.0195341874
v -0.000626731722 -0.00119295565 0.0195575301
v -0.000638481521 -0.00126797648 0.0194910839
v -0.000590634882 -0.00139555114 0.0194690898
v -0.000513434992 -0.0013111491 0.0195941348
v -0.000509422622 -0.00137998513 0.0195354186
v -0.00050641445 -0.00143159518 0.0194914024
v -0.000607735303 -0.00138990185 0.0194537211
v -0.000655877404 -0.00137399789 0.0194104575
v -0.000828143791 -0.000887166709 0.0196876004
v -0.000828083721 -0.000860484666 0.0197301582
v -0.000885438873 -0.000651203154 0.0197554436
v -0.000826819392 -0.000959704746 0.0195789896
v -0.000834771432 -0.000934526033 0.019533636
v -0.000837938162 -0.000915287237 0.0195019059
v -0.000837052066 -0.000914186239 0.0194970891
v -0.000843800488 -0.000863551919 0.0194791723
v -0.000854780723 -0.000734671718 0.0195080079
v -0.000514023704 -0.0012690319 0.0196255911
v -0.000754101435 -0.00135293452 0.0199701507
v -0.000752106309 -0.00131485634 0.0200016033
v -0.000549460237 -0.0013947502 0.0195995588
v -0.000513434992 -0.0013111491 0.0195941348
v -0.000509422622 -0.00137998513 0.0195354186
v -0.00050641445 -0.00143159518 0.0194914024
v -0.000684609928 -0.00134024175 0.0195421353
v -0.000626731722 -0.00119295565 0.0195575301
v -0.000791887345 -0.00129880803 0.0199846979
v -0.00063184445 -0.00121779309 0.0195341874
v -0.000634612632 -0.00123872363 0.0195162091
v -0.000638481521 -0.00126797648 0.0194910839
v -0.000655877404 -0.00137399789 0.0194104575
v -0.000791887345 -0.00129880803 0.0199846979
v -0.000626731722 -0.00119295565 0.0195575301
v -0.000752106309 -0.00131485634 0.0200016033
v -0.000591814809 -0.00121079118 0.019583188
v -0.00053003215 -0.00124084612 0.0196242481
v -0.000514023704 -0.0012690319 0.0196255911
v -0.000864001573 -0.000889853807 0.0197128765
v -0.000828083721 -0.000860484666 0.0197301582
v -0.000828143791 -0.000887166709 0.0196876004
v -0.00090213347 -0.000921032915 0.0196945351
v -0.000826819392 -0.000959704746 0.0195789896
v -0.000975518604 -0.000800319889 0.0196459033
v -0.000973109156 -0.000774265733 0.0195841026
v -0.000885438873 -0.000651203154 0.0197554436
v -0.000976830604 -0.000814504747 0.0196795557
v -0.000925232423 -0.000890352007 0.0196946766
v -0.000828083721 -0.000860484666 0.0197301582
v -0.000864001573 -0.000889853807 0.0197128765
v -0.00090213347 -0.000921032915 0.0196945351
v -0.00083037524 -0.000939146499 0.0195310339
v -0.000834520673 -0.000938884215 0.0195298195
v -0.000837052066 -0.000914186239 0.0194970891
v -0.000826819392 -0.000959704746 0.0195789896
v -0.000975518604 -0.000800319889 0.0196459033
v -0.000976830604 -0.000814504747 0.0196795557
v -0.000925232423 -0.000890352007 0.0196946766
v -0.000834771432 -0.000934526033 0.019533636
v -0.00090213347 -0.000921032915 0.0196945351
v -0.000826819392 -0.000959704746 0.0195789896
v -0.000837938162 -0.000915287237 0.0195019059
v -0.000973109156 -0.000774265733 0.0195841026
v -0.000837052066 -0.000914186239 0.0194970891
v -0.000885438873 -0.000651203154 0.0197554436
v -0.000973109156 -0.000774265733 0.0195841026
v -0.000854780723 -0.000734671718 0.0195080079
v -0.000855472754 -0.000735255366 0.0195075832
v -0.000972119626 -0.000774350308 0.0195842199
v -0.000880507811 -0.000517875713 0.019385349
v -0.000718071824 -0.000723440724 0.019601658
v -0.000854780723 -0.000734671718 0.0195080079
v -0.000855472754 -0.000735255366 0.0195075832
v -0.000717707793 -0.000723877747 0.0196008347
v -0.000786033983 -0.00156858435 0.0188914724
v -0.000722883909 -0.00138025894 0.0186895486
v -0.000616378733 -0.00147579936 0.0186234787
v -0.000689439592 -0.00166154548 0.0188195277
v -0.00166308007 0.00233088713 0.0211467575
v -0.00170651078 0.0024085769 0.021509286
v -0.0017064861 0.00238675927 0.021523308
v -0.00157231861 0.00236665737 0.02116552
v -0.00138913596 0.00224072975 0.0207015015
v -0.00151537859 0.00219510077 0.0207083244
v -0.00120189565 0.00188031455 0.020237701
v -0.00137776381 0.00181306049 0.0202705301
v -0.000991014182 0.00119258533 0.0198234972
v -0.00124207872 0.00114864111 0.0199402049
v -0.000729974185 0.00123132206 0.0198888816
v -0.0010123899 0.00189936662 0.0203246847
v -0.00126493373 0.00225249352 0.0207511447
v -0.00147635769 0.00236471603 0.02119302
v -0.00167555897 0.00241212384 0.0215181746
v -0.000843923015 0.000643857231 0.0198488701
v -0.00112371589 0.000563992013 0.0199967399
v -0.000752516382 0.000173823195 0.0195254814
v -0.000405056344 0.000164401543 0.0195902791
v -0.000534560764 0.000659117359 0.0199376866
v -0.000364590058 6.87089632E-05 0.0197438244
v -0.000504689408 0.00060243078 0.0200875308
v -0.000320769177 -2.96885537E-05 0.0199236944
v -0.000476277899 0.000560175511 0.0202604719
v -0.000275439961 -0.000370955677 0.0192781687
v -0.000225080905 -0.000487345038 0.0194762517
v -0.000318215665 -0.000265143171 0.0191281009
v -0.000542406633 -0.000601077452 0.019591704
v -0.000686529384 -0.000259561522 0.0190467965
v -0.000616508943 -0.000148447652 0.0200396907
v -0.000919205369 -0.000599417835 0.019545814
v -0.00106006721 5.8640926E-05 0.0196559243
v -0.00101233588 -0.000377218385 0.0191976689
v -0.000741466938 0.000462992641 0.0203981306
v -0.000689883425 0.0012119913 0.0202383101
v -0.000975784613 -0.000135448587 0.0199893415
v -0.000969564077 -0.000483023148 0.0193477385
v -0.0010196002 -3.70462913E-05 0.0198094714
v -0.00109383988 0.000507310266 0.0201465786
v -0.00122152269 0.00113237568 0.0201027915
v -0.00106543349 0.000465049001 0.0203195233
v -0.000929196365 0.00115539262 0.0203430336
v -0.00120198773 0.00112930383 0.0202896371
v -0.00117479765 0.00170755654 0.0205699205
v -0.00136823871 0.0017034323 0.0204898417
v -0.00122152269 0.00113237568 0.0201027915
v -0.00137780781 0.0021141395 0.0209106933
v -0.00100285921 0.00178974087 0.0205440093
v -0.000689883425 0.0012119913 0.0202383101
v -0.00125789351 0.00217465032 0.0208793376
v -0.00147568854 0.00228689797 0.0212826859
v -0.0015598879 0.00223601912 0.0212704316
v -0.00164563931 0.00237077847 0.0215555206
v -0.00167550088 0.0023673554 0.0215469506
v -0.00166241126 0.00225307094 0.0212364364
v -0.00170645094 0.00236380775 0.021538062
v -0.00167550088 0.0023673554 0.0215469506
v -0.00170645094 0.00236380775 0.021538062
v -0.0017064861 0.00238675927 0.021523308
v -0.00167553523 0.00239030155 0.0215321966
v -0.00164563931 0.00237077847 0.0215555206
v -0.00170651078 0.0024085769 0.021509286
v -0.00164567365 0.00239372253 0.0215407703
v -0.00167555897 0.00241212384 0.0215181746
v -0.00164569821 0.0024155397 0.0215267409
v -0.000534560764 0.000659117359 0.0199376866
v -0.000991014182 0.00119258533 0.0198234972
v -0.000843923015 0.000643857231 0.0198488701
v -0.000729974185 0.00123132206 0.0198888816
v -0.000504689408 0.00060243078 0.0200875308
v -0.000709413842 0.00121506513 0.02005147
v -0.000476277899 0.000560175511 0.0202604719
v -0.0010123899 0.00189936662 0.0203246847
v -0.000689883425 0.0012119913 0.0202383101
v -0.00100640382 0.0018405217 0.0204365179
v -0.00126493373 0.00225249352 0.0207511447
v -0.00100285921 0.00178974087 0.0205440093
v -0.00126063242 0.00220722146 0.0208244734
v -0.00147635769 0.00236471603 0.02119302
v -0.00125789351 0.00217465032 0.0208793376
v -0.00147457072 0.00231960276 0.0212393571
v -0.00147568854 0.00228689797 0.0212826859
v -0.00164567365 0.00239372253 0.0215407703
v -0.00164563931 0.00237077847 0.0215555206
v -0.00164569821 0.0024155397 0.0215267409
v -0.00126063242 0.00220722146 0.0208244734
v -0.00147457072 0.00231960276 0.0212393571
v -0.00147635769 0.00236471603 0.02119302
v -0.00164569821 0.0024155397 0.0215267409
v -0 0.000968285429 0.0194969419
v -0 0.00052985095 0.0196570419
v -0.000223409676 0.000543351867 0.0195260886
v -0.000392509275 0.000798857422 0.0193378236
v -0.000311262993 0.000521757815 0.0194846354
v -0.000413765054 0.000474384316 0.0194909517
v -0.000435568189 0.000616037287 0.0193840209
v -0.000486732926 0.000624855689 0.019129958
v -0.000505112112 0.00051486498 0.0193506349
v -0.000265252427 0.00077395339 0.0192909818
v -0 0.000952028844 0.0194173362
v -0 0.000968285429 0.0194969419
v -0.000392509275 0.000798857422 0.0193378236
v -0.000486732926 0.000624855689 0.019129958
v -0.00026515004 0.000773164153 0.0192915872
v -0.000485920697 0.000624273322 0.0191299915
v -0 0.000951049093 0.0194175355
v -0 0.000952028844 0.0194173362
v 0.00026515004 0.000773164153 0.0192915872
v 0.000265252427 0.00077395339 0.0192909818
v 0.000485920697 0.000624273322 0.0191299915
v 0.000486732926 0.000624855689 0.019129958
v 0.000392509275 0.000798857422 0.0193378236
v -0 0.000968285429 0.0194969419
v -0 0.000952028844 0.0194173362
v 5.89508363E-06 0.000603928929 0.0200268198
v 5.88931789E-06 0.00013749217 0.0200096741
v -0.000218524132 0.000199401024 0.0198934916
v -0.000387623702 0.000507054676 0.0198155344
v -0.000306377391 0.000195042259 0.0198469553
v -0.000408879539 0.000148787512 0.0198349338
v -0.000430682616 0.000320315565 0.0197893456
v -0.000481847412 0.000396378688 0.0195796993
v -0.000481039693 0.000395791023 0.0195796527
v -0.000429866981 0.000320207211 0.0197887756
v -0.000475750334 0.000264574104 0.0197449606
v -0.000500226626 0.000239214496 0.0197202563
v -0.000260366854 0.000501662842 0.0197627582
v 5.84980808E-06 0.000618908147 0.0199469607
v 5.89508363E-06 0.000603928929 0.0200268198
v -0.000387623702 0.000507054676 0.0198155344
v -0.000481847412 0.000396378688 0.0195796993
v -0.000260248518 0.000500716036 0.0197630581
v -0.000481039693 0.000395791023 0.0195796527
v 6.33882337E-06 0.000618050923 0.0199468005
v 5.84980808E-06 0.000618908147 0.0199469607
v 6.45781984E-06 0.000603411172 0.0200261753
v 5.89508363E-06 0.000603928929 0.0200268198
v 6.3558864E-06 0.000137524665 0.0200087894
v 5.88931789E-06 0.00013749217 0.0200096741
v -0 -1.01591131E-05 0.0202665832
v -0 -0.00053441833 0.0199890919
v -0.000282155612 -0.000399341661 0.0198903717
v -0.000497055065 -4.2026345E-06 0.0199712589
v -0.000393803581 -0.00037860396 0.0198347121
v -0.000524067902 -0.00042488685 0.0197953824
v -0.000551776378 -0.000203405041 0.0198380463
v -0.000616798876 5.45067196E-05 0.0197979454
v -0.000616090198 5.41518821E-05 0.0197973344
v -0.000551010424 -0.000203206568 0.0198374353
v -0.000609050388 -0.000242651047 0.0197564401
v -0.00064015598 -0.000258010608 0.0197141543
v -0.00033533122 1.88071099E-05 0.019907888
v -0 5.11329345E-05 0.020183485
v -0 -1.01591131E-05 0.0202665832
v -0.000497055065 -4.2026345E-06 0.0199712589
v -0.000616798876 5.45067196E-05 0.0197979454
v -0.000335243298 1.78371502E-05 0.0199076626
v -0.000616090198 5.41518821E-05 0.0197973344
v -0 5.03281626E-05 0.0201828908
v -0 5.11329345E-05 0.020183485
v 0.000335243298 1.78371502E-05 0.0199076626
v 0.00033533122 1.88071099E-05 0.019907888
v 0.000616090198 5.41518821E-05 0.0197973344
v 0.000616798876 5.45067196E-05 0.0197979454
v 0.000497055065 -4.2026345E-06 0.0199712589
v -0 -1.01591131E-05 0.0202665832
v -0 5.11329345E-05 0.020183485
v -0 -0.000591378252 0.0202634968
v -0 -0.00110425474 0.0199238751
v -0.000292227312 -0.00095482514 0.0198357087
v -0.000515083259 -0.000555238454 0.0199593138
v -0.000408008957 -0.000927768764 0.0197803713
v -0.000543096219 -0.00097154011 0.0197350811
v -0.000571830606 -0.000747295737 0.0198016092
v -0.000639260397 -0.000477047404 0.0197864119
v -0.000631225121 -0.000779512862 0.0197133999
v -0.000663482293 -0.000791070459 0.0196681954
v -0.000347371737 -0.000525057316 0.0198962502
v -0 -0.00051968341 0.0201839618
v -0 -0.000591378252 0.0202634968
v -0.000515083259 -0.000555238454 0.0199593138
v -0.000639260397 -0.000477047404 0.0197864119
v -0.000347283785 -0.000526000455 0.019895928
v -0.000638551777 -0.000477340858 0.0197857693
v -0 -0.000520426198 0.0201832913
v -0 -0.00051968341 0.0201839618
v 0.000347283785 -0.000526000455 0.019895928
v 0.000347371737 -0.000525057316 0.0198962502
v 0.000638551777 -0.000477340858 0.0197857693
v 0.000639260397 -0.000477047404 0.0197864119
v 0.000515083259 -0.000555238454 0.0199593138
v -0 -0.000591378252 0.0202634968
v -0 -0.00051968341 0.0201839618
v -0.000680363679 -0.00158792094 0.0189064853
v -0.000617213664 -0.00139959541 0.0187045615
v -0.000722883909 -0.00138025894 0.0186895486
v -0.000786033983 -0.00156858435 0.0188914724
v 0.000430040644 -0.00221179868 0.0183421019
v 0.000194248612 -0.00246228906 0.0182089712
v 0.000352308969 -0.00235192012 0.0183707904
v 0.000463359785 -0.00203043758 0.0185670126
v 0.000493261789 -0.00189025607 0.0185957775
v 0.000194248612 -0.00246228906 0.0182089712
v 0.000661017606 -0.0016833914 0.0186492037
v 0.000720058742 -0.00156560086 0.0187065266
v 0.000854813785 -0.00140464329 0.0187818222
v 0.000547486881 -0.00165802101 0.018657133
v 0.000493261789 -0.00189025607 0.0185957775
v 0.000463359785 -0.00203043758 0.0185670126
v 0.000889126561 -0.00128084072 0.0188483167
v 0.000904944958 -0.00106373744 0.018941151
v 0.000748236489 -0.00107567408 0.0189548153
v 0.0010208782 -0.000768521801 0.0189334862
v 0.000940687954 -0.000556206622 0.0187148303
v 0.000988995889 -9.46035289E-05 0.0190038458
v 0.00107981381 -0.000315500482 0.0192618705
v 0.00096733158 -0.000844856433 0.0192596093
v 0.000977302901 -0.000622283493 0.019708598
v 0.000973109156 -0.000774265733 0.0195841026
v 0.000885438873 -0.000651203154 0.0197554436
v 0.000976271927 -0.00104179501 0.0196452141
v 0.000975518604 -0.000800319889 0.0196459033
v 0.000976830604 -0.000814504747 0.0196795557
v 0.000925232423 -0.000890352007 0.0196946766
v 0.00090213347 -0.000921032915 0.0196945351
v 0.000925310538 -0.00102653133 0.019183591
v 0.000806830707 -0.00104642648 0.0196942165
v 0.000864001573 -0.000889853807 0.0197128765
v 0.000828083721 -0.000860484666 0.0197301582
v 0.000910919567 -0.00131771516 0.0194968283
v 0.000754015229 -0.00133621483 0.0195821896
v 0.000832044636 -0.00155822083 0.0193367749
v 0.00060425722 -0.00159057672 0.0193758216
v 0.00087202579 -0.00118322496 0.0191099383
v 0.000561185181 -0.00190505944 0.0189800039
v 0.000346800487 -0.00175548159 0.0193140637
v 0.000862800516 -0.0013846932 0.0190062337
v 0.000786033983 -0.00156858435 0.0188914724
v 0.000678242825 -0.0018940334 0.0189078469
v 0.000689439592 -0.00166154548 0.0188195277
v 0.000463359785 -0.00203043758 0.0185670126
v 0.000260866509 -0.00191815477 0.0189906284
v -0 -0.00183123222 0.0193840731
v -0 -0.00198684982 0.0191027038
v 0.000511496444 -0.00211190805 0.0187013038
v 0.000463359785 -0.00203043758 0.0185670126
v 0.00013822758 -0.00215736963 0.0187869016
v -0 -0.00221225549 0.0188267697
v -0 -0.0024618071 0.0185483247
v 0.00031590712 -0.0021210229 0.0187594704
v 0.000371884031 -0.00241006236 0.0184953809
v 0.000463359785 -0.00203043758 0.0185670126
v 0.000352308969 -0.00235192012 0.0183707904
v -0 -0.00266598002 0.018421473
v 0.000181270909 -0.00246824184 0.0183042884
v 0.000352308969 -0.00235192012 0.0183707904
v 0.000194248612 -0.00246228906 0.0182089712
v 5.9837912E-05 -0.00159231038 0.0172550362
v -0 -0.00121042726 0.0174776018
v -0 -0.00163440884 0.0172161851
v 0.000197398884 -0.00144796493 0.0173744876
v 0.000282885769 -0.00137855357 0.0174208358
v 0.000368404377 -0.00126603688 0.0174899399
v 0.000415977353 -0.00120060542 0.0175018236
v -0 -0.000914637407 0.0175194796
v 0.000582183595 -0.00096491148 0.0175536387
v 0.000603720895 -0.000922519248 0.0175577104
v -0 -0.000642960076 0.0175367109
v 0.000920276158 -0.000305569469 0.0175687261
v -0 0.000213568797 0.017338613
v 0.00115480041 0.000176248956 0.0175508484
v 0.000996213756 -0.000274776947 0.0175785497
v 0.00105894916 -0.000137994561 0.0176515244
v 0.00106528297 -0.000153804489 0.0179177299
v 0.00105968665 -0.0002019612 0.0180862024
v 0.00120408612 -0.000146423641 0.0176443569
v 0.00092277868 -0.000524231291 0.0174989756
v 0.00067914417 -0.00100311334 0.0173684731
v 0.00048829586 -0.00122552179 0.0175022781
v 0.000452069653 -0.00127871276 0.0174927525
v 0.000363149971 -0.00146735483 0.01738308
v 0.000333163887 -0.00147479726 0.0171897821
v 0.000265996438 -0.00153107801 0.0173384082
v 0.000170852931 -0.00157280103 0.0172916278
v 7.61693882E-05 -0.00168472505 0.0172016565
v 0.00093437254 -0.000628441107 0.0179136526
v 0.000987734762 -0.00064293266 0.0179171823
v 0.000833108381 -0.000925180269 0.0179639459
v 0.000903151464 -0.000944201427 0.0179685801
v 0.0010024982 -0.000806060329 0.018065704
v 0.000918112695 -0.000768863538 0.0182760712
v 0.00104948308 -0.000663644052 0.0180148147
v 0.00101050956 -0.000718947616 0.0181937497
v 0.00110283168 -0.000358477759 0.0181217641
v 0.000977184041 -0.000438091927 0.0184059944
v 0.000837622443 -0.000622898981 0.0183336847
v 0.00111581781 -2.23584448E-05 0.0182361808
v 0.00106962759 -0.00041287081 0.0183063708
v 0.00109120144 -7.67188467E-05 0.0184270442
v 0.00100589904 -0.000123982871 0.0185339563
v 0.00105498801 2.03827221E-05 0.01813877
v 0.00110926072 0.000280819804 0.0183417946
v 0.00108982995 0.00022182196 0.0185360163
v 0.000910606235 8.41694928E-05 0.0181895103
v 0.000884333975 -0.000151431086 0.0179158766
v -0 3.90887108E-05 0.0182563905
v -0 -0.000193622735 0.0179634485
v 0.00104824896 0.000340417813 0.0182458311
v 0.00096385926 0.000110108951 0.0181699544
v 0.000989254797 0.000425205595 0.0177669562
v 0.000869117037 0.000436299277 0.0176874399
v 0.000921868836 0.00041558448 0.0183015075
v 0.000833472761 0.0010209512 0.0178328119
v 0.00108551595 0.000416921132 0.0185097493
v 0.00100895204 0.000578398409 0.0185995847
v 0.000866160612 0.000601759821 0.0185659714
v 0.000961204001 0.00106884772 0.01791244
v 0.000652551767 0.00146258052 0.0179506689
v 0.000976619776 0.000194615626 0.0186846238
v 0.000883974426 0.000336382916 0.0186525993
v 0.000866160612 0.000601759821 0.0185659714
v 0.000842877664 0.000230934937 0.0186757781
v 0.000990932109 7.92474311E-05 0.0186229255
v 0.00085124356 0.000155239919 0.0186595451
v 0.00096938957 0.000761754345 0.0183262229
v 0.00096385926 0.000110108951 0.0181699544
v 0.000741847267 0.00157288648 0.018026704
v 0.000358413759 0.00169765064 0.0180847961
v 0.000903541513 0.000690488145 0.0183351375
v 0.000921868836 0.00041558448 0.0183015075
v 0.000866160612 0.000601759821 0.0185659714
v 0.000714862952 0.00115946389 0.0184379611
v 0.000741847267 0.00157288648 0.018026704
v 0.000678808021 0.0010706801 0.01843982
v 0.000629495014 0.000773932843 0.0188436843
v 0.000382194179 0.00128770887 0.0184838641
v 0.000358413759 0.00169765064 0.0180847961
v 0.000358983903 0.00117794762 0.0184649508
v -0 0.00124293915 0.0184923355
v -0 0.00172816275 0.0180477183
v 0.000564739166 0.000928094203 0.0186796747
v 0.000868933566 0.000451357802 0.018707389
v 0.000545541232 0.000734794477 0.0188543312
v 0.000883974426 0.000336382916 0.0186525993
v 0.00082418666 0.000386792643 0.0187102072
v 0.000842877664 0.000230934937 0.0186757781
v 0.000338824495 0.00100586249 0.0187319759
v 0.000463082717 0.000838819135 0.0188788734
v 0.000417407806 0.00102760422 0.0188127756
v 0.000282419816 0.000996861374 0.0187656414
v 0.000439954951 0.000699270924 0.0190052483
v 0.000288144598 0.000762750686 0.0190126114
v -0 0.0012216575 0.0189648662
v -0 0.000773580745 0.0191754811
v -0 0.0012216575 0.0189648662
v -0 0.00119695487 0.0188822951
v 0.000238312292 0.000985348481 0.0187987238
v -0 0.00105610793 0.0187828876
v 0.000238111505 0.000984527636 0.0187981892
v 0.000282370864 0.000995865208 0.018765714
v 0.00019853712 0.00097128679 0.0188354626
v 0.000198160589 0.000972072303 0.0188349728
v -0 0.00103144115 0.0188209824
v -0 0.00110221573 0.0189369991
v 5.9837912E-05 -0.00159231038 0.0172550362
v 7.61693882E-05 -0.00168472505 0.0172016565
v -0 -0.00163440884 0.0172161851
v 0.000170852931 -0.00157280103 0.0172916278
v 0.000197398884 -0.00144796493 0.0173744876
v 0.000265996438 -0.00153107801 0.0173384082
v 0.000363149971 -0.00146735483 0.01738308
v 0.000282885769 -0.00137855357 0.0174208358
v 0.000452069653 -0.00127871276 0.0174927525
v 0.000368404377 -0.00126603688 0.0174899399
v 0.000415977353 -0.00120060542 0.0175018236
v 0.00048829586 -0.00122552179 0.0175022781
v 0.000582183595 -0.00096491148 0.0175536387
v 0.000689635053 -0.000985705061 0.0175579954
v 0.000603720895 -0.000922519248 0.0175577104
v 0.000920276158 -0.000305569469 0.0175687261
v -0 -0.000193622735 0.0179634485
v -0 0.000213568797 0.017338613
v 0.00115480041 0.000176248956 0.0175508484
v 0.000884333975 -0.000151431086 0.0179158766
v 0.00105968665 -0.0002019612 0.0180862024
v -0 0.00160686672 0.0180088114
v -0 0.00172816275 0.0180477183
v 0.000332568947 0.00154559128 0.0180138145
v -0 0.0011108797 0.0185053777
v 0.000332569092 0.00104995957 0.0185064655
v 0.000651620387 0.000985384686 0.0184411015
v 0.000833472761 0.0010209512 0.0178328119
v 0.000833472528 0.000525319541 0.0183254611
v 0.000869117037 0.000436299277 0.0176874399
v 0.000910606235 8.41694928E-05 0.0181895103
v 0.000901343417 3.28304632E-05 0.0182050727
v 0.000152007502 -0.00177452236 0.0190373398
v -0 -0.00181143591 0.019063063
v -0 -0.00176695362 0.0191096999
v -0 -0.0017316544 0.019270815
v 0.000329789327 -0.00174882205 0.0191138946
v 0.000273842801 -0.00166323956 0.0192843359
v 0.000639468257 -0.00156676397 0.0192461871
v 0.000217896304 -0.00157765951 0.0194547735
v 0.000407021493 -0.00142827479 0.0195585731
v 0.000660122023 -0.00149551523 0.0193351675
v -0 -0.00159951567 0.0195297115
v -0 -0.00129982107 0.0198363494
v 0.00050641445 -0.00143159518 0.0194914024
v 0.000509422622 -0.00137998513 0.0195354186
v 0.000513434992 -0.0013111491 0.0195941348
v 0.000590634882 -0.00139555114 0.0194690898
v 0.000607735303 -0.00138990185 0.0194537211
v 0.000655877404 -0.00137399789 0.0194104575
v 0.000796665146 -0.00125775428 0.0193244908
v 0.000638481521 -0.00126797648 0.0194910839
v 0.000806582801 -0.00118759344 0.0193636492
v 0.000634612632 -0.00123872363 0.0195162091
v 0.000514023704 -0.0012690319 0.0196255911
v 0.000527304423 -0.00103756774 0.0197112933
v 0.000742005592 -0.00109343429 0.0195018221
v 0.00063184445 -0.00121779309 0.0195341874
v 0.000626731722 -0.00119295565 0.0195575301
v 0.000591814809 -0.00121079118 0.019583188
v 0.000660379883 -0.00103204267 0.019598186
v 0.00053003215 -0.00124084612 0.0196242481
v 0.000651213049 -0.000991645968 0.019641595
v -6.51931941E-06 -0.00104017451 0.0199603345
v 0.000539694563 -0.000797924295 0.0197574664
v 0.000702220015 -0.000880847627 0.0196050536
v 0.000661690196 -0.00082270836 0.0196532644
v -0 -0.000775083899 0.0200503338
v 0.000684527506 -0.000788943435 0.0196415
v 0.000532729144 -0.000596758211 0.0197783839
v -0 -0.000383478909 0.0201213434
v 0.000686632295 -0.000579467393 0.0196820181
v 0.000694059185 -0.000291379634 0.0197061431
v 0.000718071824 -0.000723440724 0.019601658
v 0.000880507811 -0.000517875713 0.019385349
v 0.000896234997 -9.4391311E-05 0.0190002937
v 0.000699734548 -0.000101212499 0.0195797477
v 0.000489092025 -0.000335242046 0.0198249985
v -0 -0.00026131628 0.0200862214
v 0.00037812395 1.5346408E-05 0.019845726
v -0 9.53769777E-05 0.0200609379
v -0 0.000146767503 0.0200210083
v -0 0.00031673073 0.0198889617
v 0.00049170194 0.00018477712 0.019747274
v 0.000694155518 5.20938993E-05 0.0194237176
v 0.000763028336 -0.000103998071 0.0193910766
v 0.000896234997 -9.4391311E-05 0.0190002937
v 0.000500280876 0.000378845521 0.0196566544
v 0.000247115444 0.000507109158 0.019668581
v -0 0.000648696383 0.0195790362
v 0.000288144598 0.000762750686 0.0190126114
v -0 0.000773580745 0.0191754811
v 0.000439954951 0.000699270924 0.0190052483
v 0.000786978577 0.000300555228 0.0189172793
v 0.00085124356 0.000155239919 0.0186595451
v 0.00085124356 0.000155239919 0.0186595451
v 0.000850704149 0.000154585941 0.0186590161
v 0.000823451264 0.000386786764 0.0187095311
v 0.0008207598 1.87547485E-05 0.0189400855
v 0.000887454778 -0.000190079241 0.0188596807
v 0.00107981381 -0.000315500482 0.0192618705
v 0.000885438873 -0.000651203154 0.0197554436
v 0.000977302901 -0.000622283493 0.019708598
v 0.000887454778 -0.000190079241 0.0188596807
v 0.000967527681 -0.000264346483 0.018834956
v 0.0008207598 1.87547485E-05 0.0189400855
v 0.000966216205 -2.07456833E-05 0.0189497061
v 0.000970043533 0.000259949884 0.0189198591
v 0.000786978577 0.000300555228 0.0189172793
v 0.00103332172 -1.48587706E-05 0.0188506916
v 0.00103439461 -0.000241881702 0.0187492669
v 0.00102994626 0.00013885081 0.0188408885
v 0.00104852417 4.18384006E-05 0.0187023412
v 0.00085124356 0.000155239919 0.0186595451
v 0.000786978577 0.000300555228 0.0189172793
v 0.00105365436 -0.000188991515 0.0186032839
v 0.000977184041 -0.000438091927 0.0184059944
v 0.00101751531 -0.000497620553 0.0186366476
v 0.00104349398 -0.000445043144 0.0184955504
v 0.000967464934 -0.00071409333 0.0185619276
v 0.00100175443 -0.000677349977 0.0183953457
v 0.000837622443 -0.000622898981 0.0183336847
v 0.000964993902 -0.00079129223 0.0184272472
v 0.000806582801 -0.00118759344 0.0193636492
v 0.000660379883 -0.00103204267 0.019598186
v 0.000742005592 -0.00109343429 0.0195018221
v 0.000659828482 -0.0010315649 0.0195975006
v 0.000806762604 -0.00118702406 0.0193628483
v 0.000742005592 -0.00109343429 0.0195018221
v 0.000810559315 -0.0011301107 0.0194353703
v 0.000806582801 -0.00118759344 0.0193636492
v 0.000815338746 -0.00108361209 0.0194784515
v 0.000822785601 -0.00103140133 0.019525893
v 0.000660379883 -0.00103204267 0.019598186
v 0.000826819392 -0.000959704746 0.0195789896
v 0.000651213049 -0.000991645968 0.019641595
v 0.000702220015 -0.000880847627 0.0196050536
v 0.000828143791 -0.000887166709 0.0196876004
v 0.000828083721 -0.000860484666 0.0197301582
v 0.000661690196 -0.00082270836 0.0196532644
v 0.000811952574 -0.000784964242 0.0198374484
v 0.000948511122 -0.000896187383 0.0197724532
v 0.000864001573 -0.000889853807 0.0197128765
v 0.00090213347 -0.000921032915 0.0196945351
v 0.00127136626 -0.000820910791 0.0201135147
v 0.00126484386 -0.000792528968 0.0201604869
v 0.000898785656 -0.000966225867 0.0195551645
v 0.000822785601 -0.00103140133 0.019525893
v 0.000826819392 -0.000959704746 0.0195789896
v 0.000815338746 -0.00108361209 0.0194784515
v 0.000810559315 -0.0011301107 0.0194353703
v 0.000806582801 -0.00118759344 0.0193636492
v 0.000806762604 -0.00118702406 0.0193628483
v 0.000898140133 -0.000966074294 0.0195544157
v -0 0.00119695487 0.0188822951
v -0 0.00110221573 0.0189369991
v 0.000198160589 0.000972072303 0.0188349728
v 0.000282419816 0.000996861374 0.0187656414
v 0.000282370864 0.000995865208 0.018765714
v 0.00019853712 0.00097128679 0.0188354626
v 0.000898785656 -0.000966225867 0.0195551645
v 0.000826819392 -0.000959704746 0.0195789896
v 0.000834520673 -0.000938884215 0.0195298195
v 0.000898140133 -0.000966074294 0.0195544157
v 0.000833720318 -0.000939351274 0.0195294432
v 0.00120408612 -0.000146423641 0.0176443569
v 0.00106528297 -0.000153804489 0.0179177299
v 0.00105894916 -0.000137994561 0.0176515244
v 0.000996213756 -0.000274776947 0.0175785497
v 0.00092277868 -0.000524231291 0.0174989756
v 0.000920276158 -0.000305569469 0.0175687261
v 0.00067914417 -0.00100311334 0.0173684731
v 0.00056781905 -0.000973297399 0.0173670426
v 0.000333163887 -0.00147479726 0.0171897821
v 0.000237013854 -0.00141787238 0.0171870515
v -0 -0.00166739372 0.0170728862
v -0 -0.00180002546 0.0170278251
v -0 -0.00257974979 0.0182550978
v -0 -0.00266598002 0.018421473
v 0.000181270909 -0.00246824184 0.0183042884
v 0.000194248612 -0.00246228906 0.0182089712
v 0.000996213756 -0.000274776947 0.0175785497
v 0.000918454665 -0.000146423001 0.0176194925
v 0.00105894916 -0.000137994561 0.0176515244
v 0.000920276158 -0.000305569469 0.0175687261
v 0.000603720895 -0.000922519248 0.0175577104
v 0.00056781905 -0.000973297399 0.0173670426
v 0.000920276158 -0.000305569469 0.0175687261
v 0.000582183595 -0.00096491148 0.0175536387
v 0.000415977353 -0.00120060542 0.0175018236
v 0.000237013854 -0.00141787238 0.0171870515
v 0.000368404377 -0.00126603688 0.0174899399
v 0.000282885769 -0.00137855357 0.0174208358
v 0.000197398884 -0.00144796493 0.0173744876
v 5.9837912E-05 -0.00159231038 0.0172550362
v -0 -0.00166739372 0.0170728862
v -0 -0.00163440884 0.0172161851
v 0.000834520673 -0.000938884215 0.0195298195
v 0.000822785601 -0.00103140133 0.019525893
v 0.000826819392 -0.000959704746 0.0195789896
v 0.000829563243 -0.00102501817 0.0194543879
v 0.000815338746 -0.00108361209 0.0194784515
v 0.000810559315 -0.0011301107 0.0194353703
v 0.000806582801 -0.00118759344 0.0193636492
v 0.000806762604 -0.00118702406 0.0193628483
v 0.00082858291 -0.00102484028 0.0194543023
v 0.000834520673 -0.000938884215 0.0195298195
v 0.000833720318 -0.000939351274 0.0195294432
v 0.000930838694 -0.000879551983 0.0189617835
v 0.000914749689 -0.000961889687 0.0189045072
v 0.000904944958 -0.00106373744 0.018941151
v 0.000748236489 -0.00107567408 0.0189548153
v 0.000712819805 -0.00119222747 0.019134488
v 0.000902792439 0.000379917619 0.0182362106
v 0.000921868836 0.00041558448 0.0183015075
v 0.00096385926 0.000110108951 0.0181699544
v 0.000866160612 0.000601759821 0.0185659714
v 0.000865417125 0.000601184787 0.0185656305
v 0.000903601118 0.000380301324 0.0182357654
v 0.000828065095 -0.000999214477 0.0191521961
v 0.000904944958 -0.00106373744 0.018941151
v 0.000914749689 -0.000961889687 0.0189045072
v 0.000930838694 -0.000879551983 0.0189617835
v 0.000833108381 -0.000925180269 0.0179639459
v 0.00102761667 -0.000343845109 0.018015936
v 0.00093437254 -0.000628441107 0.0179136526
v 0.000837687228 -0.000898331171 0.0180235561
v 0.000702220015 -0.000880847627 0.0196050536
v 0.000660379883 -0.00103204267 0.019598186
v 0.000651213049 -0.000991645968 0.019641595
v 0.000659828482 -0.0010315649 0.0195975006
v 0.00070195325 -0.000880467473 0.019604167
v 0.000883974426 0.000336382916 0.0186525993
v 0.000842877664 0.000230934937 0.0186757781
v 0.00085124356 0.000155239919 0.0186595451
v 0.000883626693 0.000336283207 0.018651668
v 0.000850704149 0.000154585941 0.0186590161
v -0 0.000850526092 0.0189299192
v 0.000288144598 0.000762750686 0.0190126114
v -0 0.000773580745 0.0191754811
v 0.000295950042 0.000811383943 0.0188878216
v 0.000439954951 0.000699270924 0.0190052483
v 0.000545541232 0.000734794477 0.0188543312
v 0.000545019633 0.000734461297 0.0188535452
v 0.000295682461 0.000810498488 0.0188874416
v -0 0.000850526092 0.0189299192
v 6.76443179E-10 0.000849578239 0.0189296007
v 0.000903151464 -0.000944201427 0.0179685801
v 0.000837622443 -0.000622898981 0.0183336847
v 0.000918112695 -0.000768863538 0.0182760712
v 0.000837687228 -0.000898331171 0.0180235561
v 0.000833108381 -0.000925180269 0.0179639459
v 0.00077466626 -0.000867919822 0.0189432707
v 0.000765114091 -0.0010390915 0.0192156471
v 0.000845885836 -0.000861754641 0.019301869
v 0.00079436478 -0.000707247818 0.019007219
v 0.00079436478 -0.000707247818 0.019007219
v 0.000845885836 -0.000861754641 0.019301869
v 0.00096733158 -0.000844856433 0.0192596093
v 0.0010208782 -0.000768521801 0.0189334862
v 0.000752106309 -0.00131485634 0.0200016033
v 0.000791887345 -0.00129880803 0.0199846979
v 0.000793882413 -0.00133688864 0.019953249
v 0.000754101435 -0.00135293452 0.0199701507
v 0.000549460237 -0.0013947502 0.0195995588
v 0.000684609928 -0.00134024175 0.0195421353
v 0.000590634882 -0.00139555114 0.0194690898
v 0.00050641445 -0.00143159518 0.0194914024
v 0.000607735303 -0.00138990185 0.0194537211
v 0.000655877404 -0.00137399789 0.0194104575
v 0.00126484386 -0.000792528968 0.0201604869
v 0.00128787127 -0.000751706364 0.0201390162
v 0.00129439065 -0.000780090457 0.0200920515
v 0.00127136626 -0.000820910791 0.0201135147
v 0.000948511122 -0.000896187383 0.0197724532
v 0.00102674507 -0.000757512578 0.0196995214
v 0.000976830604 -0.000814504747 0.0196795557
v 0.000975518604 -0.000800319889 0.0196459033
v 0.000973109156 -0.000774265733 0.0195841026
v 0.000925232423 -0.000890352007 0.0196946766
v 0.00090213347 -0.000921032915 0.0196945351
v 0.00128787127 -0.000751706364 0.0201390162
v 0.00102674507 -0.000757512578 0.0196995214
v 0.00129439065 -0.000780090457 0.0200920515
v 0.000885438873 -0.000651203154 0.0197554436
v 0.000973109156 -0.000774265733 0.0195841026
v 0.000885438873 -0.000651203154 0.0197554436
v 0.00128787127 -0.000751706364 0.0201390162
v 0.00126484386 -0.000792528968 0.0201604869
v 0.000811952574 -0.000784964242 0.0198374484
v 0.000718071824 -0.000723440724 0.019601658
v 0.000880507811 -0.000517875713 0.019385349
v 0.000684527506 -0.000788943435 0.0196415
v 0.000661690196 -0.00082270836 0.0196532644
v 0.000702220015 -0.000880847627 0.0196050536
v 0.000661690196 -0.00082270836 0.0196532644
v 0.000684527506 -0.000788943435 0.0196415
v 0.000718071824 -0.000723440724 0.019601658
v 0.00070195325 -0.000880467473 0.019604167
v 0.000717707793 -0.000723877747 0.0196008347
v 0.000834520673 -0.000938884215 0.0195298195
v 0.000834771432 -0.000934526033 0.019533636
v 0.000837938162 -0.000915287237 0.0195019059
v 0.000826819392 -0.000959704746 0.0195789896
v 0.00053003215 -0.00124084612 0.0196242481
v 0.000591814809 -0.00121079118 0.019583188
v 0.000514023704 -0.0012690319 0.0196255911
v 0.000634612632 -0.00123872363 0.0195162091
v 0.00063184445 -0.00121779309 0.0195341874
v 0.000626731722 -0.00119295565 0.0195575301
v 0.000638481521 -0.00126797648 0.0194910839
v 0.000590634882 -0.00139555114 0.0194690898
v 0.000513434992 -0.0013111491 0.0195941348
v 0.000509422622 -0.00137998513 0.0195354186
v 0.00050641445 -0.00143159518 0.0194914024
v 0.000607735303 -0.00138990185 0.0194537211
v 0.000655877404 -0.00137399789 0.0194104575
v 0.000828143791 -0.000887166709 0.0196876004
v 0.000885438873 -0.000651203154 0.0197554436
v 0.000828083721 -0.000860484666 0.0197301582
v 0.000826819392 -0.000959704746 0.0195789896
v 0.000834771432 -0.000934526033 0.019533636
v 0.000837938162 -0.000915287237 0.0195019059
v 0.000837052066 -0.000914186239 0.0194970891
v 0.000843800488 -0.000863551919 0.0194791723
v 0.000854780723 -0.000734671718 0.0195080079
v 0.000514023704 -0.0012690319 0.0196255911
v 0.000752106309 -0.00131485634 0.0200016033
v 0.000754101435 -0.00135293452 0.0199701507
v 0.000549460237 -0.0013947502 0.0195995588
v 0.000513434992 -0.0013111491 0.0195941348
v 0.000509422622 -0.00137998513 0.0195354186
v 0.00050641445 -0.00143159518 0.0194914024
v 0.000684609928 -0.00134024175 0.0195421353
v 0.000791887345 -0.00129880803 0.0199846979
v 0.000626731722 -0.00119295565 0.0195575301
v 0.00063184445 -0.00121779309 0.0195341874
v 0.000634612632 -0.00123872363 0.0195162091
v 0.000638481521 -0.00126797648 0.0194910839
v 0.000655877404 -0.00137399789 0.0194104575
v 0.000791887345 -0.00129880803 0.0199846979
v 0.000752106309 -0.00131485634 0.0200016033
v 0.000626731722 -0.00119295565 0.0195575301
v 0.000591814809 -0.00121079118 0.019583188
v 0.00053003215 -0.00124084612 0.0196242481
v 0.000514023704 -0.0012690319 0.0196255911
v 0.000864001573 -0.000889853807 0.0197128765
v 0.000828143791 -0.000887166709 0.0196876004
v 0.000828083721 -0.000860484666 0.0197301582
v 0.00090213347 -0.000921032915 0.0196945351
v 0.000826819392 -0.000959704746 0.0195789896
v 0.000975518604 -0.000800319889 0.0196459033
v 0.000885438873 -0.000651203154 0.0197554436
v 0.000973109156 -0.000774265733 0.0195841026
v 0.000976830604 -0.000814504747 0.0196795557
v 0.000925232423 -0.000890352007 0.0196946766
v 0.000828083721 -0.000860484666 0.0197301582
v 0.000864001573 -0.000889853807 0.0197128765
v 0.00090213347 -0.000921032915 0.0196945351
v 0.00083037524 -0.000939146499 0.0195310339
v 0.000837052066 -0.000914186239 0.0194970891
v 0.000834520673 -0.000938884215 0.0195298195
v 0.000826819392 -0.000959704746 0.0195789896
v 0.000975518604 -0.000800319889 0.0196459033
v 0.000925232423 -0.000890352007 0.0196946766
v 0.000976830604 -0.000814504747 0.0196795557
v 0.000834771432 -0.000934526033 0.019533636
v 0.00090213347 -0.000921032915 0.0196945351
v 0.000826819392 -0.000959704746 0.0195789896
v 0.000837938162 -0.000915287237 0.0195019059
v 0.000973109156 -0.000774265733 0.0195841026
v 0.000837052066 -0.000914186239 0.0194970891
v 0.000885438873 -0.000651203154 0.0197554436
v 0.000854780723 -0.000734671718 0.0195080079
v 0.000973109156 -0.000774265733 0.0195841026
v 0.000972119626 -0.000774350308 0.0195842199
v 0.000855472754 -0.000735255366 0.0195075832
v 0.000880507811 -0.000517875713 0.019385349
v 0.000854780723 -0.000734671718 0.0195080079
v 0.000718071824 -0.000723440724 0.019601658
v 0.000717707793 -0.000723877747 0.0196008347
v 0.000855472754 -0.000735255366 0.0195075832
v 0.000786033983 -0.00156858435 0.0188914724
v 0.000689439592 -0.00166154548 0.0188195277
v 0.000616378733 -0.00147579936 0.0186234787
v 0.000722883909 -0.00138025894 0.0186895486
v 0.00166308007 0.00233088713 0.0211467575
v 0.0017064861 0.00238675927 0.021523308
v 0.00170651078 0.0024085769 0.021509286
v 0.00157231861 0.00236665737 0.02116552
v 0.00138913596 0.00224072975 0.0207015015
v 0.00151537859 0.00219510077 0.0207083244
v 0.00120189565 0.00188031455 0.020237701
v 0.00137776381 0.00181306049 0.0202705301
v 0.000991014182 0.00119258533 0.0198234972
v 0.00124207872 0.00114864111 0.0199402049
v 0.000729974185 0.00123132206 0.0198888816
v 0.0010123899 0.00189936662 0.0203246847
v 0.00126493373 0.00225249352 0.0207511447
v 0.00147635769 0.00236471603 0.02119302
v 0.00167555897 0.00241212384 0.0215181746
v 0.000843923015 0.000643857231 0.0198488701
v 0.00112371589 0.000563992013 0.0199967399
v 0.000752516382 0.000173823195 0.0195254814
v 0.000405056344 0.000164401543 0.0195902791
v 0.000534560764 0.000659117359 0.0199376866
v 0.000364590058 6.87089632E-05 0.0197438244
v 0.000504689408 0.00060243078 0.0200875308
v 0.000320769177 -2.96885537E-05 0.0199236944
v 0.000476277899 0.000560175511 0.0202604719
v 0.000275439961 -0.000370955677 0.0192781687
v 0.000225080905 -0.000487345038 0.0194762517
v 0.000318215665 -0.000265143171 0.0191281009
v 0.000542406633 -0.000601077452 0.019591704
v 0.000686529384 -0.000259561522 0.0190467965
v 0.000616508943 -0.000148447652 0.0200396907
v 0.000919205369 -0.000599417835 0.019545814
v 0.00106006721 5.8640926E-05 0.0196559243
v 0.00101233588 -0.000377218385 0.0191976689
v 0.000741466938 0.000462992641 0.0203981306
v 0.000689883425 0.0012119913 0.0202383101
v 0.000975784613 -0.000135448587 0.0199893415
v 0.000969564077 -0.000483023148 0.0193477385
v 0.0010196002 -3.70462913E-05 0.0198094714
v 0.00109383988 0.000507310266 0.0201465786
v 0.00122152269 0.00113237568 0.0201027915
v 0.00106543349 0.000465049001 0.0203195233
v 0.000929196365 0.00115539262 0.0203430336
v 0.00120198773 0.00112930383 0.0202896371
v 0.00117479765 0.00170755654 0.0205699205
v 0.00136823871 0.0017034323 0.0204898417
v 0.00122152269 0.00113237568 0.0201027915
v 0.00137780781 0.0021141395 0.0209106933
v 0.00100285921 0.00178974087 0.0205440093
v 0.000689883425 0.0012119913 0.0202383101
v 0.00125789351 0.00217465032 0.0208793376
v 0.00147568854 0.00228689797 0.0212826859
v 0.0015598879 0.00223601912 0.0212704316
v 0.00164563931 0.00237077847 0.0215555206
v 0.00167550088 0.0023673554 0.0215469506
v 0.00166241126 0.00225307094 0.0212364364
v 0.00170645094 0.00236380775 0.021538062
v 0.00167550088 0.0023673554 0.0215469506
v 0.0017064861 0.00238675927 0.021523308
v 0.00170645094 0.00236380775 0.021538062
v 0.00167553523 0.00239030155 0.0215321966
v 0.00164563931 0.00237077847 0.0215555206
v 0.00170651078 0.0024085769 0.021509286
v 0.00164567365 0.00239372253 0.0215407703
v 0.00167555897 0.00241212384 0.0215181746
v 0.00164569821 0.0024155397 0.0215267409
v 0.000534560764 0.000659117359 0.0199376866
v 0.000843923015 0.000643857231 0.0198488701
v 0.000991014182 0.00119258533 0.0198234972
v 0.000729974185 0.00123132206 0.0198888816
v 0.000504689408 0.00060243078 0.0200875308
v 0.000709413842 0.00121506513 0.02005147
v 0.000476277899 0.000560175511 0.0202604719
v 0.0010123899 0.00189936662 0.0203246847
v 0.000689883425 0.0012119913 0.0202383101
v 0.00100640382 0.0018405217 0.0204365179
v 0.00126493373 0.00225249352 0.0207511447
v 0.00100285921 0.00178974087 0.0205440093
v 0.00126063242 0.00220722146 0.0208244734
v 0.00147635769 0.00236471603 0.02119302
v 0.00125789351 0.00217465032 0.0208793376
v 0.00147457072 0.00231960276 0.0212393571
v 0.00147568854 0.00228689797 0.0212826859
v 0.00164567365 0.00239372253 0.0215407703
v 0.00164563931 0.00237077847 0.0215555206
v 0.00164569821 0.0024155397 0.0215267409
v 0.00126063242 0.00220722146 0.0208244734
v 0.00147635769 0.00236471603 0.02119302
v 0.00147457072 0.00231960276 0.0212393571
v 0.00164569821 0.0024155397 0.0215267409
v -0 0.000968285429 0.0194969419
v 0.000223409676 0.000543351867 0.0195260886
v -0 0.00052985095 0.0196570419
v 0.000392509275 0.000798857422 0.0193378236
v 0.000311262993 0.000521757815 0.0194846354
v 0.000413765054 0.000474384316 0.0194909517
v 0.000435568189 0.000616037287 0.0193840209
v 0.000486732926 0.000624855689 0.019129958
v 0.000505112112 0.00051486498 0.0193506349
v -5.89508363E-06 0.000603928929 0.0200268198
v 0.000218524132 0.000199401024 0.0198934916
v -5.88931789E-06 0.00013749217 0.0200096741
v 0.000387623702 0.000507054676 0.0198155344
v 0.000306377391 0.000195042259 0.0198469553
v 0.000408879539 0.000148787512 0.0198349338
v 0.000430682616 0.000320315565 0.0197893456
v 0.000481847412 0.000396378688 0.0195796993
v 0.000475750334 0.000264574104 0.0197449606
v 0.000500226626 0.000239214496 0.0197202563
v 0.000429866981 0.000320207211 0.0197887756
v 0.000481039693 0.000395791023 0.0195796527
v 0.000260366854 0.000501662842 0.0197627582
v -5.89508363E-06 0.000603928929 0.0200268198
v -5.84980808E-06 0.000618908147 0.0199469607
v 0.000387623702 0.000507054676 0.0198155344
v 0.000481847412 0.000396378688 0.0195796993
v 0.000481039693 0.000395791023 0.0195796527
v 0.000260248518 0.000500716036 0.0197630581
v -5.84980808E-06 0.000618908147 0.0199469607
v -6.33882337E-06 0.000618050923 0.0199468005
v -5.89508363E-06 0.000603928929 0.0200268198
v -6.45781984E-06 0.000603411172 0.0200261753
v -5.88931789E-06 0.00013749217 0.0200096741
v -6.3558864E-06 0.000137524665 0.0200087894
v -0 -1.01591131E-05 0.0202665832
v 0.000282155612 -0.000399341661 0.0198903717
v -0 -0.00053441833 0.0199890919
v 0.000497055065 -4.2026345E-06 0.0199712589
v 0.000393803581 -0.00037860396 0.0198347121
v 0.000524067902 -0.00042488685 0.0197953824
v 0.000551776378 -0.000203405041 0.0198380463
v 0.000616798876 5.45067196E-05 0.0197979454
v 0.000609050388 -0.000242651047 0.0197564401
v 0.00064015598 -0.000258010608 0.0197141543
v -0 -0.000591378252 0.0202634968
v 0.000292227312 -0.00095482514 0.0198357087
v -0 -0.00110425474 0.0199238751
v 0.000515083259 -0.000555238454 0.0199593138
v 0.000408008957 -0.000927768764 0.0197803713
v 0.000543096219 -0.00097154011 0.0197350811
v 0.000571830606 -0.000747295737 0.0198016092
v 0.000639260397 -0.000477047404 0.0197864119
v 0.000631225121 -0.000779512862 0.0197133999
v 0.000663482293 -0.000791070459 0.0196681954
v 0.000680363679 -0.00158792094 0.0189064853
v 0.000786033983 -0.00156858435 0.0188914724
v 0.000722883909 -0.00138025894 0.0186895486
v 0.000617213664 -0.00139959541 0.0187045615
v -0.000429128442 -0.00221140427 0.0183422118
v -0.00019363602 -0.00246153888 0.0182092208
v -0.000351502589 -0.00235140254 0.0183710773
v -0.000462401455 -0.00203022477 0.0185672026
v -0.000492927851 -0.00188992009 0.0185948964
v -0.00019363602 -0.00246153888 0.0182092208
v -0.000660488964 -0.00168274832 0.0186486505
v -0.000719628297 -0.00156498491 0.0187058672
v -0.000547529431 -0.00165752717 0.018656265
v -0.000854284212 -0.00140400336 0.0187812652
v -0.000492927851 -0.00188992009 0.0185948964
v -0.000462401455 -0.00203022477 0.0185672026
v -0.000547486881 -0.00165802101 0.018657133
v -0.000748236489 -0.00107567408 0.0189548153
v -0.000748157734 -0.00107470609 0.0189545769
v -0.000888712239 -0.00128040055 0.0188475195
v -0.000904296001 -0.00106306979 0.0189407878
v -0.000748157734 -0.00107470609 0.0189545769
v -0.00101992034 -0.000768254627 0.01893338
v -0.000939706049 -0.000556065526 0.0187147036
v -0.00098843337 -9.54287971E-05 0.019003896
v -0.00107899122 -0.00031597208 0.019261552
v -0.000966517429 -0.000844430819 0.0192600023
v -0.000976624666 -0.000622499676 0.0197078958
v -0.000972119626 -0.000774350308 0.0195842199
v -0.000885722402 -0.000652018818 0.0197549388
v -0.000975478964 -0.00104150875 0.0196446776
v -0.000974547642 -0.000800115464 0.0196460281
v -0.000975891249 -0.000814169471 0.019679483
v -0.000924477354 -0.000889851712 0.0196942538
v -0.000901813037 -0.000920419174 0.0196938142
v -0.000924377877 -0.00102682982 0.019183794
v -0.000807433855 -0.00104623649 0.0196934417
v -0.000864072994 -0.000889284594 0.019712057
v -0.00082861993 -0.000859928783 0.0197295211
v -0.000910090806 -0.00131729082 0.0194964632
v -0.000754518143 -0.00133595057 0.0195813682
v -0.000831322861 -0.00155762979 0.0193364155
v -0.000604850415 -0.00159041223 0.0193750337
v -0.000871242548 -0.00118288747 0.0191104617
v -0.00056093093 -0.00190425455 0.0189794675
v -0.00034697412 -0.00175554352 0.0193130821
v -0.000862056448 -0.00138486782 0.0190068781
v -0.000785524549 -0.00156841718 0.0188923161
v -0.000677454169 -0.00189341954 0.0189078115
v -0.000688522239 -0.00166117237 0.018819388
v -0.000462401455 -0.00203022477 0.0185672026
v -0.000260640314 -0.00191734568 0.0189900864
v -5.28902153E-15 -0.00183129718 0.0193830766
v 2.04488746E-14 -0.00198601442 0.0191021543
v -0.0005107256 -0.0021112836 0.0187011771
v -0.000462401455 -0.00203022477 0.0185672026
v -0.000137883893 -0.00215668278 0.0187862609
v -0 -0.00221149623 0.0188261196
v -0 -0.00246120081 0.0185475294
v -0.00031569897 -0.00212032278 0.0187587868
v -0.000371168018 -0.00240939041 0.0184951909
v -0.000462401455 -0.00203022477 0.0185672026
v -0.000351502589 -0.00235140254 0.0183710773
v 1.85857562E-14 -0.00266499515 0.0184213016
v -0.000180699702 -0.00246743951 0.0183044616
v -0.000351502589 -0.00235140254 0.0183710773
v -0.00019363602 -0.00246153888 0.0182092208
v -6.0550854E-05 -0.00159301143 0.0172550213
v -1.20009957E-15 -0.00121073471 0.0174785536
v -3.69878858E-14 -0.00163540884 0.0172161926
v -0.000198018824 -0.00144874363 0.0173745826
v -0.000283678353 -0.00137913926 0.0174206663
v -0.00036927106 -0.00126653549 0.0174899232
v -0.000416790281 -0.00120118388 0.0175017565
v 5.93620754E-16 -0.000914741599 0.0175204743
v -0.000583058863 -0.000965376152 0.0175535027
v -0.000604609959 -0.000922974607 0.0175576638
v -8.94455569E-16 -0.000642894476 0.0175377075
v -0.000920217077 -0.000305572612 0.0175697245
v -0 0.000212782877 0.0173392314
v -0.00115409517 0.000175602545 0.017551139
v -0.000995948329 -0.00027475963 0.0175795145
v -0.00105800026 -0.000138161791 0.0176517926
v -0.00106431427 -0.000153560934 0.0179176815
v -0.00105874159 -0.000202127194 0.0180864837
v -0.0012032307 -0.000146837396 0.017644668
v -0.000922171457 -0.000524097122 0.0174997579
v -0.000678445911 -0.00100288005 0.0173691511
v -0.000487518671 -0.00122492749 0.0175020713
v -0.000451288244 -0.00127822813 0.0174923576
v -0.000362353865 -0.00146683957 0.0173833966
v -0.000332534895 -0.00147442706 0.0171904657
v -0.000265467679 -0.00153024599 0.0173385758
v -0.000170398562 -0.00157197728 0.0172912888
v -7.52460983E-05 -0.00168434926 0.0172015764
v -0.000933530973 -0.000628181559 0.0179141257
v -0.000987233012 -0.000642875093 0.0179180447
v -0.000832322577 -0.00092458888 0.0179641284
v -0.000902870728 -0.000943302817 0.0179689173
v -0.00100164441 -0.000805540069 0.0180656891
v -0.000917202153 -0.000768491591 0.0182758905
v -0.00104855374 -0.000663414947 0.0180151034
v -0.00100966799 -0.000718541036 0.0181933939
v -0.00110185856 -0.00035845302 0.0181219932
v -0.000976197713 -0.00043793334 0.0184059516
v -0.000836738618 -0.000622436695 0.018333612
v -0.00111483678 -2.2406628E-05 0.0182363689
v -0.0010687327 -0.000412626512 0.0183059983
v -0.00109027268 -7.65652076E-05 0.018426707
v -0.00100490206 -0.000123938327 0.0185338892
v -0.00105457986 2.01511939E-05 0.0181396548
v -0.00110829435 0.000280626235 0.0183419641
v -0.0010889126 0.000221849506 0.0185356196
v -0.000911170384 8.40643697E-05 0.0181903299
v -0.000884310051 -0.000152419569 0.0179157276
v -1.20954039E-15 3.83108745E-05 0.01825702
v -2.20452628E-15 -0.000194621622 0.017963497
v -0.00104779366 0.00033991356 0.018246565
v -0.000963725441 0.000110293127 0.0181709286
v -0.000988460379 0.000425477803 0.0177674983
v -0.000869480893 0.000436571339 0.0176883321
v -0.000920888211 0.000415612361 0.0183013137
v -0.00083384302 0.0010208647 0.0178337377
v -0.0010845724 0.000416627474 0.0185095966
v -0.00100847287 0.000577630301 0.01859916
v -0.000865417125 0.000601184787 0.0185656305
v -0.000960344798 0.00106849568 0.0179128107
v -0.000652700255 0.00146252348 0.0179516561
v -0.00097624457 0.000194740816 0.0186837055
v -0.000883626693 0.000336283207 0.018651668
v -0.000865417125 0.000601184787 0.0185656305
v -0.000843622023 0.00023081727 0.0186751205
v -0.000989968656 7.908517E-05 0.0186227132
v -0.000850704149 0.000154585941 0.0186590161
v -0.000968597305 0.000761709118 0.0183256138
v -0.000963725441 0.000110293127 0.0181709286
v -0.000741250115 0.00157210301 0.0180268753
v -0.000358269725 0.001696666 0.0180848949
v -0.000902854837 0.000690465386 0.0183344092
v -0.000920888211 0.000415612361 0.0183013137
v -0.000865417125 0.000601184787 0.0185656305
v -0.000714356371 0.00115916552 0.0184371509
v -0.000741250115 0.00157210301 0.0180268753
v -0.000678416109 0.00107042573 0.0184389353
v -0.000628984126 0.000773645123 0.0188428722
v -0.000382075377 0.00128736685 0.018482931
v -0.000358269725 0.001696666 0.0180848949
v -0.000358799851 0.00117759849 0.0184640326
v -3.72253254E-07 0.00124227803 0.0184916854
v -3.34526845E-07 0.00172725134 0.0180479567
v -0.000564337301 0.000927341694 0.0186791532
v -0.000868155737 0.00045133676 0.0187067613
v -0.000545019633 0.000734461297 0.0188535452
v -0.000883626693 0.000336283207 0.018651668
v -0.000823451264 0.000386786764 0.0187095311
v -0.000843622023 0.00023081727 0.0186751205
v -0.00082418666 0.000386792643 0.0187102072
v -0.000842877664 0.000230934937 0.0186757781
v -0.000338679645 0.00100489892 0.0187317505
v -0.000462421012 0.000838391774 0.0188782569
v -0.000416922529 0.00102675671 0.0188125614
v -0.000282370864 0.000995865208 0.018765714
v -0.000238111505 0.000984527636 0.0187981892
v 1.39479639E-07 0.00105527579 0.0187823512
v -0.00019853712 0.00097128679 0.0188354626
v 3.36035953E-07 0.00103050016 0.0188209433
v 7.51775673E-08 0.00110219046 0.0189379957
v -3.49192424E-15 0.00122074329 0.0189644601
v -7.97326174E-15 0.00119629048 0.0188830439
v -0.000439580472 0.000698488089 0.019004751
v -0.000287797855 0.000761991658 0.01901206
v -3.49192424E-15 0.00122074329 0.0189644601
v 3.64157444E-07 0.000772776897 0.0191750098
v -0.000693272916 5.17377848E-05 0.0194234084
v -0.000499634014 0.000378323486 0.0196560994
v -0.000786189339 0.000300079031 0.0189168919
v -0.000850704149 0.000154585941 0.0186590161
v -0.000439580472 0.000698488089 0.019004751
v -0.000850704149 0.000154585941 0.0186590161
v -0.000820122019 1.84453675E-05 0.0189393796
v -0.000287797855 0.000761991658 0.01901206
v -0.000895615492 -9.51757756E-05 0.0190002657
v -0.000886586495 -0.000190198683 0.0188592002
v -0.00107899122 -0.00031597208 0.019261552
v -0.000885722402 -0.000652018818 0.0197549388
v -0.000976624666 -0.000622499676 0.0197078958
v -0.000763126474 -0.000104992934 0.0193911027
v -0.0006988573 -0.000101503661 0.0195793658
v -0.000491092505 0.000184489414 0.0197465364
v -0.00069331273 -0.000291482167 0.0197054856
v -0.000895615492 -9.51757756E-05 0.0190002657
v -0.000880876672 -0.000518406741 0.0193845872
v -0.000685921754 -0.000579372165 0.0196813215
v -0.000717707793 -0.000723877747 0.0196008347
v -0.000684167084 -0.000789147278 0.0196405891
v -0.000539165747 -0.000797773304 0.0197566319
v -0.000661359809 -0.000822462025 0.0196523536
v -0.00070195325 -0.000880467473 0.019604167
v -0.000526800344 -0.00103730091 0.0197104719
v -0.000650619331 -0.000991383684 0.019640835
v -0.000659828482 -0.0010315649 0.0195975006
v -0.000532216509 -0.000596677884 0.0197775308
v -0.000377658609 1.51480517E-05 0.0198448636
v -0.000488589751 -0.000335262099 0.0198241342
v 5.13861728E-15 0.000316173042 0.0198881309
v 1.09631779E-14 0.00014615398 0.0200202204
v -0 9.50201793E-05 0.0200600028
v -5.29512821E-15 -0.000261497218 0.0200852361
v 6.02974888E-15 -0.000383527164 0.0201203432
v -1.09443941E-14 -0.000774843618 0.0200493634
v -0.000246794923 0.000506377779 0.0196679793
v 2.44965881E-10 0.000647829846 0.019578537
v 3.64157444E-07 0.000772776897 0.0191750098
v 6.93768425E-06 -0.00103984878 0.019959487
v -0 -0.000775083899 0.0200503338
v 6.51931941E-06 -0.00104017451 0.0199603345
v 7.92434643E-15 -0.00129928195 0.0198355056
v -0 -0.00129982107 0.0198363494
v -0.000513972947 -0.00126864389 0.019624671
v -0.000406686129 -0.00142761017 0.0195579045
v -0 -0.00159870461 0.0195291266
v -0.000529672892 -0.00124089501 0.0196233168
v -0.000591280172 -0.00121088803 0.0195823479
v -0.000513413863 -0.00131053932 0.0195933413
v -0.000741645053 -0.00109278457 0.0195011534
v -0.000509407255 -0.00137933576 0.0195346586
v -0.00062590302 -0.00119283434 0.0195569843
v -0.000630948984 -0.00121759414 0.0195337906
v -0.000633710064 -0.0012385177 0.019515831
v -0.000806762604 -0.00118702406 0.0193628483
v -0.000637578371 -0.00126779615 0.0194906946
v -0.000797111075 -0.00125766883 0.0193236005
v -0.000655137061 -0.00137358287 0.0194099285
v -0.000660763006 -0.00149536715 0.019334415
v -0.000607094029 -0.00138931943 0.0194532219
v -0.000590090815 -0.00139487407 0.0194685925
v -0.000506043434 -0.00143090682 0.0194907784
v -0.00064013456 -0.00156671088 0.019245442
v -0.00021763664 -0.00157685345 0.0194542427
v 1.53201716E-15 -0.00173073227 0.0192704275
v -0.000273613696 -0.00166240195 0.0192838404
v -0.000330044684 -0.0017490515 0.0191129558
v -0.000152315348 -0.00177454378 0.019036388
v 1.21160916E-15 -0.00176603848 0.0191092975
v -0 -0.00181193242 0.019062195
v -6.0550854E-05 -0.00159301143 0.0172550213
v -7.52460983E-05 -0.00168434926 0.0172015764
v -3.69878858E-14 -0.00163540884 0.0172161926
v -0.000170398562 -0.00157197728 0.0172912888
v -0.000198018824 -0.00144874363 0.0173745826
v -0.000265467679 -0.00153024599 0.0173385758
v -0.000362353865 -0.00146683957 0.0173833966
v -0.000283678353 -0.00137913926 0.0174206663
v -0.000451288244 -0.00127822813 0.0174923576
v -0.00036927106 -0.00126653549 0.0174899232
v -0.000416790281 -0.00120118388 0.0175017565
v -0.000487518671 -0.00122492749 0.0175020713
v -0.000583058863 -0.000965376152 0.0175535027
v -0.000688789994 -0.000985242776 0.0175577272
v -0.000604609959 -0.000922974607 0.0175576638
v -0.000920217077 -0.000305572612 0.0175697245
v -0.000689635053 -0.000985705061 0.0175579954
v -0.000920276158 -0.000305569469 0.0175687261
v -2.20452628E-15 -0.000194621622 0.017963497
v -0 0.000212782877 0.0173392314
v -0.00115409517 0.000175602545 0.017551139
v -0.000884310051 -0.000152419569 0.0179157276
v -0.00105874159 -0.000202127194 0.0180864837
v -3.72253254E-07 0.00124227803 0.0184916854
v -1.99595448E-07 0.00111157121 0.0185060725
v -3.57804595E-07 0.00160701654 0.0180097334
v -3.34526845E-07 0.00172725134 0.0180479567
v -3.57804595E-07 0.00160701654 0.0180097334
v -3.34526845E-07 0.00172725134 0.0180479567
v -0.000332691328 0.0015457496 0.0180147942
v -1.99595448E-07 0.00111157121 0.0185060725
v -0.00033277896 0.00105065294 0.0185071547
v -0.000652320217 0.000985894352 0.0184416026
v -0.00083384302 0.0010208647 0.0178337377
v -0.000834448612 0.000525489799 0.018325597
v -0.000869480893 0.000436571339 0.0176883321
v -0.000911170384 8.40643697E-05 0.0181903299
v -0.000902208092 3.28267815E-05 0.0182055738
v -0.000910606235 8.41694928E-05 0.0181895103
v -0.000901343417 3.28304632E-05 0.0182050727
v -0.000901343417 3.28304632E-05 0.0182050727
v -0.000833472528 0.000525319541 0.0183254611
v -0.000652320217 0.000985894352 0.0184416026
v -0.000651620387 0.000985384686 0.0184411015
v -0.00033277896 0.00105065294 0.0185071547
v -0.000332569092 0.00104995957 0.0185064655
v -1.99595448E-07 0.00111157121 0.0185060725
v -0 0.0011108797 0.0185053777
v -0.000969518151 0.000259230088 0.0189194046
v -0.000820122019 1.84453675E-05 0.0189393796
v -0.000786189339 0.000300079031 0.0189168919
v -0.000965834479 -2.05694014E-05 0.018948799
v -0.000967106025 -0.000263977854 0.0188341271
v -0.000886586495 -0.000190198683 0.0188592002
v -0.00103239506 -1.47931969E-05 0.018850321
v -0.00102900423 0.000138539937 0.0188407619
v -0.00103346852 -0.000241707108 0.0187489316
v -0.00104757526 4.15806608E-05 0.0187025238
v -0.000850704149 0.000154585941 0.0186590161
v -0.000786189339 0.000300079031 0.0189168919
v -0.00105267321 -0.000189040613 0.0186034702
v -0.000976197713 -0.00043793334 0.0184059516
v -0.00101660215 -0.00049736764 0.0186363272
v -0.00104252389 -0.000445038488 0.0184957925
v -0.0009667009 -0.000713591988 0.0185615215
v -0.00100096164 -0.00067712157 0.0183959119
v -0.000836738618 -0.000622436695 0.018333612
v -0.000964186387 -0.000790736871 0.0184274446
v -0.000898140133 -0.000966074294 0.0195544157
v -0.000806762604 -0.00118702406 0.0193628483
v -0.000810227299 -0.00112938229 0.0194347706
v -0.000815036998 -0.00108295039 0.0194777641
v -0.000822505797 -0.00103077129 0.0195251666
v -0.000827082316 -0.000959140714 0.0195782073
v -0.000741645053 -0.00109278457 0.0195011534
v -0.000810227299 -0.00112938229 0.0194347706
v -0.000806762604 -0.00118702406 0.0193628483
v -0.000815036998 -0.00108295039 0.0194777641
v -0.000822505797 -0.00103077129 0.0195251666
v -0.000659828482 -0.0010315649 0.0195975006
v -0.000827082316 -0.000959140714 0.0195782073
v -0.000650619331 -0.000991383684 0.019640835
v -0.00070195325 -0.000880467473 0.019604167
v -0.000829036522 -0.000886789407 0.0196873546
v -0.00082861993 -0.000859928783 0.0197295211
v -0.000661359809 -0.000822462025 0.0196523536
v -0.0008126311 -0.000784904172 0.0198367164
v -0.000948317116 -0.000895214558 0.0197723284
v -0.000864072994 -0.000889284594 0.019712057
v -0.000901813037 -0.000920419174 0.0196938142
v -0.0012709212 -0.000820036046 0.0201133247
v -0.00126474188 -0.000792317616 0.0201595128
v -7.97326174E-15 0.00119629048 0.0188830439
v 7.51775673E-08 0.00110219046 0.0189379957
v -0.00019853712 0.00097128679 0.0188354626
v -0.000282370864 0.000995865208 0.018765714
v 3.36035953E-07 0.00103050016 0.0188209433
v 7.51775673E-08 0.00110219046 0.0189379957
v 1.39479639E-07 0.00105527579 0.0187823512
v -0 0.00105610793 0.0187828876
v -0 0.00110221573 0.0189369991
v -0.0012032307 -0.000146837396 0.017644668
v -0.00106431427 -0.000153560934 0.0179176815
v -0.00105800026 -0.000138161791 0.0176517926
v -0.000995948329 -0.00027475963 0.0175795145
v -0.000922171457 -0.000524097122 0.0174997579
v -0.000920217077 -0.000305572612 0.0175697245
v -0.000678445911 -0.00100288005 0.0173691511
v -0.000568338612 -0.000973856077 0.0173676889
v -0.000332534895 -0.00147442706 0.0171904657
v -0.000237385073 -0.00141851499 0.017187722
v -0 -0.00166794704 0.0170737207
v -1.78660551E-15 -0.00180026307 0.0170287956
v -0 -0.00257881894 0.0182554629
v 1.85857562E-14 -0.00266499515 0.0184213016
v -0.000180699702 -0.00246743951 0.0183044616
v -0.00019363602 -0.00246153888 0.0182092208
v -0.000995948329 -0.00027475963 0.0175795145
v -0.000918581674 -0.000146052524 0.0176185723
v -0.00105800026 -0.000138161791 0.0176517926
v -0.000920217077 -0.000305572612 0.0175697245
v -0.000918454665 -0.000146423001 0.0176194925
v -0.000920276158 -0.000305569469 0.0175687261
v -0.000604609959 -0.000922974607 0.0175576638
v -0.000568338612 -0.000973856077 0.0173676889
v -0.000920217077 -0.000305572612 0.0175697245
v -0.000583058863 -0.000965376152 0.0175535027
v -0.000416790281 -0.00120118388 0.0175017565
v -0.000237385073 -0.00141851499 0.017187722
v -0.00036927106 -0.00126653549 0.0174899232
v -0.000283678353 -0.00137913926 0.0174206663
v -0.000198018824 -0.00144874363 0.0173745826
v -6.0550854E-05 -0.00159301143 0.0172550213
v -0 -0.00166794704 0.0170737207
v -3.69878858E-14 -0.00163540884 0.0172161926
v -0.000833720318 -0.000939351274 0.0195294432
v -0.000822505797 -0.00103077129 0.0195251666
v -0.000827082316 -0.000959140714 0.0195782073
v -0.00082858291 -0.00102484028 0.0194543023
v -0.000815036998 -0.00108295039 0.0194777641
v -0.000810227299 -0.00112938229 0.0194347706
v -0.000806762604 -0.00118702406 0.0193628483
v -0.000930327631 -0.000879639294 0.0189609304
v -0.000915489451 -0.000962223334 0.0189039223
v -0.000904296001 -0.00106306979 0.0189407878
v -0.000748157734 -0.00107470609 0.0189545769
v -0.000712965208 -0.00119211688 0.0191354714
v -0.000828159566 -0.00100007781 0.0191517007
v -0.000904296001 -0.00106306979 0.0189407878
v -0.000915489451 -0.000962223334 0.0189039223
v -0.000930327631 -0.000879639294 0.0189609304
v -0.000832322577 -0.00092458888 0.0179641284
v -0.00102667115 -0.000343752501 0.0180162489
v -0.000933530973 -0.000628181559 0.0179141257
v -0.00083697692 -0.000897700142 0.0180232432
v -0.000439580472 0.000698488089 0.019004751
v -0.000295682461 0.000810498488 0.0188874416
v -0.000545019633 0.000734461297 0.0188535452
v -0.000287797855 0.000761991658 0.01901206
v 6.76443179E-10 0.000849578239 0.0189296007
v 3.64157444E-07 0.000772776897 0.0191750098
v 3.64157444E-07 0.000772776897 0.0191750098
v 2.44965881E-10 0.000647829846 0.019578537
v 6.76443179E-10 0.000849578239 0.0189296007
v -0 0.000850526092 0.0189299192
v -0 0.000648696383 0.0195790362
v -0.000920888211 0.000415612361 0.0183013137
v -0.000903601118 0.000380301324 0.0182357654
v -0.000865417125 0.000601184787 0.0185656305
v -0.000963725441 0.000110293127 0.0181709286
v -0.000902792439 0.000379917619 0.0182362106
v -0.00096385926 0.000110108951 0.0181699544
v -0.000902870728 -0.000943302817 0.0179689173
v -0.000836738618 -0.000622436695 0.018333612
v -0.000917202153 -0.000768491591 0.0182758905
v -0.00083697692 -0.000897700142 0.0180232432
v -0.000832322577 -0.00092458888 0.0179641284
v -0.000774039188 -0.00086811051 0.0189425163
v -0.000764426251 -0.00103977066 0.0192159023
v -0.000845239265 -0.000861583685 0.019302614
v -0.000793846033 -0.000706427381 0.0190069787
v -0.000793846033 -0.000706427381 0.0190069787
v -0.000845239265 -0.000861583685 0.019302614
v -0.000966517429 -0.000844430819 0.0192600023
v -0.00101992034 -0.000768254627 0.01893338
v -0.000752347696 -0.00131495995 0.0200006384
v -0.000791225699 -0.00129927602 0.0199841131
v -0.000793006038 -0.00133641611 0.0199531559
v -0.000754203764 -0.00135207514 0.0199696496
v -0.000549808552 -0.00139388687 0.0195991937
v -0.000683689083 -0.00133989262 0.0195423085
v -0.000590090815 -0.00139487407 0.0194685925
v -0.000506043434 -0.00143090682 0.0194907784
v -0.000607094029 -0.00138931943 0.0194532219
v -0.000655137061 -0.00137358287 0.0194099285
v -0.00126474188 -0.000792317616 0.0201595128
v -0.00128730061 -0.000752324122 0.020138476
v -0.00129342987 -0.000780107046 0.0200923271
v -0.0012709212 -0.000820036046 0.0201133247
v -0.000948317116 -0.000895214558 0.0197723284
v -0.00102589675 -0.000757713162 0.0197000112
v -0.000975891249 -0.000814169471 0.019679483
v -0.000974547642 -0.000800115464 0.0196460281
v -0.000972119626 -0.000774350308 0.0195842199
v -0.000924477354 -0.000889851712 0.0196942538
v -0.000901813037 -0.000920419174 0.0196938142
v -0.00128730061 -0.000752324122 0.020138476
v -0.00102589675 -0.000757713162 0.0197000112
v -0.00129342987 -0.000780107046 0.0200923271
v -0.000885722402 -0.000652018818 0.0197549388
v -0.000972119626 -0.000774350308 0.0195842199
v -0.000885722402 -0.000652018818 0.0197549388
v -0.00128730061 -0.000752324122 0.020138476
v -0.00126474188 -0.000792317616 0.0201595128
v -0.0008126311 -0.000784904172 0.0198367164
v -0.000717707793 -0.000723877747 0.0196008347
v -0.000880876672 -0.000518406741 0.0193845872
v -0.000684167084 -0.000789147278 0.0196405891
v -0.000661359809 -0.000822462025 0.0196523536
v -0.000717707793 -0.000723877747 0.0196008347
v -0.00070195325 -0.000880467473 0.019604167
v -0.000684167084 -0.000789147278 0.0196405891
v -0.000661359809 -0.000822462025 0.0196523536
v -0.000529672892 -0.00124089501 0.0196233168
v -0.000591280172 -0.00121088803 0.0195823479
v -0.000513972947 -0.00126864389 0.019624671
v -0.000633710064 -0.0012385177 0.019515831
v -0.000630948984 -0.00121759414 0.0195337906
v -0.00062590302 -0.00119283434 0.0195569843
v -0.000637578371 -0.00126779615 0.0194906946
v -0.000590090815 -0.00139487407 0.0194685925
v -0.000513413863 -0.00131053932 0.0195933413
v -0.000509407255 -0.00137933576 0.0195346586
v -0.000506043434 -0.00143090682 0.0194907784
v -0.000607094029 -0.00138931943 0.0194532219
v -0.000655137061 -0.00137358287 0.0194099285
v -0.000829036522 -0.000886789407 0.0196873546
v -0.000885722402 -0.000652018818 0.0197549388
v -0.00082861993 -0.000859928783 0.0197295211
v -0.000827082316 -0.000959140714 0.0195782073
v -0.000833964092 -0.000933978823 0.0195338558
v -0.000837566098 -0.000914420933 0.0195022393
v -0.000837738917 -0.000913481344 0.019497266
v -0.000844791415 -0.000863674853 0.0194791164
v -0.000855472754 -0.000735255366 0.0195075832
v -0.000843800488 -0.000863551919 0.0194791723
v -0.000837052066 -0.000914186239 0.0194970891
v -0.000854780723 -0.000734671718 0.0195080079
v -0.000855472754 -0.000735255366 0.0195075832
v -0.000513972947 -0.00126864389 0.019624671
v -0.000752347696 -0.00131495995 0.0200006384
v -0.000754203764 -0.00135207514 0.0199696496
v -0.000549808552 -0.00139388687 0.0195991937
v -0.000513413863 -0.00131053932 0.0195933413
v -0.000509407255 -0.00137933576 0.0195346586
v -0.000506043434 -0.00143090682 0.0194907784
v -0.000683689083 -0.00133989262 0.0195423085
v -0.000791225699 -0.00129927602 0.0199841131
v -0.00062590302 -0.00119283434 0.0195569843
v -0.000630948984 -0.00121759414 0.0195337906
v -0.000633710064 -0.0012385177 0.019515831
v -0.000637578371 -0.00126779615 0.0194906946
v -0.000655137061 -0.00137358287 0.0194099285
v -0.000791225699 -0.00129927602 0.0199841131
v -0.000752347696 -0.00131495995 0.0200006384
v -0.00062590302 -0.00119283434 0.0195569843
v -0.000591280172 -0.00121088803 0.0195823479
v -0.000529672892 -0.00124089501 0.0196233168
v -0.000513972947 -0.00126864389 0.019624671
v -0.000864072994 -0.000889284594 0.019712057
v -0.000829036522 -0.000886789407 0.0196873546
v -0.00082861993 -0.000859928783 0.0197295211
v -0.000901813037 -0.000920419174 0.0196938142
v -0.000827082316 -0.000959140714 0.0195782073
v -0.000974547642 -0.000800115464 0.0196460281
v -0.000885722402 -0.000652018818 0.0197549388
v -0.000972119626 -0.000774350308 0.0195842199
v -0.000975891249 -0.000814169471 0.019679483
v -0.000924477354 -0.000889851712 0.0196942538
v -0.00082861993 -0.000859928783 0.0197295211
v -0.000864072994 -0.000889284594 0.019712057
v -0.000901813037 -0.000920419174 0.0196938142
v -0.000833720318 -0.000939351274 0.0195294432
v -0.000827082316 -0.000959140714 0.0195782073
v -0.000830272504 -0.000940018974 0.0195305552
v -0.000837738917 -0.000913481344 0.019497266
v -0.000834520673 -0.000938884215 0.0195298195
v -0.000837052066 -0.000914186239 0.0194970891
v -0.000827082316 -0.000959140714 0.0195782073
v -0.000833964092 -0.000933978823 0.0195338558
v -0.000833720318 -0.000939351274 0.0195294432
v -0.000837566098 -0.000914420933 0.0195022393
v -0.000834520673 -0.000938884215 0.0195298195
v -0.000837938162 -0.000915287237 0.0195019059
v -0.000974547642 -0.000800115464 0.0196460281
v -0.000924477354 -0.000889851712 0.0196942538
v -0.000975891249 -0.000814169471 0.019679483
v -0.000833964092 -0.000933978823 0.0195338558
v -0.000901813037 -0.000920419174 0.0196938142
v -0.000827082316 -0.000959140714 0.0195782073
v -0.000837566098 -0.000914420933 0.0195022393
v -0.000972119626 -0.000774350308 0.0195842199
v -0.000837738917 -0.000913481344 0.019497266
v -0.000830272504 -0.000940018974 0.0195305552
v -0.000837566098 -0.000914420933 0.0195022393
v -0.000837738917 -0.000913481344 0.019497266
v -0.000837938162 -0.000915287237 0.0195019059
v -0.00083037524 -0.000939146499 0.0195310339
v -0.000785524549 -0.00156841718 0.0188923161
v -0.000688522239 -0.00166117237 0.018819388
v -0.000615972443 -0.00147603196 0.018622594
v -0.000723508303 -0.00137952087 0.0186892934
v -0.00166224432 0.00233044219 0.0211470798
v -0.00170564523 0.00238646893 0.0215228498
v -0.00170579506 0.00240790984 0.0215090793
v -0.00157219777 0.00236569275 0.0211657546
v -0.00138902979 0.00223986735 0.020701997
v -0.00151457684 0.00219470495 0.0207087733
v -0.00120183825 0.00187966623 0.0202384591
v -0.00137696578 0.00181282556 0.0202710871
v -0.00099090091 0.00119238975 0.0198244713
v -0.00124125206 0.00114869326 0.0199407637
v -0.000730615458 0.0012309486 0.0198895521
v -0.00101305754 0.00189869909 0.0203250144
v -0.00126548239 0.0022516707 0.0207512919
v -0.0014769038 0.00236388459 0.0211929176
v -0.00167535164 0.00241122534 0.021517789
v -0.000843791699 0.000643610721 0.0198498312
v -0.00112278305 0.000564063492 0.019997092
v -0.000752337859 0.000173188877 0.0195262339
v -0.000405747909 0.000163842225 0.0195907354
v -0.00053533609 0.000658727367 0.0199381839
v -0.000365545042 6.84218758E-05 0.0197438989
v -0.000505638367 0.000602125307 0.0200876091
v -0.000321653875 -2.95513655E-05 0.0199232493
v -0.000477113965 0.000560078362 0.0202599335
v -0.00027639739 -0.000371233473 0.0192782469
v -0.000226014134 -0.000487213576 0.0194759183
v -0.000318848237 -0.000265768089 0.0191285592
v -0.000542614958 -0.000600412546 0.0195909869
v -0.000686361163 -0.000260278815 0.0190474726
v -0.000616701029 -0.000147879473 0.0200388897
v -0.000918521197 -0.000598866958 0.0195453372
v -0.00105913985 5.84716763E-05 0.0196562577
v -0.00101144798 -0.000377501769 0.0191980321
v -0.000741609256 0.000463196251 0.0203971621
v -0.000690739835 0.00121171493 0.0202378742
v -0.000975137926 -0.000134938018 0.0199887753
v -0.00096859684 -0.000482796226 0.0193476249
v -0.00101863139 -3.68285109E-05 0.0198093541
v -0.00109286641 0.000507508114 0.0201464649
v -0.00122055516 0.00113261037 0.0201026965
v -0.00106476003 0.000465310994 0.0203188322
v -0.00092932675 0.00115551183 0.0203420483
v -0.0012012528 0.00112960069 0.0202890281
v -0.00117481407 0.0017080406 0.0205690451
v -0.00136743672 0.0017038926 0.0204894617
v -0.00122055516 0.00113261037 0.0201026965
v -0.00137793715 0.00211493718 0.0209101047
v -0.00100363535 0.00178967952 0.0205433816
v -0.000690739835 0.00121171493 0.0202378742
v -0.00125873066 0.00217461959 0.0208787918
v -0.00147649774 0.00228712265 0.0212821439
v -0.00155995949 0.00223693415 0.021270033
v -0.0016459258 0.00237094564 0.0215545762
v -0.00167525152 0.00236766902 0.0215460341
v -0.00166165945 0.00225372659 0.0212363638
v -0.00170577667 0.00236414117 0.0215374045
v -0.00167525152 0.00236766902 0.0215460341
v -0.00170564523 0.00238646893 0.0215228498
v -0.00170577667 0.00236414117 0.0215374045
v -0.00167524489 0.00238978444 0.02153139
v -0.0016459258 0.00237094564 0.0215545762
v -0.00170579506 0.00240790984 0.0215090793
v -0.00164603128 0.0023932131 0.021539988
v -0.00167535164 0.00241122534 0.021517789
v -0.00164599041 0.00241471338 0.0215262603
v -0.00053533609 0.000658727367 0.0199381839
v -0.000843791699 0.000643610721 0.0198498312
v -0.00099090091 0.00119238975 0.0198244713
v -0.000730615458 0.0012309486 0.0198895521
v -0.000505638367 0.000602125307 0.0200876091
v -0.000710338063 0.00121469132 0.0200515483
v -0.000477113965 0.000560078362 0.0202599335
v -0.00101305754 0.00189869909 0.0203250144
v -0.000690739835 0.00121171493 0.0202378742
v -0.00100730488 0.00184011599 0.0204363652
v -0.00126548239 0.0022516707 0.0207512919
v -0.00100363535 0.00178967952 0.0205433816
v -0.00126148842 0.00220676116 0.0208242387
v -0.0014769038 0.00236388459 0.0211929176
v -0.00125873066 0.00217461959 0.0208787918
v -0.00147541182 0.00231918949 0.0212390088
v -0.00147649774 0.00228712265 0.0212821439
v -0.00164603128 0.0023932131 0.021539988
v -0.0016459258 0.00237094564 0.0215545762
v -0.00164599041 0.00241471338 0.0215262603
v -0.00126148842 0.00220676116 0.0208242387
v -0.0014769038 0.00236388459 0.0211929176
v -0.00147541182 0.00231918949 0.0212390088
v -0.00164599041 0.00241471338 0.0215262603
v -1.80691423E-14 0.000967411092 0.0194964577
v -0.000222942253 0.000543048838 0.019525256
v -0 0.000529507932 0.0196561031
v -0.000391913491 0.000798061374 0.0193377156
v -0.000310949719 0.000521386566 0.0194837619
v -0.000413302885 0.000473981258 0.0194901619
v -0.000434741291 0.000615679484 0.0193835869
v -0.000485920697 0.000624273322 0.0191299915
v -0.000504296273 0.000514429878 0.0193502549
v -0.000387016422 0.000506346347 0.0198151749
v -0.000260248518 0.000500716036 0.0197630581
v -0.000481039693 0.000395791023 0.0195796527
v 6.45781984E-06 0.000603411172 0.0200261753
v 6.33882337E-06 0.000618050923 0.0199468005
v -0.00026515004 0.000773164153 0.0192915872
v -1.80691423E-14 0.000967411092 0.0194964577
v -0 0.000951049093 0.0194175355
v -0.000391913491 0.000798061374 0.0193377156
v -0.000485920697 0.000624273322 0.0191299915
v 6.45781984E-06 0.000603411172 0.0200261753
v -0.000218057554 0.000199433503 0.0198926069
v 6.3558864E-06 0.000137524665 0.0200087894
v -0.000387016422 0.000506346347 0.0198151749
v -0.000306064117 0.000195028217 0.0198460054
v -0.0004084174 0.00014871225 0.0198340509
v -0.000429866981 0.000320207211 0.0197887756
v -0.000481039693 0.000395791023 0.0195796527
v -0.000475002365 0.000264494069 0.0197443012
v -0.000499478658 0.000239134461 0.019719597
v -0.000496537657 -4.60659567E-06 0.0199705027
v -0.000335243298 1.78371502E-05 0.0199076626
v -0.000616090198 5.41518821E-05 0.0197973344
v 4.32244132E-14 -1.03841521E-05 0.0202656072
v -0 5.03281626E-05 0.0201828908
v 4.32244132E-14 -1.03841521E-05 0.0202656072
v -0.000281686982 -0.000398927979 0.0198895894
v -0 -0.000533950515 0.019988209
v -0.000496537657 -4.60659567E-06 0.0199705027
v -0.000393490336 -0.00037820352 0.0198338516
v -0.000523605733 -0.000424570258 0.0197945535
v -0.000551010424 -0.000203206568 0.0198374353
v -0.000616090198 5.41518821E-05 0.0197973344
v -0.000608302478 -0.000242436465 0.0197558124
v -0.000639408012 -0.000257796026 0.0197135247
v -0.000514565792 -0.000555566628 0.019958524
v -0.000347283785 -0.000526000455 0.019895928
v -0.000638551777 -0.000477340858 0.0197857693
v -2.45436114E-14 -0.000591506774 0.0202625059
v -0 -0.000520426198 0.0201832913
v -2.45436114E-14 -0.000591506774 0.0202625059
v -0.000291758421 -0.000954337011 0.0198349729
v -0 -0.0011037027 0.0199230425
v -0.000514565792 -0.000555566628 0.019958524
v -0.000407695683 -0.000927285932 0.0197795536
v -0.00054263405 -0.000971143891 0.0197342876
v -0.000571064593 -0.000747038343 0.0198010206
v -0.000638551777 -0.000477340858 0.0197857693
v -0.000630477152 -0.000779237831 0.0197127964
v -0.000662734325 -0.00079079537 0.0196675919
v -0.00067980733 -0.00158780953 0.0189073086
v -0.000785524549 -0.00156841718 0.0188923161
v -0.000723508303 -0.00137952087 0.0186892934
v -0.000616498117 -0.00139890204 0.0187046472
v 0.000429128442 -0.00221140427 0.0183422118
v 0.000351502589 -0.00235140254 0.0183710773
v 0.00019363602 -0.00246153888 0.0182092208
v 0.000462401455 -0.00203022477 0.0185672026
v 0.000492927851 -0.00188992009 0.0185948964
v 0.00019363602 -0.00246153888 0.0182092208
v 0.000660488964 -0.00168274832 0.0186486505
v 0.000719628297 -0.00156498491 0.0187058672
v 0.000547529431 -0.00165752717 0.018656265
v 0.000854284212 -0.00140400336 0.0187812652
v 0.000492927851 -0.00188992009 0.0185948964
v 0.000462401455 -0.00203022477 0.0185672026
v 0.000547486881 -0.00165802101 0.018657133
v 0.000748157734 -0.00107470609 0.0189545769
v 0.000748236489 -0.00107567408 0.0189548153
v 0.000888712239 -0.00128040055 0.0188475195
v 0.000904296001 -0.00106306979 0.0189407878
v 0.000748157734 -0.00107470609 0.0189545769
v 0.00101992034 -0.000768254627 0.01893338
v 0.000939706049 -0.000556065526 0.0187147036
v 0.00098843337 -9.54287971E-05 0.019003896
v 0.00107899122 -0.00031597208 0.019261552
v 0.000966517429 -0.000844430819 0.0192600023
v 0.000976624666 -0.000622499676 0.0197078958
v 0.000972119626 -0.000774350308 0.0195842199
v 0.000885722402 -0.000652018818 0.0197549388
v 0.000975478964 -0.00104150875 0.0196446776
v 0.000974547642 -0.000800115464 0.0196460281
v 0.000975891249 -0.000814169471 0.019679483
v 0.000924477354 -0.000889851712 0.0196942538
v 0.000901813037 -0.000920419174 0.0196938142
v 0.000924377877 -0.00102682982 0.019183794
v 0.000807433855 -0.00104623649 0.0196934417
v 0.000864072994 -0.000889284594 0.019712057
v 0.00082861993 -0.000859928783 0.0197295211
v 0.000910090806 -0.00131729082 0.0194964632
v 0.000754518143 -0.00133595057 0.0195813682
v 0.000831322861 -0.00155762979 0.0193364155
v 0.000604850415 -0.00159041223 0.0193750337
v 0.000871242548 -0.00118288747 0.0191104617
v 0.00056093093 -0.00190425455 0.0189794675
v 0.00034697412 -0.00175554352 0.0193130821
v 0.000862056448 -0.00138486782 0.0190068781
v 0.000785524549 -0.00156841718 0.0188923161
v 0.000677454169 -0.00189341954 0.0189078115
v 0.000688522239 -0.00166117237 0.018819388
v 0.000462401455 -0.00203022477 0.0185672026
v 0.000260640314 -0.00191734568 0.0189900864
v -5.28902153E-15 -0.00183129718 0.0193830766
v 2.04488746E-14 -0.00198601442 0.0191021543
v 0.0005107256 -0.0021112836 0.0187011771
v 0.000462401455 -0.00203022477 0.0185672026
v 0.000137883893 -0.00215668278 0.0187862609
v -0 -0.00221149623 0.0188261196
v -0 -0.00246120081 0.0185475294
v 0.00031569897 -0.00212032278 0.0187587868
v 0.000371168018 -0.00240939041 0.0184951909
v 0.000462401455 -0.00203022477 0.0185672026
v 0.000351502589 -0.00235140254 0.0183710773
v 1.85857562E-14 -0.00266499515 0.0184213016
v 0.000180699702 -0.00246743951 0.0183044616
v 0.000351502589 -0.00235140254 0.0183710773
v 0.00019363602 -0.00246153888 0.0182092208
v 6.0550854E-05 -0.00159301143 0.0172550213
v -3.69878858E-14 -0.00163540884 0.0172161926
v -1.20009957E-15 -0.00121073471 0.0174785536
v 0.000198018824 -0.00144874363 0.0173745826
v 0.000283678353 -0.00137913926 0.0174206663
v 0.00036927106 -0.00126653549 0.0174899232
v 0.000416790281 -0.00120118388 0.0175017565
v 5.93620754E-16 -0.000914741599 0.0175204743
v 0.000583058863 -0.000965376152 0.0175535027
v 0.000604609959 -0.000922974607 0.0175576638
v -8.94455569E-16 -0.000642894476 0.0175377075
v 0.000920217077 -0.000305572612 0.0175697245
v -0 0.000212782877 0.0173392314
v 0.00115409517 0.000175602545 0.017551139
v 0.000995948329 -0.00027475963 0.0175795145
v 0.00105800026 -0.000138161791 0.0176517926
v 0.00106431427 -0.000153560934 0.0179176815
v 0.00105874159 -0.000202127194 0.0180864837
v 0.0012032307 -0.000146837396 0.017644668
v 0.000922171457 -0.000524097122 0.0174997579
v 0.000678445911 -0.00100288005 0.0173691511
v 0.000487518671 -0.00122492749 0.0175020713
v 0.000451288244 -0.00127822813 0.0174923576
v 0.000362353865 -0.00146683957 0.0173833966
v 0.000332534895 -0.00147442706 0.0171904657
v 0.000265467679 -0.00153024599 0.0173385758
v 0.000170398562 -0.00157197728 0.0172912888
v 7.52460983E-05 -0.00168434926 0.0172015764
v 0.000987233012 -0.000642875093 0.0179180447
v 0.000933530973 -0.000628181559 0.0179141257
v 0.000832322577 -0.00092458888 0.0179641284
v 0.000902870728 -0.000943302817 0.0179689173
v 0.00100164441 -0.000805540069 0.0180656891
v 0.000917202153 -0.000768491591 0.0182758905
v 0.00104855374 -0.000663414947 0.0180151034
v 0.00100966799 -0.000718541036 0.0181933939
v 0.00110185856 -0.00035845302 0.0181219932
v 0.000976197713 -0.00043793334 0.0184059516
v 0.000836738618 -0.000622436695 0.018333612
v 0.00111483678 -2.2406628E-05 0.0182363689
v 0.0010687327 -0.000412626512 0.0183059983
v 0.00109027268 -7.65652076E-05 0.018426707
v 0.00100490206 -0.000123938327 0.0185338892
v 0.00105457986 2.01511939E-05 0.0181396548
v 0.00110829435 0.000280626235 0.0183419641
v 0.0010889126 0.000221849506 0.0185356196
v 0.000911170384 8.40643697E-05 0.0181903299
v 0.000884310051 -0.000152419569 0.0179157276
v -1.20954039E-15 3.83108745E-05 0.01825702
v -2.20452628E-15 -0.000194621622 0.017963497
v 0.00104779366 0.00033991356 0.018246565
v 0.000963725441 0.000110293127 0.0181709286
v 0.000988460379 0.000425477803 0.0177674983
v 0.000869480893 0.000436571339 0.0176883321
v 0.000920888211 0.000415612361 0.0183013137
v 0.00083384302 0.0010208647 0.0178337377
v 0.0010845724 0.000416627474 0.0185095966
v 0.00100847287 0.000577630301 0.01859916
v 0.000865417125 0.000601184787 0.0185656305
v 0.000960344798 0.00106849568 0.0179128107
v 0.000652700255 0.00146252348 0.0179516561
v 0.00097624457 0.000194740816 0.0186837055
v 0.000883626693 0.000336283207 0.018651668
v 0.000865417125 0.000601184787 0.0185656305
v 0.000843622023 0.00023081727 0.0186751205
v 0.000989968656 7.908517E-05 0.0186227132
v 0.000850704149 0.000154585941 0.0186590161
v 0.000968597305 0.000761709118 0.0183256138
v 0.000963725441 0.000110293127 0.0181709286
v 0.000741250115 0.00157210301 0.0180268753
v 0.000358269725 0.001696666 0.0180848949
v 0.000714356371 0.00115916552 0.0184371509
v 0.000741250115 0.00157210301 0.0180268753
v 0.000902854837 0.000690465386 0.0183344092
v 0.000920888211 0.000415612361 0.0183013137
v 0.000865417125 0.000601184787 0.0185656305
v 0.000678416109 0.00107042573 0.0184389353
v 0.000382075377 0.00128736685 0.018482931
v 0.000358269725 0.001696666 0.0180848949
v 0.000628984126 0.000773645123 0.0188428722
v 0.000358799851 0.00117759849 0.0184640326
v -3.72253254E-07 0.00124227803 0.0184916854
v -3.34526845E-07 0.00172725134 0.0180479567
v 0.000564337301 0.000927341694 0.0186791532
v 0.000868155737 0.00045133676 0.0187067613
v 0.000545019633 0.000734461297 0.0188535452
v 0.000883626693 0.000336283207 0.018651668
v 0.000823451264 0.000386786764 0.0187095311
v 0.000843622023 0.00023081727 0.0186751205
v 0.000842877664 0.000230934937 0.0186757781
v 0.00082418666 0.000386792643 0.0187102072
v 0.000338679645 0.00100489892 0.0187317505
v 0.000462421012 0.000838391774 0.0188782569
v 0.000416922529 0.00102675671 0.0188125614
v 0.000282370864 0.000995865208 0.018765714
v 0.000238111505 0.000984527636 0.0187981892
v 1.39479639E-07 0.00105527579 0.0187823512
v 0.00019853712 0.00097128679 0.0188354626
v 3.36035953E-07 0.00103050016 0.0188209433
v 7.51775673E-08 0.00110219046 0.0189379957
v -3.49192424E-15 0.00122074329 0.0189644601
v -7.97326174E-15 0.00119629048 0.0188830439
v 0.000439580472 0.000698488089 0.019004751
v 0.000287797855 0.000761991658 0.01901206
v -3.49192424E-15 0.00122074329 0.0189644601
v 3.64157444E-07 0.000772776897 0.0191750098
v 0.000499634014 0.000378323486 0.0196560994
v 0.000693272916 5.17377848E-05 0.0194234084
v 0.000786189339 0.000300079031 0.0189168919
v 0.000850704149 0.000154585941 0.0186590161
v 0.000439580472 0.000698488089 0.019004751
v 0.000850704149 0.000154585941 0.0186590161
v 0.000820122019 1.84453675E-05 0.0189393796
v 0.000287797855 0.000761991658 0.01901206
v 0.000895615492 -9.51757756E-05 0.0190002657
v 0.000886586495 -0.000190198683 0.0188592002
v 0.00107899122 -0.00031597208 0.019261552
v 0.000885722402 -0.000652018818 0.0197549388
v 0.000976624666 -0.000622499676 0.0197078958
v 0.000763126474 -0.000104992934 0.0193911027
v 0.0006988573 -0.000101503661 0.0195793658
v 0.000491092505 0.000184489414 0.0197465364
v 0.00069331273 -0.000291482167 0.0197054856
v 0.000895615492 -9.51757756E-05 0.0190002657
v 0.000880876672 -0.000518406741 0.0193845872
v 0.000685921754 -0.000579372165 0.0196813215
v 0.000717707793 -0.000723877747 0.0196008347
v 0.000684167084 -0.000789147278 0.0196405891
v 0.000539165747 -0.000797773304 0.0197566319
v 0.000661359809 -0.000822462025 0.0196523536
v 0.00070195325 -0.000880467473 0.019604167
v 0.000526800344 -0.00103730091 0.0197104719
v 0.000650619331 -0.000991383684 0.019640835
v 0.000659828482 -0.0010315649 0.0195975006
v 0.000532216509 -0.000596677884 0.0197775308
v 0.000377658609 1.51480517E-05 0.0198448636
v 0.000488589751 -0.000335262099 0.0198241342
v 5.13861728E-15 0.000316173042 0.0198881309
v 1.09631779E-14 0.00014615398 0.0200202204
v -0 9.50201793E-05 0.0200600028
v -5.29512821E-15 -0.000261497218 0.0200852361
v 6.02974888E-15 -0.000383527164 0.0201203432
v -1.09443941E-14 -0.000774843618 0.0200493634
v 0.000246794923 0.000506377779 0.0196679793
v 2.44965881E-10 0.000647829846 0.019578537
v 3.64157444E-07 0.000772776897 0.0191750098
v -6.93768425E-06 -0.00103984878 0.019959487
v -6.51931941E-06 -0.00104017451 0.0199603345
v -0 -0.000775083899 0.0200503338
v -0 -0.00129982107 0.0198363494
v 7.92434643E-15 -0.00129928195 0.0198355056
v 0.000513972947 -0.00126864389 0.019624671
v 0.000406686129 -0.00142761017 0.0195579045
v -0 -0.00159870461 0.0195291266
v 0.000529672892 -0.00124089501 0.0196233168
v 0.000591280172 -0.00121088803 0.0195823479
v 0.000513413863 -0.00131053932 0.0195933413
v 0.000741645053 -0.00109278457 0.0195011534
v 0.000509407255 -0.00137933576 0.0195346586
v 0.00062590302 -0.00119283434 0.0195569843
v 0.000630948984 -0.00121759414 0.0195337906
v 0.000633710064 -0.0012385177 0.019515831
v 0.000806762604 -0.00118702406 0.0193628483
v 0.000637578371 -0.00126779615 0.0194906946
v 0.000797111075 -0.00125766883 0.0193236005
v 0.000655137061 -0.00137358287 0.0194099285
v 0.000660763006 -0.00149536715 0.019334415
v 0.000607094029 -0.00138931943 0.0194532219
v 0.000590090815 -0.00139487407 0.0194685925
v 0.000506043434 -0.00143090682 0.0194907784
v 0.00064013456 -0.00156671088 0.019245442
v 0.00021763664 -0.00157685345 0.0194542427
v 1.53201716E-15 -0.00173073227 0.0192704275
v 0.000273613696 -0.00166240195 0.0192838404
v 0.000330044684 -0.0017490515 0.0191129558
v 0.000152315348 -0.00177454378 0.019036388
v 1.21160916E-15 -0.00176603848 0.0191092975
v -0 -0.00181193242 0.019062195
v 6.0550854E-05 -0.00159301143 0.0172550213
v -3.69878858E-14 -0.00163540884 0.0172161926
v 7.52460983E-05 -0.00168434926 0.0172015764
v 0.000170398562 -0.00157197728 0.0172912888
v 0.000198018824 -0.00144874363 0.0173745826
v 0.000265467679 -0.00153024599 0.0173385758
v 0.000362353865 -0.00146683957 0.0173833966
v 0.000283678353 -0.00137913926 0.0174206663
v 0.000451288244 -0.00127822813 0.0174923576
v 0.00036927106 -0.00126653549 0.0174899232
v 0.000416790281 -0.00120118388 0.0175017565
v 0.000487518671 -0.00122492749 0.0175020713
v 0.000583058863 -0.000965376152 0.0175535027
v 0.000688789994 -0.000985242776 0.0175577272
v 0.000604609959 -0.000922974607 0.0175576638
v 0.000920217077 -0.000305572612 0.0175697245
v 0.000920276158 -0.000305569469 0.0175687261
v 0.000689635053 -0.000985705061 0.0175579954
v -2.20452628E-15 -0.000194621622 0.017963497
v 0.00115409517 0.000175602545 0.017551139
v -0 0.000212782877 0.0173392314
v 0.000884310051 -0.000152419569 0.0179157276
v 0.00105874159 -0.000202127194 0.0180864837
v -3.57804595E-07 0.00160701654 0.0180097334
v -3.34526845E-07 0.00172725134 0.0180479567
v 0.000332691328 0.0015457496 0.0180147942
v -1.99595448E-07 0.00111157121 0.0185060725
v 0.00033277896 0.00105065294 0.0185071547
v 0.000652320217 0.000985894352 0.0184416026
v 0.00083384302 0.0010208647 0.0178337377
v 0.000834448612 0.000525489799 0.018325597
v 0.000869480893 0.000436571339 0.0176883321
v 0.000911170384 8.40643697E-05 0.0181903299
v 0.000902208092 3.28267815E-05 0.0182055738
v 0.000901343417 3.28304632E-05 0.0182050727
v 0.000910606235 8.41694928E-05 0.0181895103
v 0.000833472528 0.000525319541 0.0183254611
v 0.000901343417 3.28304632E-05 0.0182050727
v 0.000651620387 0.000985384686 0.0184411015
v 0.000652320217 0.000985894352 0.0184416026
v 0.000332569092 0.00104995957 0.0185064655
v 0.00033277896 0.00105065294 0.0185071547
v -0 0.0011108797 0.0185053777
v -1.99595448E-07 0.00111157121 0.0185060725
v 0.000969518151 0.000259230088 0.0189194046
v 0.000786189339 0.000300079031 0.0189168919
v 0.000820122019 1.84453675E-05 0.0189393796
v 0.000965834479 -2.05694014E-05 0.018948799
v 0.000967106025 -0.000263977854 0.0188341271
v 0.000886586495 -0.000190198683 0.0188592002
v 0.00103239506 -1.47931969E-05 0.018850321
v 0.00102900423 0.000138539937 0.0188407619
v 0.00103346852 -0.000241707108 0.0187489316
v 0.00104757526 4.15806608E-05 0.0187025238
v 0.000850704149 0.000154585941 0.0186590161
v 0.000786189339 0.000300079031 0.0189168919
v 0.00105267321 -0.000189040613 0.0186034702
v 0.000976197713 -0.00043793334 0.0184059516
v 0.00101660215 -0.00049736764 0.0186363272
v 0.00104252389 -0.000445038488 0.0184957925
v 0.0009667009 -0.000713591988 0.0185615215
v 0.00100096164 -0.00067712157 0.0183959119
v 0.000836738618 -0.000622436695 0.018333612
v 0.000964186387 -0.000790736871 0.0184274446
v 0.000898140133 -0.000966074294 0.0195544157
v 0.000810227299 -0.00112938229 0.0194347706
v 0.000806762604 -0.00118702406 0.0193628483
v 0.000815036998 -0.00108295039 0.0194777641
v 0.000822505797 -0.00103077129 0.0195251666
v 0.000827082316 -0.000959140714 0.0195782073
v 0.000741645053 -0.00109278457 0.0195011534
v 0.000806762604 -0.00118702406 0.0193628483
v 0.000810227299 -0.00112938229 0.0194347706
v 0.000815036998 -0.00108295039 0.0194777641
v 0.000822505797 -0.00103077129 0.0195251666
v 0.000659828482 -0.0010315649 0.0195975006
v 0.000827082316 -0.000959140714 0.0195782073
v 0.000650619331 -0.000991383684 0.019640835
v 0.00070195325 -0.000880467473 0.019604167
v 0.000829036522 -0.000886789407 0.0196873546
v 0.00082861993 -0.000859928783 0.0197295211
v 0.000661359809 -0.000822462025 0.0196523536
v 0.0008126311 -0.000784904172 0.0198367164
v 0.000948317116 -0.000895214558 0.0197723284
v 0.000864072994 -0.000889284594 0.019712057
v 0.000901813037 -0.000920419174 0.0196938142
v 0.0012709212 -0.000820036046 0.0201133247
v 0.00126474188 -0.000792317616 0.0201595128
v -7.97326174E-15 0.00119629048 0.0188830439
v 0.00019853712 0.00097128679 0.0188354626
v 7.51775673E-08 0.00110219046 0.0189379957
v 0.000282370864 0.000995865208 0.018765714
v 0.0012032307 -0.000146837396 0.017644668
v 0.00105800026 -0.000138161791 0.0176517926
v 0.00106431427 -0.000153560934 0.0179176815
v 0.000995948329 -0.00027475963 0.0175795145
v 0.000922171457 -0.000524097122 0.0174997579
v 0.000920217077 -0.000305572612 0.0175697245
v 0.000678445911 -0.00100288005 0.0173691511
v 0.000568338612 -0.000973856077 0.0173676889
v 0.000332534895 -0.00147442706 0.0171904657
v 0.000237385073 -0.00141851499 0.017187722
v -0 -0.00166794704 0.0170737207
v -1.78660551E-15 -0.00180026307 0.0170287956
v -0 -0.00257881894 0.0182554629
v 0.000180699702 -0.00246743951 0.0183044616
v 1.85857562E-14 -0.00266499515 0.0184213016
v 0.00019363602 -0.00246153888 0.0182092208
v 0.000995948329 -0.00027475963 0.0175795145
v 0.00105800026 -0.000138161791 0.0176517926
v 0.000918581674 -0.000146052524 0.0176185723
v 0.000920217077 -0.000305572612 0.0175697245
v 0.000920276158 -0.000305569469 0.0175687261
v 0.000918454665 -0.000146423001 0.0176194925
v 0.000604609959 -0.000922974607 0.0175576638
v 0.000920217077 -0.000305572612 0.0175697245
v 0.000568338612 -0.000973856077 0.0173676889
v 0.000583058863 -0.000965376152 0.0175535027
v 0.000416790281 -0.00120118388 0.0175017565
v 0.000237385073 -0.00141851499 0.017187722
v 0.00036927106 -0.00126653549 0.0174899232
v 0.000283678353 -0.00137913926 0.0174206663
v 0.000198018824 -0.00144874363 0.0173745826
v 6.0550854E-05 -0.00159301143 0.0172550213
v -0 -0.00166794704 0.0170737207
v -3.69878858E-14 -0.00163540884 0.0172161926
v 0.000833720318 -0.000939351274 0.0195294432
v 0.000827082316 -0.000959140714 0.0195782073
v 0.000822505797 -0.00103077129 0.0195251666
v 0.00082858291 -0.00102484028 0.0194543023
v 0.000815036998 -0.00108295039 0.0194777641
v 0.000810227299 -0.00112938229 0.0194347706
v 0.000806762604 -0.00118702406 0.0193628483
v 0.000915489451 -0.000962223334 0.0189039223
v 0.000930327631 -0.000879639294 0.0189609304
v 0.000904296001 -0.00106306979 0.0189407878
v 0.000748157734 -0.00107470609 0.0189545769
v 0.000712965208 -0.00119211688 0.0191354714
v 0.000828159566 -0.00100007781 0.0191517007
v 0.000915489451 -0.000962223334 0.0189039223
v 0.000904296001 -0.00106306979 0.0189407878
v 0.000930327631 -0.000879639294 0.0189609304
v 0.000832322577 -0.00092458888 0.0179641284
v 0.000933530973 -0.000628181559 0.0179141257
v 0.00102667115 -0.000343752501 0.0180162489
v 0.00083697692 -0.000897700142 0.0180232432
v 0.000439580472 0.000698488089 0.019004751
v 0.000545019633 0.000734461297 0.0188535452
v 0.000295682461 0.000810498488 0.0188874416
v 0.000287797855 0.000761991658 0.01901206
v 6.76443179E-10 0.000849578239 0.0189296007
v 3.64157444E-07 0.000772776897 0.0191750098
v 0.000920888211 0.000415612361 0.0183013137
v 0.000865417125 0.000601184787 0.0185656305
v 0.000903601118 0.000380301324 0.0182357654
v 0.000963725441 0.000110293127 0.0181709286
v 0.00096385926 0.000110108951 0.0181699544
v 0.000902792439 0.000379917619 0.0182362106
v 0.000902870728 -0.000943302817 0.0179689173
v 0.000917202153 -0.000768491591 0.0182758905
v 0.000836738618 -0.000622436695 0.018333612
v 0.00083697692 -0.000897700142 0.0180232432
v 0.000832322577 -0.00092458888 0.0179641284
v 0.000774039188 -0.00086811051 0.0189425163
v 0.000845239265 -0.000861583685 0.019302614
v 0.000764426251 -0.00103977066 0.0192159023
v 0.000793846033 -0.000706427381 0.0190069787
v 0.000793846033 -0.000706427381 0.0190069787
v 0.000966517429 -0.000844430819 0.0192600023
v 0.000845239265 -0.000861583685 0.019302614
v 0.00101992034 -0.000768254627 0.01893338
v 0.000752347696 -0.00131495995 0.0200006384
v 0.000793006038 -0.00133641611 0.0199531559
v 0.000791225699 -0.00129927602 0.0199841131
v 0.000754203764 -0.00135207514 0.0199696496
v 0.000549808552 -0.00139388687 0.0195991937
v 0.000683689083 -0.00133989262 0.0195423085
v 0.000590090815 -0.00139487407 0.0194685925
v 0.000506043434 -0.00143090682 0.0194907784
v 0.000607094029 -0.00138931943 0.0194532219
v 0.000655137061 -0.00137358287 0.0194099285
v 0.00126474188 -0.000792317616 0.0201595128
v 0.00129342987 -0.000780107046 0.0200923271
v 0.00128730061 -0.000752324122 0.020138476
v 0.0012709212 -0.000820036046 0.0201133247
v 0.000948317116 -0.000895214558 0.0197723284
v 0.00102589675 -0.000757713162 0.0197000112
v 0.000975891249 -0.000814169471 0.019679483
v 0.000974547642 -0.000800115464 0.0196460281
v 0.000972119626 -0.000774350308 0.0195842199
v 0.000924477354 -0.000889851712 0.0196942538
v 0.000901813037 -0.000920419174 0.0196938142
v 0.00128730061 -0.000752324122 0.020138476
v 0.00129342987 -0.000780107046 0.0200923271
v 0.00102589675 -0.000757713162 0.0197000112
v 0.000885722402 -0.000652018818 0.0197549388
v 0.000972119626 -0.000774350308 0.0195842199
v 0.000885722402 -0.000652018818 0.0197549388
v 0.00126474188 -0.000792317616 0.0201595128
v 0.00128730061 -0.000752324122 0.020138476
v 0.0008126311 -0.000784904172 0.0198367164
v 0.000717707793 -0.000723877747 0.0196008347
v 0.000880876672 -0.000518406741 0.0193845872
v 0.000684167084 -0.000789147278 0.0196405891
v 0.000661359809 -0.000822462025 0.0196523536
v 0.000717707793 -0.000723877747 0.0196008347
v 0.000684167084 -0.000789147278 0.0196405891
v 0.00070195325 -0.000880467473 0.019604167
v 0.000661359809 -0.000822462025 0.0196523536
v 0.000529672892 -0.00124089501 0.0196233168
v 0.000513972947 -0.00126864389 0.019624671
v 0.000591280172 -0.00121088803 0.0195823479
v 0.000633710064 -0.0012385177 0.019515831
v 0.000630948984 -0.00121759414 0.0195337906
v 0.00062590302 -0.00119283434 0.0195569843
v 0.000637578371 -0.00126779615 0.0194906946
v 0.000590090815 -0.00139487407 0.0194685925
v 0.000513413863 -0.00131053932 0.0195933413
v 0.000509407255 -0.00137933576 0.0195346586
v 0.000506043434 -0.00143090682 0.0194907784
v 0.000607094029 -0.00138931943 0.0194532219
v 0.000655137061 -0.00137358287 0.0194099285
v 0.000829036522 -0.000886789407 0.0196873546
v 0.00082861993 -0.000859928783 0.0197295211
v 0.000885722402 -0.000652018818 0.0197549388
v 0.000827082316 -0.000959140714 0.0195782073
v 0.000833964092 -0.000933978823 0.0195338558
v 0.000837566098 -0.000914420933 0.0195022393
v 0.000837738917 -0.000913481344 0.019497266
v 0.000844791415 -0.000863674853 0.0194791164
v 0.000855472754 -0.000735255366 0.0195075832
v 0.000837052066 -0.000914186239 0.0194970891
v 0.000843800488 -0.000863551919 0.0194791723
v 0.000855472754 -0.000735255366 0.0195075832
v 0.000854780723 -0.000734671718 0.0195080079
v 0.000513972947 -0.00126864389 0.019624671
v 0.000754203764 -0.00135207514 0.0199696496
v 0.000752347696 -0.00131495995 0.0200006384
v 0.000549808552 -0.00139388687 0.0195991937
v 0.000513413863 -0.00131053932 0.0195933413
v 0.000509407255 -0.00137933576 0.0195346586
v 0.000506043434 -0.00143090682 0.0194907784
v 0.000683689083 -0.00133989262 0.0195423085
v 0.00062590302 -0.00119283434 0.0195569843
v 0.000791225699 -0.00129927602 0.0199841131
v 0.000630948984 -0.00121759414 0.0195337906
v 0.000633710064 -0.0012385177 0.019515831
v 0.000637578371 -0.00126779615 0.0194906946
v 0.000655137061 -0.00137358287 0.0194099285
v 0.000791225699 -0.00129927602 0.0199841131
v 0.00062590302 -0.00119283434 0.0195569843
v 0.000752347696 -0.00131495995 0.0200006384
v 0.000591280172 -0.00121088803 0.0195823479
v 0.000529672892 -0.00124089501 0.0196233168
v 0.000513972947 -0.00126864389 0.019624671
v 0.000864072994 -0.000889284594 0.019712057
v 0.00082861993 -0.000859928783 0.0197295211
v 0.000829036522 -0.000886789407 0.0196873546
v 0.000901813037 -0.000920419174 0.0196938142
v 0.000827082316 -0.000959140714 0.0195782073
v 0.000974547642 -0.000800115464 0.0196460281
v 0.000972119626 -0.000774350308 0.0195842199
v 0.000885722402 -0.000652018818 0.0197549388
v 0.000975891249 -0.000814169471 0.019679483
v 0.000924477354 -0.000889851712 0.0196942538
v 0.00082861993 -0.000859928783 0.0197295211
v 0.000864072994 -0.000889284594 0.019712057
v 0.000901813037 -0.000920419174 0.0196938142
v 0.000833720318 -0.000939351274 0.0195294432
v 0.000830272504 -0.000940018974 0.0195305552
v 0.000827082316 -0.000959140714 0.0195782073
v 0.000837738917 -0.000913481344 0.019497266
v 0.000837052066 -0.000914186239 0.0194970891
v 0.000834520673 -0.000938884215 0.0195298195
v 0.000827082316 -0.000959140714 0.0195782073
v 0.000833720318 -0.000939351274 0.0195294432
v 0.000833964092 -0.000933978823 0.0195338558
v 0.000837566098 -0.000914420933 0.0195022393
v 0.000837938162 -0.000915287237 0.0195019059
v 0.000834520673 -0.000938884215 0.0195298195
v 0.000974547642 -0.000800115464 0.0196460281
v 0.000975891249 -0.000814169471 0.019679483
v 0.000924477354 -0.000889851712 0.0196942538
v 0.000833964092 -0.000933978823 0.0195338558
v 0.000901813037 -0.000920419174 0.0196938142
v 0.000827082316 -0.000959140714 0.0195782073
v 0.000837566098 -0.000914420933 0.0195022393
v 0.000972119626 -0.000774350308 0.0195842199
v 0.000837738917 -0.000913481344 0.019497266
v 0.000830272504 -0.000940018974 0.0195305552
v 0.000837738917 -0.000913481344 0.019497266
v 0.000837566098 -0.000914420933 0.0195022393
v 0.00083037524 -0.000939146499 0.0195310339
v 0.000837938162 -0.000915287237 0.0195019059
v 0.000785524549 -0.00156841718 0.0188923161
v 0.000723508303 -0.00137952087 0.0186892934
v 0.000615972443 -0.00147603196 0.018622594
v 0.000688522239 -0.00166117237 0.018819388
v 0.00166224432 0.00233044219 0.0211470798
v 0.00170579506 0.00240790984 0.0215090793
v 0.00170564523 0.00238646893 0.0215228498
v 0.00157219777 0.00236569275 0.0211657546
v 0.00138902979 0.00223986735 0.020701997
v 0.00151457684 0.00219470495 0.0207087733
v 0.00120183825 0.00187966623 0.0202384591
v 0.00137696578 0.00181282556 0.0202710871
v 0.00099090091 0.00119238975 0.0198244713
v 0.00124125206 0.00114869326 0.0199407637
v 0.000730615458 0.0012309486 0.0198895521
v 0.00101305754 0.00189869909 0.0203250144
v 0.00126548239 0.0022516707 0.0207512919
v 0.0014769038 0.00236388459 0.0211929176
v 0.00167535164 0.00241122534 0.021517789
v 0.000843791699 0.000643610721 0.0198498312
v 0.00112278305 0.000564063492 0.019997092
v 0.000752337859 0.000173188877 0.0195262339
v 0.000405747909 0.000163842225 0.0195907354
v 0.00053533609 0.000658727367 0.0199381839
v 0.000365545042 6.84218758E-05 0.0197438989
v 0.000505638367 0.000602125307 0.0200876091
v 0.000321653875 -2.95513655E-05 0.0199232493
v 0.000477113965 0.000560078362 0.0202599335
v 0.00027639739 -0.000371233473 0.0192782469
v 0.000226014134 -0.000487213576 0.0194759183
v 0.000318848237 -0.000265768089 0.0191285592
v 0.000542614958 -0.000600412546 0.0195909869
v 0.000686361163 -0.000260278815 0.0190474726
v 0.000616701029 -0.000147879473 0.0200388897
v 0.000918521197 -0.000598866958 0.0195453372
v 0.00105913985 5.84716763E-05 0.0196562577
v 0.00101144798 -0.000377501769 0.0191980321
v 0.000741609256 0.000463196251 0.0203971621
v 0.000690739835 0.00121171493 0.0202378742
v 0.000975137926 -0.000134938018 0.0199887753
v 0.00096859684 -0.000482796226 0.0193476249
v 0.00101863139 -3.68285109E-05 0.0198093541
v 0.00109286641 0.000507508114 0.0201464649
v 0.00122055516 0.00113261037 0.0201026965
v 0.00106476003 0.000465310994 0.0203188322
v 0.00092932675 0.00115551183 0.0203420483
v 0.0012012528 0.00112960069 0.0202890281
v 0.00117481407 0.0017080406 0.0205690451
v 0.00136743672 0.0017038926 0.0204894617
v 0.00122055516 0.00113261037 0.0201026965
v 0.00137793715 0.00211493718 0.0209101047
v 0.00100363535 0.00178967952 0.0205433816
v 0.000690739835 0.00121171493 0.0202378742
v 0.00125873066 0.00217461959 0.0208787918
v 0.00147649774 0.00228712265 0.0212821439
v 0.00155995949 0.00223693415 0.021270033
v 0.0016459258 0.00237094564 0.0215545762
v 0.00167525152 0.00236766902 0.0215460341
v 0.00166165945 0.00225372659 0.0212363638
v 0.00170577667 0.00236414117 0.0215374045
v 0.00167525152 0.00236766902 0.0215460341
v 0.00170577667 0.00236414117 0.0215374045
v 0.00170564523 0.00238646893 0.0215228498
v 0.00167524489 0.00238978444 0.02153139
v 0.0016459258 0.00237094564 0.0215545762
v 0.00170579506 0.00240790984 0.0215090793
v 0.00164603128 0.0023932131 0.021539988
v 0.00167535164 0.00241122534 0.021517789
v 0.00164599041 0.00241471338 0.0215262603
v 0.00053533609 0.000658727367 0.0199381839
v 0.00099090091 0.00119238975 0.0198244713
v 0.000843791699 0.000643610721 0.0198498312
v 0.000730615458 0.0012309486 0.0198895521
v 0.000505638367 0.000602125307 0.0200876091
v 0.000710338063 0.00121469132 0.0200515483
v 0.000477113965 0.000560078362 0.0202599335
v 0.00101305754 0.00189869909 0.0203250144
v 0.000690739835 0.00121171493 0.0202378742
v 0.00100730488 0.00184011599 0.0204363652
v 0.00126548239 0.0022516707 0.0207512919
v 0.00100363535 0.00178967952 0.0205433816
v 0.00126148842 0.00220676116 0.0208242387
v 0.0014769038 0.00236388459 0.0211929176
v 0.00125873066 0.00217461959 0.0208787918
v 0.00147541182 0.00231918949 0.0212390088
v 0.00147649774 0.00228712265 0.0212821439
v 0.00164603128 0.0023932131 0.021539988
v 0.0016459258 0.00237094564 0.0215545762
v 0.00164599041 0.00241471338 0.0215262603
v 0.00126148842 0.00220676116 0.0208242387
v 0.00147541182 0.00231918949 0.0212390088
v 0.0014769038 0.00236388459 0.0211929176
v 0.00164599041 0.00241471338 0.0215262603
v -1.80691423E-14 0.000967411092 0.0194964577
v -0 0.000529507932 0.0196561031
v 0.000222942253 0.000543048838 0.019525256
v 0.000391913491 0.000798061374 0.0193377156
v 0.000310949719 0.000521386566 0.0194837619
v 0.000413302885 0.000473981258 0.0194901619
v 0.000434741291 0.000615679484 0.0193835869
v 0.000485920697 0.000624273322 0.0191299915
v 0.000504296273 0.000514429878 0.0193502549
v 0.000387016422 0.000506346347 0.0198151749
v 0.000481039693 0.000395791023 0.0195796527
v 0.000260248518 0.000500716036 0.0197630581
v -6.45781984E-06 0.000603411172 0.0200261753
v -6.33882337E-06 0.000618050923 0.0199468005
v 0.00026515004 0.000773164153 0.0192915872
v -0 0.000951049093 0.0194175355
v -1.80691423E-14 0.000967411092 0.0194964577
v 0.000391913491 0.000798061374 0.0193377156
v 0.000485920697 0.000624273322 0.0191299915
v -6.45781984E-06 0.000603411172 0.0200261753
v -6.3558864E-06 0.000137524665 0.0200087894
v 0.000218057554 0.000199433503 0.0198926069
v 0.000387016422 0.000506346347 0.0198151749
v 0.000306064117 0.000195028217 0.0198460054
v 0.0004084174 0.00014871225 0.0198340509
v 0.000429866981 0.000320207211 0.0197887756
v 0.000481039693 0.000395791023 0.0195796527
v 0.000475002365 0.000264494069 0.0197443012
v 0.000499478658 0.000239134461 0.019719597
v 0.000496537657 -4.60659567E-06 0.0199705027
v 0.000616090198 5.41518821E-05 0.0197973344
v 0.000335243298 1.78371502E-05 0.0199076626
v 4.32244132E-14 -1.03841521E-05 0.0202656072
v -0 5.03281626E-05 0.0201828908
v 4.32244132E-14 -1.03841521E-05 0.0202656072
v -0 -0.000533950515 0.019988209
v 0.000281686982 -0.000398927979 0.0198895894
v 0.000496537657 -4.60659567E-06 0.0199705027
v 0.000393490336 -0.00037820352 0.0198338516
v 0.000523605733 -0.000424570258 0.0197945535
v 0.000551010424 -0.000203206568 0.0198374353
v 0.000616090198 5.41518821E-05 0.0197973344
v 0.000608302478 -0.000242436465 0.0197558124
v 0.000639408012 -0.000257796026 0.0197135247
v 0.000514565792 -0.000555566628 0.019958524
v 0.000638551777 -0.000477340858 0.0197857693
v 0.000347283785 -0.000526000455 0.019895928
v -2.45436114E-14 -0.000591506774 0.0202625059
v -0 -0.000520426198 0.0201832913
v -2.45436114E-14 -0.000591506774 0.0202625059
v -0 -0.0011037027 0.0199230425
v 0.000291758421 -0.000954337011 0.0198349729
v 0.000514565792 -0.000555566628 0.019958524
v 0.000407695683 -0.000927285932 0.0197795536
v 0.00054263405 -0.000971143891 0.0197342876
v 0.000571064593 -0.000747038343 0.0198010206
v 0.000638551777 -0.000477340858 0.0197857693
v 0.000630477152 -0.000779237831 0.0197127964
v 0.000662734325 -0.00079079537 0.0196675919
v 0.00067980733 -0.00158780953 0.0189073086
v 0.000616498117 -0.00139890204 0.0187046472
v 0.000723508303 -0.00137952087 0.0186892934
v 0.000785524549 -0.00156841718 0.0188923161
v -0 0.0011108797 0.0185053777
v -1.99595448E-07 0.00111157121 0.0185060725
v -3.72253254E-07 0.00124227803 0.0184916854
v -0 0.00124293915 0.0184923355
v -0.000500226626 0.000239214496 0.0197202563
v -0.000499478658 0.000239134461 0.019719597
v -0.000475002365 0.000264494069 0.0197443012
v -0.000475750334 0.000264574104 0.0197449606
v -0.000429866981 0.000320207211 0.0197887756
v -0.000430682616 0.000320315565 0.0197893456
v -0.00100589904 -0.000123982871 0.0185339563
v -0.00100490206 -0.000123938327 0.0185338892
v -0.000967722153 -0.000376482814 0.0184364654
v -0.000968090433 -0.000376862241 0.0184373129
v -0.000977184041 -0.000438091927 0.0184059944
v -0.000976197713 -0.00043793334 0.0184059516
v -0.000524067902 -0.00042488685 0.0197953824
v -0.000639408012 -0.000257796026 0.0197135247
v -0.00064015598 -0.000258010608 0.0197141543
v -0.000523605733 -0.000424570258 0.0197945535
v -0.000393803581 -0.00037860396 0.0198347121
v -0.000393490336 -0.00037820352 0.0198338516
v -0.000282155612 -0.000399341661 0.0198903717
v -0.000281686982 -0.000398927979 0.0198895894
v -0 -0.00053441833 0.0199890919
v -0 -0.000533950515 0.019988209
v 0.000282155612 -0.000399341661 0.0198903717
v 0.000281686982 -0.000398927979 0.0198895894
v 0.000393803581 -0.00037860396 0.0198347121
v 0.000393490336 -0.00037820352 0.0198338516
v 0.000524067902 -0.00042488685 0.0197953824
v 0.000523605733 -0.000424570258 0.0197945535
v 0.00064015598 -0.000258010608 0.0197141543
v 0.000639408012 -0.000257796026 0.0197135247
v -0.00064015598 -0.000258010608 0.0197141543
v -0.000639408012 -0.000257796026 0.0197135247
v -0.000608302478 -0.000242436465 0.0197558124
v -0.000609050388 -0.000242651047 0.0197564401
v -0.000551010424 -0.000203206568 0.0198374353
v -0.000551776378 -0.000203405041 0.0198380463
v -0.00102761667 -0.000343845109 0.018015936
v -0.00102667115 -0.000343752501 0.0180162489
v -0.00083697692 -0.000897700142 0.0180232432
v -0.000837687228 -0.000898331171 0.0180235561
v -0.000631225121 -0.000779512862 0.0197133999
v -0.000571064593 -0.000747038343 0.0198010206
v -0.000571830606 -0.000747295737 0.0198016092
v -0.000630477152 -0.000779237831 0.0197127964
v -0.000663482293 -0.000791070459 0.0196681954
v -0.000662734325 -0.00079079537 0.0196675919
v -0.000837052066 -0.000914186239 0.0194970891
v -0.000837738917 -0.000913481344 0.019497266
v -0.000972119626 -0.000774350308 0.0195842199
v -0.000973109156 -0.000774265733 0.0195841026
v -0.000571830606 -0.000747295737 0.0198016092
v -0.000571064593 -0.000747038343 0.0198010206
v -0.000638551777 -0.000477340858 0.0197857693
v -0.000639260397 -0.000477047404 0.0197864119
v -0.000408879539 0.000148787512 0.0198349338
v -0.000499478658 0.000239134461 0.019719597
v -0.000500226626 0.000239214496 0.0197202563
v -0.0004084174 0.00014871225 0.0198340509
v -0.000306377391 0.000195042259 0.0198469553
v -0.000306064117 0.000195028217 0.0198460054
v -0.000218524132 0.000199401024 0.0198934916
v -0.000218057554 0.000199433503 0.0198926069
v 5.88931789E-06 0.00013749217 0.0200096741
v 6.3558864E-06 0.000137524665 0.0200087894
v -0.00083037524 -0.000939146499 0.0195310339
v -0.000830272504 -0.000940018974 0.0195305552
v -0.000827082316 -0.000959140714 0.0195782073
v -0.000826819392 -0.000959704746 0.0195789896
v -0.000898785656 -0.000966225867 0.0195551645
v -0.000898140133 -0.000966074294 0.0195544157
v -0.000843241811 -0.00104001944 0.0192160085
v -0.000843336864 -0.00103909173 0.0192156471
v -0.000845885836 -0.000861754641 0.019301869
v -0.000898140133 -0.000966074294 0.0195544157
v -0.000845239265 -0.000861583685 0.019302614
v -0.000505112112 0.00051486498 0.0193506349
v -0.000485920697 0.000624273322 0.0191299915
v -0.000486732926 0.000624855689 0.019129958
v -0.000504296273 0.000514429878 0.0193502549
v -0.000413765054 0.000474384316 0.0194909517
v -0.000413302885 0.000473981258 0.0194901619
v -0.000311262993 0.000521757815 0.0194846354
v -0.000310949719 0.000521386566 0.0194837619
v -0.000223409676 0.000543351867 0.0195260886
v -0.000222942253 0.000543048838 0.019525256
v -0 0.00052985095 0.0196570419
v -0 0.000529507932 0.0196561031
v 0.000223409676 0.000543351867 0.0195260886
v 0.000222942253 0.000543048838 0.019525256
v 0.000311262993 0.000521757815 0.0194846354
v 0.000310949719 0.000521386566 0.0194837619
v 0.000413765054 0.000474384316 0.0194909517
v 0.000413302885 0.000473981258 0.0194901619
v 0.000505112112 0.00051486498 0.0193506349
v 0.000504296273 0.000514429878 0.0193502549
v 0.000486732926 0.000624855689 0.019129958
v 0.000485920697 0.000624273322 0.0191299915
v -0.000904944958 -0.00106373744 0.018941151
v -0.000904296001 -0.00106306979 0.0189407878
v -0.000828159566 -0.00100007781 0.0191517007
v -0.000828065095 -0.000999214477 0.0191521961
v -0.00105894916 -0.000137994561 0.0176515244
v -0.00105800026 -0.000138161791 0.0176517926
v -0.000918581674 -0.000146052524 0.0176185723
v -0.000918454665 -0.000146423001 0.0176194925
v -0.000543096219 -0.00097154011 0.0197350811
v -0.000662734325 -0.00079079537 0.0196675919
v -0.000663482293 -0.000791070459 0.0196681954
v -0.00054263405 -0.000971143891 0.0197342876
v -0.000408008957 -0.000927768764 0.0197803713
v -0.000407695683 -0.000927285932 0.0197795536
v -0.000292227312 -0.00095482514 0.0198357087
v -0.000291758421 -0.000954337011 0.0198349729
v -0 -0.00110425474 0.0199238751
v -0 -0.0011037027 0.0199230425
v 0.000292227312 -0.00095482514 0.0198357087
v 0.000291758421 -0.000954337011 0.0198349729
v 0.000408008957 -0.000927768764 0.0197803713
v 0.000407695683 -0.000927285932 0.0197795536
v 0.000543096219 -0.00097154011 0.0197350811
v 0.00054263405 -0.000971143891 0.0197342876
v 0.000663482293 -0.000791070459 0.0196681954
v 0.000662734325 -0.00079079537 0.0196675919
v 0.000475750334 0.000264574104 0.0197449606
v 0.000499478658 0.000239134461 0.019719597
v 0.000500226626 0.000239214496 0.0197202563
v 0.000475002365 0.000264494069 0.0197443012
v 0.000430682616 0.000320315565 0.0197893456
v 0.000429866981 0.000320207211 0.0197887756
v 0.000609050388 -0.000242651047 0.0197564401
v 0.000639408012 -0.000257796026 0.0197135247
v 0.00064015598 -0.000258010608 0.0197141543
v 0.000608302478 -0.000242436465 0.0197558124
v 0.000551776378 -0.000203405041 0.0198380463
v 0.000551010424 -0.000203206568 0.0198374353
v 0.000837687228 -0.000898331171 0.0180235561
v 0.00083697692 -0.000897700142 0.0180232432
v 0.00102667115 -0.000343752501 0.0180162489
v 0.00102761667 -0.000343845109 0.018015936
v 0.000571830606 -0.000747295737 0.0198016092
v 0.000571064593 -0.000747038343 0.0198010206
v 0.000630477152 -0.000779237831 0.0197127964
v 0.000631225121 -0.000779512862 0.0197133999
v 0.000662734325 -0.00079079537 0.0196675919
v 0.000663482293 -0.000791070459 0.0196681954
v 0.000973109156 -0.000774265733 0.0195841026
v 0.000972119626 -0.000774350308 0.0195842199
v 0.000837738917 -0.000913481344 0.019497266
v 0.000837052066 -0.000914186239 0.0194970891
v 0.000639260397 -0.000477047404 0.0197864119
v 0.000638551777 -0.000477340858 0.0197857693
v 0.000571064593 -0.000747038343 0.0198010206
v 0.000571830606 -0.000747295737 0.0198016092
v 0.000500226626 0.000239214496 0.0197202563
v 0.000499478658 0.000239134461 0.019719597
v 0.0004084174 0.00014871225 0.0198340509
v 0.000408879539 0.000148787512 0.0198349338
v 0.000306064117 0.000195028217 0.0198460054
v 0.000306377391 0.000195042259 0.0198469553
v 0.000218057554 0.000199433503 0.0198926069
v 0.000218524132 0.000199401024 0.0198934916
v -6.3558864E-06 0.000137524665 0.0200087894
v -5.88931789E-06 0.00013749217 0.0200096741
v 0.000826819392 -0.000959704746 0.0195789896
v 0.000827082316 -0.000959140714 0.0195782073
v 0.000830272504 -0.000940018974 0.0195305552
v 0.00083037524 -0.000939146499 0.0195310339
v 0.000843336864 -0.00103909173 0.0192156471
v 0.000843241811 -0.00104001944 0.0192160085
v 0.000898140133 -0.000966074294 0.0195544157
v 0.000898785656 -0.000966225867 0.0195551645
v 0.000845885836 -0.000861754641 0.019301869
v 0.000845239265 -0.000861583685 0.019302614
v 0.000898140133 -0.000966074294 0.0195544157
v 0.000616798876 5.45067196E-05 0.0197979454
v 0.000616090198 5.41518821E-05 0.0197973344
v 0.000551010424 -0.000203206568 0.0198374353
v 0.000551776378 -0.000203405041 0.0198380463
v 0.000977184041 -0.000438091927 0.0184059944
v 0.000976197713 -0.00043793334 0.0184059516
v 0.000967722153 -0.000376482814 0.0184364654
v 0.000968090433 -0.000376862241 0.0184373129
v 0.00100589904 -0.000123982871 0.0185339563
v 0.00100490206 -0.000123938327 0.0185338892
v 0.000828065095 -0.000999214477 0.0191521961
v 0.000828159566 -0.00100007781 0.0191517007
v 0.000904296001 -0.00106306979 0.0189407878
v 0.000904944958 -0.00106373744 0.018941151
v 0.000918454665 -0.000146423001 0.0176194925
v 0.000918581674 -0.000146052524 0.0176185723
v 0.00105800026 -0.000138161791 0.0176517926
v 0.00105894916 -0.000137994561 0.0176515244
v 0.000318215665 -0.000265143171 0.0191281009
v 0.000318848237 -0.000265768089 0.0191285592
v 0.000686361163 -0.000260278815 0.0190474726
v 0.000686529384 -0.000259561522 0.0190467965
v 0.000275439961 -0.000370955677 0.0192781687
v 0.00101144798 -0.000377501769 0.0191980321
v 0.00027639739 -0.000371233473 0.0192782469
v 0.00101233588 -0.000377218385 0.0191976689
v 0.000225080905 -0.000487345038 0.0194762517
v 0.00096859684 -0.000482796226 0.0193476249
v 0.000226014134 -0.000487213576 0.0194759183
v 0.000969564077 -0.000483023148 0.0193477385
v 0.000542406633 -0.000601077452 0.019591704
v 0.000918521197 -0.000598866958 0.0195453372
v 0.000542614958 -0.000600412546 0.0195909869
v 0.000919205369 -0.000599417835 0.019545814
v -0.000686529384 -0.000259561522 0.0190467965
v -0.000318848237 -0.000265768089 0.0191285592
v -0.000318215665 -0.000265143171 0.0191281009
v -0.000686361163 -0.000260278815 0.0190474726
v -0.00027639739 -0.000371233473 0.0192782469
v -0.00101233588 -0.000377218385 0.0191976689
v -0.000275439961 -0.000370955677 0.0192781687
v -0.00101144798 -0.000377501769 0.0191980321
v -0.000226014134 -0.000487213576 0.0194759183
v -0.000969564077 -0.000483023148 0.0193477385
v -0.000225080905 -0.000487345038 0.0194762517
v -0.00096859684 -0.000482796226 0.0193476249
v -0.000542614958 -0.000600412546 0.0195909869
v -0.000919205369 -0.000599417835 0.019545814
v -0.000542406633 -0.000601077452 0.019591704
v -0.000918521197 -0.000598866958 0.0195453372
v -0.000819167937 -0.00118355406 0.018337477
v -0.000506114215 -0.00125545915 0.0183202196
v -0.000786064717 -0.00124005496 0.0183141958
v -0.000647187815 -0.00131911214 0.0179941729
v -0.000473863794 -0.00135043112 0.0179564599
v -0.000477816997 -0.00133737037 0.0180251934
v -0.00079866848 -0.00111472036 0.0183141399
v -0.000537897693 -0.00115881674 0.0183202624
v -0.000820463581 -0.00117115141 0.0183375124
v -0.000325023197 -0.00179527828 0.0181072168
v -0.000329612289 -0.00178236538 0.0180384926
v -0.000449316314 -0.00179354113 0.0180638935
v -0.000701502024 -0.00126569788 0.0182342045
v -0.000498809852 -0.00127959216 0.0181932151
v -0.000695305818 -0.00124584313 0.0181860998
v -0.000775361783 -0.00108866417 0.0182389207
v -0.000750449777 -0.00111070694 0.0181855503
v -0.000546377094 -0.00113495719 0.0181932803
v -0.000743109558 -0.00112279679 0.0181775168
v -0.000715935079 -0.00117367739 0.0181561876
v -0.00052835414 -0.00119034841 0.0181543231
v -0.000712392444 -0.00118232355 0.0181561746
v -0.000698501826 -0.00123067189 0.0181759801
v -0.000517193344 -0.00122428464 0.0181543101
v -0.000494220934 -0.00129250495 0.0182619393
v -0.000498809852 -0.00127959216 0.0181932151
v -0.000701502024 -0.00126569788 0.0182342045
v -0.000528351637 -0.0011893803 0.0179699771
v -0.000516458007 -0.00122642622 0.0179116968
v -0.000712020614 -0.00117916544 0.017950356
v 0.000819167937 -0.00118355406 0.018337477
v 0.000786064717 -0.00124005496 0.0183141958
v 0.000506114215 -0.00125545915 0.0183202196
v 0.000477816997 -0.00133737037 0.0180251934
v 0.000473863794 -0.00135043112 0.0179564599
v 0.000647187815 -0.00131911214 0.0179941729
v 0.00079866848 -0.00111472036 0.0183141399
v 0.000820463581 -0.00117115141 0.0183375124
v 0.000537897693 -0.00115881674 0.0183202624
v 0.000449316314 -0.00179354113 0.0180638935
v 0.000329612289 -0.00178236538 0.0180384926
v 0.000325023197 -0.00179527828 0.0181072168
v 0.000701502024 -0.00126569788 0.0182342045
v 0.000695305818 -0.00124584313 0.0181860998
v 0.000498809852 -0.00127959216 0.0181932151
v 0.000775361783 -0.00108866417 0.0182389207
v 0.000546377094 -0.00113495719 0.0181932803
v 0.000750449777 -0.00111070694 0.0181855503
v 0.000743109558 -0.00112279679 0.0181775168
v 0.00052835414 -0.00119034841 0.0181543231
v 0.000715935079 -0.00117367739 0.0181561876
v 0.000712392444 -0.00118232355 0.0181561746
v 0.000517193344 -0.00122428464 0.0181543101
v 0.000698501826 -0.00123067189 0.0181759801
v 0.000701502024 -0.00126569788 0.0182342045
v 0.000498809852 -0.00127959216 0.0181932151
v 0.000494220934 -0.00129250495 0.0182619393
v 0.000712020614 -0.00117916544 0.017950356
v 0.000516458007 -0.00122642622 0.0179116968
v 0.000528351637 -0.0011893803 0.0179699771
v -0.000818281667 -0.00118329085 0.0183370952
v -0.000785336713 -0.00123938511 0.0183140505
v -0.000506095064 -0.00125486846 0.0183194131
v -0.00047795623 -0.00133834116 0.0180249978
v -0.000473970722 -0.00135124207 0.0179570355
v -0.000646404922 -0.0013196856 0.017994415
v -0.000797929533 -0.00111538381 0.0183140226
v -0.000819559151 -0.00117132487 0.0183371231
v -0.000537995482 -0.00115921511 0.0183193516
v -0.000448766368 -0.00179275568 0.0180641767
v -0.000329648668 -0.00178150949 0.0180390086
v -0.000325073372 -0.00179429632 0.0181070343
v -0.000700932927 -0.00126490998 0.0182344392
v -0.00069478486 -0.00124514569 0.0181865934
v -0.000498709793 -0.00127872452 0.0181937031
v -0.000774629298 -0.00108925218 0.0182392634
v -0.000546510739 -0.00113577046 0.0181938466
v -0.000749792729 -0.00111117959 0.0181861389
v -0.00074248109 -0.00112293893 0.0181782804
v -0.000528382487 -0.00119057111 0.0181552973
v -0.000715344504 -0.00117362069 0.0181569923
v -0.00071182847 -0.00118199782 0.0181569327
v -0.00051713729 -0.00122389896 0.0181552302
v -0.000697925687 -0.00123014173 0.0181766022
v -0.000700932927 -0.00126490998 0.0182344392
v -0.000498709793 -0.00127872452 0.0181937031
v -0.000494130596 -0.00129152066 0.0182617884
v -0.000711467233 -0.00117840711 0.0179500114
v -0.000516327913 -0.00122544728 0.0179115385
v -0.000528304721 -0.00118877587 0.0179691818
v 0.000818281667 -0.00118329085 0.0183370952
v 0.000506095006 -0.00125486846 0.0183194131
v 0.000785336713 -0.00123938511 0.0183140505
v 0.000646404922 -0.0013196856 0.017994415
v 0.000473970722 -0.00135124207 0.0179570355
v 0.00047795623 -0.00133834116 0.0180249978
v 0.000797929533 -0.00111538381 0.0183140226
v 0.000537995482 -0.00115921511 0.0183193516
v 0.000819559151 -0.00117132487 0.0183371231
v 0.000325073372 -0.00179429632 0.0181070343
v 0.000329648668 -0.00178150949 0.0180390086
v 0.000448766368 -0.00179275568 0.0180641767
v 0.000700932927 -0.00126490998 0.0182344392
v 0.000498709793 -0.00127872452 0.0181937031
v 0.00069478486 -0.00124514569 0.0181865934
v 0.000774629298 -0.00108925218 0.0182392634
v 0.000749792729 -0.00111117959 0.0181861389
v 0.000546510739 -0.00113577046 0.0181938466
v 0.00074248109 -0.00112293893 0.0181782804
v 0.000715344504 -0.00117362069 0.0181569923
v 0.000528382487 -0.00119057111 0.0181552973
v 0.00071182847 -0.00118199782 0.0181569327
v 0.000697925687 -0.00123014173 0.0181766022
v 0.00051713729 -0.00122389896 0.0181552302
v 0.000494130596 -0.00129152066 0.0182617884
v 0.000498709793 -0.00127872452 0.0181937031
v 0.000700932927 -0.00126490998 0.0182344392
v 0.000528304721 -0.00118877587 0.0179691818
v 0.000516327913 -0.00122544728 0.0179115385
v 0.000711467233 -0.00117840711 0.0179500114
v -0.000712392444 -0.00118232355 0.0181561746
v -0.000517193344 -0.00122428464 0.0181543101
v -0.00052835414 -0.00119034841 0.0181543231
v -0.000715935079 -0.00117367739 0.0181561876
v -0.000773547217 -0.00124673243 0.0183041301
v -0.000494220934 -0.00129250495 0.0182619393
v -0.000709547137 -0.00126916298 0.0182516593
v -0.000704295642 -0.00126826763 0.0182471182
v -0.000701502024 -0.00126569788 0.0182342045
v -0.000786571531 -0.00110810192 0.0183032881
v -0.00077982567 -0.00108628417 0.0182506423
v -0.000550330384 -0.00112189632 0.0182620157
v -0.00078863505 -0.00110885082 0.018305108
v -0.000743109558 -0.00112279679 0.0181775168
v -0.00052835414 -0.00119034841 0.0181543231
v -0.000546377094 -0.00113495719 0.0181932803
v -0.000750449777 -0.00111070694 0.0181855503
v -0.000477816997 -0.00133737037 0.0180251934
v -0.00064849254 -0.00131549966 0.0180122927
v -0.000647187815 -0.00131911214 0.0179941729
v -0.000648887595 -0.00131479383 0.0180158261
v -0.000641938357 -0.00133308105 0.0180598777
v -0.000636859389 -0.00134570326 0.0180786196
v -0.000465384452 -0.00137429114 0.018083442
v -0.000618583465 -0.0013883689 0.0180962477
v -0.000602622633 -0.00142475823 0.0180958752
v -0.000433601032 -0.0014709332 0.0180833992
v -0.000584286987 -0.00146565319 0.0180789977
v -0.00057702139 -0.00148095808 0.0180560332
v -0.000421707577 -0.001507979 0.018025117
v -0.000568954216 -0.00149720337 0.0180169921
v -0.000426296581 -0.00149506645 0.0179563947
v -0.000570704986 -0.00149167888 0.0179892983
v -0.000576421851 -0.00147664547 0.0179532561
v -0.00057698309 -0.00147551904 0.0179505609
v -0.000444679812 -0.00143975881 0.0179174878
v -0.000587510236 -0.00145294599 0.0179355163
v -0.000606163172 -0.00141253299 0.0179190598
v -0.000455840694 -0.0014058227 0.0179175027
v -0.00061200792 -0.00139965885 0.0179190803
v -0.000631130941 -0.00135680847 0.017937012
v -0.000473863794 -0.00135043112 0.0179564599
v -0.000639702019 -0.0013374039 0.0179499295
v -0.000647187815 -0.00131911214 0.0179941729
v -0.000449316314 -0.00179354113 0.0180638935
v -0.000329612289 -0.00178236538 0.0180384926
v -0.000446892693 -0.00178120926 0.0180340689
v -0.000347995461 -0.00172705785 0.0179995857
v -0.000447938161 -0.00177394238 0.0180292204
v -0.000457981369 -0.00175015547 0.0180133637
v -0.000471202715 -0.00171929935 0.0180007834
v -0.000359156344 -0.00169312174 0.0179996006
v -0.000479206239 -0.00170104334 0.0180008132
v -0.000493980886 -0.00166810106 0.0180145986
v -0.000377179444 -0.00163773028 0.0180385578
v -0.000506864453 -0.00163975381 0.0180334672
v -0.000513965439 -0.00162546546 0.0180680323
v -0.000381132646 -0.00162466941 0.0181072913
v -0.000517533103 -0.00161909009 0.0180999339
v -0.000517177745 -0.00162002514 0.0181021858
v -0.000519590976 -0.00162782997 0.018121019
v -0.000531089376 -0.00163385621 0.0181356203
v -0.000530282559 -0.0016317101 0.0181304403
v -0.000368700013 -0.00166158995 0.01816554
v -0.000531830708 -0.0016511936 0.0181615632
v -0.000519441499 -0.00168652483 0.0181761626
v -0.000495075714 -0.00173477107 0.0181755982
v -0.000336916739 -0.00175823225 0.0181654971
v -0.000481920782 -0.00175499823 0.0181672685
v -0.000479110982 -0.00176787178 0.0181619432
v -0.00047157018 -0.00178777962 0.0181320813
v -0.000325023197 -0.00179527828 0.0181072168
v -0.000468295475 -0.00179417292 0.01811672
v -0.000459293515 -0.00180087448 0.0181007683
v -0.000455034286 -0.00179882639 0.0180904567
v -0.000449612999 -0.00179396325 0.0180660132
v -0.000449316314 -0.00179354113 0.0180638935
v -0.000775361783 -0.00108866417 0.0182389207
v -0.000546377094 -0.00113495719 0.0181932803
v -0.000550330384 -0.00112189632 0.0182620157
v -0.00077982567 -0.00108628417 0.0182506423
v -0.000695305818 -0.00124584313 0.0181860998
v -0.000498809852 -0.00127959216 0.0181932151
v -0.000517193344 -0.00122428464 0.0181543101
v -0.000698501826 -0.00123067189 0.0181759801
v -0.00078863505 -0.00110885082 0.018305108
v -0.000550330384 -0.00112189632 0.0182620157
v -0.000537897693 -0.00115881674 0.0183202624
v -0.00079866848 -0.00111472036 0.0183141399
v -0.000773547217 -0.00124673243 0.0183041301
v -0.000786064717 -0.00124005496 0.0183141958
v -0.000506114215 -0.00125545915 0.0183202196
v -0.000494220934 -0.00129250495 0.0182619393
v -0.000819167937 -0.00118355406 0.018337477
v -0.000820463581 -0.00117115141 0.0183375124
v -0.000537897693 -0.00115881674 0.0183202624
v -0.000506114215 -0.00125545915 0.0183202196
v -0.000382101076 -0.00189509429 0.0177393183
v -0.000375198259 -0.00192951283 0.0177622791
v -0.000374312134 -0.00193104486 0.0177632999
v -0.000300660555 -0.0018677148 0.0177280307
v -0.00038905564 -0.00186992006 0.0177290011
v -0.00028227744 -0.00192302209 0.0177669376
v -0.00031182135 -0.00183377846 0.0177280456
v -0.000397614058 -0.0018483781 0.0177290346
v -0.000411642599 -0.00182140863 0.0177403372
v -0.000372580544 -0.0019331543 0.0177683234
v -0.00032984445 -0.00177838688 0.0177670028
v -0.00043160122 -0.00178771908 0.017762728
v -0.000445113023 -0.00177553843 0.0177922193
v -0.000369385962 -0.00193956506 0.0177836642
v -0.000368799549 -0.00194110721 0.0177873615
v -0.000366063294 -0.00194974104 0.0178306401
v -0.000277688174 -0.001935935 0.0178356599
v -0.000371046917 -0.00193970546 0.0178547595
v -0.000333797623 -0.00176532636 0.0178357363
v -0.000289581716 -0.00189888885 0.0178939421
v -0.000382564991 -0.00191544229 0.0178911667
v -0.000394134782 -0.00188963779 0.0179018155
v -0.000445494836 -0.0017753318 0.0177932382
v -0.000321365078 -0.00180224678 0.0178939849
v -0.000420310942 -0.00182995817 0.0179024246
v -0.000432357192 -0.00180183596 0.0178908072
v -0.000444825331 -0.00177241571 0.017807968
v -0.000441003067 -0.00178034953 0.017858902
v -0.00044637348 -0.0017681293 0.0178294685
v -0.000443318189 -0.00177425705 0.0178442243
v -0.000277212646 -0.00217834418 0.0178360622
v -0.000306588539 -0.00215920969 0.0178442411
v -0.000306162372 -0.0021604111 0.0178437382
v -0.000206072888 -0.0021480117 0.0178354047
v -0.000237299639 -0.0022125598 0.0178388376
v -0.000194912136 -0.00218194793 0.0178353898
v -0.000176528833 -0.00223725522 0.0178742968
v -0.000224096104 -0.00209262036 0.0178743601
v -0.000322942564 -0.00211862987 0.0178712644
v -0.000329447648 -0.00210988545 0.017892424
v -0.00017193977 -0.00225016824 0.017943019
v -0.00022804919 -0.00207955926 0.0179430954
v -0.000340928353 -0.00210061413 0.0179384425
v -0.000342724728 -0.00210981024 0.0179606266
v -0.000257595384 -0.00228182459 0.0179396607
v -0.000293040794 -0.00227398495 0.0179576427
v -0.00021561663 -0.00211648014 0.0180013441
v -0.000183833239 -0.00221312209 0.0180013012
v -0.000342787564 -0.00211347616 0.0179661084
v -0.000302277738 -0.00227121497 0.0179618374
v -0.000318556762 -0.0022464369 0.01799904
v -0.000326112757 -0.00222554011 0.0180076715
v -0.000346227229 -0.00213532033 0.0179988574
v -0.000343165011 -0.00215763645 0.0180080868
v -0.000376212411 -0.00189816242 0.0174756069
v -0.00037584189 -0.00189910375 0.0174749792
v -0.000335814373 -0.00193669007 0.0174501203
v -0.000294514379 -0.0018833708 0.01747928
v -0.000380353129 -0.00188787386 0.0175004918
v -0.000276491308 -0.00193876214 0.0174403228
v -0.00031473441 -0.00195805705 0.0174410846
v -0.000293344376 -0.00198326679 0.0174410157
v -0.000298467581 -0.00187031017 0.0175480153
v -0.000265330425 -0.00197269837 0.0174403097
v -0.000280510576 -0.00200121873 0.0174482632
v -0.000253496051 -0.00204419065 0.0174768865
v -0.000246947224 -0.0020280059 0.0174792148
v -0.000253135076 -0.00205066707 0.0174924899
v -0.000383851817 -0.00187945284 0.0175427031
v -0.000379930541 -0.00188982056 0.0175676774
v -0.000370676833 -0.00191399048 0.0176035799
v -0.000242358146 -0.00204091868 0.017547939
v -0.00026145624 -0.00206102501 0.0175445192
v -0.000273044367 -0.00205390411 0.0175614133
v -0.00028603492 -0.00190723059 0.0176062621
v -0.000254251616 -0.00200387277 0.0176062193
v -0.00031104419 -0.00202559121 0.0176040195
v -0.000331871765 -0.00200439105 0.0176127162
v -0.000361443439 -0.00193777331 0.0176134072
v -0.000338441838 -0.00199669739 0.0176128671
v -0.000773703912 -0.00101898413 0.0178885758
v -0.000749304076 -0.0010409801 0.017835319
v -0.0005686144 -0.00106887834 0.0178430378
v -0.000742102158 -0.00105313666 0.0178272408
v -0.000550591154 -0.00112426979 0.0178040806
v -0.000715668837 -0.00110395392 0.0178059451
v -0.000712230685 -0.00111260789 0.0178059321
v -0.000539430417 -0.00115820591 0.0178040676
v -0.000698870688 -0.00116096879 0.0178257506
v -0.000695833471 -0.0011761128 0.0178358536
v -0.000521047157 -0.00121351355 0.0178429727
v -0.000702115067 -0.00119598431 0.0178839993
v -0.000516458007 -0.00122642622 0.0179116968
v -0.000705877144 -0.00119946117 0.0179014727
v -0.000712020614 -0.00117916544 0.017950356
v -0.000709597312 -0.00119607674 0.017909551
v -0.000773703912 -0.00101898413 0.0178885758
v -0.0005686144 -0.00106887834 0.0178430378
v -0.000572567456 -0.00105581747 0.0179117732
v -0.000778145099 -0.00101657899 0.0179004241
v -0.000712020614 -0.00117916544 0.017950356
v -0.000712875684 -0.0011760263 0.0179550648
v -0.000528351637 -0.0011893803 0.0179699771
v -0.000715562317 -0.00116972334 0.0179645196
v -0.000738197705 -0.00111901481 0.0179854464
v -0.000560134882 -0.00109273824 0.01797002
v -0.000747831655 -0.00109778636 0.0179856718
v -0.00075574551 -0.00108064455 0.01797859
v -0.000774798158 -0.00104553648 0.0179640893
v -0.000572567456 -0.00105581747 0.0179117732
v -0.000779374503 -0.00103893399 0.0179543328
v -0.000778145099 -0.00101657899 0.0179004241
v -0.000783557713 -0.00103385956 0.017942125
v 0.000712392444 -0.00118232355 0.0181561746
v 0.000715935079 -0.00117367739 0.0181561876
v 0.00052835414 -0.00119034841 0.0181543231
v 0.000517193344 -0.00122428464 0.0181543101
v 0.000773547217 -0.00124673243 0.0183041301
v 0.000709547137 -0.00126916298 0.0182516593
v 0.000494220934 -0.00129250495 0.0182619393
v 0.000704295642 -0.00126826763 0.0182471182
v 0.000701502024 -0.00126569788 0.0182342045
v 0.000786571531 -0.00110810192 0.0183032881
v 0.00078863505 -0.00110885082 0.018305108
v 0.000550330384 -0.00112189632 0.0182620157
v 0.00077982567 -0.00108628417 0.0182506423
v 0.000743109558 -0.00112279679 0.0181775168
v 0.000750449777 -0.00111070694 0.0181855503
v 0.000546377094 -0.00113495719 0.0181932803
v 0.00052835414 -0.00119034841 0.0181543231
v 0.000647187815 -0.00131911214 0.0179941729
v 0.00064849254 -0.00131549966 0.0180122927
v 0.000477816997 -0.00133737037 0.0180251934
v 0.000648887595 -0.00131479383 0.0180158261
v 0.000641938357 -0.00133308105 0.0180598777
v 0.000636859389 -0.00134570326 0.0180786196
v 0.000465384452 -0.00137429114 0.018083442
v 0.000618583465 -0.0013883689 0.0180962477
v 0.000602622633 -0.00142475823 0.0180958752
v 0.000433601032 -0.0014709332 0.0180833992
v 0.000584286987 -0.00146565319 0.0180789977
v 0.00057702139 -0.00148095808 0.0180560332
v 0.000421707577 -0.001507979 0.018025117
v 0.000568954216 -0.00149720337 0.0180169921
v 0.000426296581 -0.00149506645 0.0179563947
v 0.000570704986 -0.00149167888 0.0179892983
v 0.000576421851 -0.00147664547 0.0179532561
v 0.00057698309 -0.00147551904 0.0179505609
v 0.000444679812 -0.00143975881 0.0179174878
v 0.000587510236 -0.00145294599 0.0179355163
v 0.000606163172 -0.00141253299 0.0179190598
v 0.000455840694 -0.0014058227 0.0179175027
v 0.00061200792 -0.00139965885 0.0179190803
v 0.000631130941 -0.00135680847 0.017937012
v 0.000473863794 -0.00135043112 0.0179564599
v 0.000639702019 -0.0013374039 0.0179499295
v 0.000647187815 -0.00131911214 0.0179941729
v 0.000449316314 -0.00179354113 0.0180638935
v 0.000446892693 -0.00178120926 0.0180340689
v 0.000329612289 -0.00178236538 0.0180384926
v 0.000347995461 -0.00172705785 0.0179995857
v 0.000447938161 -0.00177394238 0.0180292204
v 0.000457981369 -0.00175015547 0.0180133637
v 0.000471202715 -0.00171929935 0.0180007834
v 0.000359156344 -0.00169312174 0.0179996006
v 0.000479206239 -0.00170104334 0.0180008132
v 0.000493980886 -0.00166810106 0.0180145986
v 0.000377179444 -0.00163773028 0.0180385578
v 0.000506864453 -0.00163975381 0.0180334672
v 0.000513965439 -0.00162546546 0.0180680323
v 0.000381132646 -0.00162466941 0.0181072913
v 0.000517533103 -0.00161909009 0.0180999339
v 0.000517177745 -0.00162002514 0.0181021858
v 0.000519590976 -0.00162782997 0.018121019
v 0.000531089376 -0.00163385621 0.0181356203
v 0.000530282559 -0.0016317101 0.0181304403
v 0.000368700013 -0.00166158995 0.01816554
v 0.000531830708 -0.0016511936 0.0181615632
v 0.000519441499 -0.00168652483 0.0181761626
v 0.000495075714 -0.00173477107 0.0181755982
v 0.000336916739 -0.00175823225 0.0181654971
v 0.000481920782 -0.00175499823 0.0181672685
v 0.000479110982 -0.00176787178 0.0181619432
v 0.00047157018 -0.00178777962 0.0181320813
v 0.000325023197 -0.00179527828 0.0181072168
v 0.000468295475 -0.00179417292 0.01811672
v 0.000459293515 -0.00180087448 0.0181007683
v 0.000455034286 -0.00179882639 0.0180904567
v 0.000449612999 -0.00179396325 0.0180660132
v 0.000449316314 -0.00179354113 0.0180638935
v 0.000775361783 -0.00108866417 0.0182389207
v 0.00077982567 -0.00108628417 0.0182506423
v 0.000550330384 -0.00112189632 0.0182620157
v 0.000546377094 -0.00113495719 0.0181932803
v 0.000695305818 -0.00124584313 0.0181860998
v 0.000698501826 -0.00123067189 0.0181759801
v 0.000517193344 -0.00122428464 0.0181543101
v 0.000498809852 -0.00127959216 0.0181932151
v 0.00078863505 -0.00110885082 0.018305108
v 0.00079866848 -0.00111472036 0.0183141399
v 0.000537897693 -0.00115881674 0.0183202624
v 0.000550330384 -0.00112189632 0.0182620157
v 0.000773547217 -0.00124673243 0.0183041301
v 0.000494220934 -0.00129250495 0.0182619393
v 0.000506114215 -0.00125545915 0.0183202196
v 0.000786064717 -0.00124005496 0.0183141958
v 0.000819167937 -0.00118355406 0.018337477
v 0.000506114215 -0.00125545915 0.0183202196
v 0.000537897693 -0.00115881674 0.0183202624
v 0.000820463581 -0.00117115141 0.0183375124
v 0.000441003067 -0.00178034953 0.017858902
v 0.00044637348 -0.0017681293 0.0178294685
v 0.000443318189 -0.00177425705 0.0178442243
v 0.000333797623 -0.00176532636 0.0178357363
v 0.000444825331 -0.00177241571 0.017807968
v 0.000445494836 -0.0017753318 0.0177932382
v 0.000432357192 -0.00180183596 0.0178908072
v 0.000445113023 -0.00177553843 0.0177922193
v 0.000321365078 -0.00180224678 0.0178939849
v 0.000420310942 -0.00182995817 0.0179024246
v 0.000394134782 -0.00188963779 0.0179018155
v 0.00032984445 -0.00177838688 0.0177670028
v 0.00043160122 -0.00178771908 0.017762728
v 0.000411642599 -0.00182140863 0.0177403372
v 0.000289581716 -0.00189888885 0.0178939421
v 0.000382564991 -0.00191544229 0.0178911667
v 0.000371046917 -0.00193970546 0.0178547595
v 0.000277688174 -0.001935935 0.0178356599
v 0.000366063294 -0.00194974104 0.0178306401
v 0.00031182135 -0.00183377846 0.0177280456
v 0.000397614058 -0.0018483781 0.0177290346
v 0.00038905564 -0.00186992006 0.0177290011
v 0.00028227744 -0.00192302209 0.0177669376
v 0.000300660555 -0.0018677148 0.0177280307
v 0.000368799549 -0.00194110721 0.0177873615
v 0.000382101076 -0.00189509429 0.0177393183
v 0.000375198259 -0.00192951283 0.0177622791
v 0.000374312134 -0.00193104486 0.0177632999
v 0.000369385962 -0.00193956506 0.0177836642
v 0.000372580544 -0.0019331543 0.0177683234
v 0.000277212646 -0.00217834418 0.0178360622
v 0.000306162372 -0.0021604111 0.0178437382
v 0.000306588539 -0.00215920969 0.0178442411
v 0.000206072888 -0.0021480117 0.0178354047
v 0.000237299639 -0.0022125598 0.0178388376
v 0.000194912136 -0.00218194793 0.0178353898
v 0.000176528833 -0.00223725522 0.0178742968
v 0.000224096104 -0.00209262036 0.0178743601
v 0.000322942564 -0.00211862987 0.0178712644
v 0.000329447648 -0.00210988545 0.017892424
v 0.00017193977 -0.00225016824 0.017943019
v 0.00022804919 -0.00207955926 0.0179430954
v 0.000340928353 -0.00210061413 0.0179384425
v 0.000342724728 -0.00210981024 0.0179606266
v 0.000257595384 -0.00228182459 0.0179396607
v 0.000293040794 -0.00227398495 0.0179576427
v 0.00021561663 -0.00211648014 0.0180013441
v 0.000183833239 -0.00221312209 0.0180013012
v 0.000342787564 -0.00211347616 0.0179661084
v 0.000302277738 -0.00227121497 0.0179618374
v 0.000318556762 -0.0022464369 0.01799904
v 0.000326112757 -0.00222554011 0.0180076715
v 0.000346227229 -0.00213532033 0.0179988574
v 0.000343165011 -0.00215763645 0.0180080868
v 0.000773703912 -0.00101898413 0.0178885758
v 0.0005686144 -0.00106887834 0.0178430378
v 0.000749304076 -0.0010409801 0.017835319
v 0.000742102158 -0.00105313666 0.0178272408
v 0.000550591154 -0.00112426979 0.0178040806
v 0.000715668837 -0.00110395392 0.0178059451
v 0.000712230685 -0.00111260789 0.0178059321
v 0.000539430417 -0.00115820591 0.0178040676
v 0.000698870688 -0.00116096879 0.0178257506
v 0.000695833471 -0.0011761128 0.0178358536
v 0.000521047157 -0.00121351355 0.0178429727
v 0.000702115067 -0.00119598431 0.0178839993
v 0.000516458007 -0.00122642622 0.0179116968
v 0.000705877144 -0.00119946117 0.0179014727
v 0.000712020614 -0.00117916544 0.017950356
v 0.000709597312 -0.00119607674 0.017909551
v 0.000773703912 -0.00101898413 0.0178885758
v 0.000778145099 -0.00101657899 0.0179004241
v 0.000572567456 -0.00105581747 0.0179117732
v 0.0005686144 -0.00106887834 0.0178430378
v 0.000528351637 -0.0011893803 0.0179699771
v 0.000712875684 -0.0011760263 0.0179550648
v 0.000712020614 -0.00117916544 0.017950356
v 0.000715562317 -0.00116972334 0.0179645196
v 0.000738197705 -0.00111901481 0.0179854464
v 0.000560134882 -0.00109273824 0.01797002
v 0.000747831655 -0.00109778636 0.0179856718
v 0.00075574551 -0.00108064455 0.01797859
v 0.000774798158 -0.00104553648 0.0179640893
v 0.000572567456 -0.00105581747 0.0179117732
v 0.000779374503 -0.00103893399 0.0179543328
v 0.000778145099 -0.00101657899 0.0179004241
v 0.000783557713 -0.00103385956 0.017942125
v -0.00071182847 -0.00118199782 0.0181569327
v -0.000715344504 -0.00117362069 0.0181569923
v -0.000528382487 -0.00119057111 0.0181552973
v -0.00051713729 -0.00122389896 0.0181552302
v -0.000772964268 -0.00124594884 0.0183043443
v -0.000709039625 -0.00126838952 0.0182520393
v -0.000494130596 -0.00129152066 0.0182617884
v -0.000703703612 -0.00126760709 0.0182475802
v -0.000700932927 -0.00126490998 0.0182344392
v -0.000785786193 -0.00110871531 0.018303372
v -0.000788116129 -0.00110966736 0.0183053613
v -0.000550486264 -0.00112286163 0.0182618052
v -0.000779072871 -0.00108694145 0.0182506051
v -0.00074248109 -0.00112293893 0.0181782804
v -0.000749792729 -0.00111117959 0.0181861389
v -0.000546510739 -0.00113577046 0.0181938466
v -0.000528382487 -0.00119057111 0.0181552973
v -0.000646404922 -0.0013196856 0.017994415
v -0.00064770173 -0.00131607347 0.0180125069
v -0.00047795623 -0.00133834116 0.0180249978
v -0.000648137298 -0.00131545379 0.0180158652
v -0.00064115267 -0.00133360736 0.0180595517
v -0.000636125624 -0.0013460709 0.0180780496
v -0.000465491728 -0.00137470604 0.0180825386
v -0.000617910584 -0.00138827797 0.0180955138
v -0.000602003187 -0.00142440095 0.0180951767
v -0.000433599169 -0.0014703495 0.018082587
v -0.00058372342 -0.00146499428 0.0180785004
v -0.000576449442 -0.00148017041 0.0180558041
v -0.000421646255 -0.00150699494 0.0180249512
v -0.000568440533 -0.00149634539 0.0180169921
v -0.000426231825 -0.00149419776 0.0179568864
v -0.0005701505 -0.00149088108 0.017989533
v -0.000575826853 -0.00147587887 0.0179534983
v -0.000576449558 -0.00147479796 0.0179510023
v -0.000444641861 -0.00143938418 0.0179184154
v -0.000586911454 -0.00145237672 0.0179360807
v -0.000605553039 -0.00141216943 0.0179197639
v -0.000455860194 -0.00140604912 0.0179184768
v -0.000611354189 -0.00139956223 0.0179198328
v -0.000630432449 -0.00135692384 0.017937718
v -0.000473970722 -0.00135124207 0.0179570355
v -0.000638977566 -0.00133783487 0.0179504678
v -0.000646404922 -0.0013196856 0.017994415
v -0.000448766368 -0.00179275568 0.0180641767
v -0.0004463855 -0.00178053742 0.0180346072
v -0.000329648668 -0.00178150949 0.0180390086
v -0.000347999216 -0.0017267142 0.0180005245
v -0.000447347818 -0.00177339057 0.018029809
v -0.000457431597 -0.00174962101 0.0180140063
v -0.000470636471 -0.00171896571 0.0180015378
v -0.000359154335 -0.00169335853 0.0180005729
v -0.000478593895 -0.00170095603 0.0180015992
v -0.000493321451 -0.00166820863 0.0180153418
v -0.000377210701 -0.00163854414 0.0180391371
v -0.000506171782 -0.00164014811 0.0180340707
v -0.000513196341 -0.00162600027 0.0180683825
v -0.000381180609 -0.00162564754 0.0181070883
v -0.000516754983 -0.00161971757 0.0180999618
v -0.000516343862 -0.00162052177 0.0181019455
v -0.000518775953 -0.0016284032 0.0181211047
v -0.000530244259 -0.001634371 0.018135475
v -0.000529489073 -0.00163221033 0.0181307867
v -0.000368759589 -0.00166201638 0.0181646384
v -0.000530998979 -0.00165151653 0.0181611106
v -0.000518688466 -0.00168636616 0.0181755237
v -0.0004944104 -0.00173433044 0.0181749947
v -0.000336973811 -0.00175768533 0.0181646626
v -0.00048119828 -0.00175448344 0.0181668084
v -0.000478478294 -0.00176729332 0.0181614291
v -0.000470935134 -0.00178705051 0.0181318261
v -0.000325073372 -0.00179429632 0.0181070343
v -0.000467639358 -0.00179341971 0.0181166735
v -0.000458802795 -0.00180001836 0.0181009304
v -0.000454472582 -0.00179805676 0.0180907603
v -0.000449031679 -0.00179317722 0.0180662237
v -0.000448766368 -0.00179275568 0.0180641767
v -0.000774629298 -0.00108925218 0.0182392634
v -0.000779072871 -0.00108694145 0.0182506051
v -0.000550486264 -0.00112286163 0.0182618052
v -0.000546510739 -0.00113577046 0.0181938466
v -0.00069478486 -0.00124514569 0.0181865934
v -0.000697925687 -0.00123014173 0.0181766022
v -0.00051713729 -0.00122389896 0.0181552302
v -0.000498709793 -0.00127872452 0.0181937031
v -0.000788116129 -0.00110966736 0.0183053613
v -0.000797929533 -0.00111538381 0.0183140226
v -0.000537995482 -0.00115921511 0.0183193516
v -0.000550486264 -0.00112286163 0.0182618052
v -0.000772964268 -0.00124594884 0.0183043443
v -0.000494130596 -0.00129152066 0.0182617884
v -0.000506095064 -0.00125486846 0.0183194131
v -0.000785336713 -0.00123938511 0.0183140505
v -0.000818281667 -0.00118329085 0.0183370952
v -0.000506095064 -0.00125486846 0.0183194131
v -0.000537995482 -0.00115921511 0.0183193516
v -0.000819559151 -0.00117132487 0.0183371231
v -0.000373841176 -0.00193026953 0.0177637208
v -0.000374662457 -0.00192893611 0.0177628957
v -0.000381608639 -0.00189458823 0.0177400261
v -0.000300693791 -0.00186739559 0.0177289788
v -0.000388543704 -0.00186961214 0.0177298039
v -0.000282401685 -0.00192218868 0.0177674759
v -0.000311798794 -0.00183402235 0.0177290142
v -0.000397049153 -0.00184830721 0.0177298561
v -0.000411024375 -0.00182152295 0.0177411139
v -0.000372058916 -0.00193232368 0.017768519
v -0.000329818024 -0.00177919888 0.0177675858
v -0.000430946529 -0.00178810896 0.0177633762
v -0.000444371806 -0.00177605741 0.0177926458
v -0.000368873472 -0.00193875318 0.0177839436
v -0.000368339941 -0.00194025971 0.017787626
v -0.000365654443 -0.00194882846 0.0178306382
v -0.000277846324 -0.00193496584 0.0178354718
v -0.000370557449 -0.00193887379 0.0178544968
v -0.000333782606 -0.00176630565 0.0178355351
v -0.000289700285 -0.00189837941 0.017893089
v -0.000382059632 -0.00191475428 0.0178906452
v -0.000393525173 -0.00188926735 0.0179011133
v -0.000444624369 -0.00177574658 0.0177935027
v -0.000321402331 -0.0018026887 0.017893089
v -0.000419630203 -0.00182984164 0.0179017019
v -0.000431592256 -0.0018021476 0.0178902429
v -0.000443966303 -0.00177291897 0.017808063
v -0.00044017809 -0.00178081577 0.0178585816
v -0.000445570447 -0.00176871812 0.0178293791
v -0.000442473742 -0.00177470909 0.0178439375
v -0.000277669431 -0.00217912649 0.0178364851
v -0.000305896596 -0.00216099783 0.0178445037
v -0.000305906928 -0.00215932494 0.017844962
v -0.000206001161 -0.00214825175 0.0178363733
v -0.00023806667 -0.00221300288 0.0178393014
v -0.000195035202 -0.00218173 0.0178363584
v -0.00017698016 -0.00223656208 0.0178748574
v -0.000223929354 -0.0020934171 0.0178749412
v -0.000322228618 -0.00211901637 0.0178718492
v -0.000328653259 -0.00211038697 0.0178927667
v -0.000172321612 -0.00224931142 0.0179426726
v -0.000227877405 -0.00208052667 0.0179429092
v -0.000340129103 -0.00210121367 0.0179384835
v -0.000341887615 -0.00211030245 0.0179603882
v -0.000257148466 -0.002280941 0.0179395191
v -0.000292517565 -0.00227314234 0.017957516
v -0.000215570282 -0.00211693184 0.0180004537
v -0.000183974465 -0.0022126548 0.0180004276
v -0.000341937935 -0.00211390317 0.0179657992
v -0.000301647 -0.00227045571 0.0179616772
v -0.000318008242 -0.00224580243 0.0179984942
v -0.00032546572 -0.00222521997 0.0180069786
v -0.000345453882 -0.00213562488 0.0179983024
v -0.000342455867 -0.00215757685 0.0180073846
v -0.000335228251 -0.00193659274 0.017450925
v -0.000375116651 -0.0018990573 0.0174756665
v -0.000375443167 -0.0018985261 0.0174761321
v -0.00029441205 -0.00188417174 0.0174798705
v -0.00037952073 -0.00188837654 0.0175007265
v -0.000276424107 -0.00193900999 0.0174412895
v -0.000314222183 -0.00195777765 0.0174418967
v -0.000292935292 -0.00198281487 0.0174418073
v -0.000298371684 -0.0018712848 0.0175478142
v -0.000265471375 -0.00197252794 0.0174412839
v -0.000280284323 -0.00200059311 0.0174490083
v -0.000253626116 -0.00204338273 0.0174774602
v -0.000247656368 -0.0020275875 0.0174797829
v -0.000253273232 -0.00204971945 0.0174927767
v -0.000383040751 -0.00188003317 0.0175426304
v -0.000379119621 -0.00189025141 0.0175672825
v -0.000369940331 -0.0019142729 0.0176029634
v -0.000243024522 -0.00204025838 0.0175475925
v -0.000261531677 -0.00206003129 0.0175444353
v -0.000272820093 -0.00205297233 0.0175611284
v -0.000286034949 -0.00190768705 0.0176053736
v -0.000254485261 -0.00200347952 0.0176053308
v -0.000310687756 -0.00202479935 0.017603524
v -0.000331351679 -0.00200383738 0.0176120661
v -0.000360799546 -0.00193766877 0.0176126491
v -0.000337778532 -0.00199634815 0.0176122058
v -0.000773040461 -0.00101958122 0.0178890266
v -0.000568779185 -0.00106968905 0.0178435985
v -0.00074871775 -0.00104145717 0.0178359747
v -0.00074153929 -0.00105329894 0.017828051
v -0.000550626079 -0.00112448714 0.0178050566
v -0.00071512803 -0.00110392505 0.0178067852
v -0.000711699133 -0.00111231836 0.0178067274
v -0.000539356959 -0.00115781126 0.0178049821
v -0.00069831335 -0.00116047589 0.0178264175
v -0.000695315946 -0.00117545202 0.0178363957
v -0.000520916656 -0.00121264474 0.0178434514
v -0.000701540674 -0.00119522389 0.017884301
v -0.000516327913 -0.00122544728 0.0179115385
v -0.000705320912 -0.00119863125 0.0179015175
v -0.000711467233 -0.00117840711 0.0179500114
v -0.000708978216 -0.00119531958 0.0179093424
v -0.000773040461 -0.00101958122 0.0178890266
v -0.000777432171 -0.00101727166 0.017900534
v -0.000572759658 -0.00105677894 0.0179115757
v -0.000568779185 -0.00106968905 0.0178435985
v -0.000528304721 -0.00118877587 0.0179691818
v -0.000712278299 -0.00117529288 0.0179547407
v -0.000711467233 -0.00117840711 0.0179500114
v -0.000715012662 -0.00116909109 0.0179639738
v -0.000737625291 -0.00111867278 0.0179847013
v -0.000560263521 -0.00109314499 0.0179691147
v -0.000747219776 -0.0010976987 0.0179848857
v -0.000755074143 -0.00108063291 0.0179778468
v -0.000774177141 -0.00104586466 0.0179633778
v -0.000572759658 -0.00105677894 0.0179115757
v -0.000778678921 -0.00103939639 0.0179537833
v -0.000777432171 -0.00101727166 0.017900534
v -0.000782689429 -0.00103425235 0.0179418214
v 0.00071182847 -0.00118199782 0.0181569327
v 0.00051713729 -0.00122389896 0.0181552302
v 0.000528382487 -0.00119057111 0.0181552973
v 0.000715344504 -0.00117362069 0.0181569923
v 0.000772964268 -0.00124594884 0.0183043443
v 0.000494130596 -0.00129152066 0.0182617884
v 0.000709039683 -0.00126838952 0.0182520393
v 0.000703703612 -0.00126760709 0.0182475802
v 0.000700932927 -0.00126490998 0.0182344392
v 0.000785786193 -0.00110871531 0.018303372
v 0.000779072871 -0.00108694145 0.0182506051
v 0.000550486264 -0.00112286163 0.0182618052
v 0.000788116129 -0.00110966736 0.0183053613
v 0.00074248109 -0.00112293893 0.0181782804
v 0.000528382487 -0.00119057111 0.0181552973
v 0.000546510739 -0.00113577046 0.0181938466
v 0.000749792729 -0.00111117959 0.0181861389
v 0.00047795623 -0.00133834116 0.0180249978
v 0.00064770173 -0.00131607347 0.0180125069
v 0.000646404922 -0.0013196856 0.017994415
v 0.000648137298 -0.00131545379 0.0180158652
v 0.00064115267 -0.00133360736 0.0180595517
v 0.000636125624 -0.0013460709 0.0180780496
v 0.000465491728 -0.00137470604 0.0180825386
v 0.000617910584 -0.00138827797 0.0180955138
v 0.000602003187 -0.00142440095 0.0180951767
v 0.000433599169 -0.0014703495 0.018082587
v 0.00058372342 -0.00146499428 0.0180785004
v 0.000576449442 -0.00148017041 0.0180558041
v 0.000421646255 -0.00150699494 0.0180249512
v 0.000568440533 -0.00149634539 0.0180169921
v 0.000426231825 -0.00149419776 0.0179568864
v 0.0005701505 -0.00149088108 0.017989533
v 0.000575826853 -0.00147587887 0.0179534983
v 0.000576449558 -0.00147479796 0.0179510023
v 0.000444641861 -0.00143938418 0.0179184154
v 0.000586911454 -0.00145237672 0.0179360807
v 0.000605553039 -0.00141216943 0.0179197639
v 0.000455860194 -0.00140604912 0.0179184768
v 0.000611354189 -0.001399562 0.0179198328
v 0.000630432449 -0.00135692384 0.017937718
v 0.000473970722 -0.00135124207 0.0179570355
v 0.000638977566 -0.00133783487 0.0179504678
v 0.000646404922 -0.0013196856 0.017994415
v 0.000448766368 -0.00179275568 0.0180641767
v 0.000329648668 -0.00178150949 0.0180390086
v 0.0004463855 -0.00178053742 0.0180346072
v 0.000347999216 -0.0017267142 0.0180005245
v 0.000447347818 -0.00177339057 0.018029809
v 0.000457431539 -0.00174962101 0.0180140063
v 0.000470636471 -0.00171896571 0.0180015378
v 0.000359154335 -0.00169335853 0.0180005729
v 0.000478593895 -0.00170095603 0.0180015992
v 0.000493321451 -0.00166820863 0.0180153418
v 0.000377210701 -0.00163854414 0.0180391371
v 0.000506171782 -0.00164014811 0.0180340707
v 0.000513196341 -0.00162600027 0.0180683825
v 0.000381180609 -0.00162564754 0.0181070883
v 0.000516754983 -0.00161971757 0.0180999618
v 0.000516343862 -0.00162052177 0.0181019455
v 0.000518775953 -0.0016284032 0.0181211047
v 0.000530244259 -0.001634371 0.018135475
v 0.000529489073 -0.00163221033 0.0181307867
v 0.000368759589 -0.00166201638 0.0181646384
v 0.000530998979 -0.00165151653 0.0181611106
v 0.000518688466 -0.00168636616 0.0181755237
v 0.0004944104 -0.00173433044 0.0181749947
v 0.000336973811 -0.00175768533 0.0181646626
v 0.00048119828 -0.00175448344 0.0181668084
v 0.000478478294 -0.00176729332 0.0181614291
v 0.000470935134 -0.00178705051 0.0181318261
v 0.000325073372 -0.00179429632 0.0181070343
v 0.000467639358 -0.00179341971 0.0181166735
v 0.000458802795 -0.00180001836 0.0181009304
v 0.000454472582 -0.00179805676 0.0180907603
v 0.000449031679 -0.00179317722 0.0180662237
v 0.000448766368 -0.00179275568 0.0180641767
v 0.000774629298 -0.00108925218 0.0182392634
v 0.000546510739 -0.00113577046 0.0181938466
v 0.000550486264 -0.00112286163 0.0182618052
v 0.000779072871 -0.00108694145 0.0182506051
v 0.00069478486 -0.00124514569 0.0181865934
v 0.000498709793 -0.00127872452 0.0181937031
v 0.00051713729 -0.00122389896 0.0181552302
v 0.000697925687 -0.00123014173 0.0181766022
v 0.000788116129 -0.00110966736 0.0183053613
v 0.000550486264 -0.00112286163 0.0182618052
v 0.000537995482 -0.00115921511 0.0183193516
v 0.000797929533 -0.00111538381 0.0183140226
v 0.000772964268 -0.00124594884 0.0183043443
v 0.000785336713 -0.00123938511 0.0183140505
v 0.000506095006 -0.00125486846 0.0183194131
v 0.000494130596 -0.00129152066 0.0182617884
v 0.000818281667 -0.00118329085 0.0183370952
v 0.000819559151 -0.00117132487 0.0183371231
v 0.000537995482 -0.00115921511 0.0183193516
v 0.000506095006 -0.00125486846 0.0183194131
v 0.00044017809 -0.00178081577 0.0178585816
v 0.000442473742 -0.00177470909 0.0178439375
v 0.000445570447 -0.00176871812 0.0178293791
v 0.000333782606 -0.00176630565 0.0178355351
v 0.000443966303 -0.00177291897 0.017808063
v 0.000444624369 -0.00177574658 0.0177935027
v 0.000431592256 -0.0018021476 0.0178902429
v 0.000444371806 -0.00177605741 0.0177926458
v 0.000321402331 -0.0018026887 0.017893089
v 0.000419630203 -0.00182984164 0.0179017019
v 0.000393525173 -0.00188926735 0.0179011133
v 0.000329817965 -0.00177919888 0.0177675858
v 0.000430946529 -0.00178810896 0.0177633762
v 0.000411024375 -0.00182152307 0.0177411139
v 0.000289700256 -0.00189837941 0.017893089
v 0.000382059632 -0.00191475428 0.0178906452
v 0.000370557449 -0.00193887379 0.0178544968
v 0.000277846324 -0.00193496584 0.0178354718
v 0.000365654443 -0.00194882846 0.0178306382
v 0.000311798765 -0.00183402235 0.0177290142
v 0.000397049153 -0.00184830721 0.0177298561
v 0.000388543704 -0.00186961214 0.0177298039
v 0.000282401685 -0.00192218868 0.0177674759
v 0.000300693791 -0.00186739559 0.0177289788
v 0.000368339941 -0.00194025971 0.017787626
v 0.000381608639 -0.00189458823 0.0177400261
v 0.000374662457 -0.00192893611 0.0177628957
v 0.000373841176 -0.00193026953 0.0177637208
v 0.000368873472 -0.00193875318 0.0177839436
v 0.000372058916 -0.00193232368 0.017768519
v 0.000277669431 -0.00217912649 0.0178364851
v 0.000305906928 -0.00215932494 0.017844962
v 0.000305896596 -0.00216099783 0.0178445037
v 0.000206001161 -0.00214825175 0.0178363733
v 0.00023806667 -0.00221300288 0.0178393014
v 0.000195035202 -0.00218173 0.0178363584
v 0.000176980131 -0.00223656208 0.0178748574
v 0.000223929354 -0.0020934171 0.0178749412
v 0.000322228618 -0.00211901637 0.0178718492
v 0.000328653259 -0.00211038697 0.0178927667
v 0.000172321612 -0.00224931142 0.0179426726
v 0.000227877405 -0.00208052667 0.0179429092
v 0.000340129103 -0.00210121367 0.0179384835
v 0.000341887615 -0.00211030245 0.0179603882
v 0.000257148466 -0.002280941 0.0179395191
v 0.000292517565 -0.00227314234 0.017957516
v 0.000215570282 -0.00211693184 0.0180004537
v 0.000183974451 -0.0022126548 0.0180004276
v 0.000341937935 -0.00211390317 0.0179657992
v 0.000301647 -0.00227045571 0.0179616772
v 0.000318008242 -0.00224580243 0.0179984942
v 0.00032546572 -0.00222521997 0.0180069786
v 0.000345453882 -0.00213562488 0.0179983024
v 0.000342455867 -0.00215757685 0.0180073846
v 0.000773040461 -0.00101958122 0.0178890266
v 0.00074871775 -0.00104145717 0.0178359747
v 0.000568779185 -0.00106968905 0.0178435985
v 0.00074153929 -0.00105329894 0.017828051
v 0.000550626079 -0.00112448714 0.0178050566
v 0.00071512803 -0.00110392505 0.0178067852
v 0.000711699133 -0.00111231836 0.0178067274
v 0.000539356959 -0.00115781126 0.0178049821
v 0.00069831335 -0.00116047589 0.0178264175
v 0.000695315946 -0.00117545202 0.0178363957
v 0.000520916656 -0.00121264474 0.0178434514
v 0.000701540674 -0.00119522389 0.017884301
v 0.000516327913 -0.00122544728 0.0179115385
v 0.000705320912 -0.00119863125 0.0179015175
v 0.000711467233 -0.00117840711 0.0179500114
v 0.000708978216 -0.00119531958 0.0179093424
v 0.000773040461 -0.00101958122 0.0178890266
v 0.000568779185 -0.00106968905 0.0178435985
v 0.000572759658 -0.00105677894 0.0179115757
v 0.000777432171 -0.00101727166 0.017900534
v 0.000711467233 -0.00117840711 0.0179500114
v 0.000712278299 -0.00117529288 0.0179547407
v 0.000528304721 -0.00118877587 0.0179691818
v 0.000715012662 -0.00116909109 0.0179639738
v 0.000737625291 -0.00111867278 0.0179847013
v 0.000560263521 -0.00109314499 0.0179691147
v 0.000747219776 -0.0010976987 0.0179848857
v 0.000755074143 -0.00108063291 0.0179778468
v 0.000774177141 -0.00104586466 0.0179633778
v 0.000572759658 -0.00105677894 0.0179115757
v 0.000778678921 -0.00103939639 0.0179537833
v 0.000777432171 -0.00101727166 0.017900534
v 0.000782689429 -0.00103425235 0.0179418214
v 0.000477098336 -0.00161571638 0.0176885538
v 0.00048459752 -0.00162255659 0.0177230258
v 0.000381558464 -0.00162622309 0.0177296475
v 0.000499898393 -0.00160863437 0.0177561771
v 0.000386131549 -0.00161343091 0.0176615957
v 0.000472989486 -0.0016026774 0.0176569354
v 0.000472912652 -0.00160211406 0.0176563635
v 0.000393500843 -0.00158959057 0.0177872777
v 0.000515459513 -0.00159019127 0.0177838039
v 0.000534018094 -0.00155453885 0.0177984275
v 0.000404520804 -0.00155861955 0.0176231172
v 0.000486858393 -0.00157362013 0.0176374
v 0.000500637223 -0.00154082966 0.0176240839
v 0.000425362581 -0.0014939378 0.0177872386
v 0.000415733753 -0.00152527564 0.0176231768
v 0.00050583086 -0.00152403989 0.0176241398
v 0.00051245431 -0.00148985954 0.0176384021
v 0.000551566249 -0.00151074852 0.0177988112
v 0.000561883557 -0.00147354207 0.0177834146
v 0.000561169814 -0.00145773613 0.0177597646
v 0.000433853886 -0.00147047557 0.0176617261
v 0.000437825831 -0.00145756872 0.0177296866
v 0.000556296261 -0.00144208118 0.0177220274
v 0.000545355491 -0.0014479371 0.0176930558
v 0.000512469676 -0.00148964836 0.0176385287
v 0.000528579345 -0.00146300404 0.0176564828
v 0.000253273232 -0.00204971945 0.0174927767
v 0.000261531677 -0.00206003129 0.0175444353
v 0.000243024522 -0.00204025838 0.0175475925
v 0.000272820093 -0.00205297233 0.0175611284
v 0.000247656368 -0.0020275875 0.0174797829
v 0.000253626087 -0.00204338273 0.0174774602
v 0.000254485261 -0.00200347952 0.0176053308
v 0.000310687756 -0.00202479935 0.017603524
v 0.000331351679 -0.00200383738 0.0176120661
v 0.000265471346 -0.00197252794 0.0174412839
v 0.000280284323 -0.00200059311 0.0174490083
v 0.000292935292 -0.00198281487 0.0174418073
v 0.000286034949 -0.00190768705 0.0176053736
v 0.000276424107 -0.00193900999 0.0174412895
v 0.000314222183 -0.00195777765 0.0174418967
v 0.000335228251 -0.00193659274 0.017450925
v 0.000337778591 -0.00199634815 0.0176122058
v 0.000360799546 -0.00193766877 0.0176126491
v 0.000369940331 -0.0019142729 0.0176029634
v 0.00029441205 -0.00188417174 0.0174798705
v 0.000298371684 -0.0018712848 0.0175478142
v 0.000375116651 -0.0018990573 0.0174756665
v 0.000375443167 -0.0018985261 0.0174761321
v 0.00037952073 -0.00188837654 0.0175007265
v 0.000379119621 -0.00189025141 0.0175672825
v 0.000383040751 -0.00188003317 0.0175426304
v -0.000477098336 -0.00161571638 0.0176885538
v -0.000381558464 -0.00162622309 0.0177296475
v -0.00048459752 -0.00162255659 0.0177230258
v -0.000499898393 -0.00160863437 0.0177561771
v -0.000386131578 -0.00161343091 0.0176615957
v -0.000472989486 -0.0016026774 0.0176569354
v -0.000393500814 -0.00158959057 0.0177872777
v -0.000515459513 -0.00159019127 0.0177838039
v -0.000534018094 -0.00155453885 0.0177984275
v -0.000404520804 -0.00155861955 0.0176231172
v -0.000425362581 -0.0014939378 0.0177872386
v -0.000472912652 -0.00160211406 0.0176563635
v -0.000486858393 -0.00157362013 0.0176374
v -0.000500637223 -0.00154082966 0.0176240839
v -0.000551566249 -0.00151074852 0.0177988112
v -0.000561883557 -0.00147354207 0.0177834146
v -0.000561169814 -0.00145773613 0.0177597646
v -0.000415733753 -0.00152527564 0.0176231768
v -0.00050583086 -0.00152403989 0.0176241398
v -0.00051245431 -0.00148985954 0.0176384021
v -0.000437825831 -0.00145756872 0.0177296866
v -0.000556296261 -0.00144208118 0.0177220274
v -0.000545355491 -0.0014479371 0.0176930558
v -0.000433853886 -0.00147047557 0.0176617261
v -0.000512469676 -0.00148964836 0.0176385287
v -0.000528579345 -0.00146300404 0.0176564828
v 0.000477629772 -0.00161650521 0.0176882446
v 0.000381583493 -0.00162720843 0.017729817
v 0.000485106895 -0.00162341562 0.0177229755
v 0.000500472903 -0.00160943659 0.017756341
v 0.000386172818 -0.00161429541 0.0176610947
v 0.000473472814 -0.00160335458 0.0176563822
v 0.000393477036 -0.00159016228 0.0177880991
v 0.000516056258 -0.00159086077 0.0177842472
v 0.000534688355 -0.00155490474 0.0177990738
v 0.000404555933 -0.00155898789 0.0176221877
v 0.00042526031 -0.0014935201 0.017788142
v 0.000473602064 -0.00160270999 0.0176559519
v 0.000487548183 -0.00157417532 0.0176369362
v 0.000501355156 -0.00154115551 0.0176234674
v 0.000552296231 -0.001510842 0.0177994873
v 0.000562664354 -0.00147316919 0.0177839156
v 0.000561969762 -0.00145718083 0.0177599918
v 0.000415716728 -0.00152505166 0.0176222026
v 0.000506590237 -0.00152407179 0.0176234916
v 0.000513241976 -0.00148962333 0.017637834
v 0.000437693001 -0.00145659968 0.0177298933
v 0.000557029329 -0.00144140807 0.0177219305
v 0.0005460424 -0.00144735794 0.0176926181
v 0.000433739944 -0.00146966032 0.017661158
v 0.000513266597 -0.00148942543 0.0176379662
v 0.000529186218 -0.00146255351 0.0176558271
v 0.000253135076 -0.00205066707 0.0174924899
v 0.000242358146 -0.00204091868 0.017547939
v 0.00026145624 -0.00206102501 0.0175445192
v 0.000273044367 -0.00205390411 0.0175614133
v 0.000246947224 -0.0020280059 0.0174792148
v 0.000253496051 -0.00204419065 0.0174768865
v 0.000254251616 -0.00200387277 0.0176062193
v 0.00031104419 -0.00202559121 0.0176040195
v 0.000331871765 -0.00200439105 0.0176127162
v 0.000265330425 -0.00197269837 0.0174403097
v 0.000280510576 -0.00200121873 0.0174482632
v 0.000293344376 -0.00198326679 0.0174410157
v 0.00028603492 -0.00190723059 0.0176062621
v 0.000276491308 -0.00193876214 0.0174403228
v 0.00031473441 -0.00195805705 0.0174410846
v 0.000335814373 -0.00193669007 0.0174501203
v 0.000338441838 -0.00199669739 0.0176128671
v 0.000361443439 -0.00193777331 0.0176134072
v 0.000370676833 -0.00191399048 0.0176035799
v 0.000294514379 -0.0018833708 0.01747928
v 0.000298467581 -0.00187031017 0.0175480153
v 0.00037584189 -0.00189910375 0.0174749792
v 0.000376212411 -0.00189816242 0.0174756069
v 0.000380353129 -0.00188787386 0.0175004918
v 0.000379930541 -0.00188982056 0.0175676774
v 0.000383851817 -0.00187945284 0.0175427031
v -0.000477629772 -0.00161650521 0.0176882446
v -0.000485106895 -0.00162341562 0.0177229755
v -0.000381583493 -0.00162720843 0.017729817
v -0.000500472903 -0.00160943659 0.017756341
v -0.000386172818 -0.00161429541 0.0176610947
v -0.000473472814 -0.00160335458 0.0176563822
v -0.000393477036 -0.00159016228 0.0177880991
v -0.000516056258 -0.00159086077 0.0177842472
v -0.000534688355 -0.00155490474 0.0177990738
v -0.000404555933 -0.00155898789 0.0176221877
v -0.00042526031 -0.0014935201 0.017788142
v -0.000473602064 -0.00160270999 0.0176559519
v -0.000487548183 -0.00157417532 0.0176369362
v -0.000501355156 -0.00154115551 0.0176234674
v -0.000552296231 -0.001510842 0.0177994873
v -0.000562664354 -0.00147316919 0.0177839156
v -0.000561969762 -0.00145718083 0.0177599918
v -0.000415716728 -0.00152505166 0.0176222026
v -0.000506590237 -0.00152407179 0.0176234916
v -0.000513241976 -0.00148962333 0.017637834
v -0.000437693001 -0.00145659968 0.0177298933
v -0.000557029329 -0.00144140807 0.0177219305
v -0.0005460424 -0.00144735794 0.0176926181
v -0.000433739944 -0.00146966032 0.017661158
v -0.000513266597 -0.00148942543 0.0176379662
v -0.000529186218 -0.00146255351 0.0176558271
v 0.000404555933 -0.00155898789 0.0176221877
v 0.000404520804 -0.00155861955 0.0176231172
v 0.000386131549 -0.00161343091 0.0176615957
v 0.000386172818 -0.00161429541 0.0176610947
v 0.000415716728 -0.00152505166 0.0176222026
v 0.000381558464 -0.00162622309 0.0177296475
v 0.000415733753 -0.00152527564 0.0176231768
v 0.000381583493 -0.00162720843 0.017729817
v 0.000433739944 -0.00146966032 0.017661158
v 0.000393500843 -0.00158959057 0.0177872777
v 0.000433853886 -0.00147047557 0.0176617261
v 0.000393477036 -0.00159016228 0.0177880991
v 0.000437693001 -0.00145659968 0.0177298933
v 0.000425362581 -0.0014939378 0.0177872386
v 0.000437825831 -0.00145756872 0.0177296866
v 0.00042526031 -0.0014935201 0.017788142
v 0.000521047157 -0.00121351355 0.0178429727
v 0.000516327913 -0.00122544728 0.0179115385
v 0.000516458007 -0.00122642622 0.0179116968
v 0.000520916656 -0.00121264474 0.0178434514
v 0.000528304721 -0.00118877587 0.0179691818
v 0.000539430417 -0.00115820591 0.0178040676
v 0.000528351637 -0.0011893803 0.0179699771
v 0.000539356959 -0.00115781126 0.0178049821
v 0.000560263521 -0.00109314499 0.0179691147
v 0.000550591154 -0.00112426979 0.0178040806
v 0.000560134882 -0.00109273824 0.01797002
v 0.000550626079 -0.00112448714 0.0178050566
v 0.000572759658 -0.00105677894 0.0179115757
v 0.0005686144 -0.00106887834 0.0178430378
v 0.000572567456 -0.00105581747 0.0179117732
v 0.000568779185 -0.00106968905 0.0178435985
v 0.000246947224 -0.0020280059 0.0174792148
v 0.000243024522 -0.00204025838 0.0175475925
v 0.000242358146 -0.00204091868 0.017547939
v 0.000247656368 -0.0020275875 0.0174797829
v 0.000254485261 -0.00200347952 0.0176053308
v 0.000265330425 -0.00197269837 0.0174403097
v 0.000254251616 -0.00200387277 0.0176062193
v 0.000265471346 -0.00197252794 0.0174412839
v 0.000286034949 -0.00190768705 0.0176053736
v 0.000276491308 -0.00193876214 0.0174403228
v 0.00028603492 -0.00190723059 0.0176062621
v 0.000276424107 -0.00193900999 0.0174412895
v 0.000298371684 -0.0018712848 0.0175478142
v 0.000294514379 -0.0018833708 0.01747928
v 0.000298467581 -0.00187031017 0.0175480153
v 0.00029441205 -0.00188417174 0.0174798705
v 0.000325023197 -0.00179527828 0.0181072168
v 0.000325073372 -0.00179429632 0.0181070343
v 0.000336973811 -0.00175768533 0.0181646626
v 0.000336916739 -0.00175823225 0.0181654971
v 0.000329612289 -0.00178236538 0.0180384926
v 0.000368759589 -0.00166201638 0.0181646384
v 0.000329648668 -0.00178150949 0.0180390086
v 0.000368700013 -0.00166158995 0.01816554
v 0.000347995461 -0.00172705785 0.0179995857
v 0.000381180609 -0.00162564754 0.0181070883
v 0.000347999216 -0.0017267142 0.0180005245
v 0.000381132646 -0.00162466941 0.0181072913
v 0.000359156344 -0.00169312174 0.0179996006
v 0.000377210701 -0.00163854414 0.0180391371
v 0.000359154335 -0.00169335853 0.0180005729
v 0.000377179444 -0.00163773028 0.0180385578
v 0.000224096104 -0.00209262036 0.0178743601
v 0.000223929354 -0.0020934171 0.0178749412
v 0.000206001161 -0.00214825175 0.0178363733
v 0.000206072888 -0.0021480117 0.0178354047
v 0.00022804919 -0.00207955926 0.0179430954
v 0.000195035202 -0.00218173 0.0178363584
v 0.000227877405 -0.00208052667 0.0179429092
v 0.000194912136 -0.00218194793 0.0178353898
v 0.00021561663 -0.00211648014 0.0180013441
v 0.000176980131 -0.00223656208 0.0178748574
v 0.000215570282 -0.00211693184 0.0180004537
v 0.000176528833 -0.00223725522 0.0178742968
v 0.000183833239 -0.00221312209 0.0180013012
v 0.000172321612 -0.00224931142 0.0179426726
v 0.000183974451 -0.0022126548 0.0180004276
v 0.00017193977 -0.00225016824 0.017943019
v 0.000546377094 -0.00113495719 0.0181932803
v 0.000546510739 -0.00113577046 0.0181938466
v 0.000528382487 -0.00119057111 0.0181552973
v 0.00052835414 -0.00119034841 0.0181543231
v 0.000550330384 -0.00112189632 0.0182620157
v 0.00051713729 -0.00122389896 0.0181552302
v 0.000550486264 -0.00112286163 0.0182618052
v 0.000517193344 -0.00122428464 0.0181543101
v 0.000537897693 -0.00115881674 0.0183202624
v 0.000498709793 -0.00127872452 0.0181937031
v 0.000537995482 -0.00115921511 0.0183193516
v 0.000498809852 -0.00127959216 0.0181932151
v 0.000506114215 -0.00125545915 0.0183202196
v 0.000494130596 -0.00129152066 0.0182617884
v 0.000506095006 -0.00125486846 0.0183194131
v 0.000494220934 -0.00129250495 0.0182619393
v 0.000455840694 -0.0014058227 0.0179175027
v 0.000455860194 -0.00140604912 0.0179184768
v 0.000444641861 -0.00143938418 0.0179184154
v 0.000444679812 -0.00143975881 0.0179174878
v 0.000473863794 -0.00135043112 0.0179564599
v 0.000426231825 -0.00149419776 0.0179568864
v 0.000473970722 -0.00135124207 0.0179570355
v 0.000426296581 -0.00149506645 0.0179563947
v 0.000477816997 -0.00133737037 0.0180251934
v 0.000421646255 -0.00150699494 0.0180249512
v 0.00047795623 -0.00133834116 0.0180249978
v 0.000421707577 -0.001507979 0.018025117
v 0.000465384452 -0.00137429114 0.018083442
v 0.000433599169 -0.0014703495 0.018082587
v 0.000465491728 -0.00137470604 0.0180825386
v 0.000433601032 -0.0014709332 0.0180833992
v 0.000300660555 -0.0018677148 0.0177280307
v 0.000282401685 -0.00192218868 0.0177674759
v 0.00028227744 -0.00192302209 0.0177669376
v 0.000300693791 -0.00186739559 0.0177289788
v 0.000277846324 -0.00193496584 0.0178354718
v 0.00031182135 -0.00183377846 0.0177280456
v 0.000277688174 -0.001935935 0.0178356599
v 0.000311798765 -0.00183402235 0.0177290142
v 0.000289700256 -0.00189837941 0.017893089
v 0.00032984445 -0.00177838688 0.0177670028
v 0.000289581716 -0.00189888885 0.0178939421
v 0.000329817965 -0.00177919888 0.0177675858
v 0.000321402331 -0.0018026887 0.017893089
v 0.000333797623 -0.00176532636 0.0178357363
v 0.000321365078 -0.00180224678 0.0178939849
v 0.000333782606 -0.00176630565 0.0178355351
v -0.000386172818 -0.00161429541 0.0176610947
v -0.000404520804 -0.00155861955 0.0176231172
v -0.000404555933 -0.00155898789 0.0176221877
v -0.000386131578 -0.00161343091 0.0176615957
v -0.000415733753 -0.00152527564 0.0176231768
v -0.000381583493 -0.00162720843 0.017729817
v -0.000415716728 -0.00152505166 0.0176222026
v -0.000381558464 -0.00162622309 0.0177296475
v -0.000433853886 -0.00147047557 0.0176617261
v -0.000393477036 -0.00159016228 0.0177880991
v -0.000433739944 -0.00146966032 0.017661158
v -0.000393500814 -0.00158959057 0.0177872777
v -0.000437825831 -0.00145756872 0.0177296866
v -0.00042526031 -0.0014935201 0.017788142
v -0.000437693001 -0.00145659968 0.0177298933
v -0.000425362581 -0.0014939378 0.0177872386
v -0.000516458007 -0.00122642622 0.0179116968
v -0.000516327913 -0.00122544728 0.0179115385
v -0.000520916656 -0.00121264474 0.0178434514
v -0.000521047157 -0.00121351355 0.0178429727
v -0.000528351637 -0.0011893803 0.0179699771
v -0.000539356959 -0.00115781126 0.0178049821
v -0.000528304721 -0.00118877587 0.0179691818
v -0.000539430417 -0.00115820591 0.0178040676
v -0.000560134882 -0.00109273824 0.01797002
v -0.000550626079 -0.00112448714 0.0178050566
v -0.000560263521 -0.00109314499 0.0179691147
v -0.000550591154 -0.00112426979 0.0178040806
v -0.000572567456 -0.00105581747 0.0179117732
v -0.000568779185 -0.00106968905 0.0178435985
v -0.000572759658 -0.00105677894 0.0179115757
v -0.0005686144 -0.00106887834 0.0178430378
v -0.000242358146 -0.00204091868 0.017547939
v -0.000247656368 -0.0020275875 0.0174797829
v -0.000246947224 -0.0020280059 0.0174792148
v -0.000243024522 -0.00204025838 0.0175475925
v -0.000265471375 -0.00197252794 0.0174412839
v -0.000254251616 -0.00200387277 0.0176062193
v -0.000265330425 -0.00197269837 0.0174403097
v -0.000254485261 -0.00200347952 0.0176053308
v -0.000276424107 -0.00193900999 0.0174412895
v -0.00028603492 -0.00190723059 0.0176062621
v -0.000276491308 -0.00193876214 0.0174403228
v -0.000286034949 -0.00190768705 0.0176053736
v -0.00029441205 -0.00188417174 0.0174798705
v -0.000298467581 -0.00187031017 0.0175480153
v -0.000294514379 -0.0018833708 0.01747928
v -0.000298371684 -0.0018712848 0.0175478142
v -0.000336916739 -0.00175823225 0.0181654971
v -0.000325073372 -0.00179429632 0.0181070343
v -0.000325023197 -0.00179527828 0.0181072168
v -0.000336973811 -0.00175768533 0.0181646626
v -0.000329648668 -0.00178150949 0.0180390086
v -0.000368700013 -0.00166158995 0.01816554
v -0.000329612289 -0.00178236538 0.0180384926
v -0.000368759589 -0.00166201638 0.0181646384
v -0.000347999216 -0.0017267142 0.0180005245
v -0.000381132646 -0.00162466941 0.0181072913
v -0.000347995461 -0.00172705785 0.0179995857
v -0.000381180609 -0.00162564754 0.0181070883
v -0.000359154335 -0.00169335853 0.0180005729
v -0.000377179444 -0.00163773028 0.0180385578
v -0.000359156344 -0.00169312174 0.0179996006
v -0.000377210701 -0.00163854414 0.0180391371
v -0.000206072888 -0.0021480117 0.0178354047
v -0.000223929354 -0.0020934171 0.0178749412
v -0.000224096104 -0.00209262036 0.0178743601
v -0.000206001161 -0.00214825175 0.0178363733
v -0.000227877405 -0.00208052667 0.0179429092
v -0.000194912136 -0.00218194793 0.0178353898
v -0.00022804919 -0.00207955926 0.0179430954
v -0.000195035202 -0.00218173 0.0178363584
v -0.000215570282 -0.00211693184 0.0180004537
v -0.000176528833 -0.00223725522 0.0178742968
v -0.00021561663 -0.00211648014 0.0180013441
v -0.00017698016 -0.00223656208 0.0178748574
v -0.000183974465 -0.0022126548 0.0180004276
v -0.00017193977 -0.00225016824 0.017943019
v -0.000183833239 -0.00221312209 0.0180013012
v -0.000172321612 -0.00224931142 0.0179426726
v -0.00052835414 -0.00119034841 0.0181543231
v -0.000546510739 -0.00113577046 0.0181938466
v -0.000546377094 -0.00113495719 0.0181932803
v -0.000528382487 -0.00119057111 0.0181552973
v -0.000550486264 -0.00112286163 0.0182618052
v -0.000517193344 -0.00122428464 0.0181543101
v -0.000550330384 -0.00112189632 0.0182620157
v -0.00051713729 -0.00122389896 0.0181552302
v -0.000537995482 -0.00115921511 0.0183193516
v -0.000498809852 -0.00127959216 0.0181932151
v -0.000537897693 -0.00115881674 0.0183202624
v -0.000498709793 -0.00127872452 0.0181937031
v -0.000506095064 -0.00125486846 0.0183194131
v -0.000494220934 -0.00129250495 0.0182619393
v -0.000506114215 -0.00125545915 0.0183202196
v -0.000494130596 -0.00129152066 0.0182617884
v -0.000444679812 -0.00143975881 0.0179174878
v -0.000455860194 -0.00140604912 0.0179184768
v -0.000455840694 -0.0014058227 0.0179175027
v -0.000444641861 -0.00143938418 0.0179184154
v -0.000473970722 -0.00135124207 0.0179570355
v -0.000426296581 -0.00149506645 0.0179563947
v -0.000473863794 -0.00135043112 0.0179564599
v -0.000426231825 -0.00149419776 0.0179568864
v -0.00047795623 -0.00133834116 0.0180249978
v -0.000421707577 -0.001507979 0.018025117
v -0.000477816997 -0.00133737037 0.0180251934
v -0.000421646255 -0.00150699494 0.0180249512
v -0.000465491728 -0.00137470604 0.0180825386
v -0.000433601032 -0.0014709332 0.0180833992
v -0.000465384452 -0.00137429114 0.018083442
v -0.000433599169 -0.0014703495 0.018082587
v -0.00028227744 -0.00192302209 0.0177669376
v -0.000300693791 -0.00186739559 0.0177289788
v -0.000300660555 -0.0018677148 0.0177280307
v -0.000282401685 -0.00192218868 0.0177674759
v -0.000311798794 -0.00183402235 0.0177290142
v -0.000277688174 -0.001935935 0.0178356599
v -0.00031182135 -0.00183377846 0.0177280456
v -0.000277846324 -0.00193496584 0.0178354718
v -0.000329818024 -0.00177919888 0.0177675858
v -0.000289581716 -0.00189888885 0.0178939421
v -0.00032984445 -0.00177838688 0.0177670028
v -0.000289700285 -0.00189837941 0.017893089
v -0.000333782606 -0.00176630565 0.0178355351
v -0.000321365078 -0.00180224678 0.0178939849
v -0.000333797623 -0.00176532636 0.0178357363
v -0.000321402331 -0.0018026887 0.017893089
vt 0.786624432 0.135731354
vt 0.816056371 0.127017185
vt 0.82142508 0.126264945
vt 0.86728996 0.140742883
vt 0.863159657 0.138765305
vt 0.844001591 0.123229489
vt 0.876885593 0.240675986
vt 0.877497673 0.240563244
vt 0.880675435 0.232421041
vt 0.798278213 0.170275822
vt 0.79833591 0.170251518
vt 0.819402575 0.166153103
vt 0.838074088 0.167006955
vt 0.835518599 0.189092308
vt 0.840619802 0.142733216
vt 0.805898011 0.205691338
vt 0.827260017 0.191350043
vt 0.82878828 0.19033502
vt 0.884727418 0.271518916
vt 0.890442669 0.273574352
vt 0.887983441 0.277048826
vt 0.82142508 0.126264945
vt 0.816056371 0.127017185
vt 0.786624432 0.135731354
vt 0.86728996 0.140742883
vt 0.844001591 0.123229489
vt 0.863159657 0.138765305
vt 0.876885593 0.240675986
vt 0.880675435 0.232421041
vt 0.877497673 0.240563244
vt 0.819402575 0.166153103
vt 0.79833591 0.170251518
vt 0.798278213 0.170275822
vt 0.840619802 0.142733216
vt 0.835518599 0.189092308
vt 0.838074088 0.167006955
vt 0.82878828 0.19033502
vt 0.827260017 0.191350043
vt 0.805898011 0.205691338
vt 0.884727418 0.271518916
vt 0.887983441 0.277048826
vt 0.890442669 0.273574352
vt 0.82142508 0.126264945
vt 0.816056371 0.127017185
vt 0.786624432 0.135731354
vt 0.86728996 0.140742883
vt 0.844001591 0.123229489
vt 0.863159657 0.138765305
vt 0.876885593 0.240675986
vt 0.880675435 0.232421041
vt 0.877497673 0.240563244
vt 0.880675435 0.232421041
vt 0.883429527 0.275263667
vt 0.877497673 0.240563244
vt 0.819425344 0.169999182
vt 0.79833591 0.170251518
vt 0.798278213 0.170275822
vt 0.840619802 0.142733216
vt 0.835518599 0.189092308
vt 0.838074088 0.167006955
vt 0.82878828 0.19033502
vt 0.827260017 0.191350043
vt 0.805898011 0.205691338
vt 0.884727418 0.271518916
vt 0.887983441 0.277048826
vt 0.890442669 0.273574352
vt 0.786624432 0.135731354
vt 0.816056371 0.127017185
vt 0.82142508 0.126264945
vt 0.86728996 0.140742883
vt 0.863159657 0.138765305
vt 0.844001591 0.123229489
vt 0.876885593 0.240675986
vt 0.877497673 0.240563244
vt 0.880675435 0.232421041
vt 0.880675435 0.232421041
vt 0.877497673 0.240563244
vt 0.883429527 0.275263667
vt 0.798278213 0.170275822
vt 0.79833591 0.170251518
vt 0.819425344 0.169999182
vt 0.838074088 0.167006955
vt 0.835518599 0.189092308
vt 0.840619802 0.142733216
vt 0.805898011 0.205691338
vt 0.827260017 0.191350043
vt 0.82878828 0.19033502
vt 0.884727418 0.271518916
vt 0.890442669 0.273574352
vt 0.887983441 0.277048826
vt 0.765849888 0.0994399786
vt 0.765628219 0.113666639
vt 0.78778559 0.0741039962
vt 0.786624432 0.135731354
vt 0.765529811 0.119765669
vt 0.764107347 0.129432276
vt 0.763367832 0.13833423
vt 0.761576951 0.150512382
vt 0.767413199 0.178473875
vt 0.7571854 0.166417867
vt 0.75397718 0.173070148
vt 0.740927577 0.204125285
vt 0.898958564 0.143634528
vt 0.906694353 0.121734768
vt 0.898961961 0.116482645
vt 0.886777163 0.143798143
vt 0.844001591 0.123229489
vt 0.86728996 0.140742883
vt 0.869980395 0.143578842
vt 0.871780932 0.146060631
vt 0.872131884 0.146753088
vt 0.871087074 0.150681183
vt 0.870143175 0.152439207
vt 0.880814016 0.175525695
vt 0.887809038 0.180267289
vt 0.869300783 0.210433722
vt 0.874593735 0.214324161
vt 0.848516643 0.245304644
vt 0.842692137 0.201895207
vt 0.841256618 0.192788839
vt 0.864990473 0.157169536
vt 0.862604201 0.158137888
vt 0.858176589 0.157492563
vt 0.841896534 0.193409353
vt 0.842768252 0.195053607
vt 0.84305346 0.196601182
vt 0.842977822 0.200471967
vt 0.841559887 0.204070628
vt 0.839540958 0.190764099
vt 0.836602271 0.207819104
vt 0.857514739 0.157380074
vt 0.832597017 0.20912312
vt 0.829610825 0.207851112
vt 0.855198562 0.156238243
vt 0.840619802 0.142733216
vt 0.851984799 0.15208362
vt 0.839455724 0.190562651
vt 0.851238728 0.149931744
vt 0.836164236 0.189241648
vt 0.835518599 0.189092308
vt 0.850782812 0.145145863
vt 0.850821674 0.144970477
vt 0.829076767 0.207453609
vt 0.807266951 0.274252206
vt 0.839763403 0.267198175
vt 0.835831165 0.284372598
vt 0.795977294 0.299153477
vt 0.790340483 0.291460842
vt 0.803702772 0.314295739
vt 0.79760468 0.308070153
vt 0.813434005 0.251631528
vt 0.810793638 0.258238345
vt 0.809835076 0.258895814
vt 0.813049316 0.250359446
vt 0.809035838 0.243999869
vt 0.808573842 0.243763432
vt 0.828603446 0.205985993
vt 0.827103376 0.204815045
vt 0.826916099 0.204751834
vt 0.802382588 0.260193557
vt 0.801512539 0.259512842
vt 0.800964653 0.259451091
vt 0.79481405 0.255792469
vt 0.772877514 0.273089409
vt 0.794210911 0.254859626
vt 0.776329339 0.28481245
vt 0.792339861 0.248391971
vt 0.768627286 0.290748954
vt 0.792577922 0.247026324
vt 0.795206249 0.24216491
vt 0.796918988 0.221377313
vt 0.795722783 0.241786629
vt 0.801390409 0.240151346
vt 0.802799284 0.240050942
vt 0.80778867 0.242937684
vt 0.764269829 0.260258645
vt 0.80198431 0.223611623
vt 0.804160833 0.224063084
vt 0.80906266 0.221647844
vt 0.81206423 0.21875295
vt 0.813432097 0.214855745
vt 0.81313926 0.212104782
vt 0.81102699 0.208472371
vt 0.8092044 0.206848025
vt 0.805898011 0.205691338
vt 0.824887693 0.202008814
vt 0.824144423 0.198071599
vt 0.825125933 0.194126993
vt 0.827260017 0.191350043
vt 0.796644807 0.221157506
vt 0.782405555 0.228376642
vt 0.782247186 0.227516636
vt 0.780378938 0.233455494
vt 0.778692305 0.23521921
vt 0.776533723 0.236596853
vt 0.795681238 0.219705671
vt 0.794496357 0.214733034
vt 0.771758318 0.239208847
vt 0.770463288 0.239106655
vt 0.768673778 0.238739789
vt 0.795198798 0.212343231
vt 0.759350896 0.252803564
vt 0.797404706 0.208175391
vt 0.763453662 0.235343739
vt 0.821601927 0.173077926
vt 0.79829967 0.207441777
vt 0.802747667 0.205750287
vt 0.805360436 0.205415711
vt 0.805898011 0.205691338
vt 0.820283055 0.171342567
vt 0.782262921 0.2270886
vt 0.781488657 0.222470641
vt 0.819425344 0.169999182
vt 0.823284864 0.173977405
vt 0.82878828 0.19033502
vt 0.83232528 0.189361736
vt 0.835518599 0.189092308
vt 0.82477355 0.174476057
vt 0.828629553 0.175428018
vt 0.831831992 0.17421101
vt 0.836921334 0.169799238
vt 0.838074088 0.167006955
vt 0.803973496 0.184763253
vt 0.805517972 0.181352317
vt 0.800198019 0.1883322
vt 0.805565357 0.177581519
vt 0.795987725 0.190073743
vt 0.793173671 0.189126372
vt 0.804078221 0.174254239
vt 0.801679492 0.17167592
vt 0.79833591 0.170251518
vt 0.819441438 0.169701383
vt 0.819402575 0.166153103
vt 0.789236426 0.186873361
vt 0.781169891 0.221751541
vt 0.78020072 0.220667943
vt 0.775080264 0.218529835
vt 0.740927577 0.204125285
vt 0.787455499 0.183938831
vt 0.773677111 0.218728721
vt 0.787055731 0.179514065
vt 0.767314553 0.219896495
vt 0.766502321 0.220192
vt 0.761941254 0.224927217
vt 0.761195779 0.226324484
vt 0.762779176 0.234165698
vt 0.78823483 0.175946712
vt 0.767413199 0.178473875
vt 0.78844136 0.175744295
vt 0.790350556 0.172754213
vt 0.791744292 0.17176874
vt 0.708176553 0.265959203
vt 0.731386125 0.263266861
vt 0.711646378 0.288757265
vt 0.794940889 0.170760304
vt 0.840619802 0.142733216
vt 0.798278213 0.170275822
vt 0.822323084 0.144461364
vt 0.826835632 0.140894994
vt 0.827231646 0.140225828
vt 0.819694757 0.145460099
vt 0.815225303 0.144717962
vt 0.812614202 0.143727705
vt 0.786624432 0.135731354
vt 0.809829354 0.140385807
vt 0.828168988 0.137647703
vt 0.808783889 0.138125271
vt 0.827807009 0.131976873
vt 0.808822691 0.137938365
vt 0.810277104 0.13275668
vt 0.811732233 0.13028188
vt 0.813995123 0.127910793
vt 0.816056371 0.127017185
vt 0.827139318 0.130032554
vt 0.78778559 0.0741039962
vt 0.82142508 0.126264945
vt 0.8230322 0.126913652
vt 0.844001591 0.123229489
vt 0.837812662 0.162140682
vt 0.838074088 0.167006955
vt 0.837060869 0.159678668
vt 0.833726108 0.156266779
vt 0.833473325 0.156104475
vt 0.832006693 0.155483454
vt 0.831579626 0.155379057
vt 0.831480205 0.155256018
vt 0.827366948 0.156074002
vt 0.824732244 0.157031417
vt 0.82274282 0.158672884
vt 0.820895791 0.161421001
vt 0.880675435 0.232421041
vt 0.877497673 0.240563244
vt 0.883429527 0.275263667
vt 0.883429527 0.275263667
vt 0.877497673 0.240563244
vt 0.876885593 0.240675986
vt 0.876885593 0.240675986
vt 0.884015083 0.275446147
vt 0.868372321 0.298454165
vt 0.868372321 0.298454165
vt 0.869275928 0.312720805
vt 0.880346 0.29893589
vt 1.00893688 0.297844082
vt 1.00254512 0.270599782
vt 0.992880702 0.301283479
vt 0.962873757 0.287884444
vt 0.973421812 0.306609213
vt 0.942017376 0.325594157
vt 0.931692064 0.319343358
vt 0.933921516 0.332763731
vt 0.904385567 0.343230665
vt 0.917246699 0.351425469
vt 0.914658844 0.354727566
vt 0.910910428 0.358540118
vt 0.907646537 0.361559153
vt 0.89191097 0.360817283
vt 0.903426409 0.364852607
vt 0.897790551 0.369614005
vt 0.886128545 0.372163385
vt 0.882200003 0.3712807
vt 0.85051167 0.328328013
vt 0.851840913 0.329691231
vt 0.861735404 0.325681061
vt 0.850547791 0.329853982
vt 0.851875722 0.340821296
vt 0.861735404 0.325681061
vt 0.850274742 0.333016008
vt 0.851840913 0.329691231
vt 0.850821674 0.144970477
vt 0.840619802 0.142733216
vt 0.852630079 0.142714858
vt 0.855941415 0.139151827
vt 0.844001591 0.123229489
vt 0.863159657 0.138765305
vt 0.708321631 0.167734429
vt 0.736530542 0.149270788
vt 0.699890673 0.154391423
vt 0.666356623 0.155492261
vt 0.887581289 0.269029528
vt 0.887983441 0.277048826
vt 0.890442669 0.273574352
vt 0.884015083 0.275446147
vt 0.765849888 0.0994399786
vt 0.78778559 0.0741039962
vt 0.765628219 0.113666639
vt 0.786624432 0.135731354
vt 0.765529811 0.119765669
vt 0.764107347 0.129432276
vt 0.763367832 0.13833423
vt 0.761576951 0.150512382
vt 0.767413199 0.178473875
vt 0.7571854 0.166417867
vt 0.75397718 0.173070148
vt 0.740927577 0.204125285
vt 0.898958564 0.143634528
vt 0.898961961 0.116482645
vt 0.906694353 0.121734768
vt 0.886777163 0.143798143
vt 0.844001591 0.123229489
vt 0.86728996 0.140742883
vt 0.869980395 0.143578842
vt 0.871780932 0.146060631
vt 0.872131884 0.146753088
vt 0.871087074 0.150681183
vt 0.870143175 0.152439207
vt 0.880814016 0.175525695
vt 0.887809038 0.180267289
vt 0.869300783 0.210433722
vt 0.874593735 0.214324161
vt 0.848516643 0.245304644
vt 0.842692137 0.201895207
vt 0.841256618 0.192788839
vt 0.864990473 0.157169536
vt 0.862604201 0.158137888
vt 0.858176589 0.157492563
vt 0.841896534 0.193409353
vt 0.842768252 0.195053607
vt 0.84305346 0.196601182
vt 0.842977822 0.200471967
vt 0.841559887 0.204070628
vt 0.839540958 0.190764099
vt 0.836602271 0.207819104
vt 0.857514739 0.157380074
vt 0.832597017 0.20912312
vt 0.829610825 0.207851112
vt 0.855198562 0.156238243
vt 0.840619802 0.142733216
vt 0.839455724 0.190562651
vt 0.851984799 0.15208362
vt 0.836164236 0.189241648
vt 0.835518599 0.189092308
vt 0.851238728 0.149931744
vt 0.850782812 0.145145863
vt 0.850821674 0.144970477
vt 0.829076767 0.207453609
vt 0.807266951 0.274252206
vt 0.839763403 0.267198175
vt 0.835831165 0.284372598
vt 0.795977294 0.299153477
vt 0.813434005 0.251631528
vt 0.803702772 0.314295739
vt 0.79760468 0.308070153
vt 0.790340483 0.291460842
vt 0.810793638 0.258238345
vt 0.813049316 0.250359446
vt 0.809035838 0.243999869
vt 0.808573842 0.243763432
vt 0.828603446 0.205985993
vt 0.827103376 0.204815045
vt 0.826916099 0.204751834
vt 0.809835076 0.258895814
vt 0.802382588 0.260193557
vt 0.801512539 0.259512842
vt 0.800964653 0.259451091
vt 0.79481405 0.255792469
vt 0.772877514 0.273089409
vt 0.776329339 0.28481245
vt 0.794210911 0.254859626
vt 0.768627286 0.290748954
vt 0.792339861 0.248391971
vt 0.792577922 0.247026324
vt 0.795206249 0.24216491
vt 0.796918988 0.221377313
vt 0.795722783 0.241786629
vt 0.801390409 0.240151346
vt 0.802799284 0.240050942
vt 0.80778867 0.242937684
vt 0.764269829 0.260258645
vt 0.80198431 0.223611623
vt 0.804160833 0.224063084
vt 0.80906266 0.221647844
vt 0.81206423 0.21875295
vt 0.813432097 0.214855745
vt 0.81313926 0.212104782
vt 0.81102699 0.208472371
vt 0.8092044 0.206848025
vt 0.805898011 0.205691338
vt 0.824887693 0.202008814
vt 0.824144423 0.198071599
vt 0.825125933 0.194126993
vt 0.827260017 0.191350043
vt 0.796644807 0.221157506
vt 0.782405555 0.228376642
vt 0.782247186 0.227516636
vt 0.780378938 0.233455494
vt 0.778692305 0.23521921
vt 0.776533723 0.236596853
vt 0.795681238 0.219705671
vt 0.794496357 0.214733034
vt 0.771758318 0.239208847
vt 0.770463288 0.239106655
vt 0.768673778 0.238739789
vt 0.795198798 0.212343231
vt 0.759350896 0.252803564
vt 0.797404706 0.208175391
vt 0.763453662 0.235343739
vt 0.821601927 0.173077926
vt 0.79829967 0.207441777
vt 0.802747667 0.205750287
vt 0.805360436 0.205415711
vt 0.805898011 0.205691338
vt 0.820283055 0.171342567
vt 0.782262921 0.2270886
vt 0.781488657 0.222470641
vt 0.819425344 0.169999182
vt 0.823284864 0.173977405
vt 0.82878828 0.19033502
vt 0.83232528 0.189361736
vt 0.835518599 0.189092308
vt 0.82477355 0.174476057
vt 0.828629553 0.175428018
vt 0.831831992 0.17421101
vt 0.836921334 0.169799238
vt 0.838074088 0.167006955
vt 0.803973496 0.184763253
vt 0.805517972 0.181352317
vt 0.800198019 0.1883322
vt 0.805565357 0.177581519
vt 0.795987725 0.190073743
vt 0.793173671 0.189126372
vt 0.804078221 0.174254239
vt 0.801679492 0.17167592
vt 0.79833591 0.170251518
vt 0.819441438 0.169701383
vt 0.819402575 0.166153103
vt 0.789236426 0.186873361
vt 0.781169891 0.221751541
vt 0.78020072 0.220667943
vt 0.775080264 0.218529835
vt 0.740927577 0.204125285
vt 0.787455499 0.183938831
vt 0.773677111 0.218728721
vt 0.787055731 0.179514065
vt 0.767314553 0.219896495
vt 0.766502321 0.220192
vt 0.761941254 0.224927217
vt 0.761195779 0.226324484
vt 0.762779176 0.234165698
vt 0.78823483 0.175946712
vt 0.767413199 0.178473875
vt 0.78844136 0.175744295
vt 0.790350556 0.172754213
vt 0.791744292 0.17176874
vt 0.708176553 0.265959203
vt 0.731386125 0.263266861
vt 0.711646378 0.288757265
vt 0.794940889 0.170760304
vt 0.840619802 0.142733216
vt 0.798278213 0.170275822
vt 0.822323084 0.144461364
vt 0.826835632 0.140894994
vt 0.827231646 0.140225828
vt 0.819694757 0.145460099
vt 0.815225303 0.144717962
vt 0.812614202 0.143727705
vt 0.786624432 0.135731354
vt 0.809829354 0.140385807
vt 0.828168988 0.137647703
vt 0.808783889 0.138125271
vt 0.827807009 0.131976873
vt 0.808822691 0.137938365
vt 0.810277104 0.13275668
vt 0.811732233 0.13028188
vt 0.813995123 0.127910793
vt 0.816056371 0.127017185
vt 0.827139318 0.130032554
vt 0.78778559 0.0741039962
vt 0.82142508 0.126264945
vt 0.8230322 0.126913652
vt 0.844001591 0.123229489
vt 0.838074088 0.167006955
vt 0.837812662 0.162140682
vt 0.837060869 0.159678668
vt 0.833726108 0.156266779
vt 0.833473325 0.156104475
vt 0.832006693 0.155483454
vt 0.831579626 0.155379057
vt 0.831480205 0.155256018
vt 0.827366948 0.156074002
vt 0.824732244 0.157031417
vt 0.82274282 0.158672884
vt 0.820895791 0.161421001
vt 0.880675435 0.232421041
vt 0.883429527 0.275263667
vt 0.877497673 0.240563244
vt 0.877497673 0.240563244
vt 0.883429527 0.275263667
vt 0.876885593 0.240675986
vt 0.876885593 0.240675986
vt 0.868372321 0.298454165
vt 0.868372321 0.298454165
vt 0.884015083 0.275446147
vt 0.869275928 0.312720805
vt 0.880346 0.29893589
vt 1.00893688 0.297844082
vt 0.992880702 0.301283479
vt 1.00254512 0.270599782
vt 0.962873757 0.287884444
vt 0.973421812 0.306609213
vt 0.942017376 0.325594157
vt 0.931692064 0.319343358
vt 0.933921516 0.332763731
vt 0.904385567 0.343230665
vt 0.917246699 0.351425469
vt 0.914658844 0.354727566
vt 0.910910428 0.358540118
vt 0.907646537 0.361559153
vt 0.89191097 0.360817283
vt 0.903426409 0.364852607
vt 0.897790551 0.369614005
vt 0.886128545 0.372163385
vt 0.882200003 0.3712807
vt 0.85051167 0.328328013
vt 0.861735404 0.325681061
vt 0.851840913 0.329691231
vt 0.850547791 0.329853982
vt 0.851875722 0.340821296
vt 0.850274742 0.333016008
vt 0.861735404 0.325681061
vt 0.851840913 0.329691231
vt 0.850821674 0.144970477
vt 0.852630079 0.142714858
vt 0.840619802 0.142733216
vt 0.855941415 0.139151827
vt 0.844001591 0.123229489
vt 0.863159657 0.138765305
vt 0.708321631 0.167734429
vt 0.699890673 0.154391423
vt 0.736530542 0.149270788
vt 0.666356623 0.155492261
vt 0.887581289 0.269029528
vt 0.884015083 0.275446147
vt 0.890442669 0.273574352
vt 0.887983441 0.277048826
vt 0.765849888 0.0994399786
vt 0.78778559 0.0741039962
vt 0.765628219 0.113666639
vt 0.786624432 0.135731354
vt 0.765529811 0.119765669
vt 0.764107347 0.129432276
vt 0.763367832 0.13833423
vt 0.761576951 0.150512382
vt 0.767413199 0.178473875
vt 0.7571854 0.166417867
vt 0.75397718 0.173070148
vt 0.740927577 0.204125285
vt 0.898958564 0.143634528
vt 0.898961961 0.116482645
vt 0.906694353 0.121734768
vt 0.886777163 0.143798143
vt 0.844001591 0.123229489
vt 0.86728996 0.140742883
vt 0.869980395 0.143578842
vt 0.871780932 0.146060631
vt 0.872131884 0.146753088
vt 0.871087074 0.150681183
vt 0.870143175 0.152439207
vt 0.880814016 0.175525695
vt 0.887809038 0.180267289
vt 0.869300783 0.210433722
vt 0.874593735 0.214324161
vt 0.848516643 0.245304644
vt 0.842692137 0.201895207
vt 0.841256618 0.192788839
vt 0.864990473 0.157169536
vt 0.862604201 0.158137888
vt 0.858176589 0.157492563
vt 0.841896534 0.193409353
vt 0.842768252 0.195053607
vt 0.84305346 0.196601182
vt 0.842977822 0.200471967
vt 0.841559887 0.204070628
vt 0.839540958 0.190764099
vt 0.836602271 0.207819104
vt 0.857514739 0.157380074
vt 0.832597017 0.20912312
vt 0.829610825 0.207851112
vt 0.855198562 0.156238243
vt 0.840619802 0.142733216
vt 0.839455724 0.190562651
vt 0.851984799 0.15208362
vt 0.836164236 0.189241648
vt 0.835518599 0.189092308
vt 0.851238728 0.149931744
vt 0.850782812 0.145145863
vt 0.850821674 0.144970477
vt 0.829076767 0.207453609
vt 0.807266951 0.274252206
vt 0.839763403 0.267198175
vt 0.835831165 0.284372598
vt 0.795977294 0.299153477
vt 0.790340483 0.291460842
vt 0.803702772 0.314295739
vt 0.79760468 0.308070153
vt 0.813434005 0.251631528
vt 0.810793638 0.258238345
vt 0.809835076 0.258895814
vt 0.813049316 0.250359446
vt 0.809035838 0.243999869
vt 0.808573842 0.243763432
vt 0.828603446 0.205985993
vt 0.827103376 0.204815045
vt 0.826916099 0.204751834
vt 0.802382588 0.260193557
vt 0.801512539 0.259512842
vt 0.800964653 0.259451091
vt 0.79481405 0.255792469
vt 0.772877514 0.273089409
vt 0.776329339 0.28481245
vt 0.794210911 0.254859626
vt 0.768627286 0.290748954
vt 0.792339861 0.248391971
vt 0.792577922 0.247026324
vt 0.795206249 0.24216491
vt 0.796918988 0.221377313
vt 0.795722783 0.241786629
vt 0.801390409 0.240151346
vt 0.802799284 0.240050942
vt 0.80778867 0.242937684
vt 0.764269829 0.260258645
vt 0.80198431 0.223611623
vt 0.804160833 0.224063084
vt 0.80906266 0.221647844
vt 0.81206423 0.21875295
vt 0.813432097 0.214855745
vt 0.81313926 0.212104782
vt 0.81102699 0.208472371
vt 0.8092044 0.206848025
vt 0.805898011 0.205691338
vt 0.824887693 0.202008814
vt 0.824144423 0.198071599
vt 0.825125933 0.194126993
vt 0.827260017 0.191350043
vt 0.796644807 0.221157506
vt 0.782405555 0.228376642
vt 0.782247186 0.227516636
vt 0.780378938 0.233455494
vt 0.778692305 0.23521921
vt 0.776533723 0.236596853
vt 0.795681238 0.219705671
vt 0.794496357 0.214733034
vt 0.771758318 0.239208847
vt 0.770463288 0.239106655
vt 0.768673778 0.238739789
vt 0.795198798 0.212343231
vt 0.759350896 0.252803564
vt 0.797404706 0.208175391
vt 0.763453662 0.235343739
vt 0.821601927 0.173077926
vt 0.79829967 0.207441777
vt 0.802747667 0.205750287
vt 0.805360436 0.205415711
vt 0.805898011 0.205691338
vt 0.820283055 0.171342567
vt 0.782262921 0.2270886
vt 0.781488657 0.222470641
vt 0.819425344 0.169999182
vt 0.823284864 0.173977405
vt 0.82878828 0.19033502
vt 0.83232528 0.189361736
vt 0.835518599 0.189092308
vt 0.82477355 0.174476057
vt 0.828629553 0.175428018
vt 0.831831992 0.17421101
vt 0.836921334 0.169799238
vt 0.838074088 0.167006955
vt 0.803973496 0.184763253
vt 0.805517972 0.181352317
vt 0.800198019 0.1883322
vt 0.805565357 0.177581519
vt 0.795987725 0.190073743
vt 0.793173671 0.189126372
vt 0.804078221 0.174254239
vt 0.801679492 0.17167592
vt 0.79833591 0.170251518
vt 0.789236426 0.186873361
vt 0.781169891 0.221751541
vt 0.78020072 0.220667943
vt 0.775080264 0.218529835
vt 0.740927577 0.204125285
vt 0.787455499 0.183938831
vt 0.773677111 0.218728721
vt 0.787055731 0.179514065
vt 0.767314553 0.219896495
vt 0.766502321 0.220192
vt 0.761941254 0.224927217
vt 0.761195779 0.226324484
vt 0.762779176 0.234165698
vt 0.78823483 0.175946712
vt 0.767413199 0.178473875
vt 0.78844136 0.175744295
vt 0.790350556 0.172754213
vt 0.791744292 0.17176874
vt 0.708176553 0.265959203
vt 0.731386125 0.263266861
vt 0.711646378 0.288757265
vt 0.794940889 0.170760304
vt 0.840619802 0.142733216
vt 0.798278213 0.170275822
vt 0.822323084 0.144461364
vt 0.826835632 0.140894994
vt 0.827231646 0.140225828
vt 0.819694757 0.145460099
vt 0.815225303 0.144717962
vt 0.812614202 0.143727705
vt 0.786624432 0.135731354
vt 0.809829354 0.140385807
vt 0.828168988 0.137647703
vt 0.808783889 0.138125271
vt 0.827807009 0.131976873
vt 0.808822691 0.137938365
vt 0.810277104 0.13275668
vt 0.811732233 0.13028188
vt 0.813995123 0.127910793
vt 0.816056371 0.127017185
vt 0.827139318 0.130032554
vt 0.78778559 0.0741039962
vt 0.82142508 0.126264945
vt 0.8230322 0.126913652
vt 0.844001591 0.123229489
vt 0.838074088 0.167006955
vt 0.837812662 0.162140682
vt 0.837060869 0.159678668
vt 0.833726108 0.156266779
vt 0.833473325 0.156104475
vt 0.832006693 0.155483454
vt 0.831579626 0.155379057
vt 0.831480205 0.155256018
vt 0.827366948 0.156074002
vt 0.824732244 0.157031417
vt 0.82274282 0.158672884
vt 0.820895791 0.161421001
vt 0.819402575 0.166153103
vt 0.819441438 0.169701383
vt 1.00893688 0.297844082
vt 0.992880702 0.301283479
vt 1.00254512 0.270599782
vt 0.962873757 0.287884444
vt 0.973421812 0.306609213
vt 0.942017376 0.325594157
vt 0.931692064 0.319343358
vt 0.933921516 0.332763731
vt 0.904385567 0.343230665
vt 0.917246699 0.351425469
vt 0.914658844 0.354727566
vt 0.910910428 0.358540118
vt 0.907646537 0.361559153
vt 0.89191097 0.360817283
vt 0.903426409 0.364852607
vt 0.897790551 0.369614005
vt 0.886128545 0.372163385
vt 0.882200003 0.3712807
vt 0.85051167 0.328328013
vt 0.861735404 0.325681061
vt 0.851840913 0.329691231
vt 0.850547791 0.329853982
vt 0.851875722 0.340821296
vt 0.850274742 0.333016008
vt 0.861735404 0.325681061
vt 0.851840913 0.329691231
vt 0.869275928 0.312720805
vt 0.884015083 0.275446147
vt 0.880346 0.29893589
vt 0.868372321 0.298454165
vt 0.850821674 0.144970477
vt 0.852630079 0.142714858
vt 0.840619802 0.142733216
vt 0.855941415 0.139151827
vt 0.844001591 0.123229489
vt 0.863159657 0.138765305
vt 0.708321631 0.167734429
vt 0.699890673 0.154391423
vt 0.736530542 0.149270788
vt 0.666356623 0.155492261
vt 0.887581289 0.269029528
vt 0.884015083 0.275446147
vt 0.890442669 0.273574352
vt 0.887983441 0.277048826
vt 0.765849888 0.0994399786
vt 0.765628219 0.113666639
vt 0.78778559 0.0741039962
vt 0.786624432 0.135731354
vt 0.765529811 0.119765669
vt 0.764107347 0.129432276
vt 0.763367832 0.13833423
vt 0.761576951 0.150512382
vt 0.767413199 0.178473875
vt 0.7571854 0.166417867
vt 0.75397718 0.173070148
vt 0.740927577 0.204125285
vt 0.898958564 0.143634528
vt 0.906694353 0.121734768
vt 0.898961961 0.116482645
vt 0.886777163 0.143798143
vt 0.844001591 0.123229489
vt 0.86728996 0.140742883
vt 0.869980395 0.143578842
vt 0.871780932 0.146060631
vt 0.872131884 0.146753088
vt 0.871087074 0.150681183
vt 0.870143175 0.152439207
vt 0.880814016 0.175525695
vt 0.887809038 0.180267289
vt 0.869300783 0.210433722
vt 0.874593735 0.214324161
vt 0.848516643 0.245304644
vt 0.842692137 0.201895207
vt 0.841256618 0.192788839
vt 0.864990473 0.157169536
vt 0.862604201 0.158137888
vt 0.858176589 0.157492563
vt 0.841896534 0.193409353
vt 0.842768252 0.195053607
vt 0.84305346 0.196601182
vt 0.842977822 0.200471967
vt 0.841559887 0.204070628
vt 0.839540958 0.190764099
vt 0.836602271 0.207819104
vt 0.857514739 0.157380074
vt 0.832597017 0.20912312
vt 0.829610825 0.207851112
vt 0.855198562 0.156238243
vt 0.840619802 0.142733216
vt 0.851984799 0.15208362
vt 0.839455724 0.190562651
vt 0.851238728 0.149931744
vt 0.836164236 0.189241648
vt 0.835518599 0.189092308
vt 0.850782812 0.145145863
vt 0.850821674 0.144970477
vt 0.829076767 0.207453609
vt 0.807266951 0.274252206
vt 0.839763403 0.267198175
vt 0.835831165 0.284372598
vt 0.795977294 0.299153477
vt 0.813434005 0.251631528
vt 0.803702772 0.314295739
vt 0.79760468 0.308070153
vt 0.790340483 0.291460842
vt 0.813049316 0.250359446
vt 0.809035838 0.243999869
vt 0.808573842 0.243763432
vt 0.828603446 0.205985993
vt 0.827103376 0.204815045
vt 0.826916099 0.204751834
vt 0.810793638 0.258238345
vt 0.809835076 0.258895814
vt 0.802382588 0.260193557
vt 0.801512539 0.259512842
vt 0.800964653 0.259451091
vt 0.79481405 0.255792469
vt 0.772877514 0.273089409
vt 0.794210911 0.254859626
vt 0.776329339 0.28481245
vt 0.792339861 0.248391971
vt 0.768627286 0.290748954
vt 0.792577922 0.247026324
vt 0.795206249 0.24216491
vt 0.796918988 0.221377313
vt 0.795722783 0.241786629
vt 0.801390409 0.240151346
vt 0.802799284 0.240050942
vt 0.80778867 0.242937684
vt 0.764269829 0.260258645
vt 0.80198431 0.223611623
vt 0.804160833 0.224063084
vt 0.80906266 0.221647844
vt 0.81206423 0.21875295
vt 0.813432097 0.214855745
vt 0.81313926 0.212104782
vt 0.81102699 0.208472371
vt 0.8092044 0.206848025
vt 0.805898011 0.205691338
vt 0.824887693 0.202008814
vt 0.824144423 0.198071599
vt 0.825125933 0.194126993
vt 0.827260017 0.191350043
vt 0.796644807 0.221157506
vt 0.782405555 0.228376642
vt 0.782247186 0.227516636
vt 0.780378938 0.233455494
vt 0.778692305 0.23521921
vt 0.776533723 0.236596853
vt 0.795681238 0.219705671
vt 0.794496357 0.214733034
vt 0.771758318 0.239208847
vt 0.770463288 0.239106655
vt 0.768673778 0.238739789
vt 0.795198798 0.212343231
vt 0.759350896 0.252803564
vt 0.797404706 0.208175391
vt 0.763453662 0.235343739
vt 0.821601927 0.173077926
vt 0.79829967 0.207441777
vt 0.802747667 0.205750287
vt 0.805360436 0.205415711
vt 0.805898011 0.205691338
vt 0.820283055 0.171342567
vt 0.782262921 0.2270886
vt 0.781488657 0.222470641
vt 0.819425344 0.169999182
vt 0.823284864 0.173977405
vt 0.82878828 0.19033502
vt 0.83232528 0.189361736
vt 0.835518599 0.189092308
vt 0.82477355 0.174476057
vt 0.828629553 0.175428018
vt 0.831831992 0.17421101
vt 0.836921334 0.169799238
vt 0.838074088 0.167006955
vt 0.803973496 0.184763253
vt 0.805517972 0.181352317
vt 0.800198019 0.1883322
vt 0.805565357 0.177581519
vt 0.795987725 0.190073743
vt 0.793173671 0.189126372
vt 0.804078221 0.174254239
vt 0.801679492 0.17167592
vt 0.79833591 0.170251518
vt 0.789236426 0.186873361
vt 0.781169891 0.221751541
vt 0.78020072 0.220667943
vt 0.775080264 0.218529835
vt 0.740927577 0.204125285
vt 0.787455499 0.183938831
vt 0.773677111 0.218728721
vt 0.787055731 0.179514065
vt 0.767314553 0.219896495
vt 0.766502321 0.220192
vt 0.761941254 0.224927217
vt 0.761195779 0.226324484
vt 0.762779176 0.234165698
vt 0.78823483 0.175946712
vt 0.767413199 0.178473875
vt 0.78844136 0.175744295
vt 0.790350556 0.172754213
vt 0.791744292 0.17176874
vt 0.708176553 0.265959203
vt 0.731386125 0.263266861
vt 0.711646378 0.288757265
vt 0.794940889 0.170760304
vt 0.840619802 0.142733216
vt 0.798278213 0.170275822
vt 0.822323084 0.144461364
vt 0.826835632 0.140894994
vt 0.827231646 0.140225828
vt 0.819694757 0.145460099
vt 0.815225303 0.144717962
vt 0.812614202 0.143727705
vt 0.786624432 0.135731354
vt 0.809829354 0.140385807
vt 0.828168988 0.137647703
vt 0.808783889 0.138125271
vt 0.827807009 0.131976873
vt 0.808822691 0.137938365
vt 0.810277104 0.13275668
vt 0.811732233 0.13028188
vt 0.813995123 0.127910793
vt 0.816056371 0.127017185
vt 0.827139318 0.130032554
vt 0.78778559 0.0741039962
vt 0.82142508 0.126264945
vt 0.8230322 0.126913652
vt 0.844001591 0.123229489
vt 0.837812662 0.162140682
vt 0.838074088 0.167006955
vt 0.837060869 0.159678668
vt 0.833726108 0.156266779
vt 0.833473325 0.156104475
vt 0.832006693 0.155483454
vt 0.831579626 0.155379057
vt 0.831480205 0.155256018
vt 0.827366948 0.156074002
vt 0.824732244 0.157031417
vt 0.82274282 0.158672884
vt 0.820895791 0.161421001
vt 0.819402575 0.166153103
vt 0.819441438 0.169701383
vt 1.00893688 0.297844082
vt 1.00254512 0.270599782
vt 0.992880702 0.301283479
vt 0.962873757 0.287884444
vt 0.973421812 0.306609213
vt 0.942017376 0.325594157
vt 0.931692064 0.319343358
vt 0.933921516 0.332763731
vt 0.904385567 0.343230665
vt 0.917246699 0.351425469
vt 0.914658844 0.354727566
vt 0.910910428 0.358540118
vt 0.907646537 0.361559153
vt 0.89191097 0.360817283
vt 0.903426409 0.364852607
vt 0.897790551 0.369614005
vt 0.886128545 0.372163385
vt 0.882200003 0.3712807
vt 0.85051167 0.328328013
vt 0.851840913 0.329691231
vt 0.861735404 0.325681061
vt 0.850547791 0.329853982
vt 0.851875722 0.340821296
vt 0.861735404 0.325681061
vt 0.850274742 0.333016008
vt 0.851840913 0.329691231
vt 0.869275928 0.312720805
vt 0.880346 0.29893589
vt 0.884015083 0.275446147
vt 0.868372321 0.298454165
vt 0.850821674 0.144970477
vt 0.840619802 0.142733216
vt 0.852630079 0.142714858
vt 0.855941415 0.139151827
vt 0.844001591 0.123229489
vt 0.863159657 0.138765305
vt 0.708321631 0.167734429
vt 0.736530542 0.149270788
vt 0.699890673 0.154391423
vt 0.666356623 0.155492261
vt 0.887581289 0.269029528
vt 0.887983441 0.277048826
vt 0.890442669 0.273574352
vt 0.884015083 0.275446147
vt 0.842386961 0.3140513
vt 0.846176028 0.305552155
vt 0.827534258 0.328420579
vt 0.699719727 0.517621696
vt 0.694451571 0.519050241
vt 0.711011648 0.525089324
vt 0.795270503 0.393330544
vt 0.848231316 0.391598493
vt 0.868773282 0.37910071
vt 0.73756814 0.393143535
vt 0.737537563 0.392183185
vt 0.745906353 0.402569413
vt 0.841450334 0.320496619
vt 0.846450925 0.328381568
vt 0.841303587 0.320597082
vt 0.844665587 0.330881655
vt 0.827534258 0.328420579
vt 0.842386961 0.3140513
vt 0.850547791 0.329853982
vt 0.850274742 0.333016008
vt 0.851840913 0.329691231
vt 0.838489234 0.431703895
vt 0.795270503 0.393330544
vt 0.824533999 0.419974715
vt 0.842054248 0.124467656
vt 0.846313715 0.12357606
vt 0.823746622 0.125576809
vt 0.781071544 0.403753459
vt 0.755281091 0.395168275
vt 0.753444731 0.405711114
vt 0.888876975 0.216984868
vt 0.762401819 0.146158889
vt 0.764202297 0.14665772
vt 0.788244069 0.157821015
vt 0.888876975 0.216984868
vt 0.880675435 0.232421041
vt 0.884015083 0.275446147
vt 0.847744763 0.151046589
vt 0.850114942 0.151086971
vt 0.84987545 0.150857672
vt 0.747070968 0.150702879
vt 0.757931054 0.135021582
vt 0.736106753 0.136956468
vt 0.871173918 0.861143351
vt 0.870794773 0.860306203
vt 0.870784104 0.860450745
vt 0.874266863 0.866903305
vt 0.873640835 0.864297628
vt 0.873689532 0.864490867
vt 0.875709355 0.865471959
vt 0.873896897 0.864236057
vt 0.873661339 0.86403501
vt 0.876053393 0.86469686
vt 0.874178648 0.864462852
vt 0.873896897 0.864236057
vt 0.873047292 0.863153219
vt 0.873025298 0.862980187
vt 0.872066557 0.861974776
vt 0.872170031 0.862047315
vt 0.871347427 0.861085594
vt 0.871155977 0.860904276
vt 0.872076809 0.862282574
vt 0.873066127 0.863366485
vt 0.874178648 0.864462852
vt 0.872102439 0.862542927
vt 0.871173918 0.861143351
vt 0.870784104 0.860450745
vt 0.871219456 0.861373723
vt 0.870794773 0.860306203
vt 0.874178648 0.864462852
vt 0.873047292 0.863153219
vt 0.873896897 0.864236057
vt 0.871331692 0.861258984
vt 0.870462775 0.859593153
vt 0.870853245 0.860242546
vt 0.871493518 0.861142874
vt 0.869009674 0.858336508
vt 0.870462775 0.859593153
vt 0.888458371 0.284070611
vt 0.842386961 0.3140513
vt 0.827534258 0.328420579
vt 0.846176028 0.305552155
vt 0.795270503 0.393330544
vt 0.868773282 0.37910071
vt 0.848231316 0.391598493
vt 0.73756814 0.393143535
vt 0.745906353 0.402569413
vt 0.737537563 0.392183185
vt 0.841450334 0.320496619
vt 0.846450925 0.328381568
vt 0.841303587 0.320597082
vt 0.844665587 0.330881655
vt 0.827534258 0.328420579
vt 0.842386961 0.3140513
vt 0.850547791 0.329853982
vt 0.851840913 0.329691231
vt 0.850274742 0.333016008
vt 0.838489234 0.431703895
vt 0.824533999 0.419974715
vt 0.795270503 0.393330544
vt 0.781071544 0.403753459
vt 0.753444731 0.405711114
vt 0.755281091 0.395168275
vt 0.888876975 0.216984868
vt 0.762401819 0.146158889
vt 0.788244069 0.157821015
vt 0.764202297 0.14665772
vt 0.888876975 0.216984868
vt 0.884015083 0.275446147
vt 0.880675435 0.232421041
vt 0.847744763 0.151046589
vt 0.84987545 0.150857672
vt 0.850114942 0.151086971
vt 0.747070968 0.150702879
vt 0.736106753 0.136956468
vt 0.757931054 0.135021582
vt 0.871173918 0.861143351
vt 0.870784104 0.860450745
vt 0.870794773 0.860306203
vt 0.874266863 0.866903305
vt 0.873689532 0.864490867
vt 0.873640835 0.864297628
vt 0.875709355 0.865471959
vt 0.873661339 0.86403501
vt 0.873896897 0.864236057
vt 0.876053393 0.86469686
vt 0.873896897 0.864236057
vt 0.874178648 0.864462852
vt 0.873025298 0.862980187
vt 0.873047292 0.863153219
vt 0.872066557 0.861974776
vt 0.872170031 0.862047315
vt 0.871347427 0.861085594
vt 0.871155977 0.860904276
vt 0.872076809 0.862282574
vt 0.873066127 0.863366485
vt 0.874178648 0.864462852
vt 0.872102439 0.862542927
vt 0.871173918 0.861143351
vt 0.870784104 0.860450745
vt 0.871219456 0.861373723
vt 0.870794773 0.860306203
vt 0.874178648 0.864462852
vt 0.873896897 0.864236057
vt 0.873047292 0.863153219
vt 0.871331692 0.861258984
vt 0.870853245 0.860242546
vt 0.870462775 0.859593153
vt 0.871493518 0.861142874
vt 0.870462775 0.859593153
vt 0.869009674 0.858336508
vt 0.888458371 0.284070611
vt 0.842386961 0.3140513
vt 0.827534258 0.328420579
vt 0.846176028 0.305552155
vt 0.806158841 0.127300993
vt 0.823752284 0.125741199
vt 0.816101909 0.128195122
vt 0.754619539 0.135315135
vt 0.755227745 0.128600731
vt 0.757795513 0.131083205
vt 0.795270503 0.393330544
vt 0.868773282 0.37910071
vt 0.848231316 0.391598493
vt 0.823764265 0.12608926
vt 0.842647135 0.124415085
vt 0.838951051 0.126169339
vt 0.73756814 0.393143535
vt 0.745906353 0.402569413
vt 0.737537563 0.392183185
vt 0.841450334 0.320496619
vt 0.846450925 0.328381568
vt 0.841303587 0.320597082
vt 0.844665587 0.330881655
vt 0.827534258 0.328420579
vt 0.842386961 0.3140513
vt 0.850547791 0.329853982
vt 0.851840913 0.329691231
vt 0.850274742 0.333016008
vt 0.70931077 0.137735263
vt 0.728818536 0.136005774
vt 0.716468334 0.15104945
vt 0.883666992 0.18890889
vt 0.892378211 0.188136593
vt 0.890391946 0.192433938
vt 0.753231347 0.396770477
vt 0.745906353 0.402569413
vt 0.73756814 0.393143535
vt 0.838489234 0.431703895
vt 0.824533999 0.419974715
vt 0.795270503 0.393330544
vt 0.781071544 0.403753459
vt 0.753444731 0.405711114
vt 0.755281091 0.395168275
vt 0.888876975 0.216984868
vt 0.762401819 0.146158889
vt 0.788244069 0.157821015
vt 0.764202297 0.14665772
vt 0.888876975 0.216984868
vt 0.884015083 0.275446147
vt 0.880675435 0.232421041
vt 0.897128999 0.210707203
vt 0.885438979 0.224767491
vt 0.884455919 0.21183072
vt 0.736106753 0.136956468
vt 0.747070968 0.150702879
vt 0.743853569 0.164584234
vt 0.747070968 0.150702879
vt 0.736106753 0.136956468
vt 0.757931054 0.135021582
vt 0.871173918 0.861143351
vt 0.870784104 0.860450745
vt 0.870794773 0.860306203
vt 0.874266863 0.866903305
vt 0.873689532 0.864490867
vt 0.873640835 0.864297628
vt 0.875709355 0.865471959
vt 0.873661339 0.86403501
vt 0.873896897 0.864236057
vt 0.876053393 0.86469686
vt 0.873896897 0.864236057
vt 0.874178648 0.864462852
vt 0.873025298 0.862980187
vt 0.873047292 0.863153219
vt 0.872066557 0.861974776
vt 0.872170031 0.862047315
vt 0.871347427 0.861085594
vt 0.871155977 0.860904276
vt 0.872076809 0.862282574
vt 0.873066127 0.863366485
vt 0.874178648 0.864462852
vt 0.872102439 0.862542927
vt 0.871173918 0.861143351
vt 0.870784104 0.860450745
vt 0.871219456 0.861373723
vt 0.870794773 0.860306203
vt 0.874178648 0.864462852
vt 0.873896897 0.864236057
vt 0.873047292 0.863153219
vt 0.871331692 0.861258984
vt 0.870853245 0.860242546
vt 0.870462775 0.859593153
vt 0.871493518 0.861142874
vt 0.870462775 0.859593153
vt 0.869009674 0.858336508
vt 0.888458371 0.284070611
vt 0.842386961 0.3140513
vt 0.846176028 0.305552155
vt 0.827534258 0.328420579
vt 0.806158841 0.127300993
vt 0.816101909 0.128195122
vt 0.823752284 0.125741199
vt 0.754619539 0.135315135
vt 0.757795513 0.131083205
vt 0.755227745 0.128600731
vt 0.795270503 0.393330544
vt 0.848231316 0.391598493
vt 0.868773282 0.37910071
vt 0.823764265 0.12608926
vt 0.838951051 0.126169339
vt 0.842647135 0.124415085
vt 0.73756814 0.393143535
vt 0.737537563 0.392183185
vt 0.745906353 0.402569413
vt 0.841450334 0.320496619
vt 0.846450925 0.328381568
vt 0.841303587 0.320597082
vt 0.844665587 0.330881655
vt 0.827534258 0.328420579
vt 0.842386961 0.3140513
vt 0.850547791 0.329853982
vt 0.850274742 0.333016008
vt 0.851840913 0.329691231
vt 0.70931077 0.137735263
vt 0.716468334 0.15104945
vt 0.728818536 0.136005774
vt 0.883666992 0.18890889
vt 0.890391946 0.192433938
vt 0.892378211 0.188136593
vt 0.753231347 0.396770477
vt 0.73756814 0.393143535
vt 0.745906353 0.402569413
vt 0.838489234 0.431703895
vt 0.795270503 0.393330544
vt 0.824533999 0.419974715
vt 0.781071544 0.403753459
vt 0.755281091 0.395168275
vt 0.753444731 0.405711114
vt 0.888876975 0.216984868
vt 0.762401819 0.146158889
vt 0.764202297 0.14665772
vt 0.788244069 0.157821015
vt 0.888876975 0.216984868
vt 0.880675435 0.232421041
vt 0.884015083 0.275446147
vt 0.897128999 0.210707203
vt 0.884455919 0.21183072
vt 0.885438979 0.224767491
vt 0.736106753 0.136956468
vt 0.743853569 0.164584234
vt 0.747070968 0.150702879
vt 0.747070968 0.150702879
vt 0.757931054 0.135021582
vt 0.736106753 0.136956468
vt 0.871173918 0.861143351
vt 0.870794773 0.860306203
vt 0.870784104 0.860450745
vt 0.874266863 0.866903305
vt 0.873640835 0.864297628
vt 0.873689532 0.864490867
vt 0.875709355 0.865471959
vt 0.873896897 0.864236057
vt 0.873661339 0.86403501
vt 0.876053393 0.86469686
vt 0.874178648 0.864462852
vt 0.873896897 0.864236057
vt 0.873047292 0.863153219
vt 0.873025298 0.862980187
vt 0.872066557 0.861974776
vt 0.872170031 0.862047315
vt 0.871347427 0.861085594
vt 0.871155977 0.860904276
vt 0.872076809 0.862282574
vt 0.873066127 0.863366485
vt 0.874178648 0.864462852
vt 0.872102439 0.862542927
vt 0.871173918 0.861143351
vt 0.870784104 0.860450745
vt 0.871219456 0.861373723
vt 0.870794773 0.860306203
vt 0.874178648 0.864462852
vt 0.873047292 0.863153219
vt 0.873896897 0.864236057
vt 0.871331692 0.861258984
vt 0.870462775 0.859593153
vt 0.870853245 0.860242546
vt 0.871493518 0.861142874
vt 0.869009674 0.858336508
vt 0.870462775 0.859593153
vt 0.888458371 0.284070611
vt 0.893097937 0.182356238
vt 0.908733487 0.179408386
vt 0.911649227 0.14760606
vt 0.888876975 0.216984868
vt 0.878856361 0.228163168
vt 0.9032529 0.152136803
vt 0.862169743 0.247627705
vt 0.857935727 0.260172486
vt 0.848964155 0.27522552
vt 0.871634722 0.249865264
vt 0.878856361 0.228163168
vt 0.888876975 0.216984868
vt 0.847521245 0.285603762
vt 0.846176028 0.305552155
vt 0.85798341 0.297881931
vt 0.827534258 0.328420579
vt 0.794285238 0.331650794
vt 0.800690591 0.383440852
vt 0.828129292 0.376023412
vt 0.851875722 0.340821296
vt 0.862711132 0.374411702
vt 0.865105152 0.363632083
vt 0.868773282 0.37910071
vt 0.881314754 0.354225457
vt 0.86981082 0.365273684
vt 0.872266173 0.366117656
vt 0.878205776 0.364734709
vt 0.880765855 0.364039838
vt 0.861735404 0.325681061
vt 0.89191097 0.360817283
vt 0.881536722 0.367724091
vt 0.882200003 0.3712807
vt 0.893338561 0.336047381
vt 0.904385567 0.343230665
vt 0.906598091 0.316023171
vt 0.931692064 0.319343358
vt 0.869275928 0.312720805
vt 0.924860954 0.260479033
vt 0.962873757 0.287884444
vt 0.880346 0.29893589
vt 0.888458371 0.284070611
vt 0.91016525 0.2589297
vt 0.887581289 0.269029528
vt 0.889767945 0.254777402
vt 0.956122398 0.25007543
vt 1.00254512 0.270599782
vt 0.984196007 0.233416542
vt 0.912642539 0.222330585
vt 0.892870009 0.240629047
vt 0.955911875 0.209400892
vt 0.969594598 0.198595241
vt 0.952701032 0.157796532
vt 0.937519252 0.219365463
vt 0.924375415 0.171375781
vt 0.904394209 0.196149915
vt 0.908733487 0.179408386
vt 0.942238688 0.135044634
vt 0.920836687 0.152197063
vt 0.915371597 0.162960127
vt 0.911649227 0.14760606
vt 0.65151149 0.103446707
vt 0.647899032 0.0968559682
vt 0.63288945 0.138197511
vt 0.657547116 0.123063236
vt 0.662092209 0.132583588
vt 0.665135145 0.146137282
vt 0.6668396 0.153153032
vt 0.623012602 0.162657052
vt 0.672557592 0.178386763
vt 0.672895133 0.182587475
vt 0.61389792 0.1848993
vt 0.677919745 0.243617594
vt 0.58301723 0.256120414
vt 0.660544574 0.277411729
vt 0.680249453 0.252536237
vt 0.677525342 0.268253505
vt 0.689623356 0.28993237
vt 0.706795812 0.310042292
vt 0.685560107 0.268234164
vt 0.696916163 0.235547423
vt 0.72548914 0.188676298
vt 0.753809512 0.172999591
vt 0.757106006 0.166292101
vt 0.761306405 0.15049158
vt 0.747510195 0.13628751
vt 0.763173401 0.138355717
vt 0.763941884 0.12942262
vt 0.765529811 0.119765669
vt 0.73430723 0.267498821
vt 0.731671154 0.263667464
vt 0.759172797 0.253150642
vt 0.756821215 0.259526014
vt 0.749546051 0.27209422
vt 0.758424222 0.283445835
vt 0.739058793 0.275218189
vt 0.750346959 0.282834649
vt 0.723355472 0.300263017
vt 0.758022249 0.314880639
vt 0.768558681 0.290988743
vt 0.707529783 0.342124879
vt 0.742726743 0.310115457
vt 0.730029404 0.348359108
vt 0.744920015 0.351842254
vt 0.695052683 0.340797305
vt 0.705453873 0.373533815
vt 0.722514749 0.379107237
vt 0.678224981 0.344607472
vt 0.670316577 0.30953458
vt 0.603862703 0.369855672
vt 0.5938887 0.340130806
vt 0.678224981 0.344607472
vt 0.603862703 0.369855672
vt 0.678224981 0.344607472
vt 0.678224981 0.344607472
vt 0.694477201 0.375454426
vt 0.682579935 0.349321008
vt 0.657088637 0.389215112
vt 0.650146961 0.387226939
vt 0.687395215 0.387544066
vt 0.636412799 0.413137883
vt 0.712351918 0.38912195
vt 0.712132633 0.400998563
vt 0.708189845 0.413167119
vt 0.643697143 0.418660253
vt 0.622409463 0.442689091
vt 0.737537563 0.392183185
vt 0.735282362 0.400219381
vt 0.708189845 0.413167119
vt 0.745906353 0.402569413
vt 0.739144683 0.375771105
vt 0.73756814 0.393143535
vt 0.676597714 0.4149068
vt 0.682579935 0.349321008
vt 0.630780578 0.448753357
vt 0.616546988 0.47123751
vt 0.667020082 0.450925052
vt 0.630780578 0.448753357
vt 0.683484495 0.411236435
vt 0.686631322 0.38720572
vt 0.708189845 0.413167119
vt 0.674725413 0.45025903
vt 0.660576105 0.478203714
vt 0.616546988 0.47123751
vt 0.721621275 0.450640798
vt 0.67032963 0.479937851
vt 0.660071015 0.512066483
vt 0.59971559 0.496599376
vt 0.702403665 0.459658861
vt 0.73289746 0.408787012
vt 0.727874935 0.45523417
vt 0.735282362 0.400219381
vt 0.735159039 0.405338049
vt 0.746173382 0.403394639
vt 0.701778769 0.48576802
vt 0.725160122 0.466774166
vt 0.711504042 0.480190217
vt 0.703589082 0.492548704
vt 0.741699278 0.462515533
vt 0.744315982 0.47679916
vt 0.729722619 0.522321403
vt 0.765173614 0.4970963
vt 0.729722619 0.522321403
vt 0.722616255 0.522791862
vt 0.703885794 0.499248147
vt 0.703589082 0.492548704
vt 0.694451571 0.519050241
vt 0.703885794 0.499248147
vt 0.704699934 0.504790723
vt 0.704699934 0.504790723
vt 0.699719727 0.517621696
vt 0.711011648 0.525089324
vt 0.5938887 0.340130806
vt 0.660544574 0.277411729
vt 0.58301723 0.256120414
vt 0.670316577 0.30953458
vt 0.706795812 0.310042292
vt 0.796669245 0.133195266
vt 0.764001846 0.14597179
vt 0.80280441 0.13976793
vt 0.760159791 0.136432096
vt 0.590376854 0.488740504
vt 0.59971559 0.496599376
vt 0.606515527 0.463363111
vt 0.543006122 0.442469895
vt 0.56246835 0.417583257
vt 0.585176826 0.397454143
vt 0.636412799 0.413137883
vt 0.616325557 0.353101879
vt 0.650146961 0.387226939
vt 0.678224981 0.344607472
vt 0.683203995 0.339313835
vt 0.992880702 0.301283479
vt 1.0098511 0.306261122
vt 1.00893688 0.297844082
vt 1.011006 0.328482747
vt 0.973421812 0.306609213
vt 0.977409363 0.329026222
vt 0.942017376 0.325594157
vt 0.979605973 0.352149367
vt 0.952845097 0.364943117
vt 0.933921516 0.332763731
vt 1.00385177 0.364908874
vt 0.979713261 0.411370456
vt 0.945349753 0.356798202
vt 0.942526281 0.362454474
vt 0.938785791 0.369936168
vt 0.936959743 0.354467571
vt 0.935110092 0.353371531
vt 0.929865777 0.350451231
vt 0.917246699 0.351425469
vt 0.92720902 0.361629635
vt 0.914658844 0.354727566
vt 0.926177561 0.364461452
vt 0.936618686 0.374251783
vt 0.920598865 0.391477168
vt 0.911485672 0.365796506
vt 0.925264597 0.366511494
vt 0.924295604 0.369140744
vt 0.927569091 0.371226013
vt 0.911607504 0.377611697
vt 0.933700562 0.37487793
vt 0.909072459 0.382627547
vt 0.96021843 0.43543911
vt 0.901385605 0.407235235
vt 0.896354914 0.383769751
vt 0.894295514 0.391646564
vt 0.940253615 0.45613271
vt 0.889380932 0.391087592
vt 0.888173163 0.421295255
vt 0.911447644 0.483065844
vt 0.875386953 0.409511358
vt 0.857007504 0.427882493
vt 0.879586816 0.393819779
vt 0.848231316 0.391598493
vt 0.795270503 0.393330544
vt 0.838489234 0.431703895
vt 0.873239636 0.441646874
vt 0.900673807 0.488949984
vt 0.853586137 0.468935788
vt 0.870822906 0.50871259
vt 0.864925504 0.510105491
vt 0.844316483 0.515645027
vt 0.833537817 0.466243327
vt 0.819072902 0.433485121
vt 0.824533999 0.419974715
vt 0.795270503 0.393330544
vt 0.81584698 0.4720245
vt 0.811658621 0.497209489
vt 0.798140645 0.524418175
vt 0.739300966 0.48645556
vt 0.75268054 0.519693613
vt 0.743164718 0.469245374
vt 0.754499972 0.421572894
vt 0.753444731 0.405711114
vt 0.752180159 0.405978858
vt 0.735159039 0.405338049
vt 0.752180159 0.405978858
vt 0.781071544 0.403753459
vt 0.785436392 0.373608172
vt 0.828129292 0.376023412
vt 0.868773282 0.37910071
vt 0.862711132 0.374411702
vt 0.781478763 0.362608343
vt 0.785436392 0.373608172
vt 0.781071544 0.403753459
vt 0.770595312 0.38594833
vt 0.755653858 0.394516468
vt 0.755281091 0.395168275
vt 0.76356405 0.379160613
vt 0.771449685 0.357515246
vt 0.755917609 0.386928231
vt 0.750161827 0.375350773
vt 0.73756814 0.393143535
vt 0.755281091 0.395168275
vt 0.756119728 0.351489484
vt 0.758022249 0.314880639
vt 0.781442165 0.330370665
vt 0.767260313 0.323879749
vt 0.791846931 0.309628487
vt 0.779510379 0.301934093
vt 0.768558681 0.290988743
vt 0.788338363 0.296284258
vt 0.806158841 0.127300993
vt 0.816101909 0.128195122
vt 0.823752284 0.125741199
vt 0.806158841 0.127300993
vt 0.823752284 0.125741199
vt 0.594110191 0.137859657
vt 0.579865992 0.146545932
vt 0.587674737 0.147243872
vt 0.593038201 0.148305669
vt 0.598997235 0.14979203
vt 0.603872418 0.126833335
vt 0.606525779 0.1513661
vt 0.60893625 0.125849828
vt 0.616389215 0.138449714
vt 0.616556227 0.159010038
vt 0.620413184 0.161950603
vt 0.623614728 0.136937156
vt 0.628603101 0.162345216
vt 0.624097347 0.172512546
vt 0.619585812 0.167220369
vt 0.619251907 0.173230961
vt 0.628688037 0.17213507
vt 0.628700733 0.172134414
vt 0.754619539 0.135315135
vt 0.755227745 0.128600731
vt 0.750277698 0.129153803
vt 0.746339083 0.129388765
vt 0.742815554 0.129777506
vt 0.737771451 0.131104991
vt 0.754619539 0.135315135
vt 0.737771451 0.131104991
vt 0.722616255 0.522791862
vt 0.704699934 0.504790723
vt 0.711011648 0.525089324
vt 0.703589082 0.492548704
vt 0.704699934 0.504790723
vt 0.703589082 0.492548704
vt 0.754619539 0.135315135
vt 0.757795513 0.131083205
vt 0.755227745 0.128600731
vt 0.757795513 0.131083205
vt 0.754619539 0.135315135
vt 0.761076152 0.163057283
vt 0.723126531 0.173761621
vt 0.723209381 0.183270827
vt 0.720516562 0.174511835
vt 0.705558896 0.181915238
vt 0.704246402 0.175427631
vt 0.701948881 0.182204679
vt 0.699704349 0.175569549
vt 0.690969706 0.176082626
vt 0.689189017 0.186903998
vt 0.6844486 0.174091712
vt 0.682556152 0.183759943
vt 0.676751733 0.179705635
vt 0.671545386 0.173236564
vt 0.667195559 0.17986609
vt 0.666956663 0.171401814
vt 0.667195559 0.17986609
vt 0.666956663 0.171401814
vt 0.667195559 0.17986609
vt 0.667195559 0.17986609
vt 0.685560107 0.268234164
vt 0.677525342 0.268253505
vt 0.689623356 0.28993237
vt 0.680906296 0.254532576
vt 0.696916163 0.235547423
vt 0.679135323 0.247075737
vt 0.72548914 0.188676298
vt 0.71740365 0.180899352
vt 0.747510195 0.13628751
vt 0.739958167 0.130861238
vt 0.754678786 0.103370413
vt 0.765849888 0.0994399786
vt 0.925737023 0.131416738
vt 0.925226808 0.137953088
vt 0.942238688 0.135044634
vt 0.911649227 0.14760606
vt 0.885997713 0.205712751
vt 0.894704401 0.210922137
vt 0.8932845 0.198253736
vt 0.884016931 0.199075356
vt 0.697872758 0.182522446
vt 0.679135323 0.247075737
vt 0.71740365 0.180899352
vt 0.698865116 0.178239301
vt 0.708932638 0.152011573
vt 0.739958167 0.130861238
vt 0.710867167 0.145094126
vt 0.718714595 0.133317813
vt 0.724193752 0.124156982
vt 0.737824619 0.10870409
vt 0.754678786 0.103370413
vt 0.74209857 0.10279958
vt 0.71212244 0.13224943
vt 0.711370826 0.136906758
vt 0.716331184 0.137112871
vt 0.718479931 0.131685808
vt 0.720264733 0.136716619
vt 0.723785818 0.136274204
vt 0.72876364 0.134410515
vt 0.718479931 0.131685808
vt 0.72876364 0.134410515
vt 0.71212244 0.13224943
vt 0.71212244 0.13224943
vt 0.842509687 0.314076006
vt 0.841450334 0.320496619
vt 0.846176028 0.305552155
vt 0.85798341 0.297881931
vt 0.868372321 0.298454165
vt 0.781643093 0.1345274
vt 0.796190023 0.12461175
vt 0.777991712 0.130981699
vt 0.759863794 0.127832368
vt 0.781643093 0.1345274
vt 0.759863794 0.127832368
vt 0.898619652 0.223598883
vt 0.885348558 0.233845219
vt 0.890242994 0.23952122
vt 0.884902775 0.224814996
vt 0.665856302 0.140954986
vt 0.683426857 0.143519297
vt 0.69963789 0.132591322
vt 0.667120457 0.13547425
vt 0.883666992 0.18890889
vt 0.890391946 0.192433938
vt 0.892378211 0.188136593
vt 0.883666992 0.18890889
vt 0.892378211 0.188136593
vt 0.753231347 0.396770477
vt 0.73756814 0.393143535
vt 0.745906353 0.402569413
vt 0.73756814 0.393143535
vt 0.753231347 0.396770477
vt 0.808233738 0.153443083
vt 0.807848096 0.176383868
vt 0.824513197 0.163865015
vt 0.825141072 0.151944116
vt 0.833588779 0.165752307
vt 0.83976388 0.152277574
vt 0.825141072 0.151944116
vt 0.83976388 0.152277574
vt 0.808233738 0.153443083
vt 0.808233738 0.153443083
vt 0.756821215 0.259526014
vt 0.758424222 0.283445835
vt 0.768627286 0.290748954
vt 0.764269829 0.260258645
vt 0.759172797 0.253150642
vt 0.846450925 0.328381568
vt 0.850274742 0.333016008
vt 0.850547791 0.329853982
vt 0.844665587 0.330881655
vt 0.844665587 0.330881655
vt 0.851875722 0.340821296
vt 0.850274742 0.333016008
vt 0.827534258 0.328420579
vt 0.760498762 0.14628233
vt 0.764202297 0.14665772
vt 0.762401819 0.146158889
vt 0.763432205 0.147954419
vt 0.783138692 0.166534528
vt 0.788244069 0.157821015
vt 0.791961193 0.17290087
vt 0.786239028 0.17829971
vt 0.797043025 0.175956503
vt 0.807607889 0.169402972
vt 0.628700733 0.172134414
vt 0.628691971 0.172158703
vt 0.628704548 0.172148183
vt 0.628688037 0.17213507
vt 0.624097347 0.172512546
vt 0.629641414 0.180188283
vt 0.625969052 0.182038411
vt 0.626782298 0.185585454
vt 0.629318118 0.19221203
vt 0.620836735 0.176348403
vt 0.619251907 0.173230961
vt 0.628704548 0.172148183
vt 0.628691971 0.172158703
vt 0.629641414 0.180188283
vt 0.641903579 0.167981461
vt 0.629318118 0.19221203
vt 0.641903579 0.167981461
vt 0.628700733 0.172134414
vt 0.628704548 0.172148183
vt 0.628603101 0.162345216
vt 0.633855045 0.133904383
vt 0.665164828 0.120864704
vt 0.626945615 0.136636779
vt 0.623614728 0.136937156
vt 0.892586768 0.192239359
vt 0.887800336 0.196843639
vt 0.889903069 0.198553517
vt 0.883808434 0.193017617
vt 0.883808434 0.193017617
vt 0.892586768 0.192239359
vt 0.847847104 0.151973501
vt 0.849832654 0.151223794
vt 0.847769141 0.151471809
vt 0.844855905 0.151664987
vt 0.8492468 0.172689095
vt 0.850485086 0.17058681
vt 0.844807506 0.173107103
vt 0.84143877 0.167890713
vt 0.841726184 0.170320168
vt 0.842206717 0.173295304
vt 0.841037214 0.164495483
vt 0.844754338 0.153730974
vt 0.850332737 0.165905282
vt 0.850058138 0.15784134
vt 0.849852324 0.15179576
vt 0.843450069 0.153457835
vt 0.839778066 0.152688876
vt 0.817448378 0.14662452
vt 0.820130527 0.145441726
vt 0.824658692 0.127436474
vt 0.810536683 0.150045052
vt 0.808509648 0.146702811
vt 0.80711174 0.144269362
vt 0.806737065 0.143952057
vt 0.806566 0.139130726
vt 0.810067356 0.128730133
vt 0.779444695 0.16556178
vt 0.763432205 0.147954419
vt 0.760498762 0.14628233
vt 0.783138692 0.166534528
vt 0.779778242 0.167691812
vt 0.782477796 0.172797278
vt 0.786239028 0.17829971
vt 0.788244069 0.157821015
vt 0.786682248 0.148084983
vt 0.762401819 0.146158889
vt 0.788745046 0.145635709
vt 0.791392684 0.143543378
vt 0.795939326 0.144188687
vt 0.807607889 0.169402972
vt 0.762401819 0.146158889
vt 0.786682248 0.148084983
vt 0.760498762 0.14628233
vt 0.782755792 0.153428927
vt 0.780397952 0.15733321
vt 0.779444695 0.16556178
vt 0.84230721 0.146565273
vt 0.843782604 0.150291309
vt 0.844730377 0.146078542
vt 0.840740681 0.14260976
vt 0.847187161 0.135119155
vt 0.831049562 0.142579392
vt 0.834470987 0.140251085
vt 0.824658692 0.127436474
vt 0.82918644 0.143847033
vt 0.825496554 0.149609372
vt 0.820130527 0.145441726
vt 0.822010517 0.148644492
vt 0.824006319 0.152044669
vt 0.847744763 0.151046589
vt 0.847840667 0.151400372
vt 0.850114942 0.151086971
vt 0.844843745 0.151311651
vt 0.834539473 0.133753076
vt 0.83435905 0.136998788
vt 0.838757753 0.141345516
vt 0.846846998 0.130471304
vt 0.840740681 0.14260976
vt 0.847187161 0.135119155
vt 0.846639037 0.127167121
vt 0.834870756 0.127792284
vt 0.846724868 0.126741216
vt 0.897128999 0.210707203
vt 0.884455919 0.21183072
vt 0.885438979 0.224767491
vt 0.885438979 0.224767491
vt 0.884455919 0.21183072
vt 0.736106753 0.136956468
vt 0.743853569 0.164584234
vt 0.747070968 0.150702879
vt 0.747070968 0.150702879
vt 0.743853569 0.164584234
vt 0.888458371 0.284070611
vt 0.884727418 0.271518916
vt 0.887983441 0.277048826
vt 0.887581289 0.269029528
vt 0.871219456 0.861373723
vt 0.870853245 0.860242546
vt 0.870794773 0.860306203
vt 0.871331692 0.861258984
vt 0.872267187 0.862442136
vt 0.872102439 0.862542927
vt 0.873034894 0.863233745
vt 0.873066127 0.863366485
vt 0.874310434 0.864239514
vt 0.874178648 0.864462852
vt 0.874123216 0.864033282
vt 0.872990549 0.863112509
vt 0.872448683 0.862183273
vt 0.871493518 0.861142874
vt 0.870462775 0.859593153
vt 0.874812067 0.863865733
vt 0.876053393 0.86469686
vt 0.870226085 0.853700042
vt 0.862234414 0.864430249
vt 0.873937964 0.86500752
vt 0.861989439 0.871045828
vt 0.873665988 0.865914345
vt 0.866063952 0.877779365
vt 0.873516977 0.866689801
vt 0.755090594 0.944720984
vt 0.826047361 0.986706734
vt 0.723172069 0.886191368
vt 0.956120074 0.965629101
vt 0.786688209 0.747970581
vt 0.878297687 0.879759133
vt 0.990758002 0.834152818
vt 0.883381128 0.85572356
vt 0.916269541 0.745605469
vt 0.874266863 0.866903305
vt 0.873689532 0.864490867
vt 0.885907471 0.86942482
vt 0.959762752 0.773965657
vt 0.886630714 0.862109363
vt 0.875709355 0.865471959
vt 0.873896897 0.864236057
vt 0.875189483 0.865937352
vt 0.873640835 0.864297628
vt 0.873661339 0.86403501
vt 0.87300235 0.863254547
vt 0.873025298 0.862980187
vt 0.873896897 0.864236057
vt 0.872170031 0.862047315
vt 0.872974813 0.86345607
vt 0.873689532 0.864490867
vt 0.872313678 0.862425566
vt 0.871364057 0.861188114
vt 0.871347427 0.861085594
vt 0.870286822 0.860481322
vt 0.870626986 0.860555708
vt 0.871155977 0.860904276
vt 0.870784104 0.860450745
vt 0.870626986 0.860555708
vt 0.870784104 0.860450745
vt 0.870794773 0.860306203
vt 0.870390773 0.860040247
vt 0.870286822 0.860481322
vt 0.870853245 0.860242546
vt 0.869621575 0.859722197
vt 0.870462775 0.859593153
vt 0.869009674 0.858336508
vt 0.873937964 0.86500752
vt 0.874310434 0.864239514
vt 0.874812067 0.863865733
vt 0.874123216 0.864033282
vt 0.873665988 0.865914345
vt 0.873883307 0.864267349
vt 0.873516977 0.866689801
vt 0.872990549 0.863112509
vt 0.873689532 0.864490867
vt 0.873003066 0.863320768
vt 0.872448683 0.862183273
vt 0.872974813 0.86345607
vt 0.87239933 0.862294555
vt 0.871493518 0.861142874
vt 0.872313678 0.862425566
vt 0.871492445 0.860938728
vt 0.871364057 0.861188114
vt 0.869621575 0.859722197
vt 0.870286822 0.860481322
vt 0.869009674 0.858336508
vt 0.87239933 0.862294555
vt 0.871492445 0.860938728
vt 0.871493518 0.861142874
vt 0.869009674 0.858336508
vt 0.925132036 0.31070593
vt 0.891274691 0.31370765
vt 0.896469295 0.342876434
vt 0.918053567 0.358123332
vt 0.897193193 0.35468486
vt 0.895342886 0.367781132
vt 0.907853365 0.36803776
vt 0.921350121 0.386735409
vt 0.904416203 0.381063163
vt 0.92649287 0.354254782
vt 0.929760218 0.315987796
vt 0.925132036 0.31070593
vt 0.918053567 0.358123332
vt 0.921350121 0.386735409
vt 0.92649287 0.354254782
vt 0.921350121 0.386735409
vt 0.929760218 0.315987796
vt 0.929760218 0.315987796
vt 0.92649287 0.354254782
vt 0.92649287 0.354254782
vt 0.921350121 0.386735409
vt 0.921350121 0.386735409
vt 0.918053567 0.358123332
vt 0.925132036 0.31070593
vt 0.929760218 0.315987796
vt 0.92276597 0.23727864
vt 0.88874799 0.24029462
vt 0.893967271 0.269601703
vt 0.915702462 0.284308642
vt 0.894821882 0.281579077
vt 0.89313668 0.294988632
vt 0.905854702 0.29470104
vt 0.917798698 0.311356038
vt 0.917798698 0.311356038
vt 0.905854702 0.29470104
vt 0.903323472 0.303426802
vt 0.90229398 0.308054298
vt 0.924036503 0.280793488
vt 0.927379072 0.242579922
vt 0.92276597 0.23727864
vt 0.915702462 0.284308642
vt 0.917798698 0.311356038
vt 0.924036503 0.280793488
vt 0.917798698 0.311356038
vt 0.927379072 0.242579922
vt 0.927379072 0.242579922
vt 0.92276597 0.23727864
vt 0.92276597 0.23727864
vt 0.88874799 0.24029462
vt 0.88874799 0.24029462
vt 0.935539365 0.385477453
vt 0.893871963 0.389171571
vt 0.900264978 0.425068974
vt 0.927809358 0.447045803
vt 0.900649607 0.43947503
vt 0.897486806 0.455064416
vt 0.913175821 0.457853824
vt 0.930053592 0.469736069
vt 0.930053592 0.469736069
vt 0.913175821 0.457853824
vt 0.909221649 0.467973471
vt 0.907509923 0.473417401
vt 0.938439369 0.439986259
vt 0.941487372 0.391773611
vt 0.935539365 0.385477453
vt 0.927809358 0.447045803
vt 0.930053592 0.469736069
vt 0.938439369 0.439986259
vt 0.930053592 0.469736069
vt 0.941487372 0.391773611
vt 0.941487372 0.391773611
vt 0.938439369 0.439986259
vt 0.938439369 0.439986259
vt 0.930053592 0.469736069
vt 0.930053592 0.469736069
vt 0.927809358 0.447045803
vt 0.935539365 0.385477453
vt 0.941487372 0.391773611
vt 0.940014243 0.470535636
vt 0.896804094 0.474366486
vt 0.9034338 0.511592984
vt 0.931997895 0.534383535
vt 0.903832793 0.526532233
vt 0.900552869 0.542699039
vt 0.916822731 0.545591295
vt 0.934325337 0.557914138
vt 0.912721992 0.556086004
vt 0.910946786 0.561731458
vt 0.943021536 0.527063012
vt 0.946182668 0.477064788
vt 0.940014243 0.470535636
vt 0.931997895 0.534383535
vt 0.934325337 0.557914138
vt 0.943021536 0.527063012
vt 0.934325337 0.557914138
vt 0.946182668 0.477064788
vt 0.946182668 0.477064788
vt 0.943021536 0.527063012
vt 0.943021536 0.527063012
vt 0.934325337 0.557914138
vt 0.934325337 0.557914138
vt 0.931997895 0.534383535
vt 0.940014243 0.470535636
vt 0.946182668 0.477064788
vt 0.884015083 0.275446147
vt 0.890442669 0.273574352
vt 0.884727418 0.271518916
vt 0.888458371 0.284070611
vt 0.893097937 0.182356238
vt 0.911649227 0.14760606
vt 0.908733487 0.179408386
vt 0.888876975 0.216984868
vt 0.878856361 0.228163168
vt 0.9032529 0.152136803
vt 0.862169743 0.247627705
vt 0.857935727 0.260172486
vt 0.848964155 0.27522552
vt 0.871634722 0.249865264
vt 0.878856361 0.228163168
vt 0.888876975 0.216984868
vt 0.847521245 0.285603762
vt 0.846176028 0.305552155
vt 0.85798341 0.297881931
vt 0.827534258 0.328420579
vt 0.794285238 0.331650794
vt 0.800690591 0.383440852
vt 0.828129292 0.376023412
vt 0.851875722 0.340821296
vt 0.862711132 0.374411702
vt 0.865105152 0.363632083
vt 0.868773282 0.37910071
vt 0.881314754 0.354225457
vt 0.86981082 0.365273684
vt 0.872266173 0.366117656
vt 0.878205776 0.364734709
vt 0.880765855 0.364039838
vt 0.861735404 0.325681061
vt 0.89191097 0.360817283
vt 0.881536722 0.367724091
vt 0.882200003 0.3712807
vt 0.893338561 0.336047381
vt 0.904385567 0.343230665
vt 0.906598091 0.316023171
vt 0.931692064 0.319343358
vt 0.869275928 0.312720805
vt 0.924860954 0.260479033
vt 0.962873757 0.287884444
vt 0.880346 0.29893589
vt 0.888458371 0.284070611
vt 0.91016525 0.2589297
vt 0.887581289 0.269029528
vt 0.889767945 0.254777402
vt 0.956122398 0.25007543
vt 1.00254512 0.270599782
vt 0.984196007 0.233416542
vt 0.912642539 0.222330585
vt 0.892870009 0.240629047
vt 0.955911875 0.209400892
vt 0.969594598 0.198595241
vt 0.952701032 0.157796532
vt 0.937519252 0.219365463
vt 0.924375415 0.171375781
vt 0.904394209 0.196149915
vt 0.908733487 0.179408386
vt 0.942238688 0.135044634
vt 0.920836687 0.152197063
vt 0.915371597 0.162960127
vt 0.911649227 0.14760606
vt 0.65151149 0.103446707
vt 0.63288945 0.138197511
vt 0.647899032 0.0968559682
vt 0.657547116 0.123063236
vt 0.662092209 0.132583588
vt 0.665135145 0.146137282
vt 0.6668396 0.153153032
vt 0.623012602 0.162657052
vt 0.672557592 0.178386763
vt 0.672895133 0.182587475
vt 0.61389792 0.1848993
vt 0.677919745 0.243617594
vt 0.58301723 0.256120414
vt 0.660544574 0.277411729
vt 0.680249453 0.252536237
vt 0.677525342 0.268253505
vt 0.689623356 0.28993237
vt 0.706795812 0.310042292
vt 0.685560107 0.268234164
vt 0.696916163 0.235547423
vt 0.72548914 0.188676298
vt 0.753809512 0.172999591
vt 0.757106006 0.166292101
vt 0.761306405 0.15049158
vt 0.747510195 0.13628751
vt 0.763173401 0.138355717
vt 0.763941884 0.12942262
vt 0.765529811 0.119765669
vt 0.731671154 0.263667464
vt 0.73430723 0.267498821
vt 0.759172797 0.253150642
vt 0.756821215 0.259526014
vt 0.749546051 0.27209422
vt 0.758424222 0.283445835
vt 0.739058793 0.275218189
vt 0.750346959 0.282834649
vt 0.723355472 0.300263017
vt 0.758022249 0.314880639
vt 0.768558681 0.290988743
vt 0.707529783 0.342124879
vt 0.742726743 0.310115457
vt 0.730029404 0.348359108
vt 0.744920015 0.351842254
vt 0.695052683 0.340797305
vt 0.705453873 0.373533815
vt 0.722514749 0.379107237
vt 0.678224981 0.344607472
vt 0.670316577 0.30953458
vt 0.603862703 0.369855672
vt 0.5938887 0.340130806
vt 0.694477201 0.375454426
vt 0.682579935 0.349321008
vt 0.657088637 0.389215112
vt 0.650146961 0.387226939
vt 0.687395215 0.387544066
vt 0.636412799 0.413137883
vt 0.712351918 0.38912195
vt 0.712132633 0.400998563
vt 0.708189845 0.413167119
vt 0.643697143 0.418660253
vt 0.622409463 0.442689091
vt 0.737537563 0.392183185
vt 0.735282362 0.400219381
vt 0.708189845 0.413167119
vt 0.745906353 0.402569413
vt 0.739144683 0.375771105
vt 0.73756814 0.393143535
vt 0.676597714 0.4149068
vt 0.682579935 0.349321008
vt 0.630780578 0.448753357
vt 0.616546988 0.47123751
vt 0.683484495 0.411236435
vt 0.686631322 0.38720572
vt 0.708189845 0.413167119
vt 0.667020082 0.450925052
vt 0.630780578 0.448753357
vt 0.674725413 0.45025903
vt 0.721621275 0.450640798
vt 0.660576105 0.478203714
vt 0.616546988 0.47123751
vt 0.67032963 0.479937851
vt 0.660071015 0.512066483
vt 0.59971559 0.496599376
vt 0.702403665 0.459658861
vt 0.73289746 0.408787012
vt 0.727874935 0.45523417
vt 0.735282362 0.400219381
vt 0.735159039 0.405338049
vt 0.746173382 0.403394639
vt 0.701778769 0.48576802
vt 0.725160122 0.466774166
vt 0.711504042 0.480190217
vt 0.703589082 0.492548704
vt 0.741699278 0.462515533
vt 0.744315982 0.47679916
vt 0.729722619 0.522321403
vt 0.765173614 0.4970963
vt 0.729722619 0.522321403
vt 0.722616255 0.522791862
vt 0.703885794 0.499248147
vt 0.694451571 0.519050241
vt 0.703885794 0.499248147
vt 0.703589082 0.492548704
vt 0.704699934 0.504790723
vt 0.704699934 0.504790723
vt 0.699719727 0.517621696
vt 0.711011648 0.525089324
vt 0.671545386 0.173236564
vt 0.667195559 0.17986609
vt 0.666956663 0.171401814
vt 0.676751733 0.179705635
vt 0.6844486 0.174091712
vt 0.682556152 0.183759943
vt 0.689189017 0.186903998
vt 0.690969706 0.176082626
vt 0.701948881 0.182204679
vt 0.699704349 0.175569549
vt 0.704246402 0.175427631
vt 0.705558896 0.181915238
vt 0.720516562 0.174511835
vt 0.723209381 0.183270827
vt 0.723126531 0.173761621
vt 0.761076152 0.163057283
vt 0.5938887 0.340130806
vt 0.58301723 0.256120414
vt 0.660544574 0.277411729
vt 0.670316577 0.30953458
vt 0.706795812 0.310042292
vt 0.590376854 0.488740504
vt 0.59971559 0.496599376
vt 0.606515527 0.463363111
vt 0.543006122 0.442469895
vt 0.56246835 0.417583257
vt 0.585176826 0.397454143
vt 0.636412799 0.413137883
vt 0.616325557 0.353101879
vt 0.650146961 0.387226939
vt 0.678224981 0.344607472
vt 0.683203995 0.339313835
vt 0.992880702 0.301283479
vt 1.00893688 0.297844082
vt 1.0098511 0.306261122
vt 1.011006 0.328482747
vt 0.973421812 0.306609213
vt 0.977409363 0.329026222
vt 0.942017376 0.325594157
vt 0.979605973 0.352149367
vt 0.952845097 0.364943117
vt 0.933921516 0.332763731
vt 1.00385177 0.364908874
vt 0.979713261 0.411370456
vt 0.945349753 0.356798202
vt 0.942526281 0.362454474
vt 0.938785791 0.369936168
vt 0.936959743 0.354467571
vt 0.935110092 0.353371531
vt 0.929865777 0.350451231
vt 0.917246699 0.351425469
vt 0.92720902 0.361629635
vt 0.914658844 0.354727566
vt 0.926177561 0.364461452
vt 0.936618686 0.374251783
vt 0.920598865 0.391477168
vt 0.911485672 0.365796506
vt 0.925264597 0.366511494
vt 0.924295604 0.369140744
vt 0.927569091 0.371226013
vt 0.911607504 0.377611697
vt 0.933700562 0.37487793
vt 0.909072459 0.382627547
vt 0.96021843 0.43543911
vt 0.901385605 0.407235235
vt 0.896354914 0.383769751
vt 0.894295514 0.391646564
vt 0.940253615 0.45613271
vt 0.889380932 0.391087592
vt 0.888173163 0.421295255
vt 0.911447644 0.483065844
vt 0.875386953 0.409511358
vt 0.857007504 0.427882493
vt 0.879586816 0.393819779
vt 0.848231316 0.391598493
vt 0.795270503 0.393330544
vt 0.838489234 0.431703895
vt 0.873239636 0.441646874
vt 0.900673807 0.488949984
vt 0.853586137 0.468935788
vt 0.870822906 0.50871259
vt 0.864925504 0.510105491
vt 0.844316483 0.515645027
vt 0.833537817 0.466243327
vt 0.819072902 0.433485121
vt 0.824533999 0.419974715
vt 0.795270503 0.393330544
vt 0.81584698 0.4720245
vt 0.811658621 0.497209489
vt 0.798140645 0.524418175
vt 0.739300966 0.48645556
vt 0.75268054 0.519693613
vt 0.743164718 0.469245374
vt 0.754499972 0.421572894
vt 0.753444731 0.405711114
vt 0.752180159 0.405978858
vt 0.752180159 0.405978858
vt 0.735159039 0.405338049
vt 0.781071544 0.403753459
vt 0.785436392 0.373608172
vt 0.828129292 0.376023412
vt 0.868773282 0.37910071
vt 0.862711132 0.374411702
vt 0.785436392 0.373608172
vt 0.781478763 0.362608343
vt 0.781071544 0.403753459
vt 0.770595312 0.38594833
vt 0.755653858 0.394516468
vt 0.755281091 0.395168275
vt 0.76356405 0.379160613
vt 0.771449685 0.357515246
vt 0.755917609 0.386928231
vt 0.750161827 0.375350773
vt 0.73756814 0.393143535
vt 0.755281091 0.395168275
vt 0.756119728 0.351489484
vt 0.758022249 0.314880639
vt 0.781442165 0.330370665
vt 0.767260313 0.323879749
vt 0.791846931 0.309628487
vt 0.779510379 0.301934093
vt 0.768558681 0.290988743
vt 0.788338363 0.296284258
vt 0.806158841 0.127300993
vt 0.823752284 0.125741199
vt 0.816101909 0.128195122
vt 0.823752284 0.125741199
vt 0.806158841 0.127300993
vt 0.594110191 0.137859657
vt 0.587674737 0.147243872
vt 0.579865992 0.146545932
vt 0.593038201 0.148305669
vt 0.598997235 0.14979203
vt 0.603872418 0.126833335
vt 0.606525779 0.1513661
vt 0.60893625 0.125849828
vt 0.616389215 0.138449714
vt 0.616556227 0.159010038
vt 0.620413184 0.161950603
vt 0.623614728 0.136937156
vt 0.628603101 0.162345216
vt 0.624097347 0.172512546
vt 0.619585812 0.167220369
vt 0.619251907 0.173230961
vt 0.628688037 0.17213507
vt 0.628700733 0.172134414
vt 0.754619539 0.135315135
vt 0.750277698 0.129153803
vt 0.755227745 0.128600731
vt 0.746339083 0.129388765
vt 0.742815554 0.129777506
vt 0.737771451 0.131104991
vt 0.737771451 0.131104991
vt 0.754619539 0.135315135
vt 0.722616255 0.522791862
vt 0.711011648 0.525089324
vt 0.704699934 0.504790723
vt 0.703589082 0.492548704
vt 0.703589082 0.492548704
vt 0.704699934 0.504790723
vt 0.754619539 0.135315135
vt 0.755227745 0.128600731
vt 0.757795513 0.131083205
vt 0.754619539 0.135315135
vt 0.757795513 0.131083205
vt 0.685560107 0.268234164
vt 0.689623356 0.28993237
vt 0.677525342 0.268253505
vt 0.680906296 0.254532576
vt 0.696916163 0.235547423
vt 0.679135323 0.247075737
vt 0.72548914 0.188676298
vt 0.71740365 0.180899352
vt 0.747510195 0.13628751
vt 0.739958167 0.130861238
vt 0.754678786 0.103370413
vt 0.765849888 0.0994399786
vt 0.925737023 0.131416738
vt 0.942238688 0.135044634
vt 0.925226808 0.137953088
vt 0.911649227 0.14760606
vt 0.885997713 0.205712751
vt 0.8932845 0.198253736
vt 0.894704401 0.210922137
vt 0.884016931 0.199075356
vt 0.697872758 0.182522446
vt 0.71740365 0.180899352
vt 0.679135323 0.247075737
vt 0.698865116 0.178239301
vt 0.708932638 0.152011573
vt 0.739958167 0.130861238
vt 0.710867167 0.145094126
vt 0.718714595 0.133317813
vt 0.724193752 0.124156982
vt 0.737824619 0.10870409
vt 0.754678786 0.103370413
vt 0.74209857 0.10279958
vt 0.71212244 0.13224943
vt 0.716331184 0.137112871
vt 0.711370826 0.136906758
vt 0.718479931 0.131685808
vt 0.720264733 0.136716619
vt 0.723785818 0.136274204
vt 0.72876364 0.134410515
vt 0.72876364 0.134410515
vt 0.718479931 0.131685808
vt 0.71212244 0.13224943
vt 0.71212244 0.13224943
vt 0.841450334 0.320496619
vt 0.842509687 0.314076006
vt 0.846176028 0.305552155
vt 0.85798341 0.297881931
vt 0.868372321 0.298454165
vt 0.781643093 0.1345274
vt 0.777991712 0.130981699
vt 0.796190023 0.12461175
vt 0.759863794 0.127832368
vt 0.759863794 0.127832368
vt 0.781643093 0.1345274
vt 0.898619652 0.223598883
vt 0.890242994 0.23952122
vt 0.885348558 0.233845219
vt 0.884902775 0.224814996
vt 0.665856302 0.140954986
vt 0.69963789 0.132591322
vt 0.683426857 0.143519297
vt 0.667120457 0.13547425
vt 0.883666992 0.18890889
vt 0.892378211 0.188136593
vt 0.890391946 0.192433938
vt 0.892378211 0.188136593
vt 0.883666992 0.18890889
vt 0.753231347 0.396770477
vt 0.745906353 0.402569413
vt 0.73756814 0.393143535
vt 0.753231347 0.396770477
vt 0.73756814 0.393143535
vt 0.808233738 0.153443083
vt 0.824513197 0.163865015
vt 0.807848096 0.176383868
vt 0.825141072 0.151944116
vt 0.833588779 0.165752307
vt 0.83976388 0.152277574
vt 0.83976388 0.152277574
vt 0.825141072 0.151944116
vt 0.808233738 0.153443083
vt 0.808233738 0.153443083
vt 0.756821215 0.259526014
vt 0.768627286 0.290748954
vt 0.758424222 0.283445835
vt 0.764269829 0.260258645
vt 0.759172797 0.253150642
vt 0.846450925 0.328381568
vt 0.850547791 0.329853982
vt 0.850274742 0.333016008
vt 0.844665587 0.330881655
vt 0.844665587 0.330881655
vt 0.850274742 0.333016008
vt 0.851875722 0.340821296
vt 0.827534258 0.328420579
vt 0.760498762 0.14628233
vt 0.762401819 0.146158889
vt 0.764202297 0.14665772
vt 0.763432205 0.147954419
vt 0.783138692 0.166534528
vt 0.788244069 0.157821015
vt 0.791961193 0.17290087
vt 0.786239028 0.17829971
vt 0.797043025 0.175956503
vt 0.807607889 0.169402972
vt 0.628700733 0.172134414
vt 0.628704548 0.172148183
vt 0.628691971 0.172158703
vt 0.628688037 0.17213507
vt 0.624097347 0.172512546
vt 0.629641414 0.180188283
vt 0.625969052 0.182038411
vt 0.626782298 0.185585454
vt 0.629318118 0.19221203
vt 0.620836735 0.176348403
vt 0.619251907 0.173230961
vt 0.628704548 0.172148183
vt 0.629641414 0.180188283
vt 0.628691971 0.172158703
vt 0.641903579 0.167981461
vt 0.629318118 0.19221203
vt 0.641903579 0.167981461
vt 0.628704548 0.172148183
vt 0.628700733 0.172134414
vt 0.628603101 0.162345216
vt 0.633855045 0.133904383
vt 0.665164828 0.120864704
vt 0.626945615 0.136636779
vt 0.623614728 0.136937156
vt 0.892586768 0.192239359
vt 0.889903069 0.198553517
vt 0.887800336 0.196843639
vt 0.883808434 0.193017617
vt 0.892586768 0.192239359
vt 0.883808434 0.193017617
vt 0.847847104 0.151973501
vt 0.847769141 0.151471809
vt 0.849832654 0.151223794
vt 0.844855905 0.151664987
vt 0.8492468 0.172689095
vt 0.844807506 0.173107103
vt 0.850485086 0.17058681
vt 0.84143877 0.167890713
vt 0.841726184 0.170320168
vt 0.842206717 0.173295304
vt 0.841037214 0.164495483
vt 0.844754338 0.153730974
vt 0.850332737 0.165905282
vt 0.850058138 0.15784134
vt 0.849852324 0.15179576
vt 0.843450069 0.153457835
vt 0.839778066 0.152688876
vt 0.817448378 0.14662452
vt 0.824658692 0.127436474
vt 0.820130527 0.145441726
vt 0.810536683 0.150045052
vt 0.808509648 0.146702811
vt 0.80711174 0.144269362
vt 0.806737065 0.143952057
vt 0.806566 0.139130726
vt 0.810067356 0.128730133
vt 0.779444695 0.16556178
vt 0.760498762 0.14628233
vt 0.763432205 0.147954419
vt 0.783138692 0.166534528
vt 0.779778242 0.167691812
vt 0.782477796 0.172797278
vt 0.786239028 0.17829971
vt 0.788244069 0.157821015
vt 0.762401819 0.146158889
vt 0.786682248 0.148084983
vt 0.788745046 0.145635709
vt 0.791392684 0.143543378
vt 0.795939326 0.144188687
vt 0.807607889 0.169402972
vt 0.762401819 0.146158889
vt 0.760498762 0.14628233
vt 0.786682248 0.148084983
vt 0.782755792 0.153428927
vt 0.780397952 0.15733321
vt 0.779444695 0.16556178
vt 0.84230721 0.146565273
vt 0.844730377 0.146078542
vt 0.843782604 0.150291309
vt 0.840740681 0.14260976
vt 0.847187161 0.135119155
vt 0.831049562 0.142579392
vt 0.824658692 0.127436474
vt 0.834470987 0.140251085
vt 0.82918644 0.143847033
vt 0.825496554 0.149609372
vt 0.820130527 0.145441726
vt 0.822010517 0.148644492
vt 0.824006319 0.152044669
vt 0.847744763 0.151046589
vt 0.850114942 0.151086971
vt 0.847840667 0.151400372
vt 0.844843745 0.151311651
vt 0.834539473 0.133753076
vt 0.838757753 0.141345516
vt 0.83435905 0.136998788
vt 0.846846998 0.130471304
vt 0.840740681 0.14260976
vt 0.847187161 0.135119155
vt 0.846639037 0.127167121
vt 0.834870756 0.127792284
vt 0.846724868 0.126741216
vt 0.897128999 0.210707203
vt 0.885438979 0.224767491
vt 0.884455919 0.21183072
vt 0.884455919 0.21183072
vt 0.885438979 0.224767491
vt 0.736106753 0.136956468
vt 0.747070968 0.150702879
vt 0.743853569 0.164584234
vt 0.743853569 0.164584234
vt 0.747070968 0.150702879
vt 0.888458371 0.284070611
vt 0.887581289 0.269029528
vt 0.887983441 0.277048826
vt 0.884727418 0.271518916
vt 0.871219456 0.861373723
vt 0.870794773 0.860306203
vt 0.870853245 0.860242546
vt 0.871331692 0.861258984
vt 0.872267187 0.862442136
vt 0.872102439 0.862542927
vt 0.873034894 0.863233745
vt 0.873066127 0.863366485
vt 0.874310434 0.864239514
vt 0.874178648 0.864462852
vt 0.874123216 0.864033282
vt 0.872990549 0.863112509
vt 0.872448683 0.862183273
vt 0.871493518 0.861142874
vt 0.870462775 0.859593153
vt 0.874812067 0.863865733
vt 0.876053393 0.86469686
vt 0.870226085 0.853700042
vt 0.862234414 0.864430249
vt 0.873937964 0.86500752
vt 0.861989439 0.871045828
vt 0.873665988 0.865914345
vt 0.866063952 0.877779365
vt 0.873516977 0.866689801
vt 0.755090594 0.944720984
vt 0.826047361 0.986706734
vt 0.723172069 0.886191368
vt 0.956120074 0.965629101
vt 0.786688209 0.747970581
vt 0.878297687 0.879759133
vt 0.990758002 0.834152818
vt 0.883381128 0.85572356
vt 0.916269541 0.745605469
vt 0.874266863 0.866903305
vt 0.873689532 0.864490867
vt 0.885907471 0.86942482
vt 0.959762752 0.773965657
vt 0.886630714 0.862109363
vt 0.875709355 0.865471959
vt 0.873896897 0.864236057
vt 0.875189483 0.865937352
vt 0.873640835 0.864297628
vt 0.873661339 0.86403501
vt 0.87300235 0.863254547
vt 0.873025298 0.862980187
vt 0.873896897 0.864236057
vt 0.872170031 0.862047315
vt 0.872974813 0.86345607
vt 0.873689532 0.864490867
vt 0.872313678 0.862425566
vt 0.871364057 0.861188114
vt 0.871347427 0.861085594
vt 0.870286822 0.860481322
vt 0.870626986 0.860555708
vt 0.871155977 0.860904276
vt 0.870784104 0.860450745
vt 0.870626986 0.860555708
vt 0.870794773 0.860306203
vt 0.870784104 0.860450745
vt 0.870390773 0.860040247
vt 0.870286822 0.860481322
vt 0.870853245 0.860242546
vt 0.869621575 0.859722197
vt 0.870462775 0.859593153
vt 0.869009674 0.858336508
vt 0.873937964 0.86500752
vt 0.874812067 0.863865733
vt 0.874310434 0.864239514
vt 0.874123216 0.864033282
vt 0.873665988 0.865914345
vt 0.873883307 0.864267349
vt 0.873516977 0.866689801
vt 0.872990549 0.863112509
vt 0.873689532 0.864490867
vt 0.873003066 0.863320768
vt 0.872448683 0.862183273
vt 0.872974813 0.86345607
vt 0.87239933 0.862294555
vt 0.871493518 0.861142874
vt 0.872313678 0.862425566
vt 0.871492445 0.860938728
vt 0.871364057 0.861188114
vt 0.869621575 0.859722197
vt 0.870286822 0.860481322
vt 0.869009674 0.858336508
vt 0.87239933 0.862294555
vt 0.871493518 0.861142874
vt 0.871492445 0.860938728
vt 0.869009674 0.858336508
vt 0.925132036 0.31070593
vt 0.896469295 0.342876434
vt 0.891274691 0.31370765
vt 0.918053567 0.358123332
vt 0.897193193 0.35468486
vt 0.895342886 0.367781132
vt 0.907853365 0.36803776
vt 0.921350121 0.386735409
vt 0.904416203 0.381063163
vt 0.92276597 0.23727864
vt 0.893967271 0.269601703
vt 0.88874799 0.24029462
vt 0.915702462 0.284308642
vt 0.894821882 0.281579077
vt 0.89313668 0.294988632
vt 0.905854702 0.29470104
vt 0.917798698 0.311356038
vt 0.903323472 0.303426802
vt 0.90229398 0.308054298
vt 0.905854702 0.29470104
vt 0.917798698 0.311356038
vt 0.924036503 0.280793488
vt 0.92276597 0.23727864
vt 0.927379072 0.242579922
vt 0.915702462 0.284308642
vt 0.917798698 0.311356038
vt 0.917798698 0.311356038
vt 0.924036503 0.280793488
vt 0.927379072 0.242579922
vt 0.927379072 0.242579922
vt 0.92276597 0.23727864
vt 0.92276597 0.23727864
vt 0.88874799 0.24029462
vt 0.88874799 0.24029462
vt 0.935539365 0.385477453
vt 0.900264978 0.425068974
vt 0.893871963 0.389171571
vt 0.927809358 0.447045803
vt 0.900649607 0.43947503
vt 0.897486806 0.455064416
vt 0.913175821 0.457853824
vt 0.930053592 0.469736069
vt 0.909221649 0.467973471
vt 0.907509923 0.473417401
vt 0.940014243 0.470535636
vt 0.9034338 0.511592984
vt 0.896804094 0.474366486
vt 0.931997895 0.534383535
vt 0.903832793 0.526532233
vt 0.900552869 0.542699039
vt 0.916822731 0.545591295
vt 0.934325337 0.557914138
vt 0.912721992 0.556086004
vt 0.910946786 0.561731458
vt 0.884015083 0.275446147
vt 0.888458371 0.284070611
vt 0.884727418 0.271518916
vt 0.890442669 0.273574352
vt 0.893097937 0.182356238
vt 0.911649227 0.14760606
vt 0.908733487 0.179408386
vt 0.888876975 0.216984868
vt 0.878856361 0.228163168
vt 0.9032529 0.152136803
vt 0.862169743 0.247627705
vt 0.857935727 0.260172486
vt 0.871634722 0.249865264
vt 0.848964155 0.27522552
vt 0.878856361 0.228163168
vt 0.888876975 0.216984868
vt 0.871634722 0.249865264
vt 0.85798341 0.297881931
vt 0.85798341 0.297881931
vt 0.847521245 0.285603762
vt 0.846176028 0.305552155
vt 0.85798341 0.297881931
vt 0.827534258 0.328420579
vt 0.794285238 0.331650794
vt 0.800690591 0.383440852
vt 0.828129292 0.376023412
vt 0.851875722 0.340821296
vt 0.862711132 0.374411702
vt 0.865105152 0.363632083
vt 0.868773282 0.37910071
vt 0.881314754 0.354225457
vt 0.86981082 0.365273684
vt 0.872266173 0.366117656
vt 0.878205776 0.364734709
vt 0.880765855 0.364039838
vt 0.861735404 0.325681061
vt 0.89191097 0.360817283
vt 0.881536722 0.367724091
vt 0.882200003 0.3712807
vt 0.893338561 0.336047381
vt 0.904385567 0.343230665
vt 0.906598091 0.316023171
vt 0.931692064 0.319343358
vt 0.869275928 0.312720805
vt 0.924860954 0.260479033
vt 0.962873757 0.287884444
vt 0.880346 0.29893589
vt 0.888458371 0.284070611
vt 0.91016525 0.2589297
vt 0.887581289 0.269029528
vt 0.889767945 0.254777402
vt 0.956122398 0.25007543
vt 1.00254512 0.270599782
vt 0.984196007 0.233416542
vt 0.912642539 0.222330585
vt 0.892870009 0.240629047
vt 0.955911875 0.209400892
vt 0.969594598 0.198595241
vt 0.952701032 0.157796532
vt 0.937519252 0.219365463
vt 0.924375415 0.171375781
vt 0.904394209 0.196149915
vt 0.908733487 0.179408386
vt 0.942238688 0.135044634
vt 0.920836687 0.152197063
vt 0.915371597 0.162960127
vt 0.911649227 0.14760606
vt 0.65151149 0.103446707
vt 0.63288945 0.138197511
vt 0.647899032 0.0968559682
vt 0.657547116 0.123063236
vt 0.662092209 0.132583588
vt 0.665135145 0.146137282
vt 0.6668396 0.153153032
vt 0.623012602 0.162657052
vt 0.672557592 0.178386763
vt 0.672895133 0.182587475
vt 0.61389792 0.1848993
vt 0.677919745 0.243617594
vt 0.58301723 0.256120414
vt 0.660544574 0.277411729
vt 0.680249453 0.252536237
vt 0.677525342 0.268253505
vt 0.689623356 0.28993237
vt 0.706795812 0.310042292
vt 0.685560107 0.268234164
vt 0.696916163 0.235547423
vt 0.72548914 0.188676298
vt 0.753809512 0.172999591
vt 0.757106006 0.166292101
vt 0.761306405 0.15049158
vt 0.747510195 0.13628751
vt 0.763173401 0.138355717
vt 0.763941884 0.12942262
vt 0.765529811 0.119765669
vt 0.731671154 0.263667464
vt 0.73430723 0.267498821
vt 0.759172797 0.253150642
vt 0.756821215 0.259526014
vt 0.749546051 0.27209422
vt 0.758424222 0.283445835
vt 0.739058793 0.275218189
vt 0.750346959 0.282834649
vt 0.723355472 0.300263017
vt 0.758022249 0.314880639
vt 0.768558681 0.290988743
vt 0.707529783 0.342124879
vt 0.742726743 0.310115457
vt 0.730029404 0.348359108
vt 0.744920015 0.351842254
vt 0.695052683 0.340797305
vt 0.705453873 0.373533815
vt 0.722514749 0.379107237
vt 0.678224981 0.344607472
vt 0.670316577 0.30953458
vt 0.603862703 0.369855672
vt 0.5938887 0.340130806
vt 0.694477201 0.375454426
vt 0.682579935 0.349321008
vt 0.657088637 0.389215112
vt 0.650146961 0.387226939
vt 0.687395215 0.387544066
vt 0.636412799 0.413137883
vt 0.712351918 0.38912195
vt 0.712132633 0.400998563
vt 0.708189845 0.413167119
vt 0.643697143 0.418660253
vt 0.622409463 0.442689091
vt 0.737537563 0.392183185
vt 0.735282362 0.400219381
vt 0.708189845 0.413167119
vt 0.745906353 0.402569413
vt 0.739144683 0.375771105
vt 0.73756814 0.393143535
vt 0.676597714 0.4149068
vt 0.682579935 0.349321008
vt 0.630780578 0.448753357
vt 0.616546988 0.47123751
vt 0.683484495 0.411236435
vt 0.686631322 0.38720572
vt 0.708189845 0.413167119
vt 0.667020082 0.450925052
vt 0.630780578 0.448753357
vt 0.674725413 0.45025903
vt 0.721621275 0.450640798
vt 0.660576105 0.478203714
vt 0.616546988 0.47123751
vt 0.67032963 0.479937851
vt 0.660071015 0.512066483
vt 0.59971559 0.496599376
vt 0.702403665 0.459658861
vt 0.73289746 0.408787012
vt 0.727874935 0.45523417
vt 0.735282362 0.400219381
vt 0.735159039 0.405338049
vt 0.746173382 0.403394639
vt 0.735159039 0.405338049
vt 0.746173382 0.403394639
vt 0.701778769 0.48576802
vt 0.725160122 0.466774166
vt 0.711504042 0.480190217
vt 0.703589082 0.492548704
vt 0.703885794 0.499248147
vt 0.694451571 0.519050241
vt 0.704699934 0.504790723
vt 0.699719727 0.517621696
vt 0.711011648 0.525089324
vt 0.729722619 0.522321403
vt 0.722616255 0.522791862
vt 0.741699278 0.462515533
vt 0.744315982 0.47679916
vt 0.729722619 0.522321403
vt 0.765173614 0.4970963
vt 0.819072902 0.433485121
vt 0.81584698 0.4720245
vt 0.754499972 0.421572894
vt 0.752180159 0.405978858
vt 0.743164718 0.469245374
vt 0.753444731 0.405711114
vt 0.781071544 0.403753459
vt 0.739300966 0.48645556
vt 0.795270503 0.393330544
vt 0.785436392 0.373608172
vt 0.828129292 0.376023412
vt 0.868773282 0.37910071
vt 0.862711132 0.374411702
vt 0.824533999 0.419974715
vt 0.838489234 0.431703895
vt 0.833537817 0.466243327
vt 0.857007504 0.427882493
vt 0.795270503 0.393330544
vt 0.848231316 0.391598493
vt 0.875386953 0.409511358
vt 0.879586816 0.393819779
vt 0.889380932 0.391087592
vt 0.901385605 0.407235235
vt 0.894295514 0.391646564
vt 0.896354914 0.383769751
vt 0.920598865 0.391477168
vt 0.909072459 0.382627547
vt 0.911607504 0.377611697
vt 0.888173163 0.421295255
vt 0.853586137 0.468935788
vt 0.873239636 0.441646874
vt 0.844316483 0.515645027
vt 0.864925504 0.510105491
vt 0.870822906 0.50871259
vt 0.900673807 0.488949984
vt 0.911447644 0.483065844
vt 0.940253615 0.45613271
vt 0.811658621 0.497209489
vt 0.798140645 0.524418175
vt 0.75268054 0.519693613
vt 0.96021843 0.43543911
vt 0.940253615 0.45613271
vt 0.96021843 0.43543911
vt 0.979713261 0.411370456
vt 0.979713261 0.411370456
vt 0.936618686 0.374251783
vt 0.952845097 0.364943117
vt 1.00385177 0.364908874
vt 0.933700562 0.37487793
vt 0.927569091 0.371226013
vt 0.938785791 0.369936168
vt 0.911485672 0.365796506
vt 0.942526281 0.362454474
vt 0.924295604 0.369140744
vt 0.925264597 0.366511494
vt 0.926177561 0.364461452
vt 0.914658844 0.354727566
vt 0.92720902 0.361629635
vt 0.917246699 0.351425469
vt 0.929865777 0.350451231
vt 0.933921516 0.332763731
vt 0.935110092 0.353371531
vt 0.936959743 0.354467571
vt 0.945349753 0.356798202
vt 0.942017376 0.325594157
vt 0.979605973 0.352149367
vt 1.011006 0.328482747
vt 0.977409363 0.329026222
vt 0.973421812 0.306609213
vt 0.992880702 0.301283479
vt 1.0098511 0.306261122
vt 1.00893688 0.297844082
vt 0.671545386 0.173236564
vt 0.667195559 0.17986609
vt 0.666956663 0.171401814
vt 0.676751733 0.179705635
vt 0.6844486 0.174091712
vt 0.682556152 0.183759943
vt 0.689189017 0.186903998
vt 0.690969706 0.176082626
vt 0.701948881 0.182204679
vt 0.699704349 0.175569549
vt 0.704246402 0.175427631
vt 0.705558896 0.181915238
vt 0.720516562 0.174511835
vt 0.723209381 0.183270827
vt 0.723126531 0.173761621
vt 0.761076152 0.163057283
vt 0.723209381 0.183270827
vt 0.761076152 0.163057283
vt 0.5938887 0.340130806
vt 0.58301723 0.256120414
vt 0.660544574 0.277411729
vt 0.670316577 0.30953458
vt 0.706795812 0.310042292
vt 0.796669245 0.133195266
vt 0.80280441 0.13976793
vt 0.764001846 0.14597179
vt 0.760159791 0.136432096
vt 0.590376854 0.488740504
vt 0.59971559 0.496599376
vt 0.606515527 0.463363111
vt 0.543006122 0.442469895
vt 0.56246835 0.417583257
vt 0.585176826 0.397454143
vt 0.636412799 0.413137883
vt 0.616325557 0.353101879
vt 0.650146961 0.387226939
vt 0.678224981 0.344607472
vt 0.683203995 0.339313835
vt 0.678224981 0.344607472
vt 0.683203995 0.339313835
vt 0.683203995 0.339313835
vt 0.616325557 0.353101879
vt 0.585176826 0.397454143
vt 0.585176826 0.397454143
vt 0.56246835 0.417583257
vt 0.56246835 0.417583257
vt 0.543006122 0.442469895
vt 0.543006122 0.442469895
vt 0.755653858 0.394516468
vt 0.781071544 0.403753459
vt 0.755281091 0.395168275
vt 0.770595312 0.38594833
vt 0.781478763 0.362608343
vt 0.785436392 0.373608172
vt 0.76356405 0.379160613
vt 0.755917609 0.386928231
vt 0.771449685 0.357515246
vt 0.750161827 0.375350773
vt 0.73756814 0.393143535
vt 0.755281091 0.395168275
vt 0.756119728 0.351489484
vt 0.758022249 0.314880639
vt 0.781442165 0.330370665
vt 0.767260313 0.323879749
vt 0.791846931 0.309628487
vt 0.779510379 0.301934093
vt 0.768558681 0.290988743
vt 0.788338363 0.296284258
vt 0.754619539 0.135315135
vt 0.737771451 0.131104991
vt 0.742815554 0.129777506
vt 0.746339083 0.129388765
vt 0.750277698 0.129153803
vt 0.755227745 0.128600731
vt 0.594110191 0.137859657
vt 0.587674737 0.147243872
vt 0.579865992 0.146545932
vt 0.593038201 0.148305669
vt 0.598997235 0.14979203
vt 0.603872418 0.126833335
vt 0.606525779 0.1513661
vt 0.60893625 0.125849828
vt 0.616389215 0.138449714
vt 0.616556227 0.159010038
vt 0.620413184 0.161950603
vt 0.623614728 0.136937156
vt 0.628603101 0.162345216
vt 0.624097347 0.172512546
vt 0.619585812 0.167220369
vt 0.619251907 0.173230961
vt 0.628688037 0.17213507
vt 0.628700733 0.172134414
vt 0.722616255 0.522791862
vt 0.711011648 0.525089324
vt 0.704699934 0.504790723
vt 0.703589082 0.492548704
vt 0.699719727 0.517621696
vt 0.711011648 0.525089324
vt 0.694451571 0.519050241
vt 0.694451571 0.519050241
vt 0.711011648 0.525089324
vt 0.685560107 0.268234164
vt 0.689623356 0.28993237
vt 0.677525342 0.268253505
vt 0.680906296 0.254532576
vt 0.696916163 0.235547423
vt 0.679135323 0.247075737
vt 0.72548914 0.188676298
vt 0.71740365 0.180899352
vt 0.747510195 0.13628751
vt 0.739958167 0.130861238
vt 0.754678786 0.103370413
vt 0.765849888 0.0994399786
vt 0.925737023 0.131416738
vt 0.942238688 0.135044634
vt 0.925226808 0.137953088
vt 0.911649227 0.14760606
vt 0.885997713 0.205712751
vt 0.8932845 0.198253736
vt 0.894704401 0.210922137
vt 0.884016931 0.199075356
vt 0.8932845 0.198253736
vt 0.884016931 0.199075356
vt 0.697872758 0.182522446
vt 0.71740365 0.180899352
vt 0.679135323 0.247075737
vt 0.698865116 0.178239301
vt 0.708932638 0.152011573
vt 0.739958167 0.130861238
vt 0.710867167 0.145094126
vt 0.718714595 0.133317813
vt 0.724193752 0.124156982
vt 0.737824619 0.10870409
vt 0.754678786 0.103370413
vt 0.74209857 0.10279958
vt 0.71212244 0.13224943
vt 0.716331184 0.137112871
vt 0.711370826 0.136906758
vt 0.718479931 0.131685808
vt 0.720264733 0.136716619
vt 0.723785818 0.136274204
vt 0.72876364 0.134410515
vt 0.841450334 0.320496619
vt 0.842509687 0.314076006
vt 0.846176028 0.305552155
vt 0.85798341 0.297881931
vt 0.868372321 0.298454165
vt 0.898619652 0.223598883
vt 0.890242994 0.23952122
vt 0.885348558 0.233845219
vt 0.884902775 0.224814996
vt 0.665856302 0.140954986
vt 0.69963789 0.132591322
vt 0.683426857 0.143519297
vt 0.667120457 0.13547425
vt 0.833588779 0.165752307
vt 0.825141072 0.151944116
vt 0.83976388 0.152277574
vt 0.824513197 0.163865015
vt 0.808233738 0.153443083
vt 0.807848096 0.176383868
vt 0.842054248 0.124467656
vt 0.823746622 0.125576809
vt 0.846313715 0.12357606
vt 0.846313715 0.12357606
vt 0.823746622 0.125576809
vt 0.777991712 0.130981699
vt 0.781643093 0.1345274
vt 0.759863794 0.127832368
vt 0.796190023 0.12461175
vt 0.781643093 0.1345274
vt 0.796190023 0.12461175
vt 0.756821215 0.259526014
vt 0.768627286 0.290748954
vt 0.758424222 0.283445835
vt 0.764269829 0.260258645
vt 0.759172797 0.253150642
vt 0.846450925 0.328381568
vt 0.850547791 0.329853982
vt 0.850274742 0.333016008
vt 0.844665587 0.330881655
vt 0.844665587 0.330881655
vt 0.850274742 0.333016008
vt 0.851875722 0.340821296
vt 0.827534258 0.328420579
vt 0.760498762 0.14628233
vt 0.762401819 0.146158889
vt 0.764202297 0.14665772
vt 0.763432205 0.147954419
vt 0.783138692 0.166534528
vt 0.788244069 0.157821015
vt 0.791961193 0.17290087
vt 0.786239028 0.17829971
vt 0.797043025 0.175956503
vt 0.807607889 0.169402972
vt 0.628700733 0.172134414
vt 0.628704548 0.172148183
vt 0.628691971 0.172158703
vt 0.628688037 0.17213507
vt 0.624097347 0.172512546
vt 0.629641414 0.180188283
vt 0.625969052 0.182038411
vt 0.626782298 0.185585454
vt 0.629318118 0.19221203
vt 0.620836735 0.176348403
vt 0.619251907 0.173230961
vt 0.628704548 0.172148183
vt 0.629641414 0.180188283
vt 0.628691971 0.172158703
vt 0.641903579 0.167981461
vt 0.629318118 0.19221203
vt 0.641903579 0.167981461
vt 0.628704548 0.172148183
vt 0.628700733 0.172134414
vt 0.628603101 0.162345216
vt 0.633855045 0.133904383
vt 0.665164828 0.120864704
vt 0.626945615 0.136636779
vt 0.623614728 0.136937156
vt 0.883808434 0.193017617
vt 0.892586768 0.192239359
vt 0.887800336 0.196843639
vt 0.889903069 0.198553517
vt 0.8492468 0.172689095
vt 0.844807506 0.173107103
vt 0.850485086 0.17058681
vt 0.84143877 0.167890713
vt 0.841726184 0.170320168
vt 0.842206717 0.173295304
vt 0.841037214 0.164495483
vt 0.844754338 0.153730974
vt 0.850332737 0.165905282
vt 0.850058138 0.15784134
vt 0.849852324 0.15179576
vt 0.843450069 0.153457835
vt 0.839778066 0.152688876
vt 0.817448378 0.14662452
vt 0.824658692 0.127436474
vt 0.820130527 0.145441726
vt 0.810536683 0.150045052
vt 0.808509648 0.146702811
vt 0.80711174 0.144269362
vt 0.806737065 0.143952057
vt 0.806566 0.139130726
vt 0.810067356 0.128730133
vt 0.806566 0.139130726
vt 0.806737065 0.143952057
vt 0.810067356 0.128730133
vt 0.810067356 0.128730133
vt 0.779444695 0.16556178
vt 0.760498762 0.14628233
vt 0.763432205 0.147954419
vt 0.783138692 0.166534528
vt 0.779778242 0.167691812
vt 0.782477796 0.172797278
vt 0.786239028 0.17829971
vt 0.788244069 0.157821015
vt 0.762401819 0.146158889
vt 0.786682248 0.148084983
vt 0.788745046 0.145635709
vt 0.791392684 0.143543378
vt 0.795939326 0.144188687
vt 0.807607889 0.169402972
vt 0.762401819 0.146158889
vt 0.760498762 0.14628233
vt 0.786682248 0.148084983
vt 0.782755792 0.153428927
vt 0.780397952 0.15733321
vt 0.779444695 0.16556178
vt 0.84230721 0.146565273
vt 0.844730377 0.146078542
vt 0.843782604 0.150291309
vt 0.840740681 0.14260976
vt 0.847187161 0.135119155
vt 0.831049562 0.142579392
vt 0.824658692 0.127436474
vt 0.834470987 0.140251085
vt 0.82918644 0.143847033
vt 0.825496554 0.149609372
vt 0.820130527 0.145441726
vt 0.822010517 0.148644492
vt 0.824006319 0.152044669
vt 0.847840667 0.151400372
vt 0.844843745 0.151311651
vt 0.847744763 0.151046589
vt 0.850114942 0.151086971
vt 0.847840667 0.151400372
vt 0.850114942 0.151086971
vt 0.844855905 0.151664987
vt 0.847769141 0.151471809
vt 0.847847104 0.151973501
vt 0.849832654 0.151223794
vt 0.847847104 0.151973501
vt 0.849832654 0.151223794
vt 0.834539473 0.133753076
vt 0.838757753 0.141345516
vt 0.83435905 0.136998788
vt 0.846846998 0.130471304
vt 0.840740681 0.14260976
vt 0.847187161 0.135119155
vt 0.846639037 0.127167121
vt 0.834870756 0.127792284
vt 0.846724868 0.126741216
vt 0.847744763 0.151046589
vt 0.84987545 0.150857672
vt 0.850114942 0.151086971
vt 0.84987545 0.150857672
vt 0.847744763 0.151046589
vt 0.888458371 0.284070611
vt 0.887581289 0.269029528
vt 0.887983441 0.277048826
vt 0.884727418 0.271518916
vt 0.871219456 0.861373723
vt 0.870794773 0.860306203
vt 0.870853245 0.860242546
vt 0.871331692 0.861258984
vt 0.872267187 0.862442136
vt 0.872102439 0.862542927
vt 0.873034894 0.863233745
vt 0.873066127 0.863366485
vt 0.874310434 0.864239514
vt 0.874178648 0.864462852
vt 0.874123216 0.864033282
vt 0.872990549 0.863112509
vt 0.872448683 0.862183273
vt 0.871493518 0.861142874
vt 0.870462775 0.859593153
vt 0.874812067 0.863865733
vt 0.876053393 0.86469686
vt 0.870226085 0.853700042
vt 0.862234414 0.864430249
vt 0.873937964 0.86500752
vt 0.861989439 0.871045828
vt 0.873665988 0.865914345
vt 0.866063952 0.877779365
vt 0.873516977 0.866689801
vt 0.755090594 0.944720984
vt 0.826047361 0.986706734
vt 0.723172069 0.886191368
vt 0.956120074 0.965629101
vt 0.786688209 0.747970581
vt 0.878297687 0.879759133
vt 0.990758002 0.834152818
vt 0.883381128 0.85572356
vt 0.916269541 0.745605469
vt 0.874266863 0.866903305
vt 0.873689532 0.864490867
vt 0.885907471 0.86942482
vt 0.959762752 0.773965657
vt 0.886630714 0.862109363
vt 0.875709355 0.865471959
vt 0.873896897 0.864236057
vt 0.875189483 0.865937352
vt 0.873640835 0.864297628
vt 0.873661339 0.86403501
vt 0.87300235 0.863254547
vt 0.873025298 0.862980187
vt 0.873896897 0.864236057
vt 0.872170031 0.862047315
vt 0.872974813 0.86345607
vt 0.873689532 0.864490867
vt 0.872313678 0.862425566
vt 0.871364057 0.861188114
vt 0.871347427 0.861085594
vt 0.870286822 0.860481322
vt 0.870626986 0.860555708
vt 0.871155977 0.860904276
vt 0.870784104 0.860450745
vt 0.870626986 0.860555708
vt 0.870794773 0.860306203
vt 0.870784104 0.860450745
vt 0.870390773 0.860040247
vt 0.870286822 0.860481322
vt 0.870853245 0.860242546
vt 0.869621575 0.859722197
vt 0.870462775 0.859593153
vt 0.869009674 0.858336508
vt 0.873937964 0.86500752
vt 0.874812067 0.863865733
vt 0.874310434 0.864239514
vt 0.874123216 0.864033282
vt 0.873665988 0.865914345
vt 0.873883307 0.864267349
vt 0.873516977 0.866689801
vt 0.872990549 0.863112509
vt 0.873689532 0.864490867
vt 0.873003066 0.863320768
vt 0.872448683 0.862183273
vt 0.872974813 0.86345607
vt 0.87239933 0.862294555
vt 0.871493518 0.861142874
vt 0.872313678 0.862425566
vt 0.871492445 0.860938728
vt 0.871364057 0.861188114
vt 0.869621575 0.859722197
vt 0.870286822 0.860481322
vt 0.869009674 0.858336508
vt 0.87239933 0.862294555
vt 0.871493518 0.861142874
vt 0.871492445 0.860938728
vt 0.869009674 0.858336508
vt 0.925132036 0.31070593
vt 0.896469295 0.342876434
vt 0.891274691 0.31370765
vt 0.918053567 0.358123332
vt 0.897193193 0.35468486
vt 0.895342886 0.367781132
vt 0.907853365 0.36803776
vt 0.921350121 0.386735409
vt 0.904416203 0.381063163
vt 0.915702462 0.284308642
vt 0.924036503 0.280793488
vt 0.917798698 0.311356038
vt 0.92276597 0.23727864
vt 0.927379072 0.242579922
vt 0.92649287 0.354254782
vt 0.925132036 0.31070593
vt 0.929760218 0.315987796
vt 0.918053567 0.358123332
vt 0.921350121 0.386735409
vt 0.92276597 0.23727864
vt 0.893967271 0.269601703
vt 0.88874799 0.24029462
vt 0.915702462 0.284308642
vt 0.894821882 0.281579077
vt 0.89313668 0.294988632
vt 0.905854702 0.29470104
vt 0.917798698 0.311356038
vt 0.903323472 0.303426802
vt 0.90229398 0.308054298
vt 0.927809358 0.447045803
vt 0.938439369 0.439986259
vt 0.930053592 0.469736069
vt 0.935539365 0.385477453
vt 0.941487372 0.391773611
vt 0.935539365 0.385477453
vt 0.900264978 0.425068974
vt 0.893871963 0.389171571
vt 0.927809358 0.447045803
vt 0.900649607 0.43947503
vt 0.897486806 0.455064416
vt 0.913175821 0.457853824
vt 0.930053592 0.469736069
vt 0.909221649 0.467973471
vt 0.907509923 0.473417401
vt 0.931997895 0.534383535
vt 0.943021536 0.527063012
vt 0.934325337 0.557914138
vt 0.940014243 0.470535636
vt 0.946182668 0.477064788
vt 0.940014243 0.470535636
vt 0.9034338 0.511592984
vt 0.896804094 0.474366486
vt 0.931997895 0.534383535
vt 0.903832793 0.526532233
vt 0.900552869 0.542699039
vt 0.916822731 0.545591295
vt 0.934325337 0.557914138
vt 0.912721992 0.556086004
vt 0.910946786 0.561731458
vt 0.884015083 0.275446147
vt 0.888458371 0.284070611
vt 0.884727418 0.271518916
vt 0.890442669 0.273574352
vt 0.893097937 0.182356238
vt 0.908733487 0.179408386
vt 0.911649227 0.14760606
vt 0.888876975 0.216984868
vt 0.878856361 0.228163168
vt 0.9032529 0.152136803
vt 0.862169743 0.247627705
vt 0.857935727 0.260172486
vt 0.871634722 0.249865264
vt 0.848964155 0.27522552
vt 0.878856361 0.228163168
vt 0.888876975 0.216984868
vt 0.871634722 0.249865264
vt 0.85798341 0.297881931
vt 0.85798341 0.297881931
vt 0.847521245 0.285603762
vt 0.846176028 0.305552155
vt 0.85798341 0.297881931
vt 0.827534258 0.328420579
vt 0.794285238 0.331650794
vt 0.800690591 0.383440852
vt 0.828129292 0.376023412
vt 0.851875722 0.340821296
vt 0.862711132 0.374411702
vt 0.865105152 0.363632083
vt 0.868773282 0.37910071
vt 0.881314754 0.354225457
vt 0.86981082 0.365273684
vt 0.872266173 0.366117656
vt 0.878205776 0.364734709
vt 0.880765855 0.364039838
vt 0.861735404 0.325681061
vt 0.89191097 0.360817283
vt 0.881536722 0.367724091
vt 0.882200003 0.3712807
vt 0.893338561 0.336047381
vt 0.904385567 0.343230665
vt 0.906598091 0.316023171
vt 0.931692064 0.319343358
vt 0.869275928 0.312720805
vt 0.924860954 0.260479033
vt 0.962873757 0.287884444
vt 0.880346 0.29893589
vt 0.888458371 0.284070611
vt 0.91016525 0.2589297
vt 0.887581289 0.269029528
vt 0.889767945 0.254777402
vt 0.956122398 0.25007543
vt 1.00254512 0.270599782
vt 0.984196007 0.233416542
vt 0.912642539 0.222330585
vt 0.892870009 0.240629047
vt 0.955911875 0.209400892
vt 0.969594598 0.198595241
vt 0.952701032 0.157796532
vt 0.937519252 0.219365463
vt 0.924375415 0.171375781
vt 0.904394209 0.196149915
vt 0.908733487 0.179408386
vt 0.942238688 0.135044634
vt 0.920836687 0.152197063
vt 0.915371597 0.162960127
vt 0.911649227 0.14760606
vt 0.65151149 0.103446707
vt 0.647899032 0.0968559682
vt 0.63288945 0.138197511
vt 0.657547116 0.123063236
vt 0.662092209 0.132583588
vt 0.665135145 0.146137282
vt 0.6668396 0.153153032
vt 0.623012602 0.162657052
vt 0.672557592 0.178386763
vt 0.672895133 0.182587475
vt 0.61389792 0.1848993
vt 0.677919745 0.243617594
vt 0.58301723 0.256120414
vt 0.660544574 0.277411729
vt 0.680249453 0.252536237
vt 0.677525342 0.268253505
vt 0.689623356 0.28993237
vt 0.706795812 0.310042292
vt 0.685560107 0.268234164
vt 0.696916163 0.235547423
vt 0.72548914 0.188676298
vt 0.753809512 0.172999591
vt 0.757106006 0.166292101
vt 0.761306405 0.15049158
vt 0.747510195 0.13628751
vt 0.763173401 0.138355717
vt 0.763941884 0.12942262
vt 0.765529811 0.119765669
vt 0.73430723 0.267498821
vt 0.731671154 0.263667464
vt 0.759172797 0.253150642
vt 0.756821215 0.259526014
vt 0.749546051 0.27209422
vt 0.758424222 0.283445835
vt 0.739058793 0.275218189
vt 0.750346959 0.282834649
vt 0.723355472 0.300263017
vt 0.758022249 0.314880639
vt 0.768558681 0.290988743
vt 0.707529783 0.342124879
vt 0.742726743 0.310115457
vt 0.730029404 0.348359108
vt 0.744920015 0.351842254
vt 0.695052683 0.340797305
vt 0.705453873 0.373533815
vt 0.722514749 0.379107237
vt 0.678224981 0.344607472
vt 0.670316577 0.30953458
vt 0.603862703 0.369855672
vt 0.5938887 0.340130806
vt 0.694477201 0.375454426
vt 0.682579935 0.349321008
vt 0.657088637 0.389215112
vt 0.650146961 0.387226939
vt 0.687395215 0.387544066
vt 0.636412799 0.413137883
vt 0.712351918 0.38912195
vt 0.712132633 0.400998563
vt 0.708189845 0.413167119
vt 0.643697143 0.418660253
vt 0.622409463 0.442689091
vt 0.737537563 0.392183185
vt 0.735282362 0.400219381
vt 0.708189845 0.413167119
vt 0.745906353 0.402569413
vt 0.739144683 0.375771105
vt 0.73756814 0.393143535
vt 0.676597714 0.4149068
vt 0.682579935 0.349321008
vt 0.630780578 0.448753357
vt 0.616546988 0.47123751
vt 0.667020082 0.450925052
vt 0.630780578 0.448753357
vt 0.683484495 0.411236435
vt 0.686631322 0.38720572
vt 0.708189845 0.413167119
vt 0.674725413 0.45025903
vt 0.660576105 0.478203714
vt 0.616546988 0.47123751
vt 0.721621275 0.450640798
vt 0.67032963 0.479937851
vt 0.660071015 0.512066483
vt 0.59971559 0.496599376
vt 0.702403665 0.459658861
vt 0.73289746 0.408787012
vt 0.727874935 0.45523417
vt 0.735282362 0.400219381
vt 0.735159039 0.405338049
vt 0.746173382 0.403394639
vt 0.746173382 0.403394639
vt 0.735159039 0.405338049
vt 0.701778769 0.48576802
vt 0.725160122 0.466774166
vt 0.711504042 0.480190217
vt 0.703589082 0.492548704
vt 0.703885794 0.499248147
vt 0.694451571 0.519050241
vt 0.704699934 0.504790723
vt 0.699719727 0.517621696
vt 0.711011648 0.525089324
vt 0.729722619 0.522321403
vt 0.722616255 0.522791862
vt 0.741699278 0.462515533
vt 0.744315982 0.47679916
vt 0.729722619 0.522321403
vt 0.765173614 0.4970963
vt 0.81584698 0.4720245
vt 0.819072902 0.433485121
vt 0.754499972 0.421572894
vt 0.752180159 0.405978858
vt 0.743164718 0.469245374
vt 0.753444731 0.405711114
vt 0.781071544 0.403753459
vt 0.739300966 0.48645556
vt 0.795270503 0.393330544
vt 0.785436392 0.373608172
vt 0.828129292 0.376023412
vt 0.868773282 0.37910071
vt 0.862711132 0.374411702
vt 0.824533999 0.419974715
vt 0.838489234 0.431703895
vt 0.833537817 0.466243327
vt 0.857007504 0.427882493
vt 0.795270503 0.393330544
vt 0.848231316 0.391598493
vt 0.875386953 0.409511358
vt 0.879586816 0.393819779
vt 0.889380932 0.391087592
vt 0.901385605 0.407235235
vt 0.894295514 0.391646564
vt 0.896354914 0.383769751
vt 0.920598865 0.391477168
vt 0.909072459 0.382627547
vt 0.911607504 0.377611697
vt 0.888173163 0.421295255
vt 0.853586137 0.468935788
vt 0.873239636 0.441646874
vt 0.844316483 0.515645027
vt 0.864925504 0.510105491
vt 0.870822906 0.50871259
vt 0.900673807 0.488949984
vt 0.911447644 0.483065844
vt 0.940253615 0.45613271
vt 0.811658621 0.497209489
vt 0.798140645 0.524418175
vt 0.75268054 0.519693613
vt 0.96021843 0.43543911
vt 0.96021843 0.43543911
vt 0.940253615 0.45613271
vt 0.979713261 0.411370456
vt 0.979713261 0.411370456
vt 0.936618686 0.374251783
vt 0.952845097 0.364943117
vt 1.00385177 0.364908874
vt 0.933700562 0.37487793
vt 0.927569091 0.371226013
vt 0.938785791 0.369936168
vt 0.911485672 0.365796506
vt 0.942526281 0.362454474
vt 0.924295604 0.369140744
vt 0.925264597 0.366511494
vt 0.926177561 0.364461452
vt 0.914658844 0.354727566
vt 0.92720902 0.361629635
vt 0.917246699 0.351425469
vt 0.929865777 0.350451231
vt 0.933921516 0.332763731
vt 0.935110092 0.353371531
vt 0.936959743 0.354467571
vt 0.945349753 0.356798202
vt 0.942017376 0.325594157
vt 0.979605973 0.352149367
vt 1.011006 0.328482747
vt 0.977409363 0.329026222
vt 0.973421812 0.306609213
vt 0.992880702 0.301283479
vt 1.0098511 0.306261122
vt 1.00893688 0.297844082
vt 0.671545386 0.173236564
vt 0.666956663 0.171401814
vt 0.667195559 0.17986609
vt 0.676751733 0.179705635
vt 0.6844486 0.174091712
vt 0.682556152 0.183759943
vt 0.689189017 0.186903998
vt 0.690969706 0.176082626
vt 0.701948881 0.182204679
vt 0.699704349 0.175569549
vt 0.704246402 0.175427631
vt 0.705558896 0.181915238
vt 0.720516562 0.174511835
vt 0.723209381 0.183270827
vt 0.723126531 0.173761621
vt 0.761076152 0.163057283
vt 0.761076152 0.163057283
vt 0.723209381 0.183270827
vt 0.5938887 0.340130806
vt 0.660544574 0.277411729
vt 0.58301723 0.256120414
vt 0.670316577 0.30953458
vt 0.706795812 0.310042292
vt 0.590376854 0.488740504
vt 0.59971559 0.496599376
vt 0.606515527 0.463363111
vt 0.543006122 0.442469895
vt 0.56246835 0.417583257
vt 0.585176826 0.397454143
vt 0.636412799 0.413137883
vt 0.616325557 0.353101879
vt 0.650146961 0.387226939
vt 0.678224981 0.344607472
vt 0.683203995 0.339313835
vt 0.683203995 0.339313835
vt 0.678224981 0.344607472
vt 0.616325557 0.353101879
vt 0.683203995 0.339313835
vt 0.585176826 0.397454143
vt 0.585176826 0.397454143
vt 0.56246835 0.417583257
vt 0.56246835 0.417583257
vt 0.543006122 0.442469895
vt 0.543006122 0.442469895
vt 0.755653858 0.394516468
vt 0.755281091 0.395168275
vt 0.781071544 0.403753459
vt 0.770595312 0.38594833
vt 0.781478763 0.362608343
vt 0.785436392 0.373608172
vt 0.76356405 0.379160613
vt 0.755917609 0.386928231
vt 0.771449685 0.357515246
vt 0.750161827 0.375350773
vt 0.73756814 0.393143535
vt 0.755281091 0.395168275
vt 0.756119728 0.351489484
vt 0.758022249 0.314880639
vt 0.781442165 0.330370665
vt 0.767260313 0.323879749
vt 0.791846931 0.309628487
vt 0.779510379 0.301934093
vt 0.768558681 0.290988743
vt 0.788338363 0.296284258
vt 0.754619539 0.135315135
vt 0.742815554 0.129777506
vt 0.737771451 0.131104991
vt 0.746339083 0.129388765
vt 0.750277698 0.129153803
vt 0.755227745 0.128600731
vt 0.594110191 0.137859657
vt 0.579865992 0.146545932
vt 0.587674737 0.147243872
vt 0.593038201 0.148305669
vt 0.598997235 0.14979203
vt 0.603872418 0.126833335
vt 0.606525779 0.1513661
vt 0.60893625 0.125849828
vt 0.616389215 0.138449714
vt 0.616556227 0.159010038
vt 0.620413184 0.161950603
vt 0.623614728 0.136937156
vt 0.628603101 0.162345216
vt 0.624097347 0.172512546
vt 0.619585812 0.167220369
vt 0.619251907 0.173230961
vt 0.628688037 0.17213507
vt 0.628700733 0.172134414
vt 0.722616255 0.522791862
vt 0.704699934 0.504790723
vt 0.711011648 0.525089324
vt 0.703589082 0.492548704
vt 0.685560107 0.268234164
vt 0.677525342 0.268253505
vt 0.689623356 0.28993237
vt 0.680906296 0.254532576
vt 0.696916163 0.235547423
vt 0.679135323 0.247075737
vt 0.72548914 0.188676298
vt 0.71740365 0.180899352
vt 0.747510195 0.13628751
vt 0.739958167 0.130861238
vt 0.754678786 0.103370413
vt 0.765849888 0.0994399786
vt 0.925737023 0.131416738
vt 0.925226808 0.137953088
vt 0.942238688 0.135044634
vt 0.911649227 0.14760606
vt 0.885997713 0.205712751
vt 0.894704401 0.210922137
vt 0.8932845 0.198253736
vt 0.884016931 0.199075356
vt 0.884016931 0.199075356
vt 0.8932845 0.198253736
vt 0.697872758 0.182522446
vt 0.679135323 0.247075737
vt 0.71740365 0.180899352
vt 0.698865116 0.178239301
vt 0.708932638 0.152011573
vt 0.739958167 0.130861238
vt 0.710867167 0.145094126
vt 0.718714595 0.133317813
vt 0.724193752 0.124156982
vt 0.737824619 0.10870409
vt 0.754678786 0.103370413
vt 0.74209857 0.10279958
vt 0.71212244 0.13224943
vt 0.711370826 0.136906758
vt 0.716331184 0.137112871
vt 0.718479931 0.131685808
vt 0.720264733 0.136716619
vt 0.723785818 0.136274204
vt 0.72876364 0.134410515
vt 0.842509687 0.314076006
vt 0.841450334 0.320496619
vt 0.846176028 0.305552155
vt 0.85798341 0.297881931
vt 0.868372321 0.298454165
vt 0.898619652 0.223598883
vt 0.885348558 0.233845219
vt 0.890242994 0.23952122
vt 0.884902775 0.224814996
vt 0.665856302 0.140954986
vt 0.683426857 0.143519297
vt 0.69963789 0.132591322
vt 0.667120457 0.13547425
vt 0.833588779 0.165752307
vt 0.83976388 0.152277574
vt 0.825141072 0.151944116
vt 0.824513197 0.163865015
vt 0.808233738 0.153443083
vt 0.807848096 0.176383868
vt 0.777991712 0.130981699
vt 0.759863794 0.127832368
vt 0.781643093 0.1345274
vt 0.796190023 0.12461175
vt 0.796190023 0.12461175
vt 0.781643093 0.1345274
vt 0.756821215 0.259526014
vt 0.758424222 0.283445835
vt 0.768627286 0.290748954
vt 0.764269829 0.260258645
vt 0.759172797 0.253150642
vt 0.846450925 0.328381568
vt 0.850274742 0.333016008
vt 0.850547791 0.329853982
vt 0.844665587 0.330881655
vt 0.844665587 0.330881655
vt 0.851875722 0.340821296
vt 0.850274742 0.333016008
vt 0.827534258 0.328420579
vt 0.760498762 0.14628233
vt 0.764202297 0.14665772
vt 0.762401819 0.146158889
vt 0.763432205 0.147954419
vt 0.783138692 0.166534528
vt 0.788244069 0.157821015
vt 0.791961193 0.17290087
vt 0.786239028 0.17829971
vt 0.797043025 0.175956503
vt 0.807607889 0.169402972
vt 0.628700733 0.172134414
vt 0.628691971 0.172158703
vt 0.628704548 0.172148183
vt 0.628688037 0.17213507
vt 0.624097347 0.172512546
vt 0.629641414 0.180188283
vt 0.625969052 0.182038411
vt 0.626782298 0.185585454
vt 0.629318118 0.19221203
vt 0.620836735 0.176348403
vt 0.619251907 0.173230961
vt 0.628704548 0.172148183
vt 0.628691971 0.172158703
vt 0.629641414 0.180188283
vt 0.641903579 0.167981461
vt 0.629318118 0.19221203
vt 0.641903579 0.167981461
vt 0.628700733 0.172134414
vt 0.628704548 0.172148183
vt 0.628603101 0.162345216
vt 0.633855045 0.133904383
vt 0.665164828 0.120864704
vt 0.626945615 0.136636779
vt 0.623614728 0.136937156
vt 0.883808434 0.193017617
vt 0.887800336 0.196843639
vt 0.892586768 0.192239359
vt 0.889903069 0.198553517
vt 0.8492468 0.172689095
vt 0.850485086 0.17058681
vt 0.844807506 0.173107103
vt 0.84143877 0.167890713
vt 0.841726184 0.170320168
vt 0.842206717 0.173295304
vt 0.841037214 0.164495483
vt 0.844754338 0.153730974
vt 0.850332737 0.165905282
vt 0.850058138 0.15784134
vt 0.849852324 0.15179576
vt 0.843450069 0.153457835
vt 0.839778066 0.152688876
vt 0.817448378 0.14662452
vt 0.820130527 0.145441726
vt 0.824658692 0.127436474
vt 0.810536683 0.150045052
vt 0.808509648 0.146702811
vt 0.80711174 0.144269362
vt 0.806737065 0.143952057
vt 0.806566 0.139130726
vt 0.810067356 0.128730133
vt 0.806737065 0.143952057
vt 0.806566 0.139130726
vt 0.810067356 0.128730133
vt 0.810067356 0.128730133
vt 0.779444695 0.16556178
vt 0.763432205 0.147954419
vt 0.760498762 0.14628233
vt 0.783138692 0.166534528
vt 0.779778242 0.167691812
vt 0.782477796 0.172797278
vt 0.786239028 0.17829971
vt 0.788244069 0.157821015
vt 0.786682248 0.148084983
vt 0.762401819 0.146158889
vt 0.788745046 0.145635709
vt 0.791392684 0.143543378
vt 0.795939326 0.144188687
vt 0.807607889 0.169402972
vt 0.762401819 0.146158889
vt 0.786682248 0.148084983
vt 0.760498762 0.14628233
vt 0.782755792 0.153428927
vt 0.780397952 0.15733321
vt 0.779444695 0.16556178
vt 0.84230721 0.146565273
vt 0.843782604 0.150291309
vt 0.844730377 0.146078542
vt 0.840740681 0.14260976
vt 0.847187161 0.135119155
vt 0.831049562 0.142579392
vt 0.834470987 0.140251085
vt 0.824658692 0.127436474
vt 0.82918644 0.143847033
vt 0.825496554 0.149609372
vt 0.820130527 0.145441726
vt 0.822010517 0.148644492
vt 0.824006319 0.152044669
vt 0.847840667 0.151400372
vt 0.847744763 0.151046589
vt 0.844843745 0.151311651
vt 0.850114942 0.151086971
vt 0.850114942 0.151086971
vt 0.847840667 0.151400372
vt 0.844855905 0.151664987
vt 0.847847104 0.151973501
vt 0.847769141 0.151471809
vt 0.849832654 0.151223794
vt 0.849832654 0.151223794
vt 0.847847104 0.151973501
vt 0.834539473 0.133753076
vt 0.83435905 0.136998788
vt 0.838757753 0.141345516
vt 0.846846998 0.130471304
vt 0.840740681 0.14260976
vt 0.847187161 0.135119155
vt 0.846639037 0.127167121
vt 0.834870756 0.127792284
vt 0.846724868 0.126741216
vt 0.847744763 0.151046589
vt 0.850114942 0.151086971
vt 0.84987545 0.150857672
vt 0.847744763 0.151046589
vt 0.84987545 0.150857672
vt 0.888458371 0.284070611
vt 0.884727418 0.271518916
vt 0.887983441 0.277048826
vt 0.887581289 0.269029528
vt 0.871219456 0.861373723
vt 0.870853245 0.860242546
vt 0.870794773 0.860306203
vt 0.871331692 0.861258984
vt 0.872267187 0.862442136
vt 0.872102439 0.862542927
vt 0.873034894 0.863233745
vt 0.873066127 0.863366485
vt 0.874310434 0.864239514
vt 0.874178648 0.864462852
vt 0.874123216 0.864033282
vt 0.872990549 0.863112509
vt 0.872448683 0.862183273
vt 0.871493518 0.861142874
vt 0.870462775 0.859593153
vt 0.874812067 0.863865733
vt 0.876053393 0.86469686
vt 0.870226085 0.853700042
vt 0.862234414 0.864430249
vt 0.873937964 0.86500752
vt 0.861989439 0.871045828
vt 0.873665988 0.865914345
vt 0.866063952 0.877779365
vt 0.873516977 0.866689801
vt 0.755090594 0.944720984
vt 0.826047361 0.986706734
vt 0.723172069 0.886191368
vt 0.956120074 0.965629101
vt 0.786688209 0.747970581
vt 0.878297687 0.879759133
vt 0.990758002 0.834152818
vt 0.883381128 0.85572356
vt 0.916269541 0.745605469
vt 0.874266863 0.866903305
vt 0.873689532 0.864490867
vt 0.885907471 0.86942482
vt 0.959762752 0.773965657
vt 0.886630714 0.862109363
vt 0.875709355 0.865471959
vt 0.873896897 0.864236057
vt 0.875189483 0.865937352
vt 0.873640835 0.864297628
vt 0.873661339 0.86403501
vt 0.87300235 0.863254547
vt 0.873025298 0.862980187
vt 0.873896897 0.864236057
vt 0.872170031 0.862047315
vt 0.872974813 0.86345607
vt 0.873689532 0.864490867
vt 0.872313678 0.862425566
vt 0.871364057 0.861188114
vt 0.871347427 0.861085594
vt 0.870286822 0.860481322
vt 0.870626986 0.860555708
vt 0.871155977 0.860904276
vt 0.870784104 0.860450745
vt 0.870626986 0.860555708
vt 0.870784104 0.860450745
vt 0.870794773 0.860306203
vt 0.870390773 0.860040247
vt 0.870286822 0.860481322
vt 0.870853245 0.860242546
vt 0.869621575 0.859722197
vt 0.870462775 0.859593153
vt 0.869009674 0.858336508
vt 0.873937964 0.86500752
vt 0.874310434 0.864239514
vt 0.874812067 0.863865733
vt 0.874123216 0.864033282
vt 0.873665988 0.865914345
vt 0.873883307 0.864267349
vt 0.873516977 0.866689801
vt 0.872990549 0.863112509
vt 0.873689532 0.864490867
vt 0.873003066 0.863320768
vt 0.872448683 0.862183273
vt 0.872974813 0.86345607
vt 0.87239933 0.862294555
vt 0.871493518 0.861142874
vt 0.872313678 0.862425566
vt 0.871492445 0.860938728
vt 0.871364057 0.861188114
vt 0.869621575 0.859722197
vt 0.870286822 0.860481322
vt 0.869009674 0.858336508
vt 0.87239933 0.862294555
vt 0.871492445 0.860938728
vt 0.871493518 0.861142874
vt 0.869009674 0.858336508
vt 0.925132036 0.31070593
vt 0.891274691 0.31370765
vt 0.896469295 0.342876434
vt 0.918053567 0.358123332
vt 0.897193193 0.35468486
vt 0.895342886 0.367781132
vt 0.907853365 0.36803776
vt 0.921350121 0.386735409
vt 0.904416203 0.381063163
vt 0.915702462 0.284308642
vt 0.917798698 0.311356038
vt 0.924036503 0.280793488
vt 0.92276597 0.23727864
vt 0.927379072 0.242579922
vt 0.92649287 0.354254782
vt 0.929760218 0.315987796
vt 0.925132036 0.31070593
vt 0.918053567 0.358123332
vt 0.921350121 0.386735409
vt 0.92276597 0.23727864
vt 0.88874799 0.24029462
vt 0.893967271 0.269601703
vt 0.915702462 0.284308642
vt 0.894821882 0.281579077
vt 0.89313668 0.294988632
vt 0.905854702 0.29470104
vt 0.917798698 0.311356038
vt 0.903323472 0.303426802
vt 0.90229398 0.308054298
vt 0.927809358 0.447045803
vt 0.930053592 0.469736069
vt 0.938439369 0.439986259
vt 0.935539365 0.385477453
vt 0.941487372 0.391773611
vt 0.935539365 0.385477453
vt 0.893871963 0.389171571
vt 0.900264978 0.425068974
vt 0.927809358 0.447045803
vt 0.900649607 0.43947503
vt 0.897486806 0.455064416
vt 0.913175821 0.457853824
vt 0.930053592 0.469736069
vt 0.909221649 0.467973471
vt 0.907509923 0.473417401
vt 0.931997895 0.534383535
vt 0.934325337 0.557914138
vt 0.943021536 0.527063012
vt 0.940014243 0.470535636
vt 0.946182668 0.477064788
vt 0.940014243 0.470535636
vt 0.896804094 0.474366486
vt 0.9034338 0.511592984
vt 0.931997895 0.534383535
vt 0.903832793 0.526532233
vt 0.900552869 0.542699039
vt 0.916822731 0.545591295
vt 0.934325337 0.557914138
vt 0.912721992 0.556086004
vt 0.910946786 0.561731458
vt 0.884015083 0.275446147
vt 0.890442669 0.273574352
vt 0.884727418 0.271518916
vt 0.888458371 0.284070611
vt 0.80280441 0.13976793
vt 0.80280441 0.13976793
vt 0.796669245 0.133195266
vt 0.796669245 0.133195266
vt 0.90229398 0.308054298
vt 0.90229398 0.308054298
vt 0.903323472 0.303426802
vt 0.903323472 0.303426802
vt 0.905854702 0.29470104
vt 0.905854702 0.29470104
vt 0.823764265 0.12608926
vt 0.823764265 0.12608926
vt 0.838951051 0.126169339
vt 0.838951051 0.126169339
vt 0.842647135 0.124415085
vt 0.842647135 0.124415085
vt 0.897486806 0.455064416
vt 0.907509923 0.473417401
vt 0.907509923 0.473417401
vt 0.897486806 0.455064416
vt 0.900649607 0.43947503
vt 0.900649607 0.43947503
vt 0.900264978 0.425068974
vt 0.900264978 0.425068974
vt 0.893871963 0.389171571
vt 0.893871963 0.389171571
vt 0.900264978 0.425068974
vt 0.900264978 0.425068974
vt 0.900649607 0.43947503
vt 0.900649607 0.43947503
vt 0.897486806 0.455064416
vt 0.897486806 0.455064416
vt 0.907509923 0.473417401
vt 0.907509923 0.473417401
vt 0.907509923 0.473417401
vt 0.907509923 0.473417401
vt 0.909221649 0.467973471
vt 0.909221649 0.467973471
vt 0.913175821 0.457853824
vt 0.913175821 0.457853824
vt 0.69963789 0.132591322
vt 0.69963789 0.132591322
vt 0.667120457 0.13547425
vt 0.667120457 0.13547425
vt 0.912721992 0.556086004
vt 0.916822731 0.545591295
vt 0.916822731 0.545591295
vt 0.912721992 0.556086004
vt 0.910946786 0.561731458
vt 0.910946786 0.561731458
vt 0.846724868 0.126741216
vt 0.846724868 0.126741216
vt 0.834870756 0.127792284
vt 0.834870756 0.127792284
vt 0.916822731 0.545591295
vt 0.916822731 0.545591295
vt 0.934325337 0.557914138
vt 0.934325337 0.557914138
vt 0.89313668 0.294988632
vt 0.90229398 0.308054298
vt 0.90229398 0.308054298
vt 0.89313668 0.294988632
vt 0.894821882 0.281579077
vt 0.894821882 0.281579077
vt 0.893967271 0.269601703
vt 0.893967271 0.269601703
vt 0.88874799 0.24029462
vt 0.88874799 0.24029462
vt 0.847744763 0.151046589
vt 0.847744763 0.151046589
vt 0.844843745 0.151311651
vt 0.844843745 0.151311651
vt 0.728818536 0.136005774
vt 0.728818536 0.136005774
vt 0.70931077 0.137735263
vt 0.70931077 0.137735263
vt 0.716468334 0.15104945
vt 0.728818536 0.136005774
vt 0.716468334 0.15104945
vt 0.904416203 0.381063163
vt 0.921350121 0.386735409
vt 0.921350121 0.386735409
vt 0.904416203 0.381063163
vt 0.895342886 0.367781132
vt 0.895342886 0.367781132
vt 0.897193193 0.35468486
vt 0.897193193 0.35468486
vt 0.896469295 0.342876434
vt 0.896469295 0.342876434
vt 0.891274691 0.31370765
vt 0.891274691 0.31370765
vt 0.896469295 0.342876434
vt 0.896469295 0.342876434
vt 0.897193193 0.35468486
vt 0.897193193 0.35468486
vt 0.895342886 0.367781132
vt 0.895342886 0.367781132
vt 0.904416203 0.381063163
vt 0.904416203 0.381063163
vt 0.921350121 0.386735409
vt 0.921350121 0.386735409
vt 0.890242994 0.23952122
vt 0.890242994 0.23952122
vt 0.898619652 0.223598883
vt 0.898619652 0.223598883
vt 0.894704401 0.210922137
vt 0.894704401 0.210922137
vt 0.8932845 0.198253736
vt 0.8932845 0.198253736
vt 0.900552869 0.542699039
vt 0.910946786 0.561731458
vt 0.910946786 0.561731458
vt 0.900552869 0.542699039
vt 0.903832793 0.526532233
vt 0.903832793 0.526532233
vt 0.9034338 0.511592984
vt 0.9034338 0.511592984
vt 0.896804094 0.474366486
vt 0.896804094 0.474366486
vt 0.9034338 0.511592984
vt 0.9034338 0.511592984
vt 0.903832793 0.526532233
vt 0.903832793 0.526532233
vt 0.900552869 0.542699039
vt 0.900552869 0.542699039
vt 0.910946786 0.561731458
vt 0.910946786 0.561731458
vt 0.903323472 0.303426802
vt 0.90229398 0.308054298
vt 0.90229398 0.308054298
vt 0.903323472 0.303426802
vt 0.905854702 0.29470104
vt 0.905854702 0.29470104
vt 0.909221649 0.467973471
vt 0.907509923 0.473417401
vt 0.907509923 0.473417401
vt 0.909221649 0.467973471
vt 0.913175821 0.457853824
vt 0.913175821 0.457853824
vt 0.667120457 0.13547425
vt 0.667120457 0.13547425
vt 0.69963789 0.132591322
vt 0.69963789 0.132591322
vt 0.916822731 0.545591295
vt 0.916822731 0.545591295
vt 0.912721992 0.556086004
vt 0.912721992 0.556086004
vt 0.910946786 0.561731458
vt 0.910946786 0.561731458
vt 0.834870756 0.127792284
vt 0.834870756 0.127792284
vt 0.846724868 0.126741216
vt 0.846724868 0.126741216
vt 0.934325337 0.557914138
vt 0.934325337 0.557914138
vt 0.916822731 0.545591295
vt 0.916822731 0.545591295
vt 0.90229398 0.308054298
vt 0.90229398 0.308054298
vt 0.89313668 0.294988632
vt 0.89313668 0.294988632
vt 0.894821882 0.281579077
vt 0.894821882 0.281579077
vt 0.893967271 0.269601703
vt 0.893967271 0.269601703
vt 0.88874799 0.24029462
vt 0.88874799 0.24029462
vt 0.844843745 0.151311651
vt 0.844843745 0.151311651
vt 0.847744763 0.151046589
vt 0.847744763 0.151046589
vt 0.70931077 0.137735263
vt 0.70931077 0.137735263
vt 0.728818536 0.136005774
vt 0.728818536 0.136005774
vt 0.716468334 0.15104945
vt 0.716468334 0.15104945
vt 0.728818536 0.136005774
vt 0.930053592 0.469736069
vt 0.930053592 0.469736069
vt 0.913175821 0.457853824
vt 0.913175821 0.457853824
vt 0.842647135 0.124415085
vt 0.842647135 0.124415085
vt 0.838951051 0.126169339
vt 0.838951051 0.126169339
vt 0.823764265 0.12608926
vt 0.823764265 0.12608926
vt 0.898619652 0.223598883
vt 0.898619652 0.223598883
vt 0.890242994 0.23952122
vt 0.890242994 0.23952122
vt 0.8932845 0.198253736
vt 0.8932845 0.198253736
vt 0.894704401 0.210922137
vt 0.894704401 0.210922137
vt 0.723172069 0.886191368
vt 0.723172069 0.886191368
vt 0.786688209 0.747970581
vt 0.786688209 0.747970581
vt 0.755090594 0.944720984
vt 0.916269541 0.745605469
vt 0.755090594 0.944720984
vt 0.916269541 0.745605469
vt 0.826047361 0.986706734
vt 0.959762752 0.773965657
vt 0.826047361 0.986706734
vt 0.959762752 0.773965657
vt 0.956120074 0.965629101
vt 0.990758002 0.834152818
vt 0.956120074 0.965629101
vt 0.990758002 0.834152818
vt 0.786688209 0.747970581
vt 0.723172069 0.886191368
vt 0.723172069 0.886191368
vt 0.786688209 0.747970581
vt 0.755090594 0.944720984
vt 0.916269541 0.745605469
vt 0.755090594 0.944720984
vt 0.916269541 0.745605469
vt 0.826047361 0.986706734
vt 0.959762752 0.773965657
vt 0.826047361 0.986706734
vt 0.959762752 0.773965657
vt 0.956120074 0.965629101
vt 0.990758002 0.834152818
vt 0.956120074 0.965629101
vt 0.990758002 0.834152818
vt 0.810793638 0.258238345
vt 0.799554884 0.244476408
vt 0.813434005 0.251631528
vt 0.795681238 0.219705671
vt 0.806239367 0.212579951
vt 0.805996776 0.212251812
vt 0.802382588 0.260193557
vt 0.801067293 0.243004888
vt 0.809835076 0.258895814
vt 0.833772063 0.196706474
vt 0.833870292 0.196604818
vt 0.839455724 0.190562651
vt 0.80778867 0.242937684
vt 0.800219059 0.247394055
vt 0.802799284 0.240050942
vt 0.794210911 0.254859626
vt 0.792339861 0.248391971
vt 0.804097474 0.245136768
vt 0.792577922 0.247026324
vt 0.795206249 0.24216491
vt 0.80332303 0.24728927
vt 0.795722783 0.241786629
vt 0.801390409 0.240151346
vt 0.802540183 0.247751862
vt 0.799179912 0.245861888
vt 0.800219059 0.247394055
vt 0.80778867 0.242937684
vt 0.77309829 0.224706843
vt 0.772971749 0.225647777
vt 0.782262921 0.2270886
vt 0.810793638 0.258238345
vt 0.813434005 0.251631528
vt 0.799554884 0.244476408
vt 0.805996776 0.212251812
vt 0.806239367 0.212579951
vt 0.795681238 0.219705671
vt 0.802382588 0.260193557
vt 0.809835076 0.258895814
vt 0.801067293 0.243004888
vt 0.839455724 0.190562651
vt 0.833870292 0.196604818
vt 0.833772063 0.196706474
vt 0.80778867 0.242937684
vt 0.802799284 0.240050942
vt 0.800219059 0.247394055
vt 0.794210911 0.254859626
vt 0.804097474 0.245136768
vt 0.792339861 0.248391971
vt 0.792577922 0.247026324
vt 0.80332303 0.24728927
vt 0.795206249 0.24216491
vt 0.795722783 0.241786629
vt 0.802540183 0.247751862
vt 0.801390409 0.240151346
vt 0.80778867 0.242937684
vt 0.800219059 0.247394055
vt 0.799179912 0.245861888
vt 0.782262921 0.2270886
vt 0.772971749 0.225647777
vt 0.77309829 0.224706843
vt 0.810793638 0.258238345
vt 0.813434005 0.251631528
vt 0.799554884 0.244476408
vt 0.805996776 0.212251812
vt 0.806239367 0.212579951
vt 0.795681238 0.219705671
vt 0.802382588 0.260193557
vt 0.809835076 0.258895814
vt 0.801067293 0.243004888
vt 0.839455724 0.190562651
vt 0.833870292 0.196604818
vt 0.833772063 0.196706474
vt 0.80778867 0.242937684
vt 0.802799284 0.240050942
vt 0.800219059 0.247394055
vt 0.794210911 0.254859626
vt 0.804097474 0.245136768
vt 0.792339861 0.248391971
vt 0.792577922 0.247026324
vt 0.80332303 0.24728927
vt 0.795206249 0.24216491
vt 0.795722783 0.241786629
vt 0.802540183 0.247751862
vt 0.801390409 0.240151346
vt 0.80778867 0.242937684
vt 0.800219059 0.247394055
vt 0.799179912 0.245861888
vt 0.782262921 0.2270886
vt 0.772971749 0.225647777
vt 0.77309829 0.224706843
vt 0.810793638 0.258238345
vt 0.799554884 0.244476408
vt 0.813434005 0.251631528
vt 0.795681238 0.219705671
vt 0.806239367 0.212579951
vt 0.805996776 0.212251812
vt 0.802382588 0.260193557
vt 0.801067293 0.243004888
vt 0.809835076 0.258895814
vt 0.833772063 0.196706474
vt 0.833870292 0.196604818
vt 0.839455724 0.190562651
vt 0.80778867 0.242937684
vt 0.800219059 0.247394055
vt 0.802799284 0.240050942
vt 0.794210911 0.254859626
vt 0.792339861 0.248391971
vt 0.804097474 0.245136768
vt 0.792577922 0.247026324
vt 0.795206249 0.24216491
vt 0.80332303 0.24728927
vt 0.795722783 0.241786629
vt 0.801390409 0.240151346
vt 0.802540183 0.247751862
vt 0.799179912 0.245861888
vt 0.800219059 0.247394055
vt 0.80778867 0.242937684
vt 0.77309829 0.224706843
vt 0.772971749 0.225647777
vt 0.782262921 0.2270886
vt 0.795722783 0.241786629
vt 0.802540183 0.247751862
vt 0.80332303 0.24728927
vt 0.795206249 0.24216491
vt 0.813049316 0.250359446
vt 0.799179912 0.245861888
vt 0.809035838 0.243999869
vt 0.808573842 0.243763432
vt 0.80778867 0.242937684
vt 0.800964653 0.259451091
vt 0.79481405 0.255792469
vt 0.80285573 0.243256003
vt 0.801512539 0.259512842
vt 0.792577922 0.247026324
vt 0.80332303 0.24728927
vt 0.804097474 0.245136768
vt 0.792339861 0.248391971
vt 0.805996776 0.212251812
vt 0.796644807 0.221157506
vt 0.795681238 0.219705671
vt 0.796918988 0.221377313
vt 0.80198431 0.223611623
vt 0.804160833 0.224063084
vt 0.805632055 0.212203383
vt 0.80906266 0.221647844
vt 0.81206423 0.21875295
vt 0.805345416 0.21263665
vt 0.813432097 0.214855745
vt 0.81313926 0.212104782
vt 0.805357814 0.212929174
vt 0.81102699 0.208472371
vt 0.805591285 0.213085756
vt 0.8092044 0.206848025
vt 0.805898011 0.205691338
vt 0.805360436 0.205415711
vt 0.805948555 0.213046148
vt 0.802747667 0.205750287
vt 0.79829967 0.207441777
vt 0.806120932 0.212929904
vt 0.797404706 0.208175391
vt 0.795198798 0.212343231
vt 0.806239367 0.212579951
vt 0.794496357 0.214733034
vt 0.795681238 0.219705671
vt 0.839455724 0.190562651
vt 0.833870292 0.196604818
vt 0.836164236 0.189241648
vt 0.833887577 0.196456999
vt 0.835518599 0.189092308
vt 0.83232528 0.189361736
vt 0.82878828 0.19033502
vt 0.833799005 0.196346372
vt 0.827260017 0.191350043
vt 0.825125933 0.194126993
vt 0.833656192 0.196299449
vt 0.824144423 0.198071599
vt 0.824887693 0.202008814
vt 0.833494723 0.196418107
vt 0.826916099 0.204751834
vt 0.827103376 0.204815045
vt 0.828603446 0.205985993
vt 0.829610825 0.207851112
vt 0.829076767 0.207453609
vt 0.833443284 0.196591929
vt 0.832597017 0.20912312
vt 0.836602271 0.207819104
vt 0.841559887 0.204070628
vt 0.833611846 0.196724325
vt 0.842692137 0.201895207
vt 0.842977822 0.200471967
vt 0.84305346 0.196601182
vt 0.833772063 0.196706474
vt 0.842768252 0.195053607
vt 0.841896534 0.193409353
vt 0.841256618 0.192788839
vt 0.839540958 0.190764099
vt 0.839455724 0.190562651
vt 0.794210911 0.254859626
vt 0.804097474 0.245136768
vt 0.80285573 0.243256003
vt 0.79481405 0.255792469
vt 0.802799284 0.240050942
vt 0.800219059 0.247394055
vt 0.802540183 0.247751862
vt 0.801390409 0.240151346
vt 0.801512539 0.259512842
vt 0.80285573 0.243256003
vt 0.801067293 0.243004888
vt 0.802382588 0.260193557
vt 0.813049316 0.250359446
vt 0.813434005 0.251631528
vt 0.799554884 0.244476408
vt 0.799179912 0.245861888
vt 0.810793638 0.258238345
vt 0.809835076 0.258895814
vt 0.801067293 0.243004888
vt 0.799554884 0.244476408
vt 0.827366948 0.156074002
vt 0.831480205 0.155256018
vt 0.831579626 0.155379057
vt 0.828778386 0.161922187
vt 0.824732244 0.157031417
vt 0.83056742 0.161890924
vt 0.827914655 0.162596345
vt 0.82274282 0.158672884
vt 0.820895791 0.161421001
vt 0.832006693 0.155483454
vt 0.827136517 0.164483607
vt 0.819402575 0.166153103
vt 0.819441438 0.169701383
vt 0.833473325 0.156104475
vt 0.833726108 0.156266779
vt 0.837060869 0.159678668
vt 0.831778049 0.162884414
vt 0.837812662 0.162140682
vt 0.828070521 0.166368037
vt 0.831826508 0.164644927
vt 0.838074088 0.167006955
vt 0.836921334 0.169799238
vt 0.819425344 0.169999182
vt 0.829952359 0.166733742
vt 0.831831992 0.17421101
vt 0.828629553 0.175428018
vt 0.820283055 0.171342567
vt 0.82477355 0.174476057
vt 0.821601927 0.173077926
vt 0.823284864 0.173977405
vt 0.852630079 0.142714858
vt 0.850782812 0.145145863
vt 0.850821674 0.144970477
vt 0.857411504 0.143561736
vt 0.855941415 0.139151827
vt 0.858253658 0.14237687
vt 0.861186147 0.141483039
vt 0.857519627 0.146363795
vt 0.851238728 0.149931744
vt 0.851984799 0.15208362
vt 0.863538027 0.143344238
vt 0.859134197 0.148183852
vt 0.855198562 0.156238243
vt 0.857514739 0.157380074
vt 0.869980395 0.143578842
vt 0.871780932 0.146060631
vt 0.861445725 0.148417339
vt 0.863424778 0.14593336
vt 0.858176589 0.157492563
vt 0.872131884 0.146753088
vt 0.871087074 0.150681183
vt 0.870143175 0.152439207
vt 0.862604201 0.158137888
vt 0.864990473 0.157169536
vt 0.808783889 0.138125271
vt 0.808822691 0.137938365
vt 0.810277104 0.13275668
vt 0.814494073 0.135563925
vt 0.809829354 0.140385807
vt 0.814619362 0.131484747
vt 0.811732233 0.13028188
vt 0.813995123 0.127910793
vt 0.816650152 0.138348892
vt 0.815801799 0.129547209
vt 0.816056371 0.127017185
vt 0.82142508 0.126264945
vt 0.820671141 0.127753496
vt 0.8230322 0.126913652
vt 0.812614202 0.143727705
vt 0.815225303 0.144717962
vt 0.819694757 0.145460099
vt 0.82509315 0.131053582
vt 0.827139318 0.130032554
vt 0.827807009 0.131976873
vt 0.820167899 0.138547659
vt 0.824696958 0.135217786
vt 0.828168988 0.137647703
vt 0.827231646 0.140225828
vt 0.822323084 0.144461364
vt 0.826835632 0.140894994
vt 0.762779176 0.234165698
vt 0.761195779 0.226324484
vt 0.775991797 0.224864841
vt 0.761941254 0.224927217
vt 0.775438845 0.226169169
vt 0.766502321 0.220192
vt 0.767314553 0.219896495
vt 0.774928033 0.226528153
vt 0.773677111 0.218728721
vt 0.775080264 0.218529835
vt 0.773661077 0.226387307
vt 0.78020072 0.220667943
vt 0.772971749 0.225647777
vt 0.781169891 0.221751541
vt 0.782262921 0.2270886
vt 0.781488657 0.222470641
vt 0.762779176 0.234165698
vt 0.775991797 0.224864841
vt 0.775353193 0.223632917
vt 0.763453662 0.235343739
vt 0.782262921 0.2270886
vt 0.782247186 0.227516636
vt 0.77309829 0.224706843
vt 0.782405555 0.228376642
vt 0.780378938 0.233455494
vt 0.774149597 0.223390698
vt 0.778692305 0.23521921
vt 0.776533723 0.236596853
vt 0.771758318 0.239208847
vt 0.775353193 0.223632917
vt 0.770463288 0.239106655
vt 0.763453662 0.235343739
vt 0.768673778 0.238739789
vt 0.795722783 0.241786629
vt 0.795206249 0.24216491
vt 0.80332303 0.24728927
vt 0.802540183 0.247751862
vt 0.813049316 0.250359446
vt 0.809035838 0.243999869
vt 0.799179912 0.245861888
vt 0.808573842 0.243763432
vt 0.80778867 0.242937684
vt 0.800964653 0.259451091
vt 0.801512539 0.259512842
vt 0.80285573 0.243256003
vt 0.79481405 0.255792469
vt 0.792577922 0.247026324
vt 0.792339861 0.248391971
vt 0.804097474 0.245136768
vt 0.80332303 0.24728927
vt 0.795681238 0.219705671
vt 0.796644807 0.221157506
vt 0.805996776 0.212251812
vt 0.796918988 0.221377313
vt 0.80198431 0.223611623
vt 0.804160833 0.224063084
vt 0.805632055 0.212203383
vt 0.80906266 0.221647844
vt 0.81206423 0.21875295
vt 0.805345416 0.21263665
vt 0.813432097 0.214855745
vt 0.81313926 0.212104782
vt 0.805357814 0.212929174
vt 0.81102699 0.208472371
vt 0.805591285 0.213085756
vt 0.8092044 0.206848025
vt 0.805898011 0.205691338
vt 0.805360436 0.205415711
vt 0.805948555 0.213046148
vt 0.802747667 0.205750287
vt 0.79829967 0.207441777
vt 0.806120932 0.212929904
vt 0.797404706 0.208175391
vt 0.795198798 0.212343231
vt 0.806239367 0.212579951
vt 0.794496357 0.214733034
vt 0.795681238 0.219705671
vt 0.839455724 0.190562651
vt 0.836164236 0.189241648
vt 0.833870292 0.196604818
vt 0.833887577 0.196456999
vt 0.835518599 0.189092308
vt 0.83232528 0.189361736
vt 0.82878828 0.19033502
vt 0.833799005 0.196346372
vt 0.827260017 0.191350043
vt 0.825125933 0.194126993
vt 0.833656192 0.196299449
vt 0.824144423 0.198071599
vt 0.824887693 0.202008814
vt 0.833494723 0.196418107
vt 0.826916099 0.204751834
vt 0.827103376 0.204815045
vt 0.828603446 0.205985993
vt 0.829610825 0.207851112
vt 0.829076767 0.207453609
vt 0.833443284 0.196591929
vt 0.832597017 0.20912312
vt 0.836602271 0.207819104
vt 0.841559887 0.204070628
vt 0.833611846 0.196724325
vt 0.842692137 0.201895207
vt 0.842977822 0.200471967
vt 0.84305346 0.196601182
vt 0.833772063 0.196706474
vt 0.842768252 0.195053607
vt 0.841896534 0.193409353
vt 0.841256618 0.192788839
vt 0.839540958 0.190764099
vt 0.839455724 0.190562651
vt 0.794210911 0.254859626
vt 0.79481405 0.255792469
vt 0.80285573 0.243256003
vt 0.804097474 0.245136768
vt 0.802799284 0.240050942
vt 0.801390409 0.240151346
vt 0.802540183 0.247751862
vt 0.800219059 0.247394055
vt 0.801512539 0.259512842
vt 0.802382588 0.260193557
vt 0.801067293 0.243004888
vt 0.80285573 0.243256003
vt 0.813049316 0.250359446
vt 0.799179912 0.245861888
vt 0.799554884 0.244476408
vt 0.813434005 0.251631528
vt 0.810793638 0.258238345
vt 0.799554884 0.244476408
vt 0.801067293 0.243004888
vt 0.809835076 0.258895814
vt 0.82477355 0.174476057
vt 0.821601927 0.173077926
vt 0.823284864 0.173977405
vt 0.828070521 0.166368037
vt 0.820283055 0.171342567
vt 0.819425344 0.169999182
vt 0.828629553 0.175428018
vt 0.819441438 0.169701383
vt 0.829952359 0.166733742
vt 0.831831992 0.17421101
vt 0.836921334 0.169799238
vt 0.827136517 0.164483607
vt 0.819402575 0.166153103
vt 0.820895791 0.161421001
vt 0.831826508 0.164644927
vt 0.838074088 0.167006955
vt 0.837812662 0.162140682
vt 0.831778049 0.162884414
vt 0.837060869 0.159678668
vt 0.827914655 0.162596345
vt 0.82274282 0.158672884
vt 0.824732244 0.157031417
vt 0.83056742 0.161890924
vt 0.828778386 0.161922187
vt 0.833726108 0.156266779
vt 0.827366948 0.156074002
vt 0.831480205 0.155256018
vt 0.831579626 0.155379057
vt 0.833473325 0.156104475
vt 0.832006693 0.155483454
vt 0.852630079 0.142714858
vt 0.850821674 0.144970477
vt 0.850782812 0.145145863
vt 0.857411504 0.143561736
vt 0.855941415 0.139151827
vt 0.858253658 0.14237687
vt 0.861186147 0.141483039
vt 0.857519627 0.146363795
vt 0.851238728 0.149931744
vt 0.851984799 0.15208362
vt 0.863538027 0.143344238
vt 0.859134197 0.148183852
vt 0.855198562 0.156238243
vt 0.857514739 0.157380074
vt 0.869980395 0.143578842
vt 0.871780932 0.146060631
vt 0.861445725 0.148417339
vt 0.863424778 0.14593336
vt 0.858176589 0.157492563
vt 0.872131884 0.146753088
vt 0.871087074 0.150681183
vt 0.870143175 0.152439207
vt 0.862604201 0.158137888
vt 0.864990473 0.157169536
vt 0.762779176 0.234165698
vt 0.775991797 0.224864841
vt 0.761195779 0.226324484
vt 0.761941254 0.224927217
vt 0.775438845 0.226169169
vt 0.766502321 0.220192
vt 0.767314553 0.219896495
vt 0.774928033 0.226528153
vt 0.773677111 0.218728721
vt 0.775080264 0.218529835
vt 0.773661077 0.226387307
vt 0.78020072 0.220667943
vt 0.772971749 0.225647777
vt 0.781169891 0.221751541
vt 0.782262921 0.2270886
vt 0.781488657 0.222470641
vt 0.762779176 0.234165698
vt 0.763453662 0.235343739
vt 0.775353193 0.223632917
vt 0.775991797 0.224864841
vt 0.77309829 0.224706843
vt 0.782247186 0.227516636
vt 0.782262921 0.2270886
vt 0.782405555 0.228376642
vt 0.780378938 0.233455494
vt 0.774149597 0.223390698
vt 0.778692305 0.23521921
vt 0.776533723 0.236596853
vt 0.771758318 0.239208847
vt 0.775353193 0.223632917
vt 0.770463288 0.239106655
vt 0.763453662 0.235343739
vt 0.768673778 0.238739789
vt 0.795722783 0.241786629
vt 0.795206249 0.24216491
vt 0.80332303 0.24728927
vt 0.802540183 0.247751862
vt 0.813049316 0.250359446
vt 0.809035838 0.243999869
vt 0.799179912 0.245861888
vt 0.808573842 0.243763432
vt 0.80778867 0.242937684
vt 0.800964653 0.259451091
vt 0.801512539 0.259512842
vt 0.80285573 0.243256003
vt 0.79481405 0.255792469
vt 0.792577922 0.247026324
vt 0.792339861 0.248391971
vt 0.804097474 0.245136768
vt 0.80332303 0.24728927
vt 0.795681238 0.219705671
vt 0.796644807 0.221157506
vt 0.805996776 0.212251812
vt 0.796918988 0.221377313
vt 0.80198431 0.223611623
vt 0.804160833 0.224063084
vt 0.805632055 0.212203383
vt 0.80906266 0.221647844
vt 0.81206423 0.21875295
vt 0.805345416 0.21263665
vt 0.813432097 0.214855745
vt 0.81313926 0.212104782
vt 0.805357814 0.212929174
vt 0.81102699 0.208472371
vt 0.805591285 0.213085756
vt 0.8092044 0.206848025
vt 0.805898011 0.205691338
vt 0.805360436 0.205415711
vt 0.805948555 0.213046148
vt 0.802747667 0.205750287
vt 0.79829967 0.207441777
vt 0.806120932 0.212929904
vt 0.797404706 0.208175391
vt 0.795198798 0.212343231
vt 0.806239367 0.212579951
vt 0.794496357 0.214733034
vt 0.795681238 0.219705671
vt 0.839455724 0.190562651
vt 0.836164236 0.189241648
vt 0.833870292 0.196604818
vt 0.833887577 0.196456999
vt 0.835518599 0.189092308
vt 0.83232528 0.189361736
vt 0.82878828 0.19033502
vt 0.833799005 0.196346372
vt 0.827260017 0.191350043
vt 0.825125933 0.194126993
vt 0.833656192 0.196299449
vt 0.824144423 0.198071599
vt 0.824887693 0.202008814
vt 0.833494723 0.196418107
vt 0.826916099 0.204751834
vt 0.827103376 0.204815045
vt 0.828603446 0.205985993
vt 0.829610825 0.207851112
vt 0.829076767 0.207453609
vt 0.833443284 0.196591929
vt 0.832597017 0.20912312
vt 0.836602271 0.207819104
vt 0.841559887 0.204070628
vt 0.833611846 0.196724325
vt 0.842692137 0.201895207
vt 0.842977822 0.200471967
vt 0.84305346 0.196601182
vt 0.833772063 0.196706474
vt 0.842768252 0.195053607
vt 0.841896534 0.193409353
vt 0.841256618 0.192788839
vt 0.839540958 0.190764099
vt 0.839455724 0.190562651
vt 0.794210911 0.254859626
vt 0.79481405 0.255792469
vt 0.80285573 0.243256003
vt 0.804097474 0.245136768
vt 0.802799284 0.240050942
vt 0.801390409 0.240151346
vt 0.802540183 0.247751862
vt 0.800219059 0.247394055
vt 0.801512539 0.259512842
vt 0.802382588 0.260193557
vt 0.801067293 0.243004888
vt 0.80285573 0.243256003
vt 0.813049316 0.250359446
vt 0.799179912 0.245861888
vt 0.799554884 0.244476408
vt 0.813434005 0.251631528
vt 0.810793638 0.258238345
vt 0.799554884 0.244476408
vt 0.801067293 0.243004888
vt 0.809835076 0.258895814
vt 0.831579626 0.155379057
vt 0.831480205 0.155256018
vt 0.827366948 0.156074002
vt 0.828778386 0.161922187
vt 0.824732244 0.157031417
vt 0.83056742 0.161890924
vt 0.827914655 0.162596345
vt 0.82274282 0.158672884
vt 0.820895791 0.161421001
vt 0.832006693 0.155483454
vt 0.827136517 0.164483607
vt 0.819402575 0.166153103
vt 0.819441438 0.169701383
vt 0.833473325 0.156104475
vt 0.833726108 0.156266779
vt 0.837060869 0.159678668
vt 0.831778049 0.162884414
vt 0.837812662 0.162140682
vt 0.828070521 0.166368037
vt 0.831826508 0.164644927
vt 0.838074088 0.167006955
vt 0.836921334 0.169799238
vt 0.819425344 0.169999182
vt 0.829952359 0.166733742
vt 0.831831992 0.17421101
vt 0.828629553 0.175428018
vt 0.820283055 0.171342567
vt 0.82477355 0.174476057
vt 0.821601927 0.173077926
vt 0.823284864 0.173977405
vt 0.852630079 0.142714858
vt 0.850821674 0.144970477
vt 0.850782812 0.145145863
vt 0.857411504 0.143561736
vt 0.855941415 0.139151827
vt 0.858253658 0.14237687
vt 0.861186147 0.141483039
vt 0.857519627 0.146363795
vt 0.851238728 0.149931744
vt 0.851984799 0.15208362
vt 0.863538027 0.143344238
vt 0.859134197 0.148183852
vt 0.855198562 0.156238243
vt 0.857514739 0.157380074
vt 0.869980395 0.143578842
vt 0.871780932 0.146060631
vt 0.861445725 0.148417339
vt 0.863424778 0.14593336
vt 0.858176589 0.157492563
vt 0.872131884 0.146753088
vt 0.871087074 0.150681183
vt 0.870143175 0.152439207
vt 0.862604201 0.158137888
vt 0.864990473 0.157169536
vt 0.810277104 0.13275668
vt 0.808822691 0.137938365
vt 0.808783889 0.138125271
vt 0.814494073 0.135563925
vt 0.809829354 0.140385807
vt 0.814619362 0.131484747
vt 0.811732233 0.13028188
vt 0.813995123 0.127910793
vt 0.816650152 0.138348892
vt 0.815801799 0.129547209
vt 0.816056371 0.127017185
vt 0.82142508 0.126264945
vt 0.820671141 0.127753496
vt 0.8230322 0.126913652
vt 0.812614202 0.143727705
vt 0.815225303 0.144717962
vt 0.819694757 0.145460099
vt 0.82509315 0.131053582
vt 0.827139318 0.130032554
vt 0.827807009 0.131976873
vt 0.820167899 0.138547659
vt 0.824696958 0.135217786
vt 0.828168988 0.137647703
vt 0.827231646 0.140225828
vt 0.822323084 0.144461364
vt 0.826835632 0.140894994
vt 0.762779176 0.234165698
vt 0.775991797 0.224864841
vt 0.761195779 0.226324484
vt 0.761941254 0.224927217
vt 0.775438845 0.226169169
vt 0.766502321 0.220192
vt 0.767314553 0.219896495
vt 0.774928033 0.226528153
vt 0.773677111 0.218728721
vt 0.775080264 0.218529835
vt 0.773661077 0.226387307
vt 0.78020072 0.220667943
vt 0.772971749 0.225647777
vt 0.781169891 0.221751541
vt 0.782262921 0.2270886
vt 0.781488657 0.222470641
vt 0.762779176 0.234165698
vt 0.763453662 0.235343739
vt 0.775353193 0.223632917
vt 0.775991797 0.224864841
vt 0.77309829 0.224706843
vt 0.782247186 0.227516636
vt 0.782262921 0.2270886
vt 0.782405555 0.228376642
vt 0.780378938 0.233455494
vt 0.774149597 0.223390698
vt 0.778692305 0.23521921
vt 0.776533723 0.236596853
vt 0.771758318 0.239208847
vt 0.775353193 0.223632917
vt 0.770463288 0.239106655
vt 0.763453662 0.235343739
vt 0.768673778 0.238739789
vt 0.795722783 0.241786629
vt 0.802540183 0.247751862
vt 0.80332303 0.24728927
vt 0.795206249 0.24216491
vt 0.813049316 0.250359446
vt 0.799179912 0.245861888
vt 0.809035838 0.243999869
vt 0.808573842 0.243763432
vt 0.80778867 0.242937684
vt 0.800964653 0.259451091
vt 0.79481405 0.255792469
vt 0.80285573 0.243256003
vt 0.801512539 0.259512842
vt 0.792577922 0.247026324
vt 0.80332303 0.24728927
vt 0.804097474 0.245136768
vt 0.792339861 0.248391971
vt 0.805996776 0.212251812
vt 0.796644807 0.221157506
vt 0.795681238 0.219705671
vt 0.796918988 0.221377313
vt 0.80198431 0.223611623
vt 0.804160833 0.224063084
vt 0.805632055 0.212203383
vt 0.80906266 0.221647844
vt 0.81206423 0.21875295
vt 0.805345416 0.21263665
vt 0.813432097 0.214855745
vt 0.81313926 0.212104782
vt 0.805357814 0.212929174
vt 0.81102699 0.208472371
vt 0.805591285 0.213085756
vt 0.8092044 0.206848025
vt 0.805898011 0.205691338
vt 0.805360436 0.205415711
vt 0.805948555 0.213046148
vt 0.802747667 0.205750287
vt 0.79829967 0.207441777
vt 0.806120932 0.212929904
vt 0.797404706 0.208175391
vt 0.795198798 0.212343231
vt 0.806239367 0.212579951
vt 0.794496357 0.214733034
vt 0.795681238 0.219705671
vt 0.839455724 0.190562651
vt 0.833870292 0.196604818
vt 0.836164236 0.189241648
vt 0.833887577 0.196456999
vt 0.835518599 0.189092308
vt 0.83232528 0.189361736
vt 0.82878828 0.19033502
vt 0.833799005 0.196346372
vt 0.827260017 0.191350043
vt 0.825125933 0.194126993
vt 0.833656192 0.196299449
vt 0.824144423 0.198071599
vt 0.824887693 0.202008814
vt 0.833494723 0.196418107
vt 0.826916099 0.204751834
vt 0.827103376 0.204815045
vt 0.828603446 0.205985993
vt 0.829610825 0.207851112
vt 0.829076767 0.207453609
vt 0.833443284 0.196591929
vt 0.832597017 0.20912312
vt 0.836602271 0.207819104
vt 0.841559887 0.204070628
vt 0.833611846 0.196724325
vt 0.842692137 0.201895207
vt 0.842977822 0.200471967
vt 0.84305346 0.196601182
vt 0.833772063 0.196706474
vt 0.842768252 0.195053607
vt 0.841896534 0.193409353
vt 0.841256618 0.192788839
vt 0.839540958 0.190764099
vt 0.839455724 0.190562651
vt 0.794210911 0.254859626
vt 0.804097474 0.245136768
vt 0.80285573 0.243256003
vt 0.79481405 0.255792469
vt 0.802799284 0.240050942
vt 0.800219059 0.247394055
vt 0.802540183 0.247751862
vt 0.801390409 0.240151346
vt 0.801512539 0.259512842
vt 0.80285573 0.243256003
vt 0.801067293 0.243004888
vt 0.802382588 0.260193557
vt 0.813049316 0.250359446
vt 0.813434005 0.251631528
vt 0.799554884 0.244476408
vt 0.799179912 0.245861888
vt 0.810793638 0.258238345
vt 0.809835076 0.258895814
vt 0.801067293 0.243004888
vt 0.799554884 0.244476408
vt 0.82477355 0.174476057
vt 0.823284864 0.173977405
vt 0.821601927 0.173077926
vt 0.828070521 0.166368037
vt 0.820283055 0.171342567
vt 0.819425344 0.169999182
vt 0.828629553 0.175428018
vt 0.819441438 0.169701383
vt 0.829952359 0.166733742
vt 0.831831992 0.17421101
vt 0.836921334 0.169799238
vt 0.827136517 0.164483607
vt 0.819402575 0.166153103
vt 0.820895791 0.161421001
vt 0.831826508 0.164644927
vt 0.838074088 0.167006955
vt 0.837812662 0.162140682
vt 0.831778049 0.162884414
vt 0.837060869 0.159678668
vt 0.827914655 0.162596345
vt 0.82274282 0.158672884
vt 0.824732244 0.157031417
vt 0.83056742 0.161890924
vt 0.828778386 0.161922187
vt 0.833726108 0.156266779
vt 0.827366948 0.156074002
vt 0.831480205 0.155256018
vt 0.831579626 0.155379057
vt 0.833473325 0.156104475
vt 0.832006693 0.155483454
vt 0.852630079 0.142714858
vt 0.850782812 0.145145863
vt 0.850821674 0.144970477
vt 0.857411504 0.143561736
vt 0.855941415 0.139151827
vt 0.858253658 0.14237687
vt 0.861186147 0.141483039
vt 0.857519627 0.146363795
vt 0.851238728 0.149931744
vt 0.851984799 0.15208362
vt 0.863538027 0.143344238
vt 0.859134197 0.148183852
vt 0.855198562 0.156238243
vt 0.857514739 0.157380074
vt 0.869980395 0.143578842
vt 0.871780932 0.146060631
vt 0.861445725 0.148417339
vt 0.863424778 0.14593336
vt 0.858176589 0.157492563
vt 0.872131884 0.146753088
vt 0.871087074 0.150681183
vt 0.870143175 0.152439207
vt 0.862604201 0.158137888
vt 0.864990473 0.157169536
vt 0.762779176 0.234165698
vt 0.761195779 0.226324484
vt 0.775991797 0.224864841
vt 0.761941254 0.224927217
vt 0.775438845 0.226169169
vt 0.766502321 0.220192
vt 0.767314553 0.219896495
vt 0.774928033 0.226528153
vt 0.773677111 0.218728721
vt 0.775080264 0.218529835
vt 0.773661077 0.226387307
vt 0.78020072 0.220667943
vt 0.772971749 0.225647777
vt 0.781169891 0.221751541
vt 0.782262921 0.2270886
vt 0.781488657 0.222470641
vt 0.762779176 0.234165698
vt 0.775991797 0.224864841
vt 0.775353193 0.223632917
vt 0.763453662 0.235343739
vt 0.782262921 0.2270886
vt 0.782247186 0.227516636
vt 0.77309829 0.224706843
vt 0.782405555 0.228376642
vt 0.780378938 0.233455494
vt 0.774149597 0.223390698
vt 0.778692305 0.23521921
vt 0.776533723 0.236596853
vt 0.771758318 0.239208847
vt 0.775353193 0.223632917
vt 0.770463288 0.239106655
vt 0.763453662 0.235343739
vt 0.768673778 0.238739789
vt 0.801679492 0.17167592
vt 0.804078221 0.174254239
vt 0.79841429 0.176503062
vt 0.805565357 0.177581519
vt 0.797623158 0.175734118
vt 0.79833591 0.170251518
vt 0.798278213 0.170275822
vt 0.798343539 0.177675843
vt 0.805517972 0.181352317
vt 0.803973496 0.184763253
vt 0.79618758 0.175585389
vt 0.794940889 0.170760304
vt 0.791744292 0.17176874
vt 0.797059238 0.179266974
vt 0.795410573 0.17606318
vt 0.790350556 0.172754213
vt 0.78844136 0.175744295
vt 0.800198019 0.1883322
vt 0.795987725 0.190073743
vt 0.793173671 0.189126372
vt 0.794645131 0.177590832
vt 0.795496285 0.179043084
vt 0.789236426 0.186873361
vt 0.787455499 0.183938831
vt 0.78823483 0.175946712
vt 0.787055731 0.179514065
vt 0.8230322 0.126913652
vt 0.827139318 0.130032554
vt 0.82509315 0.131053582
vt 0.827807009 0.131976873
vt 0.820671141 0.127753496
vt 0.82142508 0.126264945
vt 0.824696958 0.135217786
vt 0.828168988 0.137647703
vt 0.827231646 0.140225828
vt 0.815801799 0.129547209
vt 0.816056371 0.127017185
vt 0.813995123 0.127910793
vt 0.820167899 0.138547659
vt 0.814619362 0.131484747
vt 0.811732233 0.13028188
vt 0.810277104 0.13275668
vt 0.826835632 0.140894994
vt 0.822323084 0.144461364
vt 0.819694757 0.145460099
vt 0.814494073 0.135563925
vt 0.816650152 0.138348892
vt 0.808822691 0.137938365
vt 0.808783889 0.138125271
vt 0.809829354 0.140385807
vt 0.815225303 0.144717962
vt 0.812614202 0.143727705
vt 0.801679492 0.17167592
vt 0.79841429 0.176503062
vt 0.804078221 0.174254239
vt 0.805565357 0.177581519
vt 0.797623158 0.175734118
vt 0.79833591 0.170251518
vt 0.798343539 0.177675843
vt 0.805517972 0.181352317
vt 0.803973496 0.184763253
vt 0.79618758 0.175585389
vt 0.797059238 0.179266974
vt 0.798278213 0.170275822
vt 0.794940889 0.170760304
vt 0.791744292 0.17176874
vt 0.800198019 0.1883322
vt 0.795987725 0.190073743
vt 0.793173671 0.189126372
vt 0.795410573 0.17606318
vt 0.790350556 0.172754213
vt 0.78844136 0.175744295
vt 0.795496285 0.179043084
vt 0.789236426 0.186873361
vt 0.787455499 0.183938831
vt 0.794645131 0.177590832
vt 0.78823483 0.175946712
vt 0.787055731 0.179514065
vt 0.801679492 0.17167592
vt 0.79841429 0.176503062
vt 0.804078221 0.174254239
vt 0.805565357 0.177581519
vt 0.797623158 0.175734118
vt 0.79833591 0.170251518
vt 0.798343539 0.177675843
vt 0.805517972 0.181352317
vt 0.803973496 0.184763253
vt 0.79618758 0.175585389
vt 0.797059238 0.179266974
vt 0.798278213 0.170275822
vt 0.794940889 0.170760304
vt 0.791744292 0.17176874
vt 0.800198019 0.1883322
vt 0.795987725 0.190073743
vt 0.793173671 0.189126372
vt 0.795410573 0.17606318
vt 0.790350556 0.172754213
vt 0.78844136 0.175744295
vt 0.795496285 0.179043084
vt 0.789236426 0.186873361
vt 0.787455499 0.183938831
vt 0.794645131 0.177590832
vt 0.78823483 0.175946712
vt 0.787055731 0.179514065
vt 0.8230322 0.126913652
vt 0.82509315 0.131053582
vt 0.827139318 0.130032554
vt 0.827807009 0.131976873
vt 0.820671141 0.127753496
vt 0.82142508 0.126264945
vt 0.824696958 0.135217786
vt 0.828168988 0.137647703
vt 0.827231646 0.140225828
vt 0.815801799 0.129547209
vt 0.816056371 0.127017185
vt 0.813995123 0.127910793
vt 0.820167899 0.138547659
vt 0.814619362 0.131484747
vt 0.811732233 0.13028188
vt 0.810277104 0.13275668
vt 0.826835632 0.140894994
vt 0.822323084 0.144461364
vt 0.819694757 0.145460099
vt 0.814494073 0.135563925
vt 0.816650152 0.138348892
vt 0.808822691 0.137938365
vt 0.808783889 0.138125271
vt 0.809829354 0.140385807
vt 0.815225303 0.144717962
vt 0.812614202 0.143727705
vt 0.801679492 0.17167592
vt 0.804078221 0.174254239
vt 0.79841429 0.176503062
vt 0.805565357 0.177581519
vt 0.797623158 0.175734118
vt 0.79833591 0.170251518
vt 0.798343539 0.177675843
vt 0.805517972 0.181352317
vt 0.803973496 0.184763253
vt 0.79618758 0.175585389
vt 0.797059238 0.179266974
vt 0.798278213 0.170275822
vt 0.794940889 0.170760304
vt 0.791744292 0.17176874
vt 0.800198019 0.1883322
vt 0.795987725 0.190073743
vt 0.793173671 0.189126372
vt 0.795410573 0.17606318
vt 0.790350556 0.172754213
vt 0.78844136 0.175744295
vt 0.795496285 0.179043084
vt 0.789236426 0.186873361
vt 0.787455499 0.183938831
vt 0.794645131 0.177590832
vt 0.78823483 0.175946712
vt 0.787055731 0.179514065
vt 0.79618758 0.175585389
vt 0.79618758 0.175585389
vt 0.797623158 0.175734118
vt 0.797623158 0.175734118
vt 0.795410573 0.17606318
vt 0.79841429 0.176503062
vt 0.795410573 0.17606318
vt 0.79841429 0.176503062
vt 0.794645131 0.177590832
vt 0.798343539 0.177675843
vt 0.794645131 0.177590832
vt 0.798343539 0.177675843
vt 0.795496285 0.179043084
vt 0.797059238 0.179266974
vt 0.795496285 0.179043084
vt 0.797059238 0.179266974
vt 0.773661077 0.226387307
vt 0.772971749 0.225647777
vt 0.772971749 0.225647777
vt 0.773661077 0.226387307
vt 0.77309829 0.224706843
vt 0.774928033 0.226528153
vt 0.77309829 0.224706843
vt 0.774928033 0.226528153
vt 0.774149597 0.223390698
vt 0.775438845 0.226169169
vt 0.774149597 0.223390698
vt 0.775438845 0.226169169
vt 0.775353193 0.223632917
vt 0.775991797 0.224864841
vt 0.775353193 0.223632917
vt 0.775991797 0.224864841
vt 0.820671141 0.127753496
vt 0.82509315 0.131053582
vt 0.82509315 0.131053582
vt 0.820671141 0.127753496
vt 0.824696958 0.135217786
vt 0.815801799 0.129547209
vt 0.824696958 0.135217786
vt 0.815801799 0.129547209
vt 0.820167899 0.138547659
vt 0.814619362 0.131484747
vt 0.820167899 0.138547659
vt 0.814619362 0.131484747
vt 0.816650152 0.138348892
vt 0.814494073 0.135563925
vt 0.816650152 0.138348892
vt 0.814494073 0.135563925
vt 0.833772063 0.196706474
vt 0.833772063 0.196706474
vt 0.833611846 0.196724325
vt 0.833611846 0.196724325
vt 0.833870292 0.196604818
vt 0.833443284 0.196591929
vt 0.833870292 0.196604818
vt 0.833443284 0.196591929
vt 0.833887577 0.196456999
vt 0.833494723 0.196418107
vt 0.833887577 0.196456999
vt 0.833494723 0.196418107
vt 0.833799005 0.196346372
vt 0.833656192 0.196299449
vt 0.833799005 0.196346372
vt 0.833656192 0.196299449
vt 0.857519627 0.146363795
vt 0.857519627 0.146363795
vt 0.857411504 0.143561736
vt 0.857411504 0.143561736
vt 0.859134197 0.148183852
vt 0.858253658 0.14237687
vt 0.859134197 0.148183852
vt 0.858253658 0.14237687
vt 0.861445725 0.148417339
vt 0.861186147 0.141483039
vt 0.861445725 0.148417339
vt 0.861186147 0.141483039
vt 0.863424778 0.14593336
vt 0.863538027 0.143344238
vt 0.863424778 0.14593336
vt 0.863538027 0.143344238
vt 0.804097474 0.245136768
vt 0.804097474 0.245136768
vt 0.80332303 0.24728927
vt 0.80332303 0.24728927
vt 0.80285573 0.243256003
vt 0.802540183 0.247751862
vt 0.80285573 0.243256003
vt 0.802540183 0.247751862
vt 0.801067293 0.243004888
vt 0.800219059 0.247394055
vt 0.801067293 0.243004888
vt 0.800219059 0.247394055
vt 0.799554884 0.244476408
vt 0.799179912 0.245861888
vt 0.799554884 0.244476408
vt 0.799179912 0.245861888
vt 0.806120932 0.212929904
vt 0.806120932 0.212929904
vt 0.805948555 0.213046148
vt 0.805948555 0.213046148
vt 0.806239367 0.212579951
vt 0.805591285 0.213085756
vt 0.806239367 0.212579951
vt 0.805591285 0.213085756
vt 0.805996776 0.212251812
vt 0.805357814 0.212929174
vt 0.805996776 0.212251812
vt 0.805357814 0.212929174
vt 0.805632055 0.212203383
vt 0.805345416 0.21263665
vt 0.805632055 0.212203383
vt 0.805345416 0.21263665
vt 0.828778386 0.161922187
vt 0.83056742 0.161890924
vt 0.83056742 0.161890924
vt 0.828778386 0.161922187
vt 0.831778049 0.162884414
vt 0.827914655 0.162596345
vt 0.831778049 0.162884414
vt 0.827914655 0.162596345
vt 0.831826508 0.164644927
vt 0.827136517 0.164483607
vt 0.831826508 0.164644927
vt 0.827136517 0.164483607
vt 0.829952359 0.166733742
vt 0.828070521 0.166368037
vt 0.829952359 0.166733742
vt 0.828070521 0.166368037
vt 0.797623158 0.175734118
vt 0.79618758 0.175585389
vt 0.79618758 0.175585389
vt 0.797623158 0.175734118
vt 0.795410573 0.17606318
vt 0.79841429 0.176503062
vt 0.795410573 0.17606318
vt 0.79841429 0.176503062
vt 0.794645131 0.177590832
vt 0.798343539 0.177675843
vt 0.794645131 0.177590832
vt 0.798343539 0.177675843
vt 0.795496285 0.179043084
vt 0.797059238 0.179266974
vt 0.795496285 0.179043084
vt 0.797059238 0.179266974
vt 0.772971749 0.225647777
vt 0.772971749 0.225647777
vt 0.773661077 0.226387307
vt 0.773661077 0.226387307
vt 0.77309829 0.224706843
vt 0.774928033 0.226528153
vt 0.77309829 0.224706843
vt 0.774928033 0.226528153
vt 0.774149597 0.223390698
vt 0.775438845 0.226169169
vt 0.774149597 0.223390698
vt 0.775438845 0.226169169
vt 0.775353193 0.223632917
vt 0.775991797 0.224864841
vt 0.775353193 0.223632917
vt 0.775991797 0.224864841
vt 0.82509315 0.131053582
vt 0.820671141 0.127753496
vt 0.820671141 0.127753496
vt 0.82509315 0.131053582
vt 0.815801799 0.129547209
vt 0.824696958 0.135217786
vt 0.815801799 0.129547209
vt 0.824696958 0.135217786
vt 0.814619362 0.131484747
vt 0.820167899 0.138547659
vt 0.814619362 0.131484747
vt 0.820167899 0.138547659
vt 0.814494073 0.135563925
vt 0.816650152 0.138348892
vt 0.814494073 0.135563925
vt 0.816650152 0.138348892
vt 0.833611846 0.196724325
vt 0.833772063 0.196706474
vt 0.833772063 0.196706474
vt 0.833611846 0.196724325
vt 0.833870292 0.196604818
vt 0.833443284 0.196591929
vt 0.833870292 0.196604818
vt 0.833443284 0.196591929
vt 0.833887577 0.196456999
vt 0.833494723 0.196418107
vt 0.833887577 0.196456999
vt 0.833494723 0.196418107
vt 0.833799005 0.196346372
vt 0.833656192 0.196299449
vt 0.833799005 0.196346372
vt 0.833656192 0.196299449
vt 0.857411504 0.143561736
vt 0.857519627 0.146363795
vt 0.857519627 0.146363795
vt 0.857411504 0.143561736
vt 0.859134197 0.148183852
vt 0.858253658 0.14237687
vt 0.859134197 0.148183852
vt 0.858253658 0.14237687
vt 0.861445725 0.148417339
vt 0.861186147 0.141483039
vt 0.861445725 0.148417339
vt 0.861186147 0.141483039
vt 0.863424778 0.14593336
vt 0.863538027 0.143344238
vt 0.863424778 0.14593336
vt 0.863538027 0.143344238
vt 0.80332303 0.24728927
vt 0.804097474 0.245136768
vt 0.804097474 0.245136768
vt 0.80332303 0.24728927
vt 0.80285573 0.243256003
vt 0.802540183 0.247751862
vt 0.80285573 0.243256003
vt 0.802540183 0.247751862
vt 0.801067293 0.243004888
vt 0.800219059 0.247394055
vt 0.801067293 0.243004888
vt 0.800219059 0.247394055
vt 0.799554884 0.244476408
vt 0.799179912 0.245861888
vt 0.799554884 0.244476408
vt 0.799179912 0.245861888
vt 0.805948555 0.213046148
vt 0.806120932 0.212929904
vt 0.806120932 0.212929904
vt 0.805948555 0.213046148
vt 0.806239367 0.212579951
vt 0.805591285 0.213085756
vt 0.806239367 0.212579951
vt 0.805591285 0.213085756
vt 0.805996776 0.212251812
vt 0.805357814 0.212929174
vt 0.805996776 0.212251812
vt 0.805357814 0.212929174
vt 0.805632055 0.212203383
vt 0.805345416 0.21263665
vt 0.805632055 0.212203383
vt 0.805345416 0.21263665
vt 0.83056742 0.161890924
vt 0.828778386 0.161922187
vt 0.828778386 0.161922187
vt 0.83056742 0.161890924
vt 0.827914655 0.162596345
vt 0.831778049 0.162884414
vt 0.827914655 0.162596345
vt 0.831778049 0.162884414
vt 0.827136517 0.164483607
vt 0.831826508 0.164644927
vt 0.827136517 0.164483607
vt 0.831826508 0.164644927
vt 0.828070521 0.166368037
vt 0.829952359 0.166733742
vt 0.828070521 0.166368037
vt 0.829952359 0.166733742
vn -0.858605266 -0.498421013 -0.119888939
vn -0.739950597 -0.627161145 -0.2431916
vn -0.739950597 -0.627161145 -0.2431916
vn 0.466664732 -0.884421706 -0.00472737895
vn 0.128226221 -0.913918972 -0.385110587
vn -0.3010813 -0.873773992 -0.381927937
vn 0.261582762 0.132093862 0.956099212
vn 0.0310165919 0.603298783 0.796911895
vn 0.331880838 0.13572143 0.933506727
vn -0.936614096 -0.298931003 0.182740927
vn -0.896552205 -0.355799466 -0.263819635
vn -0.896552205 -0.355799466 -0.263819635
vn -0.912297189 -0.388491839 -0.129568532
vn -0.929537773 -0.335613579 -0.152718753
vn -0.871642411 -0.463834107 -0.158421889
vn -0.913807571 -0.402852237 -0.0516310409
vn -0.912297189 -0.388491839 -0.129568532
vn -0.912297189 -0.388491839 -0.129568532
vn -0.224796623 -0.711197555 0.666081369
vn -0.224796623 -0.711197555 0.666081369
vn -0.224796623 -0.711197555 0.666081369
vn 0.739949346 -0.627162337 -0.243192092
vn 0.739949346 -0.627162337 -0.243192092
vn 0.85860461 -0.498422235 -0.11988923
vn -0.466671079 -0.884418309 -0.00472876756
vn 0.3010813 -0.873773992 -0.381927937
vn -0.128225908 -0.913918376 -0.385112315
vn -0.261582762 0.132093862 0.956099212
vn -0.331880808 0.135721415 0.933506727
vn -0.0310165919 0.603298783 0.796911895
vn 0.896553576 -0.355797023 -0.263818413
vn 0.896553576 -0.355797023 -0.263818413
vn 0.936611354 -0.298936486 0.182746246
vn 0.871642232 -0.463834405 -0.1584218
vn 0.929537535 -0.335614115 -0.15271911
vn 0.912296593 -0.388493061 -0.129569083
vn 0.912296593 -0.388493061 -0.129569083
vn 0.912296593 -0.388493061 -0.129569083
vn 0.913804591 -0.402859151 -0.0516312011
vn 0.224796623 -0.711197555 0.666081369
vn 0.224796623 -0.711197555 0.666081369
vn 0.224796623 -0.711197555 0.666081369
vn 0.73988241 0.627358735 0.242888644
vn 0.73988241 0.627358735 0.242888644
vn 0.858697057 0.498395026 0.119338624
vn -0.470553279 0.882360816 0.00434237439
vn 0.313233972 0.868800819 0.383496612
vn -0.124444559 0.912537456 0.389601141
vn 0.753002465 0.0461067408 -0.656400323
vn -0.331363648 -0.137657136 -0.933407009
vn 0.712514877 -0.505994797 -0.486098439
vn -0.364256471 -0.790183961 0.492875725
vn -0.364256471 -0.790183961 0.492875725
vn -0.364256471 -0.790183961 0.492875725
vn 0.912192106 0.390145659 0.125267625
vn 0.896653533 0.355141014 0.264361918
vn 0.941042066 0.306544065 -0.143075302
vn 0.871847868 0.463445067 0.158429682
vn 0.929853499 0.334610641 0.152997777
vn 0.912577927 0.387923747 0.129293025
vn 0.912577927 0.387923747 0.129293025
vn 0.912577927 0.387923747 0.129293025
vn 0.914084971 0.402269959 0.0512592569
vn 0.224377081 0.71076566 -0.666683614
vn 0.224377081 0.71076566 -0.666683614
vn 0.224377081 0.71076566 -0.666683614
vn -0.858697832 0.498393744 0.119338758
vn -0.739882827 0.627358258 0.242889002
vn -0.739882827 0.627358258 0.242889002
vn 0.47054556 0.882364988 0.00434200931
vn 0.124441169 0.912538111 0.389600486
vn -0.313233972 0.868800819 0.383496612
vn -0.753002465 0.0461067334 -0.656400323
vn -0.712514877 -0.505994797 -0.486098439
vn 0.331363738 -0.137657195 -0.933407009
vn 0.364256471 -0.790183961 0.492875725
vn 0.364256471 -0.790183961 0.492875725
vn 0.364256471 -0.790183961 0.492875725
vn -0.941041648 0.306544662 -0.143076673
vn -0.896655083 0.355138779 0.2643601
vn -0.912193716 0.390142083 0.125266925
vn -0.912578642 0.387922496 0.12929222
vn -0.929853797 0.334609866 0.152997375
vn -0.871848106 0.463444531 0.158429533
vn -0.914086938 0.402265459 0.0512593426
vn -0.912578642 0.387922496 0.12929222
vn -0.912578642 0.387922496 0.12929222
vn -0.224377081 0.71076566 -0.666683614
vn -0.224377081 0.71076566 -0.666683614
vn -0.224377081 0.71076566 -0.666683614
vn -0.861026049 0.0966717675 -0.499288201
vn -0.872098207 -0.137967393 -0.46947816
vn -0.395626247 0.4697133 -0.789208114
vn -0.173823193 0.518375695 -0.837300599
vn -0.193564132 0.717187405 -0.669458926
vn -0.185066894 0.515837073 -0.836458266
vn -0.143875137 0.491574138 -0.85886842
vn -0.0999407321 0.464464009 -0.879934669
vn -0.0832826495 0.300610363 -0.950103879
vn -0.0838879272 0.34646666 -0.93430388
vn -0.0629547536 0.153191224 -0.986189187
vn -0.0723312125 0.167704314 -0.983180285
vn -0.581427574 -0.811312139 -0.0609473772
vn -0 -0.998773634 -0.0495090447
vn -0 -0.973965049 -0.226697952
vn -0.707824886 -0.703321934 -0.0657432005
vn -0.453832179 -0.811116397 -0.368953437
vn -0.849585056 -0.257460237 -0.460347176
vn -0.849585056 -0.257460237 -0.460347176
vn -0.849585056 -0.257460237 -0.460347176
vn -0.919701159 -0.272308201 -0.282839268
vn -0.953914523 -0.277142793 -0.115060292
vn -0.953914523 -0.277142793 -0.115060292
vn -0.902427018 -0.367182434 -0.225394234
vn -0.905368268 -0.374739021 -0.199697092
vn -0.926443934 -0.320646673 -0.197198525
vn -0.927852511 -0.370228827 -0.0449490175
vn -0.84390372 -0.507154703 -0.174987793
vn -0.915891886 -0.302603841 -0.263766974
vn -0.91860348 -0.263277799 -0.294707417
vn -0.953914523 -0.277142793 -0.115060292
vn -0.953914523 -0.277142793 -0.115060292
vn -0.952056408 -0.269877464 -0.144064859
vn -0.844824135 -0.238051176 -0.479169905
vn -0.933581829 -0.195037887 -0.300641537
vn -0.977518499 -0.153591141 -0.144455343
vn -0.977518499 -0.153591141 -0.144455343
vn -0.836218953 -0.417738706 -0.355291873
vn -0.951868773 -0.269279003 -0.146405995
vn -0.836218953 -0.417738706 -0.355291873
vn -0.94804132 -0.259347618 -0.184273213
vn -0.836218953 -0.417738706 -0.355291873
vn -0.836218953 -0.417738706 -0.355291873
vn -0.94804132 -0.259347618 -0.184273213
vn -0.871642411 -0.463834107 -0.158421889
vn -0.94804132 -0.259347618 -0.184273213
vn -0.94804132 -0.259347618 -0.184273213
vn -0.94804132 -0.259347618 -0.184273213
vn -0.94804132 -0.259347618 -0.184273213
vn -0.929537773 -0.335613579 -0.152718753
vn -0.94804132 -0.259347618 -0.184273213
vn -0.94804132 -0.259347618 -0.184273213
vn -0.756323695 -0.221943051 -0.615398765
vn -0.86715287 -0.12018048 -0.483324528
vn -0.830803514 -0.514362693 -0.212594867
vn -0.946696639 -0.319736809 0.0391628332
vn -0.913167119 -0.372948527 0.16442363
vn -0.970971227 -0.217661217 -0.0991881788
vn -0.958024383 0.0749770626 -0.276708633
vn -0.948545456 -0.295740634 0.113132261
vn -0.646242261 -0.0653249845 -0.760331213
vn -0.646242261 -0.0653249845 -0.760331213
vn -0.646242261 -0.0653249845 -0.760331213
vn -0.646242261 -0.0653249845 -0.760331213
vn -0.646242261 -0.0653249845 -0.760331213
vn -0.811969042 -0.211142704 -0.544173658
vn -0.855681956 -0.262536526 -0.445962965
vn -0.912297189 -0.388491839 -0.129568532
vn -0.912297189 -0.388491839 -0.129568532
vn -0.646242261 -0.0653249845 -0.760331213
vn -0.646242261 -0.0653249845 -0.760331213
vn -0.855684519 -0.262539893 -0.445956051
vn -0.912297189 -0.388491839 -0.129568532
vn -0.971010268 -0.0879911557 -0.222253859
vn -0.912297189 -0.388491839 -0.129568532
vn -0.890321255 0.233729914 -0.390766382
vn -0.912297189 -0.388491839 -0.129568532
vn -0.684549809 0.449964613 -0.573518395
vn -0.912297189 -0.388491839 -0.129568532
vn -0.912297189 -0.388491839 -0.129568532
vn -0.912297189 -0.388491839 -0.129568532
vn -0.912297189 -0.388491839 -0.129568532
vn -0.912297189 -0.388491839 -0.129568532
vn -0.912297189 -0.388491839 -0.129568532
vn -0.912297189 -0.388491839 -0.129568532
vn -0.936385214 -0.350378811 0.0204272978
vn -0.912297189 -0.388491839 -0.129568532
vn -0.912297189 -0.388491839 -0.129568532
vn -0.912297189 -0.388491839 -0.129568532
vn -0.912297189 -0.388491839 -0.129568532
vn -0.912297189 -0.388491839 -0.129568532
vn -0.912297189 -0.388491839 -0.129568532
vn -0.912297189 -0.388491839 -0.129568532
vn -0.912297189 -0.388491839 -0.129568532
vn -0.913807571 -0.402852237 -0.0516310409
vn -0.912297189 -0.388491839 -0.129568532
vn -0.912297189 -0.388491839 -0.129568532
vn -0.912297189 -0.388491839 -0.129568532
vn -0.912297189 -0.388491839 -0.129568532
vn -0.913255632 -0.406191528 -0.0311885849
vn -0.910418689 -0.413344741 0.0168520901
vn -0.90727061 -0.418353587 0.0428989381
vn -0.910418689 -0.413344741 0.0168520901
vn -0.910418689 -0.413344741 0.0168520901
vn -0.90805006 -0.417232156 0.0369100086
vn -0.910418689 -0.413344741 0.0168520901
vn -0.910418689 -0.413344741 0.0168520901
vn -0.892799556 -0.432418913 0.126185462
vn -0.892799556 -0.432418913 0.126185462
vn -0.912333369 -0.406997293 -0.0447332449
vn -0.910418689 -0.413344741 0.0168520901
vn -0.912212074 -0.39934811 -0.0915988237
vn -0.910418689 -0.413344741 0.0168520901
vn -0.896552205 -0.355799466 -0.263819635
vn -0.910418689 -0.413344741 0.0168520901
vn -0.910418689 -0.413344741 0.0168520901
vn -0.910418689 -0.413344741 0.0168520901
vn -0.910418689 -0.413344741 0.0168520901
vn -0.913807571 -0.402852237 -0.0516310409
vn -0.900638461 -0.425987124 0.0859374106
vn -0.892812967 -0.432393909 0.1261767
vn -0.908953071 -0.41673851 0.0115467105
vn -0.912181318 -0.39175579 -0.120219216
vn -0.913932502 -0.40120241 -0.0613511316
vn -0.912297189 -0.388491839 -0.129568532
vn -0.912297189 -0.388491839 -0.129568532
vn -0.929537773 -0.335613579 -0.152718753
vn -0.912297189 -0.388491839 -0.129568532
vn -0.912297189 -0.388491839 -0.129568532
vn -0.912297189 -0.388491839 -0.129568532
vn -0.912297189 -0.388491839 -0.129568532
vn -0.912297189 -0.388491839 -0.129568532
vn -0.896552205 -0.355799466 -0.263819635
vn -0.896552205 -0.355799466 -0.263819635
vn -0.896552205 -0.355799466 -0.263819635
vn -0.896552205 -0.355799466 -0.263819635
vn -0.896552205 -0.355799466 -0.263819635
vn -0.896552205 -0.355799466 -0.263819635
vn -0.896552205 -0.355799466 -0.263819635
vn -0.896552205 -0.355799466 -0.263819635
vn -0.896552205 -0.355799466 -0.263819635
vn -0.896552205 -0.355799466 -0.263819635
vn -0.896552205 -0.355799466 -0.263819635
vn -0.896552205 -0.355799466 -0.263819635
vn -0.896552205 -0.355799466 -0.263819635
vn -0.896552205 -0.355799466 -0.263819635
vn -0.896552205 -0.355799466 -0.263819635
vn -0.885993242 -0.452914625 -0.0994202197
vn -0.896552205 -0.355799466 -0.263819635
vn -0.896552205 -0.355799466 -0.263819635
vn -0.896552205 -0.355799466 -0.263819635
vn -0.896552205 -0.355799466 -0.263819635
vn -0.896552205 -0.355799466 -0.263819635
vn -0.896552205 -0.355799466 -0.263819635
vn -0.896552205 -0.355799466 -0.263819635
vn -0.896552205 -0.355799466 -0.263819635
vn -0.941312313 -0.307483852 0.139229819
vn -0.932336688 -0.303415149 0.196691215
vn -0.925024748 -0.283786207 0.252575964
vn -0.925024748 -0.283786207 0.252575964
vn -0.925024748 -0.283786207 0.252575964
vn -0.90896678 -0.416847706 0.00416682567
vn -0.932854772 -0.33266595 -0.138258517
vn -0.940536857 -0.0791807771 -0.330334216
vn -0.925024748 -0.283786207 0.252575964
vn -0.871642411 -0.463834107 -0.158421889
vn -0.936614096 -0.298931003 0.182740927
vn -0.931546509 -0.363592058 -0.00467571523
vn -0.888266623 -0.452432185 -0.0792938396
vn -0.739950597 -0.627161145 -0.2431916
vn -0.931546509 -0.363592058 -0.00467571523
vn -0.931546509 -0.363592058 -0.00467571523
vn -0.931546509 -0.363592058 -0.00467571523
vn -0.858605266 -0.498421013 -0.119888939
vn -0.931546509 -0.363592058 -0.00467571523
vn -0.739950597 -0.627161145 -0.2431916
vn -0.931546509 -0.363592058 -0.00467571523
vn -0.739950597 -0.627161145 -0.2431916
vn -0.845263422 -0.516645849 -0.136406869
vn -0.739950597 -0.627161145 -0.2431916
vn -0.739950597 -0.627161145 -0.2431916
vn -0.739950597 -0.627161145 -0.2431916
vn -0.739950597 -0.627161145 -0.2431916
vn -0.739950597 -0.627161145 -0.2431916
vn -6.05199602E-07 -0.962801576 -0.270209312
vn -0.739950597 -0.627161145 -0.2431916
vn -0.739950597 -0.627161145 -0.2431916
vn -0.453832179 -0.811116397 -0.368953437
vn -0.912297189 -0.388491839 -0.129568532
vn -0.912297189 -0.388491839 -0.129568532
vn -0.912297189 -0.388491839 -0.129568532
vn -0.912297189 -0.388491839 -0.129568532
vn -0.913810015 -0.402846813 -0.0516308807
vn -0.901665986 -0.425008833 0.0797871947
vn -0.892754495 -0.432512015 0.126185521
vn -0.90854913 -0.378963172 -0.175856262
vn -0.896552205 -0.355799466 -0.263819635
vn -0.896552205 -0.355799466 -0.263819635
vn -0.896552205 -0.355799466 -0.263819635
vn -0.896552205 -0.355799466 -0.263819635
vn 0.360264212 0.790517032 -0.495270103
vn 0.975025237 0.218658254 0.0389158837
vn 0.782053471 0.549001813 -0.294939667
vn 0.938661993 0.33852309 -0.065694645
vn 0.712514877 -0.505994797 -0.486098439
vn 0.986227453 0.153614566 0.061302159
vn 0.753002465 0.0461067408 -0.656400323
vn 0.782053471 0.549001813 -0.294939667
vn 0.966537058 0.181011051 -0.181772411
vn 0.867649019 0.297578692 -0.398286372
vn 0.128567606 0.493367523 -0.860266745
vn 0.0487104319 0.474984825 -0.878644764
vn -0 0.998103976 0.0615510568
vn -0 0.997525632 0.0703042895
vn 0.201353669 0.977536917 0.062275596
vn 0.372247368 0.926012874 0.0627066791
vn 0.30027017 0.952137887 0.0571949966
vn 0.689720869 0.722913861 -0.0409947261
vn 0.739890873 0.671640515 -0.0382174514
vn 0.871143758 0.488897592 -0.0456911549
vn 0.939811945 0.338396758 -0.047340516
vn 0.938725829 0.340779692 -0.051604528
vn 0.97549665 0.194883198 -0.102111988
vn 0.975496531 0.194882363 -0.102114387
vn 0.97570008 0.202321038 -0.0841165856
vn 0.9839468 0.161216289 -0.0765377879
vn 0.980972886 0.178188398 -0.0770782828
vn 0.989277124 0.122641601 -0.0793083385
vn 0.988450408 0.128977701 -0.0795641392
vn 0.988253951 0.128845021 -0.0821776092
vn -0.0246982537 0.844327629 0.535257697
vn -0.0362122506 0.850023746 0.525498211
vn -0.0619799532 0.840052903 0.538952172
vn 1.65557467E-05 0.846679986 0.532102406
vn 0.349527746 0.429302186 -0.832784474
vn 0.373158753 0.415557235 -0.829496622
vn 0.35945335 0.423587322 -0.831484854
vn 0.386073858 0.407839835 -0.827413857
vn 0.550010264 0.680803359 0.483730763
vn 0.625026822 0.662479341 0.412871212
vn 0.550011337 0.680802584 0.483730644
vn 0.629075289 0.665491641 0.401727766
vn 0.649538219 0.656237125 0.38399598
vn 0.641863406 0.664858937 0.382065266
vn -0.453832179 -0.811116397 -0.368953437
vn -0 -0.973965049 -0.226697952
vn -0 -0.979904056 -0.199469209
vn -6.05199602E-07 -0.962801576 -0.270209312
vn -0.812424421 -0.417839319 0.406665564
vn -0.968706608 0.206960395 -0.137021214
vn -0.968706608 0.206960395 -0.137021214
vn -0.997870445 -0.0179540366 0.0627068058
vn 0.861026049 0.0966717675 -0.499288201
vn 0.395626247 0.4697133 -0.789208114
vn 0.872098207 -0.137967363 -0.46947816
vn 0.173823163 0.518375635 -0.837300479
vn 0.193564132 0.717187405 -0.669458926
vn 0.185066894 0.515837073 -0.836458266
vn 0.143875137 0.491574138 -0.85886842
vn 0.0999407321 0.464464009 -0.879934669
vn 0.0832826346 0.300610363 -0.950103879
vn 0.0838879272 0.34646666 -0.93430388
vn 0.0629547536 0.153191224 -0.986189187
vn 0.0723312125 0.167704314 -0.983180285
vn 0.581427634 -0.811312079 -0.0609473847
vn -0 -0.973965049 -0.226697952
vn -0 -0.998773634 -0.0495090447
vn 0.707825303 -0.703321695 -0.0657429323
vn 0.45383212 -0.811116397 -0.368953437
vn 0.849584699 -0.257460535 -0.460347593
vn 0.849584699 -0.257460535 -0.460347593
vn 0.849584699 -0.257460535 -0.460347593
vn 0.919701755 -0.2723068 -0.282838672
vn 0.953915596 -0.277139872 -0.115058705
vn 0.953915596 -0.277139872 -0.115058705
vn 0.902427256 -0.367182046 -0.225393698
vn 0.905368268 -0.374739021 -0.199697092
vn 0.926443934 -0.320646852 -0.197198674
vn 0.927852452 -0.370228827 -0.0449490212
vn 0.843903482 -0.507154942 -0.174988121
vn 0.915891707 -0.302604228 -0.263767332
vn 0.918604493 -0.263275862 -0.294706017
vn 0.953915596 -0.277139872 -0.115058705
vn 0.953915596 -0.277139872 -0.115058705
vn 0.952057183 -0.269875526 -0.14406395
vn 0.844825089 -0.238050386 -0.479168624
vn 0.933582008 -0.195037425 -0.300640792
vn 0.977518499 -0.153591141 -0.144455224
vn 0.977518499 -0.153591141 -0.144455224
vn 0.836218357 -0.417739302 -0.355292559
vn 0.951869428 -0.269277155 -0.146405146
vn 0.836218357 -0.417739302 -0.355292559
vn 0.948041439 -0.259346992 -0.184273213
vn 0.836218357 -0.417739302 -0.355292559
vn 0.836218357 -0.417739302 -0.355292559
vn 0.948041439 -0.259346992 -0.184273213
vn 0.871642232 -0.463834405 -0.1584218
vn 0.948041439 -0.259346992 -0.184273213
vn 0.948041439 -0.259346992 -0.184273213
vn 0.948041439 -0.259346992 -0.184273213
vn 0.929537535 -0.335614115 -0.15271911
vn 0.948041439 -0.259346992 -0.184273213
vn 0.948041439 -0.259346992 -0.184273213
vn 0.948041439 -0.259346992 -0.184273213
vn 0.756319761 -0.221943453 -0.615403533
vn 0.867150843 -0.120180666 -0.483328044
vn 0.830803573 -0.514362633 -0.212594852
vn 0.946696639 -0.319736809 0.0391628444
vn 0.913167119 -0.372948587 0.164423659
vn 0.64623487 -0.0653248504 -0.760337532
vn 0.958024383 0.0749770701 -0.276708633
vn 0.948545456 -0.295740634 0.113132276
vn 0.970971107 -0.21766156 -0.099188894
vn 0.64623487 -0.0653248504 -0.760337532
vn 0.64623487 -0.0653248504 -0.760337532
vn 0.64623487 -0.0653248504 -0.760337532
vn 0.811965406 -0.211143479 -0.544178784
vn 0.855679512 -0.262537569 -0.445967108
vn 0.912296593 -0.388493061 -0.129569083
vn 0.912296593 -0.388493061 -0.129569083
vn 0.64623487 -0.0653248504 -0.760337532
vn 0.64623487 -0.0653248504 -0.760337532
vn 0.64623487 -0.0653248504 -0.760337532
vn 0.855682075 -0.262540936 -0.445960194
vn 0.912296593 -0.388493061 -0.129569083
vn 0.97100991 -0.0879934132 -0.222254202
vn 0.890321255 0.233729914 -0.390766382
vn 0.912296593 -0.388493061 -0.129569083
vn 0.684549809 0.449964613 -0.573518395
vn 0.912296593 -0.388493061 -0.129569083
vn 0.912296593 -0.388493061 -0.129569083
vn 0.912296593 -0.388493061 -0.129569083
vn 0.912296593 -0.388493061 -0.129569083
vn 0.912296593 -0.388493061 -0.129569083
vn 0.912296593 -0.388493061 -0.129569083
vn 0.912296593 -0.388493061 -0.129569083
vn 0.912296593 -0.388493061 -0.129569083
vn 0.936382174 -0.350387126 0.0204274859
vn 0.912296593 -0.388493061 -0.129569083
vn 0.912296593 -0.388493061 -0.129569083
vn 0.912296593 -0.388493061 -0.129569083
vn 0.912296593 -0.388493061 -0.129569083
vn 0.912296593 -0.388493061 -0.129569083
vn 0.912296593 -0.388493061 -0.129569083
vn 0.912296593 -0.388493061 -0.129569083
vn 0.912296593 -0.388493061 -0.129569083
vn 0.913804591 -0.402859151 -0.0516312011
vn 0.912296593 -0.388493061 -0.129569083
vn 0.912296593 -0.388493061 -0.129569083
vn 0.912296593 -0.388493061 -0.129569083
vn 0.912296593 -0.388493061 -0.129569083
vn 0.913251936 -0.406199843 -0.0311886296
vn 0.910413265 -0.413356543 0.0168522969
vn 0.907266736 -0.418362051 0.0428986959
vn 0.910413265 -0.413356543 0.0168522969
vn 0.910413265 -0.413356543 0.0168522969
vn 0.908045411 -0.417242348 0.0369102098
vn 0.910413265 -0.413356543 0.0168522969
vn 0.910413265 -0.413356543 0.0168522969
vn 0.892798424 -0.432421416 0.126185626
vn 0.892798424 -0.432421416 0.126185626
vn 0.91233331 -0.406997651 -0.0447325967
vn 0.910413265 -0.413356543 0.0168522969
vn 0.912211835 -0.399348527 -0.0915984511
vn 0.910413265 -0.413356543 0.0168522969
vn 0.896553576 -0.355797023 -0.263818413
vn 0.910413265 -0.413356543 0.0168522969
vn 0.910413265 -0.413356543 0.0168522969
vn 0.910413265 -0.413356543 0.0168522969
vn 0.910413265 -0.413356543 0.0168522969
vn 0.913804591 -0.402859151 -0.0516312011
vn 0.900637329 -0.425989956 0.0859364048
vn 0.892814398 -0.432391554 0.126175001
vn 0.908954263 -0.416735977 0.011545863
vn 0.91218251 -0.391753286 -0.120219029
vn 0.91392982 -0.401208729 -0.0613513514
vn 0.912296593 -0.388493061 -0.129569083
vn 0.912296593 -0.388493061 -0.129569083
vn 0.929537535 -0.335614115 -0.15271911
vn 0.912296593 -0.388493061 -0.129569083
vn 0.912296593 -0.388493061 -0.129569083
vn 0.912296593 -0.388493061 -0.129569083
vn 0.912296593 -0.388493061 -0.129569083
vn 0.912296593 -0.388493061 -0.129569083
vn 0.896553576 -0.355797023 -0.263818413
vn 0.896553576 -0.355797023 -0.263818413
vn 0.896553576 -0.355797023 -0.263818413
vn 0.896553576 -0.355797023 -0.263818413
vn 0.896553576 -0.355797023 -0.263818413
vn 0.896553576 -0.355797023 -0.263818413
vn 0.896553576 -0.355797023 -0.263818413
vn 0.896553576 -0.355797023 -0.263818413
vn 0.896553576 -0.355797023 -0.263818413
vn 0.896553576 -0.355797023 -0.263818413
vn 0.896553576 -0.355797023 -0.263818413
vn 0.896553576 -0.355797023 -0.263818413
vn 0.896553576 -0.355797023 -0.263818413
vn 0.896553576 -0.355797023 -0.263818413
vn 0.896553576 -0.355797023 -0.263818413
vn 0.885993421 -0.452914357 -0.0994195491
vn 0.896553576 -0.355797023 -0.263818413
vn 0.896553576 -0.355797023 -0.263818413
vn 0.896553576 -0.355797023 -0.263818413
vn 0.896553576 -0.355797023 -0.263818413
vn 0.896553576 -0.355797023 -0.263818413
vn 0.896553576 -0.355797023 -0.263818413
vn 0.896553576 -0.355797023 -0.263818413
vn 0.896553576 -0.355797023 -0.263818413
vn 0.941309988 -0.30748862 0.139234751
vn 0.932334006 -0.303420544 0.19669579
vn 0.925021172 -0.283792824 0.252581775
vn 0.925021172 -0.283792824 0.252581775
vn 0.925021172 -0.283792824 0.252581775
vn 0.90896678 -0.416847706 0.00416682707
vn 0.932854772 -0.33266595 -0.138258517
vn 0.940536857 -0.0791807622 -0.330334157
vn 0.925021172 -0.283792824 0.252581775
vn 0.871642232 -0.463834405 -0.1584218
vn 0.936611354 -0.298936486 0.182746246
vn 0.931546211 -0.363593012 -0.00467578741
vn 0.888266087 -0.452433258 -0.0792940632
vn 0.739949346 -0.627162337 -0.243192092
vn 0.931546211 -0.363593012 -0.00467578741
vn 0.931546211 -0.363593012 -0.00467578741
vn 0.931546211 -0.363593012 -0.00467578741
vn 0.85860461 -0.498422235 -0.11988923
vn 0.931546211 -0.363593012 -0.00467578741
vn 0.739949346 -0.627162337 -0.243192092
vn 0.931546211 -0.363593012 -0.00467578741
vn 0.739949346 -0.627162337 -0.243192092
vn 0.845262647 -0.5166471 -0.136407167
vn 0.739949346 -0.627162337 -0.243192092
vn 0.739949346 -0.627162337 -0.243192092
vn 0.739949346 -0.627162337 -0.243192092
vn 0.739949346 -0.627162337 -0.243192092
vn 0.739949346 -0.627162337 -0.243192092
vn -6.05199602E-07 -0.962801576 -0.270209312
vn 0.739949346 -0.627162337 -0.243192092
vn 0.739949346 -0.627162337 -0.243192092
vn 0.45383212 -0.811116397 -0.368953437
vn 0.912296593 -0.388493061 -0.129569083
vn 0.912296593 -0.388493061 -0.129569083
vn 0.912296593 -0.388493061 -0.129569083
vn 0.912296593 -0.388493061 -0.129569083
vn 0.913809717 -0.40284732 -0.0516311452
vn 0.901665688 -0.425009429 0.0797871575
vn 0.892753959 -0.432513028 0.126185462
vn 0.908549964 -0.378961533 -0.175855264
vn 0.896553576 -0.355797023 -0.263818413
vn 0.896553576 -0.355797023 -0.263818413
vn 0.896553576 -0.355797023 -0.263818413
vn 0.896553576 -0.355797023 -0.263818413
vn -0.360264212 0.790517032 -0.495270103
vn -0.78205353 0.549001753 -0.294939637
vn -0.975025237 0.218658239 0.0389158837
vn -0.712514877 -0.505994797 -0.486098439
vn -0.938661993 0.33852309 -0.065694645
vn -0.753002465 0.0461067334 -0.656400323
vn -0.986227453 0.153614566 0.061302159
vn -0.867649019 0.297578692 -0.398286372
vn -0.966537058 0.181011051 -0.181772411
vn -0.78205353 0.549001753 -0.294939637
vn -0.128567606 0.493367523 -0.860266745
vn -0.0487104319 0.474984825 -0.878644764
vn -0 0.998103976 0.0615510568
vn -0.201353669 0.977536917 0.062275596
vn -0 0.997525632 0.0703042895
vn -0.372247368 0.926012874 0.0627066791
vn -0.30027017 0.952137887 0.0571949966
vn -0.689720988 0.722913861 -0.0409947336
vn -0.739890873 0.671640515 -0.0382174514
vn -0.871143758 0.488897622 -0.0456911549
vn -0.939811945 0.338396817 -0.0473405272
vn -0.938725829 0.340779692 -0.051604528
vn -0.97549665 0.194883198 -0.102111988
vn -0.975496531 0.194882363 -0.102114387
vn -0.97570008 0.202321038 -0.0841166005
vn -0.9839468 0.161216289 -0.0765377879
vn -0.980972886 0.178188398 -0.0770782828
vn -0.989277124 0.122641601 -0.0793083385
vn -0.988450408 0.128977701 -0.0795641392
vn -0.988253951 0.128845021 -0.0821776092
vn 0.0246982537 0.844327629 0.535257697
vn 0.0619799532 0.840052903 0.538952172
vn 0.0362122506 0.850023746 0.525498211
vn -1.65557467E-05 0.846679986 0.532102406
vn -0.349527746 0.429302186 -0.832784474
vn -0.35945335 0.423587322 -0.831484854
vn -0.373158753 0.415557235 -0.829496622
vn -0.386073858 0.407839835 -0.827413857
vn -0.550010264 0.680803359 0.483730763
vn -0.550011337 0.680802584 0.483730644
vn -0.625026822 0.662479341 0.412871182
vn -0.629075289 0.665491641 0.401727736
vn -0.649538219 0.656237125 0.38399598
vn -0.641863406 0.664858937 0.382065266
vn 0.45383212 -0.811116397 -0.368953437
vn -0 -0.979904056 -0.199469209
vn -0 -0.973965049 -0.226697952
vn -6.05199602E-07 -0.962801576 -0.270209312
vn 0.812424242 -0.417839468 0.406665564
vn 0.997870445 -0.0179545823 0.0627070367
vn 0.968706846 0.206959799 -0.13702096
vn 0.968706846 0.206959799 -0.13702096
vn 0.862678766 -0.0969694555 0.496369004
vn 0.394902706 -0.470292121 0.789225698
vn 0.873907983 0.138863504 0.465834409
vn 0.176039442 -0.51668191 0.837884247
vn 0.195351079 -0.712254941 0.674188972
vn 0.187902868 -0.512992978 0.837574303
vn 0.14793402 -0.49083963 0.858598888
vn 0.103289835 -0.462968379 0.880335987
vn 0.0880299285 -0.297447711 0.950671136
vn 0.0899124146 -0.342671782 0.935142636
vn 0.0682775825 -0.150881067 0.986191154
vn 0.0767285228 -0.163921595 0.983484805
vn 0.581524134 0.811298251 0.0602077395
vn -0 0.974010944 0.226501018
vn -0 0.998808503 0.0488001406
vn 0.707483053 0.703662872 0.0657754689
vn 0.45376581 0.811269939 0.368697226
vn 0.848489702 0.260253012 0.460796654
vn 0.848489702 0.260253012 0.460796654
vn 0.848489702 0.260253012 0.460796654
vn 0.919337571 0.273773313 0.282606781
vn 0.954016805 0.277300596 0.11382547
vn 0.954016805 0.277300596 0.11382547
vn 0.90242666 0.367430061 0.224991739
vn 0.905376136 0.374655008 0.199819356
vn 0.926475942 0.320806235 0.196788505
vn 0.927746654 0.370355755 0.0460725091
vn 0.844069779 0.506817997 0.175161958
vn 0.91609031 0.302856386 0.262785971
vn 0.918663442 0.263447851 0.294368535
vn 0.954016805 0.277300596 0.11382547
vn 0.954016805 0.277300596 0.11382547
vn 0.952235579 0.269405365 0.143764377
vn 0.845055759 0.238315552 0.478629857
vn 0.933739185 0.195448563 0.299884975
vn 0.977533281 0.154160798 0.143747181
vn 0.977533281 0.154160798 0.143747181
vn 0.83652854 0.417956769 0.354305059
vn 0.9520455 0.268735021 0.146255702
vn 0.83652854 0.417956769 0.354305059
vn 0.948233008 0.257988602 0.185191959
vn 0.83652854 0.417956769 0.354305059
vn 0.83652854 0.417956769 0.354305059
vn 0.948233008 0.257988602 0.185191959
vn 0.871847868 0.463445067 0.158429682
vn 0.948233008 0.257988602 0.185191959
vn 0.948233008 0.257988602 0.185191959
vn 0.948233008 0.257988602 0.185191959
vn 0.929853499 0.334610641 0.152997777
vn 0.948233008 0.257988602 0.185191959
vn 0.948233008 0.257988602 0.185191959
vn 0.948233008 0.257988602 0.185191959
vn 0.758861423 0.224777177 0.611231983
vn 0.867890894 0.120890908 0.481820256
vn 0.830779254 0.51420486 0.213070989
vn 0.94669503 0.319747925 -0.0391114801
vn 0.912826419 0.373402297 -0.165283337
vn 0.971140504 0.217416614 0.0980613455
vn 0.958199382 -0.0746759176 0.276183844
vn 0.948535204 0.295585185 -0.113623902
vn 0.649154127 0.0672069117 0.757681966
vn 0.649154127 0.0672069117 0.757681966
vn 0.649154127 0.0672069117 0.757681966
vn 0.649154127 0.0672069117 0.757681966
vn 0.649154127 0.0672069117 0.757681966
vn 0.813081384 0.211710781 0.542288899
vn 0.856913745 0.26339823 0.443080306
vn 0.912577927 0.387923747 0.129293025
vn 0.912577927 0.387923747 0.129293025
vn 0.649154127 0.0672069117 0.757681966
vn 0.649154127 0.0672069117 0.757681966
vn 0.854757428 0.260566652 0.448881775
vn 0.912577927 0.387923747 0.129293025
vn 0.971202374 0.0899233297 0.220634684
vn 0.889629245 -0.233745292 0.39233005
vn 0.912577927 0.387923747 0.129293025
vn 0.685714424 -0.448256761 0.573464513
vn 0.912577927 0.387923747 0.129293025
vn 0.912577927 0.387923747 0.129293025
vn 0.912577927 0.387923747 0.129293025
vn 0.912577927 0.387923747 0.129293025
vn 0.912577927 0.387923747 0.129293025
vn 0.912577927 0.387923747 0.129293025
vn 0.912577927 0.387923747 0.129293025
vn 0.912577927 0.387923747 0.129293025
vn 0.936864197 0.349077731 -0.0207402129
vn 0.912577927 0.387923747 0.129293025
vn 0.912577927 0.387923747 0.129293025
vn 0.912577927 0.387923747 0.129293025
vn 0.912577927 0.387923747 0.129293025
vn 0.912577927 0.387923747 0.129293025
vn 0.912577927 0.387923747 0.129293025
vn 0.912577927 0.387923747 0.129293025
vn 0.912577927 0.387923747 0.129293025
vn 0.914084971 0.402269959 0.0512592569
vn 0.912577927 0.387923747 0.129293025
vn 0.912577927 0.387923747 0.129293025
vn 0.912577927 0.387923747 0.129293025
vn 0.912577927 0.387923747 0.129293025
vn 0.91356045 0.405470341 0.031640429
vn 0.910756052 0.41261977 -0.0163799543
vn 0.907591641 0.417696089 -0.0425147712
vn 0.910756052 0.41261977 -0.0163799543
vn 0.910756052 0.41261977 -0.0163799543
vn 0.908465505 0.416321963 -0.036965888
vn 0.910756052 0.41261977 -0.0163799543
vn 0.910756052 0.41261977 -0.0163799543
vn 0.893477261 0.430498689 -0.127941743
vn 0.893477261 0.430498689 -0.127941743
vn 0.912953377 0.405695051 0.043906711
vn 0.910756052 0.41261977 -0.0163799543
vn 0.912710488 0.398450673 0.0905353725
vn 0.910756052 0.41261977 -0.0163799543
vn 0.896653533 0.355141014 0.264361918
vn 0.910756052 0.41261977 -0.0163799543
vn 0.910756052 0.41261977 -0.0163799543
vn 0.910756052 0.41261977 -0.0163799543
vn 0.910756052 0.41261977 -0.0163799543
vn 0.914084971 0.402269959 0.0512592569
vn 0.901029885 0.425331563 -0.0850777254
vn 0.893226206 0.431812763 -0.125237897
vn 0.909222603 0.416163951 -0.0110373711
vn 0.912192106 0.390145659 0.125267625
vn 0.914214551 0.400550783 0.0614072941
vn 0.912577927 0.387923747 0.129293025
vn 0.912577927 0.387923747 0.129293025
vn 0.929853499 0.334610641 0.152997777
vn 0.912577927 0.387923747 0.129293025
vn 0.912577927 0.387923747 0.129293025
vn 0.912577927 0.387923747 0.129293025
vn 0.912577927 0.387923747 0.129293025
vn 0.912577927 0.387923747 0.129293025
vn 0.896653533 0.355141014 0.264361918
vn 0.896653533 0.355141014 0.264361918
vn 0.896653533 0.355141014 0.264361918
vn 0.896653533 0.355141014 0.264361918
vn 0.896653533 0.355141014 0.264361918
vn 0.896653533 0.355141014 0.264361918
vn 0.896653533 0.355141014 0.264361918
vn 0.896653533 0.355141014 0.264361918
vn 0.896653533 0.355141014 0.264361918
vn 0.896653533 0.355141014 0.264361918
vn 0.896653533 0.355141014 0.264361918
vn 0.896653533 0.355141014 0.264361918
vn 0.896653533 0.355141014 0.264361918
vn 0.886004746 0.453018904 0.0988401398
vn 0.896653533 0.355141014 0.264361918
vn 0.896653533 0.355141014 0.264361918
vn 0.896653533 0.355141014 0.264361918
vn 0.896653533 0.355141014 0.264361918
vn 0.896653533 0.355141014 0.264361918
vn 0.896653533 0.355141014 0.264361918
vn 0.896653533 0.355141014 0.264361918
vn 0.896653533 0.355141014 0.264361918
vn 0.941413999 0.30733645 -0.13886635
vn 0.93241328 0.303354144 -0.196422338
vn 0.925179899 0.283869505 -0.25191316
vn 0.925179899 0.283869505 -0.25191316
vn 0.925179899 0.283869505 -0.25191316
vn 0.908835769 0.417125016 -0.00491946191
vn 0.93278116 0.332663685 0.138759434
vn 0.940484762 0.0791691691 0.330485374
vn 0.925179899 0.283869505 -0.25191316
vn 0.871847868 0.463445067 0.158429682
vn 0.941042066 0.306544065 -0.143075302
vn 0.931682646 0.363252461 0.00387034123
vn 0.888353169 0.452364832 0.0787060484
vn 0.73988241 0.627358735 0.242888644
vn 0.931682646 0.363252461 0.00387034123
vn 0.931682646 0.363252461 0.00387034123
vn 0.931682646 0.363252461 0.00387034123
vn 0.858697057 0.498395026 0.119338624
vn 0.931682646 0.363252461 0.00387034123
vn 0.73988241 0.627358735 0.242888644
vn 0.931682646 0.363252461 0.00387034123
vn 0.73988241 0.627358735 0.242888644
vn 0.848456085 0.512512267 0.132111758
vn 0.73988241 0.627358735 0.242888644
vn 0.73988241 0.627358735 0.242888644
vn 0.73988241 0.627358735 0.242888644
vn 0.73988241 0.627358735 0.242888644
vn 0.73988241 0.627358735 0.242888644
vn -1.78105608E-07 0.962948442 0.269685745
vn 0.73988241 0.627358735 0.242888644
vn 0.73988241 0.627358735 0.242888644
vn 0.45376581 0.811269939 0.368697226
vn 0.912577927 0.387923747 0.129293025
vn 0.912577927 0.387923747 0.129293025
vn 0.912577927 0.387923747 0.129293025
vn 0.912577927 0.387923747 0.129293025
vn 0.913730681 0.402900249 0.052607391
vn 0.899128675 0.427917421 -0.0919478163
vn 0.887495935 0.436416119 -0.147959352
vn 0.908675909 0.379244596 0.174589515
vn 0.896653533 0.355141014 0.264361918
vn 0.896653533 0.355141014 0.264361918
vn 0.896653533 0.355141014 0.264361918
vn 0.896653533 0.355141014 0.264361918
vn 0.896653533 0.355141014 0.264361918
vn 0.896653533 0.355141014 0.264361918
vn -0 -0.998183906 -0.0602391288
vn -0.201996863 -0.977449238 -0.0615661591
vn -0 -0.997554839 -0.0698893219
vn -0.371917009 -0.926187694 -0.0620805584
vn -0.299264312 -0.952512801 -0.0562156402
vn -0.689520955 -0.723049164 0.0419615507
vn -0.739731848 -0.671761036 0.0391638838
vn -0.871115029 -0.488883287 0.0463857874
vn -0.94048965 -0.336617261 0.046562586
vn -0.939523518 -0.338442624 0.0524620563
vn -0.976268113 -0.190007165 0.103912495
vn -0.976281822 -0.191181645 0.101604313
vn -0.976490498 -0.200199783 0.0799150765
vn -0.984150767 -0.161752552 0.0726861358
vn -0.981703341 -0.176395312 0.071716316
vn -0.989349782 -0.125391379 0.0739182159
vn -0.987785578 -0.13058351 0.0850154981
vn -0.987145126 -0.130203635 0.0926912352
vn 0.0251736678 -0.845170617 -0.533903539
vn 0.0549638346 -0.841839552 -0.536921799
vn 0.0338147096 -0.852535129 -0.521574855
vn 0.00484304689 -0.848409832 -0.529317796
vn -0.35280928 -0.428962022 0.831575096
vn -0.36378327 -0.422639668 0.830082834
vn -0.379246801 -0.4135544 0.827734649
vn -0.393541723 -0.404968411 0.825303316
vn -0.131283745 -0.493438184 0.859815896
vn -0.167756587 -0.540897191 0.824189246
vn -0.0471891612 -0.473813683 0.879359901
vn -0.163444996 -0.503046453 0.848663628
vn -0.566358089 -0.669166386 -0.481097549
vn -0.552170336 -0.674581826 -0.489946127
vn -0.627288342 -0.656665504 -0.418688059
vn -0.619591773 -0.670836747 -0.407534361
vn -0.646414578 -0.655719936 -0.390101939
vn -0.625926018 -0.678273261 -0.384918362
vn 0.45376581 0.811269939 0.368697226
vn -0 0.980086803 0.198569313
vn -0 0.974010944 0.226501018
vn -1.78105608E-07 0.962948442 0.269685745
vn 0.81897527 0.414564967 -0.396756172
vn 0.997919261 0.0194628518 -0.0614675134
vn 0.968923569 -0.206511602 0.136161685
vn 0.968923569 -0.206511602 0.136161685
vn -0.862678766 -0.0969694555 0.496369004
vn -0.873907983 0.138863519 0.465834409
vn -0.394902706 -0.470292121 0.789225698
vn -0.176039428 -0.516681969 0.837884188
vn -0.195351079 -0.712254941 0.674188972
vn -0.187902868 -0.512992978 0.837574303
vn -0.14793402 -0.49083963 0.858598888
vn -0.10328982 -0.462968379 0.880335987
vn -0.0880299211 -0.297447771 0.950671136
vn -0.0899124146 -0.342671782 0.935142636
vn -0.0682775825 -0.150881067 0.986191154
vn -0.0767285228 -0.163921595 0.983484805
vn -0.581524134 0.811298251 0.0602077469
vn -0 0.998808503 0.0488001406
vn -0 0.974010944 0.226501018
vn -0.707483649 0.703662217 0.0657747909
vn -0.453765869 0.811269939 0.368697226
vn -0.848490775 0.260252357 0.460795164
vn -0.848490775 0.260252357 0.460795164
vn -0.848490775 0.260252357 0.460795164
vn -0.919338584 0.273771048 0.282605439
vn -0.954017997 0.27729705 0.11382433
vn -0.954017997 0.27729705 0.11382433
vn -0.902427316 0.367429286 0.224990338
vn -0.905376136 0.374655008 0.199819356
vn -0.926475883 0.320806414 0.196788624
vn -0.927746654 0.370355755 0.0460725054
vn -0.844069541 0.506818295 0.175162107
vn -0.916090131 0.302856892 0.262786269
vn -0.918664932 0.26344505 0.294366091
vn -0.954017997 0.27729705 0.11382433
vn -0.954017997 0.27729705 0.11382433
vn -0.952236235 0.269403368 0.143763795
vn -0.845058203 0.238313794 0.478626311
vn -0.933739901 0.195447817 0.299883336
vn -0.977533162 0.154160962 0.143747345
vn -0.977533162 0.154160962 0.143747345
vn -0.836528063 0.417957425 0.354305416
vn -0.952046156 0.268733144 0.14625518
vn -0.836528063 0.417957425 0.354305416
vn -0.948232949 0.257988721 0.185192183
vn -0.836528063 0.417957425 0.354305416
vn -0.836528063 0.417957425 0.354305416
vn -0.948232949 0.257988721 0.185192183
vn -0.871848106 0.463444531 0.158429533
vn -0.948232949 0.257988721 0.185192183
vn -0.948232949 0.257988721 0.185192183
vn -0.948232949 0.257988721 0.185192183
vn -0.948232949 0.257988721 0.185192183
vn -0.929853797 0.334609866 0.152997375
vn -0.948232949 0.257988721 0.185192183
vn -0.948232949 0.257988721 0.185192183
vn -0.758857846 0.224777684 0.611236215
vn -0.867889106 0.120891191 0.481823564
vn -0.830779254 0.514204919 0.213070989
vn -0.94669503 0.319747925 -0.0391114801
vn -0.912826478 0.373402327 -0.165283307
vn -0.649147391 0.067206949 0.757687867
vn -0.958199382 -0.0746759102 0.276183844
vn -0.948535204 0.295585185 -0.113623902
vn -0.971140504 0.21741651 0.0980617404
vn -0.649147391 0.067206949 0.757687867
vn -0.649147391 0.067206949 0.757687867
vn -0.813078582 0.211710513 0.542293251
vn -0.856912255 0.263397872 0.443083465
vn -0.912578642 0.387922496 0.12929222
vn -0.912578642 0.387922496 0.12929222
vn -0.649147391 0.067206949 0.757687867
vn -0.649147391 0.067206949 0.757687867
vn -0.649147391 0.067206949 0.757687867
vn -0.649147391 0.067206949 0.757687867
vn -0.854755819 0.260566324 0.448884964
vn -0.912578642 0.387922496 0.12929222
vn -0.971202612 0.0899217501 0.220634446
vn -0.912578642 0.387922496 0.12929222
vn -0.889629245 -0.233745337 0.39233011
vn -0.912578642 0.387922496 0.12929222
vn -0.685714424 -0.448256761 0.573464513
vn -0.912578642 0.387922496 0.12929222
vn -0.912578642 0.387922496 0.12929222
vn -0.912578642 0.387922496 0.12929222
vn -0.912578642 0.387922496 0.12929222
vn -0.912578642 0.387922496 0.12929222
vn -0.912578642 0.387922496 0.12929222
vn -0.912578642 0.387922496 0.12929222
vn -0.936866701 0.349071175 -0.0207392368
vn -0.912578642 0.387922496 0.12929222
vn -0.912578642 0.387922496 0.12929222
vn -0.912578642 0.387922496 0.12929222
vn -0.912578642 0.387922496 0.12929222
vn -0.912578642 0.387922496 0.12929222
vn -0.912578642 0.387922496 0.12929222
vn -0.912578642 0.387922496 0.12929222
vn -0.912578642 0.387922496 0.12929222
vn -0.914086938 0.402265459 0.0512593426
vn -0.912578642 0.387922496 0.12929222
vn -0.912578642 0.387922496 0.12929222
vn -0.912578642 0.387922496 0.12929222
vn -0.912578642 0.387922496 0.12929222
vn -0.913562715 0.405465037 0.0316407457
vn -0.91075933 0.412612617 -0.016379077
vn -0.90759474 0.417689294 -0.0425137579
vn -0.91075933 0.412612617 -0.016379077
vn -0.91075933 0.412612617 -0.016379077
vn -0.908468783 0.416314781 -0.0369648896
vn -0.91075933 0.412612617 -0.016379077
vn -0.91075933 0.412612617 -0.016379077
vn -0.893480897 0.430491894 -0.127940238
vn -0.893480897 0.430491894 -0.127940238
vn -0.912955642 0.405689895 0.043906752
vn -0.91075933 0.412612617 -0.016379077
vn -0.912712097 0.398446947 0.0905356109
vn -0.91075933 0.412612617 -0.016379077
vn -0.896655083 0.355138779 0.2643601
vn -0.91075933 0.412612617 -0.016379077
vn -0.91075933 0.412612617 -0.016379077
vn -0.91075933 0.412612617 -0.016379077
vn -0.91075933 0.412612617 -0.016379077
vn -0.914086938 0.402265459 0.0512593426
vn -0.901032865 0.425325543 -0.0850764886
vn -0.893229067 0.431807458 -0.125236481
vn -0.909224689 0.416159242 -0.0110368934
vn -0.912193716 0.390142083 0.125266925
vn -0.91421634 0.4005467 0.0614072792
vn -0.912578642 0.387922496 0.12929222
vn -0.912578642 0.387922496 0.12929222
vn -0.929853797 0.334609866 0.152997375
vn -0.912578642 0.387922496 0.12929222
vn -0.912578642 0.387922496 0.12929222
vn -0.912578642 0.387922496 0.12929222
vn -0.912578642 0.387922496 0.12929222
vn -0.912578642 0.387922496 0.12929222
vn -0.896655083 0.355138779 0.2643601
vn -0.896655083 0.355138779 0.2643601
vn -0.896655083 0.355138779 0.2643601
vn -0.896655083 0.355138779 0.2643601
vn -0.896655083 0.355138779 0.2643601
vn -0.896655083 0.355138779 0.2643601
vn -0.896655083 0.355138779 0.2643601
vn -0.896655083 0.355138779 0.2643601
vn -0.896655083 0.355138779 0.2643601
vn -0.896655083 0.355138779 0.2643601
vn -0.896655083 0.355138779 0.2643601
vn -0.896655083 0.355138779 0.2643601
vn -0.896655083 0.355138779 0.2643601
vn -0.886005104 0.453018337 0.0988395661
vn -0.896655083 0.355138779 0.2643601
vn -0.896655083 0.355138779 0.2643601
vn -0.896655083 0.355138779 0.2643601
vn -0.896655083 0.355138779 0.2643601
vn -0.896655083 0.355138779 0.2643601
vn -0.896655083 0.355138779 0.2643601
vn -0.896655083 0.355138779 0.2643601
vn -0.896655083 0.355138779 0.2643601
vn -0.941413581 0.307337075 -0.138867721
vn -0.932412863 0.303354919 -0.196423337
vn -0.925179064 0.283871055 -0.251914412
vn -0.925179064 0.283871055 -0.251914412
vn -0.925179064 0.283871055 -0.251914412
vn -0.908835769 0.417125076 -0.00491946656
vn -0.93278116 0.332663685 0.138759434
vn -0.940484762 0.0791691691 0.330485433
vn -0.925179064 0.283871055 -0.251914412
vn -0.871848106 0.463444531 0.158429533
vn -0.941041648 0.306544662 -0.143076673
vn -0.931683481 0.363250494 0.00387024437
vn -0.888353944 0.452363372 0.0787061229
vn -0.739882827 0.627358258 0.242889002
vn -0.931683481 0.363250494 0.00387024437
vn -0.931683481 0.363250494 0.00387024437
vn -0.931683481 0.363250494 0.00387024437
vn -0.858697832 0.498393744 0.119338758
vn -0.931683481 0.363250494 0.00387024437
vn -0.739882827 0.627358258 0.242889002
vn -0.931683481 0.363250494 0.00387024437
vn -0.739882827 0.627358258 0.242889002
vn -0.848456681 0.512511075 0.132111907
vn -0.739882827 0.627358258 0.242889002
vn -0.739882827 0.627358258 0.242889002
vn -0.739882827 0.627358258 0.242889002
vn -0.739882827 0.627358258 0.242889002
vn -0.739882827 0.627358258 0.242889002
vn -1.78105608E-07 0.962948442 0.269685745
vn -0.739882827 0.627358258 0.242889002
vn -0.739882827 0.627358258 0.242889002
vn -0.453765869 0.811269939 0.368697226
vn -0.912578642 0.387922496 0.12929222
vn -0.912578642 0.387922496 0.12929222
vn -0.912578642 0.387922496 0.12929222
vn -0.912578642 0.387922496 0.12929222
vn -0.913730979 0.402899563 0.0526070148
vn -0.899128675 0.427917421 -0.0919478163
vn -0.887495935 0.436416119 -0.147959352
vn -0.908676982 0.379242778 0.174588025
vn -0.896655083 0.355138779 0.2643601
vn -0.896655083 0.355138779 0.2643601
vn -0.896655083 0.355138779 0.2643601
vn -0.896655083 0.355138779 0.2643601
vn -0.896655083 0.355138779 0.2643601
vn -0.896655083 0.355138779 0.2643601
vn -0 -0.998183906 -0.0602391288
vn -0 -0.997554839 -0.0698893219
vn 0.201996863 -0.977449238 -0.0615661591
vn 0.371917009 -0.926187694 -0.0620805584
vn 0.299264312 -0.952512801 -0.0562156402
vn 0.689521015 -0.723049164 0.0419615619
vn 0.739731848 -0.671761036 0.0391638838
vn 0.871115029 -0.488883287 0.0463857837
vn 0.94048965 -0.336617261 0.0465625785
vn 0.939523518 -0.338442624 0.0524620563
vn 0.976268113 -0.190007165 0.103912495
vn 0.976281822 -0.191181645 0.101604313
vn 0.976490498 -0.200199783 0.0799150765
vn 0.984150767 -0.161752552 0.0726861432
vn 0.981703341 -0.176395312 0.071716316
vn 0.989349782 -0.125391379 0.0739182159
vn 0.987785578 -0.13058351 0.0850154981
vn 0.987145126 -0.130203635 0.0926912352
vn -0.0251736697 -0.845170617 -0.533903599
vn -0.0338147096 -0.852535129 -0.521574855
vn -0.0549638346 -0.841839552 -0.536921799
vn -0.00484304689 -0.848409832 -0.529317796
vn 0.35280928 -0.428962022 0.831575096
vn 0.379246801 -0.4135544 0.827734649
vn 0.36378327 -0.422639668 0.830082834
vn 0.393541723 -0.404968411 0.825303316
vn 0.131283745 -0.493438184 0.859815896
vn 0.0471891612 -0.473813683 0.879359901
vn 0.167756587 -0.540897191 0.824189246
vn 0.163444996 -0.503046453 0.848663628
vn 0.566358089 -0.669166386 -0.481097549
vn 0.627288342 -0.656665504 -0.418688059
vn 0.552170336 -0.674581826 -0.489946127
vn 0.619591773 -0.670836747 -0.407534331
vn 0.646414578 -0.655719936 -0.390101939
vn 0.625926018 -0.678273261 -0.384918362
vn -0.453765869 0.811269939 0.368697226
vn -0 0.974010944 0.226501018
vn -0 0.980086803 0.198569313
vn -1.78105608E-07 0.962948442 0.269685745
vn -0.818975329 0.414564699 -0.396756083
vn -0.96892333 -0.206512362 0.136162013
vn -0.96892333 -0.206512362 0.136162013
vn -0.997919381 0.0194621831 -0.0614672303
vn 0.714036822 0.296872079 0.634049237
vn 0.714036822 0.296872079 0.634049237
vn 0.714036822 0.296872079 0.634049237
vn -1 0 0
vn -1 0 0
vn -1 0 0
vn 0.996547043 0.0729926676 0.0395740047
vn 0.996547043 0.0729926676 0.0395740047
vn 0.996547043 0.0729926676 0.0395740047
vn 0.0860816911 -0.325600266 0.941580772
vn -0.375237107 -0.125194505 0.918435335
vn 0.0607268065 0.0194605105 0.99796474
vn -0.0552589297 0.831685662 0.552490175
vn 0.0886251703 0.314223558 0.945203245
vn -0.446886927 -0.0675235018 0.892038524
vn -0.0643800497 -0.206456959 0.976335347
vn -0.441968083 -0.132298917 0.887221098
vn -0.737902343 -0.476605237 0.477857292
vn -0 0.437258929 -0.899335623
vn -0 0.437258929 -0.899335623
vn -0 0.437258929 -0.899335623
vn 0.939592004 0.128873423 -0.317109466
vn 0.939592004 0.128873423 -0.317109466
vn 0.939592004 0.128873423 -0.317109466
vn -1 0 0
vn -1 0 0
vn -1 0 0
vn 0.976757944 -0.130830556 -0.169786379
vn 0.976757944 -0.130830556 -0.169786379
vn 0.976757944 -0.130830556 -0.169786379
vn -0.413553566 -0.6731323 0.613079309
vn -0.923013091 0.291593909 -0.251037389
vn -0.933817446 0.255618215 -0.250288308
vn -0.891153336 0.367244035 -0.266416311
vn -0.780406117 0.0917830765 -0.618499994
vn -0.780406117 0.0917830765 -0.618499994
vn -0.780406117 0.0917830765 -0.618499994
vn -0.769105494 -0.577639461 -0.273513168
vn -0.769105494 -0.577639461 -0.273513168
vn -0.769105494 -0.577639461 -0.273513168
vn 0.985287189 0.156184807 0.0693938732
vn 0.985287189 0.156184807 0.0693938732
vn 0.985287189 0.156184807 0.0693938732
vn -0.962144494 -0.212090373 -0.171159357
vn -0.991236925 -0.0748367086 -0.108852409
vn -0.990683556 -0.077153556 -0.112220719
vn 0.142302811 -0.203633323 0.968650222
vn 0.130353257 -0.119273126 0.984267175
vn 0.856394291 0.276450425 0.436077982
vn -0.973524451 -0.197857648 0.114466511
vn -0.967446446 -0.234728143 0.0946044102
vn -0.734897196 -0.29690221 0.60973382
vn -0.932789743 -0.0714524165 -0.353267491
vn -0.826609313 -0.052185256 -0.560351491
vn -0.967446446 -0.234728143 0.0946044102
vn -0.971912086 -0.226320773 -0.0645430535
vn -0.801912069 -0.460287362 0.380884051
vn -0.740874231 -0.655964017 0.144279242
vn 0.129325554 -0.79760462 0.589153409
vn 0.0714913085 -0.915029526 0.397001326
vn -0.751799583 -0.655578852 0.0708082542
vn -0.934931993 -0.323217839 -0.146398231
vn -0.798110604 0.234857753 -0.554852366
vn -0.826609313 -0.052185256 -0.560351491
vn -0.801760614 0.395804763 -0.447792858
vn -0.962144494 -0.212090373 -0.171159357
vn -0.990683556 -0.077153556 -0.112220719
vn -0.835754037 0.444978237 -0.321728885
vn -0.991236925 -0.0748367086 -0.108852409
vn -0.826609313 -0.052185256 -0.560351491
vn -0.971912086 -0.226320773 -0.0645430535
vn -0.967446446 -0.234728143 0.0946044102
vn -0.120891146 0.964599729 -0.234377041
vn -0.20723623 0.898636699 0.386659086
vn -0.715755045 0.667044401 0.206752554
vn 0.546190917 0.831306577 0.102980137
vn 0.292245597 0.826243877 0.48157391
vn -0.20723623 0.898636699 0.386659086
vn 0.217706874 0.580524147 -0.784598947
vn -0.714036822 0.296872079 0.634049237
vn -0.714036822 0.296872079 0.634049237
vn -0.714036822 0.296872079 0.634049237
vn -0.996547043 0.0729926676 0.0395740047
vn -0.996547043 0.0729926676 0.0395740047
vn -0.996547043 0.0729926676 0.0395740047
vn -0.0860816911 -0.325600266 0.941580772
vn -0.0607268065 0.0194605105 0.99796474
vn 0.375237107 -0.12519452 0.918435335
vn 0.0552589297 0.831685662 0.552490175
vn -0.0886251703 0.314223558 0.945203245
vn 0.446886927 -0.0675234944 0.892038405
vn 0.0643800497 -0.206456959 0.976335347
vn 0.441968083 -0.132298917 0.887221098
vn 0.737902343 -0.476605237 0.477857292
vn -0 0.437258929 -0.899335623
vn -0 0.437258929 -0.899335623
vn -0 0.437258929 -0.899335623
vn -0.939592004 0.128873423 -0.317109466
vn -0.939592004 0.128873423 -0.317109466
vn -0.939592004 0.128873423 -0.317109466
vn -0.976757944 -0.130830556 -0.169786379
vn -0.976757944 -0.130830556 -0.169786379
vn -0.976757944 -0.130830556 -0.169786379
vn 0.413553566 -0.6731323 0.613079309
vn 0.923013091 0.291593909 -0.251037389
vn 0.891153336 0.367244035 -0.266416311
vn 0.933817446 0.255618215 -0.250288308
vn 0.780406117 0.0917830765 -0.618499994
vn 0.780406117 0.0917830765 -0.618499994
vn 0.780406117 0.0917830765 -0.618499994
vn 0.769105494 -0.577639461 -0.273513168
vn 0.769105494 -0.577639461 -0.273513168
vn 0.769105494 -0.577639461 -0.273513168
vn -0.985287189 0.156184807 0.0693938732
vn -0.985287189 0.156184807 0.0693938732
vn -0.985287189 0.156184807 0.0693938732
vn 0.962144494 -0.212090328 -0.171159327
vn 0.990683556 -0.077153556 -0.112220719
vn 0.991236925 -0.0748367086 -0.108852409
vn -0.142302781 -0.203633279 0.968650222
vn -0.856394291 0.276450425 0.436077982
vn -0.130353257 -0.119273126 0.984267175
vn 0.973524451 -0.197857648 0.114466503
vn 0.734897196 -0.29690221 0.60973382
vn 0.967446446 -0.234728158 0.0946044102
vn 0.932789743 -0.0714524165 -0.353267491
vn 0.967446446 -0.234728158 0.0946044102
vn 0.826609313 -0.052185256 -0.560351491
vn 0.801912069 -0.460287303 0.380884022
vn 0.971912086 -0.226320803 -0.0645430535
vn 0.740874171 -0.655964136 0.144279242
vn -0.129325554 -0.79760462 0.589153469
vn -0.0714912862 -0.915029526 0.397001266
vn 0.751799643 -0.655578792 0.0708082542
vn 0.934931993 -0.323217839 -0.146398231
vn 0.798110604 0.234857753 -0.554852486
vn 0.826609313 -0.052185256 -0.560351491
vn 0.801760614 0.395804822 -0.447792858
vn 0.962144494 -0.212090328 -0.171159327
vn 0.990683556 -0.077153556 -0.112220719
vn 0.835754037 0.444978267 -0.321728885
vn 0.991236925 -0.0748367086 -0.108852409
vn 0.826609313 -0.052185256 -0.560351491
vn 0.967446446 -0.234728158 0.0946044102
vn 0.971912086 -0.226320803 -0.0645430535
vn 0.120891131 0.964599729 -0.234377012
vn 0.715755045 0.667044342 0.206752554
vn 0.207236245 0.898636758 0.386658996
vn -0.546190977 0.831306458 0.102980122
vn 0.207236245 0.898636758 0.386658996
vn -0.292245626 0.826243997 0.481573939
vn -0.217706874 0.580524147 -0.784598947
vn -0.73466599 -0.303364456 -0.606824398
vn -0.73466599 -0.303364456 -0.606824398
vn -0.73466599 -0.303364456 -0.606824398
vn 0.0972749442 0.800569952 -0.591291368
vn 0.0972749442 0.800569952 -0.591291368
vn 0.0972749442 0.800569952 -0.591291368
vn 0.218563333 -0.893474996 -0.392342389
vn 0.218563333 -0.893474996 -0.392342389
vn 0.218563333 -0.893474996 -0.392342389
vn -0.996874928 -0.0692429394 -0.0380240045
vn -0.996874928 -0.0692429394 -0.0380240045
vn -0.996874928 -0.0692429394 -0.0380240045
vn 0.334855676 0.38163197 -0.861526966
vn 0.334855676 0.38163197 -0.861526966
vn 0.334855676 0.38163197 -0.861526966
vn -0.0827517882 0.321317405 -0.943348944
vn -0.0585976988 -0.0220405143 -0.998038352
vn 0.377180636 0.122616656 -0.917986989
vn 0.0476580858 -0.832903206 -0.551362693
vn -0.0873235837 -0.31353417 -0.945553243
vn 0.44260028 0.0654789209 -0.894325137
vn 0.0646904632 0.208473235 -0.975886285
vn 0.438428909 0.132807866 -0.888899446
vn 0.734603047 0.46987474 -0.489464998
vn 0.00262128655 -0.436616242 0.899643958
vn 0.00262128655 -0.436616242 0.899643958
vn 0.00262128655 -0.436616242 0.899643958
vn 0.981688082 -0.0741714761 0.175462514
vn 0.981688082 -0.0741714761 0.175462514
vn 0.981688082 -0.0741714761 0.175462514
vn 0.86663568 0.260383517 -0.425609022
vn 0.86663568 0.260383517 -0.425609022
vn 0.86663568 0.260383517 -0.425609022
vn -0.673481166 -0.0923745036 0.733409882
vn -0.673481166 -0.0923745036 0.733409882
vn -0.673481166 -0.0923745036 0.733409882
vn -0.945399821 0.0517542884 0.321777582
vn -0.945399821 0.0517542884 0.321777582
vn -0.945399821 0.0517542884 0.321777582
vn -0.976615787 0.131263703 0.170269027
vn -0.976615787 0.131263703 0.170269027
vn -0.976615787 0.131263703 0.170269027
vn 0.425481558 0.673648477 -0.604287326
vn 0.923396528 -0.290044338 0.251422346
vn 0.891551673 -0.366883934 0.265578359
vn 0.934209883 -0.253755957 0.250718266
vn 0.788292527 -0.0814661235 0.609883726
vn 0.788292527 -0.0814661235 0.609883726
vn 0.788292527 -0.0814661235 0.609883726
vn 0.488294274 -0.807314217 0.331379652
vn 0.488294274 -0.807314217 0.331379652
vn 0.488294274 -0.807314217 0.331379652
vn 0.542275846 -0.365562707 -0.756505609
vn 0.542275846 -0.365562707 -0.756505609
vn 0.542275846 -0.365562707 -0.756505609
vn -0.98562938 -0.154370517 -0.0685883984
vn -0.98562938 -0.154370517 -0.0685883984
vn -0.98562938 -0.154370517 -0.0685883984
vn 0.961966455 0.212767899 0.171319753
vn 0.990795195 0.0723799616 0.114395015
vn 0.991179764 0.0740558133 0.109902024
vn -0.142278507 0.203675732 -0.968644857
vn -0.856346905 -0.276657671 -0.436039776
vn -0.130208299 0.119322032 -0.984280467
vn 0.973591805 0.197739482 -0.114096843
vn 0.734991908 0.29692626 -0.609607816
vn 0.967369199 0.234862223 -0.0950610414
vn 0.932852685 0.0714476109 0.353102058
vn 0.967369199 0.234862223 -0.0950610414
vn 0.826888204 0.0522206537 0.559936464
vn 0.802087009 0.460189968 -0.380633116
vn 0.97185564 0.226661369 0.064196825
vn 0.741361737 0.655504048 -0.143865764
vn -0.128806427 0.797959268 -0.58878684
vn -0.0714274868 0.915221751 -0.396569103
vn 0.752564311 0.65477097 -0.0701561198
vn 0.934518576 0.324664712 0.145834759
vn 0.798441887 -0.234616578 0.554477811
vn 0.826888204 0.0522206537 0.559936464
vn 0.802381516 -0.395216942 0.447199613
vn 0.961966455 0.212767899 0.171319753
vn 0.990795195 0.0723799616 0.114395015
vn 0.83622694 -0.444060504 0.321768165
vn 0.991179764 0.0740558133 0.109902024
vn 0.826888204 0.0522206537 0.559936464
vn 0.967369199 0.234862223 -0.0950610414
vn 0.97185564 0.226661369 0.064196825
vn 0.120339073 -0.964661896 0.234405622
vn 0.71546495 -0.666725755 -0.208774418
vn 0.20776929 -0.897427261 -0.389173746
vn -0.546770751 -0.830891728 -0.103250019
vn 0.20776929 -0.897427261 -0.389173746
vn -0.291391909 -0.825920939 -0.482644171
vn -0.217776671 -0.580497384 0.784599304
vn 0.73466599 -0.303364456 -0.606824398
vn 0.73466599 -0.303364456 -0.606824398
vn 0.73466599 -0.303364456 -0.606824398
vn -0.0972749442 0.800569952 -0.591291368
vn -0.0972749442 0.800569952 -0.591291368
vn -0.0972749442 0.800569952 -0.591291368
vn -0.218563333 -0.893474996 -0.392342389
vn -0.218563333 -0.893474996 -0.392342389
vn -0.218563333 -0.893474996 -0.392342389
vn 0.996874928 -0.0692429394 -0.0380240045
vn 0.996874928 -0.0692429394 -0.0380240045
vn 0.996874928 -0.0692429394 -0.0380240045
vn -0.334855676 0.38163197 -0.861526966
vn -0.334855676 0.38163197 -0.861526966
vn -0.334855676 0.38163197 -0.861526966
vn 0.0827517882 0.321317405 -0.943348944
vn -0.377180576 0.122616634 -0.917986989
vn 0.0585976988 -0.0220405143 -0.998038352
vn -0.0476580858 -0.832903206 -0.551362693
vn 0.0873235837 -0.31353417 -0.945553243
vn -0.44260028 0.0654789433 -0.894325137
vn -0.0646904632 0.208473235 -0.975886285
vn -0.438428909 0.132807866 -0.888899446
vn -0.734603047 0.46987474 -0.489464998
vn -0.00262128655 -0.436616242 0.899643958
vn -0.00262128655 -0.436616242 0.899643958
vn -0.00262128655 -0.436616242 0.899643958
vn -0.981688082 -0.0741714761 0.175462514
vn -0.981688082 -0.0741714761 0.175462514
vn -0.981688082 -0.0741714761 0.175462514
vn -0.86663568 0.260383517 -0.425609022
vn -0.86663568 0.260383517 -0.425609022
vn -0.86663568 0.260383517 -0.425609022
vn 0.673481166 -0.0923745036 0.733409882
vn 0.673481166 -0.0923745036 0.733409882
vn 0.673481166 -0.0923745036 0.733409882
vn 0.945399821 0.0517542884 0.321777582
vn 0.945399821 0.0517542884 0.321777582
vn 0.945399821 0.0517542884 0.321777582
vn 0.976615787 0.131263703 0.170269027
vn 0.976615787 0.131263703 0.170269027
vn 0.976615787 0.131263703 0.170269027
vn -0.425481558 0.673648477 -0.604287326
vn -0.923396528 -0.290044338 0.251422346
vn -0.934209883 -0.253755957 0.250718266
vn -0.891551614 -0.366884023 0.265578359
vn -0.788292527 -0.0814661235 0.609883726
vn -0.788292527 -0.0814661235 0.609883726
vn -0.788292527 -0.0814661235 0.609883726
vn -0.488294274 -0.807314217 0.331379652
vn -0.488294274 -0.807314217 0.331379652
vn -0.488294274 -0.807314217 0.331379652
vn -0.542275846 -0.365562707 -0.756505609
vn -0.542275846 -0.365562707 -0.756505609
vn -0.542275846 -0.365562707 -0.756505609
vn 0.98562938 -0.154370517 -0.0685883984
vn 0.98562938 -0.154370517 -0.0685883984
vn 0.98562938 -0.154370517 -0.0685883984
vn -0.961966455 0.212767899 0.171319753
vn -0.991179764 0.0740558133 0.109902024
vn -0.990795195 0.0723799616 0.114395015
vn 0.142278478 0.203675732 -0.968644857
vn 0.130208328 0.119322039 -0.984280467
vn 0.856346905 -0.276657611 -0.436039716
vn -0.973591805 0.197739482 -0.114096858
vn -0.967369199 0.234862223 -0.095061034
vn -0.734991908 0.29692629 -0.609607875
vn -0.932852685 0.0714476109 0.353102058
vn -0.826888204 0.0522206686 0.559936404
vn -0.967369199 0.234862223 -0.095061034
vn -0.97185564 0.226661369 0.064196825
vn -0.802087009 0.460189968 -0.380633086
vn -0.741361737 0.655503988 -0.143865764
vn 0.128806427 0.797959268 -0.58878684
vn 0.0714274794 0.915221751 -0.396569133
vn -0.752564311 0.65477097 -0.0701561049
vn -0.934518576 0.324664712 0.145834744
vn -0.798441887 -0.234616563 0.554477811
vn -0.826888204 0.0522206686 0.559936404
vn -0.802381396 -0.395216912 0.447199702
vn -0.961966455 0.212767899 0.171319753
vn -0.990795195 0.0723799616 0.114395015
vn -0.836227 -0.444060475 0.321768135
vn -0.991179764 0.0740558133 0.109902024
vn -0.826888204 0.0522206686 0.559936404
vn -0.97185564 0.226661369 0.064196825
vn -0.967369199 0.234862223 -0.095061034
vn -0.120339073 -0.964661896 0.234405637
vn -0.207769305 -0.897427261 -0.389173746
vn -0.71546495 -0.666725755 -0.208774418
vn 0.546770692 -0.830891788 -0.103250027
vn 0.291391939 -0.825920939 -0.48264423
vn -0.207769305 -0.897427261 -0.389173746
vn 0.217776671 -0.580497384 0.784599304
vn -0.912219584 -0.394506127 -0.110545523
vn -0.806393862 -0.517595351 -0.286048919
vn -0.612584412 -0.750106752 -0.249159187
vn -0.956419706 -0.22407648 -0.187218949
vn -0.888189673 -0.455903381 0.0571933165
vn -0.612584412 -0.750106752 -0.249159187
vn -0.528645575 -0.643204153 0.553915501
vn -0.430452108 -0.616055906 0.659686327
vn -0.529582322 -0.640022814 0.556698561
vn 0.0425072871 -0.493754894 0.868561625
vn 0.391221136 0.019693844 0.920085967
vn 0.378606796 -0.107882597 0.91924876
vn -0.414311767 -0.440176606 0.796611726
vn -0.566714525 -0.382539243 0.729724884
vn -0.112505458 -0.482741475 0.868506193
vn -0.993723214 -0.0339488983 -0.106591158
vn -0.98191309 -0.141066492 0.126281217
vn -0.562451184 0.825260043 -0.0509363003
vn -0.993183911 -0.0664939657 -0.0957306772
vn -0.987126946 -0.159611836 0.010217784
vn -0.819339037 -0.401538372 0.409206986
vn -0.997566819 -0.0559081733 0.0416491553
vn -0.510008037 -0.553452492 0.658469558
vn -0.792993248 -0.286358953 0.537736177
vn -0.999287784 0.00322468067 -0.0375993922
vn -0.970415235 -0.0383997969 0.238368839
vn -0.399795949 -0.160036907 0.902525008
vn -0.276841074 -0.212752357 0.937067568
vn -0.971182466 -0.212553114 -0.107823074
vn -0.305932492 -0.352626592 0.884341538
vn -0.27679342 -0.212760285 0.937079787
vn -0.276774675 -0.212771297 0.937082827
vn -0.82879281 -0.424326777 0.364759266
vn -0.414620668 -0.527505934 0.741503179
vn -0.721762896 -0.591039538 0.360181272
vn -0.250010163 -0.745929956 0.617319643
vn -0.829612851 -0.487367272 -0.272425503
vn -0.254206866 -0.804980099 0.536083937
vn -0.259642899 -0.844576895 0.468268484
vn -0.977878571 -0.208362445 -0.0183972772
vn -0.922315896 -0.322642744 -0.212685168
vn -0.788663745 -0.613806248 0.0353738293
vn -0.778503716 -0.255309314 -0.573366523
vn -0.956419706 -0.22407648 -0.187218949
vn -0.226194903 -0.809085548 0.542417228
vn -0 -0.903590024 0.428398311
vn -0 -0.835318148 0.549766958
vn -0.770866454 -0.624400198 0.126053154
vn -0.956419706 -0.22407648 -0.187218949
vn -0.34369579 -0.686972022 0.640267551
vn -0 -0.759432733 0.65058583
vn -0 -0.606202841 0.79531008
vn -0.208114073 -0.70021069 0.682930171
vn -0.715998292 -0.671856821 0.1896175
vn -0.956419706 -0.22407648 -0.187218949
vn -0.806393862 -0.517595351 -0.286048919
vn -0 -0.985076845 0.172115058
vn -0.57119596 -0.802401662 -0.17287755
vn -0.806393862 -0.517595351 -0.286048919
vn -0.612584412 -0.750106752 -0.249159187
vn -0.181489095 0.516242921 -0.836991608
vn -0 0.524832189 -0.851205766
vn -0 0.307454884 -0.951562643
vn -0.147077426 0.494166523 -0.856835842
vn -0.0996284708 0.464703828 -0.879843473
vn -0.0711613819 0.257638425 -0.963617444
vn -0.0632110611 0.152884051 -0.986220479
vn -0 0.104184315 -0.994558096
vn -0.0667884797 0.0988387614 -0.992859602
vn -0.0489910208 0.0308267716 -0.998323381
vn -0 -0.0655552521 -0.997848868
vn -0.135546416 -0.121908486 -0.983242393
vn -0 -0.193734482 -0.981054008
vn -0.607265532 -0.24893719 -0.754492462
vn -0.349930674 -0.179521993 -0.91941309
vn -0.940149903 -0.322256356 -0.110764883
vn -0.947173476 -0.317856729 0.04277144
vn -0.936622262 0.0286188107 -0.349170238
vn -0.829002857 -0.505553782 0.239101768
vn -0.866443574 -0.498827606 -0.0211304445
vn -0.831164479 -0.555425704 0.0258444175
vn -0.79308784 -0.590375364 0.149895236
vn -0.799529254 -0.542913556 0.256900489
vn -0.752395988 -0.658105373 -0.0282431934
vn -0.671554327 -0.74093473 -0.0055245175
vn -0.505042672 -0.857677996 -0.0965421572
vn -0.578220904 -0.802017629 0.149760827
vn -0.616432309 -0.739307046 0.270991445
vn -0.501737475 -0.0575170405 -0.863105595
vn -0.0801235661 0.0525257029 -0.995400131
vn -0.0181264784 -0.173094586 -0.98473835
vn -0.49129054 -0.440826595 -0.751202643
vn -0.8538692 -0.520244777 0.015904488
vn -0.593592882 -0.513345182 0.619777501
vn -0.929275692 -0.229117319 -0.289744705
vn -0.84165448 -0.406610191 0.355367154
vn -0.973128974 -0.0247501284 -0.228926972
vn -0.676187336 -0.333597332 0.65687412
vn -0.00243934128 -0.365974337 0.930621684
vn -0.981021881 0.0481852107 -0.187814415
vn -0.894815087 -0.244290307 0.373668581
vn -0.928705454 -0.153641939 0.337491333
vn -0.997595131 -0.0406522192 0.0561353937
vn -0.408136308 0.231529877 -0.883073449
vn -0.966311932 0.193584621 -0.169606239
vn -0.917344987 -0.0275401454 0.397139519
vn -0.0358199961 0.743125856 -0.668192387
vn -0.240157098 0.727672458 -0.642508626
vn -0 0.999211073 -0.0397143327
vn -0 0.783005834 -0.622014344
vn 0.0042179646 0.852911234 0.522038996
vn -0 0.852918804 0.522043586
vn 0.0358199999 0.743125856 -0.668192327
vn -0.0042179646 0.852911234 0.522038996
vn -0.455374002 0.504254997 -0.733731151
vn 0.0769635439 -0.15952222 -0.984189689
vn -0.794411778 -0.272205293 -0.542967856
vn -0.531061649 -0.18140921 -0.827686131
vn -0.148828879 0.737861514 -0.658339143
vn -0.433357656 0.289139062 -0.853580534
vn -0.943619132 0.293665558 0.152785435
vn -0.47919476 0.76808089 0.424763441
vn -0.255723089 0.81504935 -0.519904017
vn -0.859203756 0.352038711 -0.371265054
vn 0.148506537 0.057070788 -0.987263262
vn -0.375237107 -0.125194505 0.918435335
vn 0.0309920777 0.229127899 0.972902894
vn 0.172947586 0.295134395 0.939672768
vn 0.0607268065 0.0194605105 0.99796474
vn -0.963470459 0.162254468 0.213068351
vn 0.0860816911 -0.325600266 0.941580772
vn -0.792304933 0.0451898426 0.608449399
vn -0.989303589 -0.0326435678 0.14217177
vn -0.174619347 0.459072769 -0.871068478
vn -0.0340651311 0.424490392 -0.904791415
vn -0.506554544 0.298456937 0.808904171
vn -0.58623302 0.557225704 0.588073373
vn -0.686665773 0.0227156989 0.726618171
vn -0.976290047 0.0390432104 0.212916434
vn -0.870048404 0.378645241 0.315663725
vn -0.391873032 0.254337996 0.884164989
vn -0.118807696 0.341965616 0.932171762
vn -0.126073882 0.687764227 0.714902639
vn -0.510864079 0.287722915 0.810082376
vn -0.184080288 0.349023163 0.918856442
vn -0 0.712376297 0.701797664
vn 0.0187589098 0.675465524 0.737152934
vn -0.40187344 0.752508402 0.521755457
vn -0.777842581 0.0210413523 0.628106773
vn -0.534024417 0.229450569 0.813738525
vn -0.757280707 -0.0994689539 0.645470321
vn -0.87841934 0.0662753731 0.473272651
vn -0.651535511 -0.0883104503 0.753460586
vn -0.144841015 0.963547945 0.224936277
vn -0.661700428 0.427333236 0.616067231
vn -0.485298455 0.847522199 0.214922085
vn -0.292339146 0.924140692 0.245971143
vn -0.477781773 0.474358141 0.739397705
vn -0.381263971 0.431003541 0.817847013
vn -0 0.425388873 0.905010641
vn -0 0.425391257 0.905009568
vn -0 0.914637923 -0.404274225
vn -0 0.958044827 -0.286618203
vn -0.497059524 0.427880257 0.754884303
vn -0.617587745 -0.272704154 0.737711251
vn -0 0.840371966 0.542010009
vn -0.651286602 -0.111865431 0.750541091
vn -0.489968181 0.631364226 0.601091027
vn -0.667316854 0.0526391789 0.742911398
vn -0.284206063 0.957932711 0.0398988985
vn -0.280775994 0.81934917 -0.499831855
vn -0 0.81615299 0.577835798
vn 0.0925957561 0.800610006 0.591987848
vn -0 0.837800622 0.545976281
vn 0.126274273 0.782885015 0.609217465
vn 0.274189293 0.807726562 0.52191776
vn 1 0 0
vn 1 0 0
vn 1 0 0
vn 1 0 0
vn -0.0108497357 -0.160504386 -0.986975551
vn -0.123558156 0.303078771 -0.944921553
vn 0.122373737 -0.158304229 -0.979777694
vn 0.12388549 -0.700244606 -0.703071713
vn 0.209849745 -0.69338572 -0.689332545
vn 0.699864328 -0.509733677 -0.500361443
vn 0.953345239 -0.21450609 -0.212414205
vn 0.976104081 -0.170258865 -0.135029107
vn 0.994734883 -0.0932237431 -0.0425661281
vn 0.9334535 -0.0539131388 -0.354623586
vn 0.864605546 0.00368268043 -0.502437651
vn -0.0863750875 -0.954795063 0.284439415
vn -0 -0.915068507 0.403298408
vn -0 -0.723623991 0.690194428
vn -0 -0.922110736 0.386926293
vn -0.186075673 -0.887639701 0.421273738
vn -0.229132608 -0.837655067 0.495814681
vn -0.282452703 -0.79495275 0.536908329
vn -0.259680003 -0.806020856 0.531880319
vn -0.335366637 -0.664518893 0.667790234
vn -0.455660462 -0.63975817 0.618936956
vn -0 -0.81112057 0.584879041
vn -0 -0.539061248 0.84226656
vn -0.434518188 -0.599019527 0.672584116
vn -0.434558868 -0.598994017 0.672580719
vn -0.384619325 -0.569885612 0.726153135
vn -0.522427678 -0.530832112 0.667298079
vn -0.686062098 -0.365720749 0.628941357
vn -0.686037004 -0.365733802 0.628961146
vn -0.676149368 -0.402135462 0.617340326
vn -0.673678994 -0.410568684 0.614483476
vn -0.666840374 -0.432832301 0.606613696
vn -0.666822195 -0.432848692 0.606621981
vn -0.40438363 -0.436512202 0.803698301
vn -0.504109085 -0.266776323 0.821403921
vn -0.653554559 -0.384344965 0.65203172
vn -0.666820586 -0.432859749 0.606615901
vn -0.666859865 -0.432821929 0.606599629
vn -0.628926218 -0.310774654 0.712650716
vn -0.61063987 -0.369545668 0.70039624
vn -0.61103493 -0.304662585 0.730627775
vn -0.536709964 -0.206473038 0.81811446
vn -0.418364644 -0.325654596 0.847891629
vn -0.52880764 -0.151034802 0.835195124
vn -0.591353059 -0.130455524 0.795790792
vn -0.616456151 -0.184228852 0.765533566
vn -0 -0.240276024 0.970704615
vn -0.686229885 -0.144779563 0.712830544
vn -0.512655437 -0.080311656 0.854830027
vn -0 0.0482340194 0.9988361
vn -0.710546672 -0.0952171609 0.697178006
vn -0.746474862 0.102529086 0.657467186
vn -0.842332661 -0.11049892 0.527508914
vn -0.896242082 0.125639006 0.425399661
vn -0.911934078 0.244597524 0.32946676
vn -0.877827227 0.289563119 0.381539732
vn -0.5022313 0.0200790688 0.864500165
vn -0 0.18095848 0.983490705
vn -0.465356231 0.198355108 0.862611592
vn -0 0.356796622 0.934182107
vn -0 0.613526821 0.789673924
vn -0 0.557674289 0.830059946
vn -0.609437227 0.287706316 0.738790452
vn -0.882570446 0.356112629 0.307006717
vn -0.893142521 0.330233306 0.305356145
vn -0.571241498 0.820399582 -0.025051564
vn -0.646894336 0.522015512 0.555902481
vn -0.320506871 0.731332183 0.602020562
vn -0 0.866548479 0.499092847
vn -0.340015948 0.871744394 0.352775931
vn -0.198945224 0.936207473 0.289717704
vn -0.320527077 0.861393929 0.394034117
vn -0.908659697 0.290428966 0.299980998
vn -0.967655003 0.1296442 0.216416389
vn -0.790035844 0.217465803 -0.573194504
vn -0.600653052 0.23694092 -0.763593376
vn -0.600653052 0.23694092 -0.763593376
vn -0.910956562 0.394965947 0.118996829
vn -0.625828385 0.459959686 -0.629901588
vn -0.103924595 0.796521366 0.595611751
vn -0.0590697527 0.81445682 0.577209473
vn -0.0328915417 0.820355117 0.570907593
vn -0.421615481 -0.36861515 0.828470469
vn 0.0631400496 -0.375919133 0.924498916
vn 0.0722687542 -0.0851477608 0.993743956
vn -0.381800234 -0.176279634 0.907278419
vn -0.525370657 0.719776928 0.453769565
vn -0.003948397 0.0811356008 0.99669528
vn -0.926729262 -0.0655732751 0.369963288
vn -0.926042914 -0.174579903 0.334613889
vn -0.94207257 0.3108657 0.12594372
vn -0.948894501 0.257740438 -0.182123825
vn -0.287157565 0.836121559 -0.467377067
vn -0.20009546 0.873971999 -0.442870975
vn -0.981069922 0.0491021462 -0.187325403
vn -0.732900918 0.134117186 -0.666984916
vn -0.913121581 -0.252958 0.319720447
vn -0.97014457 -0.00463923533 -0.242482916
vn -0.764089525 -0.501325607 0.406004727
vn -0.79283756 -0.228420168 -0.565007031
vn -0.593935132 0.0858956054 -0.79991442
vn -0.807518721 -0.555396736 -0.198615044
vn 0.812708795 -0.567629278 -0.131534979
vn -0.0937037989 -0.801807046 0.590190709
vn 0.800631225 -0.58900857 -0.109811753
vn 0.830560446 -0.531388402 -0.16672042
vn 0.830560446 -0.531388402 -0.16672042
vn -0.292609125 -0.676876068 0.675439775
vn -0.177404404 -0.772701204 0.609475613
vn -0.212685809 -0.745959938 0.631116927
vn -0.306352794 -0.663720667 0.682365656
vn -0.319589794 -0.624748886 0.712426305
vn -0.341849506 -0.636290729 0.691572845
vn -0.113529429 -0.562407494 0.819029212
vn -0.370108247 -0.341215223 0.864055634
vn 0.174169093 -0.513901711 0.839982271
vn 0.368748754 -0.781887591 0.502668917
vn 0.396347404 -0.775058866 0.492130637
vn 0.410667747 -0.748206317 0.521094382
vn 0.388930231 -0.774250686 0.49926874
vn 0.387509912 -0.771048963 0.505291581
vn 0.400945991 -0.776427388 0.486212671
vn 0.400968373 -0.776406765 0.486227125
vn 0.342676014 -0.816930234 0.463894695
vn 0.336444765 -0.825943112 0.452352494
vn -0.705703616 -0.56306684 0.430044293
vn -0.205073833 -0.589929104 0.780979097
vn -0.281769335 -0.646809578 0.708691359
vn -0.306246549 -0.663738787 0.682395697
vn -0.527029514 -0.667861521 0.525548041
vn -0.953873336 -0.21401988 -0.210526079
vn -0.938175499 -0.103817485 -0.330225021
vn -0.938175499 -0.103817485 -0.330225021
vn -0 -0.47224921 -0.881465077
vn 0.547982275 -0.335083276 -0.766442835
vn -0 -0.500042319 -0.86600095
vn 0.540439665 -0.332427502 -0.772927523
vn 0.537138462 -0.34269011 -0.770743608
vn 0.537138462 -0.34269011 -0.770743608
vn -0.417407423 0.904387295 -0.0886270031
vn -0.488742709 0.759988725 -0.428424776
vn -0.215795279 0.886562586 0.409193397
vn -0.483751386 0.453296751 -0.748669863
vn -0.483751386 0.453296751 -0.748669863
vn 0.0119207473 -0.0117305825 0.999860168
vn 0.0306556281 -0.0372010469 0.998837531
vn 0.0419212617 -0.080954425 0.995835781
vn 0.064466618 -0.129110292 0.989532471
vn 0.0614828132 -0.157860905 0.985545456
vn 0.0587319881 -0.152448118 0.986564875
vn 0.073313348 -0.270915329 0.959807396
vn 0.0852012485 -0.355822384 0.930661738
vn 0.0999477729 -0.46446681 0.879932344
vn 0.0999488533 -0.464468569 0.879931331
vn 0.137300789 -0.487610042 0.862197757
vn 0.141452625 -0.490124255 0.860098541
vn 0.185035646 -0.51584816 0.836458325
vn 0.183822095 -0.515803158 0.836753547
vn 0.145339742 -0.470027775 0.870603323
vn -0 -0.389544994 0.921007454
vn -0.0587349124 -0.199279025 0.978180945
vn -0 -0.199623629 0.979872584
vn -0.145339742 -0.470027745 0.870603323
vn 0.0587349124 -0.199279025 0.978180945
vn -0.0605445132 0.855149329 -0.514833927
vn -0.0228662975 0.846275628 -0.532254517
vn -0.0607235841 0.996483326 0.0577363893
vn -0.0851048455 0.30591166 -0.948248446
vn 0.0546552651 0.298893839 -0.952719986
vn 0.00674559781 0.300577819 -0.953733504
vn -0.0766036659 0.270168453 -0.959760785
vn -0.0912228823 0.273406863 -0.957563102
vn -0.170762926 0.264053226 -0.949271321
vn -0.179546952 0.257698983 -0.94939667
vn -0 0.315438598 -0.948946059
vn -0 0.321695 -0.946843386
vn -0 -0.930659056 -0.365887493
vn -0.57119596 -0.802401662 -0.17287755
vn -0 -0.985076845 0.172115058
vn -0.612584412 -0.750106752 -0.249159187
vn 0.0709854364 -0.34191224 0.937047005
vn 0.181328967 -0.396870077 0.899785459
vn 0.127046734 -0.370471597 0.92011404
vn -0 -0.303904533 0.952702463
vn 0.890355706 0.452827573 0.0470536053
vn 0.889104068 0.455373615 0.046139881
vn 0.847314119 0.529004037 0.047047127
vn 0.863516152 0.502407134 0.0438965932
vn 0.814222813 0.577740371 0.0570714287
vn 0.733318686 0.679874182 -0.00382143399
vn 0.812580109 0.579545796 0.0619703457
vn 0.765522242 0.642022073 0.0422291346
vn 0.663356185 0.748033583 -0.0201067012
vn 0.669866741 0.738284707 -0.0788308978
vn -0 0.991441905 -0.130548537
vn -0 0.974515855 -0.224318564
vn -0.987213194 -0.129181549 0.0933927298
vn -0.986568451 -0.129366085 0.0997353718
vn -0.98472172 -0.152992696 0.0831649005
vn -0.909704566 0.170559481 -0.378611892
vn -0.97565496 -0.199030921 0.0921102166
vn -0.975497782 -0.194879428 0.102108382
vn -0.890447736 0.122681826 -0.438237369
vn -0.493683785 0.477206409 -0.727014661
vn -0.806863427 0.200790137 -0.555567145
vn -0.0887700617 0.653927982 -0.751330853
vn -0.0887700617 0.653927982 -0.751330853
vn -0.988867581 -0.132317021 -0.0680676699
vn -0.987090826 -0.143738419 -0.0706459507
vn -0.819938719 -0.493964672 -0.289308369
vn 0.00790964905 -0.824718595 -0.565487981
vn 0.0374366604 -0.834967494 -0.549024284
vn 0.933852851 -0.26397866 0.241317332
vn 0.860950291 -0.296387941 0.413423359
vn 0.411730707 -0.743780196 0.526563227
vn 0.990874767 -0.13293393 -0.0222643148
vn 0.995403886 -0.0705077723 -0.0648049414
vn 0.995403886 -0.0705077723 -0.0648049414
vn 0.938979566 0.159964606 -0.304513693
vn 0.936879694 0.177753538 -0.301098049
vn 0.942057669 -0.02953583 -0.334148318
vn 0.897321105 0.35643363 -0.260326743
vn -0.944675326 -0.321766675 0.0636767223
vn -0.947385311 -0.319164395 0.0243957993
vn -0.946601331 -0.320135236 0.0382002331
vn -0.943846881 -0.322292656 0.0726675987
vn -0.967520535 -0.187241763 -0.169837251
vn -0.86748451 -0.259337008 0.424517244
vn -0.951908827 -0.25676474 -0.167156994
vn -0.894414485 -0.143417537 -0.423620164
vn -0.818119586 -0.203355998 -0.537890851
vn 0.938264489 0.181629688 0.294398189
vn 0.934427619 0.181404695 0.30649215
vn 0.652927399 0.0891288519 -0.752158165
vn 0.87908262 0.176671699 0.442719787
vn 0.87908262 0.176671699 0.442719787
vn -0.193555534 0.929936945 0.312655538
vn -0.200708896 0.934831738 0.292925715
vn -0.268670559 0.898120284 0.348132372
vn -0.186543256 0.9363572 -0.297383189
vn -0.336055368 0.85204041 0.401365072
vn -0.240123749 0.920108974 -0.309418976
vn -0.00647606188 0.517378449 -0.855732143
vn -0.0989791229 0.653806567 -0.750160098
vn 0.0838581324 0.365449488 -0.92704618
vn 0.0838581324 0.365449488 -0.92704618
vn 0.246441737 -0.814950466 0.524520934
vn 0.753395677 -0.554781258 0.353005201
vn 0.640744984 -0.629733145 0.439183295
vn 0.044666335 -0.792589605 0.608117342
vn 0.264004022 -0.871675909 0.412895977
vn -0.970838785 -0.145789862 -0.19030863
vn -0.951814532 -0.244718999 -0.184829071
vn -0.925288796 -0.334892452 -0.178010225
vn -0.980077088 -0.0429817364 -0.193911314
vn 0.262879074 -0.911358058 -0.31673491
vn 0.141631484 -0.906699419 -0.397286713
vn 0.0362496078 -0.887637913 -0.459113032
vn 0.331510484 -0.905092776 -0.26628533
vn -0.503924787 -0.534194589 0.678745925
vn -0.466958493 -0.826540411 0.31429413
vn -0.503949702 -0.53414911 0.678763032
vn -0.466940075 -0.82656157 0.314265817
vn -0.386702776 -0.921525598 0.0353748985
vn -0.386703849 -0.921525419 0.0353720337
vn -0.420405269 -0.896754563 0.138168931
vn -0.420401216 -0.896755219 0.138177022
vn -0.420415223 -0.89675194 0.138155207
vn -0.420403183 -0.896757603 0.138155624
vn -0.886884272 -0.330475926 0.322834373
vn -0.843256295 -0.528154254 -0.0998597592
vn -0.886877894 -0.330491155 0.322836339
vn -0.843253911 -0.528150201 -0.0999007821
vn -0.713654041 -0.59610337 -0.36791113
vn -0.713646412 -0.596110582 -0.367914379
vn -0.769028366 -0.577734947 -0.273528546
vn -0.769045532 -0.577713311 -0.273525685
vn -0.769061387 -0.577690721 -0.273528665
vn -0.769046307 -0.577715456 -0.273519039
vn -0.769034386 -0.577730477 -0.273520827
vn -0.560680926 0.753609478 -0.343088359
vn -0.586195409 0.726832807 -0.357895195
vn -0.487679929 0.811483204 -0.32196793
vn -0.487303019 0.814007998 -0.316111863
vn -0.476206779 0.811332762 -0.339066654
vn 0.568206787 0.673882365 0.472253829
vn 0.461909235 0.608717978 0.645059943
vn 0.466139793 0.603277862 0.647124112
vn 0.562441528 0.631675422 0.53352201
vn 0.634950697 0.682120383 0.362697482
vn 0.586423099 0.759539068 0.281439543
vn 0.673684955 0.604003549 0.425826579
vn 0.673685372 0.604003727 0.425825685
vn -0.967520535 -0.187241763 -0.169837251
vn -0.7651847 -0.104624808 0.635252833
vn -0.641104043 -0.17310144 0.747677386
vn -0.833240926 -0.264360458 0.485616267
vn -0.873289287 -0.464407414 0.14728047
vn -0.894414485 -0.143417537 -0.423620164
vn -0.99124229 -0.114565209 0.0656778291
vn -0.994662642 -0.0941658467 0.0421770252
vn -0.990193307 -0.119853206 0.0717804432
vn -0.985574245 -0.140009671 0.0950827152
vn -0.627788186 -0.322811842 0.708289921
vn -0.638774157 -0.406026781 0.653536499
vn -0.660915375 -0.431571156 0.6139521
vn -0.662989378 -0.436300427 0.608347714
vn -0.666808069 -0.43287313 0.606620014
vn -0.666827142 -0.432837158 0.606624782
vn -0.678222358 -0.388339132 0.623864651
vn -0.603854418 -0.45510146 0.654402435
vn -0.515775442 -0.527906895 0.674751759
vn -0.43452543 -0.599006772 0.672590911
vn -0.43455106 -0.598973751 0.672603786
vn -0.686034977 -0.365738422 0.628960609
vn -0.686044633 -0.365733534 0.62895292
vn 0.943893254 0.279685676 -0.17561698
vn 0.94357574 0.279969603 -0.176867068
vn 0.982924163 0.180979311 -0.0332638808
vn 0.96964258 0.230662495 -0.0811664537
vn 0.981224716 0.191745058 -0.0207819212
vn 0.991110682 0.0692553744 0.113592297
vn 0.991259158 0.0775934383 0.106698304
vn 0.990900755 0.122897744 0.0548815876
vn 0.992847681 0.0617213212 0.102195062
vn 0.845435143 -0.0121493349 0.533939838
vn 0.794305265 -0.401905566 0.455577552
vn 0.660259962 0.532247901 0.529876351
vn 0.823278785 -0.329447031 0.462251902
vn 0.829734623 -0.328306198 0.451392919
vn 0.833001316 -0.330127716 0.443987101
vn 0.83300215 -0.330117106 0.44399336
vn -0.891153336 0.367244035 -0.266416311
vn -0.896011531 0.376689434 -0.235092223
vn -0.923013091 0.291593909 -0.251037389
vn -0.900139511 0.373366922 -0.224379286
vn -0.88646251 0.363399714 -0.286574304
vn -0.886460543 0.363389552 -0.286593318
vn -0.886460423 0.363392532 -0.28659001
vn 0.235132694 0.918310463 0.318462908
vn 0.235070363 0.918328643 0.318456292
vn 0.660259962 0.532247901 0.529876351
vn 0.235073686 0.91832763 0.31845659
vn 0.514941514 0.731728375 0.446552098
vn 0.845435143 -0.0121493349 0.533939838
vn 0.400946915 -0.776405215 0.486247391
vn 0.400954932 -0.776412308 0.48622942
vn 0.398996592 -0.769616127 0.498490453
vn 0.397940308 -0.765999734 0.504864156
vn 0.396521509 -0.761177063 0.513205767
vn -0.890687883 0.430304706 0.146673247
vn -0.890684366 0.430307508 0.146685898
vn -0.664919555 0.0619233064 0.744343698
vn -0.763713479 0.133937791 0.631508052
vn -0.332436413 -0.187711313 0.924256682
vn -0.282904774 -0.195318341 0.939050317
vn -0.276815265 -0.212823987 0.937058866
vn -0.276763529 -0.212729946 0.937095463
vn -0.0849105865 0.874303699 0.477894604
vn -0.102383733 0.841807485 0.52997911
vn -0.127674952 0.7869488 0.603664398
vn -0.0583391301 0.915962577 0.397000074
vn -0.769046426 -0.57771349 -0.273522705
vn -0.769046366 -0.577723026 -0.273502856
vn -0.769042552 -0.577720165 -0.273519605
vn -0.755120575 -0.599245727 -0.265890151
vn -0.762270808 -0.588351905 -0.269787669
vn -0.710647821 -0.660572886 -0.242121905
vn -0.769128621 -0.577615917 -0.27349779
vn -0.76905477 -0.577697814 -0.273532599
vn -0.769202352 -0.577529669 -0.273472458
vn -0.484741211 0.808826506 -0.332904875
vn -0.437102228 0.602167189 -0.668084085
vn -0.580940366 0.512483656 -0.632351756
vn -0.568722606 0.120864064 -0.813600957
vn -0.349828571 0.300928026 -0.887165368
vn -0.546858907 0.362173826 0.754834712
vn -0.833240926 -0.264360458 0.485616267
vn -0.527724087 -0.269934326 0.805383563
vn -0.38352406 -0.662655413 0.643270612
vn -0.873289287 -0.464407414 0.14728047
vn 0.728530407 0.356821686 0.584740698
vn 0.728530407 0.356821686 0.584740698
vn 0.728530407 0.356821686 0.584740698
vn 0.728530407 0.356821686 0.584740698
vn -0.835754037 0.444978237 -0.321728885
vn -0.715755045 0.667044401 0.206752554
vn -0.991236925 -0.0748367086 -0.108852409
vn -0.120891146 0.964599729 -0.234377041
vn -0.10624443 0.862436354 -0.494889498
vn -0.801760614 0.395804763 -0.447792858
vn -0.0573790744 0.648408473 -0.759127259
vn -0.798110604 0.234857753 -0.554852366
vn -0.113220595 0.195493475 -0.974147618
vn -0.826609313 -0.052185256 -0.560351491
vn 0.641295493 0.373511583 -0.670245588
vn 0.667580724 0.6675421 -0.329732299
vn 0.548604131 0.822785378 -0.148518324
vn 0.546190917 0.831306577 0.102980137
vn -0.20723623 0.898636699 0.386659086
vn -0.131286561 0.246510878 -0.96020627
vn -0.932789743 -0.0714524165 -0.353267491
vn -0.178530365 0.634332478 -0.752162933
vn 0.691566288 0.559316158 -0.457057357
vn 0.775325716 0.390057147 -0.496714562
vn 0.954988003 0.287087053 -0.0746920928
vn 0.948983371 0.305502832 -0.0780932382
vn 0.884737432 -0.137187675 0.445442647
vn 0.836082935 0.0971256569 0.53993696
vn 0.957418203 0.277784318 -0.0786532685
vn 0.933246851 -0.131470442 0.334314048
vn 0.632545412 0.624912143 -0.457570761
vn 0.208318844 -0.664894164 0.717299879
vn -0.168259993 0.717298329 -0.676144719
vn 0.192050904 -0.568181336 0.800178945
vn -0.684173226 -0.550895929 0.477933764
vn -0.927363038 0.169248849 -0.333695501
vn -0.887907922 0.283400059 -0.362358809
vn 0.142302811 -0.203633323 0.968650222
vn 0.856394291 0.276450425 0.436077982
vn -0.646713138 -0.510563552 0.566645384
vn -0.967203498 -0.226889968 0.114185773
vn -0.968885064 -0.217781723 0.117612697
vn -0.973524451 -0.197857648 0.114466511
vn -0.967446446 -0.234728143 0.0946044102
vn -0.673414528 -0.261986315 0.691285789
vn 0.130353257 -0.119273126 0.984267175
vn -0.734897196 -0.29690221 0.60973382
vn 0.0164870396 -0.484156847 0.874825835
vn -0.801912069 -0.460287362 0.380884051
vn -0.967446446 -0.234728143 0.0946044102
vn 0.129325554 -0.79760462 0.589153409
vn 0.776105881 0.0613189489 0.62761426
vn 0.856394291 0.276450425 0.436077982
vn 0.837211967 0.0305195507 0.546026289
vn 0.809347689 -0.224487856 0.542735159
vn 0.0714913085 -0.915029526 0.397001326
vn 0.286340833 -0.167362139 0.943397462
vn -0.0324914344 -0.923615336 0.38194117
vn -0.751799583 -0.655578852 0.0708082542
vn 0.00827215891 -0.9383111 0.34569338
vn -0.290420413 0.517181337 0.805095971
vn -0.290545464 0.517082334 0.805114448
vn -0.290414214 0.517128646 0.805132031
vn -0.290413886 0.517124176 0.805135012
vn 0.286340833 -0.167362139 0.943397462
vn -0.715755045 0.667044401 0.206752554
vn 0.357626289 0.509554863 0.782596469
vn -0.20723623 0.898636699 0.386659086
vn 0.292245597 0.826243877 0.48157391
vn 0.775325716 0.390057147 -0.496714562
vn -0.113220595 0.195493475 -0.974147618
vn -0.131286561 0.246510878 -0.96020627
vn 0.641295493 0.373511583 -0.670245588
vn 0.948983371 0.305502832 -0.0780932382
vn 0.92419374 0.373849005 -0.0781214908
vn 0.836082935 0.0971256569 0.53993696
vn 0.667580724 0.6675421 -0.329732299
vn 0.856394291 0.276450425 0.436077982
vn 0.901048362 0.405586749 0.153659448
vn 0.548604131 0.822785378 -0.148518324
vn 0.776105881 0.0613189489 0.62761426
vn 0.856138468 0.460433573 0.234580293
vn 0.546190917 0.831306577 0.102980137
vn 0.837211967 0.0305195507 0.546026289
vn 0.840960145 0.413327277 0.349208295
vn 0.809347689 -0.224487856 0.542735159
vn 0.357626289 0.509554863 0.782596469
vn 0.286340833 -0.167362139 0.943397462
vn 0.292245597 0.826243877 0.48157391
vn 0.856138468 0.460433573 0.234580293
vn 0.840960145 0.413327277 0.349208295
vn 0.546190917 0.831306577 0.102980137
vn 0.292245597 0.826243877 0.48157391
vn -0 0.342650473 0.9394629
vn -0 0.343007833 0.939332545
vn -0.467432916 0.303054482 0.83046025
vn -0.675917089 0.334799141 0.656540632
vn -0.313281029 0.371255875 0.874084771
vn -0.462174088 0.403055161 0.789899707
vn -0.826909721 0.357855707 0.433773756
vn -0.906061172 0.375279218 0.195495993
vn -0.815845013 0.435121685 0.380875468
vn 0.296761781 0.39618513 -0.868889987
vn -0 0.979779422 -0.200080484
vn -0 0.946864009 -0.321634144
vn -0.0768997446 0.77854389 -0.622861087
vn 0.457919359 0.24476774 -0.85463357
vn 0.564251125 -0.818563223 -0.107587278
vn 0.58399415 0.0115216738 -0.811676145
vn -0 -0.897921503 -0.440155715
vn -0 -0.380941153 -0.92459923
vn -0.564251125 -0.818563223 -0.107587278
vn -0.296761751 0.39618513 -0.868889987
vn -0.58399415 0.0115216738 -0.811676145
vn -0.457919359 0.24476774 -0.85463357
vn 0.0768997446 0.77854389 -0.622861087
vn -0 0.946864009 -0.321634144
vn -0 0.979779422 -0.200080484
vn -0.466568887 -0.0324820913 0.883888185
vn -0.466568619 -0.0324830413 0.883888364
vn -0.466578752 -0.0324835852 0.883882999
vn -0.658351243 0.0567424595 0.750569105
vn -0.313291341 0.0140486052 0.949553132
vn -0.462174088 0.0752624795 0.883589685
vn -0.868958294 -0.101506002 0.484363496
vn -0.805035472 -0.592950523 -0.0180957224
vn -0.450272948 -0.869107485 -0.204711005
vn -0.450272948 -0.869107485 -0.204711005
vn -0.747961581 0.0800459534 0.658897698
vn -0.747971714 0.0800360814 0.658887386
vn 0.257927299 0.683153272 -0.68320936
vn -0.489015043 0.857273638 0.161077932
vn -0.405011684 0.912660122 0.0549276061
vn -0.104874603 0.931586742 -0.348062575
vn 0.424880087 0.462271959 -0.778319657
vn 0.571899772 -0.695298493 -0.435305327
vn 0.563378334 0.208346829 -0.799497664
vn 0.885243118 -0.197983563 -0.420888424
vn 0.802870572 0.404306561 -0.438103855
vn 0.886205792 0.29287827 0.358973026
vn 0.886190295 0.29390344 0.358172446
vn 0.826988399 -0.0209035631 0.561830223
vn 0.826988399 -0.0209035631 0.561830223
vn -0 -0.468622476 0.883398592
vn -0 -0.46781081 0.88382858
vn -0.468622804 -0.413658142 0.780563712
vn -0.622363985 -0.302097172 0.722080529
vn -0.313267976 -0.400442451 0.861109197
vn -0.462169766 -0.316628367 0.828338981
vn -0.898011386 -0.265039861 0.351182878
vn -0.950368047 -0.265137374 -0.162796602
vn -0.630923033 -0.27235201 -0.726471245
vn -0.630923033 -0.27235201 -0.726471245
vn -0.747944772 -0.214573324 0.628121853
vn -0.747947037 -0.214576095 0.628118098
vn 0.262769133 0.898101568 -0.3526555
vn -0 0.804770648 0.593586028
vn -0 0.873355925 0.487082601
vn -0.032178387 0.963006616 0.267549425
vn 0.261992902 0.887414277 -0.379282981
vn 0.463339061 -0.39280349 -0.794369042
vn 0.349752337 0.641497791 -0.682754636
vn -0 -0.264753401 -0.96431613
vn -0 0.44752264 -0.894272625
vn -0.463339061 -0.39280352 -0.794369042
vn -0.262769133 0.898101628 -0.3526555
vn -0.349752337 0.641497791 -0.682754636
vn -0.261992902 0.887414277 -0.379282981
vn 0.032178387 0.963006616 0.267549425
vn -0 0.873355925 0.487082601
vn -0 0.804770648 0.593586028
vn -0 -0.552970588 0.833200812
vn -0 -0.552114248 0.833768487
vn -0.468869627 -0.488081455 0.736164272
vn -0.622438371 -0.371380806 0.688946247
vn -0.31327495 -0.482844353 0.817753017
vn -0.462176174 -0.396226138 0.793346047
vn -0.76598084 -0.257398069 0.589083612
vn -0.835692167 -0.179324061 0.519096851
vn -0.747949779 -0.275062591 0.604079366
vn -0.747957408 -0.275065184 0.604068518
vn 0.262880772 0.928268075 -0.263081998
vn -0 0.742773533 0.66954273
vn -0 0.821548939 0.570137978
vn -0.0321831666 0.932191849 0.360531032
vn 0.261888474 0.92029804 -0.290630192
vn 0.463497669 -0.31299147 -0.828979135
vn 0.349641502 0.705102921 -0.616912127
vn -0 -0.168838665 -0.985643625
vn -0 0.533218801 -0.845977426
vn -0.463497669 -0.31299144 -0.828979015
vn -0.262880772 0.928268075 -0.263081998
vn -0.349641502 0.705102921 -0.616912127
vn -0.261888474 0.92029804 -0.290630192
vn 0.0321831666 0.932191849 0.360531032
vn -0 0.821548939 0.570137978
vn -0 0.742773533 0.66954273
vn -0.0350497141 -0.725360394 -0.687476456
vn -0.0350497141 -0.725360394 -0.687476456
vn -0.0350497141 -0.725360394 -0.687476456
vn -0.0350497141 -0.725360394 -0.687476456
vn 0.912219584 -0.394506127 -0.110545523
vn 0.612584293 -0.750106752 -0.249159217
vn 0.806393862 -0.517595351 -0.286048979
vn 0.956419706 -0.22407648 -0.187219009
vn 0.888189793 -0.455903381 0.0571933165
vn 0.612584293 -0.750106752 -0.249159217
vn 0.528645515 -0.643204212 0.553915501
vn 0.430452079 -0.616055965 0.659686387
vn 0.529582322 -0.640022814 0.556698561
vn -0.0425072871 -0.493754894 0.868561625
vn -0.391221136 0.019693844 0.920085967
vn -0.378606796 -0.107882597 0.91924876
vn 0.414311767 -0.440176606 0.796611786
vn 0.566714466 -0.382539153 0.729724884
vn 0.112505458 -0.482741475 0.868506193
vn 0.993723214 -0.0339488983 -0.106591158
vn 0.98191309 -0.141066477 0.126281217
vn 0.562451303 0.825260043 -0.0509363264
vn 0.993183911 -0.0664939657 -0.0957306772
vn 0.987126946 -0.159611836 0.010217784
vn 0.819339037 -0.401538432 0.409206927
vn 0.997566819 -0.0559081584 0.0416491441
vn 0.510008037 -0.553452492 0.658469558
vn 0.792993248 -0.286358923 0.537736177
vn 0.999287784 0.00322468067 -0.0375993922
vn 0.970415235 -0.0383997969 0.238368839
vn 0.399795949 -0.160036907 0.902525008
vn 0.276841074 -0.212752342 0.937067568
vn 0.971182466 -0.212553114 -0.107823074
vn 0.305932492 -0.352626622 0.884341419
vn 0.27679342 -0.212760285 0.937079787
vn 0.276774675 -0.212771297 0.937082827
vn 0.82879281 -0.424326837 0.364759266
vn 0.414620668 -0.527505934 0.741503179
vn 0.721762955 -0.591039479 0.360181212
vn 0.250010133 -0.745929897 0.617319643
vn 0.829612851 -0.487367272 -0.272425503
vn 0.254206896 -0.804980099 0.536083937
vn 0.259642899 -0.844576955 0.468268484
vn 0.977878571 -0.208362445 -0.0183972772
vn 0.922315896 -0.322642744 -0.212685168
vn 0.788663745 -0.613806248 0.035373833
vn 0.778503716 -0.255309314 -0.573366523
vn 0.956419706 -0.22407648 -0.187219009
vn 0.226194873 -0.809085548 0.542417228
vn -0 -0.903590024 0.428398311
vn -0 -0.835318148 0.549766958
vn 0.770866454 -0.624400139 0.12605311
vn 0.956419706 -0.22407648 -0.187219009
vn 0.343695819 -0.686972022 0.640267611
vn -0 -0.759432733 0.65058583
vn -0 -0.606202841 0.79531008
vn 0.208114043 -0.70021075 0.682930052
vn 0.715998292 -0.67185688 0.1896175
vn 0.956419706 -0.22407648 -0.187219009
vn 0.806393862 -0.517595351 -0.286048979
vn -0 -0.985076845 0.172115058
vn 0.57119596 -0.802401662 -0.17287755
vn 0.806393862 -0.517595351 -0.286048979
vn 0.612584293 -0.750106752 -0.249159217
vn 0.181489095 0.516242921 -0.836991608
vn -0 0.307454884 -0.951562643
vn -0 0.524832189 -0.851205766
vn 0.147077426 0.494166523 -0.856835842
vn 0.0996284708 0.464703828 -0.879843473
vn 0.0711613819 0.257638425 -0.963617444
vn 0.0632110685 0.152884066 -0.986220479
vn -0 0.104184315 -0.994558096
vn 0.0667884797 0.0988387614 -0.992859602
vn 0.0489910208 0.0308267679 -0.998323381
vn -0 -0.0655552521 -0.997848868
vn 0.135546401 -0.121908478 -0.983242393
vn -0 -0.193734482 -0.981054008
vn 0.607265532 -0.248937219 -0.754492462
vn 0.349930674 -0.179521993 -0.91941309
vn 0.940149903 -0.322256356 -0.110764883
vn 0.947173476 -0.317856699 0.0427714363
vn 0.936622262 0.028618807 -0.349170238
vn 0.829002857 -0.505553782 0.239101768
vn 0.866443574 -0.498827606 -0.0211304445
vn 0.831164479 -0.555425704 0.0258444175
vn 0.79308784 -0.590375364 0.149895236
vn 0.799529254 -0.542913556 0.256900489
vn 0.752395988 -0.658105373 -0.028243199
vn 0.671554267 -0.740934849 -0.00552451611
vn 0.505042672 -0.857677996 -0.0965421572
vn 0.578220904 -0.802017629 0.149760827
vn 0.616432309 -0.739307046 0.270991445
vn 0.0801235661 0.0525257029 -0.995400131
vn 0.501737475 -0.0575170442 -0.863105595
vn 0.0181264784 -0.173094586 -0.98473835
vn 0.49129054 -0.440826595 -0.751202703
vn 0.8538692 -0.520244777 0.0159044918
vn 0.593592882 -0.513345242 0.619777501
vn 0.929275692 -0.229117289 -0.289744675
vn 0.84165448 -0.40661025 0.355367184
vn 0.973128974 -0.0247501265 -0.228926972
vn 0.676187336 -0.333597273 0.65687412
vn 0.00243934128 -0.365974337 0.930621684
vn 0.981021881 0.0481852069 -0.187814474
vn 0.894815087 -0.244290367 0.373668581
vn 0.928705454 -0.153641894 0.337491244
vn 0.997595131 -0.0406522192 0.0561354198
vn 0.408136278 0.231529877 -0.883073449
vn 0.966311932 0.193584621 -0.169606239
vn 0.917344987 -0.0275401454 0.397139519
vn 0.0358199999 0.743125856 -0.668192327
vn 0.240157083 0.727672458 -0.642508626
vn -0 0.999211073 -0.0397143327
vn -0 0.783005834 -0.622014344
vn 0.455374002 0.504254997 -0.733731151
vn -0.0769635439 -0.159522206 -0.984189689
vn 0.794411778 -0.272205323 -0.542967916
vn 0.531061649 -0.18140921 -0.827686131
vn 0.148828864 0.737861454 -0.658339143
vn 0.433357656 0.289139062 -0.853580534
vn 0.943619132 0.293665558 0.152785465
vn 0.47919476 0.76808089 0.424763501
vn 0.255723089 0.81504935 -0.519904017
vn 0.859203756 0.352038682 -0.371265024
vn -0.148506522 0.0570707843 -0.987263262
vn 0.375237107 -0.12519452 0.918435335
vn -0.0309920777 0.229127899 0.972902894
vn -0.172947586 0.295134395 0.939672768
vn -0.0607268065 0.0194605105 0.99796474
vn 0.963470459 0.162254512 0.213068366
vn -0.0860816911 -0.325600266 0.941580772
vn 0.792304873 0.0451898463 0.608449459
vn 0.989303589 -0.0326435678 0.14217177
vn 0.174619347 0.459072769 -0.871068478
vn 0.0340651311 0.424490392 -0.904791415
vn 0.686665773 0.0227157064 0.726618171
vn 0.976290047 0.0390432104 0.212916434
vn 0.870048404 0.378645241 0.315663785
vn 0.506554544 0.298456907 0.808904171
vn 0.586233139 0.557225645 0.588073373
vn 0.391873151 0.254338026 0.884164989
vn 0.510864079 0.287722915 0.810082376
vn 0.118807696 0.341965616 0.932171762
vn 0.126073882 0.687764227 0.714902639
vn 0.184080258 0.349023163 0.918856442
vn -0 0.712376297 0.701797664
vn -0.0187589098 0.675465524 0.737152934
vn 0.40187341 0.752508521 0.521755397
vn 0.777842581 0.0210413393 0.628106773
vn 0.534024417 0.229450628 0.813738525
vn 0.757280707 -0.0994689539 0.645470321
vn 0.87841934 0.0662753657 0.473272651
vn 0.651535511 -0.0883104503 0.753460586
vn 0.144840986 0.963547945 0.224936247
vn 0.661700428 0.427333236 0.616067231
vn 0.485298455 0.847522199 0.21492213
vn 0.292339206 0.924140692 0.245971173
vn 0.477781773 0.474358171 0.739397705
vn 0.381263942 0.431003541 0.817847013
vn -0 0.425388873 0.905010641
vn -0 0.425391257 0.905009568
vn -0 0.914637923 -0.404274225
vn -0 0.958044827 -0.286618203
vn 0.497059494 0.427880257 0.754884362
vn -0 0.840371966 0.542010009
vn 0.651286602 -0.111865431 0.750541091
vn 0.617587745 -0.272704154 0.737711251
vn 0.667316854 0.0526391789 0.742911398
vn 0.489968181 0.631364167 0.601091087
vn 0.284206063 0.957932711 0.0398988985
vn 0.280775994 0.81934917 -0.499831855
vn -0.183822095 -0.515803158 0.836753607
vn -0.145339742 -0.470027745 0.870603323
vn -0 -0.389544994 0.921007454
vn -0.185035646 -0.51584816 0.836458325
vn -0.137300789 -0.487610042 0.862197757
vn -0.141452625 -0.490124255 0.860098541
vn -0.0999488533 -0.464468569 0.879931331
vn -0.0999477804 -0.46446687 0.879932344
vn -0.073313348 -0.270915329 0.959807396
vn -0.0852012485 -0.355822384 0.930661738
vn -0.0587319806 -0.152448118 0.986564875
vn -0.0614828095 -0.157860905 0.985545456
vn -0.064466618 -0.129110292 0.989532471
vn -0.0419212617 -0.080954425 0.995835781
vn -0.0306556281 -0.0372010469 0.998837531
vn -0.0119207473 -0.0117305825 0.999860168
vn -0 0.81615299 0.577835798
vn -0 0.837800622 0.545976281
vn -0.0925957561 0.800610006 0.591987848
vn -0.126274273 0.782885015 0.609217465
vn -0.274189293 0.807726562 0.52191776
vn 0.0108497338 -0.160504371 -0.986975551
vn 0.123558156 0.303078771 -0.944921553
vn -0.122373737 -0.158304229 -0.979777694
vn -0.12388549 -0.700244606 -0.703071713
vn -0.209849745 -0.693385661 -0.689332545
vn -0.699864328 -0.509733677 -0.500361443
vn -0.953345239 -0.21450609 -0.212414205
vn -0.976104081 -0.17025885 -0.135029092
vn -0.994734883 -0.0932237431 -0.0425661281
vn -0.9334535 -0.0539131388 -0.354623586
vn -0.864605546 0.00368268043 -0.502437651
vn 0.0863750875 -0.954795063 0.284439415
vn -0 -0.723623991 0.690194428
vn -0 -0.915068507 0.403298408
vn -0 -0.922110736 0.386926293
vn 0.186075717 -0.887639701 0.421273768
vn 0.229132608 -0.837655067 0.49581477
vn 0.282452703 -0.79495275 0.536908329
vn 0.259680003 -0.806020856 0.531880319
vn 0.335366637 -0.664518893 0.667790234
vn 0.455660433 -0.63975817 0.618936956
vn -0 -0.81112057 0.584879041
vn -0 -0.539061248 0.84226656
vn 0.434518129 -0.599019527 0.672584236
vn 0.434558868 -0.598994017 0.672580719
vn 0.384619325 -0.569885612 0.726153135
vn 0.522427678 -0.530832112 0.667298079
vn 0.686062098 -0.365720749 0.628941357
vn 0.686037004 -0.365733802 0.628961146
vn 0.676149428 -0.402135521 0.617340326
vn 0.673678994 -0.410568625 0.614483476
vn 0.666840374 -0.432832301 0.606613696
vn 0.666822195 -0.432848692 0.606621981
vn 0.40438363 -0.436512202 0.803698301
vn 0.504109204 -0.266776323 0.821403921
vn 0.653554559 -0.384344935 0.65203172
vn 0.666820586 -0.432859749 0.606615901
vn 0.666859865 -0.432821929 0.606599629
vn 0.628926218 -0.310774654 0.712650716
vn 0.61063987 -0.369545698 0.70039624
vn 0.611034989 -0.304662585 0.730627716
vn 0.536709964 -0.206473038 0.81811446
vn 0.418364644 -0.325654596 0.847891629
vn 0.52880764 -0.151034802 0.835195124
vn 0.591353059 -0.130455509 0.795790672
vn 0.616456151 -0.184228852 0.765533566
vn -0 -0.240276024 0.970704615
vn 0.686229885 -0.144779563 0.712830544
vn 0.512655377 -0.080311656 0.854830027
vn -0 0.0482340194 0.9988361
vn 0.710546792 -0.0952171609 0.697177947
vn 0.746474862 0.102529086 0.657467186
vn 0.842332661 -0.11049892 0.527508914
vn 0.896242082 0.125639006 0.425399661
vn 0.911934078 0.244597524 0.32946676
vn 0.877827227 0.289563119 0.381539673
vn 0.5022313 0.020079067 0.864500165
vn -0 0.18095848 0.983490705
vn 0.465356231 0.198355108 0.862611592
vn -0 0.356796622 0.934182107
vn -0 0.613526821 0.789673924
vn -0 0.557674289 0.830059946
vn 0.609437227 0.287706345 0.738790452
vn 0.882570446 0.356112629 0.307006747
vn 0.893142521 0.330233306 0.305356145
vn 0.571241617 0.820399582 -0.0250515658
vn 0.646894455 0.522015452 0.555902481
vn 0.320506871 0.731332183 0.602020502
vn -0 0.866548479 0.499092847
vn 0.340015948 0.871744394 0.352775931
vn 0.198945224 0.936207473 0.289717704
vn 0.320527077 0.861393929 0.394034117
vn 0.908659697 0.290428966 0.299980998
vn 0.967655003 0.1296442 0.216416389
vn 0.790035844 0.217465803 -0.573194504
vn 0.600653052 0.23694092 -0.763593376
vn 0.600653052 0.23694092 -0.763593376
vn 0.910956562 0.394965947 0.118996829
vn 0.625828385 0.459959686 -0.629901588
vn 0.103924595 0.796521366 0.595611751
vn 0.0590697527 0.81445682 0.577209473
vn 0.0328915417 0.820355117 0.570907593
vn -0.0631400496 -0.375919133 0.924498916
vn 0.421615481 -0.368615121 0.828470469
vn -0.0722687542 -0.0851477608 0.993743956
vn 0.381800294 -0.176279664 0.907278419
vn 0.525370657 0.719776928 0.453769565
vn 0.003948397 0.0811356008 0.99669528
vn 0.926729262 -0.06557329 0.369963288
vn 0.926042914 -0.174579903 0.334613889
vn 0.94207257 0.3108657 0.125943705
vn 0.948894501 0.257740438 -0.182123825
vn 0.287157565 0.836121559 -0.467377067
vn 0.20009546 0.873971999 -0.442870975
vn 0.981069922 0.0491021425 -0.187325403
vn 0.732900918 0.134117186 -0.666984916
vn 0.913121581 -0.252958059 0.319720477
vn 0.97014457 -0.0046392302 -0.242482886
vn 0.764089525 -0.501325607 0.406004757
vn 0.79283756 -0.228420168 -0.565007031
vn 0.593935132 0.0858956054 -0.79991442
vn 0.807518721 -0.555396676 -0.198615059
vn -0.812708795 -0.567629278 -0.131534979
vn -0.800631225 -0.58900857 -0.109811753
vn 0.0937037989 -0.801807046 0.590190709
vn -0.830560446 -0.531388402 -0.16672042
vn -0.830560446 -0.531388402 -0.16672042
vn 0.292609155 -0.676876068 0.675439775
vn 0.212685809 -0.745959938 0.631116927
vn 0.177404404 -0.772701204 0.609475613
vn 0.306352794 -0.663720667 0.682365656
vn 0.319589823 -0.624748886 0.712426305
vn 0.341849506 -0.636290729 0.691572845
vn 0.113529429 -0.562407553 0.819029212
vn 0.370108247 -0.341215223 0.864055634
vn -0.174169078 -0.513901591 0.839982271
vn -0.368748754 -0.781887591 0.502668917
vn -0.396347404 -0.775058866 0.492130637
vn -0.410667747 -0.748206317 0.521094382
vn -0.388930202 -0.774250567 0.499268711
vn -0.387509853 -0.771049023 0.505291581
vn -0.400945991 -0.776427388 0.486212671
vn -0.400968373 -0.776406765 0.486227125
vn -0.342676014 -0.816930234 0.463894695
vn -0.336444765 -0.825943112 0.452352494
vn 0.705703616 -0.56306684 0.430044293
vn 0.281769335 -0.646809578 0.708691359
vn 0.205073833 -0.589929104 0.780979097
vn 0.306246549 -0.663738787 0.682395697
vn 0.527029514 -0.667861521 0.525548041
vn 0.953873336 -0.21401988 -0.210526079
vn 0.938175499 -0.103817485 -0.330225021
vn 0.938175499 -0.103817485 -0.330225021
vn -0 -0.47224921 -0.881465077
vn -0 -0.500042319 -0.86600095
vn -0.547982275 -0.335083187 -0.766442835
vn -0.540439665 -0.332427502 -0.772927523
vn -0.537138462 -0.34269011 -0.770743608
vn -0.537138462 -0.34269011 -0.770743608
vn 0.417407423 0.904387295 -0.0886270031
vn 0.215795279 0.886562586 0.409193397
vn 0.488742709 0.759988725 -0.428424776
vn 0.483751386 0.453296751 -0.748669863
vn 0.483751386 0.453296751 -0.748669863
vn 0.0605445132 0.855149329 -0.514833927
vn 0.0607235841 0.996483326 0.0577363893
vn 0.0228662975 0.846275628 -0.532254517
vn 0.0851048455 0.30591166 -0.948248446
vn -0.0546552651 0.298893839 -0.952719986
vn -0.00674559921 0.300577849 -0.953733385
vn 0.0766036585 0.270168453 -0.959760785
vn 0.0912228823 0.273406863 -0.957563102
vn 0.170762911 0.264053226 -0.949271321
vn 0.179546952 0.257698983 -0.94939667
vn -0 0.315438598 -0.948946059
vn -0 0.321695 -0.946843386
vn -0 -0.930659056 -0.365887493
vn -0 -0.985076845 0.172115058
vn 0.57119596 -0.802401662 -0.17287755
vn 0.612584293 -0.750106752 -0.249159217
vn -0.0709854364 -0.34191224 0.937047005
vn -0.127046734 -0.370471597 0.92011404
vn -0.181328967 -0.396870077 0.899785459
vn -0 -0.303904533 0.952702463
vn -0.890355706 0.452827573 0.0470536053
vn -0.847314119 0.529004037 0.047047127
vn -0.889104068 0.455373615 0.046139881
vn -0.863516152 0.502407134 0.0438965932
vn -0.814222813 0.577740371 0.0570714287
vn -0.733318746 0.679874122 -0.00382143282
vn -0.812580109 0.579545796 0.0619703457
vn -0.765522242 0.642022073 0.0422291346
vn -0.663356185 0.748033583 -0.0201067012
vn -0.669866741 0.738284707 -0.0788308978
vn -0 0.991441905 -0.130548537
vn -0 0.974515855 -0.224318564
vn 0.987213194 -0.129181549 0.0933927298
vn 0.98472172 -0.152992681 0.0831648856
vn 0.986568451 -0.129366085 0.0997353718
vn 0.909704566 0.170559451 -0.378611863
vn 0.97565496 -0.199030921 0.0921102166
vn 0.975497782 -0.194879428 0.102108382
vn 0.890447736 0.122681826 -0.438237369
vn 0.806863427 0.200790137 -0.555567145
vn 0.493683785 0.477206409 -0.727014661
vn 0.0887700617 0.653927982 -0.751330853
vn 0.0887700617 0.653927982 -0.751330853
vn 0.987090826 -0.143738419 -0.0706459507
vn 0.988867581 -0.132317021 -0.0680676699
vn 0.819938719 -0.493964672 -0.289308429
vn -0.00790964905 -0.824718595 -0.565487981
vn -0.0374366604 -0.834967494 -0.549024284
vn -0.933852851 -0.26397866 0.241317332
vn -0.411730707 -0.743780196 0.526563227
vn -0.860950291 -0.296387941 0.413423359
vn -0.990874767 -0.13293393 -0.0222643148
vn -0.995403886 -0.0705077723 -0.0648049414
vn -0.995403886 -0.0705077723 -0.0648049414
vn -0.938979566 0.159964606 -0.304513693
vn -0.942057669 -0.02953583 -0.334148318
vn -0.936879694 0.177753538 -0.301098049
vn -0.897321105 0.35643363 -0.260326743
vn 0.944675326 -0.321766675 0.0636767223
vn 0.946601331 -0.320135236 0.0382002331
vn 0.947385311 -0.319164395 0.0243957993
vn 0.943846881 -0.322292656 0.0726675987
vn 0.967520535 -0.187241778 -0.169837251
vn 0.951908827 -0.25676474 -0.167156994
vn 0.86748451 -0.259337008 0.424517244
vn 0.818119586 -0.203355998 -0.537890851
vn 0.894414485 -0.143417537 -0.423620164
vn -0.938264489 0.181629688 0.294398189
vn -0.652927399 0.0891288519 -0.752158165
vn -0.934427619 0.181404695 0.30649215
vn -0.87908262 0.176671699 0.442719787
vn -0.87908262 0.176671699 0.442719787
vn 0.193555534 0.929936945 0.312655538
vn 0.268670559 0.898120284 0.348132372
vn 0.200708896 0.934831738 0.292925715
vn 0.186540037 0.936355948 -0.297389209
vn 0.336055368 0.85204041 0.401365072
vn 0.240123749 0.920108974 -0.309418976
vn 0.0989791229 0.653806567 -0.750160098
vn 0.0064683361 0.517364979 -0.855740368
vn -0.08387319 0.365419894 -0.927056432
vn -0.08387319 0.365419894 -0.927056432
vn -0.246441737 -0.814950466 0.524520934
vn -0.640744984 -0.629733145 0.439183295
vn -0.753395677 -0.554781258 0.353005201
vn -0.044666335 -0.792589605 0.608117342
vn -0.264004022 -0.871675909 0.412895977
vn 0.970838785 -0.145789862 -0.19030863
vn 0.925288796 -0.334892452 -0.178010225
vn 0.951814532 -0.244718999 -0.184829071
vn 0.980077088 -0.0429817364 -0.193911314
vn -0.262879074 -0.911358058 -0.31673491
vn -0.0362496078 -0.887637913 -0.459113032
vn -0.141631484 -0.906699419 -0.397286713
vn -0.331510484 -0.905092776 -0.26628533
vn 0.503924787 -0.534194589 0.678745925
vn 0.503949702 -0.53414911 0.678763032
vn 0.466958493 -0.826540411 0.31429413
vn 0.466940075 -0.82656157 0.314265817
vn 0.386702776 -0.921525598 0.0353749059
vn 0.386703819 -0.9215253 0.0353720263
vn 0.420405269 -0.896754563 0.138168931
vn 0.420401216 -0.896755219 0.138177022
vn 0.420415223 -0.89675194 0.138155207
vn 0.420403183 -0.896757603 0.138155624
vn 0.886884272 -0.330475926 0.322834373
vn 0.886877894 -0.330491155 0.322836339
vn 0.843256295 -0.528154194 -0.0998597369
vn 0.843253911 -0.528150201 -0.0999007821
vn 0.713654041 -0.59610343 -0.36791116
vn 0.713646412 -0.596110582 -0.367914379
vn 0.769028366 -0.577734888 -0.273528546
vn 0.769045532 -0.577713311 -0.273525685
vn 0.769061387 -0.577690721 -0.273528665
vn 0.769046307 -0.577715456 -0.273519039
vn 0.769034386 -0.577730477 -0.273520827
vn 0.560680926 0.753609478 -0.343088359
vn 0.487679929 0.811483204 -0.3219679
vn 0.586195409 0.726832807 -0.357895195
vn 0.487303019 0.814007998 -0.316111863
vn 0.476206779 0.811332762 -0.339066654
vn -0.568206787 0.673882365 0.472253829
vn -0.466139793 0.603277862 0.647124112
vn -0.461909235 0.608717978 0.645059943
vn -0.562441587 0.631675363 0.53352201
vn -0.634950638 0.682120383 0.362697482
vn -0.586423099 0.759539068 0.281439543
vn -0.673684955 0.604003549 0.425826579
vn -0.673685372 0.604003727 0.425825685
vn 0.967520535 -0.187241778 -0.169837251
vn 0.641104043 -0.17310144 0.747677386
vn 0.7651847 -0.104624808 0.635252833
vn 0.833240926 -0.264360458 0.485616267
vn 0.894414485 -0.143417537 -0.423620164
vn 0.873289287 -0.464407414 0.14728047
vn 0.99124229 -0.114565209 0.0656778291
vn 0.990193307 -0.119853206 0.0717804432
vn 0.994662642 -0.0941658467 0.0421770252
vn 0.985574245 -0.140009671 0.0950827152
vn 0.627788186 -0.322811842 0.708289921
vn 0.660915434 -0.431571156 0.6139521
vn 0.638774157 -0.406026781 0.653536499
vn 0.662989378 -0.436300427 0.608347714
vn 0.666808069 -0.43287313 0.606620014
vn 0.666827142 -0.432837158 0.606624782
vn 0.678222358 -0.388339132 0.623864651
vn 0.603854418 -0.455101401 0.654402316
vn 0.515775442 -0.527906895 0.674751759
vn 0.43452543 -0.599006772 0.672590911
vn 0.43455106 -0.598973751 0.672603786
vn 0.686034977 -0.365738422 0.628960609
vn 0.686044633 -0.365733534 0.62895292
vn -0.943893254 0.279685676 -0.17561698
vn -0.982924163 0.180979341 -0.0332638845
vn -0.94357574 0.279969603 -0.176867068
vn -0.96964258 0.230662495 -0.0811664537
vn -0.981224716 0.191745058 -0.0207819212
vn -0.991110682 0.0692553744 0.113592297
vn -0.991259158 0.0775934383 0.106698304
vn -0.990900755 0.122897744 0.0548815876
vn -0.992847681 0.0617213212 0.102195062
vn -0.845435143 -0.0121493395 0.533939838
vn -0.660259962 0.532247901 0.529876351
vn -0.794305265 -0.401905566 0.455577552
vn -0.823278785 -0.329447061 0.462251902
vn -0.829734623 -0.328306198 0.451392919
vn -0.833001316 -0.330127716 0.443987101
vn -0.83300215 -0.330117106 0.44399336
vn 0.891153336 0.367244035 -0.266416311
vn 0.923013091 0.291593909 -0.251037389
vn 0.896011531 0.376689434 -0.235092223
vn 0.900139511 0.373366922 -0.224379286
vn 0.88646251 0.363399714 -0.286574304
vn 0.886460543 0.363389552 -0.286593318
vn 0.886460423 0.363392532 -0.28659001
vn -0.235132694 0.918310463 0.318462908
vn -0.660259962 0.532247901 0.529876351
vn -0.235070363 0.918328643 0.318456292
vn -0.235073686 0.91832763 0.31845659
vn -0.514941514 0.731728375 0.446552098
vn -0.845435143 -0.0121493395 0.533939838
vn -0.400946915 -0.776405215 0.486247391
vn -0.398996592 -0.769616127 0.498490453
vn -0.400954932 -0.776412308 0.48622942
vn -0.397940308 -0.765999734 0.504864156
vn -0.396521509 -0.761177063 0.513205767
vn 0.890687883 0.430304706 0.146673247
vn 0.664919555 0.0619233064 0.744343698
vn 0.890684366 0.430307508 0.146685898
vn 0.763713479 0.133937791 0.631508052
vn 0.332436413 -0.187711328 0.924256682
vn 0.282904774 -0.195318341 0.939050317
vn 0.276815265 -0.212823987 0.937058866
vn 0.276763529 -0.212729946 0.937095463
vn 0.0849105865 0.874303699 0.477894604
vn 0.127674952 0.7869488 0.603664398
vn 0.102383733 0.841807485 0.52997911
vn 0.0583391301 0.915962577 0.397000074
vn 0.769046545 -0.57771349 -0.273522675
vn 0.769042552 -0.577720165 -0.273519605
vn 0.769046366 -0.577723026 -0.273502856
vn 0.755120575 -0.599245727 -0.265890151
vn 0.762270808 -0.588351905 -0.269787669
vn 0.710647821 -0.660572886 -0.242121905
vn 0.769128621 -0.577615917 -0.27349779
vn 0.76905477 -0.577697814 -0.273532599
vn 0.769202352 -0.577529669 -0.273472458
vn 0.484741211 0.808826506 -0.332904875
vn 0.580940366 0.512483656 -0.632351756
vn 0.437102228 0.602167189 -0.668084085
vn 0.349828571 0.300928026 -0.887165368
vn 0.568722606 0.120864064 -0.813600957
vn 0.546858907 0.362173826 0.754834712
vn 0.527724087 -0.269934326 0.805383563
vn 0.833240926 -0.264360458 0.485616267
vn 0.873289287 -0.464407414 0.14728047
vn 0.38352406 -0.662655413 0.643270612
vn -0.728532374 0.356820703 0.58473897
vn -0.728532374 0.356820703 0.58473897
vn -0.728532374 0.356820703 0.58473897
vn -0.728532374 0.356820703 0.58473897
vn 0.835754037 0.444978267 -0.321728885
vn 0.991236925 -0.0748367086 -0.108852409
vn 0.715755045 0.667044342 0.206752554
vn 0.120891131 0.964599729 -0.234377012
vn 0.106244422 0.862436354 -0.494889498
vn 0.801760614 0.395804822 -0.447792858
vn 0.0573790744 0.648408473 -0.759127259
vn 0.798110604 0.234857753 -0.554852486
vn 0.113220602 0.195493445 -0.974147618
vn 0.826609313 -0.052185256 -0.560351491
vn -0.641295433 0.373511612 -0.670245647
vn -0.667580783 0.6675421 -0.329732269
vn -0.548604131 0.822785378 -0.148518309
vn -0.546190977 0.831306458 0.102980122
vn 0.207236245 0.898636758 0.386658996
vn 0.131286576 0.246510908 -0.96020627
vn 0.932789743 -0.0714524165 -0.353267491
vn 0.178530335 0.634332418 -0.752163053
vn -0.691566348 0.559316158 -0.457057387
vn -0.775325716 0.390057147 -0.496714622
vn -0.954988003 0.287087053 -0.0746920928
vn -0.948983371 0.305502832 -0.0780932382
vn -0.884737432 -0.137187719 0.445442766
vn -0.836082935 0.0971256793 0.5399369
vn -0.957418203 0.277784318 -0.0786532685
vn -0.933246851 -0.131470442 0.334314018
vn -0.632545412 0.624912143 -0.457570761
vn -0.208318874 -0.664894164 0.717299879
vn 0.168259993 0.717298329 -0.676144719
vn -0.192050889 -0.568181336 0.800178945
vn 0.684173226 -0.550895929 0.477933764
vn 0.927363038 0.169248864 -0.333695501
vn 0.887907922 0.283400118 -0.362358868
vn -0.142302781 -0.203633279 0.968650222
vn -0.856394291 0.276450425 0.436077982
vn 0.646713138 -0.510563552 0.566645384
vn 0.967203498 -0.226889968 0.114185773
vn 0.968885183 -0.217781708 0.11761269
vn 0.973524451 -0.197857648 0.114466503
vn 0.967446446 -0.234728158 0.0946044102
vn 0.673414469 -0.261986285 0.691285789
vn -0.130353257 -0.119273126 0.984267175
vn 0.734897196 -0.29690221 0.60973382
vn -0.016487021 -0.484156936 0.874825776
vn 0.801912069 -0.460287303 0.380884022
vn 0.967446446 -0.234728158 0.0946044102
vn -0.129325554 -0.79760462 0.589153469
vn -0.776105881 0.0613189414 0.62761426
vn -0.856394291 0.276450425 0.436077982
vn -0.837211967 0.0305195432 0.54602623
vn -0.809347689 -0.224487826 0.542735219
vn -0.0714912862 -0.915029526 0.397001266
vn -0.286340863 -0.167362124 0.943397462
vn 0.0324914344 -0.923615336 0.38194117
vn 0.751799643 -0.655578792 0.0708082542
vn -0.00827215891 -0.9383111 0.34569338
vn 0.290420353 0.517181277 0.80509603
vn 0.290414214 0.517128587 0.805132031
vn 0.290545464 0.517082334 0.805114448
vn 0.290413827 0.517124176 0.805135012
vn -0.286340863 -0.167362124 0.943397462
vn 0.715755045 0.667044342 0.206752554
vn -0.35762623 0.509554863 0.782596469
vn 0.207236245 0.898636758 0.386658996
vn -0.292245626 0.826243997 0.481573939
vn -0.775325716 0.390057147 -0.496714622
vn 0.131286576 0.246510908 -0.96020627
vn 0.113220602 0.195493445 -0.974147618
vn -0.641295433 0.373511612 -0.670245647
vn -0.948983371 0.305502832 -0.0780932382
vn -0.92419374 0.373849005 -0.0781214908
vn -0.836082935 0.0971256793 0.5399369
vn -0.667580783 0.6675421 -0.329732269
vn -0.856394291 0.276450425 0.436077982
vn -0.901048362 0.405586779 0.153659463
vn -0.548604131 0.822785378 -0.148518309
vn -0.776105881 0.0613189414 0.62761426
vn -0.856138468 0.460433513 0.234580249
vn -0.546190977 0.831306458 0.102980122
vn -0.837211967 0.0305195432 0.54602623
vn -0.840960145 0.413327366 0.349208325
vn -0.809347689 -0.224487826 0.542735219
vn -0.35762623 0.509554863 0.782596469
vn -0.286340863 -0.167362124 0.943397462
vn -0.292245626 0.826243997 0.481573939
vn -0.856138468 0.460433513 0.234580249
vn -0.546190977 0.831306458 0.102980122
vn -0.840960145 0.413327366 0.349208325
vn -0.292245626 0.826243997 0.481573939
vn -0 0.342650473 0.9394629
vn 0.467433006 0.303054541 0.83046025
vn -0 0.343007833 0.939332545
vn 0.675917089 0.334799141 0.656540632
vn 0.313281029 0.371255875 0.874084771
vn 0.462174088 0.403055161 0.789899707
vn 0.826909661 0.357855737 0.433773726
vn 0.906061172 0.375279218 0.195495993
vn 0.815845013 0.435121685 0.380875468
vn 0.466568887 -0.0324820913 0.883888185
vn 0.466578752 -0.0324835852 0.883882999
vn 0.466568619 -0.0324830413 0.883888364
vn 0.658351123 0.0567424446 0.750569165
vn 0.313291341 0.0140486052 0.949553132
vn 0.462174088 0.0752624795 0.883589625
vn 0.868958294 -0.101506017 0.484363496
vn 0.805035472 -0.592950523 -0.0180957224
vn 0.747961581 0.0800459534 0.658897698
vn 0.747971714 0.0800360814 0.658887386
vn 0.450272948 -0.869107485 -0.204711005
vn 0.450272948 -0.869107485 -0.204711005
vn -0.257927299 0.683153272 -0.68320936
vn 0.405011684 0.912660122 0.0549276061
vn 0.489015043 0.857273638 0.161077932
vn 0.104874603 0.931586742 -0.348062575
vn -0.424880087 0.462271959 -0.778319657
vn -0.563378334 0.208346829 -0.799497664
vn -0.571899772 -0.695298493 -0.435305327
vn -0.802870572 0.404306561 -0.438103855
vn -0.885243118 -0.197983593 -0.420888424
vn -0.886190295 0.29390344 0.358172446
vn -0.886205792 0.29287827 0.358973026
vn -0.826988399 -0.0209035631 0.561830223
vn -0.826988399 -0.0209035631 0.561830223
vn -0 -0.468622476 0.883398592
vn 0.468622804 -0.413658142 0.780563712
vn -0 -0.46781081 0.88382858
vn 0.622363925 -0.302097201 0.722080588
vn 0.313267976 -0.400442451 0.861109197
vn 0.462169766 -0.316628367 0.828338981
vn 0.765989602 -0.198468134 0.61144948
vn 0.835697353 -0.127634168 0.534152925
vn 0.747944772 -0.214573324 0.628121853
vn 0.747947037 -0.214576095 0.628118098
vn -0 -0.552970588 0.833200812
vn 0.468869567 -0.488081425 0.736164272
vn -0 -0.552114248 0.833768487
vn 0.622438371 -0.371380806 0.688946247
vn 0.31327495 -0.482844353 0.817753017
vn 0.462176144 -0.396226108 0.793346107
vn 0.76598084 -0.257398099 0.589083612
vn 0.835692167 -0.179324061 0.519096851
vn 0.747949779 -0.275062591 0.604079366
vn 0.747957408 -0.275065184 0.604068518
vn 0.035054259 -0.725360394 -0.687476158
vn 0.035054259 -0.725360394 -0.687476158
vn 0.035054259 -0.725360394 -0.687476158
vn 0.035054259 -0.725360394 -0.687476158
vn 0.912227392 0.394368976 0.110969231
vn 0.612746775 0.750136912 0.248668462
vn 0.806418478 0.517396927 0.28633821
vn 0.956147373 0.224072471 0.188609838
vn 0.888118148 0.45636636 -0.05455143
vn 0.612746775 0.750136912 0.248668462
vn 0.528305888 0.642870486 -0.554626405
vn 0.430351228 0.616205037 -0.659612775
vn 0.514025629 0.667959392 -0.538152397
vn 0.529126167 0.640102923 -0.557040274
vn -0.391869187 -0.0239982102 -0.919707894
vn -0.376394361 0.0998955071 -0.921058238
vn 0.861259222 0.482072681 0.160743445
vn 0.983043015 0.162269488 0.0854106322
vn 0.982850432 0.162502125 0.0871671885
vn 0.415002495 0.440706104 -0.795959234
vn 0.566378713 0.382897556 -0.729797661
vn 0.112689681 0.483191609 -0.868232071
vn 0.993660748 0.034003105 0.107155144
vn 0.98198235 0.141086191 -0.125719056
vn 0.563290417 -0.824770033 0.0495816283
vn 0.993155301 0.0668422282 0.0957843661
vn 0.987125576 0.159628376 -0.0100884028
vn 0.82267344 0.398142785 -0.405820906
vn 0.997514486 0.0565451086 -0.0420414098
vn 0.517786324 0.549443245 -0.655751109
vn 0.79339391 0.285944074 -0.537365794
vn 0.999273837 -0.00406752806 0.0378849544
vn 0.970433116 0.0382473916 -0.238320962
vn 0.39724496 0.161724597 -0.903350174
vn 0.275666535 0.2129374 -0.937371731
vn 0.971112072 0.213214993 0.107148238
vn 0.307445467 0.352256685 -0.883964121
vn 0.281781435 0.212644041 -0.935618341
vn 0.283913702 0.213314772 -0.934820712
vn 0.829316199 0.424015164 -0.363930881
vn 0.416395575 0.527562737 -0.740467668
vn 0.722136617 0.590801239 -0.359823287
vn 0.251030415 0.746360481 -0.616384506
vn 0.828968406 0.488212138 0.272874147
vn 0.253812909 0.805154741 -0.53600806
vn 0.259577423 0.845385373 -0.466843635
vn 0.977926552 0.208177999 0.0179338176
vn 0.922330439 0.322910935 0.212215036
vn 0.788247347 0.614324808 -0.0356523357
vn 0.77933979 0.255047083 0.572346449
vn 0.956147373 0.224072471 0.188609838
vn 0.226217866 0.809572279 -0.541680992
vn -0 0.90438658 -0.426713973
vn -0 0.835921347 -0.548849285
vn 0.770827055 0.62444216 -0.126085639
vn 0.956147373 0.224072471 0.188609838
vn 0.343985647 0.686902463 -0.640186608
vn -0 0.759423375 -0.650596678
vn -0 0.605414331 -0.795910418
vn 0.207566142 0.700036287 -0.68327564
vn 0.716167629 0.671700239 -0.189533159
vn 0.956147373 0.224072471 0.188609838
vn 0.806418478 0.517396927 0.28633821
vn -0 0.985102415 -0.171968892
vn 0.571413338 0.802185595 0.173162118
vn 0.806418478 0.517396927 0.28633821
vn 0.612746775 0.750136912 0.248668462
vn 0.177129135 -0.517547727 0.837119818
vn -0 -0.307941705 0.951405168
vn -0 -0.525582433 0.850742698
vn 0.144982219 -0.494895548 0.856772244
vn 0.0969194844 -0.465627521 0.879657626
vn 0.0688373819 -0.25924319 0.96335572
vn 0.0610758997 -0.153711632 0.98622638
vn -0 -0.104380094 0.994537532
vn 0.0650200471 -0.101075999 0.992751837
vn 0.0477488153 -0.0329707973 0.998315096
vn -0 0.0652836412 0.997866809
vn 0.13547419 0.122397646 0.98319155
vn -0 0.194586977 0.980885208
vn 0.606916428 0.25032407 0.754314542
vn 0.350564688 0.180996954 0.918882191
vn 0.940397084 0.322566241 0.107723378
vn 0.946655929 0.319477648 -0.0421485826
vn 0.936829746 -0.0284021944 0.348630667
vn 0.828258574 0.505929291 -0.240880117
vn 0.866212964 0.499286741 0.0196930431
vn 0.83080101 0.555901825 -0.0272547305
vn 0.792679608 0.59020251 -0.152709007
vn 0.798740029 0.542908728 -0.259353995
vn 0.752023757 0.658572674 0.0272458419
vn 0.670867145 0.741569042 0.00357473223
vn 0.504749238 0.858043551 0.0948122814
vn 0.577428758 0.802063286 -0.152546942
vn 0.614618242 0.738700151 -0.276706576
vn 0.0865466371 -0.0508295447 0.994950294
vn 0.504790604 0.0584905595 0.86125797
vn 0.0214258227 0.172852904 0.984714568
vn 0.492466718 0.439638972 0.751128554
vn 0.854220688 0.519655883 -0.0162691325
vn 0.593988478 0.51309675 -0.61960417
vn 0.929483891 0.228860021 0.289279819
vn 0.841779053 0.406493902 -0.355205059
vn 0.9731372 0.0247613601 0.228890881
vn 0.676788986 0.33359313 -0.656256258
vn 0.00224416563 0.366477519 -0.930424213
vn 0.981116772 -0.0479009338 0.187390909
vn 0.89501673 0.244163871 -0.373268098
vn 0.928833067 0.153529346 -0.337191164
vn 0.997584343 0.0407240503 -0.0562773235
vn 0.409209162 -0.232378364 0.882353783
vn 0.96649909 -0.193118691 0.169069871
vn 0.917516887 0.0276416074 -0.396735162
vn 0.0380186327 -0.2276977 0.97298944
vn 0.23966828 -0.727568269 0.642809212
vn -0 -0.778063774 0.628185391
vn -0 -0.783317924 0.62162137
vn 0.458775192 -0.502533972 0.732792497
vn -0.0728921592 0.159828797 0.984449923
vn 0.795007646 0.271657795 0.542369723
vn 0.533167422 0.1803094 0.826571882
vn 0.154239416 -0.736534059 0.658580184
vn 0.434112728 -0.289221942 0.853168666
vn 0.943864822 -0.292914838 -0.152709454
vn 0.479992747 -0.767315328 -0.425245911
vn 0.255911738 -0.81561625 0.518921256
vn 0.85930115 -0.352162719 0.370921671
vn -0.149165288 -0.0560165904 0.98722434
vn 0.377180636 0.122616656 -0.917986989
vn -0.0314754434 -0.229033545 -0.97290957
vn -0.172068849 -0.293578058 -0.940321386
vn -0.0585976988 -0.0220405143 -0.998038352
vn 0.963169336 -0.162845001 -0.213977098
vn -0.0827517882 0.321317405 -0.943348944
vn 0.791994989 -0.0455296598 -0.608827531
vn 0.989199638 0.0316083953 -0.143125504
vn 0.173640013 -0.458095998 0.87177819
vn 0.0336953253 -0.422757506 0.905616224
vn 0.685144305 -0.0231404807 -0.728039682
vn 0.974152327 -0.0370812826 -0.222827882
vn 0.870298028 -0.377949595 -0.31580916
vn 0.506419241 -0.2980887 -0.809124649
vn 0.586031675 -0.557038486 -0.588451445
vn 0.391499758 -0.253933758 -0.884446502
vn 0.510975063 -0.288042039 -0.809898973
vn 0.118907765 -0.341915011 -0.932177544
vn 0.126082048 -0.687344313 -0.715304971
vn 0.184220284 -0.34867546 -0.918960452
vn 9.15882993E-05 -0.712110937 -0.702066839
vn -0.0184520967 -0.67492187 -0.737658501
vn 0.401065111 -0.752745867 -0.522034883
vn 0.776941538 -0.0216006171 -0.629202127
vn 0.534140348 -0.228985161 -0.813793421
vn 0.75859642 0.0944861546 -0.644673467
vn 0.83144021 -0.034475375 -0.554543555
vn 0.957850754 -0.0584685057 -0.281253219
vn 0.992182016 -0.124702953 0.00489600748
vn 0.992182016 -0.124702953 0.00489600748
vn 0.145077035 -0.96356678 -0.224703476
vn 0.662981689 -0.426682532 -0.615140021
vn 0.484967053 -0.847631335 -0.215239435
vn 0.135132805 -0.989094317 -0.0585796945
vn 0.20034869 -0.822552681 -0.532228827
vn -0.00012480322 -0.841611683 -0.540082991
vn 0.247188807 -0.906720996 -0.341693848
vn 0.282646716 -0.95848918 -0.0375424698
vn 0.280287564 -0.81830883 0.501806378
vn -0 -0.91417253 0.405325413
vn -0 -0.957737386 0.287644058
vn 0.477838904 -0.474300563 -0.739397705
vn 0.381169498 -0.430629194 -0.818088174
vn 3.62372884E-05 -0.42510131 -0.905145824
vn -0.000640470767 -0.425368726 -0.905019939
vn 0.882019401 -0.35727638 -0.30723843
vn 0.64687109 -0.521991968 -0.555951715
vn 0.908566892 -0.290474951 -0.300217479
vn 0.976309478 -0.0700470433 -0.204727516
vn 0.319371581 -0.861769915 -0.394150168
vn 0.967514575 -0.130101606 -0.216769695
vn 0.911155641 -0.394367337 -0.119456768
vn 0.339993864 -0.871784866 -0.352697223
vn 0.571197033 -0.820494354 0.0228678267
vn 0.628661275 -0.459606737 0.627333045
vn 0.103176817 -0.796486437 -0.59578836
vn 0.0559855215 -0.814867437 -0.576937258
vn 0.028565051 -0.82092452 -0.570321798
vn 0.891531229 -0.334356904 -0.305577308
vn 0.877422571 -0.290224195 -0.38196817
vn 0.609516442 -0.287578613 -0.738774896
vn 0.746025026 -0.102861643 -0.657925725
vn 0.911252797 -0.246413365 -0.329997897
vn 0.895377278 -0.126968518 -0.426823676
vn 0.709542036 0.0950900763 -0.698217809
vn 0.84108144 0.109965868 -0.529612541
vn 0.685818136 0.144668788 -0.713249266
vn 0.528703511 0.151032984 -0.835261405
vn 0.616153359 0.184543505 -0.765701413
vn 0.591228366 0.130651787 -0.795851231
vn 0.504066706 0.266658694 -0.821468174
vn 0.536800563 0.207079709 -0.817901671
vn 0.610650361 0.369363815 -0.700483084
vn 0.512681663 0.0803254396 -0.854813039
vn 0.465425909 -0.198314399 -0.862583399
vn 0.502236664 -0.0200788211 -0.864497125
vn -0 -0.557605922 -0.830105841
vn -0 -0.613784254 -0.789473832
vn -0 -0.356989384 -0.934108496
vn -0 -0.181053638 -0.983473122
vn -0 -0.0482833646 -0.998833716
vn -0 0.244168237 -0.969732821
vn 0.320453733 -0.731370151 -0.602002501
vn 4.20018478E-06 -0.866525114 -0.499133468
vn 0.198864624 -0.936226666 -0.289710939
vn 0.905180693 0.149729341 -0.39778018
vn 0.976602137 -0.0464910157 0.209968701
vn 0.977123022 -0.0795177221 0.197250143
vn -0 0.54108125 -0.840970278
vn 0.976388216 -0.113223888 0.183974177
vn 0.40479508 0.436516583 -0.803488791
vn 0.334995598 0.664313436 -0.668180704
vn -0 0.811148465 -0.584840357
vn 0.612250388 0.303882241 -0.729934931
vn 0.629212201 0.310726315 -0.712419271
vn 0.384389013 0.570187211 -0.726038277
vn 0.653099418 0.38385585 -0.652775526
vn 0.433955252 0.599563181 -0.672463298
vn 0.667954981 0.436149806 -0.603000402
vn 0.666778266 0.432705253 -0.606772602
vn 0.666225612 0.432829827 -0.607290506
vn 0.665986776 0.430802941 -0.608991385
vn 0.672188401 0.411246121 -0.61566174
vn 0.674196482 0.400236756 -0.620700955
vn 0.684200883 0.363072038 -0.632493317
vn 0.454567671 0.637700796 -0.621856868
vn 0.687449694 0.359212905 -0.631172597
vn 0.522256672 0.527451694 -0.670106411
vn 0.436193645 0.594539464 -0.675468683
vn 0.28083986 0.794600368 -0.538274288
vn 0.259297609 0.806066692 -0.531997442
vn -0 0.921606183 -0.388126194
vn 0.22800456 0.837057889 -0.497341007
vn 0.184353516 0.886625528 -0.424156636
vn 0.0847380087 0.953784406 -0.288296282
vn -0 0.913744569 -0.40628922
vn -0 0.716231108 -0.697863281
vn -0.175823778 0.51920253 -0.836369991
vn -0.175562918 0.518076956 -0.837122321
vn -0.174315125 0.518038213 -0.837407053
vn -0.177662581 0.52243036 -0.833967984
vn -0.134985358 0.491336882 -0.860445857
vn -0.141083524 0.495419204 -0.857120275
vn -0.0983985737 0.464513838 -0.88008219
vn -0.0976786762 0.463331401 -0.880785406
vn -0.0693679601 0.273213267 -0.959449053
vn -0.0790190622 0.360910356 -0.929246902
vn -0.0555727296 0.155056804 -0.986341178
vn -0.0593091473 0.160486832 -0.985254407
vn -0.0633569807 0.130811214 -0.989380717
vn 0.197040707 0.134604469 -0.97111094
vn -0.0298491567 0.0393717736 -0.998778641
vn 0.512558997 0.187925115 -0.837834954
vn 0.552096546 0.200778723 -0.809244931
vn 0.552096546 0.200778723 -0.809244931
vn -0 -0.815679848 -0.578503609
vn -0 -0.837441444 -0.546527088
vn -0.0935510322 -0.800246179 -0.592329502
vn -0.128510237 -0.78264612 -0.609056771
vn -0.278945297 -0.807353437 -0.519971132
vn -0.999998569 -0.00132802268 -0.00103501999
vn -0.999998331 -0.00144459738 -0.00112324313
vn -1 5.63904214E-05 1.26963387E-05
vn -1 0.000163739474 9.39375241E-05
vn 0.0107645076 0.16200538 0.986731172
vn 0.12329264 -0.300674886 0.945723832
vn -0.122529075 0.15931192 0.979595006
vn -0.123907678 0.700431883 0.702881217
vn -0.210065871 0.693550467 0.689100921
vn -0.70007199 0.509977102 0.499822468
vn -0.953390896 0.214931116 0.211778939
vn -0.598040879 -0.0798455551 0.797478378
vn -0.994781792 0.0931163803 0.0416934527
vn -0.996252 -0.0864909589 -0.00113474519
vn -0.682379782 -0.602843583 0.413445801
vn -0.628027856 -0.324270397 -0.707410574
vn -0.628027856 -0.324270397 -0.707410574
vn 0.293724984 -0.264604092 0.918537021
vn 0.255785197 -0.292936951 0.921282828
vn 0.119762704 -0.513852179 0.849478006
vn 0.106955528 -0.536104918 0.837348104
vn 0.0620342083 -0.694599569 0.716717005
vn 0.0626475811 -0.694493532 0.716766298
vn 0.127414659 -0.681750238 0.720404088
vn 0.127414659 -0.681750238 0.720404088
vn 0.526003599 -0.719106257 -0.454099655
vn -0.0704732835 0.086381346 -0.993766546
vn 0.00418291008 -0.080093883 -0.996778548
vn 0.383388698 0.176318705 -0.906600654
vn 0.425673306 0.367043525 -0.827092111
vn -0.0533546582 0.373069465 -0.926268101
vn 0.926964819 0.0657480061 -0.369341761
vn 0.942386925 -0.309924215 -0.125911921
vn 0.926148117 0.174503759 -0.33436209
vn 0.949250698 -0.256985307 0.181333259
vn 0.286923558 -0.836387098 0.467045516
vn 0.200777382 -0.873853922 0.442795366
vn 0.981185734 -0.048862949 0.186780483
vn 0.733925819 -0.13316375 0.666048229
vn 0.913176954 0.25283584 -0.319658846
vn 0.970360577 0.0049376972 0.241611049
vn 0.765188754 0.500212014 -0.405307561
vn 0.794271111 0.228595883 0.562918484
vn 0.596369028 -0.0854218304 0.798152328
vn 0.807815015 0.555086792 0.198276505
vn 0.262763798 0.623112917 -0.736671865
vn 0.546584189 0.666097581 -0.50750339
vn 0.520922959 0.668937147 -0.530247569
vn 0.303873241 0.664051414 -0.683152199
vn 0.279638946 0.647419214 -0.708978415
vn 0.203677431 0.590981185 -0.78054893
vn 0.29288432 0.676780939 -0.675415635
vn 0.213526294 0.745362401 -0.631539047
vn 0.178558677 0.771961331 -0.610075831
vn 0.306391925 0.663687229 -0.682380497
vn 0.319542348 0.625350416 -0.711919546
vn 0.341501564 0.637309372 -0.69080627
vn 0.111434877 0.564582705 -0.817819357
vn 0.369186342 0.342308909 -0.864017427
vn -0.172992662 0.512964308 -0.840797901
vn -0.368997663 0.780655026 -0.504399061
vn -0.396029383 0.775457263 -0.491758883
vn -0.408359647 0.749337971 -0.521282136
vn -0.388445109 0.775166452 -0.498224288
vn -0.38831079 0.770973265 -0.504791856
vn -0.402809203 0.775116265 -0.486764312
vn -0.40326798 0.774442494 -0.487456381
vn -0.342038453 0.817801356 -0.462828964
vn -0.335750937 0.82681936 -0.45126617
vn -0.000113004746 0.47686702 0.878975391
vn 0.000544562296 0.504291594 0.863533258
vn -0.558999777 0.332643867 0.759517848
vn -0.548471153 0.320667982 0.772237957
vn 0.999982119 0.00583649613 -0.00134611165
vn 0.99200809 0.120923683 -0.0360206105
vn 0.994644403 0.0990761369 -0.0294377264
vn 0.975642562 0.210152343 -0.0629084259
vn 0.975642562 0.210152343 -0.0629084259
vn 0.0611666478 -0.853923678 0.516791046
vn 0.0622845888 -0.996473014 -0.0562322699
vn 0.0242824126 -0.84507215 0.534100652
vn 0.0830543488 -0.306678206 0.948182642
vn -0.0567179881 -0.30007273 0.952228665
vn -0.00787240174 -0.301630676 0.953392267
vn 0.0759667605 -0.270704448 0.95966047
vn 0.0905499011 -0.274036616 0.957446933
vn 0.170181632 -0.264137655 0.949352086
vn 0.178888768 -0.257816017 0.949489176
vn -0 -0.315335661 0.948980153
vn -0 -0.32149598 0.946911037
vn -0 0.93055594 0.366149843
vn -0 0.985102415 -0.171968892
vn 0.571413338 0.802185595 0.173162118
vn 0.612746775 0.750136912 0.248668462
vn -0.0779841766 0.332139075 -0.94000107
vn 0.131102473 0.330437958 -0.934677899
vn -0.192632124 0.389144272 -0.90081054
vn 0.263308644 0.282745093 -0.92234695
vn 0.422468156 0.26580289 -0.866527259
vn 0.422468156 0.26580289 -0.866527259
vn -0.89073205 -0.451875806 -0.0490372963
vn -0.847580612 -0.528423786 -0.048737023
vn -0.889748931 -0.45388639 -0.0483123697
vn -0.863593876 -0.502131045 -0.0454979539
vn -0.814313948 -0.577467442 -0.0585166663
vn -0.733573318 -0.679606855 0.00217526546
vn -0.812654793 -0.579293847 -0.0633313581
vn -0.766045213 -0.641290188 -0.0438365899
vn -0.664007545 -0.74748528 0.018967079
vn -0.670174539 -0.738252997 0.0764763206
vn -0 -0.991808355 0.127734944
vn -0 -0.974898398 0.222650334
vn 0.98888284 0.125068024 -0.0804293677
vn 0.986174107 0.148271978 -0.0739997998
vn 0.988590181 0.125188887 -0.0837684423
vn 0.981692433 0.173208594 -0.07923913
vn 0.977405965 0.193440989 -0.0851956084
vn 0.976085544 0.19082959 -0.10412094
vn 0.975794971 0.191166848 -0.106204309
vn 0.9889341 0.134561911 0.0624700338
vn 0.989077449 0.133604378 0.062253803
vn 0.816871464 0.500564337 0.286629587
vn -0.00914111082 0.824879646 0.565234482
vn -0.0381085388 0.834792674 0.549243808
vn -0.938330293 -0.160589054 0.306181878
vn -0.942130566 0.0178048797 0.334773183
vn -0.936335564 -0.177590489 0.302881598
vn -0.900633037 -0.344599187 0.264785588
vn 0.94467926 0.32179293 -0.063485615
vn 0.946570396 0.320185304 -0.0385462828
vn 0.947342396 0.319236398 -0.0251079611
vn 0.943869054 0.322312713 -0.072289139
vn 0.335558861 -0.85199064 -0.401885748
vn 0.267520785 -0.885444283 -0.380027682
vn 0.316442132 -0.849228501 -0.422699958
vn 0.268648982 -0.898185909 -0.347979516
vn 0.193485931 -0.929998934 -0.312514246
vn 0.200600117 -0.934872925 -0.292868853
vn 0.799187601 0.573982477 0.178446591
vn 0.999999523 0.000926648208 0.000288427836
vn 0.999999046 0.00133962254 0.000416818133
vn 0.999999881 0.000445288955 0.000138777294
vn 0.999999881 0.000445288955 0.000138777294
vn -0.434479415 0.740119517 -0.513274491
vn -0.703898013 0.361419052 -0.61147666
vn -0.280279607 0.812294602 -0.511488676
vn -0.462910086 0.305921376 -0.831941307
vn -0.416081786 0.301917493 -0.85774219
vn -0.416081786 0.301917493 -0.85774219
vn -0.24494651 0.814127207 -0.526496053
vn -0.641511023 0.629879475 -0.437853217
vn -0.754613936 0.554424822 -0.350956887
vn -0.0475258566 0.792693436 -0.607765138
vn -0.259400666 0.871244907 -0.416705638
vn 0.971054077 0.145587653 0.189362705
vn 0.925883174 0.333772749 0.17701979
vn 0.952249944 0.243749067 0.18386513
vn 0.980243444 0.0431215391 0.193037167
vn -0.264778703 0.910999954 0.316182405
vn -0.0359274559 0.887447178 0.459506959
vn -0.141806006 0.906511784 0.397652388
vn -0.333802342 0.904474735 0.26552099
vn 0.504224598 0.538496137 -0.675114393
vn 0.504196107 0.53853029 -0.675108373
vn 0.466587245 0.827577174 -0.312109619
vn 0.466633409 0.827541351 -0.312135577
vn 0.386594534 0.921600103 -0.0346105471
vn 0.386104703 0.921793222 -0.03493426
vn 0.419482231 0.897350073 -0.137104362
vn 0.420558304 0.896938145 -0.136501461
vn 0.418419987 0.89766562 -0.138279557
vn 0.418530047 0.897630572 -0.138174012
vn 0.887525618 0.332990319 -0.318458557
vn 0.887489378 0.333114654 -0.318429142
vn 0.842654347 0.52872318 0.101909436
vn 0.842713118 0.528633475 0.101888649
vn 0.714221478 0.594817936 0.368889093
vn 0.71246779 0.597102702 0.368589163
vn 0.767534673 0.578662395 0.275754422
vn 0.766823053 0.580825508 0.273174375
vn 0.766608655 0.581430018 0.272489011
vn 0.771922588 0.573123515 0.275072455
vn 0.774082899 0.569986343 0.275519937
vn 0.561722577 -0.752356291 0.344133437
vn 0.48929742 -0.810416818 0.322199732
vn 0.587042689 -0.725652695 0.358899981
vn 0.488828242 -0.812871933 0.316680133
vn 0.478310764 -0.810301185 0.338571846
vn -0.56694448 -0.674918234 -0.472291589
vn -0.466776401 -0.603401899 -0.646549165
vn -0.462432116 -0.608999908 -0.644418895
vn -0.561176896 -0.632891119 -0.533412874
vn -0.633008778 -0.683420479 -0.363642931
vn -0.584248364 -0.760942698 -0.282170236
vn -0.670775354 -0.606947184 -0.426234096
vn -0.669674635 -0.608694255 -0.425472915
vn 0.816052437 0.0698927045 -0.57373631
vn 0.740109384 0.119779862 -0.66173321
vn 0.763983071 0.105112962 -0.636617005
vn 0.640006304 0.173858598 -0.748441756
vn 0.627809703 0.320589006 -0.709279656
vn 0.661797464 0.431428671 -0.613101482
vn 0.639374435 0.405412406 -0.653330863
vn 0.663892508 0.435779929 -0.607735693
vn 0.668511152 0.431533754 -0.605699062
vn 0.66861546 0.43123132 -0.605799317
vn 0.678849876 0.38820228 -0.623266935
vn 0.604487777 0.45542863 -0.653589606
vn 0.516567409 0.527728379 -0.674285471
vn 0.434967309 0.599202335 -0.672130942
vn 0.434535384 0.599922359 -0.67176795
vn 0.686715603 0.365938008 -0.62810111
vn 0.686291993 0.365969062 -0.628545821
vn -0.945233405 -0.277638257 0.171612591
vn -0.982638597 -0.18230994 0.0344159529
vn -0.940851867 -0.281477869 0.188594475
vn -0.972439468 -0.223629028 0.0659662709
vn -0.981109977 -0.192774177 0.0161681343
vn -0.9835549 -0.180609748 0.000138440038
vn -0.714798152 -0.333134353 -0.614886165
vn -0.647554696 -0.131817013 -0.750531256
vn -0.993045628 -0.0601658523 -0.101195499
vn -0.00612511905 -0.0652163699 -0.997852325
vn -0.189151987 -0.354759604 -0.915623844
vn 0.175080597 0.228189185 -0.957745552
vn 0.175080597 0.228189185 -0.957745552
vn -0.845110655 0.0130617041 -0.534431815
vn -0.659109533 -0.533058167 -0.530493677
vn -0.793701112 0.403651059 -0.455087215
vn -0.822352707 0.33020094 -0.463360786
vn -0.828452528 0.329966128 -0.452535897
vn -0.83211267 0.32842499 -0.446906596
vn -0.83250463 0.32652083 -0.447571397
vn 0.891551673 -0.366883934 0.265578359
vn 0.923396528 -0.290044338 0.251422346
vn 0.896245897 -0.375719249 0.23575072
vn 0.900174677 -0.372513711 0.225652441
vn 0.88697952 -0.362587392 0.286002994
vn 0.88702786 -0.363184422 0.285094023
vn 0.88703835 -0.364038616 0.28396976
vn -0.234517366 -0.918084323 -0.319566429
vn -0.659109533 -0.533058167 -0.530493677
vn -0.241634175 -0.915754318 -0.320946842
vn -0.239341974 -0.916611969 -0.320215344
vn -0.514909685 -0.731228113 -0.447407484
vn -0.845110655 0.0130617041 -0.534431815
vn -0.400745124 0.774000704 -0.490230948
vn -0.399162591 0.7686342 -0.499870658
vn -0.400330484 0.774673522 -0.489506334
vn -0.398512334 0.765340507 -0.505412519
vn -0.397374332 0.761577308 -0.511950791
vn 0.891772985 -0.4289442 -0.144040585
vn 0.667263985 -0.0608436204 -0.742332101
vn 0.891745567 -0.429071307 -0.143831596
vn 0.764402747 -0.13134791 -0.631217957
vn 0.330985934 0.191591516 -0.923981071
vn 0.283038914 0.199097872 -0.938215911
vn 0.273593843 0.224068791 -0.935382009
vn 0.27409184 0.216738984 -0.936962008
vn 0.153280675 -0.807684064 -0.56934309
vn -0.0610072203 -0.927739739 -0.368208021
vn -0.0218984969 -0.885785162 -0.463578403
vn 0.409757614 -0.697974086 -0.587308049
vn 0.430783361 -0.689810455 -0.581882536
vn 0.430783361 -0.689810455 -0.581882536
vn 0.989323318 0.116660237 -0.0873483419
vn 0.991726279 0.105309092 -0.0734101161
vn 0.913098335 -0.222586051 -0.341623783
vn 0.353429049 -0.678055823 -0.644459724
vn 0.220245466 -0.717534423 -0.660784602
vn 0.220245466 -0.717534423 -0.660784602
vn 0.769089103 0.57783401 0.273148
vn 0.77060467 0.574149191 0.27662462
vn 0.770128787 0.576471269 0.273097873
vn 0.757858336 0.594945967 0.267750144
vn 0.767469823 0.57839191 0.27650103
vn 0.723394513 0.642662704 0.252358973
vn 0.760011375 0.623978734 0.181750581
vn 0.768421531 0.580478251 0.269394696
vn 0.745721698 0.658927441 0.0985584781
vn 0.239351109 0.764793456 0.598165572
vn 0.810076177 0.527618885 0.255724043
vn 0.954463601 0.297437131 0.023028221
vn 0.199125066 0.767056406 0.609896421
vn 0.199125066 0.767056406 0.609896421
vn -0.729666352 -0.359355718 -0.581764877
vn -0.729666352 -0.359355718 -0.581764877
vn -0.729666352 -0.359355718 -0.581764877
vn -0.729666352 -0.359355718 -0.581764877
vn 0.83622694 -0.444060504 0.321768165
vn 0.991179764 0.0740558133 0.109902024
vn 0.71546495 -0.666725755 -0.208774418
vn 0.120339073 -0.964661896 0.234405622
vn 0.106067114 -0.862454712 0.494895518
vn 0.802381516 -0.395216942 0.447199613
vn 0.0573007055 -0.648405671 0.759135485
vn 0.798441887 -0.234616578 0.554477811
vn 0.113277562 -0.195550188 0.974129498
vn 0.826888204 0.0522206537 0.559936464
vn -0.641565442 -0.37360698 0.669933975
vn -0.667832255 -0.66744107 0.32942754
vn -0.548984587 -0.822603047 0.148121744
vn -0.546770751 -0.830891728 -0.103250019
vn 0.20776929 -0.897427261 -0.389173746
vn 0.131283298 -0.24647966 0.960214853
vn 0.932852685 0.0714476109 0.353102058
vn 0.178450495 -0.634297609 0.752211392
vn -0.691744149 -0.559209585 0.456918895
vn -0.775407612 -0.390045106 0.496596158
vn -0.954940736 -0.287198514 0.0748685226
vn -0.948929846 -0.305557132 0.0785304606
vn -0.884888172 0.137013495 -0.445196778
vn -0.836291432 -0.0972208455 -0.539596796
vn -0.957472265 -0.277646542 0.0784815997
vn -0.933351755 0.131190181 -0.33413133
vn -0.632708728 -0.624838173 0.457446128
vn -0.208241031 0.664893448 -0.717323184
vn 0.168194026 -0.717275441 0.676185369
vn -0.192017823 0.568199217 -0.800174236
vn 0.684347272 0.550816894 -0.477775484
vn 0.927471936 -0.169048667 0.333494246
vn 0.888007462 -0.283208787 0.362264365
vn -0.142278507 0.203675732 -0.968644857
vn -0.856346905 -0.276657671 -0.436039776
vn 0.646929383 0.510475397 -0.566477835
vn 0.967095077 0.227209926 -0.114467189
vn 0.968900204 0.217737228 -0.117571227
vn 0.973591805 0.197739482 -0.114096843
vn 0.967369199 0.234862223 -0.0950610414
vn 0.673710823 0.261899829 -0.691029787
vn -0.130208299 0.119322032 -0.984280467
vn 0.734991908 0.29692626 -0.609607816
vn -0.0163332261 0.484295934 -0.874751806
vn 0.802087009 0.460189968 -0.380633116
vn 0.967369199 0.234862223 -0.0950610414
vn -0.128806427 0.797959268 -0.58878684
vn -0.776251554 -0.0616379865 -0.627402842
vn -0.856346905 -0.276657671 -0.436039776
vn -0.837155938 -0.0316565707 -0.546047449
vn -0.809948683 0.222982898 -0.542458892
vn -0.0714274868 0.915221751 -0.396569103
vn -0.284289151 0.164186478 -0.94457531
vn 0.0328667574 0.924063504 -0.380823195
vn 0.752564311 0.65477097 -0.0701561198
vn -0.0107073504 0.938280761 -0.345708936
vn 0.288061798 -0.527744532 -0.799065828
vn 0.284175336 -0.521579802 -0.804486752
vn 0.287306637 -0.524203122 -0.801664531
vn 0.289798498 -0.519978523 -0.803516686
vn -0.284289151 0.164186478 -0.94457531
vn 0.71546495 -0.666725755 -0.208774418
vn -0.354810268 -0.512356162 -0.782049179
vn 0.20776929 -0.897427261 -0.389173746
vn -0.291391909 -0.825920939 -0.482644171
vn -0.775407612 -0.390045106 0.496596158
vn 0.131283298 -0.24647966 0.960214853
vn 0.113277562 -0.195550188 0.974129498
vn -0.641565442 -0.37360698 0.669933975
vn -0.948929846 -0.305557132 0.0785304606
vn -0.924246967 -0.373799771 0.0777256712
vn -0.836291432 -0.0972208455 -0.539596796
vn -0.667832255 -0.66744107 0.32942754
vn -0.856346905 -0.276657671 -0.436039776
vn -0.901109993 -0.40541625 -0.153747737
vn -0.548984587 -0.822603047 0.148121744
vn -0.776251554 -0.0616379865 -0.627402842
vn -0.856265843 -0.460142046 -0.234686911
vn -0.546770751 -0.830891728 -0.103250019
vn -0.837155938 -0.0316565707 -0.546047449
vn -0.840891242 -0.414000541 -0.348576397
vn -0.809948683 0.222982898 -0.542458892
vn -0.354810268 -0.512356162 -0.782049179
vn -0.284289151 0.164186478 -0.94457531
vn -0.291391909 -0.825920939 -0.482644171
vn -0.856265843 -0.460142046 -0.234686911
vn -0.546770751 -0.830891728 -0.103250019
vn -0.840891242 -0.414000541 -0.348576397
vn -0.291391909 -0.825920939 -0.482644171
vn -0 -0.341792136 -0.939775586
vn 0.467436284 -0.302238643 -0.83075577
vn -0 -0.34251523 -0.939512372
vn 0.675799429 -0.333852738 -0.657143354
vn 0.312600374 -0.37027061 -0.874746025
vn 0.46244067 -0.402465463 -0.790044427
vn 0.827682018 -0.357111812 -0.432913005
vn 0.906157196 -0.375000596 -0.195585415
vn 0.815858066 -0.435066789 -0.38090995
vn 0.102624305 -0.931036174 0.350199848
vn 0.571899772 -0.695298493 -0.435305327
vn 0.116921142 -0.916162789 0.383373469
vn 0.404000729 -0.913217008 -0.0530845374
vn 0.885243118 -0.197983563 -0.420888424
vn 0.564251125 -0.818563223 -0.107587278
vn -0 -0.946038544 0.324054182
vn -0 -0.897921503 -0.440155715
vn 0.074516654 -0.777509212 0.624441147
vn 0.0724280849 -0.78085047 0.620505154
vn 0.466211021 0.0331901088 -0.884050727
vn 0.46632719 0.0333210826 -0.883984506
vn 0.466631591 0.0328801498 -0.883840322
vn 0.65795511 -0.0556308925 -0.75099951
vn 0.312560707 -0.0127840647 -0.949811757
vn 0.462451965 -0.0746039152 -0.883500159
vn 0.816731989 -0.107954048 -0.566828609
vn 0.939943016 -0.174797818 -0.293177128
vn 0.748120606 -0.0803435817 -0.658680916
vn 0.748098075 -0.080372639 -0.65870291
vn 0.030352544 -0.963442147 -0.266191691
vn 0.463339061 -0.39280349 -0.794369042
vn 0.00518193142 -0.945864677 -0.324519783
vn -0 -0.874347568 -0.485300213
vn -0 -0.264753401 -0.96431613
vn -0 0.469215423 -0.883083761
vn 0.468665987 0.414190471 -0.780255377
vn -0 0.468173206 -0.883636713
vn 0.622452557 0.30279687 -0.72171098
vn 0.312794834 0.401187092 -0.860934556
vn 0.46235168 0.316914171 -0.828128278
vn 0.766962051 0.198235765 -0.610304713
vn 0.835952878 0.12824662 -0.533606291
vn 0.748069584 0.214273587 -0.628075421
vn 0.748054862 0.214273512 -0.628092885
vn 0.0304186996 -0.932738066 -0.359269232
vn 0.463497669 -0.31299147 -0.828979135
vn 0.0052358564 -0.909529209 -0.415607035
vn -0 -0.822670817 -0.568518102
vn -0 -0.168838665 -0.985643625
vn -0 0.553511024 -0.832841873
vn 0.468915045 0.488562971 -0.735815823
vn -0 0.552444816 -0.8335495
vn 0.622522414 0.372018784 -0.688525796
vn 0.312817097 0.483543903 -0.817515016
vn 0.462343037 0.396483779 -0.793120205
vn 0.766902685 0.257076174 -0.588023782
vn 0.835940957 0.179859757 -0.51851052
vn 0.748074293 0.27477029 -0.604058027
vn 0.748066008 0.274771541 -0.604067683
vn 0.0343651995 0.726057231 0.686774969
vn 0.0343651995 0.726057231 0.686774969
vn 0.0343651995 0.726057231 0.686774969
vn 0.0343651995 0.726057231 0.686774969
vn -0.912227392 0.394368917 0.110969231
vn -0.806418478 0.517396927 0.28633821
vn -0.612746716 0.750136912 0.248668462
vn -0.956147373 0.224072456 0.188609838
vn -0.888118148 0.45636636 -0.05455143
vn -0.612746716 0.750136912 0.248668462
vn -0.528305888 0.642870426 -0.554626405
vn -0.430351228 0.616205156 -0.659612775
vn -0.514025688 0.667959392 -0.538152397
vn -0.529126227 0.640102863 -0.557040215
vn 0.391869187 -0.0239982102 -0.919707894
vn 0.376394361 0.0998955071 -0.921058238
vn -0.861259222 0.482072681 0.160743445
vn -0.982850432 0.162502125 0.0871671885
vn -0.983043015 0.162269488 0.0854106322
vn -0.415002495 0.440706104 -0.795959234
vn -0.566378713 0.382897556 -0.729797661
vn -0.112689681 0.483191609 -0.868232071
vn -0.993660748 0.034003105 0.107155159
vn -0.98198235 0.141086206 -0.125719056
vn -0.563290417 -0.824770033 0.0495816469
vn -0.993155301 0.0668422282 0.095784381
vn -0.987125576 0.159628376 -0.0100884028
vn -0.82267344 0.398142844 -0.405820936
vn -0.997514486 0.0565451123 -0.0420414135
vn -0.517786324 0.549443245 -0.655751109
vn -0.79339391 0.285944015 -0.537365794
vn -0.999273837 -0.00406752806 0.0378849544
vn -0.970433116 0.0382473916 -0.238320962
vn -0.39724496 0.161724597 -0.903350174
vn -0.275666535 0.2129374 -0.937371731
vn -0.971112072 0.213215008 0.107148238
vn -0.307445437 0.352256656 -0.883964121
vn -0.281781435 0.212644041 -0.935618341
vn -0.283913702 0.213314772 -0.934820712
vn -0.829316199 0.424015254 -0.363930941
vn -0.416395575 0.527562737 -0.740467668
vn -0.722136557 0.590801179 -0.359823316
vn -0.251030415 0.746360481 -0.616384506
vn -0.828968465 0.488212079 0.272874147
vn -0.253812879 0.80515486 -0.53600806
vn -0.259577423 0.845385373 -0.466843635
vn -0.977926552 0.208177999 0.0179338176
vn -0.922330439 0.322910935 0.212215036
vn -0.788247347 0.614324808 -0.0356523246
vn -0.77933979 0.255047083 0.572346449
vn -0.956147373 0.224072456 0.188609838
vn -0.226217866 0.809572279 -0.541680992
vn -0 0.90438658 -0.426713973
vn -0 0.835921347 -0.548849285
vn -0.770827055 0.62444216 -0.126085579
vn -0.956147373 0.224072456 0.188609838
vn -0.343985707 0.686902463 -0.640186608
vn -0 0.759423375 -0.650596678
vn -0 0.605414331 -0.795910418
vn -0.207566157 0.700036287 -0.68327564
vn -0.716167629 0.671700239 -0.189533159
vn -0.956147373 0.224072456 0.188609838
vn -0.806418478 0.517396927 0.28633821
vn -0 0.985102415 -0.171968892
vn -0.571413398 0.802185595 0.173162118
vn -0.806418478 0.517396927 0.28633821
vn -0.612746716 0.750136912 0.248668462
vn -0.177129135 -0.517547727 0.837119818
vn -0 -0.525582433 0.850742698
vn -0 -0.307941705 0.951405168
vn -0.144982219 -0.494895548 0.856772244
vn -0.0969194844 -0.465627521 0.879657626
vn -0.0688373819 -0.25924319 0.96335572
vn -0.0610758923 -0.153711647 0.98622638
vn -0 -0.104380094 0.994537532
vn -0.0650200471 -0.101075999 0.992751837
vn -0.0477488078 -0.0329707973 0.998315096
vn -0 0.0652836412 0.997866809
vn -0.135474175 0.122397624 0.98319155
vn -0 0.194586977 0.980885208
vn -0.606916487 0.250324041 0.754314423
vn -0.350564688 0.180996954 0.918882191
vn -0.940397084 0.322566241 0.107723378
vn -0.946655929 0.319477707 -0.0421485901
vn -0.936829746 -0.0284022 0.348630607
vn -0.828258574 0.505929291 -0.240880117
vn -0.866213024 0.499286711 0.0196930449
vn -0.83080101 0.555901825 -0.0272547267
vn -0.792679608 0.59020251 -0.152709007
vn -0.798740029 0.542908728 -0.259353995
vn -0.752023757 0.658572674 0.0272458419
vn -0.670867026 0.741569042 0.00357473386
vn -0.504749238 0.858043551 0.0948122814
vn -0.577428758 0.802063286 -0.152546942
vn -0.614618242 0.738700151 -0.276706576
vn -0.504790604 0.0584905781 0.86125797
vn -0.0865466371 -0.0508295447 0.994950294
vn -0.0214258227 0.172852904 0.984714568
vn -0.492466718 0.439639002 0.751128554
vn -0.854220688 0.519655824 -0.0162691213
vn -0.593988478 0.51309675 -0.61960417
vn -0.929483891 0.228860065 0.289279848
vn -0.841779053 0.406493902 -0.355205059
vn -0.9731372 0.024761349 0.228890836
vn -0.676789045 0.333593071 -0.656256199
vn -0.00224416563 0.366477519 -0.930424213
vn -0.981116772 -0.0479009226 0.187390909
vn -0.89501667 0.244163856 -0.373268157
vn -0.928833067 0.153529346 -0.337191135
vn -0.997584343 0.0407240577 -0.0562773161
vn -0.409209162 -0.232378364 0.882353783
vn -0.96649909 -0.193118706 0.169069871
vn -0.917516887 0.0276416074 -0.396735162
vn -0.0380186401 -0.227697715 0.972989321
vn -0.23966828 -0.727568269 0.642809212
vn -0 -0.778063774 0.628185391
vn -0 -0.783317924 0.62162137
vn -0.458775222 -0.502533972 0.732792616
vn 0.0728921518 0.159828827 0.984449923
vn -0.795007646 0.271657795 0.542369664
vn -0.533167422 0.1803094 0.826571882
vn -0.154239416 -0.736534059 0.658580184
vn -0.434112817 -0.289221913 0.853168607
vn -0.943864822 -0.292914867 -0.152709454
vn -0.479992807 -0.767315388 -0.425245851
vn -0.255911738 -0.81561625 0.518921256
vn -0.85930115 -0.352162719 0.370921642
vn 0.149165273 -0.0560166091 0.98722434
vn -0.377180576 0.122616634 -0.917986989
vn 0.0314754434 -0.229033574 -0.97290957
vn 0.172068849 -0.293578058 -0.940321386
vn 0.0585976988 -0.0220405143 -0.998038352
vn -0.963169336 -0.162845001 -0.213977024
vn 0.0827517882 0.321317405 -0.943348944
vn -0.791995049 -0.0455296598 -0.608827472
vn -0.989199638 0.031608399 -0.143125504
vn -0.173640013 -0.458095998 0.87177819
vn -0.0335854068 -0.422786653 0.905606627
vn -0.506419301 -0.2980887 -0.809124649
vn -0.586031675 -0.557038486 -0.588451445
vn -0.685144305 -0.0231404789 -0.728039682
vn -0.974152327 -0.0370812826 -0.222827882
vn -0.870298028 -0.377949625 -0.31580916
vn -0.391499788 -0.253933758 -0.884446502
vn -0.118929125 -0.34188661 -0.932185233
vn -0.126115605 -0.687349856 -0.715293765
vn -0.510975063 -0.288042009 -0.809898913
vn -0.184078723 -0.348664165 -0.918993115
vn 9.15882993E-05 -0.712110937 -0.702066839
vn 0.0184174031 -0.674923837 -0.737657487
vn -0.401065111 -0.752745867 -0.522034883
vn -0.776941538 -0.0216006171 -0.629202127
vn -0.534140348 -0.228985161 -0.813793421
vn -0.75859642 0.0944861546 -0.644673467
vn -0.83144021 -0.0344753861 -0.554543614
vn -0.957850754 -0.0584685057 -0.281253219
vn -0.992182016 -0.124702953 0.00489600748
vn -0.992182016 -0.124702953 0.00489600748
vn -0.144983485 -0.963591874 -0.224656418
vn -0.662981689 -0.426682591 -0.615140021
vn -0.484966993 -0.847631335 -0.215239406
vn -0.135017544 -0.989117801 -0.0584488735
vn -0.20040831 -0.822650015 -0.532055974
vn -0.00012480322 -0.841611683 -0.540082991
vn -0.247605667 -0.906574309 -0.341781497
vn -0.28349635 -0.958222449 -0.0379408784
vn -0.281254858 -0.818624735 0.500748694
vn -0 -0.91417253 0.405325413
vn -0 -0.957737386 0.287644058
vn -0.477838904 -0.474300563 -0.739397705
vn -0.381432235 -0.430765629 -0.817893922
vn 3.62372884E-05 -0.42510131 -0.905145824
vn -0.000640470767 -0.425368726 -0.905019939
vn -0.64687109 -0.521991968 -0.555951655
vn -0.882019401 -0.35727638 -0.30723837
vn -0.908566892 -0.290474981 -0.300217509
vn -0.976309478 -0.0700470433 -0.204727516
vn -0.319371581 -0.861769915 -0.394150168
vn -0.967514575 -0.130101606 -0.216769695
vn -0.911155522 -0.394367337 -0.119456753
vn -0.34019506 -0.871673584 -0.352778375
vn -0.571197033 -0.820494354 0.0228678342
vn -0.628661275 -0.459606737 0.627333045
vn -0.103176817 -0.796486437 -0.59578836
vn -0.0559855215 -0.814867437 -0.576937258
vn -0.028565051 -0.82092452 -0.570321798
vn -0.891531229 -0.334356904 -0.305577308
vn -0.877422571 -0.290224195 -0.38196817
vn -0.609516382 -0.287578642 -0.738774836
vn -0.746024907 -0.10286162 -0.657925665
vn -0.911252797 -0.246413365 -0.329997897
vn -0.895377278 -0.126968548 -0.426823676
vn -0.709541976 0.0950900763 -0.698217809
vn -0.84108144 0.109965868 -0.529612541
vn -0.685818136 0.144668788 -0.713249266
vn -0.528703451 0.15103294 -0.835261405
vn -0.616153359 0.184543505 -0.765701413
vn -0.591228366 0.130651787 -0.795851231
vn -0.504066646 0.266658664 -0.821468174
vn -0.536800563 0.207079709 -0.817901671
vn -0.610650361 0.369363815 -0.700483084
vn -0.512681544 0.0803254396 -0.854813039
vn -0.465425909 -0.198314413 -0.862583399
vn -0.502236664 -0.0200788211 -0.864497006
vn -0 -0.557605922 -0.830105841
vn -0 -0.613784254 -0.789473832
vn -0 -0.356989384 -0.934108496
vn -0 -0.181053638 -0.983473122
vn -0 -0.0482833646 -0.998833716
vn -0 0.244168237 -0.969732821
vn -0.320453912 -0.731370091 -0.602002561
vn 4.20018478E-06 -0.866525114 -0.499133468
vn -0.199523315 -0.935997307 -0.289999038
vn -0.905180693 0.149729311 -0.39778018
vn -0.977123022 -0.0795177221 0.197250143
vn -0.976602137 -0.0464910157 0.209968701
vn -0.976388216 -0.113223888 0.183974177
vn -0 0.54108125 -0.840970278
vn -0.40479511 0.436516523 -0.803488731
vn -0.334995598 0.664313436 -0.668180704
vn -0 0.811148465 -0.584840357
vn -0.612250388 0.303882241 -0.729934931
vn -0.629212201 0.310726315 -0.712419271
vn -0.384389013 0.570187211 -0.726038277
vn -0.653099418 0.38385585 -0.652775466
vn -0.433955252 0.599563181 -0.672463298
vn -0.667954981 0.436149806 -0.603000402
vn -0.666778266 0.432705253 -0.606772602
vn -0.666225612 0.432829827 -0.607290506
vn -0.665986776 0.430802941 -0.608991385
vn -0.672188401 0.411246121 -0.6156618
vn -0.674196482 0.400236756 -0.620700955
vn -0.684200943 0.363072067 -0.632493377
vn -0.454567701 0.637700796 -0.621856928
vn -0.687449694 0.359212905 -0.631172597
vn -0.522256672 0.527451694 -0.670106411
vn -0.436193645 0.594539464 -0.675468683
vn -0.28083986 0.794600368 -0.538274288
vn -0.25929758 0.806066692 -0.531997442
vn -0 0.921606183 -0.388126194
vn -0.22800456 0.837057889 -0.497341007
vn -0.184353501 0.886625528 -0.424156636
vn -0.0847380161 0.953784406 -0.288296312
vn -0 0.913744569 -0.40628922
vn -0 0.716231108 -0.697863281
vn 0.175823808 0.51920253 -0.836369991
vn 0.174315125 0.518038213 -0.837407053
vn 0.175562918 0.518076956 -0.837122321
vn 0.177662581 0.52243036 -0.833967984
vn 0.134985387 0.491336882 -0.860445857
vn 0.141083524 0.495419204 -0.857120275
vn 0.0983985737 0.464513838 -0.88008219
vn 0.0976786837 0.463331401 -0.880785406
vn 0.0693679601 0.273213267 -0.959449053
vn 0.0790190622 0.360910356 -0.929246902
vn 0.0555727296 0.155056804 -0.986341178
vn 0.0593091473 0.160486832 -0.985254407
vn 0.0633569807 0.130811214 -0.989380717
vn -0.197040707 0.134604469 -0.97111094
vn 0.0298491567 0.0393717736 -0.998778641
vn -0.512558997 0.187925115 -0.837834954
vn -0.552096546 0.200778723 -0.809244931
vn -0.552096546 0.200778723 -0.809244931
vn -0 -0.815679848 -0.578503609
vn 0.0935510397 -0.800246179 -0.592329502
vn -0 -0.837441444 -0.546527088
vn 0.128510237 -0.78264612 -0.609056771
vn 0.278945297 -0.807353437 -0.519971132
vn -0.0107417554 0.162164733 0.986705124
vn -0.123064101 -0.300640821 0.945764422
vn 0.122501455 0.159252122 0.979608178
vn 0.123729035 0.700459421 0.702885389
vn 0.209991634 0.693561435 0.689112544
vn 0.70007199 0.509977102 0.499822468
vn 0.953390896 0.214931116 0.211778939
vn 0.598040819 -0.0798455626 0.797478437
vn 0.994781792 0.0931163803 0.0416934527
vn 0.996252 -0.0864909589 -0.00113474671
vn 0.682379723 -0.602843642 0.41344586
vn 0.628027856 -0.324270397 -0.707410574
vn 0.628027856 -0.324270397 -0.707410574
vn -0.255785197 -0.292936951 0.921282828
vn -0.293724984 -0.264604092 0.918537021
vn -0.107114002 -0.536095917 0.837333739
vn -0.119903721 -0.513843417 0.849463403
vn -0.0642774925 -0.703731477 0.707552373
vn -0.0636482984 -0.703751385 0.707589507
vn -0.13035427 -0.700074136 0.70207113
vn -0.13035427 -0.700074136 0.70207113
vn -0.526003599 -0.719106197 -0.454099655
vn -0.00418291008 -0.080093883 -0.996778548
vn 0.0704732835 0.0863813609 -0.993766546
vn -0.383388698 0.176318675 -0.906600654
vn -0.425673187 0.367043525 -0.827092171
vn 0.0533546582 0.373069465 -0.926268101
vn -0.926964819 0.0657480061 -0.369341761
vn -0.942386925 -0.309924215 -0.125911921
vn -0.926148117 0.174503759 -0.33436209
vn -0.949250698 -0.256985307 0.181333318
vn -0.286923558 -0.836387098 0.467045516
vn -0.200777382 -0.873853922 0.442795366
vn -0.981185734 -0.048862949 0.186780483
vn -0.733925819 -0.13316375 0.666048229
vn -0.913177073 0.25283587 -0.319658875
vn -0.970360577 0.00493769813 0.241611063
vn -0.765188754 0.500212014 -0.405307561
vn -0.794271111 0.228595883 0.562918484
vn -0.596369028 -0.0854218379 0.798152328
vn -0.807815015 0.555086792 0.19827652
vn -0.262763798 0.623112977 -0.736671805
vn -0.520922959 0.668937147 -0.530247569
vn -0.546584189 0.666097581 -0.50750339
vn -0.303873241 0.664051414 -0.683152199
vn -0.279638946 0.647419214 -0.708978415
vn -0.203677431 0.590981185 -0.78054893
vn -0.29288432 0.676780999 -0.675415576
vn -0.178558677 0.771961331 -0.610075831
vn -0.213526294 0.745362401 -0.631539047
vn -0.306391925 0.663687229 -0.682380497
vn -0.319542378 0.625350416 -0.711919546
vn -0.341501594 0.637309432 -0.690806329
vn -0.111434862 0.564582705 -0.817819357
vn -0.369186342 0.342308909 -0.864017427
vn 0.172992662 0.512964308 -0.840797901
vn 0.368997663 0.780655026 -0.504399061
vn 0.396029353 0.775457263 -0.491758883
vn 0.408359647 0.749337971 -0.521282136
vn 0.38844502 0.775166452 -0.498224258
vn 0.38831085 0.770973384 -0.504791856
vn 0.402809203 0.775116265 -0.486764312
vn 0.40326798 0.774442494 -0.487456381
vn 0.342038453 0.817801356 -0.462828964
vn 0.335750937 0.82681936 -0.45126617
vn -0.000113004746 0.47686702 0.878975391
vn 0.559075236 0.332730204 0.759424388
vn 0.000544562296 0.504291594 0.863533258
vn 0.548471153 0.320667982 0.772237957
vn -0.0611666478 -0.853923678 0.516791046
vn -0.0242824126 -0.84507215 0.534100652
vn -0.0622845888 -0.996473014 -0.0562322699
vn -0.0830543488 -0.306678206 0.948182642
vn 0.0567179881 -0.30007273 0.952228665
vn 0.00787240174 -0.301630706 0.953392267
vn -0.0759667605 -0.270704448 0.95966047
vn -0.0905499011 -0.274036586 0.957446933
vn -0.170181632 -0.264137626 0.949352086
vn -0.178888768 -0.257816017 0.949489176
vn -0 -0.315335661 0.948980153
vn -0 -0.32149598 0.946911037
vn -0 0.93055594 0.366149843
vn -0.571413398 0.802185595 0.173162118
vn -0 0.985102415 -0.171968892
vn -0.612746716 0.750136912 0.248668462
vn 0.0779841766 0.332139075 -0.94000107
vn 0.192632124 0.389144272 -0.90081054
vn -0.131103113 0.330438375 -0.93467772
vn -0.263309449 0.2827456 -0.922346532
vn -0.422469407 0.265803665 -0.866526365
vn -0.422469407 0.265803665 -0.866526365
vn 0.89073205 -0.451875806 -0.0490372963
vn 0.889748931 -0.45388639 -0.0483123697
vn 0.847580612 -0.528423786 -0.048737023
vn 0.863593876 -0.502131045 -0.0454979539
vn 0.814313948 -0.577467442 -0.0585166663
vn 0.733573318 -0.679606855 0.00217526546
vn 0.812654793 -0.579293847 -0.0633313581
vn 0.766045213 -0.641290188 -0.0438365899
vn 0.664007545 -0.74748528 0.018967079
vn 0.670174539 -0.738252997 0.0764763206
vn -0 -0.991808355 0.127734944
vn -0 -0.974898398 0.222650334
vn -0.98888284 0.125068024 -0.0804293677
vn -0.988590181 0.125188887 -0.0837684423
vn -0.986174107 0.148271978 -0.0739997998
vn -0.981692433 0.173208594 -0.07923913
vn -0.977405965 0.193440989 -0.0851956084
vn -0.976085544 0.19082959 -0.10412094
vn -0.975794971 0.191166848 -0.106204309
vn -0.989077449 0.133604378 0.062253803
vn -0.9889341 0.134561911 0.0624700338
vn -0.816871464 0.500564337 0.286629587
vn 0.00914111082 0.824879646 0.565234482
vn 0.0381085388 0.834792674 0.549243808
vn 0.938330293 -0.160589054 0.306181878
vn 0.936335564 -0.177590489 0.302881598
vn 0.942130566 0.0178048797 0.334773183
vn 0.900633037 -0.344599187 0.264785588
vn -0.94467926 0.32179293 -0.063485615
vn -0.947342396 0.319236398 -0.0251079611
vn -0.946570396 0.320185304 -0.0385462828
vn -0.943869054 0.322312713 -0.072289139
vn -0.335558861 -0.85199064 -0.401885748
vn -0.316442132 -0.849228501 -0.422699958
vn -0.267521143 -0.885444105 -0.38002786
vn -0.268676966 -0.898230255 -0.347843617
vn -0.193622917 -0.930095553 -0.312141865
vn -0.20079945 -0.935003579 -0.292314917
vn 0.434479415 0.740119517 -0.513274491
vn 0.280279607 0.812294602 -0.511488676
vn 0.703898013 0.361419082 -0.611476719
vn 0.462910086 0.305921376 -0.831941307
vn 0.416081786 0.301917493 -0.85774219
vn 0.416081786 0.301917493 -0.85774219
vn 0.24494651 0.814127207 -0.526496053
vn 0.754613936 0.554424822 -0.350956887
vn 0.641511023 0.629879475 -0.437853217
vn 0.0475258566 0.792693436 -0.607765138
vn 0.259400666 0.871244907 -0.416705638
vn -0.971054077 0.145587653 0.189362705
vn -0.952249944 0.243749067 0.18386513
vn -0.925883174 0.333772749 0.17701979
vn -0.980243444 0.0431215391 0.193037167
vn 0.264778703 0.910999954 0.316182405
vn 0.141806006 0.906511784 0.397652388
vn 0.0359274559 0.887447178 0.459506959
vn 0.333802342 0.904474735 0.26552099
vn -0.504224598 0.538496137 -0.675114393
vn -0.466587245 0.827577174 -0.31210959
vn -0.504196107 0.53853029 -0.675108373
vn -0.466633409 0.827541351 -0.312135577
vn -0.386594534 0.921600103 -0.0346105471
vn -0.386104703 0.921793222 -0.03493426
vn -0.419482231 0.897350073 -0.137104362
vn -0.420558304 0.896938145 -0.136501461
vn -0.418419987 0.89766562 -0.138279557
vn -0.418530047 0.897630572 -0.138174012
vn -0.887525618 0.332990319 -0.318458557
vn -0.842654347 0.528723121 0.101909459
vn -0.887489378 0.333114654 -0.318429142
vn -0.842713118 0.528633475 0.101888649
vn -0.714221478 0.594817996 0.368889093
vn -0.71246779 0.597102702 0.368589163
vn -0.767534554 0.578662336 0.275754452
vn -0.766823053 0.580825508 0.273174375
vn -0.766608655 0.581430018 0.272489011
vn -0.771922588 0.573123515 0.275072455
vn -0.774082899 0.569986343 0.275519937
vn -0.561722577 -0.752356291 0.344133437
vn -0.587042689 -0.725652695 0.358899981
vn -0.48929742 -0.810416818 0.322199732
vn -0.488828242 -0.812871933 0.316680133
vn -0.478310764 -0.810301185 0.338571846
vn 0.56694448 -0.674918234 -0.472291589
vn 0.462432116 -0.608999908 -0.644418895
vn 0.466776401 -0.603401899 -0.646549165
vn 0.561176836 -0.632891178 -0.533412874
vn 0.633008778 -0.683420479 -0.363642931
vn 0.584248364 -0.760942698 -0.282170236
vn 0.670775354 -0.606947184 -0.426234096
vn 0.669674635 -0.608694255 -0.425472915
vn -0.816052437 0.0698927045 -0.57373631
vn -0.763983071 0.105112962 -0.636617005
vn -0.740109384 0.119779862 -0.66173321
vn -0.640006304 0.173858598 -0.748441756
vn -0.627809703 0.320589006 -0.709279656
vn -0.639374375 0.405412406 -0.653330803
vn -0.661797464 0.43142873 -0.613101482
vn -0.663892508 0.435779929 -0.607735693
vn -0.668511152 0.431533754 -0.605699062
vn -0.66861546 0.43123132 -0.605799317
vn -0.678849876 0.38820228 -0.623266935
vn -0.604487777 0.4554286 -0.653589606
vn -0.516567409 0.527728379 -0.674285471
vn -0.434967309 0.599202335 -0.672130942
vn -0.434535384 0.599922359 -0.67176795
vn -0.686715603 0.365938008 -0.62810111
vn -0.686291993 0.365969062 -0.628545821
vn 0.945233405 -0.277638257 0.171612591
vn 0.940851867 -0.281477869 0.188594475
vn 0.982638597 -0.182309985 0.034415964
vn 0.972439468 -0.223629028 0.0659662709
vn 0.981109977 -0.192774177 0.0161681343
vn 0.9835549 -0.180609748 0.000138440038
vn 0.714798987 -0.333137482 -0.614883602
vn 0.647555649 -0.131819069 -0.750530005
vn 0.993045628 -0.0601658523 -0.101195499
vn 0.189154893 -0.354765058 -0.915621281
vn 0.00612664595 -0.0652193129 -0.997852206
vn -0.175080597 0.228189185 -0.957745552
vn -0.175080597 0.228189185 -0.957745552
vn 0.845110655 0.0130617069 -0.534431815
vn 0.793701112 0.403651059 -0.455087215
vn 0.659109533 -0.533058167 -0.530493736
vn 0.822352707 0.330200911 -0.463360786
vn 0.828452528 0.329966128 -0.452535897
vn 0.83211267 0.32842499 -0.446906596
vn 0.83250463 0.32652083 -0.447571397
vn -0.891551614 -0.366884023 0.265578359
vn -0.896245897 -0.375719249 0.23575072
vn -0.923396528 -0.290044338 0.251422346
vn -0.900174677 -0.372513711 0.225652441
vn -0.88697952 -0.362587392 0.286002994
vn -0.88702786 -0.363184422 0.285094023
vn -0.88703835 -0.364038616 0.28396976
vn 0.234517366 -0.918084323 -0.319566429
vn 0.241634175 -0.915754318 -0.320946842
vn 0.659109533 -0.533058167 -0.530493736
vn 0.239341974 -0.916611969 -0.320215344
vn 0.514909685 -0.731228113 -0.447407484
vn 0.845110655 0.0130617069 -0.534431815
vn 0.400745124 0.774000704 -0.490230948
vn 0.400330484 0.774673522 -0.489506334
vn 0.399162591 0.7686342 -0.499870658
vn 0.398512334 0.765340507 -0.505412519
vn 0.397374332 0.761577308 -0.511950791
vn -0.891772985 -0.4289442 -0.144040585
vn -0.891745567 -0.429071307 -0.143831596
vn -0.667263985 -0.0608436279 -0.742332101
vn -0.764402747 -0.13134791 -0.631217957
vn -0.330985934 0.191591501 -0.923981071
vn -0.283038914 0.199097872 -0.938215911
vn -0.273593843 0.224068791 -0.935382009
vn -0.27409184 0.216738984 -0.936962008
vn -0.153280675 -0.807684064 -0.56934309
vn 0.0218984969 -0.885785162 -0.463578403
vn 0.0610072203 -0.927739739 -0.368208021
vn -0.409757614 -0.697974086 -0.587308049
vn -0.430783361 -0.689810455 -0.581882536
vn -0.430783361 -0.689810455 -0.581882536
vn -0.989323318 0.116660237 -0.0873483419
vn -0.913098335 -0.222586051 -0.341623783
vn -0.991726279 0.105309092 -0.0734101161
vn -0.353429049 -0.678055823 -0.644459724
vn -0.220245466 -0.717534423 -0.660784602
vn -0.220245466 -0.717534423 -0.660784602
vn -0.769089103 0.57783401 0.273148
vn -0.770128787 0.576471269 0.273097873
vn -0.77060473 0.574149191 0.27662465
vn -0.757858336 0.594945967 0.267750144
vn -0.767469823 0.57839191 0.27650103
vn -0.723394513 0.642662704 0.252358973
vn -0.760011375 0.623978734 0.181750581
vn -0.768421531 0.580478251 0.269394696
vn -0.745721698 0.658927441 0.0985584781
vn -0.239351109 0.764793456 0.598165572
vn -0.954463601 0.297437131 0.023028221
vn -0.810076177 0.527618885 0.255724043
vn -0.199125066 0.767056406 0.609896421
vn -0.199125066 0.767056406 0.609896421
vn 0.729668319 -0.359354585 -0.581763148
vn 0.729668319 -0.359354585 -0.581763148
vn 0.729668319 -0.359354585 -0.581763148
vn 0.729668319 -0.359354585 -0.581763148
vn -0.836227 -0.444060475 0.321768135
vn -0.71546495 -0.666725755 -0.208774418
vn -0.991179764 0.0740558133 0.109902024
vn -0.120339073 -0.964661896 0.234405637
vn -0.106067114 -0.862454712 0.494895548
vn -0.802381396 -0.395216912 0.447199702
vn -0.0573007204 -0.648405671 0.759135485
vn -0.798441887 -0.234616563 0.554477811
vn -0.113277562 -0.195550174 0.974129498
vn -0.826888204 0.0522206686 0.559936404
vn 0.641565442 -0.373607039 0.669933975
vn 0.667832255 -0.66744107 0.32942754
vn 0.548984647 -0.822603047 0.148121729
vn 0.546770692 -0.830891788 -0.103250027
vn -0.207769305 -0.897427261 -0.389173746
vn -0.131283298 -0.24647963 0.960214853
vn -0.932852685 0.0714476109 0.353102058
vn -0.178450495 -0.634297669 0.752211392
vn 0.691744149 -0.559209585 0.456918895
vn 0.775407612 -0.390045106 0.496596158
vn 0.954940617 -0.287198484 0.0748685077
vn 0.948929846 -0.305557132 0.0785304606
vn 0.884888172 0.137013525 -0.445196718
vn 0.836291432 -0.0972208455 -0.539596796
vn 0.957472265 -0.277646542 0.0784815997
vn 0.933351755 0.131190181 -0.33413133
vn 0.632708728 -0.624838173 0.457446098
vn 0.208241031 0.664893448 -0.717323184
vn -0.168194026 -0.71727556 0.67618531
vn 0.192017794 0.568199217 -0.800174236
vn -0.684347272 0.550816894 -0.477775484
vn -0.927471936 -0.169048682 0.333494276
vn -0.888007462 -0.283208787 0.362264365
vn 0.142278478 0.203675732 -0.968644857
vn 0.856346905 -0.276657611 -0.436039716
vn -0.646929324 0.510475397 -0.566477835
vn -0.967095077 0.227209941 -0.114467189
vn -0.968900204 0.217737228 -0.117571227
vn -0.973591805 0.197739482 -0.114096858
vn -0.967369199 0.234862223 -0.095061034
vn -0.673710823 0.261899859 -0.691029847
vn 0.130208328 0.119322039 -0.984280467
vn -0.734991908 0.29692629 -0.609607875
vn 0.0163332317 0.484295905 -0.874751866
vn -0.802087009 0.460189968 -0.380633086
vn -0.967369199 0.234862223 -0.095061034
vn 0.128806427 0.797959268 -0.58878684
vn 0.776251554 -0.061637979 -0.627402902
vn 0.856346905 -0.276657611 -0.436039716
vn 0.837155938 -0.0316565745 -0.54604739
vn 0.809948623 0.222982988 -0.542458892
vn 0.0714274794 0.915221751 -0.396569133
vn 0.284289151 0.164186478 -0.94457531
vn -0.0328667574 0.924063504 -0.380823195
vn -0.752564311 0.65477097 -0.0701561049
vn 0.0107073504 0.938280761 -0.345708936
vn -0.288061798 -0.527744532 -0.799065828
vn -0.287306637 -0.524203122 -0.801664531
vn -0.284175336 -0.521579802 -0.804486752
vn -0.289798498 -0.519978523 -0.803516686
vn 0.284289151 0.164186478 -0.94457531
vn -0.71546495 -0.666725755 -0.208774418
vn 0.354810297 -0.512356281 -0.782049179
vn -0.207769305 -0.897427261 -0.389173746
vn 0.291391939 -0.825920939 -0.48264423
vn 0.775407612 -0.390045106 0.496596158
vn -0.113277562 -0.195550174 0.974129498
vn -0.131283298 -0.24647963 0.960214853
vn 0.641565442 -0.373607039 0.669933975
vn 0.948929846 -0.305557132 0.0785304606
vn 0.924246967 -0.373799741 0.0777256712
vn 0.836291432 -0.0972208455 -0.539596796
vn 0.667832255 -0.66744107 0.32942754
vn 0.856346905 -0.276657611 -0.436039716
vn 0.901109993 -0.40541625 -0.153747737
vn 0.548984647 -0.822603047 0.148121729
vn 0.776251554 -0.061637979 -0.627402902
vn 0.856265843 -0.460142046 -0.234686911
vn 0.546770692 -0.830891788 -0.103250027
vn 0.837155938 -0.0316565745 -0.54604739
vn 0.840891302 -0.414000541 -0.348576367
vn 0.809948623 0.222982988 -0.542458892
vn 0.354810297 -0.512356281 -0.782049179
vn 0.284289151 0.164186478 -0.94457531
vn 0.291391939 -0.825920939 -0.48264423
vn 0.856265843 -0.460142046 -0.234686911
vn 0.840891302 -0.414000541 -0.348576367
vn 0.546770692 -0.830891788 -0.103250027
vn 0.291391939 -0.825920939 -0.48264423
vn -0 -0.341792136 -0.939775586
vn -0 -0.34251523 -0.939512372
vn -0.467436284 -0.302238643 -0.83075577
vn -0.675799489 -0.333852738 -0.657143295
vn -0.312600374 -0.37027061 -0.874746025
vn -0.46244067 -0.402465463 -0.790044427
vn -0.827682018 -0.357111722 -0.432913005
vn -0.906157196 -0.375000596 -0.195585415
vn -0.815858066 -0.435066789 -0.38090995
vn -0.102624305 -0.931036174 0.350199848
vn -0.116921142 -0.916162789 0.383373469
vn -0.571899772 -0.695298493 -0.435305327
vn -0.404000729 -0.913217008 -0.0530845374
vn -0.885243118 -0.197983593 -0.420888424
vn -0.564251125 -0.818563223 -0.107587278
vn -0 -0.897921503 -0.440155715
vn -0 -0.946038544 0.324054182
vn -0.074516654 -0.777509212 0.624441147
vn -0.0724280849 -0.78085047 0.620505154
vn -0.466211021 0.0331901088 -0.884050727
vn -0.466631591 0.0328801498 -0.883840322
vn -0.46632719 0.0333210826 -0.883984506
vn -0.65795505 -0.0556308925 -0.75099957
vn -0.312560707 -0.0127840647 -0.949811757
vn -0.462451965 -0.0746039078 -0.883500099
vn -0.816731989 -0.107954048 -0.566828609
vn -0.939943016 -0.174797818 -0.293177128
vn -0.748120606 -0.0803435817 -0.658680916
vn -0.748098075 -0.080372639 -0.65870291
vn -0.030352544 -0.963442147 -0.266191691
vn -0.00518193142 -0.945864677 -0.324519783
vn -0.463339061 -0.39280352 -0.794369042
vn -0 -0.874347568 -0.485300213
vn -0 -0.264753401 -0.96431613
vn -0 0.469215423 -0.883083761
vn -0 0.468173206 -0.883636713
vn -0.468665987 0.414190471 -0.780255377
vn -0.622452557 0.30279687 -0.72171098
vn -0.312794834 0.401187092 -0.860934556
vn -0.46235168 0.316914141 -0.828128159
vn -0.766962111 0.198235765 -0.610304654
vn -0.835952878 0.12824662 -0.533606291
vn -0.748069584 0.214273587 -0.628075421
vn -0.748054862 0.214273512 -0.628092885
vn -0.0304186996 -0.932738066 -0.359269232
vn -0.0052358564 -0.909529209 -0.415607035
vn -0.463497669 -0.31299144 -0.828979015
vn -0 -0.822670817 -0.568518102
vn -0 -0.168838665 -0.985643625
vn -0 0.553511024 -0.832841873
vn -0 0.552444816 -0.8335495
vn -0.468915045 0.488563001 -0.735815823
vn -0.622522473 0.372018784 -0.688525856
vn -0.312817097 0.483543903 -0.817515016
vn -0.462343037 0.396483779 -0.793120205
vn -0.766902626 0.257076174 -0.588023901
vn -0.835940957 0.179859757 -0.51851052
vn -0.748074293 0.27477029 -0.604058027
vn -0.748066008 0.274771541 -0.604067683
vn -0.0343696997 0.726057112 0.686774969
vn -0.0343696997 0.726057112 0.686774969
vn -0.0343696997 0.726057112 0.686774969
vn -0.0343696997 0.726057112 0.686774969
vn 0.0835462064 0.103514366 0.991112888
vn 0.0835462064 0.103514366 0.991112888
vn 0.0835462064 0.103514366 0.991112888
vn 0.0835462064 0.103514366 0.991112888
vn -0.342837036 0.803896129 -0.486018181
vn -0.342837036 0.803896129 -0.486018181
vn -0.350544959 0.773735106 -0.527685642
vn -0.350546598 0.773728013 -0.52769506
vn -0.357306182 0.741472483 -0.567935705
vn -0.357306182 0.741472483 -0.567935705
vn 0.559959412 -0.222952247 0.797958553
vn 0.587030292 -0.212526336 0.781170964
vn 0.602603674 -0.320736021 0.730751157
vn 0.159330234 -0.400061995 0.90253216
vn 0.495230734 -0.447034597 0.744920492
vn 0.60945195 -0.424667031 0.669497013
vn -0.0482335165 -0.879212618 -0.473981738
vn -0.469832569 -0.628420234 -0.619955957
vn -0.469832569 -0.628420234 -0.619955957
vn -0.0514862724 -0.878175318 -0.475560069
vn 0.218814611 -0.92080456 -0.322860867
vn 0.217729837 -0.920813382 -0.323568463
vn -0.0901449248 -0.877815008 -0.470441043
vn -0.0901346207 -0.877817631 -0.470438063
vn -0 -0.855624259 -0.517597437
vn -0 -0.855624259 -0.517597318
vn 0.0901449248 -0.877815008 -0.470441043
vn 0.0901346207 -0.877817631 -0.470438063
vn -0.218814611 -0.92080456 -0.322860867
vn -0.217729837 -0.920813382 -0.323568463
vn 0.0482335165 -0.879212618 -0.473981738
vn 0.0514862724 -0.878175318 -0.475560069
vn 0.469832569 -0.628420234 -0.619955957
vn 0.469832569 -0.628420234 -0.619955957
vn -0.342228293 0.935487807 -0.0879912972
vn -0.342228293 0.935487807 -0.0879912972
vn -0.363616228 0.922777414 -0.127533838
vn -0.363618881 0.922775805 -0.127538726
vn -0.38421312 0.908051193 -0.166802943
vn -0.38421312 0.908051193 -0.166802943
vn -0.00423659757 0.0114672231 0.999925256
vn -0.00423659757 0.0114672231 0.999925256
vn -0.00423659757 0.0114672231 0.999925256
vn -0.00423659757 0.0114672231 0.999925256
vn -0.363871247 0.930732191 -0.0365429856
vn -0.384654433 0.919839501 -0.0770461112
vn -0.384654433 0.919839501 -0.0770461112
vn -0.363864571 0.93073523 -0.0365303122
vn -0.342283934 0.939587831 0.00405282248
vn -0.342283934 0.939587831 0.00405282248
vn -0.0886519551 0.461674601 -0.882608354
vn -0.0886519551 0.461674601 -0.882608354
vn -0.349828571 0.300928026 -0.887165368
vn -0.437102228 0.602167189 -0.668084085
vn -0.630127251 -0.199947402 -0.750307083
vn -0.630127251 -0.199947402 -0.750307083
vn -0.630127251 -0.199947402 -0.750307083
vn -0.630127251 -0.199947402 -0.750307083
vn -0.0486137979 -0.997833669 -0.0443254411
vn -0.470127434 -0.835360467 -0.284873784
vn -0.470127434 -0.835360467 -0.284873784
vn -0.0517626368 -0.997592986 -0.046138294
vn 0.218556181 -0.96960777 0.10997279
vn 0.217526972 -0.969907105 0.109372228
vn -0.0761311203 -0.994935453 -0.0656321347
vn -0.076175198 -0.994930208 -0.0656592399
vn -0.195793167 -0.970738769 -0.139037311
vn -0.195793167 -0.970738769 -0.139037311
vn 0.990868211 -0.0846004486 -0.10499002
vn 0.990868211 -0.0846004486 -0.10499002
vn 0.990868211 -0.0846004486 -0.10499002
vn 0.990868211 -0.0846004486 -0.10499002
vn -0.994450331 0.0656257495 0.082230106
vn -0.714004517 -0.699259341 0.0351260155
vn -0.714004517 -0.699259341 0.0351260155
vn -0.897845507 -0.437267601 -0.0516760387
vn -0.861039698 0.507648647 0.0300570652
vn -0.227083325 0.915789425 0.331304938
vn -0.227083325 0.915789425 0.331304938
vn -0.539070666 -0.823907971 -0.174867183
vn -0.544849992 -0.731441855 -0.410038263
vn -0.544849992 -0.731441855 -0.410038263
vn -0.538805425 -0.824660957 -0.172113255
vn -0.0647562891 -0.934455514 0.350142211
vn -0.0682045445 -0.934877157 0.34835729
vn 0.218667269 -0.856452405 0.467625886
vn 0.217597961 -0.856976151 0.467164844
vn -0.0893072337 -0.937227011 0.337089926
vn -0.0892679542 -0.937225401 0.337105155
vn -0 -0.957259119 0.289231837
vn -0 -0.957259119 0.289231807
vn 0.0893072337 -0.937227011 0.337089926
vn 0.0892679542 -0.937225401 0.337105155
vn -0.218667269 -0.856452405 0.467625886
vn -0.217597961 -0.856976151 0.467164844
vn 0.0647562891 -0.934455514 0.350142211
vn 0.0682045445 -0.934877157 0.34835729
vn 0.539070666 -0.823907971 -0.174867183
vn 0.538805425 -0.824660957 -0.172113255
vn 0.544849992 -0.731441855 -0.410038263
vn 0.544849992 -0.731441855 -0.410038263
vn -0.0705405548 0.96172744 -0.264772028
vn -0.0705405548 0.96172744 -0.264772028
vn -0.0705405548 0.96172744 -0.264772028
vn -0.0705405548 0.96172744 -0.264772028
vn 0.160567671 0.86653322 0.4725869
vn 0.160567671 0.86653322 0.4725869
vn 0.160567671 0.86653322 0.4725869
vn 0.160567671 0.86653322 0.4725869
vn -0.0487861 -0.828666866 -0.557612002
vn -0.471169829 -0.564329803 -0.677887082
vn -0.471169829 -0.564329803 -0.677887082
vn -0.0521294847 -0.827448308 -0.559117019
vn 0.218870804 -0.884786129 -0.411398858
vn 0.217821091 -0.884728312 -0.412079901
vn -0.0901487246 -0.827551723 -0.554104149
vn -0.0901227891 -0.827559054 -0.554097295
vn -0 -0.800782263 -0.598955631
vn -0 -0.800782263 -0.598955631
vn 0.0901487246 -0.827551723 -0.554104149
vn 0.0901227891 -0.827559054 -0.554097295
vn -0.21887657 -0.884801269 -0.411363214
vn -0.217826799 -0.884743333 -0.412044466
vn 0.0487911664 -0.828701258 -0.557560444
vn 0.0521346927 -0.827482641 -0.55906564
vn 0.471186638 -0.564350009 -0.677858531
vn 0.471186638 -0.564350009 -0.677858531
vn 0.350548893 0.773724854 -0.527698159
vn 0.342841744 0.803890228 -0.486024797
vn 0.342841744 0.803890228 -0.486024797
vn 0.350547194 0.773731887 -0.527688801
vn 0.357306182 0.741472483 -0.567935705
vn 0.357306182 0.741472483 -0.567935705
vn 0.363618881 0.922775805 -0.127538726
vn 0.342228293 0.935487807 -0.0879912972
vn 0.342228293 0.935487807 -0.0879912972
vn 0.363616228 0.922777414 -0.127533838
vn 0.38421312 0.908051193 -0.166802943
vn 0.38421312 0.908051193 -0.166802943
vn 0.00423659757 0.0114672231 0.999925256
vn 0.00423659757 0.0114672231 0.999925256
vn 0.00423659757 0.0114672231 0.999925256
vn 0.00423659757 0.0114672231 0.999925256
vn 0.384654433 0.919839501 -0.0770461112
vn 0.384654433 0.919839501 -0.0770461112
vn 0.363864571 0.93073523 -0.0365303122
vn 0.363871247 0.930732191 -0.0365429856
vn 0.342283934 0.939587831 0.00405282248
vn 0.342283934 0.939587831 0.00405282248
vn 0.437102228 0.602167189 -0.668084085
vn 0.349828571 0.300928026 -0.887165368
vn 0.0886519551 0.461674601 -0.882608354
vn 0.0886519551 0.461674601 -0.882608354
vn 0.630127251 -0.199947402 -0.750307083
vn 0.630127251 -0.199947402 -0.750307083
vn 0.630127251 -0.199947402 -0.750307083
vn 0.630127251 -0.199947402 -0.750307083
vn 0.470127434 -0.835360467 -0.284873784
vn 0.470127434 -0.835360467 -0.284873784
vn 0.0517626368 -0.997592986 -0.046138294
vn 0.0486137979 -0.997833669 -0.0443254411
vn -0.217526972 -0.969907105 0.109372228
vn -0.218556181 -0.96960777 0.10997279
vn 0.076175198 -0.994930208 -0.0656592399
vn 0.0761311203 -0.994935453 -0.0656321347
vn 0.195793167 -0.970738769 -0.139037311
vn 0.195793167 -0.970738769 -0.139037311
vn -0.990869164 -0.0846005306 -0.104981065
vn -0.990869164 -0.0846005306 -0.104981065
vn -0.990869164 -0.0846005306 -0.104981065
vn -0.990869164 -0.0846005306 -0.104981065
vn 0.897845507 -0.437267601 -0.0516760387
vn 0.714004517 -0.699259341 0.0351260155
vn 0.714004517 -0.699259341 0.0351260155
vn 0.994450331 0.0656257197 0.082230106
vn 0.861039698 0.507648647 0.0300570652
vn 0.227083325 0.915789425 0.331304938
vn 0.227083325 0.915789425 0.331304938
vn 0.630040705 -0.272603601 -0.727142394
vn 0.630040705 -0.272603601 -0.727142394
vn 0.630040705 -0.272603601 -0.727142394
vn 0.630040705 -0.272603601 -0.727142394
vn -0.495230734 -0.447034597 0.744920492
vn -0.60945195 -0.424667031 0.669497013
vn -0.602603674 -0.320736021 0.730751157
vn -0.159330234 -0.400062025 0.90253216
vn -0.559959412 -0.222952247 0.797958553
vn -0.587030292 -0.212526336 0.781170964
vn 0.0705405548 0.96172744 -0.264772028
vn 0.0705405548 0.96172744 -0.264772028
vn 0.0705405548 0.96172744 -0.264772028
vn 0.0705405548 0.96172744 -0.264772028
vn -0.160567671 0.86653322 0.4725869
vn -0.160567671 0.86653322 0.4725869
vn -0.160567671 0.86653322 0.4725869
vn -0.160567671 0.86653322 0.4725869
vn -0.190107152 -0.716620386 -0.671054721
vn -0.192281544 -0.719219029 -0.667646468
vn -0.0536126755 -0.708739877 -0.703429818
vn -0.0555201769 -0.708019435 -0.704007089
vn -0.183367804 -0.803218365 -0.566759706
vn -0.00729546789 -0.778168917 -0.628012717
vn -0.183362395 -0.803222597 -0.566755414
vn -0.00195147714 -0.774397433 -0.632696509
vn -0.0948615596 -0.810964108 -0.577354729
vn -0.125440046 -0.818377614 -0.560823321
vn -0.0889167115 -0.806507349 -0.584499657
vn -0.12545158 -0.818378747 -0.560819089
vn -0.0633878261 -0.744529843 -0.664572954
vn -0.138159811 -0.772469103 -0.619841456
vn -0.0638435185 -0.743801355 -0.665344715
vn -0.142932087 -0.776958942 -0.613111198
vn 0.0555201769 -0.708019435 -0.704007089
vn 0.192281544 -0.719219029 -0.667646468
vn 0.190107152 -0.716620386 -0.671054721
vn 0.0536126755 -0.708739877 -0.703429818
vn 0.183362395 -0.803222597 -0.566755414
vn 0.00195147714 -0.774397433 -0.632696509
vn 0.183367804 -0.803218365 -0.566759706
vn 0.00729546789 -0.778168917 -0.628012717
vn 0.0889167115 -0.806507349 -0.584499657
vn 0.12545158 -0.818378747 -0.560819089
vn 0.0948615596 -0.810964108 -0.577354729
vn 0.125440046 -0.818377614 -0.560823321
vn 0.0638435185 -0.743801355 -0.665344715
vn 0.142932087 -0.776958942 -0.613111198
vn 0.0633878261 -0.744529843 -0.664572954
vn 0.138159811 -0.772469103 -0.619841456
vn 0.0289535895 -0.113997109 0.993059039
vn -0.0192019772 -0.590671837 0.806683421
vn -0.0480716415 -0.538962483 0.840956867
vn 0.119134553 0.96041286 -0.251821786
vn 0.106898434 0.810917377 -0.575313449
vn 0.139207244 0.97079289 0.195403203
vn 0.0770683736 0.558005095 0.82625097
vn 0.0977492407 0.398408592 0.911984444
vn 0.052133739 0.173200339 0.983505785
vn 0.0501821823 -0.982038379 0.181885555
vn 0.0363575704 -0.855939507 -0.515796125
vn 0.03316167 -0.963754654 -0.264721215
vn -0.118044741 -0.954971254 -0.272204489
vn -0.100009061 -0.867743313 -0.486846775
vn -0.108399257 -0.758902669 -0.642118633
vn 0.150339186 0.964349389 -0.217780858
vn 0.120524958 0.852435648 -0.508750558
vn 0.133680686 0.813206673 -0.566413701
vn 0.0823474824 0.547411323 -0.832802415
vn 0.014134638 0.266717941 -0.963670909
vn 0.0283665247 0.222636595 -0.974488795
vn -0.0397531353 -0.140970975 -0.989215314
vn -0.0854673758 -0.487961084 -0.868671
vn -0.0560619235 -0.385668159 -0.92093277
vn -0.0903711542 -0.984260261 0.151871473
vn -0.100009061 -0.867743313 -0.486846775
vn -0.118044741 -0.954971254 -0.272204489
vn -0.0469274074 -0.604389906 0.795305431
vn -0.130139127 -0.978945792 0.157254398
vn -0.120862573 -0.878292084 0.462596148
vn -0.02894946 -0.113997072 0.993059158
vn 0.0480716564 -0.538962662 0.840956807
vn 0.0192042775 -0.590672016 0.806683183
vn -0.139209032 0.970792711 0.195403486
vn -0.106901713 0.810916841 -0.575313747
vn -0.119136788 0.960412502 -0.251821667
vn -0.0770667419 0.558005512 0.826250911
vn -0.0521303862 0.173200384 0.983506024
vn -0.0977437347 0.398409039 0.911984861
vn -0.0331618041 -0.963754714 -0.264720649
vn -0.0363532715 -0.855939686 -0.515796185
vn -0.0501829945 -0.982038379 0.181885689
vn 0.118046619 -0.954970837 -0.272205025
vn 0.10839761 -0.758902609 -0.64211899
vn 0.100009494 -0.867742836 -0.48684749
vn -0.150339156 0.964349389 -0.21778059
vn -0.133680686 0.813206673 -0.566413641
vn -0.120524958 0.852435648 -0.508750618
vn -0.0823474601 0.547411144 -0.832802415
vn -0.0283703804 0.222636506 -0.974488676
vn -0.0141367279 0.266717941 -0.963670909
vn 0.0397491008 -0.140971005 -0.989215553
vn 0.0560580157 -0.38566795 -0.920933068
vn 0.0854659826 -0.487960786 -0.868671238
vn 0.118046619 -0.954970837 -0.272205025
vn 0.100009494 -0.867742836 -0.48684749
vn 0.0903728604 -0.984260142 0.151870713
vn 0.120858192 -0.878291905 0.462597668
vn 0.130136117 -0.978946149 0.157255143
vn 0.0469248667 -0.604389369 0.795305967
vn -0.0310271662 0.111786313 -0.993247747
vn 0.0461155698 0.535614908 -0.843202174
vn 0.0176683329 0.590624869 -0.806752741
vn -0.141642317 -0.970508337 -0.195067033
vn -0.109308012 -0.811006844 0.57473433
vn -0.121663496 -0.960339069 0.250892222
vn -0.0789498389 -0.555811524 -0.827550888
vn -0.0542321019 -0.173574299 -0.983326375
vn -0.0997206792 -0.39896062 -0.911529601
vn -0.034322314 0.963748097 0.264597118
vn -0.0375961065 0.855936229 0.515712798
vn -0.0515944324 0.981979847 -0.181806043
vn 0.117651038 0.954944432 0.272469074
vn 0.107906416 0.758569956 0.642594516
vn 0.0995513275 0.867850661 0.486749232
vn -0.152214587 -0.964252174 0.216906786
vn -0.135393515 -0.813243389 0.56595391
vn -0.12248414 -0.853638887 0.506259024
vn -0.0840480104 -0.548877597 0.831666529
vn -0.0295715258 -0.22355181 0.974243402
vn -0.015767755 -0.269528598 0.962863266
vn 0.0385249779 0.138314188 0.989638805
vn 0.0553871319 0.385495633 0.92104578
vn 0.0847854242 0.487002462 0.86927551
vn 0.117651038 0.954944432 0.272469074
vn 0.0995513275 0.867850661 0.486749232
vn 0.0895840079 0.984322608 -0.151933298
vn 0.120457508 0.878103614 -0.463059366
vn 0.129765406 0.979035735 -0.157003403
vn 0.0465573072 0.605160236 -0.794741213
vn 0.0310296863 0.111785993 -0.993247747
vn -0.0176695585 0.590624869 -0.806752861
vn -0.0461074784 0.535614371 -0.843202949
vn 0.121663526 -0.960339069 0.250892133
vn 0.109306186 -0.811007023 0.574734628
vn 0.141643792 -0.970508099 -0.195067018
vn 0.0789481252 -0.555811584 -0.827551007
vn 0.099717766 -0.398960739 -0.911529899
vn 0.0542312525 -0.173574343 -0.983326375
vn 0.0515943505 0.981979489 -0.181808233
vn 0.0375978984 0.855937541 0.515710533
vn 0.0343222693 0.963748634 0.264595002
vn -0.117651626 0.954944313 0.272468954
vn -0.0995506197 0.86785084 0.486749053
vn -0.107904799 0.758570254 0.642594576
vn 0.152214542 -0.964252055 0.216907158
vn 0.122482121 -0.853639364 0.506258905
vn 0.135390088 -0.813243926 0.565953851
vn 0.0840437114 -0.548878014 0.831666708
vn 0.0157676656 -0.269527256 0.962863684
vn 0.0295696575 -0.223552063 0.974243402
vn -0.038524989 0.138314173 0.989638805
vn -0.0847841129 0.48700276 0.86927563
vn -0.0553854294 0.385495961 0.92104578
vn -0.089585498 0.984322488 -0.151933491
vn -0.0995506197 0.86785084 0.486749053
vn -0.117651626 0.954944313 0.272468954
vn -0.0465620719 0.605159223 -0.79474169
vn -0.129766196 0.979035616 -0.157003
vn -0.120457597 0.878103673 -0.463059336
vn -0.0397531353 -0.140970975 -0.989215314
vn -0.0560619235 -0.385668159 -0.92093277
vn 0.0283665247 0.222636595 -0.974488795
vn 0.014134638 0.266717941 -0.963670909
vn -0.0694026798 -0.873553991 0.481753707
vn -0.0903711542 -0.984260261 0.151871473
vn -0.114930414 -0.980951965 0.156601727
vn -0.101231754 -0.976621687 -0.189636722
vn -0.118044741 -0.954971254 -0.272204489
vn 0.122436754 0.909736753 0.39672178
vn 0.145297766 0.977205217 0.154785186
vn 0.155853629 0.965263069 0.209706619
vn 0.132751659 0.854453802 0.502280414
vn 0.0823474824 0.547411323 -0.832802415
vn 0.0283665247 0.222636595 -0.974488795
vn 0.133680686 0.813206673 -0.566413701
vn 0.120524958 0.852435648 -0.508750558
vn 0.139207244 0.97079289 0.195403203
vn 0.137776345 0.974209487 -0.1787
vn 0.119134553 0.96041286 -0.251821786
vn 0.125679061 0.988696933 0.0817507356
vn 0.115664363 0.889165163 0.442726821
vn 0.102188036 0.719940901 0.686471224
vn 0.107302971 0.414907396 0.903514206
vn 0.0577105731 0.250431389 0.966412783
vn 0.0468925126 -0.0973380357 0.994145989
vn -0.00184442743 -0.583624244 0.812021673
vn -0.0433946438 -0.600969434 0.79809314
vn -0.059064243 -0.876896083 0.47703746
vn -0.0613021292 -0.984027028 0.167131245
vn -0.078831397 -0.992010355 0.0984943435
vn -0.0647332743 -0.868613124 -0.491244018
vn -0.0834960788 -0.958871961 -0.27128011
vn -0.105649576 -0.923717141 -0.368218482
vn -0.0719702989 -0.74125129 -0.6673581
vn -0.0379480757 -0.374594748 -0.926411688
vn -0.0646025091 -0.482329667 -0.873604417
vn -0.032323081 -0.134554088 -0.990378857
vn 0.0194906704 0.226306453 -0.973861158
vn 0.000240898022 0.253804624 -0.967255473
vn 0.0562138148 0.532676637 -0.844449878
vn 0.106898434 0.810917377 -0.575313449
vn 0.0858728513 0.818822265 -0.567587793
vn 0.119134553 0.96041286 -0.251821786
vn 0.03316167 -0.963754654 -0.264721215
vn 0.0363575704 -0.855939507 -0.515796125
vn 0.0137127703 -0.76988852 -0.638031185
vn 0.00377056352 -0.343651533 -0.939089656
vn 0.0204757247 -0.563270092 -0.826019168
vn -0.00857204106 -0.472389311 -0.881348312
vn -0.0186690744 -0.14365007 -0.989452481
vn -0.00200403063 0.236758918 -0.971566379
vn -0.0250088032 0.230030745 -0.972861946
vn 0.00263715 0.513692379 -0.857970357
vn 0.0312687345 0.813867867 -0.580208004
vn 0.00871334411 0.808217466 -0.588819563
vn 0.030924432 0.964792907 -0.261186421
vn 0.0479458496 0.978053927 0.202760309
vn 0.0355037637 0.995284736 0.0902652293
vn 0.017319601 0.921545267 0.387884378
vn 0.017319601 0.921545267 0.387884378
vn 0.0338065848 0.877933502 0.4775877
vn 0.017319601 0.921545267 0.387884378
vn 0.059553355 0.426289558 0.902624369
vn 0.0278798603 0.677370191 0.73511374
vn 0.0300404225 0.232751653 0.972072124
vn 0.0494702123 -0.0943207964 0.994311929
vn 0.0570695028 -0.546852589 0.835281551
vn 0.00283009 -0.380167514 0.924913347
vn 0.0239051208 -0.614371479 0.788654625
vn 0.0362519324 -0.87029916 0.491187632
vn 0.0501821823 -0.982038379 0.181885555
vn 0.0189069137 -0.919759452 0.392026871
vn 0.032534454 -0.983265102 0.179252148
vn 0.0511907339 -0.981310487 -0.185497001
vn 0.0511907339 -0.981310487 -0.185497001
vn 0.03316167 -0.963754654 -0.264721215
vn 0.150339186 0.964349389 -0.217780858
vn 0.133680686 0.813206673 -0.566413701
vn 0.155853629 0.965263069 0.209706619
vn 0.145297766 0.977205217 0.154785186
vn -0.108399257 -0.758902669 -0.642118633
vn -0.100009061 -0.867743313 -0.486846775
vn -0.0560619235 -0.385668159 -0.92093277
vn -0.0854673758 -0.487961084 -0.868671
vn 0.132751659 0.854453802 0.502280414
vn 0.155853629 0.965263069 0.209706619
vn 0.0977492407 0.398408592 0.911984444
vn 0.0770683736 0.558005095 0.82625097
vn -0.0694026798 -0.873553991 0.481753707
vn -0.0480716415 -0.538962483 0.840956867
vn -0.0192019772 -0.590671837 0.806683421
vn -0.0903711542 -0.984260261 0.151871473
vn 0.0289535895 -0.113997109 0.993059039
vn 0.052133739 0.173200339 0.983505785
vn 0.0977492407 0.398408592 0.911984444
vn -0.0192019772 -0.590671837 0.806683421
vn 0.0409538411 -0.47511968 -0.878967643
vn 0.0756246448 -0.550985098 -0.83108139
vn 0.0869338363 -0.718672037 -0.689893425
vn 0.0332350098 -0.319215417 -0.947099268
vn -0.00684083952 -0.160965934 -0.986936271
vn 0.124263972 -0.833354235 -0.538590074
vn -0.0225829482 0.243943617 -0.969526529
vn -0.0464121439 0.206786916 -0.977284551
vn -0.0388844535 0.500045359 -0.865125775
vn 0.0961171314 -0.910276532 -0.402688652
vn -0.0264633782 0.811938763 -0.583142459
vn -0.052011542 0.803682387 -0.592780948
vn -0.0316383466 0.965348065 -0.259040684
vn 0.0961171314 -0.910276532 -0.402688652
vn 0.131826282 -0.9478212 -0.290270299
vn 0.145877063 -0.983503938 0.106957309
vn 0.158161819 -0.969227433 0.188634381
vn 0.131380573 -0.854077756 0.503279626
vn -0.0150188403 0.97935462 0.201591015
vn 0.118567146 -0.509453535 0.852290332
vn 0.0861373097 -0.592551708 0.800913751
vn 0.0651795045 -0.11052037 0.991734266
vn -0.0156892166 0.981592715 -0.190340459
vn 0.037270017 0.441765398 0.896356106
vn 0.0227396023 0.215380624 0.976265371
vn -0.0143422894 0.685619533 0.727818727
vn -0.0156892166 0.981592715 -0.190340459
vn -0.0247708634 0.88089776 0.472657919
vn -0.0304481164 0.996215403 0.08141087
vn -0.0447656289 0.919717789 0.390019655
vn -0.0772307217 0.145565704 -0.986329615
vn -0.119375736 0.416101754 -0.90144819
vn -0.110326514 0.242586672 -0.963835895
vn -0.0717348084 0.240114048 -0.968090534
vn 0.148047179 -0.249395147 -0.957018316
vn 0.123067267 -0.217923716 -0.968175471
vn 0.451312721 -0.693155766 -0.56200707
vn -0.166745976 0.79677552 -0.580813646
vn -0.180517539 0.744800091 -0.642406642
vn -0.196602404 0.934462368 -0.296862781
vn 0.38184908 -0.856606781 0.347010165
vn -0.171796769 0.967423081 0.185952798
vn -0.191702843 0.975787401 0.105303697
vn -0.154535055 0.866324067 0.474975288
vn 0.303972393 -0.745222688 0.593501508
vn 0.202950522 -0.767419219 0.608176708
vn -0.0463348478 0.45179069 0.890919805
vn 0.141216666 -0.467250824 0.872774005
vn -0.132080868 0.826592445 0.547082722
vn 0.199586973 -0.786283791 0.584741712
vn 0.135745779 -0.575175524 0.806688368
vn 0.0588502325 -0.150895983 0.986796379
vn -0.104943238 0.616088033 0.780655086
vn -0.00785255432 0.1805076 0.983542204
vn -0.122268602 0.761557281 -0.636459708
vn -0.083977066 0.527689755 -0.845275939
vn -0.100105979 0.467407346 -0.87835592
vn -0.102310769 0.800964653 -0.589905202
vn -0.116300672 0.953832507 -0.276907146
vn -0.0671986565 0.24777706 -0.966483831
vn -0.0954794064 0.148173138 -0.984341562
vn 0.0284474269 -0.135657549 -0.990347266
vn -0.0958954245 0.974759102 0.201615274
vn 0.140943065 -0.170305356 -0.975259542
vn 0.358658582 -0.334407449 -0.871513426
vn 0.813766181 -0.371801436 -0.446708232
vn 0.709169209 -0.418628693 -0.567299724
vn 0.870581925 -0.482658952 -0.0955382511
vn -0.113469161 0.989559293 0.0888662562
vn -0.0965327919 0.869291723 0.484781742
vn -0.0707828477 0.661132336 0.74692297
vn 0.666388273 -0.660492003 0.345943719
vn 0.732296526 -0.606911421 0.3088696
vn 0.404726624 -0.669074953 0.623325884
vn 2.27484343E-05 0.456397742 0.889775932
vn 0.233623728 -0.393237412 0.88926053
vn 0.192793548 -0.47307232 0.859670401
vn 0.083059743 -0.0624915734 0.994583309
vn 0.0135121373 0.194399253 0.980829358
vn 0.0823950991 0.0264323913 0.996249139
vn 0.185460731 0.960185111 -0.208923116
vn 0.153271884 0.855428994 -0.494721055
vn 0.164756387 0.810702801 -0.56179738
vn 0.106036261 0.554562628 -0.82535851
vn 0.0349391513 0.217303276 -0.975478649
vn 0.0227601733 0.273059756 -0.961727798
vn -0.047194045 -0.138425574 -0.989247739
vn -0.0734139308 -0.394668579 -0.915885985
vn -0.107573733 -0.491440892 -0.864241779
vn -0.136875033 -0.75430584 -0.642096519
vn -0.130543977 -0.868781209 -0.477679253
vn -0.150748789 -0.951324582 -0.268805176
vn -0.130139127 -0.978945792 0.157254398
vn -0.147213638 -0.979555547 0.137110069
vn -0.120862573 -0.878292084 0.462596148
vn -0.148562104 -0.919787467 0.363208413
vn 0.185460731 0.960185111 -0.208923116
vn 0.164756387 0.810702801 -0.56179738
vn 0.192234203 0.961483717 0.196456388
vn 0.177023947 0.973393381 0.145491228
vn -0.120862573 -0.878292084 0.462596148
vn -0.102863237 -0.846976101 0.521584749
vn -0.0469274074 -0.604389906 0.795305431
vn -0.0859622359 -0.603693783 0.792568266
vn 0.0424533896 -0.0920759737 0.994846582
vn 0.128599197 0.406793416 0.904423177
vn 0.0730428994 0.269167244 0.960319638
vn 0.0651801825 0.409518987 0.909970164
vn 0.145997912 0.74619174 0.649524808
vn 0.192234203 0.961483717 0.196456388
vn 0.160074279 0.886457384 0.434246123
vn 0.177023947 0.973393381 0.145491228
vn 0.149825141 0.91208744 0.381639719
vn 0.0397491008 -0.140971005 -0.989215553
vn -0.0141367279 0.266717941 -0.963670909
vn -0.0283703804 0.222636506 -0.974488676
vn 0.0560580157 -0.38566795 -0.920933068
vn 0.0694027171 -0.873554289 0.48175323
vn 0.114931226 -0.980951965 0.156601533
vn 0.0903728604 -0.984260142 0.151870713
vn 0.101234876 -0.976621211 -0.189637601
vn 0.118046619 -0.954970837 -0.272205025
vn -0.122440115 0.909736335 0.396721661
vn -0.132748783 0.854454339 0.502280295
vn -0.155851617 0.965263367 0.209706753
vn -0.145299718 0.977204978 0.15478529
vn -0.0823474601 0.547411144 -0.832802415
vn -0.120524958 0.852435648 -0.508750618
vn -0.133680686 0.813206673 -0.566413641
vn -0.0283703804 0.222636506 -0.974488676
vn -0.119136788 0.960412502 -0.251821667
vn -0.137779951 0.974208891 -0.178699836
vn -0.139209032 0.970792711 0.195403486
vn -0.125681028 0.988696694 0.081750825
vn -0.115664378 0.889165044 0.442727059
vn -0.102188021 0.719940662 0.686471403
vn -0.107302956 0.414907277 0.903514266
vn -0.0577105582 0.250431389 0.966412783
vn -0.0468924977 -0.0973380357 0.994145989
vn 0.0018465477 -0.583623946 0.812021911
vn 0.0433959812 -0.600969255 0.798093259
vn 0.0590663403 -0.876895785 0.477037698
vn 0.0613035224 -0.984027028 0.167131126
vn 0.0788313821 -0.992010355 0.0984940454
vn 0.0647316277 -0.868613124 -0.491244435
vn 0.0834952071 -0.958871961 -0.271280468
vn 0.105647735 -0.92371726 -0.368218452
vn 0.0719674304 -0.741251469 -0.66735816
vn 0.0379437432 -0.374594897 -0.926411927
vn 0.0646010935 -0.482329696 -0.873604476
vn 0.0323185474 -0.134554118 -0.990379095
vn -0.019495802 0.226306185 -0.973861158
vn -0.000243269475 0.253804624 -0.967255473
vn -0.0562160052 0.532676041 -0.844450116
vn -0.106901713 0.810916841 -0.575313747
vn -0.0858741477 0.818822026 -0.567587972
vn -0.119136788 0.960412502 -0.251821667
vn -0.0331618041 -0.963754714 -0.264720649
vn -0.0137076192 -0.769888341 -0.638031363
vn -0.0363532715 -0.855939686 -0.515796185
vn -0.00376688549 -0.343651295 -0.939089775
vn -0.0204661731 -0.563269615 -0.826019585
vn 0.00857647881 -0.472389102 -0.881348431
vn 0.0186666641 -0.143650055 -0.989452481
vn 0.00200422993 0.236759126 -0.97156626
vn 0.0250073411 0.23003076 -0.972862065
vn -0.00263253856 0.513692737 -0.857970178
vn -0.0312648937 0.813867807 -0.580208242
vn -0.00871043373 0.808217704 -0.588819385
vn -0.0309244171 0.964792669 -0.261187315
vn -0.0479462184 0.978054047 0.202759683
vn -0.0355015509 0.995284617 0.0902679935
vn -0.0173150599 0.921542406 0.387891412
vn -0.0173150599 0.921542406 0.387891412
vn -0.0338056087 0.87793237 0.477589786
vn -0.0173150599 0.921542406 0.387891412
vn -0.0595564879 0.426289886 0.902623951
vn -0.0278807785 0.677370787 0.735113323
vn -0.0300422292 0.232751667 0.972072124
vn -0.0494745634 -0.0943207964 0.99431181
vn -0.0570725985 -0.546852946 0.835281134
vn -0.00283462554 -0.380167514 0.924913347
vn -0.0239084531 -0.614371657 0.788654447
vn -0.036252901 -0.870299339 0.491187215
vn -0.0501829945 -0.982038379 0.181885689
vn -0.0189069118 -0.919759452 0.392026842
vn -0.032534536 -0.983264983 0.179252431
vn -0.0511909686 -0.981310725 -0.185496181
vn -0.0511909686 -0.981310725 -0.185496181
vn -0.0331618041 -0.963754714 -0.264720649
vn -0.150339156 0.964349389 -0.21778059
vn -0.145299718 0.977204978 0.15478529
vn -0.155851617 0.965263367 0.209706753
vn -0.133680686 0.813206673 -0.566413641
vn 0.10839761 -0.758902609 -0.64211899
vn 0.0854659826 -0.487960786 -0.868671238
vn 0.0560580157 -0.38566795 -0.920933068
vn 0.100009494 -0.867742836 -0.48684749
vn -0.132748783 0.854454339 0.502280295
vn -0.0770667419 0.558005512 0.826250911
vn -0.0977437347 0.398409039 0.911984861
vn -0.155851617 0.965263367 0.209706753
vn 0.0694027171 -0.873554289 0.48175323
vn 0.0903728604 -0.984260142 0.151870713
vn 0.0192042775 -0.590672016 0.806683183
vn 0.0480716564 -0.538962662 0.840956807
vn -0.02894946 -0.113997072 0.993059158
vn 0.0192042775 -0.590672016 0.806683183
vn -0.0977437347 0.398409039 0.911984861
vn -0.0521303862 0.173200384 0.983506024
vn 0.0247712731 0.880896449 0.472660303
vn 0.0304465126 0.996215284 0.0814136639
vn 0.0447622538 0.919715762 0.390024751
vn 0.0150203891 0.979354382 0.201591805
vn 0.0156892203 0.981592834 -0.190339997
vn 0.0156892203 0.981592834 -0.190339997
vn 0.0143447574 0.685619473 0.727818787
vn 0.0316383503 0.965348125 -0.259040326
vn -0.0372651257 0.441765219 0.896356404
vn -0.0227369592 0.215380579 0.97626549
vn -0.0651757196 -0.110520333 0.991734505
vn 0.0264682397 0.811938703 -0.583142459
vn 0.0520150475 0.803682208 -0.592781007
vn 0.0388904847 0.500045002 -0.865125775
vn -0.118564785 -0.509453714 0.85229069
vn -0.0861373097 -0.592551708 0.800913751
vn -0.131380573 -0.854077756 0.503279626
vn -0.158163026 -0.969227433 0.188634142
vn -0.14587824 -0.983503819 0.106956996
vn 0.0225861724 0.243943453 -0.96952641
vn 0.0464121364 0.206786931 -0.977284551
vn 0.00684083579 -0.160965934 -0.986936271
vn -0.12426503 -0.833353996 -0.538590074
vn -0.0332350284 -0.319215596 -0.947099149
vn -0.131827474 -0.947820961 -0.290270567
vn -0.040953856 -0.475119889 -0.878967464
vn -0.0756246746 -0.550985456 -0.831081152
vn -0.0869338363 -0.718672216 -0.689893365
vn -0.0961171016 -0.910276651 -0.402688533
vn -0.0961171016 -0.910276651 -0.402688533
vn 0.0772280321 0.145565197 -0.986329854
vn 0.11032252 0.242586017 -0.963836551
vn 0.119374037 0.416101485 -0.901448548
vn 0.0717343912 0.240113944 -0.968090653
vn -0.148040563 -0.249395877 -0.95701915
vn -0.123061694 -0.217924342 -0.968176007
vn -0.451307237 -0.693156183 -0.562010944
vn 0.16674605 0.796775818 -0.580813289
vn 0.180517539 0.744800091 -0.642406642
vn 0.196602434 0.934462607 -0.296862155
vn -0.381850302 -0.856606364 0.347010016
vn 0.171797901 0.967422903 0.185953066
vn 0.191702813 0.975787401 0.105304159
vn 0.154536486 0.866323948 0.47497502
vn -0.303974122 -0.745221972 0.593501389
vn -0.202945918 -0.767420173 0.608177006
vn 0.0463339239 0.45179078 0.890919805
vn -0.141215369 -0.467251331 0.872773886
vn 0.132083312 0.826592445 0.547082305
vn -0.199581474 -0.786284924 0.58474201
vn -0.135743156 -0.575175941 0.806688428
vn -0.0588525012 -0.150895968 0.98679626
vn 0.10494446 0.616088092 0.780655026
vn 0.00785038993 0.18050763 0.983542204
vn -0.185458839 0.960185528 -0.208923116
vn -0.164759114 0.810702562 -0.561796963
vn -0.153274134 0.855428815 -0.494720787
vn -0.106041133 0.554562271 -0.825358093
vn -0.0349366143 0.217303187 -0.975478768
vn -0.0227578096 0.273059785 -0.961727858
vn 0.0471987799 -0.138425574 -0.989247501
vn 0.0734177828 -0.394668609 -0.915885687
vn 0.107574873 -0.491440922 -0.864241481
vn 0.136876464 -0.75430584 -0.642096221
vn 0.13054353 -0.868781388 -0.477679074
vn 0.150747135 -0.95132488 -0.268805265
vn 0.130136117 -0.978946149 0.157255143
vn 0.147207096 -0.979556322 0.137111336
vn 0.120858192 -0.878291905 0.462597668
vn 0.148553178 -0.919788063 0.363210529
vn -0.185458839 0.960185528 -0.208923116
vn -0.177021623 0.973393738 0.1454923
vn -0.192232743 0.961483955 0.196456686
vn -0.164759114 0.810702562 -0.561796963
vn 0.0469248667 -0.604389369 0.795305967
vn 0.102861725 -0.846975505 0.521586001
vn 0.120858192 -0.878291905 0.462597668
vn 0.0859615952 -0.603693366 0.792568624
vn -0.04245653 -0.0920759887 0.994846463
vn -0.12860249 0.406793207 0.904422879
vn -0.0730499029 0.269167066 0.960319102
vn -0.0651887059 0.409518778 0.909969628
vn -0.146000534 0.746191382 0.649524689
vn -0.192232743 0.961483955 0.196456686
vn -0.160073146 0.886456966 0.434247136
vn -0.177021623 0.973393738 0.1454923
vn -0.149823219 0.912087083 0.381641507
vn 0.0385249779 0.138314188 0.989638805
vn -0.015767755 -0.269528598 0.962863266
vn -0.0295715258 -0.22355181 0.974243402
vn 0.0553871319 0.385495633 0.92104578
vn 0.0681039393 0.872589827 -0.483682632
vn 0.113899037 0.98032409 -0.161219135
vn 0.0895840079 0.984322608 -0.151933298
vn 0.10082639 0.976670146 0.189603791
vn 0.117651038 0.954944432 0.272469074
vn -0.124932103 -0.90890038 -0.397859454
vn -0.134461477 -0.854535043 -0.501687229
vn -0.157614365 -0.965014219 -0.209535912
vn -0.147501975 -0.976552904 -0.156804264
vn -0.0840480104 -0.548877597 0.831666529
vn -0.12248414 -0.853638887 0.506259024
vn -0.135393515 -0.813243389 0.56595391
vn -0.0295715258 -0.22355181 0.974243402
vn -0.121663496 -0.960339069 0.250892222
vn -0.140223473 -0.97404927 0.177666426
vn -0.141642317 -0.970508337 -0.195067033
vn -0.128251165 -0.988215923 -0.0835519657
vn -0.11810042 -0.889387727 -0.44163537
vn -0.104561239 -0.72111392 -0.684880674
vn -0.109259464 -0.415273696 -0.903111398
vn -0.0596473031 -0.252525449 -0.965750039
vn -0.0484559126 0.0952439234 -0.994273961
vn 0.00087500416 0.58409977 -0.811681509
vn 0.0420890637 0.599125147 -0.799548388
vn 0.0582744479 0.876619995 -0.477641612
vn 0.0606469996 0.984096885 -0.166958869
vn 0.0780997649 0.992007852 -0.0991005301
vn 0.0640075654 0.868711829 0.491164863
vn 0.0828063041 0.958908379 0.27136302
vn 0.104774609 0.92372936 0.368437648
vn 0.0706347153 0.738150656 0.670928061
vn 0.0367944613 0.374290466 0.926581264
vn 0.0635401607 0.480985284 0.874423146
vn 0.0306915287 0.131809771 0.990799725
vn -0.0212636087 -0.227169707 0.973622978
vn -0.00232704682 -0.256507963 0.966539264
vn -0.0584723875 -0.534099996 0.843396842
vn -0.109308012 -0.811006844 0.57473433
vn -0.0884239748 -0.81964761 0.566002667
vn -0.121663496 -0.960339069 0.250892222
vn -0.034322314 0.963748097 0.264597118
vn -0.0149744507 0.770157754 0.637677789
vn -0.0375961065 0.855936229 0.515712798
vn -0.00513152732 0.343278855 0.939219475
vn -0.0215501431 0.562475622 0.82653296
vn 0.00739695411 0.471219599 0.88198483
vn 0.0171863157 0.141721278 0.989757419
vn 0.000244681141 -0.237288028 0.971439242
vn 0.0230781473 -0.232354209 0.972357392
vn -0.00477242516 -0.515066206 0.857137084
vn -0.0337367877 -0.813950121 0.579954326
vn -0.0113171469 -0.809340894 0.587230146
vn -0.0336598456 -0.964959025 0.260232538
vn -0.050855875 -0.97796154 -0.20249632
vn -0.0393008068 -0.995498598 -0.0862428695
vn -0.0215900131 -0.921175659 -0.388547659
vn -0.0215900131 -0.921175659 -0.388547659
vn -0.0371000171 -0.877982497 -0.477252871
vn -0.0215900131 -0.921175659 -0.388547659
vn -0.0621683523 -0.426755011 -0.902227998
vn -0.0307452679 -0.678210914 -0.734223843
vn -0.0325153135 -0.234588861 -0.971550703
vn -0.0517109185 0.0920891985 -0.994407177
vn -0.0589334108 0.547007024 -0.83505106
vn -0.0053707296 0.378356516 -0.925644279
vn -0.0260087717 0.613411605 -0.789335072
vn -0.0379070267 0.869673789 -0.492169201
vn -0.0515944324 0.981979847 -0.181806043
vn -0.0209864248 0.918904245 -0.393922061
vn -0.0342393778 0.982660592 -0.182224542
vn -0.0523050204 0.981346667 0.184994444
vn -0.0523050204 0.981346667 0.184994444
vn -0.034322314 0.963748097 0.264597118
vn -0.152214587 -0.964252174 0.216906786
vn -0.147501975 -0.976552904 -0.156804264
vn -0.157614365 -0.965014219 -0.209535912
vn -0.135393515 -0.813243389 0.56595391
vn 0.107906416 0.758569956 0.642594516
vn 0.0847854242 0.487002462 0.86927551
vn 0.0553871319 0.385495633 0.92104578
vn 0.0995513275 0.867850661 0.486749232
vn -0.134461477 -0.854535043 -0.501687229
vn -0.0789498389 -0.555811524 -0.827550888
vn -0.0997206792 -0.39896062 -0.911529601
vn -0.157614365 -0.965014219 -0.209535912
vn 0.0681039393 0.872589827 -0.483682632
vn 0.0895840079 0.984322608 -0.151933298
vn 0.0176683329 0.590624869 -0.806752741
vn 0.0461155698 0.535614908 -0.843202174
vn -0.0310271662 0.111786313 -0.993247747
vn 0.0176683329 0.590624869 -0.806752741
vn -0.0997206792 -0.39896062 -0.911529601
vn -0.0542321019 -0.173574299 -0.983326375
vn -0.0885217339 0.714666247 0.693841517
vn -0.0768710524 0.549626589 0.831866324
vn -0.0422915518 0.473878592 0.87957406
vn -0.0347402804 0.31838277 0.947325468
vn 0.00531969173 0.159690857 0.987152755
vn -0.125849321 0.832965136 0.538823664
vn 0.0207861103 -0.244358152 0.969462276
vn 0.0446187854 -0.208877519 0.976923406
vn 0.0368380696 -0.501451313 0.864401281
vn -0.0985427722 0.909918904 0.402910709
vn 0.0237103123 -0.811966181 0.583222687
vn 0.0494194552 -0.805363894 0.590717256
vn 0.0288798064 -0.965112388 0.260238469
vn -0.0985427722 0.909918904 0.402910709
vn -0.133776739 0.94763875 0.289973438
vn -0.147666693 0.983147204 -0.107778512
vn -0.159805879 0.9689942 -0.188447088
vn -0.133105367 0.853503525 -0.503800333
vn 0.011666243 -0.979513884 -0.201038271
vn -0.120730169 0.509352922 -0.852046907
vn -0.0881399587 0.590451777 -0.802245677
vn -0.0673990995 0.108628556 -0.991795003
vn 0.0124102458 -0.981639922 0.190339252
vn -0.0401544981 -0.442313045 -0.895961404
vn -0.0252178758 -0.217373401 -0.975762665
vn 0.0112883458 -0.686826229 -0.726733983
vn 0.0124102458 -0.981639922 0.190339252
vn 0.0215324406 -0.881587029 -0.47153011
vn 0.026812654 -0.996388435 -0.080567725
vn 0.0410947315 -0.920384526 -0.38884905
vn 0.0746216178 -0.153739437 0.985289752
vn 0.110576324 -0.253682673 0.960946441
vn 0.117856555 -0.405788392 0.906336367
vn 0.0675482154 -0.244028464 0.96741271
vn -0.155154526 0.245038942 0.957017779
vn -0.130821332 0.214267656 0.967974782
vn -0.457963884 0.690719604 0.559620798
vn 0.164810643 -0.797173858 0.580819488
vn 0.178596914 -0.745981872 0.641571641
vn 0.194601476 -0.935092807 0.296195626
vn -0.384674907 0.855205655 -0.347344786
vn 0.16969493 -0.967820346 -0.185815185
vn 0.189318493 -0.97613281 -0.106411546
vn 0.152323559 -0.866718233 -0.47497046
vn -0.306336403 0.742484272 -0.595713973
vn -0.205116495 0.766321778 -0.608833492
vn 0.0442989878 -0.452243239 -0.8907938
vn -0.143255889 0.466309696 -0.872945011
vn 0.130172059 -0.827113211 -0.546753168
vn -0.20164077 0.785362184 -0.585275352
vn -0.13762942 0.573410273 -0.807625413
vn -0.0605589896 0.150013089 -0.986827612
vn 0.102645114 -0.616179883 -0.7808882
vn 0.00597522967 -0.181258544 -0.983417332
vn 0.0962242484 -0.470721483 0.877018929
vn 0.0801298916 -0.529736578 0.844368637
vn 0.119731203 -0.771900594 0.62436676
vn 0.0982755125 -0.801835656 0.589407742
vn 0.112711951 -0.954436243 0.276310474
vn 0.0632698163 -0.249562919 0.966289461
vn 0.0923454985 -0.152844802 0.983926177
vn -0.0323753096 0.133439705 0.990527987
vn 0.0923182145 -0.97516191 -0.201337337
vn -0.145173624 0.16747947 0.975128353
vn -0.366399884 0.330969453 0.869603574
vn -0.82564652 0.356515139 0.437269658
vn -0.717101097 0.408710122 0.564554632
vn -0.87748605 0.470690846 0.0920231566
vn 0.109676994 -0.989994466 -0.0887804031
vn 0.0932048559 -0.87014848 -0.483895123
vn 0.0675581917 -0.662352145 -0.74614048
vn -0.673071206 0.653533041 -0.346222132
vn -0.739420891 0.598035991 -0.309208304
vn -0.409437954 0.666194737 -0.623333991
vn -0.00350295589 -0.457515627 -0.889194667
vn -0.237328932 0.391286522 -0.889139891
vn -0.195606336 0.468104273 -0.861752033
vn -0.0860953256 0.0591595471 -0.99452883
vn -0.0164246932 -0.196635917 -0.980338991
vn -0.0853592232 -0.0282403976 -0.995949864
vn -0.187490687 -0.960059583 0.207684427
vn -0.16655685 -0.810783148 0.561150253
vn -0.155405164 -0.856675565 0.49189043
vn -0.107800454 -0.556157649 0.824055672
vn -0.0360818878 -0.218252689 0.975225031
vn -0.0244516954 -0.276121646 0.960811615
vn 0.0459508114 0.135703981 0.98968327
vn 0.0728671998 0.394642502 0.915940881
vn 0.106969312 0.490614533 0.864786148
vn 0.136425301 0.754102767 0.642430723
vn 0.130155146 0.868920147 0.477532685
vn 0.150315836 0.951439202 0.268642306
vn 0.129765406 0.979035735 -0.157003403
vn 0.1467219 0.979370713 -0.138944417
vn 0.120457508 0.878103614 -0.463059366
vn 0.147917435 0.919324219 -0.364641547
vn -0.187490687 -0.960059583 0.207684427
vn -0.179599941 -0.972709417 -0.146902651
vn -0.194130883 -0.961211801 -0.195920855
vn -0.16655685 -0.810783148 0.561150253
vn 0.0465573072 0.605160236 -0.794741213
vn 0.102559827 0.846944034 -0.521696508
vn 0.120457508 0.878103614 -0.463059366
vn 0.0850800574 0.601787686 -0.794111431
vn -0.0436228849 0.08987353 -0.994997382
vn -0.129964367 -0.407336235 -0.903983712
vn -0.0746904686 -0.272008508 -0.959391773
vn -0.0671781451 -0.412015498 -0.908697009
vn -0.147894576 -0.748002946 -0.647007465
vn -0.194130883 -0.961211801 -0.195920855
vn -0.162474781 -0.886310399 -0.43365401
vn -0.179599941 -0.972709417 -0.146902651
vn -0.152857319 -0.911338627 -0.382225543
vn -0.038524989 0.138314173 0.989638805
vn -0.0553854294 0.385495961 0.92104578
vn 0.0295696575 -0.223552063 0.974243402
vn 0.0157676656 -0.269527256 0.962863684
vn -0.0681057423 0.872589827 -0.483682483
vn -0.089585498 0.984322488 -0.151933491
vn -0.113899305 0.98032403 -0.161219925
vn -0.100827351 0.976670027 0.189603552
vn -0.117651626 0.954944313 0.272468954
vn 0.124932081 -0.90890038 -0.397859335
vn 0.147501931 -0.976552904 -0.156803995
vn 0.157612026 -0.965014517 -0.209536001
vn 0.134457722 -0.854535401 -0.501687646
vn 0.0840437114 -0.548878014 0.831666708
vn 0.0295696575 -0.223552063 0.974243402
vn 0.135390088 -0.813243926 0.565953851
vn 0.122482121 -0.853639364 0.506258905
vn 0.141643792 -0.970508099 -0.195067018
vn 0.140223533 -0.97404927 0.177666217
vn 0.121663526 -0.960339069 0.250892133
vn 0.12825121 -0.988215923 -0.0835520774
vn 0.118101932 -0.889387548 -0.441635281
vn 0.104563311 -0.721113861 -0.684880555
vn 0.10926342 -0.415273517 -0.903110981
vn 0.0596491322 -0.252525449 -0.965749919
vn 0.0484591685 0.0952439532 -0.994273722
vn -0.000874967605 0.584100008 -0.811681271
vn -0.0420900807 0.599125326 -0.799548149
vn -0.0582760461 0.876620054 -0.477641225
vn -0.0606480502 0.984097004 -0.166958109
vn -0.0780997649 0.992007852 -0.0990999639
vn -0.0640105605 0.868711531 0.491164893
vn -0.0828064978 0.958908141 0.271363556
vn -0.104775071 0.92372936 0.368437618
vn -0.070639275 0.738150835 0.670927286
vn -0.0368008502 0.374290824 0.926580846
vn -0.0635430366 0.480985433 0.874422789
vn -0.0306961574 0.13180998 0.990799606
vn 0.0212591849 -0.227169812 0.973623097
vn 0.00233119261 -0.256509423 0.966538966
vn 0.0584729314 -0.534100473 0.843396425
vn 0.109306186 -0.811007023 0.574734628
vn 0.0884226263 -0.81964767 0.566002846
vn 0.121663526 -0.960339069 0.250892133
vn 0.0343222693 0.963748634 0.264595002
vn 0.0375978984 0.855937541 0.515710533
vn 0.0149765546 0.770158291 0.637676895
vn 0.0051336647 0.343279898 0.939219058
vn 0.0215540677 0.562477291 0.826531768
vn -0.00739512686 0.471220553 0.881984472
vn -0.0171862897 0.141721249 0.989757419
vn -0.000246609183 -0.237287775 0.971439362
vn -0.0230781343 -0.232354209 0.972357392
vn 0.00476864586 -0.51506561 0.857137442
vn 0.0337329432 -0.813949525 0.57995528
vn 0.0113147721 -0.809340715 0.587230444
vn 0.033658769 -0.964958847 0.260233581
vn 0.050854113 -0.977961779 -0.202495977
vn 0.0392987579 -0.995498717 -0.086243473
vn 0.0215877183 -0.921174467 -0.388550609
vn 0.0215877183 -0.921174467 -0.388550609
vn 0.0370981731 -0.877981842 -0.477254212
vn 0.0215877183 -0.921174467 -0.388550609
vn 0.0621652044 -0.426754981 -0.902228177
vn 0.0307443626 -0.678210855 -0.734223962
vn 0.0325134844 -0.234588832 -0.971550703
vn 0.0517078452 0.0920891762 -0.994407296
vn 0.0589316227 0.547006428 -0.835051477
vn 0.00537073007 0.378356487 -0.925644398
vn 0.0260087475 0.613411188 -0.78933531
vn 0.0379070044 0.869673491 -0.492169768
vn 0.0515943505 0.981979489 -0.181808233
vn 0.0209864248 0.918904245 -0.393922061
vn 0.0342393294 0.982660353 -0.182225838
vn 0.0523049422 0.981347322 0.184990898
vn 0.0523049422 0.981347322 0.184990898
vn 0.0343222693 0.963748634 0.264595002
vn 0.152214542 -0.964252055 0.216907158
vn 0.135390088 -0.813243926 0.565953851
vn 0.157612026 -0.965014517 -0.209536001
vn 0.147501931 -0.976552904 -0.156803995
vn -0.107904799 0.758570254 0.642594576
vn -0.0995506197 0.86785084 0.486749053
vn -0.0553854294 0.385495961 0.92104578
vn -0.0847841129 0.48700276 0.86927563
vn 0.134457722 -0.854535401 -0.501687646
vn 0.157612026 -0.965014517 -0.209536001
vn 0.099717766 -0.398960739 -0.911529899
vn 0.0789481252 -0.555811584 -0.827551007
vn -0.0681057423 0.872589827 -0.483682483
vn -0.0461074784 0.535614371 -0.843202949
vn -0.0176695585 0.590624869 -0.806752861
vn -0.089585498 0.984322488 -0.151933491
vn 0.0310296863 0.111785993 -0.993247747
vn 0.0542312525 -0.173574343 -0.983326375
vn 0.099717766 -0.398960739 -0.911529899
vn -0.0176695585 0.590624869 -0.806752861
vn -0.02153036 -0.88158679 -0.471530616
vn -0.0410947166 -0.920384109 -0.388849974
vn -0.0268120989 -0.996388316 -0.08056961
vn -0.011663856 -0.979513645 -0.201039553
vn -0.012409281 -0.981640399 0.190336689
vn -0.012409281 -0.981640399 0.190336689
vn -0.0112858331 -0.686826289 -0.726734042
vn -0.028879147 -0.965112925 0.26023674
vn 0.0401594266 -0.442313045 -0.895961225
vn 0.0252204929 -0.217373416 -0.975762665
vn 0.0674029812 0.108629607 -0.991794527
vn -0.0237123687 -0.811966419 0.58322233
vn -0.0494211838 -0.805363536 0.590717375
vn -0.0368412808 -0.501451671 0.864400923
vn 0.120729953 0.50935322 -0.852046728
vn 0.0881380588 0.590453327 -0.802244663
vn 0.133102685 0.853503764 -0.503800631
vn 0.159803942 0.968994439 -0.188447818
vn 0.147666693 0.983147085 -0.107779019
vn -0.0207877904 -0.244358331 0.969462216
vn -0.0446191542 -0.208879352 0.976922989
vn -0.00531970896 0.159690857 0.987152755
vn 0.125854328 0.832964897 0.538822889
vn 0.0347449593 0.318382591 0.947325408
vn 0.13377893 0.947638631 0.289972872
vn 0.0422966331 0.473878443 0.879573882
vn 0.0768803656 0.549626052 0.831865728
vn 0.0885296613 0.714665651 0.693841159
vn 0.0985476449 0.909918308 0.40291056
vn 0.0985476449 0.909918308 0.40291056
vn -0.0746174157 -0.153740779 0.985289872
vn -0.117849395 -0.405789286 0.906336844
vn -0.110570014 -0.25368467 0.960946679
vn -0.0675440729 -0.244028598 0.967412949
vn 0.155154392 0.245038956 0.957017839
vn 0.130821198 0.214267641 0.967974782
vn 0.457960188 0.690721989 0.559620798
vn -0.1648065 -0.797174096 0.580820262
vn -0.178593263 -0.74598217 0.641572356
vn -0.194601476 -0.935092807 0.296195626
vn 0.384670675 0.855207741 -0.347344548
vn -0.169694155 -0.967820466 -0.185815647
vn -0.189318493 -0.97613281 -0.106411569
vn -0.15232259 -0.866718173 -0.474970996
vn 0.306334376 0.742485166 -0.595713794
vn 0.205116585 0.766321957 -0.608833134
vn -0.0442981608 -0.452243 -0.890793979
vn 0.143255964 0.466309965 -0.872944832
vn -0.130170405 -0.827112973 -0.546753883
vn 0.201640859 0.785362542 -0.585274875
vn 0.137629479 0.573410451 -0.807625234
vn 0.0605589636 0.150013089 -0.986827612
vn -0.102644272 -0.616179705 -0.780888438
vn -0.00597525761 -0.181258544 -0.983417332
vn 0.187490717 -0.960059702 0.207684085
vn 0.155405223 -0.856675684 0.491890252
vn 0.166556939 -0.810783386 0.561149776
vn 0.107800566 -0.556158006 0.824055433
vn 0.0360772647 -0.218252882 0.975225151
vn 0.024449287 -0.276121676 0.960811615
vn -0.0459556915 0.135703966 0.989683032
vn -0.0728733614 0.394642472 0.915940404
vn -0.106972173 0.490614533 0.86478579
vn -0.136428803 0.754102528 0.642430186
vn -0.13015765 0.868919671 0.477532715
vn -0.150315762 0.951438963 0.268642962
vn -0.129766196 0.979035616 -0.157003
vn -0.146719262 0.979371428 -0.138942957
vn -0.120457597 0.878103673 -0.463059336
vn -0.147913054 0.919325471 -0.364639938
vn 0.187490717 -0.960059702 0.207684085
vn 0.166556939 -0.810783386 0.561149776
vn 0.194132164 -0.961211622 -0.195920944
vn 0.179599926 -0.972709179 -0.146903723
vn -0.120457597 0.878103673 -0.463059336
vn -0.102562666 0.84694308 -0.521697521
vn -0.0465620719 0.605159223 -0.79474169
vn -0.0850811973 0.60178721 -0.794111669
vn 0.0436168946 0.0898735002 -0.994997621
vn 0.129960671 -0.407336324 -0.903984189
vn 0.0746880695 -0.272008538 -0.959392011
vn 0.0671792179 -0.412015587 -0.908697009
vn 0.147896856 -0.748002827 -0.647007108
vn 0.194132164 -0.961211622 -0.195920944
vn 0.162475914 -0.886309922 -0.433654577
vn 0.179599926 -0.972709179 -0.146903723
vn 0.152857289 -0.911338151 -0.382226974
vn -0.0509031713 0.963407397 0.263163269
vn -0.0455845781 0.989953756 -0.133841306
vn -0.0238936394 0.985340297 -0.168918476
vn -0.021660367 0.87008673 -0.492422462
vn -0.0396136083 0.864600718 0.50089556
vn -0.0643558204 0.775894523 0.627571404
vn -0.0313668028 0.576712549 0.816344678
vn 0.0254941937 0.572051346 -0.819821537
vn -0.01895505 0.579262733 -0.814920485
vn 0.0564503297 0.0920099393 -0.994156718
vn -0.0321815312 0.368554473 0.929048955
vn -0.0604333282 0.485594988 0.872092485
vn -0.0358679406 0.139249891 0.989607513
vn 0.105096191 -0.418095231 -0.902303278
vn 0.0207550116 -0.225480705 0.974026442
vn -0.00718923844 -0.2282978 0.973564804
vn 0.0595169254 -0.527027428 0.847761631
vn 0.0574984811 -0.233844861 -0.970572233
vn 0.0868243799 -0.686392963 -0.722029328
vn 0.109041154 -0.874895453 -0.471877128
vn 0.117737055 -0.815808594 0.566210568
vn 0.136167631 -0.968690991 -0.207596108
vn 0.121242501 -0.981156766 -0.15043804
vn 0.130401567 -0.967657566 0.215949744
vn 0.0912177935 -0.593063891 0.79997164
vn 0.0958159938 -0.845656693 0.525056303
vn 0.877486229 0.470690548 0.0920231789
vn 0.739420831 0.598035991 -0.309208274
vn 0.673071086 0.65353322 -0.346221983
vn 0.409437984 0.666194916 -0.623333573
vn 0.717101276 0.408709437 0.56455493
vn 0.825647235 0.3565135 0.437269747
vn 0.23732315 0.391287178 -0.889141202
vn 0.195606366 0.468104392 -0.861751974
vn 0.0860849395 0.0591595061 -0.994529784
vn 0.145163372 0.167478949 0.975129962
vn 0.366399616 0.330968142 0.86960417
vn 0.0323632322 0.133438632 0.990528524
vn 0.00349811465 -0.457515299 -0.889194846
vn -0.0632790253 -0.249562919 0.966288805
vn -0.0923536345 -0.152844697 0.983925462
vn -0.0962243006 -0.470721781 0.87701875
vn 0.085345313 -0.0282403473 -0.995951056
vn 0.0164175071 -0.196635723 -0.98033911
vn -0.067555204 -0.662352145 -0.746140659
vn -0.0982755274 -0.801835775 0.589407504
vn -0.0923158899 -0.975162029 -0.201337472
vn -0.0801299438 -0.529736876 0.844368339
vn -0.119731218 -0.771900773 0.624366581
vn -0.112711936 -0.954436243 0.276310444
vn -0.0932021961 -0.870148659 -0.483895391
vn -0.109676972 -0.989994466 -0.0887804255
vn 0.0509023555 0.963406742 0.263166219
vn 0.0238939151 0.985340416 -0.168918282
vn 0.0455840826 0.989953876 -0.133841068
vn 0.0216618702 0.87008673 -0.492422342
vn 0.0396160223 0.864600301 0.500896037
vn 0.0643592626 0.775892675 0.62757355
vn -0.0254919399 0.572051287 -0.819821596
vn 0.0189557839 0.579261839 -0.814921081
vn -0.0564485788 0.0920093954 -0.994156837
vn 0.0321883895 0.36855495 0.929048538
vn -0.105093211 -0.418095291 -0.902303576
vn 0.0313738473 0.576713622 0.816343665
vn 0.0604365394 0.485595465 0.872091949
vn 0.0358736068 0.139249846 0.989607275
vn -0.0574973896 -0.233844861 -0.970572293
vn -0.0868221223 -0.686393082 -0.722029448
vn -0.109038986 -0.874895632 -0.471877337
vn -0.020752551 -0.225480542 0.974026561
vn 0.00719278539 -0.22829783 0.973564804
vn -0.0595229119 -0.527027071 0.847761452
vn -0.136165917 -0.96869117 -0.207596645
vn -0.121242501 -0.981156766 -0.150438398
vn -0.130401611 -0.967657685 0.215949208
vn -0.117742293 -0.815808177 0.566210032
vn -0.0912267342 -0.593063176 0.799971104
vn -0.095819287 -0.845656395 0.525056064
vn 0.0519060753 -0.963285029 -0.263415307
vn 0.0250295047 -0.985283375 0.169086739
vn 0.0468741208 -0.990090609 0.132376477
vn 0.0230055992 -0.870587468 0.491475612
vn 0.0412597768 -0.864388347 -0.501129091
vn 0.0637692213 -0.761749983 -0.644725025
vn -0.02378604 -0.57174027 0.820089757
vn 0.0209125672 -0.581824422 0.813045442
vn -0.0541466288 -0.0944005102 0.994060695
vn 0.0351176485 -0.368422687 -0.928994834
vn -0.102246217 0.417686611 0.902819812
vn 0.0337493569 -0.576732874 -0.816235304
vn 0.0630691126 -0.486922145 -0.871165335
vn 0.0394004844 -0.142317459 -0.98903662
vn -0.0548101068 0.23192963 0.971187174
vn -0.0836269259 0.685575664 0.723182321
vn -0.105724595 0.874936163 0.472555876
vn -0.0170118157 0.223987952 -0.974443495
vn 0.0113029461 0.225802019 -0.974107683
vn -0.0557450429 0.525295198 -0.849092126
vn -0.132854432 0.969078839 0.207932428
vn -0.11759498 0.981811464 0.149055466
vn -0.126971185 0.967741847 -0.217609882
vn -0.113943778 0.815238535 -0.56780529
vn -0.0872733667 0.590202451 -0.802523732
vn -0.09180291 0.843636036 -0.529008925
vn -0.870582044 -0.482658744 -0.0955378935
vn -0.666388273 -0.660491586 0.345944405
vn -0.732296586 -0.606911123 0.308869779
vn -0.404726475 -0.669074357 0.62332654
vn -0.709155738 -0.418635011 -0.567311943
vn -0.813759387 -0.371806115 -0.446716666
vn -0.233629167 -0.393236518 0.889259517
vn -0.192793399 -0.473071963 0.859670699
vn -0.0830697045 -0.0624916032 0.994582355
vn -0.140935242 -0.170306504 -0.975260437
vn -0.358638525 -0.334410608 -0.871520519
vn -0.0284474362 -0.135657534 -0.990347266
vn -2.96789185E-05 0.456398129 0.889775753
vn 0.067198649 0.24777703 -0.966483831
vn 0.0954793841 0.148173138 -0.984341562
vn 0.100106001 0.467407256 -0.87835598
vn -0.0824084878 0.0264323261 0.996248066
vn -0.0135190822 0.194399327 0.980829239
vn 0.0707828626 0.661132455 0.746922791
vn 0.102310784 0.800964594 -0.589905322
vn 0.0958954319 0.974759221 0.20161508
vn 0.0839770809 0.527689576 -0.845275998
vn 0.122268595 0.761557162 -0.636459768
vn 0.11630065 0.953832507 -0.276907116
vn 0.0965327919 0.869291842 0.484781384
vn 0.113469139 0.989559293 0.0888662934
vn -0.0519053489 -0.963285029 -0.263415545
vn -0.0468736254 -0.990090609 0.132376328
vn -0.0250283871 -0.985283375 0.169086739
vn -0.0230047312 -0.870587349 0.49147585
vn -0.0412573703 -0.864388347 -0.501129329
vn -0.0637668371 -0.761750102 -0.644725204
vn 0.023783939 -0.571740031 0.820089996
vn -0.0209120978 -0.581824422 0.813045561
vn 0.0541411005 -0.0944005176 0.994061053
vn -0.0351160206 -0.368422687 -0.928994954
vn 0.102241874 0.417686969 0.90282011
vn -0.0337451063 -0.576732874 -0.816235542
vn -0.063067168 -0.486922204 -0.871165454
vn -0.0394017398 -0.142317459 -0.9890365
vn 0.0548066907 0.231929615 0.971187413
vn 0.0836269706 0.685576141 0.723181725
vn 0.105724633 0.874936461 0.47255531
vn 0.0170105956 0.223988026 -0.974443495
vn -0.0113037359 0.225802004 -0.974107683
vn 0.0557448901 0.525295258 -0.849092126
vn 0.132854432 0.969078839 0.207932353
vn 0.117594965 0.981811464 0.149055898
vn 0.126971185 0.967741966 -0.217609152
vn 0.113943696 0.815238833 -0.567804992
vn 0.0872731581 0.59020263 -0.802523732
vn 0.0918028057 0.843636096 -0.529008865
vn -0.961658895 0.245034173 -0.123168208
vn -0.961141467 0.250090539 -0.116883412
vn -0.986963332 0.0795089975 -0.139934316
vn -0.987707436 0.0751752183 -0.137050435
vn -0.964574695 0.25243634 0.0766263306
vn -0.998667717 0.0348641314 0.038042821
vn -0.965475678 0.244517967 0.089820154
vn -0.998796701 0.0336247794 0.035700392
vn -0.988792479 0.0351237506 0.145106032
vn -0.976587236 0.209726185 0.0478789397
vn -0.989853084 0.0230384953 0.140214607
vn -0.97907877 0.194144905 0.0609303825
vn -0.995874941 -0.0586050041 -0.069271408
vn -0.979613543 0.151789039 -0.131595805
vn -0.996142685 -0.0613779947 -0.0627105013
vn -0.977368116 0.174797311 -0.119152561
vn -0.984493792 0.00164579018 -0.17541112
vn -0.996781468 -0.0577116124 0.0556412041
vn -0.996886909 -0.0595457628 0.0516798124
vn -0.98368144 0.00813395064 -0.179734796
vn -0.980745912 0.173669457 0.0893114507
vn -0.96112448 0.222820863 -0.163066357
vn -0.983249724 0.1478374 0.106602199
vn -0.960752964 0.231435493 -0.152942136
vn -0.98276937 0.13017562 -0.131219909
vn -0.966220319 0.244852662 0.0804074034
vn -0.98063159 0.16090861 -0.111669883
vn -0.967145264 0.234419793 0.0983733609
vn -0.991238654 -0.111809514 -0.0703177899
vn -0.986097157 -0.00293644099 0.166143984
vn -0.991075873 -0.109149516 -0.0765178353
vn -0.98696053 -0.0179024842 0.159963921
vn -0.756691217 0.620840728 0.204878241
vn -0.737284362 0.675327241 -0.0185699277
vn -0.762885988 0.644519806 -0.0509830639
vn -0.739066243 0.646262228 0.190068945
vn -0.894814432 0.420291036 -0.150540978
vn -0.906971633 0.390195996 0.158585832
vn -0.896751225 0.416339934 -0.149994344
vn -0.90056169 0.399320066 0.171848863
vn -0.965162635 0.230243593 -0.12429329
vn -0.955731571 0.288014352 0.0602070726
vn -0.964108407 0.234329551 -0.124838375
vn -0.956034839 0.286886632 0.0607749224
vn -0.989993274 0.135626242 -0.0389731824
vn -0.979393721 0.19440183 0.0547341146
vn -0.989908457 0.135898054 -0.0401608087
vn -0.980428278 0.189480826 0.0534550361
vn -0.994597077 0.100200824 0.0271375794
vn -0.994535327 0.10059981 0.0279145874
vn -0.971955419 0.232998639 0.0318483524
vn -0.973895371 0.223356083 0.0404940061
vn -0.985462189 0.135138541 -0.1029649
vn -0.976689935 0.18360512 -0.111202508
vn -0.984844983 0.138194531 -0.1047979
vn -0.974577188 0.198808551 -0.103317052
vn -0.960464299 0.264652342 -0.0864137709
vn -0.998453379 0.0145670669 -0.0536540374
vn -0.960037172 0.267364562 -0.0827334523
vn -0.998239875 0.0159102865 -0.0571324974
vn -0.962084591 0.264582247 0.0662524328
vn -0.99029994 0.0847373456 0.110115655
vn -0.962838054 0.25975275 0.0739698932
vn -0.989045739 0.0940140784 0.113798372
vn -0.970353723 0.239638582 0.031418737
vn -0.970874131 0.237586096 0.0309218075
vn -0.954152167 0.297208577 0.0355066955
vn -0.953923762 0.29798463 0.0351385474
vn -0.979275286 0.200591892 -0.0279788245
vn -0.934198976 0.349184781 0.0730901435
vn -0.979247153 0.200664565 -0.028440088
vn -0.935211003 0.347005606 0.0704812557
vn -0.96302706 0.262136519 -0.0621554218
vn -0.900803685 0.428287506 0.071572423
vn -0.963559926 0.260034561 -0.0627237111
vn -0.901292145 0.427048773 0.0728140846
vn -0.943560243 0.328993469 -0.038175825
vn -0.910437882 0.413638502 0.00245682918
vn -0.943694711 0.328577101 -0.0384353027
vn -0.916525543 0.399958521 -0.00375335454
vn -0.987828851 0.0195415746 0.154312462
vn -0.988851488 0.00619760482 0.148775995
vn -0.966337323 0.239802375 0.0932041705
vn -0.965424836 0.248735681 0.0780105144
vn -0.994814157 -0.0735697374 -0.0702295378
vn -0.961273491 0.238312319 -0.138421029
vn -0.995057344 -0.0771122426 -0.0625660866
vn -0.96173805 0.231024295 -0.14726764
vn -0.979208589 0.175716013 -0.101361923
vn -0.985701084 0.0345519409 -0.164922938
vn -0.981815636 0.147507593 -0.119497634
vn -0.9865008 0.0289111026 -0.161183834
vn -0.981562078 0.165750161 0.095198065
vn -0.998491883 -0.0230514705 0.0498248637
vn -0.979013681 0.187080711 0.0808278471
vn -0.99867624 -0.0255796034 0.0446237512
vn -0.964480281 0.253305346 0.074927859
vn -0.965381145 0.245627582 0.0877861604
vn -0.961319685 0.246183231 -0.123525225
vn -0.961841106 0.240246341 -0.130932838
vn -0.988869071 0.0376908518 0.143935248
vn -0.986885905 0.0598153919 -0.149928093
vn -0.990070522 0.0239501391 0.138516277
vn -0.987755001 0.0541103818 -0.146328673
vn -0.995625973 -0.0619646162 -0.0699227974
vn -0.999002039 0.00442173472 0.0444459207
vn -0.99581486 -0.0636720955 -0.0655645505
vn -0.999119461 0.00315695629 0.0418366194
vn -0.978367031 0.173271284 -0.113026887
vn -0.978315592 0.197056055 0.0637777671
vn -0.980644405 0.148715541 -0.127357945
vn -0.980906785 0.178121194 0.078069061
vn -0.957380831 0.284110516 -0.0519927554
vn -0.975842535 0.208382085 -0.0656372979
vn -0.976057708 0.207541779 -0.0650984868
vn -0.957153678 0.285145223 -0.0504885502
vn -0.981209338 0.192616507 0.0112708928
vn -0.960040689 0.274142802 0.0562816635
vn -0.981251717 0.192418247 0.0109699983
vn -0.960620046 0.271101594 0.0609348752
vn -0.962878406 0.269785523 -0.00900352746
vn -0.98658061 0.136153623 0.090115875
vn -0.963922203 0.266158342 -0.00371600199
vn -0.9877159 0.129415572 0.0875715688
vn -0.972566068 0.203787476 -0.112187289
vn -0.996465206 0.0674344599 -0.050095547
vn -0.970919192 0.213254154 -0.108805068
vn -0.99662149 0.0667182878 -0.0478986949
vn 0.987706721 0.0751852691 -0.137049824
vn 0.961139023 0.250100523 -0.116882935
vn 0.961656213 0.245044962 -0.123167679
vn 0.986962378 0.0795204267 -0.139934301
vn 0.965475798 0.244517714 0.0898201689
vn 0.998796701 0.0336247794 0.035700392
vn 0.964574814 0.252435982 0.0766263232
vn 0.998667717 0.0348641351 0.038042821
vn 0.989853084 0.0230384953 0.140214607
vn 0.97907865 0.194145918 0.060929466
vn 0.988792479 0.0351237506 0.145106032
vn 0.976587355 0.209725484 0.0478794165
vn 0.996142685 -0.0613779947 -0.0627105013
vn 0.977368116 0.174797177 -0.119152561
vn 0.995874941 -0.0586050041 -0.069271408
vn 0.979613543 0.15178889 -0.131595805
vn 0.996886909 -0.0595457628 0.0516798124
vn 0.996781468 -0.0577116124 0.0556412041
vn 0.98368144 0.00813395064 -0.179734796
vn 0.984493792 0.00164579018 -0.17541112
vn 0.983249724 0.1478374 0.106602199
vn 0.960752964 0.231435493 -0.152942136
vn 0.980745912 0.173669457 0.0893114507
vn 0.96112448 0.222820863 -0.163066357
vn 0.98063159 0.16090861 -0.111669883
vn 0.967145264 0.234419793 0.0983733609
vn 0.98276937 0.13017562 -0.131219909
vn 0.966220319 0.244852662 0.0804074034
vn 0.991075873 -0.109149516 -0.0765178353
vn 0.98696053 -0.0179024842 0.159963921
vn 0.991238654 -0.111809514 -0.0703177899
vn 0.986097157 -0.00293644099 0.166143984
vn 0.762885988 0.644519806 -0.0509830639
vn 0.739062548 0.64626056 0.190089107
vn 0.756686628 0.620838583 0.204901889
vn 0.737284362 0.675327241 -0.0185699277
vn 0.900555432 0.39931637 0.171890795
vn 0.896751225 0.416339934 -0.149994344
vn 0.906965375 0.390193194 0.158628687
vn 0.894814432 0.420291007 -0.150540978
vn 0.956033647 0.286886305 0.0607955605
vn 0.964109838 0.234329388 -0.124827214
vn 0.955730379 0.288013995 0.0602287017
vn 0.965164125 0.23024407 -0.124281608
vn 0.980428278 0.189480826 0.0534550361
vn 0.989908934 0.135898128 -0.0401491337
vn 0.979393721 0.19440183 0.0547341146
vn 0.989993632 0.135626301 -0.0389617048
vn 0.973895371 0.223356083 0.0404940061
vn 0.994535327 0.10059981 0.0279145874
vn 0.994597077 0.100200824 0.0271375794
vn 0.971955419 0.232998639 0.0318483524
vn 0.984844983 0.138194531 -0.1047979
vn 0.974577188 0.198808551 -0.103317052
vn 0.985462189 0.135138541 -0.1029649
vn 0.976689935 0.18360512 -0.111202508
vn 0.960037172 0.267364562 -0.0827334523
vn 0.998239875 0.0159102865 -0.0571324974
vn 0.960464299 0.264652342 -0.0864137709
vn 0.998453379 0.0145670669 -0.0536540374
vn 0.962838054 0.25975275 0.0739698932
vn 0.989045739 0.0940140784 0.113798372
vn 0.962084591 0.264582247 0.0662524328
vn 0.99029994 0.0847373456 0.110115655
vn 0.953923762 0.29798463 0.0351385474
vn 0.970874131 0.237586096 0.0309218075
vn 0.970353723 0.239638582 0.031418737
vn 0.954152167 0.297208577 0.0355066955
vn 0.979247153 0.200664565 -0.028440088
vn 0.935209215 0.347010225 0.0704810321
vn 0.979275286 0.200591892 -0.0279788245
vn 0.934197187 0.349189728 0.0730899125
vn 0.963560045 0.260034502 -0.062723726
vn 0.901290178 0.427053779 0.0728078783
vn 0.96302706 0.2621364 -0.0621554293
vn 0.900801897 0.428292185 0.0715662614
vn 0.943693101 0.32858187 -0.038435284
vn 0.916523099 0.399964005 -0.00375840929
vn 0.943558395 0.328998476 -0.0381757356
vn 0.910435915 0.413642973 0.00245047221
vn 0.965421379 0.248744741 0.0780241266
vn 0.988852978 0.00620869361 0.148765251
vn 0.98783046 0.0195536595 0.154300779
vn 0.966333628 0.239813879 0.0932119042
vn 0.995057344 -0.0771122426 -0.0625660866
vn 0.96174103 0.231025085 -0.147247314
vn 0.994814157 -0.0735697374 -0.0702295378
vn 0.961276591 0.238313168 -0.138398796
vn 0.981813788 0.147507086 -0.119513445
vn 0.986498833 0.0288952701 -0.161199033
vn 0.9792068 0.175715417 -0.101380706
vn 0.985699117 0.0345368348 -0.164937437
vn 0.979015827 0.187081292 0.080798991
vn 0.998677075 -0.0255953521 0.0445979908
vn 0.981564939 0.165748686 0.095171541
vn 0.998492837 -0.0230665971 0.0497992486
vn 0.961841106 0.240246341 -0.130932838
vn 0.965383947 0.245616361 0.0877866521
vn 0.964482844 0.253295302 0.0749282911
vn 0.961319685 0.246183231 -0.123525225
vn 0.99007076 0.0239395238 0.138516441
vn 0.987755001 0.0541103818 -0.146328673
vn 0.988869429 0.037679214 0.143935442
vn 0.986885905 0.0598153919 -0.149928093
vn 0.99581486 -0.0636720955 -0.0655645505
vn 0.999119461 0.00315695629 0.0418366194
vn 0.995625973 -0.0619646162 -0.0699227974
vn 0.999002039 0.00442173472 0.0444459207
vn 0.980644524 0.148715436 -0.127357945
vn 0.980906785 0.17812106 0.0780690461
vn 0.978367031 0.17327112 -0.11302688
vn 0.978315592 0.197055936 0.0637777671
vn 0.976057708 0.207541779 -0.0650984868
vn 0.957152605 0.285144895 -0.0505103059
vn 0.957379699 0.284110129 -0.0520137548
vn 0.975842535 0.208382085 -0.0656372979
vn 0.960624576 0.271079719 0.0609603487
vn 0.981251836 0.192418277 0.0109586222
vn 0.960045218 0.274122864 0.0563019812
vn 0.981209457 0.192616552 0.0112594469
vn 0.987719774 0.12936379 0.087605603
vn 0.963922322 0.266157955 -0.00372773898
vn 0.986584127 0.136103138 0.0901539549
vn 0.962878287 0.269785434 -0.00901479647
vn 0.996623039 0.0666888952 -0.0479081348
vn 0.970919192 0.21325399 -0.10880506
vn 0.996466756 0.0674057305 -0.0501047857
vn 0.972566068 0.203787342 -0.112187296
g lagihelm_0
f 3/3/3 2/2/2 1/1/1
f 6/6/6 5/5/5 4/4/4
f 9/9/9 8/8/8 7/7/7
f 12/12/12 11/11/11 10/10/10
f 15/15/15 14/14/14 13/13/13
f 18/18/18 17/17/17 16/16/16
f 21/21/21 20/20/20 19/19/19
f 24/24/24 23/23/23 22/22/22
f 27/27/27 26/26/26 25/25/25
f 30/30/30 29/29/29 28/28/28
f 33/33/33 32/32/32 31/31/31
f 36/36/36 35/35/35 34/34/34
f 39/39/39 38/38/38 37/37/37
f 42/42/42 41/41/41 40/40/40
f 45/45/45 44/44/44 43/43/43
f 48/48/48 47/47/47 46/46/46
f 51/51/51 50/50/50 49/49/49
f 54/54/54 53/53/53 52/52/52
f 57/57/57 56/56/56 55/55/55
f 60/60/60 59/59/59 58/58/58
f 63/63/63 62/62/62 61/61/61
f 66/66/66 65/65/65 64/64/64
f 69/69/69 68/68/68 67/67/67
f 72/72/72 71/71/71 70/70/70
f 75/75/75 74/74/74 73/73/73
f 78/78/78 77/77/77 76/76/76
f 81/81/81 80/80/80 79/79/79
f 84/84/84 83/83/83 82/82/82
f 87/87/87 86/86/86 85/85/85
f 90/90/90 89/89/89 88/88/88
f 93/93/93 92/92/92 91/91/91
f 92/92/92 93/93/93 94/94/94
f 95/95/95 92/92/92 94/94/94
f 95/95/95 94/94/94 96/96/96
f 94/94/94 97/97/97 96/96/96
f 98/98/98 97/97/97 94/94/94
f 94/94/94 99/99/99 98/98/98
f 99/99/99 100/100/100 98/98/98
f 101/101/101 100/100/100 99/99/99
f 102/102/102 101/101/101 99/99/99
f 105/105/105 104/104/104 103/103/103
f 106/106/106 105/105/105 103/103/103
f 107/107/107 105/105/105 106/106/106
f 108/108/108 107/107/107 106/106/106
f 106/106/106 109/109/109 108/108/108
f 110/110/110 109/109/109 106/106/106
f 106/106/106 111/111/111 110/110/110
f 112/112/112 111/111/111 106/106/106
f 106/106/106 113/113/113 112/112/112
f 106/106/106 103/103/103 114/114/114
f 103/103/103 115/115/115 114/114/114
f 114/114/114 115/115/115 116/116/116
f 115/115/115 117/117/117 116/116/116
f 116/116/116 117/117/117 118/118/118
f 119/119/119 116/116/116 118/118/118
f 106/106/106 120/120/120 113/113/113
f 120/120/120 106/106/106 114/114/114
f 120/120/120 121/121/121 113/113/113
f 120/120/120 122/122/122 121/121/121
f 120/120/120 123/123/123 122/122/122
f 114/114/114 124/124/124 120/120/120
f 124/124/124 114/114/114 125/125/125
f 125/125/125 114/114/114 116/116/116
f 116/116/116 126/126/126 125/125/125
f 116/116/116 127/127/127 126/126/126
f 116/116/116 119/119/119 127/127/127
f 118/118/118 128/128/128 119/119/119
f 120/120/120 129/129/129 123/123/123
f 118/118/118 130/130/130 128/128/128
f 131/131/131 123/123/123 129/129/129
f 118/118/118 132/132/132 130/130/130
f 118/118/118 133/133/133 132/132/132
f 129/129/129 134/134/134 131/131/131
f 129/129/129 135/135/135 134/134/134
f 136/136/136 134/134/134 135/135/135
f 129/129/129 137/137/137 135/135/135
f 138/138/138 136/136/136 135/135/135
f 137/137/137 139/139/139 135/135/135
f 139/139/139 140/140/140 135/135/135
f 141/141/141 138/138/138 135/135/135
f 135/135/135 142/142/142 141/141/141
f 118/118/118 143/143/143 133/133/133
f 118/118/118 144/144/144 143/143/143
f 118/118/118 145/145/145 144/144/144
f 145/145/145 146/146/146 144/144/144
f 147/147/147 144/144/144 146/146/146
f 147/147/147 148/148/148 144/144/144
f 146/146/146 149/149/149 147/147/147
f 150/150/150 147/147/147 149/149/149
f 143/143/143 144/144/144 151/151/151
f 144/144/144 152/152/152 151/151/151
f 144/144/144 153/153/153 152/152/152
f 153/153/153 144/144/144 148/148/148
f 143/143/143 151/151/151 154/154/154
f 143/143/143 154/154/154 155/155/155
f 143/143/143 155/155/155 156/156/156
f 156/156/156 157/157/157 143/143/143
f 158/158/158 157/157/157 156/156/156
f 156/156/156 159/159/159 158/158/158
f 160/160/160 153/153/153 148/148/148
f 161/161/161 160/160/160 148/148/148
f 148/148/148 162/162/162 161/161/161
f 163/163/163 162/162/162 148/148/148
f 148/148/148 164/164/164 163/163/163
f 165/165/165 163/163/163 164/164/164
f 166/166/166 164/164/164 148/148/148
f 167/167/167 165/165/165 164/164/164
f 166/166/166 168/168/168 164/164/164
f 169/169/169 167/167/167 164/164/164
f 170/170/170 169/169/169 164/164/164
f 171/171/171 170/170/170 164/164/164
f 171/171/171 172/172/172 170/170/170
f 171/171/171 173/173/173 172/172/172
f 171/171/171 174/174/174 173/173/173
f 171/171/171 175/175/175 174/174/174
f 171/171/171 156/156/156 175/175/175
f 168/168/168 176/176/176 164/164/164
f 156/156/156 171/171/171 177/177/177
f 156/156/156 177/177/177 178/178/178
f 156/156/156 178/178/178 179/179/179
f 156/156/156 179/179/179 180/180/180
f 156/156/156 180/180/180 181/181/181
f 156/156/156 181/181/181 159/159/159
f 181/181/181 182/182/182 159/159/159
f 182/182/182 183/183/183 159/159/159
f 159/159/159 183/183/183 184/184/184
f 159/159/159 184/184/184 185/185/185
f 186/186/186 159/159/159 185/185/185
f 187/187/187 186/186/186 185/185/185
f 188/188/188 187/187/187 185/185/185
f 189/189/189 188/188/188 185/185/185
f 164/164/164 190/190/190 171/171/171
f 190/190/190 164/164/164 191/191/191
f 190/190/190 191/191/191 192/192/192
f 164/164/164 193/193/193 191/191/191
f 164/164/164 194/194/194 193/193/193
f 164/164/164 195/195/195 194/194/194
f 196/196/196 190/190/190 192/192/192
f 164/164/164 176/176/176 195/195/195
f 197/197/197 196/196/196 192/192/192
f 198/198/198 195/195/195 176/176/176
f 176/176/176 199/199/199 198/198/198
f 176/176/176 200/200/200 199/199/199
f 201/201/201 197/197/197 192/192/192
f 176/176/176 202/202/202 200/200/200
f 203/203/203 201/201/201 192/192/192
f 204/204/204 200/200/200 202/202/202
f 205/205/205 203/203/203 192/192/192
f 205/205/205 206/206/206 203/203/203
f 205/205/205 207/207/207 206/206/206
f 205/205/205 208/208/208 207/207/207
f 205/205/205 209/209/209 208/208/208
f 192/192/192 210/210/210 205/205/205
f 210/210/210 192/192/192 211/211/211
f 210/210/210 211/211/211 212/212/212
f 212/212/212 213/213/213 210/210/210
f 205/205/205 214/214/214 209/209/209
f 215/215/215 209/209/209 214/214/214
f 216/216/216 215/215/215 214/214/214
f 217/217/217 216/216/216 214/214/214
f 217/217/217 214/214/214 218/218/218
f 217/217/217 218/218/218 219/219/219
f 217/217/217 219/219/219 220/220/220
f 217/217/217 220/220/220 221/221/221
f 217/217/217 221/221/221 222/222/222
f 213/213/213 212/212/212 223/223/223
f 213/213/213 223/223/223 224/224/224
f 212/212/212 225/225/225 223/223/223
f 213/213/213 224/224/224 226/226/226
f 212/212/212 227/227/227 225/225/225
f 212/212/212 228/228/228 227/227/227
f 226/226/226 229/229/229 213/213/213
f 213/213/213 229/229/229 230/230/230
f 213/213/213 230/230/230 231/231/231
f 232/232/232 213/213/213 231/231/231
f 233/233/233 232/232/232 231/231/231
f 212/212/212 234/234/234 228/228/228
f 212/212/212 235/235/235 234/234/234
f 234/234/234 235/235/235 236/236/236
f 234/234/234 236/236/236 237/237/237
f 234/234/234 237/237/237 238/238/238
f 239/239/239 234/234/234 238/238/238
f 237/237/237 240/240/240 238/238/238
f 241/241/241 239/239/239 238/238/238
f 240/240/240 242/242/242 238/238/238
f 242/242/242 243/243/243 238/238/238
f 243/243/243 244/244/244 238/238/238
f 244/244/244 245/245/245 238/238/238
f 245/245/245 246/246/246 238/238/238
f 246/246/246 204/204/204 238/238/238
f 238/238/238 247/247/247 241/241/241
f 202/202/202 238/238/238 204/204/204
f 247/247/247 238/238/238 248/248/248
f 249/249/249 247/247/247 248/248/248
f 250/250/250 249/249/249 248/248/248
f 251/251/251 250/250/250 248/248/248
f 202/202/202 252/252/252 238/238/238
f 252/252/252 202/202/202 253/253/253
f 252/252/252 253/253/253 254/254/254
f 255/255/255 251/251/251 248/248/248
f 255/255/255 248/248/248 256/256/256
f 256/256/256 257/257/257 255/255/255
f 256/256/256 248/248/248 258/258/258
f 258/258/258 259/259/259 256/256/256
f 256/256/256 259/259/259 260/260/260
f 248/248/248 261/261/261 258/258/258
f 248/248/248 262/262/262 261/261/261
f 248/248/248 263/263/263 262/262/262
f 248/248/248 264/264/264 263/263/263
f 265/265/265 263/263/263 264/264/264
f 256/256/256 260/260/260 266/266/266
f 267/267/267 265/265/265 264/264/264
f 256/256/256 266/266/266 268/268/268
f 264/264/264 269/269/269 267/267/267
f 270/270/270 269/269/269 264/264/264
f 271/271/271 270/270/270 264/264/264
f 272/272/272 271/271/271 264/264/264
f 273/273/273 272/272/272 264/264/264
f 268/268/268 274/274/274 256/256/256
f 275/275/275 256/256/256 274/274/274
f 276/276/276 264/264/264 275/275/275
f 275/275/275 274/274/274 277/277/277
f 275/275/275 277/277/277 276/276/276
f 256/256/256 275/275/275 278/278/278
f 256/256/256 280/280/280 279/279/279
f 279/279/279 281/281/281 256/256/256
f 256/256/256 281/281/281 282/282/282
f 282/282/282 283/283/283 256/256/256
f 284/284/284 256/256/256 283/283/283
f 256/256/256 284/284/284 285/285/285
f 286/286/286 256/256/256 285/285/285
f 256/256/256 286/286/286 287/287/287
f 256/256/256 287/287/287 288/288/288
f 288/288/288 257/257/257 256/256/256
f 288/288/288 289/289/289 257/257/257
f 289/289/289 290/290/290 257/257/257
f 290/290/290 233/233/233 257/257/257
f 293/293/293 292/292/292 291/291/291
f 293/293/293 294/294/294 292/292/292
f 294/294/294 295/295/295 292/292/292
f 292/292/292 295/295/295 296/296/296
f 295/295/295 297/297/297 296/296/296
f 299/299/299 294/294/294 298/298/298
f 300/300/300 299/299/299 298/298/298
f 300/300/300 298/298/298 301/301/301
f 298/298/298 302/302/302 301/301/301
f 305/305/305 304/304/304 303/303/303
f 304/304/304 305/305/305 306/306/306
f 306/306/306 305/305/305 307/307/307
f 307/307/307 308/308/308 306/306/306
f 308/308/308 309/309/309 306/306/306
f 310/310/310 309/309/309 308/308/308
f 309/309/309 310/310/310 311/311/311
f 310/310/310 312/312/312 311/311/311
f 311/311/311 312/312/312 313/313/313
f 311/311/311 313/313/313 314/314/314
f 314/314/314 315/315/315 311/311/311
f 311/311/311 315/315/315 316/316/316
f 315/315/315 317/317/317 316/316/316
f 316/316/316 317/317/317 318/318/318
f 318/318/318 319/319/319 316/316/316
f 319/319/319 320/320/320 316/316/316
f 323/323/323 322/322/322 321/321/321
f 321/321/321 322/322/322 324/324/324
f 327/327/327 326/326/326 325/325/325
f 328/328/328 326/326/326 327/327/327
f 331/331/331 330/330/330 329/329/329
f 330/330/330 331/331/331 332/332/332
f 332/332/332 333/333/333 330/330/330
f 333/333/333 332/332/332 334/334/334
f 337/337/337 336/336/336 335/335/335
f 338/338/338 337/337/337 335/335/335
f 341/341/341 340/340/340 339/339/339
f 342/342/342 341/341/341 339/339/339
f 345/345/345 344/344/344 343/343/343
f 344/344/344 345/345/345 346/346/346
f 345/345/345 347/347/347 346/346/346
f 346/346/346 347/347/347 348/348/348
f 349/349/349 346/346/346 348/348/348
f 349/349/349 350/350/350 346/346/346
f 351/351/351 346/346/346 350/350/350
f 352/352/352 351/351/351 350/350/350
f 352/352/352 353/353/353 351/351/351
f 353/353/353 354/354/354 351/351/351
f 357/357/357 356/356/356 355/355/355
f 356/356/356 358/358/358 355/355/355
f 356/356/356 359/359/359 358/358/358
f 358/358/358 359/359/359 360/360/360
f 360/360/360 361/361/361 358/358/358
f 358/358/358 361/361/361 362/362/362
f 362/362/362 363/363/363 358/358/358
f 358/358/358 363/363/363 364/364/364
f 358/358/358 364/364/364 365/365/365
f 355/355/355 358/358/358 366/366/366
f 367/367/367 355/355/355 366/366/366
f 367/367/367 366/366/366 368/368/368
f 369/369/369 367/367/367 368/368/368
f 369/369/369 368/368/368 370/370/370
f 370/370/370 368/368/368 371/371/371
f 365/365/365 372/372/372 358/358/358
f 366/366/366 358/358/358 372/372/372
f 365/365/365 373/373/373 372/372/372
f 373/373/373 374/374/374 372/372/372
f 374/374/374 375/375/375 372/372/372
f 372/372/372 376/376/376 366/366/366
f 366/366/366 376/376/376 377/377/377
f 368/368/368 366/366/366 377/377/377
f 377/377/377 378/378/378 368/368/368
f 378/378/378 379/379/379 368/368/368
f 379/379/379 371/371/371 368/368/368
f 371/371/371 380/380/380 370/370/370
f 375/375/375 381/381/381 372/372/372
f 380/380/380 382/382/382 370/370/370
f 381/381/381 375/375/375 383/383/383
f 382/382/382 384/384/384 370/370/370
f 384/384/384 385/385/385 370/370/370
f 383/383/383 386/386/386 381/381/381
f 386/386/386 387/387/387 381/381/381
f 387/387/387 388/388/388 381/381/381
f 387/387/387 386/386/386 389/389/389
f 387/387/387 390/390/390 388/388/388
f 387/387/387 391/391/391 390/390/390
f 387/387/387 389/389/389 392/392/392
f 387/387/387 392/392/392 393/393/393
f 393/393/393 394/394/394 387/387/387
f 385/385/385 395/395/395 370/370/370
f 395/395/395 396/396/396 370/370/370
f 397/397/397 370/370/370 396/396/396
f 398/398/398 397/397/397 396/396/396
f 396/396/396 399/399/399 398/398/398
f 396/396/396 395/395/395 400/400/400
f 401/401/401 398/398/398 399/399/399
f 399/399/399 402/402/402 401/401/401
f 403/403/403 399/399/399 396/396/396
f 396/396/396 400/400/400 404/404/404
f 395/395/395 405/405/405 400/400/400
f 395/395/395 406/406/406 405/405/405
f 395/395/395 407/407/407 406/406/406
f 395/395/395 408/408/408 407/407/407
f 407/407/407 408/408/408 409/409/409
f 409/409/409 410/410/410 407/407/407
f 404/404/404 411/411/411 396/396/396
f 396/396/396 411/411/411 412/412/412
f 396/396/396 412/412/412 413/413/413
f 396/396/396 413/413/413 414/414/414
f 414/414/414 403/403/403 396/396/396
f 403/403/403 414/414/414 415/415/415
f 415/415/415 416/416/416 403/403/403
f 416/416/416 417/417/417 403/403/403
f 416/416/416 415/415/415 418/418/418
f 419/419/419 417/417/417 416/416/416
f 416/416/416 418/418/418 420/420/420
f 416/416/416 420/420/420 421/421/421
f 416/416/416 421/421/421 422/422/422
f 416/416/416 422/422/422 423/423/423
f 422/422/422 424/424/424 423/423/423
f 424/424/424 425/425/425 423/423/423
f 425/425/425 426/426/426 423/423/423
f 426/426/426 427/427/427 423/423/423
f 427/427/427 407/407/407 423/423/423
f 428/428/428 419/419/419 416/416/416
f 429/429/429 423/423/423 407/407/407
f 430/430/430 429/429/429 407/407/407
f 431/431/431 430/430/430 407/407/407
f 432/432/432 431/431/431 407/407/407
f 433/433/433 432/432/432 407/407/407
f 410/410/410 433/433/433 407/407/407
f 410/410/410 434/434/434 433/433/433
f 410/410/410 435/435/435 434/434/434
f 436/436/436 435/435/435 410/410/410
f 437/437/437 436/436/436 410/410/410
f 437/437/437 410/410/410 438/438/438
f 437/437/437 438/438/438 439/439/439
f 437/437/437 439/439/439 440/440/440
f 437/437/437 440/440/440 441/441/441
f 423/423/423 442/442/442 416/416/416
f 443/443/443 416/416/416 442/442/442
f 444/444/444 443/443/443 442/442/442
f 443/443/443 445/445/445 416/416/416
f 445/445/445 446/446/446 416/416/416
f 446/446/446 447/447/447 416/416/416
f 444/444/444 442/442/442 448/448/448
f 447/447/447 428/428/428 416/416/416
f 444/444/444 448/448/448 449/449/449
f 428/428/428 447/447/447 450/450/450
f 450/450/450 451/451/451 428/428/428
f 451/451/451 452/452/452 428/428/428
f 444/444/444 449/449/449 453/453/453
f 452/452/452 454/454/454 428/428/428
f 444/444/444 453/453/453 455/455/455
f 454/454/454 452/452/452 456/456/456
f 444/444/444 455/455/455 457/457/457
f 455/455/455 458/458/458 457/457/457
f 458/458/458 459/459/459 457/457/457
f 459/459/459 460/460/460 457/457/457
f 460/460/460 461/461/461 457/457/457
f 457/457/457 462/462/462 444/444/444
f 463/463/463 444/444/444 462/462/462
f 464/464/464 463/463/463 462/462/462
f 462/462/462 465/465/465 464/464/464
f 466/466/466 457/457/457 461/461/461
f 466/466/466 461/461/461 467/467/467
f 466/466/466 467/467/467 468/468/468
f 466/466/466 468/468/468 469/469/469
f 470/470/470 466/466/466 469/469/469
f 471/471/471 470/470/470 469/469/469
f 472/472/472 471/471/471 469/469/469
f 473/473/473 472/472/472 469/469/469
f 474/474/474 473/473/473 469/469/469
f 475/475/475 464/464/464 465/465/465
f 465/465/465 476/476/476 475/475/475
f 475/475/475 477/477/477 464/464/464
f 465/465/465 478/478/478 476/476/476
f 477/477/477 479/479/479 464/464/464
f 479/479/479 480/480/480 464/464/464
f 465/465/465 481/481/481 478/478/478
f 482/482/482 481/481/481 465/465/465
f 483/483/483 482/482/482 465/465/465
f 483/483/483 465/465/465 484/484/484
f 483/483/483 484/484/484 485/485/485
f 480/480/480 486/486/486 464/464/464
f 486/486/486 487/487/487 464/464/464
f 488/488/488 487/487/487 486/486/486
f 489/489/489 488/488/488 486/486/486
f 490/490/490 489/489/489 486/486/486
f 490/490/490 486/486/486 491/491/491
f 490/490/490 492/492/492 489/489/489
f 490/490/490 491/491/491 493/493/493
f 490/490/490 494/494/494 492/492/492
f 490/490/490 495/495/495 494/494/494
f 490/490/490 496/496/496 495/495/495
f 490/490/490 497/497/497 496/496/496
f 490/490/490 498/498/498 497/497/497
f 490/490/490 456/456/456 498/498/498
f 493/493/493 499/499/499 490/490/490
f 456/456/456 490/490/490 454/454/454
f 500/500/500 490/490/490 499/499/499
f 500/500/500 499/499/499 501/501/501
f 500/500/500 501/501/501 502/502/502
f 500/500/500 502/502/502 503/503/503
f 504/504/504 454/454/454 490/490/490
f 454/454/454 504/504/504 505/505/505
f 505/505/505 504/504/504 506/506/506
f 500/500/500 503/503/503 507/507/507
f 508/508/508 500/500/500 507/507/507
f 507/507/507 509/509/509 508/508/508
f 510/510/510 500/500/500 508/508/508
f 508/508/508 511/511/511 510/510/510
f 512/512/512 511/511/511 508/508/508
f 510/510/510 513/513/513 500/500/500
f 513/513/513 514/514/514 500/500/500
f 514/514/514 515/515/515 500/500/500
f 515/515/515 516/516/516 500/500/500
f 516/516/516 515/515/515 517/517/517
f 508/508/508 518/518/518 512/512/512
f 516/516/516 517/517/517 519/519/519
f 508/508/508 520/520/520 518/518/518
f 519/519/519 521/521/521 516/516/516
f 516/516/516 521/521/521 522/522/522
f 516/516/516 522/522/522 523/523/523
f 516/516/516 523/523/523 524/524/524
f 516/516/516 524/524/524 525/525/525
f 508/508/508 526/526/526 520/520/520
f 526/526/526 508/508/508 527/527/527
f 527/527/527 516/516/516 528/528/528
f 527/527/527 529/529/529 526/526/526
f 527/527/527 528/528/528 529/529/529
f 527/527/527 508/508/508 530/530/530
f 508/508/508 532/532/532 531/531/531
f 508/508/508 533/533/533 532/532/532
f 534/534/534 533/533/533 508/508/508
f 508/508/508 535/535/535 534/534/534
f 508/508/508 536/536/536 535/535/535
f 536/536/536 508/508/508 537/537/537
f 508/508/508 538/538/538 537/537/537
f 539/539/539 538/538/538 508/508/508
f 508/508/508 540/540/540 539/539/539
f 508/508/508 509/509/509 540/540/540
f 509/509/509 541/541/541 540/540/540
f 509/509/509 542/542/542 541/541/541
f 509/509/509 485/485/485 542/542/542
f 545/545/545 544/544/544 543/543/543
f 545/545/545 546/546/546 544/544/544
f 546/546/546 547/547/547 544/544/544
f 548/548/548 546/546/546 545/545/545
f 549/549/549 548/548/548 545/545/545
f 547/547/547 551/551/551 550/550/550
f 552/552/552 547/547/547 550/550/550
f 552/552/552 550/550/550 553/553/553
f 554/554/554 552/552/552 553/553/553
f 557/557/557 556/556/556 555/555/555
f 556/556/556 557/557/557 558/558/558
f 556/556/556 558/558/558 559/559/559
f 560/560/560 559/559/559 558/558/558
f 561/561/561 560/560/560 558/558/558
f 561/561/561 562/562/562 560/560/560
f 562/562/562 561/561/561 563/563/563
f 564/564/564 562/562/562 563/563/563
f 564/564/564 563/563/563 565/565/565
f 565/565/565 563/563/563 566/566/566
f 567/567/567 566/566/566 563/563/563
f 567/567/567 563/563/563 568/568/568
f 569/569/569 567/567/567 568/568/568
f 569/569/569 568/568/568 570/570/570
f 571/571/571 570/570/570 568/568/568
f 572/572/572 571/571/571 568/568/568
f 575/575/575 574/574/574 573/573/573
f 575/575/575 573/573/573 576/576/576
f 579/579/579 578/578/578 577/577/577
f 579/579/579 580/580/580 578/578/578
f 583/583/583 582/582/582 581/581/581
f 582/582/582 583/583/583 584/584/584
f 585/585/585 584/584/584 583/583/583
f 584/584/584 585/585/585 586/586/586
f 589/589/589 588/588/588 587/587/587
f 588/588/588 590/590/590 587/587/587
f 593/593/593 592/592/592 591/591/591
f 594/594/594 593/593/593 591/591/591
f 597/597/597 596/596/596 595/595/595
f 596/596/596 597/597/597 598/598/598
f 597/597/597 599/599/599 598/598/598
f 598/598/598 599/599/599 600/600/600
f 601/601/601 598/598/598 600/600/600
f 601/601/601 602/602/602 598/598/598
f 603/603/603 598/598/598 602/602/602
f 604/604/604 603/603/603 602/602/602
f 604/604/604 605/605/605 603/603/603
f 605/605/605 606/606/606 603/603/603
f 609/609/609 608/608/608 607/607/607
f 608/608/608 610/610/610 607/607/607
f 608/608/608 611/611/611 610/610/610
f 610/610/610 611/611/611 612/612/612
f 612/612/612 613/613/613 610/610/610
f 610/610/610 613/613/613 614/614/614
f 614/614/614 615/615/615 610/610/610
f 610/610/610 615/615/615 616/616/616
f 610/610/610 616/616/616 617/617/617
f 607/607/607 610/610/610 618/618/618
f 619/619/619 607/607/607 618/618/618
f 619/619/619 618/618/618 620/620/620
f 621/621/621 619/619/619 620/620/620
f 621/621/621 620/620/620 622/622/622
f 622/622/622 620/620/620 623/623/623
f 617/617/617 624/624/624 610/610/610
f 618/618/618 610/610/610 624/624/624
f 617/617/617 625/625/625 624/624/624
f 625/625/625 626/626/626 624/624/624
f 626/626/626 627/627/627 624/624/624
f 624/624/624 628/628/628 618/618/618
f 618/618/618 628/628/628 629/629/629
f 620/620/620 618/618/618 629/629/629
f 629/629/629 630/630/630 620/620/620
f 630/630/630 631/631/631 620/620/620
f 631/631/631 623/623/623 620/620/620
f 623/623/623 632/632/632 622/622/622
f 627/627/627 633/633/633 624/624/624
f 632/632/632 634/634/634 622/622/622
f 633/633/633 627/627/627 635/635/635
f 634/634/634 636/636/636 622/622/622
f 636/636/636 637/637/637 622/622/622
f 635/635/635 638/638/638 633/633/633
f 638/638/638 639/639/639 633/633/633
f 639/639/639 640/640/640 633/633/633
f 639/639/639 638/638/638 641/641/641
f 639/639/639 642/642/642 640/640/640
f 639/639/639 643/643/643 642/642/642
f 639/639/639 641/641/641 644/644/644
f 639/639/639 644/644/644 645/645/645
f 645/645/645 646/646/646 639/639/639
f 637/637/637 647/647/647 622/622/622
f 647/647/647 648/648/648 622/622/622
f 649/649/649 622/622/622 648/648/648
f 650/650/650 649/649/649 648/648/648
f 648/648/648 651/651/651 650/650/650
f 652/652/652 651/651/651 648/648/648
f 653/653/653 650/650/650 651/651/651
f 651/651/651 654/654/654 653/653/653
f 655/655/655 648/648/648 647/647/647
f 655/655/655 656/656/656 648/648/648
f 656/656/656 657/657/657 648/648/648
f 652/652/652 648/648/648 657/657/657
f 658/658/658 655/655/655 647/647/647
f 659/659/659 658/658/658 647/647/647
f 660/660/660 659/659/659 647/647/647
f 647/647/647 661/661/661 660/660/660
f 660/660/660 661/661/661 662/662/662
f 662/662/662 663/663/663 660/660/660
f 652/652/652 657/657/657 664/664/664
f 652/652/652 664/664/664 665/665/665
f 665/665/665 666/666/666 652/652/652
f 652/652/652 666/666/666 667/667/667
f 667/667/667 668/668/668 652/652/652
f 668/668/668 669/669/669 652/652/652
f 668/668/668 667/667/667 670/670/670
f 671/671/671 669/669/669 668/668/668
f 668/668/668 670/670/670 672/672/672
f 668/668/668 672/672/672 673/673/673
f 668/668/668 673/673/673 674/674/674
f 668/668/668 674/674/674 675/675/675
f 674/674/674 676/676/676 675/675/675
f 676/676/676 677/677/677 675/675/675
f 677/677/677 678/678/678 675/675/675
f 678/678/678 679/679/679 675/675/675
f 679/679/679 660/660/660 675/675/675
f 680/680/680 671/671/671 668/668/668
f 681/681/681 675/675/675 660/660/660
f 682/682/682 681/681/681 660/660/660
f 683/683/683 682/682/682 660/660/660
f 684/684/684 683/683/683 660/660/660
f 685/685/685 684/684/684 660/660/660
f 663/663/663 685/685/685 660/660/660
f 663/663/663 686/686/686 685/685/685
f 663/663/663 687/687/687 686/686/686
f 688/688/688 687/687/687 663/663/663
f 689/689/689 688/688/688 663/663/663
f 689/689/689 663/663/663 690/690/690
f 689/689/689 690/690/690 691/691/691
f 689/689/689 691/691/691 692/692/692
f 689/689/689 692/692/692 693/693/693
f 675/675/675 694/694/694 668/668/668
f 695/695/695 668/668/668 694/694/694
f 696/696/696 695/695/695 694/694/694
f 695/695/695 697/697/697 668/668/668
f 697/697/697 698/698/698 668/668/668
f 698/698/698 699/699/699 668/668/668
f 696/696/696 694/694/694 700/700/700
f 699/699/699 680/680/680 668/668/668
f 696/696/696 700/700/700 701/701/701
f 680/680/680 699/699/699 702/702/702
f 702/702/702 703/703/703 680/680/680
f 703/703/703 704/704/704 680/680/680
f 696/696/696 701/701/701 705/705/705
f 704/704/704 706/706/706 680/680/680
f 696/696/696 705/705/705 707/707/707
f 706/706/706 704/704/704 708/708/708
f 696/696/696 707/707/707 709/709/709
f 707/707/707 710/710/710 709/709/709
f 710/710/710 711/711/711 709/709/709
f 711/711/711 712/712/712 709/709/709
f 712/712/712 713/713/713 709/709/709
f 709/709/709 714/714/714 696/696/696
f 715/715/715 696/696/696 714/714/714
f 716/716/716 715/715/715 714/714/714
f 714/714/714 717/717/717 716/716/716
f 718/718/718 709/709/709 713/713/713
f 718/718/718 713/713/713 719/719/719
f 718/718/718 719/719/719 720/720/720
f 718/718/718 720/720/720 721/721/721
f 722/722/722 718/718/718 721/721/721
f 723/723/723 722/722/722 721/721/721
f 724/724/724 723/723/723 721/721/721
f 725/725/725 724/724/724 721/721/721
f 726/726/726 725/725/725 721/721/721
f 727/727/727 716/716/716 717/717/717
f 717/717/717 728/728/728 727/727/727
f 727/727/727 729/729/729 716/716/716
f 717/717/717 730/730/730 728/728/728
f 729/729/729 731/731/731 716/716/716
f 731/731/731 732/732/732 716/716/716
f 717/717/717 733/733/733 730/730/730
f 734/734/734 733/733/733 717/717/717
f 735/735/735 734/734/734 717/717/717
f 732/732/732 736/736/736 716/716/716
f 736/736/736 737/737/737 716/716/716
f 738/738/738 737/737/737 736/736/736
f 739/739/739 738/738/738 736/736/736
f 740/740/740 739/739/739 736/736/736
f 740/740/740 736/736/736 741/741/741
f 740/740/740 742/742/742 739/739/739
f 740/740/740 741/741/741 743/743/743
f 740/740/740 744/744/744 742/742/742
f 740/740/740 745/745/745 744/744/744
f 740/740/740 746/746/746 745/745/745
f 740/740/740 747/747/747 746/746/746
f 740/740/740 748/748/748 747/747/747
f 740/740/740 708/708/708 748/748/748
f 743/743/743 749/749/749 740/740/740
f 708/708/708 740/740/740 706/706/706
f 750/750/750 740/740/740 749/749/749
f 750/750/750 749/749/749 751/751/751
f 750/750/750 751/751/751 752/752/752
f 750/750/750 752/752/752 753/753/753
f 754/754/754 706/706/706 740/740/740
f 706/706/706 754/754/754 755/755/755
f 755/755/755 754/754/754 756/756/756
f 750/750/750 753/753/753 757/757/757
f 758/758/758 750/750/750 757/757/757
f 757/757/757 759/759/759 758/758/758
f 760/760/760 750/750/750 758/758/758
f 758/758/758 761/761/761 760/760/760
f 762/762/762 761/761/761 758/758/758
f 760/760/760 763/763/763 750/750/750
f 763/763/763 764/764/764 750/750/750
f 764/764/764 765/765/765 750/750/750
f 765/765/765 766/766/766 750/750/750
f 766/766/766 765/765/765 767/767/767
f 758/758/758 768/768/768 762/762/762
f 766/766/766 767/767/767 769/769/769
f 758/758/758 770/770/770 768/768/768
f 769/769/769 771/771/771 766/766/766
f 766/766/766 771/771/771 772/772/772
f 766/766/766 772/772/772 773/773/773
f 766/766/766 773/773/773 774/774/774
f 766/766/766 774/774/774 775/775/775
f 758/758/758 776/776/776 770/770/770
f 776/776/776 758/758/758 777/777/777
f 777/777/777 766/766/766 778/778/778
f 777/777/777 779/779/779 776/776/776
f 777/777/777 778/778/778 779/779/779
f 777/777/777 758/758/758 780/780/780
f 758/758/758 782/782/782 781/781/781
f 758/758/758 783/783/783 782/782/782
f 784/784/784 783/783/783 758/758/758
f 758/758/758 785/785/785 784/784/784
f 758/758/758 786/786/786 785/785/785
f 786/786/786 758/758/758 787/787/787
f 758/758/758 788/788/788 787/787/787
f 789/789/789 788/788/788 758/758/758
f 758/758/758 790/790/790 789/789/789
f 758/758/758 759/759/759 790/790/790
f 759/759/759 791/791/791 790/790/790
f 759/759/759 792/792/792 791/791/791
f 759/759/759 793/793/793 792/792/792
f 759/759/759 794/794/794 793/793/793
f 759/759/759 717/717/717 794/794/794
f 797/797/797 796/796/796 795/795/795
f 796/796/796 797/797/797 798/798/798
f 796/796/796 798/798/798 799/799/799
f 800/800/800 799/799/799 798/798/798
f 801/801/801 800/800/800 798/798/798
f 801/801/801 802/802/802 800/800/800
f 802/802/802 801/801/801 803/803/803
f 804/804/804 802/802/802 803/803/803
f 804/804/804 803/803/803 805/805/805
f 805/805/805 803/803/803 806/806/806
f 807/807/807 806/806/806 803/803/803
f 807/807/807 803/803/803 808/808/808
f 809/809/809 807/807/807 808/808/808
f 809/809/809 808/808/808 810/810/810
f 811/811/811 810/810/810 808/808/808
f 812/812/812 811/811/811 808/808/808
f 815/815/815 814/814/814 813/813/813
f 815/815/815 813/813/813 816/816/816
f 819/819/819 818/818/818 817/817/817
f 819/819/819 820/820/820 818/818/818
f 823/823/823 822/822/822 821/821/821
f 822/822/822 824/824/824 821/821/821
f 827/827/827 826/826/826 825/825/825
f 826/826/826 827/827/827 828/828/828
f 829/829/829 828/828/828 827/827/827
f 828/828/828 829/829/829 830/830/830
f 833/833/833 832/832/832 831/831/831
f 832/832/832 834/834/834 831/831/831
f 837/837/837 836/836/836 835/835/835
f 838/838/838 837/837/837 835/835/835
f 841/841/841 840/840/840 839/839/839
f 840/840/840 841/841/841 842/842/842
f 843/843/843 840/840/840 842/842/842
f 843/843/843 842/842/842 844/844/844
f 842/842/842 845/845/845 844/844/844
f 846/846/846 845/845/845 842/842/842
f 842/842/842 847/847/847 846/846/846
f 847/847/847 848/848/848 846/846/846
f 849/849/849 848/848/848 847/847/847
f 850/850/850 849/849/849 847/847/847
f 853/853/853 852/852/852 851/851/851
f 854/854/854 853/853/853 851/851/851
f 855/855/855 853/853/853 854/854/854
f 856/856/856 855/855/855 854/854/854
f 854/854/854 857/857/857 856/856/856
f 858/858/858 857/857/857 854/854/854
f 854/854/854 859/859/859 858/858/858
f 860/860/860 859/859/859 854/854/854
f 854/854/854 861/861/861 860/860/860
f 854/854/854 851/851/851 862/862/862
f 851/851/851 863/863/863 862/862/862
f 862/862/862 863/863/863 864/864/864
f 863/863/863 865/865/865 864/864/864
f 864/864/864 865/865/865 866/866/866
f 867/867/867 864/864/864 866/866/866
f 854/854/854 868/868/868 861/861/861
f 868/868/868 854/854/854 862/862/862
f 868/868/868 869/869/869 861/861/861
f 868/868/868 870/870/870 869/869/869
f 868/868/868 871/871/871 870/870/870
f 862/862/862 872/872/872 868/868/868
f 872/872/872 862/862/862 873/873/873
f 873/873/873 862/862/862 864/864/864
f 864/864/864 874/874/874 873/873/873
f 864/864/864 875/875/875 874/874/874
f 864/864/864 867/867/867 875/875/875
f 866/866/866 876/876/876 867/867/867
f 868/868/868 877/877/877 871/871/871
f 866/866/866 878/878/878 876/876/876
f 879/879/879 871/871/871 877/877/877
f 866/866/866 880/880/880 878/878/878
f 866/866/866 881/881/881 880/880/880
f 877/877/877 882/882/882 879/879/879
f 877/877/877 883/883/883 882/882/882
f 884/884/884 882/882/882 883/883/883
f 877/877/877 885/885/885 883/883/883
f 886/886/886 884/884/884 883/883/883
f 885/885/885 887/887/887 883/883/883
f 887/887/887 888/888/888 883/883/883
f 889/889/889 886/886/886 883/883/883
f 883/883/883 890/890/890 889/889/889
f 866/866/866 891/891/891 881/881/881
f 866/866/866 892/892/892 891/891/891
f 866/866/866 893/893/893 892/892/892
f 893/893/893 894/894/894 892/892/892
f 895/895/895 892/892/892 894/894/894
f 896/896/896 891/891/891 892/892/892
f 894/894/894 897/897/897 895/895/895
f 898/898/898 895/895/895 897/897/897
f 895/895/895 899/899/899 892/892/892
f 896/896/896 900/900/900 891/891/891
f 900/900/900 901/901/901 891/891/891
f 901/901/901 902/902/902 891/891/891
f 902/902/902 903/903/903 891/891/891
f 904/904/904 903/903/903 902/902/902
f 902/902/902 905/905/905 904/904/904
f 892/892/892 906/906/906 896/896/896
f 892/892/892 907/907/907 906/906/906
f 908/908/908 907/907/907 892/892/892
f 909/909/909 908/908/908 892/892/892
f 910/910/910 909/909/909 892/892/892
f 892/892/892 899/899/899 910/910/910
f 911/911/911 910/910/910 899/899/899
f 899/899/899 912/912/912 911/911/911
f 913/913/913 911/911/911 912/912/912
f 914/914/914 912/912/912 899/899/899
f 915/915/915 913/913/913 912/912/912
f 914/914/914 916/916/916 912/912/912
f 917/917/917 915/915/915 912/912/912
f 918/918/918 917/917/917 912/912/912
f 919/919/919 918/918/918 912/912/912
f 919/919/919 920/920/920 918/918/918
f 919/919/919 921/921/921 920/920/920
f 919/919/919 922/922/922 921/921/921
f 919/919/919 923/923/923 922/922/922
f 919/919/919 902/902/902 923/923/923
f 916/916/916 924/924/924 912/912/912
f 902/902/902 919/919/919 925/925/925
f 902/902/902 925/925/925 926/926/926
f 902/902/902 926/926/926 927/927/927
f 902/902/902 927/927/927 928/928/928
f 902/902/902 928/928/928 929/929/929
f 902/902/902 929/929/929 905/905/905
f 929/929/929 930/930/930 905/905/905
f 930/930/930 931/931/931 905/905/905
f 905/905/905 931/931/931 932/932/932
f 905/905/905 932/932/932 933/933/933
f 934/934/934 905/905/905 933/933/933
f 935/935/935 934/934/934 933/933/933
f 936/936/936 935/935/935 933/933/933
f 937/937/937 936/936/936 933/933/933
f 912/912/912 938/938/938 919/919/919
f 938/938/938 912/912/912 939/939/939
f 938/938/938 939/939/939 940/940/940
f 912/912/912 941/941/941 939/939/939
f 912/912/912 942/942/942 941/941/941
f 912/912/912 943/943/943 942/942/942
f 944/944/944 938/938/938 940/940/940
f 912/912/912 924/924/924 943/943/943
f 945/945/945 944/944/944 940/940/940
f 946/946/946 943/943/943 924/924/924
f 924/924/924 947/947/947 946/946/946
f 924/924/924 948/948/948 947/947/947
f 949/949/949 945/945/945 940/940/940
f 924/924/924 950/950/950 948/948/948
f 951/951/951 949/949/949 940/940/940
f 952/952/952 948/948/948 950/950/950
f 953/953/953 951/951/951 940/940/940
f 953/953/953 954/954/954 951/951/951
f 953/953/953 955/955/955 954/954/954
f 953/953/953 956/956/956 955/955/955
f 953/953/953 957/957/957 956/956/956
f 940/940/940 958/958/958 953/953/953
f 958/958/958 940/940/940 959/959/959
f 958/958/958 959/959/959 960/960/960
f 960/960/960 961/961/961 958/958/958
f 953/953/953 962/962/962 957/957/957
f 963/963/963 957/957/957 962/962/962
f 964/964/964 963/963/963 962/962/962
f 965/965/965 964/964/964 962/962/962
f 965/965/965 962/962/962 966/966/966
f 965/965/965 966/966/966 967/967/967
f 965/965/965 967/967/967 968/968/968
f 965/965/965 968/968/968 969/969/969
f 965/965/965 969/969/969 970/970/970
f 961/961/961 960/960/960 971/971/971
f 961/961/961 971/971/971 972/972/972
f 960/960/960 973/973/973 971/971/971
f 961/961/961 972/972/972 974/974/974
f 960/960/960 975/975/975 973/973/973
f 960/960/960 976/976/976 975/975/975
f 974/974/974 977/977/977 961/961/961
f 961/961/961 977/977/977 978/978/978
f 961/961/961 978/978/978 979/979/979
f 960/960/960 980/980/980 976/976/976
f 960/960/960 981/981/981 980/980/980
f 980/980/980 981/981/981 982/982/982
f 980/980/980 982/982/982 983/983/983
f 980/980/980 983/983/983 984/984/984
f 985/985/985 980/980/980 984/984/984
f 983/983/983 986/986/986 984/984/984
f 987/987/987 985/985/985 984/984/984
f 986/986/986 988/988/988 984/984/984
f 988/988/988 989/989/989 984/984/984
f 989/989/989 990/990/990 984/984/984
f 990/990/990 991/991/991 984/984/984
f 991/991/991 992/992/992 984/984/984
f 992/992/992 952/952/952 984/984/984
f 984/984/984 993/993/993 987/987/987
f 950/950/950 984/984/984 952/952/952
f 993/993/993 984/984/984 994/994/994
f 995/995/995 993/993/993 994/994/994
f 996/996/996 995/995/995 994/994/994
f 997/997/997 996/996/996 994/994/994
f 950/950/950 998/998/998 984/984/984
f 998/998/998 950/950/950 999/999/999
f 998/998/998 999/999/999 1000/1000/1000
f 1001/1001/1001 997/997/997 994/994/994
f 1001/1001/1001 994/994/994 1002/1002/1002
f 1002/1002/1002 1003/1003/1003 1001/1001/1001
f 1002/1002/1002 994/994/994 1004/1004/1004
f 1004/1004/1004 1005/1005/1005 1002/1002/1002
f 1002/1002/1002 1005/1005/1005 1006/1006/1006
f 994/994/994 1007/1007/1007 1004/1004/1004
f 994/994/994 1008/1008/1008 1007/1007/1007
f 994/994/994 1009/1009/1009 1008/1008/1008
f 994/994/994 1010/1010/1010 1009/1009/1009
f 1011/1011/1011 1009/1009/1009 1010/1010/1010
f 1002/1002/1002 1006/1006/1006 1012/1012/1012
f 1013/1013/1013 1011/1011/1011 1010/1010/1010
f 1002/1002/1002 1012/1012/1012 1014/1014/1014
f 1010/1010/1010 1015/1015/1015 1013/1013/1013
f 1016/1016/1016 1015/1015/1015 1010/1010/1010
f 1017/1017/1017 1016/1016/1016 1010/1010/1010
f 1018/1018/1018 1017/1017/1017 1010/1010/1010
f 1019/1019/1019 1018/1018/1018 1010/1010/1010
f 1014/1014/1014 1020/1020/1020 1002/1002/1002
f 1021/1021/1021 1002/1002/1002 1020/1020/1020
f 1022/1022/1022 1010/1010/1010 1021/1021/1021
f 1021/1021/1021 1020/1020/1020 1023/1023/1023
f 1021/1021/1021 1023/1023/1023 1022/1022/1022
f 1002/1002/1002 1021/1021/1021 1024/1024/1024
f 1002/1002/1002 1026/1026/1026 1025/1025/1025
f 1025/1025/1025 1027/1027/1027 1002/1002/1002
f 1002/1002/1002 1027/1027/1027 1028/1028/1028
f 1028/1028/1028 1029/1029/1029 1002/1002/1002
f 1030/1030/1030 1002/1002/1002 1029/1029/1029
f 1002/1002/1002 1030/1030/1030 1031/1031/1031
f 1032/1032/1032 1002/1002/1002 1031/1031/1031
f 1002/1002/1002 1032/1032/1032 1033/1033/1033
f 1002/1002/1002 1033/1033/1033 1034/1034/1034
f 1034/1034/1034 1003/1003/1003 1002/1002/1002
f 1034/1034/1034 1035/1035/1035 1003/1003/1003
f 1035/1035/1035 1036/1036/1036 1003/1003/1003
f 1036/1036/1036 1037/1037/1037 1003/1003/1003
f 1037/1037/1037 1038/1038/1038 1003/1003/1003
f 1038/1038/1038 961/961/961 1003/1003/1003
f 1041/1041/1041 1040/1040/1040 1039/1039/1039
f 1040/1040/1040 1041/1041/1041 1042/1042/1042
f 1042/1042/1042 1041/1041/1041 1043/1043/1043
f 1043/1043/1043 1044/1044/1044 1042/1042/1042
f 1044/1044/1044 1045/1045/1045 1042/1042/1042
f 1046/1046/1046 1045/1045/1045 1044/1044/1044
f 1045/1045/1045 1046/1046/1046 1047/1047/1047
f 1046/1046/1046 1048/1048/1048 1047/1047/1047
f 1047/1047/1047 1048/1048/1048 1049/1049/1049
f 1047/1047/1047 1049/1049/1049 1050/1050/1050
f 1050/1050/1050 1051/1051/1051 1047/1047/1047
f 1047/1047/1047 1051/1051/1051 1052/1052/1052
f 1051/1051/1051 1053/1053/1053 1052/1052/1052
f 1052/1052/1052 1053/1053/1053 1054/1054/1054
f 1054/1054/1054 1055/1055/1055 1052/1052/1052
f 1055/1055/1055 1056/1056/1056 1052/1052/1052
f 1059/1059/1059 1058/1058/1058 1057/1057/1057
f 1057/1057/1057 1058/1058/1058 1060/1060/1060
f 1063/1063/1063 1062/1062/1062 1061/1061/1061
f 1064/1064/1064 1062/1062/1062 1063/1063/1063
f 1067/1067/1067 1066/1066/1066 1065/1065/1065
f 1068/1068/1068 1067/1067/1067 1065/1065/1065
f 1071/1071/1071 1070/1070/1070 1069/1069/1069
f 1070/1070/1070 1071/1071/1071 1072/1072/1072
f 1072/1072/1072 1073/1073/1073 1070/1070/1070
f 1073/1073/1073 1072/1072/1072 1074/1074/1074
f 1077/1077/1077 1076/1076/1076 1075/1075/1075
f 1078/1078/1078 1077/1077/1077 1075/1075/1075
f 1081/1081/1081 1080/1080/1080 1079/1079/1079
f 1082/1082/1082 1081/1081/1081 1079/1079/1079
g lagihelm_1
f 1085/1085/1085 1084/1084/1084 1083/1083/1083
f 1088/1088/1088 1087/1087/1087 1086/1086/1086
f 1091/1091/1091 1090/1090/1090 1089/1089/1089
f 1094/1094/1094 1093/1093/1093 1092/1092/1092
f 1095/1095/1095 323/323/323 321/321/321
f 324/324/324 1096/1096/1096 321/321/321
f 1096/1096/1096 1097/1097/1097 321/321/321
f 1096/1096/1096 1098/1098/1098 1097/1097/1097
f 1098/1098/1098 1099/1099/1099 1097/1097/1097
f 1099/1099/1099 1100/1100/1100 1097/1097/1097
f 1103/1103/1103 1102/1102/1102 1101/1101/1101
f 1106/1106/1106 1105/1105/1105 1104/1104/1104
f 1109/1109/1109 1108/1108/1108 1107/1107/1107
f 1112/1112/1112 1111/1111/1111 1110/1110/1110
f 342/342/342 339/339/339 1113/1113/1113
f 1116/1116/1116 1115/1115/1115 1114/1114/1114
f 1119/1119/1119 1118/1118/1118 1117/1117/1117
f 1122/1122/1122 1121/1121/1121 1120/1120/1120
f 1125/1125/1125 1124/1124/1124 1123/1123/1123
f 1128/1128/1128 1127/1127/1127 1126/1126/1126
f 1131/1131/1131 1130/1130/1130 1129/1129/1129
f 1134/1134/1134 1133/1133/1133 1132/1132/1132
f 1137/1137/1137 1136/1136/1136 1135/1135/1135
f 1139/1139/1139 1138/1138/1138 1137/1137/1137
f 1139/1139/1139 1140/1140/1140 1138/1138/1138
f 1141/1141/1141 1140/1140/1140 1139/1139/1139
f 1141/1141/1141 1142/1142/1142 1140/1140/1140
f 1142/1142/1142 1143/1143/1143 1140/1140/1140
f 1140/1140/1140 1144/1144/1144 1138/1138/1138
f 1140/1140/1140 1143/1143/1143 1144/1144/1144
f 1138/1138/1138 1144/1144/1144 1145/1145/1145
f 1138/1138/1138 1145/1145/1145 1146/1146/1146
f 1144/1144/1144 1147/1147/1147 1145/1145/1145
f 1143/1143/1143 1148/1148/1148 1144/1144/1144
f 1144/1144/1144 1148/1148/1148 1147/1147/1147
f 1143/1143/1143 1149/1149/1149 1148/1148/1148
f 1148/1148/1148 1150/1150/1150 1147/1147/1147
f 1148/1148/1148 1151/1151/1151 1150/1150/1150
f 1154/1154/1154 1153/1153/1153 1152/1152/1152
f 1157/1157/1157 1156/1156/1156 1155/1155/1155
f 1160/1160/1160 1159/1159/1159 1158/1158/1158
f 1161/1161/1161 302/302/302 298/298/298
f 1164/1164/1164 1163/1163/1163 1162/1162/1162
f 1167/1167/1167 1166/1166/1166 1165/1165/1165
f 1170/1170/1170 1169/1169/1169 1168/1168/1168
f 574/574/574 1171/1171/1171 573/573/573
f 1172/1172/1172 576/576/576 573/573/573
f 1173/1173/1173 1172/1172/1172 573/573/573
f 1174/1174/1174 1172/1172/1172 1173/1173/1173
f 1175/1175/1175 1174/1174/1174 1173/1173/1173
f 1176/1176/1176 1175/1175/1175 1173/1173/1173
f 1179/1179/1179 1178/1178/1178 1177/1177/1177
f 1182/1182/1182 1181/1181/1181 1180/1180/1180
f 1185/1185/1185 1184/1184/1184 1183/1183/1183
f 591/591/591 592/592/592 1186/1186/1186
f 1189/1189/1189 1188/1188/1188 1187/1187/1187
f 1192/1192/1192 1191/1191/1191 1190/1190/1190
f 1195/1195/1195 1194/1194/1194 1193/1193/1193
f 1198/1198/1198 1197/1197/1197 1196/1196/1196
f 1201/1201/1201 1200/1200/1200 1199/1199/1199
f 1204/1204/1204 1203/1203/1203 1202/1202/1202
f 1207/1207/1207 1206/1206/1206 1205/1205/1205
f 1210/1210/1210 1209/1209/1209 1208/1208/1208
f 1212/1212/1212 1211/1211/1211 1209/1209/1209
f 1213/1213/1213 1211/1211/1211 1212/1212/1212
f 1213/1213/1213 1214/1214/1214 1211/1211/1211
f 1215/1215/1215 1214/1214/1214 1213/1213/1213
f 1216/1216/1216 1215/1215/1215 1213/1213/1213
f 1217/1217/1217 1213/1213/1213 1212/1212/1212
f 1216/1216/1216 1213/1213/1213 1217/1217/1217
f 1217/1217/1217 1212/1212/1212 1218/1218/1218
f 1218/1218/1218 1212/1212/1212 1219/1219/1219
f 1220/1220/1220 1217/1217/1217 1218/1218/1218
f 1221/1221/1221 1216/1216/1216 1217/1217/1217
f 1221/1221/1221 1217/1217/1217 1220/1220/1220
f 1222/1222/1222 1216/1216/1216 1221/1221/1221
f 1223/1223/1223 1221/1221/1221 1220/1220/1220
f 1224/1224/1224 1221/1221/1221 1223/1223/1223
f 1227/1227/1227 1226/1226/1226 1225/1225/1225
f 1230/1230/1230 1229/1229/1229 1228/1228/1228
f 1233/1233/1233 1232/1232/1232 1231/1231/1231
f 554/554/554 1234/1234/1234 552/552/552
f 1237/1237/1237 1236/1236/1236 1235/1235/1235
f 1240/1240/1240 1239/1239/1239 1238/1238/1238
f 1243/1243/1243 1242/1242/1242 1241/1241/1241
f 1246/1246/1246 1245/1245/1245 1244/1244/1244
f 1249/1249/1249 1248/1248/1248 1247/1247/1247
f 1252/1252/1252 1251/1251/1251 1250/1250/1250
f 814/814/814 1253/1253/1253 813/813/813
f 1254/1254/1254 816/816/816 813/813/813
f 1255/1255/1255 1254/1254/1254 813/813/813
f 1256/1256/1256 1254/1254/1254 1255/1255/1255
f 1257/1257/1257 1256/1256/1256 1255/1255/1255
f 1258/1258/1258 1257/1257/1257 1255/1255/1255
f 1261/1261/1261 1260/1260/1260 1259/1259/1259
f 1264/1264/1264 1263/1263/1263 1262/1262/1262
f 1267/1267/1267 1266/1266/1266 1265/1265/1265
f 1270/1270/1270 1269/1269/1269 1268/1268/1268
f 1273/1273/1273 1272/1272/1272 1271/1271/1271
f 1276/1276/1276 1275/1275/1275 1274/1274/1274
f 835/835/835 836/836/836 1277/1277/1277
f 1280/1280/1280 1279/1279/1279 1278/1278/1278
f 1283/1283/1283 1282/1282/1282 1281/1281/1281
f 1286/1286/1286 1285/1285/1285 1284/1284/1284
f 1289/1289/1289 1288/1288/1288 1287/1287/1287
f 1292/1292/1292 1291/1291/1291 1290/1290/1290
f 1295/1295/1295 1294/1294/1294 1293/1293/1293
f 1298/1298/1298 1297/1297/1297 1296/1296/1296
f 1301/1301/1301 1300/1300/1300 1299/1299/1299
f 1304/1304/1304 1303/1303/1303 1302/1302/1302
f 1306/1306/1306 1305/1305/1305 1303/1303/1303
f 1307/1307/1307 1305/1305/1305 1306/1306/1306
f 1307/1307/1307 1308/1308/1308 1305/1305/1305
f 1309/1309/1309 1308/1308/1308 1307/1307/1307
f 1310/1310/1310 1309/1309/1309 1307/1307/1307
f 1311/1311/1311 1307/1307/1307 1306/1306/1306
f 1310/1310/1310 1307/1307/1307 1311/1311/1311
f 1311/1311/1311 1306/1306/1306 1312/1312/1312
f 1312/1312/1312 1306/1306/1306 1313/1313/1313
f 1314/1314/1314 1311/1311/1311 1312/1312/1312
f 1315/1315/1315 1310/1310/1310 1311/1311/1311
f 1315/1315/1315 1311/1311/1311 1314/1314/1314
f 1316/1316/1316 1310/1310/1310 1315/1315/1315
f 1317/1317/1317 1315/1315/1315 1314/1314/1314
f 1318/1318/1318 1315/1315/1315 1317/1317/1317
f 1321/1321/1321 1320/1320/1320 1319/1319/1319
f 1324/1324/1324 1323/1323/1323 1322/1322/1322
f 1327/1327/1327 1326/1326/1326 1325/1325/1325
f 823/823/823 1328/1328/1328 822/822/822
f 1331/1331/1331 1330/1330/1330 1329/1329/1329
f 1334/1334/1334 1333/1333/1333 1332/1332/1332
f 1337/1337/1337 1336/1336/1336 1335/1335/1335
f 1340/1340/1340 1339/1339/1339 1338/1338/1338
f 1343/1343/1343 1342/1342/1342 1341/1341/1341
f 1346/1346/1346 1345/1345/1345 1344/1344/1344
f 1347/1347/1347 1059/1059/1059 1057/1057/1057
f 1060/1060/1060 1348/1348/1348 1057/1057/1057
f 1348/1348/1348 1349/1349/1349 1057/1057/1057
f 1348/1348/1348 1350/1350/1350 1349/1349/1349
f 1350/1350/1350 1351/1351/1351 1349/1349/1349
f 1351/1351/1351 1352/1352/1352 1349/1349/1349
f 1355/1355/1355 1354/1354/1354 1353/1353/1353
f 1358/1358/1358 1357/1357/1357 1356/1356/1356
f 1361/1361/1361 1360/1360/1360 1359/1359/1359
f 1364/1364/1364 1363/1363/1363 1362/1362/1362
f 1367/1367/1367 1366/1366/1366 1365/1365/1365
f 1370/1370/1370 1369/1369/1369 1368/1368/1368
f 1082/1082/1082 1079/1079/1079 1371/1371/1371
f 1374/1374/1374 1373/1373/1373 1372/1372/1372
f 1377/1377/1377 1376/1376/1376 1375/1375/1375
f 1380/1380/1380 1379/1379/1379 1378/1378/1378
f 1383/1383/1383 1382/1382/1382 1381/1381/1381
f 1386/1386/1386 1385/1385/1385 1384/1384/1384
f 1389/1389/1389 1388/1388/1388 1387/1387/1387
f 1392/1392/1392 1391/1391/1391 1390/1390/1390
f 1395/1395/1395 1394/1394/1394 1393/1393/1393
f 1398/1398/1398 1397/1397/1397 1396/1396/1396
f 1400/1400/1400 1399/1399/1399 1398/1398/1398
f 1400/1400/1400 1401/1401/1401 1399/1399/1399
f 1402/1402/1402 1401/1401/1401 1400/1400/1400
f 1402/1402/1402 1403/1403/1403 1401/1401/1401
f 1403/1403/1403 1404/1404/1404 1401/1401/1401
f 1401/1401/1401 1405/1405/1405 1399/1399/1399
f 1401/1401/1401 1404/1404/1404 1405/1405/1405
f 1399/1399/1399 1405/1405/1405 1406/1406/1406
f 1399/1399/1399 1406/1406/1406 1407/1407/1407
f 1405/1405/1405 1408/1408/1408 1406/1406/1406
f 1404/1404/1404 1409/1409/1409 1405/1405/1405
f 1405/1405/1405 1409/1409/1409 1408/1408/1408
f 1404/1404/1404 1410/1410/1410 1409/1409/1409
f 1409/1409/1409 1411/1411/1411 1408/1408/1408
f 1409/1409/1409 1412/1412/1412 1411/1411/1411
f 1415/1415/1415 1414/1414/1414 1413/1413/1413
f 1418/1418/1418 1417/1417/1417 1416/1416/1416
f 1421/1421/1421 1420/1420/1420 1419/1419/1419
f 1422/1422/1422 1066/1066/1066 1067/1067/1067
f 1425/1425/1425 1424/1424/1424 1423/1423/1423
f 1423/1423/1423 1424/1424/1424 1426/1426/1426
f 1423/1423/1423 1426/1426/1426 117/117/117
f 117/117/117 1426/1426/1426 1427/1427/1427
f 115/115/115 1423/1423/1423 117/117/117
f 1428/1428/1428 1423/1423/1423 115/115/115
f 103/103/103 1428/1428/1428 115/115/115
f 1428/1428/1428 103/103/103 104/104/104
f 117/117/117 1427/1427/1427 118/118/118
f 1429/1429/1429 118/118/118 1427/1427/1427
f 118/118/118 1429/1429/1429 1430/1430/1430
f 1430/1430/1430 1431/1431/1431 118/118/118
f 1431/1431/1431 145/145/145 118/118/118
f 1431/1431/1431 146/146/146 145/145/145
f 1429/1429/1429 1432/1432/1432 1430/1430/1430
f 1431/1431/1431 1430/1430/1430 1432/1432/1432
f 1429/1429/1429 7/7/7 1432/1432/1432
f 1429/1429/1429 1433/1433/1433 7/7/7
f 9/9/9 7/7/7 1433/1433/1433
f 9/9/9 1433/1433/1433 1434/1434/1434
f 1435/1435/1435 1431/1431/1431 1432/1432/1432
f 146/146/146 1431/1431/1431 1435/1435/1435
f 1435/1435/1435 1432/1432/1432 1436/1436/1436
f 1435/1435/1435 1436/1436/1436 146/146/146
f 1432/1432/1432 1437/1437/1437 1436/1436/1436
f 146/146/146 1436/1436/1436 1438/1438/1438
f 149/149/149 146/146/146 1438/1438/1438
f 1439/1439/1439 149/149/149 1438/1438/1438
f 149/149/149 1439/1439/1439 150/150/150
f 1438/1438/1438 1440/1440/1440 1439/1439/1439
f 1440/1440/1440 1438/1438/1438 1441/1441/1441
f 1441/1441/1441 1438/1438/1438 1442/1442/1442
f 1443/1443/1443 1441/1441/1441 1442/1442/1442
f 1444/1444/1444 1443/1443/1443 1442/1442/1442
f 1444/1444/1444 1445/1445/1445 1443/1443/1443
f 1444/1444/1444 1442/1442/1442 1446/1446/1446
f 1444/1444/1444 1446/1446/1446 1447/1447/1447
f 1447/1447/1447 1446/1446/1446 1448/1448/1448
f 1448/1448/1448 1446/1446/1446 1449/1449/1449
f 1450/1450/1450 1449/1449/1449 1446/1446/1446
f 1446/1446/1446 1442/1442/1442 1451/1451/1451
f 1450/1450/1450 1446/1446/1446 1452/1452/1452
f 1452/1452/1452 1453/1453/1453 1450/1450/1450
f 1452/1452/1452 1454/1454/1454 1453/1453/1453
f 1452/1452/1452 1446/1446/1446 1455/1455/1455
f 1455/1455/1455 1446/1446/1446 1451/1451/1451
f 1456/1456/1456 1452/1452/1452 1455/1455/1455
f 1456/1456/1456 1455/1455/1455 1457/1457/1457
f 1458/1458/1458 1456/1456/1456 1457/1457/1457
f 1455/1455/1455 1451/1451/1451 1459/1459/1459
f 1457/1457/1457 1455/1455/1455 1459/1459/1459
f 1460/1460/1460 1458/1458/1458 1457/1457/1457
f 1461/1461/1461 1458/1458/1458 1460/1460/1460
f 1457/1457/1457 1459/1459/1459 1462/1462/1462
f 1457/1457/1457 1462/1462/1462 1463/1463/1463
f 1463/1463/1463 1464/1464/1464 1457/1457/1457
f 1464/1464/1464 1460/1460/1460 1457/1457/1457
f 1463/1463/1463 1465/1465/1465 1464/1464/1464
f 1465/1465/1465 1466/1466/1466 1464/1464/1464
f 1467/1467/1467 1461/1461/1461 1460/1460/1460
f 1468/1468/1468 1461/1461/1461 1467/1467/1467
f 1469/1469/1469 1468/1468/1468 1467/1467/1467
f 1460/1460/1460 1464/1464/1464 1470/1470/1470
f 1471/1471/1471 1470/1470/1470 1464/1464/1464
f 1469/1469/1469 1467/1467/1467 1472/1472/1472
f 1473/1473/1473 1469/1469/1469 1472/1472/1472
f 1472/1472/1472 1474/1474/1474 1473/1473/1473
f 1467/1467/1467 1460/1460/1460 1475/1475/1475
f 1472/1472/1472 1467/1467/1467 1475/1475/1475
f 1475/1475/1475 1460/1460/1460 1470/1470/1470
f 1474/1474/1474 1472/1472/1472 1475/1475/1475
f 1470/1470/1470 1476/1476/1476 1475/1475/1475
f 1476/1476/1476 1474/1474/1474 1475/1475/1475
f 1477/1477/1477 1476/1476/1476 1470/1470/1470
f 1476/1476/1476 1477/1477/1477 1478/1478/1478
f 1476/1476/1476 1479/1479/1479 1474/1474/1474
f 1480/1480/1480 1479/1479/1479 1476/1476/1476
f 1476/1476/1476 1481/1481/1481 1480/1480/1480
f 1482/1482/1482 1480/1480/1480 1481/1481/1481
f 1485/1485/1485 1484/1484/1484 1483/1483/1483
f 1485/1485/1485 1483/1483/1483 1486/1486/1486
f 1486/1486/1486 1487/1487/1487 1485/1485/1485
f 1487/1487/1487 1488/1488/1488 1485/1485/1485
f 1485/1485/1485 1488/1488/1488 1489/1489/1489
f 1489/1489/1489 1490/1490/1490 1485/1485/1485
f 1490/1490/1490 1489/1489/1489 1491/1491/1491
f 1492/1492/1492 1490/1490/1490 1491/1491/1491
f 1492/1492/1492 1493/1493/1493 1490/1490/1490
f 1492/1492/1492 1494/1494/1494 1493/1493/1493
f 1494/1494/1494 1495/1495/1495 1493/1493/1493
f 1494/1494/1494 1496/1496/1496 1495/1495/1495
f 1494/1494/1494 1497/1497/1497 1496/1496/1496
f 1496/1496/1496 1497/1497/1497 1498/1498/1498
f 1496/1496/1496 1498/1498/1498 1499/1499/1499
f 1499/1499/1499 1500/1500/1500 1496/1496/1496
f 1499/1499/1499 254/254/254 1500/1500/1500
f 254/254/254 1499/1499/1499 252/252/252
f 1499/1499/1499 1501/1501/1501 252/252/252
f 1502/1502/1502 252/252/252 1501/1501/1501
f 238/238/238 252/252/252 1502/1502/1502
f 1503/1503/1503 238/238/238 1502/1502/1502
f 238/238/238 1503/1503/1503 1504/1504/1504
f 1504/1504/1504 1503/1503/1503 1505/1505/1505
f 1503/1503/1503 1506/1506/1506 1505/1505/1505
f 1503/1503/1503 1507/1507/1507 1506/1506/1506
f 1508/1508/1508 1506/1506/1506 1507/1507/1507
f 1509/1509/1509 1508/1508/1508 1507/1507/1507
f 1510/1510/1510 1509/1509/1509 1507/1507/1507
f 92/92/92 1510/1510/1510 1507/1507/1507
f 1507/1507/1507 91/91/91 92/92/92
f 1512/1512/1512 1511/1511/1511 254/254/254
f 1512/1512/1512 1513/1513/1513 1511/1511/1511
f 1514/1514/1514 1511/1511/1511 1513/1513/1513
f 1511/1511/1511 1514/1514/1514 1515/1515/1515
f 1514/1514/1514 1516/1516/1516 1515/1515/1515
f 1517/1517/1517 1511/1511/1511 1515/1515/1515
f 254/254/254 1511/1511/1511 1517/1517/1517
f 1516/1516/1516 1518/1518/1518 1515/1515/1515
f 1517/1517/1517 1515/1515/1515 1518/1518/1518
f 1519/1519/1519 254/254/254 1517/1517/1517
f 1518/1518/1518 1519/1519/1519 1517/1517/1517
f 1520/1520/1520 1518/1518/1518 1516/1516/1516
f 1520/1520/1520 1516/1516/1516 1521/1521/1521
f 254/254/254 1519/1519/1519 1522/1522/1522
f 1500/1500/1500 254/254/254 1522/1522/1522
f 1518/1518/1518 1523/1523/1523 1519/1519/1519
f 1520/1520/1520 1523/1523/1523 1518/1518/1518
f 1519/1519/1519 1523/1523/1523 1522/1522/1522
f 1523/1523/1523 1520/1520/1520 1524/1524/1524
f 1523/1523/1523 1524/1524/1524 1522/1522/1522
f 1520/1520/1520 1525/1525/1525 1524/1524/1524
f 1500/1500/1500 1522/1522/1522 1526/1526/1526
f 1527/1527/1527 1522/1522/1522 1524/1524/1524
f 1526/1526/1526 1522/1522/1522 1527/1527/1527
f 1524/1524/1524 1525/1525/1525 1528/1528/1528
f 1524/1524/1524 1528/1528/1528 1527/1527/1527
f 1500/1500/1500 1526/1526/1526 1529/1529/1529
f 1529/1529/1529 1530/1530/1530 1500/1500/1500
f 1530/1530/1530 1529/1529/1529 1531/1531/1531
f 1530/1530/1530 1531/1531/1531 1532/1532/1532
f 1529/1529/1529 1533/1533/1533 1531/1531/1531
f 1533/1533/1533 1534/1534/1534 1531/1531/1531
f 1531/1531/1531 1534/1534/1534 1535/1535/1535
f 1534/1534/1534 1536/1536/1536 1535/1535/1535
f 1537/1537/1537 1526/1526/1526 1527/1527/1527
f 1526/1526/1526 1538/1538/1538 1529/1529/1529
f 1538/1538/1538 1526/1526/1526 1537/1537/1537
f 1538/1538/1538 1539/1539/1539 1529/1529/1529
f 1539/1539/1539 1540/1540/1540 1529/1529/1529
f 1537/1537/1537 1541/1541/1541 1538/1538/1538
f 1540/1540/1540 1539/1539/1539 1542/1542/1542
f 1537/1537/1537 1527/1527/1527 1543/1543/1543
f 1528/1528/1528 1543/1543/1543 1527/1527/1527
f 1537/1537/1537 1544/1544/1544 1541/1541/1541
f 1544/1544/1544 1537/1537/1537 1543/1543/1543
f 1545/1545/1545 1541/1541/1541 1544/1544/1544
f 1539/1539/1539 1546/1546/1546 1542/1542/1542
f 1542/1542/1542 1546/1546/1546 1547/1547/1547
f 1528/1528/1528 1548/1548/1548 1543/1543/1543
f 1548/1548/1548 1544/1544/1544 1543/1543/1543
f 1549/1549/1549 1544/1544/1544 1548/1548/1548
f 1544/1544/1544 1549/1549/1549 1550/1550/1550
f 1548/1548/1548 1551/1551/1551 1549/1549/1549
f 1552/1552/1552 1548/1548/1548 1528/1528/1528
f 1548/1548/1548 1552/1552/1552 1553/1553/1553
f 1528/1528/1528 1525/1525/1525 1552/1552/1552
f 1554/1554/1554 1546/1546/1546 1539/1539/1539
f 1555/1555/1555 1554/1554/1554 1539/1539/1539
f 1546/1546/1546 1556/1556/1556 1547/1547/1547
f 1556/1556/1556 1557/1557/1557 1547/1547/1547
f 1546/1546/1546 1554/1554/1554 1558/1558/1558
f 1559/1559/1559 1546/1546/1546 1558/1558/1558
f 1560/1560/1560 1554/1554/1554 1555/1555/1555
f 1560/1560/1560 1555/1555/1555 1561/1561/1561
f 1561/1561/1561 1562/1562/1562 1560/1560/1560
f 1554/1554/1554 1560/1560/1560 1563/1563/1563
f 1558/1558/1558 1554/1554/1554 1563/1563/1563
f 1559/1559/1559 1558/1558/1558 1564/1564/1564
f 1565/1565/1565 1559/1559/1559 1564/1564/1564
f 1562/1562/1562 1566/1566/1566 1560/1560/1560
f 1566/1566/1566 1563/1563/1563 1560/1560/1560
f 1564/1564/1564 1558/1558/1558 1567/1567/1567
f 1558/1558/1558 1563/1563/1563 1567/1567/1567
f 1564/1564/1564 1568/1568/1568 1565/1565/1565
f 1564/1564/1564 1567/1567/1567 1568/1568/1568
f 1568/1568/1568 1569/1569/1569 1565/1565/1565
f 1570/1570/1570 1567/1567/1567 1563/1563/1563
f 1563/1563/1563 1566/1566/1566 1570/1570/1570
f 1562/1562/1562 1571/1571/1571 1566/1566/1566
f 1566/1566/1566 1571/1571/1571 1572/1572/1572
f 1562/1562/1562 1573/1573/1573 1571/1571/1571
f 1571/1571/1571 1573/1573/1573 1574/1574/1574
f 1571/1571/1571 1574/1574/1574 1572/1572/1572
f 1573/1573/1573 1575/1575/1575 1574/1574/1574
f 1576/1576/1576 1568/1568/1568 1567/1567/1567
f 1576/1576/1576 1567/1567/1567 1570/1570/1570
f 1566/1566/1566 1577/1577/1577 1570/1570/1570
f 1577/1577/1577 1566/1566/1566 1572/1572/1572
f 1576/1576/1576 1570/1570/1570 1578/1578/1578
f 1578/1578/1578 1570/1570/1570 1577/1577/1577
f 1568/1568/1568 1576/1576/1576 1579/1579/1579
f 1576/1576/1576 1578/1578/1578 1579/1579/1579
f 1577/1577/1577 1572/1572/1572 1580/1580/1580
f 1577/1577/1577 1580/1580/1580 1578/1578/1578
f 1578/1578/1578 1580/1580/1580 1581/1581/1581
f 1581/1581/1581 1582/1582/1582 1578/1578/1578
f 1581/1581/1581 1583/1583/1583 1582/1582/1582
f 1578/1578/1578 1584/1584/1584 1579/1579/1579
f 1584/1584/1584 1585/1585/1585 1579/1579/1579
f 1586/1586/1586 1568/1568/1568 1579/1579/1579
f 1579/1579/1579 1587/1587/1587 1586/1586/1586
f 1588/1588/1588 1568/1568/1568 1586/1586/1586
f 1587/1587/1587 1589/1589/1589 1586/1586/1586
f 1588/1588/1588 1586/1586/1586 1590/1590/1590
f 1586/1586/1586 1589/1589/1589 1590/1590/1590
f 1589/1589/1589 1591/1591/1591 1590/1590/1590
f 1590/1590/1590 1592/1592/1592 1588/1588/1588
f 1590/1590/1590 1593/1593/1593 1592/1592/1592
f 1596/1596/1596 1595/1595/1595 1594/1594/1594
f 1597/1597/1597 1594/1594/1594 1595/1595/1595
f 1597/1597/1597 1595/1595/1595 1598/1598/1598
f 1601/1601/1601 1600/1600/1600 1599/1599/1599
f 1600/1600/1600 1602/1602/1602 1599/1599/1599
f 1557/1557/1557 1604/1604/1604 1603/1603/1603
f 1603/1603/1603 1605/1605/1605 1557/1557/1557
f 1605/1605/1605 1603/1603/1603 1606/1606/1606
f 1607/1607/1607 1605/1605/1605 1606/1606/1606
f 1557/1557/1557 1605/1605/1605 1547/1547/1547
f 1547/1547/1547 1605/1605/1605 1607/1607/1607
f 1608/1608/1608 1547/1547/1547 1607/1607/1607
f 1609/1609/1609 1547/1547/1547 1608/1608/1608
f 1610/1610/1610 1609/1609/1609 1608/1608/1608
f 1611/1611/1611 1609/1609/1609 1610/1610/1610
f 1612/1612/1612 1611/1611/1611 1610/1610/1610
f 1610/1610/1610 1613/1613/1613 1612/1612/1612
f 1616/1616/1616 1615/1615/1615 1614/1614/1614
f 1617/1617/1617 1614/1614/1614 1615/1615/1615
f 1614/1614/1614 1617/1617/1617 1618/1618/1618
f 1617/1617/1617 1619/1619/1619 1618/1618/1618
f 1618/1618/1618 1619/1619/1619 1620/1620/1620
f 1617/1617/1617 1621/1621/1621 1619/1619/1619
f 1619/1619/1619 1621/1621/1621 1620/1620/1620
f 1620/1620/1620 1621/1621/1621 1622/1622/1622
f 1620/1620/1620 1622/1622/1622 1623/1623/1623
f 1617/1617/1617 1624/1624/1624 1621/1621/1621
f 1622/1622/1622 1621/1621/1621 1624/1624/1624
f 1625/1625/1625 1622/1622/1622 1624/1624/1624
f 1626/1626/1626 1623/1623/1623 1622/1622/1622
f 1622/1622/1622 1627/1627/1627 1626/1626/1626
f 1622/1622/1622 1628/1628/1628 1627/1627/1627
f 1626/1626/1626 1629/1629/1629 1623/1623/1623
f 1623/1623/1623 1629/1629/1629 1630/1630/1630
f 1623/1623/1623 1630/1630/1630 1631/1631/1631
f 1631/1631/1631 1632/1632/1632 1623/1623/1623
f 1631/1631/1631 1633/1633/1633 1632/1632/1632
f 1632/1632/1632 1633/1633/1633 1634/1634/1634
f 1633/1633/1633 1635/1635/1635 1634/1634/1634
f 1628/1628/1628 1622/1622/1622 1636/1636/1636
f 1636/1636/1636 1622/1622/1622 1625/1625/1625
f 1625/1625/1625 1637/1637/1637 1636/1636/1636
f 1638/1638/1638 1634/1634/1634 1635/1635/1635
f 1638/1638/1638 1635/1635/1635 1639/1639/1639
f 1639/1639/1639 1640/1640/1640 1638/1638/1638
f 1640/1640/1640 1641/1641/1641 1638/1638/1638
f 1638/1638/1638 1641/1641/1641 1642/1642/1642
f 1641/1641/1641 1643/1643/1643 1642/1642/1642
f 1637/1637/1637 1643/1643/1643 1636/1636/1636
f 1637/1637/1637 1642/1642/1642 1643/1643/1643
f 1644/1644/1644 1642/1642/1642 1637/1637/1637
f 1625/1625/1625 1645/1645/1645 1637/1637/1637
f 1645/1645/1645 1646/1646/1646 1637/1637/1637
f 1644/1644/1644 1637/1637/1637 1647/1647/1647
f 1647/1647/1647 1637/1637/1637 1646/1646/1646
f 1648/1648/1648 1647/1647/1647 1646/1646/1646
f 1646/1646/1646 1645/1645/1645 1649/1649/1649
f 1646/1646/1646 1650/1650/1650 1648/1648/1648
f 1646/1646/1646 1649/1649/1649 1651/1651/1651
f 1652/1652/1652 1651/1651/1651 1649/1649/1649
f 1646/1646/1646 1653/1653/1653 1650/1650/1650
f 1651/1651/1651 1653/1653/1653 1646/1646/1646
f 1653/1653/1653 1651/1651/1651 1654/1654/1654
f 1655/1655/1655 1650/1650/1650 1653/1653/1653
f 1653/1653/1653 1656/1656/1656 1655/1655/1655
f 1653/1653/1653 1654/1654/1654 1656/1656/1656
f 1654/1654/1654 1657/1657/1657 1656/1656/1656
f 1658/1658/1658 1657/1657/1657 1654/1654/1654
f 1659/1659/1659 1651/1651/1651 1652/1652/1652
f 1651/1651/1651 1659/1659/1659 1654/1654/1654
f 1652/1652/1652 1660/1660/1660 1659/1659/1659
f 1660/1660/1660 1661/1661/1661 1659/1659/1659
f 1654/1654/1654 1659/1659/1659 1661/1661/1661
f 1660/1660/1660 1662/1662/1662 1661/1661/1661
f 1661/1661/1661 1662/1662/1662 1663/1663/1663
f 1663/1663/1663 1664/1664/1664 1661/1661/1661
f 1665/1665/1665 1654/1654/1654 1661/1661/1661
f 1654/1654/1654 1665/1665/1665 1658/1658/1658
f 1665/1665/1665 1661/1661/1661 1664/1664/1664
f 1665/1665/1665 1666/1666/1666 1658/1658/1658
f 1658/1658/1658 1666/1666/1666 1667/1667/1667
f 1666/1666/1666 1668/1668/1668 1667/1667/1667
f 1669/1669/1669 1665/1665/1665 1664/1664/1664
f 1666/1666/1666 1665/1665/1665 1669/1669/1669
f 1670/1670/1670 1669/1669/1669 1664/1664/1664
f 1664/1664/1664 1671/1671/1671 1670/1670/1670
f 1672/1672/1672 1670/1670/1670 1671/1671/1671
f 1669/1669/1669 1670/1670/1670 1672/1672/1672
f 1673/1673/1673 1672/1672/1672 1671/1671/1671
f 1674/1674/1674 1669/1669/1669 1672/1672/1672
f 1674/1674/1674 1572/1572/1572 1669/1669/1669
f 1666/1666/1666 1669/1669/1669 1572/1572/1572
f 1675/1675/1675 1666/1666/1666 1572/1572/1572
f 1574/1574/1574 1675/1675/1675 1572/1572/1572
f 1666/1666/1666 1675/1675/1675 1676/1676/1676
f 1675/1675/1675 1574/1574/1574 1677/1677/1677
f 1574/1574/1574 1678/1678/1678 1677/1677/1677
f 1678/1678/1678 1679/1679/1679 1677/1677/1677
f 1680/1680/1680 1666/1666/1666 1676/1676/1676
f 1666/1666/1666 1680/1680/1680 1668/1668/1668
f 1668/1668/1668 1680/1680/1680 1681/1681/1681
f 1668/1668/1668 1681/1681/1681 1440/1440/1440
f 1681/1681/1681 1439/1439/1439 1440/1440/1440
f 1668/1668/1668 1440/1440/1440 1682/1682/1682
f 1668/1668/1668 1682/1682/1682 1683/1683/1683
f 1683/1683/1683 1682/1682/1682 1684/1684/1684
f 1686/1686/1686 1685/1685/1685 1439/1439/1439
f 1687/1687/1687 1685/1685/1685 1686/1686/1686
f 1687/1687/1687 1688/1688/1688 1685/1685/1685
f 1688/1688/1688 1687/1687/1687 1689/1689/1689
f 1687/1687/1687 1690/1690/1690 1689/1689/1689
f 1685/1685/1685 1688/1688/1688 1691/1691/1691
f 1439/1439/1439 1685/1685/1685 1692/1692/1692
f 1692/1692/1692 1685/1685/1685 1691/1691/1691
f 1691/1691/1691 1688/1688/1688 1693/1693/1693
f 1688/1688/1688 1689/1689/1689 1693/1693/1693
f 1691/1691/1691 1693/1693/1693 1694/1694/1694
f 1692/1692/1692 1691/1691/1691 1694/1694/1694
f 1689/1689/1689 1552/1552/1552 1693/1693/1693
f 1552/1552/1552 1694/1694/1694 1693/1693/1693
f 1689/1689/1689 1695/1695/1695 1552/1552/1552
f 1696/1696/1696 1695/1695/1695 1689/1689/1689
f 1552/1552/1552 1525/1525/1525 1694/1694/1694
f 1525/1525/1525 1697/1697/1697 1694/1694/1694
f 1694/1694/1694 1697/1697/1697 1692/1692/1692
f 1525/1525/1525 1698/1698/1698 1697/1697/1697
f 1699/1699/1699 1439/1439/1439 1692/1692/1692
f 1699/1699/1699 1692/1692/1692 1697/1697/1697
f 1698/1698/1698 1700/1700/1700 1697/1697/1697
f 1700/1700/1700 1699/1699/1699 1697/1697/1697
f 1701/1701/1701 1439/1439/1439 1699/1699/1699
f 1701/1701/1701 1699/1699/1699 1700/1700/1700
f 150/150/150 1439/1439/1439 1701/1701/1701
f 1700/1700/1700 1698/1698/1698 1702/1702/1702
f 1701/1701/1701 1700/1700/1700 1702/1702/1702
f 1698/1698/1698 1703/1703/1703 1702/1702/1702
f 1704/1704/1704 150/150/150 1701/1701/1701
f 1702/1702/1702 1704/1704/1704 1701/1701/1701
f 1702/1702/1702 1703/1703/1703 1704/1704/1704
f 147/147/147 150/150/150 1704/1704/1704
f 148/148/148 147/147/147 1704/1704/1704
f 1704/1704/1704 1703/1703/1703 148/148/148
f 1703/1703/1703 166/166/166 148/148/148
f 1707/1707/1707 1706/1706/1706 1705/1705/1705
f 1705/1705/1705 1708/1708/1708 1707/1707/1707
f 1708/1708/1708 1709/1709/1709 1707/1707/1707
f 1712/1712/1712 1711/1711/1711 1710/1710/1710
f 1713/1713/1713 1712/1712/1712 1710/1710/1710
f 1710/1710/1710 1714/1714/1714 1713/1713/1713
f 1714/1714/1714 1710/1710/1710 1715/1715/1715
f 1715/1715/1715 1716/1716/1716 1714/1714/1714
f 1715/1715/1715 1717/1717/1717 1716/1716/1716
f 1716/1716/1716 1717/1717/1717 1718/1718/1718
f 1718/1718/1718 1719/1719/1719 1716/1716/1716
f 1718/1718/1718 1720/1720/1720 1719/1719/1719
f 1720/1720/1720 1718/1718/1718 1721/1721/1721
f 1720/1720/1720 1721/1721/1721 1722/1722/1722
f 1722/1722/1722 1723/1723/1723 1720/1720/1720
f 1723/1723/1723 1724/1724/1724 1720/1720/1720
f 1723/1723/1723 1725/1725/1725 1724/1724/1724
f 1726/1726/1726 1723/1723/1723 1722/1722/1722
f 1727/1727/1727 1726/1726/1726 1722/1722/1722
f 1730/1730/1730 1729/1729/1729 1728/1728/1728
f 1731/1731/1731 1730/1730/1730 1728/1728/1728
f 1728/1728/1728 1732/1732/1732 1731/1731/1731
f 1733/1733/1733 1732/1732/1732 1728/1728/1728
f 1728/1728/1728 1734/1734/1734 1733/1733/1733
f 1734/1734/1734 1735/1735/1735 1733/1733/1733
f 1738/1738/1738 1737/1737/1737 1736/1736/1736
f 1736/1736/1736 1737/1737/1737 1739/1739/1739
f 1737/1737/1737 1740/1740/1740 1739/1739/1739
f 1740/1740/1740 1741/1741/1741 1739/1739/1739
f 1744/1744/1744 1743/1743/1743 1742/1742/1742
f 1743/1743/1743 1745/1745/1745 1742/1742/1742
f 1745/1745/1745 1746/1746/1746 1742/1742/1742
f 1749/1749/1749 1748/1748/1748 1747/1747/1747
f 1750/1750/1750 1748/1748/1748 1749/1749/1749
f 1751/1751/1751 1750/1750/1750 1749/1749/1749
f 1752/1752/1752 1750/1750/1750 1751/1751/1751
f 1753/1753/1753 1752/1752/1752 1751/1751/1751
f 1754/1754/1754 1752/1752/1752 1753/1753/1753
f 1754/1754/1754 1753/1753/1753 1755/1755/1755
f 1756/1756/1756 1755/1755/1755 1753/1753/1753
f 1756/1756/1756 1757/1757/1757 1755/1755/1755
f 1758/1758/1758 1757/1757/1757 1756/1756/1756
f 1757/1757/1757 1758/1758/1758 1759/1759/1759
f 1757/1757/1757 1759/1759/1759 1760/1760/1760
f 1761/1761/1761 1760/1760/1760 1759/1759/1759
f 1761/1761/1761 1762/1762/1762 1760/1760/1760
f 1761/1761/1761 1763/1763/1763 1762/1762/1762
f 1763/1763/1763 1764/1764/1764 1762/1762/1762
f 1762/1762/1762 1764/1764/1764 1765/1765/1765
f 1764/1764/1764 1766/1766/1766 1765/1765/1765
f 1769/1769/1769 1768/1768/1768 1767/1767/1767
f 1767/1767/1767 1768/1768/1768 1770/1770/1770
f 1770/1770/1770 1771/1771/1771 1767/1767/1767
f 1771/1771/1771 1770/1770/1770 1772/1772/1772
f 1772/1772/1772 1773/1773/1773 1771/1771/1771
f 1772/1772/1772 1774/1774/1774 1773/1773/1773
f 1773/1773/1773 1774/1774/1774 1775/1775/1775
f 1774/1774/1774 1776/1776/1776 1775/1775/1775
f 1776/1776/1776 1777/1777/1777 1775/1775/1775
f 1778/1778/1778 1775/1775/1775 1777/1777/1777
f 1781/1781/1781 1780/1780/1780 1779/1779/1779
f 1780/1780/1780 1782/1782/1782 1779/1779/1779
f 104/104/104 1779/1779/1779 1782/1782/1782
f 1785/1785/1785 1784/1784/1784 1783/1783/1783
f 1786/1786/1786 1785/1785/1785 1783/1783/1783
f 1789/1789/1789 1788/1788/1788 1787/1787/1787
f 1790/1790/1790 1789/1789/1789 1787/1787/1787
f 1789/1789/1789 1790/1790/1790 1791/1791/1791
f 1791/1791/1791 1792/1792/1792 1789/1789/1789
f 1793/1793/1793 1792/1792/1792 1791/1791/1791
f 1793/1793/1793 1794/1794/1794 1792/1792/1792
f 1794/1794/1794 1795/1795/1795 1792/1792/1792
f 1795/1795/1795 1796/1796/1796 1792/1792/1792
f 1796/1796/1796 1797/1797/1797 1792/1792/1792
f 1797/1797/1797 1796/1796/1796 1798/1798/1798
f 1801/1801/1801 1800/1800/1800 1799/1799/1799
f 1802/1802/1802 1801/1801/1801 1799/1799/1799
f 1801/1801/1801 1802/1802/1802 1803/1803/1803
f 1803/1803/1803 1802/1802/1802 1804/1804/1804
f 1802/1802/1802 1805/1805/1805 1804/1804/1804
f 1802/1802/1802 1806/1806/1806 1805/1805/1805
f 1806/1806/1806 1807/1807/1807 1805/1805/1805
f 1808/1808/1808 1806/1806/1806 1802/1802/1802
f 1809/1809/1809 1808/1808/1808 1802/1802/1802
f 1811/1811/1811 1810/1810/1810 1451/1451/1451
f 1810/1810/1810 1812/1812/1812 1451/1451/1451
f 1812/1812/1812 1459/1459/1459 1451/1451/1451
f 1459/1459/1459 1812/1812/1812 1813/1813/1813
f 1814/1814/1814 1459/1459/1459 1813/1813/1813
f 1817/1817/1817 1816/1816/1816 1815/1815/1815
f 1815/1815/1815 1818/1818/1818 1817/1817/1817
f 1815/1815/1815 1819/1819/1819 1818/1818/1818
f 1819/1819/1819 1820/1820/1820 1818/1818/1818
f 1823/1823/1823 1822/1822/1822 1821/1821/1821
f 1824/1824/1824 1821/1821/1821 1822/1822/1822
f 1827/1827/1827 1826/1826/1826 1825/1825/1825
f 1827/1827/1827 1825/1825/1825 1828/1828/1828
f 1831/1831/1831 1830/1830/1830 1829/1829/1829
f 1829/1829/1829 1832/1832/1832 1831/1831/1831
f 1832/1832/1832 1833/1833/1833 1831/1831/1831
f 1836/1836/1836 1835/1835/1835 1834/1834/1834
f 1835/1835/1835 1837/1837/1837 1834/1834/1834
f 1837/1837/1837 1838/1838/1838 1834/1834/1834
f 1841/1841/1841 1840/1840/1840 1839/1839/1839
f 1842/1842/1842 1841/1841/1841 1839/1839/1839
f 1843/1843/1843 1841/1841/1841 1842/1842/1842
f 1842/1842/1842 1844/1844/1844 1843/1843/1843
f 1842/1842/1842 1845/1845/1845 1844/1844/1844
f 1845/1845/1845 1846/1846/1846 1844/1844/1844
f 1847/1847/1847 1845/1845/1845 1842/1842/1842
f 1848/1848/1848 1847/1847/1847 1842/1842/1842
f 1851/1851/1851 1850/1850/1850 1849/1849/1849
f 1852/1852/1852 1851/1851/1851 1849/1849/1849
f 1849/1849/1849 1853/1853/1853 1852/1852/1852
f 1856/1856/1856 1855/1855/1855 1854/1854/1854
f 1855/1855/1855 1857/1857/1857 1854/1854/1854
f 1860/1860/1860 1859/1859/1859 1858/1858/1858
f 1859/1859/1859 1861/1861/1861 1858/1858/1858
f 1864/1864/1864 1863/1863/1863 1862/1862/1862
f 1863/1863/1863 1865/1865/1865 1862/1862/1862
f 1865/1865/1865 1863/1863/1863 1866/1866/1866
f 1863/1863/1863 1867/1867/1867 1866/1866/1866
f 1868/1868/1868 1866/1866/1866 1867/1867/1867
f 1868/1868/1868 1869/1869/1869 1866/1866/1866
f 1867/1867/1867 1870/1870/1870 1868/1868/1868
f 1867/1867/1867 1871/1871/1871 1870/1870/1870
f 1874/1874/1874 1873/1873/1873 1872/1872/1872
f 1873/1873/1873 1875/1875/1875 1872/1872/1872
f 1875/1875/1875 1873/1873/1873 1876/1876/1876
f 1873/1873/1873 1877/1877/1877 1876/1876/1876
f 1878/1878/1878 1876/1876/1876 1877/1877/1877
f 1877/1877/1877 1879/1879/1879 1878/1878/1878
f 1877/1877/1877 1880/1880/1880 1879/1879/1879
f 1876/1876/1876 1878/1878/1878 1881/1881/1881
f 1881/1881/1881 1882/1882/1882 1876/1876/1876
f 1885/1885/1885 1884/1884/1884 1883/1883/1883
f 1886/1886/1886 1885/1885/1885 1883/1883/1883
f 1886/1886/1886 1887/1887/1887 1885/1885/1885
f 1890/1890/1890 1889/1889/1889 1888/1888/1888
f 1889/1889/1889 1891/1891/1891 1888/1888/1888
f 1888/1888/1888 1891/1891/1891 1892/1892/1892
f 1892/1892/1892 1893/1893/1893 1888/1888/1888
f 1894/1894/1894 1892/1892/1892 1891/1891/1891
f 1895/1895/1895 1894/1894/1894 1891/1891/1891
f 1898/1898/1898 1897/1897/1897 1896/1896/1896
f 1896/1896/1896 1897/1897/1897 1899/1899/1899
f 1899/1899/1899 1900/1900/1900 1896/1896/1896
f 1900/1900/1900 1901/1901/1901 1896/1896/1896
f 1904/1904/1904 1903/1903/1903 1902/1902/1902
f 1904/1904/1904 1902/1902/1902 1905/1905/1905
f 1908/1908/1908 1907/1907/1907 1906/1906/1906
f 1908/1908/1908 1909/1909/1909 1907/1907/1907
f 1909/1909/1909 1908/1908/1908 1910/1910/1910
f 1910/1910/1910 1908/1908/1908 1911/1911/1911
f 1909/1909/1909 1912/1912/1912 1907/1907/1907
f 1912/1912/1912 1913/1913/1913 1907/1907/1907
f 1914/1914/1914 1907/1907/1907 1913/1913/1913
f 1914/1914/1914 1913/1913/1913 1915/1915/1915
f 1915/1915/1915 1913/1913/1913 1916/1916/1916
f 1912/1912/1912 1917/1917/1917 1913/1913/1913
f 1912/1912/1912 1918/1918/1918 1917/1917/1917
f 1921/1921/1921 1920/1920/1920 1919/1919/1919
f 1919/1919/1919 1922/1922/1922 1921/1921/1921
f 1921/1921/1921 1922/1922/1922 1923/1923/1923
f 1921/1921/1921 1923/1923/1923 1924/1924/1924
f 1924/1924/1924 1925/1925/1925 1921/1921/1921
f 1926/1926/1926 1921/1921/1921 1925/1925/1925
f 1927/1927/1927 1921/1921/1921 1926/1926/1926
f 1930/1930/1930 1929/1929/1929 1928/1928/1928
f 1928/1928/1928 1929/1929/1929 1931/1931/1931
f 1931/1931/1931 1932/1932/1932 1928/1928/1928
f 1932/1932/1932 1931/1931/1931 1933/1933/1933
f 1933/1933/1933 1931/1931/1931 1934/1934/1934
f 1937/1937/1937 1936/1936/1936 1935/1935/1935
f 1936/1936/1936 1938/1938/1938 1935/1935/1935
f 1935/1935/1935 1938/1938/1938 1939/1939/1939
f 1939/1939/1939 1940/1940/1940 1935/1935/1935
f 1940/1940/1940 1941/1941/1941 1935/1935/1935
f 1944/1944/1944 1943/1943/1943 1942/1942/1942
f 1945/1945/1945 1943/1943/1943 1944/1944/1944
f 1946/1946/1946 1945/1945/1945 1944/1944/1944
f 1944/1944/1944 1947/1947/1947 1946/1946/1946
f 1950/1950/1950 1949/1949/1949 1948/1948/1948
f 1950/1950/1950 1948/1948/1948 1951/1951/1951
f 1950/1950/1950 1951/1951/1951 1952/1952/1952
f 1955/1955/1955 1954/1954/1954 1953/1953/1953
f 1956/1956/1956 1955/1955/1955 1953/1953/1953
f 1956/1956/1956 1957/1957/1957 1955/1955/1955
f 1957/1957/1957 1958/1958/1958 1955/1955/1955
f 1957/1957/1957 1959/1959/1959 1958/1958/1958
f 1957/1957/1957 1960/1960/1960 1959/1959/1959
f 1963/1963/1963 1962/1962/1962 1961/1961/1961
f 1964/1964/1964 1961/1961/1961 1962/1962/1962
f 1967/1967/1967 1966/1966/1966 1965/1965/1965
f 1967/1967/1967 1965/1965/1965 1968/1968/1968
f 1968/1968/1968 1969/1969/1969 1967/1967/1967
f 1968/1968/1968 1970/1970/1970 1969/1969/1969
f 1965/1965/1965 1971/1971/1971 1968/1968/1968
f 1971/1971/1971 1965/1965/1965 1972/1972/1972
f 1972/1972/1972 1973/1973/1973 1971/1971/1971
f 1976/1976/1976 1975/1975/1975 1974/1974/1974
f 1976/1976/1976 1977/1977/1977 1975/1975/1975
f 1977/1977/1977 1978/1978/1978 1975/1975/1975
f 1981/1981/1981 1980/1980/1980 1979/1979/1979
f 1981/1981/1981 1982/1982/1982 1980/1980/1980
f 1982/1982/1982 1983/1983/1983 1980/1980/1980
f 1986/1986/1986 1985/1985/1985 1984/1984/1984
f 1987/1987/1987 1986/1986/1986 1984/1984/1984
f 1990/1990/1990 1989/1989/1989 1988/1988/1988
f 1988/1988/1988 1989/1989/1989 1991/1991/1991
f 1988/1988/1988 1991/1991/1991 1992/1992/1992
f 1993/1993/1993 1988/1988/1988 1992/1992/1992
f 1993/1993/1993 1992/1992/1992 1994/1994/1994
f 1995/1995/1995 1993/1993/1993 1994/1994/1994
f 1995/1995/1995 1994/1994/1994 1996/1996/1996
f 1997/1997/1997 1995/1995/1995 1996/1996/1996
f 1996/1996/1996 1994/1994/1994 1998/1998/1998
f 1994/1994/1994 1999/1999/1999 1998/1998/1998
f 1994/1994/1994 1992/1992/1992 1999/1999/1999
f 1992/1992/1992 2000/2000/2000 1999/1999/1999
f 1992/1992/1992 1991/1991/1991 2000/2000/2000
f 1991/1991/1991 2001/2001/2001 2000/2000/2000
f 1991/1991/1991 2002/2002/2002 2001/2001/2001
f 1997/1997/1997 1996/1996/1996 2003/2003/2003
f 2004/2004/2004 1997/1997/1997 2003/2003/2003
f 2004/2004/2004 2003/2003/2003 2005/2005/2005
f 2005/2005/2005 2003/2003/2003 2006/2006/2006
f 2003/2003/2003 2007/2007/2007 2006/2006/2006
f 2006/2006/2006 2007/2007/2007 2008/2008/2008
f 2007/2007/2007 2009/2009/2009 2008/2008/2008
f 2008/2008/2008 2009/2009/2009 2010/2010/2010
f 2009/2009/2009 2011/2011/2011 2010/2010/2010
f 2006/2006/2006 2008/2008/2008 2012/2012/2012
f 2012/2012/2012 2008/2008/2008 2013/2013/2013
f 2008/2008/2008 2010/2010/2010 2013/2013/2013
f 2014/2014/2014 2006/2006/2006 2012/2012/2012
f 2006/2006/2006 2014/2014/2014 2005/2005/2005
f 2015/2015/2015 2013/2013/2013 2010/2010/2010
f 2014/2014/2014 2016/2016/2016 2005/2005/2005
f 2017/2017/2017 2015/2015/2015 2010/2010/2010
f 2010/2010/2010 2011/2011/2011 2017/2017/2017
f 2018/2018/2018 2015/2015/2015 2017/2017/2017
f 2005/2005/2005 2016/2016/2016 2019/2019/2019
f 2016/2016/2016 2020/2020/2020 2019/2019/2019
f 2019/2019/2019 2004/2004/2004 2005/2005/2005
f 2011/2011/2011 2021/2021/2021 2017/2017/2017
f 2011/2011/2011 2022/2022/2022 2021/2021/2021
f 2023/2023/2023 2018/2018/2018 2017/2017/2017
f 2017/2017/2017 2021/2021/2021 2023/2023/2023
f 2024/2024/2024 2018/2018/2018 2023/2023/2023
f 2020/2020/2020 2024/2024/2024 2025/2025/2025
f 2019/2019/2019 2020/2020/2020 2025/2025/2025
f 2025/2025/2025 2024/2024/2024 2023/2023/2023
f 2026/2026/2026 2004/2004/2004 2019/2019/2019
f 2025/2025/2025 2026/2026/2026 2019/2019/2019
f 2026/2026/2026 2027/2027/2027 2004/2004/2004
f 2021/2021/2021 2028/2028/2028 2023/2023/2023
f 2023/2023/2023 2028/2028/2028 2025/2025/2025
f 2028/2028/2028 2026/2026/2026 2025/2025/2025
f 2021/2021/2021 2029/2029/2029 2028/2028/2028
f 2028/2028/2028 2030/2030/2030 2026/2026/2026
f 2029/2029/2029 2030/2030/2030 2028/2028/2028
f 2029/2029/2029 2031/2031/2031 2030/2030/2030
f 2031/2031/2031 2032/2032/2032 2030/2030/2030
f 2030/2030/2030 2032/2032/2032 2033/2033/2033
f 2031/2031/2031 2034/2034/2034 2032/2032/2032
f 2035/2035/2035 2031/2031/2031 2029/2029/2029
f 2036/2036/2036 2035/2035/2035 2029/2029/2029
f 2035/2035/2035 2037/2037/2037 2031/2031/2031
f 2037/2037/2037 2034/2034/2034 2031/2031/2031
f 2037/2037/2037 2038/2038/2038 2034/2034/2034
f 2038/2038/2038 2039/2039/2039 2034/2034/2034
f 2038/2038/2038 2040/2040/2040 2039/2039/2039
f 2040/2040/2040 2041/2041/2041 2039/2039/2039
f 2039/2039/2039 2041/2041/2041 2042/2042/2042
f 2041/2041/2041 2043/2043/2043 2042/2042/2042
f 2046/2046/2046 2045/2045/2045 2044/2044/2044
f 2047/2047/2047 2046/2046/2046 2044/2044/2044
f 2047/2047/2047 2044/2044/2044 2048/2048/2048
f 2049/2049/2049 2046/2046/2046 2047/2047/2047
f 2050/2050/2050 2047/2047/2047 2048/2048/2048
f 2051/2051/2051 2049/2049/2049 2047/2047/2047
f 2051/2051/2051 2047/2047/2047 2050/2050/2050
f 2052/2052/2052 2051/2051/2051 2050/2050/2050
f 2055/2055/2055 2054/2054/2054 2053/2053/2053
f 2054/2054/2054 2056/2056/2056 2053/2053/2053
f 2053/2053/2053 2056/2056/2056 2057/2057/2057
f 2056/2056/2056 2058/2058/2058 2057/2057/2057
f 2057/2057/2057 2058/2058/2058 2059/2059/2059
f 2056/2056/2056 2060/2060/2060 2058/2058/2058
f 2058/2058/2058 2061/2061/2061 2059/2059/2059
f 2060/2060/2060 2062/2062/2062 2058/2058/2058
f 2058/2058/2058 2062/2062/2062 2061/2061/2061
f 2060/2060/2060 2063/2063/2063 2062/2062/2062
f 2062/2062/2062 2064/2064/2064 2061/2061/2061
f 2063/2063/2063 2065/2065/2065 2062/2062/2062
f 2062/2062/2062 2065/2065/2065 2064/2064/2064
f 2063/2063/2063 2066/2066/2066 2065/2065/2065
f 2065/2065/2065 2067/2067/2067 2064/2064/2064
f 2065/2065/2065 2068/2068/2068 2067/2067/2067
f 2068/2068/2068 2069/2069/2069 2067/2067/2067
f 2068/2068/2068 2070/2070/2070 2069/2069/2069
f 2070/2070/2070 2071/2071/2071 2069/2069/2069
f 2072/2072/2072 2070/2070/2070 2068/2068/2068
f 2075/2075/2075 2074/2074/2074 2073/2073/2073
f 2075/2075/2075 2076/2076/2076 2074/2074/2074
f 2079/2079/2079 2078/2078/2078 2077/2077/2077
f 2079/2079/2079 2077/2077/2077 2080/2080/2080
f 2079/2079/2079 2080/2080/2080 2081/2081/2081
f 2080/2080/2080 2082/2082/2082 2081/2081/2081
f 2083/2083/2083 2082/2082/2082 2080/2080/2080
f 2083/2083/2083 2080/2080/2080 2084/2084/2084
f 2083/2083/2083 2085/2085/2085 2082/2082/2082
f 2084/2084/2084 2085/2085/2085 2083/2083/2083
f 2088/2088/2088 2087/2087/2087 2086/2086/2086
f 2089/2089/2089 2088/2088/2088 2086/2086/2086
f 2086/2086/2086 2090/2090/2090 2089/2089/2089
f 2086/2086/2086 2091/2091/2091 2090/2090/2090
f 2091/2091/2091 2092/2092/2092 2090/2090/2090
f 2093/2093/2093 2091/2091/2091 2086/2086/2086
f 2094/2094/2094 2093/2093/2093 2086/2086/2086
f 2095/2095/2095 2093/2093/2093 2094/2094/2094
f 2096/2096/2096 2095/2095/2095 2094/2094/2094
f 2097/2097/2097 2095/2095/2095 2096/2096/2096
f 2098/2098/2098 2097/2097/2097 2096/2096/2096
f 2098/2098/2098 2096/2096/2096 2099/2099/2099
f 2100/2100/2100 2099/2099/2099 2096/2096/2096
f 2101/2101/2101 2100/2100/2100 2096/2096/2096
f 2104/2104/2104 2103/2103/2103 2102/2102/2102
f 2104/2104/2104 2102/2102/2102 2105/2105/2105
f 2104/2104/2104 2105/2105/2105 2106/2106/2106
f 2105/2105/2105 2107/2107/2107 2106/2106/2106
f 2108/2108/2108 2107/2107/2107 2105/2105/2105
f 2108/2108/2108 2105/2105/2105 2109/2109/2109
f 2109/2109/2109 2110/2110/2110 2108/2108/2108
f 2110/2110/2110 2111/2111/2111 2108/2108/2108
f 2108/2108/2108 2112/2112/2112 2107/2107/2107
f 2112/2112/2112 2113/2113/2113 2107/2107/2107
f 2116/2116/2116 2115/2115/2115 2114/2114/2114
f 2117/2117/2117 2116/2116/2116 2114/2114/2114
f 2114/2114/2114 2118/2118/2118 2117/2117/2117
f 2114/2114/2114 2119/2119/2119 2118/2118/2118
f 2119/2119/2119 2120/2120/2120 2118/2118/2118
f 2121/2121/2121 2119/2119/2119 2114/2114/2114
f 2122/2122/2122 2121/2121/2121 2114/2114/2114
f 2123/2123/2123 2121/2121/2121 2122/2122/2122
f 2124/2124/2124 2123/2123/2123 2122/2122/2122
f 2125/2125/2125 2123/2123/2123 2124/2124/2124
f 2126/2126/2126 2125/2125/2125 2124/2124/2124
f 2129/2129/2129 2128/2128/2128 2127/2127/2127
f 2129/2129/2129 2127/2127/2127 2130/2130/2130
f 2129/2129/2129 2130/2130/2130 2131/2131/2131
f 2130/2130/2130 2132/2132/2132 2131/2131/2131
f 2133/2133/2133 2132/2132/2132 2130/2130/2130
f 2133/2133/2133 2130/2130/2130 2134/2134/2134
f 2134/2134/2134 2135/2135/2135 2133/2133/2133
f 2135/2135/2135 2136/2136/2136 2133/2133/2133
f 2133/2133/2133 2137/2137/2137 2132/2132/2132
f 2137/2137/2137 2138/2138/2138 2132/2132/2132
f 2141/2141/2141 2140/2140/2140 2139/2139/2139
f 2142/2142/2142 2141/2141/2141 2139/2139/2139
f 2139/2139/2139 2143/2143/2143 2142/2142/2142
f 2139/2139/2139 2144/2144/2144 2143/2143/2143
f 2144/2144/2144 2145/2145/2145 2143/2143/2143
f 2146/2146/2146 2144/2144/2144 2139/2139/2139
f 2147/2147/2147 2146/2146/2146 2139/2139/2139
f 2148/2148/2148 2146/2146/2146 2147/2147/2147
f 2149/2149/2149 2148/2148/2148 2147/2147/2147
f 2150/2150/2150 2148/2148/2148 2149/2149/2149
f 2151/2151/2151 2150/2150/2150 2149/2149/2149
f 2151/2151/2151 2149/2149/2149 2152/2152/2152
f 2153/2153/2153 2152/2152/2152 2149/2149/2149
f 2154/2154/2154 2153/2153/2153 2149/2149/2149
f 2157/2157/2157 2156/2156/2156 2155/2155/2155
f 2157/2157/2157 2155/2155/2155 2158/2158/2158
f 2157/2157/2157 2158/2158/2158 2159/2159/2159
f 2158/2158/2158 2160/2160/2160 2159/2159/2159
f 2161/2161/2161 2160/2160/2160 2158/2158/2158
f 2161/2161/2161 2158/2158/2158 2162/2162/2162
f 2161/2161/2161 2163/2163/2163 2160/2160/2160
f 2163/2163/2163 2164/2164/2164 2160/2160/2160
f 2167/2167/2167 2166/2166/2166 2165/2165/2165
f 2168/2168/2168 2167/2167/2167 2165/2165/2165
f 2165/2165/2165 2169/2169/2169 2168/2168/2168
f 2165/2165/2165 2170/2170/2170 2169/2169/2169
f 2170/2170/2170 2171/2171/2171 2169/2169/2169
f 2172/2172/2172 2170/2170/2170 2165/2165/2165
f 2173/2173/2173 2172/2172/2172 2165/2165/2165
f 2174/2174/2174 2172/2172/2172 2173/2173/2173
f 2175/2175/2175 2174/2174/2174 2173/2173/2173
f 2176/2176/2176 2174/2174/2174 2175/2175/2175
f 2177/2177/2177 2176/2176/2176 2175/2175/2175
f 2177/2177/2177 2175/2175/2175 2178/2178/2178
f 2179/2179/2179 2178/2178/2178 2175/2175/2175
f 2180/2180/2180 2179/2179/2179 2175/2175/2175
f 2183/2183/2183 2182/2182/2182 2181/2181/2181
f 2184/2184/2184 2183/2183/2183 2181/2181/2181
f 2187/2187/2187 2186/2186/2186 2185/2185/2185
f 2187/2187/2187 2185/2185/2185 2188/2188/2188
f 2188/2188/2188 2185/2185/2185 369/369/369
f 2188/2188/2188 369/369/369 2189/2189/2189
f 2185/2185/2185 367/367/367 369/369/369
f 2185/2185/2185 2190/2190/2190 367/367/367
f 2190/2190/2190 355/355/355 367/367/367
f 355/355/355 2190/2190/2190 357/357/357
f 2189/2189/2189 369/369/369 370/370/370
f 370/370/370 2191/2191/2191 2189/2189/2189
f 2191/2191/2191 370/370/370 2192/2192/2192
f 2193/2193/2193 2192/2192/2192 370/370/370
f 397/397/397 2193/2193/2193 370/370/370
f 398/398/398 2193/2193/2193 397/397/397
f 2194/2194/2194 2191/2191/2191 2192/2192/2192
f 2192/2192/2192 2193/2193/2193 2194/2194/2194
f 28/28/28 2191/2191/2191 2194/2194/2194
f 2195/2195/2195 2191/2191/2191 28/28/28
f 28/28/28 29/29/29 2195/2195/2195
f 2195/2195/2195 29/29/29 2196/2196/2196
f 2193/2193/2193 2197/2197/2197 2194/2194/2194
f 2193/2193/2193 398/398/398 2197/2197/2197
f 2194/2194/2194 2197/2197/2197 2198/2198/2198
f 2198/2198/2198 2197/2197/2197 398/398/398
f 2199/2199/2199 2194/2194/2194 2198/2198/2198
f 2198/2198/2198 398/398/398 2200/2200/2200
f 398/398/398 401/401/401 2200/2200/2200
f 401/401/401 2201/2201/2201 2200/2200/2200
f 2201/2201/2201 401/401/401 402/402/402
f 2202/2202/2202 2200/2200/2200 2201/2201/2201
f 2200/2200/2200 2202/2202/2202 2203/2203/2203
f 2200/2200/2200 2203/2203/2203 2204/2204/2204
f 2203/2203/2203 2205/2205/2205 2204/2204/2204
f 2205/2205/2205 2206/2206/2206 2204/2204/2204
f 2207/2207/2207 2206/2206/2206 2205/2205/2205
f 2204/2204/2204 2206/2206/2206 2208/2208/2208
f 2208/2208/2208 2206/2206/2206 2209/2209/2209
f 2208/2208/2208 2209/2209/2209 2210/2210/2210
f 2208/2208/2208 2210/2210/2210 2211/2211/2211
f 2211/2211/2211 2212/2212/2212 2208/2208/2208
f 2204/2204/2204 2208/2208/2208 2213/2213/2213
f 2208/2208/2208 2212/2212/2212 2214/2214/2214
f 2215/2215/2215 2214/2214/2214 2212/2212/2212
f 2216/2216/2216 2214/2214/2214 2215/2215/2215
f 2208/2208/2208 2214/2214/2214 2217/2217/2217
f 2208/2208/2208 2217/2217/2217 2213/2213/2213
f 2214/2214/2214 2218/2218/2218 2217/2217/2217
f 2217/2217/2217 2218/2218/2218 2219/2219/2219
f 2218/2218/2218 2220/2220/2220 2219/2219/2219
f 2213/2213/2213 2217/2217/2217 2221/2221/2221
f 2217/2217/2217 2219/2219/2219 2221/2221/2221
f 2220/2220/2220 2222/2222/2222 2219/2219/2219
f 2220/2220/2220 2223/2223/2223 2222/2222/2222
f 2221/2221/2221 2219/2219/2219 2224/2224/2224
f 2224/2224/2224 2219/2219/2219 2225/2225/2225
f 2226/2226/2226 2225/2225/2225 2219/2219/2219
f 2222/2222/2222 2226/2226/2226 2219/2219/2219
f 2227/2227/2227 2225/2225/2225 2226/2226/2226
f 2228/2228/2228 2227/2227/2227 2226/2226/2226
f 2223/2223/2223 2229/2229/2229 2222/2222/2222
f 2223/2223/2223 2230/2230/2230 2229/2229/2229
f 2230/2230/2230 2231/2231/2231 2229/2229/2229
f 2226/2226/2226 2222/2222/2222 2232/2232/2232
f 2232/2232/2232 2233/2233/2233 2226/2226/2226
f 2229/2229/2229 2231/2231/2231 2234/2234/2234
f 2231/2231/2231 2235/2235/2235 2234/2234/2234
f 2236/2236/2236 2234/2234/2234 2235/2235/2235
f 2222/2222/2222 2229/2229/2229 2237/2237/2237
f 2229/2229/2229 2234/2234/2234 2237/2237/2237
f 2222/2222/2222 2237/2237/2237 2232/2232/2232
f 2234/2234/2234 2236/2236/2236 2237/2237/2237
f 2238/2238/2238 2232/2232/2232 2237/2237/2237
f 2236/2236/2236 2238/2238/2238 2237/2237/2237
f 2238/2238/2238 2239/2239/2239 2232/2232/2232
f 2239/2239/2239 2238/2238/2238 2240/2240/2240
f 2241/2241/2241 2238/2238/2238 2236/2236/2236
f 2241/2241/2241 2242/2242/2242 2238/2238/2238
f 2243/2243/2243 2238/2238/2238 2242/2242/2242
f 2242/2242/2242 2244/2244/2244 2243/2243/2243
f 2247/2247/2247 2246/2246/2246 2245/2245/2245
f 2245/2245/2245 2246/2246/2246 2248/2248/2248
f 2249/2249/2249 2248/2248/2248 2246/2246/2246
f 2250/2250/2250 2249/2249/2249 2246/2246/2246
f 2250/2250/2250 2246/2246/2246 2251/2251/2251
f 2252/2252/2252 2251/2251/2251 2246/2246/2246
f 2251/2251/2251 2252/2252/2252 2253/2253/2253
f 2252/2252/2252 2254/2254/2254 2253/2253/2253
f 2255/2255/2255 2254/2254/2254 2252/2252/2252
f 2256/2256/2256 2254/2254/2254 2255/2255/2255
f 2257/2257/2257 2256/2256/2256 2255/2255/2255
f 2258/2258/2258 2256/2256/2256 2257/2257/2257
f 2259/2259/2259 2256/2256/2256 2258/2258/2258
f 2259/2259/2259 2258/2258/2258 2260/2260/2260
f 2260/2260/2260 2258/2258/2258 2261/2261/2261
f 2262/2262/2262 2261/2261/2261 2258/2258/2258
f 506/506/506 2261/2261/2261 2262/2262/2262
f 2261/2261/2261 506/506/506 504/504/504
f 2263/2263/2263 2261/2261/2261 504/504/504
f 504/504/504 2264/2264/2264 2263/2263/2263
f 504/504/504 490/490/490 2264/2264/2264
f 490/490/490 2265/2265/2265 2264/2264/2264
f 2265/2265/2265 490/490/490 2266/2266/2266
f 2265/2265/2265 2266/2266/2266 2267/2267/2267
f 2268/2268/2268 2265/2265/2265 2267/2267/2267
f 2269/2269/2269 2265/2265/2265 2268/2268/2268
f 2268/2268/2268 2270/2270/2270 2269/2269/2269
f 2270/2270/2270 2271/2271/2271 2269/2269/2269
f 2271/2271/2271 2272/2272/2272 2269/2269/2269
f 2272/2272/2272 345/345/345 2269/2269/2269
f 343/343/343 2269/2269/2269 345/345/345
f 2274/2274/2274 2273/2273/2273 506/506/506
f 2275/2275/2275 2273/2273/2273 2274/2274/2274
f 2274/2274/2274 2276/2276/2276 2275/2275/2275
f 2276/2276/2276 2274/2274/2274 2277/2277/2277
f 2278/2278/2278 2276/2276/2276 2277/2277/2277
f 2274/2274/2274 2279/2279/2279 2277/2277/2277
f 2274/2274/2274 506/506/506 2279/2279/2279
f 2280/2280/2280 2278/2278/2278 2277/2277/2277
f 2277/2277/2277 2279/2279/2279 2280/2280/2280
f 506/506/506 2281/2281/2281 2279/2279/2279
f 2281/2281/2281 2280/2280/2280 2279/2279/2279
f 2280/2280/2280 2282/2282/2282 2278/2278/2278
f 2278/2278/2278 2282/2282/2282 2283/2283/2283
f 2281/2281/2281 506/506/506 2284/2284/2284
f 506/506/506 2262/2262/2262 2284/2284/2284
f 2285/2285/2285 2280/2280/2280 2281/2281/2281
f 2285/2285/2285 2282/2282/2282 2280/2280/2280
f 2285/2285/2285 2281/2281/2281 2284/2284/2284
f 2282/2282/2282 2285/2285/2285 2286/2286/2286
f 2286/2286/2286 2285/2285/2285 2284/2284/2284
f 2287/2287/2287 2282/2282/2282 2286/2286/2286
f 2284/2284/2284 2262/2262/2262 2288/2288/2288
f 2284/2284/2284 2289/2289/2289 2286/2286/2286
f 2284/2284/2284 2288/2288/2288 2289/2289/2289
f 2287/2287/2287 2286/2286/2286 2290/2290/2290
f 2290/2290/2290 2286/2286/2286 2289/2289/2289
f 2288/2288/2288 2262/2262/2262 2291/2291/2291
f 2292/2292/2292 2291/2291/2291 2262/2262/2262
f 2291/2291/2291 2292/2292/2292 2293/2293/2293
f 2293/2293/2293 2292/2292/2292 2294/2294/2294
f 2288/2288/2288 2295/2295/2295 2289/2289/2289
f 2296/2296/2296 2288/2288/2288 2291/2291/2291
f 2288/2288/2288 2296/2296/2296 2295/2295/2295
f 2297/2297/2297 2296/2296/2296 2291/2291/2291
f 2298/2298/2298 2297/2297/2297 2291/2291/2291
f 2299/2299/2299 2295/2295/2295 2296/2296/2296
f 2297/2297/2297 2298/2298/2298 2300/2300/2300
f 2289/2289/2289 2295/2295/2295 2301/2301/2301
f 2301/2301/2301 2290/2290/2290 2289/2289/2289
f 2302/2302/2302 2295/2295/2295 2299/2299/2299
f 2295/2295/2295 2302/2302/2302 2301/2301/2301
f 2299/2299/2299 2303/2303/2303 2302/2302/2302
f 2304/2304/2304 2297/2297/2297 2300/2300/2300
f 2304/2304/2304 2300/2300/2300 2305/2305/2305
f 2306/2306/2306 2290/2290/2290 2301/2301/2301
f 2302/2302/2302 2306/2306/2306 2301/2301/2301
f 2302/2302/2302 2307/2307/2307 2306/2306/2306
f 2307/2307/2307 2302/2302/2302 2308/2308/2308
f 2309/2309/2309 2306/2306/2306 2307/2307/2307
f 2306/2306/2306 2310/2310/2310 2290/2290/2290
f 2310/2310/2310 2306/2306/2306 2311/2311/2311
f 2287/2287/2287 2290/2290/2290 2310/2310/2310
f 2304/2304/2304 2312/2312/2312 2297/2297/2297
f 2312/2312/2312 2313/2313/2313 2297/2297/2297
f 2314/2314/2314 2304/2304/2304 2305/2305/2305
f 2315/2315/2315 2314/2314/2314 2305/2305/2305
f 2312/2312/2312 2316/2316/2316 2313/2313/2313
f 2313/2313/2313 2316/2316/2316 2317/2317/2317
f 2318/2318/2318 2317/2317/2317 2316/2316/2316
f 2312/2312/2312 2304/2304/2304 2319/2319/2319
f 2304/2304/2304 2320/2320/2320 2319/2319/2319
f 2316/2316/2316 2312/2312/2312 2321/2321/2321
f 2312/2312/2312 2319/2319/2319 2321/2321/2321
f 2322/2322/2322 2318/2318/2318 2316/2316/2316
f 2321/2321/2321 2322/2322/2322 2316/2316/2316
f 2319/2319/2319 2320/2320/2320 2323/2323/2323
f 2320/2320/2320 2324/2324/2324 2323/2323/2323
f 2321/2321/2321 2319/2319/2319 2325/2325/2325
f 2319/2319/2319 2323/2323/2323 2325/2325/2325
f 2326/2326/2326 2323/2323/2323 2324/2324/2324
f 2325/2325/2325 2323/2323/2323 2326/2326/2326
f 2327/2327/2327 2326/2326/2326 2324/2324/2324
f 2325/2325/2325 2328/2328/2328 2321/2321/2321
f 2322/2322/2322 2321/2321/2321 2328/2328/2328
f 2329/2329/2329 2318/2318/2318 2322/2322/2322
f 2329/2329/2329 2322/2322/2322 2330/2330/2330
f 2331/2331/2331 2318/2318/2318 2329/2329/2329
f 2331/2331/2331 2329/2329/2329 2332/2332/2332
f 2332/2332/2332 2329/2329/2329 2330/2330/2330
f 2333/2333/2333 2331/2331/2331 2332/2332/2332
f 2326/2326/2326 2334/2334/2334 2325/2325/2325
f 2325/2325/2325 2334/2334/2334 2328/2328/2328
f 2335/2335/2335 2322/2322/2322 2328/2328/2328
f 2322/2322/2322 2335/2335/2335 2330/2330/2330
f 2328/2328/2328 2334/2334/2334 2336/2336/2336
f 2328/2328/2328 2336/2336/2336 2335/2335/2335
f 2334/2334/2334 2326/2326/2326 2337/2337/2337
f 2336/2336/2336 2334/2334/2334 2337/2337/2337
f 2330/2330/2330 2335/2335/2335 2338/2338/2338
f 2338/2338/2338 2335/2335/2335 2336/2336/2336
f 2338/2338/2338 2336/2336/2336 2339/2339/2339
f 2340/2340/2340 2339/2339/2339 2336/2336/2336
f 2341/2341/2341 2339/2339/2339 2340/2340/2340
f 2342/2342/2342 2336/2336/2336 2337/2337/2337
f 2343/2343/2343 2342/2342/2342 2337/2337/2337
f 2326/2326/2326 2344/2344/2344 2337/2337/2337
f 2326/2326/2326 2345/2345/2345 2344/2344/2344
f 2344/2344/2344 2346/2346/2346 2337/2337/2337
f 2346/2346/2346 2347/2347/2347 2337/2337/2337
f 2348/2348/2348 2346/2346/2346 2344/2344/2344
f 2349/2349/2349 2348/2348/2348 2344/2344/2344
f 2344/2344/2344 2345/2345/2345 2349/2349/2349
f 2350/2350/2350 2349/2349/2349 2345/2345/2345
f 2351/2351/2351 2349/2349/2349 2350/2350/2350
f 2354/2354/2354 2353/2353/2353 2352/2352/2352
f 2352/2352/2352 2353/2353/2353 2355/2355/2355
f 2355/2355/2355 2356/2356/2356 2352/2352/2352
f 2357/2357/2357 2356/2356/2356 2355/2355/2355
f 2356/2356/2356 2357/2357/2357 2358/2358/2358
f 2356/2356/2356 2358/2358/2358 2359/2359/2359
f 2359/2359/2359 2358/2358/2358 2360/2360/2360
f 2360/2360/2360 2361/2361/2361 2359/2359/2359
f 2362/2362/2362 2361/2361/2361 2360/2360/2360
f 2362/2362/2362 2360/2360/2360 2363/2363/2363
f 2364/2364/2364 2362/2362/2362 2363/2363/2363
f 2364/2364/2364 2363/2363/2363 2365/2365/2365
f 2366/2366/2366 2364/2364/2364 2365/2365/2365
f 2366/2366/2366 2365/2365/2365 2367/2367/2367
f 2370/2370/2370 2369/2369/2369 2368/2368/2368
f 2368/2368/2368 2371/2371/2371 2370/2370/2370
f 2370/2370/2370 2371/2371/2371 2372/2372/2372
f 2374/2374/2374 2315/2315/2315 2373/2373/2373
f 2375/2375/2375 2373/2373/2373 2315/2315/2315
f 2373/2373/2373 2375/2375/2375 2376/2376/2376
f 2375/2375/2375 2377/2377/2377 2376/2376/2376
f 2375/2375/2375 2315/2315/2315 2305/2305/2305
f 2375/2375/2375 2305/2305/2305 2377/2377/2377
f 2305/2305/2305 2378/2378/2378 2377/2377/2377
f 2305/2305/2305 2379/2379/2379 2378/2378/2378
f 2379/2379/2379 2380/2380/2380 2378/2378/2378
f 2379/2379/2379 2381/2381/2381 2380/2380/2380
f 2381/2381/2381 2382/2382/2382 2380/2380/2380
f 2383/2383/2383 2380/2380/2380 2382/2382/2382
f 2386/2386/2386 2385/2385/2385 2384/2384/2384
f 2384/2384/2384 2387/2387/2387 2386/2386/2386
f 2387/2387/2387 2384/2384/2384 2388/2388/2388
f 2389/2389/2389 2387/2387/2387 2388/2388/2388
f 2389/2389/2389 2388/2388/2388 2390/2390/2390
f 2391/2391/2391 2387/2387/2387 2389/2389/2389
f 2391/2391/2391 2389/2389/2389 2390/2390/2390
f 2391/2391/2391 2390/2390/2390 2392/2392/2392
f 2392/2392/2392 2390/2390/2390 2393/2393/2393
f 2394/2394/2394 2387/2387/2387 2391/2391/2391
f 2391/2391/2391 2392/2392/2392 2394/2394/2394
f 2392/2392/2392 2395/2395/2395 2394/2394/2394
f 2393/2393/2393 2396/2396/2396 2392/2392/2392
f 2397/2397/2397 2392/2392/2392 2396/2396/2396
f 2398/2398/2398 2392/2392/2392 2397/2397/2397
f 2399/2399/2399 2396/2396/2396 2393/2393/2393
f 2399/2399/2399 2393/2393/2393 2400/2400/2400
f 2400/2400/2400 2393/2393/2393 2401/2401/2401
f 2402/2402/2402 2401/2401/2401 2393/2393/2393
f 2403/2403/2403 2401/2401/2401 2402/2402/2402
f 2403/2403/2403 2402/2402/2402 2404/2404/2404
f 2405/2405/2405 2403/2403/2403 2404/2404/2404
f 2392/2392/2392 2398/2398/2398 2406/2406/2406
f 2392/2392/2392 2406/2406/2406 2395/2395/2395
f 2407/2407/2407 2395/2395/2395 2406/2406/2406
f 2404/2404/2404 2408/2408/2408 2405/2405/2405
f 2405/2405/2405 2408/2408/2408 2409/2409/2409
f 2410/2410/2410 2409/2409/2409 2408/2408/2408
f 2411/2411/2411 2410/2410/2410 2408/2408/2408
f 2411/2411/2411 2408/2408/2408 2412/2412/2412
f 2413/2413/2413 2411/2411/2411 2412/2412/2412
f 2413/2413/2413 2407/2407/2407 2406/2406/2406
f 2412/2412/2412 2407/2407/2407 2413/2413/2413
f 2412/2412/2412 2414/2414/2414 2407/2407/2407
f 2415/2415/2415 2395/2395/2395 2407/2407/2407
f 2416/2416/2416 2415/2415/2415 2407/2407/2407
f 2407/2407/2407 2414/2414/2414 2417/2417/2417
f 2407/2407/2407 2417/2417/2417 2416/2416/2416
f 2417/2417/2417 2418/2418/2418 2416/2416/2416
f 2415/2415/2415 2416/2416/2416 2419/2419/2419
f 2420/2420/2420 2416/2416/2416 2418/2418/2418
f 2419/2419/2419 2416/2416/2416 2421/2421/2421
f 2421/2421/2421 2422/2422/2422 2419/2419/2419
f 2423/2423/2423 2416/2416/2416 2420/2420/2420
f 2423/2423/2423 2421/2421/2421 2416/2416/2416
f 2421/2421/2421 2423/2423/2423 2424/2424/2424
f 2420/2420/2420 2425/2425/2425 2423/2423/2423
f 2426/2426/2426 2423/2423/2423 2425/2425/2425
f 2424/2424/2424 2423/2423/2423 2426/2426/2426
f 2427/2427/2427 2424/2424/2424 2426/2426/2426
f 2427/2427/2427 2428/2428/2428 2424/2424/2424
f 2421/2421/2421 2429/2429/2429 2422/2422/2422
f 2429/2429/2429 2421/2421/2421 2424/2424/2424
f 2430/2430/2430 2422/2422/2422 2429/2429/2429
f 2431/2431/2431 2430/2430/2430 2429/2429/2429
f 2429/2429/2429 2424/2424/2424 2431/2431/2431
f 2432/2432/2432 2430/2430/2430 2431/2431/2431
f 2432/2432/2432 2431/2431/2431 2433/2433/2433
f 2434/2434/2434 2433/2433/2433 2431/2431/2431
f 2424/2424/2424 2435/2435/2435 2431/2431/2431
f 2435/2435/2435 2424/2424/2424 2428/2428/2428
f 2431/2431/2431 2435/2435/2435 2434/2434/2434
f 2436/2436/2436 2435/2435/2435 2428/2428/2428
f 2436/2436/2436 2428/2428/2428 2437/2437/2437
f 2438/2438/2438 2436/2436/2436 2437/2437/2437
f 2435/2435/2435 2439/2439/2439 2434/2434/2434
f 2435/2435/2435 2436/2436/2436 2439/2439/2439
f 2439/2439/2439 2440/2440/2440 2434/2434/2434
f 2441/2441/2441 2434/2434/2434 2440/2440/2440
f 2440/2440/2440 2442/2442/2442 2441/2441/2441
f 2440/2440/2440 2439/2439/2439 2442/2442/2442
f 2442/2442/2442 2443/2443/2443 2441/2441/2441
f 2439/2439/2439 2444/2444/2444 2442/2442/2442
f 2330/2330/2330 2444/2444/2444 2439/2439/2439
f 2439/2439/2439 2436/2436/2436 2330/2330/2330
f 2436/2436/2436 2445/2445/2445 2330/2330/2330
f 2445/2445/2445 2332/2332/2332 2330/2330/2330
f 2445/2445/2445 2436/2436/2436 2446/2446/2446
f 2332/2332/2332 2445/2445/2445 2447/2447/2447
f 2447/2447/2447 2448/2448/2448 2332/2332/2332
f 2448/2448/2448 2449/2449/2449 2332/2332/2332
f 2436/2436/2436 2450/2450/2450 2446/2446/2446
f 2450/2450/2450 2436/2436/2436 2438/2438/2438
f 2450/2450/2450 2438/2438/2438 2451/2451/2451
f 2451/2451/2451 2438/2438/2438 2202/2202/2202
f 2201/2201/2201 2451/2451/2451 2202/2202/2202
f 2202/2202/2202 2438/2438/2438 2452/2452/2452
f 2452/2452/2452 2438/2438/2438 2453/2453/2453
f 2452/2452/2452 2453/2453/2453 2454/2454/2454
f 2456/2456/2456 2455/2455/2455 2201/2201/2201
f 2456/2456/2456 2457/2457/2457 2455/2455/2455
f 2458/2458/2458 2457/2457/2457 2456/2456/2456
f 2457/2457/2457 2458/2458/2458 2459/2459/2459
f 2460/2460/2460 2457/2457/2457 2459/2459/2459
f 2458/2458/2458 2456/2456/2456 2461/2461/2461
f 2456/2456/2456 2201/2201/2201 2462/2462/2462
f 2456/2456/2456 2462/2462/2462 2461/2461/2461
f 2458/2458/2458 2461/2461/2461 2463/2463/2463
f 2459/2459/2459 2458/2458/2458 2463/2463/2463
f 2463/2463/2463 2461/2461/2461 2464/2464/2464
f 2461/2461/2461 2462/2462/2462 2464/2464/2464
f 2310/2310/2310 2459/2459/2459 2463/2463/2463
f 2464/2464/2464 2310/2310/2310 2463/2463/2463
f 2465/2465/2465 2459/2459/2459 2310/2310/2310
f 2465/2465/2465 2466/2466/2466 2459/2459/2459
f 2287/2287/2287 2310/2310/2310 2464/2464/2464
f 2467/2467/2467 2287/2287/2287 2464/2464/2464
f 2467/2467/2467 2464/2464/2464 2462/2462/2462
f 2468/2468/2468 2287/2287/2287 2467/2467/2467
f 2201/2201/2201 2469/2469/2469 2462/2462/2462
f 2462/2462/2462 2469/2469/2469 2467/2467/2467
f 2470/2470/2470 2468/2468/2468 2467/2467/2467
f 2469/2469/2469 2470/2470/2470 2467/2467/2467
f 2201/2201/2201 2471/2471/2471 2469/2469/2469
f 2469/2469/2469 2471/2471/2471 2470/2470/2470
f 2201/2201/2201 402/402/402 2471/2471/2471
f 2468/2468/2468 2470/2470/2470 2472/2472/2472
f 2470/2470/2470 2471/2471/2471 2472/2472/2472
f 2473/2473/2473 2468/2468/2468 2472/2472/2472
f 402/402/402 2474/2474/2474 2471/2471/2471
f 2474/2474/2474 2472/2472/2472 2471/2471/2471
f 2473/2473/2473 2472/2472/2472 2474/2474/2474
f 402/402/402 399/399/399 2474/2474/2474
f 399/399/399 403/403/403 2474/2474/2474
f 2473/2473/2473 2474/2474/2474 403/403/403
f 417/417/417 2473/2473/2473 403/403/403
f 2477/2477/2477 2476/2476/2476 2475/2475/2475
f 2476/2476/2476 2478/2478/2478 2475/2475/2475
f 2478/2478/2478 2479/2479/2479 2475/2475/2475
f 2482/2482/2482 2481/2481/2481 2480/2480/2480
f 2481/2481/2481 2483/2483/2483 2480/2480/2480
f 2484/2484/2484 2480/2480/2480 2483/2483/2483
f 2480/2480/2480 2484/2484/2484 2485/2485/2485
f 2486/2486/2486 2485/2485/2485 2484/2484/2484
f 2487/2487/2487 2485/2485/2485 2486/2486/2486
f 2487/2487/2487 2486/2486/2486 2488/2488/2488
f 2489/2489/2489 2488/2488/2488 2486/2486/2486
f 2490/2490/2490 2488/2488/2488 2489/2489/2489
f 2488/2488/2488 2490/2490/2490 2491/2491/2491
f 2491/2491/2491 2490/2490/2490 2492/2492/2492
f 2493/2493/2493 2492/2492/2492 2490/2490/2490
f 2494/2494/2494 2493/2493/2493 2490/2490/2490
f 2495/2495/2495 2493/2493/2493 2494/2494/2494
f 2493/2493/2493 2496/2496/2496 2492/2492/2492
f 2496/2496/2496 2497/2497/2497 2492/2492/2492
f 2500/2500/2500 2499/2499/2499 2498/2498/2498
f 2499/2499/2499 2501/2501/2501 2498/2498/2498
f 2502/2502/2502 2498/2498/2498 2501/2501/2501
f 2502/2502/2502 2503/2503/2503 2498/2498/2498
f 2503/2503/2503 2504/2504/2504 2498/2498/2498
f 2504/2504/2504 2505/2505/2505 2498/2498/2498
f 2508/2508/2508 2507/2507/2507 2506/2506/2506
f 2508/2508/2508 2506/2506/2506 2509/2509/2509
f 2509/2509/2509 2510/2510/2510 2508/2508/2508
f 2510/2510/2510 2511/2511/2511 2508/2508/2508
f 2514/2514/2514 2513/2513/2513 2512/2512/2512
f 2512/2512/2512 2515/2515/2515 2514/2514/2514
f 2515/2515/2515 2516/2516/2516 2514/2514/2514
f 2519/2519/2519 2518/2518/2518 2517/2517/2517
f 2519/2519/2519 2517/2517/2517 2520/2520/2520
f 2521/2521/2521 2520/2520/2520 2517/2517/2517
f 2520/2520/2520 2521/2521/2521 2522/2522/2522
f 2523/2523/2523 2522/2522/2522 2521/2521/2521
f 2524/2524/2524 2522/2522/2522 2523/2523/2523
f 2524/2524/2524 2523/2523/2523 2525/2525/2525
f 2526/2526/2526 2524/2524/2524 2525/2525/2525
f 2527/2527/2527 2526/2526/2526 2525/2525/2525
f 2525/2525/2525 2528/2528/2528 2527/2527/2527
f 2531/2531/2531 2530/2530/2530 2529/2529/2529
f 2532/2532/2532 2531/2531/2531 2529/2529/2529
f 2529/2529/2529 357/357/357 2532/2532/2532
f 2535/2535/2535 2534/2534/2534 2533/2533/2533
f 2534/2534/2534 2536/2536/2536 2533/2533/2533
f 2539/2539/2539 2538/2538/2538 2537/2537/2537
f 2538/2538/2538 2540/2540/2540 2537/2537/2537
f 2540/2540/2540 2538/2538/2538 2541/2541/2541
f 2542/2542/2542 2541/2541/2541 2538/2538/2538
f 2542/2542/2542 2543/2543/2543 2541/2541/2541
f 2544/2544/2544 2543/2543/2543 2542/2542/2542
f 2545/2545/2545 2544/2544/2544 2542/2542/2542
f 2546/2546/2546 2545/2545/2545 2542/2542/2542
f 2547/2547/2547 2546/2546/2546 2542/2542/2542
f 2546/2546/2546 2547/2547/2547 2548/2548/2548
f 2551/2551/2551 2550/2550/2550 2549/2549/2549
f 2550/2550/2550 2552/2552/2552 2549/2549/2549
f 2552/2552/2552 2550/2550/2550 2553/2553/2553
f 2552/2552/2552 2553/2553/2553 2554/2554/2554
f 2555/2555/2555 2552/2552/2552 2554/2554/2554
f 2555/2555/2555 2556/2556/2556 2552/2552/2552
f 2556/2556/2556 2557/2557/2557 2552/2552/2552
f 2552/2552/2552 2557/2557/2557 2558/2558/2558
f 2557/2557/2557 2559/2559/2559 2558/2558/2558
f 2561/2561/2561 2560/2560/2560 2213/2213/2213
f 2562/2562/2562 2561/2561/2561 2213/2213/2213
f 2221/2221/2221 2562/2562/2562 2213/2213/2213
f 2562/2562/2562 2221/2221/2221 2563/2563/2563
f 2221/2221/2221 2564/2564/2564 2563/2563/2563
f 2567/2567/2567 2566/2566/2566 2565/2565/2565
f 2568/2568/2568 2565/2565/2565 2566/2566/2566
f 2568/2568/2568 2569/2569/2569 2565/2565/2565
f 2569/2569/2569 2570/2570/2570 2565/2565/2565
f 2573/2573/2573 2572/2572/2572 2571/2571/2571
f 2571/2571/2571 2574/2574/2574 2573/2573/2573
f 2577/2577/2577 2576/2576/2576 2575/2575/2575
f 2575/2575/2575 2576/2576/2576 2578/2578/2578
f 2581/2581/2581 2580/2580/2580 2579/2579/2579
f 2580/2580/2580 2582/2582/2582 2579/2579/2579
f 2582/2582/2582 2583/2583/2583 2579/2579/2579
f 2586/2586/2586 2585/2585/2585 2584/2584/2584
f 2584/2584/2584 2587/2587/2587 2586/2586/2586
f 2587/2587/2587 2588/2588/2588 2586/2586/2586
f 2591/2591/2591 2590/2590/2590 2589/2589/2589
f 2590/2590/2590 2592/2592/2592 2589/2589/2589
f 2590/2590/2590 2593/2593/2593 2592/2592/2592
f 2594/2594/2594 2592/2592/2592 2593/2593/2593
f 2594/2594/2594 2595/2595/2595 2592/2592/2592
f 2595/2595/2595 2596/2596/2596 2592/2592/2592
f 2592/2592/2592 2596/2596/2596 2597/2597/2597
f 2596/2596/2596 2598/2598/2598 2597/2597/2597
f 2601/2601/2601 2600/2600/2600 2599/2599/2599
f 2600/2600/2600 2602/2602/2602 2599/2599/2599
f 2603/2603/2603 2599/2599/2599 2602/2602/2602
f 2606/2606/2606 2605/2605/2605 2604/2604/2604
f 2607/2607/2607 2606/2606/2606 2604/2604/2604
f 2610/2610/2610 2609/2609/2609 2608/2608/2608
f 2611/2611/2611 2610/2610/2610 2608/2608/2608
f 2614/2614/2614 2613/2613/2613 2612/2612/2612
f 2615/2615/2615 2614/2614/2614 2612/2612/2612
f 2614/2614/2614 2615/2615/2615 2616/2616/2616
f 2617/2617/2617 2614/2614/2614 2616/2616/2616
f 2616/2616/2616 2618/2618/2618 2617/2617/2617
f 2619/2619/2619 2618/2618/2618 2616/2616/2616
f 2620/2620/2620 2617/2617/2617 2618/2618/2618
f 2621/2621/2621 2617/2617/2617 2620/2620/2620
f 2624/2624/2624 2623/2623/2623 2622/2622/2622
f 2625/2625/2625 2624/2624/2624 2622/2622/2622
f 2624/2624/2624 2625/2625/2625 2626/2626/2626
f 2627/2627/2627 2624/2624/2624 2626/2626/2626
f 2626/2626/2626 2628/2628/2628 2627/2627/2627
f 2629/2629/2629 2627/2627/2627 2628/2628/2628
f 2630/2630/2630 2627/2627/2627 2629/2629/2629
f 2628/2628/2628 2626/2626/2626 2631/2631/2631
f 2632/2632/2632 2631/2631/2631 2626/2626/2626
f 2635/2635/2635 2634/2634/2634 2633/2633/2633
f 2634/2634/2634 2636/2636/2636 2633/2633/2633
f 2637/2637/2637 2636/2636/2636 2634/2634/2634
f 2640/2640/2640 2639/2639/2639 2638/2638/2638
f 2641/2641/2641 2640/2640/2640 2638/2638/2638
f 2641/2641/2641 2638/2638/2638 2642/2642/2642
f 2643/2643/2643 2642/2642/2642 2638/2638/2638
f 2642/2642/2642 2644/2644/2644 2641/2641/2641
f 2644/2644/2644 2645/2645/2645 2641/2641/2641
f 2648/2648/2648 2647/2647/2647 2646/2646/2646
f 2648/2648/2648 2646/2646/2646 2649/2649/2649
f 2646/2646/2646 2650/2650/2650 2649/2649/2649
f 2650/2650/2650 2651/2651/2651 2649/2649/2649
f 2654/2654/2654 2653/2653/2653 2652/2652/2652
f 2652/2652/2652 2653/2653/2653 2655/2655/2655
f 2658/2658/2658 2657/2657/2657 2656/2656/2656
f 2659/2659/2659 2657/2657/2657 2658/2658/2658
f 2657/2657/2657 2659/2659/2659 2660/2660/2660
f 2657/2657/2657 2660/2660/2660 2661/2661/2661
f 2662/2662/2662 2659/2659/2659 2658/2658/2658
f 2663/2663/2663 2662/2662/2662 2658/2658/2658
f 2658/2658/2658 2664/2664/2664 2663/2663/2663
f 2663/2663/2663 2664/2664/2664 2665/2665/2665
f 2663/2663/2663 2665/2665/2665 2666/2666/2666
f 2667/2667/2667 2662/2662/2662 2663/2663/2663
f 2668/2668/2668 2662/2662/2662 2667/2667/2667
f 2671/2671/2671 2670/2670/2670 2669/2669/2669
f 2672/2672/2672 2669/2669/2669 2670/2670/2670
f 2672/2672/2672 2670/2670/2670 2673/2673/2673
f 2673/2673/2673 2670/2670/2670 2674/2674/2674
f 2675/2675/2675 2674/2674/2674 2670/2670/2670
f 2670/2670/2670 2676/2676/2676 2675/2675/2675
f 2670/2670/2670 2677/2677/2677 2676/2676/2676
f 2680/2680/2680 2679/2679/2679 2678/2678/2678
f 2680/2680/2680 2678/2678/2678 2681/2681/2681
f 2682/2682/2682 2681/2681/2681 2678/2678/2678
f 2681/2681/2681 2682/2682/2682 2683/2683/2683
f 2681/2681/2681 2683/2683/2683 2684/2684/2684
f 2687/2687/2687 2686/2686/2686 2685/2685/2685
f 2688/2688/2688 2687/2687/2687 2685/2685/2685
f 2688/2688/2688 2685/2685/2685 2689/2689/2689
f 2690/2690/2690 2689/2689/2689 2685/2685/2685
f 2691/2691/2691 2690/2690/2690 2685/2685/2685
f 2694/2694/2694 2693/2693/2693 2692/2692/2692
f 2694/2694/2694 2695/2695/2695 2693/2693/2693
f 2695/2695/2695 2696/2696/2696 2693/2693/2693
f 2697/2697/2697 2693/2693/2693 2696/2696/2696
f 2700/2700/2700 2699/2699/2699 2698/2698/2698
f 2698/2698/2698 2699/2699/2699 2701/2701/2701
f 2701/2701/2701 2699/2699/2699 2702/2702/2702
f 2705/2705/2705 2704/2704/2704 2703/2703/2703
f 2704/2704/2704 2706/2706/2706 2703/2703/2703
f 2707/2707/2707 2706/2706/2706 2704/2704/2704
f 2708/2708/2708 2707/2707/2707 2704/2704/2704
f 2709/2709/2709 2707/2707/2707 2708/2708/2708
f 2710/2710/2710 2707/2707/2707 2709/2709/2709
f 2713/2713/2713 2712/2712/2712 2711/2711/2711
f 2711/2711/2711 2714/2714/2714 2713/2713/2713
f 2717/2717/2717 2716/2716/2716 2715/2715/2715
f 2715/2715/2715 2716/2716/2716 2718/2718/2718
f 2719/2719/2719 2718/2718/2718 2716/2716/2716
f 2720/2720/2720 2718/2718/2718 2719/2719/2719
f 2721/2721/2721 2715/2715/2715 2718/2718/2718
f 2715/2715/2715 2721/2721/2721 2722/2722/2722
f 2723/2723/2723 2722/2722/2722 2721/2721/2721
f 2726/2726/2726 2725/2725/2725 2724/2724/2724
f 2726/2726/2726 2727/2727/2727 2725/2725/2725
f 2727/2727/2727 2728/2728/2728 2725/2725/2725
f 2731/2731/2731 2730/2730/2730 2729/2729/2729
f 2731/2731/2731 2732/2732/2732 2730/2730/2730
f 2732/2732/2732 2733/2733/2733 2730/2730/2730
f 2736/2736/2736 2735/2735/2735 2734/2734/2734
f 2737/2737/2737 2736/2736/2736 2734/2734/2734
f 2740/2740/2740 2739/2739/2739 2738/2738/2738
f 2740/2740/2740 2738/2738/2738 2741/2741/2741
f 2741/2741/2741 2738/2738/2738 2742/2742/2742
f 2738/2738/2738 2743/2743/2743 2742/2742/2742
f 2742/2742/2742 2743/2743/2743 2744/2744/2744
f 2743/2743/2743 2745/2745/2745 2744/2744/2744
f 2744/2744/2744 2745/2745/2745 2746/2746/2746
f 2745/2745/2745 2747/2747/2747 2746/2746/2746
f 2744/2744/2744 2746/2746/2746 2748/2748/2748
f 2749/2749/2749 2744/2744/2744 2748/2748/2748
f 2742/2742/2742 2744/2744/2744 2749/2749/2749
f 2750/2750/2750 2742/2742/2742 2749/2749/2749
f 2741/2741/2741 2742/2742/2742 2750/2750/2750
f 2751/2751/2751 2741/2741/2741 2750/2750/2750
f 2752/2752/2752 2741/2741/2741 2751/2751/2751
f 2746/2746/2746 2747/2747/2747 2753/2753/2753
f 2747/2747/2747 2754/2754/2754 2753/2753/2753
f 2753/2753/2753 2754/2754/2754 2755/2755/2755
f 2753/2753/2753 2755/2755/2755 2756/2756/2756
f 2757/2757/2757 2753/2753/2753 2756/2756/2756
f 2757/2757/2757 2756/2756/2756 2758/2758/2758
f 2759/2759/2759 2757/2757/2757 2758/2758/2758
f 2759/2759/2759 2758/2758/2758 2760/2760/2760
f 2761/2761/2761 2759/2759/2759 2760/2760/2760
f 2758/2758/2758 2756/2756/2756 2762/2762/2762
f 2758/2758/2758 2762/2762/2762 2763/2763/2763
f 2760/2760/2760 2758/2758/2758 2763/2763/2763
f 2756/2756/2756 2764/2764/2764 2762/2762/2762
f 2764/2764/2764 2756/2756/2756 2755/2755/2755
f 2763/2763/2763 2765/2765/2765 2760/2760/2760
f 2766/2766/2766 2764/2764/2764 2755/2755/2755
f 2765/2765/2765 2767/2767/2767 2760/2760/2760
f 2761/2761/2761 2760/2760/2760 2767/2767/2767
f 2765/2765/2765 2768/2768/2768 2767/2767/2767
f 2766/2766/2766 2755/2755/2755 2769/2769/2769
f 2770/2770/2770 2766/2766/2766 2769/2769/2769
f 2754/2754/2754 2769/2769/2769 2755/2755/2755
f 2771/2771/2771 2761/2761/2761 2767/2767/2767
f 2772/2772/2772 2761/2761/2761 2771/2771/2771
f 2768/2768/2768 2773/2773/2773 2767/2767/2767
f 2771/2771/2771 2767/2767/2767 2773/2773/2773
f 2768/2768/2768 2774/2774/2774 2773/2773/2773
f 2774/2774/2774 2770/2770/2770 2775/2775/2775
f 2770/2770/2770 2769/2769/2769 2775/2775/2775
f 2774/2774/2774 2775/2775/2775 2773/2773/2773
f 2754/2754/2754 2776/2776/2776 2769/2769/2769
f 2776/2776/2776 2775/2775/2775 2769/2769/2769
f 2777/2777/2777 2776/2776/2776 2754/2754/2754
f 2778/2778/2778 2771/2771/2771 2773/2773/2773
f 2778/2778/2778 2773/2773/2773 2775/2775/2775
f 2776/2776/2776 2778/2778/2778 2775/2775/2775
f 2779/2779/2779 2771/2771/2771 2778/2778/2778
f 2780/2780/2780 2778/2778/2778 2776/2776/2776
f 2780/2780/2780 2779/2779/2779 2778/2778/2778
f 2781/2781/2781 2779/2779/2779 2780/2780/2780
f 2782/2782/2782 2781/2781/2781 2780/2780/2780
f 2782/2782/2782 2780/2780/2780 2783/2783/2783
f 2784/2784/2784 2781/2781/2781 2782/2782/2782
f 2781/2781/2781 2785/2785/2785 2779/2779/2779
f 2785/2785/2785 2786/2786/2786 2779/2779/2779
f 2787/2787/2787 2785/2785/2785 2781/2781/2781
f 2784/2784/2784 2787/2787/2787 2781/2781/2781
f 2788/2788/2788 2787/2787/2787 2784/2784/2784
f 2789/2789/2789 2788/2788/2788 2784/2784/2784
f 2790/2790/2790 2788/2788/2788 2789/2789/2789
f 2791/2791/2791 2790/2790/2790 2789/2789/2789
f 2791/2791/2791 2789/2789/2789 2792/2792/2792
f 2793/2793/2793 2791/2791/2791 2792/2792/2792
f 2796/2796/2796 2795/2795/2795 2794/2794/2794
f 2795/2795/2795 2797/2797/2797 2794/2794/2794
f 2794/2794/2794 2797/2797/2797 2798/2798/2798
f 2795/2795/2795 2799/2799/2799 2797/2797/2797
f 2797/2797/2797 2800/2800/2800 2798/2798/2798
f 2799/2799/2799 2801/2801/2801 2797/2797/2797
f 2797/2797/2797 2801/2801/2801 2800/2800/2800
f 2801/2801/2801 2802/2802/2802 2800/2800/2800
f 2805/2805/2805 2804/2804/2804 2803/2803/2803
f 2806/2806/2806 2805/2805/2805 2803/2803/2803
f 2806/2806/2806 2803/2803/2803 2807/2807/2807
f 2808/2808/2808 2806/2806/2806 2807/2807/2807
f 2808/2808/2808 2807/2807/2807 2809/2809/2809
f 2810/2810/2810 2806/2806/2806 2808/2808/2808
f 2811/2811/2811 2808/2808/2808 2809/2809/2809
f 2812/2812/2812 2810/2810/2810 2808/2808/2808
f 2812/2812/2812 2808/2808/2808 2811/2811/2811
f 2813/2813/2813 2810/2810/2810 2812/2812/2812
f 2814/2814/2814 2812/2812/2812 2811/2811/2811
f 2815/2815/2815 2813/2813/2813 2812/2812/2812
f 2815/2815/2815 2812/2812/2812 2814/2814/2814
f 2816/2816/2816 2813/2813/2813 2815/2815/2815
f 2817/2817/2817 2815/2815/2815 2814/2814/2814
f 2818/2818/2818 2815/2815/2815 2817/2817/2817
f 2819/2819/2819 2818/2818/2818 2817/2817/2817
f 2820/2820/2820 2818/2818/2818 2819/2819/2819
f 2821/2821/2821 2820/2820/2820 2819/2819/2819
f 2820/2820/2820 2822/2822/2822 2818/2818/2818
f 2825/2825/2825 2824/2824/2824 2823/2823/2823
f 2826/2826/2826 2824/2824/2824 2825/2825/2825
f 2829/2829/2829 2828/2828/2828 2827/2827/2827
f 2827/2827/2827 2828/2828/2828 2830/2830/2830
f 2830/2830/2830 2828/2828/2828 2831/2831/2831
f 2832/2832/2832 2830/2830/2830 2831/2831/2831
f 2832/2832/2832 2833/2833/2833 2830/2830/2830
f 2830/2830/2830 2833/2833/2833 2834/2834/2834
f 2835/2835/2835 2833/2833/2833 2832/2832/2832
f 2835/2835/2835 2834/2834/2834 2833/2833/2833
f 2838/2838/2838 2837/2837/2837 2836/2836/2836
f 2836/2836/2836 2837/2837/2837 2839/2839/2839
f 2839/2839/2839 2837/2837/2837 2840/2840/2840
f 2841/2841/2841 2839/2839/2839 2840/2840/2840
f 2841/2841/2841 2842/2842/2842 2839/2839/2839
f 2839/2839/2839 2842/2842/2842 2843/2843/2843
f 2844/2844/2844 2842/2842/2842 2841/2841/2841
f 2845/2845/2845 2844/2844/2844 2841/2841/2841
f 2842/2842/2842 2846/2846/2846 2843/2843/2843
f 2846/2846/2846 2847/2847/2847 2843/2843/2843
f 2850/2850/2850 2849/2849/2849 2848/2848/2848
f 2849/2849/2849 2851/2851/2851 2848/2848/2848
f 2852/2852/2852 2848/2848/2848 2851/2851/2851
f 2852/2852/2852 2853/2853/2853 2848/2848/2848
f 2853/2853/2853 2854/2854/2854 2848/2848/2848
f 2848/2848/2848 2854/2854/2854 2855/2855/2855
f 2854/2854/2854 2856/2856/2856 2855/2855/2855
f 2855/2855/2855 2856/2856/2856 2857/2857/2857
f 2856/2856/2856 2858/2858/2858 2857/2857/2857
f 2857/2857/2857 2858/2858/2858 2859/2859/2859
f 2858/2858/2858 2860/2860/2860 2859/2859/2859
f 2863/2863/2863 2862/2862/2862 2861/2861/2861
f 2861/2861/2861 2862/2862/2862 2864/2864/2864
f 2864/2864/2864 2862/2862/2862 2865/2865/2865
f 2866/2866/2866 2864/2864/2864 2865/2865/2865
f 2866/2866/2866 2867/2867/2867 2864/2864/2864
f 2864/2864/2864 2867/2867/2867 2868/2868/2868
f 2869/2869/2869 2867/2867/2867 2866/2866/2866
f 2870/2870/2870 2869/2869/2869 2866/2866/2866
f 2873/2873/2873 2872/2872/2872 2871/2871/2871
f 2871/2871/2871 2872/2872/2872 2874/2874/2874
f 2874/2874/2874 2872/2872/2872 2875/2875/2875
f 2876/2876/2876 2874/2874/2874 2875/2875/2875
f 2876/2876/2876 2877/2877/2877 2874/2874/2874
f 2874/2874/2874 2877/2877/2877 2878/2878/2878
f 2879/2879/2879 2877/2877/2877 2876/2876/2876
f 2880/2880/2880 2879/2879/2879 2876/2876/2876
f 2883/2883/2883 2882/2882/2882 2881/2881/2881
f 2884/2884/2884 2883/2883/2883 2881/2881/2881
f 2887/2887/2887 2886/2886/2886 2885/2885/2885
f 2887/2887/2887 2885/2885/2885 2888/2888/2888
f 2888/2888/2888 2885/2885/2885 621/621/621
f 2888/2888/2888 621/621/621 2889/2889/2889
f 2885/2885/2885 619/619/619 621/621/621
f 2885/2885/2885 2890/2890/2890 619/619/619
f 2890/2890/2890 607/607/607 619/619/619
f 607/607/607 2890/2890/2890 609/609/609
f 2889/2889/2889 621/621/621 622/622/622
f 622/622/622 2891/2891/2891 2889/2889/2889
f 2891/2891/2891 622/622/622 2892/2892/2892
f 2893/2893/2893 2891/2891/2891 2892/2892/2892
f 2892/2892/2892 2894/2894/2894 2893/2893/2893
f 2894/2894/2894 2892/2892/2892 622/622/622
f 649/649/649 2894/2894/2894 622/622/622
f 650/650/650 2894/2894/2894 649/649/649
f 49/49/49 2891/2891/2891 2893/2893/2893
f 2895/2895/2895 2891/2891/2891 49/49/49
f 49/49/49 50/50/50 2895/2895/2895
f 2895/2895/2895 50/50/50 2896/2896/2896
f 49/49/49 2893/2893/2893 2897/2897/2897
f 296/296/296 49/49/49 2897/2897/2897
f 2897/2897/2897 2893/2893/2893 2898/2898/2898
f 2893/2893/2893 2899/2899/2899 2898/2898/2898
f 2898/2898/2898 2899/2899/2899 300/300/300
f 2899/2899/2899 299/299/299 300/300/300
f 2894/2894/2894 2900/2900/2900 2893/2893/2893
f 2894/2894/2894 650/650/650 2900/2900/2900
f 2893/2893/2893 2900/2900/2900 2901/2901/2901
f 2901/2901/2901 2900/2900/2900 650/650/650
f 2902/2902/2902 2893/2893/2893 2901/2901/2901
f 2901/2901/2901 650/650/650 2903/2903/2903
f 650/650/650 653/653/653 2903/2903/2903
f 653/653/653 2904/2904/2904 2903/2903/2903
f 2904/2904/2904 653/653/653 654/654/654
f 2905/2905/2905 2903/2903/2903 2904/2904/2904
f 2903/2903/2903 2905/2905/2905 2906/2906/2906
f 2903/2903/2903 2906/2906/2906 2907/2907/2907
f 2906/2906/2906 2908/2908/2908 2907/2907/2907
f 2908/2908/2908 2909/2909/2909 2907/2907/2907
f 2910/2910/2910 2909/2909/2909 2908/2908/2908
f 2907/2907/2907 2909/2909/2909 2911/2911/2911
f 2911/2911/2911 2909/2909/2909 2912/2912/2912
f 2911/2911/2911 2912/2912/2912 2913/2913/2913
f 2911/2911/2911 2913/2913/2913 2914/2914/2914
f 2914/2914/2914 2915/2915/2915 2911/2911/2911
f 2907/2907/2907 2911/2911/2911 2916/2916/2916
f 2911/2911/2911 2915/2915/2915 2917/2917/2917
f 2918/2918/2918 2917/2917/2917 2915/2915/2915
f 2919/2919/2919 2917/2917/2917 2918/2918/2918
f 2911/2911/2911 2917/2917/2917 2920/2920/2920
f 2911/2911/2911 2920/2920/2920 2916/2916/2916
f 2917/2917/2917 2921/2921/2921 2920/2920/2920
f 2920/2920/2920 2921/2921/2921 2922/2922/2922
f 2921/2921/2921 2923/2923/2923 2922/2922/2922
f 2916/2916/2916 2920/2920/2920 2924/2924/2924
f 2920/2920/2920 2922/2922/2922 2924/2924/2924
f 2923/2923/2923 2925/2925/2925 2922/2922/2922
f 2923/2923/2923 2926/2926/2926 2925/2925/2925
f 2924/2924/2924 2922/2922/2922 2927/2927/2927
f 2927/2927/2927 2922/2922/2922 2928/2928/2928
f 2929/2929/2929 2928/2928/2928 2922/2922/2922
f 2925/2925/2925 2929/2929/2929 2922/2922/2922
f 2930/2930/2930 2928/2928/2928 2929/2929/2929
f 2931/2931/2931 2930/2930/2930 2929/2929/2929
f 2926/2926/2926 2932/2932/2932 2925/2925/2925
f 2926/2926/2926 2933/2933/2933 2932/2932/2932
f 2933/2933/2933 2934/2934/2934 2932/2932/2932
f 2929/2929/2929 2925/2925/2925 2935/2935/2935
f 2935/2935/2935 2936/2936/2936 2929/2929/2929
f 2932/2932/2932 2934/2934/2934 2937/2937/2937
f 2934/2934/2934 2938/2938/2938 2937/2937/2937
f 2939/2939/2939 2937/2937/2937 2938/2938/2938
f 2925/2925/2925 2932/2932/2932 2940/2940/2940
f 2932/2932/2932 2937/2937/2937 2940/2940/2940
f 2925/2925/2925 2940/2940/2940 2935/2935/2935
f 2937/2937/2937 2939/2939/2939 2940/2940/2940
f 2941/2941/2941 2935/2935/2935 2940/2940/2940
f 2939/2939/2939 2941/2941/2941 2940/2940/2940
f 2941/2941/2941 2942/2942/2942 2935/2935/2935
f 2942/2942/2942 2941/2941/2941 2943/2943/2943
f 2944/2944/2944 2941/2941/2941 2939/2939/2939
f 2944/2944/2944 2945/2945/2945 2941/2941/2941
f 2946/2946/2946 2941/2941/2941 2945/2945/2945
f 2945/2945/2945 2947/2947/2947 2946/2946/2946
f 2950/2950/2950 2949/2949/2949 2948/2948/2948
f 2948/2948/2948 2949/2949/2949 2951/2951/2951
f 2952/2952/2952 2951/2951/2951 2949/2949/2949
f 2953/2953/2953 2952/2952/2952 2949/2949/2949
f 2953/2953/2953 2949/2949/2949 2954/2954/2954
f 2955/2955/2955 2954/2954/2954 2949/2949/2949
f 2954/2954/2954 2955/2955/2955 2956/2956/2956
f 2955/2955/2955 2957/2957/2957 2956/2956/2956
f 2958/2958/2958 2957/2957/2957 2955/2955/2955
f 2959/2959/2959 2957/2957/2957 2958/2958/2958
f 2960/2960/2960 2959/2959/2959 2958/2958/2958
f 2961/2961/2961 2959/2959/2959 2960/2960/2960
f 2962/2962/2962 2959/2959/2959 2961/2961/2961
f 2962/2962/2962 2961/2961/2961 2963/2963/2963
f 2963/2963/2963 2961/2961/2961 2964/2964/2964
f 2965/2965/2965 2964/2964/2964 2961/2961/2961
f 756/756/756 2964/2964/2964 2965/2965/2965
f 2964/2964/2964 756/756/756 754/754/754
f 2966/2966/2966 2964/2964/2964 754/754/754
f 754/754/754 2967/2967/2967 2966/2966/2966
f 754/754/754 740/740/740 2967/2967/2967
f 740/740/740 2968/2968/2968 2967/2967/2967
f 2968/2968/2968 740/740/740 2969/2969/2969
f 2968/2968/2968 2969/2969/2969 2970/2970/2970
f 2971/2971/2971 2968/2968/2968 2970/2970/2970
f 2972/2972/2972 2968/2968/2968 2971/2971/2971
f 2971/2971/2971 2973/2973/2973 2972/2972/2972
f 2973/2973/2973 2974/2974/2974 2972/2972/2972
f 2974/2974/2974 2975/2975/2975 2972/2972/2972
f 2975/2975/2975 597/597/597 2972/2972/2972
f 595/595/595 2972/2972/2972 597/597/597
f 2977/2977/2977 2976/2976/2976 756/756/756
f 2978/2978/2978 2976/2976/2976 2977/2977/2977
f 2977/2977/2977 2979/2979/2979 2978/2978/2978
f 2979/2979/2979 2977/2977/2977 2980/2980/2980
f 2981/2981/2981 2979/2979/2979 2980/2980/2980
f 2977/2977/2977 2982/2982/2982 2980/2980/2980
f 2977/2977/2977 756/756/756 2982/2982/2982
f 2983/2983/2983 2981/2981/2981 2980/2980/2980
f 2980/2980/2980 2982/2982/2982 2983/2983/2983
f 756/756/756 2984/2984/2984 2982/2982/2982
f 2984/2984/2984 2983/2983/2983 2982/2982/2982
f 2983/2983/2983 2985/2985/2985 2981/2981/2981
f 2981/2981/2981 2985/2985/2985 2986/2986/2986
f 2984/2984/2984 756/756/756 2987/2987/2987
f 756/756/756 2965/2965/2965 2987/2987/2987
f 2988/2988/2988 2983/2983/2983 2984/2984/2984
f 2988/2988/2988 2985/2985/2985 2983/2983/2983
f 2988/2988/2988 2984/2984/2984 2987/2987/2987
f 2985/2985/2985 2988/2988/2988 2989/2989/2989
f 2989/2989/2989 2988/2988/2988 2987/2987/2987
f 2990/2990/2990 2985/2985/2985 2989/2989/2989
f 2987/2987/2987 2965/2965/2965 2991/2991/2991
f 2987/2987/2987 2992/2992/2992 2989/2989/2989
f 2987/2987/2987 2991/2991/2991 2992/2992/2992
f 2990/2990/2990 2989/2989/2989 2993/2993/2993
f 2993/2993/2993 2989/2989/2989 2992/2992/2992
f 2991/2991/2991 2965/2965/2965 2994/2994/2994
f 2995/2995/2995 2994/2994/2994 2965/2965/2965
f 2994/2994/2994 2995/2995/2995 2996/2996/2996
f 2996/2996/2996 2995/2995/2995 2997/2997/2997
f 2991/2991/2991 2998/2998/2998 2992/2992/2992
f 2999/2999/2999 2991/2991/2991 2994/2994/2994
f 2991/2991/2991 2999/2999/2999 2998/2998/2998
f 3000/3000/3000 2999/2999/2999 2994/2994/2994
f 3001/3001/3001 3000/3000/3000 2994/2994/2994
f 3002/3002/3002 2998/2998/2998 2999/2999/2999
f 3000/3000/3000 3001/3001/3001 3003/3003/3003
f 2992/2992/2992 2998/2998/2998 3004/3004/3004
f 3004/3004/3004 2993/2993/2993 2992/2992/2992
f 3005/3005/3005 2998/2998/2998 3002/3002/3002
f 2998/2998/2998 3005/3005/3005 3004/3004/3004
f 3002/3002/3002 3006/3006/3006 3005/3005/3005
f 3007/3007/3007 3000/3000/3000 3003/3003/3003
f 3007/3007/3007 3003/3003/3003 3008/3008/3008
f 3009/3009/3009 2993/2993/2993 3004/3004/3004
f 3005/3005/3005 3009/3009/3009 3004/3004/3004
f 3005/3005/3005 3010/3010/3010 3009/3009/3009
f 3010/3010/3010 3005/3005/3005 3011/3011/3011
f 3012/3012/3012 3009/3009/3009 3010/3010/3010
f 3009/3009/3009 3013/3013/3013 2993/2993/2993
f 3013/3013/3013 3009/3009/3009 3014/3014/3014
f 2990/2990/2990 2993/2993/2993 3013/3013/3013
f 3007/3007/3007 3015/3015/3015 3000/3000/3000
f 3015/3015/3015 3016/3016/3016 3000/3000/3000
f 3017/3017/3017 3007/3007/3007 3008/3008/3008
f 3018/3018/3018 3017/3017/3017 3008/3008/3008
f 3015/3015/3015 3019/3019/3019 3016/3016/3016
f 3016/3016/3016 3019/3019/3019 3020/3020/3020
f 3021/3021/3021 3020/3020/3020 3019/3019/3019
f 3015/3015/3015 3007/3007/3007 3022/3022/3022
f 3007/3007/3007 3023/3023/3023 3022/3022/3022
f 3019/3019/3019 3015/3015/3015 3024/3024/3024
f 3015/3015/3015 3022/3022/3022 3024/3024/3024
f 3025/3025/3025 3021/3021/3021 3019/3019/3019
f 3024/3024/3024 3025/3025/3025 3019/3019/3019
f 3022/3022/3022 3023/3023/3023 3026/3026/3026
f 3023/3023/3023 3027/3027/3027 3026/3026/3026
f 3024/3024/3024 3022/3022/3022 3028/3028/3028
f 3022/3022/3022 3026/3026/3026 3028/3028/3028
f 3029/3029/3029 3026/3026/3026 3027/3027/3027
f 3028/3028/3028 3026/3026/3026 3029/3029/3029
f 3030/3030/3030 3029/3029/3029 3027/3027/3027
f 3028/3028/3028 3031/3031/3031 3024/3024/3024
f 3025/3025/3025 3024/3024/3024 3031/3031/3031
f 3032/3032/3032 3021/3021/3021 3025/3025/3025
f 3032/3032/3032 3025/3025/3025 3033/3033/3033
f 3034/3034/3034 3021/3021/3021 3032/3032/3032
f 3034/3034/3034 3032/3032/3032 3035/3035/3035
f 3035/3035/3035 3032/3032/3032 3033/3033/3033
f 3036/3036/3036 3034/3034/3034 3035/3035/3035
f 3036/3036/3036 3035/3035/3035 3037/3037/3037
f 3038/3038/3038 3036/3036/3036 3037/3037/3037
f 3029/3029/3029 3039/3039/3039 3028/3028/3028
f 3028/3028/3028 3039/3039/3039 3031/3031/3031
f 3040/3040/3040 3025/3025/3025 3031/3031/3031
f 3025/3025/3025 3040/3040/3040 3033/3033/3033
f 3031/3031/3031 3039/3039/3039 3041/3041/3041
f 3031/3031/3031 3041/3041/3041 3040/3040/3040
f 3039/3039/3039 3029/3029/3029 3042/3042/3042
f 3041/3041/3041 3039/3039/3039 3042/3042/3042
f 3029/3029/3029 3043/3043/3043 3042/3042/3042
f 3029/3029/3029 3044/3044/3044 3043/3043/3043
f 3043/3043/3043 3044/3044/3044 3045/3045/3045
f 3046/3046/3046 3045/3045/3045 3044/3044/3044
f 3047/3047/3047 3045/3045/3045 3046/3046/3046
f 3048/3048/3048 3041/3041/3041 3042/3042/3042
f 3049/3049/3049 3048/3048/3048 3042/3042/3042
f 3050/3050/3050 3040/3040/3040 3041/3041/3041
f 3033/3033/3033 3040/3040/3040 3050/3050/3050
f 3050/3050/3050 3041/3041/3041 3051/3051/3051
f 3052/3052/3052 3051/3051/3051 3041/3041/3041
f 3053/3053/3053 3051/3051/3051 3052/3052/3052
f 3055/3055/3055 3054/3054/3054 3033/3033/3033
f 3054/3054/3054 3056/3056/3056 3033/3033/3033
f 3056/3056/3056 3035/3035/3035 3033/3033/3033
f 3035/3035/3035 3056/3056/3056 3057/3057/3057
f 3033/3033/3033 3058/3058/3058 3055/3055/3055
f 3056/3056/3056 3054/3054/3054 3059/3059/3059
f 3054/3054/3054 3060/3060/3060 3059/3059/3059
f 3055/3055/3055 3058/3058/3058 3061/3061/3061
f 3060/3060/3060 3054/3054/3054 3062/3062/3062
f 3060/3060/3060 3062/3062/3062 3063/3063/3063
f 3063/3063/3063 3062/3062/3062 2905/2905/2905
f 2904/2904/2904 3063/3063/3063 2905/2905/2905
f 2905/2905/2905 3062/3062/3062 3064/3064/3064
f 3064/3064/3064 3062/3062/3062 3065/3065/3065
f 3064/3064/3064 3065/3065/3065 3066/3066/3066
f 3062/3062/3062 3054/3054/3054 3067/3067/3067
f 3054/3054/3054 3068/3068/3068 3067/3067/3067
f 3054/3054/3054 3069/3069/3069 3068/3068/3068
f 3069/3069/3069 3054/3054/3054 3055/3055/3055
f 3069/3069/3069 3070/3070/3070 3068/3068/3068
f 3071/3071/3071 3068/3068/3068 3070/3070/3070
f 3071/3071/3071 3070/3070/3070 3072/3072/3072
f 3070/3070/3070 3073/3073/3073 3072/3072/3072
f 3072/3072/3072 3073/3073/3073 3074/3074/3074
f 3075/3075/3075 3074/3074/3074 3073/3073/3073
f 3073/3073/3073 3076/3076/3076 3075/3075/3075
f 3075/3075/3075 3076/3076/3076 3077/3077/3077
f 3078/3078/3078 3077/3077/3077 3076/3076/3076
f 3079/3079/3079 3078/3078/3078 3076/3076/3076
f 3079/3079/3079 3080/3080/3080 3078/3078/3078
f 3081/3081/3081 3080/3080/3080 3079/3079/3079
f 3082/3082/3082 3073/3073/3073 3070/3070/3070
f 3073/3073/3073 3082/3082/3082 3076/3076/3076
f 3070/3070/3070 3069/3069/3069 3083/3083/3083
f 3084/3084/3084 3082/3082/3082 3070/3070/3070
f 3084/3084/3084 3070/3070/3070 3083/3083/3083
f 3083/3083/3083 3069/3069/3069 3085/3085/3085
f 3069/3069/3069 3055/3055/3055 3085/3085/3085
f 3085/3085/3085 3086/3086/3086 3083/3083/3083
f 3087/3087/3087 3083/3083/3083 3086/3086/3086
f 3087/3087/3087 3088/3088/3088 3083/3083/3083
f 3083/3083/3083 3088/3088/3088 3084/3084/3084
f 3088/3088/3088 3089/3089/3089 3084/3084/3084
f 3082/3082/3082 3084/3084/3084 3089/3089/3089
f 3082/3082/3082 3089/3089/3089 3090/3090/3090
f 3090/3090/3090 3076/3076/3076 3082/3082/3082
f 3055/3055/3055 3091/3091/3091 3085/3085/3085
f 3092/3092/3092 3085/3085/3085 3091/3091/3091
f 3091/3091/3091 3055/3055/3055 3061/3061/3061
f 3091/3091/3091 3061/3061/3061 3092/3092/3092
f 3061/3061/3061 3093/3093/3093 3092/3092/3092
f 3094/3094/3094 3076/3076/3076 3090/3090/3090
f 3094/3094/3094 3090/3090/3090 3095/3095/3095
f 3096/3096/3096 3094/3094/3094 3095/3095/3095
f 3076/3076/3076 3094/3094/3094 3079/3079/3079
f 3097/3097/3097 3094/3094/3094 3096/3096/3096
f 3094/3094/3094 3097/3097/3097 3079/3079/3079
f 3098/3098/3098 3097/3097/3097 3096/3096/3096
f 3079/3079/3079 3097/3097/3097 3099/3099/3099
f 3100/3100/3100 3099/3099/3099 3097/3097/3097
f 3100/3100/3100 3097/3097/3097 3101/3101/3101
f 3102/3102/3102 3079/3079/3079 3099/3099/3099
f 3081/3081/3081 3079/3079/3079 3102/3102/3102
f 3102/3102/3102 3103/3103/3103 3081/3081/3081
f 3100/3100/3100 3104/3104/3104 3099/3099/3099
f 3103/3103/3103 3105/3105/3105 3081/3081/3081
f 3104/3104/3104 3100/3100/3100 3106/3106/3106
f 3103/3103/3103 3107/3107/3107 3105/3105/3105
f 3107/3107/3107 3108/3108/3108 3105/3105/3105
f 3109/3109/3109 3105/3105/3105 3108/3108/3108
f 3110/3110/3110 3105/3105/3105 3109/3109/3109
f 3109/3109/3109 3111/3111/3111 3110/3110/3110
f 3111/3111/3111 3112/3112/3112 3110/3110/3110
f 3111/3111/3111 3113/3113/3113 3112/3112/3112
f 3112/3112/3112 3113/3113/3113 3114/3114/3114
f 3115/3115/3115 3114/3114/3114 3113/3113/3113
f 3116/3116/3116 3114/3114/3114 3115/3115/3115
f 3116/3116/3116 3117/3117/3117 3114/3114/3114
f 3106/3106/3106 3100/3100/3100 3117/3117/3117
f 3114/3114/3114 3117/3117/3117 3100/3100/3100
f 3100/3100/3100 3118/3118/3118 3114/3114/3114
f 3119/3119/3119 3118/3118/3118 3100/3100/3100
f 3119/3119/3119 3100/3100/3100 3101/3101/3101
f 3101/3101/3101 3120/3120/3120 3119/3119/3119
f 3119/3119/3119 3121/3121/3121 3118/3118/3118
f 3119/3119/3119 3120/3120/3120 3121/3121/3121
f 3121/3121/3121 3122/3122/3122 3118/3118/3118
f 3121/3121/3121 3120/3120/3120 3122/3122/3122
f 3120/3120/3120 3123/3123/3123 3122/3122/3122
f 3123/3123/3123 3120/3120/3120 3124/3124/3124
f 3124/3124/3124 3125/3125/3125 3123/3123/3123
f 3128/3128/3128 3127/3127/3127 3126/3126/3126
f 3126/3126/3126 3127/3127/3127 3129/3129/3129
f 3129/3129/3129 3130/3130/3130 3126/3126/3126
f 3131/3131/3131 3130/3130/3130 3129/3129/3129
f 3130/3130/3130 3131/3131/3131 3132/3132/3132
f 3130/3130/3130 3132/3132/3132 3133/3133/3133
f 3133/3133/3133 3132/3132/3132 3134/3134/3134
f 3134/3134/3134 3135/3135/3135 3133/3133/3133
f 3136/3136/3136 3135/3135/3135 3134/3134/3134
f 3136/3136/3136 3134/3134/3134 3137/3137/3137
f 3138/3138/3138 3136/3136/3136 3137/3137/3137
f 3138/3138/3138 3137/3137/3137 3139/3139/3139
f 3140/3140/3140 3138/3138/3138 3139/3139/3139
f 3140/3140/3140 3139/3139/3139 3141/3141/3141
f 3141/3141/3141 3139/3139/3139 3142/3142/3142
f 3143/3143/3143 3141/3141/3141 3142/3142/3142
f 3146/3146/3146 3145/3145/3145 3144/3144/3144
f 3144/3144/3144 3147/3147/3147 3146/3146/3146
f 3146/3146/3146 3147/3147/3147 3148/3148/3148
f 3151/3151/3151 3150/3150/3150 3149/3149/3149
f 3152/3152/3152 3151/3151/3151 3149/3149/3149
f 3154/3154/3154 3018/3018/3018 3153/3153/3153
f 3155/3155/3155 3153/3153/3153 3018/3018/3018
f 3153/3153/3153 3155/3155/3155 3156/3156/3156
f 3155/3155/3155 3157/3157/3157 3156/3156/3156
f 3155/3155/3155 3018/3018/3018 3008/3008/3008
f 3155/3155/3155 3008/3008/3008 3157/3157/3157
f 3008/3008/3008 3158/3158/3158 3157/3157/3157
f 3008/3008/3008 3159/3159/3159 3158/3158/3158
f 3159/3159/3159 3160/3160/3160 3158/3158/3158
f 3159/3159/3159 3161/3161/3161 3160/3160/3160
f 3161/3161/3161 3162/3162/3162 3160/3160/3160
f 3163/3163/3163 3160/3160/3160 3162/3162/3162
f 3163/3163/3163 3162/3162/3162 3164/3164/3164
f 3165/3165/3165 3163/3163/3163 3164/3164/3164
f 3160/3160/3160 3163/3163/3163 3166/3166/3166
f 3167/3167/3167 3160/3160/3160 3166/3166/3166
f 3168/3168/3168 3160/3160/3160 3167/3167/3167
f 3169/3169/3169 3168/3168/3168 3167/3167/3167
f 3170/3170/3170 3168/3168/3168 3169/3169/3169
f 3171/3171/3171 3170/3170/3170 3169/3169/3169
f 3172/3172/3172 3170/3170/3170 3171/3171/3171
f 3173/3173/3173 3172/3172/3172 3171/3171/3171
f 3176/3176/3176 3175/3175/3175 3174/3174/3174
f 3175/3175/3175 3177/3177/3177 3174/3174/3174
f 3177/3177/3177 3175/3175/3175 3178/3178/3178
f 3178/3178/3178 3175/3175/3175 3179/3179/3179
f 3178/3178/3178 3179/3179/3179 2904/2904/2904
f 3177/3177/3177 3178/3178/3178 3180/3180/3180
f 3174/3174/3174 3177/3177/3177 3181/3181/3181
f 3177/3177/3177 3180/3180/3180 3181/3181/3181
f 3178/3178/3178 3182/3182/3182 3180/3180/3180
f 3178/3178/3178 2904/2904/2904 3182/3182/3182
f 3181/3181/3181 3180/3180/3180 3183/3183/3183
f 3180/3180/3180 3182/3182/3182 3183/3183/3183
f 3013/3013/3013 3174/3174/3174 3181/3181/3181
f 3183/3183/3183 3013/3013/3013 3181/3181/3181
f 3184/3184/3184 3174/3174/3174 3013/3013/3013
f 3184/3184/3184 3185/3185/3185 3174/3174/3174
f 2990/2990/2990 3013/3013/3013 3183/3183/3183
f 3186/3186/3186 2990/2990/2990 3183/3183/3183
f 3186/3186/3186 3183/3183/3183 3182/3182/3182
f 3187/3187/3187 2990/2990/2990 3186/3186/3186
f 2904/2904/2904 3188/3188/3188 3182/3182/3182
f 3182/3182/3182 3188/3188/3188 3186/3186/3186
f 3189/3189/3189 3187/3187/3187 3186/3186/3186
f 3188/3188/3188 3189/3189/3189 3186/3186/3186
f 2904/2904/2904 3190/3190/3190 3188/3188/3188
f 3188/3188/3188 3190/3190/3190 3189/3189/3189
f 2904/2904/2904 654/654/654 3190/3190/3190
f 3187/3187/3187 3189/3189/3189 3191/3191/3191
f 3189/3189/3189 3190/3190/3190 3191/3191/3191
f 3192/3192/3192 3187/3187/3187 3191/3191/3191
f 654/654/654 3193/3193/3193 3190/3190/3190
f 3193/3193/3193 3191/3191/3191 3190/3190/3190
f 3192/3192/3192 3191/3191/3191 3193/3193/3193
f 654/654/654 651/651/651 3193/3193/3193
f 651/651/651 652/652/652 3193/3193/3193
f 3192/3192/3192 3193/3193/3193 652/652/652
f 669/669/669 3192/3192/3192 652/652/652
f 3196/3196/3196 3195/3195/3195 3194/3194/3194
f 3196/3196/3196 3194/3194/3194 3197/3197/3197
f 3198/3198/3198 3197/3197/3197 3194/3194/3194
f 3199/3199/3199 3198/3198/3198 3194/3194/3194
f 3202/3202/3202 3201/3201/3201 3200/3200/3200
f 3201/3201/3201 3203/3203/3203 3200/3200/3200
f 3204/3204/3204 3200/3200/3200 3203/3203/3203
f 3200/3200/3200 3204/3204/3204 3205/3205/3205
f 3206/3206/3206 3205/3205/3205 3204/3204/3204
f 3207/3207/3207 3205/3205/3205 3206/3206/3206
f 3207/3207/3207 3206/3206/3206 3208/3208/3208
f 3209/3209/3209 3208/3208/3208 3206/3206/3206
f 3210/3210/3210 3208/3208/3208 3209/3209/3209
f 3208/3208/3208 3210/3210/3210 3211/3211/3211
f 3211/3211/3211 3210/3210/3210 3212/3212/3212
f 3213/3213/3213 3212/3212/3212 3210/3210/3210
f 3214/3214/3214 3213/3213/3213 3210/3210/3210
f 3215/3215/3215 3213/3213/3213 3214/3214/3214
f 3213/3213/3213 3216/3216/3216 3212/3212/3212
f 3216/3216/3216 3217/3217/3217 3212/3212/3212
f 3220/3220/3220 3219/3219/3219 3218/3218/3218
f 3220/3220/3220 3218/3218/3218 3221/3221/3221
f 3224/3224/3224 3223/3223/3223 3222/3222/3222
f 3223/3223/3223 3224/3224/3224 3225/3225/3225
f 3226/3226/3226 3223/3223/3223 3225/3225/3225
f 3229/3229/3229 3228/3228/3228 3227/3227/3227
f 3229/3229/3229 3227/3227/3227 3230/3230/3230
f 3231/3231/3231 3230/3230/3230 3227/3227/3227
f 3230/3230/3230 3231/3231/3231 3232/3232/3232
f 3233/3233/3233 3232/3232/3232 3231/3231/3231
f 3234/3234/3234 3232/3232/3232 3233/3233/3233
f 3234/3234/3234 3233/3233/3233 3235/3235/3235
f 3236/3236/3236 3234/3234/3234 3235/3235/3235
f 3237/3237/3237 3236/3236/3236 3235/3235/3235
f 3235/3235/3235 3238/3238/3238 3237/3237/3237
f 3241/3241/3241 3240/3240/3240 3239/3239/3239
f 3242/3242/3242 3241/3241/3241 3239/3239/3239
f 3239/3239/3239 609/609/609 3242/3242/3242
f 3245/3245/3245 3244/3244/3244 3243/3243/3243
f 3244/3244/3244 3246/3246/3246 3243/3243/3243
f 3246/3246/3246 3244/3244/3244 3247/3247/3247
f 3248/3248/3248 3246/3246/3246 3247/3247/3247
f 3251/3251/3251 3250/3250/3250 3249/3249/3249
f 3250/3250/3250 3252/3252/3252 3249/3249/3249
f 3252/3252/3252 3250/3250/3250 3253/3253/3253
f 3254/3254/3254 3253/3253/3253 3250/3250/3250
f 3254/3254/3254 3255/3255/3255 3253/3253/3253
f 3256/3256/3256 3255/3255/3255 3254/3254/3254
f 3257/3257/3257 3256/3256/3256 3254/3254/3254
f 3258/3258/3258 3257/3257/3257 3254/3254/3254
f 3259/3259/3259 3258/3258/3258 3254/3254/3254
f 3258/3258/3258 3259/3259/3259 3260/3260/3260
f 3263/3263/3263 3262/3262/3262 3261/3261/3261
f 3262/3262/3262 3264/3264/3264 3261/3261/3261
f 3264/3264/3264 3262/3262/3262 3265/3265/3265
f 3264/3264/3264 3265/3265/3265 3266/3266/3266
f 3267/3267/3267 3264/3264/3264 3266/3266/3266
f 3269/3269/3269 3268/3268/3268 2916/2916/2916
f 3270/3270/3270 3269/3269/3269 2916/2916/2916
f 2924/2924/2924 3270/3270/3270 2916/2916/2916
f 3270/3270/3270 2924/2924/2924 3271/3271/3271
f 2924/2924/2924 3272/3272/3272 3271/3271/3271
f 3275/3275/3275 3274/3274/3274 3273/3273/3273
f 3273/3273/3273 3276/3276/3276 3275/3275/3275
f 3279/3279/3279 3278/3278/3278 3277/3277/3277
f 3277/3277/3277 3278/3278/3278 3280/3280/3280
f 3283/3283/3283 3282/3282/3282 3281/3281/3281
f 3284/3284/3284 3281/3281/3281 3282/3282/3282
f 3284/3284/3284 3282/3282/3282 3285/3285/3285
f 3286/3286/3286 3284/3284/3284 3285/3285/3285
f 3289/3289/3289 3288/3288/3288 3287/3287/3287
f 3288/3288/3288 3289/3289/3289 3290/3290/3290
f 3291/3291/3291 3288/3288/3288 3290/3290/3290
f 3294/3294/3294 3293/3293/3293 3292/3292/3292
f 3295/3295/3295 3292/3292/3292 3293/3293/3293
f 3295/3295/3295 3293/3293/3293 3296/3296/3296
f 3297/3297/3297 3295/3295/3295 3296/3296/3296
f 3300/3300/3300 3299/3299/3299 3298/3298/3298
f 3299/3299/3299 3301/3301/3301 3298/3298/3298
f 3302/3302/3302 3298/3298/3298 3301/3301/3301
f 3305/3305/3305 3304/3304/3304 3303/3303/3303
f 3306/3306/3306 3305/3305/3305 3303/3303/3303
f 3309/3309/3309 3308/3308/3308 3307/3307/3307
f 3310/3310/3310 3309/3309/3309 3307/3307/3307
f 3313/3313/3313 3312/3312/3312 3311/3311/3311
f 3314/3314/3314 3313/3313/3313 3311/3311/3311
f 3313/3313/3313 3314/3314/3314 3315/3315/3315
f 3316/3316/3316 3313/3313/3313 3315/3315/3315
f 3315/3315/3315 3317/3317/3317 3316/3316/3316
f 3318/3318/3318 3317/3317/3317 3315/3315/3315
f 3319/3319/3319 3316/3316/3316 3317/3317/3317
f 3320/3320/3320 3316/3316/3316 3319/3319/3319
f 3323/3323/3323 3322/3322/3322 3321/3321/3321
f 3324/3324/3324 3323/3323/3323 3321/3321/3321
f 3323/3323/3323 3324/3324/3324 3325/3325/3325
f 3326/3326/3326 3323/3323/3323 3325/3325/3325
f 3325/3325/3325 3327/3327/3327 3326/3326/3326
f 3328/3328/3328 3326/3326/3326 3327/3327/3327
f 3329/3329/3329 3326/3326/3326 3328/3328/3328
f 3327/3327/3327 3325/3325/3325 3330/3330/3330
f 3331/3331/3331 3330/3330/3330 3325/3325/3325
f 3334/3334/3334 3333/3333/3333 3332/3332/3332
f 3333/3333/3333 3335/3335/3335 3332/3332/3332
f 3336/3336/3336 3335/3335/3335 3333/3333/3333
f 3339/3339/3339 3338/3338/3338 3337/3337/3337
f 3340/3340/3340 3339/3339/3339 3337/3337/3337
f 3340/3340/3340 3337/3337/3337 3341/3341/3341
f 3342/3342/3342 3341/3341/3341 3337/3337/3337
f 3341/3341/3341 3343/3343/3343 3340/3340/3340
f 3343/3343/3343 3344/3344/3344 3340/3340/3340
f 3347/3347/3347 3346/3346/3346 3345/3345/3345
f 3347/3347/3347 3348/3348/3348 3346/3346/3346
f 3351/3351/3351 3350/3350/3350 3349/3349/3349
f 3352/3352/3352 3350/3350/3350 3351/3351/3351
f 3350/3350/3350 3352/3352/3352 3353/3353/3353
f 3350/3350/3350 3353/3353/3353 3354/3354/3354
f 3355/3355/3355 3352/3352/3352 3351/3351/3351
f 3356/3356/3356 3355/3355/3355 3351/3351/3351
f 3351/3351/3351 3357/3357/3357 3356/3356/3356
f 3356/3356/3356 3357/3357/3357 3358/3358/3358
f 3356/3356/3356 3358/3358/3358 3359/3359/3359
f 3360/3360/3360 3355/3355/3355 3356/3356/3356
f 3361/3361/3361 3355/3355/3355 3360/3360/3360
f 3364/3364/3364 3363/3363/3363 3362/3362/3362
f 3365/3365/3365 3362/3362/3362 3363/3363/3363
f 3365/3365/3365 3363/3363/3363 3366/3366/3366
f 3366/3366/3366 3363/3363/3363 3367/3367/3367
f 3368/3368/3368 3367/3367/3367 3363/3363/3363
f 3363/3363/3363 3369/3369/3369 3368/3368/3368
f 3363/3363/3363 3370/3370/3370 3369/3369/3369
f 3368/3368/3368 3369/3369/3369 3371/3371/3371
f 3372/3372/3372 3368/3368/3368 3371/3371/3371
f 3371/3371/3371 3369/3369/3369 3373/3373/3373
f 3369/3369/3369 3374/3374/3374 3373/3373/3373
f 3377/3377/3377 3376/3376/3376 3375/3375/3375
f 3377/3377/3377 3375/3375/3375 3378/3378/3378
f 3379/3379/3379 3378/3378/3378 3375/3375/3375
f 3378/3378/3378 3379/3379/3379 3380/3380/3380
f 3378/3378/3378 3380/3380/3380 3381/3381/3381
f 3384/3384/3384 3383/3383/3383 3382/3382/3382
f 3385/3385/3385 3384/3384/3384 3382/3382/3382
f 3385/3385/3385 3382/3382/3382 3386/3386/3386
f 3387/3387/3387 3386/3386/3386 3382/3382/3382
f 3388/3388/3388 3387/3387/3387 3382/3382/3382
f 3391/3391/3391 3390/3390/3390 3389/3389/3389
f 3391/3391/3391 3392/3392/3392 3390/3390/3390
f 3392/3392/3392 3393/3393/3393 3390/3390/3390
f 3394/3394/3394 3390/3390/3390 3393/3393/3393
f 3397/3397/3397 3396/3396/3396 3395/3395/3395
f 3395/3395/3395 3396/3396/3396 3398/3398/3398
f 3398/3398/3398 3396/3396/3396 3399/3399/3399
f 3402/3402/3402 3401/3401/3401 3400/3400/3400
f 3401/3401/3401 3403/3403/3403 3400/3400/3400
f 3404/3404/3404 3403/3403/3403 3401/3401/3401
f 3405/3405/3405 3404/3404/3404 3401/3401/3401
f 3406/3406/3406 3404/3404/3404 3405/3405/3405
f 3407/3407/3407 3404/3404/3404 3406/3406/3406
f 3410/3410/3410 3409/3409/3409 3408/3408/3408
f 3408/3408/3408 3411/3411/3411 3410/3410/3410
f 3411/3411/3411 3408/3408/3408 3412/3412/3412
f 3413/3413/3413 3411/3411/3411 3412/3412/3412
f 3416/3416/3416 3415/3415/3415 3414/3414/3414
f 3417/3417/3417 3415/3415/3415 3416/3416/3416
f 3417/3417/3417 3416/3416/3416 3418/3418/3418
f 3419/3419/3419 3417/3417/3417 3418/3418/3418
f 3422/3422/3422 3421/3421/3421 3420/3420/3420
f 3420/3420/3420 3421/3421/3421 3423/3423/3423
f 3424/3424/3424 3423/3423/3423 3421/3421/3421
f 3425/3425/3425 3423/3423/3423 3424/3424/3424
f 3426/3426/3426 3420/3420/3420 3423/3423/3423
f 3420/3420/3420 3426/3426/3426 3427/3427/3427
f 3428/3428/3428 3427/3427/3427 3426/3426/3426
f 3431/3431/3431 3430/3430/3430 3429/3429/3429
f 3429/3429/3429 3430/3430/3430 3432/3432/3432
f 3433/3433/3433 3429/3429/3429 3432/3432/3432
f 3436/3436/3436 3435/3435/3435 3434/3434/3434
f 3437/3437/3437 3436/3436/3436 3434/3434/3434
f 3440/3440/3440 3439/3439/3439 3438/3438/3438
f 3440/3440/3440 3438/3438/3438 3441/3441/3441
f 3441/3441/3441 3438/3438/3438 3442/3442/3442
f 3438/3438/3438 3443/3443/3443 3442/3442/3442
f 3442/3442/3442 3443/3443/3443 3444/3444/3444
f 3443/3443/3443 3445/3445/3445 3444/3444/3444
f 3444/3444/3444 3445/3445/3445 3446/3446/3446
f 3445/3445/3445 3447/3447/3447 3446/3446/3446
f 3444/3444/3444 3446/3446/3446 3448/3448/3448
f 3449/3449/3449 3444/3444/3444 3448/3448/3448
f 3442/3442/3442 3444/3444/3444 3449/3449/3449
f 3450/3450/3450 3442/3442/3442 3449/3449/3449
f 3441/3441/3441 3442/3442/3442 3450/3450/3450
f 3451/3451/3451 3441/3441/3441 3450/3450/3450
f 3452/3452/3452 3441/3441/3441 3451/3451/3451
f 3446/3446/3446 3447/3447/3447 3453/3453/3453
f 3447/3447/3447 3454/3454/3454 3453/3453/3453
f 3453/3453/3453 3454/3454/3454 3455/3455/3455
f 3453/3453/3453 3455/3455/3455 3456/3456/3456
f 3457/3457/3457 3453/3453/3453 3456/3456/3456
f 3457/3457/3457 3456/3456/3456 3458/3458/3458
f 3459/3459/3459 3457/3457/3457 3458/3458/3458
f 3459/3459/3459 3458/3458/3458 3460/3460/3460
f 3461/3461/3461 3459/3459/3459 3460/3460/3460
f 3458/3458/3458 3456/3456/3456 3462/3462/3462
f 3458/3458/3458 3462/3462/3462 3463/3463/3463
f 3460/3460/3460 3458/3458/3458 3463/3463/3463
f 3456/3456/3456 3464/3464/3464 3462/3462/3462
f 3464/3464/3464 3456/3456/3456 3455/3455/3455
f 3463/3463/3463 3465/3465/3465 3460/3460/3460
f 3466/3466/3466 3464/3464/3464 3455/3455/3455
f 3465/3465/3465 3467/3467/3467 3460/3460/3460
f 3461/3461/3461 3460/3460/3460 3467/3467/3467
f 3465/3465/3465 3468/3468/3468 3467/3467/3467
f 3466/3466/3466 3455/3455/3455 3469/3469/3469
f 3470/3470/3470 3466/3466/3466 3469/3469/3469
f 3454/3454/3454 3469/3469/3469 3455/3455/3455
f 3471/3471/3471 3461/3461/3461 3467/3467/3467
f 3472/3472/3472 3461/3461/3461 3471/3471/3471
f 3468/3468/3468 3473/3473/3473 3467/3467/3467
f 3471/3471/3471 3467/3467/3467 3473/3473/3473
f 3468/3468/3468 3474/3474/3474 3473/3473/3473
f 3474/3474/3474 3470/3470/3470 3475/3475/3475
f 3470/3470/3470 3469/3469/3469 3475/3475/3475
f 3474/3474/3474 3475/3475/3475 3473/3473/3473
f 3454/3454/3454 3476/3476/3476 3469/3469/3469
f 3476/3476/3476 3475/3475/3475 3469/3469/3469
f 3477/3477/3477 3476/3476/3476 3454/3454/3454
f 3478/3478/3478 3471/3471/3471 3473/3473/3473
f 3478/3478/3478 3473/3473/3473 3475/3475/3475
f 3476/3476/3476 3478/3478/3478 3475/3475/3475
f 3479/3479/3479 3471/3471/3471 3478/3478/3478
f 3480/3480/3480 3478/3478/3478 3476/3476/3476
f 3480/3480/3480 3479/3479/3479 3478/3478/3478
f 3481/3481/3481 3479/3479/3479 3480/3480/3480
f 3482/3482/3482 3481/3481/3481 3480/3480/3480
f 3482/3482/3482 3480/3480/3480 3483/3483/3483
f 3484/3484/3484 3481/3481/3481 3482/3482/3482
f 3481/3481/3481 3485/3485/3485 3479/3479/3479
f 3485/3485/3485 3486/3486/3486 3479/3479/3479
f 3487/3487/3487 3485/3485/3485 3481/3481/3481
f 3484/3484/3484 3487/3487/3487 3481/3481/3481
f 3488/3488/3488 3487/3487/3487 3484/3484/3484
f 3489/3489/3489 3488/3488/3488 3484/3484/3484
f 3490/3490/3490 3488/3488/3488 3489/3489/3489
f 3491/3491/3491 3490/3490/3490 3489/3489/3489
f 3491/3491/3491 3489/3489/3489 3492/3492/3492
f 3493/3493/3493 3491/3491/3491 3492/3492/3492
f 3496/3496/3496 3495/3495/3495 3494/3494/3494
f 3495/3495/3495 3497/3497/3497 3494/3494/3494
f 3494/3494/3494 3497/3497/3497 3498/3498/3498
f 3495/3495/3495 3499/3499/3499 3497/3497/3497
f 3497/3497/3497 3500/3500/3500 3498/3498/3498
f 3499/3499/3499 3501/3501/3501 3497/3497/3497
f 3497/3497/3497 3501/3501/3501 3500/3500/3500
f 3501/3501/3501 3502/3502/3502 3500/3500/3500
f 3505/3505/3505 3504/3504/3504 3503/3503/3503
f 3506/3506/3506 3505/3505/3505 3503/3503/3503
f 3506/3506/3506 3503/3503/3503 3507/3507/3507
f 3508/3508/3508 3506/3506/3506 3507/3507/3507
f 3508/3508/3508 3507/3507/3507 3509/3509/3509
f 3510/3510/3510 3506/3506/3506 3508/3508/3508
f 3511/3511/3511 3508/3508/3508 3509/3509/3509
f 3512/3512/3512 3510/3510/3510 3508/3508/3508
f 3512/3512/3512 3508/3508/3508 3511/3511/3511
f 3513/3513/3513 3510/3510/3510 3512/3512/3512
f 3514/3514/3514 3512/3512/3512 3511/3511/3511
f 3515/3515/3515 3513/3513/3513 3512/3512/3512
f 3515/3515/3515 3512/3512/3512 3514/3514/3514
f 3516/3516/3516 3513/3513/3513 3515/3515/3515
f 3517/3517/3517 3515/3515/3515 3514/3514/3514
f 3518/3518/3518 3515/3515/3515 3517/3517/3517
f 3519/3519/3519 3518/3518/3518 3517/3517/3517
f 3520/3520/3520 3518/3518/3518 3519/3519/3519
f 3521/3521/3521 3520/3520/3520 3519/3519/3519
f 3520/3520/3520 3522/3522/3522 3518/3518/3518
f 3525/3525/3525 3524/3524/3524 3523/3523/3523
f 3526/3526/3526 3524/3524/3524 3525/3525/3525
f 3529/3529/3529 3528/3528/3528 3527/3527/3527
f 3527/3527/3527 3528/3528/3528 3530/3530/3530
f 3530/3530/3530 3528/3528/3528 3531/3531/3531
f 3532/3532/3532 3530/3530/3530 3531/3531/3531
f 3532/3532/3532 3533/3533/3533 3530/3530/3530
f 3530/3530/3530 3533/3533/3533 3534/3534/3534
f 3535/3535/3535 3533/3533/3533 3532/3532/3532
f 3535/3535/3535 3534/3534/3534 3533/3533/3533
f 3538/3538/3538 3537/3537/3537 3536/3536/3536
f 3539/3539/3539 3536/3536/3536 3537/3537/3537
f 3540/3540/3540 3539/3539/3539 3537/3537/3537
f 3543/3543/3543 3542/3542/3542 3541/3541/3541
f 3542/3542/3542 3544/3544/3544 3541/3541/3541
f 3545/3545/3545 3541/3541/3541 3544/3544/3544
f 3548/3548/3548 3547/3547/3547 3546/3546/3546
f 3546/3546/3546 3547/3547/3547 3549/3549/3549
f 3549/3549/3549 3547/3547/3547 3550/3550/3550
f 3551/3551/3551 3549/3549/3549 3550/3550/3550
f 3551/3551/3551 3552/3552/3552 3549/3549/3549
f 3549/3549/3549 3552/3552/3552 3553/3553/3553
f 3554/3554/3554 3552/3552/3552 3551/3551/3551
f 3555/3555/3555 3554/3554/3554 3551/3551/3551
f 3558/3558/3558 3557/3557/3557 3556/3556/3556
f 3559/3559/3559 3556/3556/3556 3557/3557/3557
f 3560/3560/3560 3559/3559/3559 3557/3557/3557
f 3563/3563/3563 3562/3562/3562 3561/3561/3561
f 3561/3561/3561 3562/3562/3562 3564/3564/3564
f 3564/3564/3564 3562/3562/3562 3565/3565/3565
f 3566/3566/3566 3564/3564/3564 3565/3565/3565
f 3566/3566/3566 3567/3567/3567 3564/3564/3564
f 3564/3564/3564 3567/3567/3567 3568/3568/3568
f 3569/3569/3569 3567/3567/3567 3566/3566/3566
f 3570/3570/3570 3569/3569/3569 3566/3566/3566
f 3573/3573/3573 3572/3572/3572 3571/3571/3571
f 3574/3574/3574 3571/3571/3571 3572/3572/3572
f 3575/3575/3575 3574/3574/3574 3572/3572/3572
f 3578/3578/3578 3577/3577/3577 3576/3576/3576
f 3576/3576/3576 3577/3577/3577 3579/3579/3579
f 3579/3579/3579 3577/3577/3577 3580/3580/3580
f 3581/3581/3581 3579/3579/3579 3580/3580/3580
f 3581/3581/3581 3582/3582/3582 3579/3579/3579
f 3579/3579/3579 3582/3582/3582 3583/3583/3583
f 3584/3584/3584 3582/3582/3582 3581/3581/3581
f 3585/3585/3585 3584/3584/3584 3581/3581/3581
f 3588/3588/3588 3587/3587/3587 3586/3586/3586
f 3589/3589/3589 3588/3588/3588 3586/3586/3586
f 3592/3592/3592 3591/3591/3591 3590/3590/3590
f 3590/3590/3590 3591/3591/3591 3593/3593/3593
f 3590/3590/3590 3593/3593/3593 865/865/865
f 865/865/865 3593/3593/3593 3594/3594/3594
f 863/863/863 3590/3590/3590 865/865/865
f 3595/3595/3595 3590/3590/3590 863/863/863
f 851/851/851 3595/3595/3595 863/863/863
f 3595/3595/3595 851/851/851 852/852/852
f 865/865/865 3594/3594/3594 866/866/866
f 3596/3596/3596 866/866/866 3594/3594/3594
f 866/866/866 3596/3596/3596 3597/3597/3597
f 3596/3596/3596 3598/3598/3598 3597/3597/3597
f 3599/3599/3599 3597/3597/3597 3598/3598/3598
f 3597/3597/3597 3599/3599/3599 866/866/866
f 3599/3599/3599 893/893/893 866/866/866
f 3599/3599/3599 894/894/894 893/893/893
f 3596/3596/3596 73/73/73 3598/3598/3598
f 3596/3596/3596 3600/3600/3600 73/73/73
f 75/75/75 73/73/73 3600/3600/3600
f 75/75/75 3600/3600/3600 3601/3601/3601
f 3598/3598/3598 73/73/73 549/549/549
f 3602/3602/3602 3598/3598/3598 549/549/549
f 3603/3603/3603 3598/3598/3598 3602/3602/3602
f 3604/3604/3604 3603/3603/3603 3602/3602/3602
f 551/551/551 3603/3603/3603 3604/3604/3604
f 550/550/550 551/551/551 3604/3604/3604
f 3605/3605/3605 3599/3599/3599 3598/3598/3598
f 894/894/894 3599/3599/3599 3605/3605/3605
f 3605/3605/3605 3598/3598/3598 3606/3606/3606
f 3605/3605/3605 3606/3606/3606 894/894/894
f 3598/3598/3598 3607/3607/3607 3606/3606/3606
f 894/894/894 3606/3606/3606 3608/3608/3608
f 897/897/897 894/894/894 3608/3608/3608
f 3609/3609/3609 897/897/897 3608/3608/3608
f 897/897/897 3609/3609/3609 898/898/898
f 3608/3608/3608 3610/3610/3610 3609/3609/3609
f 3610/3610/3610 3608/3608/3608 3611/3611/3611
f 3611/3611/3611 3608/3608/3608 3612/3612/3612
f 3613/3613/3613 3611/3611/3611 3612/3612/3612
f 3614/3614/3614 3613/3613/3613 3612/3612/3612
f 3614/3614/3614 3615/3615/3615 3613/3613/3613
f 3614/3614/3614 3612/3612/3612 3616/3616/3616
f 3614/3614/3614 3616/3616/3616 3617/3617/3617
f 3617/3617/3617 3616/3616/3616 3618/3618/3618
f 3618/3618/3618 3616/3616/3616 3619/3619/3619
f 3620/3620/3620 3619/3619/3619 3616/3616/3616
f 3616/3616/3616 3612/3612/3612 3621/3621/3621
f 3620/3620/3620 3616/3616/3616 3622/3622/3622
f 3622/3622/3622 3623/3623/3623 3620/3620/3620
f 3622/3622/3622 3624/3624/3624 3623/3623/3623
f 3622/3622/3622 3616/3616/3616 3625/3625/3625
f 3625/3625/3625 3616/3616/3616 3621/3621/3621
f 3626/3626/3626 3622/3622/3622 3625/3625/3625
f 3626/3626/3626 3625/3625/3625 3627/3627/3627
f 3628/3628/3628 3626/3626/3626 3627/3627/3627
f 3625/3625/3625 3621/3621/3621 3629/3629/3629
f 3627/3627/3627 3625/3625/3625 3629/3629/3629
f 3630/3630/3630 3628/3628/3628 3627/3627/3627
f 3631/3631/3631 3628/3628/3628 3630/3630/3630
f 3627/3627/3627 3629/3629/3629 3632/3632/3632
f 3627/3627/3627 3632/3632/3632 3633/3633/3633
f 3633/3633/3633 3634/3634/3634 3627/3627/3627
f 3634/3634/3634 3630/3630/3630 3627/3627/3627
f 3633/3633/3633 3635/3635/3635 3634/3634/3634
f 3635/3635/3635 3636/3636/3636 3634/3634/3634
f 3637/3637/3637 3631/3631/3631 3630/3630/3630
f 3638/3638/3638 3631/3631/3631 3637/3637/3637
f 3639/3639/3639 3638/3638/3638 3637/3637/3637
f 3630/3630/3630 3634/3634/3634 3640/3640/3640
f 3641/3641/3641 3640/3640/3640 3634/3634/3634
f 3639/3639/3639 3637/3637/3637 3642/3642/3642
f 3643/3643/3643 3639/3639/3639 3642/3642/3642
f 3642/3642/3642 3644/3644/3644 3643/3643/3643
f 3637/3637/3637 3630/3630/3630 3645/3645/3645
f 3642/3642/3642 3637/3637/3637 3645/3645/3645
f 3645/3645/3645 3630/3630/3630 3640/3640/3640
f 3644/3644/3644 3642/3642/3642 3645/3645/3645
f 3640/3640/3640 3646/3646/3646 3645/3645/3645
f 3646/3646/3646 3644/3644/3644 3645/3645/3645
f 3647/3647/3647 3646/3646/3646 3640/3640/3640
f 3646/3646/3646 3647/3647/3647 3648/3648/3648
f 3646/3646/3646 3649/3649/3649 3644/3644/3644
f 3650/3650/3650 3649/3649/3649 3646/3646/3646
f 3646/3646/3646 3651/3651/3651 3650/3650/3650
f 3652/3652/3652 3650/3650/3650 3651/3651/3651
f 3655/3655/3655 3654/3654/3654 3653/3653/3653
f 3655/3655/3655 3653/3653/3653 3656/3656/3656
f 3656/3656/3656 3657/3657/3657 3655/3655/3655
f 3657/3657/3657 3658/3658/3658 3655/3655/3655
f 3655/3655/3655 3658/3658/3658 3659/3659/3659
f 3659/3659/3659 3660/3660/3660 3655/3655/3655
f 3660/3660/3660 3659/3659/3659 3661/3661/3661
f 3662/3662/3662 3660/3660/3660 3661/3661/3661
f 3662/3662/3662 3663/3663/3663 3660/3660/3660
f 3662/3662/3662 3664/3664/3664 3663/3663/3663
f 3664/3664/3664 3665/3665/3665 3663/3663/3663
f 3664/3664/3664 3666/3666/3666 3665/3665/3665
f 3664/3664/3664 3667/3667/3667 3666/3666/3666
f 3666/3666/3666 3667/3667/3667 3668/3668/3668
f 3666/3666/3666 3668/3668/3668 3669/3669/3669
f 3669/3669/3669 3670/3670/3670 3666/3666/3666
f 3669/3669/3669 1000/1000/1000 3670/3670/3670
f 1000/1000/1000 3669/3669/3669 998/998/998
f 3669/3669/3669 3671/3671/3671 998/998/998
f 3672/3672/3672 998/998/998 3671/3671/3671
f 984/984/984 998/998/998 3672/3672/3672
f 3673/3673/3673 984/984/984 3672/3672/3672
f 984/984/984 3673/3673/3673 3674/3674/3674
f 3674/3674/3674 3673/3673/3673 3675/3675/3675
f 3673/3673/3673 3676/3676/3676 3675/3675/3675
f 3673/3673/3673 3677/3677/3677 3676/3676/3676
f 3678/3678/3678 3676/3676/3676 3677/3677/3677
f 3679/3679/3679 3678/3678/3678 3677/3677/3677
f 3680/3680/3680 3679/3679/3679 3677/3677/3677
f 840/840/840 3680/3680/3680 3677/3677/3677
f 3677/3677/3677 839/839/839 840/840/840
f 3682/3682/3682 3681/3681/3681 1000/1000/1000
f 3682/3682/3682 3683/3683/3683 3681/3681/3681
f 3684/3684/3684 3681/3681/3681 3683/3683/3683
f 3681/3681/3681 3684/3684/3684 3685/3685/3685
f 3684/3684/3684 3686/3686/3686 3685/3685/3685
f 3687/3687/3687 3681/3681/3681 3685/3685/3685
f 1000/1000/1000 3681/3681/3681 3687/3687/3687
f 3686/3686/3686 3688/3688/3688 3685/3685/3685
f 3687/3687/3687 3685/3685/3685 3688/3688/3688
f 3689/3689/3689 1000/1000/1000 3687/3687/3687
f 3688/3688/3688 3689/3689/3689 3687/3687/3687
f 3690/3690/3690 3688/3688/3688 3686/3686/3686
f 3690/3690/3690 3686/3686/3686 3691/3691/3691
f 1000/1000/1000 3689/3689/3689 3692/3692/3692
f 3670/3670/3670 1000/1000/1000 3692/3692/3692
f 3688/3688/3688 3693/3693/3693 3689/3689/3689
f 3690/3690/3690 3693/3693/3693 3688/3688/3688
f 3689/3689/3689 3693/3693/3693 3692/3692/3692
f 3693/3693/3693 3690/3690/3690 3694/3694/3694
f 3693/3693/3693 3694/3694/3694 3692/3692/3692
f 3690/3690/3690 3695/3695/3695 3694/3694/3694
f 3670/3670/3670 3692/3692/3692 3696/3696/3696
f 3697/3697/3697 3692/3692/3692 3694/3694/3694
f 3696/3696/3696 3692/3692/3692 3697/3697/3697
f 3694/3694/3694 3695/3695/3695 3698/3698/3698
f 3694/3694/3694 3698/3698/3698 3697/3697/3697
f 3670/3670/3670 3696/3696/3696 3699/3699/3699
f 3699/3699/3699 3700/3700/3700 3670/3670/3670
f 3700/3700/3700 3699/3699/3699 3701/3701/3701
f 3700/3700/3700 3701/3701/3701 3702/3702/3702
f 3703/3703/3703 3696/3696/3696 3697/3697/3697
f 3696/3696/3696 3704/3704/3704 3699/3699/3699
f 3704/3704/3704 3696/3696/3696 3703/3703/3703
f 3704/3704/3704 3705/3705/3705 3699/3699/3699
f 3705/3705/3705 3706/3706/3706 3699/3699/3699
f 3703/3703/3703 3707/3707/3707 3704/3704/3704
f 3706/3706/3706 3705/3705/3705 3708/3708/3708
f 3703/3703/3703 3697/3697/3697 3709/3709/3709
f 3698/3698/3698 3709/3709/3709 3697/3697/3697
f 3703/3703/3703 3710/3710/3710 3707/3707/3707
f 3710/3710/3710 3703/3703/3703 3709/3709/3709
f 3711/3711/3711 3707/3707/3707 3710/3710/3710
f 3705/3705/3705 3712/3712/3712 3708/3708/3708
f 3708/3708/3708 3712/3712/3712 3713/3713/3713
f 3698/3698/3698 3714/3714/3714 3709/3709/3709
f 3714/3714/3714 3710/3710/3710 3709/3709/3709
f 3715/3715/3715 3710/3710/3710 3714/3714/3714
f 3710/3710/3710 3715/3715/3715 3716/3716/3716
f 3714/3714/3714 3717/3717/3717 3715/3715/3715
f 3718/3718/3718 3714/3714/3714 3698/3698/3698
f 3714/3714/3714 3718/3718/3718 3719/3719/3719
f 3698/3698/3698 3695/3695/3695 3718/3718/3718
f 3720/3720/3720 3712/3712/3712 3705/3705/3705
f 3721/3721/3721 3720/3720/3720 3705/3705/3705
f 3712/3712/3712 3722/3722/3722 3713/3713/3713
f 3722/3722/3722 3723/3723/3723 3713/3713/3713
f 3712/3712/3712 3720/3720/3720 3724/3724/3724
f 3725/3725/3725 3712/3712/3712 3724/3724/3724
f 3726/3726/3726 3720/3720/3720 3721/3721/3721
f 3726/3726/3726 3721/3721/3721 3727/3727/3727
f 3727/3727/3727 3728/3728/3728 3726/3726/3726
f 3720/3720/3720 3726/3726/3726 3729/3729/3729
f 3724/3724/3724 3720/3720/3720 3729/3729/3729
f 3725/3725/3725 3724/3724/3724 3730/3730/3730
f 3731/3731/3731 3725/3725/3725 3730/3730/3730
f 3728/3728/3728 3732/3732/3732 3726/3726/3726
f 3732/3732/3732 3729/3729/3729 3726/3726/3726
f 3730/3730/3730 3724/3724/3724 3733/3733/3733
f 3724/3724/3724 3729/3729/3729 3733/3733/3733
f 3730/3730/3730 3734/3734/3734 3731/3731/3731
f 3730/3730/3730 3733/3733/3733 3734/3734/3734
f 3734/3734/3734 3735/3735/3735 3731/3731/3731
f 3736/3736/3736 3733/3733/3733 3729/3729/3729
f 3729/3729/3729 3732/3732/3732 3736/3736/3736
f 3728/3728/3728 3737/3737/3737 3732/3732/3732
f 3732/3732/3732 3737/3737/3737 3738/3738/3738
f 3728/3728/3728 3739/3739/3739 3737/3737/3737
f 3737/3737/3737 3739/3739/3739 3740/3740/3740
f 3737/3737/3737 3740/3740/3740 3738/3738/3738
f 3739/3739/3739 3741/3741/3741 3740/3740/3740
f 3740/3740/3740 3741/3741/3741 3742/3742/3742
f 3743/3743/3743 3740/3740/3740 3742/3742/3742
f 3744/3744/3744 3734/3734/3734 3733/3733/3733
f 3744/3744/3744 3733/3733/3733 3736/3736/3736
f 3732/3732/3732 3745/3745/3745 3736/3736/3736
f 3745/3745/3745 3732/3732/3732 3738/3738/3738
f 3744/3744/3744 3736/3736/3736 3746/3746/3746
f 3746/3746/3746 3736/3736/3736 3745/3745/3745
f 3734/3734/3734 3744/3744/3744 3747/3747/3747
f 3744/3744/3744 3746/3746/3746 3747/3747/3747
f 3748/3748/3748 3734/3734/3734 3747/3747/3747
f 3749/3749/3749 3734/3734/3734 3748/3748/3748
f 3749/3749/3749 3748/3748/3748 3750/3750/3750
f 3750/3750/3750 3751/3751/3751 3749/3749/3749
f 3750/3750/3750 3752/3752/3752 3751/3751/3751
f 3746/3746/3746 3753/3753/3753 3747/3747/3747
f 3753/3753/3753 3754/3754/3754 3747/3747/3747
f 3745/3745/3745 3755/3755/3755 3746/3746/3746
f 3745/3745/3745 3738/3738/3738 3755/3755/3755
f 3746/3746/3746 3755/3755/3755 3756/3756/3756
f 3756/3756/3756 3757/3757/3757 3746/3746/3746
f 3756/3756/3756 3758/3758/3758 3757/3757/3757
f 3760/3760/3760 3759/3759/3759 3738/3738/3738
f 3761/3761/3761 3760/3760/3760 3738/3738/3738
f 3740/3740/3740 3761/3761/3761 3738/3738/3738
f 3761/3761/3761 3740/3740/3740 3762/3762/3762
f 3763/3763/3763 3738/3738/3738 3759/3759/3759
f 3760/3760/3760 3761/3761/3761 3764/3764/3764
f 3765/3765/3765 3760/3760/3760 3764/3764/3764
f 3763/3763/3763 3759/3759/3759 3766/3766/3766
f 3760/3760/3760 3765/3765/3765 3767/3767/3767
f 3767/3767/3767 3765/3765/3765 3768/3768/3768
f 3767/3767/3767 3768/3768/3768 3610/3610/3610
f 3768/3768/3768 3609/3609/3609 3610/3610/3610
f 3767/3767/3767 3610/3610/3610 3769/3769/3769
f 3767/3767/3767 3769/3769/3769 3770/3770/3770
f 3770/3770/3770 3769/3769/3769 3771/3771/3771
f 3760/3760/3760 3767/3767/3767 3772/3772/3772
f 3773/3773/3773 3760/3760/3760 3772/3772/3772
f 3774/3774/3774 3760/3760/3760 3773/3773/3773
f 3760/3760/3760 3774/3774/3774 3759/3759/3759
f 3775/3775/3775 3774/3774/3774 3773/3773/3773
f 3773/3773/3773 3776/3776/3776 3775/3775/3775
f 3775/3775/3775 3776/3776/3776 3777/3777/3777
f 3778/3778/3778 3775/3775/3775 3777/3777/3777
f 3778/3778/3778 3777/3777/3777 3779/3779/3779
f 3779/3779/3779 3780/3780/3780 3778/3778/3778
f 3781/3781/3781 3778/3778/3778 3780/3780/3780
f 3781/3781/3781 3780/3780/3780 3782/3782/3782
f 3782/3782/3782 3783/3783/3783 3781/3781/3781
f 3783/3783/3783 3784/3784/3784 3781/3781/3781
f 3785/3785/3785 3784/3784/3784 3783/3783/3783
f 3785/3785/3785 3786/3786/3786 3784/3784/3784
f 3778/3778/3778 3787/3787/3787 3775/3775/3775
f 3787/3787/3787 3778/3778/3778 3781/3781/3781
f 3774/3774/3774 3775/3775/3775 3788/3788/3788
f 3787/3787/3787 3789/3789/3789 3775/3775/3775
f 3775/3775/3775 3789/3789/3789 3788/3788/3788
f 3774/3774/3774 3788/3788/3788 3790/3790/3790
f 3759/3759/3759 3774/3774/3774 3790/3790/3790
f 3791/3791/3791 3790/3790/3790 3788/3788/3788
f 3788/3788/3788 3792/3792/3792 3791/3791/3791
f 3793/3793/3793 3792/3792/3792 3788/3788/3788
f 3793/3793/3793 3788/3788/3788 3789/3789/3789
f 3794/3794/3794 3793/3793/3793 3789/3789/3789
f 3789/3789/3789 3787/3787/3787 3794/3794/3794
f 3794/3794/3794 3787/3787/3787 3795/3795/3795
f 3781/3781/3781 3795/3795/3795 3787/3787/3787
f 3796/3796/3796 3759/3759/3759 3790/3790/3790
f 3790/3790/3790 3797/3797/3797 3796/3796/3796
f 3759/3759/3759 3796/3796/3796 3766/3766/3766
f 3766/3766/3766 3796/3796/3796 3797/3797/3797
f 3798/3798/3798 3766/3766/3766 3797/3797/3797
f 3781/3781/3781 3799/3799/3799 3795/3795/3795
f 3799/3799/3799 3781/3781/3781 3784/3784/3784
f 3795/3795/3795 3799/3799/3799 3800/3800/3800
f 3801/3801/3801 3795/3795/3795 3800/3800/3800
f 3800/3800/3800 3799/3799/3799 3802/3802/3802
f 3799/3799/3799 3803/3803/3803 3802/3802/3802
f 3803/3803/3803 3799/3799/3799 3784/3784/3784
f 3803/3803/3803 3784/3784/3784 3804/3804/3804
f 3804/3804/3804 3805/3805/3805 3803/3803/3803
f 3803/3803/3803 3805/3805/3805 3806/3806/3806
f 3784/3784/3784 3807/3807/3807 3804/3804/3804
f 3784/3784/3784 3786/3786/3786 3807/3807/3807
f 3808/3808/3808 3807/3807/3807 3786/3786/3786
f 3809/3809/3809 3805/3805/3805 3804/3804/3804
f 3810/3810/3810 3808/3808/3808 3786/3786/3786
f 3805/3805/3805 3809/3809/3809 3811/3811/3811
f 3812/3812/3812 3808/3808/3808 3810/3810/3810
f 3813/3813/3813 3812/3812/3812 3810/3810/3810
f 3810/3810/3810 3814/3814/3814 3813/3813/3813
f 3810/3810/3810 3815/3815/3815 3814/3814/3814
f 3816/3816/3816 3814/3814/3814 3815/3815/3815
f 3817/3817/3817 3816/3816/3816 3815/3815/3815
f 3818/3818/3818 3816/3816/3816 3817/3817/3817
f 3818/3818/3818 3817/3817/3817 3819/3819/3819
f 3819/3819/3819 3820/3820/3820 3818/3818/3818
f 3819/3819/3819 3821/3821/3821 3820/3820/3820
f 3822/3822/3822 3821/3821/3821 3819/3819/3819
f 3805/3805/3805 3811/3811/3811 3822/3822/3822
f 3822/3822/3822 3819/3819/3819 3805/3805/3805
f 3823/3823/3823 3805/3805/3805 3819/3819/3819
f 3823/3823/3823 3824/3824/3824 3805/3805/3805
f 3805/3805/3805 3824/3824/3824 3806/3806/3806
f 3825/3825/3825 3806/3806/3806 3824/3824/3824
f 3826/3826/3826 3824/3824/3824 3823/3823/3823
f 3825/3825/3825 3824/3824/3824 3826/3826/3826
f 3827/3827/3827 3826/3826/3826 3823/3823/3823
f 3825/3825/3825 3826/3826/3826 3827/3827/3827
f 3828/3828/3828 3825/3825/3825 3827/3827/3827
f 3825/3825/3825 3828/3828/3828 3829/3829/3829
f 3830/3830/3830 3829/3829/3829 3828/3828/3828
f 3833/3833/3833 3832/3832/3832 3831/3831/3831
f 3833/3833/3833 3831/3831/3831 3834/3834/3834
f 3835/3835/3835 3834/3834/3834 3831/3831/3831
f 3835/3835/3835 3836/3836/3836 3834/3834/3834
f 3836/3836/3836 3835/3835/3835 3837/3837/3837
f 3837/3837/3837 3835/3835/3835 3838/3838/3838
f 3837/3837/3837 3838/3838/3838 3839/3839/3839
f 3840/3840/3840 3839/3839/3839 3838/3838/3838
f 3840/3840/3840 3841/3841/3841 3839/3839/3839
f 3839/3839/3839 3841/3841/3841 3842/3842/3842
f 3841/3841/3841 3843/3843/3843 3842/3842/3842
f 3842/3842/3842 3843/3843/3843 3844/3844/3844
f 3843/3843/3843 3845/3845/3845 3844/3844/3844
f 3844/3844/3844 3845/3845/3845 3846/3846/3846
f 3844/3844/3844 3846/3846/3846 3847/3847/3847
f 3848/3848/3848 3844/3844/3844 3847/3847/3847
f 3851/3851/3851 3850/3850/3850 3849/3849/3849
f 3852/3852/3852 3849/3849/3849 3850/3850/3850
f 3852/3852/3852 3850/3850/3850 3853/3853/3853
f 3723/3723/3723 3855/3855/3855 3854/3854/3854
f 3854/3854/3854 3856/3856/3856 3723/3723/3723
f 3856/3856/3856 3854/3854/3854 3857/3857/3857
f 3858/3858/3858 3856/3856/3856 3857/3857/3857
f 3723/3723/3723 3856/3856/3856 3713/3713/3713
f 3713/3713/3713 3856/3856/3856 3858/3858/3858
f 3859/3859/3859 3713/3713/3713 3858/3858/3858
f 3860/3860/3860 3713/3713/3713 3859/3859/3859
f 3861/3861/3861 3860/3860/3860 3859/3859/3859
f 3862/3862/3862 3860/3860/3860 3861/3861/3861
f 3863/3863/3863 3862/3862/3862 3861/3861/3861
f 3861/3861/3861 3864/3864/3864 3863/3863/3863
f 3863/3863/3863 3864/3864/3864 3865/3865/3865
f 3866/3866/3866 3863/3863/3863 3865/3865/3865
f 3864/3864/3864 3861/3861/3861 3867/3867/3867
f 3868/3868/3868 3864/3864/3864 3867/3867/3867
f 3867/3867/3867 3861/3861/3861 3869/3869/3869
f 3861/3861/3861 3870/3870/3870 3869/3869/3869
f 3869/3869/3869 3870/3870/3870 3871/3871/3871
f 3870/3870/3870 3872/3872/3872 3871/3871/3871
f 3871/3871/3871 3872/3872/3872 3873/3873/3873
f 3872/3872/3872 3874/3874/3874 3873/3873/3873
f 3877/3877/3877 3876/3876/3876 3875/3875/3875
f 3878/3878/3878 3877/3877/3877 3875/3875/3875
f 3877/3877/3877 3878/3878/3878 3879/3879/3879
f 3877/3877/3877 3879/3879/3879 3880/3880/3880
f 3880/3880/3880 3879/3879/3879 3609/3609/3609
f 3879/3879/3879 3878/3878/3878 3881/3881/3881
f 3878/3878/3878 3875/3875/3875 3882/3882/3882
f 3881/3881/3881 3878/3878/3878 3882/3882/3882
f 3883/3883/3883 3879/3879/3879 3881/3881/3881
f 3609/3609/3609 3879/3879/3879 3883/3883/3883
f 3881/3881/3881 3882/3882/3882 3884/3884/3884
f 3883/3883/3883 3881/3881/3881 3884/3884/3884
f 3875/3875/3875 3718/3718/3718 3882/3882/3882
f 3718/3718/3718 3884/3884/3884 3882/3882/3882
f 3875/3875/3875 3885/3885/3885 3718/3718/3718
f 3886/3886/3886 3885/3885/3885 3875/3875/3875
f 3718/3718/3718 3695/3695/3695 3884/3884/3884
f 3695/3695/3695 3887/3887/3887 3884/3884/3884
f 3884/3884/3884 3887/3887/3887 3883/3883/3883
f 3695/3695/3695 3888/3888/3888 3887/3887/3887
f 3889/3889/3889 3609/3609/3609 3883/3883/3883
f 3889/3889/3889 3883/3883/3883 3887/3887/3887
f 3888/3888/3888 3890/3890/3890 3887/3887/3887
f 3890/3890/3890 3889/3889/3889 3887/3887/3887
f 3891/3891/3891 3609/3609/3609 3889/3889/3889
f 3891/3891/3891 3889/3889/3889 3890/3890/3890
f 898/898/898 3609/3609/3609 3891/3891/3891
f 3890/3890/3890 3888/3888/3888 3892/3892/3892
f 3891/3891/3891 3890/3890/3890 3892/3892/3892
f 3888/3888/3888 3893/3893/3893 3892/3892/3892
f 3894/3894/3894 898/898/898 3891/3891/3891
f 3892/3892/3892 3894/3894/3894 3891/3891/3891
f 3892/3892/3892 3893/3893/3893 3894/3894/3894
f 895/895/895 898/898/898 3894/3894/3894
f 899/899/899 895/895/895 3894/3894/3894
f 3894/3894/3894 3893/3893/3893 899/899/899
f 3893/3893/3893 914/914/914 899/899/899
f 3897/3897/3897 3896/3896/3896 3895/3895/3895
f 3895/3895/3895 3896/3896/3896 3898/3898/3898
f 3898/3898/3898 3899/3899/3899 3895/3895/3895
f 3899/3899/3899 3900/3900/3900 3895/3895/3895
f 3903/3903/3903 3902/3902/3902 3901/3901/3901
f 3904/3904/3904 3903/3903/3903 3901/3901/3901
f 3901/3901/3901 3905/3905/3905 3904/3904/3904
f 3905/3905/3905 3901/3901/3901 3906/3906/3906
f 3906/3906/3906 3907/3907/3907 3905/3905/3905
f 3906/3906/3906 3908/3908/3908 3907/3907/3907
f 3907/3907/3907 3908/3908/3908 3909/3909/3909
f 3909/3909/3909 3910/3910/3910 3907/3907/3907
f 3909/3909/3909 3911/3911/3911 3910/3910/3910
f 3911/3911/3911 3909/3909/3909 3912/3912/3912
f 3911/3911/3911 3912/3912/3912 3913/3913/3913
f 3913/3913/3913 3914/3914/3914 3911/3911/3911
f 3914/3914/3914 3915/3915/3915 3911/3911/3911
f 3914/3914/3914 3916/3916/3916 3915/3915/3915
f 3917/3917/3917 3914/3914/3914 3913/3913/3913
f 3918/3918/3918 3917/3917/3917 3913/3913/3913
f 3921/3921/3921 3920/3920/3920 3919/3919/3919
f 3919/3919/3919 3920/3920/3920 3922/3922/3922
f 3925/3925/3925 3924/3924/3924 3923/3923/3923
f 3923/3923/3923 3924/3924/3924 3926/3926/3926
f 3926/3926/3926 3927/3927/3927 3923/3923/3923
f 3927/3927/3927 3926/3926/3926 3928/3928/3928
f 3928/3928/3928 3929/3929/3929 3927/3927/3927
f 3928/3928/3928 3930/3930/3930 3929/3929/3929
f 3929/3929/3929 3930/3930/3930 3931/3931/3931
f 3930/3930/3930 3932/3932/3932 3931/3931/3931
f 3932/3932/3932 3933/3933/3933 3931/3931/3931
f 3934/3934/3934 3931/3931/3931 3933/3933/3933
f 3937/3937/3937 3936/3936/3936 3935/3935/3935
f 3936/3936/3936 3938/3938/3938 3935/3935/3935
f 852/852/852 3935/3935/3935 3938/3938/3938
f 3941/3941/3941 3940/3940/3940 3939/3939/3939
f 3942/3942/3942 3941/3941/3941 3939/3939/3939
f 3941/3941/3941 3942/3942/3942 3943/3943/3943
f 3944/3944/3944 3941/3941/3941 3943/3943/3943
f 3947/3947/3947 3946/3946/3946 3945/3945/3945
f 3948/3948/3948 3947/3947/3947 3945/3945/3945
f 3947/3947/3947 3948/3948/3948 3949/3949/3949
f 3949/3949/3949 3950/3950/3950 3947/3947/3947
f 3951/3951/3951 3950/3950/3950 3949/3949/3949
f 3951/3951/3951 3952/3952/3952 3950/3950/3950
f 3952/3952/3952 3953/3953/3953 3950/3950/3950
f 3953/3953/3953 3954/3954/3954 3950/3950/3950
f 3954/3954/3954 3955/3955/3955 3950/3950/3950
f 3955/3955/3955 3954/3954/3954 3956/3956/3956
f 3959/3959/3959 3958/3958/3958 3957/3957/3957
f 3960/3960/3960 3959/3959/3959 3957/3957/3957
f 3959/3959/3959 3960/3960/3960 3961/3961/3961
f 3961/3961/3961 3960/3960/3960 3962/3962/3962
f 3960/3960/3960 3963/3963/3963 3962/3962/3962
f 3965/3965/3965 3964/3964/3964 3621/3621/3621
f 3964/3964/3964 3966/3966/3966 3621/3621/3621
f 3966/3966/3966 3629/3629/3629 3621/3621/3621
f 3629/3629/3629 3966/3966/3966 3967/3967/3967
f 3968/3968/3968 3629/3629/3629 3967/3967/3967
f 3971/3971/3971 3970/3970/3970 3969/3969/3969
f 3972/3972/3972 3969/3969/3969 3970/3970/3970
f 3975/3975/3975 3974/3974/3974 3973/3973/3973
f 3975/3975/3975 3973/3973/3973 3976/3976/3976
f 3979/3979/3979 3978/3978/3978 3977/3977/3977
f 3977/3977/3977 3980/3980/3980 3979/3979/3979
f 3979/3979/3979 3980/3980/3980 3981/3981/3981
f 3980/3980/3980 3982/3982/3982 3981/3981/3981
f 3985/3985/3985 3984/3984/3984 3983/3983/3983
f 3983/3983/3983 3986/3986/3986 3985/3985/3985
f 3985/3985/3985 3986/3986/3986 3987/3987/3987
f 3988/3988/3988 3985/3985/3985 3987/3987/3987
f 3991/3991/3991 3990/3990/3990 3989/3989/3989
f 3992/3992/3992 3991/3991/3991 3989/3989/3989
f 3989/3989/3989 3993/3993/3993 3992/3992/3992
f 3996/3996/3996 3995/3995/3995 3994/3994/3994
f 3995/3995/3995 3997/3997/3997 3994/3994/3994
f 4000/4000/4000 3999/3999/3999 3998/3998/3998
f 3999/3999/3999 4001/4001/4001 3998/3998/3998
f 4004/4004/4004 4003/4003/4003 4002/4002/4002
f 4003/4003/4003 4005/4005/4005 4002/4002/4002
f 4005/4005/4005 4003/4003/4003 4006/4006/4006
f 4003/4003/4003 4007/4007/4007 4006/4006/4006
f 4008/4008/4008 4006/4006/4006 4007/4007/4007
f 4008/4008/4008 4009/4009/4009 4006/4006/4006
f 4007/4007/4007 4010/4010/4010 4008/4008/4008
f 4007/4007/4007 4011/4011/4011 4010/4010/4010
f 4014/4014/4014 4013/4013/4013 4012/4012/4012
f 4013/4013/4013 4015/4015/4015 4012/4012/4012
f 4015/4015/4015 4013/4013/4013 4016/4016/4016
f 4013/4013/4013 4017/4017/4017 4016/4016/4016
f 4018/4018/4018 4016/4016/4016 4017/4017/4017
f 4017/4017/4017 4019/4019/4019 4018/4018/4018
f 4017/4017/4017 4020/4020/4020 4019/4019/4019
f 4016/4016/4016 4018/4018/4018 4021/4021/4021
f 4021/4021/4021 4022/4022/4022 4016/4016/4016
f 4025/4025/4025 4024/4024/4024 4023/4023/4023
f 4026/4026/4026 4025/4025/4025 4023/4023/4023
f 4026/4026/4026 4027/4027/4027 4025/4025/4025
f 4030/4030/4030 4029/4029/4029 4028/4028/4028
f 4029/4029/4029 4031/4031/4031 4028/4028/4028
f 4028/4028/4028 4031/4031/4031 4032/4032/4032
f 4032/4032/4032 4033/4033/4033 4028/4028/4028
f 4034/4034/4034 4032/4032/4032 4031/4031/4031
f 4035/4035/4035 4034/4034/4034 4031/4031/4031
f 4038/4038/4038 4037/4037/4037 4036/4036/4036
f 4039/4039/4039 4037/4037/4037 4038/4038/4038
f 4042/4042/4042 4041/4041/4041 4040/4040/4040
f 4042/4042/4042 4043/4043/4043 4041/4041/4041
f 4043/4043/4043 4042/4042/4042 4044/4044/4044
f 4044/4044/4044 4042/4042/4042 4045/4045/4045
f 4043/4043/4043 4046/4046/4046 4041/4041/4041
f 4046/4046/4046 4047/4047/4047 4041/4041/4041
f 4048/4048/4048 4041/4041/4041 4047/4047/4047
f 4048/4048/4048 4047/4047/4047 4049/4049/4049
f 4049/4049/4049 4047/4047/4047 4050/4050/4050
f 4046/4046/4046 4051/4051/4051 4047/4047/4047
f 4046/4046/4046 4052/4052/4052 4051/4051/4051
f 4055/4055/4055 4054/4054/4054 4053/4053/4053
f 4053/4053/4053 4056/4056/4056 4055/4055/4055
f 4055/4055/4055 4056/4056/4056 4057/4057/4057
f 4055/4055/4055 4057/4057/4057 4058/4058/4058
f 4058/4058/4058 4059/4059/4059 4055/4055/4055
f 4060/4060/4060 4055/4055/4055 4059/4059/4059
f 4061/4061/4061 4055/4055/4055 4060/4060/4060
f 4060/4060/4060 4059/4059/4059 4062/4062/4062
f 4063/4063/4063 4060/4060/4060 4062/4062/4062
f 4064/4064/4064 4060/4060/4060 4063/4063/4063
f 4065/4065/4065 4064/4064/4064 4063/4063/4063
f 4068/4068/4068 4067/4067/4067 4066/4066/4066
f 4066/4066/4066 4067/4067/4067 4069/4069/4069
f 4069/4069/4069 4070/4070/4070 4066/4066/4066
f 4070/4070/4070 4069/4069/4069 4071/4071/4071
f 4071/4071/4071 4069/4069/4069 4072/4072/4072
f 4075/4075/4075 4074/4074/4074 4073/4073/4073
f 4074/4074/4074 4076/4076/4076 4073/4073/4073
f 4073/4073/4073 4076/4076/4076 4077/4077/4077
f 4077/4077/4077 4078/4078/4078 4073/4073/4073
f 4078/4078/4078 4079/4079/4079 4073/4073/4073
f 4082/4082/4082 4081/4081/4081 4080/4080/4080
f 4083/4083/4083 4081/4081/4081 4082/4082/4082
f 4084/4084/4084 4083/4083/4083 4082/4082/4082
f 4082/4082/4082 4085/4085/4085 4084/4084/4084
f 4088/4088/4088 4087/4087/4087 4086/4086/4086
f 4088/4088/4088 4086/4086/4086 4089/4089/4089
f 4088/4088/4088 4089/4089/4089 4090/4090/4090
f 4093/4093/4093 4092/4092/4092 4091/4091/4091
f 4094/4094/4094 4093/4093/4093 4091/4091/4091
f 4094/4094/4094 4095/4095/4095 4093/4093/4093
f 4095/4095/4095 4096/4096/4096 4093/4093/4093
f 4095/4095/4095 4097/4097/4097 4096/4096/4096
f 4095/4095/4095 4098/4098/4098 4097/4097/4097
f 4101/4101/4101 4100/4100/4100 4099/4099/4099
f 4102/4102/4102 4099/4099/4099 4100/4100/4100
f 4099/4099/4099 4102/4102/4102 4103/4103/4103
f 4104/4104/4104 4099/4099/4099 4103/4103/4103
f 4107/4107/4107 4106/4106/4106 4105/4105/4105
f 4107/4107/4107 4108/4108/4108 4106/4106/4106
f 4106/4106/4106 4108/4108/4108 4109/4109/4109
f 4110/4110/4110 4106/4106/4106 4109/4109/4109
f 4113/4113/4113 4112/4112/4112 4111/4111/4111
f 4113/4113/4113 4111/4111/4111 4114/4114/4114
f 4114/4114/4114 4115/4115/4115 4113/4113/4113
f 4114/4114/4114 4116/4116/4116 4115/4115/4115
f 4111/4111/4111 4117/4117/4117 4114/4114/4114
f 4117/4117/4117 4111/4111/4111 4118/4118/4118
f 4118/4118/4118 4119/4119/4119 4117/4117/4117
f 4122/4122/4122 4121/4121/4121 4120/4120/4120
f 4122/4122/4122 4120/4120/4120 4123/4123/4123
f 4124/4124/4124 4122/4122/4122 4123/4123/4123
f 4127/4127/4127 4126/4126/4126 4125/4125/4125
f 4128/4128/4128 4127/4127/4127 4125/4125/4125
f 4131/4131/4131 4130/4130/4130 4129/4129/4129
f 4129/4129/4129 4130/4130/4130 4132/4132/4132
f 4129/4129/4129 4132/4132/4132 4133/4133/4133
f 4134/4134/4134 4129/4129/4129 4133/4133/4133
f 4134/4134/4134 4133/4133/4133 4135/4135/4135
f 4136/4136/4136 4134/4134/4134 4135/4135/4135
f 4136/4136/4136 4135/4135/4135 4137/4137/4137
f 4138/4138/4138 4136/4136/4136 4137/4137/4137
f 4137/4137/4137 4135/4135/4135 4139/4139/4139
f 4135/4135/4135 4140/4140/4140 4139/4139/4139
f 4135/4135/4135 4133/4133/4133 4140/4140/4140
f 4133/4133/4133 4141/4141/4141 4140/4140/4140
f 4133/4133/4133 4132/4132/4132 4141/4141/4141
f 4132/4132/4132 4142/4142/4142 4141/4141/4141
f 4132/4132/4132 4143/4143/4143 4142/4142/4142
f 4138/4138/4138 4137/4137/4137 4144/4144/4144
f 4145/4145/4145 4138/4138/4138 4144/4144/4144
f 4145/4145/4145 4144/4144/4144 4146/4146/4146
f 4146/4146/4146 4144/4144/4144 4147/4147/4147
f 4144/4144/4144 4148/4148/4148 4147/4147/4147
f 4147/4147/4147 4148/4148/4148 4149/4149/4149
f 4148/4148/4148 4150/4150/4150 4149/4149/4149
f 4149/4149/4149 4150/4150/4150 4151/4151/4151
f 4150/4150/4150 4152/4152/4152 4151/4151/4151
f 4147/4147/4147 4149/4149/4149 4153/4153/4153
f 4153/4153/4153 4149/4149/4149 4154/4154/4154
f 4149/4149/4149 4151/4151/4151 4154/4154/4154
f 4155/4155/4155 4147/4147/4147 4153/4153/4153
f 4147/4147/4147 4155/4155/4155 4146/4146/4146
f 4156/4156/4156 4154/4154/4154 4151/4151/4151
f 4155/4155/4155 4157/4157/4157 4146/4146/4146
f 4158/4158/4158 4156/4156/4156 4151/4151/4151
f 4151/4151/4151 4152/4152/4152 4158/4158/4158
f 4159/4159/4159 4156/4156/4156 4158/4158/4158
f 4146/4146/4146 4157/4157/4157 4160/4160/4160
f 4157/4157/4157 4161/4161/4161 4160/4160/4160
f 4160/4160/4160 4145/4145/4145 4146/4146/4146
f 4152/4152/4152 4162/4162/4162 4158/4158/4158
f 4152/4152/4152 4163/4163/4163 4162/4162/4162
f 4164/4164/4164 4159/4159/4159 4158/4158/4158
f 4158/4158/4158 4162/4162/4162 4164/4164/4164
f 4165/4165/4165 4159/4159/4159 4164/4164/4164
f 4161/4161/4161 4165/4165/4165 4166/4166/4166
f 4160/4160/4160 4161/4161/4161 4166/4166/4166
f 4166/4166/4166 4165/4165/4165 4164/4164/4164
f 4167/4167/4167 4145/4145/4145 4160/4160/4160
f 4166/4166/4166 4167/4167/4167 4160/4160/4160
f 4167/4167/4167 4168/4168/4168 4145/4145/4145
f 4162/4162/4162 4169/4169/4169 4164/4164/4164
f 4164/4164/4164 4169/4169/4169 4166/4166/4166
f 4169/4169/4169 4167/4167/4167 4166/4166/4166
f 4162/4162/4162 4170/4170/4170 4169/4169/4169
f 4169/4169/4169 4171/4171/4171 4167/4167/4167
f 4170/4170/4170 4171/4171/4171 4169/4169/4169
f 4170/4170/4170 4172/4172/4172 4171/4171/4171
f 4172/4172/4172 4173/4173/4173 4171/4171/4171
f 4171/4171/4171 4173/4173/4173 4174/4174/4174
f 4172/4172/4172 4175/4175/4175 4173/4173/4173
f 4176/4176/4176 4172/4172/4172 4170/4170/4170
f 4177/4177/4177 4176/4176/4176 4170/4170/4170
f 4176/4176/4176 4178/4178/4178 4172/4172/4172
f 4178/4178/4178 4175/4175/4175 4172/4172/4172
f 4178/4178/4178 4179/4179/4179 4175/4175/4175
f 4179/4179/4179 4180/4180/4180 4175/4175/4175
f 4179/4179/4179 4181/4181/4181 4180/4180/4180
f 4181/4181/4181 4182/4182/4182 4180/4180/4180
f 4180/4180/4180 4182/4182/4182 4183/4183/4183
f 4182/4182/4182 4184/4184/4184 4183/4183/4183
f 4187/4187/4187 4186/4186/4186 4185/4185/4185
f 4188/4188/4188 4187/4187/4187 4185/4185/4185
f 4188/4188/4188 4185/4185/4185 4189/4189/4189
f 4190/4190/4190 4187/4187/4187 4188/4188/4188
f 4191/4191/4191 4188/4188/4188 4189/4189/4189
f 4192/4192/4192 4190/4190/4190 4188/4188/4188
f 4192/4192/4192 4188/4188/4188 4191/4191/4191
f 4193/4193/4193 4192/4192/4192 4191/4191/4191
f 4196/4196/4196 4195/4195/4195 4194/4194/4194
f 4195/4195/4195 4197/4197/4197 4194/4194/4194
f 4194/4194/4194 4197/4197/4197 4198/4198/4198
f 4197/4197/4197 4199/4199/4199 4198/4198/4198
f 4198/4198/4198 4199/4199/4199 4200/4200/4200
f 4197/4197/4197 4201/4201/4201 4199/4199/4199
f 4199/4199/4199 4202/4202/4202 4200/4200/4200
f 4201/4201/4201 4203/4203/4203 4199/4199/4199
f 4199/4199/4199 4203/4203/4203 4202/4202/4202
f 4201/4201/4201 4204/4204/4204 4203/4203/4203
f 4203/4203/4203 4205/4205/4205 4202/4202/4202
f 4204/4204/4204 4206/4206/4206 4203/4203/4203
f 4203/4203/4203 4206/4206/4206 4205/4205/4205
f 4204/4204/4204 4207/4207/4207 4206/4206/4206
f 4206/4206/4206 4208/4208/4208 4205/4205/4205
f 4206/4206/4206 4209/4209/4209 4208/4208/4208
f 4209/4209/4209 4210/4210/4210 4208/4208/4208
f 4209/4209/4209 4211/4211/4211 4210/4210/4210
f 4211/4211/4211 4212/4212/4212 4210/4210/4210
f 4213/4213/4213 4211/4211/4211 4209/4209/4209
f 4216/4216/4216 4215/4215/4215 4214/4214/4214
f 4216/4216/4216 4217/4217/4217 4215/4215/4215
f 4220/4220/4220 4219/4219/4219 4218/4218/4218
f 4220/4220/4220 4218/4218/4218 4221/4221/4221
f 4220/4220/4220 4221/4221/4221 4222/4222/4222
f 4221/4221/4221 4223/4223/4223 4222/4222/4222
f 4224/4224/4224 4223/4223/4223 4221/4221/4221
f 4224/4224/4224 4221/4221/4221 4225/4225/4225
f 4224/4224/4224 4226/4226/4226 4223/4223/4223
f 4225/4225/4225 4226/4226/4226 4224/4224/4224
f 4229/4229/4229 4228/4228/4228 4227/4227/4227
f 4227/4227/4227 4230/4230/4230 4229/4229/4229
f 4230/4230/4230 4231/4231/4231 4229/4229/4229
f 4234/4234/4234 4233/4233/4233 4232/4232/4232
f 4235/4235/4235 4234/4234/4234 4232/4232/4232
f 4232/4232/4232 4236/4236/4236 4235/4235/4235
f 4239/4239/4239 4238/4238/4238 4237/4237/4237
f 4239/4239/4239 4237/4237/4237 4240/4240/4240
f 4239/4239/4239 4240/4240/4240 4241/4241/4241
f 4240/4240/4240 4242/4242/4242 4241/4241/4241
f 4243/4243/4243 4242/4242/4242 4240/4240/4240
f 4243/4243/4243 4240/4240/4240 4244/4244/4244
f 4243/4243/4243 4245/4245/4245 4242/4242/4242
f 4245/4245/4245 4246/4246/4246 4242/4242/4242
f 4249/4249/4249 4248/4248/4248 4247/4247/4247
f 4247/4247/4247 4250/4250/4250 4249/4249/4249
f 4250/4250/4250 4251/4251/4251 4249/4249/4249
f 4254/4254/4254 4253/4253/4253 4252/4252/4252
f 4254/4254/4254 4252/4252/4252 4255/4255/4255
f 4254/4254/4254 4255/4255/4255 4256/4256/4256
f 4255/4255/4255 4257/4257/4257 4256/4256/4256
f 4258/4258/4258 4257/4257/4257 4255/4255/4255
f 4258/4258/4258 4255/4255/4255 4259/4259/4259
f 4258/4258/4258 4260/4260/4260 4257/4257/4257
f 4260/4260/4260 4261/4261/4261 4257/4257/4257
f 4264/4264/4264 4263/4263/4263 4262/4262/4262
f 4262/4262/4262 4265/4265/4265 4264/4264/4264
f 4265/4265/4265 4266/4266/4266 4264/4264/4264
f 4269/4269/4269 4268/4268/4268 4267/4267/4267
f 4269/4269/4269 4267/4267/4267 4270/4270/4270
f 4269/4269/4269 4270/4270/4270 4271/4271/4271
f 4270/4270/4270 4272/4272/4272 4271/4271/4271
f 4273/4273/4273 4272/4272/4272 4270/4270/4270
f 4273/4273/4273 4270/4270/4270 4274/4274/4274
f 4273/4273/4273 4275/4275/4275 4272/4272/4272
f 4275/4275/4275 4276/4276/4276 4272/4272/4272
f 4279/4279/4279 4278/4278/4278 4277/4277/4277
f 4280/4280/4280 4279/4279/4279 4277/4277/4277
f 4283/4283/4283 4282/4282/4282 4281/4281/4281
f 4284/4284/4284 4283/4283/4283 4281/4281/4281
f 4287/4287/4287 4286/4286/4286 4285/4285/4285
f 4288/4288/4288 4287/4287/4287 4285/4285/4285
f 4289/4289/4289 4287/4287/4287 4288/4288/4288
f 4290/4290/4290 4289/4289/4289 4288/4288/4288
f 4293/4293/4293 4292/4292/4292 4291/4291/4291
f 4294/4294/4294 4293/4293/4293 4291/4291/4291
f 4295/4295/4295 4294/4294/4294 4291/4291/4291
f 4296/4296/4296 4293/4293/4293 4294/4294/4294
f 4295/4295/4295 4296/4296/4296 4294/4294/4294
f 4299/4299/4299 4298/4298/4298 4297/4297/4297
f 4298/4298/4298 4300/4300/4300 4297/4297/4297
f 4297/4297/4297 4300/4300/4300 4301/4301/4301
f 4300/4300/4300 4302/4302/4302 4301/4301/4301
f 4301/4301/4301 4302/4302/4302 4303/4303/4303
f 4302/4302/4302 4304/4304/4304 4303/4303/4303
f 4303/4303/4303 4304/4304/4304 4305/4305/4305
f 4304/4304/4304 4306/4306/4306 4305/4305/4305
f 4305/4305/4305 4306/4306/4306 4307/4307/4307
f 4306/4306/4306 4308/4308/4308 4307/4307/4307
f 4307/4307/4307 4308/4308/4308 4309/4309/4309
f 4308/4308/4308 4310/4310/4310 4309/4309/4309
f 4309/4309/4309 4310/4310/4310 4311/4311/4311
f 4310/4310/4310 4312/4312/4312 4311/4311/4311
f 4311/4311/4311 4312/4312/4312 4313/4313/4313
f 4312/4312/4312 4314/4314/4314 4313/4313/4313
f 4317/4317/4317 4316/4316/4316 4315/4315/4315
f 4318/4318/4318 4317/4317/4317 4315/4315/4315
f 4319/4319/4319 4317/4317/4317 4318/4318/4318
f 4320/4320/4320 4319/4319/4319 4318/4318/4318
f 4323/4323/4323 4322/4322/4322 4321/4321/4321
f 4324/4324/4324 4323/4323/4323 4321/4321/4321
f 4327/4327/4327 4326/4326/4326 4325/4325/4325
f 4326/4326/4326 4328/4328/4328 4325/4325/4325
f 4325/4325/4325 4328/4328/4328 4329/4329/4329
f 4328/4328/4328 4330/4330/4330 4329/4329/4329
f 4333/4333/4333 4332/4332/4332 4331/4331/4331
f 4334/4334/4334 4333/4333/4333 4331/4331/4331
f 4337/4337/4337 4336/4336/4336 4335/4335/4335
f 4338/4338/4338 4337/4337/4337 4335/4335/4335
f 4341/4341/4341 4340/4340/4340 4339/4339/4339
f 4340/4340/4340 4342/4342/4342 4339/4339/4339
f 4339/4339/4339 4342/4342/4342 4343/4343/4343
f 4342/4342/4342 4344/4344/4344 4343/4343/4343
f 4343/4343/4343 4344/4344/4344 4345/4345/4345
f 4344/4344/4344 4346/4346/4346 4345/4345/4345
f 4345/4345/4345 4346/4346/4346 4347/4347/4347
f 4346/4346/4346 4348/4348/4348 4347/4347/4347
f 4351/4351/4351 4350/4350/4350 4349/4349/4349
f 4352/4352/4352 4351/4351/4351 4349/4349/4349
f 4355/4355/4355 4354/4354/4354 4353/4353/4353
f 4356/4356/4356 4355/4355/4355 4353/4353/4353
f 4353/4353/4353 4357/4357/4357 4356/4356/4356
f 4353/4353/4353 4358/4358/4358 4357/4357/4357
f 4358/4358/4358 4359/4359/4359 4357/4357/4357
f 4362/4362/4362 4361/4361/4361 4360/4360/4360
f 4361/4361/4361 4363/4363/4363 4360/4360/4360
f 4360/4360/4360 4363/4363/4363 4364/4364/4364
f 4363/4363/4363 4365/4365/4365 4364/4364/4364
f 4364/4364/4364 4365/4365/4365 4366/4366/4366
f 4365/4365/4365 4367/4367/4367 4366/4366/4366
f 4366/4366/4366 4367/4367/4367 4368/4368/4368
f 4367/4367/4367 4369/4369/4369 4368/4368/4368
f 4368/4368/4368 4369/4369/4369 4370/4370/4370
f 4369/4369/4369 4371/4371/4371 4370/4370/4370
f 4370/4370/4370 4371/4371/4371 4372/4372/4372
f 4371/4371/4371 4373/4373/4373 4372/4372/4372
f 4372/4372/4372 4373/4373/4373 4374/4374/4374
f 4373/4373/4373 4375/4375/4375 4374/4374/4374
f 4374/4374/4374 4375/4375/4375 4376/4376/4376
f 4375/4375/4375 4377/4377/4377 4376/4376/4376
f 4376/4376/4376 4377/4377/4377 4378/4378/4378
f 4377/4377/4377 4379/4379/4379 4378/4378/4378
f 4378/4378/4378 4379/4379/4379 4380/4380/4380
f 4379/4379/4379 4381/4381/4381 4380/4380/4380
f 4384/4384/4384 4383/4383/4383 4382/4382/4382
f 4385/4385/4385 4384/4384/4384 4382/4382/4382
f 4388/4388/4388 4387/4387/4387 4386/4386/4386
f 4389/4389/4389 4388/4388/4388 4386/4386/4386
f 4392/4392/4392 4391/4391/4391 4390/4390/4390
f 4391/4391/4391 4393/4393/4393 4390/4390/4390
f 4390/4390/4390 4393/4393/4393 4394/4394/4394
f 4393/4393/4393 4395/4395/4395 4394/4394/4394
f 4394/4394/4394 4395/4395/4395 4396/4396/4396
f 4395/4395/4395 4397/4397/4397 4396/4396/4396
f 4396/4396/4396 4397/4397/4397 4398/4398/4398
f 4397/4397/4397 4399/4399/4399 4398/4398/4398
f 4398/4398/4398 4399/4399/4399 4400/4400/4400
f 4399/4399/4399 4401/4401/4401 4400/4400/4400
f 4400/4400/4400 4401/4401/4401 4402/4402/4402
f 4401/4401/4401 4403/4403/4403 4402/4402/4402
f 4402/4402/4402 4403/4403/4403 4404/4404/4404
f 4403/4403/4403 4405/4405/4405 4404/4404/4404
f 4404/4404/4404 4405/4405/4405 4406/4406/4406
f 4405/4405/4405 4407/4407/4407 4406/4406/4406
f 4410/4410/4410 4409/4409/4409 4408/4408/4408
f 4409/4409/4409 4411/4411/4411 4408/4408/4408
f 4408/4408/4408 4411/4411/4411 4412/4412/4412
f 4411/4411/4411 4413/4413/4413 4412/4412/4412
f 4416/4416/4416 4415/4415/4415 4414/4414/4414
f 4415/4415/4415 4417/4417/4417 4414/4414/4414
f 4414/4414/4414 4417/4417/4417 4418/4418/4418
f 4417/4417/4417 4419/4419/4419 4418/4418/4418
f 4422/4422/4422 4421/4421/4421 4420/4420/4420
f 4423/4423/4423 4422/4422/4422 4420/4420/4420
f 4426/4426/4426 4425/4425/4425 4424/4424/4424
f 4427/4427/4427 4426/4426/4426 4424/4424/4424
f 4428/4428/4428 4426/4426/4426 4427/4427/4427
f 4429/4429/4429 4428/4428/4428 4427/4427/4427
f 4432/4432/4432 4431/4431/4431 4430/4430/4430
f 4433/4433/4433 4432/4432/4432 4430/4430/4430
f 4436/4436/4436 4435/4435/4435 4434/4434/4434
f 4437/4437/4437 4436/4436/4436 4434/4434/4434
f 4440/4440/4440 4439/4439/4439 4438/4438/4438
f 4441/4441/4441 4440/4440/4440 4438/4438/4438
f 4442/4442/4442 4440/4440/4440 4441/4441/4441
f 4443/4443/4443 4442/4442/4442 4441/4441/4441
f 4444/4444/4444 4442/4442/4442 4443/4443/4443
f 4445/4445/4445 4444/4444/4444 4443/4443/4443
f 4446/4446/4446 4444/4444/4444 4445/4445/4445
f 4447/4447/4447 4446/4446/4446 4445/4445/4445
f 4450/4450/4450 4449/4449/4449 4448/4448/4448
f 4451/4451/4451 4450/4450/4450 4448/4448/4448
f 4454/4454/4454 4453/4453/4453 4452/4452/4452
f 4455/4455/4455 4454/4454/4454 4452/4452/4452
f 4456/4456/4456 4455/4455/4455 4452/4452/4452
f 4456/4456/4456 4457/4457/4457 4455/4455/4455
f 4457/4457/4457 4458/4458/4458 4455/4455/4455
f 4461/4461/4461 4460/4460/4460 4459/4459/4459
f 4462/4462/4462 4461/4461/4461 4459/4459/4459
f 4465/4465/4465 4464/4464/4464 4463/4463/4463
f 4466/4466/4466 4465/4465/4465 4463/4463/4463
f 4466/4466/4466 4463/4463/4463 4467/4467/4467
f 4468/4468/4468 4465/4465/4465 4466/4466/4466
f 4467/4467/4467 4468/4468/4468 4466/4466/4466
f 4471/4471/4471 4470/4470/4470 4469/4469/4469
f 4472/4472/4472 4471/4471/4471 4469/4469/4469
f 4475/4475/4475 4474/4474/4474 4473/4473/4473
f 4476/4476/4476 4475/4475/4475 4473/4473/4473
f 4479/4479/4479 4478/4478/4478 4477/4477/4477
f 4480/4480/4480 4479/4479/4479 4477/4477/4477
f 4477/4477/4477 4478/4478/4478 4481/4481/4481
f 4482/4482/4482 4479/4479/4479 4480/4480/4480
f 4478/4478/4478 4483/4483/4483 4481/4481/4481
f 4484/4484/4484 4482/4482/4482 4480/4480/4480
f 4481/4481/4481 4483/4483/4483 4485/4485/4485
f 4486/4486/4486 4482/4482/4482 4484/4484/4484
f 4483/4483/4483 4487/4487/4487 4485/4485/4485
f 4488/4488/4488 4486/4486/4486 4484/4484/4484
f 4485/4485/4485 4487/4487/4487 4489/4489/4489
f 4490/4490/4490 4486/4486/4486 4488/4488/4488
f 4487/4487/4487 4491/4491/4491 4489/4489/4489
f 4492/4492/4492 4490/4490/4490 4488/4488/4488
f 4489/4489/4489 4491/4491/4491 4492/4492/4492
f 4491/4491/4491 4490/4490/4490 4492/4492/4492
f 4495/4495/4495 4494/4494/4494 4493/4493/4493
f 4494/4494/4494 4496/4496/4496 4493/4493/4493
f 4497/4497/4497 4494/4494/4494 4495/4495/4495
f 4493/4493/4493 4496/4496/4496 4498/4498/4498
f 4499/4499/4499 4497/4497/4497 4495/4495/4495
f 4496/4496/4496 4500/4500/4500 4498/4498/4498
f 4501/4501/4501 4497/4497/4497 4499/4499/4499
f 4498/4498/4498 4500/4500/4500 4502/4502/4502
f 4503/4503/4503 4501/4501/4501 4499/4499/4499
f 4500/4500/4500 4504/4504/4504 4502/4502/4502
f 4505/4505/4505 4501/4501/4501 4503/4503/4503
f 4502/4502/4502 4504/4504/4504 4506/4506/4506
f 4507/4507/4507 4505/4505/4505 4503/4503/4503
f 4504/4504/4504 4508/4508/4508 4506/4506/4506
f 4508/4508/4508 4505/4505/4505 4507/4507/4507
f 4506/4506/4506 4508/4508/4508 4507/4507/4507
g lagihelm_2
f 4511/4511/4511 4510/4510/4510 4509/4509/4509
f 4514/4514/4514 4513/4513/4513 4512/4512/4512
f 4517/4517/4517 4516/4516/4516 4515/4515/4515
f 4520/4520/4520 4519/4519/4519 4518/4518/4518
f 4523/4523/4523 4522/4522/4522 4521/4521/4521
f 4526/4526/4526 4525/4525/4525 4524/4524/4524
f 4529/4529/4529 4528/4528/4528 4527/4527/4527
f 4532/4532/4532 4531/4531/4531 4530/4530/4530
f 4535/4535/4535 4534/4534/4534 4533/4533/4533
f 4538/4538/4538 4537/4537/4537 4536/4536/4536
f 4541/4541/4541 4540/4540/4540 4539/4539/4539
f 4544/4544/4544 4543/4543/4543 4542/4542/4542
f 4547/4547/4547 4546/4546/4546 4545/4545/4545
f 4550/4550/4550 4549/4549/4549 4548/4548/4548
f 4553/4553/4553 4552/4552/4552 4551/4551/4551
f 4556/4556/4556 4555/4555/4555 4554/4554/4554
f 4559/4559/4559 4558/4558/4558 4557/4557/4557
f 4562/4562/4562 4561/4561/4561 4560/4560/4560
f 4565/4565/4565 4564/4564/4564 4563/4563/4563
f 4568/4568/4568 4567/4567/4567 4566/4566/4566
f 4571/4571/4571 4570/4570/4570 4569/4569/4569
f 4574/4574/4574 4573/4573/4573 4572/4572/4572
f 4577/4577/4577 4576/4576/4576 4575/4575/4575
f 4580/4580/4580 4579/4579/4579 4578/4578/4578
f 4583/4583/4583 4582/4582/4582 4581/4581/4581
f 4586/4586/4586 4585/4585/4585 4584/4584/4584
f 4589/4589/4589 4588/4588/4588 4587/4587/4587
f 4592/4592/4592 4591/4591/4591 4590/4590/4590
f 4595/4595/4595 4594/4594/4594 4593/4593/4593
f 4598/4598/4598 4597/4597/4597 4596/4596/4596
f 4601/4601/4601 4600/4600/4600 4599/4599/4599
f 4604/4604/4604 4603/4603/4603 4602/4602/4602
f 4607/4607/4607 4606/4606/4606 4605/4605/4605
f 4610/4610/4610 4609/4609/4609 4608/4608/4608
f 4613/4613/4613 4612/4612/4612 4611/4611/4611
f 4616/4616/4616 4615/4615/4615 4614/4614/4614
f 4619/4619/4619 4618/4618/4618 4617/4617/4617
f 4622/4622/4622 4621/4621/4621 4620/4620/4620
f 4625/4625/4625 4624/4624/4624 4623/4623/4623
f 4628/4628/4628 4627/4627/4627 4626/4626/4626
f 4631/4631/4631 4630/4630/4630 4629/4629/4629
f 4632/4632/4632 4631/4631/4631 4629/4629/4629
f 4635/4635/4635 4634/4634/4634 4633/4633/4633
f 4634/4634/4634 4635/4635/4635 4636/4636/4636
f 4634/4634/4634 4636/4636/4636 4637/4637/4637
f 4640/4640/4640 4639/4639/4639 4638/4638/4638
f 4641/4641/4641 4640/4640/4640 4638/4638/4638
f 4644/4644/4644 4643/4643/4643 4642/4642/4642
f 4645/4645/4645 4644/4644/4644 4642/4642/4642
f 4648/4648/4648 4647/4647/4647 4646/4646/4646
f 4647/4647/4647 4649/4649/4649 4646/4646/4646
f 4646/4646/4646 4649/4649/4649 4650/4650/4650
f 4646/4646/4646 4650/4650/4650 4651/4651/4651
f 4652/4652/4652 4646/4646/4646 4651/4651/4651
f 4653/4653/4653 4652/4652/4652 4651/4651/4651
f 4652/4652/4652 4653/4653/4653 4654/4654/4654
f 4655/4655/4655 4652/4652/4652 4654/4654/4654
f 4656/4656/4656 4655/4655/4655 4654/4654/4654
f 4655/4655/4655 4656/4656/4656 4657/4657/4657
f 4658/4658/4658 4655/4655/4655 4657/4657/4657
f 4659/4659/4659 4658/4658/4658 4657/4657/4657
f 4658/4658/4658 4659/4659/4659 4660/4660/4660
f 4659/4659/4659 4661/4661/4661 4660/4660/4660
f 4661/4661/4661 4662/4662/4662 4660/4660/4660
f 4662/4662/4662 4663/4663/4663 4660/4660/4660
f 4664/4664/4664 4660/4660/4660 4663/4663/4663
f 4665/4665/4665 4664/4664/4664 4663/4663/4663
f 4664/4664/4664 4665/4665/4665 4666/4666/4666
f 4667/4667/4667 4664/4664/4664 4666/4666/4666
f 4668/4668/4668 4667/4667/4667 4666/4666/4666
f 4667/4667/4667 4668/4668/4668 4669/4669/4669
f 4670/4670/4670 4667/4667/4667 4669/4669/4669
f 4671/4671/4671 4670/4670/4670 4669/4669/4669
f 4670/4670/4670 4671/4671/4671 4672/4672/4672
f 4675/4675/4675 4674/4674/4674 4673/4673/4673
f 4676/4676/4676 4674/4674/4674 4675/4675/4675
f 4675/4675/4675 4677/4677/4677 4676/4676/4676
f 4677/4677/4677 4678/4678/4678 4676/4676/4676
f 4676/4676/4676 4678/4678/4678 4679/4679/4679
f 4680/4680/4680 4676/4676/4676 4679/4679/4679
f 4681/4681/4681 4680/4680/4680 4679/4679/4679
f 4680/4680/4680 4681/4681/4681 4682/4682/4682
f 4683/4683/4683 4680/4680/4680 4682/4682/4682
f 4684/4684/4684 4683/4683/4683 4682/4682/4682
f 4683/4683/4683 4684/4684/4684 4685/4685/4685
f 4686/4686/4686 4683/4683/4683 4685/4685/4685
f 4687/4687/4687 4686/4686/4686 4685/4685/4685
f 4686/4686/4686 4687/4687/4687 4688/4688/4688
f 4688/4688/4688 4689/4689/4689 4686/4686/4686
f 4689/4689/4689 4690/4690/4690 4686/4686/4686
f 4689/4689/4689 4691/4691/4691 4690/4690/4690
f 4692/4692/4692 4686/4686/4686 4690/4690/4690
f 4693/4693/4693 4692/4692/4692 4690/4690/4690
f 4694/4694/4694 4692/4692/4692 4693/4693/4693
f 4692/4692/4692 4694/4694/4694 4695/4695/4695
f 4696/4696/4696 4692/4692/4692 4695/4695/4695
f 4696/4696/4696 4695/4695/4695 4697/4697/4697
f 4698/4698/4698 4696/4696/4696 4697/4697/4697
f 4696/4696/4696 4698/4698/4698 4699/4699/4699
f 4700/4700/4700 4696/4696/4696 4699/4699/4699
f 4700/4700/4700 4699/4699/4699 4701/4701/4701
f 4702/4702/4702 4700/4700/4700 4701/4701/4701
f 4700/4700/4700 4702/4702/4702 4703/4703/4703
f 4700/4700/4700 4703/4703/4703 4704/4704/4704
f 4700/4700/4700 4704/4704/4704 4705/4705/4705
f 4708/4708/4708 4707/4707/4707 4706/4706/4706
f 4709/4709/4709 4708/4708/4708 4706/4706/4706
f 4712/4712/4712 4711/4711/4711 4710/4710/4710
f 4713/4713/4713 4712/4712/4712 4710/4710/4710
f 4716/4716/4716 4715/4715/4715 4714/4714/4714
f 4717/4717/4717 4716/4716/4716 4714/4714/4714
f 4720/4720/4720 4719/4719/4719 4718/4718/4718
f 4721/4721/4721 4720/4720/4720 4718/4718/4718
f 4724/4724/4724 4723/4723/4723 4722/4722/4722
f 4725/4725/4725 4724/4724/4724 4722/4722/4722
f 4728/4728/4728 4727/4727/4727 4726/4726/4726
f 4728/4728/4728 4726/4726/4726 4729/4729/4729
f 4729/4729/4729 4726/4726/4726 4730/4730/4730
f 4729/4729/4729 4731/4731/4731 4728/4728/4728
f 4732/4732/4732 4729/4729/4729 4730/4730/4730
f 4733/4733/4733 4732/4732/4732 4730/4730/4730
f 4732/4732/4732 4733/4733/4733 4734/4734/4734
f 4735/4735/4735 4728/4728/4728 4731/4731/4731
f 4736/4736/4736 4732/4732/4732 4734/4734/4734
f 4737/4737/4737 4736/4736/4736 4734/4734/4734
f 4736/4736/4736 4737/4737/4737 4738/4738/4738
f 4731/4731/4731 4739/4739/4739 4735/4735/4735
f 4731/4731/4731 4740/4740/4740 4739/4739/4739
f 4741/4741/4741 4740/4740/4740 4731/4731/4731
f 4742/4742/4742 4741/4741/4741 4731/4731/4731
f 4741/4741/4741 4742/4742/4742 4743/4743/4743
f 4744/4744/4744 4736/4736/4736 4738/4738/4738
f 4742/4742/4742 4745/4745/4745 4743/4743/4743
f 4745/4745/4745 4746/4746/4746 4743/4743/4743
f 4746/4746/4746 4745/4745/4745 4747/4747/4747
f 4738/4738/4738 4748/4748/4748 4744/4744/4744
f 4745/4745/4745 4749/4749/4749 4747/4747/4747
f 4749/4749/4749 4750/4750/4750 4747/4747/4747
f 4750/4750/4750 4749/4749/4749 4751/4751/4751
f 4749/4749/4749 4744/4744/4744 4751/4751/4751
f 4748/4748/4748 4752/4752/4752 4744/4744/4744
f 4744/4744/4744 4753/4753/4753 4751/4751/4751
f 4752/4752/4752 4754/4754/4754 4744/4744/4744
f 4744/4744/4744 4754/4754/4754 4753/4753/4753
f 4754/4754/4754 4755/4755/4755 4753/4753/4753
f 4758/4758/4758 4757/4757/4757 4756/4756/4756
f 4757/4757/4757 4759/4759/4759 4756/4756/4756
f 4756/4756/4756 4759/4759/4759 4760/4760/4760
f 4759/4759/4759 4761/4761/4761 4760/4760/4760
f 4761/4761/4761 4762/4762/4762 4760/4760/4760
f 4762/4762/4762 5/5/5 4760/4760/4760
f 4763/4763/4763 4759/4759/4759 4757/4757/4757
f 4764/4764/4764 4763/4763/4763 4757/4757/4757
f 4763/4763/4763 4764/4764/4764 4765/4765/4765
f 5/5/5 4762/4762/4762 4766/4766/4766
f 4767/4767/4767 4763/4763/4763 4765/4765/4765
f 4768/4768/4768 4767/4767/4767 4765/4765/4765
f 4767/4767/4767 4768/4768/4768 4769/4769/4769
f 4766/4766/4766 4/4/4 5/5/5
f 4766/4766/4766 4770/4770/4770 4/4/4
f 4770/4770/4770 4766/4766/4766 4771/4771/4771
f 4772/4772/4772 4767/4767/4767 4769/4769/4769
f 4771/4771/4771 4766/4766/4766 4773/4773/4773
f 4769/4769/4769 4774/4774/4774 4772/4772/4772
f 4773/4773/4773 4775/4775/4775 4771/4771/4771
f 4773/4773/4773 4776/4776/4776 4775/4775/4775
f 4776/4776/4776 4773/4773/4773 4777/4777/4777
f 4773/4773/4773 4772/4772/4772 4777/4777/4777
f 4774/4774/4774 4778/4778/4778 4772/4772/4772
f 4772/4772/4772 4779/4779/4779 4777/4777/4777
f 4779/4779/4779 4772/4772/4772 4778/4778/4778
f 4782/4782/4782 4781/4781/4781 4780/4780/4780
f 4782/4782/4782 4780/4780/4780 4783/4783/4783
f 4783/4783/4783 4780/4780/4780 4784/4784/4784
f 4783/4783/4783 4785/4785/4785 4782/4782/4782
f 4785/4785/4785 4786/4786/4786 4782/4782/4782
f 4786/4786/4786 4785/4785/4785 4787/4787/4787
f 4788/4788/4788 4783/4783/4783 4784/4784/4784
f 4785/4785/4785 4789/4789/4789 4787/4787/4787
f 4789/4789/4789 4790/4790/4790 4787/4787/4787
f 4790/4790/4790 4789/4789/4789 4791/4791/4791
f 4789/4789/4789 4792/4792/4792 4791/4791/4791
f 4791/4791/4791 4792/4792/4792 4793/4793/4793
f 4794/4794/4794 4788/4788/4788 4784/4784/4784
f 4788/4788/4788 4794/4794/4794 4795/4795/4795
f 4788/4788/4788 4795/4795/4795 4796/4796/4796
f 4792/4792/4792 4797/4797/4797 4793/4793/4793
f 4797/4797/4797 4798/4798/4798 4793/4793/4793
f 4798/4798/4798 4797/4797/4797 4799/4799/4799
f 4800/4800/4800 4788/4788/4788 4796/4796/4796
f 4797/4797/4797 4801/4801/4801 4799/4799/4799
f 4801/4801/4801 4802/4802/4802 4799/4799/4799
f 4802/4802/4802 4801/4801/4801 4803/4803/4803
f 4803/4803/4803 4801/4801/4801 4800/4800/4800
f 4804/4804/4804 4800/4800/4800 4796/4796/4796
f 4800/4800/4800 4804/4804/4804 4803/4803/4803
f 4804/4804/4804 4805/4805/4805 4803/4803/4803
f 4808/4808/4808 4807/4807/4807 4806/4806/4806
f 4807/4807/4807 4808/4808/4808 4809/4809/4809
f 4808/4808/4808 4810/4810/4810 4809/4809/4809
f 4810/4810/4810 4811/4811/4811 4809/4809/4809
f 4811/4811/4811 4810/4810/4810 4812/4812/4812
f 4810/4810/4810 4813/4813/4813 4812/4812/4812
f 4813/4813/4813 4814/4814/4814 4812/4812/4812
f 4814/4814/4814 4813/4813/4813 4815/4815/4815
f 4813/4813/4813 4816/4816/4816 4815/4815/4815
f 4815/4815/4815 4816/4816/4816 4817/4817/4817
f 4816/4816/4816 4818/4818/4818 4817/4817/4817
f 4818/4818/4818 4819/4819/4819 4817/4817/4817
f 4818/4818/4818 4820/4820/4820 4819/4819/4819
f 4820/4820/4820 4821/4821/4821 4819/4819/4819
f 4824/4824/4824 4823/4823/4823 4822/4822/4822
f 4825/4825/4825 4824/4824/4824 4822/4822/4822
f 4828/4828/4828 4827/4827/4827 4826/4826/4826
f 4828/4828/4828 4829/4829/4829 4827/4827/4827
f 4829/4829/4829 4828/4828/4828 4830/4830/4830
f 4828/4828/4828 4831/4831/4831 4830/4830/4830
f 4831/4831/4831 4832/4832/4832 4830/4830/4830
f 4832/4832/4832 4831/4831/4831 4833/4833/4833
f 4831/4831/4831 4834/4834/4834 4833/4833/4833
f 4831/4831/4831 4835/4835/4835 4834/4834/4834
f 4835/4835/4835 4836/4836/4836 4834/4834/4834
f 4836/4836/4836 4835/4835/4835 4837/4837/4837
f 4838/4838/4838 4836/4836/4836 4837/4837/4837
f 4841/4841/4841 4840/4840/4840 4839/4839/4839
f 4842/4842/4842 4841/4841/4841 4839/4839/4839
f 4845/4845/4845 4844/4844/4844 4843/4843/4843
f 4846/4846/4846 4844/4844/4844 4845/4845/4845
f 4847/4847/4847 4846/4846/4846 4845/4845/4845
f 4850/4850/4850 4849/4849/4849 4848/4848/4848
f 4851/4851/4851 4850/4850/4850 4848/4848/4848
f 4854/4854/4854 4853/4853/4853 4852/4852/4852
f 4855/4855/4855 4854/4854/4854 4852/4852/4852
f 4858/4858/4858 4857/4857/4857 4856/4856/4856
f 4858/4858/4858 4859/4859/4859 4857/4857/4857
f 4859/4859/4859 4858/4858/4858 4860/4860/4860
f 4860/4860/4860 4858/4858/4858 4861/4861/4861
f 4858/4858/4858 4862/4862/4862 4861/4861/4861
f 4862/4862/4862 4863/4863/4863 4861/4861/4861
f 4863/4863/4863 4862/4862/4862 4864/4864/4864
f 4862/4862/4862 4865/4865/4865 4864/4864/4864
f 4865/4865/4865 4866/4866/4866 4864/4864/4864
f 4866/4866/4866 4865/4865/4865 4867/4867/4867
f 4865/4865/4865 4868/4868/4868 4867/4867/4867
f 4868/4868/4868 4869/4869/4869 4867/4867/4867
f 4869/4869/4869 4868/4868/4868 4870/4870/4870
f 4871/4871/4871 4869/4869/4869 4870/4870/4870
f 4872/4872/4872 4871/4871/4871 4870/4870/4870
f 4873/4873/4873 4872/4872/4872 4870/4870/4870
f 4870/4870/4870 4874/4874/4874 4873/4873/4873
f 4874/4874/4874 4875/4875/4875 4873/4873/4873
f 4875/4875/4875 4874/4874/4874 4876/4876/4876
f 4874/4874/4874 4877/4877/4877 4876/4876/4876
f 4877/4877/4877 4878/4878/4878 4876/4876/4876
f 4878/4878/4878 4877/4877/4877 4879/4879/4879
f 4877/4877/4877 4880/4880/4880 4879/4879/4879
f 4880/4880/4880 4881/4881/4881 4879/4879/4879
f 4881/4881/4881 4880/4880/4880 4882/4882/4882
f 4885/4885/4885 4884/4884/4884 4883/4883/4883
f 4884/4884/4884 4885/4885/4885 4886/4886/4886
f 4887/4887/4887 4884/4884/4884 4886/4886/4886
f 4886/4886/4886 4888/4888/4888 4887/4887/4887
f 4888/4888/4888 4886/4886/4886 4889/4889/4889
f 4886/4886/4886 4890/4890/4890 4889/4889/4889
f 4890/4890/4890 4891/4891/4891 4889/4889/4889
f 4891/4891/4891 4890/4890/4890 4892/4892/4892
f 4890/4890/4890 4893/4893/4893 4892/4892/4892
f 4893/4893/4893 4894/4894/4894 4892/4892/4892
f 4894/4894/4894 4893/4893/4893 4895/4895/4895
f 4893/4893/4893 4896/4896/4896 4895/4895/4895
f 4896/4896/4896 4897/4897/4897 4895/4895/4895
f 4898/4898/4898 4897/4897/4897 4896/4896/4896
f 4896/4896/4896 4899/4899/4899 4898/4898/4898
f 4896/4896/4896 4900/4900/4900 4899/4899/4899
f 4900/4900/4900 4901/4901/4901 4899/4899/4899
f 4896/4896/4896 4902/4902/4902 4900/4900/4900
f 4902/4902/4902 4903/4903/4903 4900/4900/4900
f 4902/4902/4902 4904/4904/4904 4903/4903/4903
f 4904/4904/4904 4902/4902/4902 4905/4905/4905
f 4902/4902/4902 4906/4906/4906 4905/4905/4905
f 4905/4905/4905 4906/4906/4906 4907/4907/4907
f 4906/4906/4906 4908/4908/4908 4907/4907/4907
f 4908/4908/4908 4906/4906/4906 4909/4909/4909
f 4906/4906/4906 4910/4910/4910 4909/4909/4909
f 4909/4909/4909 4910/4910/4910 4911/4911/4911
f 4910/4910/4910 4912/4912/4912 4911/4911/4911
f 4913/4913/4913 4912/4912/4912 4910/4910/4910
f 4914/4914/4914 4913/4913/4913 4910/4910/4910
f 4915/4915/4915 4914/4914/4914 4910/4910/4910
f 4918/4918/4918 4917/4917/4917 4916/4916/4916
f 4919/4919/4919 4918/4918/4918 4916/4916/4916
f 4922/4922/4922 4921/4921/4921 4920/4920/4920
f 4923/4923/4923 4922/4922/4922 4920/4920/4920
f 4926/4926/4926 4925/4925/4925 4924/4924/4924
f 4927/4927/4927 4926/4926/4926 4924/4924/4924
f 4930/4930/4930 4929/4929/4929 4928/4928/4928
f 4931/4931/4931 4930/4930/4930 4928/4928/4928
f 4934/4934/4934 4933/4933/4933 4932/4932/4932
f 4935/4935/4935 4934/4934/4934 4932/4932/4932
f 4938/4938/4938 4937/4937/4937 4936/4936/4936
f 4937/4937/4937 4939/4939/4939 4936/4936/4936
f 4939/4939/4939 4937/4937/4937 4940/4940/4940
f 4939/4939/4939 4940/4940/4940 4941/4941/4941
f 4936/4936/4936 4939/4939/4939 4942/4942/4942
f 4939/4939/4939 4941/4941/4941 4943/4943/4943
f 4939/4939/4939 4944/4944/4944 4942/4942/4942
f 4944/4944/4944 4945/4945/4945 4942/4942/4942
f 4945/4945/4945 4944/4944/4944 4946/4946/4946
f 4943/4943/4943 4947/4947/4947 4939/4939/4939
f 4948/4948/4948 4947/4947/4947 4943/4943/4943
f 4947/4947/4947 4948/4948/4948 4949/4949/4949
f 4944/4944/4944 4950/4950/4950 4946/4946/4946
f 4950/4950/4950 4951/4951/4951 4946/4946/4946
f 4951/4951/4951 4950/4950/4950 4952/4952/4952
f 4950/4950/4950 4953/4953/4953 4952/4952/4952
f 4953/4953/4953 4954/4954/4954 4952/4952/4952
f 4955/4955/4955 4947/4947/4947 4949/4949/4949
f 4956/4956/4956 4955/4955/4955 4949/4949/4949
f 4955/4955/4955 4956/4956/4956 4957/4957/4957
f 4954/4954/4954 4953/4953/4953 4958/4958/4958
f 4959/4959/4959 4955/4955/4955 4957/4957/4957
f 4960/4960/4960 4954/4954/4954 4958/4958/4958
f 4961/4961/4961 4959/4959/4959 4957/4957/4957
f 4959/4959/4959 4961/4961/4961 4962/4962/4962
f 4962/4962/4962 4963/4963/4963 4959/4959/4959
f 4963/4963/4963 4958/4958/4958 4959/4959/4959
f 4964/4964/4964 4960/4960/4960 4958/4958/4958
f 4958/4958/4958 4963/4963/4963 4965/4965/4965
f 4965/4965/4965 4964/4964/4964 4958/4958/4958
f 4968/4968/4968 4967/4967/4967 4966/4966/4966
f 4969/4969/4969 4968/4968/4968 4966/4966/4966
f 4969/4969/4969 4966/4966/4966 4970/4970/4970
f 4971/4971/4971 4969/4969/4969 4970/4970/4970
f 4972/4972/4972 4971/4971/4971 4970/4970/4970
f 27/27/27 4972/4972/4972 4970/4970/4970
f 4969/4969/4969 4973/4973/4973 4968/4968/4968
f 4973/4973/4973 4974/4974/4974 4968/4968/4968
f 4974/4974/4974 4973/4973/4973 4975/4975/4975
f 4976/4976/4976 4972/4972/4972 27/27/27
f 4973/4973/4973 4977/4977/4977 4975/4975/4975
f 4977/4977/4977 4978/4978/4978 4975/4975/4975
f 4978/4978/4978 4977/4977/4977 4979/4979/4979
f 27/27/27 25/25/25 4976/4976/4976
f 25/25/25 4980/4980/4980 4976/4976/4976
f 4976/4976/4976 4980/4980/4980 4981/4981/4981
f 4979/4979/4979 4977/4977/4977 4982/4982/4982
f 4983/4983/4983 4976/4976/4976 4981/4981/4981
f 4982/4982/4982 4984/4984/4984 4979/4979/4979
f 4981/4981/4981 4985/4985/4985 4983/4983/4983
f 4985/4985/4985 4986/4986/4986 4983/4983/4983
f 4983/4983/4983 4986/4986/4986 4987/4987/4987
f 4982/4982/4982 4983/4983/4983 4987/4987/4987
f 4982/4982/4982 4988/4988/4988 4984/4984/4984
f 4989/4989/4989 4982/4982/4982 4987/4987/4987
f 4982/4982/4982 4989/4989/4989 4988/4988/4988
f 4992/4992/4992 4991/4991/4991 4990/4990/4990
f 4991/4991/4991 4992/4992/4992 4993/4993/4993
f 4994/4994/4994 4991/4991/4991 4993/4993/4993
f 4995/4995/4995 4994/4994/4994 4993/4993/4993
f 4994/4994/4994 4995/4995/4995 4996/4996/4996
f 4997/4997/4997 4994/4994/4994 4996/4996/4996
f 4998/4998/4998 4997/4997/4997 4996/4996/4996
f 4997/4997/4997 4998/4998/4998 4999/4999/4999
f 5000/5000/5000 4997/4997/4997 4999/4999/4999
f 5000/5000/5000 4999/4999/4999 5001/5001/5001
f 5002/5002/5002 5000/5000/5000 5001/5001/5001
f 5003/5003/5003 5002/5002/5002 5001/5001/5001
f 5004/5004/5004 5002/5002/5002 5003/5003/5003
f 5005/5005/5005 5004/5004/5004 5003/5003/5003
f 5008/5008/5008 5007/5007/5007 5006/5006/5006
f 5009/5009/5009 5008/5008/5008 5006/5006/5006
f 5012/5012/5012 5011/5011/5011 5010/5010/5010
f 5011/5011/5011 5013/5013/5013 5010/5010/5010
f 5010/5010/5010 5013/5013/5013 5014/5014/5014
f 5015/5015/5015 5010/5010/5010 5014/5014/5014
f 5016/5016/5016 5015/5015/5015 5014/5014/5014
f 5015/5015/5015 5016/5016/5016 5017/5017/5017
f 5018/5018/5018 5015/5015/5015 5017/5017/5017
f 5019/5019/5019 5015/5015/5015 5018/5018/5018
f 5020/5020/5020 5019/5019/5019 5018/5018/5018
f 5019/5019/5019 5020/5020/5020 5021/5021/5021
f 5020/5020/5020 5022/5022/5022 5021/5021/5021
f 5025/5025/5025 5024/5024/5024 5023/5023/5023
f 5026/5026/5026 5025/5025/5025 5023/5023/5023
f 5029/5029/5029 5028/5028/5028 5027/5027/5027
f 5030/5030/5030 5028/5028/5028 5029/5029/5029
f 5031/5031/5031 5030/5030/5030 5029/5029/5029
f 5034/5034/5034 5033/5033/5033 5032/5032/5032
f 5035/5035/5035 5034/5034/5034 5032/5032/5032
f 5038/5038/5038 5037/5037/5037 5036/5036/5036
f 5039/5039/5039 5038/5038/5038 5036/5036/5036
f 5042/5042/5042 5041/5041/5041 5040/5040/5040
f 5042/5042/5042 5043/5043/5043 5041/5041/5041
f 5043/5043/5043 5042/5042/5042 5044/5044/5044
f 5044/5044/5044 5042/5042/5042 5045/5045/5045
f 5042/5042/5042 5046/5046/5046 5045/5045/5045
f 5046/5046/5046 5047/5047/5047 5045/5045/5045
f 5047/5047/5047 5046/5046/5046 5048/5048/5048
f 5046/5046/5046 5049/5049/5049 5048/5048/5048
f 5049/5049/5049 5050/5050/5050 5048/5048/5048
f 5050/5050/5050 5049/5049/5049 5051/5051/5051
f 5049/5049/5049 5052/5052/5052 5051/5051/5051
f 5052/5052/5052 5053/5053/5053 5051/5051/5051
f 5053/5053/5053 5052/5052/5052 5054/5054/5054
f 5055/5055/5055 5053/5053/5053 5054/5054/5054
f 5056/5056/5056 5055/5055/5055 5054/5054/5054
f 5057/5057/5057 5056/5056/5056 5054/5054/5054
f 5054/5054/5054 5058/5058/5058 5057/5057/5057
f 5058/5058/5058 5059/5059/5059 5057/5057/5057
f 5059/5059/5059 5058/5058/5058 5060/5060/5060
f 5058/5058/5058 5061/5061/5061 5060/5060/5060
f 5061/5061/5061 5062/5062/5062 5060/5060/5060
f 5062/5062/5062 5061/5061/5061 5063/5063/5063
f 5061/5061/5061 5064/5064/5064 5063/5063/5063
f 5064/5064/5064 5065/5065/5065 5063/5063/5063
f 5065/5065/5065 5064/5064/5064 5066/5066/5066
f 5069/5069/5069 5068/5068/5068 5067/5067/5067
f 5068/5068/5068 5069/5069/5069 5070/5070/5070
f 5070/5070/5070 5071/5071/5071 5068/5068/5068
f 5070/5070/5070 5072/5072/5072 5071/5071/5071
f 5072/5072/5072 5070/5070/5070 5073/5073/5073
f 5070/5070/5070 5074/5074/5074 5073/5073/5073
f 5074/5074/5074 5075/5075/5075 5073/5073/5073
f 5075/5075/5075 5074/5074/5074 5076/5076/5076
f 5074/5074/5074 5077/5077/5077 5076/5076/5076
f 5077/5077/5077 5078/5078/5078 5076/5076/5076
f 5078/5078/5078 5077/5077/5077 5079/5079/5079
f 5077/5077/5077 5080/5080/5080 5079/5079/5079
f 5080/5080/5080 5081/5081/5081 5079/5079/5079
f 5082/5082/5082 5081/5081/5081 5080/5080/5080
f 5080/5080/5080 5083/5083/5083 5082/5082/5082
f 5080/5080/5080 5084/5084/5084 5083/5083/5083
f 5084/5084/5084 5085/5085/5085 5083/5083/5083
f 5080/5080/5080 5086/5086/5086 5084/5084/5084
f 5086/5086/5086 5087/5087/5087 5084/5084/5084
f 5086/5086/5086 5088/5088/5088 5087/5087/5087
f 5088/5088/5088 5086/5086/5086 5089/5089/5089
f 5086/5086/5086 5090/5090/5090 5089/5089/5089
f 5089/5089/5089 5090/5090/5090 5091/5091/5091
f 5090/5090/5090 5092/5092/5092 5091/5091/5091
f 5092/5092/5092 5090/5090/5090 5093/5093/5093
f 5090/5090/5090 5094/5094/5094 5093/5093/5093
f 5093/5093/5093 5094/5094/5094 5095/5095/5095
f 5094/5094/5094 5096/5096/5096 5095/5095/5095
f 5097/5097/5097 5096/5096/5096 5094/5094/5094
f 5098/5098/5098 5097/5097/5097 5094/5094/5094
f 5099/5099/5099 5098/5098/5098 5094/5094/5094
f 5102/5102/5102 5101/5101/5101 5100/5100/5100
f 5103/5103/5103 5102/5102/5102 5100/5100/5100
f 5106/5106/5106 5105/5105/5105 5104/5104/5104
f 5107/5107/5107 5106/5106/5106 5104/5104/5104
f 5110/5110/5110 5109/5109/5109 5108/5108/5108
f 5111/5111/5111 5110/5110/5110 5108/5108/5108
f 5114/5114/5114 5113/5113/5113 5112/5112/5112
f 5115/5115/5115 5114/5114/5114 5112/5112/5112
f 5118/5118/5118 5117/5117/5117 5116/5116/5116
f 5119/5119/5119 5118/5118/5118 5116/5116/5116
f 5122/5122/5122 5121/5121/5121 5120/5120/5120
f 5123/5123/5123 5122/5122/5122 5120/5120/5120
f 5122/5122/5122 5123/5123/5123 5124/5124/5124
f 5120/5120/5120 5125/5125/5125 5123/5123/5123
f 5123/5123/5123 5126/5126/5126 5124/5124/5124
f 5126/5126/5126 5127/5127/5127 5124/5124/5124
f 5127/5127/5127 5126/5126/5126 5128/5128/5128
f 5125/5125/5125 5120/5120/5120 5129/5129/5129
f 5126/5126/5126 5130/5130/5130 5128/5128/5128
f 5130/5130/5130 5131/5131/5131 5128/5128/5128
f 5131/5131/5131 5130/5130/5130 5132/5132/5132
f 5129/5129/5129 5133/5133/5133 5125/5125/5125
f 5133/5133/5133 5134/5134/5134 5125/5125/5125
f 5134/5134/5134 5135/5135/5135 5125/5125/5125
f 5135/5135/5135 5136/5136/5136 5125/5125/5125
f 5136/5136/5136 5135/5135/5135 5137/5137/5137
f 5132/5132/5132 5130/5130/5130 5138/5138/5138
f 5139/5139/5139 5136/5136/5136 5137/5137/5137
f 5140/5140/5140 5139/5139/5139 5137/5137/5137
f 5139/5139/5139 5140/5140/5140 5141/5141/5141
f 5138/5138/5138 5142/5142/5142 5132/5132/5132
f 5143/5143/5143 5139/5139/5139 5141/5141/5141
f 5144/5144/5144 5143/5143/5143 5141/5141/5141
f 5143/5143/5143 5144/5144/5144 5145/5145/5145
f 5138/5138/5138 5143/5143/5143 5145/5145/5145
f 5138/5138/5138 5146/5146/5146 5142/5142/5142
f 5147/5147/5147 5138/5138/5138 5145/5145/5145
f 5138/5138/5138 5148/5148/5148 5146/5146/5146
f 5148/5148/5148 5138/5138/5138 5147/5147/5147
f 5149/5149/5149 5148/5148/5148 5147/5147/5147
f 5152/5152/5152 5151/5151/5151 5150/5150/5150
f 5153/5153/5153 5152/5152/5152 5150/5150/5150
f 5153/5153/5153 5150/5150/5150 5154/5154/5154
f 5155/5155/5155 5153/5153/5153 5154/5154/5154
f 5156/5156/5156 5155/5155/5155 5154/5154/5154
f 48/48/48 5156/5156/5156 5154/5154/5154
f 5153/5153/5153 5157/5157/5157 5152/5152/5152
f 5157/5157/5157 5158/5158/5158 5152/5152/5152
f 5158/5158/5158 5157/5157/5157 5159/5159/5159
f 5160/5160/5160 5156/5156/5156 48/48/48
f 5157/5157/5157 5161/5161/5161 5159/5159/5159
f 5161/5161/5161 5162/5162/5162 5159/5159/5159
f 5162/5162/5162 5161/5161/5161 5163/5163/5163
f 48/48/48 46/46/46 5160/5160/5160
f 46/46/46 5164/5164/5164 5160/5160/5160
f 5160/5160/5160 5164/5164/5164 5165/5165/5165
f 5163/5163/5163 5161/5161/5161 5166/5166/5166
f 5167/5167/5167 5160/5160/5160 5165/5165/5165
f 5166/5166/5166 5168/5168/5168 5163/5163/5163
f 5165/5165/5165 5169/5169/5169 5167/5167/5167
f 5169/5169/5169 5170/5170/5170 5167/5167/5167
f 5167/5167/5167 5170/5170/5170 5171/5171/5171
f 5166/5166/5166 5167/5167/5167 5171/5171/5171
f 5166/5166/5166 5172/5172/5172 5168/5168/5168
f 5173/5173/5173 5166/5166/5166 5171/5171/5171
f 5166/5166/5166 5173/5173/5173 5172/5172/5172
f 5176/5176/5176 5175/5175/5175 5174/5174/5174
f 5177/5177/5177 5176/5176/5176 5174/5174/5174
f 5176/5176/5176 5177/5177/5177 5178/5178/5178
f 5174/5174/5174 5179/5179/5179 5177/5177/5177
f 5180/5180/5180 5179/5179/5179 5174/5174/5174
f 5179/5179/5179 5180/5180/5180 5181/5181/5181
f 5177/5177/5177 5182/5182/5182 5178/5178/5178
f 5183/5183/5183 5179/5179/5179 5181/5181/5181
f 5184/5184/5184 5183/5183/5183 5181/5181/5181
f 5183/5183/5183 5184/5184/5184 5185/5185/5185
f 5186/5186/5186 5183/5183/5183 5185/5185/5185
f 5186/5186/5186 5185/5185/5185 5187/5187/5187
f 5182/5182/5182 5188/5188/5188 5178/5178/5178
f 5188/5188/5188 5182/5182/5182 5189/5189/5189
f 5189/5189/5189 5182/5182/5182 5190/5190/5190
f 5191/5191/5191 5186/5186/5186 5187/5187/5187
f 5192/5192/5192 5191/5191/5191 5187/5187/5187
f 5191/5191/5191 5192/5192/5192 5193/5193/5193
f 5182/5182/5182 5194/5194/5194 5190/5190/5190
f 5195/5195/5195 5191/5191/5191 5193/5193/5193
f 5196/5196/5196 5195/5195/5195 5193/5193/5193
f 5195/5195/5195 5196/5196/5196 5197/5197/5197
f 5194/5194/5194 5195/5195/5195 5197/5197/5197
f 5194/5194/5194 5198/5198/5198 5190/5190/5190
f 5197/5197/5197 5198/5198/5198 5194/5194/5194
f 5197/5197/5197 5199/5199/5199 5198/5198/5198
f 5202/5202/5202 5201/5201/5201 5200/5200/5200
f 5201/5201/5201 5202/5202/5202 5203/5203/5203
f 5204/5204/5204 5201/5201/5201 5203/5203/5203
f 5205/5205/5205 5204/5204/5204 5203/5203/5203
f 5204/5204/5204 5205/5205/5205 5206/5206/5206
f 5207/5207/5207 5204/5204/5204 5206/5206/5206
f 5208/5208/5208 5207/5207/5207 5206/5206/5206
f 5207/5207/5207 5208/5208/5208 5209/5209/5209
f 5210/5210/5210 5207/5207/5207 5209/5209/5209
f 5210/5210/5210 5209/5209/5209 5211/5211/5211
f 5212/5212/5212 5210/5210/5210 5211/5211/5211
f 5213/5213/5213 5212/5212/5212 5211/5211/5211
f 5214/5214/5214 5212/5212/5212 5213/5213/5213
f 5215/5215/5215 5214/5214/5214 5213/5213/5213
f 5218/5218/5218 5217/5217/5217 5216/5216/5216
f 5219/5219/5219 5218/5218/5218 5216/5216/5216
f 5222/5222/5222 5221/5221/5221 5220/5220/5220
f 5221/5221/5221 5223/5223/5223 5220/5220/5220
f 5220/5220/5220 5223/5223/5223 5224/5224/5224
f 5225/5225/5225 5220/5220/5220 5224/5224/5224
f 5226/5226/5226 5225/5225/5225 5224/5224/5224
f 5225/5225/5225 5226/5226/5226 5227/5227/5227
f 5228/5228/5228 5225/5225/5225 5227/5227/5227
f 5229/5229/5229 5225/5225/5225 5228/5228/5228
f 5230/5230/5230 5229/5229/5229 5228/5228/5228
f 5229/5229/5229 5230/5230/5230 5231/5231/5231
f 5230/5230/5230 5232/5232/5232 5231/5231/5231
f 5235/5235/5235 5234/5234/5234 5233/5233/5233
f 5236/5236/5236 5235/5235/5235 5233/5233/5233
f 5239/5239/5239 5238/5238/5238 5237/5237/5237
f 5238/5238/5238 5239/5239/5239 5240/5240/5240
f 5238/5238/5238 5240/5240/5240 5241/5241/5241
f 5244/5244/5244 5243/5243/5243 5242/5242/5242
f 5245/5245/5245 5244/5244/5244 5242/5242/5242
f 5248/5248/5248 5247/5247/5247 5246/5246/5246
f 5249/5249/5249 5248/5248/5248 5246/5246/5246
f 5252/5252/5252 5251/5251/5251 5250/5250/5250
f 5251/5251/5251 5253/5253/5253 5250/5250/5250
f 5250/5250/5250 5253/5253/5253 5254/5254/5254
f 5250/5250/5250 5254/5254/5254 5255/5255/5255
f 5256/5256/5256 5250/5250/5250 5255/5255/5255
f 5257/5257/5257 5256/5256/5256 5255/5255/5255
f 5256/5256/5256 5257/5257/5257 5258/5258/5258
f 5259/5259/5259 5256/5256/5256 5258/5258/5258
f 5260/5260/5260 5259/5259/5259 5258/5258/5258
f 5259/5259/5259 5260/5260/5260 5261/5261/5261
f 5262/5262/5262 5259/5259/5259 5261/5261/5261
f 5263/5263/5263 5262/5262/5262 5261/5261/5261
f 5262/5262/5262 5263/5263/5263 5264/5264/5264
f 5263/5263/5263 5265/5265/5265 5264/5264/5264
f 5265/5265/5265 5266/5266/5266 5264/5264/5264
f 5266/5266/5266 5267/5267/5267 5264/5264/5264
f 5268/5268/5268 5264/5264/5264 5267/5267/5267
f 5269/5269/5269 5268/5268/5268 5267/5267/5267
f 5268/5268/5268 5269/5269/5269 5270/5270/5270
f 5271/5271/5271 5268/5268/5268 5270/5270/5270
f 5272/5272/5272 5271/5271/5271 5270/5270/5270
f 5271/5271/5271 5272/5272/5272 5273/5273/5273
f 5274/5274/5274 5271/5271/5271 5273/5273/5273
f 5275/5275/5275 5274/5274/5274 5273/5273/5273
f 5274/5274/5274 5275/5275/5275 5276/5276/5276
f 5279/5279/5279 5278/5278/5278 5277/5277/5277
f 5280/5280/5280 5278/5278/5278 5279/5279/5279
f 5280/5280/5280 5279/5279/5279 5281/5281/5281
f 5281/5281/5281 5282/5282/5282 5280/5280/5280
f 5280/5280/5280 5282/5282/5282 5283/5283/5283
f 5284/5284/5284 5280/5280/5280 5283/5283/5283
f 5285/5285/5285 5284/5284/5284 5283/5283/5283
f 5284/5284/5284 5285/5285/5285 5286/5286/5286
f 5287/5287/5287 5284/5284/5284 5286/5286/5286
f 5288/5288/5288 5287/5287/5287 5286/5286/5286
f 5287/5287/5287 5288/5288/5288 5289/5289/5289
f 5290/5290/5290 5287/5287/5287 5289/5289/5289
f 5291/5291/5291 5290/5290/5290 5289/5289/5289
f 5290/5290/5290 5291/5291/5291 5292/5292/5292
f 5292/5292/5292 5293/5293/5293 5290/5290/5290
f 5293/5293/5293 5294/5294/5294 5290/5290/5290
f 5293/5293/5293 5295/5295/5295 5294/5294/5294
f 5296/5296/5296 5290/5290/5290 5294/5294/5294
f 5297/5297/5297 5296/5296/5296 5294/5294/5294
f 5298/5298/5298 5296/5296/5296 5297/5297/5297
f 5296/5296/5296 5298/5298/5298 5299/5299/5299
f 5300/5300/5300 5296/5296/5296 5299/5299/5299
f 5300/5300/5300 5299/5299/5299 5301/5301/5301
f 5302/5302/5302 5300/5300/5300 5301/5301/5301
f 5300/5300/5300 5302/5302/5302 5303/5303/5303
f 5304/5304/5304 5300/5300/5300 5303/5303/5303
f 5304/5304/5304 5303/5303/5303 5305/5305/5305
f 5306/5306/5306 5304/5304/5304 5305/5305/5305
f 5304/5304/5304 5306/5306/5306 5307/5307/5307
f 5304/5304/5304 5307/5307/5307 5308/5308/5308
f 5304/5304/5304 5308/5308/5308 5309/5309/5309
f 5312/5312/5312 5311/5311/5311 5310/5310/5310
f 5313/5313/5313 5312/5312/5312 5310/5310/5310
f 5316/5316/5316 5315/5315/5315 5314/5314/5314
f 5317/5317/5317 5316/5316/5316 5314/5314/5314
f 5320/5320/5320 5319/5319/5319 5318/5318/5318
f 5321/5321/5321 5320/5320/5320 5318/5318/5318
f 5324/5324/5324 5323/5323/5323 5322/5322/5322
f 5325/5325/5325 5324/5324/5324 5322/5322/5322
f 5328/5328/5328 5327/5327/5327 5326/5326/5326
f 5329/5329/5329 5328/5328/5328 5326/5326/5326
f 5332/5332/5332 5331/5331/5331 5330/5330/5330
f 5333/5333/5333 5332/5332/5332 5330/5330/5330
f 5334/5334/5334 5332/5332/5332 5333/5333/5333
f 5335/5335/5335 5334/5334/5334 5333/5333/5333
f 5333/5333/5333 5330/5330/5330 5336/5336/5336
f 5337/5337/5337 5335/5335/5335 5333/5333/5333
f 5338/5338/5338 5333/5333/5333 5336/5336/5336
f 5339/5339/5339 5338/5338/5338 5336/5336/5336
f 5338/5338/5338 5339/5339/5339 5340/5340/5340
f 5333/5333/5333 5341/5341/5341 5337/5337/5337
f 5341/5341/5341 5342/5342/5342 5337/5337/5337
f 5342/5342/5342 5341/5341/5341 5343/5343/5343
f 5344/5344/5344 5338/5338/5338 5340/5340/5340
f 5345/5345/5345 5344/5344/5344 5340/5340/5340
f 5344/5344/5344 5345/5345/5345 5346/5346/5346
f 5347/5347/5347 5344/5344/5344 5346/5346/5346
f 5348/5348/5348 5347/5347/5347 5346/5346/5346
f 5341/5341/5341 5349/5349/5349 5343/5343/5343
f 5349/5349/5349 5350/5350/5350 5343/5343/5343
f 5350/5350/5350 5349/5349/5349 5351/5351/5351
f 5347/5347/5347 5348/5348/5348 5352/5352/5352
f 5349/5349/5349 5353/5353/5353 5351/5351/5351
f 5348/5348/5348 5354/5354/5354 5352/5352/5352
f 5353/5353/5353 5355/5355/5355 5351/5351/5351
f 5356/5356/5356 5355/5355/5355 5353/5353/5353
f 5353/5353/5353 5357/5357/5357 5356/5356/5356
f 5353/5353/5353 5352/5352/5352 5357/5357/5357
f 5352/5352/5352 5354/5354/5354 5358/5358/5358
f 5359/5359/5359 5357/5357/5357 5352/5352/5352
f 5352/5352/5352 5358/5358/5358 5359/5359/5359
f 5362/5362/5362 5361/5361/5361 5360/5360/5360
f 5361/5361/5361 5363/5363/5363 5360/5360/5360
f 5360/5360/5360 5363/5363/5363 5364/5364/5364
f 5363/5363/5363 5365/5365/5365 5364/5364/5364
f 5365/5365/5365 5366/5366/5366 5364/5364/5364
f 5366/5366/5366 71/71/71 5364/5364/5364
f 5367/5367/5367 5363/5363/5363 5361/5361/5361
f 5368/5368/5368 5367/5367/5367 5361/5361/5361
f 5367/5367/5367 5368/5368/5368 5369/5369/5369
f 71/71/71 5366/5366/5366 5370/5370/5370
f 5371/5371/5371 5367/5367/5367 5369/5369/5369
f 5372/5372/5372 5371/5371/5371 5369/5369/5369
f 5371/5371/5371 5372/5372/5372 5373/5373/5373
f 5370/5370/5370 70/70/70 71/71/71
f 5370/5370/5370 5374/5374/5374 70/70/70
f 5374/5374/5374 5370/5370/5370 5375/5375/5375
f 5376/5376/5376 5371/5371/5371 5373/5373/5373
f 5375/5375/5375 5370/5370/5370 5377/5377/5377
f 5373/5373/5373 5378/5378/5378 5376/5376/5376
f 5377/5377/5377 5379/5379/5379 5375/5375/5375
f 5377/5377/5377 5380/5380/5380 5379/5379/5379
f 5380/5380/5380 5377/5377/5377 5381/5381/5381
f 5377/5377/5377 5376/5376/5376 5381/5381/5381
f 5378/5378/5378 5382/5382/5382 5376/5376/5376
f 5376/5376/5376 5383/5383/5383 5381/5381/5381
f 5383/5383/5383 5376/5376/5376 5382/5382/5382
f 5386/5386/5386 5385/5385/5385 5384/5384/5384
f 5385/5385/5385 5386/5386/5386 5387/5387/5387
f 5386/5386/5386 5388/5388/5388 5387/5387/5387
f 5388/5388/5388 5389/5389/5389 5387/5387/5387
f 5389/5389/5389 5388/5388/5388 5390/5390/5390
f 5388/5388/5388 5391/5391/5391 5390/5390/5390
f 5391/5391/5391 5392/5392/5392 5390/5390/5390
f 5392/5392/5392 5391/5391/5391 5393/5393/5393
f 5391/5391/5391 5394/5394/5394 5393/5393/5393
f 5393/5393/5393 5394/5394/5394 5395/5395/5395
f 5394/5394/5394 5396/5396/5396 5395/5395/5395
f 5396/5396/5396 5397/5397/5397 5395/5395/5395
f 5396/5396/5396 5398/5398/5398 5397/5397/5397
f 5398/5398/5398 5399/5399/5399 5397/5397/5397
f 5402/5402/5402 5401/5401/5401 5400/5400/5400
f 5403/5403/5403 5402/5402/5402 5400/5400/5400
f 5406/5406/5406 5405/5405/5405 5404/5404/5404
f 5406/5406/5406 5407/5407/5407 5405/5405/5405
f 5407/5407/5407 5406/5406/5406 5408/5408/5408
f 5406/5406/5406 5409/5409/5409 5408/5408/5408
f 5409/5409/5409 5410/5410/5410 5408/5408/5408
f 5410/5410/5410 5409/5409/5409 5411/5411/5411
f 5409/5409/5409 5412/5412/5412 5411/5411/5411
f 5409/5409/5409 5413/5413/5413 5412/5412/5412
f 5413/5413/5413 5414/5414/5414 5412/5412/5412
f 5414/5414/5414 5413/5413/5413 5415/5415/5415
f 5416/5416/5416 5414/5414/5414 5415/5415/5415
f 5419/5419/5419 5418/5418/5418 5417/5417/5417
f 5418/5418/5418 5419/5419/5419 5420/5420/5420
f 5421/5421/5421 5419/5419/5419 5417/5417/5417
f 5422/5422/5422 5421/5421/5421 5417/5417/5417
f 5421/5421/5421 5422/5422/5422 5423/5423/5423
f 5419/5419/5419 5424/5424/5424 5420/5420/5420
f 5424/5424/5424 5425/5425/5425 5420/5420/5420
f 5425/5425/5425 5424/5424/5424 5426/5426/5426
f 5423/5423/5423 5427/5427/5427 5421/5421/5421
f 5423/5423/5423 5428/5428/5428 5427/5427/5427
f 5427/5427/5427 5428/5428/5428 5429/5429/5429
f 5424/5424/5424 5430/5430/5430 5426/5426/5426
f 5431/5431/5431 5427/5427/5427 5429/5429/5429
f 5432/5432/5432 5431/5431/5431 5429/5429/5429
f 5431/5431/5431 5432/5432/5432 5433/5433/5433
f 5430/5430/5430 5434/5434/5434 5426/5426/5426
f 5434/5434/5434 5430/5430/5430 5435/5435/5435
f 5435/5435/5435 5430/5430/5430 5436/5436/5436
f 5437/5437/5437 5431/5431/5431 5433/5433/5433
f 5430/5430/5430 5438/5438/5438 5436/5436/5436
f 5438/5438/5438 5439/5439/5439 5436/5436/5436
f 5439/5439/5439 5438/5438/5438 5440/5440/5440
f 5438/5438/5438 5437/5437/5437 5440/5440/5440
f 5437/5437/5437 5433/5433/5433 5441/5441/5441
f 5437/5437/5437 5442/5442/5442 5440/5440/5440
f 5441/5441/5441 5442/5442/5442 5437/5437/5437
f 5445/5445/5445 5444/5444/5444 5443/5443/5443
f 5444/5444/5444 5445/5445/5445 5446/5446/5446
f 5447/5447/5447 5445/5445/5445 5443/5443/5443
f 5448/5448/5448 5447/5447/5447 5443/5443/5443
f 5445/5445/5445 5449/5449/5449 5446/5446/5446
f 5449/5449/5449 5450/5450/5450 5446/5446/5446
f 5450/5450/5450 5449/5449/5449 5451/5451/5451
f 5452/5452/5452 5447/5447/5447 5448/5448/5448
f 5453/5453/5453 5452/5452/5452 5448/5448/5448
f 5452/5452/5452 5453/5453/5453 5454/5454/5454
f 5451/5451/5451 5449/5449/5449 5455/5455/5455
f 5456/5456/5456 5452/5452/5452 5454/5454/5454
f 5457/5457/5457 5456/5456/5456 5454/5454/5454
f 5456/5456/5456 5457/5457/5457 5458/5458/5458
f 5459/5459/5459 5451/5451/5451 5455/5455/5455
f 5455/5455/5455 5460/5460/5460 5459/5459/5459
f 5460/5460/5460 5455/5455/5455 5461/5461/5461
f 5462/5462/5462 5456/5456/5456 5458/5458/5458
f 5455/5455/5455 5463/5463/5463 5461/5461/5461
f 5462/5462/5462 5458/5458/5458 5464/5464/5464
f 5464/5464/5464 5465/5465/5465 5462/5462/5462
f 5462/5462/5462 5465/5465/5465 5466/5466/5466
f 5463/5463/5463 5462/5462/5462 5466/5466/5466
f 5463/5463/5463 5467/5467/5467 5461/5461/5461
f 5468/5468/5468 5463/5463/5463 5466/5466/5466
f 5463/5463/5463 5468/5468/5468 5467/5467/5467
f 5471/5471/5471 5470/5470/5470 5469/5469/5469
f 5470/5470/5470 5471/5471/5471 5472/5472/5472
f 5470/5470/5470 5473/5473/5473 5469/5469/5469
f 5473/5473/5473 5474/5474/5474 5469/5469/5469
f 5475/5475/5475 5470/5470/5470 5472/5472/5472
f 5476/5476/5476 5475/5475/5475 5472/5472/5472
f 5475/5475/5475 5476/5476/5476 5477/5477/5477
f 5474/5474/5474 5473/5473/5473 5478/5478/5478
f 5479/5479/5479 5475/5475/5475 5477/5477/5477
f 5478/5478/5478 5480/5480/5480 5474/5474/5474
f 5480/5480/5480 5478/5478/5478 5481/5481/5481
f 5481/5481/5481 5478/5478/5478 5482/5482/5482
f 5483/5483/5483 5479/5479/5479 5477/5477/5477
f 5479/5479/5479 5483/5483/5483 5484/5484/5484
f 5479/5479/5479 5484/5484/5484 5485/5485/5485
f 5478/5478/5478 5486/5486/5486 5482/5482/5482
f 5486/5486/5486 5487/5487/5487 5482/5482/5482
f 5487/5487/5487 5486/5486/5486 5488/5488/5488
f 5489/5489/5489 5479/5479/5479 5485/5485/5485
f 5490/5490/5490 5489/5489/5489 5485/5485/5485
f 5489/5489/5489 5490/5490/5490 5491/5491/5491
f 5488/5488/5488 5486/5486/5486 5492/5492/5492
f 5492/5492/5492 5489/5489/5489 5491/5491/5491
f 5492/5492/5492 5493/5493/5493 5488/5488/5488
f 5494/5494/5494 5492/5492/5492 5491/5491/5491
f 5492/5492/5492 5494/5494/5494 5493/5493/5493
f 5497/5497/5497 5496/5496/5496 5495/5495/5495
f 5496/5496/5496 5497/5497/5497 5498/5498/5498
f 5496/5496/5496 5499/5499/5499 5495/5495/5495
f 5499/5499/5499 5500/5500/5500 5495/5495/5495
f 5501/5501/5501 5496/5496/5496 5498/5498/5498
f 5502/5502/5502 5501/5501/5501 5498/5498/5498
f 5501/5501/5501 5502/5502/5502 5503/5503/5503
f 5500/5500/5500 5499/5499/5499 5504/5504/5504
f 5505/5505/5505 5501/5501/5501 5503/5503/5503
f 5506/5506/5506 5500/5500/5500 5504/5504/5504
f 5504/5504/5504 5507/5507/5507 5506/5506/5506
f 5507/5507/5507 5504/5504/5504 5508/5508/5508
f 5509/5509/5509 5505/5505/5505 5503/5503/5503
f 5505/5505/5505 5509/5509/5509 5510/5510/5510
f 5505/5505/5505 5510/5510/5510 5511/5511/5511
f 5504/5504/5504 5512/5512/5512 5508/5508/5508
f 5512/5512/5512 5513/5513/5513 5508/5508/5508
f 5513/5513/5513 5512/5512/5512 5514/5514/5514
f 5515/5515/5515 5505/5505/5505 5511/5511/5511
f 5516/5516/5516 5515/5515/5515 5511/5511/5511
f 5515/5515/5515 5516/5516/5516 5517/5517/5517
f 5514/5514/5514 5512/5512/5512 5518/5518/5518
f 5518/5518/5518 5515/5515/5515 5517/5517/5517
f 5519/5519/5519 5514/5514/5514 5518/5518/5518
f 5520/5520/5520 5518/5518/5518 5517/5517/5517
f 5518/5518/5518 5520/5520/5520 5519/5519/5519
f 5523/5523/5523 5522/5522/5522 5521/5521/5521
f 5522/5522/5522 5523/5523/5523 5524/5524/5524
f 5522/5522/5522 5525/5525/5525 5521/5521/5521
f 5525/5525/5525 5526/5526/5526 5521/5521/5521
f 5527/5527/5527 5522/5522/5522 5524/5524/5524
f 5528/5528/5528 5527/5527/5527 5524/5524/5524
f 5527/5527/5527 5528/5528/5528 5529/5529/5529
f 5525/5525/5525 5530/5530/5530 5526/5526/5526
f 5530/5530/5530 5531/5531/5531 5526/5526/5526
f 5531/5531/5531 5530/5530/5530 5532/5532/5532
f 5533/5533/5533 5527/5527/5527 5529/5529/5529
f 5530/5530/5530 5534/5534/5534 5532/5532/5532
f 5534/5534/5534 5535/5535/5535 5532/5532/5532
f 5535/5535/5535 5534/5534/5534 5536/5536/5536
f 5533/5533/5533 5529/5529/5529 5537/5537/5537
f 5537/5537/5537 5538/5538/5538 5533/5533/5533
f 5533/5533/5533 5538/5538/5538 5539/5539/5539
f 5536/5536/5536 5534/5534/5534 5540/5540/5540
f 5541/5541/5541 5533/5533/5533 5539/5539/5539
f 5542/5542/5542 5536/5536/5536 5540/5540/5540
f 5540/5540/5540 5543/5543/5543 5542/5542/5542
f 5543/5543/5543 5540/5540/5540 5544/5544/5544
f 5540/5540/5540 5541/5541/5541 5544/5544/5544
f 5545/5545/5545 5541/5541/5541 5539/5539/5539
f 5541/5541/5541 5546/5546/5546 5544/5544/5544
f 5546/5546/5546 5541/5541/5541 5545/5545/5545
f 5549/5549/5549 5548/5548/5548 5547/5547/5547
f 5548/5548/5548 5549/5549/5549 5550/5550/5550
f 5551/5551/5551 5549/5549/5549 5547/5547/5547
f 5552/5552/5552 5551/5551/5551 5547/5547/5547
f 5549/5549/5549 5553/5553/5553 5550/5550/5550
f 5553/5553/5553 5554/5554/5554 5550/5550/5550
f 5554/5554/5554 5553/5553/5553 5555/5555/5555
f 5556/5556/5556 5551/5551/5551 5552/5552/5552
f 5553/5553/5553 5557/5557/5557 5555/5555/5555
f 5552/5552/5552 5558/5558/5558 5556/5556/5556
f 5558/5558/5558 5559/5559/5559 5556/5556/5556
f 5556/5556/5556 5559/5559/5559 5560/5560/5560
f 5557/5557/5557 5561/5561/5561 5555/5555/5555
f 5561/5561/5561 5557/5557/5557 5562/5562/5562
f 5562/5562/5562 5557/5557/5557 5563/5563/5563
f 5564/5564/5564 5556/5556/5556 5560/5560/5560
f 5565/5565/5565 5564/5564/5564 5560/5560/5560
f 5564/5564/5564 5565/5565/5565 5566/5566/5566
f 5557/5557/5557 5567/5567/5567 5563/5563/5563
f 5567/5567/5567 5568/5568/5568 5563/5563/5563
f 5568/5568/5568 5567/5567/5567 5569/5569/5569
f 5570/5570/5570 5564/5564/5564 5566/5566/5566
f 5567/5567/5567 5570/5570/5570 5569/5569/5569
f 5566/5566/5566 5571/5571/5571 5570/5570/5570
f 5570/5570/5570 5572/5572/5572 5569/5569/5569
f 5571/5571/5571 5572/5572/5572 5570/5570/5570
f 5575/5575/5575 5574/5574/5574 5573/5573/5573
f 5576/5576/5576 5575/5575/5575 5573/5573/5573
f 5573/5573/5573 5574/5574/5574 5577/5577/5577
f 5578/5578/5578 5575/5575/5575 5576/5576/5576
f 5574/5574/5574 5579/5579/5579 5577/5577/5577
f 5580/5580/5580 5578/5578/5578 5576/5576/5576
f 5577/5577/5577 5579/5579/5579 5581/5581/5581
f 5582/5582/5582 5578/5578/5578 5580/5580/5580
f 5579/5579/5579 5583/5583/5583 5581/5581/5581
f 5584/5584/5584 5582/5582/5582 5580/5580/5580
f 5581/5581/5581 5583/5583/5583 5585/5585/5585
f 5586/5586/5586 5582/5582/5582 5584/5584/5584
f 5583/5583/5583 5587/5587/5587 5585/5585/5585
f 5588/5588/5588 5586/5586/5586 5584/5584/5584
f 5585/5585/5585 5587/5587/5587 5588/5588/5588
f 5587/5587/5587 5586/5586/5586 5588/5588/5588
f 5591/5591/5591 5590/5590/5590 5589/5589/5589
f 5590/5590/5590 5592/5592/5592 5589/5589/5589
f 5593/5593/5593 5590/5590/5590 5591/5591/5591
f 5589/5589/5589 5592/5592/5592 5594/5594/5594
f 5595/5595/5595 5593/5593/5593 5591/5591/5591
f 5592/5592/5592 5596/5596/5596 5594/5594/5594
f 5597/5597/5597 5593/5593/5593 5595/5595/5595
f 5594/5594/5594 5596/5596/5596 5598/5598/5598
f 5599/5599/5599 5597/5597/5597 5595/5595/5595
f 5596/5596/5596 5600/5600/5600 5598/5598/5598
f 5601/5601/5601 5597/5597/5597 5599/5599/5599
f 5598/5598/5598 5600/5600/5600 5602/5602/5602
f 5603/5603/5603 5601/5601/5601 5599/5599/5599
f 5600/5600/5600 5604/5604/5604 5602/5602/5602
f 5604/5604/5604 5601/5601/5601 5603/5603/5603
f 5602/5602/5602 5604/5604/5604 5603/5603/5603
f 5607/5607/5607 5606/5606/5606 5605/5605/5605
f 5606/5606/5606 5608/5608/5608 5605/5605/5605
f 5609/5609/5609 5606/5606/5606 5607/5607/5607
f 5605/5605/5605 5608/5608/5608 5610/5610/5610
f 5611/5611/5611 5609/5609/5609 5607/5607/5607
f 5608/5608/5608 5612/5612/5612 5610/5610/5610
f 5613/5613/5613 5609/5609/5609 5611/5611/5611
f 5610/5610/5610 5612/5612/5612 5614/5614/5614
f 5615/5615/5615 5613/5613/5613 5611/5611/5611
f 5612/5612/5612 5616/5616/5616 5614/5614/5614
f 5617/5617/5617 5613/5613/5613 5615/5615/5615
f 5614/5614/5614 5616/5616/5616 5618/5618/5618
f 5619/5619/5619 5617/5617/5617 5615/5615/5615
f 5616/5616/5616 5620/5620/5620 5618/5618/5618
f 5620/5620/5620 5617/5617/5617 5619/5619/5619
f 5618/5618/5618 5620/5620/5620 5619/5619/5619
f 5623/5623/5623 5622/5622/5622 5621/5621/5621
f 5624/5624/5624 5623/5623/5623 5621/5621/5621
f 5621/5621/5621 5622/5622/5622 5625/5625/5625
f 5626/5626/5626 5623/5623/5623 5624/5624/5624
f 5622/5622/5622 5627/5627/5627 5625/5625/5625
f 5628/5628/5628 5626/5626/5626 5624/5624/5624
f 5625/5625/5625 5627/5627/5627 5629/5629/5629
f 5630/5630/5630 5626/5626/5626 5628/5628/5628
f 5627/5627/5627 5631/5631/5631 5629/5629/5629
f 5632/5632/5632 5630/5630/5630 5628/5628/5628
f 5629/5629/5629 5631/5631/5631 5633/5633/5633
f 5634/5634/5634 5630/5630/5630 5632/5632/5632
f 5631/5631/5631 5635/5635/5635 5633/5633/5633
f 5636/5636/5636 5634/5634/5634 5632/5632/5632
f 5633/5633/5633 5635/5635/5635 5636/5636/5636
f 5635/5635/5635 5634/5634/5634 5636/5636/5636
f 5639/5639/5639 5638/5638/5638 5637/5637/5637
f 5640/5640/5640 5639/5639/5639 5637/5637/5637
f 5637/5637/5637 5638/5638/5638 5641/5641/5641
f 5642/5642/5642 5639/5639/5639 5640/5640/5640
f 5638/5638/5638 5643/5643/5643 5641/5641/5641
f 5644/5644/5644 5642/5642/5642 5640/5640/5640
f 5641/5641/5641 5643/5643/5643 5645/5645/5645
f 5646/5646/5646 5642/5642/5642 5644/5644/5644
f 5643/5643/5643 5647/5647/5647 5645/5645/5645
f 5648/5648/5648 5646/5646/5646 5644/5644/5644
f 5645/5645/5645 5647/5647/5647 5649/5649/5649
f 5650/5650/5650 5646/5646/5646 5648/5648/5648
f 5647/5647/5647 5651/5651/5651 5649/5649/5649
f 5652/5652/5652 5650/5650/5650 5648/5648/5648
f 5649/5649/5649 5651/5651/5651 5652/5652/5652
f 5651/5651/5651 5650/5650/5650 5652/5652/5652
f 5655/5655/5655 5654/5654/5654 5653/5653/5653
f 5656/5656/5656 5655/5655/5655 5653/5653/5653
f 5653/5653/5653 5654/5654/5654 5657/5657/5657
f 5658/5658/5658 5655/5655/5655 5656/5656/5656
f 5654/5654/5654 5659/5659/5659 5657/5657/5657
f 5660/5660/5660 5658/5658/5658 5656/5656/5656
f 5657/5657/5657 5659/5659/5659 5661/5661/5661
f 5662/5662/5662 5658/5658/5658 5660/5660/5660
f 5659/5659/5659 5663/5663/5663 5661/5661/5661
f 5664/5664/5664 5662/5662/5662 5660/5660/5660
f 5661/5661/5661 5663/5663/5663 5665/5665/5665
f 5666/5666/5666 5662/5662/5662 5664/5664/5664
f 5663/5663/5663 5667/5667/5667 5665/5665/5665
f 5668/5668/5668 5666/5666/5666 5664/5664/5664
f 5665/5665/5665 5667/5667/5667 5668/5668/5668
f 5667/5667/5667 5666/5666/5666 5668/5668/5668
f 5671/5671/5671 5670/5670/5670 5669/5669/5669
f 5672/5672/5672 5671/5671/5671 5669/5669/5669
f 5669/5669/5669 5670/5670/5670 5673/5673/5673
f 5674/5674/5674 5671/5671/5671 5672/5672/5672
f 5670/5670/5670 5675/5675/5675 5673/5673/5673
f 5676/5676/5676 5674/5674/5674 5672/5672/5672
f 5673/5673/5673 5675/5675/5675 5677/5677/5677
f 5678/5678/5678 5674/5674/5674 5676/5676/5676
f 5675/5675/5675 5679/5679/5679 5677/5677/5677
f 5680/5680/5680 5678/5678/5678 5676/5676/5676
f 5677/5677/5677 5679/5679/5679 5681/5681/5681
f 5682/5682/5682 5678/5678/5678 5680/5680/5680
f 5679/5679/5679 5683/5683/5683 5681/5681/5681
f 5684/5684/5684 5682/5682/5682 5680/5680/5680
f 5681/5681/5681 5683/5683/5683 5684/5684/5684
f 5683/5683/5683 5682/5682/5682 5684/5684/5684
f 5687/5687/5687 5686/5686/5686 5685/5685/5685
f 5686/5686/5686 5688/5688/5688 5685/5685/5685
f 5689/5689/5689 5686/5686/5686 5687/5687/5687
f 5685/5685/5685 5688/5688/5688 5690/5690/5690
f 5691/5691/5691 5689/5689/5689 5687/5687/5687
f 5688/5688/5688 5692/5692/5692 5690/5690/5690
f 5693/5693/5693 5689/5689/5689 5691/5691/5691
f 5690/5690/5690 5692/5692/5692 5694/5694/5694
f 5695/5695/5695 5693/5693/5693 5691/5691/5691
f 5692/5692/5692 5696/5696/5696 5694/5694/5694
f 5697/5697/5697 5693/5693/5693 5695/5695/5695
f 5694/5694/5694 5696/5696/5696 5698/5698/5698
f 5699/5699/5699 5697/5697/5697 5695/5695/5695
f 5696/5696/5696 5700/5700/5700 5698/5698/5698
f 5700/5700/5700 5697/5697/5697 5699/5699/5699
f 5698/5698/5698 5700/5700/5700 5699/5699/5699
f 5703/5703/5703 5702/5702/5702 5701/5701/5701
f 5702/5702/5702 5704/5704/5704 5701/5701/5701
f 5705/5705/5705 5702/5702/5702 5703/5703/5703
f 5701/5701/5701 5704/5704/5704 5706/5706/5706
f 5707/5707/5707 5705/5705/5705 5703/5703/5703
f 5704/5704/5704 5708/5708/5708 5706/5706/5706
f 5709/5709/5709 5705/5705/5705 5707/5707/5707
f 5706/5706/5706 5708/5708/5708 5710/5710/5710
f 5711/5711/5711 5709/5709/5709 5707/5707/5707
f 5708/5708/5708 5712/5712/5712 5710/5710/5710
f 5713/5713/5713 5709/5709/5709 5711/5711/5711
f 5710/5710/5710 5712/5712/5712 5714/5714/5714
f 5715/5715/5715 5713/5713/5713 5711/5711/5711
f 5712/5712/5712 5716/5716/5716 5714/5714/5714
f 5716/5716/5716 5713/5713/5713 5715/5715/5715
f 5714/5714/5714 5716/5716/5716 5715/5715/5715
f 5719/5719/5719 5718/5718/5718 5717/5717/5717
f 5720/5720/5720 5719/5719/5719 5717/5717/5717
f 5717/5717/5717 5718/5718/5718 5721/5721/5721
f 5722/5722/5722 5719/5719/5719 5720/5720/5720
f 5718/5718/5718 5723/5723/5723 5721/5721/5721
f 5724/5724/5724 5722/5722/5722 5720/5720/5720
f 5721/5721/5721 5723/5723/5723 5725/5725/5725
f 5726/5726/5726 5722/5722/5722 5724/5724/5724
f 5723/5723/5723 5727/5727/5727 5725/5725/5725
f 5728/5728/5728 5726/5726/5726 5724/5724/5724
f 5725/5725/5725 5727/5727/5727 5729/5729/5729
f 5730/5730/5730 5726/5726/5726 5728/5728/5728
f 5727/5727/5727 5731/5731/5731 5729/5729/5729
f 5732/5732/5732 5730/5730/5730 5728/5728/5728
f 5729/5729/5729 5731/5731/5731 5732/5732/5732
f 5731/5731/5731 5730/5730/5730 5732/5732/5732
f 5735/5735/5735 5734/5734/5734 5733/5733/5733
f 5734/5734/5734 5736/5736/5736 5733/5733/5733
f 5737/5737/5737 5734/5734/5734 5735/5735/5735
f 5733/5733/5733 5736/5736/5736 5738/5738/5738
f 5739/5739/5739 5737/5737/5737 5735/5735/5735
f 5736/5736/5736 5740/5740/5740 5738/5738/5738
f 5741/5741/5741 5737/5737/5737 5739/5739/5739
f 5738/5738/5738 5740/5740/5740 5742/5742/5742
f 5743/5743/5743 5741/5741/5741 5739/5739/5739
f 5740/5740/5740 5744/5744/5744 5742/5742/5742
f 5745/5745/5745 5741/5741/5741 5743/5743/5743
f 5742/5742/5742 5744/5744/5744 5746/5746/5746
f 5747/5747/5747 5745/5745/5745 5743/5743/5743
f 5744/5744/5744 5748/5748/5748 5746/5746/5746
f 5748/5748/5748 5745/5745/5745 5747/5747/5747
f 5746/5746/5746 5748/5748/5748 5747/5747/5747
f 5751/5751/5751 5750/5750/5750 5749/5749/5749
f 5750/5750/5750 5752/5752/5752 5749/5749/5749
f 5753/5753/5753 5750/5750/5750 5751/5751/5751
f 5749/5749/5749 5752/5752/5752 5754/5754/5754
f 5755/5755/5755 5753/5753/5753 5751/5751/5751
f 5752/5752/5752 5756/5756/5756 5754/5754/5754
f 5757/5757/5757 5753/5753/5753 5755/5755/5755
f 5754/5754/5754 5756/5756/5756 5758/5758/5758
f 5759/5759/5759 5757/5757/5757 5755/5755/5755
f 5756/5756/5756 5760/5760/5760 5758/5758/5758
f 5761/5761/5761 5757/5757/5757 5759/5759/5759
f 5758/5758/5758 5760/5760/5760 5762/5762/5762
f 5763/5763/5763 5761/5761/5761 5759/5759/5759
f 5760/5760/5760 5764/5764/5764 5762/5762/5762
f 5764/5764/5764 5761/5761/5761 5763/5763/5763
f 5762/5762/5762 5764/5764/5764 5763/5763/5763
f 5767/5767/5767 5766/5766/5766 5765/5765/5765
f 5766/5766/5766 5768/5768/5768 5765/5765/5765
f 5769/5769/5769 5766/5766/5766 5767/5767/5767
f 5765/5765/5765 5768/5768/5768 5770/5770/5770
f 5771/5771/5771 5769/5769/5769 5767/5767/5767
f 5768/5768/5768 5772/5772/5772 5770/5770/5770
f 5773/5773/5773 5769/5769/5769 5771/5771/5771
f 5770/5770/5770 5772/5772/5772 5774/5774/5774
f 5775/5775/5775 5773/5773/5773 5771/5771/5771
f 5772/5772/5772 5776/5776/5776 5774/5774/5774
f 5777/5777/5777 5773/5773/5773 5775/5775/5775
f 5774/5774/5774 5776/5776/5776 5778/5778/5778
f 5779/5779/5779 5777/5777/5777 5775/5775/5775
f 5776/5776/5776 5780/5780/5780 5778/5778/5778
f 5780/5780/5780 5777/5777/5777 5779/5779/5779
f 5778/5778/5778 5780/5780/5780 5779/5779/5779
f 5783/5783/5783 5782/5782/5782 5781/5781/5781
f 5782/5782/5782 5784/5784/5784 5781/5781/5781
f 5785/5785/5785 5782/5782/5782 5783/5783/5783
f 5781/5781/5781 5784/5784/5784 5786/5786/5786
f 5787/5787/5787 5785/5785/5785 5783/5783/5783
f 5784/5784/5784 5788/5788/5788 5786/5786/5786
f 5789/5789/5789 5785/5785/5785 5787/5787/5787
f 5786/5786/5786 5788/5788/5788 5790/5790/5790
f 5791/5791/5791 5789/5789/5789 5787/5787/5787
f 5788/5788/5788 5792/5792/5792 5790/5790/5790
f 5793/5793/5793 5789/5789/5789 5791/5791/5791
f 5790/5790/5790 5792/5792/5792 5794/5794/5794
f 5795/5795/5795 5793/5793/5793 5791/5791/5791
f 5792/5792/5792 5796/5796/5796 5794/5794/5794
f 5796/5796/5796 5793/5793/5793 5795/5795/5795
f 5794/5794/5794 5796/5796/5796 5795/5795/5795
f 5799/5799/5799 5798/5798/5798 5797/5797/5797
f 5798/5798/5798 5800/5800/5800 5797/5797/5797
f 5801/5801/5801 5798/5798/5798 5799/5799/5799
f 5797/5797/5797 5800/5800/5800 5802/5802/5802
f 5803/5803/5803 5801/5801/5801 5799/5799/5799
f 5800/5800/5800 5804/5804/5804 5802/5802/5802
f 5805/5805/5805 5801/5801/5801 5803/5803/5803
f 5802/5802/5802 5804/5804/5804 5806/5806/5806
f 5807/5807/5807 5805/5805/5805 5803/5803/5803
f 5804/5804/5804 5808/5808/5808 5806/5806/5806
f 5809/5809/5809 5805/5805/5805 5807/5807/5807
f 5806/5806/5806 5808/5808/5808 5810/5810/5810
f 5811/5811/5811 5809/5809/5809 5807/5807/5807
f 5808/5808/5808 5812/5812/5812 5810/5810/5810
f 5812/5812/5812 5809/5809/5809 5811/5811/5811
f 5810/5810/5810 5812/5812/5812 5811/5811/5811
f 5815/5815/5815 5814/5814/5814 5813/5813/5813
f 5814/5814/5814 5816/5816/5816 5813/5813/5813
f 5817/5817/5817 5814/5814/5814 5815/5815/5815
f 5813/5813/5813 5816/5816/5816 5818/5818/5818
f 5819/5819/5819 5817/5817/5817 5815/5815/5815
f 5816/5816/5816 5820/5820/5820 5818/5818/5818
f 5821/5821/5821 5817/5817/5817 5819/5819/5819
f 5818/5818/5818 5820/5820/5820 5822/5822/5822
f 5823/5823/5823 5821/5821/5821 5819/5819/5819
f 5820/5820/5820 5824/5824/5824 5822/5822/5822
f 5825/5825/5825 5821/5821/5821 5823/5823/5823
f 5822/5822/5822 5824/5824/5824 5826/5826/5826
f 5827/5827/5827 5825/5825/5825 5823/5823/5823
f 5824/5824/5824 5828/5828/5828 5826/5826/5826
f 5828/5828/5828 5825/5825/5825 5827/5827/5827
f 5826/5826/5826 5828/5828/5828 5827/5827/5827
