g Helm.004
v -0 -0.000360979553 0.0201608967
v -7.59473114E-05 -0.000582046108 0.0201541856
v -0 -0.000600113883 0.0201555584
v -0 -0.000360979553 0.0201608967
v -0.000183322438 -0.000530593563 0.0201502778
v -7.59473114E-05 -0.000582046108 0.0201541856
v -0 -0.000360979553 0.0201608967
v -0.000222912553 -0.000453589135 0.0201444235
v -0.000183322438 -0.000530593563 0.0201502778
v -0.000795256579 -0.000186487858 0.0190457869
v -0.000774200365 -0.000439632859 0.0192492288
v -0.000805729243 1.68747447E-05 0.0192245338
v -0 -0.000360979553 0.0201608967
v -0.000236814856 -0.000362756196 0.0201375168
v -0.000222912553 -0.000453589135 0.0201444235
v -0 -0.000360979553 0.0201608967
v -0.000222912553 -0.000271923345 0.0201306175
v -0.000236814856 -0.000362756196 0.0201375168
v -0 -0.000360979553 0.0201608967
v -0.000183322438 -0.000194918917 0.0201247633
v -0.000222912553 -0.000271923345 0.0201306175
v -0 -0.000360979553 0.0201608967
v -7.59470131E-05 -0.000143466314 0.0201208554
v -0.000183322438 -0.000194918917 0.0201247633
v -0 -0.000360979553 0.0201608967
v -0 -0.000125398423 0.0201194808
v -7.59470131E-05 -0.000143466314 0.0201208554
v -0.000532100035 -0.00156086741 0.0190534536
v -0.000680239755 -0.00135965704 0.0190476254
v -0.000727247447 -0.00137837231 0.019056594
v -0.000561092107 -0.00159471482 0.0190290548
v -0.000532100035 -0.00156086741 0.0190534536
v -0.000727247447 -0.00137837231 0.019056594
v -0 -0.00177490292 0.01831601
v -8.69259093E-05 -0.00175235479 0.0189346578
v -0.000106855972 -0.00173079188 0.0188680198
v -0.000721366552 -0.00113850005 0.0175854508
v -0.000643097097 -0.00141930871 0.0174072068
v -0.000602267217 -0.00141068525 0.0176334679
v -0.000725057733 -0.00109606946 0.0177348703
v -0.000796085049 -0.000784474309 0.0179158151
v -0.000933650997 -0.000667589891 0.0178159159
v -0.000504405703 -0.00160443911 0.0184118319
v -0.000540432462 -0.001625565 0.0186016392
v -0.000612762175 -0.00148367858 0.0186168198
v -0.000855338527 -0.00104459096 0.0195932109
v -0.000816588814 -0.00106897228 0.0195437409
v -0.000702054065 -0.00141352962 0.0196237508
v -0 -0.00183502864 0.0193408523
v -0.00035183056 -0.00161811651 0.0194250587
v -0.000184556266 -0.00173397909 0.0190283414
v -0.000779563677 -0.00097835518 0.0191946793
v -0.000843828777 -0.000879443949 0.0192666054
v -0.000803119678 -0.000605963403 0.0189285688
v -0.000643097097 -0.00141930871 0.0174072068
v -0.000356305449 -0.00173114589 0.0172500331
v -0.000362430816 -0.00170881487 0.017426081
v -0.000184556266 -0.00173397909 0.0190283414
v -0.00035183056 -0.00161811651 0.0194250587
v -0.00040658217 -0.0016199802 0.0190090723
v -0.000954016112 -0.000490052393 0.0182314068
v -0.000934081967 -0.000535961532 0.0181049518
v -0.000888529117 -0.00061198324 0.0182755273
v -0.000709135318 -0.00101761415 0.0188509766
v -0.000803119678 -0.000605963403 0.0189285688
v -0.000716043112 -0.00125125446 0.0187146533
v -0.000751453976 -0.00106922875 0.0190935284
v -0.000779563677 -0.00097835518 0.0191946793
v -0.000693532813 -0.00107787398 0.0189590752
v -0.000693532813 -0.00107787398 0.0189590752
v -0.000667635235 -0.00129439484 0.019088719
v -0.000751453976 -0.00106922875 0.0190935284
v -0.000587946968 -0.00147580507 0.0190628152
v -0.000578592066 -0.00143753109 0.0190173592
v -0.00040658217 -0.0016199802 0.0190090723
v -0.000612078467 -0.00144035288 0.0179654509
v -0.000719598436 -0.00102108798 0.0182092059
v -0.000725057733 -0.00109606946 0.0177348703
v -0.000378442288 -0.0016801625 0.0182640199
v -0.000346517103 -0.00174891064 0.0184786581
v -0.000504405703 -0.00160443911 0.0184118319
v -0.000432140136 -0.0017347039 0.0198546387
v -0.000344249944 -0.00169527507 0.0196328424
v -0 -0.00200764276 0.0198937971
v -0.000843828777 -0.000879443949 0.0192666054
v -0.00100010389 -0.000317306723 0.0193452965
v -0.000803119678 -0.000605963403 0.0189285688
v -0.000612078467 -0.00144035288 0.0179654509
v -0.000504405703 -0.00160443911 0.0184118319
v -0.000719598436 -0.00102108798 0.0182092059
v -0.000614806951 -0.00130905956 0.0193573758
v -0.00035183056 -0.00161811651 0.0194250587
v -0.000702054065 -0.00141352962 0.0196237508
v -0.000796085049 -0.000784474309 0.0179158151
v -0.000934081967 -0.000535961532 0.0181049518
v -0.000933650997 -0.000667589891 0.0178159159
v -0.000855338527 -0.00104459096 0.0195932109
v -0.000702054065 -0.00141352962 0.0196237508
v -0.000618708553 -0.00153422041 0.0197697636
v -0.000719598436 -0.00102108798 0.0182092059
v -0.000732396613 -0.00116429746 0.0186137166
v -0.000825580559 -0.00075225858 0.0185290407
v -0.000835276616 -0.000618869788 0.0184826031
v -0.000825580559 -0.00075225858 0.0185290407
v -0.000803119678 -0.000605963403 0.0189285688
v -0.000835276616 -0.000618869788 0.0184826031
v -0.000803119678 -0.000605963403 0.0189285688
v -0.000899161911 -0.000509072212 0.0184723176
v -0.000504405703 -0.00160443911 0.0184118319
v -0.000612078467 -0.00144035288 0.0179654509
v -0.000378442288 -0.0016801625 0.0182640199
v -0.000614806951 -0.00130905956 0.0193573758
v -0.000702054065 -0.00141352962 0.0196237508
v -0.000816588814 -0.00106897228 0.0195437409
v -0.000184556266 -0.00173397909 0.0190283414
v -8.69259093E-05 -0.00175235479 0.0189346578
v -0 -0.00183502864 0.0193408523
v -0.000816588814 -0.00106897228 0.0195437409
v -0.000843828777 -0.000879443949 0.0192666054
v -0.000779563677 -0.00097835518 0.0191946793
v -0.000779563677 -0.00097835518 0.0191946793
v -0.000803119678 -0.000605963403 0.0189285688
v -0.000693532813 -0.00107787398 0.0189590752
v -0.000289184594 -0.0016930151 0.0189739596
v -0.000184556266 -0.00173397909 0.0190283414
v -0.00040658217 -0.0016199802 0.0190090723
v -0 -0.00199953467 0.0197006855
v -0.00035183056 -0.00161811651 0.0194250587
v -0 -0.00183502864 0.0193408523
v -0.000432140136 -0.0017347039 0.0198546387
v -0.000618708553 -0.00153422041 0.0197697636
v -0.000344249944 -0.00169527507 0.0196328424
v -0.000803119678 -0.000605963403 0.0189285688
v -0.000859904569 -0.000266480929 0.018951498
v -0.000899161911 -0.000509072212 0.0184723176
v -0.000954016112 -0.000490052393 0.0182314068
v -0.000992486719 -0.000434010028 0.018061718
v -0.000934081967 -0.000535961532 0.0181049518
v -0.000667635235 -0.00129439484 0.019088719
v -0.000578592066 -0.00143753109 0.0190173592
v -0.000587946968 -0.00147580507 0.0190628152
v -0.000504405703 -0.00160443911 0.0184118319
v -0.000346517103 -0.00174891064 0.0184786581
v -0.000540432462 -0.001625565 0.0186016392
v -0.000825580559 -0.00075225858 0.0185290407
v -0.000835276616 -0.000618869788 0.0184826031
v -0.000888529117 -0.00061198324 0.0182755273
v -0.000888529117 -0.00061198324 0.0182755273
v -0.000934081967 -0.000535961532 0.0181049518
v -0.000796085049 -0.000784474309 0.0179158151
v -0.000719598436 -0.00102108798 0.0182092059
v -0.000796085049 -0.000784474309 0.0179158151
v -0.000725057733 -0.00109606946 0.0177348703
v -0.000614806951 -0.00130905956 0.0193573758
v -0.000751453976 -0.00106922875 0.0190935284
v -0.000667635235 -0.00129439484 0.019088719
v -0.000378442288 -0.0016801625 0.0182640199
v -0.000612078467 -0.00144035288 0.0179654509
v -0.000369716377 -0.00166843215 0.0178818889
v -0.000587946968 -0.00147580507 0.0190628152
v -0.000614806951 -0.00130905956 0.0193573758
v -0.000667635235 -0.00129439484 0.019088719
v -0.000612762175 -0.00148367858 0.0186168198
v -0.000716043112 -0.00125125446 0.0187146533
v -0.000732396613 -0.00116429746 0.0186137166
v -0.000843828777 -0.000879443949 0.0192666054
v -0.000816588814 -0.00106897228 0.0195437409
v -0.000855338527 -0.00104459096 0.0195932109
v -0.000855338527 -0.00104459096 0.0195932109
v -0.00100010389 -0.000317306723 0.0193452965
v -0.000843828777 -0.000879443949 0.0192666054
v -0.000725057733 -0.00109606946 0.0177348703
v -0.000933650997 -0.000667589891 0.0178159159
v -0.000721366552 -0.00113850005 0.0175854508
v -0.000106855972 -0.00173079188 0.0188680198
v -0.000118530603 -0.00172595284 0.0185327623
v -0 -0.00177490292 0.01831601
v -0 -0.00183502864 0.0193408523
v -8.69259093E-05 -0.00175235479 0.0189346578
v -0 -0.00177490292 0.01831601
v -0.00100010389 -0.000317306723 0.0193452965
v -0.000859904569 -0.000266480929 0.018951498
v -0.000803119678 -0.000605963403 0.0189285688
v -0.000709135318 -0.00101761415 0.0188509766
v -0.000693532813 -0.00107787398 0.0189590752
v -0.000803119678 -0.000605963403 0.0189285688
v -0 -0.000360979553 0.0201608967
v -0 -0.000600113883 0.0201555584
v 7.59473114E-05 -0.000582046108 0.0201541856
v -0 -0.000360979553 0.0201608967
v 7.59473114E-05 -0.000582046108 0.0201541856
v 0.000183322438 -0.000530593563 0.0201502778
v -0 -0.000360979553 0.0201608967
v 0.000183322438 -0.000530593563 0.0201502778
v 0.000222912553 -0.000453589135 0.0201444235
v 0.000795256579 -0.000186487858 0.0190457869
v 0.000805729243 1.68747447E-05 0.0192245338
v 0.000774200365 -0.000439632859 0.0192492288
v -0 -0.000360979553 0.0201608967
v 0.000222912553 -0.000453589135 0.0201444235
v 0.000236814856 -0.000362756196 0.0201375168
v -0 -0.000360979553 0.0201608967
v 0.000236814856 -0.000362756196 0.0201375168
v 0.000222912553 -0.000271923345 0.0201306175
v -0 -0.000360979553 0.0201608967
v 0.000222912553 -0.000271923345 0.0201306175
v 0.000183322438 -0.000194918917 0.0201247633
v -0 -0.000360979553 0.0201608967
v 0.000183322438 -0.000194918917 0.0201247633
v 7.59470131E-05 -0.000143466314 0.0201208554
v -0 -0.000360979553 0.0201608967
v 7.59470131E-05 -0.000143466314 0.0201208554
v -0 -0.000125398423 0.0201194808
v 0.000532100035 -0.00156086741 0.0190534536
v 0.000727247447 -0.00137837231 0.019056594
v 0.000680239755 -0.00135965704 0.0190476254
v 0.000561092107 -0.00159471482 0.0190290548
v 0.000727247447 -0.00137837231 0.019056594
v 0.000532100035 -0.00156086741 0.0190534536
v -0 -0.00177490292 0.01831601
v 0.000106855972 -0.00173079188 0.0188680198
v 8.69259093E-05 -0.00175235479 0.0189346578
v 0.000721366552 -0.00113850005 0.0175854508
v 0.000602267217 -0.00141068525 0.0176334679
v 0.000643097097 -0.00141930871 0.0174072068
v 0.000725057733 -0.00109606946 0.0177348703
v 0.000933650997 -0.000667589891 0.0178159159
v 0.000796085049 -0.000784474309 0.0179158151
v 0.000504405703 -0.00160443911 0.0184118319
v 0.000612762175 -0.00148367858 0.0186168198
v 0.000540432462 -0.001625565 0.0186016392
v 0.000855338527 -0.00104459096 0.0195932109
v 0.000702054065 -0.00141352962 0.0196237508
v 0.000816588814 -0.00106897228 0.0195437409
v -0 -0.00183502864 0.0193408523
v 0.000184556266 -0.00173397909 0.0190283414
v 0.00035183056 -0.00161811651 0.0194250587
v 0.000779563677 -0.00097835518 0.0191946793
v 0.000803119678 -0.000605963403 0.0189285688
v 0.000843828777 -0.000879443949 0.0192666054
v 0.000643097097 -0.00141930871 0.0174072068
v 0.000362430816 -0.00170881487 0.017426081
v 0.000356305449 -0.00173114589 0.0172500331
v 0.000184556266 -0.00173397909 0.0190283414
v 0.00040658217 -0.0016199802 0.0190090723
v 0.00035183056 -0.00161811651 0.0194250587
v 0.000954016112 -0.000490052393 0.0182314068
v 0.000888529117 -0.00061198324 0.0182755273
v 0.000934081967 -0.000535961532 0.0181049518
v 0.000709135318 -0.00101761415 0.0188509766
v 0.000716043112 -0.00125125446 0.0187146533
v 0.000803119678 -0.000605963403 0.0189285688
v 0.000751453976 -0.00106922875 0.0190935284
v 0.000693532813 -0.00107787398 0.0189590752
v 0.000779563677 -0.00097835518 0.0191946793
v 0.000693532813 -0.00107787398 0.0189590752
v 0.000751453976 -0.00106922875 0.0190935284
v 0.000667635235 -0.00129439484 0.019088719
v 0.000587946968 -0.00147580507 0.0190628152
v 0.00040658217 -0.0016199802 0.0190090723
v 0.000578592066 -0.00143753109 0.0190173592
v 0.000612078467 -0.00144035288 0.0179654509
v 0.000725057733 -0.00109606946 0.0177348703
v 0.000719598436 -0.00102108798 0.0182092059
v 0.000378442288 -0.0016801625 0.0182640199
v 0.000504405703 -0.00160443911 0.0184118319
v 0.000346517103 -0.00174891064 0.0184786581
v 0.000432140136 -0.0017347039 0.0198546387
v -0 -0.00200764276 0.0198937971
v 0.000344249944 -0.00169527507 0.0196328424
v 0.000843828777 -0.000879443949 0.0192666054
v 0.000803119678 -0.000605963403 0.0189285688
v 0.00100010389 -0.000317306723 0.0193452965
v 0.000612078467 -0.00144035288 0.0179654509
v 0.000719598436 -0.00102108798 0.0182092059
v 0.000504405703 -0.00160443911 0.0184118319
v 0.000614806951 -0.00130905956 0.0193573758
v 0.000702054065 -0.00141352962 0.0196237508
v 0.00035183056 -0.00161811651 0.0194250587
v 0.000796085049 -0.000784474309 0.0179158151
v 0.000933650997 -0.000667589891 0.0178159159
v 0.000934081967 -0.000535961532 0.0181049518
v 0.000855338527 -0.00104459096 0.0195932109
v 0.000618708553 -0.00153422041 0.0197697636
v 0.000702054065 -0.00141352962 0.0196237508
v 0.000719598436 -0.00102108798 0.0182092059
v 0.000825580559 -0.00075225858 0.0185290407
v 0.000732396613 -0.00116429746 0.0186137166
v 0.000835276616 -0.000618869788 0.0184826031
v 0.000803119678 -0.000605963403 0.0189285688
v 0.000825580559 -0.00075225858 0.0185290407
v 0.000835276616 -0.000618869788 0.0184826031
v 0.000899161911 -0.000509072212 0.0184723176
v 0.000803119678 -0.000605963403 0.0189285688
v 0.000504405703 -0.00160443911 0.0184118319
v 0.000378442288 -0.0016801625 0.0182640199
v 0.000612078467 -0.00144035288 0.0179654509
v 0.000614806951 -0.00130905956 0.0193573758
v 0.000816588814 -0.00106897228 0.0195437409
v 0.000702054065 -0.00141352962 0.0196237508
v 0.000184556266 -0.00173397909 0.0190283414
v -0 -0.00183502864 0.0193408523
v 8.69259093E-05 -0.00175235479 0.0189346578
v 0.000816588814 -0.00106897228 0.0195437409
v 0.000779563677 -0.00097835518 0.0191946793
v 0.000843828777 -0.000879443949 0.0192666054
v 0.000779563677 -0.00097835518 0.0191946793
v 0.000693532813 -0.00107787398 0.0189590752
v 0.000803119678 -0.000605963403 0.0189285688
v 0.000289184594 -0.0016930151 0.0189739596
v 0.00040658217 -0.0016199802 0.0190090723
v 0.000184556266 -0.00173397909 0.0190283414
v -0 -0.00199953467 0.0197006855
v -0 -0.00183502864 0.0193408523
v 0.00035183056 -0.00161811651 0.0194250587
v 0.000432140136 -0.0017347039 0.0198546387
v 0.000344249944 -0.00169527507 0.0196328424
v 0.000618708553 -0.00153422041 0.0197697636
v 0.000803119678 -0.000605963403 0.0189285688
v 0.000899161911 -0.000509072212 0.0184723176
v 0.000859904569 -0.000266480929 0.018951498
v 0.000954016112 -0.000490052393 0.0182314068
v 0.000934081967 -0.000535961532 0.0181049518
v 0.000992486719 -0.000434010028 0.018061718
v 0.000667635235 -0.00129439484 0.019088719
v 0.000587946968 -0.00147580507 0.0190628152
v 0.000578592066 -0.00143753109 0.0190173592
v 0.000504405703 -0.00160443911 0.0184118319
v 0.000540432462 -0.001625565 0.0186016392
v 0.000346517103 -0.00174891064 0.0184786581
v 0.000825580559 -0.00075225858 0.0185290407
v 0.000888529117 -0.00061198324 0.0182755273
v 0.000835276616 -0.000618869788 0.0184826031
v 0.000888529117 -0.00061198324 0.0182755273
v 0.000796085049 -0.000784474309 0.0179158151
v 0.000934081967 -0.000535961532 0.0181049518
v 0.000719598436 -0.00102108798 0.0182092059
v 0.000725057733 -0.00109606946 0.0177348703
v 0.000796085049 -0.000784474309 0.0179158151
v 0.000614806951 -0.00130905956 0.0193573758
v 0.000667635235 -0.00129439484 0.019088719
v 0.000751453976 -0.00106922875 0.0190935284
v 0.000378442288 -0.0016801625 0.0182640199
v 0.000369716377 -0.00166843215 0.0178818889
v 0.000612078467 -0.00144035288 0.0179654509
v 0.000587946968 -0.00147580507 0.0190628152
v 0.000667635235 -0.00129439484 0.019088719
v 0.000614806951 -0.00130905956 0.0193573758
v 0.000612762175 -0.00148367858 0.0186168198
v 0.000732396613 -0.00116429746 0.0186137166
v 0.000716043112 -0.00125125446 0.0187146533
v 0.000843828777 -0.000879443949 0.0192666054
v 0.000855338527 -0.00104459096 0.0195932109
v 0.000816588814 -0.00106897228 0.0195437409
v 0.000855338527 -0.00104459096 0.0195932109
v 0.000843828777 -0.000879443949 0.0192666054
v 0.00100010389 -0.000317306723 0.0193452965
v 0.000725057733 -0.00109606946 0.0177348703
v 0.000721366552 -0.00113850005 0.0175854508
v 0.000933650997 -0.000667589891 0.0178159159
v 0.000106855972 -0.00173079188 0.0188680198
v -0 -0.00177490292 0.01831601
v 0.000118530603 -0.00172595284 0.0185327623
v -0 -0.00183502864 0.0193408523
v -0 -0.00177490292 0.01831601
v 8.69259093E-05 -0.00175235479 0.0189346578
v 0.00100010389 -0.000317306723 0.0193452965
v 0.000803119678 -0.000605963403 0.0189285688
v 0.000859904569 -0.000266480929 0.018951498
v 0.000709135318 -0.00101761415 0.0188509766
v 0.000803119678 -0.000605963403 0.0189285688
v 0.000693532813 -0.00107787398 0.0189590752
v -0.000253213075 0.000247921766 0.0199083947
v -0 0.000299374951 0.0199044868
v -0 0.000609538518 0.0195433013
v -0.000352054223 0.000532533624 0.0195491519
v -0.000755533867 -0.000530613761 0.0191442259
v -0.00078139652 -0.00022151295 0.0190445893
v -0.000876034086 -0.000203925927 0.0190595798
v -0.000851370103 -0.000500591937 0.0191541146
v -0.000252582191 -0.00100104709 0.0200033132
v -0 -0.00105249987 0.0200072285
v -0 -0.000600113883 0.0201555584
v -7.59473114E-05 -0.000582046108 0.0201541856
v -0.000385632535 -0.00142714498 0.0195294917
v -0 -0.0015055862 0.0195616446
v -0 -0.00141368504 0.0196970627
v -0.000336411351 -0.00133668061 0.0196912102
v -0.000336411351 -0.00133668061 0.0196912102
v -0 -0.00141368504 0.0196970627
v -0 -0.00105249987 0.0200072285
v -0.000252582191 -0.00100104709 0.0200033132
v -0.000419689924 -0.000854522339 0.019992182
v -0.000252582191 -0.00100104709 0.0200033132
v -7.59473114E-05 -0.000582046108 0.0201541856
v -0.000183322438 -0.000530593563 0.0201502778
v -0.000656828284 -0.00120376551 0.019437924
v -0.000385632535 -0.00142714498 0.0195294917
v -0.000336411351 -0.00133668061 0.0196912102
v -0.000586225768 -0.0011173907 0.0196745452
v -0.000586225768 -0.0011173907 0.0196745452
v -0.000336411351 -0.00133668061 0.0196912102
v -0.000252582191 -0.00100104709 0.0200033132
v -0.000419689924 -0.000854522339 0.019992182
v -0.000532308302 -0.000635232485 0.0199755132
v -0.000419689924 -0.000854522339 0.019992182
v -0.000183322438 -0.000530593563 0.0201502778
v -0.000222912553 -0.000453589135 0.0201444235
v -0.00072676054 -0.000875145546 0.0192912351
v -0.000656828284 -0.00120376551 0.019437924
v -0.000586225768 -0.0011173907 0.0196745452
v -0.000705022714 -0.00078920013 0.0196496025
v -0.000705022714 -0.00078920013 0.0196496025
v -0.000586225768 -0.0011173907 0.0196745452
v -0.000419689924 -0.000854522339 0.019992182
v -0.000532308302 -0.000635232485 0.0199755132
v -0.000774200365 -0.000439632859 0.0192492288
v -0.00072676054 -0.000875145546 0.0192912351
v -0.000705022714 -0.00078920013 0.0196496025
v -0.000769153819 -0.000402073289 0.0196201801
v -0.000573647965 -0.000376562442 0.0199558549
v -0.000532308302 -0.000635232485 0.0199755132
v -0.000222912553 -0.000453589135 0.0201444235
v -0.000236814856 -0.000362756196 0.0201375168
v -0.000769153819 -0.000402073289 0.0196201801
v -0.000705022714 -0.00078920013 0.0196496025
v -0.000532308302 -0.000635232485 0.0199755132
v -0.000573647965 -0.000376562442 0.0199558549
v -0.000805729243 1.68747447E-05 0.0192245338
v -0.000774200365 -0.000439632859 0.0192492288
v -0.000769153819 -0.000402073289 0.0196201801
v -0.000724035955 -1.4946414E-05 0.0195907596
v -0.000534688064 -0.000117892552 0.0199361965
v -0.000573647965 -0.000376562442 0.0199558549
v -0.000236814856 -0.000362756196 0.0201375168
v -0.000222912553 -0.000271923345 0.0201306175
v -0.000724035955 -1.4946414E-05 0.0195907596
v -0.000769153819 -0.000402073289 0.0196201801
v -0.000573647965 -0.000376562442 0.0199558549
v -0.000534688064 -0.000117892552 0.0199361965
v -0.000703420083 0.000384885323 0.0190248527
v -0.000795256579 -0.000186487858 0.0190457869
v -0.000805729243 1.68747447E-05 0.0192245338
v -0.000703420083 0.000403883256 0.0192036014
v -0.000703420083 0.000403883256 0.0192036014
v -0.000805729243 1.68747447E-05 0.0192245338
v -0.000724035955 -1.4946414E-05 0.0195907596
v -0.000604579342 0.000313243887 0.019565817
v -0.000421945064 0.000101397192 0.0199195314
v -0.000534688064 -0.000117892552 0.0199361965
v -0.000222912553 -0.000271923345 0.0201306175
v -0.000183322438 -0.000194918917 0.0201247633
v -0.000604579342 0.000313243887 0.019565817
v -0.000724035955 -1.4946414E-05 0.0195907596
v -0.000534688064 -0.000117892552 0.0199361965
v -0.000421945064 0.000101397192 0.0199195314
v -0.000405546336 0.000643476087 0.0190108661
v -0.000703420083 0.000384885323 0.0190248527
v -0.000703420083 0.000403883256 0.0192036014
v -0.000405546336 0.000662473845 0.0191896129
v -0.000253213075 0.000247921766 0.0199083947
v -0.000421945064 0.000101397192 0.0199195314
v -0.000183322438 -0.000194918917 0.0201247633
v -7.59470131E-05 -0.000143466314 0.0201208554
v -0.000405546336 0.000662473845 0.0191896129
v -0.000703420083 0.000403883256 0.0192036014
v -0.000604579342 0.000313243887 0.019565817
v -0.000352054223 0.000532533624 0.0195491519
v -0.000352054223 0.000532533624 0.0195491519
v -0.000604579342 0.000313243887 0.019565817
v -0.000421945064 0.000101397192 0.0199195314
v -0.000253213075 0.000247921766 0.0199083947
v -0 0.000809586258 0.0190889481
v -0.000405546336 0.000643476087 0.0190108661
v -0.000405546336 0.000662473845 0.0191896129
v -0 0.000829954341 0.0193544794
v -0.000352054223 0.000532533624 0.0195491519
v -0 0.000609538518 0.0195433013
v -0 0.000829954341 0.0193544794
v -0.000405546336 0.000662473845 0.0191896129
v -0.000253213075 0.000247921766 0.0199083947
v -7.59470131E-05 -0.000143466314 0.0201208554
v -0 -0.000125398423 0.0201194808
v -0 0.000299374951 0.0199044868
v -0.000405546336 0.000624729961 0.0188344885
v -0 0.000789487967 0.0188269354
v -0 0.000730945903 0.018381279
v -0.000411005021 0.000657186145 0.0183499586
v -0.000755533867 -0.000530613761 0.0191442259
v -0.000818929053 -0.000443386234 0.0187989157
v -0.000792329607 -0.000881095941 0.0186901502
v -0.00074600277 -0.000998320407 0.0190279502
v -0.000798667199 -4.90662533E-05 0.0188694093
v -0.000703420083 0.00036613908 0.0188484732
v -0.000609025359 0.000440532604 0.0183366966
v -0.000743701647 4.13773378E-05 0.0183635
v -0.000703420083 0.00036613908 0.0188484732
v -0.000405546336 0.000624729961 0.0188344885
v -0.000411005021 0.000657186145 0.0183499586
v -0.000609025359 0.000440532604 0.0183366966
v -0 -0.0015055862 0.0195616446
v -0 -0.0017057982 0.0190554168
v -0 -0.00175724458 0.0190091971
v -0 -0.00173298654 0.0195990931
v -0.000656828284 -0.00120376551 0.019437924
v -0.000680239755 -0.00135965704 0.0190476254
v -0.000532100035 -0.00156086741 0.0190534536
v -0.000385632535 -0.00142714498 0.0195294917
v -0 0.000299374951 0.0199044868
v -0 0.000416791852 0.0200776495
v -0 0.000765966892 0.0197325759
v -0 0.000609538518 0.0195433013
v -0 0.000789487967 0.0188269354
v -0 0.000928980822 0.0188544039
v -0 0.00082918402 0.0183865558
v -0 0.000730945903 0.018381279
v -0 -0.0015055862 0.0195616446
v -0 -0.00173298654 0.0195990931
v -0 -0.00149735867 0.0198038723
v -0 -0.00141368504 0.0196970627
v -0.000743701647 4.13773378E-05 0.0183635
v -0.000756429567 0.000251640799 0.0180164333
v -0.000851127785 0.000253715494 0.0180178825
v -0.000869476004 5.65413757E-05 0.018359933
v -0.000889970106 -0.000164707511 0.0190535095
v -0.000876034086 -0.000203925927 0.0190595798
v -0.00078139652 -0.00022151295 0.0190445893
v -0.000795256579 -0.000186487858 0.0190457869
v -0 0.000730945903 0.018381279
v -0 0.000986298313 0.0180503558
v -0.000370625785 0.00090508844 0.0180188175
v -0.000411005021 0.000657186145 0.0183499586
v -0 -0.00141368504 0.0196970627
v -0 -0.00149735867 0.0198038723
v -0 -0.00110233063 0.0200958326
v -0 -0.00105249987 0.0200072285
v -0 0.000609538518 0.0195433013
v -0 0.000765966892 0.0197325759
v -0 0.000929888105 0.0193682332
v -0 0.000829954341 0.0193544794
v -0.000411005021 0.000657186145 0.0183499586
v -0.000370625785 0.00090508844 0.0180188175
v -0.00074823224 0.000328354654 0.0178941339
v -0.000609025359 0.000440532604 0.0183366966
v -0 -0.000125398423 0.0201194808
v -0 -9.35221178E-05 0.020215949
v -0 0.000416791852 0.0200776495
v -0 0.000299374951 0.0199044868
v -0 0.000809586258 0.0190889481
v -0 0.000929431466 0.0191096049
v -0 0.000928980822 0.0188544039
v -0 0.000789487967 0.0188269354
v -0 0.00082918402 0.0183865558
v -0 0.00109322625 0.018052768
v -0 0.000986298313 0.0180503558
v -0 0.000730945903 0.018381279
v -0 -0.00105249987 0.0200072285
v -0 -0.00110233063 0.0200958326
v -0 -0.00061704457 0.020255737
v -0 -0.000600113883 0.0201555584
v -0.000743701647 4.13773378E-05 0.0183635
v -0.000869476004 5.65413757E-05 0.018359933
v -0.000894021359 -2.88546471E-05 0.0188699141
v -0.000798667199 -4.90662533E-05 0.0188694093
v -0.00074823224 0.000328354654 0.0178941339
v -0.000826154603 0.000332491123 0.0178965665
v -0.000851127785 0.000253715494 0.0180178825
v -0.000756429567 0.000251640799 0.0180164333
v -0.000370625785 0.00090508844 0.0180188175
v -0.000410821754 0.00100709789 0.0180226155
v -0.000826154603 0.000332491123 0.0178965665
v -0.00074823224 0.000328354654 0.0178941339
v -0 0.000986298313 0.0180503558
v -0 0.00109322625 0.018052768
v -0.000410821754 0.00100709789 0.0180226155
v -0.000370625785 0.00090508844 0.0180188175
v -0.000869476004 5.65413757E-05 0.018359933
v -0.000851127785 0.000253715494 0.0180178825
v -0.000826154603 0.000332491123 0.0178965665
v -0.000680700177 0.000504972064 0.0183409415
v -0.000894021359 -2.88546471E-05 0.0188699141
v -0.000410821754 0.00100709789 0.0180226155
v -0.000774465792 0.000431884866 0.0188472774
v -0.000889970106 -0.000164707511 0.0190535095
v -0.000447978207 0.000750862586 0.0183563698
v -0 0.00109322625 0.018052768
v -0 0.00082918402 0.0183865558
v -0.000443359197 0.000718490628 0.0188328046
v -0 0.000928980822 0.0188544039
v -0.000775056309 0.000450506981 0.0190321524
v -0.000443627738 0.000773286854 0.0190197006
v -0 0.000929431466 0.0191096049
v -0.000443899888 0.000828819058 0.0192091055
v -0 0.000929888105 0.0193682332
v -0.000775654684 0.000469379214 0.0192195103
v -0.000899416627 4.02448968E-05 0.0192395709
v -0.00038396052 0.000674323819 0.0196495913
v -0 0.000765966892 0.0197325759
v -0.00066529063 0.000371408794 0.0196174849
v -0.000275769999 0.000279318076 0.020083217
v -0 0.000416791852 0.0200776495
v -0 -9.35221178E-05 0.020215949
v -0.000870092539 -0.000408059539 0.0192477442
v -0.000876034086 -0.000203925927 0.0190595798
v -0.000851370103 -0.000500591937 0.0191541146
v -0.000802704599 1.07297301E-05 0.0196360014
v -0.000465551042 0.00014754296 0.0199982394
v -8.63409514E-05 -0.000111304493 0.020216722
v -0 -0.000353317067 0.0202617217
v -0.000202284296 -0.000168809871 0.0202208627
v -0.000590553856 -9.14695556E-05 0.0200142935
v -0.000247390388 -0.000254526909 0.0202271529
v -0.000853125355 -0.000401878497 0.0196627192
v -0.000263182534 -0.000355368538 0.0202347245
v -0.000634917815 -0.000370618887 0.0200340617
v -0.000247390941 -0.000456195936 0.0202424806
v -0.000589421659 -0.0006495493 0.0200567078
v -0.000785880489 -0.000809928111 0.019695865
v -0.000202282739 -0.00054187933 0.0202492177
v -8.6340835E-05 -0.000599352294 0.020253811
v -0 -0.00061704457 0.020255737
v -0.000464574347 -0.000888243434 0.0200769603
v -0.000275666098 -0.00104875281 0.0200912654
v -0 -0.00110233063 0.0200958326
v -0.000782382442 -0.000863464549 0.0192857608
v -0.000652884599 -0.00116707769 0.019730635
v -0.000369926856 -0.00141064904 0.0197541285
v -0 -0.00149735867 0.0198038723
v -0.000801372342 -0.00098387606 0.0190270077
v -0.000909793365 -0.0004186226 0.0188060664
v -0.000844613649 -0.000869527459 0.0186880101
v -0.00070359878 -0.00121928507 0.0194534566
v -0.000727247447 -0.00137837231 0.019056594
v -0.000344161788 -0.0015813401 0.0195634104
v -0 -0.00173298654 0.0195990931
v -0.000561092107 -0.00159471482 0.0190290548
v -0 -0.00175724458 0.0190091971
v -0.000798667199 -4.90662533E-05 0.0188694093
v -0.000894021359 -2.88546471E-05 0.0188699141
v -0.000889970106 -0.000164707511 0.0190535095
v -0.000795256579 -0.000186487858 0.0190457869
v -0.00074600277 -0.000998320407 0.0190279502
v -0.000801372342 -0.00098387606 0.0190270077
v -0.000727247447 -0.00137837231 0.019056594
v -0.000680239755 -0.00135965704 0.0190476254
v -0.000609025359 0.000440532604 0.0183366966
v -0.00074823224 0.000328354654 0.0178941339
v -0.000756429567 0.000251640799 0.0180164333
v -0.000743701647 4.13773378E-05 0.0183635
v -0 0.000829954341 0.0193544794
v -0 0.000929888105 0.0193682332
v -0 0.000929431466 0.0191096049
v -0 0.000809586258 0.0190889481
v -0.000532100035 -0.00156086741 0.0190534536
v -0.000561092107 -0.00159471482 0.0190290548
v -0 -0.00175724458 0.0190091971
v -0 -0.0017057982 0.0190554168
v -0 0.000789487967 0.0188269354
v -0.000405546336 0.000624729961 0.0188344885
v -0.000405546336 0.000643476087 0.0190108661
v -0 0.000809586258 0.0190889481
v -0.000405546336 0.000624729961 0.0188344885
v -0.000703420083 0.00036613908 0.0188484732
v -0.000703420083 0.000384885323 0.0190248527
v -0.000405546336 0.000643476087 0.0190108661
v -0.000703420083 0.00036613908 0.0188484732
v -0.000798667199 -4.90662533E-05 0.0188694093
v -0.000795256579 -0.000186487858 0.0190457869
v -0.000703420083 0.000384885323 0.0190248527
v -0.000385632535 -0.00142714498 0.0195294917
v -0.000532100035 -0.00156086741 0.0190534536
v -0 -0.0017057982 0.0190554168
v -0 -0.0015055862 0.0195616446
v -0.00072751689 -0.00147468562 0.0174200274
v -0.000434525573 -0.00177746709 0.0174363554
v -0.000428195577 -0.00180037285 0.0172563139
v -0.000688863103 -0.0014644363 0.0176408775
v -0.000434108748 -0.0017740872 0.0174782481
v -0.000441089942 -0.00173850893 0.0178792849
v -0.000812341867 -0.00117976242 0.0175986905
v -0.000698310498 -0.00149727042 0.0179640986
v -0.000444892125 -0.00175457203 0.0182546452
v -0.000816116924 -0.00113691448 0.0177578721
v -0.0010252943 -0.000712043839 0.0178324226
v -0.000591423013 -0.00166112371 0.0184024386
v -0.000409065251 -0.00182491937 0.0184607618
v -0.00061885186 -0.00168774708 0.0185802281
v -0.000703419559 -0.00152264209 0.0186001174
v -0.000814852829 -0.00105348625 0.0182046872
v -0.000829578668 -0.0011916795 0.0186072253
v -0.000812931859 -0.00128349988 0.0187338106
v -0.000885879388 -0.000831052021 0.017938016
v -0.000925159489 -0.000770489685 0.0185357053
v -0.000904288725 -0.000631528033 0.018934194
v -0.000804566371 -0.00104439119 0.0188787058
v -0.000788345991 -0.00110288314 0.0189272631
v -0.00101984339 -0.00058716425 0.0181207638
v -0.00112597027 -0.000377510441 0.0179532953
v -0.00108300324 -0.000476384565 0.0180704128
v -0.00104219979 -0.000536514039 0.0182426088
v -0.000986027648 -0.000640003884 0.0182896815
v -0.000993954716 -0.000541083864 0.0184894335
v -0.000934207288 -0.00064401963 0.0184977818
v -0.000961567217 -0.000282977242 0.0189415906
v -0.00109496422 -0.000336934667 0.0193190612
v -0.000933675503 -0.000917287718 0.0192400869
v -0.000954502786 -0.00108081813 0.0195882451
v -0.000876899518 -0.000995947397 0.0191636123
v -0.000902090047 -0.00111468288 0.019514963
v -0.000853020058 -0.00109318201 0.0190690774
v -0.00079029362 -0.00147150375 0.0196042154
v -0.000703922473 -0.00159707025 0.0197607055
v -0.00041497944 -0.00169916265 0.0194109287
v -0.00070147455 -0.00136862055 0.0193437189
v -0.000765100238 -0.00133263366 0.0190660655
v -0.000648094225 -0.00148335972 0.0189590063
v -0.000718220137 -0.0012878062 0.018980341
v -0.000677154807 -0.0015351742 0.019041758
v -0.000475235458 -0.00170433836 0.0189959519
v -0.000346814195 -0.00178339495 0.0189541299
v -0.000188929247 -0.00176921836 0.0187673569
v -0.000166131402 -0.00181565201 0.0185224097
v -0.000222871677 -0.00182775222 0.0190320369
v -0.000152174616 -0.00182093435 0.0188565124
v -0 -0.00186861341 0.0183134023
v -0.000127466556 -0.00184408319 0.0189253893
v -0 -0.00191473553 0.0193248652
v -0 -0.00207014475 0.0196771137
v -0 -0.00208056951 0.0198717788
v -0.000398580945 -0.00177510211 0.01960437
v -0.000484395627 -0.00181334221 0.0198198762
v -0.00072676054 -0.000875145546 0.0192912351
v -0.00074600277 -0.000998320407 0.0190279502
v -0.000680239755 -0.00135965704 0.0190476254
v -0.000656828284 -0.00120376551 0.019437924
v -0.000795256579 -0.000186487858 0.0190457869
v -0.00078139652 -0.00022151295 0.0190445893
v -0.000755533867 -0.000530613761 0.0191442259
v -0.000774200365 -0.000439632859 0.0192492288
v -0.000774200365 -0.000439632859 0.0192492288
v -0.000755533867 -0.000530613761 0.0191442259
v -0.00074600277 -0.000998320407 0.0190279502
v -0.00072676054 -0.000875145546 0.0192912351
v -0.000909793365 -0.0004186226 0.0188060664
v -0.000844613649 -0.000869527459 0.0186880101
v -0.000792329607 -0.000881095941 0.0186901502
v -0.000818929053 -0.000443386234 0.0187989157
v -0.00074600277 -0.000998320407 0.0190279502
v -0.000792329607 -0.000881095941 0.0186901502
v -0.000844613649 -0.000869527459 0.0186880101
v -0.000801372342 -0.00098387606 0.0190270077
v -0.000851370103 -0.000500591937 0.0191541146
v -0.000909793365 -0.0004186226 0.0188060664
v -0.000818929053 -0.000443386234 0.0187989157
v -0.000755533867 -0.000530613761 0.0191442259
v -0.000362430816 -0.00170881487 0.017426081
v -0.000360844657 -0.00170587492 0.0174717978
v -0.000602267217 -0.00141068525 0.0176334679
v -0.000643097097 -0.00141930871 0.0174072068
v -0.000614806951 -0.00130905956 0.0193573758
v -0.000587946968 -0.00147580507 0.0190628152
v -0.00040658217 -0.0016199802 0.0190090723
v -0.00035183056 -0.00161811651 0.0194250587
v -0.000732396613 -0.00116429746 0.0186137166
v -0.000719598436 -0.00102108798 0.0182092059
v -0.000504405703 -0.00160443911 0.0184118319
v -0.000612762175 -0.00148367858 0.0186168198
v -0.000721366552 -0.00113850005 0.0175854508
v -0.000602267217 -0.00141068525 0.0176334679
v -0.000612078467 -0.00144035288 0.0179654509
v -0.000725057733 -0.00109606946 0.0177348703
v -0.00103366189 -0.000341436971 0.0179399587
v -0.000933650997 -0.000667589891 0.0178159159
v -0.000934081967 -0.000535961532 0.0181049518
v -0.000992486719 -0.000434010028 0.018061718
v -0.000899161911 -0.000509072212 0.0184723176
v -0.000954016112 -0.000490052393 0.0182314068
v -0.000888529117 -0.00061198324 0.0182755273
v -0.000835276616 -0.000618869788 0.0184826031
v -0.000578592066 -0.00143753109 0.0190173592
v -0.000126589774 -0.00169870385 0.0188073721
v -0.000289184594 -0.0016930151 0.0189739596
v -0.00040658217 -0.0016199802 0.0190090723
v -0.000369716377 -0.00166843215 0.0178818889
v -0.000612078467 -0.00144035288 0.0179654509
v -0.000602267217 -0.00141068525 0.0176334679
v -0.000360844657 -0.00170587492 0.0174717978
v -0.000816588814 -0.00106897228 0.0195437409
v -0.000779563677 -0.00097835518 0.0191946793
v -0.000751453976 -0.00106922875 0.0190935284
v -0.000614806951 -0.00130905956 0.0193573758
v -0.00035183056 -0.00161811651 0.0194250587
v -0 -0.00199953467 0.0197006855
v -0 -0.00200764276 0.0198937971
v -0.000344249944 -0.00169527507 0.0196328424
v -0.000796085049 -0.000784474309 0.0179158151
v -0.000719598436 -0.00102108798 0.0182092059
v -0.000825580559 -0.00075225858 0.0185290407
v -0.000888529117 -0.00061198324 0.0182755273
v -0.000825580559 -0.00075225858 0.0185290407
v -0.000732396613 -0.00116429746 0.0186137166
v -0.000716043112 -0.00125125446 0.0187146533
v -0.000803119678 -0.000605963403 0.0189285688
v -0.00035183056 -0.00161811651 0.0194250587
v -0.000344249944 -0.00169527507 0.0196328424
v -0.000618708553 -0.00153422041 0.0197697636
v -0.000702054065 -0.00141352962 0.0196237508
v -0.000578592066 -0.00143753109 0.0190173592
v -0.000667635235 -0.00129439484 0.019088719
v -0.000693532813 -0.00107787398 0.0189590752
v -0.000643386971 -0.00125539268 0.0190382134
v -0.000289184594 -0.0016930151 0.0189739596
v -0.000126589774 -0.00169870385 0.0188073721
v -0.000118530603 -0.00172595284 0.0185327623
v -0.000106855972 -0.00173079188 0.0188680198
v -0.000106855972 -0.00173079188 0.0188680198
v -8.69259093E-05 -0.00175235479 0.0189346578
v -0.000184556266 -0.00173397909 0.0190283414
v -0.000289184594 -0.0016930151 0.0189739596
v -0.000434525573 -0.00177746709 0.0174363554
v -0.000362430816 -0.00170881487 0.017426081
v -0.000356305449 -0.00173114589 0.0172500331
v -0.000428195577 -0.00180037285 0.0172563139
v -0.00108300324 -0.000476384565 0.0180704128
v -0.000992486719 -0.000434010028 0.018061718
v -0.000954016112 -0.000490052393 0.0182314068
v -0.00104219979 -0.000536514039 0.0182426088
v -0.000188929247 -0.00176921836 0.0187673569
v -0.000126589774 -0.00169870385 0.0188073721
v -0.000578592066 -0.00143753109 0.0190173592
v -0.000648094225 -0.00148335972 0.0189590063
v -0.000788345991 -0.00110288314 0.0189272631
v -0.000693532813 -0.00107787398 0.0189590752
v -0.000709135318 -0.00101761415 0.0188509766
v -0.000804566371 -0.00104439119 0.0188787058
v -0.00109496422 -0.000336934667 0.0193190612
v -0.00100010389 -0.000317306723 0.0193452965
v -0.000855338527 -0.00104459096 0.0195932109
v -0.000954502786 -0.00108081813 0.0195882451
v -0.000718220137 -0.0012878062 0.018980341
v -0.000643386971 -0.00125539268 0.0190382134
v -0.000693532813 -0.00107787398 0.0189590752
v -0.000788345991 -0.00110288314 0.0189272631
v -0.000409065251 -0.00182491937 0.0184607618
v -0.000346517103 -0.00174891064 0.0184786581
v -0.000378442288 -0.0016801625 0.0182640199
v -0.000444892125 -0.00175457203 0.0182546452
v -0.000166131402 -0.00181565201 0.0185224097
v -0.000118530603 -0.00172595284 0.0185327623
v -0.000126589774 -0.00169870385 0.0188073721
v -0.000188929247 -0.00176921836 0.0187673569
v -0.000441089942 -0.00173850893 0.0178792849
v -0.000369716377 -0.00166843215 0.0178818889
v -0.000360844657 -0.00170587492 0.0174717978
v -0.000434108748 -0.0017740872 0.0174782481
v -0.000648094225 -0.00148335972 0.0189590063
v -0.000578592066 -0.00143753109 0.0190173592
v -0.000643386971 -0.00125539268 0.0190382134
v -0.000718220137 -0.0012878062 0.018980341
v -0.0010252943 -0.000712043839 0.0178324226
v -0.000933650997 -0.000667589891 0.0178159159
v -0.00103366189 -0.000341436971 0.0179399587
v -0.00112597027 -0.000377510441 0.0179532953
v -0.000484395627 -0.00181334221 0.0198198762
v -0.000432140136 -0.0017347039 0.0198546387
v -0 -0.00200764276 0.0198937971
v -0 -0.00208056951 0.0198717788
v -0.00061885186 -0.00168774708 0.0185802281
v -0.000540432462 -0.001625565 0.0186016392
v -0.000346517103 -0.00174891064 0.0184786581
v -0.000409065251 -0.00182491937 0.0184607618
v -0.000434108748 -0.0017740872 0.0174782481
v -0.000360844657 -0.00170587492 0.0174717978
v -0.000362430816 -0.00170881487 0.017426081
v -0.000434525573 -0.00177746709 0.0174363554
v -0.000703419559 -0.00152264209 0.0186001174
v -0.000612762175 -0.00148367858 0.0186168198
v -0.000540432462 -0.001625565 0.0186016392
v -0.00061885186 -0.00168774708 0.0185802281
v -0.000993954716 -0.000541083864 0.0184894335
v -0.000899161911 -0.000509072212 0.0184723176
v -0.000859904569 -0.000266480929 0.018951498
v -0.000961567217 -0.000282977242 0.0189415906
v -0.00072751689 -0.00147468562 0.0174200274
v -0.000643097097 -0.00141930871 0.0174072068
v -0.000721366552 -0.00113850005 0.0175854508
v -0.000812341867 -0.00117976242 0.0175986905
v -0 -0.00208056951 0.0198717788
v -0 -0.00200764276 0.0198937971
v -0 -0.00199953467 0.0197006855
v -0 -0.00207014475 0.0196771137
v -0.000444892125 -0.00175457203 0.0182546452
v -0.000378442288 -0.0016801625 0.0182640199
v -0.000369716377 -0.00166843215 0.0178818889
v -0.000441089942 -0.00173850893 0.0178792849
v -0.000812931859 -0.00128349988 0.0187338106
v -0.000716043112 -0.00125125446 0.0187146533
v -0.000612762175 -0.00148367858 0.0186168198
v -0.000703419559 -0.00152264209 0.0186001174
v -0.00104219979 -0.000536514039 0.0182426088
v -0.000954016112 -0.000490052393 0.0182314068
v -0.000899161911 -0.000509072212 0.0184723176
v -0.000993954716 -0.000541083864 0.0184894335
v -0 -0.00191473553 0.0193248652
v -0 -0.00183502864 0.0193408523
v -0 -0.00177490292 0.01831601
v -0 -0.00186861341 0.0183134023
v -0.000804566371 -0.00104439119 0.0188787058
v -0.000709135318 -0.00101761415 0.0188509766
v -0.000716043112 -0.00125125446 0.0187146533
v -0.000812931859 -0.00128349988 0.0187338106
v -0.00112597027 -0.000377510441 0.0179532953
v -0.00103366189 -0.000341436971 0.0179399587
v -0.000992486719 -0.000434010028 0.018061718
v -0.00108300324 -0.000476384565 0.0180704128
v -0.000961567217 -0.000282977242 0.0189415906
v -0.000859904569 -0.000266480929 0.018951498
v -0.00100010389 -0.000317306723 0.0193452965
v -0.00109496422 -0.000336934667 0.0193190612
v -0.000812341867 -0.00117976242 0.0175986905
v -0.000721366552 -0.00113850005 0.0175854508
v -0.000933650997 -0.000667589891 0.0178159159
v -0.0010252943 -0.000712043839 0.0178324226
v -0 -0.00186861341 0.0183134023
v -0 -0.00177490292 0.01831601
v -0.000118530603 -0.00172595284 0.0185327623
v -0.000166131402 -0.00181565201 0.0185224097
v -0 -0.00207014475 0.0196771137
v -0 -0.00199953467 0.0197006855
v -0 -0.00183502864 0.0193408523
v -0 -0.00191473553 0.0193248652
v -0.000428195577 -0.00180037285 0.0172563139
v -0.000356305449 -0.00173114589 0.0172500331
v -0.000643097097 -0.00141930871 0.0174072068
v -0.00072751689 -0.00147468562 0.0174200274
v -0.000703922473 -0.00159707025 0.0197607055
v -0.000618708553 -0.00153422041 0.0197697636
v -0.000432140136 -0.0017347039 0.0198546387
v -0.000484395627 -0.00181334221 0.0198198762
v -0.000954502786 -0.00108081813 0.0195882451
v -0.000855338527 -0.00104459096 0.0195932109
v -0.000618708553 -0.00153422041 0.0197697636
v -0.000703922473 -0.00159707025 0.0197607055
v -0.000732672052 -0.000829431461 0.020140199
v -0.000614885648 -0.000936326978 0.0197964218
v -0.000726435101 -0.00110612018 0.0200902503
v -0.000669525762 -0.000737396476 0.019803293
v -0.000462315133 -0.000837931293 0.0194760505
v -0.00097001571 -0.000802861236 0.0200459566
v -0.000567534473 -0.000713767484 0.0194128994
v -0.000856208266 -0.000723956502 0.0197750591
v -0.000712659967 -0.000715466449 0.0193638559
v -0.000801373273 -0.000866871735 0.0193533916
v -0.00106498587 -0.000922083214 0.0199310556
v -0.000963278813 -0.000853591366 0.0197279956
v -0.000765045988 -0.00105043873 0.0193911437
v -0.000935067423 -0.00109683408 0.0197049566
v -0.00103376724 -0.00121758808 0.0198712479
v -0.000619700295 -0.00110596942 0.0194595773
v -0.000817353546 -0.00114219706 0.0197422188
v -0.000967928092 -0.00124642218 0.0199378431
v -0.00087344629 -0.00121468154 0.0200277753
v -0.000687648193 -0.00107834267 0.0197842959
v -0.000726435101 -0.00110612018 0.0200902503
v -0.00048314294 -0.00100785308 0.0194991175
v -0.000614885648 -0.000936326978 0.0197964218
v -0.000462315133 -0.000837931293 0.0194760505
v -0.000732672052 -0.000829431461 0.020140199
v -0.000726435101 -0.00110612018 0.0200902503
v -0.00087344629 -0.00121468154 0.0200277753
v -0.00097001571 -0.000802861236 0.0200459566
v -0.000967928092 -0.00124642218 0.0199378431
v -0.00103376724 -0.00121758808 0.0198712479
v -0.00106498587 -0.000922083214 0.0199310556
v 0.000253213075 0.000247921766 0.0199083947
v 0.000352054223 0.000532533624 0.0195491519
v -0 0.000609538518 0.0195433013
v -0 0.000299374951 0.0199044868
v 0.000755533867 -0.000530613761 0.0191442259
v 0.000851370103 -0.000500591937 0.0191541146
v 0.000876034086 -0.000203925927 0.0190595798
v 0.00078139652 -0.00022151295 0.0190445893
v 0.000252582191 -0.00100104709 0.0200033132
v 7.59473114E-05 -0.000582046108 0.0201541856
v -0 -0.000600113883 0.0201555584
v -0 -0.00105249987 0.0200072285
v 0.000385632535 -0.00142714498 0.0195294917
v 0.000336411351 -0.00133668061 0.0196912102
v -0 -0.00141368504 0.0196970627
v -0 -0.0015055862 0.0195616446
v 0.000336411351 -0.00133668061 0.0196912102
v 0.000252582191 -0.00100104709 0.0200033132
v -0 -0.00105249987 0.0200072285
v -0 -0.00141368504 0.0196970627
v 0.000419689924 -0.000854522339 0.019992182
v 0.000183322438 -0.000530593563 0.0201502778
v 7.59473114E-05 -0.000582046108 0.0201541856
v 0.000252582191 -0.00100104709 0.0200033132
v 0.000656828284 -0.00120376551 0.019437924
v 0.000586225768 -0.0011173907 0.0196745452
v 0.000336411351 -0.00133668061 0.0196912102
v 0.000385632535 -0.00142714498 0.0195294917
v 0.000586225768 -0.0011173907 0.0196745452
v 0.000419689924 -0.000854522339 0.019992182
v 0.000252582191 -0.00100104709 0.0200033132
v 0.000336411351 -0.00133668061 0.0196912102
v 0.000532308302 -0.000635232485 0.0199755132
v 0.000222912553 -0.000453589135 0.0201444235
v 0.000183322438 -0.000530593563 0.0201502778
v 0.000419689924 -0.000854522339 0.019992182
v 0.00072676054 -0.000875145546 0.0192912351
v 0.000705022714 -0.00078920013 0.0196496025
v 0.000586225768 -0.0011173907 0.0196745452
v 0.000656828284 -0.00120376551 0.019437924
v 0.000705022714 -0.00078920013 0.0196496025
v 0.000532308302 -0.000635232485 0.0199755132
v 0.000419689924 -0.000854522339 0.019992182
v 0.000586225768 -0.0011173907 0.0196745452
v 0.000774200365 -0.000439632859 0.0192492288
v 0.000769153819 -0.000402073289 0.0196201801
v 0.000705022714 -0.00078920013 0.0196496025
v 0.00072676054 -0.000875145546 0.0192912351
v 0.000573647965 -0.000376562442 0.0199558549
v 0.000236814856 -0.000362756196 0.0201375168
v 0.000222912553 -0.000453589135 0.0201444235
v 0.000532308302 -0.000635232485 0.0199755132
v 0.000769153819 -0.000402073289 0.0196201801
v 0.000573647965 -0.000376562442 0.0199558549
v 0.000532308302 -0.000635232485 0.0199755132
v 0.000705022714 -0.00078920013 0.0196496025
v 0.000805729243 1.68747447E-05 0.0192245338
v 0.000724035955 -1.4946414E-05 0.0195907596
v 0.000769153819 -0.000402073289 0.0196201801
v 0.000774200365 -0.000439632859 0.0192492288
v 0.000534688064 -0.000117892552 0.0199361965
v 0.000222912553 -0.000271923345 0.0201306175
v 0.000236814856 -0.000362756196 0.0201375168
v 0.000573647965 -0.000376562442 0.0199558549
v 0.000724035955 -1.4946414E-05 0.0195907596
v 0.000534688064 -0.000117892552 0.0199361965
v 0.000573647965 -0.000376562442 0.0199558549
v 0.000769153819 -0.000402073289 0.0196201801
v 0.000703420083 0.000384885323 0.0190248527
v 0.000703420083 0.000403883256 0.0192036014
v 0.000805729243 1.68747447E-05 0.0192245338
v 0.000795256579 -0.000186487858 0.0190457869
v 0.000703420083 0.000403883256 0.0192036014
v 0.000604579342 0.000313243887 0.019565817
v 0.000724035955 -1.4946414E-05 0.0195907596
v 0.000805729243 1.68747447E-05 0.0192245338
v 0.000421945064 0.000101397192 0.0199195314
v 0.000183322438 -0.000194918917 0.0201247633
v 0.000222912553 -0.000271923345 0.0201306175
v 0.000534688064 -0.000117892552 0.0199361965
v 0.000604579342 0.000313243887 0.019565817
v 0.000421945064 0.000101397192 0.0199195314
v 0.000534688064 -0.000117892552 0.0199361965
v 0.000724035955 -1.4946414E-05 0.0195907596
v 0.000405546336 0.000643476087 0.0190108661
v 0.000405546336 0.000662473845 0.0191896129
v 0.000703420083 0.000403883256 0.0192036014
v 0.000703420083 0.000384885323 0.0190248527
v 0.000253213075 0.000247921766 0.0199083947
v 7.59470131E-05 -0.000143466314 0.0201208554
v 0.000183322438 -0.000194918917 0.0201247633
v 0.000421945064 0.000101397192 0.0199195314
v 0.000405546336 0.000662473845 0.0191896129
v 0.000352054223 0.000532533624 0.0195491519
v 0.000604579342 0.000313243887 0.019565817
v 0.000703420083 0.000403883256 0.0192036014
v 0.000352054223 0.000532533624 0.0195491519
v 0.000253213075 0.000247921766 0.0199083947
v 0.000421945064 0.000101397192 0.0199195314
v 0.000604579342 0.000313243887 0.019565817
v -0 0.000809586258 0.0190889481
v -0 0.000829954341 0.0193544794
v 0.000405546336 0.000662473845 0.0191896129
v 0.000405546336 0.000643476087 0.0190108661
v 0.000352054223 0.000532533624 0.0195491519
v 0.000405546336 0.000662473845 0.0191896129
v -0 0.000829954341 0.0193544794
v -0 0.000609538518 0.0195433013
v 0.000253213075 0.000247921766 0.0199083947
v -0 0.000299374951 0.0199044868
v -0 -0.000125398423 0.0201194808
v 7.59470131E-05 -0.000143466314 0.0201208554
v 0.000405546336 0.000624729961 0.0188344885
v 0.000411005021 0.000657186145 0.0183499586
v -0 0.000730945903 0.018381279
v -0 0.000789487967 0.0188269354
v 0.000755533867 -0.000530613761 0.0191442259
v 0.00074600277 -0.000998320407 0.0190279502
v 0.000792329607 -0.000881095941 0.0186901502
v 0.000818929053 -0.000443386234 0.0187989157
v 0.000798667199 -4.90662533E-05 0.0188694093
v 0.000743701647 4.13773378E-05 0.0183635
v 0.000609025359 0.000440532604 0.0183366966
v 0.000703420083 0.00036613908 0.0188484732
v 0.000703420083 0.00036613908 0.0188484732
v 0.000609025359 0.000440532604 0.0183366966
v 0.000411005021 0.000657186145 0.0183499586
v 0.000405546336 0.000624729961 0.0188344885
v 0.000656828284 -0.00120376551 0.019437924
v 0.000385632535 -0.00142714498 0.0195294917
v 0.000532100035 -0.00156086741 0.0190534536
v 0.000680239755 -0.00135965704 0.0190476254
v 0.000743701647 4.13773378E-05 0.0183635
v 0.000869476004 5.65413757E-05 0.018359933
v 0.000851127785 0.000253715494 0.0180178825
v 0.000756429567 0.000251640799 0.0180164333
v 0.000889970106 -0.000164707511 0.0190535095
v 0.000795256579 -0.000186487858 0.0190457869
v 0.00078139652 -0.00022151295 0.0190445893
v 0.000876034086 -0.000203925927 0.0190595798
v -0 0.000730945903 0.018381279
v 0.000411005021 0.000657186145 0.0183499586
v 0.000370625785 0.00090508844 0.0180188175
v -0 0.000986298313 0.0180503558
v 0.000411005021 0.000657186145 0.0183499586
v 0.000609025359 0.000440532604 0.0183366966
v 0.00074823224 0.000328354654 0.0178941339
v 0.000370625785 0.00090508844 0.0180188175
v 0.000743701647 4.13773378E-05 0.0183635
v 0.000798667199 -4.90662533E-05 0.0188694093
v 0.000894021359 -2.88546471E-05 0.0188699141
v 0.000869476004 5.65413757E-05 0.018359933
v 0.00074823224 0.000328354654 0.0178941339
v 0.000756429567 0.000251640799 0.0180164333
v 0.000851127785 0.000253715494 0.0180178825
v 0.000826154603 0.000332491123 0.0178965665
v 0.000370625785 0.00090508844 0.0180188175
v 0.00074823224 0.000328354654 0.0178941339
v 0.000826154603 0.000332491123 0.0178965665
v 0.000410821754 0.00100709789 0.0180226155
v -0 0.000986298313 0.0180503558
v 0.000370625785 0.00090508844 0.0180188175
v 0.000410821754 0.00100709789 0.0180226155
v -0 0.00109322625 0.018052768
v 0.000869476004 5.65413757E-05 0.018359933
v 0.000826154603 0.000332491123 0.0178965665
v 0.000851127785 0.000253715494 0.0180178825
v 0.000680700177 0.000504972064 0.0183409415
v 0.000894021359 -2.88546471E-05 0.0188699141
v 0.000410821754 0.00100709789 0.0180226155
v 0.000774465792 0.000431884866 0.0188472774
v 0.000889970106 -0.000164707511 0.0190535095
v 0.000447978207 0.000750862586 0.0183563698
v -0 0.00109322625 0.018052768
v -0 0.00082918402 0.0183865558
v 0.000443359197 0.000718490628 0.0188328046
v -0 0.000928980822 0.0188544039
v 0.000775056309 0.000450506981 0.0190321524
v 0.000443627738 0.000773286854 0.0190197006
v -0 0.000929431466 0.0191096049
v 0.000443899888 0.000828819058 0.0192091055
v -0 0.000929888105 0.0193682332
v 0.000775654684 0.000469379214 0.0192195103
v 0.000899416627 4.02448968E-05 0.0192395709
v 0.00038396052 0.000674323819 0.0196495913
v -0 0.000765966892 0.0197325759
v 0.00066529063 0.000371408794 0.0196174849
v 0.000275769999 0.000279318076 0.020083217
v -0 0.000416791852 0.0200776495
v -0 -9.35221178E-05 0.020215949
v 0.000870092539 -0.000408059539 0.0192477442
v 0.000876034086 -0.000203925927 0.0190595798
v 0.000851370103 -0.000500591937 0.0191541146
v 0.000802704599 1.07297301E-05 0.0196360014
v 0.000465551042 0.00014754296 0.0199982394
v 8.63409514E-05 -0.000111304493 0.020216722
v -0 -0.000353317067 0.0202617217
v 0.000202284296 -0.000168809871 0.0202208627
v 0.000590553856 -9.14695556E-05 0.0200142935
v 0.000247390388 -0.000254526909 0.0202271529
v 0.000853125355 -0.000401878497 0.0196627192
v 0.000263182534 -0.000355368538 0.0202347245
v 0.000634917815 -0.000370618887 0.0200340617
v 0.000247390941 -0.000456195936 0.0202424806
v 0.000589421659 -0.0006495493 0.0200567078
v 0.000785880489 -0.000809928111 0.019695865
v 0.000202282739 -0.00054187933 0.0202492177
v 8.6340835E-05 -0.000599352294 0.020253811
v -0 -0.00061704457 0.020255737
v 0.000464574347 -0.000888243434 0.0200769603
v 0.000275666098 -0.00104875281 0.0200912654
v -0 -0.00110233063 0.0200958326
v 0.000782382442 -0.000863464549 0.0192857608
v 0.000652884599 -0.00116707769 0.019730635
v 0.000369926856 -0.00141064904 0.0197541285
v -0 -0.00149735867 0.0198038723
v 0.000801372342 -0.00098387606 0.0190270077
v 0.000909793365 -0.0004186226 0.0188060664
v 0.000844613649 -0.000869527459 0.0186880101
v 0.00070359878 -0.00121928507 0.0194534566
v 0.000727247447 -0.00137837231 0.019056594
v 0.000344161788 -0.0015813401 0.0195634104
v -0 -0.00173298654 0.0195990931
v 0.000561092107 -0.00159471482 0.0190290548
v -0 -0.00175724458 0.0190091971
v 0.000798667199 -4.90662533E-05 0.0188694093
v 0.000795256579 -0.000186487858 0.0190457869
v 0.000889970106 -0.000164707511 0.0190535095
v 0.000894021359 -2.88546471E-05 0.0188699141
v 0.00074600277 -0.000998320407 0.0190279502
v 0.000680239755 -0.00135965704 0.0190476254
v 0.000727247447 -0.00137837231 0.019056594
v 0.000801372342 -0.00098387606 0.0190270077
v 0.000609025359 0.000440532604 0.0183366966
v 0.000743701647 4.13773378E-05 0.0183635
v 0.000756429567 0.000251640799 0.0180164333
v 0.00074823224 0.000328354654 0.0178941339
v 0.000532100035 -0.00156086741 0.0190534536
v -0 -0.0017057982 0.0190554168
v -0 -0.00175724458 0.0190091971
v 0.000561092107 -0.00159471482 0.0190290548
v -0 0.000789487967 0.0188269354
v -0 0.000809586258 0.0190889481
v 0.000405546336 0.000643476087 0.0190108661
v 0.000405546336 0.000624729961 0.0188344885
v 0.000405546336 0.000624729961 0.0188344885
v 0.000405546336 0.000643476087 0.0190108661
v 0.000703420083 0.000384885323 0.0190248527
v 0.000703420083 0.00036613908 0.0188484732
v 0.000703420083 0.00036613908 0.0188484732
v 0.000703420083 0.000384885323 0.0190248527
v 0.000795256579 -0.000186487858 0.0190457869
v 0.000798667199 -4.90662533E-05 0.0188694093
v 0.000385632535 -0.00142714498 0.0195294917
v -0 -0.0015055862 0.0195616446
v -0 -0.0017057982 0.0190554168
v 0.000532100035 -0.00156086741 0.0190534536
v 0.00072751689 -0.00147468562 0.0174200274
v 0.000428195577 -0.00180037285 0.0172563139
v 0.000434525573 -0.00177746709 0.0174363554
v 0.000688863103 -0.0014644363 0.0176408775
v 0.000434108748 -0.0017740872 0.0174782481
v 0.000441089942 -0.00173850893 0.0178792849
v 0.000812341867 -0.00117976242 0.0175986905
v 0.000698310498 -0.00149727042 0.0179640986
v 0.000444892125 -0.00175457203 0.0182546452
v 0.000816116924 -0.00113691448 0.0177578721
v 0.0010252943 -0.000712043839 0.0178324226
v 0.000591423013 -0.00166112371 0.0184024386
v 0.000409065251 -0.00182491937 0.0184607618
v 0.00061885186 -0.00168774708 0.0185802281
v 0.000703419559 -0.00152264209 0.0186001174
v 0.000814852829 -0.00105348625 0.0182046872
v 0.000829578668 -0.0011916795 0.0186072253
v 0.000812931859 -0.00128349988 0.0187338106
v 0.000885879388 -0.000831052021 0.017938016
v 0.000925159489 -0.000770489685 0.0185357053
v 0.000904288725 -0.000631528033 0.018934194
v 0.000804566371 -0.00104439119 0.0188787058
v 0.000788345991 -0.00110288314 0.0189272631
v 0.00101984339 -0.00058716425 0.0181207638
v 0.00112597027 -0.000377510441 0.0179532953
v 0.00108300324 -0.000476384565 0.0180704128
v 0.00104219979 -0.000536514039 0.0182426088
v 0.000986027648 -0.000640003884 0.0182896815
v 0.000993954716 -0.000541083864 0.0184894335
v 0.000934207288 -0.00064401963 0.0184977818
v 0.000961567217 -0.000282977242 0.0189415906
v 0.00109496422 -0.000336934667 0.0193190612
v 0.000933675503 -0.000917287718 0.0192400869
v 0.000954502786 -0.00108081813 0.0195882451
v 0.000876899518 -0.000995947397 0.0191636123
v 0.000902090047 -0.00111468288 0.019514963
v 0.000853020058 -0.00109318201 0.0190690774
v 0.00079029362 -0.00147150375 0.0196042154
v 0.000703922473 -0.00159707025 0.0197607055
v 0.00041497944 -0.00169916265 0.0194109287
v 0.00070147455 -0.00136862055 0.0193437189
v 0.000765100238 -0.00133263366 0.0190660655
v 0.000648094225 -0.00148335972 0.0189590063
v 0.000718220137 -0.0012878062 0.018980341
v 0.000677154807 -0.0015351742 0.019041758
v 0.000475235458 -0.00170433836 0.0189959519
v 0.000346814195 -0.00178339495 0.0189541299
v 0.000188929247 -0.00176921836 0.0187673569
v 0.000166131402 -0.00181565201 0.0185224097
v 0.000222871677 -0.00182775222 0.0190320369
v 0.000152174616 -0.00182093435 0.0188565124
v -0 -0.00186861341 0.0183134023
v 0.000127466556 -0.00184408319 0.0189253893
v -0 -0.00191473553 0.0193248652
v -0 -0.00207014475 0.0196771137
v -0 -0.00208056951 0.0198717788
v 0.000398580945 -0.00177510211 0.01960437
v 0.000484395627 -0.00181334221 0.0198198762
v 0.00072676054 -0.000875145546 0.0192912351
v 0.000656828284 -0.00120376551 0.019437924
v 0.000680239755 -0.00135965704 0.0190476254
v 0.00074600277 -0.000998320407 0.0190279502
v 0.000795256579 -0.000186487858 0.0190457869
v 0.000774200365 -0.000439632859 0.0192492288
v 0.000755533867 -0.000530613761 0.0191442259
v 0.00078139652 -0.00022151295 0.0190445893
v 0.000774200365 -0.000439632859 0.0192492288
v 0.00072676054 -0.000875145546 0.0192912351
v 0.00074600277 -0.000998320407 0.0190279502
v 0.000755533867 -0.000530613761 0.0191442259
v 0.000909793365 -0.0004186226 0.0188060664
v 0.000818929053 -0.000443386234 0.0187989157
v 0.000792329607 -0.000881095941 0.0186901502
v 0.000844613649 -0.000869527459 0.0186880101
v 0.00074600277 -0.000998320407 0.0190279502
v 0.000801372342 -0.00098387606 0.0190270077
v 0.000844613649 -0.000869527459 0.0186880101
v 0.000792329607 -0.000881095941 0.0186901502
v 0.000851370103 -0.000500591937 0.0191541146
v 0.000755533867 -0.000530613761 0.0191442259
v 0.000818929053 -0.000443386234 0.0187989157
v 0.000909793365 -0.0004186226 0.0188060664
v 0.000362430816 -0.00170881487 0.017426081
v 0.000643097097 -0.00141930871 0.0174072068
v 0.000602267217 -0.00141068525 0.0176334679
v 0.000360844657 -0.00170587492 0.0174717978
v 0.000614806951 -0.00130905956 0.0193573758
v 0.00035183056 -0.00161811651 0.0194250587
v 0.00040658217 -0.0016199802 0.0190090723
v 0.000587946968 -0.00147580507 0.0190628152
v 0.000732396613 -0.00116429746 0.0186137166
v 0.000612762175 -0.00148367858 0.0186168198
v 0.000504405703 -0.00160443911 0.0184118319
v 0.000719598436 -0.00102108798 0.0182092059
v 0.000721366552 -0.00113850005 0.0175854508
v 0.000725057733 -0.00109606946 0.0177348703
v 0.000612078467 -0.00144035288 0.0179654509
v 0.000602267217 -0.00141068525 0.0176334679
v 0.00103366189 -0.000341436971 0.0179399587
v 0.000992486719 -0.000434010028 0.018061718
v 0.000934081967 -0.000535961532 0.0181049518
v 0.000933650997 -0.000667589891 0.0178159159
v 0.000899161911 -0.000509072212 0.0184723176
v 0.000835276616 -0.000618869788 0.0184826031
v 0.000888529117 -0.00061198324 0.0182755273
v 0.000954016112 -0.000490052393 0.0182314068
v 0.000578592066 -0.00143753109 0.0190173592
v 0.00040658217 -0.0016199802 0.0190090723
v 0.000289184594 -0.0016930151 0.0189739596
v 0.000126589774 -0.00169870385 0.0188073721
v 0.000369716377 -0.00166843215 0.0178818889
v 0.000360844657 -0.00170587492 0.0174717978
v 0.000602267217 -0.00141068525 0.0176334679
v 0.000612078467 -0.00144035288 0.0179654509
v 0.000816588814 -0.00106897228 0.0195437409
v 0.000614806951 -0.00130905956 0.0193573758
v 0.000751453976 -0.00106922875 0.0190935284
v 0.000779563677 -0.00097835518 0.0191946793
v 0.00035183056 -0.00161811651 0.0194250587
v 0.000344249944 -0.00169527507 0.0196328424
v -0 -0.00200764276 0.0198937971
v -0 -0.00199953467 0.0197006855
v 0.000796085049 -0.000784474309 0.0179158151
v 0.000888529117 -0.00061198324 0.0182755273
v 0.000825580559 -0.00075225858 0.0185290407
v 0.000719598436 -0.00102108798 0.0182092059
v 0.000825580559 -0.00075225858 0.0185290407
v 0.000803119678 -0.000605963403 0.0189285688
v 0.000716043112 -0.00125125446 0.0187146533
v 0.000732396613 -0.00116429746 0.0186137166
v 0.00035183056 -0.00161811651 0.0194250587
v 0.000702054065 -0.00141352962 0.0196237508
v 0.000618708553 -0.00153422041 0.0197697636
v 0.000344249944 -0.00169527507 0.0196328424
v 0.000578592066 -0.00143753109 0.0190173592
v 0.000643386971 -0.00125539268 0.0190382134
v 0.000693532813 -0.00107787398 0.0189590752
v 0.000667635235 -0.00129439484 0.019088719
v 0.000289184594 -0.0016930151 0.0189739596
v 0.000106855972 -0.00173079188 0.0188680198
v 0.000118530603 -0.00172595284 0.0185327623
v 0.000126589774 -0.00169870385 0.0188073721
v 0.000106855972 -0.00173079188 0.0188680198
v 0.000289184594 -0.0016930151 0.0189739596
v 0.000184556266 -0.00173397909 0.0190283414
v 8.69259093E-05 -0.00175235479 0.0189346578
v 0.000434525573 -0.00177746709 0.0174363554
v 0.000428195577 -0.00180037285 0.0172563139
v 0.000356305449 -0.00173114589 0.0172500331
v 0.000362430816 -0.00170881487 0.017426081
v 0.00108300324 -0.000476384565 0.0180704128
v 0.00104219979 -0.000536514039 0.0182426088
v 0.000954016112 -0.000490052393 0.0182314068
v 0.000992486719 -0.000434010028 0.018061718
v 0.000188929247 -0.00176921836 0.0187673569
v 0.000648094225 -0.00148335972 0.0189590063
v 0.000578592066 -0.00143753109 0.0190173592
v 0.000126589774 -0.00169870385 0.0188073721
v 0.000788345991 -0.00110288314 0.0189272631
v 0.000804566371 -0.00104439119 0.0188787058
v 0.000709135318 -0.00101761415 0.0188509766
v 0.000693532813 -0.00107787398 0.0189590752
v 0.00109496422 -0.000336934667 0.0193190612
v 0.000954502786 -0.00108081813 0.0195882451
v 0.000855338527 -0.00104459096 0.0195932109
v 0.00100010389 -0.000317306723 0.0193452965
v 0.000718220137 -0.0012878062 0.018980341
v 0.000788345991 -0.00110288314 0.0189272631
v 0.000693532813 -0.00107787398 0.0189590752
v 0.000643386971 -0.00125539268 0.0190382134
v 0.000409065251 -0.00182491937 0.0184607618
v 0.000444892125 -0.00175457203 0.0182546452
v 0.000378442288 -0.0016801625 0.0182640199
v 0.000346517103 -0.00174891064 0.0184786581
v 0.000166131402 -0.00181565201 0.0185224097
v 0.000188929247 -0.00176921836 0.0187673569
v 0.000126589774 -0.00169870385 0.0188073721
v 0.000118530603 -0.00172595284 0.0185327623
v 0.000441089942 -0.00173850893 0.0178792849
v 0.000434108748 -0.0017740872 0.0174782481
v 0.000360844657 -0.00170587492 0.0174717978
v 0.000369716377 -0.00166843215 0.0178818889
v 0.000648094225 -0.00148335972 0.0189590063
v 0.000718220137 -0.0012878062 0.018980341
v 0.000643386971 -0.00125539268 0.0190382134
v 0.000578592066 -0.00143753109 0.0190173592
v 0.0010252943 -0.000712043839 0.0178324226
v 0.00112597027 -0.000377510441 0.0179532953
v 0.00103366189 -0.000341436971 0.0179399587
v 0.000933650997 -0.000667589891 0.0178159159
v 0.000484395627 -0.00181334221 0.0198198762
v -0 -0.00208056951 0.0198717788
v -0 -0.00200764276 0.0198937971
v 0.000432140136 -0.0017347039 0.0198546387
v 0.00061885186 -0.00168774708 0.0185802281
v 0.000409065251 -0.00182491937 0.0184607618
v 0.000346517103 -0.00174891064 0.0184786581
v 0.000540432462 -0.001625565 0.0186016392
v 0.000434108748 -0.0017740872 0.0174782481
v 0.000434525573 -0.00177746709 0.0174363554
v 0.000362430816 -0.00170881487 0.017426081
v 0.000360844657 -0.00170587492 0.0174717978
v 0.000703419559 -0.00152264209 0.0186001174
v 0.00061885186 -0.00168774708 0.0185802281
v 0.000540432462 -0.001625565 0.0186016392
v 0.000612762175 -0.00148367858 0.0186168198
v 0.000993954716 -0.000541083864 0.0184894335
v 0.000961567217 -0.000282977242 0.0189415906
v 0.000859904569 -0.000266480929 0.018951498
v 0.000899161911 -0.000509072212 0.0184723176
v 0.00072751689 -0.00147468562 0.0174200274
v 0.000812341867 -0.00117976242 0.0175986905
v 0.000721366552 -0.00113850005 0.0175854508
v 0.000643097097 -0.00141930871 0.0174072068
v 0.000444892125 -0.00175457203 0.0182546452
v 0.000441089942 -0.00173850893 0.0178792849
v 0.000369716377 -0.00166843215 0.0178818889
v 0.000378442288 -0.0016801625 0.0182640199
v 0.000812931859 -0.00128349988 0.0187338106
v 0.000703419559 -0.00152264209 0.0186001174
v 0.000612762175 -0.00148367858 0.0186168198
v 0.000716043112 -0.00125125446 0.0187146533
v 0.00104219979 -0.000536514039 0.0182426088
v 0.000993954716 -0.000541083864 0.0184894335
v 0.000899161911 -0.000509072212 0.0184723176
v 0.000954016112 -0.000490052393 0.0182314068
v 0.000804566371 -0.00104439119 0.0188787058
v 0.000812931859 -0.00128349988 0.0187338106
v 0.000716043112 -0.00125125446 0.0187146533
v 0.000709135318 -0.00101761415 0.0188509766
v 0.00112597027 -0.000377510441 0.0179532953
v 0.00108300324 -0.000476384565 0.0180704128
v 0.000992486719 -0.000434010028 0.018061718
v 0.00103366189 -0.000341436971 0.0179399587
v 0.000961567217 -0.000282977242 0.0189415906
v 0.00109496422 -0.000336934667 0.0193190612
v 0.00100010389 -0.000317306723 0.0193452965
v 0.000859904569 -0.000266480929 0.018951498
v 0.000812341867 -0.00117976242 0.0175986905
v 0.0010252943 -0.000712043839 0.0178324226
v 0.000933650997 -0.000667589891 0.0178159159
v 0.000721366552 -0.00113850005 0.0175854508
v -0 -0.00186861341 0.0183134023
v 0.000166131402 -0.00181565201 0.0185224097
v 0.000118530603 -0.00172595284 0.0185327623
v -0 -0.00177490292 0.01831601
v 0.000428195577 -0.00180037285 0.0172563139
v 0.00072751689 -0.00147468562 0.0174200274
v 0.000643097097 -0.00141930871 0.0174072068
v 0.000356305449 -0.00173114589 0.0172500331
v 0.000703922473 -0.00159707025 0.0197607055
v 0.000484395627 -0.00181334221 0.0198198762
v 0.000432140136 -0.0017347039 0.0198546387
v 0.000618708553 -0.00153422041 0.0197697636
v 0.000954502786 -0.00108081813 0.0195882451
v 0.000703922473 -0.00159707025 0.0197607055
v 0.000618708553 -0.00153422041 0.0197697636
v 0.000855338527 -0.00104459096 0.0195932109
v 0.000732672052 -0.000829431461 0.020140199
v 0.000726435101 -0.00110612018 0.0200902503
v 0.000614885648 -0.000936326978 0.0197964218
v 0.000669525762 -0.000737396476 0.019803293
v 0.000462315133 -0.000837931293 0.0194760505
v 0.00097001571 -0.000802861236 0.0200459566
v 0.000567534473 -0.000713767484 0.0194128994
v 0.000856208266 -0.000723956502 0.0197750591
v 0.000712659967 -0.000715466449 0.0193638559
v 0.000801373273 -0.000866871735 0.0193533916
v 0.00106498587 -0.000922083214 0.0199310556
v 0.000963278813 -0.000853591366 0.0197279956
v 0.000765045988 -0.00105043873 0.0193911437
v 0.000935067423 -0.00109683408 0.0197049566
v 0.00103376724 -0.00121758808 0.0198712479
v 0.000619700295 -0.00110596942 0.0194595773
v 0.000817353546 -0.00114219706 0.0197422188
v 0.000967928092 -0.00124642218 0.0199378431
v 0.00087344629 -0.00121468154 0.0200277753
v 0.000687648193 -0.00107834267 0.0197842959
v 0.000726435101 -0.00110612018 0.0200902503
v 0.00048314294 -0.00100785308 0.0194991175
v 0.000614885648 -0.000936326978 0.0197964218
v 0.000462315133 -0.000837931293 0.0194760505
v 0.00097001571 -0.000802861236 0.0200459566
v 0.00106498587 -0.000922083214 0.0199310556
v 0.00103376724 -0.00121758808 0.0198712479
v 0.000967928092 -0.00124642218 0.0199378431
v 0.000732672052 -0.000829431461 0.020140199
v 0.00087344629 -0.00121468154 0.0200277753
v 0.000726435101 -0.00110612018 0.0200902503
v -0.000816367276 -0.000729813532 0.0189455263
v -0.000828770164 -0.000742532429 0.0190538969
v -0.000858857471 -0.000677123666 0.0191368163
v -0.00082891382 -0.000646417495 0.018875191
v -0.000889003451 -0.000571902841 0.019145716
v -0.000859059917 -0.00054119667 0.0188840907
v -0.000901549764 -0.000488506863 0.0190753806
v -0.000889146584 -0.000475787965 0.0189670101
v 0.000858857471 -0.000677123666 0.0191368163
v 0.000828770164 -0.000742532429 0.0190538969
v 0.000816367276 -0.000729813532 0.0189455263
v 0.00082891382 -0.000646417495 0.018875191
v 0.000889003451 -0.000571902841 0.019145716
v 0.000859059917 -0.00054119667 0.0188840907
v 0.000901549764 -0.000488506863 0.0190753806
v 0.000889146584 -0.000475787965 0.0189670101
v -0.00094041496 -0.000676980359 0.0188588444
v -0.000816367276 -0.000729813532 0.0189455263
v -0.00082891382 -0.000646417495 0.018875191
v -0.000927868299 -0.000760376337 0.0189291779
v -0.000828770164 -0.000742532429 0.0190538969
v -0.000970560824 -0.000571759534 0.0188677423
v -0.000859059917 -0.00054119667 0.0188840907
v -0.00094027142 -0.000773095351 0.0190375466
v -0.000858857471 -0.000677123666 0.0191368163
v -0.00100064802 -0.000506350771 0.0189506635
v -0.000889146584 -0.000475787965 0.0189670101
v -0.000970358378 -0.000707686588 0.0191204678
v -0.000889003451 -0.000571902841 0.019145716
v -0.00101305102 -0.000519069727 0.0190590322
v -0.000901549764 -0.000488506863 0.0190753806
v -0.00100050482 -0.000602465763 0.0191293675
v -0.000997406314 -0.000607411494 0.0189166609
v -0.000979860895 -0.000668651308 0.0189114809
v -0.000972558744 -0.000717188756 0.0189524163
v -0.00101491739 -0.000569342752 0.0189649221
v -0.00102213607 -0.000576745311 0.0190279931
v -0.00101483392 -0.000625282875 0.0190689303
v -0.000997288502 -0.000686522631 0.0190637503
v -0.000979777542 -0.000724591373 0.0190154891
v 0.00094041496 -0.000676980359 0.0188588444
v 0.00082891382 -0.000646417495 0.018875191
v 0.000816367276 -0.000729813532 0.0189455263
v 0.000927868299 -0.000760376337 0.0189291779
v 0.000828770164 -0.000742532429 0.0190538969
v 0.000970560824 -0.000571759534 0.0188677423
v 0.000859059917 -0.00054119667 0.0188840907
v 0.00094027142 -0.000773095351 0.0190375466
v 0.000858857471 -0.000677123666 0.0191368163
v 0.00100064802 -0.000506350771 0.0189506635
v 0.000889146584 -0.000475787965 0.0189670101
v 0.000970358378 -0.000707686588 0.0191204678
v 0.000889003451 -0.000571902841 0.019145716
v 0.00101305102 -0.000519069727 0.0190590322
v 0.000901549764 -0.000488506863 0.0190753806
v 0.00100050482 -0.000602465763 0.0191293675
v 0.000997406314 -0.000607411494 0.0189166609
v 0.000979860895 -0.000668651308 0.0189114809
v 0.000972558744 -0.000717188756 0.0189524163
v 0.00101491739 -0.000569342752 0.0189649221
v 0.00102213607 -0.000576745311 0.0190279931
v 0.00101483392 -0.000625282875 0.0190689303
v 0.000997288502 -0.000686522631 0.0190637503
v 0.000979777542 -0.000724591373 0.0190154891
v -0.00120980502 -0.00108410383 0.0203419346
v -0.00121059828 -0.000970059773 0.0202658586
v -0.00115749461 -0.00110226567 0.020365512
v -0.00100909115 -0.00119514985 0.0203184094
v -0.0011435257 -0.00119970122 0.0206129644
v -0.00102089101 -0.00105903845 0.0203415323
v -0.00229275366 0.000250924611 0.0205867793
v -0.00242905249 0.000275845523 0.0206180979
v -0.00237635197 0.00042460757 0.0206216108
v -0.00186129997 0.00100516225 0.0205946378
v -0.00179472833 0.00108077424 0.0205049701
v -0.00177693856 0.00104699726 0.0206475947
v -0.00179472833 0.00108077424 0.0205049701
v -0.002097219 0.000837548811 0.0205403101
v -0.0021126552 0.000850858749 0.0204213765
v -0.00186129997 0.00100516225 0.0205946378
v -0.002097219 0.000837548811 0.0205403101
v -0.00207774015 0.000815872452 0.020588845
v -0.00217794557 0.000694835617 0.0206255354
v -0.002097219 0.000837548811 0.0205403101
v -0.00223121326 0.000700609584 0.0205711219
v -0.00233355165 -0.00049023662 0.0207593199
v -0.00220964826 -0.000570579548 0.0207618773
v -0.00242668274 -0.000424865662 0.0205780212
v -0.00120853423 -0.00118884153 0.020286534
v -0.00108337158 -0.0012105857 0.0202457253
v -0.0012053533 -0.00124815269 0.0201299991
v -0.00121059828 -0.000970059773 0.0202658586
v -0.00122885336 -0.000998490141 0.0201396775
v -0.00110172259 -0.000944382453 0.0202005152
v -0.00120980502 -0.00108410383 0.0203419346
v -0.00108337158 -0.0012105857 0.0202457253
v -0.00120853423 -0.00118884153 0.020286534
v -0.00223266333 -0.000285769085 0.0206824504
v -0.00233221799 -0.000130846995 0.0205836967
v -0.00214828947 -0.000351676601 0.0206051562
v -0.00226373738 -0.000286613125 0.0207649488
v -0.00233221799 -0.000130846995 0.0205836967
v -0.00232739211 -0.000142209858 0.0207554232
v -0.00214510923 0.000526787713 0.0206807032
v -0.00219429028 0.000624955108 0.0206941664
v -0.00213968707 0.000597803912 0.0205747057
v -0.00219429028 0.000624955108 0.0206941664
v -0.00217794557 0.000694835617 0.0206255354
v -0.00213968707 0.000597803912 0.0205747057
v -0.00177817256 0.000940882892 0.0206106771
v -0.00186129997 0.00100516225 0.0205946378
v -0.00177693856 0.00104699726 0.0206475947
v -0.00151970959 0.0011312156 0.0205974914
v -0.00133496686 0.00119808153 0.0206128955
v -0.00150869053 0.00109377375 0.0205341075
v -0.00148650492 0.000148086692 0.0216951277
v -0.0014819639 0.000169854538 0.0216876939
v -0.00146140554 0.00014907177 0.0216689482
v -0.00162889657 0.00107484078 0.0206329301
v -0.00165111921 0.00101195718 0.0205568504
v -0.00161389657 0.00101395033 0.0207064338
v -0.0011477014 -0.00123852515 0.0209129397
v -0.00107788364 -0.00126498786 0.0210185423
v -0.00115699181 -0.00119002501 0.020927513
v -0.0011820629 -0.00127366313 0.0209342148
v -0.00107788364 -0.00126498786 0.0210185423
v -0.0011477014 -0.00123852515 0.0209129397
v -0.00115699181 -0.00119002501 0.020927513
v -0.00107788364 -0.00126498786 0.0210185423
v -0.00119093177 -0.00122570188 0.0209486727
v -0.00119093177 -0.00122570188 0.0209486727
v -0.00107788364 -0.00126498786 0.0210185423
v -0.0011820629 -0.00127366313 0.0209342148
v -0.000598005485 -0.000995886046 0.0196647346
v -0.000694093993 -0.00094371743 0.0198815763
v -0.000582814449 -0.000871951052 0.0196479093
v -0.000598005485 -0.000995886046 0.0196647346
v -0.000747164479 -0.00104729878 0.0198727325
v -0.000694093993 -0.00094371743 0.0198815763
v -0.000733946625 -0.000798624416 0.0198865868
v -0.000582814449 -0.000871951052 0.0196479093
v -0.000694093993 -0.00094371743 0.0198815763
v -0.000733946625 -0.000798624416 0.0198865868
v -0.0006595577 -0.000781390292 0.019601848
v -0.000582814449 -0.000871951052 0.0196479093
v -0.000747164479 -0.00104729878 0.0198727325
v -0.000697605661 -0.00106744864 0.0196358934
v -0.000841767003 -0.00109387178 0.0198420417
v -0.000747164479 -0.00104729878 0.0198727325
v -0.000598005485 -0.000995886046 0.0196647346
v -0.000697605661 -0.00106744864 0.0196358934
v -0.000870106276 -0.000788821781 0.0198659971
v -0.0006595577 -0.000781390292 0.019601848
v -0.000733946625 -0.000798624416 0.0198865868
v -0.000870106276 -0.000788821781 0.0198659971
v -0.000765407167 -0.000782629359 0.0195660777
v -0.0006595577 -0.000781390292 0.019601848
v 0.00120980502 -0.00108410383 0.0203419346
v 0.00115749461 -0.00110226567 0.020365512
v 0.00121059828 -0.000970059773 0.0202658586
v 0.00100909115 -0.00119514985 0.0203184094
v 0.00102089101 -0.00105903845 0.0203415323
v 0.0011435257 -0.00119970122 0.0206129644
v 0.00229275366 0.000250924611 0.0205867793
v 0.00237635197 0.00042460757 0.0206216108
v 0.00242905249 0.000275845523 0.0206180979
v 0.00186129997 0.00100516225 0.0205946378
v 0.00177693856 0.00104699726 0.0206475947
v 0.00179472833 0.00108077424 0.0205049701
v 0.00179472833 0.00108077424 0.0205049701
v 0.0021126552 0.000850858749 0.0204213765
v 0.002097219 0.000837548811 0.0205403101
v 0.00186129997 0.00100516225 0.0205946378
v 0.002097219 0.000837548811 0.0205403101
v 0.00207774015 0.000815872452 0.020588845
v 0.00217794557 0.000694835617 0.0206255354
v 0.002097219 0.000837548811 0.0205403101
v 0.00223121326 0.000700609584 0.0205711219
v 0.00233355165 -0.00049023662 0.0207593199
v 0.00242668274 -0.000424865662 0.0205780212
v 0.00220964826 -0.000570579548 0.0207618773
v 0.00120853423 -0.00118884153 0.020286534
v 0.0012053533 -0.00124815269 0.0201299991
v 0.00108337158 -0.0012105857 0.0202457253
v 0.00121059828 -0.000970059773 0.0202658586
v 0.00110172259 -0.000944382453 0.0202005152
v 0.00122885336 -0.000998490141 0.0201396775
v 0.00120980502 -0.00108410383 0.0203419346
v 0.00120853423 -0.00118884153 0.020286534
v 0.00108337158 -0.0012105857 0.0202457253
v 0.00223266333 -0.000285769085 0.0206824504
v 0.00214828947 -0.000351676601 0.0206051562
v 0.00233221799 -0.000130846995 0.0205836967
v 0.00226373738 -0.000286613125 0.0207649488
v 0.00233221799 -0.000130846995 0.0205836967
v 0.00232739211 -0.000142209858 0.0207554232
v 0.00214510923 0.000526787713 0.0206807032
v 0.00213968707 0.000597803912 0.0205747057
v 0.00219429028 0.000624955108 0.0206941664
v 0.00219429028 0.000624955108 0.0206941664
v 0.00213968707 0.000597803912 0.0205747057
v 0.00217794557 0.000694835617 0.0206255354
v 0.00177817256 0.000940882892 0.0206106771
v 0.00177693856 0.00104699726 0.0206475947
v 0.00186129997 0.00100516225 0.0205946378
v 0.00151970959 0.0011312156 0.0205974914
v 0.00150869053 0.00109377375 0.0205341075
v 0.00133496686 0.00119808153 0.0206128955
v 0.00148650492 0.000148086692 0.0216951277
v 0.00146140554 0.00014907177 0.0216689482
v 0.0014819639 0.000169854538 0.0216876939
v 0.00162889657 0.00107484078 0.0206329301
v 0.00161389657 0.00101395033 0.0207064338
v 0.00165111921 0.00101195718 0.0205568504
v 0.0011477014 -0.00123852515 0.0209129397
v 0.00115699181 -0.00119002501 0.020927513
v 0.00107788364 -0.00126498786 0.0210185423
v 0.0011820629 -0.00127366313 0.0209342148
v 0.0011477014 -0.00123852515 0.0209129397
v 0.00107788364 -0.00126498786 0.0210185423
v 0.00115699181 -0.00119002501 0.020927513
v 0.00119093177 -0.00122570188 0.0209486727
v 0.00107788364 -0.00126498786 0.0210185423
v 0.00119093177 -0.00122570188 0.0209486727
v 0.0011820629 -0.00127366313 0.0209342148
v 0.00107788364 -0.00126498786 0.0210185423
v 0.000598005485 -0.000995886046 0.0196647346
v 0.000582814449 -0.000871951052 0.0196479093
v 0.000694093993 -0.00094371743 0.0198815763
v 0.000598005485 -0.000995886046 0.0196647346
v 0.000694093993 -0.00094371743 0.0198815763
v 0.000747164479 -0.00104729878 0.0198727325
v 0.000733946625 -0.000798624416 0.0198865868
v 0.000694093993 -0.00094371743 0.0198815763
v 0.000582814449 -0.000871951052 0.0196479093
v 0.000733946625 -0.000798624416 0.0198865868
v 0.000582814449 -0.000871951052 0.0196479093
v 0.0006595577 -0.000781390292 0.019601848
v 0.000747164479 -0.00104729878 0.0198727325
v 0.000841767003 -0.00109387178 0.0198420417
v 0.000697605661 -0.00106744864 0.0196358934
v 0.000747164479 -0.00104729878 0.0198727325
v 0.000697605661 -0.00106744864 0.0196358934
v 0.000598005485 -0.000995886046 0.0196647346
v 0.000870106276 -0.000788821781 0.0198659971
v 0.000733946625 -0.000798624416 0.0198865868
v 0.0006595577 -0.000781390292 0.019601848
v 0.000870106276 -0.000788821781 0.0198659971
v 0.0006595577 -0.000781390292 0.019601848
v 0.000765407167 -0.000782629359 0.0195660777
v -0.000940538826 0.00139397546 0.0208034534
v -0.000981707941 0.00139637152 0.02076976
v -0.000974230643 0.00137077051 0.0207749717
v -0.00115659216 0.00128059683 0.0206122138
v -0.00116555183 0.00133469654 0.020598216
v -0.00131269661 0.00127161271 0.0204753354
v -0.00129802385 0.00121833931 0.02049415
v -0.00163630513 0.000744749676 0.0213793982
v -0.00158832362 0.000757620612 0.0214075018
v -0.00161339354 0.000712858397 0.021379305
v -0.00187960302 0.00071352598 0.0212416258
v -0.00183284131 0.000638944563 0.0212413501
v -0.00108337158 -0.0012105857 0.0202457253
v -0.00100909115 -0.00119514985 0.0203184094
v -0.000942214159 -0.00116900529 0.0201947857
v -0.00109089434 -0.00122467743 0.0203315094
v -0.00108337158 -0.0012105857 0.0202457253
v -0.00115749461 -0.00110226567 0.020365512
v -0.00109089434 -0.00122467743 0.0203315094
v -0.00120980502 -0.00108410383 0.0203419346
v -0.00121059828 -0.000970059773 0.0202658586
v -0.0011052842 -0.00102158729 0.020358514
v -0.00115749461 -0.00110226567 0.020365512
v -0.00110172259 -0.000944382453 0.0202005152
v -0.00110172259 -0.000944382453 0.0202005152
v -0.00102089101 -0.00105903845 0.0203415323
v -0.0011052842 -0.00102158729 0.020358514
v -0.000947630324 -0.000992415706 0.0202112477
v -0.000947630324 -0.000992415706 0.0202112477
v -0.00100909115 -0.00119514985 0.0203184094
v -0.00102089101 -0.00105903845 0.0203415323
v -0.000942214159 -0.00116900529 0.0201947857
v -0.0011435257 -0.00119970122 0.0206129644
v -0.0011052842 -0.00102158729 0.020358514
v -0.00102089101 -0.00105903845 0.0203415323
v -0.00117786857 -0.00112717983 0.0206146408
v -0.00122862461 -0.00118402834 0.0206265319
v -0.00109089434 -0.00122467743 0.0203315094
v -0.00115749461 -0.00110226567 0.020365512
v -0.00120046001 -0.00125298614 0.020625677
v -0.00120046001 -0.00125298614 0.020625677
v -0.00100909115 -0.00119514985 0.0203184094
v -0.00109089434 -0.00122467743 0.0203315094
v -0.0011435257 -0.00119970122 0.0206129644
v -0.00117786857 -0.00112717983 0.0206146408
v -0.00115749461 -0.00110226567 0.020365512
v -0.0011052842 -0.00102158729 0.020358514
v -0.00122862461 -0.00118402834 0.0206265319
v -0.000947630324 -0.000992415706 0.0202112477
v -0.000800203939 -0.00106755854 0.0200958848
v -0.000942214159 -0.00116900529 0.0201947857
v -0.000804752985 -0.000876762089 0.0201323163
v -0.000804752985 -0.000876762089 0.0201323163
v -0.000694093993 -0.00094371743 0.0198815763
v -0.000800203939 -0.00106755854 0.0200958848
v -0.000733946625 -0.000798624416 0.0198865868
v -0.000882679131 -0.00114673947 0.020050317
v -0.000942214159 -0.00116900529 0.0201947857
v -0.000800203939 -0.00106755854 0.0200958848
v -0.00108337158 -0.0012105857 0.0202457253
v -0.00233355165 -0.00049023662 0.0207593199
v -0.00248092413 -0.00024619748 0.0207847115
v -0.00238989247 -0.000440336793 0.0208120644
v -0.00249411864 -0.000151480272 0.0206517596
v -0.00249411864 -0.000151480272 0.0206517596
v -0.00232739211 -0.000142209858 0.0207554232
v -0.00248092413 -0.00024619748 0.0207847115
v -0.00233221799 -0.000130846995 0.0205836967
v -0.00233221799 -0.000130846995 0.0205836967
v -0.00245715608 9.04821281E-05 0.0206180122
v -0.00234097661 6.71140951E-05 0.020560924
v -0.00249411864 -0.000151480272 0.0206517596
v -0.00237635197 0.00042460757 0.0206216108
v -0.00226126215 0.000331912917 0.0207668506
v -0.00229275366 0.000250924611 0.0205867793
v -0.00233941409 0.000485059194 0.0207107421
v -0.00225164578 0.000630406197 0.0206683297
v -0.00217794557 0.000694835617 0.0206255354
v -0.00219429028 0.000624955108 0.0206941664
v -0.00223121326 0.000700609584 0.0205711219
v -0.00233941409 0.000485059194 0.0207107421
v -0.00223121326 0.000700609584 0.0205711219
v -0.00225164578 0.000630406197 0.0206683297
v -0.00237635197 0.00042460757 0.0206216108
v -0.00237635197 0.00042460757 0.0206216108
v -0.00224840036 0.000713284244 0.0204278789
v -0.00240077102 0.00048936042 0.0204580445
v -0.00249411864 -0.000151480272 0.0206517596
v -0.00242668274 -0.000424865662 0.0205780212
v -0.00255109626 -0.000165212128 0.0205151606
v -0.00233355165 -0.00049023662 0.0207593199
v -0.00249411864 -0.000151480272 0.0206517596
v -0.0025279203 7.08693333E-05 0.0204989221
v -0.00245715608 9.04821281E-05 0.0206180122
v -0.00255109626 -0.000165212128 0.0205151606
v -0.00242905249 0.000275845523 0.0206180979
v -0.00245715608 9.04821281E-05 0.0206180122
v -0.00247927732 0.000304776535 0.0204833057
v -0.00247927732 0.000304776535 0.0204833057
v -0.00237635197 0.00042460757 0.0206216108
v -0.00242905249 0.000275845523 0.0206180979
v -0.00240077102 0.00048936042 0.0204580445
v -0.00179472833 0.00108077424 0.0205049701
v -0.00167419703 0.00110928062 0.0206210651
v -0.00177693856 0.00104699726 0.0206475947
v -0.0017078449 0.00113395764 0.0204894803
v -0.0015542286 0.00118120923 0.0205738228
v -0.0017078449 0.00113395764 0.0204894803
v -0.00156936527 0.00118980638 0.0204787962
v -0.00162889657 0.00107484078 0.0206329301
v -0.0015542286 0.00118120923 0.0205738228
v -0.00151970959 0.0011312156 0.0205974914
v -0.00167419703 0.00110928062 0.0206210651
v -0.00151970959 0.0011312156 0.0205974914
v -0.00136337453 0.00125982892 0.0206156243
v -0.00133496686 0.00119808153 0.0206128955
v -0.0015542286 0.00118120923 0.0205738228
v -0.00133496686 0.00119808153 0.0206128955
v -0.00136337453 0.00125982892 0.0206156243
v -0.00121569471 0.00131479604 0.0207081027
v -0.00118955621 0.00125895289 0.0206990093
v -0.00121569471 0.00131479604 0.0207081027
v -0.000981369638 0.00136422168 0.0208153483
v -0.000996761257 0.0013946637 0.0208224244
v -0.000981369638 0.00136422168 0.0208153483
v -0.000952003582 0.00140376633 0.020831883
v -0.00094170362 0.00138519402 0.0208225548
v -0.000996761257 0.0013946637 0.0208224244
v -0.000952003582 0.00140376633 0.020831883
v -0.000940538826 0.00139397546 0.0208034534
v -0.00094170362 0.00138519402 0.0208225548
v -0.000951025635 0.00141263916 0.0208135359
v -0.000951025635 0.00141263916 0.0208135359
v -0.000981707941 0.00139637152 0.02076976
v -0.000940538826 0.00139397546 0.0208034534
v -0.000993468449 0.00140988152 0.0207931697
v -0.000940538826 0.00139397546 0.0208034534
v -0.000981369638 0.00136422168 0.0208153483
v -0.00094170362 0.00138519402 0.0208225548
v -0.000974230643 0.00137077051 0.0207749717
v -0.000951025635 0.00141263916 0.0208135359
v -0.000996761257 0.0013946637 0.0208224244
v -0.000993468449 0.00140988152 0.0207931697
v -0.000952003582 0.00140376633 0.020831883
v -0.00121569471 0.00131479604 0.0207081027
v -0.00134512258 0.00128644402 0.0205345955
v -0.00119763205 0.00134496309 0.0206470136
v -0.00136337453 0.00125982892 0.0206156243
v -0.00156936527 0.00118980638 0.0204787962
v -0.0015542286 0.00118120923 0.0205738228
v -0.00223121326 0.000700609584 0.0205711219
v -0.0021126552 0.000850858749 0.0204213765
v -0.002097219 0.000837548811 0.0205403101
v -0.00224840036 0.000713284244 0.0204278789
v -0.00224840036 0.000713284244 0.0204278789
v -0.00209322921 0.000827501528 0.0203430131
v -0.0021126552 0.000850858749 0.0204213765
v -0.00222506071 0.000682771089 0.0203386657
v -0.0021126552 0.000850858749 0.0204213765
v -0.00209322921 0.000827501528 0.0203430131
v -0.00179076323 0.00105879758 0.0203670897
v -0.00179472833 0.00108077424 0.0205049701
v -0.00171525951 0.00110482972 0.0203820821
v -0.0017078449 0.00113395764 0.0204894803
v -0.00179076323 0.00105879758 0.0203670897
v -0.00119763205 0.00134496309 0.0206470136
v -0.00131269661 0.00127161271 0.0204753354
v -0.00116555183 0.00133469654 0.020598216
v -0.00134512258 0.00128644402 0.0205345955
v -0.00134512258 0.00128644402 0.0205345955
v -0.00156370969 0.00116938166 0.0204075072
v -0.00131269661 0.00127161271 0.0204753354
v -0.00156936527 0.00118980638 0.0204787962
v -0.00167424744 0.00103181915 0.0204022601
v -0.0015268235 0.00111020263 0.0204229206
v -0.00156370969 0.00116938166 0.0204075072
v -0.00171525951 0.00110482972 0.0203820821
v -0.00179076323 0.00105879758 0.0203670897
v -0.00167424744 0.00103181915 0.0204022601
v -0.00175617775 0.000981597463 0.0204035975
v -0.00209322921 0.000827501528 0.0203430131
v -0.00175617775 0.000981597463 0.0204035975
v -0.00179076323 0.00105879758 0.0203670897
v -0.0020365864 0.000769712613 0.0203699507
v -0.00222506071 0.000682771089 0.0203386657
v -0.00216315896 0.000611427764 0.0203668252
v -0.00234901253 0.000502514653 0.0203446485
v -0.00225578249 0.000442913792 0.020368278
v -0.00177817256 0.000940882892 0.0206106771
v -0.00167424744 0.00103181915 0.0204022601
v -0.00175617775 0.000981597463 0.0204035975
v -0.00165111921 0.00101195718 0.0205568504
v -0.0015268235 0.00111020263 0.0204229206
v -0.00165111921 0.00101195718 0.0205568504
v -0.00150869053 0.00109377375 0.0205341075
v -0.00156370969 0.00116938166 0.0204075072
v -0.00129802385 0.00121833931 0.02049415
v -0.00131269661 0.00127161271 0.0204753354
v -0.0015268235 0.00111020263 0.0204229206
v -0.00240077102 0.00048936042 0.0204580445
v -0.00222506071 0.000682771089 0.0203386657
v -0.00224840036 0.000713284244 0.0204278789
v -0.00234901253 0.000502514653 0.0203446485
v -0.00216315896 0.000611427764 0.0203668252
v -0.00225578249 0.000442913792 0.020368278
v -0.00220302097 0.000379799865 0.0205900744
v -0.00213968707 0.000597803912 0.0205747057
v -0.00218482199 0.000383849692 0.0206820387
v -0.00220302097 0.000379799865 0.0205900744
v -0.00214510923 0.000526787713 0.0206807032
v -0.00234901253 0.000502514653 0.0203446485
v -0.00232329802 0.000274208112 0.0204025041
v -0.00225578249 0.000442913792 0.020368278
v -0.00243998179 0.000311330368 0.0203550421
v -0.00220302097 0.000379799865 0.0205900744
v -0.00232329802 0.000274208112 0.0204025041
v -0.00229275366 0.000250924611 0.0205867793
v -0.00225578249 0.000442913792 0.020368278
v -0.00240077102 0.00048936042 0.0204580445
v -0.00243998179 0.000311330368 0.0203550421
v -0.00234901253 0.000502514653 0.0203446485
v -0.00247927732 0.000304776535 0.0204833057
v -0.0025279203 7.08693333E-05 0.0204989221
v -0.00243998179 0.000311330368 0.0203550421
v -0.00247927732 0.000304776535 0.0204833057
v -0.00251036789 4.20108227E-05 0.0203698836
v -0.00242668274 -0.000424865662 0.0205780212
v -0.00250591012 -0.000229545331 0.0203839038
v -0.00255109626 -0.000165212128 0.0205151606
v -0.00236259494 -0.000422054844 0.0204675123
v -0.00236259494 -0.000422054844 0.0204675123
v -0.00234425208 -0.000189926199 0.0204371419
v -0.00250591012 -0.000229545331 0.0203839038
v -0.00220350293 -0.000380664278 0.0205082912
v -0.00234425208 -0.000189926199 0.0204371419
v -0.00251036789 4.20108227E-05 0.0203698836
v -0.00250591012 -0.000229545331 0.0203839038
v -0.00237018475 3.90244277E-05 0.0203995127
v -0.00232329802 0.000274208112 0.0204025041
v -0.00243998179 0.000311330368 0.0203550421
v -0.00220964826 -0.000570579548 0.0207618773
v -0.00203589071 -0.000740800402 0.0206387807
v -0.00242668274 -0.000424865662 0.0205780212
v -0.00191055576 -0.000820098852 0.0207679905
v -0.00191055576 -0.000820098852 0.0207679905
v -0.0016201468 -0.00100590324 0.0204852596
v -0.00203589071 -0.000740800402 0.0206387807
v -0.00156638515 -0.00101182575 0.020581156
v -0.00156638515 -0.00101182575 0.020581156
v -0.0012053533 -0.00124815269 0.0201299991
v -0.0016201468 -0.00100590324 0.0204852596
v -0.00120853423 -0.00118884153 0.020286534
v -0.000882679131 -0.00114673947 0.020050317
v -0.000841767003 -0.00109387178 0.0198420417
v -0.000951590831 -0.00116988993 0.019984724
v -0.000747164479 -0.00104729878 0.0198727325
v -0.000697605661 -0.00106744864 0.0196358934
v -0.00092762342 -0.00106078573 0.0198148657
v -0.000841767003 -0.00109387178 0.0198420417
v -0.000803615723 -0.00102694647 0.0195859801
v -0.000951590831 -0.00116988993 0.019984724
v -0.00123225036 -0.00121904141 0.0200612191
v -0.0012053533 -0.00124815269 0.0201299991
v -0.00099961157 -0.00114885939 0.0199361537
v -0.000841767003 -0.00109387178 0.0198420417
v -0.00099961157 -0.00114885939 0.0199361537
v -0.00092762342 -0.00106078573 0.0198148657
v -0.0012053533 -0.00124815269 0.0201299991
v -0.00123225036 -0.00121904141 0.0200612191
v -0.00162966363 -0.000981898047 0.0204080287
v -0.0016201468 -0.00100590324 0.0204852596
v -0.00201998441 -0.000734536501 0.0205281507
v -0.00203589071 -0.000740800402 0.0206387807
v -0.00201998441 -0.000734536501 0.0205281507
v -0.00242668274 -0.000424865662 0.0205780212
v -0.00203589071 -0.000740800402 0.0206387807
v -0.00236259494 -0.000422054844 0.0204675123
v -0.00201998441 -0.000734536501 0.0205281507
v -0.00157870038 -0.000841883651 0.0204290263
v -0.00192655378 -0.000651210255 0.020541884
v -0.00162966363 -0.000981898047 0.0204080287
v -0.00162966363 -0.000981898047 0.0204080287
v -0.00122885336 -0.000998490141 0.0201396775
v -0.00157870038 -0.000841883651 0.0204290263
v -0.00123225036 -0.00121904141 0.0200612191
v -0.00099961157 -0.00114885939 0.0199361537
v -0.00122885336 -0.000998490141 0.0201396775
v -0.00102238136 -0.000933328469 0.0199797731
v -0.00201998441 -0.000734536501 0.0205281507
v -0.00220350293 -0.000380664278 0.0205082912
v -0.00236259494 -0.000422054844 0.0204675123
v -0.00192655378 -0.000651210255 0.020541884
v -0.00192655378 -0.000651210255 0.020541884
v -0.0015302375 -0.000819400011 0.0205333512
v -0.00186577765 -0.000619040686 0.0206568427
v -0.00157870038 -0.000841883651 0.0204290263
v -0.00157870038 -0.000841883651 0.0204290263
v -0.00121059828 -0.000970059773 0.0202658586
v -0.0015302375 -0.000819400011 0.0205333512
v -0.00122885336 -0.000998490141 0.0201396775
v -0.00186577765 -0.000619040686 0.0206568427
v -0.00220350293 -0.000380664278 0.0205082912
v -0.00192655378 -0.000651210255 0.020541884
v -0.00214828947 -0.000351676601 0.0206051562
v -0.00214828947 -0.000351676601 0.0206051562
v -0.00234425208 -0.000189926199 0.0204371419
v -0.00220350293 -0.000380664278 0.0205082912
v -0.00233221799 -0.000130846995 0.0205836967
v -0.00232329802 0.000274208112 0.0204025041
v -0.00234097661 6.71140951E-05 0.020560924
v -0.00229275366 0.000250924611 0.0205867793
v -0.00237018475 3.90244277E-05 0.0203995127
v -0.00102238136 -0.000933328469 0.0199797731
v -0.00092762342 -0.00106078573 0.0198148657
v -0.000948199828 -0.000883372908 0.0198316686
v -0.00099961157 -0.00114885939 0.0199361537
v -0.000948199828 -0.000883372908 0.0198316686
v -0.000803615723 -0.00102694647 0.0195859801
v -0.000830111559 -0.000893059187 0.0195584465
v -0.00110172259 -0.000944382453 0.0202005152
v -0.000804752985 -0.000876762089 0.0201323163
v -0.000947630324 -0.000992415706 0.0202112477
v -0.000953113486 -0.000857382605 0.0200635791
v -0.000953113486 -0.000857382605 0.0200635791
v -0.000733946625 -0.000798624416 0.0198865868
v -0.000804752985 -0.000876762089 0.0201323163
v -0.000870106276 -0.000788821781 0.0198659971
v -0.00102238136 -0.000933328469 0.0199797731
v -0.000870106276 -0.000788821781 0.0198659971
v -0.000953113486 -0.000857382605 0.0200635791
v -0.000948199828 -0.000883372908 0.0198316686
v -0.00121059828 -0.000970059773 0.0202658586
v -0.00151718117 -0.000924682827 0.0205994677
v -0.0015302375 -0.000819400011 0.0205333512
v -0.00120980502 -0.00108410383 0.0203419346
v -0.00181268936 -0.000750014093 0.0207908694
v -0.0015302375 -0.000819400011 0.0205333512
v -0.00186577765 -0.000619040686 0.0206568427
v -0.00206979713 -0.000521968061 0.020779077
v -0.00214828947 -0.000351676601 0.0206051562
v -0.00181268936 -0.000750014093 0.0207908694
v -0.00151718117 -0.000924682827 0.0205994677
v -0.00120853423 -0.00118884153 0.020286534
v -0.00156638515 -0.00101182575 0.020581156
v -0.00120980502 -0.00108410383 0.0203419346
v -0.00191055576 -0.000820098852 0.0207679905
v -0.00151718117 -0.000924682827 0.0205994677
v -0.00156638515 -0.00101182575 0.020581156
v -0.00181268936 -0.000750014093 0.0207908694
v -0.00191055576 -0.000820098852 0.0207679905
v -0.00206979713 -0.000521968061 0.020779077
v -0.00181268936 -0.000750014093 0.0207908694
v -0.00220964826 -0.000570579548 0.0207618773
v -0.00220964826 -0.000570579548 0.0207618773
v -0.00216796971 -0.000467152247 0.0207923688
v -0.00206979713 -0.000521968061 0.020779077
v -0.00233355165 -0.00049023662 0.0207593199
v -0.00233355165 -0.00049023662 0.0207593199
v -0.00223816582 -0.000426416053 0.020830337
v -0.00216796971 -0.000467152247 0.0207923688
v -0.00238989247 -0.000440336793 0.0208120644
v -0.00223816582 -0.000426416053 0.020830337
v -0.00223266333 -0.000285769085 0.0206824504
v -0.00216796971 -0.000467152247 0.0207923688
v -0.00226373738 -0.000286613125 0.0207649488
v -0.00216796971 -0.000467152247 0.0207923688
v -0.00214828947 -0.000351676601 0.0206051562
v -0.00206979713 -0.000521968061 0.020779077
v -0.00223266333 -0.000285769085 0.0206824504
v -0.00226126215 0.000331912917 0.0207668506
v -0.00220302097 0.000379799865 0.0205900744
v -0.00229275366 0.000250924611 0.0205867793
v -0.00218482199 0.000383849692 0.0206820387
v -0.00216315896 0.000611427764 0.0203668252
v -0.00204035128 0.000769913197 0.0205463786
v -0.0020365864 0.000769712613 0.0203699507
v -0.00213968707 0.000597803912 0.0205747057
v -0.00217794557 0.000694835617 0.0206255354
v -0.00204035128 0.000769913197 0.0205463786
v -0.00213968707 0.000597803912 0.0205747057
v -0.00207774015 0.000815872452 0.020588845
v -0.00204035128 0.000769913197 0.0205463786
v -0.00175617775 0.000981597463 0.0204035975
v -0.0020365864 0.000769712613 0.0203699507
v -0.00177817256 0.000940882892 0.0206106771
v -0.00162889657 0.00107484078 0.0206329301
v -0.00150869053 0.00109377375 0.0205341075
v -0.00165111921 0.00101195718 0.0205568504
v -0.00151970959 0.0011312156 0.0205974914
v -0.00118955621 0.00125895289 0.0206990093
v -0.00129802385 0.00121833931 0.02049415
v -0.00133496686 0.00119808153 0.0206128955
v -0.00115659216 0.00128059683 0.0206122138
v -0.000981369638 0.00136422168 0.0208153483
v -0.00118955621 0.00125895289 0.0206990093
v -0.000974230643 0.00137077051 0.0207749717
v -0.00133496686 0.00119808153 0.0206128955
v -0.0015268235 0.00111020263 0.0204229206
v -0.00150869053 0.00109377375 0.0205341075
v -0.00208031433 -0.000162629134 0.0214356724
v -0.00237203366 -0.000220567556 0.0210968014
v -0.00215724879 -7.86583551E-05 0.0214225296
v -0.00230653584 -0.000350496732 0.0211070776
v -0.00230653584 -0.000350496732 0.0211070776
v -0.00248092413 -0.00024619748 0.0207847115
v -0.00237203366 -0.000220567556 0.0210968014
v -0.00238989247 -0.000440336793 0.0208120644
v -0.00248092413 -0.00024619748 0.0207847115
v -0.00232593506 -0.000150443841 0.0210460722
v -0.00237203366 -0.000220567556 0.0210968014
v -0.00232739211 -0.000142209858 0.0207554232
v -0.00238989247 -0.000440336793 0.0208120644
v -0.00221996009 -0.000360672653 0.0210627019
v -0.00223816582 -0.000426416053 0.020830337
v -0.00230653584 -0.000350496732 0.0211070776
v -0.00230653584 -0.000350496732 0.0211070776
v -0.00198617205 -0.000196537076 0.0213694256
v -0.00221996009 -0.000360672653 0.0210627019
v -0.00208031433 -0.000162629134 0.0214356724
v -0.00208031433 -0.000162629134 0.0214356724
v -0.00161585084 1.23216396E-05 0.0215661097
v -0.00198617205 -0.000196537076 0.0213694256
v -0.00166526239 4.92849285E-05 0.0216268804
v -0.00146140554 0.00014907177 0.0216689482
v -0.00162013527 5.55074839E-05 0.0215178728
v -0.00161585084 1.23216396E-05 0.0215661097
v -0.00146491453 0.000162238997 0.0216572583
v -0.00162013527 5.55074839E-05 0.0215178728
v -0.00148238149 0.000178773189 0.0216677804
v -0.00167276361 0.000119532357 0.0215466712
v -0.00146491453 0.000162238997 0.0216572583
v -0.00161585084 1.23216396E-05 0.0215661097
v -0.00199421612 -0.000128586151 0.0213111229
v -0.00198617205 -0.000196537076 0.0213694256
v -0.00162013527 5.55074839E-05 0.0215178728
v -0.00198617205 -0.000196537076 0.0213694256
v -0.00223194808 -0.000237033237 0.0210249983
v -0.00221996009 -0.000360672653 0.0210627019
v -0.00199421612 -0.000128586151 0.0213111229
v -0.00221996009 -0.000360672653 0.0210627019
v -0.00226373738 -0.000286613125 0.0207649488
v -0.00223816582 -0.000426416053 0.020830337
v -0.00223194808 -0.000237033237 0.0210249983
v -0.00226373738 -0.000286613125 0.0207649488
v -0.00232593506 -0.000150443841 0.0210460722
v -0.00232739211 -0.000142209858 0.0207554232
v -0.00223194808 -0.000237033237 0.0210249983
v -0.00172560045 0.00010320243 0.0216171946
v -0.00148650492 0.000148086692 0.0216951277
v -0.00166526239 4.92849285E-05 0.0216268804
v -0.0014819639 0.000169854538 0.0216876939
v -0.00208031433 -0.000162629134 0.0214356724
v -0.00172560045 0.00010320243 0.0216171946
v -0.00166526239 4.92849285E-05 0.0216268804
v -0.00215724879 -7.86583551E-05 0.0214225296
v -0.00237203366 -0.000220567556 0.0210968014
v -0.0020731932 -4.94162741E-05 0.0213350132
v -0.00215724879 -7.86583551E-05 0.0214225296
v -0.00232593506 -0.000150443841 0.0210460722
v -0.0014819639 0.000169854538 0.0216876939
v -0.00167276361 0.000119532357 0.0215466712
v -0.00148238149 0.000178773189 0.0216677804
v -0.00172560045 0.00010320243 0.0216171946
v -0.00172560045 0.00010320243 0.0216171946
v -0.0020731932 -4.94162741E-05 0.0213350132
v -0.00167276361 0.000119532357 0.0215466712
v -0.00215724879 -7.86583551E-05 0.0214225296
v -0.0020731932 -4.94162741E-05 0.0213350132
v -0.00223194808 -0.000237033237 0.0210249983
v -0.00199421612 -0.000128586151 0.0213111229
v -0.00232593506 -0.000150443841 0.0210460722
v -0.00146491453 0.000162238997 0.0216572583
v -0.0014819639 0.000169854538 0.0216876939
v -0.00148238149 0.000178773189 0.0216677804
v -0.00146140554 0.00014907177 0.0216689482
v -0.00162013527 5.55074839E-05 0.0215178728
v -0.0020731932 -4.94162741E-05 0.0213350132
v -0.00199421612 -0.000128586151 0.0213111229
v -0.00167276361 0.000119532357 0.0215466712
v -0.00177693856 0.00104699726 0.0206475947
v -0.00172646716 0.00095000607 0.0207634475
v -0.00177817256 0.000940882892 0.0206106771
v -0.00170287292 0.001040073 0.0207601096
v -0.00167419703 0.00110928062 0.0206210651
v -0.00170287292 0.001040073 0.0207601096
v -0.00177693856 0.00104699726 0.0206475947
v -0.00162617839 0.00107328291 0.0207303427
v -0.00162889657 0.00107484078 0.0206329301
v -0.00162617839 0.00107328291 0.0207303427
v -0.00167419703 0.00110928062 0.0206210651
v -0.00161389657 0.00101395033 0.0207064338
v -0.00165111921 0.00101195718 0.0205568504
v -0.00172646716 0.00095000607 0.0207634475
v -0.00161389657 0.00101395033 0.0207064338
v -0.00177817256 0.000940882892 0.0206106771
v -0.00172646716 0.00095000607 0.0207634475
v -0.00155426876 0.00100993121 0.0209529176
v -0.00153550424 0.000947474386 0.0209343601
v -0.00170287292 0.001040073 0.0207601096
v -0.00155426876 0.00100993121 0.0209529176
v -0.00129414455 0.000939581951 0.0211369898
v -0.00153550424 0.000947474386 0.0209343601
v -0.00129408354 0.000961817277 0.0211413112
v -0.00129408354 0.000961817277 0.0211413112
v -0.00127746921 0.000946118671 0.0211206153
v -0.00129414455 0.000939581951 0.0211369898
v -0.00128137332 0.000966745545 0.0211228412
v -0.00127746921 0.000946118671 0.0211206153
v -0.00153550424 0.000947474386 0.0209343601
v -0.00129414455 0.000939581951 0.0211369898
v -0.00148227881 0.000988863292 0.0208861176
v -0.00172646716 0.00095000607 0.0207634475
v -0.00148227881 0.000988863292 0.0208861176
v -0.00161389657 0.00101395033 0.0207064338
v -0.00161389657 0.00101395033 0.0207064338
v -0.00149376586 0.00105151208 0.0208983105
v -0.00162617839 0.00107328291 0.0207303427
v -0.00148227881 0.000988863292 0.0208861176
v -0.00162617839 0.00107328291 0.0207303427
v -0.00155426876 0.00100993121 0.0209529176
v -0.00170287292 0.001040073 0.0207601096
v -0.00149376586 0.00105151208 0.0208983105
v -0.00148227881 0.000988863292 0.0208861176
v -0.00128137332 0.000966745545 0.0211228412
v -0.00149376586 0.00105151208 0.0208983105
v -0.00127746921 0.000946118671 0.0211206153
v -0.00155426876 0.00100993121 0.0209529176
v -0.00128137332 0.000966745545 0.0211228412
v -0.00129408354 0.000961817277 0.0211413112
v -0.00149376586 0.00105151208 0.0208983105
v -0.00158329075 0.000783906493 0.0213891473
v -0.00158412498 0.00076971401 0.0213379171
v -0.00155944924 0.000774913875 0.0213795584
v -0.00162639678 0.000785636483 0.021355385
v -0.00205211458 0.000724574376 0.0210445821
v -0.00208174204 0.000570177974 0.0208490584
v -0.00197317451 0.000670598936 0.0210121349
v -0.00218252605 0.00064868998 0.0208582636
v -0.00208174204 0.000570177974 0.0208490584
v -0.00219429028 0.000624955108 0.0206941664
v -0.00214510923 0.000526787713 0.0206807032
v -0.00218252605 0.00064868998 0.0208582636
v -0.00225164578 0.000630406197 0.0206683297
v -0.00225164578 0.000630406197 0.0206683297
v -0.00222805631 0.000590068405 0.0208956804
v -0.00233941409 0.000485059194 0.0207107421
v -0.00218252605 0.00064868998 0.0208582636
v -0.00208939961 0.000669114117 0.0210759416
v -0.00222805631 0.000590068405 0.0208956804
v -0.00205211458 0.000724574376 0.0210445821
v -0.00233941409 0.000485059194 0.0207107421
v -0.00218107807 0.000467379723 0.0209324602
v -0.00226126215 0.000331912917 0.0207668506
v -0.00222805631 0.000590068405 0.0208956804
v -0.00226126215 0.000331912917 0.0207668506
v -0.00210521184 0.000480189512 0.0208707191
v -0.00218482199 0.000383849692 0.0206820387
v -0.00218107807 0.000467379723 0.0209324602
v -0.00210521184 0.000480189512 0.0208707191
v -0.00214510923 0.000526787713 0.0206807032
v -0.00218482199 0.000383849692 0.0206820387
v -0.00208174204 0.000570177974 0.0208490584
v -0.00197317451 0.000670598936 0.0210121349
v -0.0018502468 0.000771481893 0.0212077163
v -0.00205211458 0.000724574376 0.0210445821
v -0.00178177317 0.000738688686 0.0211725663
v -0.00158450089 0.000727500825 0.0213571601
v -0.00155944924 0.000774913875 0.0213795584
v -0.00158412498 0.00076971401 0.0213379171
v -0.0015619176 0.000746965292 0.0213940907
v -0.00197317451 0.000670598936 0.0210121349
v -0.00199243403 0.000599530817 0.0210387744
v -0.00178960396 0.000667920569 0.0211948436
v -0.00178177317 0.000738688686 0.0211725663
v -0.00158412498 0.00076971401 0.0213379171
v -0.00158450089 0.000727500825 0.0213571601
v -0.00208174204 0.000570177974 0.0208490584
v -0.00199243403 0.000599530817 0.0210387744
v -0.00197317451 0.000670598936 0.0210121349
v -0.00210521184 0.000480189512 0.0208707191
v -0.00205211458 0.000724574376 0.0210445821
v -0.00187960302 0.00071352598 0.0212416258
v -0.00208939961 0.000669114117 0.0210759416
v -0.0018502468 0.000771481893 0.0212077163
v -0.00158329075 0.000783906493 0.0213891473
v -0.00158832362 0.000757620612 0.0214075018
v -0.00163630513 0.000744749676 0.0213793982
v -0.00162639678 0.000785636483 0.021355385
v -0.0018502468 0.000771481893 0.0212077163
v -0.00187960302 0.00071352598 0.0212416258
v -0.00222805631 0.000590068405 0.0208956804
v -0.00206146645 0.000587875023 0.0210853349
v -0.00218107807 0.000467379723 0.0209324602
v -0.00208939961 0.000669114117 0.0210759416
v -0.00218107807 0.000467379723 0.0209324602
v -0.00199243403 0.000599530817 0.0210387744
v -0.00210521184 0.000480189512 0.0208707191
v -0.00206146645 0.000587875023 0.0210853349
v -0.0015619176 0.000746965292 0.0213940907
v -0.00158329075 0.000783906493 0.0213891473
v -0.00155944924 0.000774913875 0.0213795584
v -0.00158832362 0.000757620612 0.0214075018
v -0.0015619176 0.000746965292 0.0213940907
v -0.00161339354 0.000712858397 0.021379305
v -0.00158832362 0.000757620612 0.0214075018
v -0.00158450089 0.000727500825 0.0213571601
v -0.00199243403 0.000599530817 0.0210387744
v -0.00206146645 0.000587875023 0.0210853349
v -0.00183284131 0.000638944563 0.0212413501
v -0.00178960396 0.000667920569 0.0211948436
v -0.00158450089 0.000727500825 0.0213571601
v -0.00183284131 0.000638944563 0.0212413501
v -0.00161339354 0.000712858397 0.021379305
v -0.00187960302 0.00071352598 0.0212416258
v -0.00206146645 0.000587875023 0.0210853349
v -0.00208939961 0.000669114117 0.0210759416
v -0.00183284131 0.000638944563 0.0212413501
v -0.0011435257 -0.00119970122 0.0206129644
v -0.00119453634 -0.0011680813 0.0207860842
v -0.00117786857 -0.00112717983 0.0206146408
v -0.00116677338 -0.00122763426 0.0207876842
v -0.00120046001 -0.00125298614 0.020625677
v -0.00116677338 -0.00122763426 0.0207876842
v -0.0011435257 -0.00119970122 0.0206129644
v -0.00122094946 -0.00127674639 0.0207914747
v -0.00117786857 -0.00112717983 0.0206146408
v -0.00124209048 -0.0012195399 0.0207910035
v -0.00122862461 -0.00118402834 0.0206265319
v -0.00119453634 -0.0011680813 0.0207860842
v -0.00122862461 -0.00118402834 0.0206265319
v -0.00122094946 -0.00127674639 0.0207914747
v -0.00120046001 -0.00125298614 0.020625677
v -0.00124209048 -0.0012195399 0.0207910035
v -0.00116677338 -0.00122763426 0.0207876842
v -0.00115699181 -0.00119002501 0.020927513
v -0.00119453634 -0.0011680813 0.0207860842
v -0.0011477014 -0.00123852515 0.0209129397
v -0.00122094946 -0.00127674639 0.0207914747
v -0.0011477014 -0.00123852515 0.0209129397
v -0.00116677338 -0.00122763426 0.0207876842
v -0.0011820629 -0.00127366313 0.0209342148
v -0.00119453634 -0.0011680813 0.0207860842
v -0.00119093177 -0.00122570188 0.0209486727
v -0.00124209048 -0.0012195399 0.0207910035
v -0.00115699181 -0.00119002501 0.020927513
v -0.00124209048 -0.0012195399 0.0207910035
v -0.0011820629 -0.00127366313 0.0209342148
v -0.00122094946 -0.00127674639 0.0207914747
v -0.00119093177 -0.00122570188 0.0209486727
v -0.00148650492 0.000148086692 0.0216951277
v -0.00161585084 1.23216396E-05 0.0215661097
v -0.00166526239 4.92849285E-05 0.0216268804
v -0.00146140554 0.00014907177 0.0216689482
v -0.00116555183 0.00133469654 0.020598216
v -0.000993468449 0.00140988152 0.0207931697
v -0.00119763205 0.00134496309 0.0206470136
v -0.000981707941 0.00139637152 0.02076976
v -0.000993468449 0.00140988152 0.0207931697
v -0.00121569471 0.00131479604 0.0207081027
v -0.00119763205 0.00134496309 0.0206470136
v -0.000996761257 0.0013946637 0.0208224244
v -0.0018502468 0.000771481893 0.0212077163
v -0.00158412498 0.00076971401 0.0213379171
v -0.00162639678 0.000785636483 0.021355385
v -0.00178177317 0.000738688686 0.0211725663
v -0.0017078449 0.00113395764 0.0204894803
v -0.00156370969 0.00116938166 0.0204075072
v -0.00156936527 0.00118980638 0.0204787962
v -0.00171525951 0.00110482972 0.0203820821
v -0.00234097661 6.71140951E-05 0.020560924
v -0.00242905249 0.000275845523 0.0206180979
v -0.00229275366 0.000250924611 0.0205867793
v -0.00245715608 9.04821281E-05 0.0206180122
v -0.00251036789 4.20108227E-05 0.0203698836
v -0.00255109626 -0.000165212128 0.0205151606
v -0.00250591012 -0.000229545331 0.0203839038
v -0.0025279203 7.08693333E-05 0.0204989221
v -0.00237018475 3.90244277E-05 0.0203995127
v -0.00233221799 -0.000130846995 0.0205836967
v -0.00234097661 6.71140951E-05 0.020560924
v -0.00234425208 -0.000189926199 0.0204371419
v -0.00122885336 -0.000998490141 0.0201396775
v -0.000953113486 -0.000857382605 0.0200635791
v -0.00110172259 -0.000944382453 0.0202005152
v -0.00102238136 -0.000933328469 0.0199797731
v -0.00108337158 -0.0012105857 0.0202457253
v -0.000951590831 -0.00116988993 0.019984724
v -0.0012053533 -0.00124815269 0.0201299991
v -0.000882679131 -0.00114673947 0.020050317
v -0.00186129997 0.00100516225 0.0205946378
v -0.00204035128 0.000769913197 0.0205463786
v -0.00207774015 0.000815872452 0.020588845
v -0.00177817256 0.000940882892 0.0206106771
v -0.000747164479 -0.00104729878 0.0198727325
v -0.000800203939 -0.00106755854 0.0200958848
v -0.000694093993 -0.00094371743 0.0198815763
v -0.000882679131 -0.00114673947 0.020050317
v -0.000870106276 -0.000788821781 0.0198659971
v -0.000830111559 -0.000893059187 0.0195584465
v -0.000765407167 -0.000782629359 0.0195660777
v -0.000948199828 -0.000883372908 0.0198316686
v 0.000940538826 0.00139397546 0.0208034534
v 0.000974230643 0.00137077051 0.0207749717
v 0.000981707941 0.00139637152 0.02076976
v 0.00115659216 0.00128059683 0.0206122138
v 0.00116555183 0.00133469654 0.020598216
v 0.00131269661 0.00127161271 0.0204753354
v 0.00129802385 0.00121833931 0.02049415
v 0.00163630513 0.000744749676 0.0213793982
v 0.00161339354 0.000712858397 0.021379305
v 0.00158832362 0.000757620612 0.0214075018
v 0.00187960302 0.00071352598 0.0212416258
v 0.00183284131 0.000638944563 0.0212413501
v 0.00108337158 -0.0012105857 0.0202457253
v 0.000942214159 -0.00116900529 0.0201947857
v 0.00100909115 -0.00119514985 0.0203184094
v 0.00109089434 -0.00122467743 0.0203315094
v 0.00108337158 -0.0012105857 0.0202457253
v 0.00109089434 -0.00122467743 0.0203315094
v 0.00115749461 -0.00110226567 0.020365512
v 0.00120980502 -0.00108410383 0.0203419346
v 0.00121059828 -0.000970059773 0.0202658586
v 0.00115749461 -0.00110226567 0.020365512
v 0.0011052842 -0.00102158729 0.020358514
v 0.00110172259 -0.000944382453 0.0202005152
v 0.00110172259 -0.000944382453 0.0202005152
v 0.0011052842 -0.00102158729 0.020358514
v 0.00102089101 -0.00105903845 0.0203415323
v 0.000947630324 -0.000992415706 0.0202112477
v 0.000947630324 -0.000992415706 0.0202112477
v 0.00102089101 -0.00105903845 0.0203415323
v 0.00100909115 -0.00119514985 0.0203184094
v 0.000942214159 -0.00116900529 0.0201947857
v 0.0011435257 -0.00119970122 0.0206129644
v 0.00102089101 -0.00105903845 0.0203415323
v 0.0011052842 -0.00102158729 0.020358514
v 0.00117786857 -0.00112717983 0.0206146408
v 0.00122862461 -0.00118402834 0.0206265319
v 0.00115749461 -0.00110226567 0.020365512
v 0.00109089434 -0.00122467743 0.0203315094
v 0.00120046001 -0.00125298614 0.020625677
v 0.00120046001 -0.00125298614 0.020625677
v 0.00109089434 -0.00122467743 0.0203315094
v 0.00100909115 -0.00119514985 0.0203184094
v 0.0011435257 -0.00119970122 0.0206129644
v 0.00117786857 -0.00112717983 0.0206146408
v 0.0011052842 -0.00102158729 0.020358514
v 0.00115749461 -0.00110226567 0.020365512
v 0.00122862461 -0.00118402834 0.0206265319
v 0.000947630324 -0.000992415706 0.0202112477
v 0.000942214159 -0.00116900529 0.0201947857
v 0.000800203939 -0.00106755854 0.0200958848
v 0.000804752985 -0.000876762089 0.0201323163
v 0.000804752985 -0.000876762089 0.0201323163
v 0.000800203939 -0.00106755854 0.0200958848
v 0.000694093993 -0.00094371743 0.0198815763
v 0.000733946625 -0.000798624416 0.0198865868
v 0.000882679131 -0.00114673947 0.020050317
v 0.000800203939 -0.00106755854 0.0200958848
v 0.000942214159 -0.00116900529 0.0201947857
v 0.00108337158 -0.0012105857 0.0202457253
v 0.00233355165 -0.00049023662 0.0207593199
v 0.00238989247 -0.000440336793 0.0208120644
v 0.00248092413 -0.00024619748 0.0207847115
v 0.00249411864 -0.000151480272 0.0206517596
v 0.00249411864 -0.000151480272 0.0206517596
v 0.00248092413 -0.00024619748 0.0207847115
v 0.00232739211 -0.000142209858 0.0207554232
v 0.00233221799 -0.000130846995 0.0205836967
v 0.00233221799 -0.000130846995 0.0205836967
v 0.00234097661 6.71140951E-05 0.020560924
v 0.00245715608 9.04821281E-05 0.0206180122
v 0.00249411864 -0.000151480272 0.0206517596
v 0.00237635197 0.00042460757 0.0206216108
v 0.00229275366 0.000250924611 0.0205867793
v 0.00226126215 0.000331912917 0.0207668506
v 0.00233941409 0.000485059194 0.0207107421
v 0.00225164578 0.000630406197 0.0206683297
v 0.00219429028 0.000624955108 0.0206941664
v 0.00217794557 0.000694835617 0.0206255354
v 0.00223121326 0.000700609584 0.0205711219
v 0.00233941409 0.000485059194 0.0207107421
v 0.00225164578 0.000630406197 0.0206683297
v 0.00223121326 0.000700609584 0.0205711219
v 0.00237635197 0.00042460757 0.0206216108
v 0.00237635197 0.00042460757 0.0206216108
v 0.00224840036 0.000713284244 0.0204278789
v 0.00240077102 0.00048936042 0.0204580445
v 0.00249411864 -0.000151480272 0.0206517596
v 0.00255109626 -0.000165212128 0.0205151606
v 0.00242668274 -0.000424865662 0.0205780212
v 0.00233355165 -0.00049023662 0.0207593199
v 0.00249411864 -0.000151480272 0.0206517596
v 0.00245715608 9.04821281E-05 0.0206180122
v 0.0025279203 7.08693333E-05 0.0204989221
v 0.00255109626 -0.000165212128 0.0205151606
v 0.00245715608 9.04821281E-05 0.0206180122
v 0.00242905249 0.000275845523 0.0206180979
v 0.00247927732 0.000304776535 0.0204833057
v 0.00247927732 0.000304776535 0.0204833057
v 0.00242905249 0.000275845523 0.0206180979
v 0.00237635197 0.00042460757 0.0206216108
v 0.00240077102 0.00048936042 0.0204580445
v 0.00179472833 0.00108077424 0.0205049701
v 0.00177693856 0.00104699726 0.0206475947
v 0.00167419703 0.00110928062 0.0206210651
v 0.0017078449 0.00113395764 0.0204894803
v 0.0015542286 0.00118120923 0.0205738228
v 0.0017078449 0.00113395764 0.0204894803
v 0.00156936527 0.00118980638 0.0204787962
v 0.00162889657 0.00107484078 0.0206329301
v 0.00151970959 0.0011312156 0.0205974914
v 0.0015542286 0.00118120923 0.0205738228
v 0.00167419703 0.00110928062 0.0206210651
v 0.00151970959 0.0011312156 0.0205974914
v 0.00133496686 0.00119808153 0.0206128955
v 0.00136337453 0.00125982892 0.0206156243
v 0.0015542286 0.00118120923 0.0205738228
v 0.00133496686 0.00119808153 0.0206128955
v 0.00121569471 0.00131479604 0.0207081027
v 0.00136337453 0.00125982892 0.0206156243
v 0.00118955621 0.00125895289 0.0206990093
v 0.00121569471 0.00131479604 0.0207081027
v 0.000981369638 0.00136422168 0.0208153483
v 0.000996761257 0.0013946637 0.0208224244
v 0.000981369638 0.00136422168 0.0208153483
v 0.00094170362 0.00138519402 0.0208225548
v 0.000952003582 0.00140376633 0.020831883
v 0.000996761257 0.0013946637 0.0208224244
v 0.000952003582 0.00140376633 0.020831883
v 0.00094170362 0.00138519402 0.0208225548
v 0.000940538826 0.00139397546 0.0208034534
v 0.000951025635 0.00141263916 0.0208135359
v 0.000951025635 0.00141263916 0.0208135359
v 0.000940538826 0.00139397546 0.0208034534
v 0.000981707941 0.00139637152 0.02076976
v 0.000993468449 0.00140988152 0.0207931697
v 0.000940538826 0.00139397546 0.0208034534
v 0.00094170362 0.00138519402 0.0208225548
v 0.000981369638 0.00136422168 0.0208153483
v 0.000974230643 0.00137077051 0.0207749717
v 0.000951025635 0.00141263916 0.0208135359
v 0.000993468449 0.00140988152 0.0207931697
v 0.000996761257 0.0013946637 0.0208224244
v 0.000952003582 0.00140376633 0.020831883
v 0.00121569471 0.00131479604 0.0207081027
v 0.00119763205 0.00134496309 0.0206470136
v 0.00134512258 0.00128644402 0.0205345955
v 0.00136337453 0.00125982892 0.0206156243
v 0.00156936527 0.00118980638 0.0204787962
v 0.0015542286 0.00118120923 0.0205738228
v 0.00223121326 0.000700609584 0.0205711219
v 0.002097219 0.000837548811 0.0205403101
v 0.0021126552 0.000850858749 0.0204213765
v 0.00224840036 0.000713284244 0.0204278789
v 0.00224840036 0.000713284244 0.0204278789
v 0.0021126552 0.000850858749 0.0204213765
v 0.00209322921 0.000827501528 0.0203430131
v 0.00222506071 0.000682771089 0.0203386657
v 0.0021126552 0.000850858749 0.0204213765
v 0.00179076323 0.00105879758 0.0203670897
v 0.00209322921 0.000827501528 0.0203430131
v 0.00179472833 0.00108077424 0.0205049701
v 0.0017078449 0.00113395764 0.0204894803
v 0.00171525951 0.00110482972 0.0203820821
v 0.00179076323 0.00105879758 0.0203670897
v 0.00119763205 0.00134496309 0.0206470136
v 0.00116555183 0.00133469654 0.020598216
v 0.00131269661 0.00127161271 0.0204753354
v 0.00134512258 0.00128644402 0.0205345955
v 0.00134512258 0.00128644402 0.0205345955
v 0.00131269661 0.00127161271 0.0204753354
v 0.00156370969 0.00116938166 0.0204075072
v 0.00156936527 0.00118980638 0.0204787962
v 0.00167424744 0.00103181915 0.0204022601
v 0.00156370969 0.00116938166 0.0204075072
v 0.0015268235 0.00111020263 0.0204229206
v 0.00171525951 0.00110482972 0.0203820821
v 0.00179076323 0.00105879758 0.0203670897
v 0.00167424744 0.00103181915 0.0204022601
v 0.00175617775 0.000981597463 0.0204035975
v 0.00209322921 0.000827501528 0.0203430131
v 0.00179076323 0.00105879758 0.0203670897
v 0.00175617775 0.000981597463 0.0204035975
v 0.0020365864 0.000769712613 0.0203699507
v 0.00222506071 0.000682771089 0.0203386657
v 0.00216315896 0.000611427764 0.0203668252
v 0.00234901253 0.000502514653 0.0203446485
v 0.00225578249 0.000442913792 0.020368278
v 0.00177817256 0.000940882892 0.0206106771
v 0.00175617775 0.000981597463 0.0204035975
v 0.00167424744 0.00103181915 0.0204022601
v 0.00165111921 0.00101195718 0.0205568504
v 0.0015268235 0.00111020263 0.0204229206
v 0.00165111921 0.00101195718 0.0205568504
v 0.00150869053 0.00109377375 0.0205341075
v 0.00156370969 0.00116938166 0.0204075072
v 0.00131269661 0.00127161271 0.0204753354
v 0.00129802385 0.00121833931 0.02049415
v 0.0015268235 0.00111020263 0.0204229206
v 0.00240077102 0.00048936042 0.0204580445
v 0.00224840036 0.000713284244 0.0204278789
v 0.00222506071 0.000682771089 0.0203386657
v 0.00234901253 0.000502514653 0.0203446485
v 0.00216315896 0.000611427764 0.0203668252
v 0.00220302097 0.000379799865 0.0205900744
v 0.00225578249 0.000442913792 0.020368278
v 0.00213968707 0.000597803912 0.0205747057
v 0.00218482199 0.000383849692 0.0206820387
v 0.00220302097 0.000379799865 0.0205900744
v 0.00214510923 0.000526787713 0.0206807032
v 0.00234901253 0.000502514653 0.0203446485
v 0.00225578249 0.000442913792 0.020368278
v 0.00232329802 0.000274208112 0.0204025041
v 0.00243998179 0.000311330368 0.0203550421
v 0.00220302097 0.000379799865 0.0205900744
v 0.00229275366 0.000250924611 0.0205867793
v 0.00232329802 0.000274208112 0.0204025041
v 0.00225578249 0.000442913792 0.020368278
v 0.00240077102 0.00048936042 0.0204580445
v 0.00234901253 0.000502514653 0.0203446485
v 0.00243998179 0.000311330368 0.0203550421
v 0.00247927732 0.000304776535 0.0204833057
v 0.0025279203 7.08693333E-05 0.0204989221
v 0.00247927732 0.000304776535 0.0204833057
v 0.00243998179 0.000311330368 0.0203550421
v 0.00251036789 4.20108227E-05 0.0203698836
v 0.00242668274 -0.000424865662 0.0205780212
v 0.00255109626 -0.000165212128 0.0205151606
v 0.00250591012 -0.000229545331 0.0203839038
v 0.00236259494 -0.000422054844 0.0204675123
v 0.00236259494 -0.000422054844 0.0204675123
v 0.00250591012 -0.000229545331 0.0203839038
v 0.00234425208 -0.000189926199 0.0204371419
v 0.00220350293 -0.000380664278 0.0205082912
v 0.00234425208 -0.000189926199 0.0204371419
v 0.00250591012 -0.000229545331 0.0203839038
v 0.00251036789 4.20108227E-05 0.0203698836
v 0.00237018475 3.90244277E-05 0.0203995127
v 0.00232329802 0.000274208112 0.0204025041
v 0.00243998179 0.000311330368 0.0203550421
v 0.00220964826 -0.000570579548 0.0207618773
v 0.00242668274 -0.000424865662 0.0205780212
v 0.00203589071 -0.000740800402 0.0206387807
v 0.00191055576 -0.000820098852 0.0207679905
v 0.00191055576 -0.000820098852 0.0207679905
v 0.00203589071 -0.000740800402 0.0206387807
v 0.0016201468 -0.00100590324 0.0204852596
v 0.00156638515 -0.00101182575 0.020581156
v 0.00156638515 -0.00101182575 0.020581156
v 0.0016201468 -0.00100590324 0.0204852596
v 0.0012053533 -0.00124815269 0.0201299991
v 0.00120853423 -0.00118884153 0.020286534
v 0.000882679131 -0.00114673947 0.020050317
v 0.000951590831 -0.00116988993 0.019984724
v 0.000841767003 -0.00109387178 0.0198420417
v 0.000747164479 -0.00104729878 0.0198727325
v 0.000697605661 -0.00106744864 0.0196358934
v 0.000841767003 -0.00109387178 0.0198420417
v 0.00092762342 -0.00106078573 0.0198148657
v 0.000803615723 -0.00102694647 0.0195859801
v 0.000951590831 -0.00116988993 0.019984724
v 0.0012053533 -0.00124815269 0.0201299991
v 0.00123225036 -0.00121904141 0.0200612191
v 0.00099961157 -0.00114885939 0.0199361537
v 0.000841767003 -0.00109387178 0.0198420417
v 0.00099961157 -0.00114885939 0.0199361537
v 0.00092762342 -0.00106078573 0.0198148657
v 0.0012053533 -0.00124815269 0.0201299991
v 0.00162966363 -0.000981898047 0.0204080287
v 0.00123225036 -0.00121904141 0.0200612191
v 0.0016201468 -0.00100590324 0.0204852596
v 0.00201998441 -0.000734536501 0.0205281507
v 0.00203589071 -0.000740800402 0.0206387807
v 0.00201998441 -0.000734536501 0.0205281507
v 0.00203589071 -0.000740800402 0.0206387807
v 0.00242668274 -0.000424865662 0.0205780212
v 0.00236259494 -0.000422054844 0.0204675123
v 0.00201998441 -0.000734536501 0.0205281507
v 0.00192655378 -0.000651210255 0.020541884
v 0.00157870038 -0.000841883651 0.0204290263
v 0.00162966363 -0.000981898047 0.0204080287
v 0.00162966363 -0.000981898047 0.0204080287
v 0.00157870038 -0.000841883651 0.0204290263
v 0.00122885336 -0.000998490141 0.0201396775
v 0.00123225036 -0.00121904141 0.0200612191
v 0.00099961157 -0.00114885939 0.0199361537
v 0.00122885336 -0.000998490141 0.0201396775
v 0.00102238136 -0.000933328469 0.0199797731
v 0.00201998441 -0.000734536501 0.0205281507
v 0.00236259494 -0.000422054844 0.0204675123
v 0.00220350293 -0.000380664278 0.0205082912
v 0.00192655378 -0.000651210255 0.020541884
v 0.00192655378 -0.000651210255 0.020541884
v 0.00186577765 -0.000619040686 0.0206568427
v 0.0015302375 -0.000819400011 0.0205333512
v 0.00157870038 -0.000841883651 0.0204290263
v 0.00157870038 -0.000841883651 0.0204290263
v 0.0015302375 -0.000819400011 0.0205333512
v 0.00121059828 -0.000970059773 0.0202658586
v 0.00122885336 -0.000998490141 0.0201396775
v 0.00186577765 -0.000619040686 0.0206568427
v 0.00192655378 -0.000651210255 0.020541884
v 0.00220350293 -0.000380664278 0.0205082912
v 0.00214828947 -0.000351676601 0.0206051562
v 0.00214828947 -0.000351676601 0.0206051562
v 0.00220350293 -0.000380664278 0.0205082912
v 0.00234425208 -0.000189926199 0.0204371419
v 0.00233221799 -0.000130846995 0.0205836967
v 0.00232329802 0.000274208112 0.0204025041
v 0.00229275366 0.000250924611 0.0205867793
v 0.00234097661 6.71140951E-05 0.020560924
v 0.00237018475 3.90244277E-05 0.0203995127
v 0.00102238136 -0.000933328469 0.0199797731
v 0.000948199828 -0.000883372908 0.0198316686
v 0.00092762342 -0.00106078573 0.0198148657
v 0.00099961157 -0.00114885939 0.0199361537
v 0.000948199828 -0.000883372908 0.0198316686
v 0.000803615723 -0.00102694647 0.0195859801
v 0.000830111559 -0.000893059187 0.0195584465
v 0.00110172259 -0.000944382453 0.0202005152
v 0.000947630324 -0.000992415706 0.0202112477
v 0.000804752985 -0.000876762089 0.0201323163
v 0.000953113486 -0.000857382605 0.0200635791
v 0.000953113486 -0.000857382605 0.0200635791
v 0.000804752985 -0.000876762089 0.0201323163
v 0.000733946625 -0.000798624416 0.0198865868
v 0.000870106276 -0.000788821781 0.0198659971
v 0.00102238136 -0.000933328469 0.0199797731
v 0.000953113486 -0.000857382605 0.0200635791
v 0.000870106276 -0.000788821781 0.0198659971
v 0.000948199828 -0.000883372908 0.0198316686
v 0.00121059828 -0.000970059773 0.0202658586
v 0.0015302375 -0.000819400011 0.0205333512
v 0.00151718117 -0.000924682827 0.0205994677
v 0.00120980502 -0.00108410383 0.0203419346
v 0.00181268936 -0.000750014093 0.0207908694
v 0.0015302375 -0.000819400011 0.0205333512
v 0.00186577765 -0.000619040686 0.0206568427
v 0.00214828947 -0.000351676601 0.0206051562
v 0.00206979713 -0.000521968061 0.020779077
v 0.00181268936 -0.000750014093 0.0207908694
v 0.00151718117 -0.000924682827 0.0205994677
v 0.00156638515 -0.00101182575 0.020581156
v 0.00120853423 -0.00118884153 0.020286534
v 0.00120980502 -0.00108410383 0.0203419346
v 0.00191055576 -0.000820098852 0.0207679905
v 0.00156638515 -0.00101182575 0.020581156
v 0.00151718117 -0.000924682827 0.0205994677
v 0.00181268936 -0.000750014093 0.0207908694
v 0.00191055576 -0.000820098852 0.0207679905
v 0.00181268936 -0.000750014093 0.0207908694
v 0.00206979713 -0.000521968061 0.020779077
v 0.00220964826 -0.000570579548 0.0207618773
v 0.00220964826 -0.000570579548 0.0207618773
v 0.00206979713 -0.000521968061 0.020779077
v 0.00216796971 -0.000467152247 0.0207923688
v 0.00233355165 -0.00049023662 0.0207593199
v 0.00233355165 -0.00049023662 0.0207593199
v 0.00216796971 -0.000467152247 0.0207923688
v 0.00223816582 -0.000426416053 0.020830337
v 0.00238989247 -0.000440336793 0.0208120644
v 0.00223816582 -0.000426416053 0.020830337
v 0.00216796971 -0.000467152247 0.0207923688
v 0.00223266333 -0.000285769085 0.0206824504
v 0.00226373738 -0.000286613125 0.0207649488
v 0.00216796971 -0.000467152247 0.0207923688
v 0.00206979713 -0.000521968061 0.020779077
v 0.00214828947 -0.000351676601 0.0206051562
v 0.00223266333 -0.000285769085 0.0206824504
v 0.00226126215 0.000331912917 0.0207668506
v 0.00229275366 0.000250924611 0.0205867793
v 0.00220302097 0.000379799865 0.0205900744
v 0.00218482199 0.000383849692 0.0206820387
v 0.00216315896 0.000611427764 0.0203668252
v 0.0020365864 0.000769712613 0.0203699507
v 0.00204035128 0.000769913197 0.0205463786
v 0.00213968707 0.000597803912 0.0205747057
v 0.00217794557 0.000694835617 0.0206255354
v 0.00213968707 0.000597803912 0.0205747057
v 0.00204035128 0.000769913197 0.0205463786
v 0.00207774015 0.000815872452 0.020588845
v 0.00204035128 0.000769913197 0.0205463786
v 0.0020365864 0.000769712613 0.0203699507
v 0.00175617775 0.000981597463 0.0204035975
v 0.00177817256 0.000940882892 0.0206106771
v 0.00162889657 0.00107484078 0.0206329301
v 0.00165111921 0.00101195718 0.0205568504
v 0.00150869053 0.00109377375 0.0205341075
v 0.00151970959 0.0011312156 0.0205974914
v 0.00118955621 0.00125895289 0.0206990093
v 0.00133496686 0.00119808153 0.0206128955
v 0.00129802385 0.00121833931 0.02049415
v 0.00115659216 0.00128059683 0.0206122138
v 0.00133496686 0.00119808153 0.0206128955
v 0.0015268235 0.00111020263 0.0204229206
v 0.00150869053 0.00109377375 0.0205341075
v 0.000981369638 0.00136422168 0.0208153483
v 0.00118955621 0.00125895289 0.0206990093
v 0.000974230643 0.00137077051 0.0207749717
v 0.00208031433 -0.000162629134 0.0214356724
v 0.00215724879 -7.86583551E-05 0.0214225296
v 0.00237203366 -0.000220567556 0.0210968014
v 0.00230653584 -0.000350496732 0.0211070776
v 0.00230653584 -0.000350496732 0.0211070776
v 0.00237203366 -0.000220567556 0.0210968014
v 0.00248092413 -0.00024619748 0.0207847115
v 0.00238989247 -0.000440336793 0.0208120644
v 0.00248092413 -0.00024619748 0.0207847115
v 0.00237203366 -0.000220567556 0.0210968014
v 0.00232593506 -0.000150443841 0.0210460722
v 0.00232739211 -0.000142209858 0.0207554232
v 0.00238989247 -0.000440336793 0.0208120644
v 0.00223816582 -0.000426416053 0.020830337
v 0.00221996009 -0.000360672653 0.0210627019
v 0.00230653584 -0.000350496732 0.0211070776
v 0.00230653584 -0.000350496732 0.0211070776
v 0.00221996009 -0.000360672653 0.0210627019
v 0.00198617205 -0.000196537076 0.0213694256
v 0.00208031433 -0.000162629134 0.0214356724
v 0.00208031433 -0.000162629134 0.0214356724
v 0.00198617205 -0.000196537076 0.0213694256
v 0.00161585084 1.23216396E-05 0.0215661097
v 0.00166526239 4.92849285E-05 0.0216268804
v 0.00146140554 0.00014907177 0.0216689482
v 0.00161585084 1.23216396E-05 0.0215661097
v 0.00162013527 5.55074839E-05 0.0215178728
v 0.00146491453 0.000162238997 0.0216572583
v 0.00162013527 5.55074839E-05 0.0215178728
v 0.00167276361 0.000119532357 0.0215466712
v 0.00148238149 0.000178773189 0.0216677804
v 0.00146491453 0.000162238997 0.0216572583
v 0.00161585084 1.23216396E-05 0.0215661097
v 0.00198617205 -0.000196537076 0.0213694256
v 0.00199421612 -0.000128586151 0.0213111229
v 0.00162013527 5.55074839E-05 0.0215178728
v 0.00198617205 -0.000196537076 0.0213694256
v 0.00221996009 -0.000360672653 0.0210627019
v 0.00223194808 -0.000237033237 0.0210249983
v 0.00199421612 -0.000128586151 0.0213111229
v 0.00221996009 -0.000360672653 0.0210627019
v 0.00223816582 -0.000426416053 0.020830337
v 0.00226373738 -0.000286613125 0.0207649488
v 0.00223194808 -0.000237033237 0.0210249983
v 0.00226373738 -0.000286613125 0.0207649488
v 0.00232739211 -0.000142209858 0.0207554232
v 0.00232593506 -0.000150443841 0.0210460722
v 0.00223194808 -0.000237033237 0.0210249983
v 0.00172560045 0.00010320243 0.0216171946
v 0.00166526239 4.92849285E-05 0.0216268804
v 0.00148650492 0.000148086692 0.0216951277
v 0.0014819639 0.000169854538 0.0216876939
v 0.00208031433 -0.000162629134 0.0214356724
v 0.00166526239 4.92849285E-05 0.0216268804
v 0.00172560045 0.00010320243 0.0216171946
v 0.00215724879 -7.86583551E-05 0.0214225296
v 0.00237203366 -0.000220567556 0.0210968014
v 0.00215724879 -7.86583551E-05 0.0214225296
v 0.0020731932 -4.94162741E-05 0.0213350132
v 0.00232593506 -0.000150443841 0.0210460722
v 0.0014819639 0.000169854538 0.0216876939
v 0.00148238149 0.000178773189 0.0216677804
v 0.00167276361 0.000119532357 0.0215466712
v 0.00172560045 0.00010320243 0.0216171946
v 0.00172560045 0.00010320243 0.0216171946
v 0.00167276361 0.000119532357 0.0215466712
v 0.0020731932 -4.94162741E-05 0.0213350132
v 0.00215724879 -7.86583551E-05 0.0214225296
v 0.0020731932 -4.94162741E-05 0.0213350132
v 0.00199421612 -0.000128586151 0.0213111229
v 0.00223194808 -0.000237033237 0.0210249983
v 0.00232593506 -0.000150443841 0.0210460722
v 0.00146491453 0.000162238997 0.0216572583
v 0.00148238149 0.000178773189 0.0216677804
v 0.0014819639 0.000169854538 0.0216876939
v 0.00146140554 0.00014907177 0.0216689482
v 0.00162013527 5.55074839E-05 0.0215178728
v 0.00199421612 -0.000128586151 0.0213111229
v 0.0020731932 -4.94162741E-05 0.0213350132
v 0.00167276361 0.000119532357 0.0215466712
v 0.00177693856 0.00104699726 0.0206475947
v 0.00177817256 0.000940882892 0.0206106771
v 0.00172646716 0.00095000607 0.0207634475
v 0.00170287292 0.001040073 0.0207601096
v 0.00167419703 0.00110928062 0.0206210651
v 0.00177693856 0.00104699726 0.0206475947
v 0.00170287292 0.001040073 0.0207601096
v 0.00162617839 0.00107328291 0.0207303427
v 0.00162889657 0.00107484078 0.0206329301
v 0.00167419703 0.00110928062 0.0206210651
v 0.00162617839 0.00107328291 0.0207303427
v 0.00161389657 0.00101395033 0.0207064338
v 0.00165111921 0.00101195718 0.0205568504
v 0.00161389657 0.00101395033 0.0207064338
v 0.00172646716 0.00095000607 0.0207634475
v 0.00177817256 0.000940882892 0.0206106771
v 0.00172646716 0.00095000607 0.0207634475
v 0.00153550424 0.000947474386 0.0209343601
v 0.00155426876 0.00100993121 0.0209529176
v 0.00170287292 0.001040073 0.0207601096
v 0.00155426876 0.00100993121 0.0209529176
v 0.00153550424 0.000947474386 0.0209343601
v 0.00129414455 0.000939581951 0.0211369898
v 0.00129408354 0.000961817277 0.0211413112
v 0.00129408354 0.000961817277 0.0211413112
v 0.00129414455 0.000939581951 0.0211369898
v 0.00127746921 0.000946118671 0.0211206153
v 0.00128137332 0.000966745545 0.0211228412
v 0.00127746921 0.000946118671 0.0211206153
v 0.00129414455 0.000939581951 0.0211369898
v 0.00153550424 0.000947474386 0.0209343601
v 0.00148227881 0.000988863292 0.0208861176
v 0.00172646716 0.00095000607 0.0207634475
v 0.00148227881 0.000988863292 0.0208861176
v 0.00161389657 0.00101395033 0.0207064338
v 0.00161389657 0.00101395033 0.0207064338
v 0.00162617839 0.00107328291 0.0207303427
v 0.00149376586 0.00105151208 0.0208983105
v 0.00148227881 0.000988863292 0.0208861176
v 0.00162617839 0.00107328291 0.0207303427
v 0.00170287292 0.001040073 0.0207601096
v 0.00155426876 0.00100993121 0.0209529176
v 0.00149376586 0.00105151208 0.0208983105
v 0.00148227881 0.000988863292 0.0208861176
v 0.00149376586 0.00105151208 0.0208983105
v 0.00128137332 0.000966745545 0.0211228412
v 0.00127746921 0.000946118671 0.0211206153
v 0.00155426876 0.00100993121 0.0209529176
v 0.00129408354 0.000961817277 0.0211413112
v 0.00128137332 0.000966745545 0.0211228412
v 0.00149376586 0.00105151208 0.0208983105
v 0.00158329075 0.000783906493 0.0213891473
v 0.00155944924 0.000774913875 0.0213795584
v 0.00158412498 0.00076971401 0.0213379171
v 0.00162639678 0.000785636483 0.021355385
v 0.00205211458 0.000724574376 0.0210445821
v 0.00197317451 0.000670598936 0.0210121349
v 0.00208174204 0.000570177974 0.0208490584
v 0.00218252605 0.00064868998 0.0208582636
v 0.00208174204 0.000570177974 0.0208490584
v 0.00214510923 0.000526787713 0.0206807032
v 0.00219429028 0.000624955108 0.0206941664
v 0.00218252605 0.00064868998 0.0208582636
v 0.00225164578 0.000630406197 0.0206683297
v 0.00225164578 0.000630406197 0.0206683297
v 0.00233941409 0.000485059194 0.0207107421
v 0.00222805631 0.000590068405 0.0208956804
v 0.00218252605 0.00064868998 0.0208582636
v 0.00222805631 0.000590068405 0.0208956804
v 0.00208939961 0.000669114117 0.0210759416
v 0.00205211458 0.000724574376 0.0210445821
v 0.00233941409 0.000485059194 0.0207107421
v 0.00226126215 0.000331912917 0.0207668506
v 0.00218107807 0.000467379723 0.0209324602
v 0.00222805631 0.000590068405 0.0208956804
v 0.00226126215 0.000331912917 0.0207668506
v 0.00218482199 0.000383849692 0.0206820387
v 0.00210521184 0.000480189512 0.0208707191
v 0.00218107807 0.000467379723 0.0209324602
v 0.00210521184 0.000480189512 0.0208707191
v 0.00218482199 0.000383849692 0.0206820387
v 0.00214510923 0.000526787713 0.0206807032
v 0.00208174204 0.000570177974 0.0208490584
v 0.00197317451 0.000670598936 0.0210121349
v 0.00205211458 0.000724574376 0.0210445821
v 0.0018502468 0.000771481893 0.0212077163
v 0.00178177317 0.000738688686 0.0211725663
v 0.00158450089 0.000727500825 0.0213571601
v 0.00158412498 0.00076971401 0.0213379171
v 0.00155944924 0.000774913875 0.0213795584
v 0.0015619176 0.000746965292 0.0213940907
v 0.00197317451 0.000670598936 0.0210121349
v 0.00178960396 0.000667920569 0.0211948436
v 0.00199243403 0.000599530817 0.0210387744
v 0.00178177317 0.000738688686 0.0211725663
v 0.00158412498 0.00076971401 0.0213379171
v 0.00158450089 0.000727500825 0.0213571601
v 0.00208174204 0.000570177974 0.0208490584
v 0.00197317451 0.000670598936 0.0210121349
v 0.00199243403 0.000599530817 0.0210387744
v 0.00210521184 0.000480189512 0.0208707191
v 0.00205211458 0.000724574376 0.0210445821
v 0.00208939961 0.000669114117 0.0210759416
v 0.00187960302 0.00071352598 0.0212416258
v 0.0018502468 0.000771481893 0.0212077163
v 0.00158329075 0.000783906493 0.0213891473
v 0.00163630513 0.000744749676 0.0213793982
v 0.00158832362 0.000757620612 0.0214075018
v 0.00162639678 0.000785636483 0.021355385
v 0.0018502468 0.000771481893 0.0212077163
v 0.00187960302 0.00071352598 0.0212416258
v 0.00222805631 0.000590068405 0.0208956804
v 0.00218107807 0.000467379723 0.0209324602
v 0.00206146645 0.000587875023 0.0210853349
v 0.00208939961 0.000669114117 0.0210759416
v 0.00218107807 0.000467379723 0.0209324602
v 0.00210521184 0.000480189512 0.0208707191
v 0.00199243403 0.000599530817 0.0210387744
v 0.00206146645 0.000587875023 0.0210853349
v 0.0015619176 0.000746965292 0.0213940907
v 0.00155944924 0.000774913875 0.0213795584
v 0.00158329075 0.000783906493 0.0213891473
v 0.00158832362 0.000757620612 0.0214075018
v 0.0015619176 0.000746965292 0.0213940907
v 0.00158832362 0.000757620612 0.0214075018
v 0.00161339354 0.000712858397 0.021379305
v 0.00158450089 0.000727500825 0.0213571601
v 0.00199243403 0.000599530817 0.0210387744
v 0.00183284131 0.000638944563 0.0212413501
v 0.00206146645 0.000587875023 0.0210853349
v 0.00178960396 0.000667920569 0.0211948436
v 0.00158450089 0.000727500825 0.0213571601
v 0.00183284131 0.000638944563 0.0212413501
v 0.00161339354 0.000712858397 0.021379305
v 0.00187960302 0.00071352598 0.0212416258
v 0.00208939961 0.000669114117 0.0210759416
v 0.00206146645 0.000587875023 0.0210853349
v 0.00183284131 0.000638944563 0.0212413501
v 0.0011435257 -0.00119970122 0.0206129644
v 0.00117786857 -0.00112717983 0.0206146408
v 0.00119453634 -0.0011680813 0.0207860842
v 0.00116677338 -0.00122763426 0.0207876842
v 0.00120046001 -0.00125298614 0.020625677
v 0.0011435257 -0.00119970122 0.0206129644
v 0.00116677338 -0.00122763426 0.0207876842
v 0.00122094946 -0.00127674639 0.0207914747
v 0.00117786857 -0.00112717983 0.0206146408
v 0.00122862461 -0.00118402834 0.0206265319
v 0.00124209048 -0.0012195399 0.0207910035
v 0.00119453634 -0.0011680813 0.0207860842
v 0.00122862461 -0.00118402834 0.0206265319
v 0.00120046001 -0.00125298614 0.020625677
v 0.00122094946 -0.00127674639 0.0207914747
v 0.00124209048 -0.0012195399 0.0207910035
v 0.00116677338 -0.00122763426 0.0207876842
v 0.00119453634 -0.0011680813 0.0207860842
v 0.00115699181 -0.00119002501 0.020927513
v 0.0011477014 -0.00123852515 0.0209129397
v 0.00122094946 -0.00127674639 0.0207914747
v 0.00116677338 -0.00122763426 0.0207876842
v 0.0011477014 -0.00123852515 0.0209129397
v 0.0011820629 -0.00127366313 0.0209342148
v 0.00119453634 -0.0011680813 0.0207860842
v 0.00124209048 -0.0012195399 0.0207910035
v 0.00119093177 -0.00122570188 0.0209486727
v 0.00115699181 -0.00119002501 0.020927513
v 0.00124209048 -0.0012195399 0.0207910035
v 0.00122094946 -0.00127674639 0.0207914747
v 0.0011820629 -0.00127366313 0.0209342148
v 0.00119093177 -0.00122570188 0.0209486727
v 0.00148650492 0.000148086692 0.0216951277
v 0.00166526239 4.92849285E-05 0.0216268804
v 0.00161585084 1.23216396E-05 0.0215661097
v 0.00146140554 0.00014907177 0.0216689482
v 0.00116555183 0.00133469654 0.020598216
v 0.00119763205 0.00134496309 0.0206470136
v 0.000993468449 0.00140988152 0.0207931697
v 0.000981707941 0.00139637152 0.02076976
v 0.000993468449 0.00140988152 0.0207931697
v 0.00119763205 0.00134496309 0.0206470136
v 0.00121569471 0.00131479604 0.0207081027
v 0.000996761257 0.0013946637 0.0208224244
v 0.0018502468 0.000771481893 0.0212077163
v 0.00162639678 0.000785636483 0.021355385
v 0.00158412498 0.00076971401 0.0213379171
v 0.00178177317 0.000738688686 0.0211725663
v 0.0017078449 0.00113395764 0.0204894803
v 0.00156936527 0.00118980638 0.0204787962
v 0.00156370969 0.00116938166 0.0204075072
v 0.00171525951 0.00110482972 0.0203820821
v 0.00234097661 6.71140951E-05 0.020560924
v 0.00229275366 0.000250924611 0.0205867793
v 0.00242905249 0.000275845523 0.0206180979
v 0.00245715608 9.04821281E-05 0.0206180122
v 0.00251036789 4.20108227E-05 0.0203698836
v 0.00250591012 -0.000229545331 0.0203839038
v 0.00255109626 -0.000165212128 0.0205151606
v 0.0025279203 7.08693333E-05 0.0204989221
v 0.00237018475 3.90244277E-05 0.0203995127
v 0.00234097661 6.71140951E-05 0.020560924
v 0.00233221799 -0.000130846995 0.0205836967
v 0.00234425208 -0.000189926199 0.0204371419
v 0.00122885336 -0.000998490141 0.0201396775
v 0.00110172259 -0.000944382453 0.0202005152
v 0.000953113486 -0.000857382605 0.0200635791
v 0.00102238136 -0.000933328469 0.0199797731
v 0.00108337158 -0.0012105857 0.0202457253
v 0.0012053533 -0.00124815269 0.0201299991
v 0.000951590831 -0.00116988993 0.019984724
v 0.000882679131 -0.00114673947 0.020050317
v 0.00186129997 0.00100516225 0.0205946378
v 0.00207774015 0.000815872452 0.020588845
v 0.00204035128 0.000769913197 0.0205463786
v 0.00177817256 0.000940882892 0.0206106771
v 0.000747164479 -0.00104729878 0.0198727325
v 0.000694093993 -0.00094371743 0.0198815763
v 0.000800203939 -0.00106755854 0.0200958848
v 0.000882679131 -0.00114673947 0.020050317
v 0.000870106276 -0.000788821781 0.0198659971
v 0.000765407167 -0.000782629359 0.0195660777
v 0.000830111559 -0.000893059187 0.0195584465
v 0.000948199828 -0.000883372908 0.0198316686
vt 0.0834960938 0.0659179688
vt 0.0910644531 0.073425293
vt 0.0910644531 0.0659179688
vt 0.0834960938 0.0659179688
vt 0.0910644531 0.073425293
vt 0.0910644531 0.0659179688
vt 0.0834960938 0.0659179688
vt 0.0910644531 0.073425293
vt 0.0910644531 0.0659179688
vt 0.0834960938 0.0659179688
vt 0.0910644531 0.073425293
vt 0.0910644531 0.0659179688
vt 0.0834960938 0.0659179688
vt 0.0910644531 0.073425293
vt 0.0910644531 0.0659179688
vt 0.0834960938 0.0659179688
vt 0.0910644531 0.073425293
vt 0.0910644531 0.0659179688
vt 0.0834960938 0.0659179688
vt 0.0910644531 0.073425293
vt 0.0910644531 0.0659179688
vt 0.0834960938 0.0659179688
vt 0.0910644531 0.073425293
vt 0.0910644531 0.0659179688
vt 0.0834960938 0.0659179688
vt 0.0910644531 0.073425293
vt 0.0910644531 0.0659179688
vt 0.0834960938 0.0659179688
vt 0.0910644531 0.073425293
vt 0.0910644531 0.0659179688
vt 0.0834960938 0.0659179688
vt 0.0910644531 0.073425293
vt 0.0910644531 0.0659179688
vt 0.0332336426 0.0458374023
vt 0.00541687012 0.0180053711
vt 0.00541687012 0.0458374023
vt 0.0332336426 0.0458374023
vt 0.00541687012 0.0180053711
vt 0.00541687012 0.0458374023
vt 0.0332336426 0.0458374023
vt 0.00541687012 0.0180053711
vt 0.00541687012 0.0458374023
vt 0.0332336426 0.0458374023
vt 0.00541687012 0.0180053711
vt 0.00541687012 0.0458374023
vt 0.0332336426 0.0458374023
vt 0.00541687012 0.0180053711
vt 0.00541687012 0.0458374023
vt 0.0332336426 0.0458374023
vt 0.00541687012 0.0180053711
vt 0.00541687012 0.0458374023
vt 0.0332336426 0.0458374023
vt 0.00541687012 0.0180053711
vt 0.00541687012 0.0458374023
vt 0.0332336426 0.0458374023
vt 0.00541687012 0.0180053711
vt 0.00541687012 0.0458374023
vt 0.0332336426 0.0458374023
vt 0.00541687012 0.0180053711
vt 0.00541687012 0.0458374023
vt 0.0332336426 0.0458374023
vt 0.00541687012 0.0180053711
vt 0.00541687012 0.0458374023
vt 0.0332336426 0.0458374023
vt 0.00541687012 0.0180053711
vt 0.00541687012 0.0458374023
vt 0.0332336426 0.0458374023
vt 0.00541687012 0.0180053711
vt 0.00541687012 0.0458374023
vt 0.0332336426 0.0458374023
vt 0.00541687012 0.0180053711
vt 0.00541687012 0.0458374023
vt 0.0332336426 0.0458374023
vt 0.00541687012 0.0180053711
vt 0.00541687012 0.0458374023
vt 0.0332336426 0.0458374023
vt 0.00541687012 0.0180053711
vt 0.00541687012 0.0458374023
vt 0.0332336426 0.0458374023
vt 0.00541687012 0.0180053711
vt 0.00541687012 0.0458374023
vt 0.0332336426 0.0458374023
vt 0.00541687012 0.0180053711
vt 0.00541687012 0.0458374023
vt 0.0332336426 0.0458374023
vt 0.00541687012 0.0180053711
vt 0.00541687012 0.0458374023
vt 0.0332336426 0.0458374023
vt 0.00541687012 0.0180053711
vt 0.00541687012 0.0458374023
vt 0.0332336426 0.0458374023
vt 0.00541687012 0.0180053711
vt 0.00541687012 0.0458374023
vt 0.0332336426 0.0458374023
vt 0.00541687012 0.0180053711
vt 0.00541687012 0.0458374023
vt 0.0332336426 0.0458374023
vt 0.00541687012 0.0180053711
vt 0.00541687012 0.0458374023
vt 0.0332336426 0.0458374023
vt 0.00541687012 0.0180053711
vt 0.00541687012 0.0458374023
vt 0.0332336426 0.0458374023
vt 0.00541687012 0.0180053711
vt 0.00541687012 0.0458374023
vt 0.0332336426 0.0458374023
vt 0.00541687012 0.0180053711
vt 0.00541687012 0.0458374023
vt 0.0332336426 0.0458374023
vt 0.00541687012 0.0180053711
vt 0.00541687012 0.0458374023
vt 0.0332336426 0.0458374023
vt 0.00541687012 0.0180053711
vt 0.00541687012 0.0458374023
vt 0.0332336426 0.0458374023
vt 0.00541687012 0.0180053711
vt 0.00541687012 0.0458374023
vt 0.0332336426 0.0458374023
vt 0.00541687012 0.0180053711
vt 0.00541687012 0.0458374023
vt 0.0332336426 0.0458374023
vt 0.00541687012 0.0180053711
vt 0.00541687012 0.0458374023
vt 0.0332336426 0.0458374023
vt 0.00541687012 0.0180053711
vt 0.00541687012 0.0458374023
vt 0.0332336426 0.0458374023
vt 0.00541687012 0.0180053711
vt 0.00541687012 0.0458374023
vt 0.0332336426 0.0458374023
vt 0.00541687012 0.0180053711
vt 0.00541687012 0.0458374023
vt 0.0332336426 0.0458374023
vt 0.00541687012 0.0180053711
vt 0.00541687012 0.0458374023
vt 0.0332336426 0.0458374023
vt 0.00541687012 0.0180053711
vt 0.00541687012 0.0458374023
vt 0.0332336426 0.0458374023
vt 0.00541687012 0.0180053711
vt 0.00541687012 0.0458374023
vt 0.0332336426 0.0458374023
vt 0.00541687012 0.0180053711
vt 0.00541687012 0.0458374023
vt 0.0332336426 0.0458374023
vt 0.00541687012 0.0180053711
vt 0.00541687012 0.0458374023
vt 0.0332336426 0.0458374023
vt 0.00541687012 0.0180053711
vt 0.00541687012 0.0458374023
vt 0.0332336426 0.0458374023
vt 0.00541687012 0.0180053711
vt 0.00541687012 0.0458374023
vt 0.0332336426 0.0458374023
vt 0.00541687012 0.0180053711
vt 0.00541687012 0.0458374023
vt 0.0332336426 0.0458374023
vt 0.00541687012 0.0180053711
vt 0.00541687012 0.0458374023
vt 0.0332336426 0.0458374023
vt 0.00541687012 0.0180053711
vt 0.00541687012 0.0458374023
vt 0.0332336426 0.0458374023
vt 0.00541687012 0.0180053711
vt 0.00541687012 0.0458374023
vt 0.0332336426 0.0458374023
vt 0.00541687012 0.0180053711
vt 0.00541687012 0.0458374023
vt 0.0332336426 0.0458374023
vt 0.00541687012 0.0180053711
vt 0.00541687012 0.0458374023
vt 0.0332336426 0.0458374023
vt 0.00541687012 0.0180053711
vt 0.00541687012 0.0458374023
vt 0.0332336426 0.0458374023
vt 0.00541687012 0.0180053711
vt 0.00541687012 0.0458374023
vt 0.0332336426 0.0458374023
vt 0.00541687012 0.0180053711
vt 0.00541687012 0.0458374023
vt 0.0332336426 0.0458374023
vt 0.00541687012 0.0180053711
vt 0.00541687012 0.0458374023
vt 0.0332336426 0.0458374023
vt 0.00541687012 0.0180053711
vt 0.00541687012 0.0458374023
vt 0.0834960938 0.0659179688
vt 0.0910644531 0.0659179688
vt 0.0910644531 0.073425293
vt 0.0834960938 0.0659179688
vt 0.0910644531 0.0659179688
vt 0.0910644531 0.073425293
vt 0.0834960938 0.0659179688
vt 0.0910644531 0.0659179688
vt 0.0910644531 0.073425293
vt 0.0834960938 0.0659179688
vt 0.0910644531 0.0659179688
vt 0.0910644531 0.073425293
vt 0.0834960938 0.0659179688
vt 0.0910644531 0.0659179688
vt 0.0910644531 0.073425293
vt 0.0834960938 0.0659179688
vt 0.0910644531 0.0659179688
vt 0.0910644531 0.073425293
vt 0.0834960938 0.0659179688
vt 0.0910644531 0.0659179688
vt 0.0910644531 0.073425293
vt 0.0834960938 0.0659179688
vt 0.0910644531 0.0659179688
vt 0.0910644531 0.073425293
vt 0.0834960938 0.0659179688
vt 0.0910644531 0.0659179688
vt 0.0910644531 0.073425293
vt 0.0834960938 0.0659179688
vt 0.0910644531 0.0659179688
vt 0.0910644531 0.073425293
vt 0.0834960938 0.0659179688
vt 0.0910644531 0.0659179688
vt 0.0910644531 0.073425293
vt 0.0332336426 0.0458374023
vt 0.00541687012 0.0458374023
vt 0.00541687012 0.0180053711
vt 0.0332336426 0.0458374023
vt 0.00541687012 0.0458374023
vt 0.00541687012 0.0180053711
vt 0.0332336426 0.0458374023
vt 0.00541687012 0.0458374023
vt 0.00541687012 0.0180053711
vt 0.0332336426 0.0458374023
vt 0.00541687012 0.0458374023
vt 0.00541687012 0.0180053711
vt 0.0332336426 0.0458374023
vt 0.00541687012 0.0458374023
vt 0.00541687012 0.0180053711
vt 0.0332336426 0.0458374023
vt 0.00541687012 0.0458374023
vt 0.00541687012 0.0180053711
vt 0.0332336426 0.0458374023
vt 0.00541687012 0.0458374023
vt 0.00541687012 0.0180053711
vt 0.0332336426 0.0458374023
vt 0.00541687012 0.0458374023
vt 0.00541687012 0.0180053711
vt 0.0332336426 0.0458374023
vt 0.00541687012 0.0458374023
vt 0.00541687012 0.0180053711
vt 0.0332336426 0.0458374023
vt 0.00541687012 0.0458374023
vt 0.00541687012 0.0180053711
vt 0.0332336426 0.0458374023
vt 0.00541687012 0.0458374023
vt 0.00541687012 0.0180053711
vt 0.0332336426 0.0458374023
vt 0.00541687012 0.0458374023
vt 0.00541687012 0.0180053711
vt 0.0332336426 0.0458374023
vt 0.00541687012 0.0458374023
vt 0.00541687012 0.0180053711
vt 0.0332336426 0.0458374023
vt 0.00541687012 0.0458374023
vt 0.00541687012 0.0180053711
vt 0.0332336426 0.0458374023
vt 0.00541687012 0.0458374023
vt 0.00541687012 0.0180053711
vt 0.0332336426 0.0458374023
vt 0.00541687012 0.0458374023
vt 0.00541687012 0.0180053711
vt 0.0332336426 0.0458374023
vt 0.00541687012 0.0458374023
vt 0.00541687012 0.0180053711
vt 0.0332336426 0.0458374023
vt 0.00541687012 0.0458374023
vt 0.00541687012 0.0180053711
vt 0.0332336426 0.0458374023
vt 0.00541687012 0.0458374023
vt 0.00541687012 0.0180053711
vt 0.0332336426 0.0458374023
vt 0.00541687012 0.0458374023
vt 0.00541687012 0.0180053711
vt 0.0332336426 0.0458374023
vt 0.00541687012 0.0458374023
vt 0.00541687012 0.0180053711
vt 0.0332336426 0.0458374023
vt 0.00541687012 0.0458374023
vt 0.00541687012 0.0180053711
vt 0.0332336426 0.0458374023
vt 0.00541687012 0.0458374023
vt 0.00541687012 0.0180053711
vt 0.0332336426 0.0458374023
vt 0.00541687012 0.0458374023
vt 0.00541687012 0.0180053711
vt 0.0332336426 0.0458374023
vt 0.00541687012 0.0458374023
vt 0.00541687012 0.0180053711
vt 0.0332336426 0.0458374023
vt 0.00541687012 0.0458374023
vt 0.00541687012 0.0180053711
vt 0.0332336426 0.0458374023
vt 0.00541687012 0.0458374023
vt 0.00541687012 0.0180053711
vt 0.0332336426 0.0458374023
vt 0.00541687012 0.0458374023
vt 0.00541687012 0.0180053711
vt 0.0332336426 0.0458374023
vt 0.00541687012 0.0458374023
vt 0.00541687012 0.0180053711
vt 0.0332336426 0.0458374023
vt 0.00541687012 0.0458374023
vt 0.00541687012 0.0180053711
vt 0.0332336426 0.0458374023
vt 0.00541687012 0.0458374023
vt 0.00541687012 0.0180053711
vt 0.0332336426 0.0458374023
vt 0.00541687012 0.0458374023
vt 0.00541687012 0.0180053711
vt 0.0332336426 0.0458374023
vt 0.00541687012 0.0458374023
vt 0.00541687012 0.0180053711
vt 0.0332336426 0.0458374023
vt 0.00541687012 0.0458374023
vt 0.00541687012 0.0180053711
vt 0.0332336426 0.0458374023
vt 0.00541687012 0.0458374023
vt 0.00541687012 0.0180053711
vt 0.0332336426 0.0458374023
vt 0.00541687012 0.0458374023
vt 0.00541687012 0.0180053711
vt 0.0332336426 0.0458374023
vt 0.00541687012 0.0458374023
vt 0.00541687012 0.0180053711
vt 0.0332336426 0.0458374023
vt 0.00541687012 0.0458374023
vt 0.00541687012 0.0180053711
vt 0.0332336426 0.0458374023
vt 0.00541687012 0.0458374023
vt 0.00541687012 0.0180053711
vt 0.0332336426 0.0458374023
vt 0.00541687012 0.0458374023
vt 0.00541687012 0.0180053711
vt 0.0332336426 0.0458374023
vt 0.00541687012 0.0458374023
vt 0.00541687012 0.0180053711
vt 0.0332336426 0.0458374023
vt 0.00541687012 0.0458374023
vt 0.00541687012 0.0180053711
vt 0.0332336426 0.0458374023
vt 0.00541687012 0.0458374023
vt 0.00541687012 0.0180053711
vt 0.0332336426 0.0458374023
vt 0.00541687012 0.0458374023
vt 0.00541687012 0.0180053711
vt 0.0332336426 0.0458374023
vt 0.00541687012 0.0458374023
vt 0.00541687012 0.0180053711
vt 0.0332336426 0.0458374023
vt 0.00541687012 0.0458374023
vt 0.00541687012 0.0180053711
vt 0.0332336426 0.0458374023
vt 0.00541687012 0.0458374023
vt 0.00541687012 0.0180053711
vt 0.0332336426 0.0458374023
vt 0.00541687012 0.0458374023
vt 0.00541687012 0.0180053711
vt 0.0332336426 0.0458374023
vt 0.00541687012 0.0458374023
vt 0.00541687012 0.0180053711
vt 0.0332336426 0.0458374023
vt 0.00541687012 0.0458374023
vt 0.00541687012 0.0180053711
vt 0.0332336426 0.0458374023
vt 0.00541687012 0.0458374023
vt 0.00541687012 0.0180053711
vt 0.0834960938 0.0659179688
vt 0.0834960938 0.073425293
vt 0.0910644531 0.073425293
vt 0.0910644531 0.0659179688
vt 0.0834960938 0.0659179688
vt 0.0834960938 0.073425293
vt 0.0910644531 0.073425293
vt 0.0910644531 0.0659179688
vt 0.0834960938 0.0659179688
vt 0.0834960938 0.073425293
vt 0.0910644531 0.073425293
vt 0.0910644531 0.0659179688
vt 0.0834960938 0.0659179688
vt 0.0834960938 0.073425293
vt 0.0910644531 0.073425293
vt 0.0910644531 0.0659179688
vt 0.0834960938 0.0659179688
vt 0.0834960938 0.073425293
vt 0.0910644531 0.073425293
vt 0.0910644531 0.0659179688
vt 0.0834960938 0.0659179688
vt 0.0834960938 0.073425293
vt 0.0910644531 0.073425293
vt 0.0910644531 0.0659179688
vt 0.0834960938 0.0659179688
vt 0.0834960938 0.073425293
vt 0.0910644531 0.073425293
vt 0.0910644531 0.0659179688
vt 0.0834960938 0.0659179688
vt 0.0834960938 0.073425293
vt 0.0910644531 0.073425293
vt 0.0910644531 0.0659179688
vt 0.0834960938 0.0659179688
vt 0.0834960938 0.073425293
vt 0.0910644531 0.073425293
vt 0.0910644531 0.0659179688
vt 0.0834960938 0.0659179688
vt 0.0834960938 0.073425293
vt 0.0910644531 0.073425293
vt 0.0910644531 0.0659179688
vt 0.0834960938 0.0659179688
vt 0.0834960938 0.073425293
vt 0.0910644531 0.073425293
vt 0.0910644531 0.0659179688
vt 0.0834960938 0.0659179688
vt 0.0834960938 0.073425293
vt 0.0910644531 0.073425293
vt 0.0910644531 0.0659179688
vt 0.0834960938 0.0659179688
vt 0.0834960938 0.073425293
vt 0.0910644531 0.073425293
vt 0.0910644531 0.0659179688
vt 0.0834960938 0.0659179688
vt 0.0834960938 0.073425293
vt 0.0910644531 0.073425293
vt 0.0910644531 0.0659179688
vt 0.0834960938 0.0659179688
vt 0.0834960938 0.073425293
vt 0.0910644531 0.073425293
vt 0.0910644531 0.0659179688
vt 0.0834960938 0.0659179688
vt 0.0834960938 0.073425293
vt 0.0910644531 0.073425293
vt 0.0910644531 0.0659179688
vt 0.0834960938 0.0659179688
vt 0.0834960938 0.073425293
vt 0.0910644531 0.073425293
vt 0.0910644531 0.0659179688
vt 0.0834960938 0.0659179688
vt 0.0834960938 0.073425293
vt 0.0910644531 0.073425293
vt 0.0910644531 0.0659179688
vt 0.0834960938 0.0659179688
vt 0.0834960938 0.073425293
vt 0.0910644531 0.073425293
vt 0.0910644531 0.0659179688
vt 0.0834960938 0.0659179688
vt 0.0834960938 0.073425293
vt 0.0910644531 0.073425293
vt 0.0910644531 0.0659179688
vt 0.0834960938 0.0659179688
vt 0.0834960938 0.073425293
vt 0.0910644531 0.073425293
vt 0.0910644531 0.0659179688
vt 0.0834960938 0.0659179688
vt 0.0834960938 0.073425293
vt 0.0910644531 0.073425293
vt 0.0910644531 0.0659179688
vt 0.0834960938 0.0659179688
vt 0.0834960938 0.073425293
vt 0.0910644531 0.073425293
vt 0.0910644531 0.0659179688
vt 0.0834960938 0.0659179688
vt 0.0834960938 0.073425293
vt 0.0910644531 0.073425293
vt 0.0910644531 0.0659179688
vt 0.0834960938 0.0659179688
vt 0.0834960938 0.073425293
vt 0.0910644531 0.073425293
vt 0.0910644531 0.0659179688
vt 0.0834960938 0.0659179688
vt 0.0834960938 0.073425293
vt 0.0910644531 0.073425293
vt 0.0910644531 0.0659179688
vt 0.0834960938 0.0659179688
vt 0.0834960938 0.073425293
vt 0.0910644531 0.073425293
vt 0.0910644531 0.0659179688
vt 0.0834960938 0.0659179688
vt 0.0834960938 0.073425293
vt 0.0910644531 0.073425293
vt 0.0910644531 0.0659179688
vt 0.0834960938 0.0659179688
vt 0.0834960938 0.073425293
vt 0.0910644531 0.073425293
vt 0.0910644531 0.0659179688
vt 0.0834960938 0.0659179688
vt 0.0834960938 0.073425293
vt 0.0910644531 0.073425293
vt 0.0910644531 0.0659179688
vt 0.0834960938 0.0659179688
vt 0.0834960938 0.073425293
vt 0.0910644531 0.073425293
vt 0.0910644531 0.0659179688
vt 0.0834960938 0.0659179688
vt 0.0834960938 0.073425293
vt 0.0910644531 0.073425293
vt 0.0910644531 0.0659179688
vt 0.0834960938 0.0659179688
vt 0.0834960938 0.073425293
vt 0.0910644531 0.073425293
vt 0.0910644531 0.0659179688
vt 0.0834960938 0.0659179688
vt 0.0834960938 0.073425293
vt 0.0910644531 0.073425293
vt 0.0910644531 0.0659179688
vt 0.0834960938 0.0659179688
vt 0.0834960938 0.073425293
vt 0.0910644531 0.073425293
vt 0.0910644531 0.0659179688
vt 0.0834960938 0.0659179688
vt 0.0834960938 0.073425293
vt 0.0910644531 0.073425293
vt 0.0910644531 0.0659179688
vt 0.0834960938 0.0659179688
vt 0.0834960938 0.073425293
vt 0.0910644531 0.073425293
vt 0.0910644531 0.0659179688
vt 0.0834960938 0.0659179688
vt 0.0834960938 0.073425293
vt 0.0910644531 0.073425293
vt 0.0910644531 0.0659179688
vt 0.0834960938 0.0659179688
vt 0.0834960938 0.073425293
vt 0.0910644531 0.073425293
vt 0.0910644531 0.0659179688
vt 0.0834960938 0.0659179688
vt 0.0834960938 0.073425293
vt 0.0910644531 0.073425293
vt 0.0910644531 0.0659179688
vt 0.0834960938 0.0659179688
vt 0.0834960938 0.073425293
vt 0.0910644531 0.073425293
vt 0.0910644531 0.0659179688
vt 0.0834960938 0.0659179688
vt 0.0834960938 0.073425293
vt 0.0910644531 0.073425293
vt 0.0910644531 0.0659179688
vt 0.0834960938 0.0659179688
vt 0.0834960938 0.073425293
vt 0.0910644531 0.073425293
vt 0.0910644531 0.0659179688
vt 0.0834960938 0.0659179688
vt 0.0834960938 0.073425293
vt 0.0910644531 0.073425293
vt 0.0910644531 0.0659179688
vt 0.0834960938 0.0659179688
vt 0.0834960938 0.073425293
vt 0.0910644531 0.073425293
vt 0.0910644531 0.0659179688
vt 0.0834960938 0.0659179688
vt 0.0834960938 0.073425293
vt 0.0910644531 0.073425293
vt 0.0910644531 0.0659179688
vt 0.0834960938 0.0659179688
vt 0.0834960938 0.073425293
vt 0.0910644531 0.073425293
vt 0.0910644531 0.0659179688
vt 0.0834960938 0.0659179688
vt 0.0834960938 0.073425293
vt 0.0910644531 0.073425293
vt 0.0910644531 0.0659179688
vt 0.0834960938 0.0659179688
vt 0.0834960938 0.073425293
vt 0.0910644531 0.073425293
vt 0.0910644531 0.0659179688
vt 0.0834960938 0.0659179688
vt 0.0834960938 0.073425293
vt 0.0910644531 0.073425293
vt 0.0910644531 0.0659179688
vt 0.0834960938 0.0659179688
vt 0.0834960938 0.073425293
vt 0.0910644531 0.073425293
vt 0.0910644531 0.0659179688
vt 0.269287109 0.416015625
vt 0.248779297 0.389160156
vt 0.240234375 0.379638672
vt 0.226806641 0.421630859
vt 0.284667969 0.457275391
vt 0.173095703 0.399169922
vt 0.245361328 0.462646484
vt 0.297851562 0.470947266
vt 0.196655273 0.428710938
vt 0.141235352 0.415039062
vt 0.159545898 0.446044922
vt 0.208984375 0.470214844
vt 0.169311523 0.485595703
vt 0.247314453 0.477294922
vt 0.211303711 0.486328125
vt 0.176269531 0.506835938
vt 0.214111328 0.501953125
vt 0.184814453 0.528808594
vt 0.249267578 0.491699219
vt 0.282714844 0.488037109
vt 0.229492188 0.533691406
vt 0.206420898 0.557617188
vt 0.258544922 0.521972656
vt 0.260498047 0.567871094
vt 0.240478516 0.584960938
vt 0.284667969 0.599609375
vt 0.319091797 0.487060547
vt 0.301513672 0.471191406
vt 0.327636719 0.479736328
vt 0.286865234 0.518554688
vt 0.273681641 0.554199219
vt 0.288085938 0.592773438
vt 0.307861328 0.604003906
vt 0.294677734 0.584472656
vt 0.293457031 0.550292969
vt 0.302001953 0.58203125
vt 0.317626953 0.520019531
vt 0.310058594 0.58203125
vt 0.313720703 0.55078125
vt 0.317626953 0.583984375
vt 0.333496094 0.555175781
vt 0.347900391 0.526367188
vt 0.324462891 0.587890625
vt 0.329345703 0.597167969
vt 0.331054688 0.604492188
vt 0.351318359 0.563476562
vt 0.365722656 0.576171875
vt 0.375976562 0.598144531
vt 0.357910156 0.494873047
vt 0.374755859 0.536621094
vt 0.399169922 0.553222656
vt 0.416748047 0.581054688
vt 0.372314453 0.474121094
vt 0.323730469 0.447265625
vt 0.365722656 0.442382812
vt 0.384521484 0.515625
vt 0.407470703 0.486572266
vt 0.418212891 0.543457031
vt 0.44140625 0.566894531
vt 0.430908203 0.494140625
vt 0.474853516 0.524902344
vt 0.0834960938 0.0659179688
vt 0.0834960938 0.073425293
vt 0.0910644531 0.073425293
vt 0.0910644531 0.0659179688
vt 0.0834960938 0.0659179688
vt 0.0834960938 0.073425293
vt 0.0910644531 0.073425293
vt 0.0910644531 0.0659179688
vt 0.0834960938 0.0659179688
vt 0.0834960938 0.073425293
vt 0.0910644531 0.073425293
vt 0.0910644531 0.0659179688
vt 0.0834960938 0.0659179688
vt 0.0834960938 0.073425293
vt 0.0910644531 0.073425293
vt 0.0910644531 0.0659179688
vt 0.0834960938 0.0659179688
vt 0.0834960938 0.073425293
vt 0.0910644531 0.073425293
vt 0.0910644531 0.0659179688
vt 0.0834960938 0.0659179688
vt 0.0834960938 0.073425293
vt 0.0910644531 0.073425293
vt 0.0910644531 0.0659179688
vt 0.0834960938 0.0659179688
vt 0.0834960938 0.073425293
vt 0.0910644531 0.073425293
vt 0.0910644531 0.0659179688
vt 0.0834960938 0.0659179688
vt 0.0834960938 0.073425293
vt 0.0910644531 0.073425293
vt 0.0910644531 0.0659179688
vt 0.0834960938 0.0659179688
vt 0.0834960938 0.073425293
vt 0.0910644531 0.073425293
vt 0.0910644531 0.0659179688
vt 0.635253906 0.258544922
vt 0.669433594 0.260986328
vt 0.671386719 0.246337891
vt 0.636230469 0.276855469
vt 0.668945312 0.264160156
vt 0.666015625 0.296386719
vt 0.610839844 0.2734375
vt 0.637695312 0.303466797
vt 0.666992188 0.326660156
vt 0.606933594 0.286132812
vt 0.568847656 0.290771484
vt 0.653320312 0.339355469
vt 0.673828125 0.343505859
vt 0.653808594 0.354492188
vt 0.638671875 0.355957031
vt 0.600585938 0.322753906
vt 0.609863281 0.355957031
vt 0.6171875 0.366455078
vt 0.58203125 0.301025391
vt 0.575195312 0.349121094
vt 0.562988281 0.382080078
vt 0.598144531 0.378662109
vt 0.603027344 0.3828125
vt 0.559082031 0.314453125
vt 0.540527344 0.300292969
vt 0.548828125 0.310058594
vt 0.554199219 0.32421875
vt 0.563476562 0.328613281
vt 0.555175781 0.344726562
vt 0.564453125 0.346191406
vt 0.534179688 0.381591797
vt 0.53515625 0.414550781
vt 0.584960938 0.409179688
vt 0.596679688 0.438720703
vt 0.592773438 0.402587891
vt 0.601074219 0.432128906
vt 0.601074219 0.395263672
vt 0.630371094 0.440429688
vt 0.642089844 0.453369141
vt 0.664550781 0.421142578
vt 0.627441406 0.417236328
vt 0.621582031 0.394287109
vt 0.636230469 0.384765625
vt 0.619628906 0.385986328
vt 0.638671875 0.392578125
vt 0.658203125 0.387451172
vt 0.669433594 0.383056641
vt 0.677246094 0.365234375
vt 0.6796875 0.344238281
vt 0.680175781 0.387939453
vt 0.68359375 0.372314453
vt 0.691894531 0.325439453
vt 0.687011719 0.377929688
vt 0.702636719 0.409667969
vt 0.712402344 0.440185547
vt 0.714355469 0.456298828
vt 0.670410156 0.4375
vt 0.66796875 0.45703125
vt 0.0834960938 0.0659179688
vt 0.0834960938 0.073425293
vt 0.0910644531 0.073425293
vt 0.0910644531 0.0659179688
vt 0.0834960938 0.0659179688
vt 0.0834960938 0.073425293
vt 0.0910644531 0.073425293
vt 0.0910644531 0.0659179688
vt 0.0834960938 0.0659179688
vt 0.0834960938 0.073425293
vt 0.0910644531 0.073425293
vt 0.0910644531 0.0659179688
vt 0.0834960938 0.0659179688
vt 0.0834960938 0.073425293
vt 0.0910644531 0.073425293
vt 0.0910644531 0.0659179688
vt 0.0834960938 0.0659179688
vt 0.0834960938 0.073425293
vt 0.0910644531 0.073425293
vt 0.0910644531 0.0659179688
vt 0.0834960938 0.0659179688
vt 0.0834960938 0.073425293
vt 0.0910644531 0.073425293
vt 0.0910644531 0.0659179688
vt 0.0332336426 0.0458374023
vt 0.0332336426 0.0180053711
vt 0.00541687012 0.0180053711
vt 0.00541687012 0.0458374023
vt 0.0332336426 0.0458374023
vt 0.0332336426 0.0180053711
vt 0.00541687012 0.0180053711
vt 0.00541687012 0.0458374023
vt 0.0332336426 0.0458374023
vt 0.0332336426 0.0180053711
vt 0.00541687012 0.0180053711
vt 0.00541687012 0.0458374023
vt 0.0332336426 0.0458374023
vt 0.0332336426 0.0180053711
vt 0.00541687012 0.0180053711
vt 0.00541687012 0.0458374023
vt 0.0332336426 0.0458374023
vt 0.0332336426 0.0180053711
vt 0.00541687012 0.0180053711
vt 0.00541687012 0.0458374023
vt 0.0332336426 0.0458374023
vt 0.0332336426 0.0180053711
vt 0.00541687012 0.0180053711
vt 0.00541687012 0.0458374023
vt 0.0332336426 0.0458374023
vt 0.0332336426 0.0180053711
vt 0.00541687012 0.0180053711
vt 0.00541687012 0.0458374023
vt 0.0332336426 0.0458374023
vt 0.0332336426 0.0180053711
vt 0.00541687012 0.0180053711
vt 0.00541687012 0.0458374023
vt 0.0332336426 0.0458374023
vt 0.0332336426 0.0180053711
vt 0.00541687012 0.0180053711
vt 0.00541687012 0.0458374023
vt 0.0332336426 0.0458374023
vt 0.0332336426 0.0180053711
vt 0.00541687012 0.0180053711
vt 0.00541687012 0.0458374023
vt 0.0332336426 0.0458374023
vt 0.0332336426 0.0180053711
vt 0.00541687012 0.0180053711
vt 0.00541687012 0.0458374023
vt 0.0332336426 0.0458374023
vt 0.0332336426 0.0180053711
vt 0.00541687012 0.0180053711
vt 0.00541687012 0.0458374023
vt 0.0332336426 0.0458374023
vt 0.0332336426 0.0180053711
vt 0.00541687012 0.0180053711
vt 0.00541687012 0.0458374023
vt 0.0332336426 0.0458374023
vt 0.0332336426 0.0180053711
vt 0.00541687012 0.0180053711
vt 0.00541687012 0.0458374023
vt 0.0332336426 0.0458374023
vt 0.0332336426 0.0180053711
vt 0.00541687012 0.0180053711
vt 0.00541687012 0.0458374023
vt 0.0332336426 0.0458374023
vt 0.0332336426 0.0180053711
vt 0.00541687012 0.0180053711
vt 0.00541687012 0.0458374023
vt 0.0332336426 0.0458374023
vt 0.0332336426 0.0180053711
vt 0.00541687012 0.0180053711
vt 0.00541687012 0.0458374023
vt 0.0332336426 0.0458374023
vt 0.0332336426 0.0180053711
vt 0.00541687012 0.0180053711
vt 0.00541687012 0.0458374023
vt 0.0332336426 0.0458374023
vt 0.0332336426 0.0180053711
vt 0.00541687012 0.0180053711
vt 0.00541687012 0.0458374023
vt 0.0332336426 0.0458374023
vt 0.0332336426 0.0180053711
vt 0.00541687012 0.0180053711
vt 0.00541687012 0.0458374023
vt 0.0332336426 0.0458374023
vt 0.0332336426 0.0180053711
vt 0.00541687012 0.0180053711
vt 0.00541687012 0.0458374023
vt 0.0332336426 0.0458374023
vt 0.0332336426 0.0180053711
vt 0.00541687012 0.0180053711
vt 0.00541687012 0.0458374023
vt 0.0332336426 0.0458374023
vt 0.0332336426 0.0180053711
vt 0.00541687012 0.0180053711
vt 0.00541687012 0.0458374023
vt 0.0332336426 0.0458374023
vt 0.0332336426 0.0180053711
vt 0.00541687012 0.0180053711
vt 0.00541687012 0.0458374023
vt 0.0332336426 0.0458374023
vt 0.0332336426 0.0180053711
vt 0.00541687012 0.0180053711
vt 0.00541687012 0.0458374023
vt 0.0332336426 0.0458374023
vt 0.0332336426 0.0180053711
vt 0.00541687012 0.0180053711
vt 0.00541687012 0.0458374023
vt 0.0332336426 0.0458374023
vt 0.0332336426 0.0180053711
vt 0.00541687012 0.0180053711
vt 0.00541687012 0.0458374023
vt 0.0332336426 0.0458374023
vt 0.0332336426 0.0180053711
vt 0.00541687012 0.0180053711
vt 0.00541687012 0.0458374023
vt 0.0332336426 0.0458374023
vt 0.0332336426 0.0180053711
vt 0.00541687012 0.0180053711
vt 0.00541687012 0.0458374023
vt 0.0332336426 0.0458374023
vt 0.0332336426 0.0180053711
vt 0.00541687012 0.0180053711
vt 0.00541687012 0.0458374023
vt 0.0332336426 0.0458374023
vt 0.0332336426 0.0180053711
vt 0.00541687012 0.0180053711
vt 0.00541687012 0.0458374023
vt 0.0332336426 0.0458374023
vt 0.0332336426 0.0180053711
vt 0.00541687012 0.0180053711
vt 0.00541687012 0.0458374023
vt 0.0332336426 0.0458374023
vt 0.0332336426 0.0180053711
vt 0.00541687012 0.0180053711
vt 0.00541687012 0.0458374023
vt 0.0332336426 0.0458374023
vt 0.0332336426 0.0180053711
vt 0.00541687012 0.0180053711
vt 0.00541687012 0.0458374023
vt 0.0332336426 0.0458374023
vt 0.0332336426 0.0180053711
vt 0.00541687012 0.0180053711
vt 0.00541687012 0.0458374023
vt 0.0332336426 0.0458374023
vt 0.0332336426 0.0180053711
vt 0.00541687012 0.0180053711
vt 0.00541687012 0.0458374023
vt 0.0332336426 0.0458374023
vt 0.0332336426 0.0180053711
vt 0.00541687012 0.0180053711
vt 0.00541687012 0.0458374023
vt 0.0332336426 0.0458374023
vt 0.0332336426 0.0180053711
vt 0.00541687012 0.0180053711
vt 0.00541687012 0.0458374023
vt 0.0332336426 0.0458374023
vt 0.0332336426 0.0180053711
vt 0.00541687012 0.0180053711
vt 0.00541687012 0.0458374023
vt 0.0332336426 0.0458374023
vt 0.0332336426 0.0180053711
vt 0.00541687012 0.0180053711
vt 0.00541687012 0.0458374023
vt 0.0332336426 0.0458374023
vt 0.0332336426 0.0180053711
vt 0.00541687012 0.0180053711
vt 0.00541687012 0.0458374023
vt 0.0332336426 0.0458374023
vt 0.0332336426 0.0180053711
vt 0.00541687012 0.0180053711
vt 0.00541687012 0.0458374023
vt 0.0332336426 0.0458374023
vt 0.0332336426 0.0180053711
vt 0.00541687012 0.0180053711
vt 0.00541687012 0.0458374023
vt 0.0332336426 0.0458374023
vt 0.0332336426 0.0180053711
vt 0.00541687012 0.0180053711
vt 0.00541687012 0.0458374023
vt 0.0332336426 0.0458374023
vt 0.0332336426 0.0180053711
vt 0.00541687012 0.0180053711
vt 0.00541687012 0.0458374023
vt 0.0332336426 0.0458374023
vt 0.0332336426 0.0180053711
vt 0.00541687012 0.0180053711
vt 0.00541687012 0.0458374023
vt 0.0332336426 0.0458374023
vt 0.0332336426 0.0180053711
vt 0.00541687012 0.0180053711
vt 0.00541687012 0.0458374023
vt 0 0
vt 0 0
vt 0 0
vt 0 0
vt 0 0
vt 0 0
vt 0 0
vt 0 0
vt 0 0
vt 0 0
vt 0 0
vt 0 0
vt 0 0
vt 0 0
vt 0 0
vt 0 0
vt 0 0
vt 0 0
vt 0 0
vt 0 0
vt 0 0
vt 0 0
vt 0 0
vt 0 0
vt 0 0
vt 0 0
vt 0 0
vt 0 0
vt 0 0
vt 0 0
vt 0 0
vt 0.0834960938 0.0659179688
vt 0.0910644531 0.0659179688
vt 0.0910644531 0.073425293
vt 0.0834960938 0.073425293
vt 0.0834960938 0.0659179688
vt 0.0910644531 0.0659179688
vt 0.0910644531 0.073425293
vt 0.0834960938 0.073425293
vt 0.0834960938 0.0659179688
vt 0.0910644531 0.0659179688
vt 0.0910644531 0.073425293
vt 0.0834960938 0.073425293
vt 0.0834960938 0.0659179688
vt 0.0910644531 0.0659179688
vt 0.0910644531 0.073425293
vt 0.0834960938 0.073425293
vt 0.0834960938 0.0659179688
vt 0.0910644531 0.0659179688
vt 0.0910644531 0.073425293
vt 0.0834960938 0.073425293
vt 0.0834960938 0.0659179688
vt 0.0910644531 0.0659179688
vt 0.0910644531 0.073425293
vt 0.0834960938 0.073425293
vt 0.0834960938 0.0659179688
vt 0.0910644531 0.0659179688
vt 0.0910644531 0.073425293
vt 0.0834960938 0.073425293
vt 0.0834960938 0.0659179688
vt 0.0910644531 0.0659179688
vt 0.0910644531 0.073425293
vt 0.0834960938 0.073425293
vt 0.0834960938 0.0659179688
vt 0.0910644531 0.0659179688
vt 0.0910644531 0.073425293
vt 0.0834960938 0.073425293
vt 0.0834960938 0.0659179688
vt 0.0910644531 0.0659179688
vt 0.0910644531 0.073425293
vt 0.0834960938 0.073425293
vt 0.0834960938 0.0659179688
vt 0.0910644531 0.0659179688
vt 0.0910644531 0.073425293
vt 0.0834960938 0.073425293
vt 0.0834960938 0.0659179688
vt 0.0910644531 0.0659179688
vt 0.0910644531 0.073425293
vt 0.0834960938 0.073425293
vt 0.0834960938 0.0659179688
vt 0.0910644531 0.0659179688
vt 0.0910644531 0.073425293
vt 0.0834960938 0.073425293
vt 0.0834960938 0.0659179688
vt 0.0910644531 0.0659179688
vt 0.0910644531 0.073425293
vt 0.0834960938 0.073425293
vt 0.0834960938 0.0659179688
vt 0.0910644531 0.0659179688
vt 0.0910644531 0.073425293
vt 0.0834960938 0.073425293
vt 0.0834960938 0.0659179688
vt 0.0910644531 0.0659179688
vt 0.0910644531 0.073425293
vt 0.0834960938 0.073425293
vt 0.0834960938 0.0659179688
vt 0.0910644531 0.0659179688
vt 0.0910644531 0.073425293
vt 0.0834960938 0.073425293
vt 0.0834960938 0.0659179688
vt 0.0910644531 0.0659179688
vt 0.0910644531 0.073425293
vt 0.0834960938 0.073425293
vt 0.0834960938 0.0659179688
vt 0.0910644531 0.0659179688
vt 0.0910644531 0.073425293
vt 0.0834960938 0.073425293
vt 0.0834960938 0.0659179688
vt 0.0910644531 0.0659179688
vt 0.0910644531 0.073425293
vt 0.0834960938 0.073425293
vt 0.0834960938 0.0659179688
vt 0.0910644531 0.0659179688
vt 0.0910644531 0.073425293
vt 0.0834960938 0.073425293
vt 0.0834960938 0.0659179688
vt 0.0910644531 0.0659179688
vt 0.0910644531 0.073425293
vt 0.0834960938 0.073425293
vt 0.0834960938 0.0659179688
vt 0.0910644531 0.0659179688
vt 0.0910644531 0.073425293
vt 0.0834960938 0.073425293
vt 0.0834960938 0.0659179688
vt 0.0910644531 0.0659179688
vt 0.0910644531 0.073425293
vt 0.0834960938 0.073425293
vt 0.0834960938 0.0659179688
vt 0.0910644531 0.0659179688
vt 0.0910644531 0.073425293
vt 0.0834960938 0.073425293
vt 0.0834960938 0.0659179688
vt 0.0910644531 0.0659179688
vt 0.0910644531 0.073425293
vt 0.0834960938 0.073425293
vt 0.0834960938 0.0659179688
vt 0.0910644531 0.0659179688
vt 0.0910644531 0.073425293
vt 0.0834960938 0.073425293
vt 0.0834960938 0.0659179688
vt 0.0910644531 0.0659179688
vt 0.0910644531 0.073425293
vt 0.0834960938 0.073425293
vt 0.0834960938 0.0659179688
vt 0.0910644531 0.0659179688
vt 0.0910644531 0.073425293
vt 0.0834960938 0.073425293
vt 0.0834960938 0.0659179688
vt 0.0910644531 0.0659179688
vt 0.0910644531 0.073425293
vt 0.0834960938 0.073425293
vt 0.0834960938 0.0659179688
vt 0.0910644531 0.0659179688
vt 0.0910644531 0.073425293
vt 0.0834960938 0.073425293
vt 0.0834960938 0.0659179688
vt 0.0910644531 0.0659179688
vt 0.0910644531 0.073425293
vt 0.0834960938 0.073425293
vt 0.0834960938 0.0659179688
vt 0.0910644531 0.0659179688
vt 0.0910644531 0.073425293
vt 0.0834960938 0.073425293
vt 0.0834960938 0.0659179688
vt 0.0910644531 0.0659179688
vt 0.0910644531 0.073425293
vt 0.0834960938 0.073425293
vt 0.0834960938 0.0659179688
vt 0.0910644531 0.0659179688
vt 0.0910644531 0.073425293
vt 0.0834960938 0.073425293
vt 0.0834960938 0.0659179688
vt 0.0910644531 0.0659179688
vt 0.0910644531 0.073425293
vt 0.0834960938 0.073425293
vt 0.0834960938 0.0659179688
vt 0.0910644531 0.0659179688
vt 0.0910644531 0.073425293
vt 0.0834960938 0.073425293
vt 0.0834960938 0.0659179688
vt 0.0910644531 0.0659179688
vt 0.0910644531 0.073425293
vt 0.0834960938 0.073425293
vt 0.0834960938 0.0659179688
vt 0.0910644531 0.0659179688
vt 0.0910644531 0.073425293
vt 0.0834960938 0.073425293
vt 0.0834960938 0.0659179688
vt 0.0910644531 0.0659179688
vt 0.0910644531 0.073425293
vt 0.0834960938 0.073425293
vt 0.0834960938 0.0659179688
vt 0.0910644531 0.0659179688
vt 0.0910644531 0.073425293
vt 0.0834960938 0.073425293
vt 0.269287109 0.416015625
vt 0.240234375 0.379638672
vt 0.248779297 0.389160156
vt 0.226806641 0.421630859
vt 0.284667969 0.457275391
vt 0.173095703 0.399169922
vt 0.245361328 0.462646484
vt 0.297851562 0.470947266
vt 0.196655273 0.428710938
vt 0.141235352 0.415039062
vt 0.159545898 0.446044922
vt 0.208984375 0.470214844
vt 0.169311523 0.485595703
vt 0.247314453 0.477294922
vt 0.211303711 0.486328125
vt 0.176269531 0.506835938
vt 0.214111328 0.501953125
vt 0.184814453 0.528808594
vt 0.249267578 0.491699219
vt 0.282714844 0.488037109
vt 0.229492188 0.533691406
vt 0.206420898 0.557617188
vt 0.258544922 0.521972656
vt 0.260498047 0.567871094
vt 0.240478516 0.584960938
vt 0.284667969 0.599609375
vt 0.319091797 0.487060547
vt 0.301513672 0.471191406
vt 0.327636719 0.479736328
vt 0.286865234 0.518554688
vt 0.273681641 0.554199219
vt 0.288085938 0.592773438
vt 0.307861328 0.604003906
vt 0.294677734 0.584472656
vt 0.293457031 0.550292969
vt 0.302001953 0.58203125
vt 0.317626953 0.520019531
vt 0.310058594 0.58203125
vt 0.313720703 0.55078125
vt 0.317626953 0.583984375
vt 0.333496094 0.555175781
vt 0.347900391 0.526367188
vt 0.324462891 0.587890625
vt 0.329345703 0.597167969
vt 0.331054688 0.604492188
vt 0.351318359 0.563476562
vt 0.365722656 0.576171875
vt 0.375976562 0.598144531
vt 0.357910156 0.494873047
vt 0.374755859 0.536621094
vt 0.399169922 0.553222656
vt 0.416748047 0.581054688
vt 0.372314453 0.474121094
vt 0.323730469 0.447265625
vt 0.365722656 0.442382812
vt 0.384521484 0.515625
vt 0.407470703 0.486572266
vt 0.418212891 0.543457031
vt 0.44140625 0.566894531
vt 0.430908203 0.494140625
vt 0.474853516 0.524902344
vt 0.0834960938 0.0659179688
vt 0.0910644531 0.0659179688
vt 0.0910644531 0.073425293
vt 0.0834960938 0.073425293
vt 0.0834960938 0.0659179688
vt 0.0910644531 0.0659179688
vt 0.0910644531 0.073425293
vt 0.0834960938 0.073425293
vt 0.0834960938 0.0659179688
vt 0.0910644531 0.0659179688
vt 0.0910644531 0.073425293
vt 0.0834960938 0.073425293
vt 0.0834960938 0.0659179688
vt 0.0910644531 0.0659179688
vt 0.0910644531 0.073425293
vt 0.0834960938 0.073425293
vt 0.0834960938 0.0659179688
vt 0.0910644531 0.0659179688
vt 0.0910644531 0.073425293
vt 0.0834960938 0.073425293
vt 0.0834960938 0.0659179688
vt 0.0910644531 0.0659179688
vt 0.0910644531 0.073425293
vt 0.0834960938 0.073425293
vt 0.0834960938 0.0659179688
vt 0.0910644531 0.0659179688
vt 0.0910644531 0.073425293
vt 0.0834960938 0.073425293
vt 0.0834960938 0.0659179688
vt 0.0910644531 0.0659179688
vt 0.0910644531 0.073425293
vt 0.0834960938 0.073425293
vt 0.635253906 0.258544922
vt 0.671386719 0.246337891
vt 0.669433594 0.260986328
vt 0.636230469 0.276855469
vt 0.668945312 0.264160156
vt 0.666015625 0.296386719
vt 0.610839844 0.2734375
vt 0.637695312 0.303466797
vt 0.666992188 0.326660156
vt 0.606933594 0.286132812
vt 0.568847656 0.290771484
vt 0.653320312 0.339355469
vt 0.673828125 0.343505859
vt 0.653808594 0.354492188
vt 0.638671875 0.355957031
vt 0.600585938 0.322753906
vt 0.609863281 0.355957031
vt 0.6171875 0.366455078
vt 0.58203125 0.301025391
vt 0.575195312 0.349121094
vt 0.562988281 0.382080078
vt 0.598144531 0.378662109
vt 0.603027344 0.3828125
vt 0.559082031 0.314453125
vt 0.540527344 0.300292969
vt 0.548828125 0.310058594
vt 0.554199219 0.32421875
vt 0.563476562 0.328613281
vt 0.555175781 0.344726562
vt 0.564453125 0.346191406
vt 0.534179688 0.381591797
vt 0.53515625 0.414550781
vt 0.584960938 0.409179688
vt 0.596679688 0.438720703
vt 0.592773438 0.402587891
vt 0.601074219 0.432128906
vt 0.601074219 0.395263672
vt 0.630371094 0.440429688
vt 0.642089844 0.453369141
vt 0.664550781 0.421142578
vt 0.627441406 0.417236328
vt 0.621582031 0.394287109
vt 0.636230469 0.384765625
vt 0.619628906 0.385986328
vt 0.638671875 0.392578125
vt 0.658203125 0.387451172
vt 0.669433594 0.383056641
vt 0.677246094 0.365234375
vt 0.6796875 0.344238281
vt 0.680175781 0.387939453
vt 0.68359375 0.372314453
vt 0.691894531 0.325439453
vt 0.687011719 0.377929688
vt 0.702636719 0.409667969
vt 0.712402344 0.440185547
vt 0.714355469 0.456298828
vt 0.670410156 0.4375
vt 0.66796875 0.45703125
vt 0.0834960938 0.0659179688
vt 0.0910644531 0.0659179688
vt 0.0910644531 0.073425293
vt 0.0834960938 0.073425293
vt 0.0834960938 0.0659179688
vt 0.0910644531 0.0659179688
vt 0.0910644531 0.073425293
vt 0.0834960938 0.073425293
vt 0.0834960938 0.0659179688
vt 0.0910644531 0.0659179688
vt 0.0910644531 0.073425293
vt 0.0834960938 0.073425293
vt 0.0834960938 0.0659179688
vt 0.0910644531 0.0659179688
vt 0.0910644531 0.073425293
vt 0.0834960938 0.073425293
vt 0.0834960938 0.0659179688
vt 0.0910644531 0.0659179688
vt 0.0910644531 0.073425293
vt 0.0834960938 0.073425293
vt 0.0834960938 0.0659179688
vt 0.0910644531 0.0659179688
vt 0.0910644531 0.073425293
vt 0.0834960938 0.073425293
vt 0.0332336426 0.0458374023
vt 0.00541687012 0.0458374023
vt 0.00541687012 0.0180053711
vt 0.0332336426 0.0180053711
vt 0.0332336426 0.0458374023
vt 0.00541687012 0.0458374023
vt 0.00541687012 0.0180053711
vt 0.0332336426 0.0180053711
vt 0.0332336426 0.0458374023
vt 0.00541687012 0.0458374023
vt 0.00541687012 0.0180053711
vt 0.0332336426 0.0180053711
vt 0.0332336426 0.0458374023
vt 0.00541687012 0.0458374023
vt 0.00541687012 0.0180053711
vt 0.0332336426 0.0180053711
vt 0.0332336426 0.0458374023
vt 0.00541687012 0.0458374023
vt 0.00541687012 0.0180053711
vt 0.0332336426 0.0180053711
vt 0.0332336426 0.0458374023
vt 0.00541687012 0.0458374023
vt 0.00541687012 0.0180053711
vt 0.0332336426 0.0180053711
vt 0.0332336426 0.0458374023
vt 0.00541687012 0.0458374023
vt 0.00541687012 0.0180053711
vt 0.0332336426 0.0180053711
vt 0.0332336426 0.0458374023
vt 0.00541687012 0.0458374023
vt 0.00541687012 0.0180053711
vt 0.0332336426 0.0180053711
vt 0.0332336426 0.0458374023
vt 0.00541687012 0.0458374023
vt 0.00541687012 0.0180053711
vt 0.0332336426 0.0180053711
vt 0.0332336426 0.0458374023
vt 0.00541687012 0.0458374023
vt 0.00541687012 0.0180053711
vt 0.0332336426 0.0180053711
vt 0.0332336426 0.0458374023
vt 0.00541687012 0.0458374023
vt 0.00541687012 0.0180053711
vt 0.0332336426 0.0180053711
vt 0.0332336426 0.0458374023
vt 0.00541687012 0.0458374023
vt 0.00541687012 0.0180053711
vt 0.0332336426 0.0180053711
vt 0.0332336426 0.0458374023
vt 0.00541687012 0.0458374023
vt 0.00541687012 0.0180053711
vt 0.0332336426 0.0180053711
vt 0.0332336426 0.0458374023
vt 0.00541687012 0.0458374023
vt 0.00541687012 0.0180053711
vt 0.0332336426 0.0180053711
vt 0.0332336426 0.0458374023
vt 0.00541687012 0.0458374023
vt 0.00541687012 0.0180053711
vt 0.0332336426 0.0180053711
vt 0.0332336426 0.0458374023
vt 0.00541687012 0.0458374023
vt 0.00541687012 0.0180053711
vt 0.0332336426 0.0180053711
vt 0.0332336426 0.0458374023
vt 0.00541687012 0.0458374023
vt 0.00541687012 0.0180053711
vt 0.0332336426 0.0180053711
vt 0.0332336426 0.0458374023
vt 0.00541687012 0.0458374023
vt 0.00541687012 0.0180053711
vt 0.0332336426 0.0180053711
vt 0.0332336426 0.0458374023
vt 0.00541687012 0.0458374023
vt 0.00541687012 0.0180053711
vt 0.0332336426 0.0180053711
vt 0.0332336426 0.0458374023
vt 0.00541687012 0.0458374023
vt 0.00541687012 0.0180053711
vt 0.0332336426 0.0180053711
vt 0.0332336426 0.0458374023
vt 0.00541687012 0.0458374023
vt 0.00541687012 0.0180053711
vt 0.0332336426 0.0180053711
vt 0.0332336426 0.0458374023
vt 0.00541687012 0.0458374023
vt 0.00541687012 0.0180053711
vt 0.0332336426 0.0180053711
vt 0.0332336426 0.0458374023
vt 0.00541687012 0.0458374023
vt 0.00541687012 0.0180053711
vt 0.0332336426 0.0180053711
vt 0.0332336426 0.0458374023
vt 0.00541687012 0.0458374023
vt 0.00541687012 0.0180053711
vt 0.0332336426 0.0180053711
vt 0.0332336426 0.0458374023
vt 0.00541687012 0.0458374023
vt 0.00541687012 0.0180053711
vt 0.0332336426 0.0180053711
vt 0.0332336426 0.0458374023
vt 0.00541687012 0.0458374023
vt 0.00541687012 0.0180053711
vt 0.0332336426 0.0180053711
vt 0.0332336426 0.0458374023
vt 0.00541687012 0.0458374023
vt 0.00541687012 0.0180053711
vt 0.0332336426 0.0180053711
vt 0.0332336426 0.0458374023
vt 0.00541687012 0.0458374023
vt 0.00541687012 0.0180053711
vt 0.0332336426 0.0180053711
vt 0.0332336426 0.0458374023
vt 0.00541687012 0.0458374023
vt 0.00541687012 0.0180053711
vt 0.0332336426 0.0180053711
vt 0.0332336426 0.0458374023
vt 0.00541687012 0.0458374023
vt 0.00541687012 0.0180053711
vt 0.0332336426 0.0180053711
vt 0.0332336426 0.0458374023
vt 0.00541687012 0.0458374023
vt 0.00541687012 0.0180053711
vt 0.0332336426 0.0180053711
vt 0.0332336426 0.0458374023
vt 0.00541687012 0.0458374023
vt 0.00541687012 0.0180053711
vt 0.0332336426 0.0180053711
vt 0.0332336426 0.0458374023
vt 0.00541687012 0.0458374023
vt 0.00541687012 0.0180053711
vt 0.0332336426 0.0180053711
vt 0.0332336426 0.0458374023
vt 0.00541687012 0.0458374023
vt 0.00541687012 0.0180053711
vt 0.0332336426 0.0180053711
vt 0.0332336426 0.0458374023
vt 0.00541687012 0.0458374023
vt 0.00541687012 0.0180053711
vt 0.0332336426 0.0180053711
vt 0.0332336426 0.0458374023
vt 0.00541687012 0.0458374023
vt 0.00541687012 0.0180053711
vt 0.0332336426 0.0180053711
vt 0.0332336426 0.0458374023
vt 0.00541687012 0.0458374023
vt 0.00541687012 0.0180053711
vt 0.0332336426 0.0180053711
vt 0.0332336426 0.0458374023
vt 0.00541687012 0.0458374023
vt 0.00541687012 0.0180053711
vt 0.0332336426 0.0180053711
vt 0.0332336426 0.0458374023
vt 0.00541687012 0.0458374023
vt 0.00541687012 0.0180053711
vt 0.0332336426 0.0180053711
vt 0.0332336426 0.0458374023
vt 0.00541687012 0.0458374023
vt 0.00541687012 0.0180053711
vt 0.0332336426 0.0180053711
vt 0.0332336426 0.0458374023
vt 0.00541687012 0.0458374023
vt 0.00541687012 0.0180053711
vt 0.0332336426 0.0180053711
vt 0.0332336426 0.0458374023
vt 0.00541687012 0.0458374023
vt 0.00541687012 0.0180053711
vt 0.0332336426 0.0180053711
vt 0.0332336426 0.0458374023
vt 0.00541687012 0.0458374023
vt 0.00541687012 0.0180053711
vt 0.0332336426 0.0180053711
vt 0.0332336426 0.0458374023
vt 0.00541687012 0.0458374023
vt 0.00541687012 0.0180053711
vt 0.0332336426 0.0180053711
vt 0 0
vt 0 0
vt 0 0
vt 0 0
vt 0 0
vt 0 0
vt 0 0
vt 0 0
vt 0 0
vt 0 0
vt 0 0
vt 0 0
vt 0 0
vt 0 0
vt 0 0
vt 0 0
vt 0 0
vt 0 0
vt 0 0
vt 0 0
vt 0 0
vt 0 0
vt 0 0
vt 0 0
vt 0 0
vt 0 0
vt 0 0
vt 0 0
vt 0 0
vt 0 0
vt 0 0
vt 0 0
vt 0 0
vt 0 0
vt 0 0
vt 0 0
vt 0 0
vt 0 0
vt 0 0
vt 0 0
vt 0 0
vt 0 0
vt 0 0
vt 0 0
vt 0 0
vt 0 0
vt 0 0
vt 0 0
vt 0 0
vt 0 0
vt 0 0
vt 0 0
vt 0 0
vt 0 0
vt 0 0
vt 0 0
vt 0 0
vt 0 0
vt 0 0
vt 0 0
vt 0 0
vt 0 0
vt 0 0
vt 0 0
vt 0 0
vt 0 0
vt 0 0
vt 0 0
vt 0 0
vt 0 0
vt 0 0
vt 0 0
vt 0 0
vt 0 0
vt 0 0
vt 0 0
vt 0 0
vt 0 0
vt 0 0
vt 0 0
vt 0 0
vt 0 0
vt 0 0
vt 0 0
vt 0 0
vt 0 0
vt 0 0
vt 0 0
vt 0 0
vt 0 0
vt 0 0
vt 0 0
vt 0 0
vt 0 0
vt 0 0
vt 0 0
vt 0 0
vt 0 0
vt 0 0
vt 0 0
vt 0 0
vt 0 0
vt 0 0
vt 0 0
vt 0 0
vt 0 0
vt 0 0
vt 0 0
vt 0 0
vt 0 0
vt 0 0
vt 0 0
vt 0 0
vt 0 0
vt 0 0
vt 0 0
vt 0 0
vt 0 0
vt 0 0
vt 0 0
vt 0 0
vt 0 0
vt 0 0
vt 0 0
vt 0 0
vt 0 0
vt 0 0
vt 0 0
vt 0 0
vt 0 0
vt 0 0
vt 0 0
vt 0 0
vt 0 0
vt 0 0
vt 0 0
vt 0 0
vt 0 0
vt 0 0
vt 0 0
vt 0 0
vt 0 0
vt 0 0
vt 0 0
vt 0 0
vt 0 0
vt 0 0
vt 0 0
vt 0 0
vt 0 0
vt 0 0
vt 0 0
vt 0 0
vt 0 0
vt 0 0
vt 0 0
vt 0 0
vt 0 0
vt 0 0
vt 0 0
vt 0 0
vt 0 0
vt 0 0
vt 0 0
vt 0 0
vt 0 0
vt 0 0
vt 0 0
vt 0 0
vt 0 0
vt 0 0
vt 0 0
vt 0 0
vt 0 0
vt 0 0
vt 0 0
vt 0 0
vt 0 0
vt 0 0
vt 0 0
vt 0 0
vt 0 0
vt 0 0
vt 0 0
vt 0 0
vt 0 0
vt 0 0
vt 0 0
vt 0 0
vt 0 0
vt 0 0
vt 0 0
vt 0 0
vt 0 0
vt 0 0
vt 0 0
vt 0 0
vt 0 0
vt 0 0
vt 0 0
vt 0 0
vt 0 0
vt 0 0
vt 0 0
vt 0 0
vt 0 0
vt 0 0
vt 0 0
vt 0 0
vt 0 0
vt 0 0
vt 0 0
vt 0 0
vt 0 0
vt 0 0
vt 0 0
vt 0 0
vt 0 0
vt 0 0
vt 0 0
vt 0 0
vt 0 0
vt 0 0
vt 0 0
vt 0 0
vt 0 0
vt 0 0
vt 0 0
vt 0 0
vt 0 0
vt 0 0
vt 0 0
vt 0 0
vt 0 0
vt 0 0
vt 0 0
vt 0 0
vt 0 0
vt 0 0
vt 0 0
vt 0 0
vt 0 0
vt 0 0
vt 0 0
vt 0 0
vt 0 0
vt 0 0
vt 0 0
vt 0 0
vt 0 0
vt 0 0
vt 0 0
vt 0 0
vt 0 0
vt 0 0
vt 0 0
vt 0 0
vt 0 0
vt 0 0
vt 0 0
vt 0 0
vt 0 0
vt 0 0
vt 0 0
vt 0 0
vt 0 0
vt 0 0
vt 0 0
vt 0 0
vt 0 0
vt 0 0
vt 0 0
vt 0 0
vt 0 0
vt 0 0
vt 0 0
vt 0 0
vt 0 0
vt 0 0
vt 0 0
vt 0 0
vt 0 0
vt 0 0
vt 0 0
vt 0 0
vt 0 0
vt 0 0
vt 0 0
vt 0 0
vt 0 0
vt 0 0
vt 0 0
vt 0 0
vt 0 0
vt 0 0
vt 0 0
vt 0 0
vt 0 0
vt 0 0
vt 0 0
vt 0 0
vt 0 0
vt 0 0
vt 0 0
vt 0 0
vt 0 0
vt 0 0
vt 0 0
vt 0 0
vt 0 0
vt 0 0
vt 0 0
vt 0 0
vt 0 0
vt 0 0
vt 0 0
vt 0 0
vt 0 0
vt 0 0
vt 0 0
vt 0 0
vt 0 0
vt 0 0
vt 0 0
vt 0 0
vt 0 0
vt 0 0
vt 0 0
vt 0 0
vt 0 0
vt 0 0
vt 0 0
vt 0 0
vt 0 0
vt 0 0
vt 0 0
vt 0 0
vt 0 0
vt 0 0
vt 0 0
vt 0 0
vt 0 0
vt 0 0
vt 0 0
vt 0 0
vt 0 0
vt 0 0
vt 0 0
vt 0 0
vt 0 0
vt 0 0
vt 0 0
vt 0 0
vt 0 0
vt 0 0
vt 0 0
vt 0 0
vt 0 0
vt 0 0
vt 0 0
vt 0 0
vt 0 0
vt 0 0
vt 0 0
vt 0 0
vt 0 0
vt 0 0
vt 0 0
vt 0 0
vt 0 0
vt 0 0
vt 0 0
vt 0 0
vt 0 0
vt 0 0
vt 0 0
vt 0 0
vt 0 0
vt 0 0
vt 0 0
vt 0 0
vt 0 0
vt 0 0
vt 0 0
vt 0 0
vt 0 0
vt 0 0
vt 0 0
vt 0 0
vt 0 0
vt 0 0
vt 0 0
vt 0 0
vt 0 0
vt 0 0
vt 0 0
vt 0 0
vt 0 0
vt 0 0
vt 0 0
vt 0 0
vt 0 0
vt 0 0
vt 0 0
vt 0 0
vt 0 0
vt 0 0
vt 0 0
vt 0 0
vt 0 0
vt 0 0
vt 0 0
vt 0 0
vt 0 0
vt 0 0
vt 0 0
vt 0 0
vt 0 0
vt 0 0
vt 0 0
vt 0 0
vt 0 0
vt 0 0
vt 0 0
vt 0 0
vt 0 0
vt 0 0
vt 0 0
vt 0 0
vt 0 0
vt 0 0
vt 0 0
vt 0 0
vt 0 0
vt 0 0
vt 0 0
vt 0 0
vt 0 0
vt 0 0
vt 0 0
vt 0 0
vt 0 0
vt 0 0
vt 0 0
vt 0 0
vt 0 0
vt 0 0
vt 0 0
vt 0 0
vt 0 0
vt 0 0
vt 0 0
vt 0 0
vt 0 0
vt 0 0
vt 0 0
vt 0 0
vt 0 0
vt 0 0
vt 0 0
vt 0 0
vt 0 0
vt 0 0
vt 0 0
vt 0 0
vt 0 0
vt 0 0
vt 0 0
vt 0 0
vt 0 0
vt 0 0
vt 0 0
vt 0 0
vt 0 0
vt 0 0
vt 0 0
vt 0 0
vt 0 0
vt 0 0
vt 0 0
vt 0 0
vt 0 0
vt 0 0
vt 0 0
vt 0 0
vt 0 0
vt 0 0
vt 0 0
vt 0 0
vt 0 0
vt 0 0
vt 0 0
vt 0 0
vt 0 0
vt 0 0
vt 0 0
vt 0 0
vt 0 0
vt 0 0
vt 0 0
vt 0 0
vt 0 0
vt 0 0
vt 0 0
vt 0 0
vt 0 0
vt 0 0
vt 0 0
vt 0 0
vt 0 0
vt 0 0
vt 0 0
vt 0 0
vt 0 0
vt 0 0
vt 0 0
vt 0 0
vt 0 0
vt 0 0
vt 0 0
vt 0 0
vt 0 0
vt 0 0
vt 0 0
vt 0 0
vt 0 0
vt 0 0
vt 0 0
vt 0 0
vt 0 0
vt 0 0
vt 0 0
vt 0 0
vt 0 0
vt 0 0
vt 0 0
vt 0 0
vt 0 0
vt 0 0
vt 0 0
vt 0 0
vt 0 0
vt 0 0
vt 0 0
vt 0 0
vt 0 0
vt 0 0
vt 0 0
vt 0 0
vt 0 0
vt 0 0
vt 0 0
vt 0 0
vt 0 0
vt 0 0
vt 0 0
vt 0 0
vt 0 0
vt 0 0
vt 0 0
vt 0 0
vt 0 0
vt 0 0
vt 0 0
vt 0 0
vt 0 0
vt 0 0
vt 0 0
vt 0 0
vt 0 0
vt 0 0
vt 0 0
vt 0 0
vt 0 0
vt 0 0
vt 0 0
vt 0 0
vt 0 0
vt 0 0
vt 0 0
vt 0 0
vt 0 0
vt 0 0
vt 0 0
vt 0 0
vt 0 0
vt 0 0
vt 0 0
vt 0 0
vt 0 0
vt 0 0
vt 0 0
vt 0 0
vt 0 0
vt 0 0
vt 0 0
vt 0 0
vt 0 0
vt 0 0
vt 0 0
vt 0 0
vt 0 0
vt 0 0
vt 0 0
vt 0 0
vt 0 0
vt 0 0
vt 0 0
vt 0 0
vt 0 0
vt 0 0
vt 0 0
vt 0 0
vt 0 0
vt 0 0
vt 0 0
vt 0 0
vt 0 0
vt 0 0
vt 0 0
vt 0 0
vt 0 0
vt 0 0
vt 0 0
vt 0 0
vt 0 0
vt 0 0
vt 0 0
vt 0 0
vt 0 0
vt 0 0
vt 0 0
vt 0 0
vt 0 0
vt 0 0
vt 0 0
vt 0 0
vt 0 0
vt 0 0
vt 0 0
vt 0 0
vt 0 0
vt 0 0
vt 0 0
vt 0 0
vt 0 0
vt 0 0
vt 0 0
vt 0 0
vt 0 0
vt 0 0
vt 0 0
vt 0 0
vt 0 0
vt 0 0
vt 0 0
vt 0 0
vt 0 0
vt 0 0
vt 0 0
vt 0 0
vt 0 0
vt 0 0
vt 0 0
vt 0 0
vt 0 0
vt 0 0
vt 0 0
vt 0 0
vt 0 0
vt 0 0
vt 0 0
vt 0 0
vt 0 0
vt 0 0
vt 0 0
vt 0 0
vt 0 0
vt 0 0
vt 0 0
vt 0 0
vt 0 0
vt 0 0
vt 0 0
vt 0 0
vt 0 0
vt 0 0
vt 0 0
vt 0 0
vt 0 0
vt 0 0
vt 0 0
vt 0 0
vt 0 0
vt 0 0
vt 0 0
vt 0 0
vt 0 0
vt 0 0
vt 0 0
vt 0 0
vt 0 0
vt 0 0
vt 0 0
vt 0 0
vt 0 0
vt 0 0
vt 0 0
vt 0 0
vt 0 0
vt 0 0
vt 0 0
vt 0 0
vt 0 0
vt 0 0
vt 0 0
vt 0 0
vt 0 0
vt 0 0
vt 0 0
vt 0 0
vt 0 0
vt 0 0
vt 0 0
vt 0 0
vt 0 0
vt 0 0
vt 0 0
vt 0 0
vt 0 0
vt 0 0
vt 0 0
vt 0 0
vt 0 0
vt 0 0
vt 0 0
vt 0 0
vt 0 0
vt 0 0
vt 0 0
vt 0 0
vt 0 0
vt 0 0
vt 0 0
vt 0 0
vt 0 0
vt 0 0
vt 0 0
vt 0 0
vt 0 0
vt 0 0
vt 0 0
vt 0 0
vt 0 0
vt 0 0
vt 0 0
vt 0 0
vt 0 0
vt 0 0
vt 0 0
vt 0 0
vt 0 0
vt 0 0
vt 0 0
vt 0 0
vt 0 0
vt 0 0
vt 0 0
vt 0 0
vt 0 0
vt 0 0
vt 0 0
vt 0 0
vt 0 0
vt 0 0
vt 0 0
vt 0 0
vt 0 0
vt 0 0
vt 0 0
vt 0 0
vt 0 0
vt 0 0
vt 0 0
vt 0 0
vt 0 0
vt 0 0
vt 0 0
vt 0 0
vt 0 0
vt 0 0
vt 0 0
vt 0 0
vt 0 0
vt 0 0
vt 0 0
vt 0 0
vt 0 0
vt 0 0
vt 0 0
vt 0 0
vt 0 0
vt 0 0
vt 0 0
vt 0 0
vt 0 0
vt 0 0
vt 0 0
vt 0 0
vt 0 0
vt 0 0
vt 0 0
vt 0 0
vt 0 0
vt 0 0
vt 0 0
vt 0 0
vt 0 0
vt 0 0
vt 0 0
vt 0 0
vt 0 0
vt 0 0
vt 0 0
vt 0 0
vt 0 0
vt 0 0
vt 0 0
vt 0 0
vt 0 0
vt 0 0
vt 0 0
vt 0 0
vt 0 0
vt 0 0
vt 0 0
vt 0 0
vt 0 0
vt 0 0
vt 0 0
vt 0 0
vt 0 0
vt 0 0
vt 0 0
vt 0 0
vt 0 0
vt 0 0
vt 0 0
vt 0 0
vt 0 0
vt 0 0
vt 0 0
vt 0 0
vt 0 0
vt 0 0
vt 0 0
vt 0 0
vt 0 0
vt 0 0
vt 0 0
vt 0 0
vt 0 0
vt 0 0
vt 0 0
vt 0 0
vt 0 0
vt 0 0
vt 0 0
vt 0 0
vt 0 0
vt 0 0
vt 0 0
vt 0 0
vt 0 0
vt 0 0
vt 0 0
vt 0 0
vt 0 0
vt 0 0
vt 0 0
vt 0 0
vt 0 0
vt 0 0
vt 0 0
vt 0 0
vt 0 0
vt 0 0
vt 0 0
vt 0 0
vt 0 0
vt 0 0
vt 0 0
vt 0 0
vt 0 0
vt 0 0
vt 0 0
vt 0 0
vt 0 0
vt 0 0
vt 0 0
vt 0 0
vt 0 0
vt 0 0
vt 0 0
vt 0 0
vt 0 0
vt 0 0
vt 0 0
vt 0 0
vt 0 0
vt 0 0
vt 0 0
vt 0 0
vt 0 0
vt 0 0
vt 0 0
vt 0 0
vt 0 0
vt 0 0
vt 0 0
vt 0 0
vt 0 0
vt 0 0
vt 0 0
vt 0 0
vt 0 0
vt 0 0
vt 0 0
vt 0 0
vt 0 0
vt 0 0
vt 0 0
vt 0 0
vt 0 0
vt 0 0
vt 0 0
vt 0 0
vt 0 0
vt 0 0
vt 0 0
vt 0 0
vt 0 0
vt 0 0
vt 0 0
vt 0 0
vt 0 0
vt 0 0
vt 0 0
vt 0 0
vt 0 0
vt 0 0
vt 0 0
vt 0 0
vt 0 0
vt 0 0
vt 0 0
vt 0 0
vt 0 0
vt 0 0
vt 0 0
vt 0 0
vt 0 0
vt 0 0
vt 0 0
vt 0 0
vt 0 0
vt 0 0
vt 0 0
vt 0 0
vt 0 0
vt 0 0
vt 0 0
vt 0 0
vt 0 0
vt 0 0
vt 0 0
vt 0 0
vt 0 0
vt 0 0
vt 0 0
vt 0 0
vt 0 0
vt 0 0
vt 0 0
vt 0 0
vt 0 0
vt 0 0
vt 0 0
vt 0 0
vt 0 0
vt 0 0
vt 0 0
vt 0 0
vt 0 0
vt 0 0
vt 0 0
vt 0 0
vt 0 0
vt 0 0
vt 0 0
vt 0 0
vt 0 0
vt 0 0
vt 0 0
vt 0 0
vt 0 0
vt 0 0
vt 0 0
vt 0 0
vt 0 0
vt 0 0
vt 0 0
vt 0 0
vt 0 0
vt 0 0
vt 0 0
vt 0 0
vt 0 0
vt 0 0
vt 0 0
vt 0 0
vt 0 0
vt 0 0
vt 0 0
vt 0 0
vt 0 0
vt 0 0
vt 0 0
vt 0 0
vt 0 0
vt 0 0
vt 0 0
vt 0 0
vt 0 0
vt 0 0
vt 0 0
vt 0 0
vt 0 0
vt 0 0
vt 0 0
vt 0 0
vt 0 0
vt 0 0
vt 0 0
vt 0 0
vt 0 0
vt 0 0
vt 0 0
vt 0 0
vt 0 0
vt 0 0
vt 0 0
vt 0 0
vt 0 0
vt 0 0
vt 0 0
vt 0 0
vt 0 0
vt 0 0
vt 0 0
vt 0 0
vt 0 0
vt 0 0
vt 0 0
vt 0 0
vt 0 0
vt 0 0
vt 0 0
vt 0 0
vt 0 0
vt 0 0
vt 0 0
vt 0 0
vt 0 0
vt 0 0
vt 0 0
vt 0 0
vt 0 0
vt 0 0
vt 0 0
vt 0 0
vt 0 0
vt 0 0
vt 0 0
vt 0 0
vt 0 0
vt 0 0
vt 0 0
vt 0 0
vt 0 0
vt 0 0
vt 0 0
vt 0 0
vt 0 0
vt 0 0
vt 0 0
vt 0 0
vt 0 0
vt 0 0
vt 0 0
vt 0 0
vt 0 0
vt 0 0
vt 0 0
vt 0 0
vt 0 0
vt 0 0
vt 0 0
vt 0 0
vt 0 0
vt 0 0
vt 0 0
vt 0 0
vt 0 0
vt 0 0
vt 0 0
vt 0 0
vt 0 0
vt 0 0
vt 0 0
vt 0 0
vt 0 0
vt 0 0
vt 0 0
vt 0 0
vt 0 0
vt 0 0
vt 0 0
vt 0 0
vt 0 0
vt 0 0
vt 0 0
vt 0 0
vt 0 0
vt 0 0
vt 0 0
vt 0 0
vt 0 0
vt 0 0
vt 0 0
vt 0 0
vt 0 0
vt 0 0
vt 0 0
vt 0 0
vt 0 0
vt 0 0
vt 0 0
vt 0 0
vt 0 0
vt 0 0
vt 0 0
vt 0 0
vt 0 0
vt 0 0
vt 0 0
vt 0 0
vt 0 0
vt 0 0
vt 0 0
vt 0 0
vt 0 0
vt 0 0
vt 0 0
vt 0 0
vt 0 0
vt 0 0
vt 0 0
vt 0 0
vt 0 0
vt 0 0
vt 0 0
vt 0 0
vt 0 0
vt 0 0
vt 0 0
vt 0 0
vt 0 0
vt 0 0
vt 0 0
vt 0 0
vt 0 0
vt 0 0
vt 0 0
vt 0 0
vt 0 0
vt 0 0
vt 0 0
vt 0 0
vt 0 0
vt 0 0
vt 0 0
vt 0 0
vt 0 0
vt 0 0
vt 0 0
vt 0 0
vt 0 0
vt 0 0
vt 0 0
vt 0 0
vt 0 0
vt 0 0
vt 0 0
vt 0 0
vt 0 0
vt 0 0
vt 0 0
vt 0 0
vt 0 0
vt 0 0
vt 0 0
vt 0 0
vt 0 0
vt 0 0
vt 0 0
vt 0 0
vt 0 0
vt 0 0
vt 0 0
vt 0 0
vt 0 0
vt 0 0
vt 0 0
vt 0 0
vt 0 0
vt 0 0
vt 0 0
vt 0 0
vt 0 0
vt 0 0
vt 0 0
vt 0 0
vt 0 0
vt 0 0
vt 0 0
vt 0 0
vt 0 0
vt 0 0
vt 0 0
vt 0 0
vt 0 0
vt 0 0
vt 0 0
vt 0 0
vt 0 0
vt 0 0
vt 0 0
vt 0 0
vt 0 0
vt 0 0
vt 0 0
vt 0 0
vt 0 0
vt 0 0
vt 0 0
vt 0 0
vt 0 0
vt 0 0
vt 0 0
vt 0 0
vt 0 0
vt 0 0
vt 0 0
vt 0 0
vt 0 0
vt 0 0
vt 0 0
vt 0 0
vt 0 0
vt 0 0
vt 0 0
vt 0 0
vt 0 0
vt 0 0
vt 0 0
vt 0 0
vt 0 0
vt 0 0
vt 0 0
vt 0 0
vt 0 0
vt 0 0
vt 0 0
vt 0 0
vt 0 0
vt 0 0
vt 0 0
vt 0 0
vt 0 0
vt 0 0
vt 0 0
vt 0 0
vt 0 0
vt 0 0
vt 0 0
vt 0 0
vt 0 0
vt 0 0
vt 0 0
vt 0 0
vt 0 0
vt 0 0
vt 0 0
vt 0 0
vt 0 0
vt 0 0
vt 0 0
vt 0 0
vt 0 0
vt 0 0
vt 0 0
vt 0 0
vt 0 0
vt 0 0
vt 0 0
vt 0 0
vt 0 0
vt 0 0
vt 0 0
vt 0 0
vt 0 0
vt 0 0
vt 0 0
vt 0 0
vt 0 0
vt 0 0
vt 0 0
vt 0 0
vt 0 0
vt 0 0
vt 0 0
vt 0 0
vt 0 0
vt 0 0
vt 0 0
vt 0 0
vt 0 0
vt 0 0
vt 0 0
vt 0 0
vt 0 0
vt 0 0
vt 0 0
vt 0 0
vt 0 0
vt 0 0
vt 0 0
vt 0 0
vt 0 0
vt 0 0
vt 0 0
vt 0 0
vt 0 0
vt 0 0
vt 0 0
vt 0 0
vt 0 0
vt 0 0
vt 0 0
vt 0 0
vt 0 0
vt 0 0
vt 0 0
vt 0 0
vt 0 0
vt 0 0
vt 0 0
vt 0 0
vt 0 0
vt 0 0
vt 0 0
vt 0 0
vt 0 0
vt 0 0
vt 0 0
vt 0 0
vt 0 0
vt 0 0
vt 0 0
vt 0 0
vt 0 0
vt 0 0
vt 0 0
vt 0 0
vt 0 0
vt 0 0
vt 0 0
vt 0 0
vt 0 0
vt 0 0
vt 0 0
vt 0 0
vt 0 0
vt 0 0
vt 0 0
vt 0 0
vt 0 0
vt 0 0
vt 0 0
vt 0 0
vt 0 0
vt 0 0
vt 0 0
vt 0 0
vt 0 0
vt 0 0
vt 0 0
vt 0 0
vt 0 0
vt 0 0
vt 0 0
vt 0 0
vt 0 0
vt 0 0
vt 0 0
vt 0 0
vt 0 0
vt 0 0
vt 0 0
vt 0 0
vt 0 0
vt 0 0
vt 0 0
vt 0 0
vt 0 0
vt 0 0
vt 0 0
vt 0 0
vt 0 0
vt 0 0
vt 0 0
vt 0 0
vt 0 0
vt 0 0
vt 0 0
vt 0 0
vt 0 0
vt 0 0
vt 0 0
vt 0 0
vt 0 0
vt 0 0
vt 0 0
vt 0 0
vt 0 0
vt 0 0
vt 0 0
vt 0 0
vt 0 0
vt 0 0
vt 0 0
vt 0 0
vt 0 0
vt 0 0
vt 0 0
vt 0 0
vt 0 0
vt 0 0
vt 0 0
vt 0 0
vt 0 0
vt 0 0
vt 0 0
vt 0 0
vt 0 0
vt 0 0
vt 0 0
vt 0 0
vt 0 0
vt 0 0
vt 0 0
vt 0 0
vt 0 0
vt 0 0
vt 0 0
vt 0 0
vt 0 0
vt 0 0
vt 0 0
vt 0 0
vt 0 0
vt 0 0
vt 0 0
vt 0 0
vt 0 0
vt 0 0
vt 0 0
vt 0 0
vt 0 0
vt 0 0
vt 0 0
vt 0 0
vt 0 0
vt 0 0
vt 0 0
vt 0 0
vt 0 0
vt 0 0
vt 0 0
vt 0 0
vt 0 0
vt 0 0
vt 0 0
vt 0 0
vt 0 0
vt 0 0
vt 0 0
vt 0 0
vt 0 0
vt 0 0
vt 0 0
vt 0 0
vt 0 0
vt 0 0
vt 0 0
vt 0 0
vt 0 0
vt 0 0
vt 0 0
vt 0 0
vt 0 0
vt 0 0
vt 0 0
vt 0 0
vt 0 0
vt 0 0
vt 0 0
vt 0 0
vt 0 0
vt 0 0
vt 0 0
vt 0 0
vt 0 0
vt 0 0
vt 0 0
vt 0 0
vt 0 0
vt 0 0
vt 0 0
vt 0 0
vt 0 0
vt 0 0
vt 0 0
vt 0 0
vt 0 0
vt 0 0
vt 0 0
vt 0 0
vt 0 0
vt 0 0
vt 0 0
vt 0 0
vt 0 0
vt 0 0
vt 0 0
vt 0 0
vt 0 0
vt 0 0
vt 0 0
vt 0 0
vt 0 0
vt 0 0
vt 0 0
vt 0 0
vt 0 0
vt 0 0
vt 0 0
vt 0 0
vt 0 0
vt 0 0
vt 0 0
vt 0 0
vt 0 0
vt 0 0
vt 0 0
vt 0 0
vt 0 0
vt 0 0
vt 0 0
vt 0 0
vt 0 0
vt 0 0
vt 0 0
vt 0 0
vt 0 0
vt 0 0
vt 0 0
vt 0 0
vt 0 0
vt 0 0
vt 0 0
vt 0 0
vt 0 0
vt 0 0
vt 0 0
vt 0 0
vt 0 0
vt 0 0
vt 0 0
vt 0 0
vt 0 0
vt 0 0
vt 0 0
vt 0 0
vt 0 0
vt 0 0
vt 0 0
vt 0 0
vt 0 0
vt 0 0
vt 0 0
vt 0 0
vt 0 0
vt 0 0
vt 0 0
vt 0 0
vt 0 0
vt 0 0
vt 0 0
vt 0 0
vt 0 0
vt 0 0
vt 0 0
vt 0 0
vt 0 0
vt 0 0
vt 0 0
vt 0 0
vt 0 0
vt 0 0
vt 0 0
vt 0 0
vt 0 0
vt 0 0
vt 0 0
vt 0 0
vt 0 0
vt 0 0
vt 0 0
vt 0 0
vt 0 0
vt 0 0
vt 0 0
vt 0 0
vt 0 0
vt 0 0
vt 0 0
vt 0 0
vt 0 0
vt 0 0
vt 0 0
vt 0 0
vt 0 0
vt 0 0
vt 0 0
vt 0 0
vt 0 0
vt 0 0
vt 0 0
vt 0 0
vt 0 0
vt 0 0
vt 0 0
vt 0 0
vt 0 0
vt 0 0
vt 0 0
vt 0 0
vt 0 0
vt 0 0
vt 0 0
vt 0 0
vt 0 0
vt 0 0
vt 0 0
vt 0 0
vt 0 0
vt 0 0
vt 0 0
vt 0 0
vt 0 0
vt 0 0
vn -0 -0.0758056641 -0.997070312
vn 0.100036621 0.162353516 -0.981445312
vn 8.34465027E-07 0.188598633 -0.981933594
vn -0 -0.0758056641 -0.997070312
vn 0.227050781 0.115966797 -0.966796875
vn 0.100036621 0.162353516 -0.981445312
vn -0 -0.0758056641 -0.997070312
vn 0.291748047 0.017578125 -0.956542969
vn 0.227050781 0.115966797 -0.966796875
vn 0.999511719 -0.0205993652 0.0269927979
vn 0.996582031 0.0821533203 -0.0190124512
vn 0.987304688 -0.152587891 -0.0491638184
vn -0 -0.0758056641 -0.997070312
vn 0.310058594 -0.071105957 -0.948242188
vn 0.291748047 0.017578125 -0.956542969
vn -0 -0.0758056641 -0.997070312
vn 0.291015625 -0.160766602 -0.943359375
vn 0.310058594 -0.071105957 -0.948242188
vn -0 -0.0758056641 -0.997070312
vn 0.225952148 -0.260498047 -0.938476562
vn 0.291015625 -0.160766602 -0.943359375
vn -0 -0.0758056641 -0.997070312
vn 0.099609375 -0.308837891 -0.945800781
vn 0.225952148 -0.260498047 -0.938476562
vn -0 -0.0758056641 -0.997070312
vn -1.13248825E-06 -0.334960938 -0.942382812
vn 0.099609375 -0.308837891 -0.945800781
vn 0.361328125 0.641113281 -0.677246094
vn -0.105834961 -0.104003906 -0.988769531
vn -0.0742797852 -0.0704956055 -0.994628906
vn 0.244750977 0.477783203 -0.84375
vn 0.361328125 0.641113281 -0.677246094
vn -0.0742797852 -0.0704956055 -0.994628906
vn 0.468017578 0.883300781 0.0218963623
vn 0.448974609 0.887695312 0.1015625
vn 0.55859375 0.819824219 0.126708984
vn 0.919921875 0.387695312 -0.0598449707
vn 0.803710938 0.577148438 -0.146240234
vn 0.845214844 0.53125 -0.059753418
vn 0.926269531 0.368164062 -0.0784301758
vn 0.868164062 0.443603516 -0.223510742
vn 0.810546875 0.51171875 -0.284667969
vn 0.775390625 0.615234375 0.142700195
vn 0.796875 0.564453125 0.214111328
vn 0.901367188 0.387451172 0.193969727
vn 0.86328125 0.416015625 0.286376953
vn 0.821289062 0.464599609 0.331542969
vn 0.831542969 0.534179688 0.152099609
vn 0.526855469 0.83203125 0.174438477
vn 0.616699219 0.777832031 0.119995117
vn 0.383789062 0.921875 0.0554504395
vn 0.904785156 0.357910156 0.230957031
vn 0.916503906 0.312988281 0.248291016
vn 0.975097656 0.208374023 0.0764770508
vn 0.803710938 0.577148438 -0.146240234
vn 0.71875 0.692382812 -0.0628662109
vn 0.720214844 0.686035156 -0.101623535
vn 0.383789062 0.921875 0.0554504395
vn 0.616699219 0.777832031 0.119995117
vn 0.630859375 0.73828125 0.237915039
vn 0.881835938 0.464111328 -0.0824584961
vn 0.87890625 0.470947266 -0.0773925781
vn 0.911132812 0.404541016 -0.0756835938
vn 0.90625 0.268310547 -0.326171875
vn 0.975097656 0.208374023 0.0764770508
vn 0.95703125 0.290283203 0.0113525391
vn 0.946777344 0.182861328 0.264892578
vn 0.904785156 0.357910156 0.230957031
vn 0.939453125 0.234985352 0.249755859
vn 0.939453125 0.234985352 0.249755859
vn 0.904785156 0.380615234 0.190551758
vn 0.946777344 0.182861328 0.264892578
vn 0.799316406 0.576660156 0.168212891
vn 0.735351562 0.42578125 0.526855469
vn 0.630859375 0.73828125 0.237915039
vn 0.863769531 0.503417969 -0.0162353516
vn 0.948242188 0.316894531 0.0255737305
vn 0.926269531 0.368164062 -0.0784301758
vn 0.643066406 0.757324219 0.115661621
vn 0.624023438 0.762207031 0.173339844
vn 0.775390625 0.615234375 0.142700195
vn 0.541992188 0.763671875 0.350585938
vn 0.591308594 0.765136719 0.254638672
vn 0.593261719 0.77734375 0.207885742
vn 0.916503906 0.312988281 0.248291016
vn 0.940429688 0.194702148 0.279296875
vn 0.975097656 0.208374023 0.0764770508
vn 0.863769531 0.503417969 -0.0162353516
vn 0.775390625 0.615234375 0.142700195
vn 0.948242188 0.316894531 0.0255737305
vn 0.828613281 0.543945312 0.133422852
vn 0.616699219 0.777832031 0.119995117
vn 0.831542969 0.534179688 0.152099609
vn 0.868164062 0.443603516 -0.223510742
vn 0.87890625 0.470947266 -0.0773925781
vn 0.810546875 0.51171875 -0.284667969
vn 0.86328125 0.416015625 0.286376953
vn 0.831542969 0.534179688 0.152099609
vn 0.666015625 0.7109375 0.226318359
vn 0.948242188 0.316894531 0.0255737305
vn 0.958984375 0.276367188 0.060333252
vn 0.982910156 0.176879883 -0.0498962402
vn 0.957519531 0.241088867 -0.158813477
vn 0.982910156 0.176879883 -0.0498962402
vn 0.975097656 0.208374023 0.0764770508
vn 0.957519531 0.241088867 -0.158813477
vn 0.975097656 0.208374023 0.0764770508
vn 0.897460938 0.415527344 -0.148193359
vn 0.775390625 0.615234375 0.142700195
vn 0.863769531 0.503417969 -0.0162353516
vn 0.643066406 0.757324219 0.115661621
vn 0.828613281 0.543945312 0.133422852
vn 0.831542969 0.534179688 0.152099609
vn 0.821289062 0.464599609 0.331542969
vn 0.383789062 0.921875 0.0554504395
vn 0.448974609 0.887695312 0.1015625
vn 0.526855469 0.83203125 0.174438477
vn 0.821289062 0.464599609 0.331542969
vn 0.916503906 0.312988281 0.248291016
vn 0.904785156 0.357910156 0.230957031
vn 0.904785156 0.357910156 0.230957031
vn 0.975097656 0.208374023 0.0764770508
vn 0.939453125 0.234985352 0.249755859
vn 0.541015625 0.818359375 0.192749023
vn 0.383789062 0.921875 0.0554504395
vn 0.630859375 0.73828125 0.237915039
vn 0.6171875 0.759765625 0.204467773
vn 0.616699219 0.777832031 0.119995117
vn 0.526855469 0.83203125 0.174438477
vn 0.541992188 0.763671875 0.350585938
vn 0.666015625 0.7109375 0.226318359
vn 0.591308594 0.765136719 0.254638672
vn 0.975097656 0.208374023 0.0764770508
vn 0.977539062 0.153686523 0.144897461
vn 0.897460938 0.415527344 -0.148193359
vn 0.881835938 0.464111328 -0.0824584961
vn 0.912597656 0.395019531 -0.105041504
vn 0.87890625 0.470947266 -0.0773925781
vn 0.904785156 0.380615234 0.190551758
vn 0.735351562 0.42578125 0.526855469
vn 0.799316406 0.576660156 0.168212891
vn 0.775390625 0.615234375 0.142700195
vn 0.624023438 0.762207031 0.173339844
vn 0.796875 0.564453125 0.214111328
vn 0.982910156 0.176879883 -0.0498962402
vn 0.957519531 0.241088867 -0.158813477
vn 0.911132812 0.404541016 -0.0756835938
vn 0.911132812 0.404541016 -0.0756835938
vn 0.87890625 0.470947266 -0.0773925781
vn 0.868164062 0.443603516 -0.223510742
vn 0.948242188 0.316894531 0.0255737305
vn 0.868164062 0.443603516 -0.223510742
vn 0.926269531 0.368164062 -0.0784301758
vn 0.828613281 0.543945312 0.133422852
vn 0.946777344 0.182861328 0.264892578
vn 0.904785156 0.380615234 0.190551758
vn 0.643066406 0.757324219 0.115661621
vn 0.863769531 0.503417969 -0.0162353516
vn 0.71875 0.694824219 0.0223999023
vn 0.799316406 0.576660156 0.168212891
vn 0.828613281 0.543945312 0.133422852
vn 0.904785156 0.380615234 0.190551758
vn 0.901367188 0.387451172 0.193969727
vn 0.95703125 0.290283203 0.0113525391
vn 0.958984375 0.276367188 0.060333252
vn 0.916503906 0.312988281 0.248291016
vn 0.821289062 0.464599609 0.331542969
vn 0.86328125 0.416015625 0.286376953
vn 0.86328125 0.416015625 0.286376953
vn 0.940429688 0.194702148 0.279296875
vn 0.916503906 0.312988281 0.248291016
vn 0.926269531 0.368164062 -0.0784301758
vn 0.810546875 0.51171875 -0.284667969
vn 0.919921875 0.387695312 -0.0598449707
vn 0.55859375 0.819824219 0.126708984
vn 0.395263672 0.918457031 0.00921630859
vn 0.468017578 0.883300781 0.0218963623
vn 0.526855469 0.83203125 0.174438477
vn 0.448974609 0.887695312 0.1015625
vn 0.468017578 0.883300781 0.0218963623
vn 0.940429688 0.194702148 0.279296875
vn 0.977539062 0.153686523 0.144897461
vn 0.975097656 0.208374023 0.0764770508
vn 0.90625 0.268310547 -0.326171875
vn 0.939453125 0.234985352 0.249755859
vn 0.975097656 0.208374023 0.0764770508
vn -0 -0.0758056641 -0.997070312
vn 8.34465027E-07 0.188598633 -0.981933594
vn -0.100036621 0.162353516 -0.981445312
vn -0 -0.0758056641 -0.997070312
vn -0.100036621 0.162353516 -0.981445312
vn -0.227050781 0.115966797 -0.966796875
vn -0 -0.0758056641 -0.997070312
vn -0.227050781 0.115966797 -0.966796875
vn -0.291748047 0.017578125 -0.956542969
vn -0.999511719 -0.0205993652 0.0269927979
vn -0.987304688 -0.152587891 -0.0491638184
vn -0.996582031 0.0821533203 -0.0190124512
vn -0 -0.0758056641 -0.997070312
vn -0.291748047 0.017578125 -0.956542969
vn -0.310058594 -0.071105957 -0.948242188
vn -0 -0.0758056641 -0.997070312
vn -0.310058594 -0.071105957 -0.948242188
vn -0.291015625 -0.160766602 -0.943359375
vn -0 -0.0758056641 -0.997070312
vn -0.291015625 -0.160766602 -0.943359375
vn -0.225952148 -0.260498047 -0.938476562
vn -0 -0.0758056641 -0.997070312
vn -0.225952148 -0.260498047 -0.938476562
vn -0.099609375 -0.308837891 -0.945800781
vn -0 -0.0758056641 -0.997070312
vn -0.099609375 -0.308837891 -0.945800781
vn -1.13248825E-06 -0.334960938 -0.942382812
vn -0.361328125 0.641113281 -0.677246094
vn 0.0742797852 -0.0704956055 -0.994628906
vn 0.105834961 -0.104003906 -0.988769531
vn -0.244750977 0.477783203 -0.84375
vn 0.0742797852 -0.0704956055 -0.994628906
vn -0.361328125 0.641113281 -0.677246094
vn -0.468017578 0.883300781 0.0218963623
vn -0.55859375 0.819824219 0.126708984
vn -0.448974609 0.887695312 0.1015625
vn -0.919921875 0.387695312 -0.0598449707
vn -0.845214844 0.53125 -0.059753418
vn -0.803710938 0.577148438 -0.146240234
vn -0.926269531 0.368164062 -0.0784301758
vn -0.810546875 0.51171875 -0.284667969
vn -0.868164062 0.443603516 -0.223510742
vn -0.775390625 0.615234375 0.142700195
vn -0.901367188 0.387451172 0.193969727
vn -0.796875 0.564453125 0.214111328
vn -0.86328125 0.416015625 0.286376953
vn -0.831542969 0.534179688 0.152099609
vn -0.821289062 0.464599609 0.331542969
vn -0.526855469 0.83203125 0.174438477
vn -0.383789062 0.921875 0.0554504395
vn -0.616699219 0.777832031 0.119995117
vn -0.904785156 0.357910156 0.230957031
vn -0.975097656 0.208374023 0.0764770508
vn -0.916503906 0.312988281 0.248291016
vn -0.803710938 0.577148438 -0.146240234
vn -0.720214844 0.686035156 -0.101623535
vn -0.71875 0.692382812 -0.0628662109
vn -0.383789062 0.921875 0.0554504395
vn -0.630859375 0.73828125 0.237915039
vn -0.616699219 0.777832031 0.119995117
vn -0.881835938 0.464111328 -0.0824584961
vn -0.911132812 0.404541016 -0.0756835938
vn -0.87890625 0.470947266 -0.0773925781
vn -0.90625 0.268310547 -0.326171875
vn -0.95703125 0.290283203 0.0113525391
vn -0.975097656 0.208374023 0.0764770508
vn -0.946777344 0.182861328 0.264892578
vn -0.939453125 0.234985352 0.249755859
vn -0.904785156 0.357910156 0.230957031
vn -0.939453125 0.234985352 0.249755859
vn -0.946777344 0.182861328 0.264892578
vn -0.904785156 0.380615234 0.190551758
vn -0.799316406 0.576660156 0.168212891
vn -0.630859375 0.73828125 0.237915039
vn -0.735351562 0.42578125 0.526855469
vn -0.863769531 0.503417969 -0.0162353516
vn -0.926269531 0.368164062 -0.0784301758
vn -0.948242188 0.316894531 0.0255737305
vn -0.643066406 0.757324219 0.115661621
vn -0.775390625 0.615234375 0.142700195
vn -0.624023438 0.762207031 0.173339844
vn -0.541992188 0.763671875 0.350585938
vn -0.593261719 0.77734375 0.207885742
vn -0.591308594 0.765136719 0.254638672
vn -0.916503906 0.312988281 0.248291016
vn -0.975097656 0.208374023 0.0764770508
vn -0.940429688 0.194702148 0.279296875
vn -0.863769531 0.503417969 -0.0162353516
vn -0.948242188 0.316894531 0.0255737305
vn -0.775390625 0.615234375 0.142700195
vn -0.828613281 0.543945312 0.133422852
vn -0.831542969 0.534179688 0.152099609
vn -0.616699219 0.777832031 0.119995117
vn -0.868164062 0.443603516 -0.223510742
vn -0.810546875 0.51171875 -0.284667969
vn -0.87890625 0.470947266 -0.0773925781
vn -0.86328125 0.416015625 0.286376953
vn -0.666015625 0.7109375 0.226318359
vn -0.831542969 0.534179688 0.152099609
vn -0.948242188 0.316894531 0.0255737305
vn -0.982910156 0.176879883 -0.0498962402
vn -0.958984375 0.276367188 0.060333252
vn -0.957519531 0.241088867 -0.158813477
vn -0.975097656 0.208374023 0.0764770508
vn -0.982910156 0.176879883 -0.0498962402
vn -0.957519531 0.241088867 -0.158813477
vn -0.897460938 0.415527344 -0.148193359
vn -0.975097656 0.208374023 0.0764770508
vn -0.775390625 0.615234375 0.142700195
vn -0.643066406 0.757324219 0.115661621
vn -0.863769531 0.503417969 -0.0162353516
vn -0.828613281 0.543945312 0.133422852
vn -0.821289062 0.464599609 0.331542969
vn -0.831542969 0.534179688 0.152099609
vn -0.383789062 0.921875 0.0554504395
vn -0.526855469 0.83203125 0.174438477
vn -0.448974609 0.887695312 0.1015625
vn -0.821289062 0.464599609 0.331542969
vn -0.904785156 0.357910156 0.230957031
vn -0.916503906 0.312988281 0.248291016
vn -0.904785156 0.357910156 0.230957031
vn -0.939453125 0.234985352 0.249755859
vn -0.975097656 0.208374023 0.0764770508
vn -0.541015625 0.818359375 0.192749023
vn -0.630859375 0.73828125 0.237915039
vn -0.383789062 0.921875 0.0554504395
vn -0.6171875 0.759765625 0.204467773
vn -0.526855469 0.83203125 0.174438477
vn -0.616699219 0.777832031 0.119995117
vn -0.541992188 0.763671875 0.350585938
vn -0.591308594 0.765136719 0.254638672
vn -0.666015625 0.7109375 0.226318359
vn -0.975097656 0.208374023 0.0764770508
vn -0.897460938 0.415527344 -0.148193359
vn -0.977539062 0.153686523 0.144897461
vn -0.881835938 0.464111328 -0.0824584961
vn -0.87890625 0.470947266 -0.0773925781
vn -0.912597656 0.395019531 -0.105041504
vn -0.904785156 0.380615234 0.190551758
vn -0.799316406 0.576660156 0.168212891
vn -0.735351562 0.42578125 0.526855469
vn -0.775390625 0.615234375 0.142700195
vn -0.796875 0.564453125 0.214111328
vn -0.624023438 0.762207031 0.173339844
vn -0.982910156 0.176879883 -0.0498962402
vn -0.911132812 0.404541016 -0.0756835938
vn -0.957519531 0.241088867 -0.158813477
vn -0.911132812 0.404541016 -0.0756835938
vn -0.868164062 0.443603516 -0.223510742
vn -0.87890625 0.470947266 -0.0773925781
vn -0.948242188 0.316894531 0.0255737305
vn -0.926269531 0.368164062 -0.0784301758
vn -0.868164062 0.443603516 -0.223510742
vn -0.828613281 0.543945312 0.133422852
vn -0.904785156 0.380615234 0.190551758
vn -0.946777344 0.182861328 0.264892578
vn -0.643066406 0.757324219 0.115661621
vn -0.71875 0.694824219 0.0223999023
vn -0.863769531 0.503417969 -0.0162353516
vn -0.799316406 0.576660156 0.168212891
vn -0.904785156 0.380615234 0.190551758
vn -0.828613281 0.543945312 0.133422852
vn -0.901367188 0.387451172 0.193969727
vn -0.958984375 0.276367188 0.060333252
vn -0.95703125 0.290283203 0.0113525391
vn -0.916503906 0.312988281 0.248291016
vn -0.86328125 0.416015625 0.286376953
vn -0.821289062 0.464599609 0.331542969
vn -0.86328125 0.416015625 0.286376953
vn -0.916503906 0.312988281 0.248291016
vn -0.940429688 0.194702148 0.279296875
vn -0.926269531 0.368164062 -0.0784301758
vn -0.919921875 0.387695312 -0.0598449707
vn -0.810546875 0.51171875 -0.284667969
vn -0.55859375 0.819824219 0.126708984
vn -0.468017578 0.883300781 0.0218963623
vn -0.395263672 0.918457031 0.00921630859
vn -0.526855469 0.83203125 0.174438477
vn -0.468017578 0.883300781 0.0218963623
vn -0.448974609 0.887695312 0.1015625
vn -0.940429688 0.194702148 0.279296875
vn -0.975097656 0.208374023 0.0764770508
vn -0.977539062 0.153686523 0.144897461
vn -0.90625 0.268310547 -0.326171875
vn -0.975097656 0.208374023 0.0764770508
vn -0.939453125 0.234985352 0.249755859
vn 0.262939453 -0.586425781 -0.766113281
vn 0.120910645 -0.62890625 -0.768066406
vn 0.266845703 -0.767578125 -0.582519531
vn 0.4140625 -0.735351562 -0.536621094
vn -0.199707031 -0.314208984 -0.928222656
vn -0.17980957 -0.244018555 -0.953125
vn -0.657226562 -0.217285156 -0.721679688
vn -0.9375 -0.235839844 -0.255126953
vn 0.269775391 0.466552734 -0.842285156
vn 0.123474121 0.506347656 -0.853515625
vn 8.34465027E-07 0.188598633 -0.981933594
vn 0.100036621 0.162353516 -0.981445312
vn 0.448974609 0.780273438 -0.435302734
vn 0.220825195 0.869628906 -0.44140625
vn 0.182983398 0.748046875 -0.638183594
vn 0.377441406 0.685546875 -0.622558594
vn 0.377441406 0.685546875 -0.622558594
vn 0.182983398 0.748046875 -0.638183594
vn 0.123474121 0.506347656 -0.853515625
vn 0.269775391 0.466552734 -0.842285156
vn 0.515136719 0.318359375 -0.795898438
vn 0.269775391 0.466552734 -0.842285156
vn 0.100036621 0.162353516 -0.981445312
vn 0.227050781 0.115966797 -0.966796875
vn 0.860351562 0.415283203 -0.294921875
vn 0.448974609 0.780273438 -0.435302734
vn 0.377441406 0.685546875 -0.622558594
vn 0.747070312 0.436767578 -0.501464844
vn 0.747070312 0.436767578 -0.501464844
vn 0.377441406 0.685546875 -0.622558594
vn 0.269775391 0.466552734 -0.842285156
vn 0.515136719 0.318359375 -0.795898438
vn 0.666503906 0.14074707 -0.731933594
vn 0.515136719 0.318359375 -0.795898438
vn 0.227050781 0.115966797 -0.966796875
vn 0.291748047 0.017578125 -0.956542969
vn 0.984863281 0.138061523 -0.105163574
vn 0.860351562 0.415283203 -0.294921875
vn 0.747070312 0.436767578 -0.501464844
vn 0.918457031 0.191650391 -0.345458984
vn 0.918457031 0.191650391 -0.345458984
vn 0.747070312 0.436767578 -0.501464844
vn 0.515136719 0.318359375 -0.795898438
vn 0.666503906 0.14074707 -0.731933594
vn 0.996582031 0.0821533203 -0.0190124512
vn 0.984863281 0.138061523 -0.105163574
vn 0.918457031 0.191650391 -0.345458984
vn 0.954101562 0.014831543 -0.299316406
vn 0.707519531 -0.0447387695 -0.705078125
vn 0.666503906 0.14074707 -0.731933594
vn 0.291748047 0.017578125 -0.956542969
vn 0.310058594 -0.071105957 -0.948242188
vn 0.954101562 0.014831543 -0.299316406
vn 0.918457031 0.191650391 -0.345458984
vn 0.666503906 0.14074707 -0.731933594
vn 0.707519531 -0.0447387695 -0.705078125
vn 0.987304688 -0.152587891 -0.0491638184
vn 0.996582031 0.0821533203 -0.0190124512
vn 0.954101562 0.014831543 -0.299316406
vn 0.904296875 -0.215576172 -0.368652344
vn 0.659667969 -0.239501953 -0.712402344
vn 0.707519531 -0.0447387695 -0.705078125
vn 0.310058594 -0.071105957 -0.948242188
vn 0.291015625 -0.160766602 -0.943359375
vn 0.904296875 -0.215576172 -0.368652344
vn 0.954101562 0.014831543 -0.299316406
vn 0.707519531 -0.0447387695 -0.705078125
vn 0.659667969 -0.239501953 -0.712402344
vn 0.864257812 -0.498535156 0.0643920898
vn 0.999511719 -0.0205993652 0.0269927979
vn 0.987304688 -0.152587891 -0.0491638184
vn 0.837402344 -0.537597656 -0.100769043
vn 0.837402344 -0.537597656 -0.100769043
vn 0.987304688 -0.152587891 -0.0491638184
vn 0.904296875 -0.215576172 -0.368652344
vn 0.720214844 -0.520996094 -0.458251953
vn 0.50390625 -0.432128906 -0.748046875
vn 0.659667969 -0.239501953 -0.712402344
vn 0.291015625 -0.160766602 -0.943359375
vn 0.225952148 -0.260498047 -0.938476562
vn 0.720214844 -0.520996094 -0.458251953
vn 0.904296875 -0.215576172 -0.368652344
vn 0.659667969 -0.239501953 -0.712402344
vn 0.50390625 -0.432128906 -0.748046875
vn 0.517578125 -0.8515625 0.0822143555
vn 0.864257812 -0.498535156 0.0643920898
vn 0.837402344 -0.537597656 -0.100769043
vn 0.513671875 -0.845214844 -0.146606445
vn 0.262939453 -0.586425781 -0.766113281
vn 0.50390625 -0.432128906 -0.748046875
vn 0.225952148 -0.260498047 -0.938476562
vn 0.099609375 -0.308837891 -0.945800781
vn 0.513671875 -0.845214844 -0.146606445
vn 0.837402344 -0.537597656 -0.100769043
vn 0.720214844 -0.520996094 -0.458251953
vn 0.4140625 -0.735351562 -0.536621094
vn 0.4140625 -0.735351562 -0.536621094
vn 0.720214844 -0.520996094 -0.458251953
vn 0.50390625 -0.432128906 -0.748046875
vn 0.262939453 -0.586425781 -0.766113281
vn 0.36328125 -0.928222656 0.0822143555
vn 0.517578125 -0.8515625 0.0822143555
vn 0.513671875 -0.845214844 -0.146606445
vn 0.377441406 -0.884277344 -0.274902344
vn 0.4140625 -0.735351562 -0.536621094
vn 0.266845703 -0.767578125 -0.582519531
vn 0.377441406 -0.884277344 -0.274902344
vn 0.513671875 -0.845214844 -0.146606445
vn 0.262939453 -0.586425781 -0.766113281
vn 0.099609375 -0.308837891 -0.945800781
vn -1.13248825E-06 -0.334960938 -0.942382812
vn 0.120910645 -0.62890625 -0.768066406
vn 0.515625 -0.855957031 0.0433044434
vn 0.326171875 -0.943847656 0.054107666
vn 0.255126953 -0.922363281 -0.290527344
vn 0.5703125 -0.795898438 -0.203369141
vn 0.952636719 0.303955078 0.0137634277
vn 0.596679688 0.629882812 -0.497070312
vn 0.733398438 0.195800781 -0.650878906
vn 0.987304688 0.111206055 -0.114929199
vn 0.976074219 -0.217895508 -0.00979614258
vn 0.875488281 -0.482421875 0.0267333984
vn 0.854003906 -0.511230469 -0.0944824219
vn 0.537109375 -0.80859375 -0.239501953
vn 0.875488281 -0.482421875 0.0267333984
vn 0.515625 -0.855957031 0.0433044434
vn 0.5703125 -0.795898438 -0.203369141
vn 0.854003906 -0.511230469 -0.0944824219
vn 1 0 0
vn 1 0 0
vn 1 0 0
vn 1 0 0
vn 0.860351562 0.415283203 -0.294921875
vn 0.852050781 0.448730469 -0.268798828
vn 0.361328125 0.641113281 -0.677246094
vn 0.448974609 0.780273438 -0.435302734
vn 1 0 0
vn 1 0 0
vn 1 0 0
vn 1 0 0
vn 1 0 0
vn 1 0 0
vn 1 0 0
vn 1 0 0
vn 1 0 0
vn 1 0 0
vn 1 0 0
vn 1 0 0
vn 0.537109375 -0.80859375 -0.239501953
vn 0.506347656 -0.731933594 -0.456298828
vn -0.0530700684 -0.850097656 -0.523925781
vn -0.108825684 -0.9296875 -0.352050781
vn -0.876953125 -0.247436523 -0.411621094
vn -0.657226562 -0.217285156 -0.721679688
vn -0.17980957 -0.244018555 -0.953125
vn -0.178466797 -0.418701172 -0.890625
vn 0.255126953 -0.922363281 -0.290527344
vn 0.147338867 -0.379394531 -0.913574219
vn 0.282958984 -0.286621094 -0.915527344
vn 0.5703125 -0.795898438 -0.203369141
vn 1 0 0
vn 1 0 0
vn 1 0 0
vn 1 0 0
vn 1 0 0
vn 1 0 0
vn 1 0 0
vn 1 0 0
vn 0.5703125 -0.795898438 -0.203369141
vn 0.282958984 -0.286621094 -0.915527344
vn 0.419433594 -0.444091797 -0.791503906
vn 0.854003906 -0.511230469 -0.0944824219
vn 1 0 0
vn 1 0 0
vn 1 0 0
vn 1 0 0
vn 1 0 0
vn 1 0 0
vn 1 0 0
vn 1 0 0
vn 1 0 0
vn 1 0 0
vn 1 0 0
vn 1 0 0
vn 1 0 0
vn 1 0 0
vn 1 0 0
vn 1 0 0
vn 0.537109375 -0.80859375 -0.239501953
vn -0.108825684 -0.9296875 -0.352050781
vn -0.179443359 -0.904296875 -0.386962891
vn -0.180908203 -0.898925781 -0.399414062
vn 0.419433594 -0.444091797 -0.791503906
vn 0.005443573 -0.54296875 -0.83984375
vn -0.0530700684 -0.850097656 -0.523925781
vn 0.506347656 -0.731933594 -0.456298828
vn 0.282958984 -0.286621094 -0.915527344
vn 0.0737304688 0.0844726562 -0.993652344
vn 0.005443573 -0.54296875 -0.83984375
vn 0.419433594 -0.444091797 -0.791503906
vn 0.147338867 -0.379394531 -0.913574219
vn 0.0694580078 0.04296875 -0.996582031
vn 0.0737304688 0.0844726562 -0.993652344
vn 0.282958984 -0.286621094 -0.915527344
vn -0.935546875 0.353027344 0.0199432373
vn -0.899902344 0.406982422 0.158203125
vn -0.863769531 0.476074219 0.165771484
vn -0.841308594 0.53515625 0.079284668
vn -0.966796875 0.255126953 0.0255432129
vn -0.475341797 0.746582031 0.465576172
vn -0.8671875 0.497070312 -0.0308837891
vn -0.876953125 -0.247436523 -0.411621094
vn -0.576171875 0.795410156 0.187255859
vn -0.191162109 0.779296875 0.596679688
vn -0.264892578 0.923339844 0.277832031
vn -0.528320312 0.845214844 -0.0791625977
vn -0.337646484 0.936523438 -0.0924682617
vn -0.870117188 0.482910156 -0.0965576172
vn -0.51953125 0.844238281 -0.13269043
vn -0.299316406 0.946777344 -0.118469238
vn -0.505859375 0.858398438 0.0870361328
vn -0.293701172 0.939941406 0.174804688
vn -0.862792969 0.499267578 0.0805053711
vn -0.984375 0.166381836 0.0547180176
vn -0.495849609 0.7109375 0.498291016
vn -0.316894531 0.78125 0.537597656
vn -0.763183594 0.466796875 0.446777344
vn -0.363525391 0.42578125 0.828613281
vn -0.240112305 0.536132812 0.809082031
vn 7.15255737E-07 0.227905273 0.973632812
vn -0.994140625 -0.103820801 0.0208435059
vn -0.657226562 -0.217285156 -0.721679688
vn -0.9375 -0.235839844 -0.255126953
vn -0.899414062 0.220092773 0.376953125
vn -0.579101562 0.366210938 0.728515625
vn -0.141113281 0.212280273 0.966796875
vn -0 0.0758056641 0.997070312
vn -0.265380859 0.207641602 0.94140625
vn -0.658691406 0.239990234 0.712890625
vn -0.293212891 0.160888672 0.942382812
vn -0.954101562 -0.0274963379 0.297851562
vn -0.312255859 0.0715942383 0.947265625
vn -0.706542969 0.0465087891 0.706054688
vn -0.293457031 -0.0171051025 0.956054688
vn -0.665039062 -0.138671875 0.733886719
vn -0.924316406 -0.213623047 0.315917969
vn -0.228515625 -0.114685059 0.966796875
vn -0.102844238 -0.164794922 0.980957031
vn 2.38418579E-07 -0.187011719 0.982421875
vn -0.514648438 -0.317626953 0.796386719
vn -0.279785156 -0.455322266 0.845214844
vn -0.146484375 -0.485351562 0.861816406
vn -0.979003906 -0.182006836 0.0903930664
vn -0.766113281 -0.461181641 0.447998047
vn -0.460693359 -0.641601562 0.612792969
vn -0.255615234 -0.646972656 0.71875
vn -0.867675781 -0.448974609 -0.212768555
vn -0.983398438 -0.14831543 0.103149414
vn -0.784667969 -0.61328125 -0.08984375
vn -0.878417969 -0.423828125 0.220947266
vn -0.857421875 -0.452880859 0.243652344
vn -0.488037109 -0.788085938 0.375244141
vn -0.334716797 -0.859375 0.38671875
vn -0.579589844 -0.783691406 0.22265625
vn -0.327880859 -0.939941406 0.0947265625
vn -0.180908203 -0.898925781 -0.399414062
vn -0.179443359 -0.904296875 -0.386962891
vn -0.876953125 -0.247436523 -0.411621094
vn -0.178466797 -0.418701172 -0.890625
vn -0.157470703 -0.503417969 -0.849609375
vn -0.867675781 -0.448974609 -0.212768555
vn -0.0742797852 -0.0704956055 -0.994628906
vn -0.105834961 -0.104003906 -0.988769531
vn 0.854003906 -0.511230469 -0.0944824219
vn 0.419433594 -0.444091797 -0.791503906
vn 0.506347656 -0.731933594 -0.456298828
vn 0.537109375 -0.80859375 -0.239501953
vn 1 0 0
vn 1 0 0
vn 1 0 0
vn 1 0 0
vn 0.361328125 0.641113281 -0.677246094
vn 0.244750977 0.477783203 -0.84375
vn 0.155395508 0.598144531 -0.786132812
vn 0.198730469 0.769042969 -0.607910156
vn 0.326171875 -0.943847656 0.054107666
vn 0.515625 -0.855957031 0.0433044434
vn 0.517578125 -0.8515625 0.0822143555
vn 0.36328125 -0.928222656 0.0822143555
vn 0.515625 -0.855957031 0.0433044434
vn 0.875488281 -0.482421875 0.0267333984
vn 0.864257812 -0.498535156 0.0643920898
vn 0.517578125 -0.8515625 0.0822143555
vn 0.875488281 -0.482421875 0.0267333984
vn 0.976074219 -0.217895508 -0.00979614258
vn 0.999511719 -0.0205993652 0.0269927979
vn 0.864257812 -0.498535156 0.0643920898
vn 0.448974609 0.780273438 -0.435302734
vn 0.361328125 0.641113281 -0.677246094
vn 0.198730469 0.769042969 -0.607910156
vn 0.220825195 0.869628906 -0.44140625
vn -0.803222656 -0.577148438 0.146484375
vn -0.720214844 -0.686035156 0.1015625
vn -0.71875 -0.692382812 0.0628051758
vn -0.845703125 -0.530273438 0.0595092773
vn -0.728027344 -0.680175781 0.087097168
vn -0.716796875 -0.696777344 -0.0241088867
vn -0.920410156 -0.387695312 0.0552368164
vn -0.862792969 -0.505859375 0.0143432617
vn -0.645996094 -0.754882812 -0.115356445
vn -0.926757812 -0.368164062 0.0771484375
vn -0.816894531 -0.504394531 0.279785156
vn -0.778808594 -0.611328125 -0.142089844
vn -0.626953125 -0.759765625 -0.173461914
vn -0.791992188 -0.57421875 -0.208129883
vn -0.904296875 -0.384277344 -0.185546875
vn -0.948242188 -0.316162109 -0.0261688232
vn -0.958496094 -0.277832031 -0.065246582
vn -0.594726562 -0.530273438 0.604003906
vn -0.870605469 -0.440917969 0.218261719
vn -0.982910156 -0.177490234 0.0484313965
vn -0.974609375 -0.206665039 -0.0856323242
vn -0.75 -0.401855469 0.525390625
vn -0.926269531 -0.235351562 -0.293945312
vn -0.878417969 -0.470458984 0.0818481445
vn -0.922851562 -0.360839844 0.133422852
vn -0.9140625 -0.389160156 0.112121582
vn -0.882324219 -0.463378906 0.08203125
vn -0.911132812 -0.405029297 0.0785522461
vn -0.900390625 -0.409912109 0.144897461
vn -0.95703125 -0.246582031 0.153076172
vn -0.977050781 -0.157592773 -0.143066406
vn -0.937988281 -0.197143555 -0.28515625
vn -0.915039062 -0.314453125 -0.252929688
vn -0.856445312 -0.120605469 0.501464844
vn -0.911621094 -0.335205078 -0.23828125
vn -0.834472656 -0.452148438 -0.315185547
vn -0.9453125 -0.174072266 -0.275390625
vn -0.826660156 -0.537109375 -0.167602539
vn -0.709472656 -0.453369141 0.540039062
vn -0.590332031 -0.799804688 -0.107116699
vn -0.83203125 -0.537597656 -0.136230469
vn -0.910644531 -0.370849609 -0.182128906
vn -0.712890625 -0.443115234 -0.543457031
vn -0.748535156 -0.32421875 -0.578613281
vn -0.803710938 -0.569824219 -0.170898438
vn -0.628417969 -0.749023438 -0.210083008
vn -0.530761719 -0.827148438 -0.185058594
vn -0.611328125 -0.737792969 -0.285888672
vn -0.336181641 -0.94140625 -0.0202026367
vn -0.354248047 -0.935058594 -0.0220184326
vn -0.497314453 -0.857421875 -0.132202148
vn -0.358642578 -0.933105469 -0.0238037109
vn -0.348144531 -0.933105469 -0.0885009766
vn -0.451416016 -0.877929688 -0.160400391
vn -0.547363281 -0.80859375 -0.215698242
vn -0.532226562 -0.821777344 -0.203979492
vn -0.5546875 -0.79296875 -0.252929688
vn -0.522949219 -0.778808594 -0.346435547
vn 0.984863281 0.138061523 -0.105163574
vn 0.987304688 0.111206055 -0.114929199
vn 0.852050781 0.448730469 -0.268798828
vn 0.860351562 0.415283203 -0.294921875
vn 0.999511719 -0.0205993652 0.0269927979
vn 0.980957031 0.148681641 0.124023438
vn 0.952636719 0.303955078 0.0137634277
vn 0.996582031 0.0821533203 -0.0190124512
vn 0.996582031 0.0821533203 -0.0190124512
vn 0.952636719 0.303955078 0.0137634277
vn 0.987304688 0.111206055 -0.114929199
vn 0.984863281 0.138061523 -0.105163574
vn 0.029586792 0.25 -0.967773438
vn 0.029586792 0.25 -0.967773438
vn 0.733398438 0.195800781 -0.650878906
vn 0.596679688 0.629882812 -0.497070312
vn -0.157470703 -0.503417969 -0.849609375
vn -0.216918945 -0.932128906 -0.290283203
vn -0.784667969 -0.61328125 -0.08984375
vn -0.867675781 -0.448974609 -0.212768555
vn 0.291992188 0.939941406 0.177978516
vn 0.291992188 0.939941406 0.177978516
vn 0.596679688 0.629882812 -0.497070312
vn 0.952636719 0.303955078 0.0137634277
vn 0.720214844 0.686035156 -0.101623535
vn 0.728515625 0.679199219 -0.0877685547
vn 0.845214844 0.53125 -0.059753418
vn 0.803710938 0.577148438 -0.146240234
vn 0.828613281 0.543945312 0.133422852
vn 0.799316406 0.576660156 0.168212891
vn 0.630859375 0.73828125 0.237915039
vn 0.616699219 0.777832031 0.119995117
vn 0.958984375 0.276367188 0.060333252
vn 0.948242188 0.316894531 0.0255737305
vn 0.775390625 0.615234375 0.142700195
vn 0.901367188 0.387451172 0.193969727
vn 0.919921875 0.387695312 -0.0598449707
vn 0.845214844 0.53125 -0.059753418
vn 0.863769531 0.503417969 -0.0162353516
vn 0.926269531 0.368164062 -0.0784301758
vn 0.922363281 0.365234375 -0.126220703
vn 0.810546875 0.51171875 -0.284667969
vn 0.87890625 0.470947266 -0.0773925781
vn 0.912597656 0.395019531 -0.105041504
vn 0.897460938 0.415527344 -0.148193359
vn 0.881835938 0.464111328 -0.0824584961
vn 0.911132812 0.404541016 -0.0756835938
vn 0.957519531 0.241088867 -0.158813477
vn 0.735351562 0.42578125 0.526855469
vn 0.634765625 0.723632812 0.271484375
vn 0.541015625 0.818359375 0.192749023
vn 0.630859375 0.73828125 0.237915039
vn 0.71875 0.694824219 0.0223999023
vn 0.863769531 0.503417969 -0.0162353516
vn 0.845214844 0.53125 -0.059753418
vn 0.728515625 0.679199219 -0.0877685547
vn 0.821289062 0.464599609 0.331542969
vn 0.904785156 0.357910156 0.230957031
vn 0.946777344 0.182861328 0.264892578
vn 0.828613281 0.543945312 0.133422852
vn 0.616699219 0.777832031 0.119995117
vn 0.6171875 0.759765625 0.204467773
vn 0.593261719 0.77734375 0.207885742
vn 0.591308594 0.765136719 0.254638672
vn 0.868164062 0.443603516 -0.223510742
vn 0.948242188 0.316894531 0.0255737305
vn 0.982910156 0.176879883 -0.0498962402
vn 0.911132812 0.404541016 -0.0756835938
vn 0.982910156 0.176879883 -0.0498962402
vn 0.958984375 0.276367188 0.060333252
vn 0.95703125 0.290283203 0.0113525391
vn 0.975097656 0.208374023 0.0764770508
vn 0.616699219 0.777832031 0.119995117
vn 0.591308594 0.765136719 0.254638672
vn 0.666015625 0.7109375 0.226318359
vn 0.831542969 0.534179688 0.152099609
vn 0.735351562 0.42578125 0.526855469
vn 0.904785156 0.380615234 0.190551758
vn 0.939453125 0.234985352 0.249755859
vn 0.726074219 0.329833984 0.603515625
vn 0.541015625 0.818359375 0.192749023
vn 0.634765625 0.723632812 0.271484375
vn 0.395263672 0.918457031 0.00921630859
vn 0.55859375 0.819824219 0.126708984
vn 0.55859375 0.819824219 0.126708984
vn 0.448974609 0.887695312 0.1015625
vn 0.383789062 0.921875 0.0554504395
vn 0.541015625 0.818359375 0.192749023
vn 0.690917969 -0.71875 0.0746459961
vn 0.69140625 -0.71875 0.0765991211
vn 0.693847656 -0.7109375 0.114562988
vn 0.693847656 -0.7109375 0.114562988
vn -0.311035156 0.796386719 0.519042969
vn -0.306152344 0.791992188 0.528320312
vn -0.380126953 0.890136719 0.251953125
vn -0.380126953 0.890136719 0.251220703
vn -0.511230469 0.708984375 -0.486083984
vn -0.370117188 0.713378906 -0.594726562
vn 0.292236328 0.463134766 -0.836914062
vn 0.271728516 0.478271484 -0.834960938
vn 0.366455078 -0.520996094 -0.770996094
vn 0.404785156 -0.4375 -0.803222656
vn 0.218994141 -0.755859375 -0.6171875
vn 0.218994141 -0.755859375 -0.6171875
vn -0.254638672 0.755859375 0.603027344
vn -0.254394531 0.761230469 0.596191406
vn -0.21484375 0.258544922 0.941894531
vn -0.856445312 -0.120605469 0.501464844
vn 0.516113281 0.0651855469 -0.854003906
vn 0.516113281 0.0662231445 -0.854003906
vn 0.404785156 -0.4375 -0.803222656
vn 0.366455078 -0.520996094 -0.770996094
vn 0.748046875 -0.584472656 -0.313720703
vn 0.748046875 -0.584472656 -0.313720703
vn 0.745605469 -0.645019531 -0.166259766
vn 0.745605469 -0.645507812 -0.165039062
vn -0.820800781 0.421875 -0.384765625
vn -0.822265625 0.445068359 -0.354736328
vn -0.370117188 0.713378906 -0.594726562
vn -0.511230469 0.708984375 -0.486083984
vn 0.707519531 -0.705566406 0.033416748
vn 0.708496094 -0.705078125 0.0315856934
vn 0.688964844 -0.72265625 0.0573730469
vn 0.688964844 -0.72265625 0.0575866699
vn 0.271728516 0.478271484 -0.834960938
vn 0.292236328 0.463134766 -0.836914062
vn 0.516113281 0.0662231445 -0.854003906
vn 0.516113281 0.0651855469 -0.854003906
vn -0.280273438 0.288818359 -0.915527344
vn -0.279785156 0.288085938 -0.916015625
vn -0.265625 0.263183594 -0.927246094
vn -0.265625 0.263183594 -0.927246094
vn -0.286621094 -0.124938965 0.949707031
vn -0.287109375 -0.122375488 0.950195312
vn -0.248046875 -0.263671875 0.932128906
vn -0.248046875 -0.263671875 0.932128906
vn 0.0520324707 -0.328369141 0.943359375
vn 0.0491027832 -0.325683594 0.944335938
vn 0.215942383 -0.464599609 0.858886719
vn 0.215942383 -0.464599609 0.858886719
vn 0.688964844 -0.72265625 0.0575866699
vn 0.688964844 -0.72265625 0.0573730469
vn 0.69140625 -0.71875 0.0765991211
vn 0.690917969 -0.71875 0.0746459961
vn 0.0188903809 -0.279052734 0.959960938
vn 0.0191955566 -0.279296875 0.959960938
vn 0.0491027832 -0.325683594 0.944335938
vn 0.0520324707 -0.328369141 0.943359375
vn -0.318359375 0.934082031 -0.161865234
vn -0.314697266 0.932617188 -0.176635742
vn -0.21887207 0.955078125 -0.200927734
vn -0.218383789 0.956054688 -0.195556641
vn -0.321044922 0.317138672 -0.892578125
vn -0.320800781 0.316894531 -0.892578125
vn -0.324951172 0.366455078 -0.872070312
vn -0.325195312 0.366699219 -0.871582031
vn 1 0 0
vn 1 0 0
vn 1 0 0
vn 1 0 0
vn 0.745605469 -0.645507812 -0.165039062
vn 0.745605469 -0.645019531 -0.166259766
vn 0.708496094 -0.705078125 0.0315856934
vn 0.707519531 -0.705566406 0.033416748
vn -0.594726562 -0.530273438 0.604003906
vn 0.253417969 -0.437011719 0.862792969
vn 0.0191955566 -0.279296875 0.959960938
vn 0.0188903809 -0.279052734 0.959960938
vn -0.380126953 0.890136719 0.251220703
vn -0.380126953 0.890136719 0.251953125
vn -0.314697266 0.932617188 -0.176635742
vn -0.318359375 0.934082031 -0.161865234
vn 1 0 0
vn 1 0 0
vn 1 0 0
vn 1 0 0
vn -0.75 -0.401855469 0.525390625
vn 0.345214844 -0.488037109 0.801757812
vn 0.253417969 -0.437011719 0.862792969
vn -0.594726562 -0.530273438 0.604003906
vn -0.229248047 0.71875 0.656738281
vn -0.229248047 0.71875 0.656738281
vn -0.306152344 0.791992188 0.528320312
vn -0.311035156 0.796386719 0.519042969
vn -0.218383789 0.956054688 -0.195556641
vn -0.21887207 0.955078125 -0.200927734
vn -0.254394531 0.761230469 0.596191406
vn -0.254638672 0.755859375 0.603027344
vn -0.325195312 0.366699219 -0.871582031
vn -0.324951172 0.366455078 -0.872070312
vn -0.279785156 0.288085938 -0.916015625
vn -0.280273438 0.288818359 -0.915527344
vn -0.778320312 0.242919922 -0.578613281
vn -0.778320312 0.242919922 -0.578613281
vn -0.822265625 0.445068359 -0.354736328
vn -0.820800781 0.421875 -0.384765625
vn 1 0 0
vn 1 0 0
vn 1 0 0
vn 1 0 0
vn -0.282714844 0.211181641 -0.935546875
vn -0.282714844 0.211181641 -0.935546875
vn -0.320800781 0.316894531 -0.892578125
vn -0.321044922 0.317138672 -0.892578125
vn -0.709472656 -0.453369141 0.540039062
vn -0.260498047 0.126831055 0.95703125
vn -0.287109375 -0.122375488 0.950195312
vn -0.286621094 -0.124938965 0.949707031
vn -0.856445312 -0.120605469 0.501464844
vn -0.21484375 0.258544922 0.941894531
vn -0.260498047 0.126831055 0.95703125
vn -0.709472656 -0.453369141 0.540039062
vn 0.690429688 0.615722656 0.379638672
vn 0.927734375 -0.0961303711 0.361328125
vn 0.855957031 -0.490966797 0.161010742
vn 0.530761719 0.792480469 0.301025391
vn 0.859863281 0.357666016 0.364257812
vn -0.370117188 0.922851562 0.105895996
vn 0.334228516 0.934082031 0.125366211
vn -0.373535156 0.927734375 -0.00843048096
vn -0.4609375 0.875976562 -0.142822266
vn -0.915039062 0.184326172 -0.359130859
vn -0.874511719 0.359619141 -0.325195312
vn -0.862304688 0.355224609 -0.361083984
vn -0.672363281 -0.624511719 -0.397460938
vn -0.663085938 -0.486572266 -0.568847656
vn -0.413574219 -0.663085938 -0.623535156
vn 0.204345703 -0.978515625 -0.0185089111
vn 0.146850586 -0.959960938 -0.238769531
vn 0.265380859 -0.920898438 -0.286132812
vn 0.510253906 -0.856445312 -0.0791015625
vn 0.671386719 -0.728515625 0.136230469
vn 0.855957031 -0.490966797 0.161010742
vn 0.823242188 -0.434326172 0.365722656
vn 0.927734375 -0.0961303711 0.361328125
vn 0.859863281 0.357666016 0.364257812
vn -0.516113281 -0.168579102 0.83984375
vn -0.516113281 -0.168579102 0.83984375
vn -0.516113281 -0.168579102 0.83984375
vn -0.516113281 -0.168579102 0.83984375
vn -0.516113281 -0.168579102 0.83984375
vn -0.516113281 -0.168579102 0.83984375
vn -0.516113281 -0.168579102 0.83984375
vn -0.262939453 -0.586425781 -0.766113281
vn -0.4140625 -0.735351562 -0.536621094
vn -0.266845703 -0.767578125 -0.582519531
vn -0.120910645 -0.62890625 -0.768066406
vn 0.199707031 -0.314208984 -0.928222656
vn 0.9375 -0.235839844 -0.255126953
vn 0.657226562 -0.217285156 -0.721679688
vn 0.17980957 -0.244018555 -0.953125
vn -0.269775391 0.466552734 -0.842285156
vn -0.100036621 0.162353516 -0.981445312
vn 8.34465027E-07 0.188598633 -0.981933594
vn -0.123474121 0.506347656 -0.853515625
vn -0.448974609 0.780273438 -0.435302734
vn -0.377441406 0.685546875 -0.622558594
vn -0.182983398 0.748046875 -0.638183594
vn -0.220825195 0.869628906 -0.44140625
vn -0.377441406 0.685546875 -0.622558594
vn -0.269775391 0.466552734 -0.842285156
vn -0.123474121 0.506347656 -0.853515625
vn -0.182983398 0.748046875 -0.638183594
vn -0.515136719 0.318359375 -0.795898438
vn -0.227050781 0.115966797 -0.966796875
vn -0.100036621 0.162353516 -0.981445312
vn -0.269775391 0.466552734 -0.842285156
vn -0.860351562 0.415283203 -0.294921875
vn -0.747070312 0.436767578 -0.501464844
vn -0.377441406 0.685546875 -0.622558594
vn -0.448974609 0.780273438 -0.435302734
vn -0.747070312 0.436767578 -0.501464844
vn -0.515136719 0.318359375 -0.795898438
vn -0.269775391 0.466552734 -0.842285156
vn -0.377441406 0.685546875 -0.622558594
vn -0.666503906 0.14074707 -0.731933594
vn -0.291748047 0.017578125 -0.956542969
vn -0.227050781 0.115966797 -0.966796875
vn -0.515136719 0.318359375 -0.795898438
vn -0.984863281 0.138061523 -0.105163574
vn -0.918457031 0.191650391 -0.345458984
vn -0.747070312 0.436767578 -0.501464844
vn -0.860351562 0.415283203 -0.294921875
vn -0.918457031 0.191650391 -0.345458984
vn -0.666503906 0.14074707 -0.731933594
vn -0.515136719 0.318359375 -0.795898438
vn -0.747070312 0.436767578 -0.501464844
vn -0.996582031 0.0821533203 -0.0190124512
vn -0.954101562 0.014831543 -0.299072266
vn -0.918457031 0.191650391 -0.345458984
vn -0.984863281 0.138061523 -0.105163574
vn -0.707519531 -0.0447387695 -0.705078125
vn -0.310058594 -0.071105957 -0.948242188
vn -0.291748047 0.017578125 -0.956542969
vn -0.666503906 0.14074707 -0.731933594
vn -0.954101562 0.014831543 -0.299072266
vn -0.707519531 -0.0447387695 -0.705078125
vn -0.666503906 0.14074707 -0.731933594
vn -0.918457031 0.191650391 -0.345458984
vn -0.987304688 -0.152587891 -0.0491638184
vn -0.904296875 -0.215576172 -0.368652344
vn -0.954101562 0.014831543 -0.299072266
vn -0.996582031 0.0821533203 -0.0190124512
vn -0.659667969 -0.239501953 -0.712402344
vn -0.291015625 -0.160766602 -0.943359375
vn -0.310058594 -0.071105957 -0.948242188
vn -0.707519531 -0.0447387695 -0.705078125
vn -0.904296875 -0.215576172 -0.368652344
vn -0.659667969 -0.239501953 -0.712402344
vn -0.707519531 -0.0447387695 -0.705078125
vn -0.954101562 0.014831543 -0.299072266
vn -0.864257812 -0.498535156 0.0643920898
vn -0.837402344 -0.537597656 -0.100769043
vn -0.987304688 -0.152587891 -0.0491638184
vn -0.999511719 -0.0205993652 0.0269927979
vn -0.837402344 -0.537597656 -0.100769043
vn -0.720214844 -0.520996094 -0.458251953
vn -0.904296875 -0.215576172 -0.368652344
vn -0.987304688 -0.152587891 -0.0491638184
vn -0.50390625 -0.432128906 -0.748046875
vn -0.225952148 -0.260498047 -0.938476562
vn -0.291015625 -0.160766602 -0.943359375
vn -0.659667969 -0.239501953 -0.712402344
vn -0.720214844 -0.520996094 -0.458251953
vn -0.50390625 -0.432128906 -0.748046875
vn -0.659667969 -0.239501953 -0.712402344
vn -0.904296875 -0.215576172 -0.368652344
vn -0.517578125 -0.8515625 0.0822143555
vn -0.513671875 -0.845214844 -0.146606445
vn -0.837402344 -0.537597656 -0.100769043
vn -0.864257812 -0.498535156 0.0643920898
vn -0.262939453 -0.586425781 -0.766113281
vn -0.099609375 -0.308837891 -0.945800781
vn -0.225952148 -0.260498047 -0.938476562
vn -0.50390625 -0.432128906 -0.748046875
vn -0.513671875 -0.845214844 -0.146606445
vn -0.4140625 -0.735351562 -0.536621094
vn -0.720214844 -0.520996094 -0.458251953
vn -0.837402344 -0.537597656 -0.100769043
vn -0.4140625 -0.735351562 -0.536621094
vn -0.262939453 -0.586425781 -0.766113281
vn -0.50390625 -0.432128906 -0.748046875
vn -0.720214844 -0.520996094 -0.458251953
vn -0.36328125 -0.928222656 0.0822143555
vn -0.377441406 -0.884277344 -0.274902344
vn -0.513671875 -0.845214844 -0.146606445
vn -0.517578125 -0.8515625 0.0822143555
vn -0.4140625 -0.735351562 -0.536621094
vn -0.513671875 -0.845214844 -0.146606445
vn -0.377441406 -0.884277344 -0.274902344
vn -0.266845703 -0.767578125 -0.582519531
vn -0.262939453 -0.586425781 -0.766113281
vn -0.120910645 -0.62890625 -0.768066406
vn -1.13248825E-06 -0.334960938 -0.942382812
vn -0.099609375 -0.308837891 -0.945800781
vn -0.515625 -0.855957031 0.0433044434
vn -0.5703125 -0.795898438 -0.203369141
vn -0.255126953 -0.922363281 -0.290527344
vn -0.326171875 -0.943847656 0.054107666
vn -0.952636719 0.303955078 0.0137634277
vn -0.987304688 0.111206055 -0.114929199
vn -0.733398438 0.195800781 -0.650878906
vn -0.596679688 0.629882812 -0.497070312
vn -0.976074219 -0.217895508 -0.00979614258
vn -0.537109375 -0.80859375 -0.239501953
vn -0.854003906 -0.511230469 -0.0944824219
vn -0.875488281 -0.482421875 0.0267333984
vn -0.875488281 -0.482421875 0.0267333984
vn -0.854003906 -0.511230469 -0.0944824219
vn -0.5703125 -0.795898438 -0.203369141
vn -0.515625 -0.855957031 0.0433044434
vn -0.860351562 0.415283203 -0.294921875
vn -0.448974609 0.780273438 -0.435302734
vn -0.361328125 0.641113281 -0.677246094
vn -0.852050781 0.448730469 -0.268798828
vn -0.537109375 -0.80859375 -0.239501953
vn 0.108825684 -0.9296875 -0.352050781
vn 0.0530700684 -0.850097656 -0.523925781
vn -0.506347656 -0.731933594 -0.456298828
vn 0.876953125 -0.247436523 -0.411621094
vn 0.178466797 -0.418701172 -0.890625
vn 0.17980957 -0.244018555 -0.953125
vn 0.657226562 -0.217285156 -0.721679688
vn -0.255126953 -0.922363281 -0.290527344
vn -0.5703125 -0.795898438 -0.203369141
vn -0.282958984 -0.286621094 -0.915527344
vn -0.147338867 -0.379394531 -0.913574219
vn -0.5703125 -0.795898438 -0.203369141
vn -0.854003906 -0.511230469 -0.0944824219
vn -0.419433594 -0.444091797 -0.791503906
vn -0.282958984 -0.286621094 -0.915527344
vn -0.537109375 -0.80859375 -0.239501953
vn 0.180908203 -0.898925781 -0.399414062
vn 0.179443359 -0.904296875 -0.386962891
vn 0.108825684 -0.9296875 -0.352050781
vn -0.419433594 -0.444091797 -0.791503906
vn -0.506347656 -0.731933594 -0.456298828
vn 0.0530700684 -0.850097656 -0.523925781
vn -0.005443573 -0.54296875 -0.83984375
vn -0.282958984 -0.286621094 -0.915527344
vn -0.419433594 -0.444091797 -0.791503906
vn -0.005443573 -0.54296875 -0.83984375
vn -0.0737304688 0.0844726562 -0.993652344
vn -0.147338867 -0.379394531 -0.913574219
vn -0.282958984 -0.286621094 -0.915527344
vn -0.0737304688 0.0844726562 -0.993652344
vn -0.0694580078 0.04296875 -0.996582031
vn 0.935546875 0.353027344 0.0199432373
vn 0.863769531 0.476074219 0.165771484
vn 0.899902344 0.406982422 0.158203125
vn 0.841308594 0.53515625 0.079284668
vn 0.966796875 0.255126953 0.0255432129
vn 0.475341797 0.746582031 0.465576172
vn 0.8671875 0.497070312 -0.0308837891
vn 0.876953125 -0.247436523 -0.411621094
vn 0.576171875 0.795410156 0.187255859
vn 0.191162109 0.779296875 0.596679688
vn 0.264892578 0.923339844 0.277832031
vn 0.528320312 0.845214844 -0.0791625977
vn 0.337646484 0.936523438 -0.0924682617
vn 0.870117188 0.482910156 -0.0965576172
vn 0.51953125 0.844238281 -0.13269043
vn 0.299316406 0.946777344 -0.118469238
vn 0.505859375 0.858398438 0.0870361328
vn 0.293701172 0.939941406 0.174804688
vn 0.862792969 0.499267578 0.0805053711
vn 0.984375 0.166381836 0.0547180176
vn 0.495849609 0.7109375 0.498291016
vn 0.316894531 0.78125 0.537597656
vn 0.763183594 0.466796875 0.446777344
vn 0.363525391 0.42578125 0.828613281
vn 0.240112305 0.536132812 0.809082031
vn 7.15255737E-07 0.227905273 0.973632812
vn 0.994140625 -0.103820801 0.0208435059
vn 0.657226562 -0.217285156 -0.721679688
vn 0.9375 -0.235839844 -0.255126953
vn 0.899414062 0.220092773 0.376953125
vn 0.579101562 0.366210938 0.728515625
vn 0.141113281 0.212280273 0.966796875
vn -0 0.0758056641 0.997070312
vn 0.265380859 0.207641602 0.94140625
vn 0.658691406 0.239990234 0.712890625
vn 0.293212891 0.160888672 0.942382812
vn 0.954101562 -0.0274963379 0.297851562
vn 0.312255859 0.0715942383 0.947265625
vn 0.706542969 0.0465087891 0.706054688
vn 0.293457031 -0.0171051025 0.956054688
vn 0.665039062 -0.138671875 0.733886719
vn 0.924316406 -0.213623047 0.315917969
vn 0.228515625 -0.114685059 0.966796875
vn 0.102844238 -0.164794922 0.980957031
vn 2.38418579E-07 -0.187011719 0.982421875
vn 0.514648438 -0.317626953 0.796386719
vn 0.279785156 -0.455322266 0.845214844
vn 0.146484375 -0.485351562 0.861816406
vn 0.979003906 -0.182006836 0.0903930664
vn 0.766113281 -0.461181641 0.447998047
vn 0.460693359 -0.641601562 0.612792969
vn 0.255615234 -0.646972656 0.71875
vn 0.867675781 -0.448974609 -0.212768555
vn 0.983398438 -0.14831543 0.103149414
vn 0.784667969 -0.61328125 -0.08984375
vn 0.878417969 -0.423828125 0.220947266
vn 0.857421875 -0.452880859 0.243652344
vn 0.488037109 -0.788085938 0.375244141
vn 0.334716797 -0.859375 0.38671875
vn 0.579589844 -0.783691406 0.22265625
vn 0.327880859 -0.939941406 0.0947265625
vn 0.180908203 -0.898925781 -0.399414062
vn 0.178466797 -0.418701172 -0.890625
vn 0.876953125 -0.247436523 -0.411621094
vn 0.179443359 -0.904296875 -0.386962891
vn 0.157470703 -0.503417969 -0.849609375
vn 0.105834961 -0.104003906 -0.988769531
vn 0.0742797852 -0.0704956055 -0.994628906
vn 0.867675781 -0.448974609 -0.212768555
vn -0.854003906 -0.511230469 -0.0944824219
vn -0.537109375 -0.80859375 -0.239501953
vn -0.506347656 -0.731933594 -0.456298828
vn -0.419433594 -0.444091797 -0.791503906
vn -0.361328125 0.641113281 -0.677246094
vn -0.198730469 0.769042969 -0.607910156
vn -0.155395508 0.598144531 -0.786132812
vn -0.244750977 0.477783203 -0.84375
vn -0.326171875 -0.943847656 0.054107666
vn -0.36328125 -0.928222656 0.0822143555
vn -0.517578125 -0.8515625 0.0822143555
vn -0.515625 -0.855957031 0.0433044434
vn -0.515625 -0.855957031 0.0433044434
vn -0.517578125 -0.8515625 0.0822143555
vn -0.864257812 -0.498535156 0.0643920898
vn -0.875488281 -0.482421875 0.0267333984
vn -0.875488281 -0.482421875 0.0267333984
vn -0.864257812 -0.498535156 0.0643920898
vn -0.999511719 -0.0205993652 0.0269927979
vn -0.976074219 -0.217895508 -0.00979614258
vn -0.448974609 0.780273438 -0.435302734
vn -0.220825195 0.869628906 -0.44140625
vn -0.198730469 0.769042969 -0.607910156
vn -0.361328125 0.641113281 -0.677246094
vn 0.803222656 -0.577148438 0.146484375
vn 0.71875 -0.692382812 0.0628051758
vn 0.720214844 -0.686035156 0.1015625
vn 0.845703125 -0.530273438 0.0595092773
vn 0.728027344 -0.680175781 0.087097168
vn 0.716796875 -0.696777344 -0.0241088867
vn 0.920410156 -0.387695312 0.0552368164
vn 0.862792969 -0.505859375 0.0143432617
vn 0.645996094 -0.754882812 -0.115356445
vn 0.926757812 -0.368164062 0.0771484375
vn 0.816894531 -0.504394531 0.279785156
vn 0.778808594 -0.611328125 -0.142089844
vn 0.626953125 -0.759765625 -0.173461914
vn 0.791992188 -0.57421875 -0.208129883
vn 0.904296875 -0.384277344 -0.185546875
vn 0.948242188 -0.316162109 -0.0261688232
vn 0.958496094 -0.277832031 -0.065246582
vn 0.594726562 -0.530273438 0.604003906
vn 0.870605469 -0.440917969 0.218261719
vn 0.982910156 -0.177490234 0.0484313965
vn 0.974609375 -0.206665039 -0.0856323242
vn 0.75 -0.401855469 0.525390625
vn 0.926269531 -0.235351562 -0.293945312
vn 0.878417969 -0.470458984 0.0818481445
vn 0.922851562 -0.360839844 0.133422852
vn 0.9140625 -0.389160156 0.112121582
vn 0.882324219 -0.463378906 0.08203125
vn 0.911132812 -0.405029297 0.0785522461
vn 0.900390625 -0.409912109 0.144897461
vn 0.95703125 -0.246582031 0.153076172
vn 0.977050781 -0.157592773 -0.143066406
vn 0.937988281 -0.197143555 -0.28515625
vn 0.915039062 -0.314453125 -0.252929688
vn 0.856445312 -0.120605469 0.501464844
vn 0.911621094 -0.335205078 -0.23828125
vn 0.834472656 -0.452148438 -0.315185547
vn 0.9453125 -0.174072266 -0.275390625
vn 0.826660156 -0.537109375 -0.167602539
vn 0.709472656 -0.453369141 0.540039062
vn 0.590332031 -0.799804688 -0.107116699
vn 0.83203125 -0.537597656 -0.136230469
vn 0.910644531 -0.370849609 -0.182128906
vn 0.712890625 -0.443115234 -0.543457031
vn 0.748535156 -0.32421875 -0.578613281
vn 0.803710938 -0.569824219 -0.170898438
vn 0.628417969 -0.749023438 -0.210083008
vn 0.530761719 -0.827148438 -0.185058594
vn 0.611328125 -0.737792969 -0.285888672
vn 0.336181641 -0.94140625 -0.0202026367
vn 0.354248047 -0.935058594 -0.0220184326
vn 0.497314453 -0.857421875 -0.132202148
vn 0.358642578 -0.933105469 -0.0238037109
vn 0.348144531 -0.933105469 -0.0885009766
vn 0.451416016 -0.877929688 -0.160400391
vn 0.547363281 -0.80859375 -0.215698242
vn 0.532226562 -0.821777344 -0.203979492
vn 0.5546875 -0.79296875 -0.252929688
vn 0.522949219 -0.778808594 -0.346435547
vn -0.984863281 0.138061523 -0.105163574
vn -0.860351562 0.415283203 -0.294921875
vn -0.852050781 0.448730469 -0.268798828
vn -0.987304688 0.111206055 -0.114929199
vn -0.999511719 -0.0205993652 0.0269927979
vn -0.996582031 0.0821533203 -0.0190124512
vn -0.952636719 0.303955078 0.0137634277
vn -0.980957031 0.148681641 0.124023438
vn -0.996582031 0.0821533203 -0.0190124512
vn -0.984863281 0.138061523 -0.105163574
vn -0.987304688 0.111206055 -0.114929199
vn -0.952636719 0.303955078 0.0137634277
vn -0.029586792 0.25 -0.967773438
vn -0.596679688 0.629882812 -0.497070312
vn -0.733398438 0.195800781 -0.650878906
vn -0.029586792 0.25 -0.967773438
vn 0.157470703 -0.503417969 -0.849609375
vn 0.867675781 -0.448974609 -0.212768555
vn 0.784667969 -0.61328125 -0.08984375
vn 0.216918945 -0.932128906 -0.290283203
vn -0.291992188 0.939941406 0.177978516
vn -0.952636719 0.303955078 0.0137634277
vn -0.596679688 0.629882812 -0.497070312
vn -0.291992188 0.939941406 0.177978516
vn -0.720214844 0.686035156 -0.101623535
vn -0.803710938 0.577148438 -0.146240234
vn -0.845214844 0.53125 -0.059753418
vn -0.728515625 0.679199219 -0.0877685547
vn -0.828613281 0.543945312 0.133422852
vn -0.616699219 0.777832031 0.119995117
vn -0.630859375 0.73828125 0.237915039
vn -0.799316406 0.576660156 0.168212891
vn -0.958984375 0.276367188 0.060333252
vn -0.901367188 0.387451172 0.193969727
vn -0.775390625 0.615234375 0.142700195
vn -0.948242188 0.316894531 0.0255737305
vn -0.919921875 0.387695312 -0.0598449707
vn -0.926269531 0.368164062 -0.0784301758
vn -0.863769531 0.503417969 -0.0162353516
vn -0.845214844 0.53125 -0.059753418
vn -0.922363281 0.365234375 -0.126220703
vn -0.912597656 0.395019531 -0.105041504
vn -0.87890625 0.470947266 -0.0773925781
vn -0.810546875 0.51171875 -0.284667969
vn -0.897460938 0.415527344 -0.148193359
vn -0.957519531 0.241088867 -0.158813477
vn -0.911132812 0.404541016 -0.0756835938
vn -0.881835938 0.464111328 -0.0824584961
vn -0.735351562 0.42578125 0.526855469
vn -0.630859375 0.73828125 0.237915039
vn -0.541015625 0.818359375 0.192749023
vn -0.634765625 0.723632812 0.271484375
vn -0.71875 0.694824219 0.0223999023
vn -0.728515625 0.679199219 -0.0877685547
vn -0.845214844 0.53125 -0.059753418
vn -0.863769531 0.503417969 -0.0162353516
vn -0.821289062 0.464599609 0.331542969
vn -0.828613281 0.543945312 0.133422852
vn -0.946777344 0.182861328 0.264892578
vn -0.904785156 0.357910156 0.230957031
vn -0.616699219 0.777832031 0.119995117
vn -0.591308594 0.765136719 0.254638672
vn -0.593261719 0.77734375 0.207885742
vn -0.6171875 0.759765625 0.204467773
vn -0.868164062 0.443603516 -0.223510742
vn -0.911132812 0.404541016 -0.0756835938
vn -0.982910156 0.176879883 -0.0498962402
vn -0.948242188 0.316894531 0.0255737305
vn -0.982910156 0.176879883 -0.0498962402
vn -0.975097656 0.208374023 0.0764770508
vn -0.95703125 0.290283203 0.0113525391
vn -0.958984375 0.276367188 0.060333252
vn -0.616699219 0.777832031 0.119995117
vn -0.831542969 0.534179688 0.152099609
vn -0.666015625 0.7109375 0.226318359
vn -0.591308594 0.765136719 0.254638672
vn -0.735351562 0.42578125 0.526855469
vn -0.726074219 0.329833984 0.603515625
vn -0.939453125 0.234985352 0.249755859
vn -0.904785156 0.380615234 0.190551758
vn -0.541015625 0.818359375 0.192749023
vn -0.55859375 0.819824219 0.126708984
vn -0.395263672 0.918457031 0.00921630859
vn -0.634765625 0.723632812 0.271484375
vn -0.55859375 0.819824219 0.126708984
vn -0.541015625 0.818359375 0.192749023
vn -0.383789062 0.921875 0.0554504395
vn -0.448974609 0.887695312 0.1015625
vn -0.690917969 -0.71875 0.0746459961
vn -0.693847656 -0.7109375 0.114562988
vn -0.693847656 -0.7109375 0.114562988
vn -0.69140625 -0.71875 0.0765991211
vn 0.311035156 0.796386719 0.519042969
vn 0.380126953 0.890136719 0.251220703
vn 0.380126953 0.890136719 0.251953125
vn 0.306152344 0.791992188 0.528320312
vn 0.511230469 0.708984375 -0.486083984
vn -0.271728516 0.478271484 -0.834960938
vn -0.292236328 0.463134766 -0.836914062
vn 0.370117188 0.713378906 -0.594726562
vn -0.366455078 -0.520996094 -0.770996094
vn -0.218994141 -0.755859375 -0.6171875
vn -0.218994141 -0.755859375 -0.6171875
vn -0.404785156 -0.4375 -0.803222656
vn 0.254638672 0.755859375 0.603027344
vn 0.856445312 -0.120605469 0.501464844
vn 0.21484375 0.258544922 0.941894531
vn 0.254394531 0.761230469 0.596191406
vn -0.516113281 0.0651855469 -0.854003906
vn -0.366455078 -0.520996094 -0.770996094
vn -0.404785156 -0.4375 -0.803222656
vn -0.516113281 0.0662231445 -0.854003906
vn -0.748046875 -0.584472656 -0.313720703
vn -0.745605469 -0.645507812 -0.165039062
vn -0.745605469 -0.645019531 -0.166259766
vn -0.748046875 -0.584472656 -0.313720703
vn 0.820800781 0.421875 -0.384765625
vn 0.511230469 0.708984375 -0.486083984
vn 0.370117188 0.713378906 -0.594726562
vn 0.822265625 0.445068359 -0.354736328
vn -0.707519531 -0.705566406 0.033416748
vn -0.688964844 -0.72265625 0.0575866699
vn -0.688964844 -0.72265625 0.0573730469
vn -0.708496094 -0.705078125 0.0315856934
vn -0.271728516 0.478271484 -0.834960938
vn -0.516113281 0.0651855469 -0.854003906
vn -0.516113281 0.0662231445 -0.854003906
vn -0.292236328 0.463134766 -0.836914062
vn 0.280273438 0.288818359 -0.915527344
vn 0.265625 0.263183594 -0.927246094
vn 0.265625 0.263183594 -0.927246094
vn 0.279785156 0.288085938 -0.916015625
vn 0.286621094 -0.124938965 0.949707031
vn 0.248046875 -0.263671875 0.932128906
vn 0.248046875 -0.263671875 0.932128906
vn 0.287109375 -0.122375488 0.950195312
vn -0.0520324707 -0.328369141 0.943359375
vn -0.215942383 -0.464599609 0.858886719
vn -0.215942383 -0.464599609 0.858886719
vn -0.0491027832 -0.325683594 0.944335938
vn -0.688964844 -0.72265625 0.0575866699
vn -0.690917969 -0.71875 0.0746459961
vn -0.69140625 -0.71875 0.0765991211
vn -0.688964844 -0.72265625 0.0573730469
vn -0.0188751221 -0.279052734 0.959960938
vn -0.0520324707 -0.328369141 0.943359375
vn -0.0491027832 -0.325683594 0.944335938
vn -0.0191955566 -0.279296875 0.959960938
vn 0.318359375 0.934082031 -0.161865234
vn 0.218383789 0.956054688 -0.195556641
vn 0.21887207 0.955078125 -0.200927734
vn 0.314697266 0.932617188 -0.176635742
vn 0.321044922 0.317138672 -0.892578125
vn 0.325195312 0.366699219 -0.871582031
vn 0.324951172 0.366455078 -0.872070312
vn 0.320800781 0.316894531 -0.892578125
vn -0.745605469 -0.645507812 -0.165039062
vn -0.707519531 -0.705566406 0.033416748
vn -0.708496094 -0.705078125 0.0315856934
vn -0.745605469 -0.645019531 -0.166259766
vn 0.594726562 -0.530273438 0.604003906
vn -0.0188751221 -0.279052734 0.959960938
vn -0.0191955566 -0.279296875 0.959960938
vn -0.253417969 -0.437011719 0.862792969
vn 0.380126953 0.890136719 0.251220703
vn 0.318359375 0.934082031 -0.161865234
vn 0.314697266 0.932617188 -0.176635742
vn 0.380126953 0.890136719 0.251953125
vn 0.75 -0.401855469 0.525390625
vn 0.594726562 -0.530273438 0.604003906
vn -0.253417969 -0.437011719 0.862792969
vn -0.345214844 -0.488037109 0.801757812
vn 0.229248047 0.71875 0.656738281
vn 0.311035156 0.796386719 0.519042969
vn 0.306152344 0.791992188 0.528320312
vn 0.229248047 0.71875 0.656738281
vn 0.218383789 0.956054688 -0.195556641
vn 0.254638672 0.755859375 0.603027344
vn 0.254394531 0.761230469 0.596191406
vn 0.21887207 0.955078125 -0.200927734
vn 0.325195312 0.366699219 -0.871582031
vn 0.280273438 0.288818359 -0.915527344
vn 0.279785156 0.288085938 -0.916015625
vn 0.324951172 0.366455078 -0.872070312
vn 0.778320312 0.242919922 -0.578613281
vn 0.820800781 0.421875 -0.384765625
vn 0.822265625 0.445068359 -0.354736328
vn 0.778320312 0.242919922 -0.578613281
vn 0.282714844 0.211181641 -0.935546875
vn 0.321044922 0.317138672 -0.892578125
vn 0.320800781 0.316894531 -0.892578125
vn 0.282714844 0.211181641 -0.935546875
vn 0.709472656 -0.453369141 0.540039062
vn 0.286621094 -0.124938965 0.949707031
vn 0.287109375 -0.122375488 0.950195312
vn 0.260498047 0.126831055 0.95703125
vn 0.856445312 -0.120605469 0.501464844
vn 0.709472656 -0.453369141 0.540039062
vn 0.260498047 0.126831055 0.95703125
vn 0.21484375 0.258544922 0.941894531
vn -0.690429688 0.615722656 0.379638672
vn -0.855957031 -0.490966797 0.161010742
vn -0.927734375 -0.0961303711 0.361328125
vn -0.530761719 0.792480469 0.301025391
vn -0.859863281 0.357666016 0.364257812
vn 0.370117188 0.922851562 0.105895996
vn -0.334228516 0.934082031 0.125366211
vn 0.373535156 0.927734375 -0.00843048096
vn 0.4609375 0.875976562 -0.142822266
vn 0.915039062 0.184326172 -0.359130859
vn 0.874511719 0.359619141 -0.325195312
vn 0.862304688 0.355224609 -0.361083984
vn 0.672363281 -0.624511719 -0.397460938
vn 0.663085938 -0.486572266 -0.568847656
vn 0.413574219 -0.663085938 -0.623535156
vn -0.204345703 -0.978515625 -0.0185089111
vn -0.146850586 -0.959960938 -0.238769531
vn -0.265380859 -0.920898438 -0.286132812
vn -0.510253906 -0.856445312 -0.0791015625
vn -0.671386719 -0.728515625 0.136230469
vn -0.855957031 -0.490966797 0.161010742
vn -0.823242188 -0.434326172 0.365722656
vn -0.927734375 -0.0961303711 0.361328125
vn -0.859863281 0.357666016 0.364257812
vn 0.516113281 -0.168579102 0.83984375
vn 0.516113281 -0.168579102 0.83984375
vn 0.516113281 -0.168579102 0.83984375
vn 0.516113281 -0.168579102 0.83984375
vn 0.516113281 -0.168579102 0.83984375
vn 0.516113281 -0.168579102 0.83984375
vn 0.516113281 -0.168579102 0.83984375
vn 0.955078125 0.26171875 0.140014648
vn 0.955078125 0.26171875 0.140014648
vn 0.955078125 0.26171875 0.140014648
vn 0.955078125 0.26171875 0.140014648
vn 0.955078125 0.26171875 0.140014648
vn 0.955078125 0.26171875 0.140014648
vn 0.955078125 0.26171875 0.140014648
vn 0.955078125 0.26171875 0.140014648
vn -0.955078125 0.26171875 0.140014648
vn -0.955078125 0.26171875 0.140014648
vn -0.955078125 0.26171875 0.140014648
vn -0.955078125 0.26171875 0.140014648
vn -0.955078125 0.26171875 0.140014648
vn -0.955078125 0.26171875 0.140014648
vn -0.955078125 0.26171875 0.140014648
vn -0.955078125 0.26171875 0.140014648
vn -0.279541016 -0.354003906 -0.892578125
vn 0.296875 -0.840820312 -0.452392578
vn 0.209350586 -0.259765625 -0.942871094
vn -0.203125 -0.862304688 -0.463623047
vn 0.210449219 -0.9296875 0.302734375
vn -0.463134766 0.287597656 -0.838378906
vn -0.000711917877 0.473632812 -0.880859375
vn -0.278808594 -0.939941406 0.196899414
vn 0.00070142746 -0.473632812 0.880859375
vn -0.646484375 0.686523438 -0.332763672
vn -0.210449219 0.9296875 -0.302734375
vn -0.461914062 -0.541015625 0.702636719
vn -0.209350586 0.259765625 0.942871094
vn -0.722167969 0.608886719 0.328125
vn -0.296875 0.840820312 0.452392578
vn -0.645507812 0.100402832 0.756835938
vn -0.920410156 -0.12512207 -0.370849609
vn -0.864257812 -0.321533203 -0.387207031
vn -0.840820312 -0.477050781 -0.255859375
vn -0.9765625 -0.00278282166 -0.215942383
vn -0.999511719 -0.0265045166 -0.0134963989
vn -0.976074219 -0.182373047 0.117858887
vn -0.919921875 -0.37890625 0.101013184
vn -0.863769531 -0.500976562 -0.0538330078
vn 0.279541016 -0.354003906 -0.892578125
vn -0.209350586 -0.259765625 -0.942871094
vn -0.296875 -0.840820312 -0.452392578
vn 0.203125 -0.862304688 -0.463623047
vn -0.210449219 -0.9296875 0.302734375
vn 0.463134766 0.287597656 -0.838378906
vn 0.00070810318 0.473632812 -0.880859375
vn 0.278808594 -0.939941406 0.196899414
vn -0.000703334808 -0.473632812 0.880859375
vn 0.646484375 0.686523438 -0.332763672
vn 0.210449219 0.9296875 -0.302734375
vn 0.461914062 -0.541015625 0.702636719
vn 0.209350586 0.259765625 0.942871094
vn 0.722167969 0.608886719 0.328125
vn 0.296875 0.840820312 0.452392578
vn 0.645507812 0.100402832 0.756835938
vn 0.920410156 -0.12512207 -0.370849609
vn 0.864257812 -0.321533203 -0.387207031
vn 0.840820312 -0.477050781 -0.255859375
vn 0.9765625 -0.00278282166 -0.215942383
vn 0.999511719 -0.0265045166 -0.0134963989
vn 0.976074219 -0.182373047 0.117858887
vn 0.919921875 -0.37890625 0.101013184
vn 0.863769531 -0.500976562 -0.0538330078
vn -0.179931641 0.544921875 0.818847656
vn -0.179931641 0.544921875 0.818847656
vn -0.179931641 0.544921875 0.818847656
vn 0.909667969 0.00831604004 0.415283203
vn 0.909667969 0.00831604004 0.415283203
vn 0.909667969 0.00831604004 0.415283203
vn 0.206176758 -0.0960693359 0.973632812
vn 0.206176758 -0.0960693359 0.973632812
vn 0.206176758 -0.0960693359 0.973632812
vn -0.553710938 0.791992188 0.256591797
vn -0.553710938 0.791992188 0.256591797
vn -0.553710938 0.791992188 0.256591797
vn -0.605957031 0.777832031 0.165771484
vn -0.605957031 0.777832031 0.165771484
vn -0.605957031 0.777832031 0.165771484
vn -0.598144531 0.766113281 0.234375
vn -0.581054688 0.667480469 0.465576172
vn -0.577148438 0.633789062 0.514648438
vn -0.52734375 0.635253906 0.563964844
vn -0.560546875 0.634765625 0.532226562
vn -0.517089844 0.635253906 0.573730469
vn -0.543457031 -0.838867188 -0.0233001709
vn -0.543457031 -0.838867188 -0.0233001709
vn -0.543457031 -0.838867188 -0.0233001709
vn -0.0472106934 -0.934570312 0.353027344
vn -0.0472106934 -0.934570312 0.353027344
vn -0.0472106934 -0.934570312 0.353027344
vn -0.318603516 0.93359375 -0.16418457
vn -0.318603516 0.93359375 -0.16418457
vn -0.318603516 0.93359375 -0.16418457
vn 0.203369141 -0.455810547 0.866699219
vn 0.203369141 -0.455810547 0.866699219
vn 0.203369141 -0.455810547 0.866699219
vn 0.729980469 0.633300781 0.257080078
vn 0.729980469 0.633300781 0.257080078
vn 0.729980469 0.633300781 0.257080078
vn 0.823730469 0.544921875 0.157104492
vn 0.865234375 0.491943359 0.0959472656
vn 0.915039062 0.403320312 0.000979423523
vn 0.8671875 0.392333984 0.307128906
vn 0.8671875 0.392333984 0.307128906
vn 0.8671875 0.392333984 0.307128906
vn 0.911132812 0.16015625 0.380126953
vn 0.911132812 0.16015625 0.380126953
vn 0.911132812 0.16015625 0.380126953
vn -0.397460938 -0.297363281 0.868164062
vn -0.397460938 -0.297363281 0.868164062
vn -0.397460938 -0.297363281 0.868164062
vn 0.250732422 -0.813964844 0.524414062
vn 0.250732422 -0.813964844 0.524414062
vn 0.250732422 -0.813964844 0.524414062
vn 0.717285156 0.0863647461 0.69140625
vn 0.717285156 0.0863647461 0.69140625
vn 0.717285156 0.0863647461 0.69140625
vn 0.969238281 -0.051574707 -0.240478516
vn 0.969238281 -0.051574707 -0.240478516
vn 0.969238281 -0.051574707 -0.240478516
vn 0.828613281 0.300537109 -0.472412109
vn 0.828613281 0.300537109 -0.472412109
vn 0.828613281 0.300537109 -0.472412109
vn 0.457275391 -0.743164062 -0.488525391
vn 0.457275391 -0.743164062 -0.488525391
vn 0.457275391 -0.743164062 -0.488525391
vn -0.225585938 0.646484375 0.728515625
vn -0.225585938 0.646484375 0.728515625
vn -0.225585938 0.646484375 0.728515625
vn -0.576660156 -0.331787109 0.746582031
vn -0.576660156 -0.331787109 0.746582031
vn -0.576660156 -0.331787109 0.746582031
vn 0.907714844 -0.0548706055 0.415527344
vn 0.907714844 -0.0548706055 0.415527344
vn 0.907714844 -0.0548706055 0.415527344
vn 0.778320312 -0.437255859 0.450195312
vn 0.778320312 -0.437255859 0.450195312
vn 0.778320312 -0.437255859 0.450195312
vn 0.853515625 0.218017578 0.473388672
vn 0.853515625 0.218017578 0.473388672
vn 0.853515625 0.218017578 0.473388672
vn 0.685546875 0.693359375 0.221069336
vn 0.685546875 0.693359375 0.221069336
vn 0.685546875 0.693359375 0.221069336
vn 0.393798828 -0.905273438 0.159423828
vn 0.393798828 -0.905273438 0.159423828
vn 0.393798828 -0.905273438 0.159423828
vn 0.538085938 -0.822753906 0.182617188
vn 0.538085938 -0.822753906 0.182617188
vn 0.538085938 -0.822753906 0.182617188
vn 0.0601806641 0.995117188 0.0759887695
vn 0.0601806641 0.995117188 0.0759887695
vn 0.0601806641 0.995117188 0.0759887695
vn -0.016708374 0.999511719 0.0148086548
vn -0.016708374 0.999511719 0.0148086548
vn -0.016708374 0.999511719 0.0148086548
vn 0.179931641 0.544921875 0.818847656
vn 0.179931641 0.544921875 0.818847656
vn 0.179931641 0.544921875 0.818847656
vn -0.909667969 0.00831604004 0.415283203
vn -0.909667969 0.00831604004 0.415283203
vn -0.909667969 0.00831604004 0.415283203
vn -0.206176758 -0.0960693359 0.973632812
vn -0.206176758 -0.0960693359 0.973632812
vn -0.206176758 -0.0960693359 0.973632812
vn 0.553710938 0.791992188 0.256591797
vn 0.553710938 0.791992188 0.256591797
vn 0.553710938 0.791992188 0.256591797
vn 0.605957031 0.777832031 0.165771484
vn 0.605957031 0.777832031 0.165771484
vn 0.605957031 0.777832031 0.165771484
vn 0.598144531 0.766113281 0.234375
vn 0.581054688 0.667480469 0.465576172
vn 0.577148438 0.633789062 0.514648438
vn 0.52734375 0.635253906 0.563964844
vn 0.560546875 0.634765625 0.532226562
vn 0.517089844 0.635253906 0.573730469
vn 0.543457031 -0.838867188 -0.0233001709
vn 0.543457031 -0.838867188 -0.0233001709
vn 0.543457031 -0.838867188 -0.0233001709
vn 0.0472106934 -0.934570312 0.353027344
vn 0.0472106934 -0.934570312 0.353027344
vn 0.0472106934 -0.934570312 0.353027344
vn 0.318603516 0.93359375 -0.16418457
vn 0.318603516 0.93359375 -0.16418457
vn 0.318603516 0.93359375 -0.16418457
vn -0.203369141 -0.455810547 0.866699219
vn -0.203369141 -0.455810547 0.866699219
vn -0.203369141 -0.455810547 0.866699219
vn -0.729980469 0.633300781 0.257080078
vn -0.729980469 0.633300781 0.257080078
vn -0.729980469 0.633300781 0.257080078
vn -0.823730469 0.544921875 0.157104492
vn -0.865234375 0.491943359 0.0959472656
vn -0.915039062 0.403320312 0.000979423523
vn -0.8671875 0.392333984 0.307128906
vn -0.8671875 0.392333984 0.307128906
vn -0.8671875 0.392333984 0.307128906
vn -0.911132812 0.16015625 0.380126953
vn -0.911132812 0.16015625 0.380126953
vn -0.911132812 0.16015625 0.380126953
vn 0.397460938 -0.297363281 0.868164062
vn 0.397460938 -0.297363281 0.868164062
vn 0.397460938 -0.297363281 0.868164062
vn -0.250732422 -0.813964844 0.524414062
vn -0.250732422 -0.813964844 0.524414062
vn -0.250732422 -0.813964844 0.524414062
vn -0.717285156 0.0863647461 0.69140625
vn -0.717285156 0.0863647461 0.69140625
vn -0.717285156 0.0863647461 0.69140625
vn -0.969238281 -0.051574707 -0.240478516
vn -0.969238281 -0.051574707 -0.240478516
vn -0.969238281 -0.051574707 -0.240478516
vn -0.828613281 0.300537109 -0.472412109
vn -0.828613281 0.300537109 -0.472412109
vn -0.828613281 0.300537109 -0.472412109
vn -0.457275391 -0.743164062 -0.488525391
vn -0.457275391 -0.743164062 -0.488525391
vn -0.457275391 -0.743164062 -0.488525391
vn 0.225585938 0.646484375 0.728515625
vn 0.225585938 0.646484375 0.728515625
vn 0.225585938 0.646484375 0.728515625
vn 0.576660156 -0.331787109 0.746582031
vn 0.576660156 -0.331787109 0.746582031
vn 0.576660156 -0.331787109 0.746582031
vn -0.907714844 -0.0548706055 0.415527344
vn -0.907714844 -0.0548706055 0.415527344
vn -0.907714844 -0.0548706055 0.415527344
vn -0.778320312 -0.437255859 0.450195312
vn -0.778320312 -0.437255859 0.450195312
vn -0.778320312 -0.437255859 0.450195312
vn -0.853515625 0.218017578 0.473388672
vn -0.853515625 0.218017578 0.473388672
vn -0.853515625 0.218017578 0.473388672
vn -0.685546875 0.693359375 0.221069336
vn -0.685546875 0.693359375 0.221069336
vn -0.685546875 0.693359375 0.221069336
vn -0.393798828 -0.905273438 0.159423828
vn -0.393798828 -0.905273438 0.159423828
vn -0.393798828 -0.905273438 0.159423828
vn -0.538085938 -0.822753906 0.182617188
vn -0.538085938 -0.822753906 0.182617188
vn -0.538085938 -0.822753906 0.182617188
vn -0.0601806641 0.995117188 0.0759887695
vn -0.0601806641 0.995117188 0.0759887695
vn -0.0601806641 0.995117188 0.0759887695
vn 0.016708374 0.999511719 0.0148086548
vn 0.016708374 0.999511719 0.0148086548
vn 0.016708374 0.999511719 0.0148086548
vn 0.634277344 0.0278778076 -0.772949219
vn 0.634277344 0.0278778076 -0.772949219
vn 0.634277344 0.0278778076 -0.772949219
vn 0.659667969 -0.0836791992 -0.747070312
vn 0.659667969 -0.083984375 -0.746582031
vn 0.659667969 -0.0824584961 -0.747070312
vn 0.659667969 -0.0821533203 -0.747070312
vn -0.419433594 -0.303955078 0.85546875
vn -0.419433594 -0.303955078 0.85546875
vn -0.419433594 -0.303955078 0.85546875
vn -0.441162109 -0.283691406 0.8515625
vn -0.441650391 -0.280029297 0.852539062
vn 0.287841797 -0.953125 -0.0918579102
vn 0.28515625 -0.954589844 -0.088684082
vn 0.261230469 -0.963378906 -0.0624084473
vn 0.318847656 -0.939453125 -0.126342773
vn -0.833007812 -0.553222656 -0.0153656006
vn -0.583496094 -0.748046875 0.315429688
vn -0.885253906 -0.439941406 -0.149902344
vn -0.4609375 -0.78125 0.421142578
vn -0.121704102 0.802246094 0.584472656
vn -0.33203125 0.611816406 0.717773438
vn -0.494628906 0.387695312 0.777832031
vn 0.0522155762 0.896972656 0.439453125
vn 0.295654297 0.816894531 0.494873047
vn 0.33984375 0.815429688 0.468261719
vn 0.437744141 0.803710938 0.402587891
vn 0.216430664 0.814453125 0.538085938
vn 0.877441406 -0.0122375488 0.479980469
vn 0.877441406 -0.0124130249 0.479736328
vn 0.873046875 -0.00709533691 0.487304688
vn 0.880859375 -0.017074585 0.472900391
vn 0.768554688 0.463867188 0.440185547
vn 0.491699219 0.676757812 0.547851562
vn 0.427490234 0.708984375 0.560546875
vn 0.833496094 0.385742188 0.395263672
vn -0.864746094 -0.354980469 -0.354980469
vn -0.861328125 -0.366699219 -0.3515625
vn -0.860351562 -0.370605469 -0.350585938
vn -0.866699219 -0.349365234 -0.356445312
vn 0.634765625 -0.728027344 0.258300781
vn 0.416503906 -0.904785156 0.0891723633
vn 0.344726562 -0.937988281 0.0381164551
vn 0.686523438 -0.661132812 0.302978516
vn -0.761230469 0.6484375 0.00262451172
vn -0.828613281 0.559570312 -0.0118484497
vn -0.83984375 0.542480469 -0.0144577026
vn -0.745117188 0.666503906 0.0057144165
vn 0.58203125 -0.0971679688 0.807128906
vn 0.580078125 -0.102294922 0.808105469
vn 0.597167969 -0.0562744141 0.799804688
vn 0.563964844 -0.141845703 0.813476562
vn 0.91796875 0.0387573242 0.394775391
vn 0.919433594 0.12890625 0.371337891
vn 0.907714844 -0.057800293 0.416015625
vn 0.910644531 0.23840332 0.338134766
vn 0.574707031 -0.810546875 0.111938477
vn 0.359130859 -0.933105469 0.00415039062
vn 0.641113281 -0.752929688 0.148193359
vn 0.270019531 -0.961914062 -0.0369873047
vn -0.8125 -0.452392578 -0.367675781
vn -0.834960938 -0.475341797 -0.27734375
vn -0.790039062 -0.431640625 -0.435302734
vn -0.838378906 -0.479492188 -0.258300781
vn -0.265869141 0.899414062 0.347167969
vn -0.246948242 0.916503906 0.315185547
vn -0.388671875 0.731933594 0.560058594
vn -0.0977783203 0.992675781 0.0684204102
vn 0.403808594 0.0867919922 0.910644531
vn 0.422607422 0.098815918 0.900878906
vn 0.457275391 0.121582031 0.880859375
vn 0.37890625 0.0708007812 0.922851562
vn -0.829589844 -0.352539062 0.432617188
vn -0.827148438 -0.383544922 0.410644531
vn -0.814453125 -0.462402344 0.350341797
vn -0.829589844 -0.23815918 0.505371094
vn -0.298339844 0.740722656 0.6015625
vn -0.354736328 0.763671875 0.5390625
vn -0.232666016 0.708496094 0.666015625
vn -0.404052734 0.779785156 0.478271484
vn -0.872070312 0.484375 0.0720214844
vn -0.843261719 0.517089844 0.145019531
vn -0.802246094 0.551269531 0.229614258
vn -0.880859375 0.471435547 0.0452575684
vn -0.798339844 0.536621094 0.272705078
vn -0.834960938 0.509765625 0.208129883
vn -0.757324219 0.560546875 0.334960938
vn -0.870117188 -0.31640625 0.377441406
vn -0.881347656 -0.312988281 0.354248047
vn -0.862792969 -0.318603516 0.392089844
vn -0.886230469 -0.311035156 0.343017578
vn -0.901367188 0.143676758 0.408447266
vn -0.880371094 0.170288086 0.442382812
vn -0.856933594 0.197387695 0.4765625
vn -0.920898438 0.116027832 0.372314453
vn -0.889160156 0.186157227 0.417480469
vn -0.861816406 0.130371094 0.490478516
vn -0.899902344 0.212524414 0.380859375
vn -0.870605469 0.355957031 0.339599609
vn -0.870117188 0.363769531 0.332275391
vn -0.87109375 0.299560547 0.388916016
vn -0.865722656 0.407958984 0.290771484
vn -0.458984375 0.847167969 0.268554688
vn -0.456787109 0.849121094 0.265625
vn -0.451171875 0.854003906 0.258544922
vn -0.465332031 0.840820312 0.276611328
vn -0.387207031 0.899902344 0.201049805
vn -0.395751953 0.891113281 0.221313477
vn -0.360839844 0.921875 0.140869141
vn 0.0837402344 0.438476562 0.895019531
vn 0.0634765625 0.450439453 0.890625
vn 0.0524291992 0.456542969 0.888183594
vn 0.0939331055 0.432373047 0.896972656
vn -0.257568359 0.179077148 0.949707031
vn -0.105407715 -0.0120849609 0.994140625
vn -0.0575256348 -0.0704956055 0.99609375
vn -0.298339844 0.232177734 0.92578125
vn -0.434082031 -0.260009766 0.862304688
vn -0.447753906 -0.244018555 0.860351562
vn -0.396240234 -0.302246094 0.8671875
vn -0.380371094 -0.319335938 0.868164062
vn -0.340820312 -0.310302734 0.887695312
vn -0.325439453 -0.357177734 0.875488281
vn -0.322265625 -0.365966797 0.873046875
vn -0.0811157227 -0.332519531 0.939453125
vn -0.0216674805 -0.371826172 0.928222656
vn 0.0586242676 -0.421875 0.904785156
vn -0.14074707 -0.291015625 0.946289062
vn 0.895996094 0.379882812 0.23046875
vn 0.895996094 0.380126953 0.23034668
vn 0.895507812 0.381103516 0.229858398
vn 0.895996094 0.37890625 0.230957031
vn 0.41796875 0.716308594 -0.559082031
vn 0.270019531 0.825195312 -0.495849609
vn 0.521484375 0.61328125 -0.593261719
vn 0.151489258 0.887207031 -0.435791016
vn 0.536621094 -0.818359375 -0.204956055
vn 0.562988281 -0.818359375 -0.114868164
vn 0.487060547 -0.804199219 -0.340087891
vn 0.583496094 -0.812011719 -0.0285339355
vn -0.262207031 0.872070312 0.413574219
vn -0.260498047 0.870117188 0.418701172
vn -0.259277344 0.868652344 0.422607422
vn -0.264160156 0.873535156 0.408447266
vn -0.497314453 0.835449219 0.234375
vn -0.462646484 0.862792969 0.204101562
vn -0.516601562 0.818359375 0.251464844
vn -0.443847656 0.876464844 0.187866211
vn -0.410888672 0.897460938 0.159301758
vn -0.404052734 0.902832031 0.145996094
vn -0.6953125 0.702148438 0.153930664
vn -0.691894531 0.704589844 0.159057617
vn -0.685546875 0.708496094 0.168212891
vn -0.700683594 0.698242188 0.145874023
vn -0.674316406 0.631835938 -0.3828125
vn -0.673339844 0.641113281 -0.368652344
vn -0.672851562 0.646972656 -0.359619141
vn -0.674804688 0.626464844 -0.390625
vn -0.551757812 0.770996094 -0.318603516
vn -0.548339844 0.754394531 -0.360839844
vn -0.5546875 0.813476562 -0.174438477
vn -0.554199219 0.819335938 -0.146606445
vn -0.510253906 0.84375 -0.164916992
vn -0.537109375 0.822753906 -0.186157227
vn -0.492675781 0.856933594 -0.150756836
vn -0.150146484 0.94140625 -0.301757812
vn -0.140258789 0.940917969 -0.308105469
vn -0.153808594 0.941894531 -0.299316406
vn -0.13671875 0.940917969 -0.310302734
vn -0.272460938 0.894042969 -0.355224609
vn -0.30859375 0.90234375 -0.300537109
vn -0.263916016 0.891601562 -0.367675781
vn -0.318847656 0.904296875 -0.284423828
vn 0.217407227 -0.137817383 -0.966308594
vn 0.20324707 -0.126220703 -0.971191406
vn 0.208740234 -0.130737305 -0.969238281
vn 0.222167969 -0.141723633 -0.96484375
vn 0.228881836 -0.240966797 -0.943359375
vn 0.23059082 -0.234741211 -0.944335938
vn 0.196899414 -0.345703125 -0.917480469
vn 0.264404297 -0.207885742 -0.941894531
vn 0.293212891 -0.281982422 -0.913574219
vn 0.298339844 -0.295654297 -0.907714844
vn 0.257080078 -0.189697266 -0.947753906
vn 0.240478516 -0.177856445 -0.954101562
vn 0.237670898 -0.171142578 -0.956054688
vn 0.192260742 -0.130126953 -0.97265625
vn 0.179443359 -0.107055664 -0.978027344
vn 0.458740234 -0.875488281 -0.153198242
vn 0.481201172 -0.865722656 -0.137817383
vn 0.518066406 -0.848144531 -0.111694336
vn 0.422119141 -0.889160156 -0.177368164
vn 0.471923828 -0.860351562 -0.193115234
vn 0.474365234 -0.859375 -0.190185547
vn 0.463134766 -0.862792969 -0.20300293
vn 0.321777344 -0.076171875 -0.943847656
vn 0.337158203 -0.201660156 -0.919433594
vn 0.339599609 -0.228637695 -0.912109375
vn 0.317626953 -0.0485839844 -0.946777344
vn -0.791015625 0.520019531 -0.321777344
vn -0.790527344 0.499267578 -0.354736328
vn -0.789550781 0.487060547 -0.373046875
vn -0.791015625 0.533691406 -0.299072266
vn 0.896972656 -0.377197266 -0.231079102
vn 0.827148438 -0.457275391 -0.326904297
vn 0.901367188 -0.370605469 -0.223510742
vn 0.950195312 -0.284912109 -0.125976562
vn 0.945800781 -0.280761719 -0.161865234
vn 0.942382812 -0.286132812 -0.173828125
vn 0.955078125 -0.266601562 -0.129760742
vn 0.184448242 -0.221801758 -0.957519531
vn 0.248291016 -0.211547852 -0.9453125
vn 0.0953369141 -0.234375 -0.967285156
vn 0.313964844 -0.199829102 -0.928222656
vn 0.833496094 -0.487548828 -0.260009766
vn 0.840332031 -0.465820312 -0.276855469
vn 0.805664062 -0.555664062 -0.203857422
vn 0.85546875 -0.407226562 -0.319335938
vn -0.871582031 0.374755859 -0.315917969
vn -0.88671875 0.361816406 -0.287841797
vn -0.854492188 0.387939453 -0.345214844
vn -0.901367188 0.347900391 -0.258300781
vn -0.952148438 0.222412109 -0.210205078
vn -0.948242188 0.198364258 -0.248046875
vn -0.943359375 0.177490234 -0.280029297
vn -0.953613281 0.239135742 -0.183227539
vn -0.743652344 -0.598632812 -0.298828125
vn -0.844238281 -0.509277344 -0.167724609
vn -0.890136719 -0.447509766 -0.0870361328
vn -0.647949219 -0.652832031 -0.392333984
vn 0.303222656 -0.147094727 -0.94140625
vn 0.320556641 -0.147705078 -0.935546875
vn 0.342041016 -0.1484375 -0.927734375
vn 0.28125 -0.146362305 -0.948242188
vn 0.286132812 -0.0721435547 -0.955566406
vn 0.250976562 -0.083190918 -0.964355469
vn 0.322021484 -0.043548584 -0.945800781
vn 0.204467773 -0.0825195312 -0.975585938
vn 0.298339844 -0.106994629 -0.948242188
vn 0.334960938 -0.138916016 -0.932128906
vn -0.635253906 -0.757324219 0.150268555
vn -0.635253906 -0.757324219 0.150878906
vn -0.635742188 -0.757324219 0.150024414
vn -0.635253906 -0.757324219 0.151123047
vn -0.521972656 -0.852539062 0.024307251
vn -0.437011719 -0.889160156 0.135498047
vn -0.537109375 -0.84375 0.00299072266
vn -0.40625 -0.897460938 0.172363281
vn -0.362060547 -0.913085938 0.188354492
vn -0.221801758 -0.925292969 0.307128906
vn -0.389892578 -0.90625 0.162719727
vn -0.171386719 -0.922363281 0.345947266
vn 0.444580078 -0.885253906 -0.137329102
vn 0.462646484 -0.876464844 -0.131591797
vn 0.433105469 -0.890136719 -0.140869141
vn 0.471435547 -0.872558594 -0.12890625
vn -0.238891602 -0.932128906 -0.272460938
vn -0.251220703 -0.923828125 -0.288574219
vn -0.259277344 -0.918457031 -0.299072266
vn -0.232910156 -0.936035156 -0.264648438
vn 0.0422058105 -0.903808594 -0.42578125
vn 0.0481262207 -0.911132812 -0.408935547
vn 0.0492858887 -0.912597656 -0.405517578
vn 0.0405578613 -0.901855469 -0.430419922
vn -0.0621337891 -0.812988281 -0.579101562
vn 0.0102310181 -0.870605469 -0.491699219
vn -0.101501465 -0.775390625 -0.623046875
vn -0.582519531 -0.804199219 -0.118408203
vn -0.580566406 -0.806152344 -0.114135742
vn -0.599609375 -0.783203125 -0.164916992
vn -0.601074219 -0.78125 -0.168823242
vn -0.56640625 -0.813476562 -0.132202148
vn -0.56640625 -0.814453125 -0.127563477
vn -0.610351562 -0.774414062 -0.166870117
vn -0.59765625 -0.732910156 -0.324462891
vn -0.610839844 -0.780761719 -0.131958008
vn -0.592285156 -0.719726562 -0.361816406
vn -0.143920898 0.283935547 -0.948242188
vn -0.162353516 0.220825195 -0.961914062
vn -0.136474609 0.308105469 -0.94140625
vn -0.166748047 0.205322266 -0.964355469
vn -0.520996094 0.305175781 -0.796875
vn -0.522949219 0.295166016 -0.799316406
vn -0.520507812 0.308837891 -0.796386719
vn -0.5234375 0.292724609 -0.800292969
vn -0.582519531 0.18347168 -0.791992188
vn -0.5703125 0.206787109 -0.794921875
vn -0.627441406 0.0902099609 -0.7734375
vn 0.154663086 0.0247650146 -0.987792969
vn 0.217041016 0.0578613281 -0.974609375
vn 0.231689453 0.0656738281 -0.970703125
vn 0.133544922 0.0136184692 -0.990722656
vn 0.349365234 0.844238281 -0.406738281
vn 0.356933594 0.859375 -0.366210938
vn 0.347167969 0.839355469 -0.418457031
vn 0.359130859 0.863769531 -0.353027344
vn 0.199462891 0.937011719 -0.286132812
vn 0.217407227 0.943359375 -0.250732422
vn 0.196044922 0.936035156 -0.292724609
vn 0.220336914 0.944335938 -0.244628906
vn 0.634765625 0.583984375 -0.506347656
vn 0.6328125 0.570800781 -0.522949219
vn 0.635253906 0.588378906 -0.500488281
vn 0.632324219 0.565429688 -0.529785156
vn 0.765625 0.454101562 -0.455566406
vn 0.7578125 0.543945312 -0.360351562
vn 0.760253906 0.359375 -0.541015625
vn 0.747070312 0.593261719 -0.300292969
vn 0.963378906 -0.209960938 -0.166992188
vn 0.965332031 -0.205566406 -0.161132812
vn 0.956542969 -0.224609375 -0.186889648
vn 0.971191406 -0.191772461 -0.142333984
vn -0.875488281 -0.0266876221 -0.482421875
vn -0.873046875 -0.0185852051 -0.487304688
vn -0.884277344 -0.0587463379 -0.462890625
vn -0.86328125 0.0108947754 -0.504394531
vn -0.884765625 -0.11932373 -0.450927734
vn -0.890625 -0.188842773 -0.413818359
vn -0.891113281 -0.253662109 -0.376220703
vn 0.00267219543 0.704101562 0.709960938
vn -0.0247802734 0.76171875 0.647460938
vn 0.0899658203 0.483154297 0.87109375
vn -0.0963134766 0.884277344 0.457275391
vn -0.0047416687 0.950683594 0.309814453
vn 0.00452041626 0.947265625 0.320068359
vn -0.0140609741 0.954101562 0.299316406
vn 0.017288208 0.942382812 0.334228516
vn -0.717773438 0.69140625 -0.0823364258
vn -0.725097656 0.680175781 -0.106445312
vn -0.708007812 0.704101562 -0.0530395508
vn -0.736328125 0.661132812 -0.145751953
vn 0.69921875 0.407226562 0.587402344
vn 0.69140625 0.436279297 0.575683594
vn 0.688964844 0.444824219 0.572265625
vn 0.701660156 0.398925781 0.590332031
vn 0.593261719 0.649414062 0.475585938
vn 0.641601562 0.51953125 0.563964844
vn 0.57421875 0.6875 0.444580078
vn 0.583496094 0.693359375 0.423339844
vn 0.582519531 0.696289062 0.419189453
vn 0.5859375 0.683105469 0.435546875
vn 0.445800781 -0.417236328 0.791992188
vn 0.448242188 -0.414550781 0.791992188
vn 0.4453125 -0.417724609 0.791992188
vn 0.44921875 -0.413574219 0.791992188
vn 0.21887207 -0.513671875 0.829589844
vn 0.275634766 -0.383544922 0.881347656
vn 0.288574219 -0.350097656 0.891113281
vn 0.202270508 -0.547363281 0.812011719
vn -0.135498047 -0.109008789 0.984863281
vn -0.10168457 -0.0911254883 0.990722656
vn -0.147216797 -0.11517334 0.982421875
vn -0.0921020508 -0.0860595703 0.9921875
vn -0.109313965 -0.240356445 0.964355469
vn -0.0811767578 -0.251708984 0.964355469
vn -0.0229187012 -0.274169922 0.961425781
vn -0.161621094 -0.21862793 0.962402344
vn -0.0212249756 -0.729492188 0.684082031
vn -0.0323486328 -0.721191406 0.691894531
vn -0.0390930176 -0.716308594 0.696289062
vn -0.0144348145 -0.733886719 0.679199219
vn 0.687011719 0.513671875 0.513671875
vn 0.811523438 0.408203125 0.418457031
vn 0.62109375 0.556152344 0.551757812
vn 0.885742188 0.319580078 0.336914062
vn 0.55859375 0.678222656 0.477050781
vn 0.695800781 0.576660156 0.428710938
vn 0.473144531 0.7265625 0.498046875
vn 0.762207031 0.51171875 0.395751953
vn 0.727539062 -0.684082031 0.054473877
vn 0.731445312 -0.679199219 0.0569458008
vn 0.813964844 -0.569824219 0.113830566
vn 0.51171875 -0.856933594 -0.0635375977
vn 0.821777344 -0.56640625 -0.0618286133
vn 0.819824219 -0.569824219 -0.0574951172
vn 0.780761719 -0.624511719 0.017364502
vn 0.849609375 -0.51171875 -0.129394531
vn 0.5703125 -0.206787109 0.794921875
vn 0.576171875 -0.228149414 0.784667969
vn 0.566894531 -0.195556641 0.800292969
vn 0.580566406 -0.245239258 0.776367188
vn 0.588867188 -0.807617188 -0.0250091553
vn 0.575195312 -0.815429688 -0.0643920898
vn 0.6015625 -0.798339844 0.0137481689
vn 0.561035156 -0.821777344 -0.101989746
vn 0.502441406 -0.724121094 0.47265625
vn 0.510253906 -0.709960938 0.484863281
vn 0.49609375 -0.734863281 0.462646484
vn 0.520019531 -0.692871094 0.499755859
vn 0.426513672 -0.903320312 -0.0466918945
vn 0.414306641 -0.909179688 -0.0391540527
vn 0.401611328 -0.915039062 -0.0311889648
vn 0.440917969 -0.895996094 -0.0559082031
vn 0.479248047 -0.875976562 -0.0526428223
vn 0.469238281 -0.881835938 -0.0417175293
vn 0.482666016 -0.874023438 -0.0564575195
vn 0.46875 -0.880859375 -0.0657958984
vn 0.523925781 -0.840332031 -0.140380859
vn 0.571777344 -0.79296875 -0.210449219
vn -0.643066406 -0.4375 0.628417969
vn -0.6875 -0.328613281 0.647949219
vn -0.625 -0.475585938 0.619140625
vn -0.697265625 -0.299804688 0.651367188
vn -0.857910156 -0.386474609 0.339111328
vn -0.862304688 -0.369628906 0.346679688
vn -0.853027344 -0.403808594 0.330810547
vn -0.865234375 -0.355957031 0.352783203
vn -0.6015625 0.796386719 0.0650024414
vn -0.696777344 0.699707031 0.156860352
vn -0.7421875 0.637207031 0.206665039
vn -0.557128906 0.830078125 0.0263061523
vn 0.0497131348 -0.9609375 0.271728516
vn 0.038269043 -0.959472656 0.279052734
vn 0.0559997559 -0.961914062 0.267822266
vn 0.0322875977 -0.958496094 0.282714844
vn 0.0883178711 -0.90234375 0.421875
vn 0.0352783203 -0.879882812 0.473388672
vn 0.102294922 -0.907226562 0.407714844
vn 0.0248565674 -0.875 0.483154297
vn 0.132324219 -0.793945312 0.59375
vn 0.133056641 -0.794921875 0.592285156
vn 0.132080078 -0.793457031 0.59375
vn 0.133178711 -0.794921875 0.591796875
vn 0.745605469 -0.346923828 -0.568847656
vn 0.739257812 -0.461181641 -0.490966797
vn 0.73828125 -0.46875 -0.485107422
vn 0.745117188 -0.320556641 -0.584960938
vn 0.290283203 0.590820312 -0.752441406
vn 0.215698242 0.647460938 -0.730957031
vn 0.298095703 0.584472656 -0.754394531
vn 0.192871094 0.663574219 -0.72265625
vn 0.596191406 -0.560546875 -0.574707031
vn 0.605957031 -0.484130859 -0.631347656
vn 0.606445312 -0.475097656 -0.637695312
vn 0.594238281 -0.572265625 -0.565429688
vn 0.793945312 -0.293945312 -0.532226562
vn 0.814453125 -0.128295898 -0.565917969
vn 0.815429688 -0.0949707031 -0.570800781
vn 0.78125 -0.350585938 -0.516113281
vn 0.988769531 0.0799560547 -0.125488281
vn 0.987304688 0.103881836 -0.11932373
vn 0.985351562 0.127319336 -0.113220215
vn 0.989746094 0.0558166504 -0.131591797
vn 0.861328125 0.505371094 -0.054107666
vn 0.753417969 0.641601562 -0.144042969
vn 0.915039062 0.403808594 0.00685119629
vn 0.634277344 0.741699219 -0.21887207
vn -0.291015625 -0.10168457 0.951171875
vn -0.345947266 0.299072266 0.889160156
vn -0.281982422 -0.145141602 0.948242188
vn -0.349853516 0.3671875 0.861816406
vn -0.342773438 -0.173217773 0.923339844
vn -0.327148438 -0.194702148 0.924804688
vn -0.325195312 -0.197753906 0.924804688
vn -0.344238281 -0.170898438 0.923339844
vn -0.625976562 0.736816406 0.255859375
vn -0.468505859 0.882324219 -0.0460510254
vn -0.426513672 0.897949219 -0.109802246
vn -0.655761719 0.675292969 0.337646484
vn -0.437744141 0.8515625 0.288330078
vn -0.281005859 0.958984375 0.0381469727
vn -0.480957031 0.796386719 0.366699219
vn -0.26953125 0.962890625 0.0210418701
vn -0.363769531 0.9296875 -0.054901123
vn -0.369628906 0.928222656 -0.0466918945
vn -0.362792969 0.930175781 -0.0563354492
vn -0.370361328 0.927734375 -0.0456542969
vn 0.453613281 0.640136719 -0.619628906
vn 0.452392578 0.641113281 -0.619628906
vn 0.454101562 0.640136719 -0.619628906
vn 0.452148438 0.641601562 -0.619628906
vn 0.783691406 0.542480469 0.303222656
vn 0.767089844 0.57421875 0.286132812
vn 0.741699219 0.617675781 0.260986328
vn 0.802246094 0.501464844 0.323974609
vn 0.209350586 0.529296875 -0.822265625
vn 0.226074219 0.490722656 -0.841308594
vn 0.229003906 0.483398438 -0.844726562
vn 0.205810547 0.537109375 -0.817871094
vn -0.913574219 0.0102767944 0.406494141
vn -0.880859375 0.0949707031 0.463378906
vn -0.940429688 -0.101928711 0.324462891
vn -0.806152344 0.231323242 0.544921875
vn -0.353515625 0.864257812 0.357421875
vn -0.327148438 0.87109375 0.366210938
vn -0.425048828 0.842285156 0.331542969
vn -0.231811523 0.889160156 0.394775391
vn 0.744140625 0.66796875 -0.0100860596
vn 0.918945312 0.394042969 -0.0193328857
vn 0.605957031 0.795410156 -0.0041847229
vn 0.977050781 0.211914062 -0.0238800049
vn 0.452636719 -0.885742188 -0.100585938
vn 0.452636719 -0.885742188 -0.100585938
vn 0.452392578 -0.886230469 -0.100769043
vn 0.452880859 -0.885742188 -0.100402832
vn -0.752929688 0.115539551 0.647949219
vn -0.668945312 -0.268310547 0.692871094
vn -0.6171875 -0.388671875 0.684082031
vn -0.755371094 0.220825195 0.616699219
vn -0.600585938 -0.376708984 0.705078125
vn -0.600097656 -0.181518555 0.778808594
vn -0.600097656 -0.388183594 0.699707031
vn -0.598144531 -0.151367188 0.787109375
vn 0.767578125 -0.0317077637 0.640136719
vn 0.771972656 -0.020401001 0.635253906
vn 0.720703125 -0.134155273 0.680175781
vn 0.809082031 0.0903930664 0.580566406
vn 0.179199219 -0.950195312 -0.255126953
vn 0.287841797 -0.867675781 -0.405029297
vn 0.156860352 -0.961914062 -0.224243164
vn 0.294433594 -0.861328125 -0.4140625
vn 0.321044922 -0.875 -0.361816406
vn 0.325439453 -0.869140625 -0.372314453
vn 0.318603516 -0.878417969 -0.355957031
vn 0.760742188 0.3515625 -0.545410156
vn 0.790039062 0.274658203 -0.548339844
vn 0.750976562 0.374511719 -0.543457031
vn 0.796875 0.252929688 -0.548339844
vn -0.267089844 0.900878906 0.342529297
vn -0.286865234 0.893066406 0.346923828
vn -0.259033203 0.903808594 0.340820312
vn -0.296142578 0.889160156 0.348876953
vn 0.749023438 0.254394531 -0.611816406
vn 0.754394531 0.21496582 -0.620117188
vn 0.748535156 0.256347656 -0.611328125
vn 0.754882812 0.209960938 -0.62109375
vn -0.154052734 0.870117188 0.468505859
vn -0.0296173096 0.956542969 0.290771484
vn -0.00532913208 0.967285156 0.254394531
vn -0.161376953 0.86328125 0.478515625
vn 0.244873047 0.933105469 -0.262451172
vn 0.244140625 0.93359375 -0.262695312
vn 0.246337891 0.933105469 -0.262451172
vn 0.243164062 0.93359375 -0.262695312
vn 0.322021484 0.71875 -0.616210938
vn 0.409912109 0.684570312 -0.602539062
vn 0.250488281 0.741210938 -0.623046875
vn 0.4609375 0.661132812 -0.591796875
vn 0.686523438 0.679199219 -0.258789062
vn 0.461425781 0.851074219 -0.250244141
vn 0.790039062 0.452392578 -0.413818359
vn 0.536132812 0.829101562 -0.158325195
vn 0.161376953 0.975097656 -0.152587891
vn -0.795410156 0.577148438 0.184936523
vn -0.758789062 0.623535156 0.189331055
vn -0.817382812 0.546875 0.181762695
vn -0.7109375 0.67578125 0.193725586
vn -0.723144531 0.644042969 0.248901367
vn -0.69140625 0.684570312 0.231445312
vn -0.73046875 0.634277344 0.252929688
vn -0.806640625 -0.183227539 0.561523438
vn -0.80859375 -0.166625977 0.563964844
vn -0.804199219 -0.205932617 0.557617188
vn -0.811035156 -0.140258789 0.567871094
vn 0.604003906 -0.772460938 0.19519043
vn 0.52734375 -0.784179688 0.327148438
vn 0.642578125 -0.757324219 0.115478516
vn 0.467773438 -0.781738281 0.412841797
vn 0.920898438 -0.287109375 -0.263671875
vn 0.926269531 -0.271972656 -0.261230469
vn 0.930175781 -0.260742188 -0.259277344
vn 0.915039062 -0.302734375 -0.266357422
vn 0.260498047 0.781738281 -0.566894531
vn 0.168334961 0.829101562 -0.533203125
vn 0.287109375 0.765625 -0.575683594
vn 0.136474609 0.842773438 -0.520507812
vn 0.861816406 -0.245727539 -0.443603516
vn 0.865722656 -0.253662109 -0.431396484
vn 0.850585938 -0.224487305 -0.475830078
vn 0.877441406 -0.279785156 -0.389160156
vn 0.645019531 -0.395751953 -0.653808594
vn 0.638671875 -0.415771484 -0.647460938
vn 0.66796875 -0.311279297 -0.67578125
vn 0.673339844 -0.288818359 -0.680664062
vn 0.642578125 -0.317871094 -0.697265625
vn 0.643066406 -0.322265625 -0.694335938
vn 0.874023438 -0.325195312 -0.361083984
vn 0.866210938 -0.354248047 -0.352783203
vn 0.862792969 -0.364990234 -0.349609375
vn 0.876464844 -0.316162109 -0.363525391
vn -0.551757812 0.651855469 0.520019531
vn -0.57421875 0.618164062 0.537109375
vn -0.546875 0.659179688 0.515625
vn -0.579101562 0.609863281 0.541015625
vn -0.520507812 0.540039062 0.661621094
vn -0.526855469 0.552246094 0.646484375
vn -0.517089844 0.533691406 0.668945312
vn -0.512207031 0.523925781 0.680664062
vn -0.453125 0.601074219 0.658203125
vn -0.448486328 0.609375 0.653808594
vn -0.747070312 -0.11126709 0.655273438
vn -0.743652344 -0.151855469 0.651367188
vn -0.749023438 -0.08984375 0.656738281
vn -0.740234375 -0.17956543 0.647949219
vn 0.406005859 -0.849609375 0.336181641
vn 0.394287109 -0.848144531 0.354248047
vn 0.410888672 -0.850585938 0.328369141
vn 0.388183594 -0.846679688 0.363769531
vn 0.506347656 0.395507812 0.766113281
vn 0.502441406 0.393554688 0.770019531
vn 0.464355469 0.375976562 0.801757812
vn 0.5390625 0.410400391 0.735351562
vn 0.318847656 -0.738769531 0.59375
vn 0.419189453 -0.810058594 0.409667969
vn 0.163696289 -0.58984375 0.791015625
vn 0.522949219 -0.843261719 0.124694824
vn 0.225463867 -0.974121094 0.0118942261
vn 0.192138672 -0.98046875 0.0393981934
vn 0.387939453 -0.912597656 -0.128051758
vn 0.424316406 -0.891113281 -0.160888672
vn 0.384521484 -0.914550781 -0.125366211
vn 0.40234375 -0.8984375 -0.175537109
vn 0.379638672 -0.918457031 -0.111877441
vn -0.509277344 -0.276367188 0.814941406
vn -0.58203125 -0.151245117 0.798828125
vn -0.600585938 -0.114990234 0.791503906
vn -0.488037109 -0.309082031 0.81640625
vn 0.889648438 0.417480469 0.185791016
vn 0.889160156 0.418701172 0.185424805
vn 0.889648438 0.416992188 0.186035156
vn 0.888671875 0.419189453 0.185302734
vn 0.677734375 -0.734863281 -0.0259399414
vn 0.672851562 -0.739257812 -0.0242156982
vn 0.6796875 -0.732910156 -0.0266876221
vn 0.670410156 -0.741699219 -0.0233917236
vn -0.732421875 0.675292969 0.0870361328
vn -0.729003906 0.678710938 0.0899658203
vn -0.734375 0.673339844 0.0852661133
vn -0.727050781 0.680664062 0.0916748047
vn -0.916992188 -0.364990234 -0.162475586
vn -0.923339844 -0.351318359 -0.154541016
vn -0.913574219 -0.37109375 -0.166137695
vn -0.926757812 -0.34375 -0.150146484
vn 0.912109375 0.375 -0.164672852
vn 0.948730469 0.281982422 -0.142211914
vn 0.89453125 0.412353516 -0.173461914
vn 0.966308594 0.223510742 -0.127685547
vn 0.655761719 -0.736816406 -0.163574219
vn 0.654785156 -0.737792969 -0.162841797
vn 0.65625 -0.736328125 -0.16394043
vn 0.654296875 -0.73828125 -0.162353516
vn -0.682128906 0.684570312 0.257568359
vn -0.637207031 0.722167969 0.270019531
vn -0.698242188 0.669433594 0.252685547
vn -0.608886719 0.743652344 0.276855469
vn -0.911621094 -0.317138672 0.262207031
vn -0.919433594 -0.2734375 0.281982422
vn -0.907714844 -0.333496094 0.254638672
vn -0.921875 -0.257568359 0.2890625
vn 0.397949219 -0.802246094 0.445068359
vn 0.217529297 -0.7734375 0.595703125
vn 0.187011719 -0.764648438 0.6171875
vn 0.445800781 -0.802246094 0.397216797
vn -0.0918579102 0.953613281 -0.286621094
vn 0.0845947266 0.90234375 -0.422607422
vn -0.108764648 0.956054688 -0.272705078
vn 0.122375488 0.884765625 -0.44921875
vn -0.478515625 0.805664062 0.349609375
vn -0.467041016 0.837402344 0.284179688
vn -0.465820312 0.840332031 0.27734375
vn -0.480224609 0.798828125 0.361572266
vn 0.20703125 0.887695312 -0.411132812
vn 0.193359375 0.903320312 -0.383056641
vn 0.188354492 0.908691406 -0.372558594
vn 0.209716797 0.884765625 -0.416748047
vn -0.357910156 0.902832031 -0.239135742
vn -0.3671875 0.893066406 -0.259765625
vn -0.377441406 0.881835938 -0.282714844
vn -0.350097656 0.909667969 -0.22253418
vn 0.333007812 -0.115844727 0.936035156
vn 0.282958984 -0.14050293 0.948730469
vn 0.187866211 -0.184936523 0.96484375
vn 0.429443359 -0.0655517578 0.900878906
vn -0.977050781 0.0469665527 -0.20690918
vn -0.963378906 0.00159835815 -0.267822266
vn -0.949707031 -0.0316772461 -0.311523438
vn -0.984375 0.0861206055 -0.153198242
vn 0.986328125 0.0520935059 -0.155273438
vn 0.987304688 0.0653686523 -0.143310547
vn 0.982910156 0.0225830078 -0.181762695
vn 0.988769531 0.0925292969 -0.118469238
vn -0.468261719 0.881347656 -0.0629272461
vn -0.488525391 0.851074219 -0.192626953
vn -0.430664062 0.896484375 0.102355957
vn -0.5 0.806152344 -0.317138672
vn 0.297851562 -0.954589844 0.00156784058
vn 0.305908203 -0.952148438 0.00601577759
vn 0.294677734 -0.955566406 -0.000274896622
vn 0.310791016 -0.950195312 0.00879669189
vn -0.141845703 -0.0941772461 0.985351562
vn 0.260498047 -0.380126953 0.887695312
vn 0.37109375 -0.44921875 0.812988281
vn -0.215942383 -0.0357971191 0.975585938
vn 0.832519531 -0.533691406 0.149414062
vn 0.721679688 -0.68359375 0.109436035
vn 0.872070312 -0.4609375 0.165405273
vn 0.663574219 -0.742675781 0.0902099609
vn -0.71484375 0.62890625 -0.306152344
vn -0.789550781 0.542480469 -0.286621094
vn -0.820800781 0.5 -0.276123047
vn -0.672851562 0.669921875 -0.314453125
vn -0.634277344 0.0278778076 -0.772949219
vn -0.634277344 0.0278778076 -0.772949219
vn -0.634277344 0.0278778076 -0.772949219
vn -0.659667969 -0.0836791992 -0.747070312
vn -0.659667969 -0.083984375 -0.746582031
vn -0.659667969 -0.0824584961 -0.747070312
vn -0.659667969 -0.0821533203 -0.747070312
vn 0.419433594 -0.303955078 0.85546875
vn 0.419433594 -0.303955078 0.85546875
vn 0.419433594 -0.303955078 0.85546875
vn 0.441162109 -0.283691406 0.8515625
vn 0.441650391 -0.280029297 0.852539062
vn -0.287841797 -0.953125 -0.0918579102
vn -0.261230469 -0.963378906 -0.0624084473
vn -0.28515625 -0.954589844 -0.088684082
vn -0.318847656 -0.939453125 -0.126342773
vn 0.833007812 -0.553222656 -0.0153656006
vn 0.885253906 -0.439941406 -0.149902344
vn 0.583496094 -0.748046875 0.315429688
vn 0.4609375 -0.78125 0.421142578
vn 0.121704102 0.802246094 0.584472656
vn 0.494628906 0.387695312 0.777832031
vn 0.33203125 0.611816406 0.717773438
vn -0.0522155762 0.896972656 0.439453125
vn -0.295654297 0.816894531 0.494873047
vn -0.437744141 0.803710938 0.402587891
vn -0.33984375 0.815429688 0.468261719
vn -0.216430664 0.814453125 0.538085938
vn -0.877441406 -0.0122375488 0.479980469
vn -0.873046875 -0.00709533691 0.487304688
vn -0.877441406 -0.0124130249 0.479736328
vn -0.880859375 -0.017074585 0.472900391
vn -0.768554688 0.463867188 0.440185547
vn -0.427490234 0.708984375 0.560546875
vn -0.491699219 0.676757812 0.547851562
vn -0.833496094 0.385742188 0.395263672
vn 0.864746094 -0.354980469 -0.354980469
vn 0.860351562 -0.370605469 -0.350585938
vn 0.861328125 -0.366699219 -0.3515625
vn 0.866699219 -0.349365234 -0.356445312
vn -0.634765625 -0.728027344 0.258300781
vn -0.344726562 -0.937988281 0.0381164551
vn -0.416503906 -0.904785156 0.0891723633
vn -0.686523438 -0.661132812 0.302978516
vn 0.761230469 0.6484375 0.00262451172
vn 0.83984375 0.542480469 -0.0144577026
vn 0.828613281 0.559570312 -0.0118484497
vn 0.745117188 0.666503906 0.0057144165
vn -0.58203125 -0.0971679688 0.807128906
vn -0.597167969 -0.0562744141 0.799804688
vn -0.580078125 -0.102294922 0.808105469
vn -0.563964844 -0.141845703 0.813476562
vn -0.91796875 0.0387573242 0.394775391
vn -0.907714844 -0.057800293 0.416015625
vn -0.919433594 0.12890625 0.371337891
vn -0.910644531 0.23840332 0.338134766
vn -0.574707031 -0.810546875 0.111938477
vn -0.641113281 -0.752929688 0.148193359
vn -0.359130859 -0.933105469 0.00415039062
vn -0.270019531 -0.961914062 -0.0369873047
vn 0.8125 -0.452392578 -0.367675781
vn 0.790039062 -0.431640625 -0.435302734
vn 0.834960938 -0.475341797 -0.27734375
vn 0.838378906 -0.479492188 -0.258300781
vn 0.265869141 0.899414062 0.347167969
vn 0.388671875 0.731933594 0.560058594
vn 0.246948242 0.916503906 0.315185547
vn 0.0977783203 0.992675781 0.0684204102
vn -0.403808594 0.0867919922 0.910644531
vn -0.457275391 0.121582031 0.880859375
vn -0.422607422 0.098815918 0.900878906
vn -0.37890625 0.0708007812 0.922851562
vn 0.829589844 -0.352539062 0.432617188
vn 0.814453125 -0.462402344 0.350341797
vn 0.827148438 -0.383544922 0.410644531
vn 0.829589844 -0.23815918 0.505371094
vn 0.298339844 0.740722656 0.6015625
vn 0.232666016 0.708496094 0.666015625
vn 0.354736328 0.763671875 0.5390625
vn 0.404052734 0.779785156 0.478271484
vn 0.872070312 0.484375 0.0720214844
vn 0.802246094 0.551269531 0.229614258
vn 0.843261719 0.517089844 0.145019531
vn 0.880859375 0.471435547 0.0452575684
vn 0.798339844 0.536621094 0.272705078
vn 0.834960938 0.509765625 0.208129883
vn 0.757324219 0.560546875 0.334960938
vn 0.870117188 -0.31640625 0.377441406
vn 0.862792969 -0.318603516 0.392089844
vn 0.881347656 -0.312988281 0.354248047
vn 0.886230469 -0.311035156 0.343017578
vn 0.901367188 0.143676758 0.408447266
vn 0.856933594 0.197387695 0.4765625
vn 0.880371094 0.170288086 0.442382812
vn 0.920898438 0.116027832 0.372314453
vn 0.861816406 0.130371094 0.490478516
vn 0.889160156 0.186157227 0.417480469
vn 0.899902344 0.212524414 0.380859375
vn 0.870605469 0.355957031 0.339599609
vn 0.87109375 0.299560547 0.388916016
vn 0.870117188 0.363769531 0.332275391
vn 0.865722656 0.407958984 0.290771484
vn 0.458984375 0.847167969 0.268554688
vn 0.451171875 0.854003906 0.258544922
vn 0.456787109 0.849121094 0.265625
vn 0.465332031 0.840820312 0.276611328
vn 0.387207031 0.899902344 0.201049805
vn 0.395751953 0.891113281 0.221313477
vn 0.360839844 0.921875 0.140869141
vn -0.0837402344 0.438476562 0.895019531
vn -0.0524291992 0.456542969 0.888183594
vn -0.0634765625 0.450439453 0.890625
vn -0.0939331055 0.432373047 0.896972656
vn 0.257568359 0.179077148 0.949707031
vn 0.0575256348 -0.0704956055 0.99609375
vn 0.105407715 -0.0120849609 0.994140625
vn 0.298339844 0.232177734 0.92578125
vn 0.434082031 -0.260009766 0.862304688
vn 0.396240234 -0.302246094 0.8671875
vn 0.447753906 -0.244018555 0.860351562
vn 0.380371094 -0.319335938 0.868164062
vn 0.340820312 -0.310302734 0.887695312
vn 0.325439453 -0.357177734 0.875488281
vn 0.322265625 -0.365966797 0.873046875
vn 0.0811157227 -0.332519531 0.939453125
vn -0.0586242676 -0.421875 0.904785156
vn 0.0216674805 -0.371826172 0.928222656
vn 0.14074707 -0.291015625 0.946289062
vn -0.895996094 0.379882812 0.23046875
vn -0.895507812 0.381103516 0.229858398
vn -0.895996094 0.380126953 0.23034668
vn -0.895996094 0.37890625 0.230957031
vn -0.41796875 0.716308594 -0.559082031
vn -0.521484375 0.61328125 -0.593261719
vn -0.270019531 0.825195312 -0.495849609
vn -0.151489258 0.887207031 -0.435791016
vn -0.536621094 -0.818359375 -0.204956055
vn -0.487060547 -0.804199219 -0.340087891
vn -0.562988281 -0.818359375 -0.114868164
vn -0.583496094 -0.812011719 -0.0285339355
vn 0.262207031 0.872070312 0.413574219
vn 0.259277344 0.868652344 0.422607422
vn 0.260498047 0.870117188 0.418701172
vn 0.264160156 0.873535156 0.408447266
vn 0.497314453 0.835449219 0.234375
vn 0.516601562 0.818359375 0.251464844
vn 0.462646484 0.862792969 0.204101562
vn 0.443847656 0.876464844 0.187866211
vn 0.410888672 0.897460938 0.159301758
vn 0.404052734 0.902832031 0.145996094
vn 0.6953125 0.702148438 0.153930664
vn 0.685546875 0.708496094 0.168212891
vn 0.691894531 0.704589844 0.159057617
vn 0.700683594 0.698242188 0.145874023
vn 0.674316406 0.631835938 -0.3828125
vn 0.672851562 0.646972656 -0.359619141
vn 0.673339844 0.641113281 -0.368652344
vn 0.674804688 0.626464844 -0.390625
vn 0.551757812 0.770996094 -0.318603516
vn 0.5546875 0.813476562 -0.174438477
vn 0.548339844 0.754394531 -0.360839844
vn 0.554199219 0.819335938 -0.146606445
vn 0.537109375 0.822753906 -0.186157227
vn 0.510253906 0.84375 -0.164916992
vn 0.492675781 0.856933594 -0.150756836
vn 0.150146484 0.94140625 -0.301757812
vn 0.153808594 0.941894531 -0.299316406
vn 0.140258789 0.940917969 -0.308105469
vn 0.13671875 0.940917969 -0.310302734
vn 0.272460938 0.894042969 -0.355224609
vn 0.263916016 0.891601562 -0.367675781
vn 0.30859375 0.90234375 -0.300537109
vn 0.318847656 0.904296875 -0.284423828
vn -0.217407227 -0.137817383 -0.966308594
vn -0.208740234 -0.130737305 -0.969238281
vn -0.20324707 -0.126220703 -0.971191406
vn -0.222167969 -0.141723633 -0.96484375
vn -0.228881836 -0.240966797 -0.943359375
vn -0.23059082 -0.234741211 -0.944335938
vn -0.196899414 -0.345703125 -0.917480469
vn -0.264404297 -0.207885742 -0.941894531
vn -0.298339844 -0.295654297 -0.907714844
vn -0.293212891 -0.281982422 -0.913574219
vn -0.257080078 -0.189697266 -0.947753906
vn -0.240478516 -0.177856445 -0.954101562
vn -0.237670898 -0.171142578 -0.956054688
vn -0.192260742 -0.130126953 -0.97265625
vn -0.179443359 -0.107055664 -0.978027344
vn -0.458740234 -0.875488281 -0.153198242
vn -0.518066406 -0.848144531 -0.111694336
vn -0.481201172 -0.865722656 -0.137817383
vn -0.422119141 -0.889160156 -0.177368164
vn -0.471923828 -0.860351562 -0.193115234
vn -0.474365234 -0.859375 -0.190185547
vn -0.463134766 -0.862792969 -0.20300293
vn -0.321777344 -0.076171875 -0.943847656
vn -0.339599609 -0.228637695 -0.912109375
vn -0.337158203 -0.201660156 -0.919433594
vn -0.317626953 -0.0485839844 -0.946777344
vn 0.791015625 0.520019531 -0.321777344
vn 0.789550781 0.487060547 -0.373046875
vn 0.790527344 0.499267578 -0.354736328
vn 0.791015625 0.533691406 -0.299072266
vn -0.896972656 -0.377197266 -0.231079102
vn -0.901367188 -0.370605469 -0.223510742
vn -0.827148438 -0.457275391 -0.326904297
vn -0.950195312 -0.284912109 -0.125976562
vn -0.945800781 -0.280761719 -0.161865234
vn -0.942382812 -0.286132812 -0.173828125
vn -0.955078125 -0.266601562 -0.129760742
vn -0.184448242 -0.221801758 -0.957519531
vn -0.0953369141 -0.234375 -0.967285156
vn -0.248291016 -0.211547852 -0.9453125
vn -0.313964844 -0.199829102 -0.928222656
vn -0.833496094 -0.487548828 -0.260009766
vn -0.805664062 -0.555664062 -0.203857422
vn -0.840332031 -0.465820312 -0.276855469
vn -0.85546875 -0.407226562 -0.319335938
vn 0.871582031 0.374755859 -0.315917969
vn 0.854492188 0.387939453 -0.345214844
vn 0.88671875 0.361816406 -0.287841797
vn 0.901367188 0.347900391 -0.258300781
vn 0.952148438 0.222412109 -0.210205078
vn 0.943359375 0.177490234 -0.280029297
vn 0.948242188 0.198364258 -0.248046875
vn 0.953613281 0.239135742 -0.183227539
vn 0.743652344 -0.598632812 -0.298828125
vn 0.890136719 -0.447509766 -0.0870361328
vn 0.844238281 -0.509277344 -0.167724609
vn 0.647949219 -0.652832031 -0.392333984
vn -0.303222656 -0.147094727 -0.94140625
vn -0.342041016 -0.1484375 -0.927734375
vn -0.320556641 -0.147705078 -0.935546875
vn -0.28125 -0.146362305 -0.948242188
vn -0.286132812 -0.0721435547 -0.955566406
vn -0.322021484 -0.043548584 -0.945800781
vn -0.250976562 -0.083190918 -0.964355469
vn -0.204467773 -0.0825195312 -0.975585938
vn -0.298339844 -0.106994629 -0.948242188
vn -0.334960938 -0.138916016 -0.932128906
vn 0.635253906 -0.757324219 0.150268555
vn 0.635742188 -0.757324219 0.150024414
vn 0.635253906 -0.757324219 0.150878906
vn 0.635253906 -0.757324219 0.151123047
vn 0.521972656 -0.852539062 0.024307251
vn 0.537109375 -0.84375 0.00299072266
vn 0.437011719 -0.889160156 0.135498047
vn 0.40625 -0.897460938 0.172363281
vn 0.362060547 -0.913085938 0.188354492
vn 0.389892578 -0.90625 0.162719727
vn 0.221801758 -0.925292969 0.307128906
vn 0.171386719 -0.922363281 0.345947266
vn -0.444580078 -0.885253906 -0.137329102
vn -0.433105469 -0.890136719 -0.140869141
vn -0.462646484 -0.876464844 -0.131591797
vn -0.471435547 -0.872558594 -0.12890625
vn 0.238891602 -0.932128906 -0.272460938
vn 0.259277344 -0.918457031 -0.299072266
vn 0.251220703 -0.923828125 -0.288574219
vn 0.232910156 -0.936035156 -0.264648438
vn -0.0422058105 -0.903808594 -0.42578125
vn -0.0492858887 -0.912597656 -0.405517578
vn -0.0481262207 -0.911132812 -0.408935547
vn -0.0405578613 -0.901855469 -0.430419922
vn 0.0621337891 -0.812988281 -0.579101562
vn -0.0102310181 -0.870605469 -0.491699219
vn 0.101501465 -0.775390625 -0.623046875
vn 0.582519531 -0.804199219 -0.118408203
vn 0.599609375 -0.783203125 -0.164916992
vn 0.580566406 -0.806152344 -0.114135742
vn 0.601074219 -0.78125 -0.168823242
vn 0.56640625 -0.813476562 -0.132202148
vn 0.56640625 -0.814453125 -0.127563477
vn 0.610351562 -0.774414062 -0.166870117
vn 0.610839844 -0.780761719 -0.131958008
vn 0.59765625 -0.732910156 -0.324462891
vn 0.592285156 -0.719726562 -0.361816406
vn 0.143920898 0.283935547 -0.948242188
vn 0.136474609 0.308105469 -0.94140625
vn 0.162353516 0.220825195 -0.961914062
vn 0.166748047 0.205322266 -0.964355469
vn 0.520996094 0.305175781 -0.796875
vn 0.520507812 0.308837891 -0.796386719
vn 0.522949219 0.295166016 -0.799316406
vn 0.5234375 0.292724609 -0.800292969
vn 0.582519531 0.18347168 -0.791992188
vn 0.5703125 0.206787109 -0.794921875
vn 0.627441406 0.0902099609 -0.7734375
vn -0.154663086 0.0247650146 -0.987792969
vn -0.231689453 0.0656738281 -0.970703125
vn -0.217041016 0.0578613281 -0.974609375
vn -0.133544922 0.0136184692 -0.990722656
vn -0.349365234 0.844238281 -0.406738281
vn -0.347167969 0.839355469 -0.418457031
vn -0.356933594 0.859375 -0.366210938
vn -0.359130859 0.863769531 -0.353027344
vn -0.199462891 0.937011719 -0.286132812
vn -0.196044922 0.936035156 -0.292724609
vn -0.217407227 0.943359375 -0.250732422
vn -0.220336914 0.944335938 -0.244628906
vn -0.634765625 0.583984375 -0.506347656
vn -0.635253906 0.588378906 -0.500488281
vn -0.6328125 0.570800781 -0.522949219
vn -0.632324219 0.565429688 -0.529785156
vn -0.765625 0.454101562 -0.455566406
vn -0.760253906 0.359375 -0.541015625
vn -0.7578125 0.543945312 -0.360351562
vn -0.747070312 0.593261719 -0.300292969
vn -0.963378906 -0.209960938 -0.166992188
vn -0.956542969 -0.224609375 -0.186889648
vn -0.965332031 -0.205566406 -0.161132812
vn -0.971191406 -0.191772461 -0.142333984
vn 0.875488281 -0.0266876221 -0.482421875
vn 0.884277344 -0.0587463379 -0.462890625
vn 0.873046875 -0.0185852051 -0.487304688
vn 0.86328125 0.0108947754 -0.504394531
vn 0.884765625 -0.11932373 -0.450927734
vn 0.890625 -0.188842773 -0.413818359
vn 0.891113281 -0.253662109 -0.376220703
vn -0.00267219543 0.704101562 0.709960938
vn -0.0899658203 0.483154297 0.87109375
vn 0.0247802734 0.76171875 0.647460938
vn 0.0963134766 0.884277344 0.457275391
vn 0.0047416687 0.950683594 0.309814453
vn 0.0140609741 0.954101562 0.299316406
vn -0.00452041626 0.947265625 0.320068359
vn -0.017288208 0.942382812 0.334228516
vn 0.717773438 0.69140625 -0.0823364258
vn 0.708007812 0.704101562 -0.0530395508
vn 0.725097656 0.680175781 -0.106445312
vn 0.736328125 0.661132812 -0.145751953
vn -0.69921875 0.407226562 0.587402344
vn -0.688964844 0.444824219 0.572265625
vn -0.69140625 0.436279297 0.575683594
vn -0.701660156 0.398925781 0.590332031
vn -0.593261719 0.649414062 0.475585938
vn -0.641601562 0.51953125 0.563964844
vn -0.57421875 0.6875 0.444580078
vn -0.582519531 0.696289062 0.419189453
vn -0.583496094 0.693359375 0.423339844
vn -0.5859375 0.683105469 0.435546875
vn -0.445800781 -0.417236328 0.791992188
vn -0.4453125 -0.417724609 0.791992188
vn -0.448242188 -0.414550781 0.791992188
vn -0.44921875 -0.413574219 0.791992188
vn -0.21887207 -0.513671875 0.829589844
vn -0.288574219 -0.350097656 0.891113281
vn -0.275634766 -0.383544922 0.881347656
vn -0.202270508 -0.547363281 0.812011719
vn 0.135498047 -0.109008789 0.984863281
vn 0.147216797 -0.11517334 0.982421875
vn 0.10168457 -0.0911254883 0.990722656
vn 0.0921020508 -0.0860595703 0.9921875
vn 0.109313965 -0.240356445 0.964355469
vn 0.0229187012 -0.274169922 0.961425781
vn 0.0811767578 -0.251708984 0.964355469
vn 0.161621094 -0.21862793 0.962402344
vn 0.0212249756 -0.729492188 0.684082031
vn 0.0390930176 -0.716308594 0.696289062
vn 0.0323486328 -0.721191406 0.691894531
vn 0.0144348145 -0.733886719 0.679199219
vn -0.687011719 0.513671875 0.513671875
vn -0.62109375 0.556152344 0.551757812
vn -0.811523438 0.408203125 0.418457031
vn -0.885742188 0.319580078 0.336914062
vn -0.55859375 0.678222656 0.477050781
vn -0.473144531 0.7265625 0.498046875
vn -0.695800781 0.576660156 0.428710938
vn -0.762207031 0.51171875 0.395751953
vn -0.727539062 -0.684082031 0.054473877
vn -0.813964844 -0.569824219 0.113830566
vn -0.731445312 -0.679199219 0.0569458008
vn -0.51171875 -0.856933594 -0.0635375977
vn -0.821777344 -0.56640625 -0.0618286133
vn -0.780761719 -0.624511719 0.017364502
vn -0.819824219 -0.569824219 -0.0574951172
vn -0.849609375 -0.51171875 -0.129394531
vn -0.5703125 -0.206787109 0.794921875
vn -0.566894531 -0.195556641 0.800292969
vn -0.576171875 -0.228149414 0.784667969
vn -0.580566406 -0.245239258 0.776367188
vn -0.588867188 -0.807617188 -0.0250091553
vn -0.6015625 -0.798339844 0.0137481689
vn -0.575195312 -0.815429688 -0.0643920898
vn -0.561035156 -0.821777344 -0.101989746
vn -0.502441406 -0.724121094 0.47265625
vn -0.49609375 -0.734863281 0.462646484
vn -0.510253906 -0.709960938 0.484863281
vn -0.520019531 -0.692871094 0.499755859
vn -0.426513672 -0.903320312 -0.0466918945
vn -0.401611328 -0.915039062 -0.0311889648
vn -0.414306641 -0.909179688 -0.0391540527
vn -0.440917969 -0.895996094 -0.0559082031
vn -0.46875 -0.880859375 -0.0657958984
vn -0.523925781 -0.840332031 -0.140380859
vn -0.571777344 -0.79296875 -0.210449219
vn -0.479248047 -0.875976562 -0.0526428223
vn -0.469238281 -0.881835938 -0.0417175293
vn -0.482666016 -0.874023438 -0.0564575195
vn 0.643066406 -0.4375 0.628417969
vn 0.625 -0.475585938 0.619140625
vn 0.6875 -0.328613281 0.647949219
vn 0.697265625 -0.299804688 0.651367188
vn 0.857910156 -0.386474609 0.339111328
vn 0.853027344 -0.403808594 0.330810547
vn 0.862304688 -0.369628906 0.346679688
vn 0.865234375 -0.355957031 0.352783203
vn 0.6015625 0.796386719 0.0650024414
vn 0.7421875 0.637207031 0.206665039
vn 0.696777344 0.699707031 0.156860352
vn 0.557128906 0.830078125 0.0263061523
vn -0.0497131348 -0.9609375 0.271728516
vn -0.0559997559 -0.961914062 0.267822266
vn -0.038269043 -0.959472656 0.279052734
vn -0.0322875977 -0.958496094 0.282714844
vn -0.0883178711 -0.90234375 0.421875
vn -0.102294922 -0.907226562 0.407714844
vn -0.0352783203 -0.879882812 0.473388672
vn -0.0248565674 -0.875 0.483154297
vn -0.132324219 -0.793945312 0.59375
vn -0.132080078 -0.793457031 0.59375
vn -0.133056641 -0.794921875 0.592285156
vn -0.133178711 -0.794921875 0.591796875
vn -0.745605469 -0.346923828 -0.568847656
vn -0.73828125 -0.46875 -0.485107422
vn -0.739257812 -0.461181641 -0.490966797
vn -0.745117188 -0.320556641 -0.584960938
vn -0.290283203 0.590820312 -0.752441406
vn -0.298095703 0.584472656 -0.754394531
vn -0.215698242 0.647460938 -0.730957031
vn -0.192871094 0.663574219 -0.72265625
vn -0.596191406 -0.560546875 -0.574707031
vn -0.606445312 -0.475097656 -0.637695312
vn -0.605957031 -0.484130859 -0.631347656
vn -0.594238281 -0.572265625 -0.565429688
vn -0.793945312 -0.293945312 -0.532226562
vn -0.815429688 -0.0949707031 -0.570800781
vn -0.814453125 -0.128295898 -0.565917969
vn -0.78125 -0.350585938 -0.516113281
vn -0.988769531 0.0799560547 -0.125488281
vn -0.985351562 0.127319336 -0.113220215
vn -0.987304688 0.103881836 -0.11932373
vn -0.989746094 0.0558166504 -0.131591797
vn -0.861328125 0.505371094 -0.054107666
vn -0.915039062 0.403808594 0.00685119629
vn -0.753417969 0.641601562 -0.144042969
vn -0.634277344 0.741699219 -0.21887207
vn 0.291015625 -0.10168457 0.951171875
vn 0.281982422 -0.145141602 0.948242188
vn 0.345947266 0.299072266 0.889160156
vn 0.349853516 0.3671875 0.861816406
vn 0.342773438 -0.173217773 0.923339844
vn 0.325195312 -0.197753906 0.924804688
vn 0.327148438 -0.194702148 0.924804688
vn 0.344238281 -0.170898438 0.923339844
vn 0.625976562 0.736816406 0.255859375
vn 0.426513672 0.897949219 -0.109802246
vn 0.468505859 0.882324219 -0.0460510254
vn 0.655761719 0.675292969 0.337646484
vn 0.437744141 0.8515625 0.288330078
vn 0.480957031 0.796386719 0.366699219
vn 0.281005859 0.958984375 0.0381469727
vn 0.26953125 0.962890625 0.0210418701
vn 0.363769531 0.9296875 -0.054901123
vn 0.362792969 0.930175781 -0.0563354492
vn 0.369628906 0.928222656 -0.0466918945
vn 0.370361328 0.927734375 -0.0456542969
vn -0.453613281 0.640136719 -0.619628906
vn -0.454101562 0.640136719 -0.619628906
vn -0.452392578 0.641113281 -0.619628906
vn -0.452148438 0.641601562 -0.619628906
vn -0.783691406 0.542480469 0.303222656
vn -0.741699219 0.617675781 0.260986328
vn -0.767089844 0.57421875 0.286132812
vn -0.802246094 0.501464844 0.323974609
vn -0.209350586 0.529296875 -0.822265625
vn -0.229003906 0.483398438 -0.844726562
vn -0.226074219 0.490722656 -0.841308594
vn -0.205810547 0.537109375 -0.817871094
vn 0.913574219 0.0102767944 0.406494141
vn 0.940429688 -0.101928711 0.324462891
vn 0.880859375 0.0949707031 0.463378906
vn 0.806152344 0.231323242 0.544921875
vn 0.353515625 0.864257812 0.357421875
vn 0.425048828 0.842285156 0.331542969
vn 0.327148438 0.87109375 0.366210938
vn 0.231811523 0.889160156 0.394775391
vn -0.744140625 0.66796875 -0.0100860596
vn -0.605957031 0.795410156 -0.0041847229
vn -0.918945312 0.394042969 -0.0193328857
vn -0.977050781 0.211914062 -0.0238800049
vn -0.452636719 -0.885742188 -0.100585938
vn -0.452392578 -0.886230469 -0.100769043
vn -0.452636719 -0.885742188 -0.100585938
vn -0.452880859 -0.885742188 -0.100402832
vn 0.752929688 0.115539551 0.647949219
vn 0.6171875 -0.388671875 0.684082031
vn 0.668945312 -0.268310547 0.692871094
vn 0.755371094 0.220825195 0.616699219
vn 0.600585938 -0.376708984 0.705078125
vn 0.600097656 -0.388183594 0.699707031
vn 0.600097656 -0.181518555 0.778808594
vn 0.598144531 -0.151367188 0.787109375
vn -0.767578125 -0.0317077637 0.640136719
vn -0.720703125 -0.134155273 0.680175781
vn -0.771972656 -0.020401001 0.635253906
vn -0.809082031 0.0903930664 0.580566406
vn -0.179199219 -0.950195312 -0.255126953
vn -0.156860352 -0.961914062 -0.224243164
vn -0.287841797 -0.867675781 -0.405029297
vn -0.294433594 -0.861328125 -0.4140625
vn -0.321044922 -0.875 -0.361816406
vn -0.325439453 -0.869140625 -0.372314453
vn -0.318603516 -0.878417969 -0.355957031
vn -0.760742188 0.3515625 -0.545410156
vn -0.750976562 0.374511719 -0.543457031
vn -0.790039062 0.274658203 -0.548339844
vn -0.796875 0.252929688 -0.548339844
vn 0.267089844 0.900878906 0.342529297
vn 0.259033203 0.903808594 0.340820312
vn 0.286865234 0.893066406 0.346923828
vn 0.296142578 0.889160156 0.348876953
vn -0.749023438 0.254394531 -0.611816406
vn -0.748535156 0.256347656 -0.611328125
vn -0.754394531 0.21496582 -0.620117188
vn -0.754882812 0.209960938 -0.62109375
vn 0.154052734 0.870117188 0.468505859
vn 0.00532913208 0.967285156 0.254394531
vn 0.0296173096 0.956542969 0.290771484
vn 0.161376953 0.86328125 0.478515625
vn -0.244873047 0.933105469 -0.262451172
vn -0.246337891 0.933105469 -0.262451172
vn -0.244140625 0.93359375 -0.262695312
vn -0.243164062 0.93359375 -0.262695312
vn -0.322021484 0.71875 -0.616210938
vn -0.250488281 0.741210938 -0.623046875
vn -0.409912109 0.684570312 -0.602539062
vn -0.4609375 0.661132812 -0.591796875
vn -0.686523438 0.679199219 -0.258789062
vn -0.790039062 0.452392578 -0.413818359
vn -0.461425781 0.851074219 -0.250244141
vn -0.536132812 0.829101562 -0.158325195
vn -0.161376953 0.975097656 -0.152587891
vn 0.795410156 0.577148438 0.184936523
vn 0.817382812 0.546875 0.181762695
vn 0.758789062 0.623535156 0.189331055
vn 0.7109375 0.67578125 0.193725586
vn 0.69140625 0.684570312 0.231445312
vn 0.723144531 0.644042969 0.248901367
vn 0.73046875 0.634277344 0.252929688
vn 0.806640625 -0.183227539 0.561523438
vn 0.804199219 -0.205932617 0.557617188
vn 0.80859375 -0.166625977 0.563964844
vn 0.811035156 -0.140258789 0.567871094
vn -0.604003906 -0.772460938 0.19519043
vn -0.642578125 -0.757324219 0.115478516
vn -0.52734375 -0.784179688 0.327148438
vn -0.467773438 -0.781738281 0.412841797
vn -0.920898438 -0.287109375 -0.263671875
vn -0.930175781 -0.260742188 -0.259277344
vn -0.926269531 -0.271972656 -0.261230469
vn -0.915039062 -0.302734375 -0.266357422
vn -0.260498047 0.781738281 -0.566894531
vn -0.287109375 0.765625 -0.575683594
vn -0.168334961 0.829101562 -0.533203125
vn -0.136474609 0.842773438 -0.520507812
vn -0.861816406 -0.245727539 -0.443603516
vn -0.850585938 -0.224487305 -0.475830078
vn -0.865722656 -0.253662109 -0.431396484
vn -0.877441406 -0.279785156 -0.389160156
vn -0.645019531 -0.395751953 -0.653808594
vn -0.66796875 -0.311279297 -0.67578125
vn -0.638671875 -0.415771484 -0.647460938
vn -0.673339844 -0.288818359 -0.680664062
vn -0.642578125 -0.317871094 -0.697265625
vn -0.643066406 -0.322265625 -0.694335938
vn -0.874023438 -0.325195312 -0.361083984
vn -0.862792969 -0.364990234 -0.349609375
vn -0.866210938 -0.354248047 -0.352783203
vn -0.876464844 -0.316162109 -0.363525391
vn 0.551757812 0.651855469 0.520019531
vn 0.546875 0.659179688 0.515625
vn 0.57421875 0.618164062 0.537109375
vn 0.579101562 0.609863281 0.541015625
vn 0.520507812 0.540039062 0.661621094
vn 0.517089844 0.533691406 0.668945312
vn 0.526855469 0.552246094 0.646484375
vn 0.512207031 0.523925781 0.680664062
vn 0.453125 0.601074219 0.658203125
vn 0.448486328 0.609375 0.653808594
vn 0.747070312 -0.11126709 0.655273438
vn 0.749023438 -0.08984375 0.656738281
vn 0.743652344 -0.151855469 0.651367188
vn 0.740234375 -0.17956543 0.647949219
vn -0.406005859 -0.849609375 0.336181641
vn -0.410888672 -0.850585938 0.328369141
vn -0.394287109 -0.848144531 0.354248047
vn -0.388183594 -0.846679688 0.363769531
vn -0.506347656 0.395507812 0.766113281
vn -0.464355469 0.375976562 0.801757812
vn -0.502441406 0.393554688 0.770019531
vn -0.5390625 0.410400391 0.735351562
vn -0.318847656 -0.738769531 0.59375
vn -0.163696289 -0.58984375 0.791015625
vn -0.419189453 -0.810058594 0.409667969
vn -0.522949219 -0.843261719 0.124694824
vn -0.225463867 -0.974121094 0.0118942261
vn -0.387939453 -0.912597656 -0.128051758
vn -0.192138672 -0.98046875 0.0393981934
vn -0.424316406 -0.891113281 -0.160888672
vn -0.384521484 -0.914550781 -0.125366211
vn -0.40234375 -0.8984375 -0.175537109
vn -0.379638672 -0.918457031 -0.111877441
vn 0.509277344 -0.276367188 0.814941406
vn 0.600585938 -0.114990234 0.791503906
vn 0.58203125 -0.151245117 0.798828125
vn 0.488037109 -0.309082031 0.81640625
vn -0.889648438 0.417480469 0.185791016
vn -0.889648438 0.416992188 0.186035156
vn -0.889160156 0.418701172 0.185424805
vn -0.888671875 0.419189453 0.185302734
vn -0.677734375 -0.734863281 -0.0259399414
vn -0.6796875 -0.732910156 -0.0266876221
vn -0.672851562 -0.739257812 -0.0242156982
vn -0.670410156 -0.741699219 -0.0233917236
vn 0.732421875 0.675292969 0.0870361328
vn 0.734375 0.673339844 0.0852661133
vn 0.729003906 0.678710938 0.0899658203
vn 0.727050781 0.680664062 0.0916748047
vn 0.916992188 -0.364990234 -0.162475586
vn 0.913574219 -0.37109375 -0.166137695
vn 0.923339844 -0.351318359 -0.154541016
vn 0.926757812 -0.34375 -0.150146484
vn -0.912109375 0.375 -0.164672852
vn -0.89453125 0.412353516 -0.173461914
vn -0.948730469 0.281982422 -0.142211914
vn -0.966308594 0.223510742 -0.127685547
vn -0.655761719 -0.736816406 -0.163574219
vn -0.65625 -0.736328125 -0.16394043
vn -0.654785156 -0.737792969 -0.162841797
vn -0.654296875 -0.73828125 -0.162353516
vn 0.682128906 0.684570312 0.257568359
vn 0.698242188 0.669433594 0.252685547
vn 0.637207031 0.722167969 0.270019531
vn 0.608886719 0.743652344 0.276855469
vn 0.911621094 -0.317138672 0.262207031
vn 0.907714844 -0.333496094 0.254638672
vn 0.919433594 -0.2734375 0.281982422
vn 0.921875 -0.257568359 0.2890625
vn -0.397949219 -0.802246094 0.445068359
vn -0.187011719 -0.764648438 0.6171875
vn -0.217529297 -0.7734375 0.595703125
vn -0.445800781 -0.802246094 0.397216797
vn 0.0918579102 0.953613281 -0.286621094
vn 0.108764648 0.956054688 -0.272705078
vn -0.0845947266 0.90234375 -0.422607422
vn -0.122375488 0.884765625 -0.44921875
vn 0.478515625 0.805664062 0.349609375
vn 0.465820312 0.840332031 0.27734375
vn 0.467041016 0.837402344 0.284179688
vn 0.480224609 0.798828125 0.361572266
vn -0.20703125 0.887695312 -0.411132812
vn -0.188354492 0.908691406 -0.372558594
vn -0.193359375 0.903320312 -0.383056641
vn -0.209716797 0.884765625 -0.416748047
vn 0.357910156 0.902832031 -0.239135742
vn 0.377441406 0.881835938 -0.282714844
vn 0.3671875 0.893066406 -0.259765625
vn 0.350097656 0.909667969 -0.22253418
vn -0.333007812 -0.115844727 0.936035156
vn -0.187866211 -0.184936523 0.96484375
vn -0.282958984 -0.14050293 0.948730469
vn -0.429443359 -0.0655517578 0.900878906
vn 0.977050781 0.0469665527 -0.20690918
vn 0.949707031 -0.0316772461 -0.311523438
vn 0.963378906 0.00159835815 -0.267822266
vn 0.984375 0.0861206055 -0.153198242
vn -0.986328125 0.0520935059 -0.155273438
vn -0.982910156 0.0225830078 -0.181762695
vn -0.987304688 0.0653686523 -0.143310547
vn -0.988769531 0.0925292969 -0.118469238
vn 0.468261719 0.881347656 -0.0629272461
vn 0.430664062 0.896484375 0.102355957
vn 0.488525391 0.851074219 -0.192626953
vn 0.5 0.806152344 -0.317138672
vn -0.297851562 -0.954589844 0.00156784058
vn -0.294677734 -0.955566406 -0.000274896622
vn -0.305908203 -0.952148438 0.00601577759
vn -0.310791016 -0.950195312 0.00879669189
vn 0.141845703 -0.0941772461 0.985351562
vn -0.37109375 -0.44921875 0.812988281
vn -0.260498047 -0.380126953 0.887695312
vn 0.215942383 -0.0357971191 0.975585938
vn -0.832519531 -0.533691406 0.149414062
vn -0.872070312 -0.4609375 0.165405273
vn -0.721679688 -0.68359375 0.109436035
vn -0.663574219 -0.742675781 0.0902099609
vn 0.71484375 0.62890625 -0.306152344
vn 0.820800781 0.5 -0.276123047
vn 0.789550781 0.542480469 -0.286621094
vn 0.672851562 0.669921875 -0.314453125
g Helm.004_0
f 3/3/3 2/2/2 1/1/1
f 6/6/6 5/5/5 4/4/4
f 9/9/9 8/8/8 7/7/7
f 12/12/12 11/11/11 10/10/10
f 15/15/15 14/14/14 13/13/13
f 18/18/18 17/17/17 16/16/16
f 21/21/21 20/20/20 19/19/19
f 24/24/24 23/23/23 22/22/22
f 27/27/27 26/26/26 25/25/25
f 30/30/30 29/29/29 28/28/28
f 33/33/33 32/32/32 31/31/31
f 36/36/36 35/35/35 34/34/34
f 39/39/39 38/38/38 37/37/37
f 42/42/42 41/41/41 40/40/40
f 45/45/45 44/44/44 43/43/43
f 48/48/48 47/47/47 46/46/46
f 51/51/51 50/50/50 49/49/49
f 54/54/54 53/53/53 52/52/52
f 57/57/57 56/56/56 55/55/55
f 60/60/60 59/59/59 58/58/58
f 63/63/63 62/62/62 61/61/61
f 66/66/66 65/65/65 64/64/64
f 69/69/69 68/68/68 67/67/67
f 72/72/72 71/71/71 70/70/70
f 75/75/75 74/74/74 73/73/73
f 78/78/78 77/77/77 76/76/76
f 81/81/81 80/80/80 79/79/79
f 84/84/84 83/83/83 82/82/82
f 87/87/87 86/86/86 85/85/85
f 90/90/90 89/89/89 88/88/88
f 93/93/93 92/92/92 91/91/91
f 96/96/96 95/95/95 94/94/94
f 99/99/99 98/98/98 97/97/97
f 102/102/102 101/101/101 100/100/100
f 105/105/105 104/104/104 103/103/103
f 108/108/108 107/107/107 106/106/106
f 111/111/111 110/110/110 109/109/109
f 114/114/114 113/113/113 112/112/112
f 117/117/117 116/116/116 115/115/115
f 120/120/120 119/119/119 118/118/118
f 123/123/123 122/122/122 121/121/121
f 126/126/126 125/125/125 124/124/124
f 129/129/129 128/128/128 127/127/127
f 132/132/132 131/131/131 130/130/130
f 135/135/135 134/134/134 133/133/133
f 138/138/138 137/137/137 136/136/136
f 141/141/141 140/140/140 139/139/139
f 144/144/144 143/143/143 142/142/142
f 147/147/147 146/146/146 145/145/145
f 150/150/150 149/149/149 148/148/148
f 153/153/153 152/152/152 151/151/151
f 156/156/156 155/155/155 154/154/154
f 159/159/159 158/158/158 157/157/157
f 162/162/162 161/161/161 160/160/160
f 165/165/165 164/164/164 163/163/163
f 168/168/168 167/167/167 166/166/166
f 171/171/171 170/170/170 169/169/169
f 174/174/174 173/173/173 172/172/172
f 177/177/177 176/176/176 175/175/175
f 180/180/180 179/179/179 178/178/178
f 183/183/183 182/182/182 181/181/181
f 186/186/186 185/185/185 184/184/184
f 189/189/189 188/188/188 187/187/187
f 192/192/192 191/191/191 190/190/190
f 195/195/195 194/194/194 193/193/193
f 198/198/198 197/197/197 196/196/196
f 201/201/201 200/200/200 199/199/199
f 204/204/204 203/203/203 202/202/202
f 207/207/207 206/206/206 205/205/205
f 210/210/210 209/209/209 208/208/208
f 213/213/213 212/212/212 211/211/211
f 216/216/216 215/215/215 214/214/214
f 219/219/219 218/218/218 217/217/217
f 222/222/222 221/221/221 220/220/220
f 225/225/225 224/224/224 223/223/223
f 228/228/228 227/227/227 226/226/226
f 231/231/231 230/230/230 229/229/229
f 234/234/234 233/233/233 232/232/232
f 237/237/237 236/236/236 235/235/235
f 240/240/240 239/239/239 238/238/238
f 243/243/243 242/242/242 241/241/241
f 246/246/246 245/245/245 244/244/244
f 249/249/249 248/248/248 247/247/247
f 252/252/252 251/251/251 250/250/250
f 255/255/255 254/254/254 253/253/253
f 258/258/258 257/257/257 256/256/256
f 261/261/261 260/260/260 259/259/259
f 264/264/264 263/263/263 262/262/262
f 267/267/267 266/266/266 265/265/265
f 270/270/270 269/269/269 268/268/268
f 273/273/273 272/272/272 271/271/271
f 276/276/276 275/275/275 274/274/274
f 279/279/279 278/278/278 277/277/277
f 282/282/282 281/281/281 280/280/280
f 285/285/285 284/284/284 283/283/283
f 288/288/288 287/287/287 286/286/286
f 291/291/291 290/290/290 289/289/289
f 294/294/294 293/293/293 292/292/292
f 297/297/297 296/296/296 295/295/295
f 300/300/300 299/299/299 298/298/298
f 303/303/303 302/302/302 301/301/301
f 306/306/306 305/305/305 304/304/304
f 309/309/309 308/308/308 307/307/307
f 312/312/312 311/311/311 310/310/310
f 315/315/315 314/314/314 313/313/313
f 318/318/318 317/317/317 316/316/316
f 321/321/321 320/320/320 319/319/319
f 324/324/324 323/323/323 322/322/322
f 327/327/327 326/326/326 325/325/325
f 330/330/330 329/329/329 328/328/328
f 333/333/333 332/332/332 331/331/331
f 336/336/336 335/335/335 334/334/334
f 339/339/339 338/338/338 337/337/337
f 342/342/342 341/341/341 340/340/340
f 345/345/345 344/344/344 343/343/343
f 348/348/348 347/347/347 346/346/346
f 351/351/351 350/350/350 349/349/349
f 354/354/354 353/353/353 352/352/352
f 357/357/357 356/356/356 355/355/355
f 360/360/360 359/359/359 358/358/358
f 363/363/363 362/362/362 361/361/361
f 366/366/366 365/365/365 364/364/364
f 369/369/369 368/368/368 367/367/367
f 372/372/372 371/371/371 370/370/370
f 375/375/375 374/374/374 373/373/373
f 376/376/376 375/375/375 373/373/373
f 379/379/379 378/378/378 377/377/377
f 380/380/380 379/379/379 377/377/377
f 383/383/383 382/382/382 381/381/381
f 384/384/384 383/383/383 381/381/381
f 387/387/387 386/386/386 385/385/385
f 388/388/388 387/387/387 385/385/385
f 391/391/391 390/390/390 389/389/389
f 392/392/392 391/391/391 389/389/389
f 395/395/395 394/394/394 393/393/393
f 396/396/396 395/395/395 393/393/393
f 399/399/399 398/398/398 397/397/397
f 400/400/400 399/399/399 397/397/397
f 403/403/403 402/402/402 401/401/401
f 404/404/404 403/403/403 401/401/401
f 407/407/407 406/406/406 405/405/405
f 408/408/408 407/407/407 405/405/405
f 411/411/411 410/410/410 409/409/409
f 412/412/412 411/411/411 409/409/409
f 415/415/415 414/414/414 413/413/413
f 416/416/416 415/415/415 413/413/413
f 419/419/419 418/418/418 417/417/417
f 420/420/420 419/419/419 417/417/417
f 423/423/423 422/422/422 421/421/421
f 424/424/424 423/423/423 421/421/421
f 427/427/427 426/426/426 425/425/425
f 428/428/428 427/427/427 425/425/425
f 431/431/431 430/430/430 429/429/429
f 432/432/432 431/431/431 429/429/429
f 435/435/435 434/434/434 433/433/433
f 436/436/436 435/435/435 433/433/433
f 439/439/439 438/438/438 437/437/437
f 440/440/440 439/439/439 437/437/437
f 443/443/443 442/442/442 441/441/441
f 444/444/444 443/443/443 441/441/441
f 447/447/447 446/446/446 445/445/445
f 448/448/448 447/447/447 445/445/445
f 451/451/451 450/450/450 449/449/449
f 452/452/452 451/451/451 449/449/449
f 455/455/455 454/454/454 453/453/453
f 456/456/456 455/455/455 453/453/453
f 459/459/459 458/458/458 457/457/457
f 460/460/460 459/459/459 457/457/457
f 463/463/463 462/462/462 461/461/461
f 464/464/464 463/463/463 461/461/461
f 467/467/467 466/466/466 465/465/465
f 468/468/468 467/467/467 465/465/465
f 471/471/471 470/470/470 469/469/469
f 472/472/472 471/471/471 469/469/469
f 475/475/475 474/474/474 473/473/473
f 476/476/476 475/475/475 473/473/473
f 479/479/479 478/478/478 477/477/477
f 480/480/480 479/479/479 477/477/477
f 483/483/483 482/482/482 481/481/481
f 484/484/484 483/483/483 481/481/481
f 487/487/487 486/486/486 485/485/485
f 488/488/488 487/487/487 485/485/485
f 491/491/491 490/490/490 489/489/489
f 492/492/492 491/491/491 489/489/489
f 495/495/495 494/494/494 493/493/493
f 496/496/496 495/495/495 493/493/493
f 499/499/499 498/498/498 497/497/497
f 500/500/500 499/499/499 497/497/497
f 503/503/503 502/502/502 501/501/501
f 504/504/504 503/503/503 501/501/501
f 507/507/507 506/506/506 505/505/505
f 508/508/508 507/507/507 505/505/505
f 511/511/511 510/510/510 509/509/509
f 512/512/512 511/511/511 509/509/509
f 515/515/515 514/514/514 513/513/513
f 516/516/516 515/515/515 513/513/513
f 519/519/519 518/518/518 517/517/517
f 520/520/520 519/519/519 517/517/517
f 523/523/523 522/522/522 521/521/521
f 524/524/524 523/523/523 521/521/521
f 527/527/527 526/526/526 525/525/525
f 528/528/528 527/527/527 525/525/525
f 531/531/531 530/530/530 529/529/529
f 532/532/532 531/531/531 529/529/529
f 535/535/535 534/534/534 533/533/533
f 536/536/536 535/535/535 533/533/533
f 539/539/539 538/538/538 537/537/537
f 540/540/540 539/539/539 537/537/537
f 543/543/543 542/542/542 541/541/541
f 544/544/544 543/543/543 541/541/541
f 547/547/547 546/546/546 545/545/545
f 548/548/548 547/547/547 545/545/545
f 551/551/551 550/550/550 549/549/549
f 552/552/552 551/551/551 549/549/549
f 555/555/555 554/554/554 553/553/553
f 556/556/556 555/555/555 553/553/553
f 559/559/559 558/558/558 557/557/557
f 560/560/560 559/559/559 557/557/557
f 563/563/563 562/562/562 561/561/561
f 564/564/564 563/563/563 561/561/561
f 567/567/567 566/566/566 565/565/565
f 568/568/568 567/567/567 565/565/565
f 571/571/571 570/570/570 569/569/569
f 572/572/572 571/571/571 569/569/569
f 575/575/575 574/574/574 573/573/573
f 576/576/576 575/575/575 573/573/573
f 579/579/579 578/578/578 577/577/577
f 580/580/580 579/579/579 577/577/577
f 580/580/580 577/577/577 581/581/581
f 582/582/582 579/579/579 580/580/580
f 583/583/583 580/580/580 581/581/581
f 581/581/581 584/584/584 583/583/583
f 585/585/585 582/582/582 580/580/580
f 585/585/585 580/580/580 583/583/583
f 586/586/586 582/582/582 585/585/585
f 587/587/587 586/586/586 585/585/585
f 587/587/587 585/585/585 588/588/588
f 588/588/588 585/585/585 583/583/583
f 589/589/589 587/587/587 588/588/588
f 583/583/583 590/590/590 588/588/588
f 584/584/584 590/590/590 583/583/583
f 588/588/588 591/591/591 589/589/589
f 590/590/590 591/591/591 588/588/588
f 591/591/591 592/592/592 589/589/589
f 591/591/591 593/593/593 592/592/592
f 593/593/593 594/594/594 592/592/592
f 590/590/590 595/595/595 591/591/591
f 595/595/595 593/593/593 591/591/591
f 584/584/584 596/596/596 590/590/590
f 596/596/596 595/595/595 590/590/590
f 594/594/594 593/593/593 597/597/597
f 598/598/598 594/594/594 597/597/597
f 595/595/595 599/599/599 593/593/593
f 599/599/599 597/597/597 593/593/593
f 598/598/598 597/597/597 600/600/600
f 601/601/601 598/598/598 600/600/600
f 602/602/602 601/601/601 600/600/600
f 603/603/603 596/596/596 584/584/584
f 584/584/584 604/604/604 603/603/603
f 604/604/604 605/605/605 603/603/603
f 596/596/596 606/606/606 595/595/595
f 606/606/606 599/599/599 595/595/595
f 599/599/599 607/607/607 597/597/597
f 607/607/607 600/600/600 597/597/597
f 608/608/608 602/602/602 600/600/600
f 602/602/602 608/608/608 609/609/609
f 610/610/610 608/608/608 600/600/600
f 607/607/607 610/610/610 600/600/600
f 608/608/608 610/610/610 609/609/609
f 611/611/611 607/607/607 599/599/599
f 606/606/606 611/611/611 599/599/599
f 612/612/612 610/610/610 607/607/607
f 610/610/610 612/612/612 609/609/609
f 611/611/611 612/612/612 607/607/607
f 613/613/613 606/606/606 596/596/596
f 603/603/603 613/613/613 596/596/596
f 614/614/614 612/612/612 611/611/611
f 612/612/612 614/614/614 609/609/609
f 615/615/615 611/611/611 606/606/606
f 615/615/615 614/614/614 611/611/611
f 613/613/613 615/615/615 606/606/606
f 616/616/616 614/614/614 615/615/615
f 614/614/614 616/616/616 609/609/609
f 617/617/617 615/615/615 613/613/613
f 617/617/617 616/616/616 615/615/615
f 618/618/618 613/613/613 603/603/603
f 618/618/618 617/617/617 613/613/613
f 616/616/616 619/619/619 609/609/609
f 619/619/619 616/616/616 617/617/617
f 619/619/619 620/620/620 609/609/609
f 620/620/620 621/621/621 609/609/609
f 622/622/622 619/619/619 617/617/617
f 620/620/620 619/619/619 622/622/622
f 622/622/622 617/617/617 618/618/618
f 621/621/621 620/620/620 623/623/623
f 623/623/623 620/620/620 622/622/622
f 624/624/624 621/621/621 623/623/623
f 625/625/625 618/618/618 603/603/603
f 603/603/603 605/605/605 625/625/625
f 626/626/626 622/622/622 618/618/618
f 623/623/623 622/622/622 626/626/626
f 626/626/626 618/618/618 625/625/625
f 624/624/624 623/623/623 627/627/627
f 627/627/627 623/623/623 626/626/626
f 628/628/628 624/624/624 627/627/627
f 605/605/605 629/629/629 625/625/625
f 605/605/605 630/630/630 629/629/629
f 630/630/630 631/631/631 629/629/629
f 632/632/632 626/626/626 625/625/625
f 625/625/625 629/629/629 632/632/632
f 627/627/627 626/626/626 632/632/632
f 629/629/629 633/633/633 632/632/632
f 628/628/628 627/627/627 634/634/634
f 634/634/634 627/627/627 632/632/632
f 632/632/632 633/633/633 634/634/634
f 635/635/635 628/628/628 634/634/634
f 633/633/633 636/636/636 634/634/634
f 634/634/634 636/636/636 635/635/635
f 636/636/636 637/637/637 635/635/635
f 640/640/640 639/639/639 638/638/638
f 641/641/641 640/640/640 638/638/638
f 644/644/644 643/643/643 642/642/642
f 645/645/645 644/644/644 642/642/642
f 648/648/648 647/647/647 646/646/646
f 649/649/649 648/648/648 646/646/646
f 652/652/652 651/651/651 650/650/650
f 653/653/653 652/652/652 650/650/650
f 656/656/656 655/655/655 654/654/654
f 657/657/657 656/656/656 654/654/654
f 660/660/660 659/659/659 658/658/658
f 661/661/661 660/660/660 658/658/658
f 664/664/664 663/663/663 662/662/662
f 665/665/665 664/664/664 662/662/662
f 668/668/668 667/667/667 666/666/666
f 669/669/669 668/668/668 666/666/666
f 672/672/672 671/671/671 670/670/670
f 673/673/673 672/672/672 670/670/670
f 676/676/676 675/675/675 674/674/674
f 677/677/677 674/674/674 675/675/675
f 678/678/678 677/677/677 675/675/675
f 677/677/677 678/678/678 679/679/679
f 674/674/674 677/677/677 680/680/680
f 681/681/681 677/677/677 679/679/679
f 677/677/677 681/681/681 680/680/680
f 681/681/681 679/679/679 682/682/682
f 681/681/681 683/683/683 680/680/680
f 684/684/684 680/680/680 683/683/683
f 681/681/681 682/682/682 685/685/685
f 686/686/686 685/685/685 682/682/682
f 686/686/686 687/687/687 685/685/685
f 687/687/687 688/688/688 685/685/685
f 689/689/689 683/683/683 681/681/681
f 685/685/685 689/689/689 681/681/681
f 685/685/685 688/688/688 690/690/690
f 689/689/689 685/685/685 690/690/690
f 691/691/691 690/690/690 688/688/688
f 692/692/692 684/684/684 683/683/683
f 692/692/692 683/683/683 689/689/689
f 690/690/690 693/693/693 689/689/689
f 690/690/690 691/691/691 693/693/693
f 689/689/689 693/693/693 692/692/692
f 691/691/691 694/694/694 693/693/693
f 694/694/694 691/691/691 695/695/695
f 696/696/696 694/694/694 695/695/695
f 697/697/697 684/684/684 692/692/692
f 684/684/684 697/697/697 698/698/698
f 697/697/697 699/699/699 698/698/698
f 699/699/699 697/697/697 700/700/700
f 697/697/697 692/692/692 701/701/701
f 697/697/697 701/701/701 700/700/700
f 693/693/693 701/701/701 692/692/692
f 700/700/700 701/701/701 702/702/702
f 703/703/703 701/701/701 693/693/693
f 701/701/701 703/703/703 702/702/702
f 693/693/693 694/694/694 703/703/703
f 694/694/694 702/702/702 703/703/703
f 704/704/704 702/702/702 694/694/694
f 704/704/704 694/694/694 705/705/705
f 705/705/705 694/694/694 706/706/706
f 705/705/705 706/706/706 707/707/707
f 706/706/706 694/694/694 708/708/708
f 694/694/694 696/696/696 708/708/708
f 709/709/709 707/707/707 706/706/706
f 706/706/706 708/708/708 709/709/709
f 708/708/708 696/696/696 710/710/710
f 708/708/708 710/710/710 709/709/709
f 709/709/709 711/711/711 707/707/707
f 711/711/711 712/712/712 707/707/707
f 712/712/712 711/711/711 713/713/713
f 713/713/713 711/711/711 714/714/714
f 711/711/711 709/709/709 714/714/714
f 710/710/710 714/714/714 709/709/709
f 715/715/715 710/710/710 696/696/696
f 710/710/710 715/715/715 714/714/714
f 715/715/715 696/696/696 716/716/716
f 696/696/696 717/717/717 716/716/716
f 714/714/714 715/715/715 718/718/718
f 716/716/716 718/718/718 715/715/715
f 718/718/718 719/719/719 714/714/714
f 716/716/716 719/719/719 718/718/718
f 719/719/719 713/713/713 714/714/714
f 720/720/720 719/719/719 716/716/716
f 721/721/721 720/720/720 716/716/716
f 721/721/721 722/722/722 720/720/720
f 723/723/723 719/719/719 720/720/720
f 713/713/713 719/719/719 723/723/723
f 722/722/722 724/724/724 720/720/720
f 723/723/723 720/720/720 724/724/724
f 722/722/722 725/725/725 724/724/724
f 726/726/726 724/724/724 725/725/725
f 726/726/726 723/723/723 724/724/724
f 726/726/726 725/725/725 727/727/727
f 726/726/726 727/727/727 723/723/723
f 713/713/713 723/723/723 727/727/727
f 713/713/713 727/727/727 728/728/728
f 728/728/728 729/729/729 713/713/713
f 729/729/729 730/730/730 713/713/713
f 730/730/730 712/712/712 713/713/713
f 730/730/730 729/729/729 731/731/731
f 712/712/712 730/730/730 731/731/731
f 734/734/734 733/733/733 732/732/732
f 735/735/735 734/734/734 732/732/732
f 738/738/738 737/737/737 736/736/736
f 739/739/739 738/738/738 736/736/736
f 742/742/742 741/741/741 740/740/740
f 743/743/743 742/742/742 740/740/740
f 746/746/746 745/745/745 744/744/744
f 747/747/747 746/746/746 744/744/744
f 750/750/750 749/749/749 748/748/748
f 751/751/751 750/750/750 748/748/748
f 754/754/754 753/753/753 752/752/752
f 755/755/755 754/754/754 752/752/752
f 758/758/758 757/757/757 756/756/756
f 759/759/759 758/758/758 756/756/756
f 762/762/762 761/761/761 760/760/760
f 763/763/763 762/762/762 760/760/760
f 766/766/766 765/765/765 764/764/764
f 767/767/767 766/766/766 764/764/764
f 770/770/770 769/769/769 768/768/768
f 771/771/771 770/770/770 768/768/768
f 774/774/774 773/773/773 772/772/772
f 775/775/775 774/774/774 772/772/772
f 778/778/778 777/777/777 776/776/776
f 779/779/779 778/778/778 776/776/776
f 782/782/782 781/781/781 780/780/780
f 783/783/783 782/782/782 780/780/780
f 786/786/786 785/785/785 784/784/784
f 787/787/787 786/786/786 784/784/784
f 790/790/790 789/789/789 788/788/788
f 791/791/791 790/790/790 788/788/788
f 794/794/794 793/793/793 792/792/792
f 795/795/795 794/794/794 792/792/792
f 798/798/798 797/797/797 796/796/796
f 799/799/799 798/798/798 796/796/796
f 802/802/802 801/801/801 800/800/800
f 803/803/803 802/802/802 800/800/800
f 806/806/806 805/805/805 804/804/804
f 807/807/807 806/806/806 804/804/804
f 810/810/810 809/809/809 808/808/808
f 811/811/811 810/810/810 808/808/808
f 814/814/814 813/813/813 812/812/812
f 815/815/815 814/814/814 812/812/812
f 818/818/818 817/817/817 816/816/816
f 819/819/819 818/818/818 816/816/816
f 822/822/822 821/821/821 820/820/820
f 823/823/823 822/822/822 820/820/820
f 826/826/826 825/825/825 824/824/824
f 827/827/827 826/826/826 824/824/824
f 830/830/830 829/829/829 828/828/828
f 831/831/831 830/830/830 828/828/828
f 834/834/834 833/833/833 832/832/832
f 835/835/835 834/834/834 832/832/832
f 838/838/838 837/837/837 836/836/836
f 839/839/839 838/838/838 836/836/836
f 842/842/842 841/841/841 840/840/840
f 843/843/843 842/842/842 840/840/840
f 846/846/846 845/845/845 844/844/844
f 847/847/847 846/846/846 844/844/844
f 850/850/850 849/849/849 848/848/848
f 851/851/851 850/850/850 848/848/848
f 854/854/854 853/853/853 852/852/852
f 855/855/855 854/854/854 852/852/852
f 858/858/858 857/857/857 856/856/856
f 859/859/859 858/858/858 856/856/856
f 862/862/862 861/861/861 860/860/860
f 863/863/863 862/862/862 860/860/860
f 866/866/866 865/865/865 864/864/864
f 867/867/867 866/866/866 864/864/864
f 870/870/870 869/869/869 868/868/868
f 871/871/871 870/870/870 868/868/868
f 874/874/874 873/873/873 872/872/872
f 875/875/875 874/874/874 872/872/872
f 878/878/878 877/877/877 876/876/876
f 879/879/879 878/878/878 876/876/876
f 882/882/882 881/881/881 880/880/880
f 883/883/883 882/882/882 880/880/880
f 886/886/886 885/885/885 884/884/884
f 887/887/887 886/886/886 884/884/884
f 890/890/890 889/889/889 888/888/888
f 891/891/891 890/890/890 888/888/888
f 894/894/894 893/893/893 892/892/892
f 895/895/895 894/894/894 892/892/892
f 898/898/898 897/897/897 896/896/896
f 899/899/899 898/898/898 896/896/896
f 902/902/902 901/901/901 900/900/900
f 903/903/903 902/902/902 900/900/900
f 906/906/906 905/905/905 904/904/904
f 907/907/907 906/906/906 904/904/904
f 910/910/910 909/909/909 908/908/908
f 911/911/911 910/910/910 908/908/908
f 914/914/914 913/913/913 912/912/912
f 915/915/915 914/914/914 912/912/912
f 918/918/918 917/917/917 916/916/916
f 919/919/919 918/918/918 916/916/916
f 922/922/922 921/921/921 920/920/920
f 923/923/923 922/922/922 920/920/920
f 926/926/926 925/925/925 924/924/924
f 927/927/927 926/926/926 924/924/924
f 930/930/930 929/929/929 928/928/928
f 931/931/931 930/930/930 928/928/928
f 934/934/934 933/933/933 932/932/932
f 935/935/935 934/934/934 932/932/932
f 938/938/938 937/937/937 936/936/936
f 939/939/939 938/938/938 936/936/936
f 942/942/942 941/941/941 940/940/940
f 943/943/943 942/942/942 940/940/940
f 946/946/946 945/945/945 944/944/944
f 945/945/945 947/947/947 944/944/944
f 945/945/945 948/948/948 947/947/947
f 944/944/944 947/947/947 949/949/949
f 948/948/948 950/950/950 947/947/947
f 947/947/947 951/951/951 949/949/949
f 947/947/947 950/950/950 951/951/951
f 950/950/950 952/952/952 951/951/951
f 952/952/952 953/953/953 951/951/951
f 949/949/949 951/951/951 954/954/954
f 953/953/953 955/955/955 951/951/951
f 951/951/951 955/955/955 954/954/954
f 953/953/953 956/956/956 955/955/955
f 955/955/955 957/957/957 954/954/954
f 956/956/956 957/957/957 955/955/955
f 957/957/957 958/958/958 954/954/954
f 957/957/957 956/956/956 959/959/959
f 958/958/958 957/957/957 960/960/960
f 960/960/960 957/957/957 959/959/959
f 961/961/961 958/958/958 960/960/960
f 961/961/961 960/960/960 962/962/962
f 960/960/960 959/959/959 963/963/963
f 960/960/960 963/963/963 962/962/962
f 964/964/964 962/962/962 963/963/963
f 959/959/959 965/965/965 963/963/963
f 966/966/966 964/964/964 963/963/963
f 966/966/966 963/963/963 965/965/965
f 967/967/967 966/966/966 965/965/965
f 970/970/970 969/969/969 968/968/968
f 968/968/968 971/971/971 970/970/970
f 971/971/971 972/972/972 970/970/970
f 971/971/971 973/973/973 972/972/972
f 971/971/971 974/974/974 973/973/973
f 977/977/977 976/976/976 975/975/975
f 978/978/978 977/977/977 975/975/975
f 981/981/981 980/980/980 979/979/979
f 982/982/982 981/981/981 979/979/979
f 985/985/985 984/984/984 983/983/983
f 986/986/986 985/985/985 983/983/983
f 989/989/989 988/988/988 987/987/987
f 990/990/990 989/989/989 987/987/987
f 993/993/993 992/992/992 991/991/991
f 994/994/994 993/993/993 991/991/991
f 997/997/997 996/996/996 995/995/995
f 998/998/998 997/997/997 995/995/995
f 1001/1001/1001 1000/1000/1000 999/999/999
f 1002/1002/1002 1001/1001/1001 999/999/999
f 1005/1005/1005 1004/1004/1004 1003/1003/1003
f 1006/1006/1006 1005/1005/1005 1003/1003/1003
f 1009/1009/1009 1008/1008/1008 1007/1007/1007
f 1010/1010/1010 1009/1009/1009 1007/1007/1007
f 1013/1013/1013 1012/1012/1012 1011/1011/1011
f 1014/1014/1014 1013/1013/1013 1011/1011/1011
f 1017/1017/1017 1016/1016/1016 1015/1015/1015
f 1018/1018/1018 1017/1017/1017 1015/1015/1015
f 1021/1021/1021 1020/1020/1020 1019/1019/1019
f 1022/1022/1022 1021/1021/1021 1019/1019/1019
f 1025/1025/1025 1024/1024/1024 1023/1023/1023
f 1026/1026/1026 1025/1025/1025 1023/1023/1023
f 1029/1029/1029 1028/1028/1028 1027/1027/1027
f 1030/1030/1030 1029/1029/1029 1027/1027/1027
f 1033/1033/1033 1032/1032/1032 1031/1031/1031
f 1034/1034/1034 1033/1033/1033 1031/1031/1031
f 1037/1037/1037 1036/1036/1036 1035/1035/1035
f 1038/1038/1038 1037/1037/1037 1035/1035/1035
f 1041/1041/1041 1040/1040/1040 1039/1039/1039
f 1042/1042/1042 1041/1041/1041 1039/1039/1039
f 1045/1045/1045 1044/1044/1044 1043/1043/1043
f 1046/1046/1046 1045/1045/1045 1043/1043/1043
f 1049/1049/1049 1048/1048/1048 1047/1047/1047
f 1050/1050/1050 1049/1049/1049 1047/1047/1047
f 1053/1053/1053 1052/1052/1052 1051/1051/1051
f 1054/1054/1054 1053/1053/1053 1051/1051/1051
f 1057/1057/1057 1056/1056/1056 1055/1055/1055
f 1058/1058/1058 1057/1057/1057 1055/1055/1055
f 1061/1061/1061 1060/1060/1060 1059/1059/1059
f 1062/1062/1062 1061/1061/1061 1059/1059/1059
f 1065/1065/1065 1064/1064/1064 1063/1063/1063
f 1066/1066/1066 1065/1065/1065 1063/1063/1063
f 1069/1069/1069 1068/1068/1068 1067/1067/1067
f 1070/1070/1070 1069/1069/1069 1067/1067/1067
f 1073/1073/1073 1072/1072/1072 1071/1071/1071
f 1074/1074/1074 1073/1073/1073 1071/1071/1071
f 1077/1077/1077 1076/1076/1076 1075/1075/1075
f 1078/1078/1078 1077/1077/1077 1075/1075/1075
f 1081/1081/1081 1080/1080/1080 1079/1079/1079
f 1082/1082/1082 1081/1081/1081 1079/1079/1079
f 1085/1085/1085 1084/1084/1084 1083/1083/1083
f 1086/1086/1086 1085/1085/1085 1083/1083/1083
f 1089/1089/1089 1088/1088/1088 1087/1087/1087
f 1090/1090/1090 1089/1089/1089 1087/1087/1087
f 1093/1093/1093 1092/1092/1092 1091/1091/1091
f 1094/1094/1094 1093/1093/1093 1091/1091/1091
f 1097/1097/1097 1096/1096/1096 1095/1095/1095
f 1098/1098/1098 1097/1097/1097 1095/1095/1095
f 1101/1101/1101 1100/1100/1100 1099/1099/1099
f 1102/1102/1102 1101/1101/1101 1099/1099/1099
f 1105/1105/1105 1104/1104/1104 1103/1103/1103
f 1106/1106/1106 1105/1105/1105 1103/1103/1103
f 1109/1109/1109 1108/1108/1108 1107/1107/1107
f 1110/1110/1110 1109/1109/1109 1107/1107/1107
f 1113/1113/1113 1112/1112/1112 1111/1111/1111
f 1114/1114/1114 1113/1113/1113 1111/1111/1111
f 1117/1117/1117 1116/1116/1116 1115/1115/1115
f 1118/1118/1118 1117/1117/1117 1115/1115/1115
f 1121/1121/1121 1120/1120/1120 1119/1119/1119
f 1122/1122/1122 1121/1121/1121 1119/1119/1119
f 1125/1125/1125 1124/1124/1124 1123/1123/1123
f 1126/1126/1126 1125/1125/1125 1123/1123/1123
f 1129/1129/1129 1128/1128/1128 1127/1127/1127
f 1130/1130/1130 1129/1129/1129 1127/1127/1127
f 1133/1133/1133 1132/1132/1132 1131/1131/1131
f 1134/1134/1134 1133/1133/1133 1131/1131/1131
f 1137/1137/1137 1136/1136/1136 1135/1135/1135
f 1138/1138/1138 1137/1137/1137 1135/1135/1135
f 1141/1141/1141 1140/1140/1140 1139/1139/1139
f 1140/1140/1140 1142/1142/1142 1139/1139/1139
f 1139/1139/1139 1142/1142/1142 1143/1143/1143
f 1140/1140/1140 1144/1144/1144 1142/1142/1142
f 1142/1142/1142 1145/1145/1145 1143/1143/1143
f 1146/1146/1146 1143/1143/1143 1145/1145/1145
f 1144/1144/1144 1147/1147/1147 1142/1142/1142
f 1142/1142/1142 1147/1147/1147 1145/1145/1145
f 1144/1144/1144 1148/1148/1148 1147/1147/1147
f 1148/1148/1148 1149/1149/1149 1147/1147/1147
f 1147/1147/1147 1149/1149/1149 1150/1150/1150
f 1147/1147/1147 1150/1150/1150 1145/1145/1145
f 1149/1149/1149 1151/1151/1151 1150/1150/1150
f 1152/1152/1152 1145/1145/1145 1150/1150/1150
f 1152/1152/1152 1146/1146/1146 1145/1145/1145
f 1153/1153/1153 1150/1150/1150 1151/1151/1151
f 1153/1153/1153 1152/1152/1152 1150/1150/1150
f 1154/1154/1154 1153/1153/1153 1151/1151/1151
f 1155/1155/1155 1153/1153/1153 1154/1154/1154
f 1156/1156/1156 1155/1155/1155 1154/1154/1154
f 1157/1157/1157 1152/1152/1152 1153/1153/1153
f 1155/1155/1155 1157/1157/1157 1153/1153/1153
f 1158/1158/1158 1146/1146/1146 1152/1152/1152
f 1157/1157/1157 1158/1158/1158 1152/1152/1152
f 1155/1155/1155 1156/1156/1156 1159/1159/1159
f 1156/1156/1156 1160/1160/1160 1159/1159/1159
f 1161/1161/1161 1157/1157/1157 1155/1155/1155
f 1159/1159/1159 1161/1161/1161 1155/1155/1155
f 1159/1159/1159 1160/1160/1160 1162/1162/1162
f 1160/1160/1160 1163/1163/1163 1162/1162/1162
f 1163/1163/1163 1164/1164/1164 1162/1162/1162
f 1158/1158/1158 1165/1165/1165 1146/1146/1146
f 1166/1166/1166 1146/1146/1146 1165/1165/1165
f 1167/1167/1167 1166/1166/1166 1165/1165/1165
f 1168/1168/1168 1158/1158/1158 1157/1157/1157
f 1161/1161/1161 1168/1168/1168 1157/1157/1157
f 1169/1169/1169 1161/1161/1161 1159/1159/1159
f 1162/1162/1162 1169/1169/1169 1159/1159/1159
f 1164/1164/1164 1170/1170/1170 1162/1162/1162
f 1170/1170/1170 1164/1164/1164 1171/1171/1171
f 1170/1170/1170 1172/1172/1172 1162/1162/1162
f 1172/1172/1172 1169/1169/1169 1162/1162/1162
f 1172/1172/1172 1170/1170/1170 1171/1171/1171
f 1169/1169/1169 1173/1173/1173 1161/1161/1161
f 1173/1173/1173 1168/1168/1168 1161/1161/1161
f 1172/1172/1172 1174/1174/1174 1169/1169/1169
f 1174/1174/1174 1172/1172/1172 1171/1171/1171
f 1174/1174/1174 1173/1173/1173 1169/1169/1169
f 1168/1168/1168 1175/1175/1175 1158/1158/1158
f 1175/1175/1175 1165/1165/1165 1158/1158/1158
f 1174/1174/1174 1176/1176/1176 1173/1173/1173
f 1176/1176/1176 1174/1174/1174 1171/1171/1171
f 1173/1173/1173 1177/1177/1177 1168/1168/1168
f 1176/1176/1176 1177/1177/1177 1173/1173/1173
f 1177/1177/1177 1175/1175/1175 1168/1168/1168
f 1176/1176/1176 1178/1178/1178 1177/1177/1177
f 1178/1178/1178 1176/1176/1176 1171/1171/1171
f 1177/1177/1177 1179/1179/1179 1175/1175/1175
f 1178/1178/1178 1179/1179/1179 1177/1177/1177
f 1175/1175/1175 1180/1180/1180 1165/1165/1165
f 1179/1179/1179 1180/1180/1180 1175/1175/1175
f 1181/1181/1181 1178/1178/1178 1171/1171/1171
f 1178/1178/1178 1181/1181/1181 1179/1179/1179
f 1182/1182/1182 1181/1181/1181 1171/1171/1171
f 1183/1183/1183 1182/1182/1182 1171/1171/1171
f 1181/1181/1181 1184/1184/1184 1179/1179/1179
f 1181/1181/1181 1182/1182/1182 1184/1184/1184
f 1179/1179/1179 1184/1184/1184 1180/1180/1180
f 1182/1182/1182 1183/1183/1183 1185/1185/1185
f 1182/1182/1182 1185/1185/1185 1184/1184/1184
f 1183/1183/1183 1186/1186/1186 1185/1185/1185
f 1180/1180/1180 1187/1187/1187 1165/1165/1165
f 1167/1167/1167 1165/1165/1165 1187/1187/1187
f 1184/1184/1184 1188/1188/1188 1180/1180/1180
f 1184/1184/1184 1185/1185/1185 1188/1188/1188
f 1180/1180/1180 1188/1188/1188 1187/1187/1187
f 1185/1185/1185 1186/1186/1186 1189/1189/1189
f 1185/1185/1185 1189/1189/1189 1188/1188/1188
f 1186/1186/1186 1190/1190/1190 1189/1189/1189
f 1191/1191/1191 1167/1167/1167 1187/1187/1187
f 1192/1192/1192 1167/1167/1167 1191/1191/1191
f 1193/1193/1193 1192/1192/1192 1191/1191/1191
f 1188/1188/1188 1194/1194/1194 1187/1187/1187
f 1191/1191/1191 1187/1187/1187 1194/1194/1194
f 1188/1188/1188 1189/1189/1189 1194/1194/1194
f 1195/1195/1195 1191/1191/1191 1194/1194/1194
f 1189/1189/1189 1190/1190/1190 1196/1196/1196
f 1189/1189/1189 1196/1196/1196 1194/1194/1194
f 1195/1195/1195 1194/1194/1194 1196/1196/1196
f 1190/1190/1190 1197/1197/1197 1196/1196/1196
f 1198/1198/1198 1195/1195/1195 1196/1196/1196
f 1198/1198/1198 1196/1196/1196 1197/1197/1197
f 1199/1199/1199 1198/1198/1198 1197/1197/1197
f 1202/1202/1202 1201/1201/1201 1200/1200/1200
f 1203/1203/1203 1202/1202/1202 1200/1200/1200
f 1206/1206/1206 1205/1205/1205 1204/1204/1204
f 1207/1207/1207 1206/1206/1206 1204/1204/1204
f 1210/1210/1210 1209/1209/1209 1208/1208/1208
f 1211/1211/1211 1210/1210/1210 1208/1208/1208
f 1214/1214/1214 1213/1213/1213 1212/1212/1212
f 1215/1215/1215 1214/1214/1214 1212/1212/1212
f 1218/1218/1218 1217/1217/1217 1216/1216/1216
f 1219/1219/1219 1218/1218/1218 1216/1216/1216
f 1222/1222/1222 1221/1221/1221 1220/1220/1220
f 1223/1223/1223 1222/1222/1222 1220/1220/1220
f 1226/1226/1226 1225/1225/1225 1224/1224/1224
f 1227/1227/1227 1226/1226/1226 1224/1224/1224
f 1230/1230/1230 1229/1229/1229 1228/1228/1228
f 1231/1231/1231 1230/1230/1230 1228/1228/1228
f 1234/1234/1234 1233/1233/1233 1232/1232/1232
f 1232/1232/1232 1235/1235/1235 1234/1234/1234
f 1235/1235/1235 1236/1236/1236 1234/1234/1234
f 1236/1236/1236 1235/1235/1235 1237/1237/1237
f 1235/1235/1235 1232/1232/1232 1238/1238/1238
f 1235/1235/1235 1239/1239/1239 1237/1237/1237
f 1239/1239/1239 1235/1235/1235 1238/1238/1238
f 1237/1237/1237 1239/1239/1239 1240/1240/1240
f 1241/1241/1241 1239/1239/1239 1238/1238/1238
f 1238/1238/1238 1242/1242/1242 1241/1241/1241
f 1240/1240/1240 1239/1239/1239 1243/1243/1243
f 1243/1243/1243 1244/1244/1244 1240/1240/1240
f 1245/1245/1245 1244/1244/1244 1243/1243/1243
f 1246/1246/1246 1245/1245/1245 1243/1243/1243
f 1241/1241/1241 1247/1247/1247 1239/1239/1239
f 1247/1247/1247 1243/1243/1243 1239/1239/1239
f 1246/1246/1246 1243/1243/1243 1248/1248/1248
f 1243/1243/1243 1247/1247/1247 1248/1248/1248
f 1248/1248/1248 1249/1249/1249 1246/1246/1246
f 1242/1242/1242 1250/1250/1250 1241/1241/1241
f 1241/1241/1241 1250/1250/1250 1247/1247/1247
f 1251/1251/1251 1248/1248/1248 1247/1247/1247
f 1249/1249/1249 1248/1248/1248 1251/1251/1251
f 1251/1251/1251 1247/1247/1247 1250/1250/1250
f 1252/1252/1252 1249/1249/1249 1251/1251/1251
f 1249/1249/1249 1252/1252/1252 1253/1253/1253
f 1252/1252/1252 1254/1254/1254 1253/1253/1253
f 1242/1242/1242 1255/1255/1255 1250/1250/1250
f 1255/1255/1255 1242/1242/1242 1256/1256/1256
f 1257/1257/1257 1255/1255/1255 1256/1256/1256
f 1255/1255/1255 1257/1257/1257 1258/1258/1258
f 1250/1250/1250 1255/1255/1255 1259/1259/1259
f 1259/1259/1259 1255/1255/1255 1258/1258/1258
f 1259/1259/1259 1251/1251/1251 1250/1250/1250
f 1259/1259/1259 1258/1258/1258 1260/1260/1260
f 1259/1259/1259 1261/1261/1261 1251/1251/1251
f 1261/1261/1261 1259/1259/1259 1260/1260/1260
f 1252/1252/1252 1251/1251/1251 1261/1261/1261
f 1260/1260/1260 1252/1252/1252 1261/1261/1261
f 1260/1260/1260 1262/1262/1262 1252/1252/1252
f 1252/1252/1252 1262/1262/1262 1263/1263/1263
f 1252/1252/1252 1263/1263/1263 1264/1264/1264
f 1264/1264/1264 1263/1263/1263 1265/1265/1265
f 1252/1252/1252 1264/1264/1264 1266/1266/1266
f 1254/1254/1254 1252/1252/1252 1266/1266/1266
f 1265/1265/1265 1267/1267/1267 1264/1264/1264
f 1266/1266/1266 1264/1264/1264 1267/1267/1267
f 1254/1254/1254 1266/1266/1266 1268/1268/1268
f 1268/1268/1268 1266/1266/1266 1267/1267/1267
f 1269/1269/1269 1267/1267/1267 1265/1265/1265
f 1270/1270/1270 1269/1269/1269 1265/1265/1265
f 1269/1269/1269 1270/1270/1270 1271/1271/1271
f 1269/1269/1269 1271/1271/1271 1272/1272/1272
f 1267/1267/1267 1269/1269/1269 1272/1272/1272
f 1272/1272/1272 1268/1268/1268 1267/1267/1267
f 1268/1268/1268 1273/1273/1273 1254/1254/1254
f 1273/1273/1273 1268/1268/1268 1272/1272/1272
f 1254/1254/1254 1273/1273/1273 1274/1274/1274
f 1275/1275/1275 1254/1254/1254 1274/1274/1274
f 1273/1273/1273 1272/1272/1272 1276/1276/1276
f 1276/1276/1276 1274/1274/1274 1273/1273/1273
f 1277/1277/1277 1276/1276/1276 1272/1272/1272
f 1277/1277/1277 1274/1274/1274 1276/1276/1276
f 1271/1271/1271 1277/1277/1277 1272/1272/1272
f 1277/1277/1277 1278/1278/1278 1274/1274/1274
f 1278/1278/1278 1279/1279/1279 1274/1274/1274
f 1280/1280/1280 1279/1279/1279 1278/1278/1278
f 1277/1277/1277 1281/1281/1281 1278/1278/1278
f 1277/1277/1277 1271/1271/1271 1281/1281/1281
f 1282/1282/1282 1280/1280/1280 1278/1278/1278
f 1278/1278/1278 1281/1281/1281 1282/1282/1282
f 1283/1283/1283 1280/1280/1280 1282/1282/1282
f 1282/1282/1282 1284/1284/1284 1283/1283/1283
f 1281/1281/1281 1284/1284/1284 1282/1282/1282
f 1283/1283/1283 1284/1284/1284 1285/1285/1285
f 1285/1285/1285 1284/1284/1284 1281/1281/1281
f 1281/1281/1281 1271/1271/1271 1285/1285/1285
f 1285/1285/1285 1271/1271/1271 1286/1286/1286
f 1287/1287/1287 1286/1286/1286 1271/1271/1271
f 1288/1288/1288 1287/1287/1287 1271/1271/1271
f 1270/1270/1270 1288/1288/1288 1271/1271/1271
f 1287/1287/1287 1288/1288/1288 1289/1289/1289
f 1288/1288/1288 1270/1270/1270 1289/1289/1289
f 1292/1292/1292 1291/1291/1291 1290/1290/1290
f 1293/1293/1293 1292/1292/1292 1290/1290/1290
f 1296/1296/1296 1295/1295/1295 1294/1294/1294
f 1297/1297/1297 1296/1296/1296 1294/1294/1294
f 1300/1300/1300 1299/1299/1299 1298/1298/1298
f 1301/1301/1301 1300/1300/1300 1298/1298/1298
f 1304/1304/1304 1303/1303/1303 1302/1302/1302
f 1305/1305/1305 1304/1304/1304 1302/1302/1302
f 1308/1308/1308 1307/1307/1307 1306/1306/1306
f 1309/1309/1309 1308/1308/1308 1306/1306/1306
f 1312/1312/1312 1311/1311/1311 1310/1310/1310
f 1313/1313/1313 1312/1312/1312 1310/1310/1310
f 1316/1316/1316 1315/1315/1315 1314/1314/1314
f 1317/1317/1317 1316/1316/1316 1314/1314/1314
f 1320/1320/1320 1319/1319/1319 1318/1318/1318
f 1321/1321/1321 1320/1320/1320 1318/1318/1318
f 1324/1324/1324 1323/1323/1323 1322/1322/1322
f 1325/1325/1325 1324/1324/1324 1322/1322/1322
f 1328/1328/1328 1327/1327/1327 1326/1326/1326
f 1329/1329/1329 1328/1328/1328 1326/1326/1326
f 1332/1332/1332 1331/1331/1331 1330/1330/1330
f 1333/1333/1333 1332/1332/1332 1330/1330/1330
f 1336/1336/1336 1335/1335/1335 1334/1334/1334
f 1337/1337/1337 1336/1336/1336 1334/1334/1334
f 1340/1340/1340 1339/1339/1339 1338/1338/1338
f 1341/1341/1341 1340/1340/1340 1338/1338/1338
f 1344/1344/1344 1343/1343/1343 1342/1342/1342
f 1345/1345/1345 1344/1344/1344 1342/1342/1342
f 1348/1348/1348 1347/1347/1347 1346/1346/1346
f 1349/1349/1349 1348/1348/1348 1346/1346/1346
f 1352/1352/1352 1351/1351/1351 1350/1350/1350
f 1353/1353/1353 1352/1352/1352 1350/1350/1350
f 1356/1356/1356 1355/1355/1355 1354/1354/1354
f 1357/1357/1357 1356/1356/1356 1354/1354/1354
f 1360/1360/1360 1359/1359/1359 1358/1358/1358
f 1361/1361/1361 1360/1360/1360 1358/1358/1358
f 1364/1364/1364 1363/1363/1363 1362/1362/1362
f 1365/1365/1365 1364/1364/1364 1362/1362/1362
f 1368/1368/1368 1367/1367/1367 1366/1366/1366
f 1369/1369/1369 1368/1368/1368 1366/1366/1366
f 1372/1372/1372 1371/1371/1371 1370/1370/1370
f 1373/1373/1373 1372/1372/1372 1370/1370/1370
f 1376/1376/1376 1375/1375/1375 1374/1374/1374
f 1377/1377/1377 1376/1376/1376 1374/1374/1374
f 1380/1380/1380 1379/1379/1379 1378/1378/1378
f 1381/1381/1381 1380/1380/1380 1378/1378/1378
f 1384/1384/1384 1383/1383/1383 1382/1382/1382
f 1385/1385/1385 1384/1384/1384 1382/1382/1382
f 1388/1388/1388 1387/1387/1387 1386/1386/1386
f 1389/1389/1389 1388/1388/1388 1386/1386/1386
f 1392/1392/1392 1391/1391/1391 1390/1390/1390
f 1393/1393/1393 1392/1392/1392 1390/1390/1390
f 1396/1396/1396 1395/1395/1395 1394/1394/1394
f 1397/1397/1397 1396/1396/1396 1394/1394/1394
f 1400/1400/1400 1399/1399/1399 1398/1398/1398
f 1401/1401/1401 1400/1400/1400 1398/1398/1398
f 1404/1404/1404 1403/1403/1403 1402/1402/1402
f 1405/1405/1405 1404/1404/1404 1402/1402/1402
f 1408/1408/1408 1407/1407/1407 1406/1406/1406
f 1409/1409/1409 1408/1408/1408 1406/1406/1406
f 1412/1412/1412 1411/1411/1411 1410/1410/1410
f 1413/1413/1413 1412/1412/1412 1410/1410/1410
f 1416/1416/1416 1415/1415/1415 1414/1414/1414
f 1417/1417/1417 1416/1416/1416 1414/1414/1414
f 1420/1420/1420 1419/1419/1419 1418/1418/1418
f 1421/1421/1421 1420/1420/1420 1418/1418/1418
f 1424/1424/1424 1423/1423/1423 1422/1422/1422
f 1425/1425/1425 1424/1424/1424 1422/1422/1422
f 1428/1428/1428 1427/1427/1427 1426/1426/1426
f 1429/1429/1429 1428/1428/1428 1426/1426/1426
f 1432/1432/1432 1431/1431/1431 1430/1430/1430
f 1433/1433/1433 1432/1432/1432 1430/1430/1430
f 1436/1436/1436 1435/1435/1435 1434/1434/1434
f 1437/1437/1437 1436/1436/1436 1434/1434/1434
f 1440/1440/1440 1439/1439/1439 1438/1438/1438
f 1441/1441/1441 1440/1440/1440 1438/1438/1438
f 1444/1444/1444 1443/1443/1443 1442/1442/1442
f 1445/1445/1445 1444/1444/1444 1442/1442/1442
f 1448/1448/1448 1447/1447/1447 1446/1446/1446
f 1449/1449/1449 1448/1448/1448 1446/1446/1446
f 1452/1452/1452 1451/1451/1451 1450/1450/1450
f 1453/1453/1453 1452/1452/1452 1450/1450/1450
f 1456/1456/1456 1455/1455/1455 1454/1454/1454
f 1457/1457/1457 1456/1456/1456 1454/1454/1454
f 1460/1460/1460 1459/1459/1459 1458/1458/1458
f 1461/1461/1461 1460/1460/1460 1458/1458/1458
f 1464/1464/1464 1463/1463/1463 1462/1462/1462
f 1465/1465/1465 1464/1464/1464 1462/1462/1462
f 1468/1468/1468 1467/1467/1467 1466/1466/1466
f 1469/1469/1469 1468/1468/1468 1466/1466/1466
f 1472/1472/1472 1471/1471/1471 1470/1470/1470
f 1473/1473/1473 1472/1472/1472 1470/1470/1470
f 1476/1476/1476 1475/1475/1475 1474/1474/1474
f 1477/1477/1477 1476/1476/1476 1474/1474/1474
f 1480/1480/1480 1479/1479/1479 1478/1478/1478
f 1481/1481/1481 1480/1480/1480 1478/1478/1478
f 1484/1484/1484 1483/1483/1483 1482/1482/1482
f 1485/1485/1485 1484/1484/1484 1482/1482/1482
f 1488/1488/1488 1487/1487/1487 1486/1486/1486
f 1489/1489/1489 1488/1488/1488 1486/1486/1486
f 1492/1492/1492 1491/1491/1491 1490/1490/1490
f 1493/1493/1493 1492/1492/1492 1490/1490/1490
f 1494/1494/1494 1492/1492/1492 1493/1493/1493
f 1493/1493/1493 1490/1490/1490 1495/1495/1495
f 1496/1496/1496 1494/1494/1494 1493/1493/1493
f 1497/1497/1497 1493/1493/1493 1495/1495/1495
f 1496/1496/1496 1493/1493/1493 1497/1497/1497
f 1498/1498/1498 1496/1496/1496 1497/1497/1497
f 1499/1499/1499 1498/1498/1498 1497/1497/1497
f 1497/1497/1497 1495/1495/1495 1500/1500/1500
f 1501/1501/1501 1499/1499/1499 1497/1497/1497
f 1501/1501/1501 1497/1497/1497 1500/1500/1500
f 1502/1502/1502 1499/1499/1499 1501/1501/1501
f 1503/1503/1503 1501/1501/1501 1500/1500/1500
f 1503/1503/1503 1502/1502/1502 1501/1501/1501
f 1504/1504/1504 1503/1503/1503 1500/1500/1500
f 1502/1502/1502 1503/1503/1503 1505/1505/1505
f 1503/1503/1503 1504/1504/1504 1506/1506/1506
f 1503/1503/1503 1506/1506/1506 1505/1505/1505
f 1504/1504/1504 1507/1507/1507 1506/1506/1506
f 1506/1506/1506 1507/1507/1507 1508/1508/1508
f 1505/1505/1505 1506/1506/1506 1509/1509/1509
f 1509/1509/1509 1506/1506/1506 1508/1508/1508
f 1508/1508/1508 1510/1510/1510 1509/1509/1509
f 1511/1511/1511 1505/1505/1505 1509/1509/1509
f 1510/1510/1510 1512/1512/1512 1509/1509/1509
f 1509/1509/1509 1512/1512/1512 1511/1511/1511
f 1512/1512/1512 1513/1513/1513 1511/1511/1511
f 1516/1516/1516 1515/1515/1515 1514/1514/1514
f 1514/1514/1514 1517/1517/1517 1516/1516/1516
f 1514/1514/1514 1518/1518/1518 1517/1517/1517
f 1518/1518/1518 1519/1519/1519 1517/1517/1517
f 1518/1518/1518 1520/1520/1520 1519/1519/1519
g Helm.004_1
f 1523/1523/1523 1522/1522/1522 1521/1521/1521
f 1521/1521/1521 1524/1524/1524 1523/1523/1523
f 1524/1524/1524 1525/1525/1525 1523/1523/1523
f 1524/1524/1524 1526/1526/1526 1525/1525/1525
f 1526/1526/1526 1527/1527/1527 1525/1525/1525
f 1526/1526/1526 1528/1528/1528 1527/1527/1527
f 1531/1531/1531 1530/1530/1530 1529/1529/1529
f 1529/1529/1529 1532/1532/1532 1531/1531/1531
f 1529/1529/1529 1533/1533/1533 1532/1532/1532
f 1533/1533/1533 1534/1534/1534 1532/1532/1532
f 1533/1533/1533 1535/1535/1535 1534/1534/1534
f 1535/1535/1535 1536/1536/1536 1534/1534/1534
f 1539/1539/1539 1538/1538/1538 1537/1537/1537
f 1538/1538/1538 1540/1540/1540 1537/1537/1537
f 1538/1538/1538 1541/1541/1541 1540/1540/1540
f 1539/1539/1539 1537/1537/1537 1542/1542/1542
f 1543/1543/1543 1539/1539/1539 1542/1542/1542
f 1541/1541/1541 1544/1544/1544 1540/1540/1540
f 1541/1541/1541 1545/1545/1545 1544/1544/1544
f 1543/1543/1543 1542/1542/1542 1546/1546/1546
f 1547/1547/1547 1543/1543/1543 1546/1546/1546
f 1545/1545/1545 1548/1548/1548 1544/1544/1544
f 1545/1545/1545 1549/1549/1549 1548/1548/1548
f 1547/1547/1547 1546/1546/1546 1550/1550/1550
f 1551/1551/1551 1547/1547/1547 1550/1550/1550
f 1549/1549/1549 1551/1551/1551 1552/1552/1552
f 1549/1549/1549 1552/1552/1552 1548/1548/1548
f 1551/1551/1551 1550/1550/1550 1552/1552/1552
f 1542/1542/1542 1537/1537/1537 1553/1553/1553
f 1537/1537/1537 1540/1540/1540 1554/1554/1554
f 1537/1537/1537 1554/1554/1554 1553/1553/1553
f 1540/1540/1540 1544/1544/1544 1555/1555/1555
f 1540/1540/1540 1555/1555/1555 1554/1554/1554
f 1546/1546/1546 1542/1542/1542 1556/1556/1556
f 1542/1542/1542 1553/1553/1553 1556/1556/1556
f 1546/1546/1546 1556/1556/1556 1557/1557/1557
f 1550/1550/1550 1546/1546/1546 1557/1557/1557
f 1557/1557/1557 1556/1556/1556 1553/1553/1553
f 1550/1550/1550 1557/1557/1557 1558/1558/1558
f 1558/1558/1558 1557/1557/1557 1553/1553/1553
f 1552/1552/1552 1550/1550/1550 1558/1558/1558
f 1558/1558/1558 1553/1553/1553 1554/1554/1554
f 1552/1552/1552 1558/1558/1558 1559/1559/1559
f 1559/1559/1559 1558/1558/1558 1554/1554/1554
f 1559/1559/1559 1554/1554/1554 1555/1555/1555
f 1548/1548/1548 1552/1552/1552 1559/1559/1559
f 1544/1544/1544 1560/1560/1560 1555/1555/1555
f 1555/1555/1555 1560/1560/1560 1559/1559/1559
f 1548/1548/1548 1559/1559/1559 1560/1560/1560
f 1544/1544/1544 1548/1548/1548 1560/1560/1560
f 1563/1563/1563 1562/1562/1562 1561/1561/1561
f 1564/1564/1564 1563/1563/1563 1561/1561/1561
f 1565/1565/1565 1563/1563/1563 1564/1564/1564
f 1561/1561/1561 1562/1562/1562 1566/1566/1566
f 1562/1562/1562 1567/1567/1567 1566/1566/1566
f 1568/1568/1568 1565/1565/1565 1564/1564/1564
f 1569/1569/1569 1565/1565/1565 1568/1568/1568
f 1566/1566/1566 1567/1567/1567 1570/1570/1570
f 1567/1567/1567 1571/1571/1571 1570/1570/1570
f 1572/1572/1572 1569/1569/1569 1568/1568/1568
f 1573/1573/1573 1569/1569/1569 1572/1572/1572
f 1570/1570/1570 1571/1571/1571 1574/1574/1574
f 1571/1571/1571 1575/1575/1575 1574/1574/1574
f 1575/1575/1575 1573/1573/1573 1576/1576/1576
f 1576/1576/1576 1573/1573/1573 1572/1572/1572
f 1574/1574/1574 1575/1575/1575 1576/1576/1576
f 1561/1561/1561 1566/1566/1566 1577/1577/1577
f 1564/1564/1564 1561/1561/1561 1578/1578/1578
f 1578/1578/1578 1561/1561/1561 1577/1577/1577
f 1568/1568/1568 1564/1564/1564 1579/1579/1579
f 1579/1579/1579 1564/1564/1564 1578/1578/1578
f 1566/1566/1566 1570/1570/1570 1580/1580/1580
f 1577/1577/1577 1566/1566/1566 1580/1580/1580
f 1580/1580/1580 1570/1570/1570 1581/1581/1581
f 1570/1570/1570 1574/1574/1574 1581/1581/1581
f 1577/1577/1577 1580/1580/1580 1581/1581/1581
f 1581/1581/1581 1574/1574/1574 1582/1582/1582
f 1577/1577/1577 1581/1581/1581 1582/1582/1582
f 1574/1574/1574 1576/1576/1576 1582/1582/1582
f 1578/1578/1578 1577/1577/1577 1582/1582/1582
f 1582/1582/1582 1576/1576/1576 1583/1583/1583
f 1578/1578/1578 1582/1582/1582 1583/1583/1583
f 1579/1579/1579 1578/1578/1578 1583/1583/1583
f 1576/1576/1576 1572/1572/1572 1583/1583/1583
f 1584/1584/1584 1568/1568/1568 1579/1579/1579
f 1583/1583/1583 1584/1584/1584 1579/1579/1579
f 1572/1572/1572 1568/1568/1568 1584/1584/1584
f 1583/1583/1583 1572/1572/1572 1584/1584/1584
g Helm.004_2
f 1587/1587/1587 1586/1586/1586 1585/1585/1585
f 1590/1590/1590 1589/1589/1589 1588/1588/1588
f 1593/1593/1593 1592/1592/1592 1591/1591/1591
f 1596/1596/1596 1595/1595/1595 1594/1594/1594
f 1599/1599/1599 1598/1598/1598 1597/1597/1597
f 1597/1597/1597 1601/1601/1601 1600/1600/1600
f 1601/1601/1601 1602/1602/1602 1600/1600/1600
f 1602/1602/1602 1604/1604/1604 1603/1603/1603
f 1604/1604/1604 1605/1605/1605 1603/1603/1603
f 1608/1608/1608 1607/1607/1607 1606/1606/1606
f 1611/1611/1611 1610/1610/1610 1609/1609/1609
f 1614/1614/1614 1613/1613/1613 1612/1612/1612
f 1617/1617/1617 1616/1616/1616 1615/1615/1615
f 1620/1620/1620 1619/1619/1619 1618/1618/1618
f 1618/1618/1618 1622/1622/1622 1621/1621/1621
f 1622/1622/1622 1623/1623/1623 1621/1621/1621
f 1626/1626/1626 1625/1625/1625 1624/1624/1624
f 1629/1629/1629 1628/1628/1628 1627/1627/1627
f 1632/1632/1632 1631/1631/1631 1630/1630/1630
f 1635/1635/1635 1634/1634/1634 1633/1633/1633
f 1638/1638/1638 1637/1637/1637 1636/1636/1636
f 1641/1641/1641 1640/1640/1640 1639/1639/1639
f 1644/1644/1644 1643/1643/1643 1642/1642/1642
f 1647/1647/1647 1646/1646/1646 1645/1645/1645
f 1650/1650/1650 1649/1649/1649 1648/1648/1648
f 1653/1653/1653 1652/1652/1652 1651/1651/1651
f 1656/1656/1656 1655/1655/1655 1654/1654/1654
f 1659/1659/1659 1658/1658/1658 1657/1657/1657
f 1662/1662/1662 1661/1661/1661 1660/1660/1660
f 1665/1665/1665 1664/1664/1664 1663/1663/1663
f 1668/1668/1668 1667/1667/1667 1666/1666/1666
f 1671/1671/1671 1670/1670/1670 1669/1669/1669
f 1674/1674/1674 1673/1673/1673 1672/1672/1672
f 1677/1677/1677 1676/1676/1676 1675/1675/1675
f 1680/1680/1680 1679/1679/1679 1678/1678/1678
f 1683/1683/1683 1682/1682/1682 1681/1681/1681
f 1686/1686/1686 1685/1685/1685 1684/1684/1684
f 1689/1689/1689 1688/1688/1688 1687/1687/1687
f 1692/1692/1692 1691/1691/1691 1690/1690/1690
f 1694/1694/1694 1690/1690/1690 1693/1693/1693
f 1695/1695/1695 1694/1694/1694 1693/1693/1693
f 1697/1697/1697 1695/1695/1695 1696/1696/1696
f 1698/1698/1698 1697/1697/1697 1696/1696/1696
f 1701/1701/1701 1700/1700/1700 1699/1699/1699
f 1704/1704/1704 1703/1703/1703 1702/1702/1702
f 1707/1707/1707 1706/1706/1706 1705/1705/1705
f 1710/1710/1710 1709/1709/1709 1708/1708/1708
f 1713/1713/1713 1712/1712/1712 1711/1711/1711
f 1715/1715/1715 1711/1711/1711 1714/1714/1714
f 1716/1716/1716 1715/1715/1715 1714/1714/1714
f 1719/1719/1719 1718/1718/1718 1717/1717/1717
f 1722/1722/1722 1721/1721/1721 1720/1720/1720
f 1725/1725/1725 1724/1724/1724 1723/1723/1723
f 1728/1728/1728 1727/1727/1727 1726/1726/1726
f 1731/1731/1731 1730/1730/1730 1729/1729/1729
f 1734/1734/1734 1733/1733/1733 1732/1732/1732
f 1737/1737/1737 1736/1736/1736 1735/1735/1735
f 1740/1740/1740 1739/1739/1739 1738/1738/1738
f 1743/1743/1743 1742/1742/1742 1741/1741/1741
f 1746/1746/1746 1745/1745/1745 1744/1744/1744
f 1749/1749/1749 1748/1748/1748 1747/1747/1747
f 1752/1752/1752 1751/1751/1751 1750/1750/1750
f 1755/1755/1755 1754/1754/1754 1753/1753/1753
f 1758/1758/1758 1757/1757/1757 1756/1756/1756
f 1761/1761/1761 1760/1760/1760 1759/1759/1759
f 1764/1764/1764 1763/1763/1763 1762/1762/1762
f 1767/1767/1767 1766/1766/1766 1765/1765/1765
f 1770/1770/1770 1769/1769/1769 1768/1768/1768
f 1773/1773/1773 1772/1772/1772 1771/1771/1771
f 1772/1772/1772 1773/1773/1773 1774/1774/1774
f 1775/1775/1775 1772/1772/1772 1774/1774/1774
f 1775/1775/1775 1774/1774/1774 1776/1776/1776
f 1774/1774/1774 1777/1777/1777 1776/1776/1776
f 1780/1780/1780 1779/1779/1779 1778/1778/1778
f 1778/1778/1778 1781/1781/1781 1780/1780/1780
f 1781/1781/1781 1782/1782/1782 1780/1780/1780
f 1785/1785/1785 1784/1784/1784 1783/1783/1783
f 1784/1784/1784 1786/1786/1786 1783/1783/1783
f 1789/1789/1789 1788/1788/1788 1787/1787/1787
f 1788/1788/1788 1790/1790/1790 1787/1787/1787
f 1793/1793/1793 1792/1792/1792 1791/1791/1791
f 1792/1792/1792 1794/1794/1794 1791/1791/1791
f 1797/1797/1797 1796/1796/1796 1795/1795/1795
f 1796/1796/1796 1798/1798/1798 1795/1795/1795
f 1801/1801/1801 1800/1800/1800 1799/1799/1799
f 1800/1800/1800 1802/1802/1802 1799/1799/1799
f 1805/1805/1805 1804/1804/1804 1803/1803/1803
f 1804/1804/1804 1806/1806/1806 1803/1803/1803
f 1809/1809/1809 1808/1808/1808 1807/1807/1807
f 1808/1808/1808 1810/1810/1810 1807/1807/1807
f 1813/1813/1813 1812/1812/1812 1811/1811/1811
f 1812/1812/1812 1814/1814/1814 1811/1811/1811
f 1817/1817/1817 1816/1816/1816 1815/1815/1815
f 1816/1816/1816 1818/1818/1818 1815/1815/1815
f 1821/1821/1821 1820/1820/1820 1819/1819/1819
f 1820/1820/1820 1822/1822/1822 1819/1819/1819
f 1825/1825/1825 1824/1824/1824 1823/1823/1823
f 1824/1824/1824 1826/1826/1826 1823/1823/1823
f 1829/1829/1829 1828/1828/1828 1827/1827/1827
f 1828/1828/1828 1830/1830/1830 1827/1827/1827
f 1833/1833/1833 1832/1832/1832 1831/1831/1831
f 1832/1832/1832 1834/1834/1834 1831/1831/1831
f 1837/1837/1837 1836/1836/1836 1835/1835/1835
f 1836/1836/1836 1838/1838/1838 1835/1835/1835
f 1841/1841/1841 1840/1840/1840 1839/1839/1839
f 1840/1840/1840 1842/1842/1842 1839/1839/1839
f 1845/1845/1845 1844/1844/1844 1843/1843/1843
f 1844/1844/1844 1846/1846/1846 1843/1843/1843
f 1849/1849/1849 1848/1848/1848 1847/1847/1847
f 1848/1848/1848 1850/1850/1850 1847/1847/1847
f 1853/1853/1853 1852/1852/1852 1851/1851/1851
f 1852/1852/1852 1854/1854/1854 1851/1851/1851
f 1852/1852/1852 1856/1856/1856 1855/1855/1855
f 1856/1856/1856 1857/1857/1857 1855/1855/1855
f 1860/1860/1860 1859/1859/1859 1858/1858/1858
f 1859/1859/1859 1861/1861/1861 1858/1858/1858
f 1864/1864/1864 1863/1863/1863 1862/1862/1862
f 1863/1863/1863 1865/1865/1865 1862/1862/1862
f 1867/1867/1867 1866/1866/1866 1863/1863/1863
f 1866/1866/1866 1868/1868/1868 1863/1863/1863
f 1871/1871/1871 1870/1870/1870 1869/1869/1869
f 1870/1870/1870 1872/1872/1872 1869/1869/1869
f 1875/1875/1875 1874/1874/1874 1873/1873/1873
f 1874/1874/1874 1876/1876/1876 1873/1873/1873
f 1878/1878/1878 1874/1874/1874 1877/1877/1877
f 1879/1879/1879 1878/1878/1878 1877/1877/1877
f 1882/1882/1882 1881/1881/1881 1880/1880/1880
f 1881/1881/1881 1883/1883/1883 1880/1880/1880
f 1886/1886/1886 1885/1885/1885 1884/1884/1884
f 1885/1885/1885 1887/1887/1887 1884/1884/1884
f 1890/1890/1890 1889/1889/1889 1888/1888/1888
f 1891/1891/1891 1890/1890/1890 1888/1888/1888
f 1891/1891/1891 1893/1893/1893 1892/1892/1892
f 1893/1893/1893 1894/1894/1894 1892/1892/1892
f 1897/1897/1897 1896/1896/1896 1895/1895/1895
f 1896/1896/1896 1898/1898/1898 1895/1895/1895
f 1901/1901/1901 1900/1900/1900 1899/1899/1899
f 1900/1900/1900 1902/1902/1902 1899/1899/1899
f 1905/1905/1905 1904/1904/1904 1903/1903/1903
f 1904/1904/1904 1906/1906/1906 1903/1903/1903
f 1909/1909/1909 1908/1908/1908 1907/1907/1907
f 1908/1908/1908 1910/1910/1910 1907/1907/1907
f 1913/1913/1913 1912/1912/1912 1911/1911/1911
f 1912/1912/1912 1914/1914/1914 1911/1911/1911
f 1917/1917/1917 1916/1916/1916 1915/1915/1915
f 1916/1916/1916 1918/1918/1918 1915/1915/1915
f 1916/1916/1916 1919/1919/1919 1918/1918/1918
f 1919/1919/1919 1920/1920/1920 1918/1918/1918
f 1923/1923/1923 1922/1922/1922 1921/1921/1921
f 1922/1922/1922 1924/1924/1924 1921/1921/1921
f 1927/1927/1927 1926/1926/1926 1925/1925/1925
f 1926/1926/1926 1928/1928/1928 1925/1925/1925
f 1931/1931/1931 1930/1930/1930 1929/1929/1929
f 1932/1932/1932 1931/1931/1931 1929/1929/1929
f 1934/1934/1934 1933/1933/1933 1932/1932/1932
f 1933/1933/1933 1935/1935/1935 1932/1932/1932
f 1938/1938/1938 1937/1937/1937 1936/1936/1936
f 1937/1937/1937 1939/1939/1939 1936/1936/1936
f 1942/1942/1942 1941/1941/1941 1940/1940/1940
f 1941/1941/1941 1943/1943/1943 1940/1940/1940
f 1946/1946/1946 1945/1945/1945 1944/1944/1944
f 1947/1947/1947 1946/1946/1946 1944/1944/1944
f 1947/1947/1947 1949/1949/1949 1948/1948/1948
f 1949/1949/1949 1950/1950/1950 1948/1948/1948
f 1953/1953/1953 1952/1952/1952 1951/1951/1951
f 1952/1952/1952 1954/1954/1954 1951/1951/1951
f 1951/1951/1951 1954/1954/1954 1955/1955/1955
f 1954/1954/1954 1956/1956/1956 1955/1955/1955
f 1955/1955/1955 1956/1956/1956 1957/1957/1957
f 1956/1956/1956 1958/1958/1958 1957/1957/1957
f 1961/1961/1961 1960/1960/1960 1959/1959/1959
f 1960/1960/1960 1962/1962/1962 1959/1959/1959
f 1964/1964/1964 1960/1960/1960 1963/1963/1963
f 1965/1965/1965 1964/1964/1964 1963/1963/1963
f 1968/1968/1968 1967/1967/1967 1966/1966/1966
f 1967/1967/1967 1969/1969/1969 1966/1966/1966
f 1972/1972/1972 1971/1971/1971 1970/1970/1970
f 1971/1971/1971 1973/1973/1973 1970/1970/1970
f 1976/1976/1976 1975/1975/1975 1974/1974/1974
f 1977/1977/1977 1976/1976/1976 1974/1974/1974
f 1979/1979/1979 1977/1977/1977 1978/1978/1978
f 1977/1977/1977 1980/1980/1980 1978/1978/1978
f 1983/1983/1983 1982/1982/1982 1981/1981/1981
f 1982/1982/1982 1984/1984/1984 1981/1981/1981
f 1987/1987/1987 1986/1986/1986 1985/1985/1985
f 1986/1986/1986 1988/1988/1988 1985/1985/1985
f 1991/1991/1991 1990/1990/1990 1989/1989/1989
f 1990/1990/1990 1992/1992/1992 1989/1989/1989
f 1995/1995/1995 1994/1994/1994 1993/1993/1993
f 1994/1994/1994 1996/1996/1996 1993/1993/1993
f 1999/1999/1999 1998/1998/1998 1997/1997/1997
f 1998/1998/1998 2000/2000/2000 1997/1997/1997
f 2003/2003/2003 2002/2002/2002 2001/2001/2001
f 2002/2002/2002 2004/2004/2004 2001/2001/2001
f 2007/2007/2007 2006/2006/2006 2005/2005/2005
f 2006/2006/2006 2008/2008/2008 2005/2005/2005
f 2009/2009/2009 2008/2008/2008 2006/2006/2006
f 2010/2010/2010 2009/2009/2009 2006/2006/2006
f 2013/2013/2013 2012/2012/2012 2011/2011/2011
f 2012/2012/2012 2014/2014/2014 2011/2011/2011
f 2017/2017/2017 2016/2016/2016 2015/2015/2015
f 2016/2016/2016 2018/2018/2018 2015/2015/2015
f 2021/2021/2021 2020/2020/2020 2019/2019/2019
f 2020/2020/2020 2022/2022/2022 2019/2019/2019
f 2025/2025/2025 2024/2024/2024 2023/2023/2023
f 2024/2024/2024 2026/2026/2026 2023/2023/2023
f 2029/2029/2029 2028/2028/2028 2027/2027/2027
f 2028/2028/2028 2030/2030/2030 2027/2027/2027
f 2033/2033/2033 2032/2032/2032 2031/2031/2031
f 2032/2032/2032 2034/2034/2034 2031/2031/2031
f 2031/2031/2031 2036/2036/2036 2035/2035/2035
f 2036/2036/2036 2037/2037/2037 2035/2035/2035
f 2040/2040/2040 2039/2039/2039 2038/2038/2038
f 2041/2041/2041 2040/2040/2040 2038/2038/2038
f 2042/2042/2042 2040/2040/2040 2041/2041/2041
f 2043/2043/2043 2042/2042/2042 2041/2041/2041
f 2046/2046/2046 2045/2045/2045 2044/2044/2044
f 2045/2045/2045 2047/2047/2047 2044/2044/2044
f 2050/2050/2050 2049/2049/2049 2048/2048/2048
f 2049/2049/2049 2051/2051/2051 2048/2048/2048
f 2054/2054/2054 2053/2053/2053 2052/2052/2052
f 2053/2053/2053 2055/2055/2055 2052/2052/2052
f 2055/2055/2055 2057/2057/2057 2056/2056/2056
f 2057/2057/2057 2058/2058/2058 2056/2056/2056
f 2061/2061/2061 2060/2060/2060 2059/2059/2059
f 2060/2060/2060 2062/2062/2062 2059/2059/2059
f 2065/2065/2065 2064/2064/2064 2063/2063/2063
f 2064/2064/2064 2066/2066/2066 2063/2063/2063
f 2069/2069/2069 2068/2068/2068 2067/2067/2067
f 2068/2068/2068 2070/2070/2070 2067/2067/2067
f 2073/2073/2073 2072/2072/2072 2071/2071/2071
f 2072/2072/2072 2074/2074/2074 2071/2071/2071
f 2077/2077/2077 2076/2076/2076 2075/2075/2075
f 2076/2076/2076 2078/2078/2078 2075/2075/2075
f 2081/2081/2081 2080/2080/2080 2079/2079/2079
f 2080/2080/2080 2082/2082/2082 2079/2079/2079
f 2085/2085/2085 2084/2084/2084 2083/2083/2083
f 2084/2084/2084 2086/2086/2086 2083/2083/2083
f 2088/2088/2088 2084/2084/2084 2087/2087/2087
f 2089/2089/2089 2088/2088/2088 2087/2087/2087
f 2092/2092/2092 2091/2091/2091 2090/2090/2090
f 2091/2091/2091 2093/2093/2093 2090/2090/2090
f 2096/2096/2096 2095/2095/2095 2094/2094/2094
f 2095/2095/2095 2097/2097/2097 2094/2094/2094
f 2100/2100/2100 2099/2099/2099 2098/2098/2098
f 2099/2099/2099 2101/2101/2101 2098/2098/2098
f 2104/2104/2104 2103/2103/2103 2102/2102/2102
f 2103/2103/2103 2105/2105/2105 2102/2102/2102
f 2103/2103/2103 2107/2107/2107 2106/2106/2106
f 2107/2107/2107 2108/2108/2108 2106/2106/2106
f 2110/2110/2110 2109/2109/2109 2108/2108/2108
f 2109/2109/2109 2111/2111/2111 2108/2108/2108
f 2114/2114/2114 2113/2113/2113 2112/2112/2112
f 2113/2113/2113 2115/2115/2115 2112/2112/2112
f 2118/2118/2118 2117/2117/2117 2116/2116/2116
f 2117/2117/2117 2119/2119/2119 2116/2116/2116
f 2122/2122/2122 2121/2121/2121 2120/2120/2120
f 2121/2121/2121 2123/2123/2123 2120/2120/2120
f 2126/2126/2126 2125/2125/2125 2124/2124/2124
f 2125/2125/2125 2127/2127/2127 2124/2124/2124
f 2130/2130/2130 2129/2129/2129 2128/2128/2128
f 2129/2129/2129 2131/2131/2131 2128/2128/2128
f 2134/2134/2134 2133/2133/2133 2132/2132/2132
f 2133/2133/2133 2135/2135/2135 2132/2132/2132
f 2138/2138/2138 2137/2137/2137 2136/2136/2136
f 2137/2137/2137 2139/2139/2139 2136/2136/2136
f 2142/2142/2142 2141/2141/2141 2140/2140/2140
f 2141/2141/2141 2143/2143/2143 2140/2140/2140
f 2146/2146/2146 2145/2145/2145 2144/2144/2144
f 2145/2145/2145 2147/2147/2147 2144/2144/2144
f 2150/2150/2150 2149/2149/2149 2148/2148/2148
f 2149/2149/2149 2151/2151/2151 2148/2148/2148
f 2154/2154/2154 2153/2153/2153 2152/2152/2152
f 2153/2153/2153 2155/2155/2155 2152/2152/2152
f 2158/2158/2158 2157/2157/2157 2156/2156/2156
f 2157/2157/2157 2159/2159/2159 2156/2156/2156
f 2162/2162/2162 2161/2161/2161 2160/2160/2160
f 2161/2161/2161 2163/2163/2163 2160/2160/2160
f 2165/2165/2165 2163/2163/2163 2164/2164/2164
f 2163/2163/2163 2166/2166/2166 2164/2164/2164
f 2168/2168/2168 2161/2161/2161 2167/2167/2167
f 2169/2169/2169 2168/2168/2168 2167/2167/2167
f 2172/2172/2172 2171/2171/2171 2170/2170/2170
f 2171/2171/2171 2173/2173/2173 2170/2170/2170
f 2176/2176/2176 2175/2175/2175 2174/2174/2174
f 2175/2175/2175 2177/2177/2177 2174/2174/2174
f 2180/2180/2180 2179/2179/2179 2178/2178/2178
f 2179/2179/2179 2181/2181/2181 2178/2178/2178
f 2184/2184/2184 2183/2183/2183 2182/2182/2182
f 2183/2183/2183 2185/2185/2185 2182/2182/2182
f 2188/2188/2188 2187/2187/2187 2186/2186/2186
f 2187/2187/2187 2189/2189/2189 2186/2186/2186
f 2192/2192/2192 2191/2191/2191 2190/2190/2190
f 2191/2191/2191 2193/2193/2193 2190/2190/2190
f 2196/2196/2196 2195/2195/2195 2194/2194/2194
f 2195/2195/2195 2197/2197/2197 2194/2194/2194
f 2200/2200/2200 2199/2199/2199 2198/2198/2198
f 2199/2199/2199 2201/2201/2201 2198/2198/2198
f 2204/2204/2204 2203/2203/2203 2202/2202/2202
f 2203/2203/2203 2205/2205/2205 2202/2202/2202
f 2208/2208/2208 2207/2207/2207 2206/2206/2206
f 2207/2207/2207 2209/2209/2209 2206/2206/2206
f 2212/2212/2212 2211/2211/2211 2210/2210/2210
f 2211/2211/2211 2213/2213/2213 2210/2210/2210
f 2216/2216/2216 2215/2215/2215 2214/2214/2214
f 2215/2215/2215 2217/2217/2217 2214/2214/2214
f 2220/2220/2220 2219/2219/2219 2218/2218/2218
f 2219/2219/2219 2221/2221/2221 2218/2218/2218
f 2224/2224/2224 2223/2223/2223 2222/2222/2222
f 2223/2223/2223 2225/2225/2225 2222/2222/2222
f 2228/2228/2228 2227/2227/2227 2226/2226/2226
f 2227/2227/2227 2229/2229/2229 2226/2226/2226
f 2232/2232/2232 2231/2231/2231 2230/2230/2230
f 2231/2231/2231 2233/2233/2233 2230/2230/2230
f 2236/2236/2236 2235/2235/2235 2234/2234/2234
f 2235/2235/2235 2237/2237/2237 2234/2234/2234
f 2240/2240/2240 2239/2239/2239 2238/2238/2238
f 2239/2239/2239 2241/2241/2241 2238/2238/2238
f 2244/2244/2244 2243/2243/2243 2242/2242/2242
f 2243/2243/2243 2245/2245/2245 2242/2242/2242
f 2248/2248/2248 2247/2247/2247 2246/2246/2246
f 2247/2247/2247 2249/2249/2249 2246/2246/2246
f 2252/2252/2252 2251/2251/2251 2250/2250/2250
f 2251/2251/2251 2253/2253/2253 2250/2250/2250
f 2256/2256/2256 2255/2255/2255 2254/2254/2254
f 2255/2255/2255 2257/2257/2257 2254/2254/2254
f 2260/2260/2260 2259/2259/2259 2258/2258/2258
f 2259/2259/2259 2261/2261/2261 2258/2258/2258
f 2264/2264/2264 2263/2263/2263 2262/2262/2262
f 2263/2263/2263 2265/2265/2265 2262/2262/2262
f 2268/2268/2268 2267/2267/2267 2266/2266/2266
f 2267/2267/2267 2269/2269/2269 2266/2266/2266
f 2272/2272/2272 2271/2271/2271 2270/2270/2270
f 2271/2271/2271 2273/2273/2273 2270/2270/2270
f 2276/2276/2276 2275/2275/2275 2274/2274/2274
f 2275/2275/2275 2277/2277/2277 2274/2274/2274
f 2280/2280/2280 2279/2279/2279 2278/2278/2278
f 2279/2279/2279 2281/2281/2281 2278/2278/2278
f 2283/2283/2283 2279/2279/2279 2282/2282/2282
f 2284/2284/2284 2283/2283/2283 2282/2282/2282
f 2287/2287/2287 2286/2286/2286 2285/2285/2285
f 2286/2286/2286 2288/2288/2288 2285/2285/2285
f 2291/2291/2291 2290/2290/2290 2289/2289/2289
f 2290/2290/2290 2292/2292/2292 2289/2289/2289
f 2295/2295/2295 2294/2294/2294 2293/2293/2293
f 2294/2294/2294 2296/2296/2296 2293/2293/2293
f 2299/2299/2299 2298/2298/2298 2297/2297/2297
f 2298/2298/2298 2300/2300/2300 2297/2297/2297
f 2303/2303/2303 2302/2302/2302 2301/2301/2301
f 2302/2302/2302 2304/2304/2304 2301/2301/2301
f 2307/2307/2307 2306/2306/2306 2305/2305/2305
f 2306/2306/2306 2308/2308/2308 2305/2305/2305
f 2311/2311/2311 2310/2310/2310 2309/2309/2309
f 2309/2309/2309 2310/2310/2310 2312/2312/2312
f 2313/2313/2313 2312/2312/2312 2310/2310/2310
f 2316/2316/2316 2315/2315/2315 2314/2314/2314
f 2315/2315/2315 2317/2317/2317 2314/2314/2314
f 2319/2319/2319 2318/2318/2318 2317/2317/2317
f 2318/2318/2318 2320/2320/2320 2317/2317/2317
f 2323/2323/2323 2322/2322/2322 2321/2321/2321
f 2322/2322/2322 2324/2324/2324 2321/2321/2321
f 2327/2327/2327 2326/2326/2326 2325/2325/2325
f 2326/2326/2326 2328/2328/2328 2325/2325/2325
f 2331/2331/2331 2330/2330/2330 2329/2329/2329
f 2330/2330/2330 2332/2332/2332 2329/2329/2329
f 2335/2335/2335 2334/2334/2334 2333/2333/2333
f 2334/2334/2334 2336/2336/2336 2333/2333/2333
f 2339/2339/2339 2338/2338/2338 2337/2337/2337
f 2338/2338/2338 2340/2340/2340 2337/2337/2337
f 2343/2343/2343 2342/2342/2342 2341/2341/2341
f 2344/2344/2344 2343/2343/2343 2341/2341/2341
f 2343/2343/2343 2344/2344/2344 2345/2345/2345
f 2346/2346/2346 2343/2343/2343 2345/2345/2345
f 2349/2349/2349 2348/2348/2348 2347/2347/2347
f 2348/2348/2348 2350/2350/2350 2347/2347/2347
f 2353/2353/2353 2352/2352/2352 2351/2351/2351
f 2352/2352/2352 2354/2354/2354 2351/2351/2351
f 2357/2357/2357 2356/2356/2356 2355/2355/2355
f 2358/2358/2358 2357/2357/2357 2355/2355/2355
f 2358/2358/2358 2359/2359/2359 2357/2357/2357
f 2359/2359/2359 2360/2360/2360 2357/2357/2357
f 2363/2363/2363 2362/2362/2362 2361/2361/2361
f 2362/2362/2362 2364/2364/2364 2361/2361/2361
f 2367/2367/2367 2366/2366/2366 2365/2365/2365
f 2366/2366/2366 2368/2368/2368 2365/2365/2365
f 2371/2371/2371 2370/2370/2370 2369/2369/2369
f 2370/2370/2370 2372/2372/2372 2369/2369/2369
f 2375/2375/2375 2374/2374/2374 2373/2373/2373
f 2374/2374/2374 2376/2376/2376 2373/2373/2373
f 2379/2379/2379 2378/2378/2378 2377/2377/2377
f 2380/2380/2380 2379/2379/2379 2377/2377/2377
f 2382/2382/2382 2380/2380/2380 2381/2381/2381
f 2383/2383/2383 2382/2382/2382 2381/2381/2381
f 2386/2386/2386 2385/2385/2385 2384/2384/2384
f 2385/2385/2385 2387/2387/2387 2384/2384/2384
f 2390/2390/2390 2389/2389/2389 2388/2388/2388
f 2389/2389/2389 2391/2391/2391 2388/2388/2388
f 2394/2394/2394 2393/2393/2393 2392/2392/2392
f 2393/2393/2393 2395/2395/2395 2392/2392/2392
f 2398/2398/2398 2397/2397/2397 2396/2396/2396
f 2397/2397/2397 2399/2399/2399 2396/2396/2396
f 2402/2402/2402 2401/2401/2401 2400/2400/2400
f 2401/2401/2401 2403/2403/2403 2400/2400/2400
f 2406/2406/2406 2405/2405/2405 2404/2404/2404
f 2405/2405/2405 2407/2407/2407 2404/2404/2404
f 2410/2410/2410 2409/2409/2409 2408/2408/2408
f 2409/2409/2409 2411/2411/2411 2408/2408/2408
f 2414/2414/2414 2413/2413/2413 2412/2412/2412
f 2413/2413/2413 2415/2415/2415 2412/2412/2412
f 2418/2418/2418 2417/2417/2417 2416/2416/2416
f 2417/2417/2417 2419/2419/2419 2416/2416/2416
f 2422/2422/2422 2421/2421/2421 2420/2420/2420
f 2421/2421/2421 2423/2423/2423 2420/2420/2420
f 2426/2426/2426 2425/2425/2425 2424/2424/2424
f 2425/2425/2425 2427/2427/2427 2424/2424/2424
f 2430/2430/2430 2429/2429/2429 2428/2428/2428
f 2429/2429/2429 2431/2431/2431 2428/2428/2428
f 2434/2434/2434 2433/2433/2433 2432/2432/2432
f 2433/2433/2433 2435/2435/2435 2432/2432/2432
f 2438/2438/2438 2437/2437/2437 2436/2436/2436
f 2437/2437/2437 2439/2439/2439 2436/2436/2436
f 2442/2442/2442 2441/2441/2441 2440/2440/2440
f 2441/2441/2441 2443/2443/2443 2440/2440/2440
f 2446/2446/2446 2445/2445/2445 2444/2444/2444
f 2445/2445/2445 2447/2447/2447 2444/2444/2444
f 2450/2450/2450 2449/2449/2449 2448/2448/2448
f 2449/2449/2449 2451/2451/2451 2448/2448/2448
f 2454/2454/2454 2453/2453/2453 2452/2452/2452
f 2453/2453/2453 2455/2455/2455 2452/2452/2452
f 2458/2458/2458 2457/2457/2457 2456/2456/2456
f 2457/2457/2457 2459/2459/2459 2456/2456/2456
f 2462/2462/2462 2461/2461/2461 2460/2460/2460
f 2461/2461/2461 2463/2463/2463 2460/2460/2460
f 2466/2466/2466 2465/2465/2465 2464/2464/2464
f 2465/2465/2465 2467/2467/2467 2464/2464/2464
f 2470/2470/2470 2469/2469/2469 2468/2468/2468
f 2469/2469/2469 2471/2471/2471 2468/2468/2468
f 2474/2474/2474 2473/2473/2473 2472/2472/2472
f 2473/2473/2473 2474/2474/2474 2475/2475/2475
f 2474/2474/2474 2476/2476/2476 2475/2475/2475
f 2475/2475/2475 2476/2476/2476 2477/2477/2477
f 2478/2478/2478 2475/2475/2475 2477/2477/2477
f 2481/2481/2481 2480/2480/2480 2479/2479/2479
f 2482/2482/2482 2479/2479/2479 2480/2480/2480
f 2483/2483/2483 2482/2482/2482 2480/2480/2480
f 2486/2486/2486 2485/2485/2485 2484/2484/2484
f 2487/2487/2487 2486/2486/2486 2484/2484/2484
f 2490/2490/2490 2489/2489/2489 2488/2488/2488
f 2491/2491/2491 2490/2490/2490 2488/2488/2488
f 2494/2494/2494 2493/2493/2493 2492/2492/2492
f 2495/2495/2495 2494/2494/2494 2492/2492/2492
f 2498/2498/2498 2497/2497/2497 2496/2496/2496
f 2499/2499/2499 2498/2498/2498 2496/2496/2496
f 2502/2502/2502 2501/2501/2501 2500/2500/2500
f 2503/2503/2503 2502/2502/2502 2500/2500/2500
f 2506/2506/2506 2505/2505/2505 2504/2504/2504
f 2507/2507/2507 2506/2506/2506 2504/2504/2504
f 2510/2510/2510 2509/2509/2509 2508/2508/2508
f 2511/2511/2511 2510/2510/2510 2508/2508/2508
f 2514/2514/2514 2513/2513/2513 2512/2512/2512
f 2515/2515/2515 2514/2514/2514 2512/2512/2512
f 2518/2518/2518 2517/2517/2517 2516/2516/2516
f 2519/2519/2519 2518/2518/2518 2516/2516/2516
f 2522/2522/2522 2521/2521/2521 2520/2520/2520
f 2523/2523/2523 2522/2522/2522 2520/2520/2520
f 2526/2526/2526 2525/2525/2525 2524/2524/2524
f 2527/2527/2527 2526/2526/2526 2524/2524/2524
f 2530/2530/2530 2529/2529/2529 2528/2528/2528
f 2531/2531/2531 2530/2530/2530 2528/2528/2528
f 2534/2534/2534 2533/2533/2533 2532/2532/2532
f 2535/2535/2535 2534/2534/2534 2532/2532/2532
f 2538/2538/2538 2537/2537/2537 2536/2536/2536
f 2539/2539/2539 2538/2538/2538 2536/2536/2536
f 2542/2542/2542 2541/2541/2541 2540/2540/2540
f 2543/2543/2543 2542/2542/2542 2540/2540/2540
f 2546/2546/2546 2545/2545/2545 2544/2544/2544
f 2547/2547/2547 2546/2546/2546 2544/2544/2544
f 2550/2550/2550 2549/2549/2549 2548/2548/2548
f 2551/2551/2551 2550/2550/2550 2548/2548/2548
f 2554/2554/2554 2553/2553/2553 2552/2552/2552
f 2555/2555/2555 2554/2554/2554 2552/2552/2552
f 2557/2557/2557 2554/2554/2554 2556/2556/2556
f 2558/2558/2558 2557/2557/2557 2556/2556/2556
f 2561/2561/2561 2560/2560/2560 2559/2559/2559
f 2562/2562/2562 2561/2561/2561 2559/2559/2559
f 2565/2565/2565 2564/2564/2564 2563/2563/2563
f 2566/2566/2566 2565/2565/2565 2563/2563/2563
f 2568/2568/2568 2567/2567/2567 2565/2565/2565
f 2569/2569/2569 2568/2568/2568 2565/2565/2565
f 2572/2572/2572 2571/2571/2571 2570/2570/2570
f 2573/2573/2573 2572/2572/2572 2570/2570/2570
f 2576/2576/2576 2575/2575/2575 2574/2574/2574
f 2577/2577/2577 2576/2576/2576 2574/2574/2574
f 2576/2576/2576 2579/2579/2579 2578/2578/2578
f 2579/2579/2579 2580/2580/2580 2578/2578/2578
f 2583/2583/2583 2582/2582/2582 2581/2581/2581
f 2584/2584/2584 2583/2583/2583 2581/2581/2581
f 2587/2587/2587 2586/2586/2586 2585/2585/2585
f 2588/2588/2588 2587/2587/2587 2585/2585/2585
f 2591/2591/2591 2590/2590/2590 2589/2589/2589
f 2590/2590/2590 2592/2592/2592 2589/2589/2589
f 2594/2594/2594 2592/2592/2592 2593/2593/2593
f 2595/2595/2595 2594/2594/2594 2593/2593/2593
f 2598/2598/2598 2597/2597/2597 2596/2596/2596
f 2599/2599/2599 2598/2598/2598 2596/2596/2596
f 2602/2602/2602 2601/2601/2601 2600/2600/2600
f 2603/2603/2603 2602/2602/2602 2600/2600/2600
f 2606/2606/2606 2605/2605/2605 2604/2604/2604
f 2607/2607/2607 2606/2606/2606 2604/2604/2604
f 2610/2610/2610 2609/2609/2609 2608/2608/2608
f 2611/2611/2611 2610/2610/2610 2608/2608/2608
f 2614/2614/2614 2613/2613/2613 2612/2612/2612
f 2615/2615/2615 2614/2614/2614 2612/2612/2612
f 2618/2618/2618 2617/2617/2617 2616/2616/2616
f 2619/2619/2619 2618/2618/2618 2616/2616/2616
f 2620/2620/2620 2618/2618/2618 2619/2619/2619
f 2621/2621/2621 2620/2620/2620 2619/2619/2619
f 2624/2624/2624 2623/2623/2623 2622/2622/2622
f 2625/2625/2625 2624/2624/2624 2622/2622/2622
f 2628/2628/2628 2627/2627/2627 2626/2626/2626
f 2629/2629/2629 2628/2628/2628 2626/2626/2626
f 2632/2632/2632 2631/2631/2631 2630/2630/2630
f 2631/2631/2631 2633/2633/2633 2630/2630/2630
f 2635/2635/2635 2634/2634/2634 2633/2633/2633
f 2636/2636/2636 2635/2635/2635 2633/2633/2633
f 2639/2639/2639 2638/2638/2638 2637/2637/2637
f 2640/2640/2640 2639/2639/2639 2637/2637/2637
f 2643/2643/2643 2642/2642/2642 2641/2641/2641
f 2644/2644/2644 2643/2643/2643 2641/2641/2641
f 2647/2647/2647 2646/2646/2646 2645/2645/2645
f 2646/2646/2646 2648/2648/2648 2645/2645/2645
f 2650/2650/2650 2648/2648/2648 2649/2649/2649
f 2651/2651/2651 2650/2650/2650 2649/2649/2649
f 2654/2654/2654 2653/2653/2653 2652/2652/2652
f 2655/2655/2655 2654/2654/2654 2652/2652/2652
f 2655/2655/2655 2652/2652/2652 2656/2656/2656
f 2657/2657/2657 2655/2655/2655 2656/2656/2656
f 2657/2657/2657 2656/2656/2656 2658/2658/2658
f 2659/2659/2659 2657/2657/2657 2658/2658/2658
f 2662/2662/2662 2661/2661/2661 2660/2660/2660
f 2663/2663/2663 2662/2662/2662 2660/2660/2660
f 2662/2662/2662 2665/2665/2665 2664/2664/2664
f 2665/2665/2665 2666/2666/2666 2664/2664/2664
f 2669/2669/2669 2668/2668/2668 2667/2667/2667
f 2670/2670/2670 2669/2669/2669 2667/2667/2667
f 2673/2673/2673 2672/2672/2672 2671/2671/2671
f 2674/2674/2674 2673/2673/2673 2671/2671/2671
f 2677/2677/2677 2676/2676/2676 2675/2675/2675
f 2676/2676/2676 2678/2678/2678 2675/2675/2675
f 2678/2678/2678 2680/2680/2680 2679/2679/2679
f 2681/2681/2681 2678/2678/2678 2679/2679/2679
f 2684/2684/2684 2683/2683/2683 2682/2682/2682
f 2685/2685/2685 2684/2684/2684 2682/2682/2682
f 2688/2688/2688 2687/2687/2687 2686/2686/2686
f 2689/2689/2689 2688/2688/2688 2686/2686/2686
f 2692/2692/2692 2691/2691/2691 2690/2690/2690
f 2693/2693/2693 2692/2692/2692 2690/2690/2690
f 2696/2696/2696 2695/2695/2695 2694/2694/2694
f 2697/2697/2697 2696/2696/2696 2694/2694/2694
f 2700/2700/2700 2699/2699/2699 2698/2698/2698
f 2701/2701/2701 2700/2700/2700 2698/2698/2698
f 2704/2704/2704 2703/2703/2703 2702/2702/2702
f 2705/2705/2705 2704/2704/2704 2702/2702/2702
f 2708/2708/2708 2707/2707/2707 2706/2706/2706
f 2709/2709/2709 2708/2708/2708 2706/2706/2706
f 2709/2709/2709 2710/2710/2710 2708/2708/2708
f 2710/2710/2710 2711/2711/2711 2708/2708/2708
f 2714/2714/2714 2713/2713/2713 2712/2712/2712
f 2715/2715/2715 2714/2714/2714 2712/2712/2712
f 2718/2718/2718 2717/2717/2717 2716/2716/2716
f 2719/2719/2719 2718/2718/2718 2716/2716/2716
f 2722/2722/2722 2721/2721/2721 2720/2720/2720
f 2723/2723/2723 2722/2722/2722 2720/2720/2720
f 2726/2726/2726 2725/2725/2725 2724/2724/2724
f 2727/2727/2727 2726/2726/2726 2724/2724/2724
f 2730/2730/2730 2729/2729/2729 2728/2728/2728
f 2731/2731/2731 2730/2730/2730 2728/2728/2728
f 2734/2734/2734 2733/2733/2733 2732/2732/2732
f 2735/2735/2735 2734/2734/2734 2732/2732/2732
f 2737/2737/2737 2732/2732/2732 2736/2736/2736
f 2738/2738/2738 2737/2737/2737 2736/2736/2736
f 2741/2741/2741 2740/2740/2740 2739/2739/2739
f 2740/2740/2740 2742/2742/2742 2739/2739/2739
f 2740/2740/2740 2743/2743/2743 2742/2742/2742
f 2743/2743/2743 2744/2744/2744 2742/2742/2742
f 2747/2747/2747 2746/2746/2746 2745/2745/2745
f 2748/2748/2748 2747/2747/2747 2745/2745/2745
f 2751/2751/2751 2750/2750/2750 2749/2749/2749
f 2752/2752/2752 2751/2751/2751 2749/2749/2749
f 2755/2755/2755 2754/2754/2754 2753/2753/2753
f 2756/2756/2756 2755/2755/2755 2753/2753/2753
f 2758/2758/2758 2756/2756/2756 2757/2757/2757
f 2759/2759/2759 2758/2758/2758 2757/2757/2757
f 2762/2762/2762 2761/2761/2761 2760/2760/2760
f 2763/2763/2763 2762/2762/2762 2760/2760/2760
f 2766/2766/2766 2765/2765/2765 2764/2764/2764
f 2767/2767/2767 2766/2766/2766 2764/2764/2764
f 2770/2770/2770 2769/2769/2769 2768/2768/2768
f 2771/2771/2771 2770/2770/2770 2768/2768/2768
f 2774/2774/2774 2773/2773/2773 2772/2772/2772
f 2775/2775/2775 2774/2774/2774 2772/2772/2772
f 2778/2778/2778 2777/2777/2777 2776/2776/2776
f 2779/2779/2779 2778/2778/2778 2776/2776/2776
f 2782/2782/2782 2781/2781/2781 2780/2780/2780
f 2783/2783/2783 2782/2782/2782 2780/2780/2780
f 2786/2786/2786 2785/2785/2785 2784/2784/2784
f 2787/2787/2787 2786/2786/2786 2784/2784/2784
f 2786/2786/2786 2789/2789/2789 2788/2788/2788
f 2789/2789/2789 2790/2790/2790 2788/2788/2788
f 2793/2793/2793 2792/2792/2792 2791/2791/2791
f 2794/2794/2794 2793/2793/2793 2791/2791/2791
f 2797/2797/2797 2796/2796/2796 2795/2795/2795
f 2798/2798/2798 2797/2797/2797 2795/2795/2795
f 2801/2801/2801 2800/2800/2800 2799/2799/2799
f 2802/2802/2802 2801/2801/2801 2799/2799/2799
f 2805/2805/2805 2804/2804/2804 2803/2803/2803
f 2806/2806/2806 2805/2805/2805 2803/2803/2803
f 2808/2808/2808 2805/2805/2805 2807/2807/2807
f 2809/2809/2809 2808/2808/2808 2807/2807/2807
f 2811/2811/2811 2810/2810/2810 2809/2809/2809
f 2812/2812/2812 2811/2811/2811 2809/2809/2809
f 2815/2815/2815 2814/2814/2814 2813/2813/2813
f 2816/2816/2816 2815/2815/2815 2813/2813/2813
f 2819/2819/2819 2818/2818/2818 2817/2817/2817
f 2820/2820/2820 2819/2819/2819 2817/2817/2817
f 2823/2823/2823 2822/2822/2822 2821/2821/2821
f 2824/2824/2824 2823/2823/2823 2821/2821/2821
f 2827/2827/2827 2826/2826/2826 2825/2825/2825
f 2828/2828/2828 2827/2827/2827 2825/2825/2825
f 2831/2831/2831 2830/2830/2830 2829/2829/2829
f 2832/2832/2832 2831/2831/2831 2829/2829/2829
f 2835/2835/2835 2834/2834/2834 2833/2833/2833
f 2836/2836/2836 2835/2835/2835 2833/2833/2833
f 2839/2839/2839 2838/2838/2838 2837/2837/2837
f 2840/2840/2840 2839/2839/2839 2837/2837/2837
f 2843/2843/2843 2842/2842/2842 2841/2841/2841
f 2844/2844/2844 2843/2843/2843 2841/2841/2841
f 2847/2847/2847 2846/2846/2846 2845/2845/2845
f 2848/2848/2848 2847/2847/2847 2845/2845/2845
f 2851/2851/2851 2850/2850/2850 2849/2849/2849
f 2852/2852/2852 2851/2851/2851 2849/2849/2849
f 2855/2855/2855 2854/2854/2854 2853/2853/2853
f 2856/2856/2856 2855/2855/2855 2853/2853/2853
f 2859/2859/2859 2858/2858/2858 2857/2857/2857
f 2860/2860/2860 2859/2859/2859 2857/2857/2857
f 2863/2863/2863 2862/2862/2862 2861/2861/2861
f 2864/2864/2864 2863/2863/2863 2861/2861/2861
f 2863/2863/2863 2866/2866/2866 2865/2865/2865
f 2866/2866/2866 2867/2867/2867 2865/2865/2865
f 2864/2864/2864 2869/2869/2869 2868/2868/2868
f 2870/2870/2870 2864/2864/2864 2868/2868/2868
f 2873/2873/2873 2872/2872/2872 2871/2871/2871
f 2874/2874/2874 2873/2873/2873 2871/2871/2871
f 2877/2877/2877 2876/2876/2876 2875/2875/2875
f 2878/2878/2878 2877/2877/2877 2875/2875/2875
f 2881/2881/2881 2880/2880/2880 2879/2879/2879
f 2882/2882/2882 2881/2881/2881 2879/2879/2879
f 2885/2885/2885 2884/2884/2884 2883/2883/2883
f 2886/2886/2886 2885/2885/2885 2883/2883/2883
f 2889/2889/2889 2888/2888/2888 2887/2887/2887
f 2890/2890/2890 2889/2889/2889 2887/2887/2887
f 2893/2893/2893 2892/2892/2892 2891/2891/2891
f 2894/2894/2894 2893/2893/2893 2891/2891/2891
f 2897/2897/2897 2896/2896/2896 2895/2895/2895
f 2898/2898/2898 2897/2897/2897 2895/2895/2895
f 2901/2901/2901 2900/2900/2900 2899/2899/2899
f 2902/2902/2902 2901/2901/2901 2899/2899/2899
f 2905/2905/2905 2904/2904/2904 2903/2903/2903
f 2906/2906/2906 2905/2905/2905 2903/2903/2903
f 2909/2909/2909 2908/2908/2908 2907/2907/2907
f 2910/2910/2910 2909/2909/2909 2907/2907/2907
f 2913/2913/2913 2912/2912/2912 2911/2911/2911
f 2914/2914/2914 2913/2913/2913 2911/2911/2911
f 2917/2917/2917 2916/2916/2916 2915/2915/2915
f 2918/2918/2918 2917/2917/2917 2915/2915/2915
f 2921/2921/2921 2920/2920/2920 2919/2919/2919
f 2922/2922/2922 2921/2921/2921 2919/2919/2919
f 2925/2925/2925 2924/2924/2924 2923/2923/2923
f 2926/2926/2926 2925/2925/2925 2923/2923/2923
f 2929/2929/2929 2928/2928/2928 2927/2927/2927
f 2930/2930/2930 2929/2929/2929 2927/2927/2927
f 2933/2933/2933 2932/2932/2932 2931/2931/2931
f 2934/2934/2934 2933/2933/2933 2931/2931/2931
f 2937/2937/2937 2936/2936/2936 2935/2935/2935
f 2938/2938/2938 2937/2937/2937 2935/2935/2935
f 2941/2941/2941 2940/2940/2940 2939/2939/2939
f 2942/2942/2942 2941/2941/2941 2939/2939/2939
f 2945/2945/2945 2944/2944/2944 2943/2943/2943
f 2946/2946/2946 2945/2945/2945 2943/2943/2943
f 2949/2949/2949 2948/2948/2948 2947/2947/2947
f 2950/2950/2950 2949/2949/2949 2947/2947/2947
f 2953/2953/2953 2952/2952/2952 2951/2951/2951
f 2954/2954/2954 2953/2953/2953 2951/2951/2951
f 2957/2957/2957 2956/2956/2956 2955/2955/2955
f 2958/2958/2958 2957/2957/2957 2955/2955/2955
f 2961/2961/2961 2960/2960/2960 2959/2959/2959
f 2962/2962/2962 2961/2961/2961 2959/2959/2959
f 2965/2965/2965 2964/2964/2964 2963/2963/2963
f 2966/2966/2966 2965/2965/2965 2963/2963/2963
f 2969/2969/2969 2968/2968/2968 2967/2967/2967
f 2970/2970/2970 2969/2969/2969 2967/2967/2967
f 2973/2973/2973 2972/2972/2972 2971/2971/2971
f 2974/2974/2974 2973/2973/2973 2971/2971/2971
f 2977/2977/2977 2976/2976/2976 2975/2975/2975
f 2978/2978/2978 2977/2977/2977 2975/2975/2975
f 2981/2981/2981 2980/2980/2980 2979/2979/2979
f 2982/2982/2982 2981/2981/2981 2979/2979/2979
f 2981/2981/2981 2984/2984/2984 2983/2983/2983
f 2984/2984/2984 2985/2985/2985 2983/2983/2983
f 2988/2988/2988 2987/2987/2987 2986/2986/2986
f 2989/2989/2989 2988/2988/2988 2986/2986/2986
f 2992/2992/2992 2991/2991/2991 2990/2990/2990
f 2993/2993/2993 2992/2992/2992 2990/2990/2990
f 2996/2996/2996 2995/2995/2995 2994/2994/2994
f 2997/2997/2997 2996/2996/2996 2994/2994/2994
f 3000/3000/3000 2999/2999/2999 2998/2998/2998
f 3001/3001/3001 3000/3000/3000 2998/2998/2998
f 3004/3004/3004 3003/3003/3003 3002/3002/3002
f 3005/3005/3005 3004/3004/3004 3002/3002/3002
f 3008/3008/3008 3007/3007/3007 3006/3006/3006
f 3009/3009/3009 3008/3008/3008 3006/3006/3006
f 3012/3012/3012 3011/3011/3011 3010/3010/3010
f 3012/3012/3012 3010/3010/3010 3013/3013/3013
f 3013/3013/3013 3014/3014/3014 3012/3012/3012
f 3017/3017/3017 3016/3016/3016 3015/3015/3015
f 3018/3018/3018 3017/3017/3017 3015/3015/3015
f 3020/3020/3020 3019/3019/3019 3018/3018/3018
f 3021/3021/3021 3020/3020/3020 3018/3018/3018
f 3024/3024/3024 3023/3023/3023 3022/3022/3022
f 3025/3025/3025 3024/3024/3024 3022/3022/3022
f 3028/3028/3028 3027/3027/3027 3026/3026/3026
f 3029/3029/3029 3028/3028/3028 3026/3026/3026
f 3032/3032/3032 3031/3031/3031 3030/3030/3030
f 3033/3033/3033 3032/3032/3032 3030/3030/3030
f 3036/3036/3036 3035/3035/3035 3034/3034/3034
f 3037/3037/3037 3036/3036/3036 3034/3034/3034
f 3040/3040/3040 3039/3039/3039 3038/3038/3038
f 3041/3041/3041 3040/3040/3040 3038/3038/3038
f 3044/3044/3044 3043/3043/3043 3042/3042/3042
f 3043/3043/3043 3045/3045/3045 3042/3042/3042
f 3045/3045/3045 3043/3043/3043 3046/3046/3046
f 3043/3043/3043 3047/3047/3047 3046/3046/3046
f 3050/3050/3050 3049/3049/3049 3048/3048/3048
f 3051/3051/3051 3050/3050/3050 3048/3048/3048
f 3054/3054/3054 3053/3053/3053 3052/3052/3052
f 3055/3055/3055 3054/3054/3054 3052/3052/3052
f 3058/3058/3058 3057/3057/3057 3056/3056/3056
f 3057/3057/3057 3059/3059/3059 3056/3056/3056
f 3060/3060/3060 3059/3059/3059 3057/3057/3057
f 3061/3061/3061 3060/3060/3060 3057/3057/3057
f 3064/3064/3064 3063/3063/3063 3062/3062/3062
f 3065/3065/3065 3064/3064/3064 3062/3062/3062
f 3068/3068/3068 3067/3067/3067 3066/3066/3066
f 3069/3069/3069 3068/3068/3068 3066/3066/3066
f 3072/3072/3072 3071/3071/3071 3070/3070/3070
f 3073/3073/3073 3072/3072/3072 3070/3070/3070
f 3076/3076/3076 3075/3075/3075 3074/3074/3074
f 3077/3077/3077 3076/3076/3076 3074/3074/3074
f 3080/3080/3080 3079/3079/3079 3078/3078/3078
f 3079/3079/3079 3081/3081/3081 3078/3078/3078
f 3081/3081/3081 3083/3083/3083 3082/3082/3082
f 3083/3083/3083 3084/3084/3084 3082/3082/3082
f 3087/3087/3087 3086/3086/3086 3085/3085/3085
f 3088/3088/3088 3087/3087/3087 3085/3085/3085
f 3091/3091/3091 3090/3090/3090 3089/3089/3089
f 3092/3092/3092 3091/3091/3091 3089/3089/3089
f 3095/3095/3095 3094/3094/3094 3093/3093/3093
f 3096/3096/3096 3095/3095/3095 3093/3093/3093
f 3099/3099/3099 3098/3098/3098 3097/3097/3097
f 3100/3100/3100 3099/3099/3099 3097/3097/3097
f 3103/3103/3103 3102/3102/3102 3101/3101/3101
f 3104/3104/3104 3103/3103/3103 3101/3101/3101
f 3107/3107/3107 3106/3106/3106 3105/3105/3105
f 3108/3108/3108 3107/3107/3107 3105/3105/3105
f 3111/3111/3111 3110/3110/3110 3109/3109/3109
f 3112/3112/3112 3111/3111/3111 3109/3109/3109
f 3115/3115/3115 3114/3114/3114 3113/3113/3113
f 3116/3116/3116 3115/3115/3115 3113/3113/3113
f 3119/3119/3119 3118/3118/3118 3117/3117/3117
f 3120/3120/3120 3119/3119/3119 3117/3117/3117
f 3123/3123/3123 3122/3122/3122 3121/3121/3121
f 3124/3124/3124 3123/3123/3123 3121/3121/3121
f 3127/3127/3127 3126/3126/3126 3125/3125/3125
f 3128/3128/3128 3127/3127/3127 3125/3125/3125
f 3131/3131/3131 3130/3130/3130 3129/3129/3129
f 3132/3132/3132 3131/3131/3131 3129/3129/3129
f 3135/3135/3135 3134/3134/3134 3133/3133/3133
f 3136/3136/3136 3135/3135/3135 3133/3133/3133
f 3139/3139/3139 3138/3138/3138 3137/3137/3137
f 3140/3140/3140 3139/3139/3139 3137/3137/3137
f 3143/3143/3143 3142/3142/3142 3141/3141/3141
f 3144/3144/3144 3143/3143/3143 3141/3141/3141
f 3147/3147/3147 3146/3146/3146 3145/3145/3145
f 3148/3148/3148 3147/3147/3147 3145/3145/3145
f 3151/3151/3151 3150/3150/3150 3149/3149/3149
f 3152/3152/3152 3151/3151/3151 3149/3149/3149
f 3155/3155/3155 3154/3154/3154 3153/3153/3153
f 3156/3156/3156 3155/3155/3155 3153/3153/3153
f 3159/3159/3159 3158/3158/3158 3157/3157/3157
f 3160/3160/3160 3159/3159/3159 3157/3157/3157
f 3163/3163/3163 3162/3162/3162 3161/3161/3161
f 3164/3164/3164 3163/3163/3163 3161/3161/3161
f 3167/3167/3167 3166/3166/3166 3165/3165/3165
f 3168/3168/3168 3167/3167/3167 3165/3165/3165
f 3171/3171/3171 3170/3170/3170 3169/3169/3169
f 3172/3172/3172 3171/3171/3171 3169/3169/3169
