g PlayerCharacter_01
v -0.0978530645 0.530885696 0.125951588
v -0.227180272 0.560869873 0.0748964697
v -0.109569207 0.623760104 0.123264261
v -0.0146505637 0.613346338 0.0754352435
v 4.76837148E-09 0.616857886 0.163234055
v -0.109569207 0.623760104 0.123264261
v -0.111622557 0.629293621 0.166033238
v -0.227180272 0.560869873 0.0748964697
v -0.208622858 0.643938363 0.0736176074
v 0.111622557 0.62929368 0.166033238
v 4.76837148E-09 0.751052678 0.162413016
v 0.115615807 0.759492457 0.151780769
v 4.76837192E-09 0.891124785 0.163636431
v 0.116829947 0.901452303 0.150930226
v 4.76837192E-09 1.04624879 0.163186982
v 0.210407525 0.769924164 0.107218578
v 0.224940374 0.654265404 0.100963168
v 0.111622557 0.62929368 0.166033238
v 0.109569214 0.623760104 0.123264253
v 0.200534716 0.911571681 0.106917121
v 0.105812624 1.05511475 0.153737336
v 4.76837192E-09 1.04624879 0.163186982
v 0.17641367 1.06239712 0.102419317
v 0.0855766535 1.21552837 0.120816305
v 1.36239187E-09 1.21388531 0.138748407
v 0.0855766535 1.21552837 0.120816305
v 0.152835503 1.22068238 0.0633236095
v 0.208622858 0.643938363 0.0736176074
v 0.109569214 0.623760104 0.123264253
v 0.268477857 0.680141568 0.00775590306
v 0.224940374 0.654265404 0.100963168
v -0.0855766535 1.21552837 0.120816313
v 1.36239187E-09 1.21388531 0.138748407
v 0.248947784 0.778499305 -0.0171774831
v 0.210407525 0.769924164 0.107218578
v 0.200534716 0.911571681 0.106917121
v 0.234779969 0.923401475 -0.000574081379
v 0.17641367 1.06239712 0.102419317
v 0.210253254 1.06749976 0.000502990966
v 0.189565927 1.22676849 -0.0165823903
v 0.202569798 0.921604156 -0.121047653
v 0.248947784 0.778499305 -0.0171774831
v 0.17758657 1.06078398 -0.119291767
v 0.189565927 1.22676849 -0.0165823903
v 0.234779969 0.923401475 -0.000574081379
v 0.17641367 1.06239712 0.102419317
v -0.105618969 1.05618417 0.153737366
v 4.76837192E-09 1.04624879 0.163186982
v -0.116493315 0.903330147 0.151102036
v 4.76837192E-09 0.891124785 0.163636431
v -0.115444362 0.760520995 0.151928738
v 4.76837148E-09 0.751052678 0.162413016
v 4.76837148E-09 0.616857886 0.163234055
v -0.200178981 0.914119244 0.107137956
v -0.176181719 1.06419504 0.102419324
v -0.0855766535 1.21552837 0.120816313
v -0.152835503 1.22068238 0.0633236095
v -0.210259542 0.77089864 0.107399583
v -0.224940374 0.654265404 0.100963168
v -0.111622557 0.629293621 0.166033238
v -0.109569207 0.623760104 0.123264261
v -0.208622858 0.643938363 0.0736176074
v -0.109569207 0.623760104 0.123264261
v -0.224940374 0.654265404 0.100963168
v -0.268477857 0.680141568 0.00775590306
v -0.248892993 0.778930187 -0.0170029942
v -0.210259542 0.77089864 0.107399583
v -0.200178981 0.914119244 0.107137956
v -0.234519497 0.925851285 -0.000364584906
v -0.176181719 1.06419504 0.102419324
v -0.210020408 1.0696497 0.000502991665
v -0.189565927 1.22676849 -0.0165823903
v -0.177335203 1.06259096 -0.119291767
v -0.189565927 1.22676849 -0.0165823903
v -0.202370301 0.923208356 -0.120864913
v -0.248892993 0.778930187 -0.0170029942
v -0.212335989 0.780267239 -0.141115502
v -0.252386957 0.687756121 -0.0972808227
v -0.150486052 1.22613966 -0.0955023393
v -0.189565927 1.22676849 -0.0165823903
v -0.239020035 0.676514983 -0.0857867822
v -0.214689285 0.656294703 -0.163967237
v -0.239020035 0.676514983 -0.0857867822
v -0.251544058 0.654405415 -0.0414437465
v -0.279558033 0.596293628 -0.0541993417
v -0.279558033 0.596293628 -0.0541993417
v -0.227180272 0.560869873 0.0748964697
v -0.237980038 0.594467878 -0.19403103
v -0.214689285 0.656294703 -0.163967237
v -0.0105384635 0.552988768 -0.200326547
v 0.0159375481 0.535864949 -0.0667481795
v -0.0141467759 0.627125919 -0.164008349
v 0.0159375481 0.535864949 -0.0667481795
v 4.76837192E-09 0.610900342 -0.0350376293
v -0.0105384635 0.552988768 -0.200326547
v -0.109754942 0.641542971 -0.215850636
v -0.112940274 0.587764144 -0.259941876
v -0.237980038 0.594467878 -0.19403103
v -0.214689285 0.656294703 -0.163967237
v -0.237980038 0.594467878 -0.19403103
v -0.229743168 0.667033076 -0.180536777
v -0.109754942 0.641542971 -0.215850636
v -0.112696484 0.64780736 -0.24215053
v -0 0.629717529 -0.228138342
v -0.0141467759 0.627125919 -0.164008349
v 4.76837192E-09 0.610900342 -0.0350376293
v -0 0.629717529 -0.228138342
v -0.112940274 0.587764144 -0.259941876
v -0.0105384635 0.552988768 -0.200326547
v -0.109754942 0.641542971 -0.215850636
v -0.0978530645 0.530885696 0.125951588
v -0.11563997 0.502433717 -0.0300785992
v -0.227180272 0.560869873 0.0748964697
v -0.00246432307 0.525394499 0.0701435804
v -0.0978530645 0.530885696 0.125951588
v -0.279558033 0.596293628 -0.0541993417
v -0.237980038 0.594467878 -0.19403103
v -0.227180272 0.560869873 0.0748964697
v -0.112940274 0.587764144 -0.259941876
v -0.11563997 0.502433717 -0.0300785992
v -0.0105384635 0.552988768 -0.200326547
v -0.237980038 0.594467878 -0.19403103
v -0.112940274 0.587764144 -0.259941876
v 0.0159375481 0.535864949 -0.0667481795
v -0.00246432307 0.525394499 0.0701435804
v -0.0105384635 0.552988768 -0.200326547
v -0.189565927 1.22676849 -0.0165823903
v -0.152835503 1.22068238 0.0633236095
v -0.176181719 1.06419504 0.102419324
v -0.0767934769 1.22525203 -0.132379055
v -0.150486052 1.22613966 -0.0955023393
v -0.177335203 1.06259096 -0.119291767
v -0.248892993 0.778930187 -0.0170029942
v -0.251544058 0.654405415 -0.0414437465
v -0.239020035 0.676514983 -0.0857867822
v -0.239020035 0.676514983 -0.0857867822
v -0.252386957 0.687756121 -0.0972808227
v -0.229743168 0.667033076 -0.180536777
v -0.212335989 0.780267239 -0.141115502
v -0.251544058 0.654405415 -0.0414437465
v -0.248892993 0.778930187 -0.0170029942
v -0.244302586 0.667343378 0.00540714711
v -0.248892993 0.778930187 -0.0170029942
v -0.268477857 0.680141568 0.00775590306
v -0.244302586 0.667343378 0.00540714711
v -0.244302586 0.667343378 0.00540714711
v -0.268477857 0.680141568 0.00775590306
v -0.208622858 0.643938363 0.0736176074
v -0.268477857 0.680141568 0.00775590306
v -0.224940374 0.654265404 0.100963168
v -0.208622858 0.643938363 0.0736176074
v -0.251544058 0.654405415 -0.0414437465
v -0.227180272 0.560869873 0.0748964697
v -0.244302586 0.667343378 0.00540714711
v -0.0146505637 0.613346338 0.0754352435
v 4.76837148E-09 0.616857886 0.163234055
v 4.76837192E-09 0.610900342 -0.0350376293
v -0.214689285 0.656294703 -0.163967237
v -0.229743168 0.667033076 -0.180536777
v -0.252386957 0.687756121 -0.0972808227
v -0.225878328 0.076067999 0.0383784436
v -0.219419286 0.419001222 0.060568545
v -0.13041091 0.0857265443 0.111752138
v -0.219419286 0.419001222 0.060568545
v -0.12668179 0.419001222 0.139486581
v -0.214380234 0.571997046 0.069842793
v -0.247544974 0.571997046 -0.0326337554
v -0.25336358 0.419001222 -0.0472354889
v -0.225878328 0.076067999 0.0383784436
v -0.260821819 0.0712156668 -0.0618518516
v -0.219091579 0.571997046 -0.138267651
v -0.230972737 0.419001222 -0.161255419
v -0.260821819 0.0712156668 -0.0618518516
v -0.216445506 0.622404337 -0.131131604
v -0.247797415 0.622404337 -0.0290335454
v -0.123772487 0.571997046 0.144860834
v -0.214598864 0.622404337 0.073082976
v 2.24695772E-17 0.419001222 0.168372571
v -0.13041091 0.0857265443 0.111752138
v -0.214588389 0.759386897 -0.12045677
v -0.24778533 0.759386897 -0.0223478805
v -0.123892665 0.759386897 -0.192277491
v -0.118278332 0.913350284 -0.187254936
v -0.127599537 0.622404337 -0.204505265
v -0.219091579 0.571997046 -0.138267651
v -0.129773855 0.571997046 -0.213285685
v -0.230972737 0.419001222 -0.161255419
v -0.138235241 0.419001222 -0.240173444
v -0.229319587 0.0655553043 -0.166317478
v -0.133852169 0.0621175356 -0.239691094
v -2.3655506E-17 0.905650616 -0.208267316
v -2.23135808E-17 1.0597769 -0.197309703
v -2.49166868E-17 0.759386897 -0.218565673
v -0.127599537 0.622404337 -0.204505265
v -2.62550419E-17 0.622404337 -0.22949414
v -0.129773855 0.571997046 -0.213285685
v -2.72461101E-17 0.571997046 -0.237586856
v -3.03391618E-17 0.419001222 -0.262843549
v -0.133852169 0.0621175356 -0.239691094
v -3.02741222E-17 0.0621175356 -0.262312472
v -0.204864055 0.922644556 -0.113350198
v -0.186461329 1.06745887 -0.116307721
v -0.214588389 0.759386897 -0.12045677
v -0.236556664 0.925813198 -0.0141729629
v -0.210659727 1.06995368 -0.0158991683
v -0.186461329 1.06745887 -0.116307721
v -0.150486052 1.22613966 -0.0955023393
v -0.214588389 0.759386897 0.0845048949
v -0.236556664 0.925813198 -0.0141729629
v -0.123898707 0.622404337 0.147455052
v -0.204864055 0.922644556 0.0936895907
v -0.210659727 1.06995368 -0.0158991683
v -0.180196598 1.06495738 0.0921173468
v -0.152835503 1.22068238 0.0633236095
v -0.123892665 0.759386897 0.156325608
v -0.204864055 0.922644556 0.0936895907
v 2.29529153E-17 0.571997046 0.172319308
v 2.28436431E-17 0.622404337 0.171427056
v 2.31428046E-17 0.759386897 0.173869893
v 0.123898707 0.622404337 0.147455052
v 0.123892665 0.759386897 0.156325608
v 0.123772487 0.571997046 0.144860834
v 0.214588389 0.759386897 0.0845048949
v 0.204864055 0.922644556 0.0936895907
v 0.214598864 0.622404337 0.073082976
v 0.12668179 0.419001222 0.139486581
v 0.13041091 0.0857265443 0.111752138
v 0.214380234 0.571997046 0.069842793
v 0.219419286 0.419001222 0.060568545
v 0.13041091 0.0857265443 0.111752138
v 0.24778533 0.759386897 -0.0223478805
v 0.247797415 0.622404337 -0.0290335454
v 0.247544974 0.571997046 -0.0326337554
v 0.236556664 0.925813198 -0.0141729629
v 0.204864055 0.922644556 0.0936895907
v 0.210659727 1.06995368 -0.0158991683
v 0.180196583 1.06495738 0.0921173468
v 0.152835503 1.22068238 0.0633236095
v 0.25336358 0.419001222 -0.0472354889
v 0.225878328 0.076067999 0.0383784436
v 0.260821819 0.0712156668 -0.0618518516
v 0.219091579 0.571997046 -0.138267651
v 0.230972737 0.419001222 -0.161255419
v 0.260821819 0.0712156668 -0.0618518516
v 0.216445506 0.622404337 -0.131131604
v 0.214588389 0.759386897 -0.12045677
v 0.123892665 0.759386897 -0.192277491
v 0.118278332 0.913350284 -0.187254936
v 0.127599537 0.622404337 -0.204505265
v 0.219091579 0.571997046 -0.138267651
v 0.129773855 0.571997046 -0.213285685
v 0.230972737 0.419001222 -0.161255419
v 0.138235241 0.419001222 -0.240173444
v 0.229319587 0.0655553043 -0.166317478
v 0.133852169 0.0621175356 -0.239691094
v -2.3655506E-17 0.905650616 -0.208267316
v -2.23135808E-17 1.0597769 -0.197309703
v -2.49166868E-17 0.759386897 -0.218565673
v 0.127599537 0.622404337 -0.204505265
v -2.62550419E-17 0.622404337 -0.22949414
v 0.129773855 0.571997046 -0.213285685
v -2.72461101E-17 0.571997046 -0.237586856
v -3.03391618E-17 0.419001222 -0.262843549
v 0.133852169 0.0621175356 -0.239691094
v -3.02741222E-17 0.0621175356 -0.262312472
v 0.204864055 0.922644556 -0.113350198
v 0.186461329 1.06745887 -0.116307721
v 0.214588389 0.759386897 -0.12045677
v 0.236556664 0.925813198 -0.0141729629
v 0.210659727 1.06995368 -0.0158991683
v 0.186461329 1.06745887 -0.116307721
v 0.150486052 1.22613966 -0.0955023393
v 1.88245611E-17 0.076067999 0.138608754
v -0.13041091 0.0857265443 0.111752138
v 2.24695772E-17 0.419001222 0.168372571
v -0.229319587 0.0655553043 -0.166317478
v -0.260821819 0.0712156668 -0.0618518516
v -0.13041091 0.0857265443 0.111752138
v -5.72478095E-18 0.149408907 -0.0618518516
v -0.225878328 0.076067999 0.0383784436
v 1.88245611E-17 0.076067999 0.138608754
v -0.13041091 0.0857265443 0.111752138
v -0.133852169 0.0621175356 -0.239691094
v -3.02741222E-17 0.0621175356 -0.262312472
v -0.229319587 0.0655553043 -0.166317478
v -0.133852169 0.0621175356 -0.239691094
v -0.260821819 0.0712156668 -0.0618518516
v -0.229319587 0.0655553043 -0.166317478
v -0.225878328 0.076067999 0.0383784436
v -0.150486052 1.22613966 -0.0955023393
v -0.189565927 1.22676849 -0.0165823903
v -0.210659727 1.06995368 -0.0158991683
v -0.108535372 1.06459987 -0.184680417
v -0.0767934769 1.22525203 -0.132379055
v -0.150486052 1.22613966 -0.0955023393
v -2.23135808E-17 1.0597769 -0.197309703
v -0.118278332 0.913350284 -0.187254936
v -0.0767934769 1.22525203 -0.132379055
v 1.36239187E-09 1.22292304 -0.148319826
v -0.108535372 1.06459987 -0.184680417
v -0.186461329 1.06745887 -0.116307721
v -0.150486052 1.22613966 -0.0955023393
v -0.210659727 1.06995368 -0.0158991683
v -0.189565927 1.22676849 -0.0165823903
v -0.152835503 1.22068238 0.0633236095
v 0.078141965 1.78546476 -0.0789555311
v 0.0830589384 1.87743831 -0.100107573
v -1.34975122E-17 1.84432054 -0.110215545
v 0.129159629 1.82315683 -0.0132789211
v 0.078141965 1.78546476 -0.0789555311
v 0.0886753276 1.97574627 -0.0132789211
v 0.0603409261 1.96722937 -0.123506352
v 0.0603409261 1.96722937 -0.123506352
v -2.12322374E-17 1.83044004 -0.173374385
v 0.0886753276 1.97574627 -0.0132789211
v -1.62619893E-18 2.018152 -0.0132789211
v 0.0665825307 1.95797074 0.195005044
v 2.47337144E-17 2.00037646 0.201966092
v -0.0665825307 1.95797074 0.195005044
v -1.34975122E-17 1.84432054 -0.110215545
v -2.12322374E-17 1.83044004 -0.173374385
v -0.0830589384 1.87743831 -0.100107573
v -2.12322374E-17 1.83044004 -0.173374385
v -1.57968352E-17 1.978809 -0.128990948
v -0.0603409261 1.96722937 -0.123506352
v -1.62619893E-18 2.018152 -0.0132789211
v -0.0603409261 1.96722937 -0.123506352
v -1.57968352E-17 1.978809 -0.128990948
v 0.0603409261 1.96722937 -0.123506352
v -1.62619893E-18 2.018152 -0.0132789211
v 0.0603409261 1.96722937 -0.123506352
v -2.12322374E-17 1.83044004 -0.173374385
v 2.47337144E-17 2.00037646 0.201966092
v 0.0665825307 1.95797074 0.195005044
v 3.66674897E-18 1.82315683 0.0299412794
v 2.47337144E-17 2.00037646 0.201966092
v 3.66674897E-18 1.82315683 0.0299412794
v -0.0665825307 1.95797074 0.195005044
v 0.117282197 1.71902573 0.147614777
v 0.0909793451 1.65530896 0.0967463255
v 3.65215295E-18 1.67209256 0.0298220906
v 3.66674897E-18 1.82315683 0.0299412794
v 0.117282197 1.71902573 0.147614777
v 0.0665825307 1.95797074 0.195005044
v 3.66674897E-18 1.82315683 0.0299412794
v 3.65215295E-18 1.67209256 0.0298220906
v -0.0689080507 1.66527903 0.0496997051
v 0.0993640199 1.76378882 -0.0132789211
v 0.078141965 1.78546476 -0.0789555311
v -1.62619893E-18 1.75035989 -0.0132789211
v 0.078141965 1.78546476 -0.0789555311
v -1.02187651E-17 1.77817774 -0.0834425539
v -1.62619893E-18 1.75035989 -0.0132789211
v 0.0993640199 1.76378882 -0.0132789211
v 3.65215295E-18 1.67209256 0.0298220906
v -0.0993640199 1.76378882 -0.0132789211
v -1.62619893E-18 1.75035989 -0.0132789211
v -0.078141965 1.78546476 -0.0789555311
v -1.62619893E-18 1.75035989 -0.0132789211
v -1.02187651E-17 1.77817774 -0.0834425539
v -0.078141965 1.78546476 -0.0789555311
v -0.0993640199 1.76378882 -0.0132789211
v -0.0689080507 1.66527903 0.0496997051
v -0.078141965 1.78546476 -0.0789555311
v -0.0830589384 1.87743831 -0.100107573
v -0.129159629 1.82315683 -0.0132789211
v 0.0665825307 1.95797074 0.195005044
v 2.47337144E-17 2.00037646 0.201966092
v -1.62619893E-18 2.018152 -0.0132789211
v -0.0886753276 1.97574627 -0.0132789211
v -0.0665825307 1.95797074 0.195005044
v -0.0603409261 1.96722937 -0.123506352
v -0.0830589384 1.87743831 -0.100107573
v -0.0886753276 1.97574627 -0.0132789211
v -2.12322374E-17 1.83044004 -0.173374385
v -1.34975122E-17 1.84432054 -0.110215545
v -0.078141965 1.78546476 -0.0789555311
v 0.0909793451 1.65530896 0.0967463255
v 0.117282197 1.71902573 0.147614777
v 0.0993640199 1.76378882 -0.0132789211
v 0.117282197 1.71902573 0.147614777
v 0.129159629 1.82315683 -0.0132789211
v 0.0993640199 1.76378882 -0.0132789211
v 0.129159629 1.82315683 -0.0132789211
v 0.078141965 1.78546476 -0.0789555311
v 0.0886753276 1.97574627 -0.0132789211
v 0.0830589384 1.87743831 -0.100107573
v 0.0665825307 1.95797074 0.195005044
v 0.117282197 1.71902573 0.147614777
v 0.0909793451 1.65530896 0.0967463255
v 0.0993640199 1.76378882 -0.0132789211
v 3.65215295E-18 1.67209256 0.0298220906
v 3.65215295E-18 1.67209256 0.0298220906
v -1.62619893E-18 1.75035989 -0.0132789211
v -0.0689080507 1.66527903 0.0496997051
v -0.117282197 1.71902573 0.147614777
v -0.0909793451 1.65530896 0.0967463255
v -0.0993640199 1.76378882 -0.0132789211
v 0.078141965 1.78546476 -0.0789555311
v -1.34975122E-17 1.84432054 -0.110215545
v -1.02187651E-17 1.77817774 -0.0834425539
v -1.02187651E-17 1.77817774 -0.0834425539
v -1.34975122E-17 1.84432054 -0.110215545
v -0.078141965 1.78546476 -0.0789555311
v 0.0830589384 1.87743831 -0.100107573
v -2.12322374E-17 1.83044004 -0.173374385
v -1.34975122E-17 1.84432054 -0.110215545
v -0.0689080507 1.66527903 0.0496997051
v -0.0909793451 1.65530896 0.0967463255
v -0.117282197 1.71902573 0.147614777
v -0.0993640199 1.76378882 -0.0132789211
v -0.0909793451 1.65530896 0.0967463255
v -0.0689080507 1.66527903 0.0496997051
v 0.218940482 1.51431441 -0.0597794503
v 0.190807283 1.47048855 0.0380954184
v 0.219576716 1.52991486 0.0280977394
v 0.219576716 1.52991486 0.0280977394
v 0.181246564 1.51173675 0.0804757699
v 0.219976962 1.60006464 0.0444649309
v -0 1.65771389 0.0971273333
v -0 1.6965698 0.0690158233
v 0.046779871 1.70218039 0.0576822646
v 0.0602582097 1.78798246 -0.0597660206
v -0 1.79244804 -0.0873743445
v 0.0832417756 1.73143709 -0.141418219
v -0 1.79244804 -0.0873743445
v -0 1.73287535 -0.152034521
v 0.0832417756 1.73143709 -0.141418219
v 0.225987673 1.70636511 -0.0597928353
v 0.224190444 1.67419779 0.023153035
v 0.178973079 1.72402251 -0.0667467117
v 0.179902911 1.67205667 0.0414814129
v 0.122907944 1.71005273 0.0223362911
v 0.224190444 1.67419779 0.023153035
v 0.179902911 1.67205667 0.0414814129
v 0.178973079 1.72402251 -0.0667467117
v 0.219976962 1.60006464 0.0444649309
v 0.176508173 1.596681 0.0805447549
v 0.224190444 1.67419779 -0.144074678
v 0.170766771 1.67318976 -0.170223251
v 0.219958916 1.59955871 -0.163991347
v 0.0885900259 1.67188156 -0.194609791
v 0.0832417756 1.73143709 -0.141418219
v 0.167863801 1.54068351 -0.199086502
v 0.0832417756 1.73143709 -0.141418219
v -0 1.73287535 -0.152034521
v 0.170766771 1.67318976 -0.170223251
v 0.167863801 1.54068351 -0.199086502
v 0.219958916 1.59955871 -0.163991347
v 0.224190444 1.67419779 0.023153035
v 0.219976962 1.60006464 0.0444649309
v 0.179902911 1.67205667 0.0414814129
v 0.181246564 1.51173675 0.0804757699
v 0.176508173 1.596681 0.0805447549
v 0.225987673 1.70636511 -0.0597928353
v 0.178973079 1.72402251 -0.0667467117
v 0.224190444 1.67419779 -0.144074678
v 0.170766771 1.67318976 -0.170223251
v 0.0832417756 1.73143709 -0.141418219
v 0.116328083 1.75716996 -0.0633364543
v 0.0602582097 1.78798246 -0.0597660206
v 0.178973079 1.72402251 -0.0667467117
v 0.170766771 1.67318976 -0.170223251
v 0.224190444 1.67419779 -0.144074678
v 1.36239187E-09 1.22292304 -0.148319826
v 0.0767934844 1.22525203 -0.13237904
v -0 1.30887675 -0.153211907
v 0.150486052 1.22613966 -0.0955023393
v 0.149358675 1.31021512 -0.101344906
v 0.149358675 1.31021512 -0.101344906
v 0.186631143 1.31208587 -0.0274324194
v 0.217869967 1.41016734 -0.0526989885
v 0.189565927 1.22676849 -0.0165823903
v 0.186631143 1.31208587 -0.0274324194
v 0.155684203 1.30917871 0.0584008023
v 0.177394345 1.39325142 0.0496487133
v 0.152835503 1.22068238 0.0633236095
v 0.0922578871 1.31143034 0.118379973
v 0.0855766535 1.21552837 0.120816305
v -0 1.31625545 0.135954484
v 0.0953773111 1.38929868 0.12310151
v 0.0855766535 1.21552837 0.120816305
v 1.36239187E-09 1.21388531 0.138748407
v 0.155684203 1.30917871 0.0584008023
v 0.0953773111 1.38929868 0.12310151
v 0.177394345 1.39325142 0.0496487133
v 0.0942386687 1.44735277 0.120028652
v -0.0855766535 1.21552837 0.120816313
v -0 1.31625545 0.135954484
v -0.0922578871 1.31143034 0.118379973
v -0.152835503 1.22068238 0.0633236095
v -0.0953773111 1.38929868 0.12310151
v -0.155684203 1.30917871 0.0584008023
v -0.189565927 1.22676849 -0.0165823903
v -0.177394345 1.39325142 0.0496487133
v -0.0942386687 1.44735277 0.120028652
v -0.186631143 1.31208587 -0.0274324194
v -0.177394345 1.39325142 0.0496487133
v -0.150486052 1.22613966 -0.0955023393
v -0.186631143 1.31208587 -0.0274324194
v -0.149358675 1.31021512 -0.101344906
v -0.217869967 1.41016734 -0.0526989885
v -0.0767934769 1.22525203 -0.132379055
v -0.149358675 1.31021512 -0.101344906
v -0.190807283 1.47048855 0.0380954184
v -0.181246564 1.51173675 0.0804757699
v -0.177394345 1.39325142 0.0496487133
v -0.217869967 1.41016734 -0.0526989885
v -0.218940482 1.51431441 -0.0597794503
v -0.176508173 1.596681 0.0805447549
v -0.086954467 1.59724915 0.119272202
v -0.0854198039 1.66287029 0.0871174857
v -0.186631143 1.31208587 -0.0274324194
v -0.217869967 1.41016734 -0.0526989885
v -0.190807283 1.47048855 0.0380954184
v -0.219576702 1.52862 -0.159965813
v -0.217869967 1.41016734 -0.0526989885
v -0.182752818 1.41858804 -0.148751557
v -0.149358675 1.31021512 -0.101344906
v -0.092070289 1.50422204 0.132887587
v -0 1.45611858 0.131356835
v -0 1.51501548 0.142469898
v -0.086954467 1.59724915 0.119272202
v -0.0942386687 1.44735277 0.120028652
v -0 1.39611018 0.140844509
v -0.0953773111 1.38929868 0.12310151
v -0 1.31625545 0.135954484
v -0.0854198039 1.66287029 0.0871174857
v -0 1.65771389 0.0971273333
v -0.046779871 1.70218039 0.0576822646
v 0.086954467 1.59724915 0.119272202
v -0 1.59940612 0.128700852
v -0 1.51501548 0.142469898
v 0.092070289 1.50422204 0.132887587
v 0.086954467 1.59724915 0.119272202
v -0 1.45611858 0.131356835
v 0.0854198039 1.66287029 0.0871174857
v -0 1.65771389 0.0971273333
v 0.046779871 1.70218039 0.0576822646
v -0 1.59940612 0.128700852
v -0.086954467 1.59724915 0.119272202
v -0 1.51501548 0.142469898
v -0 1.39611018 0.140844509
v 0.0942386687 1.44735277 0.120028652
v 0.0953773111 1.38929868 0.12310151
v -0 1.31625545 0.135954484
v 0.190807283 1.47048855 0.0380954184
v 0.181246564 1.51173675 0.0804757699
v 0.177394345 1.39325142 0.0496487133
v 0.217869967 1.41016734 -0.0526989885
v 0.218940482 1.51431441 -0.0597794503
v 0.176508173 1.596681 0.0805447549
v 0.086954467 1.59724915 0.119272202
v 0.0854198039 1.66287029 0.0871174857
v 0.217869967 1.41016734 -0.0526989885
v 0.186631143 1.31208587 -0.0274324194
v 0.190807283 1.47048855 0.0380954184
v 0.219576702 1.52862 -0.159965813
v 0.217869967 1.41016734 -0.0526989885
v 0.182752818 1.41858804 -0.148751557
v 0.149358675 1.31021512 -0.101344906
v 0.046779871 1.70218039 0.0576822646
v -0 1.6965698 0.0690158233
v -0 1.71802688 0.0793371871
v 0.0764171332 1.77411008 0.016759092
v 0.0525633693 1.77906179 0.0482505225
v 0.0760682449 1.83232284 0.0405655392
v 0.0525633693 1.77906179 0.0482505225
v 0.0443042666 1.73169506 0.0546491854
v 2.29385364E-07 1.74966776 0.0841642916
v 0.0443042666 1.73169506 0.0546491854
v -0 1.71802688 0.0793371871
v 0.046779871 1.70218039 0.0576822646
v 0.122907944 1.71005273 0.0223362911
v 0.0854198039 1.66287029 0.0871174857
v 0.087155968 1.7379638 0.015615481
v 0.0764171332 1.77411008 0.016759092
v 0.0443042666 1.73169506 0.0546491854
v 0.046779871 1.70218039 0.0576822646
v -0.0443042666 1.73169506 0.0546491854
v 2.29385364E-07 1.74966776 0.0841642916
v -0.046779871 1.70218039 0.0576822646
v -0.0443042666 1.73169506 0.0546491854
v -0.0525759123 1.77906179 0.0482505225
v -0.122907944 1.71005273 0.0223362911
v -0.0854198039 1.66287029 0.0871174857
v -0.087155968 1.7379638 0.015615481
v -0.046779871 1.70218039 0.0576822646
v -0.0443042666 1.73169506 0.0546491854
v -0.0764171332 1.77411008 0.016759092
v 2.2926325E-07 1.85648108 -0.0535034686
v -0 1.8267138 -0.0645048618
v 0.0456933454 1.85400772 -0.0364219621
v -0 1.8267138 -0.0645048618
v 0.0500097126 1.81960082 -0.0450499728
v 0.0456933454 1.85400772 -0.0364219621
v 0.0456933454 1.85400772 -0.0364219621
v 0.0689837486 1.83595657 0.0157096051
v 0.0500097126 1.81960082 -0.0450499728
v 0.0764171332 1.77411008 0.016759092
v 0.0760682449 1.83232284 0.0405655392
v 0.0689837486 1.83595657 0.0157096051
v 0.0764171332 1.77411008 0.016759092
v 0.0443042666 1.73169506 0.0546491854
v 0.0525633693 1.77906179 0.0482505225
v 0.165680811 0.542411089 -0.00194522855
v 0.178023234 0.436394334 -0.020533748
v 0.103344232 0.524837315 0.0173743106
v 0.161868036 0.592868567 0.0293064062
v 0.188424721 0.613112986 -0.0553957373
v 0.194782212 0.663363039 -0.0418335609
v 0.130199954 0.615786791 0.0633511767
v 0.162313834 0.670714855 0.0577329099
v 0.188897714 0.564738929 -0.0759657472
v 0.165680811 0.542411089 -0.00194522855
v 0.213702008 0.450902522 -0.0952435508
v 0.103344232 0.524837315 0.0173743106
v 0.127135441 0.570465326 0.0521879047
v 0.213702008 0.450902522 -0.0952435508
v 0.178023234 0.436394334 -0.020533748
v 0.186452225 0.301989079 -0.100540213
v 0.16335018 0.293986589 -0.0316916779
v 0.159579962 0.164657131 -0.087618731
v 0.141412482 0.166174084 -0.0357899033
v 0.154536128 0.115991779 -0.0252021048
v 0.16335018 0.293986589 -0.0316916779
v 0.102784306 0.287788481 -0.0109472889
v 0.102784306 0.287788481 -0.0109472889
v 0.100646682 0.416490406 0.00659798598
v 0.103836246 0.170433313 -0.019133091
v 0.106979042 0.131077632 -0.00124387257
v 0.103344232 0.524837315 0.0173743106
v 0.100646682 0.416490406 0.00659798598
v 0.037332572 0.542447448 -0.0674502924
v 0.178023234 0.436394334 -0.020533748
v 0.103344232 0.524837315 0.0173743106
v 0.16335018 0.293986589 -0.0316916779
v 0.169647783 1.06142342 0.0901695415
v 0.18710722 0.892627835 0.104816779
v 0.0551682636 0.939166546 0.142576754
v 0.00429606438 0.840087891 0.00171196461
v 0.0604524501 0.861580014 -0.150426388
v -0 0.933961868 0.0114474054
v 0.178042501 0.75367409 -0.12385346
v 0.181574583 0.893234849 -0.126298696
v 0.0617469102 0.737639129 -0.147884429
v 0.0604524501 0.861580014 -0.150426388
v 0.00429606438 0.840087891 0.00171196461
v 0.0158577338 0.709870517 -0.0194305796
v 0.156791285 0.67073822 -0.130332246
v 0.151735574 0.623525441 -0.145052865
v 0.188424721 0.613112986 -0.0553957373
v 0.0659165382 0.671375573 -0.151313648
v 0.0617469102 0.737639129 -0.147884429
v 0.0617469102 0.737639129 -0.147884429
v 0.0158577338 0.709870517 -0.0194305796
v 0.188897714 0.564738929 -0.0759657472
v 0.152990744 0.57289052 -0.150645077
v 0.152826667 0.3082335 -0.156883121
v 0.186452225 0.301989079 -0.100540213
v 0.138525158 0.166174084 -0.134914145
v 0.213702008 0.450902522 -0.0952435508
v 0.178023234 0.436394334 -0.020533748
v 0.168394506 0.45731312 -0.180547163
v 0.213702008 0.450902522 -0.0952435508
v 0.152826667 0.3082335 -0.156883121
v 0.152826667 0.3082335 -0.156883121
v 0.0715716183 0.44491905 -0.196465284
v 0.0727051795 0.568544507 -0.168979853
v 0.037332572 0.542447448 -0.0674502924
v 0.0715716183 0.44491905 -0.196465284
v 0.0727051795 0.568544507 -0.168979853
v 0.0827007815 0.304891497 -0.172589332
v 0.0204057693 0.401748776 -0.0842763111
v 0.037332572 0.542447448 -0.0674502924
v 0.152990744 0.57289052 -0.150645077
v 0.0727051795 0.568544507 -0.168979853
v 0.151735574 0.623525441 -0.145052865
v 0.037332572 0.542447448 -0.0674502924
v 0.0649835393 0.6224913 -0.1627547
v 0.0294905566 0.595375597 -0.0458627455
v 0.0727051795 0.568544507 -0.168979853
v 0.151735574 0.623525441 -0.145052865
v 0.0294905566 0.595375597 -0.0458627455
v 0.156791285 0.67073822 -0.130332246
v 0.0242026709 0.638412356 -0.0273219626
v 0.0659165382 0.671375573 -0.151313648
v 0.0158577338 0.709870517 -0.0194305796
v 0.194782212 0.663363039 -0.0418335609
v 0.178042501 0.75367409 -0.12385346
v 0.219651371 0.749653697 -0.0225555692
v 0.22413598 0.900297701 -0.0139876558
v 0.184184179 0.748567402 0.0836111456
v 0.22413598 0.900297701 -0.0139876558
v 0.181574583 0.893234849 -0.126298696
v 0.14682585 1.00179648 -0.132231787
v 0.0457270406 0.948011577 -0.14864853
v 0.111439608 1.04823565 -0.171083942
v 0.181574583 0.893234849 -0.126298696
v 0.0457270406 0.948011577 -0.14864853
v 0.0604524501 0.861580014 -0.150426388
v 0.161868036 0.592868567 0.0293064062
v 0.162313834 0.670714855 0.0577329099
v 0.219651371 0.749653697 -0.0225555692
v 0.18710722 0.892627835 0.104816779
v 0.22413598 0.900297701 -0.0139876558
v 0.169647783 1.06142342 0.0901695415
v 0.195985481 1.06674421 -0.0379958078
v 0.146830142 1.16049182 0.0575631373
v 0.182725519 1.17044461 -0.017701434
v 0.152835503 1.22068238 0.0633236095
v 0.189565927 1.22676849 -0.0165823903
v 0.195985481 1.06674421 -0.0379958078
v 0.14682585 1.00179648 -0.132231787
v 0.0635712445 1.04067123 0.140317738
v 0.076450035 1.14576018 0.112389088
v 0.0551682636 0.939166546 0.142576754
v 0.0281993672 0.970578313 0.145312726
v 0.111439608 1.04823565 -0.171083942
v 0.195985481 1.06674421 -0.0379958078
v 0.14512974 1.16640031 -0.0991305262
v 0.150486052 1.22613966 -0.0955023393
v 0.189565927 1.22676849 -0.0165823903
v 0.14512974 1.16640031 -0.0991305262
v 0.0767934844 1.22525203 -0.13237904
v 0.0776854083 1.15716088 -0.139395416
v 0.111439608 1.04823565 -0.171083942
v 0.0776854083 1.15716088 -0.139395416
v 3.13225836E-18 1.15030336 -0.153460979
v 1.36239187E-09 1.22292304 -0.148319826
v 0.0767934844 1.22525203 -0.13237904
v 0.127135441 0.570465326 0.0521879047
v 0.103344232 0.524837315 0.0173743106
v 0.0828280896 0.572532296 0.0471671522
v 0.0828280896 0.572532296 0.0471671522
v 0.0834495723 0.616035938 0.0588999018
v 0.18710722 0.892627835 0.104816779
v 0.184184179 0.748567402 0.0836111456
v 0.0583855808 0.855151832 0.128729165
v 0.0745989755 0.73093766 0.104700029
v 0.00429606438 0.840087891 0.00171196461
v 0.0281993672 0.970578313 0.145312726
v -0 0.933961868 0.0114474054
v -0 0.978009343 0.14976716
v 0.0281993672 0.970578313 0.145312726
v 0.0583855808 0.855151832 0.128729165
v 0.18710722 0.892627835 0.104816779
v 0.00429606438 0.840087891 0.00171196461
v 0.0745989755 0.73093766 0.104700029
v 0.0158577338 0.709870517 -0.0194305796
v 0.0965250954 0.659362614 0.0669446662
v 0.0635712445 1.04067123 0.140317738
v 0.0281993672 0.970578313 0.145312726
v -0 0.978009343 0.14976716
v 0.0294905566 0.595375597 -0.0458627455
v 0.0242026709 0.638412356 -0.0273219626
v 0.0828280896 0.572532296 0.0471671522
v 0.113243729 0.0517156869 0.117410421
v 0.109084241 0.0847490951 0.0463903993
v 0.177989796 0.0326264389 0.090508908
v 0.113243729 0.0517156869 0.117410421
v 0.165491208 0.0273785926 0.134722278
v 0.109693497 0.0405864567 0.171158582
v 0.165491208 0.0273785926 0.134722278
v 0.0597131364 0.0273785926 0.160697564
v 0.052502878 0 0.169740707
v 0.113243729 0.0517156869 0.117410421
v 0.109693497 0.0405864567 0.171158582
v 0.179327384 0 0.14376542
v 0.106239632 0 0.180201754
v 0.113546409 -1.90734859E-08 -0.0847903043
v 0.167376935 -1.90734859E-08 -0.0853359103
v 0.140974194 0.00183231826 -0.147567511
v 0.113546409 -1.90734859E-08 -0.0847903043
v 0.113554493 -1.90734859E-08 0.0144551098
v 0.0540876128 -1.90734859E-08 -0.0754346475
v 0.168780342 0.0520396158 0.0196328703
v 0.180929527 -1.90734859E-08 0.0144431517
v 0.177989796 0.0326264389 0.090508908
v 0.180929527 -1.90734859E-08 0.0144431517
v 0.191922382 -7.15255721E-09 0.0906968862
v 0.177989796 0.0326264389 0.090508908
v 0.191922382 -7.15255721E-09 0.0906968862
v 0.165491208 0.0273785926 0.134722278
v 0.0509740673 -1.90734859E-08 0.0144431517
v 0.0591973737 0.0566633418 0.0222482216
v 0.0452243239 0.0326264389 0.114317223
v 0.0570460558 0.112727553 -0.076193817
v 0.0553450249 0.0500884727 -0.0728320405
v 0.091730535 0.102634855 -0.144504264
v 0.0649133548 0.175006896 -0.0798860714
v 0.0892841294 0.172126114 -0.144903719
v 0.0481388569 0.292596221 -0.0887010545
v 0.0827007815 0.304891497 -0.172589332
v 0.0204057693 0.401748776 -0.0842763111
v 0.0881707296 0.0447632745 -0.150852069
v 0.142420143 0.0469186306 -0.141871825
v 0.091730535 0.102634855 -0.144504264
v 0.052502878 0 0.169740707
v 0.0387719721 -7.15255721E-09 0.114505194
v 0.0597131364 0.0273785926 0.160697564
v 0.0452243239 0.0326264389 0.114317223
v 0.113243729 0.0517156869 0.117410421
v 0.109084241 0.0847490951 0.0463903993
v 0.0387719721 -7.15255721E-09 0.114505194
v 0.0509740673 -1.90734859E-08 0.0144431517
v 0.0452243239 0.0326264389 0.114317223
v 0.0597131364 0.0273785926 0.160697564
v 0.191922382 -7.15255721E-09 0.0906968862
v 0.179327384 0 0.14376542
v 0.165491208 0.0273785926 0.134722278
v 0.0591973737 0.0566633418 0.0222482216
v 0.0509740673 -1.90734859E-08 0.0144431517
v 0.0553450249 0.0500884727 -0.0728320405
v 0.0509740673 -1.90734859E-08 0.0144431517
v 0.0540876128 -1.90734859E-08 -0.0754346475
v 0.0553450249 0.0500884727 -0.0728320405
v 0.0509740673 -1.90734859E-08 0.0144431517
v 0.113554493 -1.90734859E-08 0.0144551098
v 0.0540876128 -1.90734859E-08 -0.0754346475
v 0.168780342 0.0520396158 0.0196328703
v 0.170290709 0.0503989495 -0.0836372077
v 0.180929527 -1.90734859E-08 0.0144431517
v 0.170290709 0.0503989495 -0.0836372077
v 0.167376935 -1.90734859E-08 -0.0853359103
v 0.180929527 -1.90734859E-08 0.0144431517
v 0.168780342 0.0520396158 0.0196328703
v 0.154536128 0.115991779 -0.0252021048
v 0.0570460558 0.112727553 -0.076193817
v 0.091730535 0.102634855 -0.144504264
v 0.0892841294 0.172126114 -0.144903719
v 0.0892403796 0.00263233786 -0.157599002
v 0.140974194 0.00183231826 -0.147567511
v 0.0881707296 0.0447632745 -0.150852069
v 0.140974194 0.00183231826 -0.147567511
v 0.142420143 0.0469186306 -0.141871825
v 0.0881707296 0.0447632745 -0.150852069
v 0.170290709 0.0503989495 -0.0836372077
v 0.141709939 0.100366659 -0.136709854
v 0.140974194 0.00183231826 -0.147567511
v 0.167376935 -1.90734859E-08 -0.0853359103
v 0.170290709 0.0503989495 -0.0836372077
v 0.172981292 0.103752986 -0.0846176147
v 0.154536128 0.115991779 -0.0252021048
v 0.159579962 0.164657131 -0.087618731
v 0.0540876128 -1.90734859E-08 -0.0754346475
v 0.0892403796 0.00263233786 -0.157599002
v 0.0553450249 0.0500884727 -0.0728320405
v 0.0591973737 0.0566633418 0.0222482216
v 0.0553450249 0.0500884727 -0.0728320405
v 0.0570460558 0.112727553 -0.076193817
v 0.109084241 0.0847490951 0.0463903993
v 0.0452243239 0.0326264389 0.114317223
v 0.106979042 0.131077632 -0.00124387257
v 0.109084241 0.0847490951 0.0463903993
v 0.154536128 0.115991779 -0.0252021048
v 0.141412482 0.166174084 -0.0357899033
v 0.052502878 0 0.169740707
v 0.109693497 0.0405864567 0.171158582
v 0.106239632 0 0.180201754
v 0.524063349 1.07250643 -0.0637735948
v 0.534505844 1.07929003 -0.117109351
v 0.477746308 1.13656855 -0.0640647039
v 0.602551341 1.07274556 -0.122370601
v 0.579674423 1.1089319 -0.111550942
v 0.498681277 1.15277827 -0.126078799
v 0.620980918 1.07936871 -0.0679572672
v 0.595371783 1.1188277 -0.0637735948
v 0.535261095 1.18520164 -0.116486058
v 0.553706706 1.19799161 -0.0639965013
v 0.471227378 1.32272017 -0.128164023
v 0.496025175 1.34273696 -0.0629811212
v 0.446947932 1.38712311 -0.0578701198
v 0.422252595 1.37084651 -0.123437099
v 0.376600683 1.43011808 -0.136465013
v 0.404511571 1.35231292 -0.147014946
v 0.422252595 1.37084651 -0.123437099
v 0.404511571 1.35231292 -0.147014946
v 0.422252595 1.37084651 -0.123437099
v 0.335898459 1.3890425 -0.14869678
v 0.372459739 1.31584942 -0.131639108
v 0.372459739 1.31584942 -0.131639108
v 0.429964483 1.25540578 -0.143044621
v 0.376600683 1.43011808 -0.136465013
v 0.335898459 1.3890425 -0.14869678
v 0.401839942 1.20907831 -0.0631100088
v 0.429964483 1.25540578 -0.143044621
v 0.471227378 1.32272017 -0.128164023
v 0.404511571 1.35231292 -0.147014946
v 0.535261095 1.18520164 -0.116486058
v 0.579674423 1.1089319 -0.111550942
v 0.602551341 1.07274556 -0.122370601
v 0.620980918 1.07936871 -0.0679572672
v 0.653032959 1.03239596 -0.101345368
v 0.287374973 1.45951796 -0.177270696
v 0.351222724 1.4871248 -0.154356644
v 0.287374973 1.45951796 -0.177270696
v 0.262400419 1.51393759 -0.162563086
v 0.281181812 1.38243055 -0.0572177507
v 0.335898459 1.3890425 -0.14869678
v 0.281181812 1.38243055 -0.0572177507
v 0.218940482 1.51431441 -0.0597794503
v 0.262400419 1.51393759 -0.162563086
v 0.357642382 1.27942646 -0.0591746122
v 0.372459739 1.31584942 -0.131639108
v 0.401839942 1.20907831 -0.0631100088
v 0.662541211 1.03807163 -0.0689399689
v 0.661675453 1.01770401 -0.0689110532
v 0.654562294 1.01357615 -0.0997447595
v 0.678335547 0.986429214 -0.0691322684
v 0.675712883 0.983977854 -0.0962572098
v 0.681716621 0.979326785 -0.0691047236
v 0.679141998 0.976920247 -0.0956894681
v 0.694291055 0.952911973 -0.0690024942
v 0.691895127 0.950672269 -0.0935779586
v 0.705071926 0.91872257 -0.070164524
v 0.703225255 0.916997075 -0.0890997276
v 0.683269024 0.914014637 -0.0678728074
v 0.661675453 1.01770401 -0.0689110532
v 0.654562294 1.01357615 -0.0997447595
v 0.66451925 0.939476132 -0.0905295536
v 0.681422651 0.912289083 -0.0868079364
v 0.679141998 0.976920247 -0.0956894681
v 0.675712883 0.983977854 -0.0962572098
v 0.648405135 0.965249538 -0.0925257504
v 0.66451925 0.939476132 -0.0905295536
v 0.469442278 1.31962371 0.00182515138
v 0.423659593 1.25209153 0.0134325838
v 0.387497663 1.31386101 0.00687486632
v 0.401839942 1.20907831 -0.0631100088
v 0.357642382 1.27942646 -0.0591746122
v 0.533971965 1.18474793 -0.0110595319
v 0.495154798 1.15143406 -0.00251275534
v 0.572322786 1.10385537 -0.0135385413
v 0.423659593 1.25209153 0.0134325838
v 0.495154798 1.15143406 -0.00251275534
v 0.469442278 1.31962371 0.00182515138
v 0.533971965 1.18474793 -0.0110595319
v 0.495154798 1.15143406 -0.00251275534
v 0.477746308 1.13656855 -0.0640647039
v 0.534505844 1.07929003 -0.00837874599
v 0.387497663 1.31386101 0.00687486632
v 0.357642382 1.27942646 -0.0591746122
v 0.281181812 1.38243055 -0.0572177507
v 0.324134976 1.40259027 0.0435321368
v 0.281181812 1.38243055 -0.0572177507
v 0.262733668 1.5120008 0.0283049624
v 0.324134976 1.40259027 0.0435321368
v 0.325527728 1.52089083 0.00970611069
v 0.357193053 1.52571785 -0.0573140122
v 0.402251542 1.4636184 -0.0588055663
v 0.328630328 1.56942213 0.0134824943
v 0.325527728 1.52089083 0.00970611069
v 0.251166463 1.56282675 0.0388713591
v 0.293134511 1.64564943 0.0216617063
v 0.328630328 1.56942213 -0.148204431
v 0.354923278 1.5824585 -0.059192121
v 0.294325739 1.6435473 -0.148005888
v 0.312029868 1.67552912 -0.0603127517
v 0.224190444 1.67419779 -0.144074678
v 0.225987673 1.70636511 -0.0597928353
v 0.249519646 1.56247663 -0.166756704
v 0.294325739 1.6435473 -0.148005888
v 0.325527728 1.52089083 -0.142691299
v 0.262400419 1.51393759 -0.162563086
v 0.351222724 1.4871248 -0.154356644
v 0.376600683 1.43011808 -0.136465013
v 0.402251542 1.4636184 -0.0588055663
v 0.325527728 1.52089083 -0.142691299
v 0.357193053 1.52571785 -0.0573140122
v 0.262400419 1.51393759 -0.162563086
v 0.249519646 1.56247663 -0.166756704
v 0.351222724 1.4871248 -0.154356644
v 0.357193053 1.52571785 -0.0573140122
v 0.402251542 1.4636184 -0.0588055663
v 0.328630328 1.56942213 0.0134824943
v 0.354923278 1.5824585 -0.059192121
v 0.293134511 1.64564943 0.0216617063
v 0.312029868 1.67552912 -0.0603127517
v 0.224190444 1.67419779 0.023153035
v 0.225987673 1.70636511 -0.0597928353
v 0.446947932 1.38712311 -0.0578701198
v 0.402251542 1.4636184 -0.0588055663
v 0.376600683 1.43011808 -0.136465013
v 0.218940482 1.51431441 -0.0597794503
v 0.262400419 1.51393759 -0.162563086
v 0.219576702 1.52862 -0.159965813
v 0.249519646 1.56247663 -0.166756704
v 0.219958916 1.59955871 -0.163991347
v 0.219576702 1.52862 -0.159965813
v 0.262400419 1.51393759 -0.162563086
v 0.335898459 1.3890425 -0.14869678
v 0.376600683 1.43011808 -0.136465013
v 0.351222724 1.4871248 -0.154356644
v 0.281181812 1.38243055 -0.0572177507
v 0.218940482 1.51431441 -0.0597794503
v 0.262733668 1.5120008 0.0283049624
v 0.535261095 1.18520164 -0.116486058
v 0.471227378 1.32272017 -0.128164023
v 0.429964483 1.25540578 -0.143044621
v 0.498681277 1.15277827 -0.126078799
v 0.401839942 1.20907831 -0.0631100088
v 0.477746308 1.13656855 -0.0640647039
v 0.498681277 1.15277827 -0.126078799
v 0.534505844 1.07929003 -0.117109351
v 0.281181812 1.38243055 -0.0572177507
v 0.372459739 1.31584942 -0.131639108
v 0.335898459 1.3890425 -0.14869678
v 0.219576716 1.52991486 0.0280977394
v 0.262733668 1.5120008 0.0283049624
v 0.218940482 1.51431441 -0.0597794503
v 0.325527728 1.52089083 0.00970611069
v 0.262733668 1.5120008 0.0283049624
v 0.251166463 1.56282675 0.0388713591
v 0.689205587 0.905052066 -0.0482773185
v 0.71162796 0.909875154 -0.0478433594
v 0.699203551 0.946242869 -0.0550520681
v 0.689205587 0.905052066 -0.0482773185
v 0.710572481 0.911448658 -0.0285197441
v 0.697833359 0.948284984 -0.0299726091
v 0.699203551 0.946242869 -0.0550520681
v 0.683652043 0.977086544 -0.032633476
v 0.685124755 0.974891424 -0.0596607588
v 0.679967701 0.984569252 -0.0333248116
v 0.681467056 0.982334316 -0.0608581156
v 0.661577344 1.01810539 -0.066674076
v 0.697833359 0.948284984 -0.0299726091
v 0.688150287 0.90662545 -0.028953705
v 0.697833359 0.948284984 -0.0299726091
v 0.669737816 0.93679899 -0.030304946
v 0.688150287 0.90662545 -0.028953705
v 0.699203551 0.946242869 -0.0550520681
v 0.671108067 0.934756994 -0.0553845204
v 0.689205587 0.905052066 -0.0482773185
v 0.657844305 1.01982117 -0.034513548
v 0.661577344 1.01810539 -0.066674076
v 0.656791687 1.03880966 -0.03527027
v 0.662541211 1.03807163 -0.0689399689
v 0.656791687 1.03880966 -0.03527027
v 0.621968985 1.00376129 -0.0371290185
v 0.657844305 1.01982117 -0.034513548
v 0.652061999 0.965205371 -0.0332193375
v 0.653032959 1.03239596 -0.101345368
v 0.620980918 1.07936871 -0.0679572672
v 0.641781092 1.02766204 -0.127032578
v 0.602551341 1.07274556 -0.122370601
v 0.611258388 1.00439775 -0.120226055
v 0.641781092 1.02766204 -0.127032578
v 0.656791687 1.03880966 -0.03527027
v 0.620980918 1.07936871 -0.0679572672
v 0.603811026 1.08173776 -0.00820274372
v 0.620980918 1.07936871 -0.0679572672
v 0.595371783 1.1188277 -0.0637735948
v 0.645274162 1.03623903 -0.00586193055
v 0.656986117 1.02050269 -0.0318966284
v 0.648480892 1.0204432 -0.00292407977
v 0.614047706 1.00646555 -0.00950225815
v 0.620123506 1.01951528 0.000294265745
v 0.656986117 1.02050269 -0.0318966284
v 0.675087631 0.990491986 -0.0240917969
v 0.66874063 0.991648376 0.00135005952
v 0.678398132 0.983482897 -0.0224222187
v 0.672170699 0.984617352 0.00249717711
v 0.6902439 0.958401978 -0.0164481737
v 0.684444726 0.95945853 0.00660186773
v 0.700265646 0.925789595 -0.00792400353
v 0.695797861 0.926603675 0.00983592961
v 0.679655612 0.92101562 -0.0116596222
v 0.679655612 0.92101562 -0.0116596222
v 0.6902439 0.958401978 -0.0164481737
v 0.621968985 1.00376129 -0.0371290185
v 0.656791687 1.03880966 -0.03527027
v 0.656986117 1.02050269 -0.0318966284
v 0.649353325 0.971822083 -0.0280397031
v 0.658590853 0.948240101 0.00208477024
v 0.67518723 0.921829522 0.00610034913
v 0.672170699 0.984617352 0.00249717711
v 0.643066108 0.972967565 -0.00300548552
v 0.658590853 0.948240101 0.00208477024
v 0.66874063 0.991648376 0.00135005952
v 0.648480892 1.0204432 -0.00292407977
v 0.689205587 0.905052066 -0.0482773185
v 0.688150287 0.90662545 -0.028953705
v 0.710572481 0.911448658 -0.0285197441
v 0.620362997 0.999356687 -0.0963013023
v 0.654562294 1.01357615 -0.0997447595
v 0.653032959 1.03239596 -0.101345368
v 0.654562294 1.01357615 -0.0997447595
v 0.648405135 0.965249538 -0.0925257504
v 0.681422651 0.912289083 -0.0868079364
v 0.703225255 0.916997075 -0.0890997276
v 0.691895127 0.950672269 -0.0935779586
v 0.662541211 1.03807163 -0.0689399689
v 0.661675453 1.01770401 -0.0689110532
v 0.621711493 0.99973011 -0.0664738864
v 0.661675453 1.01770401 -0.0689110532
v 0.651004493 0.967678189 -0.0657417253
v 0.694291055 0.952911973 -0.0690024942
v 0.705071926 0.91872257 -0.070164524
v 0.683269024 0.914014637 -0.0678728074
v 0.681422651 0.912289083 -0.0868079364
v 0.683269024 0.914014637 -0.0678728074
v 0.703225255 0.916997075 -0.0890997276
v 0.645274162 1.03623903 -0.00586193055
v 0.648480892 1.0204432 -0.00292407977
v 0.614047706 1.00646555 -0.00950225815
v 0.684444726 0.95945853 0.00660186773
v 0.695797861 0.926603675 0.00983592961
v 0.67518723 0.921829522 0.00610034913
v 0.679655612 0.92101562 -0.0116596222
v 0.67518723 0.921829522 0.00610034913
v 0.695797861 0.926603675 0.00983592961
v 0.614047706 1.00646555 -0.00950225815
v 0.648480892 1.0204432 -0.00292407977
v 0.643066108 0.972967565 -0.00300548552
v 0.621968985 1.00376129 -0.0371290185
v 0.614047706 1.00646555 -0.00950225815
v 0.643066108 0.972967565 -0.00300548552
v 0.572322786 1.10385537 -0.0135385413
v 0.603811026 1.08173776 -0.00820274372
v 0.588307619 1.08013487 0.00754234288
v 0.544022679 1.06114912 0.0148542784
v 0.588307619 1.08013487 0.00754234288
v 0.544022679 1.06114912 0.0148542784
v 0.577116191 1.03215373 0.0418714508
v 0.544137001 1.03394401 -0.0252887718
v 0.534505844 1.07929003 -0.00837874599
v 0.544022679 1.06114912 0.0148542784
v 0.581874669 1.00152588 0.0197786335
v 0.577116191 1.03215373 0.0418714508
v 0.588371873 1.01741576 0.0418970473
v 0.603956223 0.976461709 0.0325970836
v 0.611128092 1.00976956 0.00805831887
v 0.603731751 1.00870943 -0.00536094652
v 0.588307619 1.08013487 0.00754234288
v 0.615455925 1.0487659 0.0286663044
v 0.616596282 1.0312134 0.0311401747
v 0.630505681 1.00177801 0.0456716157
v 0.588371873 1.01741576 0.0418970473
v 0.616596282 1.0312134 0.0311401747
v 0.577116191 1.03215373 0.0418714508
v 0.636156976 0.960992575 0.032834433
v 0.619176447 0.953278184 0.0398960486
v 0.626622856 0.955392838 0.0580768958
v 0.6436041 0.963107049 0.0510152057
v 0.636156976 0.960992575 0.032834433
v 0.632948458 0.994565964 0.0466681644
v 0.636156976 0.960992575 0.032834433
v 0.626622856 0.955392838 0.0580768958
v 0.611852705 0.984982252 0.0554410927
v 0.632948458 0.994565964 0.0466681644
v 0.608466566 0.991765857 0.0548368059
v 0.630505681 1.00177801 0.0456716157
v 0.588371873 1.01741576 0.0418970473
v 0.616596282 1.0312134 0.0311401747
v 0.611128092 1.00976956 0.00805831887
v 0.625579715 0.986274242 0.0236469638
v 0.632948458 0.994565964 0.0466681644
v 0.636156976 0.960992575 0.032834433
v 0.603956223 0.976461709 0.0325970836
v 0.619176447 0.953278184 0.0398960486
v 0.608466566 0.991765857 0.0548368059
v 0.588371873 1.01741576 0.0418970473
v 0.581874669 1.00152588 0.0197786335
v 0.611128092 1.00976956 0.00805831887
v 0.544137001 1.03394401 -0.0252887718
v 0.571836293 1.01421738 -0.0201335512
v 0.620123506 1.01951528 0.000294265745
v 0.614047706 1.00646555 -0.00950225815
v 0.603731751 1.00870943 -0.00536094652
v 0.524063349 1.07250643 -0.0637735948
v 0.558481038 1.03057241 -0.0496176146
v 0.573667169 1.03915322 -0.0645623356
v 0.524063349 1.07250643 -0.0637735948
v 0.573667169 1.03915322 -0.0645623356
v 0.556806982 1.03777051 -0.0897621512
v 0.620362997 0.999356687 -0.0963013023
v 0.611258388 1.00439775 -0.120226055
v 0.621711493 0.99973011 -0.0664738864
v 0.648405135 0.965249538 -0.0925257504
v 0.651004493 0.967678189 -0.0657417253
v 0.653547823 0.962990403 -0.0604659244
v 0.621968985 1.00376129 -0.0371290185
v 0.652061999 0.965205371 -0.0332193375
v 0.653547823 0.962990403 -0.0604659244
v 0.671108067 0.934756994 -0.0553845204
v 0.669737816 0.93679899 -0.030304946
v 0.689205587 0.905052066 -0.0482773185
v 0.688150287 0.90662545 -0.028953705
v 0.648405135 0.965249538 -0.0925257504
v 0.66451925 0.939476132 -0.0905295536
v 0.666915655 0.941715598 -0.0659539402
v 0.681422651 0.912289083 -0.0868079364
v 0.683269024 0.914014637 -0.0678728074
v 0.524063349 1.07250643 -0.0637735948
v 0.556806982 1.03777051 -0.0897621512
v 0.534505844 1.07929003 -0.117109351
v 0.534505844 1.07929003 -0.00837874599
v 0.477746308 1.13656855 -0.0640647039
v 0.544137001 1.03394401 -0.0252887718
v 0.556806982 1.03777051 -0.0897621512
v 0.564013898 1.04350412 -0.124915808
v 0.534505844 1.07929003 -0.117109351
v 0.621968985 1.00376129 -0.0371290185
v 0.603731751 1.00870943 -0.00536094652
v 0.614047706 1.00646555 -0.00950225815
v 0.571836293 1.01421738 -0.0201335512
v 0.581874669 1.00152588 0.0197786335
v 0.564013898 1.04350412 -0.124915808
v 0.602551341 1.07274556 -0.122370601
v 0.534505844 1.07929003 -0.117109351
v 0.564013898 1.04350412 -0.124915808
v 0.611258388 1.00439775 -0.120226055
v 0.620123506 1.01951528 0.000294265745
v 0.62724483 1.03678584 0.00525970431
v 0.645274162 1.03623903 -0.00586193055
v 0.62724483 1.03678584 0.00525970431
v 0.603811026 1.08173776 -0.00820274372
v 0.611128092 1.00976956 0.00805831887
v 0.62724483 1.03678584 0.00525970431
v 0.620123506 1.01951528 0.000294265745
v 0.615455925 1.0487659 0.0286663044
v 0.603811026 1.08173776 -0.00820274372
v 0.588307619 1.08013487 0.00754234288
v 0.615455925 1.0487659 0.0286663044
v 0.62724483 1.03678584 0.00525970431
v 0.616596282 1.0312134 0.0311401747
v 0.611128092 1.00976956 0.00805831887
v 0.564013898 1.04350412 -0.124915808
v 0.556806982 1.03777051 -0.0897621512
v 0.611258388 1.00439775 -0.120226055
v 0.556806982 1.03777051 -0.0897621512
v 0.573667169 1.03915322 -0.0645623356
v 0.620362997 0.999356687 -0.0963013023
v 0.621711493 0.99973011 -0.0664738864
v 0.620362997 0.999356687 -0.0963013023
v 0.573667169 1.03915322 -0.0645623356
v 0.621968985 1.00376129 -0.0371290185
v 0.558481038 1.03057241 -0.0496176146
v 0.603731751 1.00870943 -0.00536094652
v 0.558481038 1.03057241 -0.0496176146
v 0.571836293 1.01421738 -0.0201335512
v 0.649353325 0.971822083 -0.0280397031
v 0.643066108 0.972967565 -0.00300548552
v 0.664390087 0.94718349 -0.0209652707
v 0.658590853 0.948240101 0.00208477024
v 0.679655612 0.92101562 -0.0116596222
v 0.67518723 0.921829522 0.00610034913
v 0.573667169 1.03915322 -0.0645623356
v 0.558481038 1.03057241 -0.0496176146
v 0.621968985 1.00376129 -0.0371290185
v 0.641781092 1.02766204 -0.127032578
v 0.611258388 1.00439775 -0.120226055
v 0.643147409 1.01220739 -0.127931818
v 0.616630673 0.996705532 -0.121569246
v 0.63488698 0.975163877 -0.123627275
v 0.657776415 0.991685748 -0.12948516
v 0.660772085 0.985242009 -0.12958461
v 0.652143538 1.01474428 -0.103050992
v 0.664037168 0.992918134 -0.106906466
v 0.657776415 0.991685748 -0.12948516
v 0.666864634 0.986422122 -0.107615694
v 0.669499934 0.966468334 -0.129874378
v 0.675102055 0.967496455 -0.109682083
v 0.681894362 0.941413581 -0.114031672
v 0.677577794 0.940621614 -0.129589692
v 0.611258388 1.00439775 -0.120226055
v 0.616630673 0.996705532 -0.121569246
v 0.643147409 1.01220739 -0.127931818
v 0.641781092 1.02766204 -0.127032578
v 0.652143538 1.01474428 -0.103050992
v 0.653032959 1.03239596 -0.101345368
v 0.659631312 0.936938703 -0.125451699
v 0.677577794 0.940621614 -0.129589692
v 0.669499934 0.966468334 -0.129874378
v 0.663948059 0.937730551 -0.109893762
v 0.681894362 0.941413581 -0.114031672
v 0.653032959 1.03239596 -0.101345368
v 0.652143538 1.01474428 -0.103050992
v 0.620362997 0.999356687 -0.0963013023
v 0.675102055 0.967496455 -0.109682083
v 0.681894362 0.941413581 -0.114031672
v 0.663948059 0.937730551 -0.109893762
v 0.620362997 0.999356687 -0.0963013023
v 0.616630673 0.996705532 -0.121569246
v 0.611258388 1.00439775 -0.120226055
v 0.659631312 0.936938703 -0.125451699
v 0.663948059 0.937730551 -0.109893762
v 0.677577794 0.940621614 -0.129589692
v 0.620362997 0.999356687 -0.0963013023
v 0.652143538 1.01474428 -0.103050992
v 0.640986681 0.9763062 -0.101390265
v 0.616630673 0.996705532 -0.121569246
v 0.620362997 0.999356687 -0.0963013023
v 0.640986681 0.9763062 -0.101390265
v 0.558481038 1.03057241 -0.0496176146
v 0.544137001 1.03394401 -0.0252887718
v 0.571836293 1.01421738 -0.0201335512
v 0.544137001 1.03394401 -0.0252887718
v 0.558481038 1.03057241 -0.0496176146
v 0.524063349 1.07250643 -0.0637735948
v 0.620123506 1.01951528 0.000294265745
v 0.603731751 1.00870943 -0.00536094652
v 0.611128092 1.00976956 0.00805831887
v 0.661577344 1.01810539 -0.066674076
v 0.662541211 1.03807163 -0.0689399689
v 0.621711493 0.99973011 -0.0664738864
v 0.661577344 1.01810539 -0.066674076
v 0.653547823 0.962990403 -0.0604659244
v 0.660772085 0.985242009 -0.12958461
v 0.63488698 0.975163877 -0.123627275
v 0.646916389 0.957016885 -0.124634817
v 0.611852705 0.984982252 0.0554410927
v 0.626622856 0.955392838 0.0580768958
v 0.619176447 0.953278184 0.0398960486
v 0.603956223 0.976461709 0.0325970836
v 0.619176447 0.953278184 0.0398960486
v 0.636156976 0.960992575 0.032834433
v -0.208401263 0.91358906 -0.108624563
v -0.120320529 0.91587311 -0.17623651
v -0.191093758 1.12491751 -0.116825238
v -0.120320529 0.91587311 -0.17623651
v -0.104748808 1.12506771 -0.167477757
v -0.150486052 1.22613966 -0.0955023393
v -0.0767934769 1.22525203 -0.132379055
v -0.150486052 1.22613966 -0.0955023393
v -0.211515993 0.910010993 0.0863372386
v -0.241480991 0.92049998 -0.0147944074
v -0.177682549 1.11069083 0.086403951
v -0.241480991 0.92049998 -0.0147944074
v -0.22136052 1.12137985 -0.0168227572
v -0.152835503 1.22068238 0.0633236095
v 0.213736683 0.899178267 0.0870622918
v 0.179931 1.11878884 0.0871044695
v 0.240620628 0.909205437 -0.0152950855
v 0.221366376 1.12168658 -0.0175138377
v 0.240620628 0.909205437 -0.0152950855
v 0.152835503 1.22068238 0.0633236095
v 0.189565927 1.22676849 -0.0165823903
v -0.208401263 0.91358906 -0.108624563
v -0 0.873986244 -0.0162649192
v -0.120320529 0.91587311 -0.17623651
v 0.00143106992 0.890038908 0.168090612
v -0.121634007 0.912629604 0.148185685
v 0.123085745 0.89319241 0.146026671
v 0.00143106992 0.890038908 0.168090612
v 0.123331442 0.930272937 -0.176277131
v 0.210118324 0.920586824 -0.107637972
v -0.00306888088 0.929255605 -0.201096058
v -0.120320529 0.91587311 -0.17623651
v -0.241480991 0.92049998 -0.0147944074
v -0.208401263 0.91358906 -0.108624563
v -0.211515993 0.910010993 0.0863372386
v -0.121634007 0.912629604 0.148185685
v 0.210118324 0.920586824 -0.107637972
v 0.240620628 0.909205437 -0.0152950855
v 0.213736683 0.899178267 0.0870622918
v -0 0.873986244 -0.0162649192
v 0.123085745 0.89319241 0.146026671
v -0.22136052 1.12137985 -0.0168227572
v -0.189565927 1.22676849 -0.0165823903
v -0.152835503 1.22068238 0.0633236095
v -0.191093758 1.12491751 -0.116825238
v -0.150486052 1.22613966 -0.0955023393
v -0.189565927 1.22676849 -0.0165823903
v -0.22136052 1.12137985 -0.0168227572
v -0.189565927 1.22676849 -0.0165823903
v -0.208401263 0.91358906 -0.108624563
v -0.241480991 0.92049998 -0.0147944074
v 0.221366376 1.12168658 -0.0175138377
v 0.189565927 1.22676849 -0.0165823903
v 0.150486052 1.22613966 -0.0955023393
v 0.240620628 0.909205437 -0.0152950855
v 0.210118324 0.920586824 -0.107637972
v 0.188777134 1.11617291 -0.11657422
v 0.150486052 1.22613966 -0.0955023393
v -0.182725519 1.17044461 -0.017701434
v -0.189565927 1.22676849 -0.0165823903
v -0.152835503 1.22068238 0.0633236095
v -0.150486052 1.22613966 -0.0955023393
v -0.189565927 1.22676849 -0.0165823903
v -0.14512974 1.16640031 -0.0991305262
v -0.195985481 1.06674421 -0.0379958078
v -0.111439608 1.04823565 -0.171083942
v -0.14682585 1.00179648 -0.132231787
v -0.195985481 1.06674421 -0.0379958078
v -0.22413598 0.900297701 -0.0139876558
v -0.0767934769 1.22525203 -0.132379055
v -0.14512974 1.16640031 -0.0991305262
v -0.0776854083 1.15716088 -0.139395416
v -0.111439608 1.04823565 -0.171083942
v 3.13225836E-18 1.15030336 -0.153460979
v -0.0776854083 1.15716088 -0.139395416
v 1.36239187E-09 1.22292304 -0.148319826
v -0.0767934769 1.22525203 -0.132379055
v -0.146830142 1.16049182 0.0575631373
v -0.152835503 1.22068238 0.0633236095
v -0.195985481 1.06674421 -0.0379958078
v -0.169647783 1.06142342 0.0901695415
v -0.18710722 0.892627835 0.104816779
v -0.184184179 0.748567402 0.0836111456
v -0.0635712445 1.04067123 0.140317738
v -0.076450035 1.14576018 0.112389088
v -0.0551682636 0.939166546 0.142576754
v -0.0281993672 0.970578313 0.145312726
v -0.219651371 0.749653697 -0.0225555692
v -0.22413598 0.900297701 -0.0139876558
v -0.219651371 0.749653697 -0.0225555692
v -0.162313834 0.670714855 0.0577329099
v -0.194782212 0.663363039 -0.0418335609
v -0.161868036 0.592868567 0.0293064062
v -0.178042501 0.75367409 -0.12385346
v -0.156791285 0.67073822 -0.130332246
v -0.181574583 0.893234849 -0.126298696
v -0.22413598 0.900297701 -0.0139876558
v -0.188424721 0.613112986 -0.0553957373
v -0.181574583 0.893234849 -0.126298696
v -0.14682585 1.00179648 -0.132231787
v -0.0457270406 0.948011577 -0.14864853
v -0.111439608 1.04823565 -0.171083942
v -0.0457270406 0.948011577 -0.14864853
v -0.181574583 0.893234849 -0.126298696
v -0.0604524501 0.861580014 -0.150426388
v -0.0604524501 0.861580014 -0.150426388
v -0.178042501 0.75367409 -0.12385346
v -0.00429606438 0.840087891 0.00171196461
v -0 0.933961868 0.0114474054
v -0.0659165382 0.671375573 -0.151313648
v -0.151735574 0.623525441 -0.145052865
v -0.0649835393 0.6224913 -0.1627547
v -0.0727051795 0.568544507 -0.168979853
v -0.0294905566 0.595375597 -0.0458627455
v -0.037332572 0.542447448 -0.0674502924
v -0.0727051795 0.568544507 -0.168979853
v -0.0715716183 0.44491905 -0.196465284
v -0.0158577338 0.709870517 -0.0194305796
v -0.0617469102 0.737639129 -0.147884429
v -0.0617469102 0.737639129 -0.147884429
v -0.156791285 0.67073822 -0.130332246
v -0.168394506 0.45731312 -0.180547163
v -0.152826667 0.3082335 -0.156883121
v -0.0242026709 0.638412356 -0.0273219626
v -0.0659165382 0.671375573 -0.151313648
v -0.0158577338 0.709870517 -0.0194305796
v -0.151735574 0.623525441 -0.145052865
v -0.188424721 0.613112986 -0.0553957373
v -0.0617469102 0.737639129 -0.147884429
v -0.0604524501 0.861580014 -0.150426388
v -0.00429606438 0.840087891 0.00171196461
v -0.0158577338 0.709870517 -0.0194305796
v -0.0715716183 0.44491905 -0.196465284
v -0.0727051795 0.568544507 -0.168979853
v -0.0204057693 0.401748776 -0.0842763111
v -0.0827007815 0.304891497 -0.172589332
v -0.037332572 0.542447448 -0.0674502924
v -0.152826667 0.3082335 -0.156883121
v -0.213702008 0.450902522 -0.0952435508
v -0.152990744 0.57289052 -0.150645077
v -0.188897714 0.564738929 -0.0759657472
v -0.0727051795 0.568544507 -0.168979853
v -0.152990744 0.57289052 -0.150645077
v -0.151735574 0.623525441 -0.145052865
v -0.188897714 0.564738929 -0.0759657472
v -0.165680811 0.542411089 -0.00194522855
v -0.127135441 0.570465326 0.0521879047
v -0.103344232 0.524837315 0.0173743106
v -0.178023234 0.436394334 -0.020533748
v -0.213702008 0.450902522 -0.0952435508
v -0.194782212 0.663363039 -0.0418335609
v -0.161868036 0.592868567 0.0293064062
v -0.165680811 0.542411089 -0.00194522855
v -0.162313834 0.670714855 0.0577329099
v -0.130199954 0.615786791 0.0633511767
v -0.178023234 0.436394334 -0.020533748
v -0.103344232 0.524837315 0.0173743106
v -0.16335018 0.293986589 -0.0316916779
v -0.186452225 0.301989079 -0.100540213
v -0.159579962 0.164657131 -0.087618731
v -0.141412482 0.166174084 -0.0357899033
v -0.154536128 0.115991779 -0.0252021048
v -0.159579962 0.164657131 -0.087618731
v -0.138525158 0.166174084 -0.134914145
v -0.186452225 0.301989079 -0.100540213
v -0.141709939 0.100366659 -0.136709854
v -0.172981292 0.103752986 -0.0846176147
v -0.170290709 0.0503989495 -0.0836372077
v -0.218940482 1.51431441 -0.0597794503
v -0.219576716 1.52991486 0.0280977394
v -0.190807283 1.47048855 0.0380954184
v -0.219576716 1.52991486 0.0280977394
v -0.181246564 1.51173675 0.0804757699
v -0.219976962 1.60006464 0.0444649309
v -0.046779871 1.70218039 0.0576822646
v -0 1.6965698 0.0690158233
v -0 1.65771389 0.0971273333
v -0.0602582097 1.78798246 -0.0597660206
v -0.0832417756 1.73143709 -0.141418219
v -0 1.79244804 -0.0873743445
v -0.0832417756 1.73143709 -0.141418219
v -0 1.73287535 -0.152034521
v -0 1.79244804 -0.0873743445
v -0.225987673 1.70636535 -0.0597928353
v -0.178973079 1.72402251 -0.0667467117
v -0.224190444 1.67419791 0.0231530331
v -0.122907944 1.71005273 0.0223362911
v -0.179902911 1.67205667 0.0414814129
v -0.178973079 1.72402251 -0.0667467117
v -0.179902911 1.67205667 0.0414814129
v -0.224190444 1.67419791 0.0231530331
v -0.176508173 1.596681 0.0805447549
v -0.219976962 1.60006464 0.0444649309
v -0.167863801 1.54068351 -0.199086502
v -0.170766771 1.67318976 -0.170223251
v -0.219958916 1.59955871 -0.163991347
v -0.170766771 1.67318976 -0.170223251
v -0.224190444 1.67419791 -0.144074678
v -0.219958916 1.59955871 -0.163991347
v -0.0885900259 1.67188156 -0.194609791
v -0.0832417756 1.73143709 -0.141418219
v -0.167863801 1.54068351 -0.199086502
v -0 1.73287535 -0.152034521
v -0.0832417756 1.73143709 -0.141418219
v -0.219976962 1.60006464 0.0444649309
v -0.224190444 1.67419791 0.0231530331
v -0.179902911 1.67205667 0.0414814129
v -0.176508173 1.596681 0.0805447549
v -0.181246564 1.51173675 0.0804757699
v -0.170766771 1.67318976 -0.170223251
v -0.178973079 1.72402251 -0.0667467117
v -0.224190444 1.67419791 -0.144074678
v -0.178973079 1.72402251 -0.0667467117
v -0.225987673 1.70636535 -0.0597928353
v -0.224190444 1.67419791 -0.144074678
v -0.0832417756 1.73143709 -0.141418219
v -0.170766771 1.67318976 -0.170223251
v -0.116328083 1.75716996 -0.0633364543
v -0.0602582097 1.78798246 -0.0597660206
v 1.36239187E-09 1.22292304 -0.148319826
v -0 1.30887675 -0.153211907
v -0.0767934769 1.22525203 -0.132379055
v -0.08048971 1.30836761 -0.146003515
v -0.149358675 1.31021512 -0.101344906
v -0.08048971 1.30836761 -0.146003515
v -0.182752818 1.41858804 -0.148751557
v -0.0836913362 1.42194605 -0.188535094
v -0.167863801 1.54068351 -0.199086502
v -0 1.30887675 -0.153211907
v -0.08048971 1.30836761 -0.146003515
v -0.0836913362 1.42194605 -0.188535094
v -0 1.42580473 -0.190531
v -0.0865479186 1.53642833 -0.218680888
v -0.167863801 1.54068351 -0.199086502
v -0.0885900259 1.67188156 -0.194609791
v -0 1.53803754 -0.216945782
v -0 1.66367662 -0.195352018
v -0 1.6965698 0.0690158233
v -0.046779871 1.70218039 0.0576822646
v -0 1.71802688 0.0793371871
v -0.0764171332 1.77411008 0.016759092
v -0.0760865957 1.83232284 0.0405655392
v -0.0525759123 1.77906179 0.0482505225
v -0.0500097126 1.81960082 -0.0450499728
v -0 1.8267138 -0.0645048618
v -0.0457041822 1.85400772 -0.0364219621
v -0 1.8267138 -0.0645048618
v 2.2926325E-07 1.85648108 -0.0535034686
v -0.0457041822 1.85400772 -0.0364219621
v -0.0764171332 1.77411008 0.016759092
v -0.0690003484 1.83595657 0.0157096051
v -0.0760865957 1.83232284 0.0405655392
v -0.0500097126 1.81960082 -0.0450499728
v -0.0690003484 1.83595657 0.0157096051
v -0.0457041822 1.85400772 -0.0364219621
v -0.0764171332 1.77411008 0.016759092
v -0.0525759123 1.77906179 0.0482505225
v -0.0443042666 1.73169506 0.0546491854
v -0.524063349 1.07250643 -0.0637735948
v -0.477746308 1.13656855 -0.0640647039
v -0.534505844 1.07929003 -0.117109351
v -0.579674423 1.1089319 -0.111550942
v -0.602551341 1.07274556 -0.122370601
v -0.498681277 1.15277827 -0.126078799
v -0.595371783 1.1188277 -0.0637735948
v -0.620980918 1.07936871 -0.0679572672
v -0.535261095 1.18520164 -0.116486058
v -0.553706706 1.19799161 -0.0639965013
v -0.471227378 1.32272017 -0.128164023
v -0.496025175 1.34273696 -0.0629811212
v -0.446947932 1.38712311 -0.0578701198
v -0.422252595 1.37084651 -0.123437099
v -0.376600683 1.43011808 -0.136465013
v -0.404511571 1.35231292 -0.147014946
v -0.422252595 1.37084651 -0.123437099
v -0.404511571 1.35231292 -0.147014946
v -0.422252595 1.37084651 -0.123437099
v -0.335898459 1.3890425 -0.14869678
v -0.372459739 1.31584942 -0.131639108
v -0.372459739 1.31584942 -0.131639108
v -0.429964483 1.25540578 -0.143044621
v -0.335898459 1.3890425 -0.14869678
v -0.376600683 1.43011808 -0.136465013
v -0.401839942 1.20907831 -0.0631100088
v -0.429964483 1.25540578 -0.143044621
v -0.404511571 1.35231292 -0.147014946
v -0.471227378 1.32272017 -0.128164023
v -0.535261095 1.18520164 -0.116486058
v -0.579674423 1.1089319 -0.111550942
v -0.602551341 1.07274556 -0.122370601
v -0.620980918 1.07936871 -0.0679572672
v -0.653032959 1.03239596 -0.101345368
v -0.287374973 1.45951796 -0.177270696
v -0.351222724 1.4871248 -0.154356644
v -0.287374973 1.45951796 -0.177270696
v -0.262400419 1.51393759 -0.162563086
v -0.281181812 1.38243055 -0.0572177507
v -0.335898459 1.3890425 -0.14869678
v -0.281181812 1.38243055 -0.0572177507
v -0.218940482 1.51431441 -0.0597794503
v -0.262400419 1.51393759 -0.162563086
v -0.357642382 1.27942646 -0.0591746122
v -0.372459739 1.31584942 -0.131639108
v -0.401839942 1.20907831 -0.0631100088
v -0.641781092 1.02766204 -0.127032578
v -0.602551341 1.07274556 -0.122370601
v -0.641781092 1.02766204 -0.127032578
v -0.611258388 1.00439775 -0.120226055
v -0.654562294 1.01357615 -0.0997447595
v -0.661675453 1.01770401 -0.0689110532
v -0.662541211 1.03807163 -0.0689399689
v -0.662541211 1.03807163 -0.0689399689
v -0.620980918 1.07936871 -0.0679572672
v -0.678335547 0.986429214 -0.0691322684
v -0.675712883 0.983977854 -0.0962572098
v -0.681716621 0.979326785 -0.0691047236
v -0.679141998 0.976920247 -0.0956894681
v -0.694291055 0.952911973 -0.0690024942
v -0.691895127 0.950672269 -0.0935779586
v -0.705071926 0.91872257 -0.070164524
v -0.703225255 0.916997075 -0.0890997276
v -0.683269024 0.914014637 -0.0678728074
v -0.654562294 1.01357615 -0.0997447595
v -0.661675453 1.01770401 -0.0689110532
v -0.66451925 0.939476132 -0.0905295536
v -0.681422651 0.912289083 -0.0868079364
v -0.675712883 0.983977854 -0.0962572098
v -0.648405135 0.965249538 -0.0925257504
v -0.679141998 0.976920247 -0.0956894681
v -0.66451925 0.939476132 -0.0905295536
v -0.423659593 1.25209153 0.0134325838
v -0.469442278 1.31962371 0.00182515138
v -0.387497663 1.31386101 0.00687486632
v -0.401839942 1.20907831 -0.0631100088
v -0.357642382 1.27942646 -0.0591746122
v -0.495154798 1.15143406 -0.00251275534
v -0.423659593 1.25209153 0.0134325838
v -0.533971965 1.18474793 -0.0110595319
v -0.469442278 1.31962371 0.00182515138
v -0.477746308 1.13656855 -0.0640647039
v -0.495154798 1.15143406 -0.00251275534
v -0.534505844 1.07929003 -0.00837874599
v -0.495154798 1.15143406 -0.00251275534
v -0.533971965 1.18474793 -0.0110595319
v -0.572322786 1.10385537 -0.0135385413
v -0.534505844 1.07929003 -0.00837874599
v -0.572322786 1.10385537 -0.0135385413
v -0.544022679 1.06114912 0.0148542784
v -0.588307619 1.08013487 0.00754234288
v -0.577116191 1.03215373 0.0418714508
v -0.387497663 1.31386101 0.00687486632
v -0.357642382 1.27942646 -0.0591746122
v -0.281181812 1.38243055 -0.0572177507
v -0.324134976 1.40259027 0.0435321368
v -0.281181812 1.38243055 -0.0572177507
v -0.262733668 1.5120008 0.0283049624
v -0.325527728 1.52089083 0.00970611069
v -0.324134976 1.40259027 0.0435321368
v -0.603811026 1.08173776 -0.00820274372
v -0.533971965 1.18474793 -0.0110595319
v -0.553706706 1.19799161 -0.0639965013
v -0.469442278 1.31962371 0.00182515138
v -0.496025175 1.34273696 -0.0629811212
v -0.446947932 1.38712311 -0.0578701198
v -0.427673787 1.36674237 -0.000934286101
v -0.446947932 1.38712311 -0.0578701198
v -0.402251542 1.4636184 -0.0588055663
v -0.380487591 1.44412839 0.0263931695
v -0.324134976 1.40259027 0.0435321368
v -0.427673787 1.36674237 -0.000934286101
v -0.469442278 1.31962371 0.00182515138
v -0.387497663 1.31386101 0.00687486632
v -0.324134976 1.40259027 0.0435321368
v -0.402251542 1.4636184 -0.0588055663
v -0.357193053 1.52571785 -0.0573140122
v -0.328630328 1.56942213 0.0134824943
v -0.325527728 1.52089083 0.00970611069
v -0.251166463 1.56282675 0.0388713591
v -0.293134511 1.64564943 0.0216617063
v -0.328630328 1.56942213 -0.148204431
v -0.354923278 1.5824585 -0.059192121
v -0.294325739 1.6435473 -0.148005888
v -0.312029868 1.67552912 -0.0603127517
v -0.224190444 1.67419791 -0.144074678
v -0.225987673 1.70636535 -0.0597928353
v -0.249519646 1.56247663 -0.166756704
v -0.294325739 1.6435473 -0.148005888
v -0.325527728 1.52089083 -0.142691299
v -0.262400419 1.51393759 -0.162563086
v -0.351222724 1.4871248 -0.154356644
v -0.376600683 1.43011808 -0.136465013
v -0.402251542 1.4636184 -0.0588055663
v -0.325527728 1.52089083 -0.142691299
v -0.357193053 1.52571785 -0.0573140122
v -0.262400419 1.51393759 -0.162563086
v -0.249519646 1.56247663 -0.166756704
v -0.351222724 1.4871248 -0.154356644
v -0.357193053 1.52571785 -0.0573140122
v -0.402251542 1.4636184 -0.0588055663
v -0.354923278 1.5824585 -0.059192121
v -0.328630328 1.56942213 0.0134824943
v -0.293134511 1.64564943 0.0216617063
v -0.312029868 1.67552912 -0.0603127517
v -0.224190444 1.67419791 0.0231530331
v -0.225987673 1.70636535 -0.0597928353
v -0.376600683 1.43011808 -0.136465013
v -0.402251542 1.4636184 -0.0588055663
v -0.446947932 1.38712311 -0.0578701198
v -0.218940482 1.51431441 -0.0597794503
v -0.219576702 1.52862 -0.159965813
v -0.262400419 1.51393759 -0.162563086
v -0.249519646 1.56247663 -0.166756704
v -0.219958916 1.59955871 -0.163991347
v -0.219576702 1.52862 -0.159965813
v -0.262400419 1.51393759 -0.162563086
v -0.376600683 1.43011808 -0.136465013
v -0.335898459 1.3890425 -0.14869678
v -0.351222724 1.4871248 -0.154356644
v -0.262733668 1.5120008 0.0283049624
v -0.218940482 1.51431441 -0.0597794503
v -0.281181812 1.38243055 -0.0572177507
v -0.429964483 1.25540578 -0.143044621
v -0.471227378 1.32272017 -0.128164023
v -0.535261095 1.18520164 -0.116486058
v -0.401839942 1.20907831 -0.0631100088
v -0.498681277 1.15277827 -0.126078799
v -0.477746308 1.13656855 -0.0640647039
v -0.498681277 1.15277827 -0.126078799
v -0.534505844 1.07929003 -0.117109351
v -0.281181812 1.38243055 -0.0572177507
v -0.335898459 1.3890425 -0.14869678
v -0.372459739 1.31584942 -0.131639108
v -0.219576716 1.52991486 0.0280977394
v -0.218940482 1.51431441 -0.0597794503
v -0.262733668 1.5120008 0.0283049624
v -0.325527728 1.52089083 0.00970611069
v -0.251166463 1.56282675 0.0388713591
v -0.262733668 1.5120008 0.0283049624
v -0.18710722 0.892627835 0.104816779
v -0.169647783 1.06142342 0.0901695415
v -0.0551682636 0.939166546 0.142576754
v -0.186452225 0.301989079 -0.100540213
v -0.213702008 0.450902522 -0.0952435508
v -0.178023234 0.436394334 -0.020533748
v -0.138525158 0.166174084 -0.134914145
v -0.152826667 0.3082335 -0.156883121
v -0.213702008 0.450902522 -0.0952435508
v -0.127135441 0.570465326 0.0521879047
v -0.0828280896 0.572532296 0.0471671522
v -0.103344232 0.524837315 0.0173743106
v -0.0834495723 0.616035938 0.0588999018
v -0.0828280896 0.572532296 0.0471671522
v -0.184184179 0.748567402 0.0836111456
v -0.18710722 0.892627835 0.104816779
v -0.0583855808 0.855151832 0.128729165
v -0.0745989755 0.73093766 0.104700029
v -0.00429606438 0.840087891 0.00171196461
v -0.0281993672 0.970578313 0.145312726
v -0 0.978009343 0.14976716
v -0 0.933961868 0.0114474054
v -0.0281993672 0.970578313 0.145312726
v -0.0583855808 0.855151832 0.128729165
v -0.18710722 0.892627835 0.104816779
v -0.00429606438 0.840087891 0.00171196461
v -0.0158577338 0.709870517 -0.0194305796
v -0.0745989755 0.73093766 0.104700029
v -0.0965250954 0.659362614 0.0669446662
v -0.0635712445 1.04067123 0.140317738
v -0 0.978009343 0.14976716
v -0.0281993672 0.970578313 0.145312726
v -0.0242026709 0.638412356 -0.0273219626
v -0.0294905566 0.595375597 -0.0458627455
v -0.0828280896 0.572532296 0.0471671522
v -0.167376935 -1.90734859E-08 -0.0853359103
v -0.113546409 -1.90734859E-08 -0.0847903043
v -0.140974194 0.00183231826 -0.147567511
v -0.113554493 -1.90734859E-08 0.0144551098
v -0.113546409 -1.90734859E-08 -0.0847903043
v -0.0540876128 -1.90734859E-08 -0.0754346475
v -0.191922382 -7.15255721E-09 0.0906968862
v -0.180929527 -1.90734859E-08 0.0144431517
v -0.177989796 0.0326264389 0.090508908
v -0.165491208 0.0273785926 0.134722278
v -0.191922382 -7.15255721E-09 0.0906968862
v -0.180929527 -1.90734859E-08 0.0144431517
v -0.168780342 0.0520396158 0.0196328703
v -0.177989796 0.0326264389 0.090508908
v -0.0452243239 0.0326264389 0.114317223
v -0.0591973737 0.0566633418 0.0222482216
v -0.0509740673 -1.90734859E-08 0.0144431517
v -0.0570460558 0.112727553 -0.076193817
v -0.091730535 0.102634855 -0.144504264
v -0.0553450249 0.0500884727 -0.0728320405
v -0.0649133548 0.175006896 -0.0798860714
v -0.0892841294 0.172126114 -0.144903719
v -0.0481388569 0.292596221 -0.0887010545
v -0.0827007815 0.304891497 -0.172589332
v -0.0204057693 0.401748776 -0.0842763111
v -0.0881707296 0.0447632745 -0.150852069
v -0.091730535 0.102634855 -0.144504264
v -0.142420143 0.0469186306 -0.141871825
v -0.052502878 0 0.169740707
v -0.0597131364 0.0273785926 0.160697564
v -0.0387719721 -7.15255721E-09 0.114505194
v -0.0452243239 0.0326264389 0.114317223
v -0.113243729 0.0517156869 0.117410421
v -0.109084241 0.0847490951 0.0463903993
v -0.0387719721 -7.15255721E-09 0.114505194
v -0.0509740673 -1.90734859E-08 0.0144431517
v -0.0597131364 0.0273785926 0.160697564
v -0.0452243239 0.0326264389 0.114317223
v -0.165491208 0.0273785926 0.134722278
v -0.179327384 0 0.14376542
v -0.191922382 -7.15255721E-09 0.0906968862
v -0.0540876128 -1.90734859E-08 -0.0754346475
v -0.0509740673 -1.90734859E-08 0.0144431517
v -0.0553450249 0.0500884727 -0.0728320405
v -0.0509740673 -1.90734859E-08 0.0144431517
v -0.0591973737 0.0566633418 0.0222482216
v -0.0553450249 0.0500884727 -0.0728320405
v -0.0509740673 -1.90734859E-08 0.0144431517
v -0.0540876128 -1.90734859E-08 -0.0754346475
v -0.113554493 -1.90734859E-08 0.0144551098
v -0.167376935 -1.90734859E-08 -0.0853359103
v -0.170290709 0.0503989495 -0.0836372077
v -0.180929527 -1.90734859E-08 0.0144431517
v -0.154536128 0.115991779 -0.0252021048
v -0.168780342 0.0520396158 0.0196328703
v -0.170290709 0.0503989495 -0.0836372077
v -0.168780342 0.0520396158 0.0196328703
v -0.180929527 -1.90734859E-08 0.0144431517
v -0.0892841294 0.172126114 -0.144903719
v -0.091730535 0.102634855 -0.144504264
v -0.0570460558 0.112727553 -0.076193817
v -0.0892403796 0.00263233786 -0.157599002
v -0.0881707296 0.0447632745 -0.150852069
v -0.140974194 0.00183231826 -0.147567511
v -0.0881707296 0.0447632745 -0.150852069
v -0.142420143 0.0469186306 -0.141871825
v -0.140974194 0.00183231826 -0.147567511
v -0.141709939 0.100366659 -0.136709854
v -0.170290709 0.0503989495 -0.0836372077
v -0.140974194 0.00183231826 -0.147567511
v -0.170290709 0.0503989495 -0.0836372077
v -0.167376935 -1.90734859E-08 -0.0853359103
v -0.172981292 0.103752986 -0.0846176147
v -0.154536128 0.115991779 -0.0252021048
v -0.159579962 0.164657131 -0.087618731
v -0.0540876128 -1.90734859E-08 -0.0754346475
v -0.0553450249 0.0500884727 -0.0728320405
v -0.0892403796 0.00263233786 -0.157599002
v -0.0591973737 0.0566633418 0.0222482216
v -0.0570460558 0.112727553 -0.076193817
v -0.0553450249 0.0500884727 -0.0728320405
v -0.0452243239 0.0326264389 0.114317223
v -0.109084241 0.0847490951 0.0463903993
v -0.106979042 0.131077632 -0.00124387257
v -0.154536128 0.115991779 -0.0252021048
v -0.109084241 0.0847490951 0.0463903993
v -0.141412482 0.166174084 -0.0357899033
v -0.052502878 0 0.169740707
v -0.106239632 0 0.180201754
v -0.109693497 0.0405864567 0.171158582
v -0.699203551 0.946242869 -0.0550520681
v -0.71162796 0.909875154 -0.0478433594
v -0.689205587 0.905052066 -0.0482773185
v -0.689205587 0.905052066 -0.0482773185
v -0.710572481 0.911448658 -0.0285197441
v -0.697833359 0.948284984 -0.0299726091
v -0.699203551 0.946242869 -0.0550520681
v -0.683652043 0.977086544 -0.032633476
v -0.685124755 0.974891424 -0.0596607588
v -0.679967701 0.984569252 -0.0333248116
v -0.681467056 0.982334316 -0.0608581156
v -0.661577344 1.01810539 -0.066674076
v -0.697833359 0.948284984 -0.0299726091
v -0.688150287 0.90662545 -0.028953705
v -0.697833359 0.948284984 -0.0299726091
v -0.669737816 0.93679899 -0.030304946
v -0.688150287 0.90662545 -0.028953705
v -0.699203551 0.946242869 -0.0550520681
v -0.671108067 0.934756994 -0.0553845204
v -0.689205587 0.905052066 -0.0482773185
v -0.657844305 1.01982117 -0.034513548
v -0.661577344 1.01810539 -0.066674076
v -0.656791687 1.03880966 -0.03527027
v -0.656791687 1.03880966 -0.03527027
v -0.621968985 1.00376129 -0.0371290185
v -0.657844305 1.01982117 -0.034513548
v -0.652061999 0.965205371 -0.0332193375
v -0.620980918 1.07936871 -0.0679572672
v -0.656791687 1.03880966 -0.03527027
v -0.620980918 1.07936871 -0.0679572672
v -0.603811026 1.08173776 -0.00820274372
v -0.595371783 1.1188277 -0.0637735948
v -0.645274162 1.03623903 -0.00586193055
v -0.656986117 1.02050269 -0.0318966284
v -0.648480892 1.0204432 -0.00292407977
v -0.620123506 1.01951528 0.000294265745
v -0.614047706 1.00646555 -0.00950225815
v -0.656986117 1.02050269 -0.0318966284
v -0.675087631 0.990491986 -0.0240917969
v -0.66874063 0.991648376 0.00135005952
v -0.678398132 0.983482897 -0.0224222187
v -0.672170699 0.984617352 0.00249717711
v -0.6902439 0.958401978 -0.0164481737
v -0.684444726 0.95945853 0.00660186773
v -0.700265646 0.925789595 -0.00792400353
v -0.695797861 0.926603675 0.00983592961
v -0.679655612 0.92101562 -0.0116596222
v -0.6902439 0.958401978 -0.0164481737
v -0.679655612 0.92101562 -0.0116596222
v -0.621968985 1.00376129 -0.0371290185
v -0.656791687 1.03880966 -0.03527027
v -0.656986117 1.02050269 -0.0318966284
v -0.649353325 0.971822083 -0.0280397031
v -0.658590853 0.948240101 0.00208477024
v -0.67518723 0.921829522 0.00610034913
v -0.672170699 0.984617352 0.00249717711
v -0.643066108 0.972967565 -0.00300548552
v -0.658590853 0.948240101 0.00208477024
v -0.66874063 0.991648376 0.00135005952
v -0.648480892 1.0204432 -0.00292407977
v -0.688150287 0.90662545 -0.028953705
v -0.689205587 0.905052066 -0.0482773185
v -0.710572481 0.911448658 -0.0285197441
v -0.620362997 0.999356687 -0.0963013023
v -0.653032959 1.03239596 -0.101345368
v -0.654562294 1.01357615 -0.0997447595
v -0.654562294 1.01357615 -0.0997447595
v -0.648405135 0.965249538 -0.0925257504
v -0.691895127 0.950672269 -0.0935779586
v -0.703225255 0.916997075 -0.0890997276
v -0.681422651 0.912289083 -0.0868079364
v -0.662541211 1.03807163 -0.0689399689
v -0.621711493 0.99973011 -0.0664738864
v -0.661675453 1.01770401 -0.0689110532
v -0.661675453 1.01770401 -0.0689110532
v -0.651004493 0.967678189 -0.0657417253
v -0.705071926 0.91872257 -0.070164524
v -0.694291055 0.952911973 -0.0690024942
v -0.683269024 0.914014637 -0.0678728074
v -0.681422651 0.912289083 -0.0868079364
v -0.703225255 0.916997075 -0.0890997276
v -0.683269024 0.914014637 -0.0678728074
v -0.645274162 1.03623903 -0.00586193055
v -0.614047706 1.00646555 -0.00950225815
v -0.648480892 1.0204432 -0.00292407977
v -0.695797861 0.926603675 0.00983592961
v -0.684444726 0.95945853 0.00660186773
v -0.67518723 0.921829522 0.00610034913
v -0.67518723 0.921829522 0.00610034913
v -0.679655612 0.92101562 -0.0116596222
v -0.695797861 0.926603675 0.00983592961
v -0.648480892 1.0204432 -0.00292407977
v -0.614047706 1.00646555 -0.00950225815
v -0.643066108 0.972967565 -0.00300548552
v -0.614047706 1.00646555 -0.00950225815
v -0.621968985 1.00376129 -0.0371290185
v -0.643066108 0.972967565 -0.00300548552
v -0.572322786 1.10385537 -0.0135385413
v -0.588307619 1.08013487 0.00754234288
v -0.603811026 1.08173776 -0.00820274372
v -0.544022679 1.06114912 0.0148542784
v -0.544137001 1.03394401 -0.0252887718
v -0.534505844 1.07929003 -0.00837874599
v -0.544022679 1.06114912 0.0148542784
v -0.581874669 1.00152588 0.0197786335
v -0.577116191 1.03215373 0.0418714508
v -0.588371873 1.01741576 0.0418970473
v -0.603956223 0.976461709 0.0325970836
v -0.611128092 1.00976956 0.00805831887
v -0.603731751 1.00870943 -0.00536094652
v -0.615455925 1.0487659 0.0286663044
v -0.588307619 1.08013487 0.00754234288
v -0.616596282 1.0312134 0.0311401747
v -0.588371873 1.01741576 0.0418970473
v -0.630505681 1.00177801 0.0456716157
v -0.577116191 1.03215373 0.0418714508
v -0.616596282 1.0312134 0.0311401747
v -0.619176447 0.953278184 0.0398960486
v -0.636156976 0.960992575 0.032834433
v -0.626622856 0.955392838 0.0580768958
v -0.636156976 0.960992575 0.032834433
v -0.6436041 0.963107049 0.0510152057
v -0.611852705 0.984982252 0.0554410927
v -0.632948458 0.994565964 0.0466681644
v -0.608466566 0.991765857 0.0548368059
v -0.630505681 1.00177801 0.0456716157
v -0.588371873 1.01741576 0.0418970473
v -0.632948458 0.994565964 0.0466681644
v -0.636156976 0.960992575 0.032834433
v -0.611128092 1.00976956 0.00805831887
v -0.616596282 1.0312134 0.0311401747
v -0.625579715 0.986274242 0.0236469638
v -0.632948458 0.994565964 0.0466681644
v -0.636156976 0.960992575 0.032834433
v -0.603956223 0.976461709 0.0325970836
v -0.619176447 0.953278184 0.0398960486
v -0.608466566 0.991765857 0.0548368059
v -0.588371873 1.01741576 0.0418970473
v -0.581874669 1.00152588 0.0197786335
v -0.611128092 1.00976956 0.00805831887
v -0.544137001 1.03394401 -0.0252887718
v -0.571836293 1.01421738 -0.0201335512
v -0.620123506 1.01951528 0.000294265745
v -0.603731751 1.00870943 -0.00536094652
v -0.614047706 1.00646555 -0.00950225815
v -0.524063349 1.07250643 -0.0637735948
v -0.573667169 1.03915322 -0.0645623356
v -0.558481038 1.03057241 -0.0496176146
v -0.524063349 1.07250643 -0.0637735948
v -0.556806982 1.03777051 -0.0897621512
v -0.573667169 1.03915322 -0.0645623356
v -0.611258388 1.00439775 -0.120226055
v -0.620362997 0.999356687 -0.0963013023
v -0.648405135 0.965249538 -0.0925257504
v -0.621711493 0.99973011 -0.0664738864
v -0.651004493 0.967678189 -0.0657417253
v -0.653547823 0.962990403 -0.0604659244
v -0.621968985 1.00376129 -0.0371290185
v -0.648405135 0.965249538 -0.0925257504
v -0.66451925 0.939476132 -0.0905295536
v -0.666915655 0.941715598 -0.0659539402
v -0.681422651 0.912289083 -0.0868079364
v -0.683269024 0.914014637 -0.0678728074
v -0.653547823 0.962990403 -0.0604659244
v -0.652061999 0.965205371 -0.0332193375
v -0.671108067 0.934756994 -0.0553845204
v -0.669737816 0.93679899 -0.030304946
v -0.689205587 0.905052066 -0.0482773185
v -0.688150287 0.90662545 -0.028953705
v -0.524063349 1.07250643 -0.0637735948
v -0.534505844 1.07929003 -0.117109351
v -0.556806982 1.03777051 -0.0897621512
v -0.534505844 1.07929003 -0.00837874599
v -0.477746308 1.13656855 -0.0640647039
v -0.544137001 1.03394401 -0.0252887718
v -0.534505844 1.07929003 -0.117109351
v -0.564013898 1.04350412 -0.124915808
v -0.556806982 1.03777051 -0.0897621512
v -0.621968985 1.00376129 -0.0371290185
v -0.614047706 1.00646555 -0.00950225815
v -0.603731751 1.00870943 -0.00536094652
v -0.581874669 1.00152588 0.0197786335
v -0.571836293 1.01421738 -0.0201335512
v -0.564013898 1.04350412 -0.124915808
v -0.534505844 1.07929003 -0.117109351
v -0.602551341 1.07274556 -0.122370601
v -0.611258388 1.00439775 -0.120226055
v -0.564013898 1.04350412 -0.124915808
v -0.620123506 1.01951528 0.000294265745
v -0.645274162 1.03623903 -0.00586193055
v -0.62724483 1.03678584 0.00525970431
v -0.62724483 1.03678584 0.00525970431
v -0.603811026 1.08173776 -0.00820274372
v -0.611128092 1.00976956 0.00805831887
v -0.620123506 1.01951528 0.000294265745
v -0.62724483 1.03678584 0.00525970431
v -0.615455925 1.0487659 0.0286663044
v -0.603811026 1.08173776 -0.00820274372
v -0.588307619 1.08013487 0.00754234288
v -0.615455925 1.0487659 0.0286663044
v -0.616596282 1.0312134 0.0311401747
v -0.62724483 1.03678584 0.00525970431
v -0.611128092 1.00976956 0.00805831887
v -0.564013898 1.04350412 -0.124915808
v -0.611258388 1.00439775 -0.120226055
v -0.556806982 1.03777051 -0.0897621512
v -0.556806982 1.03777051 -0.0897621512
v -0.620362997 0.999356687 -0.0963013023
v -0.573667169 1.03915322 -0.0645623356
v -0.620362997 0.999356687 -0.0963013023
v -0.621711493 0.99973011 -0.0664738864
v -0.573667169 1.03915322 -0.0645623356
v -0.621968985 1.00376129 -0.0371290185
v -0.558481038 1.03057241 -0.0496176146
v -0.603731751 1.00870943 -0.00536094652
v -0.558481038 1.03057241 -0.0496176146
v -0.571836293 1.01421738 -0.0201335512
v -0.649353325 0.971822083 -0.0280397031
v -0.643066108 0.972967565 -0.00300548552
v -0.664390087 0.94718349 -0.0209652707
v -0.658590853 0.948240101 0.00208477024
v -0.679655612 0.92101562 -0.0116596222
v -0.67518723 0.921829522 0.00610034913
v -0.558481038 1.03057241 -0.0496176146
v -0.573667169 1.03915322 -0.0645623356
v -0.621968985 1.00376129 -0.0371290185
v -0.616630673 0.996705532 -0.121569246
v -0.611258388 1.00439775 -0.120226055
v -0.643147409 1.01220739 -0.127931818
v -0.641781092 1.02766204 -0.127032578
v -0.652143538 1.01474428 -0.103050992
v -0.653032959 1.03239596 -0.101345368
v -0.611258388 1.00439775 -0.120226055
v -0.641781092 1.02766204 -0.127032578
v -0.643147409 1.01220739 -0.127931818
v -0.616630673 0.996705532 -0.121569246
v -0.63488698 0.975163877 -0.123627275
v -0.657776415 0.991685748 -0.12948516
v -0.660772085 0.985242009 -0.12958461
v -0.652143538 1.01474428 -0.103050992
v -0.664037168 0.992918134 -0.106906466
v -0.657776415 0.991685748 -0.12948516
v -0.666864634 0.986422122 -0.107615694
v -0.669499934 0.966468334 -0.129874378
v -0.675102055 0.967496455 -0.109682083
v -0.681894362 0.941413581 -0.114031672
v -0.677577794 0.940621614 -0.129589692
v -0.669499934 0.966468334 -0.129874378
v -0.677577794 0.940621614 -0.129589692
v -0.659631312 0.936938703 -0.125451699
v -0.681894362 0.941413581 -0.114031672
v -0.663948059 0.937730551 -0.109893762
v -0.653032959 1.03239596 -0.101345368
v -0.620362997 0.999356687 -0.0963013023
v -0.652143538 1.01474428 -0.103050992
v -0.681894362 0.941413581 -0.114031672
v -0.675102055 0.967496455 -0.109682083
v -0.663948059 0.937730551 -0.109893762
v -0.620362997 0.999356687 -0.0963013023
v -0.611258388 1.00439775 -0.120226055
v -0.616630673 0.996705532 -0.121569246
v -0.659631312 0.936938703 -0.125451699
v -0.677577794 0.940621614 -0.129589692
v -0.663948059 0.937730551 -0.109893762
v -0.652143538 1.01474428 -0.103050992
v -0.620362997 0.999356687 -0.0963013023
v -0.640986681 0.9763062 -0.101390265
v -0.620362997 0.999356687 -0.0963013023
v -0.616630673 0.996705532 -0.121569246
v -0.640986681 0.9763062 -0.101390265
v -0.558481038 1.03057241 -0.0496176146
v -0.571836293 1.01421738 -0.0201335512
v -0.544137001 1.03394401 -0.0252887718
v -0.544137001 1.03394401 -0.0252887718
v -0.524063349 1.07250643 -0.0637735948
v -0.558481038 1.03057241 -0.0496176146
v -0.620123506 1.01951528 0.000294265745
v -0.611128092 1.00976956 0.00805831887
v -0.603731751 1.00870943 -0.00536094652
v -0.661577344 1.01810539 -0.066674076
v -0.621711493 0.99973011 -0.0664738864
v -0.662541211 1.03807163 -0.0689399689
v -0.653547823 0.962990403 -0.0604659244
v -0.661577344 1.01810539 -0.066674076
v -0.63488698 0.975163877 -0.123627275
v -0.660772085 0.985242009 -0.12958461
v -0.646916389 0.957016885 -0.124634817
v -0.619176447 0.953278184 0.0398960486
v -0.626622856 0.955392838 0.0580768958
v -0.611852705 0.984982252 0.0554410927
v -0.636156976 0.960992575 0.032834433
v -0.619176447 0.953278184 0.0398960486
v -0.603956223 0.976461709 0.0325970836
v 2.2926325E-07 1.85648108 -0.0535034686
v 4.58524141E-07 1.96638513 -0.0506993793
v -0.0585079789 1.94340384 -0.0308756102
v -0.0617379695 1.97869015 0.0271965116
v 4.58399938E-07 2.00515532 0.0230117831
v -0.0551024228 1.97389996 0.103012763
v -0.0617379695 1.97869015 0.0271965116
v -0.0800982192 1.89902401 0.0634441525
v 4.58399938E-07 2.00515532 0.0230117831
v 4.58539688E-07 1.99437892 0.111000627
v -0.0551024228 1.97389996 0.103012763
v -0.0551024228 1.97389996 0.103012763
v 4.58539688E-07 1.99437892 0.111000627
v -0.0416150242 1.9506526 0.140489087
v 4.58539688E-07 1.99437892 0.111000627
v 4.58516809E-07 1.95793009 0.15112932
v -0.0416150242 1.9506526 0.140489087
v -0.0238244627 1.9226234 0.154938668
v -0.0575524941 1.9276228 0.128481716
v -0.0416150242 1.9506526 0.140489087
v 4.58516809E-07 1.95793009 0.15112932
v -0.055644162 1.90127742 0.146822602
v -0.0575524941 1.9276228 0.128481716
v -0.0551024228 1.97389996 0.103012763
v -0.0800982192 1.89902401 0.0634441525
v -0.0416150242 1.9506526 0.140489087
v -0.0575524941 1.9276228 0.128481716
v -0.0725974962 1.90518403 0.119093835
v -0.055644162 1.90127742 0.146822602
v -0.0531377718 1.89250052 0.128724873
v -0.0725974962 1.90518403 0.119093835
v -0.0800982192 1.89902401 0.0634441525
v -0.0694056377 1.8888278 0.1094248
v -0.0778753534 1.87140107 0.0698598474
v -0.0701945424 1.87093484 0.10781984
v -0.0694056377 1.8888278 0.1094248
v -0.0531377718 1.89250052 0.128724873
v -0.0725974962 1.90518403 0.119093835
v -0.0778753534 1.87140107 0.0698598474
v -0.0702719912 1.83453405 0.0942960754
v -0.0831955001 1.87095678 0.0404436849
v -0.0760865957 1.83232284 0.0405655392
v -0.0843360722 1.89608073 0.0377257764
v -0.0617379695 1.97869015 0.0271965116
v -0.0936496034 1.90401649 0.0161693562
v -0.0897698849 1.89444423 0.0352770612
v -0.0891718268 1.87546027 0.00260206219
v -0.0843360722 1.89608073 0.0377257764
v -0.0845907554 1.89992905 0.020416826
v -0.0585079789 1.94340384 -0.0308756102
v -0.0617379695 1.97869015 0.0271965116
v -0.0845907554 1.89992905 0.020416826
v -0.0617379695 1.97869015 0.0271965116
v -0.0843360722 1.89608073 0.0377257764
v -0.0831955001 1.87095678 0.0404436849
v -0.0787044913 1.82743406 0.0380118713
v -0.0844011828 1.82878637 0.0212031137
v -0.0690003484 1.83595657 0.0157096051
v -0.0760865957 1.83232284 0.0405655392
v -0.0891718268 1.87546027 0.00260206219
v -0.0831955001 1.87095678 0.0404436849
v -0.0897698849 1.89444423 0.0352770612
v -0.0493017435 1.86074913 0.131563097
v -0.0701945424 1.87093484 0.10781984
v -0.0531377718 1.89250052 0.128724873
v -0.0702719912 1.83453405 0.0942960754
v -0.0493017435 1.86074913 0.131563097
v -0.0477151796 1.8137579 0.120095268
v -0.0435965136 1.77139604 0.121136643
v -0.0713265911 1.79081666 0.0638128445
v -0.0361480713 1.80221117 0.140514746
v -0.0393772013 1.75548017 0.12004789
v -0.0531377718 1.89250052 0.128724873
v -0.0214102566 1.88898957 0.137685165
v -0.055644162 1.90127742 0.146822602
v -0.0213306509 1.83835447 0.1485468
v -0.0361480713 1.80221117 0.140514746
v -0.0137636913 1.81408989 0.158253491
v -0.0207033195 1.76471996 0.154626384
v -0.0207641385 1.74897182 0.149845019
v -0.0435965136 1.77139604 0.121136643
v -0.0311011691 1.78647029 0.141256824
v -0.0361480713 1.80221117 0.140514746
v -0.0160069559 1.79872978 0.156448022
v -0.0147760706 1.78066325 0.150447741
v 4.58526728E-07 1.79884481 0.159559265
v 4.58572941E-07 1.78345454 0.152469307
v -0.0141009986 1.8059727 0.15477258
v -0.0283527747 1.80381358 0.144868851
v -0.0361480713 1.80221117 0.140514746
v -0.0137636913 1.81408989 0.158253491
v -0.0160069559 1.79872978 0.156448022
v -0.0311011691 1.78647029 0.141256824
v -0.0117231095 1.80808759 0.154561251
v -0.0283527747 1.80381358 0.144868851
v 4.58540114E-07 1.84192407 0.176459447
v 4.58540114E-07 1.83195233 0.173788607
v -0.0063655097 1.83451104 0.174182951
v 4.58540114E-07 1.83195233 0.173788607
v 0.00636327919 1.83451104 0.174182951
v -0.0178893451 1.83691311 0.156717256
v -0.0213306509 1.83835447 0.1485468
v -0.0222976469 1.8438673 0.156655744
v -0.0213306509 1.83835447 0.1485468
v -0.0178893451 1.83691311 0.156717256
v 4.58540114E-07 1.83207643 0.158286288
v 0.0213210229 1.83835447 0.1485468
v 0.0137578044 1.81408989 0.158253491
v 4.585265E-07 1.81375289 0.162399843
v 0.0117182313 1.80808759 0.154561251
v 4.585265E-07 1.80866182 0.155767813
v -0.0117231095 1.80808759 0.154561251
v 0.0178814176 1.83691311 0.156717256
v 0.00636327919 1.83451104 0.174182951
v 0.0222875383 1.8438673 0.156655744
v 0.0213210229 1.83835447 0.1485468
v 0.0361311175 1.80221117 0.140514746
v 0.0476925075 1.8137579 0.120095268
v 0.00636327919 1.84118557 0.175542161
v 0.0163859911 1.85189402 0.155867338
v 0.00636327919 1.83451104 0.174182951
v 0.0435758755 1.77139604 0.121136643
v 0.0361311175 1.80221117 0.140514746
v 0.0702381656 1.83453405 0.0942960754
v 0.0492782854 1.86074913 0.131563097
v 0.0712922439 1.79081666 0.0638128445
v 0.0393586457 1.75548017 0.12004789
v 0.070160754 1.87093484 0.10781984
v 0.0492782854 1.86074913 0.131563097
v 0.0531124137 1.89250052 0.128724873
v 0.0531124137 1.89250052 0.128724873
v 0.0214005876 1.88898957 0.137685165
v 0.0556308627 1.90127742 0.146822602
v 0.0207547881 1.74897182 0.149845019
v 0.0206939988 1.76471996 0.154626384
v 0.0435758755 1.77139604 0.121136643
v 0.0310867094 1.78647029 0.141256824
v 0.0361311175 1.80221117 0.140514746
v 0.0147696836 1.78066325 0.150447741
v 0.0159999598 1.79872978 0.156448022
v 4.58526728E-07 1.79884481 0.159559265
v 4.58572941E-07 1.78345454 0.152469307
v 0.0140949441 1.8059727 0.15477258
v 0.0283396747 1.80381358 0.144868851
v 0.0361311175 1.80221117 0.140514746
v 0.0159999598 1.79872978 0.156448022
v 0.0310867094 1.78647029 0.141256824
v 0.0137578044 1.81408989 0.158253491
v 0.0283396747 1.80381358 0.144868851
v 0.0117182313 1.80808759 0.154561251
v 4.58588175E-07 1.7478826 0.152127206
v -0.0207641385 1.74897182 0.149845019
v -0.0207033195 1.76471996 0.154626384
v 4.58588175E-07 1.7478826 0.152127206
v 4.58690039E-07 1.74667311 0.123371564
v -0.0207641385 1.74897182 0.149845019
v -0.0393772013 1.75548017 0.12004789
v -0.0207641385 1.74897182 0.149845019
v -0.0585079789 1.94340384 -0.0308756102
v -0.0845907554 1.89992905 0.020416826
v -0.0743349195 1.87442434 0.0114524933
v -0.0457041822 1.85400772 -0.0364219621
v 2.2926325E-07 1.85648108 -0.0535034686
v -0.0743349195 1.87442434 0.0114524933
v -0.0690003484 1.83595657 0.0157096051
v -0.0585079789 1.94340384 -0.0308756102
v 4.58524141E-07 1.96638513 -0.0506993793
v -0.0617379695 1.97869015 0.0271965116
v 4.58399938E-07 2.00515532 0.0230117831
v -0.0743349195 1.87442434 0.0114524933
v -0.0845907554 1.89992905 0.020416826
v -0.0891718268 1.87546027 0.00260206219
v -0.0845907554 1.89992905 0.020416826
v -0.0936496034 1.90401649 0.0161693562
v -0.0891718268 1.87546027 0.00260206219
v -0.0831955001 1.87095678 0.0404436849
v -0.0897698849 1.89444423 0.0352770612
v -0.0843360722 1.89608073 0.0377257764
v -0.0897698849 1.89444423 0.0352770612
v -0.0936496034 1.90401649 0.0161693562
v -0.0845907554 1.89992905 0.020416826
v -0.0743349195 1.87442434 0.0114524933
v -0.0891718268 1.87546027 0.00260206219
v -0.0690003484 1.83595657 0.0157096051
v -0.0891718268 1.87546027 0.00260206219
v -0.0844011828 1.82878637 0.0212031137
v -0.0690003484 1.83595657 0.0157096051
v -0.0844011828 1.82878637 0.0212031137
v -0.0787044913 1.82743406 0.0380118713
v -0.0760865957 1.83232284 0.0405655392
v -0.0760865957 1.83232284 0.0405655392
v -0.0787044913 1.82743406 0.0380118713
v -0.0831955001 1.87095678 0.0404436849
v -0.0117231095 1.80808759 0.154561251
v 4.585265E-07 1.80866182 0.155767813
v -0.00966734905 1.80436015 0.118420437
v 4.585265E-07 1.80866182 0.155767813
v 4.58563022E-07 1.80306053 0.114444003
v -0.00966734905 1.80436015 0.118420437
v -0.0147760706 1.78066325 0.150447741
v -0.0207033195 1.76471996 0.154626384
v -0.0311011691 1.78647029 0.141256824
v -0.0117231095 1.80808759 0.154561251
v -0.00966734905 1.80436015 0.118420437
v -0.0283527747 1.80381358 0.144868851
v 4.585265E-07 1.80665934 0.15620169
v 4.58526728E-07 1.79884481 0.159559265
v -0.0141009986 1.8059727 0.15477258
v 4.58526728E-07 1.79884481 0.159559265
v -0.0160069559 1.79872978 0.156448022
v -0.0141009986 1.8059727 0.15477258
v -0.00966734905 1.80436015 0.118420437
v -0.0141009986 1.8059727 0.15477258
v -0.0283527747 1.80381358 0.144868851
v 4.58563022E-07 1.80306053 0.114444003
v 4.585265E-07 1.80665934 0.15620169
v -0.00966734905 1.80436015 0.118420437
v 4.585265E-07 1.80665934 0.15620169
v -0.0141009986 1.8059727 0.15477258
v -0.00966734905 1.80436015 0.118420437
v -0.0063655097 1.83451104 0.174182951
v 4.58540114E-07 1.83195233 0.173788607
v 4.58540114E-07 1.83207643 0.158286288
v -0.0214102566 1.88898957 0.137685165
v -0.0133761866 1.87680089 0.163892195
v -0.0163931791 1.85189402 0.155867338
v -0.0133761866 1.87680089 0.163892195
v -0.0120277982 1.88753188 0.158398584
v -0.0120277982 1.88753188 0.158398584
v -0.0197145268 1.89398491 0.161422119
v 4.58540114E-07 1.87936616 0.167619392
v -0.0133761866 1.87680089 0.163892195
v -0.00756539265 1.8523556 0.170658678
v 4.58540114E-07 1.85268641 0.172756642
v -0.0063655097 1.84118557 0.175542161
v 4.58540114E-07 1.84192407 0.176459447
v -0.0063655097 1.83451104 0.174182951
v 0.00756256934 1.8523556 0.170658678
v 0.0133704906 1.87680089 0.163892195
v 0.0120227691 1.88753188 0.158398584
v 0.0133704906 1.87680089 0.163892195
v 0.0214005876 1.88898957 0.137685165
v 0.0163859911 1.85189402 0.155867338
v 0.0133704906 1.87680089 0.163892195
v 0.0120227691 1.88753188 0.158398584
v 0.0197101124 1.89398491 0.161422119
v 4.585265E-07 1.88814664 0.161869347
v 0.0197101124 1.89398491 0.161422119
v 4.58540114E-07 1.87936616 0.167619392
v -0.0197145268 1.89398491 0.161422119
v 4.58540114E-07 1.85268641 0.172756642
v 0.00636327919 1.84118557 0.175542161
v 4.58540114E-07 1.84192407 0.176459447
v 0.00636327919 1.83451104 0.174182951
v -0.0213306509 1.83835447 0.1485468
v -0.0477151796 1.8137579 0.120095268
v -0.0230629407 1.84590673 0.147905096
v 0.342362046 1.32632995 -0.191811785
v 0.423191637 1.40125489 -0.172542438
v 0.300079107 1.42664826 -0.188956529
v 0.423191637 1.40125489 -0.172542438
v 0.34959051 1.52338409 -0.167105407
v 0.300079107 1.42664826 -0.188956529
v 0.34959051 1.52338409 0.0331208445
v 0.423191637 1.40125489 0.0399805643
v 0.300079107 1.42664826 0.054971993
v 0.423191637 1.40125489 0.0399805643
v 0.342362046 1.32632995 0.0592499636
v 0.300079107 1.42664826 0.054971993
v 0.244181111 1.51881313 -0.178024709
v 0.219958916 1.59955871 -0.163991347
v 0.219576702 1.52862 -0.159965813
v 0.290361524 1.64553368 -0.168004364
v 0.319110721 1.68296599 -0.0623594187
v 0.224190444 1.67419779 -0.144074678
v 0.219958916 1.59955871 -0.163991347
v 0.224190444 1.67419779 -0.144074678
v 0.244181111 1.51881313 -0.178024709
v 0.300079107 1.42664826 -0.188956529
v 0.34959051 1.52338409 -0.167105407
v 0.290361524 1.64553368 -0.168004364
v 0.244181111 1.51881313 -0.178024709
v 0.423191637 1.40125489 -0.172542438
v 0.462385029 1.4387176 -0.0623594224
v 0.376045525 1.5583688 -0.0623594187
v 0.290361524 1.64553368 -0.168004364
v 0.319110721 1.68296599 -0.0623594187
v 0.225987673 1.70636511 -0.0597928353
v 0.224190444 1.67419779 -0.144074678
v 0.34959051 1.52338409 0.0331208445
v 0.290361524 1.64553368 0.0366119519
v 0.300079107 1.42664826 0.054971993
v 0.244181111 1.51881313 0.0447862931
v 0.319110721 1.68296599 -0.0623594187
v 0.290361524 1.64553368 0.0366119519
v 0.225987673 1.70636511 -0.0597928353
v 0.224190444 1.67419779 0.023153035
v 0.319110721 1.68296599 -0.0623594187
v 0.224190444 1.67419779 0.023153035
v 0.462385029 1.4387176 -0.0623594224
v 0.34959051 1.52338409 0.0331208445
v 0.423191637 1.40125489 0.0399805643
v 0.290361524 1.64553368 0.0366119519
v 0.244181111 1.51881313 0.0447862931
v 0.219976962 1.60006464 0.0444649309
v 0.224190444 1.67419779 0.023153035
v 0.223808423 1.48630846 -0.0623594038
v 0.219576716 1.52991486 0.0280977394
v 0.223808423 1.48630846 -0.0623594038
v 0.219576702 1.52862 -0.159965813
v 0.218940482 1.51431441 -0.0597794503
v 0.423191637 1.40125489 -0.172542438
v 0.342362046 1.32632995 -0.191811785
v 0.356731892 1.38298643 -0.0623594038
v 0.462385029 1.4387176 -0.0623594224
v 0.423191637 1.40125489 -0.172542438
v 0.423191637 1.40125489 0.0399805643
v 0.342362046 1.32632995 0.0592499636
v 0.423191637 1.40125489 0.0399805643
v 0.356731892 1.38298643 -0.0623594038
v 0.272806376 1.28886747 -0.0623594038
v 0.342362046 1.32632995 0.0592499636
v 0.342362046 1.32632995 -0.191811785
v 0.219976962 1.60006464 0.0444649309
v 0.244181111 1.51881313 0.0447862931
v 0.219576716 1.52991486 0.0280977394
v 0.223808423 1.48630846 -0.0623594038
v 0.244181111 1.51881313 -0.178024709
v 0.219576702 1.52862 -0.159965813
v 0.219576716 1.52991486 0.0280977394
v 0.223808423 1.48630846 -0.0623594038
v 0.218940482 1.51431441 -0.0597794503
v -0.342362046 1.32632995 -0.1918118
v -0.300079107 1.42664826 -0.188956499
v -0.423191637 1.40125501 -0.172542453
v -0.300079107 1.42664826 -0.188956499
v -0.34959051 1.52338409 -0.167105392
v -0.423191637 1.40125501 -0.172542453
v -0.342362046 1.32632995 0.0592499562
v -0.423191637 1.40125501 0.0399805494
v -0.300079107 1.42664826 0.0549720041
v -0.423191637 1.40125501 0.0399805494
v -0.34959051 1.52338409 0.0331208557
v -0.300079107 1.42664826 0.0549720041
v -0.244181126 1.51881313 -0.178024724
v -0.219576702 1.52862 -0.159965813
v -0.219958916 1.59955871 -0.163991347
v -0.290361553 1.64553392 -0.168004364
v -0.224190444 1.67419791 -0.144074678
v -0.319110751 1.68296611 -0.0623594187
v -0.219958916 1.59955871 -0.163991347
v -0.224190444 1.67419791 -0.144074678
v -0.244181126 1.51881313 -0.178024724
v -0.300079107 1.42664826 -0.188956499
v -0.34959051 1.52338409 -0.167105392
v -0.244181126 1.51881313 -0.178024724
v -0.290361553 1.64553392 -0.168004364
v -0.423191637 1.40125501 -0.172542453
v -0.462385058 1.43871772 -0.0623594224
v -0.376045555 1.55836892 -0.0623594187
v -0.290361553 1.64553392 -0.168004364
v -0.319110751 1.68296611 -0.0623594187
v -0.224190444 1.67419791 -0.144074678
v -0.225987673 1.70636535 -0.0597928353
v -0.319110751 1.68296611 -0.0623594187
v -0.290361553 1.64553392 0.0366119519
v -0.34959051 1.52338409 0.0331208557
v -0.462385058 1.43871772 -0.0623594224
v -0.423191637 1.40125501 0.0399805494
v -0.225987673 1.70636535 -0.0597928353
v -0.224190444 1.67419791 0.0231530331
v -0.300079107 1.42664826 0.0549720041
v -0.244181126 1.51881313 0.0447862931
v -0.290361553 1.64553392 0.0366119519
v -0.244181126 1.51881313 0.0447862931
v -0.219976962 1.60006464 0.0444649309
v -0.224190444 1.67419791 0.0231530331
v -0.219576716 1.52991486 0.0280977394
v -0.223808438 1.48630857 -0.0623594038
v -0.290361553 1.64553392 0.0366119519
v -0.319110751 1.68296611 -0.0623594187
v -0.224190444 1.67419791 0.0231530331
v -0.223808438 1.48630857 -0.0623594038
v -0.218940482 1.51431441 -0.0597794503
v -0.219576702 1.52862 -0.159965813
v -0.423191637 1.40125501 -0.172542453
v -0.356731892 1.38298643 -0.0623594038
v -0.342362046 1.32632995 -0.1918118
v -0.462385058 1.43871772 -0.0623594224
v -0.423191637 1.40125501 -0.172542453
v -0.423191637 1.40125501 0.0399805494
v -0.342362046 1.32632995 0.0592499562
v -0.356731892 1.38298643 -0.0623594038
v -0.423191637 1.40125501 0.0399805494
v -0.272806376 1.28886747 -0.0623594038
v -0.342362046 1.32632995 0.0592499562
v -0.342362046 1.32632995 -0.1918118
v -0.219976962 1.60006464 0.0444649309
v -0.219576716 1.52991486 0.0280977394
v -0.244181126 1.51881313 0.0447862931
v -0.223808438 1.48630857 -0.0623594038
v -0.219576702 1.52862 -0.159965813
v -0.244181126 1.51881313 -0.178024724
v -0.219576716 1.52991486 0.0280977394
v -0.218940482 1.51431441 -0.0597794503
v -0.223808438 1.48630857 -0.0623594038
v 0.208622858 0.643938363 0.0736176074
v 0.227180272 0.560869873 0.0748964548
v 0.109569214 0.623760104 0.123264253
v 0.227180272 0.560869873 0.0748964548
v 0.0978530645 0.530885816 0.125951588
v 0.109569214 0.623760104 0.123264253
v 0.014650573 0.613346338 0.0754352435
v 4.76837192E-09 0.610900342 -0.0350376293
v -0.015937537 0.535864949 -0.0667481869
v 0.0141467759 0.627125919 -0.164008349
v -0.015937537 0.535864949 -0.0667481869
v 0.0105384728 0.552988768 -0.200326517
v 0.0105384728 0.552988768 -0.200326517
v 0.109754942 0.641542971 -0.215850636
v 0.112940274 0.587764144 -0.259941846
v 0.237980053 0.594467938 -0.194031
v 0.237980053 0.594467938 -0.194031
v 0.214689285 0.656294703 -0.163967237
v 0.109754942 0.641542971 -0.215850636
v 0.229743168 0.667033076 -0.180536762
v 0.112696491 0.647807479 -0.24215053
v -0 0.629717529 -0.228138342
v 0.0141467759 0.627125919 -0.164008349
v 4.76837192E-09 0.610900342 -0.0350376293
v -0 0.629717529 -0.228138342
v 0.0105384728 0.552988768 -0.200326517
v 0.112940274 0.587764144 -0.259941846
v 0.109754942 0.641542971 -0.215850636
v 0.237980053 0.594467938 -0.194031
v 0.279558033 0.596293628 -0.054199338
v 0.214689285 0.656294703 -0.163967237
v 0.251544058 0.654405415 -0.0414437428
v 0.214689285 0.656294703 -0.163967237
v 0.239020035 0.676515043 -0.0857867673
v 0.279558033 0.596293628 -0.054199338
v 0.227180272 0.560869873 0.0748964548
v 0.239020035 0.676515043 -0.0857867673
v 0.252386957 0.687756002 -0.0972808152
v 0.212288171 0.780508816 -0.141249284
v 0.202569798 0.921604156 -0.121047653
v 0.212288171 0.780508816 -0.141249284
v 0.104308672 0.916292906 -0.189220399
v 0.17758657 1.06078398 -0.119291767
v 0.095303759 1.05741608 -0.189412087
v 0.0767934844 1.22525203 -0.13237904
v 0.111909769 0.776591957 -0.198191673
v 0.229743168 0.667033076 -0.180536762
v 0.112696491 0.647807479 -0.24215053
v 0.111909769 0.776591957 -0.198191673
v 4.76837192E-09 0.909877777 -0.197649777
v 4.76837148E-09 0.769235373 -0.19377166
v 0.112696491 0.647807479 -0.24215053
v -0 0.629717529 -0.228138342
v 4.76837192E-09 1.05498719 -0.200001597
v 0.095303759 1.05741608 -0.189412087
v 1.36239187E-09 1.22292304 -0.148319826
v 0.0767934844 1.22525203 -0.13237904
v 0.0978530645 0.530885816 0.125951588
v 0.227180272 0.560869873 0.0748964548
v 0.11563997 0.502433717 -0.0300785955
v 0.00246432307 0.52539444 0.0701435804
v 0.0978530645 0.530885816 0.125951588
v 0.279558033 0.596293628 -0.054199338
v 0.237980053 0.594467938 -0.194031
v 0.227180272 0.560869873 0.0748964548
v 0.112940274 0.587764144 -0.259941846
v 0.0105384728 0.552988768 -0.200326517
v 0.11563997 0.502433717 -0.0300785955
v 0.237980053 0.594467938 -0.194031
v 0.112940274 0.587764144 -0.259941846
v -0.015937537 0.535864949 -0.0667481869
v 0.00246432307 0.52539444 0.0701435804
v 0.0105384728 0.552988768 -0.200326517
v 0.17758657 1.06078398 -0.119291767
v 0.189565927 1.22676849 -0.0165823903
v 0.150486052 1.22613966 -0.0955023393
v 0.189565927 1.22676849 -0.0165823903
v 0.17641367 1.06239712 0.102419317
v 0.152835503 1.22068238 0.0633236095
v 0.0767934844 1.22525203 -0.13237904
v 0.17758657 1.06078398 -0.119291767
v 0.150486052 1.22613966 -0.0955023393
v 0.248947784 0.778499305 -0.0171774831
v 0.239020035 0.676515043 -0.0857867673
v 0.251544058 0.654405415 -0.0414437428
v 0.239020035 0.676515043 -0.0857867673
v 0.252386957 0.687756002 -0.0972808152
v 0.229743168 0.667033076 -0.180536762
v 0.212288171 0.780508816 -0.141249284
v 0.251544058 0.654405415 -0.0414437428
v 0.244302586 0.667343259 0.00540714851
v 0.248947784 0.778499305 -0.0171774831
v 0.251544058 0.654405415 -0.0414437428
v 0.208622858 0.643938363 0.0736176074
v 0.227180272 0.560869873 0.0748964548
v 0.224940374 0.654265404 0.100963168
v 0.268477857 0.680141568 0.00775590306
v 0.248947784 0.778499305 -0.0171774831
v 0.244302586 0.667343259 0.00540714851
v 0.268477857 0.680141568 0.00775590306
v 0.244302586 0.667343259 0.00540714851
v 0.208622858 0.643938363 0.0736176074
v 0.268477857 0.680141568 0.00775590306
v 0.014650573 0.613346338 0.0754352435
v 4.76837192E-09 0.610900342 -0.0350376293
v 4.76837148E-09 0.616857886 0.163234055
v 0.229743168 0.667033076 -0.180536762
v 0.214689285 0.656294703 -0.163967237
v 0.252386957 0.687756002 -0.0972808152
v 4.58524141E-07 1.96638513 -0.0506993793
v 2.2926325E-07 1.85648108 -0.0535034686
v 0.0584799722 1.94340384 -0.0308756102
v 4.58539688E-07 1.99437892 0.111000627
v 4.58399938E-07 2.00515532 0.0230117831
v 0.0550760962 1.97389996 0.103012763
v 4.58399938E-07 2.00515532 0.0230117831
v 0.0617083572 1.97869015 0.0271965116
v 0.0550760962 1.97389996 0.103012763
v 0.0617083572 1.97869015 0.0271965116
v 0.0800595358 1.89902401 0.0634441525
v 4.58516809E-07 1.95793009 0.15112932
v 4.58539688E-07 1.99437892 0.111000627
v 0.0415953621 1.9506526 0.140489087
v 0.0575249568 1.9276228 0.128481716
v 0.0238135979 1.9226234 0.154938668
v 4.58516809E-07 1.95793009 0.15112932
v 0.0415953621 1.9506526 0.140489087
v 0.0575249568 1.9276228 0.128481716
v 0.0556308627 1.90127742 0.146822602
v 0.0800595358 1.89902401 0.0634441525
v 0.0725929588 1.90518403 0.119093835
v 0.0693722442 1.8888278 0.1094248
v 0.0778377727 1.87140107 0.0698598474
v 0.0693722442 1.8888278 0.1094248
v 0.070160754 1.87093484 0.10781984
v 0.0531124137 1.89250052 0.128724873
v 0.0725929588 1.90518403 0.119093835
v 0.0778377727 1.87140107 0.0698598474
v 0.0702381656 1.83453405 0.0942960754
v 0.0831552893 1.87095678 0.0404436849
v 0.0760682449 1.83232284 0.0405655392
v 0.0800595358 1.89902401 0.0634441525
v 0.0550760962 1.97389996 0.103012763
v 0.0842952877 1.89608073 0.0377257764
v 0.0617083572 1.97869015 0.0271965116
v 0.0575249568 1.9276228 0.128481716
v 0.0415953621 1.9506526 0.140489087
v 0.0725929588 1.90518403 0.119093835
v 0.0556308627 1.90127742 0.146822602
v 0.0531124137 1.89250052 0.128724873
v 0.0197101124 1.89398491 0.161422119
v 0.0214005876 1.88898957 0.137685165
v 0.0238135979 1.9226234 0.154938668
v 4.585265E-07 1.89774072 0.165384293
v 4.585265E-07 1.88814664 0.161869347
v 0.0238135979 1.9226234 0.154938668
v 0.0492782854 1.86074913 0.131563097
v 0.0186550058 1.85395491 0.147757158
v 0.0230524559 1.84590673 0.147905096
v 0.0476925075 1.8137579 0.120095268
v 4.58544264E-07 1.92493343 0.157921046
v 4.58516809E-07 1.95793009 0.15112932
v 4.585265E-07 1.89774072 0.165384293
v -0.0238244627 1.9226234 0.154938668
v 4.58516809E-07 1.95793009 0.15112932
v -0.0197145268 1.89398491 0.161422119
v 4.585265E-07 1.89774072 0.165384293
v -0.0238244627 1.9226234 0.154938668
v 4.585265E-07 1.88814664 0.161869347
v -0.0214102566 1.88898957 0.137685165
v -0.0186633151 1.85395491 0.147757158
v -0.0493017435 1.86074913 0.131563097
v -0.0230629407 1.84590673 0.147905096
v -0.0477151796 1.8137579 0.120095268
v 4.58539688E-07 1.99437892 0.111000627
v 0.0550760962 1.97389996 0.103012763
v 0.0415953621 1.9506526 0.140489087
v 0.0936042219 1.90401649 0.0161693562
v 0.0891286507 1.87546027 0.00260206219
v 0.0897264183 1.89444423 0.0352770612
v 0.0842952877 1.89608073 0.0377257764
v 0.0845498517 1.89992905 0.020416826
v 0.0584799722 1.94340384 -0.0308756102
v 0.0845498517 1.89992905 0.020416826
v 0.0617083572 1.97869015 0.0271965116
v 0.0842952877 1.89608073 0.0377257764
v 0.0617083572 1.97869015 0.0271965116
v 0.084360376 1.82878637 0.0212031137
v 0.0786665007 1.82743406 0.0380118713
v 0.0831552893 1.87095678 0.0404436849
v 0.0689837486 1.83595657 0.0157096051
v 0.0760682449 1.83232284 0.0405655392
v 0.0891286507 1.87546027 0.00260206219
v 0.0831552893 1.87095678 0.0404436849
v 0.0897264183 1.89444423 0.0352770612
v 0.0178814176 1.83691311 0.156717256
v 0.0222875383 1.8438673 0.156655744
v 0.0213210229 1.83835447 0.1485468
v 0.0213210229 1.83835447 0.1485468
v 4.58540114E-07 1.83207643 0.158286288
v 0.0178814176 1.83691311 0.156717256
v -0.0213306509 1.83835447 0.1485468
v 4.585265E-07 1.81375289 0.162399843
v -0.0117231095 1.80808759 0.154561251
v 0.0117182313 1.80808759 0.154561251
v 4.585265E-07 1.80866182 0.155767813
v -0.0178893451 1.83691311 0.156717256
v -0.0063655097 1.83451104 0.174182951
v -0.0222976469 1.8438673 0.156655744
v -0.0063655097 1.84118557 0.175542161
v -0.0163931791 1.85189402 0.155867338
v -0.0063655097 1.83451104 0.174182951
v 0.0206939988 1.76471996 0.154626384
v 0.0207547881 1.74897182 0.149845019
v 4.58588175E-07 1.7478826 0.152127206
v 4.58588175E-07 1.7478826 0.152127206
v 0.0207547881 1.74897182 0.149845019
v 4.58690039E-07 1.74667311 0.123371564
v 0.0207547881 1.74897182 0.149845019
v 0.0393586457 1.75548017 0.12004789
v 0.0584799722 1.94340384 -0.0308756102
v 0.0742990822 1.87442434 0.0114524933
v 0.0845498517 1.89992905 0.020416826
v 2.2926325E-07 1.85648108 -0.0535034686
v 0.0456933454 1.85400772 -0.0364219621
v 0.0689837486 1.83595657 0.0157096051
v 0.0742990822 1.87442434 0.0114524933
v 0.0584799722 1.94340384 -0.0308756102
v 4.58524141E-07 1.96638513 -0.0506993793
v 0.0617083572 1.97869015 0.0271965116
v 4.58399938E-07 2.00515532 0.0230117831
v 0.0936042219 1.90401649 0.0161693562
v 0.0845498517 1.89992905 0.020416826
v 0.0891286507 1.87546027 0.00260206219
v 0.0845498517 1.89992905 0.020416826
v 0.0742990822 1.87442434 0.0114524933
v 0.0891286507 1.87546027 0.00260206219
v 0.0831552893 1.87095678 0.0404436849
v 0.0842952877 1.89608073 0.0377257764
v 0.0897264183 1.89444423 0.0352770612
v 0.0845498517 1.89992905 0.020416826
v 0.0936042219 1.90401649 0.0161693562
v 0.0897264183 1.89444423 0.0352770612
v 0.0742990822 1.87442434 0.0114524933
v 0.0689837486 1.83595657 0.0157096051
v 0.0891286507 1.87546027 0.00260206219
v 0.0689837486 1.83595657 0.0157096051
v 0.084360376 1.82878637 0.0212031137
v 0.0891286507 1.87546027 0.00260206219
v 0.0760682449 1.83232284 0.0405655392
v 0.0786665007 1.82743406 0.0380118713
v 0.084360376 1.82878637 0.0212031137
v 0.0760682449 1.83232284 0.0405655392
v 0.0831552893 1.87095678 0.0404436849
v 0.0786665007 1.82743406 0.0380118713
v 4.58563022E-07 1.80306053 0.114444003
v 4.585265E-07 1.80866182 0.155767813
v 0.00966348592 1.80436015 0.118420437
v 4.585265E-07 1.80866182 0.155767813
v 0.0117182313 1.80808759 0.154561251
v 0.00966348592 1.80436015 0.118420437
v 0.0147696836 1.78066325 0.150447741
v 0.0310867094 1.78647029 0.141256824
v 0.0206939988 1.76471996 0.154626384
v 0.0117182313 1.80808759 0.154561251
v 0.0283396747 1.80381358 0.144868851
v 0.00966348592 1.80436015 0.118420437
v 4.585265E-07 1.80665934 0.15620169
v 0.0140949441 1.8059727 0.15477258
v 4.58526728E-07 1.79884481 0.159559265
v 0.0140949441 1.8059727 0.15477258
v 0.0159999598 1.79872978 0.156448022
v 4.58526728E-07 1.79884481 0.159559265
v 0.00966348592 1.80436015 0.118420437
v 0.0283396747 1.80381358 0.144868851
v 0.0140949441 1.8059727 0.15477258
v 4.58563022E-07 1.80306053 0.114444003
v 0.00966348592 1.80436015 0.118420437
v 4.585265E-07 1.80665934 0.15620169
v 0.00966348592 1.80436015 0.118420437
v 0.0140949441 1.8059727 0.15477258
v 4.585265E-07 1.80665934 0.15620169
v 4.58540114E-07 1.83207643 0.158286288
v 4.58540114E-07 1.83195233 0.173788607
v 0.00636327919 1.83451104 0.174182951
v 0.0213210229 1.83835447 0.1485468
v 0.0230524559 1.84590673 0.147905096
v 0.0476925075 1.8137579 0.120095268
v 0.225878328 0.076067999 0.0383784436
v 0.219419286 0.419001222 0.060568545
v 0.13041091 0.0857265443 0.111752138
v 1.88245611E-17 0.076067999 0.138608754
v 0.229319587 0.0655553043 -0.166317478
v 0.260821819 0.0712156668 -0.0618518516
v 0.13041091 0.0857265443 0.111752138
v 0.225878328 0.076067999 0.0383784436
v -5.72478095E-18 0.149408907 -0.0618518516
v 1.88245611E-17 0.076067999 0.138608754
v 0.13041091 0.0857265443 0.111752138
v 0.133852169 0.0621175356 -0.239691094
v -3.02741222E-17 0.0621175356 -0.262312472
v 0.229319587 0.0655553043 -0.166317478
v 0.133852169 0.0621175356 -0.239691094
v 0.260821819 0.0712156668 -0.0618518516
v 0.229319587 0.0655553043 -0.166317478
v 0.225878328 0.076067999 0.0383784436
v 0.210659727 1.06995368 -0.0158991683
v 0.189565927 1.22676849 -0.0165823903
v 0.150486052 1.22613966 -0.0955023393
v 0.0767934844 1.22525203 -0.13237904
v 0.108535372 1.06459987 -0.184680417
v 0.150486052 1.22613966 -0.0955023393
v 0.118278332 0.913350284 -0.187254936
v -2.23135808E-17 1.0597769 -0.197309703
v 0.0767934844 1.22525203 -0.13237904
v 1.36239187E-09 1.22292304 -0.148319826
v 0.108535372 1.06459987 -0.184680417
v 0.186461329 1.06745887 -0.116307721
v 0.150486052 1.22613966 -0.0955023393
v 0.189565927 1.22676849 -0.0165823903
v 0.210659727 1.06995368 -0.0158991683
v 0.152835503 1.22068238 0.0633236095
v -0.00246432307 0.525394499 0.0701435804
v -0.0978530645 0.530885696 0.125951588
v -0.0146505637 0.613346338 0.0754352435
v -0.109569207 0.623760104 0.123264261
v 0.0159375481 0.535864949 -0.0667481795
v -0.00246432307 0.525394499 0.0701435804
v 4.76837192E-09 0.610900342 -0.0350376293
v -0.0146505637 0.613346338 0.0754352435
v -0.0951524526 1.05838299 -0.189412087
v -0.0767934769 1.22525203 -0.132379055
v -0.177335203 1.06259096 -0.119291767
v -0.104229502 0.916606724 -0.189121798
v -0.202370301 0.923208356 -0.120864913
v -0.212335989 0.780267239 -0.141115502
v -0.112019897 0.775897324 -0.19812654
v -0.229743168 0.667033076 -0.180536777
v -0.112696484 0.64780736 -0.24215053
v 4.76837192E-09 0.909877777 -0.197649777
v -0.112019897 0.775897324 -0.19812654
v 4.76837148E-09 0.769235373 -0.19377166
v -0.112696484 0.64780736 -0.24215053
v -0 0.629717529 -0.228138342
v 4.76837192E-09 1.05498719 -0.200001597
v -0.0951524526 1.05838299 -0.189412087
v 1.36239187E-09 1.22292304 -0.148319826
v -0.0767934769 1.22525203 -0.132379055
v -0.0998578221 1.05709207 0.150419131
v -0.0855766535 1.21552837 0.120816313
v 1.36239187E-09 1.21388531 0.138748407
v 2.15058423E-17 1.04945648 0.16050306
v -0.118278332 0.913350284 0.156862751
v 2.28404734E-17 0.905650616 0.171401173
v -0.123892665 0.759386897 0.156325608
v 0.123892665 0.759386897 0.156325608
v -0.180196598 1.06495738 0.0921173468
v -0.0998578221 1.05709207 0.150419131
v -0.0855766535 1.21552837 0.120816313
v -0.152835503 1.22068238 0.0633236095
v 0.118278332 0.913350284 0.156862751
v 0.180196583 1.06495738 0.0921173468
v 0.0998578221 1.05709207 0.150419116
v 0.0855766535 1.21552837 0.120816305
v 0.152835503 1.22068238 0.0633236095
v 2.28404734E-17 0.905650616 0.171401173
v 2.15058423E-17 1.04945648 0.16050306
v 0.0998578221 1.05709207 0.150419116
v 1.36239187E-09 1.21388531 0.138748407
v 0.0855766535 1.21552837 0.120816305
v 3.66674897E-18 1.82315683 0.0299412794
v -0.117282197 1.71902573 0.147614777
v -0.0665825307 1.95797074 0.195005044
v -0.0689080507 1.66527903 0.0496997051
v -0.0993640199 1.76378882 -0.0132789211
v -0.078141965 1.78546476 -0.0789555311
v -0.129159629 1.82315683 -0.0132789211
v -0.129159629 1.82315683 -0.0132789211
v -0.117282197 1.71902573 0.147614777
v -0.0830589384 1.87743831 -0.100107573
v -0.0886753276 1.97574627 -0.0132789211
v -0.0665825307 1.95797074 0.195005044
v -0.117282197 1.71902573 0.147614777
v 0.152835503 1.22068238 0.0633236095
v 0.146830142 1.16049182 0.0575631373
v 0.0855766535 1.21552837 0.120816305
v 0.076450035 1.14576018 0.112389088
v 0.169647783 1.06142342 0.0901695415
v 0.0855766535 1.21552837 0.120816305
v 0.076450035 1.14576018 0.112389088
v 1.36239187E-09 1.21388531 0.138748407
v -2.65820239E-18 1.13525105 0.13023524
v 0.0635712445 1.04067123 0.140317738
v -0 1.03558803 0.153340697
v -0 0.978009343 0.14976716
v -2.65820239E-18 1.13525105 0.13023524
v -0.076450035 1.14576018 0.112389088
v -0.169647783 1.06142342 0.0901695415
v -0.146830142 1.16049182 0.0575631373
v -0.0855766535 1.21552837 0.120816313
v -0.076450035 1.14576018 0.112389088
v 1.36239187E-09 1.21388531 0.138748407
v -0.0635712445 1.04067123 0.140317738
v -0 1.03558803 0.153340697
v -0 0.978009343 0.14976716
v 0.167863801 1.54068351 -0.199086502
v 0.219576702 1.52862 -0.159965813
v 0.219958916 1.59955871 -0.163991347
v 0.182752818 1.41858804 -0.148751557
v 0.179902911 1.67205667 0.0414814129
v 0.0854198039 1.66287029 0.0871174857
v 0.122907944 1.71005273 0.0223362911
v 0.176508173 1.596681 0.0805447549
v 0.181246564 1.51173675 0.0804757699
v 0.092070289 1.50422204 0.132887587
v 0.086954467 1.59724915 0.119272202
v 0.0942386687 1.44735277 0.120028652
v -0 1.53803754 -0.216945782
v 0.0865479186 1.53642833 -0.218680888
v -0 1.66367662 -0.195352018
v -0 1.42580473 -0.190531
v 0.0836913362 1.42194605 -0.188535094
v -0 1.30887675 -0.153211907
v 0.08048971 1.30836761 -0.146003515
v 0.0767934844 1.22525203 -0.13237904
v 0.167863801 1.54068351 -0.199086502
v 0.0885900259 1.67188156 -0.194609791
v 0.0836913362 1.42194605 -0.188535094
v 0.08048971 1.30836761 -0.146003515
v 0.149358675 1.31021512 -0.101344906
v 0.182752818 1.41858804 -0.148751557
v 0.0836913362 1.42194605 -0.188535094
v 0.167863801 1.54068351 -0.199086502
v 0.08048971 1.30836761 -0.146003515
v 0.0865479186 1.53642833 -0.218680888
v 0.0885900259 1.67188156 -0.194609791
v -0 1.66367662 -0.195352018
v -0 1.73287535 -0.152034521
v 0.178973079 1.72402251 -0.0667467117
v 0.122907944 1.71005273 0.0223362911
v 0.116328083 1.75716996 -0.0633364543
v 0.087155968 1.7379638 0.015615481
v 0.0602582097 1.78798246 -0.0597660206
v -0 1.8267138 -0.0645048618
v -0 1.79244804 -0.0873743445
v 0.0500097126 1.81960082 -0.0450499728
v 0.0602582097 1.78798246 -0.0597660206
v 0.0500097126 1.81960082 -0.0450499728
v 0.0602582097 1.78798246 -0.0597660206
v 0.0764171332 1.77411008 0.016759092
v 0.087155968 1.7379638 0.015615481
v 0.0649133548 0.175006896 -0.0798860714
v 0.0481388569 0.292596221 -0.0887010545
v 0.102784306 0.287788481 -0.0109472889
v 0.0204057693 0.401748776 -0.0842763111
v 0.0827007815 0.304891497 -0.172589332
v 0.0892841294 0.172126114 -0.144903719
v 0.152826667 0.3082335 -0.156883121
v 0.0715716183 0.44491905 -0.196465284
v 0.0892841294 0.172126114 -0.144903719
v 0.138525158 0.166174084 -0.134914145
v 0.152826667 0.3082335 -0.156883121
v 0.091730535 0.102634855 -0.144504264
v 0.141709939 0.100366659 -0.136709854
v 0.142420143 0.0469186306 -0.141871825
v 0.138525158 0.166174084 -0.134914145
v 0.159579962 0.164657131 -0.087618731
v 0.186452225 0.301989079 -0.100540213
v 0.141709939 0.100366659 -0.136709854
v 0.172981292 0.103752986 -0.0846176147
v 0.170290709 0.0503989495 -0.0836372077
v 0.0965250954 0.659362614 0.0669446662
v 0.130199954 0.615786791 0.0633511767
v 0.0834495723 0.616035938 0.0588999018
v 0.127135441 0.570465326 0.0521879047
v 0.0604524501 0.861580014 -0.150426388
v 0.0457270406 0.948011577 -0.14864853
v -0 0.933961868 0.0114474054
v -0 1.02466583 -0.180444241
v 0.0828280896 0.572532296 0.0471671522
v 0.037332572 0.542447448 -0.0674502924
v 0.0294905566 0.595375597 -0.0458627455
v 0.103344232 0.524837315 0.0173743106
v 0.100646682 0.416490406 0.00659798598
v 0.0204057693 0.401748776 -0.0842763111
v 0.102784306 0.287788481 -0.0109472889
v 0.103836246 0.170433313 -0.019133091
v 0.0649133548 0.175006896 -0.0798860714
v 0.0570460558 0.112727553 -0.076193817
v 0.0965250954 0.659362614 0.0669446662
v 0.0242026709 0.638412356 -0.0273219626
v 0.0158577338 0.709870517 -0.0194305796
v 0.0834495723 0.616035938 0.0588999018
v 0.0828280896 0.572532296 0.0471671522
v 0.184184179 0.748567402 0.0836111456
v 0.162313834 0.670714855 0.0577329099
v 0.0745989755 0.73093766 0.104700029
v 0.0583855808 0.855151832 0.128729165
v 0.162313834 0.670714855 0.0577329099
v 0.0965250954 0.659362614 0.0669446662
v 0.0745989755 0.73093766 0.104700029
v 0.130199954 0.615786791 0.0633511767
v 0.0457270406 0.948011577 -0.14864853
v 0.111439608 1.04823565 -0.171083942
v -0 1.02466583 -0.180444241
v 3.13225836E-18 1.15030336 -0.153460979
v 0.161868036 0.592868567 0.0293064062
v 0.127135441 0.570465326 0.0521879047
v 0.130199954 0.615786791 0.0633511767
v 0.165680811 0.542411089 -0.00194522855
v 0.109084241 0.0847490951 0.0463903993
v 0.168780342 0.0520396158 0.0196328703
v 0.177989796 0.0326264389 0.090508908
v 0.154536128 0.115991779 -0.0252021048
v 0.111731373 -7.15255721E-09 0.119855553
v 0.191922382 -7.15255721E-09 0.0906968862
v 0.113554493 -1.90734859E-08 0.0144551098
v 0.0509740673 -1.90734859E-08 0.0144431517
v 0.0387719721 -7.15255721E-09 0.114505194
v 0.111731373 -7.15255721E-09 0.119855553
v 0.052502878 0 0.169740707
v 0.106239632 0 0.180201754
v 0.179327384 0 0.14376542
v 0.191922382 -7.15255721E-09 0.0906968862
v 0.191922382 -7.15255721E-09 0.0906968862
v 0.180929527 -1.90734859E-08 0.0144431517
v 0.113554493 -1.90734859E-08 0.0144551098
v 0.167376935 -1.90734859E-08 -0.0853359103
v 0.0540876128 -1.90734859E-08 -0.0754346475
v 0.113546409 -1.90734859E-08 -0.0847903043
v 0.0892403796 0.00263233786 -0.157599002
v 0.140974194 0.00183231826 -0.147567511
v 0.0553450249 0.0500884727 -0.0728320405
v 0.0881707296 0.0447632745 -0.150852069
v 0.091730535 0.102634855 -0.144504264
v 0.0892403796 0.00263233786 -0.157599002
v 0.0591973737 0.0566633418 0.0222482216
v 0.0570460558 0.112727553 -0.076193817
v 0.106979042 0.131077632 -0.00124387257
v 0.103836246 0.170433313 -0.019133091
v 0.427673787 1.36674237 -0.000934286101
v 0.469442278 1.31962371 0.00182515138
v 0.387497663 1.31386101 0.00687486632
v 0.324134976 1.40259027 0.0435321368
v 0.380487591 1.44412839 0.0263931695
v 0.324134976 1.40259027 0.0435321368
v 0.402251542 1.4636184 -0.0588055663
v 0.427673787 1.36674237 -0.000934286101
v 0.446947932 1.38712311 -0.0578701198
v 0.469442278 1.31962371 0.00182515138
v 0.446947932 1.38712311 -0.0578701198
v 0.496025175 1.34273696 -0.0629811212
v 0.553706706 1.19799161 -0.0639965013
v 0.533971965 1.18474793 -0.0110595319
v 0.572322786 1.10385537 -0.0135385413
v 0.603811026 1.08173776 -0.00820274372
v 0.534505844 1.07929003 -0.00837874599
v 0.251166463 1.56282675 0.0388713591
v 0.262733668 1.5120008 0.0283049624
v 0.219576716 1.52991486 0.0280977394
v 0.219976962 1.60006464 0.0444649309
v 0.224190444 1.67419779 0.023153035
v 0.293134511 1.64564943 0.0216617063
v 0.219976962 1.60006464 0.0444649309
v 0.251166463 1.56282675 0.0388713591
v 0.249519646 1.56247663 -0.166756704
v 0.294325739 1.6435473 -0.148005888
v 0.219958916 1.59955871 -0.163991347
v 0.224190444 1.67419779 -0.144074678
v 0.657844305 1.01982117 -0.034513548
v 0.679967701 0.984569252 -0.0333248116
v 0.652061999 0.965205371 -0.0332193375
v 0.683652043 0.977086544 -0.032633476
v 0.669737816 0.93679899 -0.030304946
v 0.666915655 0.941715598 -0.0659539402
v 0.694291055 0.952911973 -0.0690024942
v 0.683269024 0.914014637 -0.0678728074
v 0.681716621 0.979326785 -0.0691047236
v 0.661675453 1.01770401 -0.0689110532
v 0.678335547 0.986429214 -0.0691322684
v 0.651004493 0.967678189 -0.0657417253
v 0.681716621 0.979326785 -0.0691047236
v 0.666915655 0.941715598 -0.0659539402
v 0.664390087 0.94718349 -0.0209652707
v 0.679655612 0.92101562 -0.0116596222
v 0.6902439 0.958401978 -0.0164481737
v 0.678398132 0.983482897 -0.0224222187
v 0.675087631 0.990491986 -0.0240917969
v 0.656986117 1.02050269 -0.0318966284
v 0.649353325 0.971822083 -0.0280397031
v 0.678398132 0.983482897 -0.0224222187
v 0.664390087 0.94718349 -0.0209652707
v 0.603956223 0.976461709 0.0325970836
v 0.625579715 0.986274242 0.0236469638
v 0.611128092 1.00976956 0.00805831887
v 0.636156976 0.960992575 0.032834433
v 0.646916389 0.957016885 -0.124634817
v 0.659631312 0.936938703 -0.125451699
v 0.669499934 0.966468334 -0.129874378
v 0.660772085 0.985242009 -0.12958461
v 0.652519226 0.958044887 -0.104442477
v 0.675102055 0.967496455 -0.109682083
v 0.663948059 0.937730551 -0.109893762
v 0.666864634 0.986422122 -0.107615694
v 0.663948059 0.937730551 -0.109893762
v 0.659631312 0.936938703 -0.125451699
v 0.646916389 0.957016885 -0.124634817
v 0.652519226 0.958044887 -0.104442477
v 0.640986681 0.9763062 -0.101390265
v 0.63488698 0.975163877 -0.123627275
v 0.616630673 0.996705532 -0.121569246
v 0.652143538 1.01474428 -0.103050992
v 0.664037168 0.992918134 -0.106906466
v 0.640986681 0.9763062 -0.101390265
v 0.666864634 0.986422122 -0.107615694
v 0.652519226 0.958044887 -0.104442477
v 0.681467056 0.982334316 -0.0608581156
v 0.661577344 1.01810539 -0.066674076
v 0.653547823 0.962990403 -0.0604659244
v 0.685124755 0.974891424 -0.0596607588
v 0.671108067 0.934756994 -0.0553845204
v 0.210118324 0.920586824 -0.107637972
v 0.188777134 1.11617291 -0.11657422
v 0.123331442 0.930272937 -0.176277131
v 0.104748808 1.12506771 -0.167477742
v 0.150486052 1.22613966 -0.0955023393
v 0.0767934844 1.22525203 -0.13237904
v 0.123331442 0.930272937 -0.176277131
v -0.00306888088 0.929255605 -0.201096058
v 0.00227488624 1.12681687 -0.188907146
v 0.0767934844 1.22525203 -0.13237904
v 1.36239187E-09 1.22292304 -0.148319826
v -0.120320529 0.91587311 -0.17623651
v -0.00306888088 0.929255605 -0.201096058
v -0.104748808 1.12506771 -0.167477757
v 0.00227488624 1.12681687 -0.188907146
v -0.0767934769 1.22525203 -0.132379055
v 1.36239187E-09 1.22292304 -0.148319826
v -0.211515993 0.910010993 0.0863372386
v -0.177682549 1.11069083 0.086403951
v -0.121634007 0.912629604 0.148185685
v -0.111614078 1.09886217 0.142518625
v -0.0855766535 1.21552837 0.120816313
v -0.152835503 1.22068238 0.0633236095
v -0.121634007 0.912629604 0.148185685
v -0 1.0902437 0.165047258
v 0.00143106992 0.890038908 0.168090612
v -0.0855766535 1.21552837 0.120816313
v 1.36239187E-09 1.21388531 0.138748407
v -0 1.0902437 0.165047258
v 0.0855766535 1.21552837 0.120816305
v 0.111614078 1.09886217 0.142518654
v 0.00143106992 0.890038908 0.168090612
v 0.123085745 0.89319241 0.146026671
v 0.111614078 1.09886217 0.142518654
v 0.123085745 0.89319241 0.146026671
v 0.213736683 0.899178267 0.0870622918
v 0.179931 1.11878884 0.0871044695
v 0.0855766535 1.21552837 0.120816305
v 0.152835503 1.22068238 0.0633236095
v -0.167863801 1.54068351 -0.199086502
v -0.219958916 1.59955871 -0.163991347
v -0.219576702 1.52862 -0.159965813
v -0.182752818 1.41858804 -0.148751557
v -0.179902911 1.67205667 0.0414814129
v -0.122907944 1.71005273 0.0223362911
v -0.0854198039 1.66287029 0.0871174857
v -0.176508173 1.596681 0.0805447549
v -0.092070289 1.50422204 0.132887587
v -0.181246564 1.51173675 0.0804757699
v -0.086954467 1.59724915 0.119272202
v -0.0942386687 1.44735277 0.120028652
v -0 1.66367662 -0.195352018
v -0.0885900259 1.67188156 -0.194609791
v -0.0865479186 1.53642833 -0.218680888
v -0 1.73287535 -0.152034521
v -0.178973079 1.72402251 -0.0667467117
v -0.116328083 1.75716996 -0.0633364543
v -0.122907944 1.71005273 0.0223362911
v -0.087155968 1.7379638 0.015615481
v -0.0602582097 1.78798246 -0.0597660206
v -0.0602582097 1.78798246 -0.0597660206
v -0 1.79244804 -0.0873743445
v -0.0500097126 1.81960082 -0.0450499728
v -0 1.8267138 -0.0645048618
v -0.087155968 1.7379638 0.015615481
v -0.0602582097 1.78798246 -0.0597660206
v -0.0764171332 1.77411008 0.016759092
v -0.0500097126 1.81960082 -0.0450499728
v -0.251166463 1.56282675 0.0388713591
v -0.219576716 1.52991486 0.0280977394
v -0.262733668 1.5120008 0.0283049624
v -0.219976962 1.60006464 0.0444649309
v -0.251166463 1.56282675 0.0388713591
v -0.293134511 1.64564943 0.0216617063
v -0.219976962 1.60006464 0.0444649309
v -0.224190444 1.67419791 0.0231530331
v -0.249519646 1.56247663 -0.166756704
v -0.219958916 1.59955871 -0.163991347
v -0.294325739 1.6435473 -0.148005888
v -0.224190444 1.67419791 -0.144074678
v -0.103836246 0.170433313 -0.019133091
v -0.141412482 0.166174084 -0.0357899033
v -0.102784306 0.287788481 -0.0109472889
v -0.106979042 0.131077632 -0.00124387257
v -0.16335018 0.293986589 -0.0316916779
v -0.102784306 0.287788481 -0.0109472889
v -0.100646682 0.416490406 0.00659798598
v -0.102784306 0.287788481 -0.0109472889
v -0.0481388569 0.292596221 -0.0887010545
v -0.0649133548 0.175006896 -0.0798860714
v -0.0204057693 0.401748776 -0.0842763111
v -0.138525158 0.166174084 -0.134914145
v -0.0892841294 0.172126114 -0.144903719
v -0.152826667 0.3082335 -0.156883121
v -0.091730535 0.102634855 -0.144504264
v -0.141709939 0.100366659 -0.136709854
v -0.142420143 0.0469186306 -0.141871825
v -0.0892841294 0.172126114 -0.144903719
v -0.0827007815 0.304891497 -0.172589332
v -0.152826667 0.3082335 -0.156883121
v -0.0715716183 0.44491905 -0.196465284
v -0.100646682 0.416490406 0.00659798598
v -0.178023234 0.436394334 -0.020533748
v -0.103344232 0.524837315 0.0173743106
v -0.16335018 0.293986589 -0.0316916779
v -0.103344232 0.524837315 0.0173743106
v -0.037332572 0.542447448 -0.0674502924
v -0.0828280896 0.572532296 0.0471671522
v -0.0294905566 0.595375597 -0.0458627455
v -0.103344232 0.524837315 0.0173743106
v -0.0204057693 0.401748776 -0.0842763111
v -0.100646682 0.416490406 0.00659798598
v -0.037332572 0.542447448 -0.0674502924
v -0.102784306 0.287788481 -0.0109472889
v -0.103836246 0.170433313 -0.019133091
v -0.0649133548 0.175006896 -0.0798860714
v -0.0570460558 0.112727553 -0.076193817
v -0.0965250954 0.659362614 0.0669446662
v -0.0834495723 0.616035938 0.0588999018
v -0.130199954 0.615786791 0.0633511767
v -0.127135441 0.570465326 0.0521879047
v -0 0.933961868 0.0114474054
v -0.0457270406 0.948011577 -0.14864853
v -0.0604524501 0.861580014 -0.150426388
v -0 1.02466583 -0.180444241
v -0.0242026709 0.638412356 -0.0273219626
v -0.0965250954 0.659362614 0.0669446662
v -0.0158577338 0.709870517 -0.0194305796
v -0.0834495723 0.616035938 0.0588999018
v -0.0828280896 0.572532296 0.0471671522
v -0.0965250954 0.659362614 0.0669446662
v -0.162313834 0.670714855 0.0577329099
v -0.0745989755 0.73093766 0.104700029
v -0.130199954 0.615786791 0.0633511767
v -0.162313834 0.670714855 0.0577329099
v -0.184184179 0.748567402 0.0836111456
v -0.0745989755 0.73093766 0.104700029
v -0.0583855808 0.855151832 0.128729165
v -0.0457270406 0.948011577 -0.14864853
v -0 1.02466583 -0.180444241
v -0.111439608 1.04823565 -0.171083942
v 3.13225836E-18 1.15030336 -0.153460979
v -0.161868036 0.592868567 0.0293064062
v -0.130199954 0.615786791 0.0633511767
v -0.127135441 0.570465326 0.0521879047
v -0.165680811 0.542411089 -0.00194522855
v -0.168780342 0.0520396158 0.0196328703
v -0.109084241 0.0847490951 0.0463903993
v -0.177989796 0.0326264389 0.090508908
v -0.154536128 0.115991779 -0.0252021048
v -0.109084241 0.0847490951 0.0463903993
v -0.113243729 0.0517156869 0.117410421
v -0.177989796 0.0326264389 0.090508908
v -0.165491208 0.0273785926 0.134722278
v -0.113243729 0.0517156869 0.117410421
v -0.109693497 0.0405864567 0.171158582
v -0.0597131364 0.0273785926 0.160697564
v -0.052502878 0 0.169740707
v -0.113243729 0.0517156869 0.117410421
v -0.109693497 0.0405864567 0.171158582
v -0.179327384 0 0.14376542
v -0.165491208 0.0273785926 0.134722278
v -0.106239632 0 0.180201754
v -0.111731373 -7.15255721E-09 0.119855553
v -0.113554493 -1.90734859E-08 0.0144551098
v -0.191922382 -7.15255721E-09 0.0906968862
v -0.0509740673 -1.90734859E-08 0.0144431517
v -0.0387719721 -7.15255721E-09 0.114505194
v -0.111731373 -7.15255721E-09 0.119855553
v -0.052502878 0 0.169740707
v -0.106239632 0 0.180201754
v -0.179327384 0 0.14376542
v -0.191922382 -7.15255721E-09 0.0906968862
v -0.113554493 -1.90734859E-08 0.0144551098
v -0.180929527 -1.90734859E-08 0.0144431517
v -0.191922382 -7.15255721E-09 0.0906968862
v -0.167376935 -1.90734859E-08 -0.0853359103
v -0.0540876128 -1.90734859E-08 -0.0754346475
v -0.0892403796 0.00263233786 -0.157599002
v -0.113546409 -1.90734859E-08 -0.0847903043
v -0.140974194 0.00183231826 -0.147567511
v -0.091730535 0.102634855 -0.144504264
v -0.0881707296 0.0447632745 -0.150852069
v -0.0553450249 0.0500884727 -0.0728320405
v -0.0892403796 0.00263233786 -0.157599002
v -0.0591973737 0.0566633418 0.0222482216
v -0.106979042 0.131077632 -0.00124387257
v -0.0570460558 0.112727553 -0.076193817
v -0.103836246 0.170433313 -0.019133091
v -0.0525152199 1.89178717 0.129410967
v -0.0289627351 1.89063096 0.137500599
v -0.0440555699 1.88441026 0.132280856
v -0.0269044396 1.88438833 0.138654888
v -0.679967701 0.984569252 -0.0333248116
v -0.657844305 1.01982117 -0.034513548
v -0.652061999 0.965205371 -0.0332193375
v -0.683652043 0.977086544 -0.032633476
v -0.669737816 0.93679899 -0.030304946
v -0.694291055 0.952911973 -0.0690024942
v -0.666915655 0.941715598 -0.0659539402
v -0.683269024 0.914014637 -0.0678728074
v -0.681716621 0.979326785 -0.0691047236
v -0.678335547 0.986429214 -0.0691322684
v -0.661675453 1.01770401 -0.0689110532
v -0.651004493 0.967678189 -0.0657417253
v -0.681716621 0.979326785 -0.0691047236
v -0.666915655 0.941715598 -0.0659539402
v -0.664390087 0.94718349 -0.0209652707
v -0.6902439 0.958401978 -0.0164481737
v -0.679655612 0.92101562 -0.0116596222
v -0.678398132 0.983482897 -0.0224222187
v -0.656986117 1.02050269 -0.0318966284
v -0.675087631 0.990491986 -0.0240917969
v -0.649353325 0.971822083 -0.0280397031
v -0.678398132 0.983482897 -0.0224222187
v -0.664390087 0.94718349 -0.0209652707
v -0.611128092 1.00976956 0.00805831887
v -0.625579715 0.986274242 0.0236469638
v -0.603956223 0.976461709 0.0325970836
v -0.636156976 0.960992575 0.032834433
v -0.646916389 0.957016885 -0.124634817
v -0.669499934 0.966468334 -0.129874378
v -0.659631312 0.936938703 -0.125451699
v -0.660772085 0.985242009 -0.12958461
v -0.675102055 0.967496455 -0.109682083
v -0.652519226 0.958044887 -0.104442477
v -0.663948059 0.937730551 -0.109893762
v -0.666864634 0.986422122 -0.107615694
v -0.646916389 0.957016885 -0.124634817
v -0.659631312 0.936938703 -0.125451699
v -0.663948059 0.937730551 -0.109893762
v -0.652519226 0.958044887 -0.104442477
v -0.640986681 0.9763062 -0.101390265
v -0.63488698 0.975163877 -0.123627275
v -0.616630673 0.996705532 -0.121569246
v -0.664037168 0.992918134 -0.106906466
v -0.652143538 1.01474428 -0.103050992
v -0.640986681 0.9763062 -0.101390265
v -0.666864634 0.986422122 -0.107615694
v -0.652519226 0.958044887 -0.104442477
v -0.681467056 0.982334316 -0.0608581156
v -0.653547823 0.962990403 -0.0604659244
v -0.661577344 1.01810539 -0.066674076
v -0.685124755 0.974891424 -0.0596607588
v -0.671108067 0.934756994 -0.0553845204
v -0.0525759123 1.77906179 0.0482505225
v -0.0393772013 1.75548017 0.12004789
v 2.29385364E-07 1.74966776 0.0841642916
v 4.58690039E-07 1.74667311 0.123371564
v -0.0760865957 1.83232284 0.0405655392
v -0.0702719912 1.83453405 0.0942960754
v -0.0713265911 1.79081666 0.0638128445
v -0.0778753534 1.87140107 0.0698598474
v -0.0213306509 1.83835447 0.1485468
v -0.0230629407 1.84590673 0.147905096
v -0.0222976469 1.8438673 0.156655744
v -0.0163931791 1.85189402 0.155867338
v -0.0186633151 1.85395491 0.147757158
v -0.0163931791 1.85189402 0.155867338
v -0.0214102566 1.88898957 0.137685165
v 4.58574021E-07 1.76704979 0.158061057
v 4.58588175E-07 1.7478826 0.152127206
v -0.0207033195 1.76471996 0.154626384
v -0.0147760706 1.78066325 0.150447741
v 4.58572941E-07 1.78345454 0.152469307
v -0.0160069559 1.79872978 0.156448022
v 0.0159999598 1.79872978 0.156448022
v 0.0147696836 1.78066325 0.150447741
v 4.58574021E-07 1.76704979 0.158061057
v 0.0206939988 1.76471996 0.154626384
v 4.58588175E-07 1.7478826 0.152127206
v -0.0525759123 1.77906179 0.0482505225
v -0.0760865957 1.83232284 0.0405655392
v -0.0713265911 1.79081666 0.0638128445
v -0.0393772013 1.75548017 0.12004789
v -0.00756539265 1.8523556 0.170658678
v -0.0063655097 1.84118557 0.175542161
v -0.0163931791 1.85189402 0.155867338
v -0.0133761866 1.87680089 0.163892195
v 0.342362046 1.32632995 0.0592499636
v 0.272806376 1.28886747 -0.0623594038
v 0.24758552 1.3942064 -0.0623594038
v 0.300079107 1.42664826 0.054971993
v 0.223808423 1.48630846 -0.0623594038
v 0.244181111 1.51881313 0.0447862931
v 0.272806376 1.28886747 -0.0623594038
v 0.342362046 1.32632995 -0.191811785
v 0.24758552 1.3942064 -0.0623594038
v 0.300079107 1.42664826 -0.188956529
v 0.223808423 1.48630846 -0.0623594038
v 0.244181111 1.51881313 -0.178024709
v -0.272806376 1.28886747 -0.0623594038
v -0.342362046 1.32632995 0.0592499562
v -0.24758552 1.3942064 -0.0623594038
v -0.300079107 1.42664826 0.0549720041
v -0.223808438 1.48630857 -0.0623594038
v -0.244181126 1.51881313 0.0447862931
v -0.272806376 1.28886747 -0.0623594038
v -0.24758552 1.3942064 -0.0623594038
v -0.342362046 1.32632995 -0.1918118
v -0.300079107 1.42664826 -0.188956499
v -0.223808438 1.48630857 -0.0623594038
v -0.244181126 1.51881313 -0.178024724
v 0.0269044396 1.88438821 0.138654888
v 0.0289627351 1.89063072 0.137500599
v 0.0440555699 1.8844099 0.132280856
v 0.0525152162 1.89178705 0.129410967
v 0.109569214 0.623760104 0.123264253
v 0.0978530645 0.530885816 0.125951588
v 0.014650573 0.613346338 0.0754352435
v 0.00246432307 0.52539444 0.0701435804
v 0.014650573 0.613346338 0.0754352435
v 0.00246432307 0.52539444 0.0701435804
v 4.76837192E-09 0.610900342 -0.0350376293
v -0.015937537 0.535864949 -0.0667481869
v 4.58690039E-07 1.74667311 0.123371564
v 0.0393586457 1.75548017 0.12004789
v 2.29385364E-07 1.74966776 0.0841642916
v 0.0525633693 1.77906179 0.0482505225
v 0.0760682449 1.83232284 0.0405655392
v 0.0712922439 1.79081666 0.0638128445
v 0.0702381656 1.83453405 0.0942960754
v 0.0778377727 1.87140107 0.0698598474
v 0.0222875383 1.8438673 0.156655744
v 0.0230524559 1.84590673 0.147905096
v 0.0213210229 1.83835447 0.1485468
v 0.0163859911 1.85189402 0.155867338
v 0.0163859911 1.85189402 0.155867338
v 0.0186550058 1.85395491 0.147757158
v 0.0214005876 1.88898957 0.137685165
v 0.0525633693 1.77906179 0.0482505225
v 0.0712922439 1.79081666 0.0638128445
v 0.0760682449 1.83232284 0.0405655392
v 0.0393586457 1.75548017 0.12004789
v 0.00756256934 1.8523556 0.170658678
v 0.0163859911 1.85189402 0.155867338
v 0.00636327919 1.84118557 0.175542161
v 0.0133704906 1.87680089 0.163892195
v -0.0523197502 1.90664375 0.156389952
v -0.0575524941 1.92358148 0.130094469
v -0.0393005796 1.91284096 0.150354832
v -0.055644162 1.90127742 0.146822602
v -0.0625605881 1.90720367 0.133367732
v -0.0645268634 1.91416574 0.140103877
v -0.0725974962 1.90518403 0.119093835
v -0.0575524941 1.92358148 0.130094469
v -0.0393005796 1.91284096 0.150354832
v -0.014840967 1.91002774 0.157588646
v -0.0220895167 1.89762473 0.163931981
v -0.0523197502 1.90664375 0.156389952
v -0.0393005796 1.91284096 0.150354832
v -0.0197145268 1.89398491 0.161422119
v -0.0523197502 1.90664375 0.156389952
v -0.055644162 1.90127742 0.146822602
v -0.0645268634 1.91416574 0.140103877
v -0.0575524941 1.92358148 0.130094469
v -0.055644162 1.90127742 0.146822602
v -0.0220895167 1.89762473 0.163931981
v -0.014840967 1.91002774 0.157588646
v -0.0197145268 1.89398491 0.161422119
v -0.0625605881 1.90720367 0.133367732
v -0.0725974962 1.90518403 0.119093835
v -0.0645268634 1.91416574 0.140103877
v 0.0523197502 1.90664375 0.156389952
v 0.0393005796 1.91284096 0.150354832
v 0.0575524941 1.92358148 0.130094454
v 0.0556308627 1.90127742 0.146822602
v 0.0645268634 1.91416574 0.140103877
v 0.0625605881 1.90720367 0.133367732
v 0.0575524941 1.92358148 0.130094454
v 0.0725929588 1.90518403 0.119093835
v 0.0393005796 1.91284096 0.150354832
v 0.0220895167 1.89762473 0.163931981
v 0.014840967 1.91002774 0.157588646
v 0.0393005796 1.91284096 0.150354832
v 0.0523197502 1.90664375 0.156389952
v 0.0197101124 1.89398491 0.161422119
v 0.0523197502 1.90664375 0.156389952
v 0.0556308627 1.90127742 0.146822602
v 0.0575524941 1.92358148 0.130094454
v 0.0645268634 1.91416574 0.140103877
v 0.0556308627 1.90127742 0.146822602
v 0.0220895167 1.89762473 0.163931981
v 0.0197101124 1.89398491 0.161422119
v 0.014840967 1.91002774 0.157588646
v 0.0625605881 1.90720367 0.133367732
v 0.0645268634 1.91416574 0.140103877
v 0.0725929588 1.90518403 0.119093835
vt 0.607421875 0.746582031
vt 0.590332031 0.750976562
vt 0.608398438 0.776855469
vt 0.621582031 0.773925781
vt 0.629394531 0.776855469
vt 0.608398438 0.776855469
vt 0.613769531 0.779785156
vt 0.590332031 0.750976562
vt 0.594726562 0.779785156
vt 0.645019531 0.779785156
vt 0.629394531 0.806640625
vt 0.647460938 0.808105469
vt 0.629394531 0.837402344
vt 0.6484375 0.838378906
vt 0.629394531 0.866210938
vt 0.664550781 0.809570312
vt 0.663085938 0.783691406
vt 0.645019531 0.779785156
vt 0.650390625 0.776855469
vt 0.666503906 0.83984375
vt 0.6484375 0.8671875
vt 0.629394531 0.866210938
vt 0.667480469 0.868652344
vt 0.648925781 0.901367188
vt 0.629394531 0.900878906
vt 0.648925781 0.901367188
vt 0.669921875 0.90234375
vt 0.664550781 0.779785156
vt 0.650390625 0.776855469
vt 0.67578125 0.789550781
vt 0.663085938 0.783691406
vt 0.610351562 0.901367188
vt 0.629394531 0.900878906
vt 0.686523438 0.810546875
vt 0.664550781 0.809570312
vt 0.666503906 0.83984375
vt 0.687988281 0.840332031
vt 0.667480469 0.868652344
vt 0.688476562 0.868652344
vt 0.687988281 0.903808594
vt 0.708984375 0.83984375
vt 0.686523438 0.810546875
vt 0.70703125 0.868164062
vt 0.687988281 0.903808594
vt 0.687988281 0.840332031
vt 0.667480469 0.868652344
vt 0.610839844 0.8671875
vt 0.629394531 0.866210938
vt 0.610839844 0.838378906
vt 0.629394531 0.837402344
vt 0.611328125 0.808105469
vt 0.629394531 0.806640625
vt 0.629394531 0.776855469
vt 0.592773438 0.83984375
vt 0.591796875 0.868652344
vt 0.610351562 0.901367188
vt 0.589355469 0.90234375
vt 0.594726562 0.809570312
vt 0.596191406 0.783691406
vt 0.613769531 0.779785156
vt 0.608398438 0.776855469
vt 0.594726562 0.779785156
vt 0.608398438 0.776855469
vt 0.596191406 0.783691406
vt 0.583496094 0.789550781
vt 0.572265625 0.810546875
vt 0.594726562 0.809570312
vt 0.592773438 0.83984375
vt 0.570800781 0.840332031
vt 0.591796875 0.868652344
vt 0.570800781 0.868652344
vt 0.571289062 0.903808594
vt 0.552246094 0.868164062
vt 0.571289062 0.903808594
vt 0.549804688 0.83984375
vt 0.572265625 0.810546875
vt 0.549316406 0.809570312
vt 0.564453125 0.790039062
vt 0.553710938 0.903320312
vt 0.571289062 0.903808594
vt 0.566894531 0.788085938
vt 0.553222656 0.782714844
vt 0.566894531 0.788085938
vt 0.575195312 0.782226562
vt 0.575683594 0.752929688
vt 0.575683594 0.752929688
vt 0.590332031 0.750976562
vt 0.554199219 0.754882812
vt 0.553222656 0.782714844
vt 0.527832031 0.75
vt 0.520019531 0.745605469
vt 0.527832031 0.77734375
vt 0.520019531 0.745605469
vt 0.520019531 0.7734375
vt 0.527832031 0.75
vt 0.537597656 0.780273438
vt 0.537109375 0.753417969
vt 0.554199219 0.754882812
vt 0.553222656 0.782714844
vt 0.554199219 0.754882812
vt 0.551269531 0.787109375
vt 0.537597656 0.780273438
vt 0.532714844 0.783691406
vt 0.517578125 0.779785156
vt 0.527832031 0.77734375
vt 0.520019531 0.7734375
vt 0.517578125 0.779785156
vt 0.537109375 0.753417969
vt 0.527832031 0.75
vt 0.537597656 0.780273438
vt 0.776367188 0.896484375
vt 0.774414062 0.912109375
vt 0.760742188 0.901367188
vt 0.788574219 0.901855469
vt 0.776367188 0.896484375
vt 0.754394531 0.9140625
vt 0.759277344 0.928222656
vt 0.760742188 0.901367188
vt 0.774902344 0.934570312
vt 0.774414062 0.912109375
vt 0.787109375 0.928710938
vt 0.759277344 0.928222656
vt 0.774902344 0.934570312
vt 0.790527344 0.915527344
vt 0.788574219 0.901855469
vt 0.787109375 0.928710938
vt 0.571289062 0.903808594
vt 0.589355469 0.90234375
vt 0.591796875 0.868652344
vt 0.540527344 0.90234375
vt 0.553710938 0.903320312
vt 0.552246094 0.868164062
vt 0.572265625 0.810546875
vt 0.575195312 0.782226562
vt 0.566894531 0.788085938
vt 0.566894531 0.788085938
vt 0.564453125 0.790039062
vt 0.551269531 0.787109375
vt 0.549316406 0.809570312
vt 0.575195312 0.782226562
vt 0.572265625 0.810546875
vt 0.580078125 0.787109375
vt 0.572265625 0.810546875
vt 0.583496094 0.789550781
vt 0.580078125 0.787109375
vt 0.580078125 0.787109375
vt 0.583496094 0.789550781
vt 0.594726562 0.779785156
vt 0.583496094 0.789550781
vt 0.596191406 0.783691406
vt 0.594726562 0.779785156
vt 0.575195312 0.782226562
vt 0.590332031 0.750976562
vt 0.580078125 0.787109375
vt 0.621582031 0.773925781
vt 0.629394531 0.776855469
vt 0.62890625 0.771484375
vt 0.553222656 0.782714844
vt 0.551269531 0.787109375
vt 0.564453125 0.790039062
vt 0.588378906 0.516113281
vt 0.589355469 0.573730469
vt 0.608886719 0.516601562
vt 0.589355469 0.573730469
vt 0.608886719 0.573730469
vt 0.589355469 0.6015625
vt 0.572265625 0.6015625
vt 0.572753906 0.573730469
vt 0.588378906 0.516113281
vt 0.571289062 0.516113281
vt 0.5546875 0.6015625
vt 0.5546875 0.573730469
vt 0.571289062 0.516113281
vt 0.554199219 0.610351562
vt 0.571777344 0.610351562
vt 0.607910156 0.6015625
vt 0.589355469 0.610351562
vt 0.625976562 0.573730469
vt 0.608886719 0.516601562
vt 0.551757812 0.635253906
vt 0.570800781 0.635253906
vt 0.533691406 0.635253906
vt 0.533203125 0.666503906
vt 0.534667969 0.610351562
vt 0.5546875 0.6015625
vt 0.535644531 0.6015625
vt 0.5546875 0.573730469
vt 0.536132812 0.573730469
vt 0.5546875 0.515625
vt 0.537109375 0.515625
vt 0.513671875 0.665527344
vt 0.517578125 0.697265625
vt 0.513671875 0.635253906
vt 0.534667969 0.610351562
vt 0.514648438 0.610351562
vt 0.535644531 0.6015625
vt 0.515136719 0.6015625
vt 0.515625 0.573730469
vt 0.537109375 0.515625
vt 0.516601562 0.515625
vt 0.551757812 0.666992188
vt 0.550292969 0.69921875
vt 0.551757812 0.635253906
vt 0.5703125 0.667480469
vt 0.567871094 0.699707031
vt 0.550292969 0.69921875
vt 0.550292969 0.73046875
vt 0.58984375 0.635253906
vt 0.5703125 0.667480469
vt 0.607910156 0.610351562
vt 0.589355469 0.666992188
vt 0.567871094 0.699707031
vt 0.587890625 0.69921875
vt 0.585449219 0.729980469
vt 0.608398438 0.635253906
vt 0.589355469 0.666992188
vt 0.625976562 0.6015625
vt 0.625976562 0.610351562
vt 0.625976562 0.635253906
vt 0.643554688 0.610351562
vt 0.643066406 0.635253906
vt 0.643554688 0.6015625
vt 0.662109375 0.635253906
vt 0.662597656 0.666992188
vt 0.662597656 0.610351562
vt 0.643066406 0.573730469
vt 0.642578125 0.516601562
vt 0.662109375 0.6015625
vt 0.662109375 0.573730469
vt 0.642578125 0.516601562
vt 0.681152344 0.635253906
vt 0.6796875 0.610351562
vt 0.679199219 0.6015625
vt 0.681152344 0.667480469
vt 0.662597656 0.666992188
vt 0.68359375 0.699707031
vt 0.6640625 0.69921875
vt 0.666015625 0.729980469
vt 0.678710938 0.573730469
vt 0.663085938 0.516113281
vt 0.680175781 0.516113281
vt 0.696777344 0.6015625
vt 0.696777344 0.573730469
vt 0.680175781 0.516113281
vt 0.697265625 0.610351562
vt 0.699707031 0.635253906
vt 0.717773438 0.635253906
vt 0.71875 0.666503906
vt 0.716796875 0.610351562
vt 0.696777344 0.6015625
vt 0.716308594 0.6015625
vt 0.696777344 0.573730469
vt 0.715820312 0.573730469
vt 0.696777344 0.515625
vt 0.714355469 0.515625
vt 0.737792969 0.665527344
vt 0.733886719 0.697265625
vt 0.73828125 0.635253906
vt 0.716796875 0.610351562
vt 0.737304688 0.610351562
vt 0.716308594 0.6015625
vt 0.736816406 0.6015625
vt 0.736328125 0.573730469
vt 0.714355469 0.515625
vt 0.734863281 0.515625
vt 0.700195312 0.666992188
vt 0.701660156 0.69921875
vt 0.699707031 0.635253906
vt 0.681152344 0.667480469
vt 0.68359375 0.699707031
vt 0.701660156 0.69921875
vt 0.701660156 0.73046875
vt 0.625976562 0.516113281
vt 0.608886719 0.516601562
vt 0.625976562 0.573730469
vt 0.5546875 0.515625
vt 0.571289062 0.516113281
vt 0.957519531 0.961425781
vt 0.967773438 0.975585938
vt 0.950195312 0.967285156
vt 0.967773438 0.959472656
vt 0.957519531 0.961425781
vt 0.957519531 0.989746094
vt 0.967773438 0.991699219
vt 0.949707031 0.983886719
vt 0.957519531 0.989746094
vt 0.947265625 0.975585938
vt 0.949707031 0.983886719
vt 0.950195312 0.967285156
vt 0.550292969 0.73046875
vt 0.567382812 0.730957031
vt 0.567871094 0.699707031
vt 0.532226562 0.698730469
vt 0.537109375 0.729980469
vt 0.550292969 0.73046875
vt 0.517578125 0.697265625
vt 0.533203125 0.666503906
vt 0.537109375 0.729980469
vt 0.524414062 0.729003906
vt 0.532226562 0.698730469
vt 0.550292969 0.69921875
vt 0.550292969 0.73046875
vt 0.567871094 0.699707031
vt 0.567382812 0.730957031
vt 0.585449219 0.729980469
vt 0.817382812 0.913574219
vt 0.827148438 0.920898438
vt 0.839355469 0.903320312
vt 0.814453125 0.942382812
vt 0.817382812 0.913574219
vt 0.84375 0.944335938
vt 0.850585938 0.923828125
vt 0.850585938 0.923828125
vt 0.8671875 0.891601562
vt 0.84375 0.944335938
vt 0.8671875 0.943359375
vt 0.840820312 0.98046875
vt 0.8671875 0.981933594
vt 0.893554688 0.98046875
vt 0.895507812 0.903320312
vt 0.8671875 0.891601562
vt 0.907226562 0.920898438
vt 0.8671875 0.891601562
vt 0.8671875 0.916992188
vt 0.883789062 0.923828125
vt 0.8671875 0.943359375
vt 0.883789062 0.923828125
vt 0.8671875 0.916992188
vt 0.850585938 0.923828125
vt 0.8671875 0.943359375
vt 0.850585938 0.923828125
vt 0.8671875 0.891601562
vt 0.774414062 0.961425781
vt 0.78515625 0.96875
vt 0.774414062 0.983398438
vt 0.774414062 0.961425781
vt 0.774414062 0.983398438
vt 0.763671875 0.96875
vt 0.792480469 0.989257812
vt 0.788574219 0.997070312
vt 0.774414062 0.995117188
vt 0.774414062 0.983398438
vt 0.792480469 0.989257812
vt 0.78515625 0.96875
vt 0.774414062 0.983398438
vt 0.774414062 0.995117188
vt 0.769042969 0.99609375
vt 0.798339844 0.94140625
vt 0.817382812 0.913574219
vt 0.792480469 0.938964844
vt 0.817382812 0.913574219
vt 0.816894531 0.906738281
vt 0.792480469 0.938964844
vt 0.798339844 0.94140625
vt 0.78125 0.954589844
vt 0.936035156 0.94140625
vt 0.941894531 0.938964844
vt 0.916992188 0.913574219
vt 0.941894531 0.938964844
vt 0.917480469 0.906738281
vt 0.916992188 0.913574219
vt 0.936035156 0.94140625
vt 0.951171875 0.95703125
vt 0.916992188 0.913574219
vt 0.907226562 0.920898438
vt 0.919921875 0.942382812
vt 0.840820312 0.98046875
vt 0.8671875 0.981933594
vt 0.8671875 0.943359375
vt 0.890625 0.944335938
vt 0.893554688 0.98046875
vt 0.883789062 0.923828125
vt 0.907226562 0.920898438
vt 0.890625 0.944335938
vt 0.8671875 0.891601562
vt 0.895507812 0.903320312
vt 0.916992188 0.913574219
vt 0.785644531 0.960449219
vt 0.805664062 0.971679688
vt 0.798339844 0.94140625
vt 0.805664062 0.971679688
vt 0.814453125 0.942382812
vt 0.798339844 0.94140625
vt 0.814453125 0.942382812
vt 0.817382812 0.913574219
vt 0.84375 0.944335938
vt 0.827148438 0.920898438
vt 0.840820312 0.98046875
vt 0.805664062 0.971679688
vt 0.785644531 0.960449219
vt 0.798339844 0.94140625
vt 0.78125 0.954589844
vt 0.953125 0.954589844
vt 0.941894531 0.938964844
vt 0.951171875 0.95703125
vt 0.928710938 0.971679688
vt 0.948730469 0.960449219
vt 0.936035156 0.94140625
vt 0.817382812 0.913574219
vt 0.839355469 0.903320312
vt 0.816894531 0.906738281
vt 0.917480469 0.906738281
vt 0.895507812 0.903320312
vt 0.916992188 0.913574219
vt 0.827148438 0.920898438
vt 0.8671875 0.891601562
vt 0.839355469 0.903320312
vt 0.769042969 0.99609375
vt 0.760742188 0.997070312
vt 0.756835938 0.989257812
vt 0.936035156 0.94140625
vt 0.948730469 0.960449219
vt 0.951171875 0.95703125
vt 0.205200195 0.905761719
vt 0.184692383 0.896972656
vt 0.189208984 0.908691406
vt 0.189208984 0.908691406
vt 0.173339844 0.904296875
vt 0.186645508 0.921386719
vt 0.137573242 0.935546875
vt 0.137573242 0.944824219
vt 0.154418945 0.948242188
vt 0.202758789 0.973144531
vt 0.215820312 0.98046875
vt 0.226318359 0.963378906
vt 0.215820312 0.98046875
vt 0.237915039 0.97265625
vt 0.226318359 0.963378906
vt 0.205200195 0.937011719
vt 0.190673828 0.934082031
vt 0.206176758 0.943847656
vt 0.182373047 0.936035156
vt 0.179199219 0.948730469
vt 0.190673828 0.934082031
vt 0.182373047 0.936035156
vt 0.206176758 0.943847656
vt 0.186645508 0.921386719
vt 0.174316406 0.923828125
vt 0.219238281 0.934570312
vt 0.227294922 0.938964844
vt 0.224243164 0.920898438
vt 0.244018555 0.947265625
vt 0.226318359 0.963378906
vt 0.234741211 0.909179688
vt 0.226318359 0.963378906
vt 0.237915039 0.97265625
vt 0.227294922 0.938964844
vt 0.234741211 0.909179688
vt 0.224243164 0.920898438
vt 0.190673828 0.934082031
vt 0.186645508 0.921386719
vt 0.182373047 0.936035156
vt 0.173339844 0.904296875
vt 0.174316406 0.923828125
vt 0.205200195 0.937011719
vt 0.206176758 0.943847656
vt 0.219238281 0.934570312
vt 0.227294922 0.938964844
vt 0.226318359 0.963378906
vt 0.205566406 0.959472656
vt 0.202758789 0.973144531
vt 0.206176758 0.943847656
vt 0.227294922 0.938964844
vt 0.219238281 0.934570312
vt 0.238891602 0.840332031
vt 0.226318359 0.840820312
vt 0.245117188 0.862792969
vt 0.213256836 0.841796875
vt 0.215942383 0.860839844
vt 0.215942383 0.860839844
vt 0.198242188 0.861328125
vt 0.203735352 0.8828125
vt 0.195922852 0.842285156
vt 0.198242188 0.861328125
vt 0.180053711 0.860839844
vt 0.182861328 0.882324219
vt 0.177734375 0.840820312
vt 0.158081055 0.860839844
vt 0.156738281 0.83984375
vt 0.137573242 0.860839844
vt 0.158813477 0.881835938
vt 0.156738281 0.83984375
vt 0.137573242 0.839355469
vt 0.180053711 0.860839844
vt 0.158813477 0.881835938
vt 0.182861328 0.882324219
vt 0.158691406 0.893554688
vt 0.118347168 0.83984375
vt 0.137573242 0.860839844
vt 0.116943359 0.860839844
vt 0.0972900391 0.840820312
vt 0.116210938 0.881835938
vt 0.0949707031 0.860839844
vt 0.0791015625 0.842285156
vt 0.0921020508 0.882324219
vt 0.116394043 0.893554688
vt 0.0768432617 0.861328125
vt 0.0921020508 0.882324219
vt 0.0617370605 0.841796875
vt 0.0768432617 0.861328125
vt 0.0590515137 0.860839844
vt 0.0712890625 0.8828125
vt 0.0486755371 0.840820312
vt 0.0590515137 0.860839844
vt 0.0903930664 0.896972656
vt 0.10168457 0.904296875
vt 0.0921020508 0.882324219
vt 0.0712890625 0.8828125
vt 0.0697631836 0.905761719
vt 0.100708008 0.923828125
vt 0.117919922 0.923828125
vt 0.117736816 0.9375
vt 0.0768432617 0.861328125
vt 0.0712890625 0.8828125
vt 0.0903930664 0.896972656
vt 0.0520629883 0.908691406
vt 0.0712890625 0.8828125
vt 0.0498657227 0.8828125
vt 0.0590515137 0.860839844
vt 0.117919922 0.904785156
vt 0.137573242 0.894042969
vt 0.137573242 0.906738281
vt 0.117919922 0.923828125
vt 0.116394043 0.893554688
vt 0.137573242 0.881347656
vt 0.116210938 0.881835938
vt 0.137573242 0.860839844
vt 0.117736816 0.9375
vt 0.137573242 0.935546875
vt 0.120605469 0.948242188
vt 0.157104492 0.923828125
vt 0.137573242 0.922363281
vt 0.137573242 0.906738281
vt 0.157104492 0.904785156
vt 0.157104492 0.923828125
vt 0.137573242 0.894042969
vt 0.157226562 0.9375
vt 0.137573242 0.935546875
vt 0.154418945 0.948242188
vt 0.137573242 0.922363281
vt 0.117919922 0.923828125
vt 0.137573242 0.906738281
vt 0.137573242 0.881347656
vt 0.158691406 0.893554688
vt 0.158813477 0.881835938
vt 0.137573242 0.860839844
vt 0.184692383 0.896972656
vt 0.173339844 0.904296875
vt 0.182861328 0.882324219
vt 0.203735352 0.8828125
vt 0.205200195 0.905761719
vt 0.174316406 0.923828125
vt 0.157104492 0.923828125
vt 0.157226562 0.9375
vt 0.203735352 0.8828125
vt 0.198242188 0.861328125
vt 0.184692383 0.896972656
vt 0.223022461 0.908691406
vt 0.203735352 0.8828125
vt 0.225219727 0.8828125
vt 0.215942383 0.860839844
vt 0.154418945 0.948242188
vt 0.137573242 0.944824219
vt 0.137573242 0.952636719
vt 0.170288086 0.96875
vt 0.15234375 0.96484375
vt 0.166625977 0.985351562
vt 0.15234375 0.96484375
vt 0.152709961 0.955566406
vt 0.137573242 0.960449219
vt 0.152709961 0.955566406
vt 0.137573242 0.952636719
vt 0.154418945 0.948242188
vt 0.179199219 0.948730469
vt 0.157226562 0.9375
vt 0.173583984 0.959472656
vt 0.170288086 0.96875
vt 0.152709961 0.955566406
vt 0.154418945 0.948242188
vt 0.122314453 0.955566406
vt 0.137573242 0.960449219
vt 0.120605469 0.948242188
vt 0.122314453 0.955566406
vt 0.122680664 0.96484375
vt 0.0958862305 0.948730469
vt 0.117736816 0.9375
vt 0.101379395 0.959472656
vt 0.120605469 0.948242188
vt 0.122314453 0.955566406
vt 0.104797363 0.96875
vt 0.196533203 0.992675781
vt 0.203613281 0.985839844
vt 0.187866211 0.989746094
vt 0.203613281 0.985839844
vt 0.193725586 0.979980469
vt 0.187866211 0.989746094
vt 0.187866211 0.989746094
vt 0.173828125 0.985351562
vt 0.193725586 0.979980469
vt 0.170288086 0.96875
vt 0.166625977 0.985351562
vt 0.173828125 0.985351562
vt 0.170288086 0.96875
vt 0.152709961 0.955566406
vt 0.15234375 0.96484375
vt 0.181518555 0.703613281
vt 0.18371582 0.680664062
vt 0.166992188 0.700195312
vt 0.17956543 0.714355469
vt 0.196289062 0.716796875
vt 0.19543457 0.7265625
vt 0.169067383 0.717773438
vt 0.178588867 0.725585938
vt 0.197509766 0.708007812
vt 0.181518555 0.703613281
vt 0.198486328 0.684082031
vt 0.166992188 0.700195312
vt 0.170288086 0.708984375
vt 0.198486328 0.684082031
vt 0.18371582 0.680664062
vt 0.198120117 0.658691406
vt 0.184814453 0.657226562
vt 0.19921875 0.630859375
vt 0.186035156 0.630859375
vt 0.189453125 0.6171875
vt 0.184814453 0.657226562
vt 0.169311523 0.655273438
vt 0.169311523 0.655273438
vt 0.165771484 0.678222656
vt 0.171386719 0.631347656
vt 0.172607422 0.6171875
vt 0.166992188 0.700195312
vt 0.165771484 0.678222656
vt 0.149902344 0.704101562
vt 0.18371582 0.680664062
vt 0.166992188 0.700195312
vt 0.184814453 0.657226562
vt 0.173095703 0.802734375
vt 0.174194336 0.762695312
vt 0.154663086 0.780761719
vt 0.250244141 0.75390625
vt 0.231811523 0.758789062
vt 0.250244141 0.780273438
vt 0.211303711 0.741699219
vt 0.210571289 0.763183594
vt 0.230957031 0.738769531
vt 0.231811523 0.758789062
vt 0.250244141 0.75390625
vt 0.246337891 0.733398438
vt 0.211669922 0.7265625
vt 0.211914062 0.718261719
vt 0.196289062 0.716796875
vt 0.231079102 0.725097656
vt 0.230957031 0.738769531
vt 0.230957031 0.738769531
vt 0.246337891 0.733398438
vt 0.197509766 0.708007812
vt 0.212280273 0.708984375
vt 0.2109375 0.659179688
vt 0.198120117 0.658691406
vt 0.212524414 0.631347656
vt 0.198486328 0.684082031
vt 0.18371582 0.680664062
vt 0.211914062 0.684570312
vt 0.198486328 0.684082031
vt 0.2109375 0.659179688
vt 0.2109375 0.659179688
vt 0.229614258 0.683105469
vt 0.229858398 0.707519531
vt 0.242431641 0.703613281
vt 0.229614258 0.683105469
vt 0.229858398 0.707519531
vt 0.22668457 0.656738281
vt 0.245483398 0.677246094
vt 0.242431641 0.703613281
vt 0.212280273 0.708984375
vt 0.229858398 0.707519531
vt 0.211914062 0.718261719
vt 0.242431641 0.703613281
vt 0.230712891 0.716796875
vt 0.243774414 0.712402344
vt 0.229858398 0.707519531
vt 0.211914062 0.718261719
vt 0.243774414 0.712402344
vt 0.211669922 0.7265625
vt 0.244628906 0.720703125
vt 0.231079102 0.725097656
vt 0.246337891 0.733398438
vt 0.19543457 0.7265625
vt 0.211303711 0.741699219
vt 0.193115234 0.7421875
vt 0.191650391 0.764160156
vt 0.176391602 0.740234375
vt 0.191650391 0.764160156
vt 0.210571289 0.763183594
vt 0.209838867 0.791503906
vt 0.229370117 0.779296875
vt 0.215820312 0.803222656
vt 0.210571289 0.763183594
vt 0.229370117 0.779296875
vt 0.231811523 0.758789062
vt 0.17956543 0.714355469
vt 0.178588867 0.725585938
vt 0.193115234 0.7421875
vt 0.174194336 0.762695312
vt 0.191650391 0.764160156
vt 0.173095703 0.802734375
vt 0.19519043 0.805175781
vt 0.17565918 0.825683594
vt 0.19519043 0.827636719
vt 0.177734375 0.840820312
vt 0.195922852 0.842285156
vt 0.19519043 0.805175781
vt 0.209838867 0.791503906
vt 0.154418945 0.801757812
vt 0.156005859 0.822753906
vt 0.154663086 0.780761719
vt 0.149169922 0.788085938
vt 0.215820312 0.803222656
vt 0.19519043 0.805175781
vt 0.211425781 0.826660156
vt 0.213256836 0.841796875
vt 0.195922852 0.842285156
vt 0.211425781 0.826660156
vt 0.226318359 0.840820312
vt 0.225097656 0.825195312
vt 0.215820312 0.803222656
vt 0.225097656 0.825195312
vt 0.237915039 0.823730469
vt 0.238891602 0.840332031
vt 0.226318359 0.840820312
vt 0.170288086 0.708984375
vt 0.166992188 0.700195312
vt 0.161499023 0.708007812
vt 0.161499023 0.708007812
vt 0.160522461 0.716796875
vt 0.174194336 0.762695312
vt 0.176391602 0.740234375
vt 0.155883789 0.758300781
vt 0.159179688 0.736816406
vt 0.139038086 0.753417969
vt 0.149169922 0.788085938
vt 0.137573242 0.779785156
vt 0.137573242 0.795898438
vt 0.149169922 0.788085938
vt 0.155883789 0.758300781
vt 0.174194336 0.762695312
vt 0.139038086 0.753417969
vt 0.159179688 0.736816406
vt 0.142333984 0.733398438
vt 0.161987305 0.725097656
vt 0.154418945 0.801757812
vt 0.149169922 0.788085938
vt 0.137573242 0.795898438
vt 0.146972656 0.712402344
vt 0.145996094 0.720703125
vt 0.161499023 0.708007812
vt 0.17565918 0.546875
vt 0.174438477 0.588867188
vt 0.197143555 0.550292969
vt 0.17565918 0.546875
vt 0.193237305 0.531738281
vt 0.174804688 0.520996094
vt 0.193237305 0.531738281
vt 0.159057617 0.524414062
vt 0.15222168 0.513671875
vt 0.17565918 0.546875
vt 0.174804688 0.520996094
vt 0.202270508 0.522460938
vt 0.172973633 0.509765625
vt 0.427246094 0.977539062
vt 0.428222656 0.993652344
vt 0.44140625 0.987304688
vt 0.427246094 0.977539062
vt 0.406005859 0.977539062
vt 0.428466797 0.961914062
vt 0.196655273 0.586425781
vt 0.213134766 0.569824219
vt 0.197143555 0.550292969
vt 0.213134766 0.569824219
vt 0.20715332 0.550292969
vt 0.197143555 0.550292969
vt 0.20715332 0.550292969
vt 0.193237305 0.531738281
vt 0.142822266 0.575195312
vt 0.15625 0.588378906
vt 0.154541016 0.544433594
vt 0.247192383 0.617675781
vt 0.250976562 0.608886719
vt 0.235717773 0.616210938
vt 0.238525391 0.6328125
vt 0.228271484 0.632324219
vt 0.239501953 0.654785156
vt 0.22668457 0.656738281
vt 0.245483398 0.677246094
vt 0.243164062 0.604980469
vt 0.227661133 0.6015625
vt 0.235717773 0.616210938
vt 0.15222168 0.513671875
vt 0.145385742 0.541015625
vt 0.159057617 0.524414062
vt 0.154541016 0.544433594
vt 0.17565918 0.546875
vt 0.174438477 0.588867188
vt 0.145385742 0.541015625
vt 0.142822266 0.575195312
vt 0.154541016 0.544433594
vt 0.159057617 0.524414062
vt 0.20715332 0.550292969
vt 0.202270508 0.522460938
vt 0.193237305 0.531738281
vt 0.15625 0.588378906
vt 0.142822266 0.575195312
vt 0.147460938 0.608886719
vt 0.142822266 0.575195312
vt 0.141357422 0.602050781
vt 0.147460938 0.608886719
vt 0.406005859 0.962890625
vt 0.406005859 0.977539062
vt 0.428466797 0.961914062
vt 0.196655273 0.586425781
vt 0.2109375 0.599609375
vt 0.213134766 0.569824219
vt 0.2109375 0.599609375
vt 0.22265625 0.581542969
vt 0.213134766 0.569824219
vt 0.196655273 0.586425781
vt 0.189453125 0.6171875
vt 0.247192383 0.617675781
vt 0.235717773 0.616210938
vt 0.228271484 0.632324219
vt 0.249755859 0.595703125
vt 0.234130859 0.588867188
vt 0.243164062 0.604980469
vt 0.234130859 0.588867188
vt 0.227661133 0.6015625
vt 0.243164062 0.604980469
vt 0.2109375 0.599609375
vt 0.217651367 0.615722656
vt 0.234130859 0.588867188
vt 0.22265625 0.581542969
vt 0.2109375 0.599609375
vt 0.20300293 0.616699219
vt 0.189453125 0.6171875
vt 0.19921875 0.630859375
vt 0.252929688 0.602050781
vt 0.249755859 0.595703125
vt 0.250976562 0.608886719
vt 0.15625 0.588378906
vt 0.147460938 0.608886719
vt 0.150878906 0.617675781
vt 0.174438477 0.588867188
vt 0.154541016 0.544433594
vt 0.172607422 0.6171875
vt 0.174438477 0.588867188
vt 0.189453125 0.6171875
vt 0.186035156 0.630859375
vt 0.15222168 0.513671875
vt 0.174804688 0.520996094
vt 0.172973633 0.509765625
vt 0.380126953 0.571777344
vt 0.39453125 0.572265625
vt 0.381347656 0.592285156
vt 0.404785156 0.560058594
vt 0.405761719 0.572753906
vt 0.395751953 0.594726562
vt 0.419921875 0.55859375
vt 0.420410156 0.572753906
vt 0.408203125 0.596191406
vt 0.420410156 0.596679688
vt 0.407470703 0.635253906
vt 0.421142578 0.63671875
vt 0.421142578 0.651855469
vt 0.408935547 0.651367188
vt 0.405761719 0.665039062
vt 0.400878906 0.649414062
vt 0.408935547 0.651367188
vt 0.400878906 0.649414062
vt 0.408935547 0.651367188
vt 0.390380859 0.662109375
vt 0.391113281 0.645507812
vt 0.391113281 0.645507812
vt 0.395019531 0.628417969
vt 0.405761719 0.665039062
vt 0.390380859 0.662109375
vt 0.379394531 0.62109375
vt 0.395019531 0.628417969
vt 0.407470703 0.635253906
vt 0.400878906 0.649414062
vt 0.408203125 0.596191406
vt 0.405761719 0.572753906
vt 0.404785156 0.560058594
vt 0.419921875 0.55859375
vt 0.408203125 0.545898438
vt 0.387939453 0.688476562
vt 0.406982422 0.686035156
vt 0.387939453 0.688476562
vt 0.389404297 0.703125
vt 0.373046875 0.672363281
vt 0.390380859 0.662109375
vt 0.373046875 0.672363281
vt 0.37109375 0.708496094
vt 0.389404297 0.703125
vt 0.379150391 0.641113281
vt 0.391113281 0.645507812
vt 0.379394531 0.62109375
vt 0.418701172 0.544921875
vt 0.417480469 0.537597656
vt 0.409423828 0.538574219
vt 0.416015625 0.529296875
vt 0.408935547 0.529785156
vt 0.415771484 0.52734375
vt 0.408691406 0.527832031
vt 0.414794922 0.520507812
vt 0.408203125 0.520996094
vt 0.413085938 0.512207031
vt 0.408203125 0.513183594
vt 0.415283203 0.509277344
vt 0.417480469 0.537597656
vt 0.409423828 0.538574219
vt 0.405273438 0.521972656
vt 0.403808594 0.511230469
vt 0.408691406 0.527832031
vt 0.408935547 0.529785156
vt 0.406494141 0.529296875
vt 0.405273438 0.521972656
vt 0.436035156 0.634765625
vt 0.44921875 0.627929688
vt 0.44921875 0.643554688
vt 0.465332031 0.62109375
vt 0.465332031 0.641113281
vt 0.43359375 0.596191406
vt 0.447509766 0.594726562
vt 0.434570312 0.572753906
vt 0.44921875 0.627929688
vt 0.447509766 0.594726562
vt 0.436035156 0.634765625
vt 0.43359375 0.596191406
vt 0.447509766 0.594726562
vt 0.462158203 0.592285156
vt 0.449462891 0.572265625
vt 0.44921875 0.643554688
vt 0.465332031 0.641113281
vt 0.472167969 0.672363281
vt 0.453125 0.670898438
vt 0.472167969 0.672363281
vt 0.452880859 0.703613281
vt 0.453125 0.670898438
vt 0.435302734 0.697753906
vt 0.421142578 0.696289062
vt 0.421630859 0.674804688
vt 0.437255859 0.708496094
vt 0.435302734 0.697753906
vt 0.453125 0.713378906
vt 0.439453125 0.728515625
vt 0.404785156 0.708496094
vt 0.421142578 0.70703125
vt 0.402587891 0.727539062
vt 0.421142578 0.730957031
vt 0.40234375 0.742675781
vt 0.421142578 0.748046875
vt 0.387695312 0.713378906
vt 0.402587891 0.727539062
vt 0.406005859 0.698730469
vt 0.389404297 0.703125
vt 0.406982422 0.686035156
vt 0.405761719 0.665039062
vt 0.421630859 0.674804688
vt 0.406005859 0.698730469
vt 0.421142578 0.696289062
vt 0.389404297 0.703125
vt 0.387695312 0.713378906
vt 0.406982422 0.686035156
vt 0.421142578 0.696289062
vt 0.421630859 0.674804688
vt 0.437255859 0.708496094
vt 0.421142578 0.70703125
vt 0.439453125 0.728515625
vt 0.421142578 0.730957031
vt 0.439697266 0.742675781
vt 0.421142578 0.748046875
vt 0.421142578 0.651855469
vt 0.421630859 0.674804688
vt 0.405761719 0.665039062
vt 0.37109375 0.708496094
vt 0.389404297 0.703125
vt 0.377685547 0.716308594
vt 0.387695312 0.713378906
vt 0.387451172 0.728515625
vt 0.377685547 0.716308594
vt 0.389404297 0.703125
vt 0.390380859 0.662109375
vt 0.405761719 0.665039062
vt 0.406982422 0.686035156
vt 0.472167969 0.672363281
vt 0.473388672 0.708496094
vt 0.452880859 0.703613281
vt 0.408203125 0.596191406
vt 0.407470703 0.635253906
vt 0.395019531 0.628417969
vt 0.395751953 0.594726562
vt 0.379394531 0.62109375
vt 0.381347656 0.592285156
vt 0.395751953 0.594726562
vt 0.39453125 0.572265625
vt 0.373046875 0.672363281
vt 0.391113281 0.645507812
vt 0.390380859 0.662109375
vt 0.464599609 0.716308594
vt 0.452880859 0.703613281
vt 0.473388672 0.708496094
vt 0.435302734 0.697753906
vt 0.452880859 0.703613281
vt 0.453125 0.713378906
vt 0.416992188 0.506835938
vt 0.420654297 0.508789062
vt 0.420166016 0.518066406
vt 0.416992188 0.506835938
vt 0.42578125 0.508789062
vt 0.426757812 0.517578125
vt 0.420166016 0.518066406
vt 0.427246094 0.525390625
vt 0.420166016 0.525390625
vt 0.427490234 0.52734375
vt 0.420166016 0.527832031
vt 0.420166016 0.537597656
vt 0.426757812 0.517578125
vt 0.428955078 0.505859375
vt 0.426757812 0.517578125
vt 0.429443359 0.518066406
vt 0.428955078 0.505859375
vt 0.420166016 0.518066406
vt 0.417480469 0.518554688
vt 0.416992188 0.506835938
vt 0.428710938 0.537109375
vt 0.420166016 0.537597656
vt 0.4296875 0.544433594
vt 0.418701172 0.544921875
vt 0.4296875 0.544433594
vt 0.429931641 0.534667969
vt 0.428710938 0.537109375
vt 0.429443359 0.52734375
vt 0.408203125 0.545898438
vt 0.419921875 0.55859375
vt 0.401611328 0.546875
vt 0.404785156 0.560058594
vt 0.396484375 0.548339844
vt 0.401611328 0.546875
vt 0.4296875 0.544433594
vt 0.419921875 0.55859375
vt 0.436767578 0.557617188
vt 0.419921875 0.55859375
vt 0.420410156 0.572753906
vt 0.439453125 0.543945312
vt 0.431640625 0.537597656
vt 0.439453125 0.537597656
vt 0.442382812 0.536621094
vt 0.440917969 0.541503906
vt 0.431640625 0.537597656
vt 0.432373047 0.528808594
vt 0.439208984 0.529296875
vt 0.432373047 0.526855469
vt 0.439208984 0.52734375
vt 0.432861328 0.520507812
vt 0.439208984 0.520507812
vt 0.433837891 0.512207031
vt 0.438720703 0.512695312
vt 0.430664062 0.509277344
vt 0.430664062 0.509277344
vt 0.432861328 0.520507812
vt 0.429931641 0.534667969
vt 0.4296875 0.544433594
vt 0.431640625 0.537597656
vt 0.430419922 0.528320312
vt 0.442871094 0.520996094
vt 0.442138672 0.509765625
vt 0.439208984 0.52734375
vt 0.443115234 0.528320312
vt 0.442871094 0.520996094
vt 0.439208984 0.529296875
vt 0.439453125 0.537597656
vt 0.416992188 0.506835938
vt 0.428955078 0.505859375
vt 0.42578125 0.508789062
vt 0.407714844 0.537109375
vt 0.409423828 0.538574219
vt 0.408203125 0.545898438
vt 0.409423828 0.538574219
vt 0.406494141 0.529296875
vt 0.403808594 0.511230469
vt 0.408203125 0.513183594
vt 0.408203125 0.520996094
vt 0.418701172 0.544921875
vt 0.417480469 0.537597656
vt 0.418212891 0.534667969
vt 0.417480469 0.537597656
vt 0.417480469 0.528808594
vt 0.414794922 0.520507812
vt 0.413085938 0.512207031
vt 0.415283203 0.509277344
vt 0.403808594 0.511230469
vt 0.415283203 0.509277344
vt 0.408203125 0.513183594
vt 0.439453125 0.543945312
vt 0.439453125 0.537597656
vt 0.442382812 0.536621094
vt 0.439208984 0.520507812
vt 0.438720703 0.512695312
vt 0.442138672 0.509765625
vt 0.430664062 0.509277344
vt 0.442138672 0.509765625
vt 0.438720703 0.512695312
vt 0.442382812 0.536621094
vt 0.439453125 0.537597656
vt 0.443115234 0.528320312
vt 0.475585938 0.542480469
vt 0.468994141 0.540039062
vt 0.469238281 0.528320312
vt 0.434570312 0.572753906
vt 0.436767578 0.557617188
vt 0.447021484 0.559082031
vt 0.454589844 0.560058594
vt 0.447021484 0.559082031
vt 0.454589844 0.560058594
vt 0.455810547 0.548339844
vt 0.465087891 0.559570312
vt 0.449462891 0.572265625
vt 0.454589844 0.560058594
vt 0.461425781 0.544921875
vt 0.455810547 0.548339844
vt 0.455810547 0.544433594
vt 0.4609375 0.534179688
vt 0.467285156 0.540527344
vt 0.468994141 0.543945312
vt 0.447021484 0.559082031
vt 0.449462891 0.546875
vt 0.450195312 0.543457031
vt 0.452148438 0.53515625
vt 0.455810547 0.544433594
vt 0.450195312 0.543457031
vt 0.455810547 0.548339844
vt 0.447021484 0.522949219
vt 0.458740234 0.5234375
vt 0.455810547 0.526367188
vt 0.451904297 0.525390625
vt 0.447021484 0.522949219
vt 0.451904297 0.533203125
vt 0.447021484 0.522949219
vt 0.455810547 0.526367188
vt 0.456298828 0.534179688
vt 0.451904297 0.533203125
vt 0.456542969 0.535644531
vt 0.452148438 0.53515625
vt 0.455810547 0.544433594
vt 0.450195312 0.543457031
vt 0.443359375 0.540039062
vt 0.445800781 0.533203125
vt 0.451904297 0.533203125
vt 0.447021484 0.522949219
vt 0.4609375 0.534179688
vt 0.458740234 0.5234375
vt 0.456542969 0.535644531
vt 0.455810547 0.544433594
vt 0.461425781 0.544921875
vt 0.467285156 0.540527344
vt 0.465087891 0.559570312
vt 0.467041016 0.549316406
vt 0.440917969 0.541503906
vt 0.442382812 0.536621094
vt 0.442626953 0.539550781
vt 0.462402344 0.571777344
vt 0.474365234 0.552734375
vt 0.479492188 0.555664062
vt 0.462402344 0.571777344
vt 0.479492188 0.555664062
vt 0.485107422 0.559570312
vt 0.488769531 0.544433594
vt 0.494140625 0.546875
vt 0.481933594 0.54296875
vt 0.489990234 0.529785156
vt 0.483886719 0.528320312
vt 0.482910156 0.526855469
vt 0.475585938 0.542480469
vt 0.4765625 0.526367188
vt 0.482910156 0.526855469
vt 0.483154297 0.517578125
vt 0.477294922 0.517089844
vt 0.482910156 0.508300781
vt 0.479980469 0.5078125
vt 0.489990234 0.529785156
vt 0.490722656 0.521484375
vt 0.485107422 0.520507812
vt 0.491210938 0.512695312
vt 0.486816406 0.512207031
vt 0.462402344 0.571777344
vt 0.485107422 0.559570312
vt 0.471191406 0.570800781
vt 0.449462891 0.572265625
vt 0.462158203 0.592285156
vt 0.465087891 0.559570312
vt 0.485107422 0.559570312
vt 0.489013672 0.563964844
vt 0.471191406 0.570800781
vt 0.475585938 0.542480469
vt 0.468994141 0.543945312
vt 0.468994141 0.540039062
vt 0.467041016 0.549316406
vt 0.461425781 0.544921875
vt 0.392333984 0.562988281
vt 0.404785156 0.560058594
vt 0.39453125 0.572265625
vt 0.392333984 0.562988281
vt 0.396484375 0.548339844
vt 0.440917969 0.541503906
vt 0.442626953 0.543457031
vt 0.439453125 0.543945312
vt 0.442626953 0.543457031
vt 0.436767578 0.557617188
vt 0.443359375 0.540039062
vt 0.442626953 0.543457031
vt 0.440917969 0.541503906
vt 0.449462891 0.546875
vt 0.436767578 0.557617188
vt 0.447021484 0.559082031
vt 0.449462891 0.546875
vt 0.442626953 0.543457031
vt 0.450195312 0.543457031
vt 0.443359375 0.540039062
vt 0.489013672 0.563964844
vt 0.485107422 0.559570312
vt 0.494140625 0.546875
vt 0.485107422 0.559570312
vt 0.479492188 0.555664062
vt 0.488769531 0.544433594
vt 0.481933594 0.54296875
vt 0.488769531 0.544433594
vt 0.479492188 0.555664062
vt 0.475585938 0.542480469
vt 0.474365234 0.552734375
vt 0.468994141 0.543945312
vt 0.474365234 0.552734375
vt 0.467041016 0.549316406
vt 0.475341797 0.527832031
vt 0.469238281 0.528320312
vt 0.474853516 0.520019531
vt 0.469238281 0.520019531
vt 0.473876953 0.51171875
vt 0.469726562 0.51171875
vt 0.479492188 0.555664062
vt 0.474365234 0.552734375
vt 0.475585938 0.542480469
vt 0.401611328 0.546875
vt 0.396484375 0.548339844
vt 0.400390625 0.541015625
vt 0.395751953 0.542480469
vt 0.394775391 0.53515625
vt 0.398925781 0.53515625
vt 0.398681641 0.533203125
vt 0.406738281 0.539550781
vt 0.404785156 0.533691406
vt 0.398925781 0.53515625
vt 0.404296875 0.532226562
vt 0.397949219 0.528808594
vt 0.403076172 0.52734375
vt 0.400878906 0.521484375
vt 0.396972656 0.522460938
vt 0.396484375 0.548339844
vt 0.395751953 0.542480469
vt 0.400390625 0.541015625
vt 0.401611328 0.546875
vt 0.406738281 0.539550781
vt 0.408203125 0.545898438
vt 0.393066406 0.520996094
vt 0.396972656 0.522460938
vt 0.397949219 0.528808594
vt 0.403076172 0.518066406
vt 0.400878906 0.521484375
vt 0.408203125 0.545898438
vt 0.406738281 0.539550781
vt 0.407714844 0.537109375
vt 0.403076172 0.52734375
vt 0.400878906 0.521484375
vt 0.403076172 0.518066406
vt 0.488769531 0.544433594
vt 0.494873047 0.54296875
vt 0.494140625 0.546875
vt 0.393066406 0.520996094
vt 0.403076172 0.518066406
vt 0.396972656 0.522460938
vt 0.407714844 0.537109375
vt 0.406738281 0.539550781
vt 0.40625 0.532714844
vt 0.494873047 0.54296875
vt 0.488769531 0.544433594
vt 0.490722656 0.533691406
vt 0.474365234 0.552734375
vt 0.465087891 0.559570312
vt 0.467041016 0.549316406
vt 0.465087891 0.559570312
vt 0.474365234 0.552734375
vt 0.462402344 0.571777344
vt 0.440917969 0.541503906
vt 0.442626953 0.539550781
vt 0.443359375 0.540039062
vt 0.420166016 0.537597656
vt 0.418701172 0.544921875
vt 0.418212891 0.534667969
vt 0.420166016 0.537597656
vt 0.41796875 0.527832031
vt 0.398681641 0.533203125
vt 0.394775391 0.53515625
vt 0.393798828 0.528808594
vt 0.456298828 0.534179688
vt 0.455810547 0.526367188
vt 0.458740234 0.5234375
vt 0.4609375 0.534179688
vt 0.458740234 0.5234375
vt 0.463623047 0.524902344
vt 0.549316406 0.922363281
vt 0.528808594 0.922851562
vt 0.552246094 0.96484375
vt 0.528808594 0.922851562
vt 0.534179688 0.96484375
vt 0.553710938 0.989746094
vt 0.540527344 0.989257812
vt 0.553710938 0.989746094
vt 0.589355469 0.921875
vt 0.568847656 0.923339844
vt 0.589355469 0.963378906
vt 0.568847656 0.923339844
vt 0.570800781 0.964355469
vt 0.589355469 0.989257812
vt 0.669433594 0.920410156
vt 0.669921875 0.964355469
vt 0.690429688 0.921875
vt 0.688476562 0.964355469
vt 0.690429688 0.921875
vt 0.669433594 0.989257812
vt 0.687988281 0.990234375
vt 0.751464844 0.882324219
vt 0.770019531 0.874023438
vt 0.759277344 0.888183594
vt 0.770019531 0.857421875
vt 0.759765625 0.859863281
vt 0.780273438 0.859863281
vt 0.770019531 0.857421875
vt 0.780761719 0.888183594
vt 0.788574219 0.882324219
vt 0.76953125 0.890625
vt 0.759277344 0.888183594
vt 0.748535156 0.874023438
vt 0.751464844 0.882324219
vt 0.751953125 0.865722656
vt 0.759765625 0.859863281
vt 0.788574219 0.882324219
vt 0.791015625 0.874023438
vt 0.788085938 0.865722656
vt 0.770019531 0.874023438
vt 0.780273438 0.859863281
vt 0.570800781 0.964355469
vt 0.570800781 0.990234375
vt 0.589355469 0.989257812
vt 0.552246094 0.96484375
vt 0.553710938 0.989746094
vt 0.570800781 0.990234375
vt 0.570800781 0.964355469
vt 0.570800781 0.990234375
vt 0.549316406 0.922363281
vt 0.568847656 0.923339844
vt 0.688476562 0.964355469
vt 0.687988281 0.990234375
vt 0.705078125 0.989746094
vt 0.690429688 0.921875
vt 0.709960938 0.923339844
vt 0.70703125 0.963378906
vt 0.705078125 0.989746094
vt 0.0797729492 0.827636719
vt 0.0791015625 0.842285156
vt 0.0972900391 0.840820312
vt 0.0617370605 0.841796875
vt 0.0791015625 0.842285156
vt 0.0635986328 0.826660156
vt 0.0798950195 0.805175781
vt 0.059173584 0.803222656
vt 0.0651855469 0.791503906
vt 0.0798950195 0.805175781
vt 0.0834350586 0.764160156
vt 0.0486755371 0.840820312
vt 0.0635986328 0.826660156
vt 0.0499267578 0.825195312
vt 0.059173584 0.803222656
vt 0.0371398926 0.823730469
vt 0.0499267578 0.825195312
vt 0.0361328125 0.840332031
vt 0.0486755371 0.840820312
vt 0.0994262695 0.825683594
vt 0.0972900391 0.840820312
vt 0.0798950195 0.805175781
vt 0.101867676 0.802734375
vt 0.100891113 0.762695312
vt 0.0986938477 0.740234375
vt 0.120605469 0.801757812
vt 0.119018555 0.822753906
vt 0.120422363 0.780761719
vt 0.125854492 0.788085938
vt 0.0819702148 0.7421875
vt 0.0834350586 0.764160156
vt 0.0819702148 0.7421875
vt 0.0964355469 0.725585938
vt 0.0795898438 0.7265625
vt 0.0954589844 0.714355469
vt 0.0637207031 0.741699219
vt 0.0634155273 0.7265625
vt 0.064453125 0.763183594
vt 0.0834350586 0.764160156
vt 0.0787353516 0.716796875
vt 0.064453125 0.763183594
vt 0.0651855469 0.791503906
vt 0.0456542969 0.779296875
vt 0.059173584 0.803222656
vt 0.0456542969 0.779296875
vt 0.064453125 0.763183594
vt 0.0432434082 0.758789062
vt 0.0432434082 0.758789062
vt 0.0637207031 0.741699219
vt 0.0248260498 0.75390625
vt 0.0248413086 0.780273438
vt 0.0439453125 0.725097656
vt 0.0631713867 0.718261719
vt 0.0443725586 0.716796875
vt 0.0451660156 0.707519531
vt 0.0312805176 0.712402344
vt 0.0325622559 0.703613281
vt 0.0451660156 0.707519531
vt 0.0454101562 0.683105469
vt 0.0286407471 0.733398438
vt 0.0440673828 0.738769531
vt 0.0440673828 0.738769531
vt 0.0634155273 0.7265625
vt 0.0631713867 0.684570312
vt 0.0641479492 0.659179688
vt 0.0304412842 0.720703125
vt 0.0439453125 0.725097656
vt 0.0286407471 0.733398438
vt 0.0631713867 0.718261719
vt 0.0787353516 0.716796875
vt 0.0440673828 0.738769531
vt 0.0432434082 0.758789062
vt 0.0248260498 0.75390625
vt 0.0286407471 0.733398438
vt 0.0454101562 0.683105469
vt 0.0451660156 0.707519531
vt 0.0295562744 0.677246094
vt 0.0483703613 0.656738281
vt 0.0325622559 0.703613281
vt 0.0641479492 0.659179688
vt 0.0765991211 0.684082031
vt 0.0626831055 0.708984375
vt 0.0774536133 0.708007812
vt 0.0451660156 0.707519531
vt 0.0626831055 0.708984375
vt 0.0631713867 0.718261719
vt 0.0774536133 0.708007812
vt 0.0934448242 0.703613281
vt 0.104675293 0.708984375
vt 0.108032227 0.700195312
vt 0.0913696289 0.680664062
vt 0.0765991211 0.684082031
vt 0.0795898438 0.7265625
vt 0.0954589844 0.714355469
vt 0.0934448242 0.703613281
vt 0.0964355469 0.725585938
vt 0.105957031 0.717773438
vt 0.0913696289 0.680664062
vt 0.108032227 0.700195312
vt 0.0902099609 0.657226562
vt 0.0769042969 0.658691406
vt 0.0757446289 0.630859375
vt 0.089050293 0.630859375
vt 0.0855712891 0.6171875
vt 0.0757446289 0.630859375
vt 0.0625610352 0.631347656
vt 0.0769042969 0.658691406
vt 0.0574035645 0.615722656
vt 0.0720825195 0.616699219
vt 0.0640869141 0.599609375
vt 0.0697631836 0.905761719
vt 0.0858154297 0.908691406
vt 0.0903930664 0.896972656
vt 0.0858154297 0.908691406
vt 0.10168457 0.904296875
vt 0.0883789062 0.921386719
vt 0.120605469 0.948242188
vt 0.137573242 0.944824219
vt 0.137573242 0.935546875
vt 0.072265625 0.973144531
vt 0.0486755371 0.963378906
vt 0.0592651367 0.98046875
vt 0.0486755371 0.963378906
vt 0.0370788574 0.97265625
vt 0.0592651367 0.98046875
vt 0.0697631836 0.937011719
vt 0.0688476562 0.943847656
vt 0.0843505859 0.934082031
vt 0.0958862305 0.948730469
vt 0.0926513672 0.936035156
vt 0.0688476562 0.943847656
vt 0.0926513672 0.936035156
vt 0.0843505859 0.934082031
vt 0.100708008 0.923828125
vt 0.0883789062 0.921386719
vt 0.0403137207 0.909179688
vt 0.0477905273 0.938964844
vt 0.0507507324 0.920898438
vt 0.0477905273 0.938964844
vt 0.055847168 0.934570312
vt 0.0507507324 0.920898438
vt 0.0310058594 0.947265625
vt 0.0486755371 0.963378906
vt 0.0403137207 0.909179688
vt 0.0370788574 0.97265625
vt 0.0486755371 0.963378906
vt 0.0883789062 0.921386719
vt 0.0843505859 0.934082031
vt 0.0926513672 0.936035156
vt 0.100708008 0.923828125
vt 0.10168457 0.904296875
vt 0.0477905273 0.938964844
vt 0.0688476562 0.943847656
vt 0.055847168 0.934570312
vt 0.0688476562 0.943847656
vt 0.0697631836 0.937011719
vt 0.055847168 0.934570312
vt 0.0486755371 0.963378906
vt 0.0477905273 0.938964844
vt 0.0694580078 0.959472656
vt 0.072265625 0.973144531
vt 0.0361328125 0.840332031
vt 0.0299530029 0.862792969
vt 0.0486755371 0.840820312
vt 0.0433654785 0.861816406
vt 0.0590515137 0.860839844
vt 0.0433654785 0.861816406
vt 0.0498657227 0.8828125
vt 0.0319213867 0.8828125
vt 0.0403137207 0.909179688
vt 0.0299530029 0.862792969
vt 0.0433654785 0.861816406
vt 0.0319213867 0.8828125
vt 0.018371582 0.884277344
vt 0.0224761963 0.909179688
vt 0.0403137207 0.909179688
vt 0.0310058594 0.947265625
vt 0.00927734375 0.909667969
vt 0.0192718506 0.953613281
vt 0.137573242 0.944824219
vt 0.120605469 0.948242188
vt 0.137573242 0.952636719
vt 0.104797363 0.96875
vt 0.108398438 0.985351562
vt 0.122680664 0.96484375
vt 0.0812988281 0.979980469
vt 0.0714111328 0.985839844
vt 0.087097168 0.989746094
vt 0.0714111328 0.985839844
vt 0.0784912109 0.992675781
vt 0.087097168 0.989746094
vt 0.104797363 0.96875
vt 0.101257324 0.985351562
vt 0.108398438 0.985351562
vt 0.0812988281 0.979980469
vt 0.101257324 0.985351562
vt 0.087097168 0.989746094
vt 0.104797363 0.96875
vt 0.122680664 0.96484375
vt 0.122314453 0.955566406
vt 0.265380859 0.571777344
vt 0.266845703 0.592285156
vt 0.279785156 0.572265625
vt 0.291259766 0.572753906
vt 0.290039062 0.560058594
vt 0.28125 0.594726562
vt 0.305664062 0.572753906
vt 0.305419922 0.55859375
vt 0.293701172 0.596191406
vt 0.305908203 0.596679688
vt 0.29296875 0.635253906
vt 0.306396484 0.63671875
vt 0.306396484 0.651855469
vt 0.294189453 0.651367188
vt 0.291259766 0.665039062
vt 0.286376953 0.649414062
vt 0.294189453 0.651367188
vt 0.286376953 0.649414062
vt 0.294189453 0.651367188
vt 0.275878906 0.662109375
vt 0.276611328 0.645507812
vt 0.276611328 0.645507812
vt 0.280273438 0.628417969
vt 0.275878906 0.662109375
vt 0.291259766 0.665039062
vt 0.264648438 0.62109375
vt 0.280273438 0.628417969
vt 0.286376953 0.649414062
vt 0.29296875 0.635253906
vt 0.293701172 0.596191406
vt 0.291259766 0.572753906
vt 0.290039062 0.560058594
vt 0.305419922 0.55859375
vt 0.293701172 0.545898438
vt 0.273193359 0.688476562
vt 0.292236328 0.686035156
vt 0.273193359 0.688476562
vt 0.274902344 0.703125
vt 0.258544922 0.672363281
vt 0.275878906 0.662109375
vt 0.258544922 0.672363281
vt 0.256347656 0.708496094
vt 0.274902344 0.703125
vt 0.264648438 0.641113281
vt 0.276611328 0.645507812
vt 0.264648438 0.62109375
vt 0.287109375 0.546875
vt 0.290039062 0.560058594
vt 0.287109375 0.546875
vt 0.281738281 0.548339844
vt 0.294921875 0.538574219
vt 0.302978516 0.537597656
vt 0.303955078 0.544921875
vt 0.303955078 0.544921875
vt 0.305419922 0.55859375
vt 0.301513672 0.529296875
vt 0.294433594 0.529785156
vt 0.301269531 0.52734375
vt 0.294189453 0.527832031
vt 0.300048828 0.520507812
vt 0.293701172 0.520996094
vt 0.298583984 0.512207031
vt 0.293457031 0.513183594
vt 0.300537109 0.509277344
vt 0.294921875 0.538574219
vt 0.302978516 0.537597656
vt 0.290771484 0.521972656
vt 0.289306641 0.511230469
vt 0.294433594 0.529785156
vt 0.291748047 0.529296875
vt 0.294189453 0.527832031
vt 0.290771484 0.521972656
vt 0.334716797 0.627929688
vt 0.321289062 0.634765625
vt 0.334472656 0.643554688
vt 0.350585938 0.62109375
vt 0.350830078 0.641113281
vt 0.333007812 0.594726562
vt 0.334716797 0.627929688
vt 0.318847656 0.596191406
vt 0.321289062 0.634765625
vt 0.34765625 0.592285156
vt 0.333007812 0.594726562
vt 0.334960938 0.572265625
vt 0.333007812 0.594726562
vt 0.318847656 0.596191406
vt 0.319824219 0.572753906
vt 0.334960938 0.572265625
vt 0.319824219 0.572753906
vt 0.33984375 0.560058594
vt 0.332275391 0.559082031
vt 0.341308594 0.548339844
vt 0.334472656 0.643554688
vt 0.350830078 0.641113281
vt 0.357421875 0.672363281
vt 0.338378906 0.670898438
vt 0.357421875 0.672363281
vt 0.338134766 0.703613281
vt 0.320800781 0.697753906
vt 0.338378906 0.670898438
vt 0.322265625 0.557617188
vt 0.318847656 0.596191406
vt 0.305908203 0.596679688
vt 0.321289062 0.634765625
vt 0.306396484 0.63671875
vt 0.306396484 0.651855469
vt 0.318115234 0.649902344
vt 0.306396484 0.651855469
vt 0.306884766 0.674804688
vt 0.320556641 0.672851562
vt 0.338378906 0.670898438
vt 0.318115234 0.649902344
vt 0.321289062 0.634765625
vt 0.334472656 0.643554688
vt 0.338378906 0.670898438
vt 0.306884766 0.674804688
vt 0.306396484 0.696289062
vt 0.322509766 0.708496094
vt 0.320800781 0.697753906
vt 0.338623047 0.713378906
vt 0.324707031 0.728515625
vt 0.290283203 0.708496094
vt 0.306396484 0.70703125
vt 0.288085938 0.727539062
vt 0.306396484 0.730957031
vt 0.287597656 0.742675781
vt 0.306396484 0.748046875
vt 0.272949219 0.713378906
vt 0.288085938 0.727539062
vt 0.291259766 0.698730469
vt 0.274902344 0.703125
vt 0.292236328 0.686035156
vt 0.291259766 0.665039062
vt 0.306884766 0.674804688
vt 0.291259766 0.698730469
vt 0.306396484 0.696289062
vt 0.274902344 0.703125
vt 0.272949219 0.713378906
vt 0.292236328 0.686035156
vt 0.306396484 0.696289062
vt 0.306884766 0.674804688
vt 0.306396484 0.70703125
vt 0.322509766 0.708496094
vt 0.324707031 0.728515625
vt 0.306396484 0.730957031
vt 0.325195312 0.742675781
vt 0.306396484 0.748046875
vt 0.291259766 0.665039062
vt 0.306884766 0.674804688
vt 0.306396484 0.651855469
vt 0.256347656 0.708496094
vt 0.263183594 0.716308594
vt 0.274902344 0.703125
vt 0.272949219 0.713378906
vt 0.272949219 0.728515625
vt 0.263183594 0.716308594
vt 0.274902344 0.703125
vt 0.291259766 0.665039062
vt 0.275878906 0.662109375
vt 0.292236328 0.686035156
vt 0.338134766 0.703613281
vt 0.358886719 0.708496094
vt 0.357421875 0.672363281
vt 0.280273438 0.628417969
vt 0.29296875 0.635253906
vt 0.293701172 0.596191406
vt 0.264648438 0.62109375
vt 0.28125 0.594726562
vt 0.266845703 0.592285156
vt 0.28125 0.594726562
vt 0.279785156 0.572265625
vt 0.258544922 0.672363281
vt 0.275878906 0.662109375
vt 0.276611328 0.645507812
vt 0.350097656 0.716308594
vt 0.358886719 0.708496094
vt 0.338134766 0.703613281
vt 0.320800781 0.697753906
vt 0.338623047 0.713378906
vt 0.338134766 0.703613281
vt 0.100891113 0.762695312
vt 0.101867676 0.802734375
vt 0.120422363 0.780761719
vt 0.0769042969 0.658691406
vt 0.0765991211 0.684082031
vt 0.0913696289 0.680664062
vt 0.0625610352 0.631347656
vt 0.0641479492 0.659179688
vt 0.0765991211 0.684082031
vt 0.104675293 0.708984375
vt 0.113464355 0.708007812
vt 0.108032227 0.700195312
vt 0.114562988 0.716796875
vt 0.113464355 0.708007812
vt 0.0986938477 0.740234375
vt 0.100891113 0.762695312
vt 0.119140625 0.758300781
vt 0.115844727 0.736816406
vt 0.135986328 0.753417969
vt 0.125854492 0.788085938
vt 0.137573242 0.795898438
vt 0.137573242 0.779785156
vt 0.125854492 0.788085938
vt 0.119140625 0.758300781
vt 0.100891113 0.762695312
vt 0.135986328 0.753417969
vt 0.13269043 0.733398438
vt 0.115844727 0.736816406
vt 0.112976074 0.725097656
vt 0.120605469 0.801757812
vt 0.137573242 0.795898438
vt 0.125854492 0.788085938
vt 0.12902832 0.720703125
vt 0.128051758 0.712402344
vt 0.113464355 0.708007812
vt 0.428222656 0.993652344
vt 0.427246094 0.977539062
vt 0.44140625 0.987304688
vt 0.406005859 0.977539062
vt 0.427246094 0.977539062
vt 0.428466797 0.961914062
vt 0.0679321289 0.550292969
vt 0.0618591309 0.569824219
vt 0.0779418945 0.550292969
vt 0.0818481445 0.531738281
vt 0.0679321289 0.550292969
vt 0.0618591309 0.569824219
vt 0.0783691406 0.586425781
vt 0.0779418945 0.550292969
vt 0.120483398 0.544433594
vt 0.118713379 0.588378906
vt 0.132202148 0.575195312
vt 0.0278625488 0.617675781
vt 0.0393676758 0.616210938
vt 0.024017334 0.608886719
vt 0.0365600586 0.6328125
vt 0.0467224121 0.632324219
vt 0.0355529785 0.654785156
vt 0.0483703613 0.656738281
vt 0.0295562744 0.677246094
vt 0.031829834 0.604980469
vt 0.0393676758 0.616210938
vt 0.0473327637 0.6015625
vt 0.12286377 0.513671875
vt 0.115905762 0.524414062
vt 0.129638672 0.541015625
vt 0.120483398 0.544433594
vt 0.0993652344 0.546875
vt 0.100646973 0.588867188
vt 0.129638672 0.541015625
vt 0.132202148 0.575195312
vt 0.115905762 0.524414062
vt 0.120483398 0.544433594
vt 0.0818481445 0.531738281
vt 0.0728149414 0.522460938
vt 0.0679321289 0.550292969
vt 0.133666992 0.602050781
vt 0.132202148 0.575195312
vt 0.127563477 0.608886719
vt 0.132202148 0.575195312
vt 0.118713379 0.588378906
vt 0.127563477 0.608886719
vt 0.406005859 0.962890625
vt 0.428466797 0.961914062
vt 0.406005859 0.977539062
vt 0.0523376465 0.581542969
vt 0.0640869141 0.599609375
vt 0.0618591309 0.569824219
vt 0.0855712891 0.6171875
vt 0.0783691406 0.586425781
vt 0.0640869141 0.599609375
vt 0.0783691406 0.586425781
vt 0.0618591309 0.569824219
vt 0.0467224121 0.632324219
vt 0.0393676758 0.616210938
vt 0.0278625488 0.617675781
vt 0.0252838135 0.595703125
vt 0.031829834 0.604980469
vt 0.0408935547 0.588867188
vt 0.031829834 0.604980469
vt 0.0473327637 0.6015625
vt 0.0408935547 0.588867188
vt 0.0574035645 0.615722656
vt 0.0640869141 0.599609375
vt 0.0408935547 0.588867188
vt 0.0640869141 0.599609375
vt 0.0523376465 0.581542969
vt 0.0720825195 0.616699219
vt 0.0855712891 0.6171875
vt 0.0757446289 0.630859375
vt 0.0220489502 0.602050781
vt 0.024017334 0.608886719
vt 0.0252838135 0.595703125
vt 0.118713379 0.588378906
vt 0.124206543 0.617675781
vt 0.127563477 0.608886719
vt 0.120483398 0.544433594
vt 0.100646973 0.588867188
vt 0.102478027 0.6171875
vt 0.0855712891 0.6171875
vt 0.100646973 0.588867188
vt 0.089050293 0.630859375
vt 0.12286377 0.513671875
vt 0.102050781 0.509765625
vt 0.100219727 0.520996094
vt 0.305419922 0.518066406
vt 0.305908203 0.508789062
vt 0.302490234 0.506835938
vt 0.302490234 0.506835938
vt 0.311035156 0.508789062
vt 0.312255859 0.517578125
vt 0.305419922 0.518066406
vt 0.312744141 0.525390625
vt 0.305419922 0.525390625
vt 0.312744141 0.52734375
vt 0.305419922 0.527832031
vt 0.305419922 0.537597656
vt 0.312255859 0.517578125
vt 0.314453125 0.505859375
vt 0.312255859 0.517578125
vt 0.314697266 0.518066406
vt 0.314453125 0.505859375
vt 0.305419922 0.518066406
vt 0.302734375 0.518554688
vt 0.302490234 0.506835938
vt 0.314208984 0.537109375
vt 0.305419922 0.537597656
vt 0.314941406 0.544433594
vt 0.314941406 0.544433594
vt 0.315429688 0.534667969
vt 0.314208984 0.537109375
vt 0.314941406 0.52734375
vt 0.305419922 0.55859375
vt 0.314941406 0.544433594
vt 0.305419922 0.55859375
vt 0.322265625 0.557617188
vt 0.305664062 0.572753906
vt 0.324951172 0.543945312
vt 0.316894531 0.537597656
vt 0.324707031 0.537597656
vt 0.326171875 0.541503906
vt 0.327636719 0.536621094
vt 0.316894531 0.537597656
vt 0.317626953 0.528808594
vt 0.324462891 0.529296875
vt 0.317871094 0.526855469
vt 0.324462891 0.52734375
vt 0.318359375 0.520507812
vt 0.324462891 0.520507812
vt 0.319335938 0.512207031
vt 0.32421875 0.512695312
vt 0.316162109 0.509277344
vt 0.318359375 0.520507812
vt 0.316162109 0.509277344
vt 0.315429688 0.534667969
vt 0.314941406 0.544433594
vt 0.316894531 0.537597656
vt 0.315917969 0.528320312
vt 0.328125 0.520996094
vt 0.327636719 0.509765625
vt 0.324462891 0.52734375
vt 0.328369141 0.528320312
vt 0.328125 0.520996094
vt 0.324462891 0.529296875
vt 0.324707031 0.537597656
vt 0.314453125 0.505859375
vt 0.302490234 0.506835938
vt 0.311035156 0.508789062
vt 0.29296875 0.537109375
vt 0.293701172 0.545898438
vt 0.294921875 0.538574219
vt 0.294921875 0.538574219
vt 0.291748047 0.529296875
vt 0.293701172 0.520996094
vt 0.293457031 0.513183594
vt 0.289306641 0.511230469
vt 0.303955078 0.544921875
vt 0.303710938 0.534667969
vt 0.302978516 0.537597656
vt 0.302978516 0.537597656
vt 0.302734375 0.528808594
vt 0.298583984 0.512207031
vt 0.300048828 0.520507812
vt 0.300537109 0.509277344
vt 0.289306641 0.511230469
vt 0.293457031 0.513183594
vt 0.300537109 0.509277344
vt 0.324951172 0.543945312
vt 0.327636719 0.536621094
vt 0.324707031 0.537597656
vt 0.32421875 0.512695312
vt 0.324462891 0.520507812
vt 0.327636719 0.509765625
vt 0.327636719 0.509765625
vt 0.316162109 0.509277344
vt 0.32421875 0.512695312
vt 0.324707031 0.537597656
vt 0.327636719 0.536621094
vt 0.328369141 0.528320312
vt 0.354492188 0.540039062
vt 0.361083984 0.542480469
vt 0.354736328 0.528320312
vt 0.319824219 0.572753906
vt 0.332275391 0.559082031
vt 0.322265625 0.557617188
vt 0.33984375 0.560058594
vt 0.350341797 0.559570312
vt 0.334960938 0.572265625
vt 0.33984375 0.560058594
vt 0.346923828 0.544921875
vt 0.341308594 0.548339844
vt 0.341064453 0.544433594
vt 0.346191406 0.534179688
vt 0.352539062 0.540527344
vt 0.354492188 0.543945312
vt 0.334960938 0.546875
vt 0.332275391 0.559082031
vt 0.335693359 0.543457031
vt 0.341064453 0.544433594
vt 0.337402344 0.53515625
vt 0.341308594 0.548339844
vt 0.335693359 0.543457031
vt 0.344238281 0.5234375
vt 0.332275391 0.522949219
vt 0.341308594 0.526367188
vt 0.332275391 0.522949219
vt 0.337402344 0.525390625
vt 0.341796875 0.534179688
vt 0.337402344 0.533203125
vt 0.341796875 0.535644531
vt 0.337402344 0.53515625
vt 0.341064453 0.544433594
vt 0.337402344 0.533203125
vt 0.332275391 0.522949219
vt 0.328613281 0.540039062
vt 0.335693359 0.543457031
vt 0.331298828 0.533203125
vt 0.337402344 0.533203125
vt 0.332275391 0.522949219
vt 0.346191406 0.534179688
vt 0.344238281 0.5234375
vt 0.341796875 0.535644531
vt 0.341064453 0.544433594
vt 0.346923828 0.544921875
vt 0.352539062 0.540527344
vt 0.350341797 0.559570312
vt 0.352294922 0.549316406
vt 0.326171875 0.541503906
vt 0.327880859 0.539550781
vt 0.327636719 0.536621094
vt 0.347900391 0.571777344
vt 0.364746094 0.555664062
vt 0.359619141 0.552734375
vt 0.347900391 0.571777344
vt 0.370361328 0.559570312
vt 0.364746094 0.555664062
vt 0.379394531 0.546875
vt 0.374023438 0.544433594
vt 0.375488281 0.529785156
vt 0.367431641 0.54296875
vt 0.369384766 0.528320312
vt 0.368408203 0.526855469
vt 0.361083984 0.542480469
vt 0.375488281 0.529785156
vt 0.376220703 0.521484375
vt 0.370605469 0.520507812
vt 0.376464844 0.512695312
vt 0.372314453 0.512207031
vt 0.368408203 0.526855469
vt 0.362060547 0.526367188
vt 0.368408203 0.517578125
vt 0.362792969 0.517089844
vt 0.368164062 0.508300781
vt 0.365234375 0.5078125
vt 0.347900391 0.571777344
vt 0.356445312 0.570800781
vt 0.370361328 0.559570312
vt 0.334960938 0.572265625
vt 0.34765625 0.592285156
vt 0.350341797 0.559570312
vt 0.356445312 0.570800781
vt 0.374267578 0.563964844
vt 0.370361328 0.559570312
vt 0.361083984 0.542480469
vt 0.354492188 0.540039062
vt 0.354492188 0.543945312
vt 0.346923828 0.544921875
vt 0.352294922 0.549316406
vt 0.277587891 0.562988281
vt 0.279785156 0.572265625
vt 0.290039062 0.560058594
vt 0.281738281 0.548339844
vt 0.277587891 0.562988281
vt 0.326171875 0.541503906
vt 0.324951172 0.543945312
vt 0.327880859 0.543457031
vt 0.327880859 0.543457031
vt 0.322265625 0.557617188
vt 0.328613281 0.540039062
vt 0.326171875 0.541503906
vt 0.327880859 0.543457031
vt 0.334960938 0.546875
vt 0.322265625 0.557617188
vt 0.332275391 0.559082031
vt 0.334960938 0.546875
vt 0.335693359 0.543457031
vt 0.327880859 0.543457031
vt 0.328613281 0.540039062
vt 0.374267578 0.563964844
vt 0.379394531 0.546875
vt 0.370361328 0.559570312
vt 0.370361328 0.559570312
vt 0.374023438 0.544433594
vt 0.364746094 0.555664062
vt 0.374023438 0.544433594
vt 0.367431641 0.54296875
vt 0.364746094 0.555664062
vt 0.361083984 0.542480469
vt 0.359619141 0.552734375
vt 0.354492188 0.543945312
vt 0.359619141 0.552734375
vt 0.352294922 0.549316406
vt 0.360595703 0.527832031
vt 0.354736328 0.528320312
vt 0.360107422 0.520019531
vt 0.354736328 0.520019531
vt 0.359130859 0.51171875
vt 0.354980469 0.51171875
vt 0.359619141 0.552734375
vt 0.364746094 0.555664062
vt 0.361083984 0.542480469
vt 0.281005859 0.542480469
vt 0.281738281 0.548339844
vt 0.285644531 0.541015625
vt 0.287109375 0.546875
vt 0.292236328 0.539550781
vt 0.293701172 0.545898438
vt 0.281738281 0.548339844
vt 0.287109375 0.546875
vt 0.285644531 0.541015625
vt 0.281005859 0.542480469
vt 0.280029297 0.53515625
vt 0.284423828 0.53515625
vt 0.284179688 0.533203125
vt 0.292236328 0.539550781
vt 0.290283203 0.533691406
vt 0.284423828 0.53515625
vt 0.289794922 0.532226562
vt 0.283203125 0.528808594
vt 0.288330078 0.52734375
vt 0.286376953 0.521484375
vt 0.282226562 0.522460938
vt 0.283203125 0.528808594
vt 0.282226562 0.522460938
vt 0.278564453 0.520996094
vt 0.286376953 0.521484375
vt 0.288574219 0.518066406
vt 0.293701172 0.545898438
vt 0.29296875 0.537109375
vt 0.292236328 0.539550781
vt 0.286376953 0.521484375
vt 0.288330078 0.52734375
vt 0.288574219 0.518066406
vt 0.374023438 0.544433594
vt 0.379394531 0.546875
vt 0.380126953 0.54296875
vt 0.278564453 0.520996094
vt 0.282226562 0.522460938
vt 0.288574219 0.518066406
vt 0.292236328 0.539550781
vt 0.29296875 0.537109375
vt 0.291503906 0.532714844
vt 0.374023438 0.544433594
vt 0.380126953 0.54296875
vt 0.375976562 0.533691406
vt 0.359619141 0.552734375
vt 0.352294922 0.549316406
vt 0.350341797 0.559570312
vt 0.350341797 0.559570312
vt 0.347900391 0.571777344
vt 0.359619141 0.552734375
vt 0.326171875 0.541503906
vt 0.328613281 0.540039062
vt 0.327880859 0.539550781
vt 0.305419922 0.537597656
vt 0.303710938 0.534667969
vt 0.303955078 0.544921875
vt 0.303466797 0.527832031
vt 0.305419922 0.537597656
vt 0.280029297 0.53515625
vt 0.284179688 0.533203125
vt 0.279296875 0.528808594
vt 0.344238281 0.5234375
vt 0.341308594 0.526367188
vt 0.341796875 0.534179688
vt 0.348876953 0.524902344
vt 0.344238281 0.5234375
vt 0.346191406 0.534179688
vt 0.265625 0.826660156
vt 0.270019531 0.877929688
vt 0.281005859 0.864257812
vt 0.303955078 0.876953125
vt 0.303466797 0.897949219
vt 0.343017578 0.873535156
vt 0.303955078 0.876953125
vt 0.315429688 0.840332031
vt 0.303466797 0.897949219
vt 0.353027344 0.894042969
vt 0.343017578 0.873535156
vt 0.343017578 0.873535156
vt 0.353027344 0.894042969
vt 0.359130859 0.862792969
vt 0.353027344 0.894042969
vt 0.377685547 0.871582031
vt 0.359130859 0.862792969
vt 0.368164062 0.848144531
vt 0.346679688 0.849121094
vt 0.359130859 0.862792969
vt 0.377685547 0.871582031
vt 0.351806641 0.840820312
vt 0.346679688 0.849121094
vt 0.343017578 0.873535156
vt 0.315429688 0.840332031
vt 0.359130859 0.862792969
vt 0.346679688 0.849121094
vt 0.337890625 0.840332031
vt 0.351806641 0.840820312
vt 0.346923828 0.833984375
vt 0.337890625 0.840332031
vt 0.315429688 0.840332031
vt 0.335205078 0.833496094
vt 0.317871094 0.826171875
vt 0.333740234 0.823242188
vt 0.335205078 0.833496094
vt 0.346923828 0.833984375
vt 0.337890625 0.840332031
vt 0.317871094 0.826171875
vt 0.331542969 0.803710938
vt 0.305664062 0.827636719
vt 0.305175781 0.809082031
vt 0.3046875 0.840820312
vt 0.303955078 0.876953125
vt 0.295898438 0.839355469
vt 0.302490234 0.837402344
vt 0.294433594 0.828613281
vt 0.3046875 0.840820312
vt 0.294677734 0.842285156
vt 0.281005859 0.864257812
vt 0.303955078 0.876953125
vt 0.294677734 0.842285156
vt 0.303955078 0.876953125
vt 0.3046875 0.840820312
vt 0.305664062 0.827636719
vt 0.302246094 0.812988281
vt 0.294433594 0.813476562
vt 0.292724609 0.811035156
vt 0.305175781 0.809082031
vt 0.294433594 0.828613281
vt 0.305664062 0.827636719
vt 0.302490234 0.837402344
vt 0.348144531 0.818359375
vt 0.333740234 0.823242188
vt 0.346923828 0.833984375
vt 0.331542969 0.803710938
vt 0.348144531 0.818359375
vt 0.346679688 0.793945312
vt 0.347412109 0.774414062
vt 0.321289062 0.781738281
vt 0.35546875 0.7890625
vt 0.348632812 0.765136719
vt 0.346923828 0.833984375
vt 0.363769531 0.83203125
vt 0.351806641 0.840820312
vt 0.362548828 0.804199219
vt 0.35546875 0.7890625
vt 0.369628906 0.793945312
vt 0.366943359 0.767578125
vt 0.366210938 0.758789062
vt 0.347412109 0.774414062
vt 0.357666016 0.780273438
vt 0.35546875 0.7890625
vt 0.368408203 0.784179688
vt 0.368896484 0.775878906
vt 0.377685547 0.782714844
vt 0.377685547 0.77734375
vt 0.372314453 0.788085938
vt 0.361083984 0.7890625
vt 0.35546875 0.7890625
vt 0.369628906 0.793945312
vt 0.368408203 0.784179688
vt 0.357666016 0.780273438
vt 0.372314453 0.790039062
vt 0.361083984 0.7890625
vt 0.377685547 0.810058594
vt 0.377685547 0.805175781
vt 0.374755859 0.806152344
vt 0.377685547 0.805175781
vt 0.380859375 0.806152344
vt 0.366943359 0.805664062
vt 0.362548828 0.804199219
vt 0.365722656 0.80859375
vt 0.362548828 0.804199219
vt 0.366943359 0.805664062
vt 0.377685547 0.801269531
vt 0.393066406 0.804199219
vt 0.385986328 0.793945312
vt 0.377685547 0.793457031
vt 0.383300781 0.790039062
vt 0.377685547 0.7890625
vt 0.372314453 0.790039062
vt 0.388671875 0.805664062
vt 0.380859375 0.806152344
vt 0.389892578 0.80859375
vt 0.393066406 0.804199219
vt 0.400146484 0.7890625
vt 0.408691406 0.793945312
vt 0.380615234 0.810058594
vt 0.387695312 0.8125
vt 0.380859375 0.806152344
vt 0.407958984 0.774414062
vt 0.400146484 0.7890625
vt 0.423828125 0.803710938
vt 0.407226562 0.818359375
vt 0.434326172 0.781738281
vt 0.406738281 0.765136719
vt 0.421875 0.823242188
vt 0.407226562 0.818359375
vt 0.408691406 0.833984375
vt 0.408691406 0.833984375
vt 0.391601562 0.83203125
vt 0.403564453 0.840820312
vt 0.389404297 0.758789062
vt 0.388427734 0.767578125
vt 0.407958984 0.774414062
vt 0.397949219 0.780273438
vt 0.400146484 0.7890625
vt 0.38671875 0.775878906
vt 0.387207031 0.784179688
vt 0.377685547 0.782714844
vt 0.377685547 0.77734375
vt 0.383300781 0.788085938
vt 0.394287109 0.7890625
vt 0.400146484 0.7890625
vt 0.387207031 0.784179688
vt 0.397949219 0.780273438
vt 0.385986328 0.793945312
vt 0.394287109 0.7890625
vt 0.383300781 0.790039062
vt 0.377685547 0.753417969
vt 0.366210938 0.758789062
vt 0.366943359 0.767578125
vt 0.377685547 0.753417969
vt 0.349121094 0.755371094
vt 0.366210938 0.758789062
vt 0.348632812 0.765136719
vt 0.366210938 0.758789062
vt 0.281005859 0.864257812
vt 0.294677734 0.842285156
vt 0.289794922 0.828125
vt 0.276855469 0.821289062
vt 0.265625 0.826660156
vt 0.289794922 0.828125
vt 0.292724609 0.811035156
vt 0.281005859 0.864257812
vt 0.270019531 0.877929688
vt 0.303955078 0.876953125
vt 0.303466797 0.897949219
vt 0.289794922 0.828125
vt 0.294677734 0.842285156
vt 0.294433594 0.828613281
vt 0.294677734 0.842285156
vt 0.295898438 0.839355469
vt 0.294433594 0.828613281
vt 0.305664062 0.827636719
vt 0.302490234 0.837402344
vt 0.3046875 0.840820312
vt 0.302490234 0.837402344
vt 0.295898438 0.839355469
vt 0.294677734 0.842285156
vt 0.289794922 0.828125
vt 0.294433594 0.828613281
vt 0.292724609 0.811035156
vt 0.294433594 0.828613281
vt 0.294433594 0.813476562
vt 0.292724609 0.811035156
vt 0.294433594 0.813476562
vt 0.302246094 0.812988281
vt 0.305175781 0.809082031
vt 0.305175781 0.809082031
vt 0.302246094 0.812988281
vt 0.305664062 0.827636719
vt 0.479003906 0.774902344
vt 0.461914062 0.778808594
vt 0.475830078 0.7421875
vt 0.461914062 0.778808594
vt 0.461914062 0.73828125
vt 0.475830078 0.7421875
vt 0.368896484 0.775878906
vt 0.366943359 0.767578125
vt 0.357666016 0.780273438
vt 0.479003906 0.774902344
vt 0.475830078 0.7421875
vt 0.495117188 0.76953125
vt 0.377685547 0.788085938
vt 0.377685547 0.782714844
vt 0.372314453 0.788085938
vt 0.377685547 0.782714844
vt 0.368408203 0.784179688
vt 0.372314453 0.788085938
vt 0.475830078 0.7421875
vt 0.478759766 0.774414062
vt 0.495117188 0.76953125
vt 0.461914062 0.73828125
vt 0.461914062 0.77734375
vt 0.475830078 0.7421875
vt 0.461914062 0.77734375
vt 0.478759766 0.774414062
vt 0.475830078 0.7421875
vt 0.374755859 0.806152344
vt 0.377685547 0.805175781
vt 0.377685547 0.801269531
vt 0.363769531 0.83203125
vt 0.371337891 0.826171875
vt 0.367675781 0.8125
vt 0.371337891 0.826171875
vt 0.371826172 0.831054688
vt 0.371826172 0.831054688
vt 0.368896484 0.836425781
vt 0.377685547 0.826660156
vt 0.371337891 0.826171875
vt 0.374511719 0.815429688
vt 0.377685547 0.814941406
vt 0.374755859 0.810058594
vt 0.377685547 0.810058594
vt 0.374755859 0.806152344
vt 0.381103516 0.815429688
vt 0.384277344 0.826171875
vt 0.383789062 0.831054688
vt 0.384277344 0.826171875
vt 0.391601562 0.83203125
vt 0.387695312 0.8125
vt 0.384277344 0.826171875
vt 0.383789062 0.831054688
vt 0.386474609 0.836425781
vt 0.377685547 0.831054688
vt 0.386474609 0.836425781
vt 0.377685547 0.826660156
vt 0.368896484 0.836425781
vt 0.377685547 0.814941406
vt 0.380615234 0.810058594
vt 0.377685547 0.810058594
vt 0.380859375 0.806152344
vt 0.362548828 0.804199219
vt 0.346679688 0.793945312
vt 0.361816406 0.80859375
vt 0.885742188 0.648925781
vt 0.904785156 0.653808594
vt 0.883789062 0.671386719
vt 0.904785156 0.653808594
vt 0.90234375 0.686523438
vt 0.883789062 0.671386719
vt 0.940429688 0.686523438
vt 0.938476562 0.653808594
vt 0.958984375 0.671386719
vt 0.938476562 0.653808594
vt 0.95703125 0.648925781
vt 0.958984375 0.671386719
vt 0.880371094 0.701171875
vt 0.887207031 0.728515625
vt 0.877441406 0.716308594
vt 0.8984375 0.7265625
vt 0.920898438 0.731933594
vt 0.901855469 0.742675781
vt 0.887207031 0.728515625
vt 0.901855469 0.742675781
vt 0.880371094 0.701171875
vt 0.883789062 0.671386719
vt 0.90234375 0.686523438
vt 0.8984375 0.7265625
vt 0.880371094 0.701171875
vt 0.904785156 0.653808594
vt 0.921386719 0.65625
vt 0.920898438 0.690429688
vt 0.8984375 0.7265625
vt 0.920898438 0.731933594
vt 0.920898438 0.748046875
vt 0.901855469 0.742675781
vt 0.940429688 0.686523438
vt 0.944824219 0.7265625
vt 0.958984375 0.671386719
vt 0.962402344 0.701171875
vt 0.920898438 0.731933594
vt 0.944824219 0.7265625
vt 0.920898438 0.748046875
vt 0.939453125 0.742675781
vt 0.920898438 0.731933594
vt 0.939453125 0.742675781
vt 0.921386719 0.65625
vt 0.940429688 0.686523438
vt 0.938476562 0.653808594
vt 0.944824219 0.7265625
vt 0.962402344 0.701171875
vt 0.954589844 0.7265625
vt 0.939453125 0.742675781
vt 0.971679688 0.695800781
vt 0.964355469 0.716308594
vt 0.87109375 0.695800781
vt 0.877441406 0.716308594
vt 0.870605469 0.708496094
vt 0.850585938 0.751464844
vt 0.868164062 0.754882812
vt 0.860839844 0.737304688
vt 0.842285156 0.737304688
vt 0.850585938 0.751464844
vt 0.850585938 0.723144531
vt 0.868164062 0.720214844
vt 0.850585938 0.723144531
vt 0.860839844 0.737304688
vt 0.880371094 0.737304688
vt 0.868164062 0.720214844
vt 0.868164062 0.754882812
vt 0.954589844 0.7265625
vt 0.962402344 0.701171875
vt 0.964355469 0.716308594
vt 0.87109375 0.695800781
vt 0.880371094 0.701171875
vt 0.877441406 0.716308594
vt 0.964355469 0.716308594
vt 0.971679688 0.695800781
vt 0.973144531 0.708496094
vt 0.770996094 0.648925781
vt 0.769042969 0.671386719
vt 0.789550781 0.653808594
vt 0.769042969 0.671386719
vt 0.787597656 0.686523438
vt 0.789550781 0.653808594
vt 0.842285156 0.648925781
vt 0.823730469 0.653808594
vt 0.844238281 0.671386719
vt 0.823730469 0.653808594
vt 0.825683594 0.686523438
vt 0.844238281 0.671386719
vt 0.765625 0.701171875
vt 0.762695312 0.716308594
vt 0.772460938 0.728515625
vt 0.783691406 0.7265625
vt 0.787109375 0.742675781
vt 0.806152344 0.731933594
vt 0.772460938 0.728515625
vt 0.787109375 0.742675781
vt 0.765625 0.701171875
vt 0.769042969 0.671386719
vt 0.787597656 0.686523438
vt 0.765625 0.701171875
vt 0.783691406 0.7265625
vt 0.789550781 0.653808594
vt 0.806640625 0.65625
vt 0.806152344 0.690429688
vt 0.783691406 0.7265625
vt 0.806152344 0.731933594
vt 0.787109375 0.742675781
vt 0.806152344 0.748046875
vt 0.806152344 0.731933594
vt 0.829589844 0.7265625
vt 0.825683594 0.686523438
vt 0.806640625 0.65625
vt 0.823730469 0.653808594
vt 0.806152344 0.748046875
vt 0.824707031 0.742675781
vt 0.844238281 0.671386719
vt 0.84765625 0.701171875
vt 0.829589844 0.7265625
vt 0.84765625 0.701171875
vt 0.83984375 0.7265625
vt 0.824707031 0.742675781
vt 0.849609375 0.716308594
vt 0.856933594 0.695800781
vt 0.829589844 0.7265625
vt 0.806152344 0.731933594
vt 0.824707031 0.742675781
vt 0.756347656 0.695800781
vt 0.755859375 0.708496094
vt 0.762695312 0.716308594
vt 0.850585938 0.751464844
vt 0.860839844 0.737304688
vt 0.868164062 0.754882812
vt 0.842285156 0.737304688
vt 0.850585938 0.751464844
vt 0.850585938 0.723144531
vt 0.868164062 0.720214844
vt 0.860839844 0.737304688
vt 0.850585938 0.723144531
vt 0.880371094 0.737304688
vt 0.868164062 0.720214844
vt 0.868164062 0.754882812
vt 0.83984375 0.7265625
vt 0.849609375 0.716308594
vt 0.84765625 0.701171875
vt 0.756347656 0.695800781
vt 0.762695312 0.716308594
vt 0.765625 0.701171875
vt 0.849609375 0.716308594
vt 0.858398438 0.708496094
vt 0.856933594 0.695800781
vt 0.664550781 0.779785156
vt 0.668945312 0.750976562
vt 0.650390625 0.776855469
vt 0.668945312 0.750976562
vt 0.651367188 0.746582031
vt 0.650390625 0.776855469
vt 0.637695312 0.773925781
vt 0.739257812 0.7734375
vt 0.738769531 0.745605469
vt 0.731445312 0.77734375
vt 0.738769531 0.745605469
vt 0.731445312 0.75
vt 0.731445312 0.75
vt 0.721679688 0.780273438
vt 0.722167969 0.753417969
vt 0.705078125 0.754882812
vt 0.705078125 0.754882812
vt 0.706054688 0.782714844
vt 0.721679688 0.780273438
vt 0.708007812 0.787109375
vt 0.726074219 0.783691406
vt 0.741699219 0.779785156
vt 0.731445312 0.77734375
vt 0.739257812 0.7734375
vt 0.741699219 0.779785156
vt 0.731445312 0.75
vt 0.722167969 0.753417969
vt 0.721679688 0.780273438
vt 0.705078125 0.754882812
vt 0.683105469 0.752929688
vt 0.706054688 0.782714844
vt 0.684082031 0.782226562
vt 0.706054688 0.782714844
vt 0.692382812 0.788085938
vt 0.683105469 0.752929688
vt 0.668945312 0.750976562
vt 0.692382812 0.788085938
vt 0.694824219 0.790039062
vt 0.709472656 0.809570312
vt 0.708984375 0.83984375
vt 0.709472656 0.809570312
vt 0.7265625 0.838867188
vt 0.70703125 0.868164062
vt 0.725097656 0.8671875
vt 0.718261719 0.90234375
vt 0.7265625 0.80859375
vt 0.708007812 0.787109375
vt 0.726074219 0.783691406
vt 0.7265625 0.80859375
vt 0.7421875 0.837890625
vt 0.743164062 0.807128906
vt 0.726074219 0.783691406
vt 0.741699219 0.779785156
vt 0.739257812 0.866699219
vt 0.725097656 0.8671875
vt 0.730957031 0.901367188
vt 0.718261719 0.90234375
vt 0.776367188 0.896484375
vt 0.760742188 0.901367188
vt 0.774414062 0.912109375
vt 0.788574219 0.901855469
vt 0.776367188 0.896484375
vt 0.754394531 0.9140625
vt 0.759277344 0.928222656
vt 0.760742188 0.901367188
vt 0.774902344 0.934570312
vt 0.787109375 0.928710938
vt 0.774414062 0.912109375
vt 0.759277344 0.928222656
vt 0.774902344 0.934570312
vt 0.790527344 0.915527344
vt 0.788574219 0.901855469
vt 0.787109375 0.928710938
vt 0.70703125 0.868164062
vt 0.687988281 0.903808594
vt 0.705566406 0.903320312
vt 0.687988281 0.903808594
vt 0.667480469 0.868652344
vt 0.669921875 0.90234375
vt 0.718261719 0.90234375
vt 0.70703125 0.868164062
vt 0.705566406 0.903320312
vt 0.686523438 0.810546875
vt 0.692382812 0.788085938
vt 0.684082031 0.782226562
vt 0.692382812 0.788085938
vt 0.694824219 0.790039062
vt 0.708007812 0.787109375
vt 0.709472656 0.809570312
vt 0.684082031 0.782226562
vt 0.679199219 0.787109375
vt 0.686523438 0.810546875
vt 0.684082031 0.782226562
vt 0.664550781 0.779785156
vt 0.668945312 0.750976562
vt 0.663085938 0.783691406
vt 0.67578125 0.789550781
vt 0.686523438 0.810546875
vt 0.679199219 0.787109375
vt 0.67578125 0.789550781
vt 0.679199219 0.787109375
vt 0.664550781 0.779785156
vt 0.67578125 0.789550781
vt 0.637695312 0.773925781
vt 0.630371094 0.771484375
vt 0.629394531 0.776855469
vt 0.708007812 0.787109375
vt 0.706054688 0.782714844
vt 0.694824219 0.790039062
vt 0.485595703 0.877929688
vt 0.489990234 0.826660156
vt 0.474365234 0.864257812
vt 0.402587891 0.894042969
vt 0.452148438 0.897949219
vt 0.412353516 0.873535156
vt 0.452148438 0.897949219
vt 0.451660156 0.876953125
vt 0.412353516 0.873535156
vt 0.451660156 0.876953125
vt 0.440185547 0.840332031
vt 0.377685547 0.871582031
vt 0.402587891 0.894042969
vt 0.396484375 0.862792969
vt 0.408935547 0.849121094
vt 0.387207031 0.848144531
vt 0.377685547 0.871582031
vt 0.396484375 0.862792969
vt 0.408935547 0.849121094
vt 0.403564453 0.840820312
vt 0.440185547 0.840332031
vt 0.417724609 0.840332031
vt 0.420410156 0.833496094
vt 0.4375 0.826171875
vt 0.420410156 0.833496094
vt 0.421875 0.823242188
vt 0.408691406 0.833984375
vt 0.417724609 0.840332031
vt 0.4375 0.826171875
vt 0.423828125 0.803710938
vt 0.449951172 0.827636719
vt 0.450439453 0.809082031
vt 0.440185547 0.840332031
vt 0.412353516 0.873535156
vt 0.450927734 0.840820312
vt 0.451660156 0.876953125
vt 0.408935547 0.849121094
vt 0.396484375 0.862792969
vt 0.417724609 0.840332031
vt 0.403564453 0.840820312
vt 0.408691406 0.833984375
vt 0.386474609 0.836425781
vt 0.391601562 0.83203125
vt 0.387207031 0.848144531
vt 0.377685547 0.836914062
vt 0.377685547 0.831054688
vt 0.387207031 0.848144531
vt 0.407226562 0.818359375
vt 0.391357422 0.8125
vt 0.393798828 0.80859375
vt 0.408691406 0.793945312
vt 0.377685547 0.849121094
vt 0.377685547 0.871582031
vt 0.377685547 0.836914062
vt 0.368164062 0.848144531
vt 0.377685547 0.871582031
vt 0.368896484 0.836425781
vt 0.377685547 0.836914062
vt 0.368164062 0.848144531
vt 0.377685547 0.831054688
vt 0.363769531 0.83203125
vt 0.364013672 0.8125
vt 0.348144531 0.818359375
vt 0.361816406 0.80859375
vt 0.346679688 0.793945312
vt 0.402587891 0.894042969
vt 0.412353516 0.873535156
vt 0.396484375 0.862792969
vt 0.459716797 0.839355469
vt 0.4609375 0.828613281
vt 0.453125 0.837402344
vt 0.450927734 0.840820312
vt 0.460693359 0.842285156
vt 0.474365234 0.864257812
vt 0.460693359 0.842285156
vt 0.451660156 0.876953125
vt 0.450927734 0.840820312
vt 0.451660156 0.876953125
vt 0.461181641 0.813476562
vt 0.453369141 0.812988281
vt 0.449951172 0.827636719
vt 0.462890625 0.811035156
vt 0.450439453 0.809082031
vt 0.4609375 0.828613281
vt 0.449951172 0.827636719
vt 0.453125 0.837402344
vt 0.388671875 0.805664062
vt 0.389892578 0.80859375
vt 0.393066406 0.804199219
vt 0.393066406 0.804199219
vt 0.377685547 0.801269531
vt 0.388671875 0.805664062
vt 0.362548828 0.804199219
vt 0.377685547 0.793457031
vt 0.372314453 0.790039062
vt 0.383300781 0.790039062
vt 0.377685547 0.7890625
vt 0.366943359 0.805664062
vt 0.374755859 0.806152344
vt 0.365722656 0.80859375
vt 0.374755859 0.810058594
vt 0.367675781 0.8125
vt 0.374755859 0.806152344
vt 0.388427734 0.767578125
vt 0.389404297 0.758789062
vt 0.377685547 0.753417969
vt 0.377685547 0.753417969
vt 0.389404297 0.758789062
vt 0.40625 0.755371094
vt 0.389404297 0.758789062
vt 0.406738281 0.765136719
vt 0.474365234 0.864257812
vt 0.465820312 0.828125
vt 0.460693359 0.842285156
vt 0.489990234 0.826660156
vt 0.478759766 0.821289062
vt 0.462890625 0.811035156
vt 0.465820312 0.828125
vt 0.474365234 0.864257812
vt 0.485595703 0.877929688
vt 0.451660156 0.876953125
vt 0.452148438 0.897949219
vt 0.459716797 0.839355469
vt 0.460693359 0.842285156
vt 0.4609375 0.828613281
vt 0.460693359 0.842285156
vt 0.465820312 0.828125
vt 0.4609375 0.828613281
vt 0.449951172 0.827636719
vt 0.450927734 0.840820312
vt 0.453125 0.837402344
vt 0.460693359 0.842285156
vt 0.459716797 0.839355469
vt 0.453125 0.837402344
vt 0.465820312 0.828125
vt 0.462890625 0.811035156
vt 0.4609375 0.828613281
vt 0.462890625 0.811035156
vt 0.461181641 0.813476562
vt 0.4609375 0.828613281
vt 0.450439453 0.809082031
vt 0.453369141 0.812988281
vt 0.461181641 0.813476562
vt 0.450439453 0.809082031
vt 0.449951172 0.827636719
vt 0.453369141 0.812988281
vt 0.461914062 0.73828125
vt 0.461914062 0.778808594
vt 0.475830078 0.7421875
vt 0.461914062 0.778808594
vt 0.479003906 0.774902344
vt 0.475830078 0.7421875
vt 0.38671875 0.775878906
vt 0.397949219 0.780273438
vt 0.388427734 0.767578125
vt 0.479003906 0.774902344
vt 0.495117188 0.76953125
vt 0.475830078 0.7421875
vt 0.377685547 0.788085938
vt 0.383300781 0.788085938
vt 0.377685547 0.782714844
vt 0.383300781 0.788085938
vt 0.387207031 0.784179688
vt 0.377685547 0.782714844
vt 0.475830078 0.7421875
vt 0.495117188 0.76953125
vt 0.478759766 0.774414062
vt 0.461914062 0.73828125
vt 0.475830078 0.7421875
vt 0.461914062 0.77734375
vt 0.475830078 0.7421875
vt 0.478759766 0.774414062
vt 0.461914062 0.77734375
vt 0.377685547 0.801269531
vt 0.377685547 0.805175781
vt 0.380859375 0.806152344
vt 0.393066406 0.804199219
vt 0.393798828 0.80859375
vt 0.408691406 0.793945312
vt 0.663085938 0.516113281
vt 0.662109375 0.573730469
vt 0.642578125 0.516601562
vt 0.625976562 0.516113281
vt 0.696777344 0.515625
vt 0.680175781 0.516113281
vt 0.957519531 0.961425781
vt 0.950195312 0.967285156
vt 0.967773438 0.975585938
vt 0.967773438 0.959472656
vt 0.957519531 0.961425781
vt 0.957519531 0.989746094
vt 0.967773438 0.991699219
vt 0.949707031 0.983886719
vt 0.957519531 0.989746094
vt 0.947265625 0.975585938
vt 0.949707031 0.983886719
vt 0.950195312 0.967285156
vt 0.68359375 0.699707031
vt 0.684082031 0.730957031
vt 0.701660156 0.73046875
vt 0.714355469 0.729980469
vt 0.719238281 0.698730469
vt 0.701660156 0.73046875
vt 0.71875 0.666503906
vt 0.733886719 0.697265625
vt 0.714355469 0.729980469
vt 0.727050781 0.729003906
vt 0.719238281 0.698730469
vt 0.701660156 0.69921875
vt 0.701660156 0.73046875
vt 0.684082031 0.730957031
vt 0.68359375 0.699707031
vt 0.666015625 0.729980469
vt 0.621582031 0.745117188
vt 0.607421875 0.746582031
vt 0.621582031 0.773925781
vt 0.608398438 0.776855469
vt 0.628417969 0.744140625
vt 0.621582031 0.745117188
vt 0.62890625 0.771484375
vt 0.621582031 0.773925781
vt 0.534179688 0.8671875
vt 0.540527344 0.90234375
vt 0.552246094 0.868164062
vt 0.532714844 0.838867188
vt 0.549804688 0.83984375
vt 0.549316406 0.809570312
vt 0.532714844 0.80859375
vt 0.551269531 0.787109375
vt 0.532714844 0.783691406
vt 0.517089844 0.837890625
vt 0.532714844 0.80859375
vt 0.516113281 0.807128906
vt 0.532714844 0.783691406
vt 0.517578125 0.779785156
vt 0.520019531 0.866699219
vt 0.534179688 0.8671875
vt 0.528320312 0.901367188
vt 0.540527344 0.90234375
vt 0.607421875 0.698242188
vt 0.606933594 0.728515625
vt 0.625976562 0.728515625
vt 0.625976562 0.697753906
vt 0.607910156 0.666503906
vt 0.625976562 0.665527344
vt 0.608398438 0.635253906
vt 0.643066406 0.635253906
vt 0.587890625 0.69921875
vt 0.607421875 0.698242188
vt 0.606933594 0.728515625
vt 0.585449219 0.729980469
vt 0.644042969 0.666503906
vt 0.6640625 0.69921875
vt 0.644042969 0.698242188
vt 0.645019531 0.728515625
vt 0.666015625 0.729980469
vt 0.625976562 0.665527344
vt 0.625976562 0.697753906
vt 0.644042969 0.698242188
vt 0.625976562 0.728515625
vt 0.645019531 0.728515625
vt 0.774414062 0.983398438
vt 0.756835938 0.989257812
vt 0.763671875 0.96875
vt 0.769042969 0.99609375
vt 0.936035156 0.94140625
vt 0.916992188 0.913574219
vt 0.919921875 0.942382812
vt 0.919921875 0.942382812
vt 0.928710938 0.971679688
vt 0.907226562 0.920898438
vt 0.890625 0.944335938
vt 0.893554688 0.98046875
vt 0.928710938 0.971679688
vt 0.177734375 0.840820312
vt 0.17565918 0.825683594
vt 0.156738281 0.83984375
vt 0.156005859 0.822753906
vt 0.173095703 0.802734375
vt 0.156738281 0.83984375
vt 0.156005859 0.822753906
vt 0.137573242 0.839355469
vt 0.137573242 0.820800781
vt 0.154418945 0.801757812
vt 0.137573242 0.801269531
vt 0.137573242 0.795898438
vt 0.137573242 0.820800781
vt 0.119018555 0.822753906
vt 0.101867676 0.802734375
vt 0.0994262695 0.825683594
vt 0.118347168 0.83984375
vt 0.119018555 0.822753906
vt 0.137573242 0.839355469
vt 0.120605469 0.801757812
vt 0.137573242 0.801269531
vt 0.137573242 0.795898438
vt 0.234741211 0.909179688
vt 0.223022461 0.908691406
vt 0.224243164 0.920898438
vt 0.225219727 0.8828125
vt 0.182373047 0.936035156
vt 0.157226562 0.9375
vt 0.179199219 0.948730469
vt 0.174316406 0.923828125
vt 0.173339844 0.904296875
vt 0.157104492 0.904785156
vt 0.157104492 0.923828125
vt 0.158691406 0.893554688
vt 0.265869141 0.909667969
vt 0.252441406 0.909179688
vt 0.255859375 0.953613281
vt 0.256591797 0.884277344
vt 0.243164062 0.8828125
vt 0.245117188 0.862792969
vt 0.231689453 0.861816406
vt 0.226318359 0.840820312
vt 0.234741211 0.909179688
vt 0.244018555 0.947265625
vt 0.243164062 0.8828125
vt 0.231689453 0.861816406
vt 0.215942383 0.860839844
vt 0.225219727 0.8828125
vt 0.243164062 0.8828125
vt 0.234741211 0.909179688
vt 0.231689453 0.861816406
vt 0.252441406 0.909179688
vt 0.244018555 0.947265625
vt 0.255859375 0.953613281
vt 0.237915039 0.97265625
vt 0.206176758 0.943847656
vt 0.179199219 0.948730469
vt 0.205566406 0.959472656
vt 0.173583984 0.959472656
vt 0.202758789 0.973144531
vt 0.203613281 0.985839844
vt 0.215820312 0.98046875
vt 0.193725586 0.979980469
vt 0.202758789 0.973144531
vt 0.193725586 0.979980469
vt 0.202758789 0.973144531
vt 0.170288086 0.96875
vt 0.173583984 0.959472656
vt 0.154785156 0.6328125
vt 0.151000977 0.654785156
vt 0.169311523 0.655273438
vt 0.145629883 0.677246094
vt 0.22668457 0.656738281
vt 0.228271484 0.632324219
vt 0.2109375 0.659179688
vt 0.229614258 0.683105469
vt 0.228271484 0.632324219
vt 0.212524414 0.631347656
vt 0.2109375 0.659179688
vt 0.235717773 0.616210938
vt 0.217651367 0.615722656
vt 0.227661133 0.6015625
vt 0.212524414 0.631347656
vt 0.19921875 0.630859375
vt 0.198120117 0.658691406
vt 0.217651367 0.615722656
vt 0.20300293 0.616699219
vt 0.2109375 0.599609375
vt 0.161987305 0.725097656
vt 0.169067383 0.717773438
vt 0.160522461 0.716796875
vt 0.170288086 0.708984375
vt 0.231811523 0.758789062
vt 0.229370117 0.779296875
vt 0.250244141 0.780273438
vt 0.23425293 0.795898438
vt 0.161499023 0.708007812
vt 0.149902344 0.704101562
vt 0.146972656 0.712402344
vt 0.166992188 0.700195312
vt 0.165771484 0.678222656
vt 0.145629883 0.677246094
vt 0.169311523 0.655273438
vt 0.171386719 0.631347656
vt 0.154785156 0.6328125
vt 0.150878906 0.617675781
vt 0.161987305 0.725097656
vt 0.145996094 0.720703125
vt 0.142333984 0.733398438
vt 0.160522461 0.716796875
vt 0.161499023 0.708007812
vt 0.176391602 0.740234375
vt 0.178588867 0.725585938
vt 0.159179688 0.736816406
vt 0.155883789 0.758300781
vt 0.178588867 0.725585938
vt 0.161987305 0.725097656
vt 0.159179688 0.736816406
vt 0.169067383 0.717773438
vt 0.229370117 0.779296875
vt 0.215820312 0.803222656
vt 0.23425293 0.795898438
vt 0.237915039 0.823730469
vt 0.17956543 0.714355469
vt 0.170288086 0.708984375
vt 0.169067383 0.717773438
vt 0.181518555 0.703613281
vt 0.174438477 0.588867188
vt 0.196655273 0.586425781
vt 0.197143555 0.550292969
vt 0.189453125 0.6171875
vt 0.376953125 0.975585938
vt 0.381347656 0.993164062
vt 0.406005859 0.977539062
vt 0.406005859 0.962890625
vt 0.377197266 0.959472656
vt 0.376953125 0.975585938
vt 0.362060547 0.962890625
vt 0.360351562 0.974121094
vt 0.366699219 0.990722656
vt 0.381347656 0.993164062
vt 0.381347656 0.993164062
vt 0.406005859 0.993652344
vt 0.406005859 0.977539062
vt 0.428222656 0.993652344
vt 0.428466797 0.961914062
vt 0.427246094 0.977539062
vt 0.442871094 0.975097656
vt 0.44140625 0.987304688
vt 0.250976562 0.608886719
vt 0.243164062 0.604980469
vt 0.235717773 0.616210938
vt 0.249755859 0.595703125
vt 0.15625 0.588378906
vt 0.150878906 0.617675781
vt 0.172607422 0.6171875
vt 0.171386719 0.631347656
vt 0.432861328 0.649902344
vt 0.436035156 0.634765625
vt 0.44921875 0.643554688
vt 0.453125 0.670898438
vt 0.435058594 0.672851562
vt 0.453125 0.670898438
vt 0.421630859 0.674804688
vt 0.432861328 0.649902344
vt 0.421142578 0.651855469
vt 0.436035156 0.634765625
vt 0.421142578 0.651855469
vt 0.421142578 0.63671875
vt 0.420410156 0.596679688
vt 0.43359375 0.596191406
vt 0.434570312 0.572753906
vt 0.436767578 0.557617188
vt 0.449462891 0.572265625
vt 0.453125 0.713378906
vt 0.452880859 0.703613281
vt 0.464599609 0.716308594
vt 0.454589844 0.7265625
vt 0.439697266 0.742675781
vt 0.439453125 0.728515625
vt 0.454589844 0.7265625
vt 0.453125 0.713378906
vt 0.387695312 0.713378906
vt 0.402587891 0.727539062
vt 0.387451172 0.728515625
vt 0.40234375 0.742675781
vt 0.428710938 0.537109375
vt 0.427490234 0.52734375
vt 0.429443359 0.52734375
vt 0.427246094 0.525390625
vt 0.429443359 0.518066406
vt 0.416503906 0.520507812
vt 0.414794922 0.520507812
vt 0.415283203 0.509277344
vt 0.415771484 0.52734375
vt 0.417480469 0.537597656
vt 0.416015625 0.529296875
vt 0.417480469 0.528808594
vt 0.415771484 0.52734375
vt 0.416503906 0.520507812
vt 0.430419922 0.520507812
vt 0.430664062 0.509277344
vt 0.432861328 0.520507812
vt 0.432373047 0.526855469
vt 0.432373047 0.528808594
vt 0.431640625 0.537597656
vt 0.430419922 0.528320312
vt 0.432373047 0.526855469
vt 0.430419922 0.520507812
vt 0.4609375 0.534179688
vt 0.46484375 0.532714844
vt 0.467285156 0.540527344
vt 0.463623047 0.524902344
vt 0.393798828 0.528808594
vt 0.393066406 0.520996094
vt 0.397949219 0.528808594
vt 0.398681641 0.533203125
vt 0.405029297 0.526855469
vt 0.403076172 0.52734375
vt 0.403076172 0.518066406
vt 0.404296875 0.532226562
vt 0.492675781 0.521972656
vt 0.496337891 0.522949219
vt 0.49609375 0.529296875
vt 0.491455078 0.528320312
vt 0.490722656 0.533691406
vt 0.495849609 0.53515625
vt 0.494873047 0.54296875
vt 0.406738281 0.539550781
vt 0.404785156 0.533691406
vt 0.40625 0.532714844
vt 0.404296875 0.532226562
vt 0.405029297 0.526855469
vt 0.420166016 0.527832031
vt 0.420166016 0.537597656
vt 0.41796875 0.527832031
vt 0.420166016 0.525390625
vt 0.417480469 0.518554688
vt 0.709960938 0.923339844
vt 0.70703125 0.963378906
vt 0.73046875 0.924804688
vt 0.725097656 0.96484375
vt 0.705078125 0.989746094
vt 0.718261719 0.989257812
vt 0.73046875 0.924804688
vt 0.745117188 0.924804688
vt 0.738769531 0.96484375
vt 0.718261719 0.989257812
vt 0.730957031 0.98828125
vt 0.528808594 0.922851562
vt 0.514160156 0.924804688
vt 0.534179688 0.96484375
vt 0.520507812 0.96484375
vt 0.540527344 0.989257812
vt 0.527832031 0.98828125
vt 0.589355469 0.921875
vt 0.589355469 0.963378906
vt 0.611328125 0.922363281
vt 0.610351562 0.9609375
vt 0.610351562 0.987792969
vt 0.589355469 0.989257812
vt 0.611328125 0.922363281
vt 0.629394531 0.959472656
vt 0.629394531 0.918945312
vt 0.610351562 0.987792969
vt 0.629394531 0.987304688
vt 0.629394531 0.959472656
vt 0.6484375 0.987792969
vt 0.648925781 0.9609375
vt 0.629394531 0.918945312
vt 0.648925781 0.919433594
vt 0.648925781 0.9609375
vt 0.648925781 0.919433594
vt 0.669433594 0.920410156
vt 0.669921875 0.964355469
vt 0.6484375 0.987792969
vt 0.669433594 0.989257812
vt 0.0403137207 0.909179688
vt 0.0507507324 0.920898438
vt 0.0520629883 0.908691406
vt 0.0498657227 0.8828125
vt 0.0926513672 0.936035156
vt 0.0958862305 0.948730469
vt 0.117736816 0.9375
vt 0.100708008 0.923828125
vt 0.117919922 0.904785156
vt 0.10168457 0.904296875
vt 0.117919922 0.923828125
vt 0.116394043 0.893554688
vt 0.0192718506 0.953613281
vt 0.0310058594 0.947265625
vt 0.0224761963 0.909179688
vt 0.0370788574 0.97265625
vt 0.0688476562 0.943847656
vt 0.0694580078 0.959472656
vt 0.0958862305 0.948730469
vt 0.101379395 0.959472656
vt 0.072265625 0.973144531
vt 0.072265625 0.973144531
vt 0.0592651367 0.98046875
vt 0.0812988281 0.979980469
vt 0.0714111328 0.985839844
vt 0.101379395 0.959472656
vt 0.072265625 0.973144531
vt 0.104797363 0.96875
vt 0.0812988281 0.979980469
vt 0.338623047 0.713378906
vt 0.350097656 0.716308594
vt 0.338134766 0.703613281
vt 0.340087891 0.7265625
vt 0.338623047 0.713378906
vt 0.324707031 0.728515625
vt 0.340087891 0.7265625
vt 0.325195312 0.742675781
vt 0.272949219 0.713378906
vt 0.272949219 0.728515625
vt 0.288085938 0.727539062
vt 0.287597656 0.742675781
vt 0.10369873 0.631347656
vt 0.089050293 0.630859375
vt 0.105773926 0.655273438
vt 0.102478027 0.6171875
vt 0.0902099609 0.657226562
vt 0.105773926 0.655273438
vt 0.109191895 0.678222656
vt 0.105773926 0.655273438
vt 0.124084473 0.654785156
vt 0.120239258 0.6328125
vt 0.129516602 0.677246094
vt 0.0625610352 0.631347656
vt 0.0467224121 0.632324219
vt 0.0641479492 0.659179688
vt 0.0393676758 0.616210938
vt 0.0574035645 0.615722656
vt 0.0473327637 0.6015625
vt 0.0467224121 0.632324219
vt 0.0483703613 0.656738281
vt 0.0641479492 0.659179688
vt 0.0454101562 0.683105469
vt 0.109191895 0.678222656
vt 0.0913696289 0.680664062
vt 0.108032227 0.700195312
vt 0.0902099609 0.657226562
vt 0.108032227 0.700195312
vt 0.12512207 0.704101562
vt 0.113464355 0.708007812
vt 0.128051758 0.712402344
vt 0.108032227 0.700195312
vt 0.129516602 0.677246094
vt 0.109191895 0.678222656
vt 0.12512207 0.704101562
vt 0.105773926 0.655273438
vt 0.10369873 0.631347656
vt 0.120239258 0.6328125
vt 0.124206543 0.617675781
vt 0.112976074 0.725097656
vt 0.114562988 0.716796875
vt 0.105957031 0.717773438
vt 0.104675293 0.708984375
vt 0.0248413086 0.780273438
vt 0.0456542969 0.779296875
vt 0.0432434082 0.758789062
vt 0.0407714844 0.795898438
vt 0.12902832 0.720703125
vt 0.112976074 0.725097656
vt 0.13269043 0.733398438
vt 0.114562988 0.716796875
vt 0.113464355 0.708007812
vt 0.112976074 0.725097656
vt 0.0964355469 0.725585938
vt 0.115844727 0.736816406
vt 0.105957031 0.717773438
vt 0.0964355469 0.725585938
vt 0.0986938477 0.740234375
vt 0.115844727 0.736816406
vt 0.119140625 0.758300781
vt 0.0456542969 0.779296875
vt 0.0407714844 0.795898438
vt 0.059173584 0.803222656
vt 0.0371398926 0.823730469
vt 0.0954589844 0.714355469
vt 0.105957031 0.717773438
vt 0.104675293 0.708984375
vt 0.0934448242 0.703613281
vt 0.0783691406 0.586425781
vt 0.100646973 0.588867188
vt 0.0779418945 0.550292969
vt 0.0855712891 0.6171875
vt 0.100646973 0.588867188
vt 0.0993652344 0.546875
vt 0.0779418945 0.550292969
vt 0.0818481445 0.531738281
vt 0.0993652344 0.546875
vt 0.100219727 0.520996094
vt 0.115905762 0.524414062
vt 0.12286377 0.513671875
vt 0.0993652344 0.546875
vt 0.100219727 0.520996094
vt 0.0728149414 0.522460938
vt 0.0818481445 0.531738281
vt 0.102050781 0.509765625
vt 0.376953125 0.975585938
vt 0.406005859 0.977539062
vt 0.381347656 0.993164062
vt 0.406005859 0.962890625
vt 0.377197266 0.959472656
vt 0.376953125 0.975585938
vt 0.362060547 0.962890625
vt 0.360351562 0.974121094
vt 0.366699219 0.990722656
vt 0.381347656 0.993164062
vt 0.406005859 0.977539062
vt 0.406005859 0.993652344
vt 0.381347656 0.993164062
vt 0.428222656 0.993652344
vt 0.428466797 0.961914062
vt 0.442871094 0.975097656
vt 0.427246094 0.977539062
vt 0.44140625 0.987304688
vt 0.0393676758 0.616210938
vt 0.031829834 0.604980469
vt 0.024017334 0.608886719
vt 0.0252838135 0.595703125
vt 0.118713379 0.588378906
vt 0.102478027 0.6171875
vt 0.124206543 0.617675781
vt 0.10369873 0.631347656
vt 0.466308594 0.917480469
vt 0.492919922 0.91796875
vt 0.475097656 0.90625
vt 0.495117188 0.907714844
vt 0.312744141 0.52734375
vt 0.314208984 0.537109375
vt 0.314941406 0.52734375
vt 0.312744141 0.525390625
vt 0.314697266 0.518066406
vt 0.300048828 0.520507812
vt 0.302001953 0.520507812
vt 0.300537109 0.509277344
vt 0.301269531 0.52734375
vt 0.301513672 0.529296875
vt 0.302978516 0.537597656
vt 0.302734375 0.528808594
vt 0.301269531 0.52734375
vt 0.302001953 0.520507812
vt 0.315917969 0.520507812
vt 0.318359375 0.520507812
vt 0.316162109 0.509277344
vt 0.317871094 0.526855469
vt 0.316894531 0.537597656
vt 0.317626953 0.528808594
vt 0.315917969 0.528320312
vt 0.317871094 0.526855469
vt 0.315917969 0.520507812
vt 0.352539062 0.540527344
vt 0.350341797 0.532714844
vt 0.346191406 0.534179688
vt 0.348876953 0.524902344
vt 0.279296875 0.528808594
vt 0.283203125 0.528808594
vt 0.278564453 0.520996094
vt 0.284179688 0.533203125
vt 0.288330078 0.52734375
vt 0.290283203 0.526855469
vt 0.288574219 0.518066406
vt 0.289794922 0.532226562
vt 0.381347656 0.529296875
vt 0.381591797 0.522949219
vt 0.377929688 0.521972656
vt 0.376708984 0.528320312
vt 0.375976562 0.533691406
vt 0.381103516 0.53515625
vt 0.380126953 0.54296875
vt 0.290283203 0.533691406
vt 0.292236328 0.539550781
vt 0.291503906 0.532714844
vt 0.289794922 0.532226562
vt 0.290283203 0.526855469
vt 0.305419922 0.527832031
vt 0.303466797 0.527832031
vt 0.305419922 0.537597656
vt 0.305419922 0.525390625
vt 0.302734375 0.518554688
vt 0.30859375 0.781738281
vt 0.348632812 0.765136719
vt 0.327880859 0.766113281
vt 0.349121094 0.755371094
vt 0.305175781 0.809082031
vt 0.331542969 0.803710938
vt 0.321289062 0.781738281
vt 0.317871094 0.826171875
vt 0.362548828 0.804199219
vt 0.361816406 0.80859375
vt 0.365722656 0.80859375
vt 0.367675781 0.8125
vt 0.364013672 0.8125
vt 0.367675781 0.8125
vt 0.363769531 0.83203125
vt 0.377685547 0.769042969
vt 0.377685547 0.753417969
vt 0.366943359 0.767578125
vt 0.368896484 0.775878906
vt 0.377685547 0.77734375
vt 0.368408203 0.784179688
vt 0.387207031 0.784179688
vt 0.38671875 0.775878906
vt 0.377685547 0.769042969
vt 0.388427734 0.767578125
vt 0.377685547 0.753417969
vt 0.30859375 0.781738281
vt 0.305175781 0.809082031
vt 0.321289062 0.781738281
vt 0.348632812 0.765136719
vt 0.374511719 0.815429688
vt 0.374755859 0.810058594
vt 0.367675781 0.8125
vt 0.371337891 0.826171875
vt 0.95703125 0.648925781
vt 0.974609375 0.648925781
vt 0.973632812 0.670410156
vt 0.958984375 0.671386719
vt 0.971679688 0.695800781
vt 0.962402344 0.701171875
vt 0.868652344 0.648925781
vt 0.885742188 0.648925781
vt 0.869140625 0.670410156
vt 0.883789062 0.671386719
vt 0.87109375 0.695800781
vt 0.880371094 0.701171875
vt 0.859863281 0.648925781
vt 0.842285156 0.648925781
vt 0.858886719 0.670410156
vt 0.844238281 0.671386719
vt 0.856933594 0.695800781
vt 0.84765625 0.701171875
vt 0.75390625 0.648925781
vt 0.754394531 0.670410156
vt 0.770996094 0.648925781
vt 0.769042969 0.671386719
vt 0.756347656 0.695800781
vt 0.765625 0.701171875
vt 0.495117188 0.907714844
vt 0.492919922 0.91796875
vt 0.475097656 0.90625
vt 0.466308594 0.917480469
vt 0.650390625 0.776855469
vt 0.651367188 0.746582031
vt 0.637695312 0.773925781
vt 0.637695312 0.745117188
vt 0.637695312 0.773925781
vt 0.637695312 0.745117188
vt 0.630371094 0.771484375
vt 0.630371094 0.744140625
vt 0.40625 0.755371094
vt 0.406738281 0.765136719
vt 0.427490234 0.766113281
vt 0.447021484 0.781738281
vt 0.450439453 0.809082031
vt 0.434326172 0.781738281
vt 0.423828125 0.803710938
vt 0.4375 0.826171875
vt 0.389892578 0.80859375
vt 0.393798828 0.80859375
vt 0.393066406 0.804199219
vt 0.387695312 0.8125
vt 0.387695312 0.8125
vt 0.391357422 0.8125
vt 0.391601562 0.83203125
vt 0.447021484 0.781738281
vt 0.434326172 0.781738281
vt 0.450439453 0.809082031
vt 0.406738281 0.765136719
vt 0.381103516 0.815429688
vt 0.387695312 0.8125
vt 0.380615234 0.810058594
vt 0.384277344 0.826171875
vt 0.0780029297 0.949707031
vt 0.0525817871 0.962890625
vt 0.111022949 0.957519531
vt 0.0757446289 0.938964844
vt 0.048614502 0.939453125
vt 0.0428771973 0.94921875
vt 0.0233459473 0.933105469
vt 0.0525817871 0.962890625
vt 0.111022949 0.957519531
vt 0.142578125 0.96484375
vt 0.129760742 0.953613281
vt 0.0780029297 0.949707031
vt 0.111022949 0.957519531
vt 0.138549805 0.946289062
vt 0.0780029297 0.949707031
vt 0.0757446289 0.938964844
vt 0.0428771973 0.94921875
vt 0.0525817871 0.962890625
vt 0.0757446289 0.938964844
vt 0.129760742 0.953613281
vt 0.142578125 0.96484375
vt 0.138549805 0.946289062
vt 0.048614502 0.939453125
vt 0.0233459473 0.933105469
vt 0.0428771973 0.94921875
vt 0.0780029297 0.949707031
vt 0.111022949 0.957519531
vt 0.0525817871 0.962890625
vt 0.0757446289 0.938964844
vt 0.0428771973 0.94921875
vt 0.048614502 0.939453125
vt 0.0525817871 0.962890625
vt 0.0233459473 0.933105469
vt 0.111022949 0.957519531
vt 0.129760742 0.953613281
vt 0.142578125 0.96484375
vt 0.111022949 0.957519531
vt 0.0780029297 0.949707031
vt 0.138549805 0.946289062
vt 0.0780029297 0.949707031
vt 0.0757446289 0.938964844
vt 0.0525817871 0.962890625
vt 0.0428771973 0.94921875
vt 0.0757446289 0.938964844
vt 0.129760742 0.953613281
vt 0.138549805 0.946289062
vt 0.142578125 0.96484375
vt 0.048614502 0.939453125
vt 0.0428771973 0.94921875
vt 0.0233459473 0.933105469
vn -0.0127573749 -0.518044651 0.855258405
vn -0.703305304 -0.45746544 0.544138849
vn -0.139601842 -0.536368012 0.832358479
vn 0.739657998 -0.318762362 0.592702746
vn 0.000345140666 -0.365448058 0.93083173
vn -0.139591619 -0.536375999 0.832355022
vn -0.249784559 -0.268353015 0.930373251
vn -0.703240812 -0.457541555 0.544158161
vn -0.727076471 -0.197547555 0.657521605
vn 0.24957782 -0.269162685 0.930194736
vn 0.000546822615 0.0273578893 0.999625564
vn 0.259185731 0.0297787003 0.96536839
vn 0.000503264426 -0.00276909792 0.999996066
vn 0.282708079 0.0172655843 0.959050655
vn 0.000470787316 0.0549642295 0.998488188
vn 0.747412443 0.0776974112 0.659801245
vn 0.726495087 -0.107082359 0.678776979
vn 0.249566153 -0.269150317 0.93020159
vn 0.139569685 -0.536357641 0.832370639
vn 0.792542338 0.0828591809 0.604161441
vn 0.340836346 0.118400134 0.932637095
vn 0.000510662852 0.0549458675 0.998489261
vn 0.760115743 0.172400862 0.626499772
vn 0.445044607 0.230795071 0.865256548
vn -2.26497632E-05 0.144252807 0.989540875
vn 0.445025861 0.230796888 0.865265667
vn 0.711591184 0.253195226 0.655385554
vn 0.727098823 -0.197555557 0.657494545
vn 0.139604762 -0.536350131 0.832369506
vn 0.96331656 0.0500939973 0.263650894
vn 0.726499498 -0.107058741 0.678775966
vn -0.443605423 0.231787384 0.865730286
vn 2.22907693E-05 0.144252911 0.989540875
vn 0.990846694 0.129853755 0.0368895754
vn 0.747401416 0.0777047649 0.659812927
vn 0.792565644 0.0828284398 0.604135036
vn 0.991084754 0.131110981 0.0236804672
vn 0.760138988 0.172386631 0.626475573
vn 0.987417698 0.156846508 0.02013609
vn 0.98123461 0.188445896 -0.0408259518
vn 0.827330053 0.129620686 -0.546556056
vn 0.990843534 0.129868776 0.0369209871
vn 0.814709961 0.161141336 -0.55702883
vn 0.981231272 0.188461289 -0.0408361703
vn 0.991085589 0.13110669 0.0236699264
vn 0.760125279 0.172407284 0.62648648
vn -0.339807093 0.119220354 0.932908237
vn 0.000465154677 0.0549443774 0.998489261
vn -0.282105178 0.0175763704 0.959222376
vn 0.000524867326 -0.0027582529 0.999996066
vn -0.259234726 0.0293315426 0.965368807
vn 0.000556133687 0.0273716189 0.999625206
vn 0.000336524099 -0.365425915 0.930840373
vn -0.792457342 0.0831716806 0.604229927
vn -0.75973767 0.1735937 0.626628935
vn -0.443587244 0.231766358 0.865745127
vn -0.710859597 0.254650742 0.655615449
vn -0.74763447 0.0773487985 0.659590721
vn -0.726374269 -0.106419899 0.679010451
vn -0.249783114 -0.268353075 0.930373669
vn -0.139569432 -0.536357403 0.832370818
vn -0.727099478 -0.197556108 0.657493651
vn -0.139605746 -0.53635323 0.83236742
vn -0.726384282 -0.106440067 0.678996623
vn -0.963299334 0.050083559 0.263716072
vn -0.990854025 0.129692152 0.0372578651
vn -0.74763757 0.0773048028 0.659592271
vn -0.792456329 0.0831809789 0.604230106
vn -0.991092622 0.1310689 0.0235886294
vn -0.759717464 0.173602134 0.626651108
vn -0.98737818 0.157155737 0.0196573492
vn -0.981139123 0.188878641 -0.0411196612
vn -0.814130902 0.161166087 -0.557867646
vn -0.98114121 0.188862205 -0.0411460251
vn -0.827330053 0.129165769 -0.546663642
vn -0.990852654 0.129702553 0.0372601934
vn -0.758476019 0.212358564 -0.616131425
vn -0.96627897 0.121919215 -0.22680527
vn -0.697956681 0.213999435 -0.683418453
vn -0.981145442 0.188845798 -0.0411201417
vn -0.966277122 -0.235641003 -0.103836007
vn -0.792111218 0.251663923 -0.556080282
vn -0.966284573 -0.235628575 -0.103795089
vn -0.95259732 0.293594718 0.0797537491
vn -0.927353084 -0.373153597 -0.0277967155
vn -0.927369297 -0.373114765 -0.0277769919
vn -0.703301549 -0.457518876 0.544098794
vn -0.660026252 -0.486091644 -0.572782874
vn -0.792098224 0.251664728 -0.556098223
vn 0.584813178 -0.544184506 -0.601545274
vn 0.871938765 -0.48135224 -0.0895700231
vn 0.881736934 -0.0118961195 -0.471591473
vn 0.87194699 -0.481354892 -0.0894758403
vn 1.82501972E-05 0.980988801 0.194064289
vn 0.584856689 -0.544220805 -0.601470232
vn -0.0140650645 0.0267148018 -0.999544084
vn -0.0846565291 -0.48493436 -0.870443523
vn -0.660063386 -0.486072809 -0.572756171
vn -0.792093098 0.251698643 -0.556090176
vn -0.660072505 -0.486075342 -0.572743416
vn -0.662166357 0.170384675 -0.729729295
vn -0.0140739093 0.0267413128 -0.999543309
vn -0.168252796 0.0869499296 -0.981901586
vn -0.000593245029 -0.0533861369 -0.99857378
vn 0.881750345 -0.0118911313 -0.471566439
vn -6.21229483E-05 0.980995476 0.194030583
vn -0.000713203102 -0.0533621535 -0.998574972
vn -0.0847181156 -0.484887987 -0.870463312
vn 0.584832191 -0.544204116 -0.601509035
vn -0.0140415141 0.0267142672 -0.999544442
vn -0.0128062069 -0.518021405 0.855271816
vn -0.180403247 -0.97924757 -0.092351377
vn -0.703250349 -0.457534224 0.544152021
vn 0.750281155 -0.475295007 0.459535331
vn -0.0127124656 -0.518007576 0.855281591
vn -0.927364767 -0.373128295 -0.0277466197
vn -0.660032868 -0.486101955 -0.572766483
vn -0.703268051 -0.457517743 0.544142962
vn -0.0846267343 -0.484906346 -0.87046206
vn -0.180398017 -0.979248941 -0.0923464447
vn 0.584811807 -0.544216096 -0.601518095
vn -0.6600703 -0.486073852 -0.57274729
vn -0.0846740007 -0.484910458 -0.870455086
vn 0.871961772 -0.481327772 -0.0894774646
vn 0.750277758 -0.475325912 0.459509104
vn 0.584846735 -0.544222176 -0.601478457
vn -0.981138885 0.188884512 -0.0411009379
vn -0.710836112 0.254646182 0.655642748
vn -0.759734035 0.173596665 0.626632512
vn -0.270667911 0.297231585 -0.915637672
vn -0.697981358 0.213968992 -0.683402836
vn -0.814144194 0.161123291 -0.557860553
vn -0.990856767 0.129682139 0.0372232981
vn -0.952606499 0.293578327 0.0797037706
vn -0.966291249 -0.235605404 -0.103784978
vn -0.966289222 -0.235603616 -0.103807494
vn -0.966284752 0.121905327 -0.226788148
vn -0.662179828 0.170407012 -0.729711831
vn -0.758488417 0.212372899 -0.616111279
vn -0.952611148 0.293559819 0.0797167122
vn -0.990854859 0.129687682 0.0372524858
vn -0.842561066 -0.538600445 -0.000592395605
vn -0.990865648 0.129604504 0.037256211
vn -0.963291705 0.0501155816 0.263737708
vn -0.842525959 -0.538655519 -0.000544682145
vn -0.842556179 -0.538608253 -0.000557079911
vn -0.96331495 0.0501255877 0.263650924
vn -0.727079153 -0.19756265 0.657514155
vn -0.963320136 0.0501077771 0.263635486
vn -0.726369143 -0.106449865 0.679011166
vn -0.72710222 -0.197536051 0.657496691
vn -0.952610195 0.293562144 0.0797192827
vn -0.703255892 -0.457500458 0.544173121
vn -0.842558384 -0.538604736 -0.00056001707
vn 0.739701629 -0.318751574 0.592654109
vn 0.00034017858 -0.365432978 0.930837512
vn 5.7965517E-06 0.981000423 0.1940054
vn -0.792102337 0.251683772 -0.55608362
vn -0.662226975 0.170453638 -0.729658127
vn -0.966290653 0.12191581 -0.226757407
vn -0.774303615 -0.320059448 0.545908213
vn -0.81547302 -0.019400103 0.578469932
vn -0.401377231 -0.33491537 0.852483511
vn -0.815447569 -0.0194328893 0.578504682
vn -0.423871577 -0.0544160455 0.904086173
vn -0.81881696 -0.0140906889 0.573881567
vn -0.998353839 0.0395352915 0.0415516682
vn -0.999165654 0.0219149124 0.0344634615
vn -0.774307489 -0.320075631 0.545893371
vn -0.954867899 -0.295298308 0.0320361257
vn -0.842479765 0.125873089 -0.523816586
vn -0.837087333 0.0453155115 -0.545189142
vn -0.95487386 -0.295277983 0.0320453495
vn -0.817039073 0.0699100122 -0.572328329
vn -0.999974012 0.00582973752 0.00424963282
vn -0.430377096 -0.0265978388 0.902257264
vn -0.823129475 -0.0397664011 0.566459715
vn 7.15273291E-06 -0.066491574 0.997786999
vn -0.401377231 -0.334901512 0.852488875
vn -0.818914235 0.0626837388 -0.570482314
vn -0.999380827 0.0351621807 0.0012536752
vn -0.420017213 0.0708274022 -0.904748082
vn -0.415196121 0.0576566458 -0.907903016
vn -0.412012875 0.10639175 -0.904945433
vn -0.842487633 0.125884339 -0.523801386
vn -0.404473603 0.171325862 -0.898358822
vn -0.837084949 0.0453129746 -0.545193076
vn -0.397409439 0.0502427109 -0.916264832
vn -0.799956203 -0.291873127 -0.524290085
vn -0.375095248 -0.278571188 -0.884138942
vn 2.05338019E-05 0.0519469231 -0.998649895
vn 2.5391575E-05 0.169875011 -0.985465527
vn -3.50177288E-06 0.070500575 -0.997511744
vn -0.411997914 0.106402539 -0.904950976
vn 5.67868119E-06 0.110131383 -0.993917048
vn -0.404462576 0.171302035 -0.898368359
vn 2.02953815E-05 0.171794981 -0.985132694
vn -9.13441181E-06 0.0496209264 -0.998768032
vn -0.375097156 -0.278582245 -0.884134591
vn 2.40150475E-05 -0.271772951 -0.962361395
vn -0.828724742 0.0865951777 -0.552916408
vn -0.800002038 0.175910652 -0.573630631
vn -0.818899333 0.0626905933 -0.570503116
vn -0.993920445 0.109314412 0.0131296292
vn -0.984055877 0.177373976 0.0131362686
vn -0.799978852 0.17591022 -0.573663116
vn -0.761304736 0.255789846 -0.595807672
vn -0.82441169 -0.00422641123 0.565974891
vn -0.993920803 0.109310366 0.0131365648
vn -0.408772856 -0.0456067584 0.911495924
vn -0.821466148 0.0839268565 0.564047515
vn -0.984057724 0.177363545 0.0131349862
vn -0.795542777 0.177660242 0.579265416
vn -0.801615715 0.204764888 0.561679244
vn -0.389081776 -0.0203479659 0.920978487
vn -0.821482241 0.0839208066 0.564025104
vn 2.26476222E-05 -0.0255509987 0.999673486
vn 1.85742974E-05 -0.0347618461 0.999395609
vn -2.20955371E-05 -0.0153202834 0.999882698
vn 0.408772856 -0.0456067026 0.911495924
vn 0.389081597 -0.0203478802 0.920978546
vn 0.430377245 -0.0265978016 0.902257204
vn 0.82441169 -0.00422645314 0.565974891
vn 0.821482241 0.0839207396 0.564025104
vn 0.823129475 -0.039766375 0.566459656
vn 0.423871577 -0.0544160195 0.904086173
vn 0.401377082 -0.334901482 0.852489054
vn 0.818817079 -0.0140908053 0.573881626
vn 0.815447569 -0.0194329657 0.578504682
vn 0.401377141 -0.33491534 0.852483511
vn 0.999380827 0.0351621546 0.00125363469
vn 0.999974012 0.00582986744 0.00424968125
vn 0.998353839 0.0395351835 0.0415516309
vn 0.993920803 0.109310299 0.0131365648
vn 0.821466088 0.0839265957 0.564047694
vn 0.984057724 0.177363381 0.013135016
vn 0.795542717 0.177660212 0.579265594
vn 0.801615298 0.204764992 0.56167978
vn 0.999165654 0.0219149012 0.0344634689
vn 0.77430743 -0.320075661 0.54589349
vn 0.954867899 -0.295298368 0.0320362151
vn 0.842479765 0.125872925 -0.523816586
vn 0.837087333 0.0453152806 -0.545189202
vn 0.95487386 -0.295277894 0.032045465
vn 0.817039132 0.0699100718 -0.57232821
vn 0.818914235 0.062683709 -0.570482373
vn 0.420017213 0.0708273649 -0.904748082
vn 0.415193081 0.0576931424 -0.907902122
vn 0.412012875 0.106391743 -0.904945433
vn 0.842487514 0.125884444 -0.523801386
vn 0.404473603 0.171325728 -0.898358822
vn 0.837084949 0.0453130193 -0.545193136
vn 0.397409499 0.0502427518 -0.916264832
vn 0.799956262 -0.291873127 -0.524290025
vn 0.375095397 -0.278571278 -0.884138882
vn -2.05412525E-05 0.0519468822 -0.998649895
vn -2.54400056E-05 0.169874951 -0.985465527
vn 3.50922323E-06 0.0705004856 -0.997511744
vn 0.411997944 0.106402546 -0.904950917
vn -5.69224312E-06 0.110131338 -0.993917048
vn 0.404462636 0.171302125 -0.898368239
vn -2.03102809E-05 0.171794906 -0.985132694
vn 9.11950974E-06 0.049620904 -0.998768032
vn 0.375097156 -0.278582335 -0.884134591
vn -2.40057707E-05 -0.271772921 -0.962361395
vn 0.828724742 0.0865953192 -0.552916408
vn 0.800001979 0.175910771 -0.573630869
vn 0.818899333 0.0626907051 -0.570503056
vn 0.993920445 0.109314539 0.0131297987
vn 0.984056115 0.177372009 0.0131415408
vn 0.799978971 0.175910145 -0.573663116
vn 0.761304736 0.255789727 -0.595807672
vn -2.03847885E-05 -0.364211857 0.931316197
vn -0.40134114 -0.334936112 0.852492332
vn 2.14576721E-06 -0.0665142536 0.997785449
vn -0.799957991 -0.291836858 -0.524307728
vn -0.954868197 -0.295298338 0.0320223533
vn -0.401338011 -0.334916472 0.852501512
vn 1.66893005E-05 -0.99878639 0.0492513441
vn -0.774311185 -0.32003504 0.545911908
vn -3.48091089E-05 -0.364212215 0.931315958
vn -0.401300043 -0.334927112 0.852515101
vn -0.375026286 -0.278537631 -0.884178758
vn 3.72901595E-05 -0.271733522 -0.962372541
vn -0.799979806 -0.291840076 -0.524272621
vn -0.375140488 -0.278606981 -0.884108484
vn -0.954874754 -0.295275152 0.0320446491
vn -0.799994349 -0.29184106 -0.524249852
vn -0.774315 -0.320070654 0.545885503
vn -0.76133734 0.255763829 -0.595777094
vn -0.981184363 0.193036512 0.00377639756
vn -0.984051585 0.177397519 0.0131343603
vn -0.376565218 0.176469982 -0.909426749
vn -0.33408919 0.309079111 -0.890423715
vn -0.761318624 0.255755275 -0.595804751
vn 2.34791096E-05 0.169889018 -0.985463262
vn -0.415179461 0.0576707087 -0.907909811
vn -0.33407259 0.309092373 -0.890425444
vn -4.88758087E-06 0.31053856 -0.950560808
vn -0.376562476 0.176454931 -0.909430802
vn -0.799981356 0.175921127 -0.573656321
vn -0.761319995 0.255753696 -0.595803618
vn -0.984057128 0.177366138 0.0131397238
vn -0.981182516 0.193046138 0.00375968218
vn -0.80162257 0.204783469 0.561662793
vn 0.501042187 -0.611537755 -0.612354875
vn 0.869323909 0.0466404893 -0.492037117
vn -1.82688236E-05 -0.78811872 -0.615523219
vn 0.994044006 0.108664669 0.00827842578
vn 0.501035035 -0.611529827 -0.612368464
vn 0.870132029 0.491939366 0.0294282921
vn 0.673759997 0.551387489 -0.491954446
vn 0.673731983 0.551406145 -0.49197197
vn 1.83135253E-05 -0.389561802 -0.921000302
vn 0.870119512 0.491960347 0.0294477325
vn -6.54626638E-06 0.999975085 -0.00706818746
vn 0.40093559 0.21165514 0.891320705
vn 7.09295227E-06 0.488315195 0.872667313
vn -0.400895268 0.211656168 0.891338646
vn 2.88784522E-05 -0.788120151 -0.61552155
vn 3.82214785E-06 -0.389539331 -0.921009898
vn -0.869285166 0.0466370024 -0.492105901
vn 4.5999881E-05 -0.389517128 -0.921019197
vn 2.56225467E-05 0.837662101 -0.546188772
vn -0.673738778 0.551384091 -0.491987556
vn -1.23679647E-05 0.999975443 -0.00701298704
vn -0.67377001 0.551397145 -0.491929948
vn -5.73694797E-06 0.837648749 -0.546209395
vn 0.67377007 0.551397145 -0.491929859
vn 1.23586515E-05 0.999975443 -0.00701300008
vn 0.673738778 0.551383972 -0.491987497
vn -4.56646048E-05 -0.389517218 -0.921019197
vn -5.75929953E-05 0.488314599 0.87266767
vn 0.400956601 0.211659715 0.891310215
vn -0.0531864166 -0.473560542 0.879153907
vn 5.79655134E-05 0.488314837 0.872667611
vn -0.0531538427 -0.473584205 0.879143119
vn -0.400956601 0.211659789 0.891310215
vn 0.541269064 -0.214046672 0.813149333
vn -0.21272409 -0.799006879 0.562437892
vn -0.505498648 -0.818213105 0.273858368
vn -0.0531703494 -0.473585725 0.879141271
vn 0.541265309 -0.213970199 0.813171983
vn 0.400978416 0.21156691 0.891322434
vn -0.053159073 -0.473567069 0.87915206
vn -0.505495667 -0.818198323 0.27390793
vn 0.641923666 -0.763086379 0.0750532821
vn 0.693768322 -0.548312247 -0.466946751
vn 0.501000702 -0.611560285 -0.61236614
vn 0.0422193743 -0.771776438 -0.634490788
vn 0.501057029 -0.611545742 -0.612334669
vn -1.17770405E-05 -0.824668288 -0.565616786
vn 0.0422404222 -0.771796703 -0.63446492
vn 0.693776608 -0.548251033 -0.467006207
vn -0.505466044 -0.8182199 0.273898363
vn -0.741913676 -0.517472804 -0.426363647
vn 0.042267222 -0.771778226 -0.634485483
vn -0.501057029 -0.611575663 -0.612304807
vn 0.0422524102 -0.771782935 -0.634480834
vn 1.17570162E-05 -0.824668288 -0.565616786
vn -0.501057088 -0.611545742 -0.612334549
vn -0.741899908 -0.517491996 -0.426364481
vn 0.641896367 -0.763107419 0.0750737786
vn -0.501034617 -0.611529887 -0.612368822
vn -0.869304478 0.0466671772 -0.492069006
vn -0.994044006 0.108664595 0.00827795267
vn 0.400895417 0.211655974 0.891338646
vn -7.29784415E-06 0.488315403 0.872667253
vn 6.46710441E-06 0.999975085 -0.00706796395
vn -0.870119512 0.491960168 0.0294475835
vn -0.400935709 0.211655095 0.891320705
vn -0.67376405 0.551389396 -0.491946816
vn -0.869310021 0.0466748998 -0.492058516
vn -0.87013185 0.491939425 0.0294287987
vn -1.84290129E-05 -0.389561743 -0.921000421
vn 1.8656252E-05 -0.78811866 -0.615523338
vn -0.501041889 -0.611537635 -0.612355113
vn -0.212672368 -0.799011707 0.562450826
vn 0.541291237 -0.213979378 0.813152254
vn 0.693764746 -0.548289418 -0.466978788
vn 0.541266084 -0.214080498 0.813142419
vn 0.994044721 0.108658537 0.00827032235
vn 0.693749249 -0.548304379 -0.466984242
vn 0.99404645 0.108642042 0.00827315357
vn 0.501051962 -0.611574352 -0.612310171
vn 0.870105982 0.491987169 0.0294000842
vn 0.869303823 0.0466662496 -0.492070138
vn 0.400945604 0.211598173 0.891329825
vn 0.541269958 -0.213962063 0.813171029
vn -0.212669745 -0.798999429 0.562469125
vn 0.693756163 -0.548273504 -0.467010319
vn -0.505493999 -0.818219364 0.273848474
vn -0.505475104 -0.818226039 0.273863286
vn 0.0422195978 -0.77177459 -0.634493053
vn 0.641883075 -0.763116777 0.0750915334
vn -0.64208436 -0.281107306 0.713236511
vn 0.198433265 -0.912891269 0.356726497
vn -0.741928756 -0.517429471 -0.426390022
vn 0.501050889 -0.611543119 -0.612342238
vn 8.79168419E-06 -0.788130105 -0.615508556
vn 2.09808331E-05 -0.82468617 -0.565590501
vn -2.06604582E-05 -0.82468617 -0.56559056
vn -8.55326562E-06 -0.788130105 -0.615508556
vn -0.50105083 -0.611543238 -0.612342179
vn 0.869285107 0.0466369092 -0.49210608
vn -4.26173165E-06 -0.38953945 -0.921009839
vn -2.8938055E-05 -0.788120151 -0.615521491
vn 0.641937375 -0.763080478 0.0749968663
vn 0.198417947 -0.912917376 0.356667966
vn -0.642089784 -0.281032354 0.713261187
vn -0.741906047 -0.517445922 -0.426409632
vn 0.198369384 -0.912923336 0.356679857
vn 0.641936183 -0.763081074 0.0750027671
vn 0.992916822 -0.0521345474 0.106762372
vn 0.841264367 -0.150563478 0.519234836
vn 0.890258431 -0.305349022 0.337937593
vn 0.890243888 -0.305376619 0.337951154
vn 0.581114709 -0.0924617276 0.808552086
vn 0.583753526 0.189220786 0.789574087
vn -1.93342544E-06 0.51266551 0.858588398
vn 1.76876783E-05 0.471775562 0.881718695
vn 0.258543104 0.505286038 0.823311329
vn 0.510869026 0.770982802 -0.380261004
vn 7.1004024E-06 0.756341636 -0.654176831
vn 0.22964175 0.745505333 -0.625688732
vn 5.58048396E-06 0.75634253 -0.654175699
vn 1.89393741E-05 0.701256931 -0.712908685
vn 0.229640052 0.745518506 -0.625673592
vn 0.259560317 0.965652645 0.0119747231
vn 0.329699099 0.735257804 0.592194557
vn 0.351587504 0.924218297 -0.149019167
vn 0.377788395 0.599713802 0.705421388
vn 0.383537471 0.772269189 0.506457508
vn 0.329724878 0.735249102 0.592191041
vn 0.377803177 0.599706948 0.705419242
vn 0.351580709 0.924223065 -0.14900583
vn 0.583746672 0.189263865 0.789568901
vn 0.448634565 0.239201576 0.861109555
vn 0.367730111 0.635460436 -0.678943813
vn 0.337432981 0.502269745 -0.79615581
vn 0.430487275 0.168978527 -0.886637986
vn 0.162090287 0.406496227 -0.899159312
vn 0.229651153 0.745520055 -0.625667751
vn 0.333074808 -0.0565401539 -0.941203713
vn 0.229637578 0.745515883 -0.625677764
vn -2.96649523E-06 0.701245844 -0.712919593
vn 0.337428629 0.502263844 -0.796161294
vn 0.333100647 -0.0565503091 -0.941193998
vn 0.430494934 0.168966338 -0.886636615
vn 0.329739779 0.735255837 0.59217447
vn 0.583750308 0.189248934 0.789569795
vn 0.377766937 0.599719942 0.705427647
vn 0.581107259 -0.0924764499 0.808555782
vn 0.448613077 0.239182428 0.861126065
vn 0.259523481 0.965662539 0.0119723128
vn 0.351604015 0.924213707 -0.149008915
vn 0.367725134 0.635477662 -0.678930402
vn 0.337395459 0.50226897 -0.796172202
vn 0.229647547 0.745501578 -0.625691175
vn 0.488325775 0.871618152 0.0426585972
vn 0.510851741 0.771001637 -0.380245924
vn 0.351605564 0.924217939 -0.148978814
vn 0.337429792 0.502268016 -0.796158314
vn 0.367738634 0.635450482 -0.678948402
vn 3.24845269E-06 -0.112066239 -0.993700743
vn 0.327147156 -0.111334287 -0.938391924
vn -3.20374943E-06 -0.244363815 -0.969683647
vn 0.737331986 -0.0658590123 -0.672312617
vn 0.693856955 -0.290034533 -0.659122348
vn 0.69384563 -0.290024132 -0.659139097
vn 0.981843174 -0.188140363 -0.0242301449
vn 0.961773872 -0.266434491 -0.0632748902
vn 0.999751985 0.0106774298 0.019542424
vn 0.981841326 -0.188149795 -0.0242343564
vn 0.819184005 -0.0672758967 0.569571316
vn 0.815352857 -0.103191622 0.569693923
vn 0.803632855 0.0133210672 0.594976366
vn 0.448824972 -0.0329368301 0.893012524
vn 0.417903006 0.0089947246 0.908447146
vn -8.57864416E-06 -0.0202340651 0.999795258
vn 0.458815038 -0.015882723 0.888389885
vn 0.417875856 0.00897655543 0.908459842
vn -1.48661775E-05 0.0196264293 0.999807417
vn 0.819164872 -0.0672481284 0.569602072
vn 0.458833933 -0.0159074068 0.888379633
vn 0.815338194 -0.103175804 0.569717705
vn 0.409432501 -0.047004994 0.911128819
vn -0.417887896 0.00898105651 0.90845418
vn 8.61287208E-06 -0.0202341452 0.999795258
vn -0.448825389 -0.0329367891 0.893012285
vn -0.80364877 0.0133368066 0.594954431
vn -0.458815157 -0.0159112215 0.888389289
vn -0.819179177 -0.0672451258 0.569581807
vn -0.999752462 0.0106842946 0.0195173174
vn -0.815338194 -0.103175752 0.569717705
vn -0.409432262 -0.0470052361 0.911128879
vn -0.981841326 -0.18814978 -0.0242339149
vn -0.815352738 -0.103191607 0.569694281
vn -0.737314224 -0.0658440813 -0.672333539
vn -0.981843174 -0.188140407 -0.0242292844
vn -0.693846166 -0.290024161 -0.659138501
vn -0.961773872 -0.266434759 -0.0632741898
vn -0.327147573 -0.111334428 -0.938391805
vn -0.693857253 -0.290034771 -0.659122169
vn -0.841241181 -0.150553092 0.519275546
vn -0.581127226 -0.0924672931 0.80854249
vn -0.815350413 -0.103216387 0.569692969
vn -0.961782217 -0.266406804 -0.0632642657
vn -0.992917657 -0.0521315597 0.106755957
vn -0.448635846 0.239168376 0.861118019
vn -0.273454845 0.263599753 0.925060928
vn -0.238853574 0.506286383 0.828627229
vn -0.981847227 -0.188121229 -0.0242150314
vn -0.961777389 -0.266424656 -0.0632615983
vn -0.841252327 -0.150569171 0.519252717
vn -0.800010085 -0.202945068 -0.564621329
vn -0.961782992 -0.266401708 -0.0632725656
vn -0.598948181 -0.37670967 -0.706647575
vn -0.693831503 -0.290032923 -0.659150064
vn -0.276740313 0.00775881112 0.96091342
vn -5.77419905E-06 -0.0547573902 0.998499632
vn -1.35600549E-05 0.0237049814 0.999718964
vn -0.273457676 0.263615251 0.925055623
vn -0.409458339 -0.0469992943 0.911117435
vn -2.07186695E-05 0.0129674645 0.999915957
vn -0.458836317 -0.0159196984 0.888378084
vn 1.28746033E-05 -0.0202416647 0.999795139
vn -0.238857821 0.506297886 0.828619003
vn -1.99079495E-05 0.512687802 0.858575046
vn -0.258556813 0.505284727 0.823307753
vn 0.273456603 0.263624758 0.925053179
vn 1.69351679E-05 0.287827611 0.957682252
vn 1.9537285E-05 0.0237164628 0.999718726
vn 0.276740283 0.00775882509 0.96091342
vn 0.273457795 0.263615191 0.925055623
vn 5.92134757E-06 -0.0547573157 0.998499632
vn 0.238857806 0.506297886 0.828619003
vn 2.70083547E-07 0.512695968 0.858570218
vn 0.258556783 0.505284727 0.823307872
vn -1.68547249E-05 0.287827581 0.957682252
vn -0.273456573 0.263624817 0.925053179
vn -1.94981694E-05 0.0237164609 0.999718726
vn 2.07126141E-05 0.0129674682 0.999915957
vn 0.40945825 -0.0469993763 0.911117435
vn 0.458836317 -0.0159197878 0.888378084
vn -1.28895053E-05 -0.020241648 0.999795139
vn 0.841241241 -0.150553226 0.519275427
vn 0.581127286 -0.0924672559 0.80854249
vn 0.815350354 -0.103216246 0.569693148
vn 0.961782217 -0.266406924 -0.0632641092
vn 0.992917657 -0.0521315783 0.106755964
vn 0.448635846 0.239168361 0.861118138
vn 0.273454875 0.263599813 0.925060809
vn 0.238853991 0.50628686 0.828626871
vn 0.961777389 -0.266424686 -0.0632613227
vn 0.981847346 -0.188121244 -0.024214806
vn 0.841252327 -0.150569171 0.519252717
vn 0.800009906 -0.202945247 -0.564621329
vn 0.961782992 -0.266401798 -0.0632725507
vn 0.598948121 -0.376709729 -0.706647635
vn 0.693831325 -0.290033013 -0.659150183
vn 0.258566439 0.505290031 0.823301554
vn -4.78934962E-05 0.47176972 0.881721854
vn 1.17868203E-05 -0.0794168264 0.99684155
vn 0.976497293 0.201148123 0.0774107799
vn 0.763710856 -0.514838934 0.389469594
vn 0.98039639 -0.161587134 0.112749778
vn 0.763700962 -0.514842391 0.389484614
vn 0.585077047 0.0251739677 0.810586989
vn -5.16921318E-05 -0.909244776 0.416261941
vn 0.585076988 0.02516477 0.810587287
vn -1.98557991E-05 -0.0794212073 0.996841192
vn 0.258570492 0.505276561 0.823308527
vn 0.38352716 0.772265017 0.506471753
vn 0.238876536 0.506303012 0.82861048
vn 0.618237555 0.634375274 0.464058548
vn 0.976498544 0.201130956 0.0774398744
vn 0.585070729 0.0251879543 0.810591042
vn 0.258560836 0.50529182 0.823302209
vn -0.585052192 0.0251195356 0.81060648
vn 2.37524491E-05 -0.909259558 0.416229457
vn -0.258570492 0.505276501 0.823308587
vn -0.585054338 0.0251186602 0.81060499
vn -0.763636887 -0.515208781 0.389125407
vn -0.38352716 0.772265017 0.506471753
vn -0.238876507 0.506302953 0.82861048
vn -0.618237674 0.634375274 0.464058548
vn -0.258559108 0.505291641 0.823302746
vn -0.585073292 0.0251456406 0.810590506
vn -0.976528347 0.201020896 0.0773499906
vn -1.29211685E-05 0.0902097151 -0.995922804
vn 1.12950793E-05 0.452459455 -0.891784966
vn 0.615221918 0.0682873651 -0.785390854
vn -1.62869674E-05 0.452503085 -0.891762733
vn 0.782398462 0.326441228 -0.53036654
vn 0.61520505 0.0682509243 -0.785407245
vn 0.615211427 0.0682284683 -0.785404205
vn 0.875969052 0.0278073456 -0.481565267
vn 0.782414675 0.326420158 -0.530355632
vn 0.976493001 0.201175615 0.0773939267
vn 0.980395734 -0.161598116 0.112740114
vn 0.875971675 0.0278009176 -0.481560558
vn 0.976487875 0.201188415 0.0774247199
vn 0.585080922 0.0251458138 0.810585022
vn 0.763700783 -0.514855742 0.38946709
vn 0.792827845 -0.0692144483 0.605502546
vn 0.738398552 -0.0839099661 0.669123709
vn -0.422862768 -0.186517447 0.886790991
vn 0.90657872 -0.171663404 0.385547519
vn 0.998613119 -0.0504552573 -0.0150388489
vn 0.978175938 -0.205340132 -0.0317372866
vn 0.228893444 -0.201390207 0.952391565
vn 0.716910481 -0.342227608 0.607387602
vn 0.987976253 0.134581223 -0.0760976076
vn 0.792833269 -0.0692494288 0.605491519
vn 0.99579215 0.00111490476 -0.091632776
vn -0.422855198 -0.186551034 0.886787593
vn 0.219707087 -0.438235134 0.871595502
vn 0.99579668 0.00105050218 -0.0915859416
vn 0.738401055 -0.0839386582 0.66911751
vn 0.979332089 -0.177426219 -0.0971008316
vn 0.734874606 -0.145561621 0.66239804
vn 0.993907392 -0.0744153857 -0.0813053921
vn 0.78044194 -0.00490576029 0.625209033
vn 0.848189533 0.348629624 0.398787975
vn 0.734903455 -0.145504713 0.66237843
vn -0.39557761 -0.134072766 0.908593953
vn -0.395564228 -0.134183392 0.908583403
vn -0.39747557 -0.105408907 0.911538422
vn -0.477876991 0.0243199095 0.878090024
vn -0.215614647 0.604682148 0.766726792
vn -0.422857761 -0.186557055 0.88678503
vn -0.397493809 -0.105387814 0.911532819
vn -0.998231351 0.010252893 0.0585580133
vn 0.738397717 -0.0838748589 0.669129074
vn -0.422856361 -0.186513871 0.886794806
vn 0.734876692 -0.145517692 0.662405312
vn 0.789137721 0.17462872 0.588868797
vn 0.720596671 0.0109056719 0.693268657
vn -0.1233778 -0.064960368 0.990231335
vn -0.99448365 -0.101158522 0.0277333837
vn -0.533801258 -0.0365141854 -0.844821274
vn 9.19401573E-05 -0.998378038 0.0569319986
vn 0.665758967 -0.0505139902 -0.744455099
vn 0.68532604 0.0454524793 -0.726816654
vn -0.58752799 -0.0231739432 -0.808871925
vn -0.533830047 -0.0365689732 -0.844800651
vn -0.994485438 -0.101144426 0.0277201943
vn -0.988694847 -0.144431174 0.040275868
vn 0.649061143 -0.00791514013 -0.7606951
vn 0.617462277 0.145737559 -0.772981822
vn 0.998610497 -0.0505068041 -0.0150336139
vn -0.591914475 0.0538134649 -0.804202318
vn -0.587555587 -0.0231195074 -0.808853447
vn -0.58753705 -0.0231188815 -0.808866858
vn -0.988688529 -0.144473895 0.0402787104
vn 0.987971365 0.134619787 -0.0760922432
vn 0.593194008 0.231950536 -0.77092135
vn 0.577894211 -0.182625979 -0.795415699
vn 0.979323387 -0.177461788 -0.0971239433
vn 0.597899079 -0.12214455 -0.79221046
vn 0.995793104 0.00105664867 -0.0916239023
vn 0.738412559 -0.0839051083 0.669108987
vn 0.581718206 0.0448055118 -0.812155426
vn 0.995797157 0.00107418001 -0.091579631
vn 0.57790041 -0.182670668 -0.795400798
vn 0.57790035 -0.182642087 -0.795407534
vn -0.543599188 0.0205329359 -0.839093745
vn -0.605180919 0.164512217 -0.7789042
vn -0.998232841 0.010292016 0.0585250668
vn -0.543618083 0.0205485113 -0.839081168
vn -0.60517931 0.164492086 -0.778909743
vn -0.479522437 -0.208395988 -0.852425516
vn -0.99273622 -0.06950441 0.0982045084
vn -0.99823159 0.0102834413 0.0585493036
vn 0.593186319 0.231947914 -0.770928085
vn -0.605157793 0.164511606 -0.77892226
vn 0.617472887 0.145754188 -0.772970259
vn -0.998232305 0.0102664093 0.0585391968
vn -0.643997014 0.0987641066 -0.758625984
vn -0.994737208 -0.101233363 -0.0157979056
vn -0.605172336 0.164498702 -0.778913736
vn 0.617469609 0.145788059 -0.772966504
vn -0.994736254 -0.101235323 -0.0158430617
vn 0.649061561 -0.00793494284 -0.760694504
vn -0.982007444 -0.158365354 0.102868497
vn -0.591903746 0.0537716337 -0.804212987
vn -0.988692045 -0.144446939 0.0402884558
vn 0.978176713 -0.205336958 -0.031733986
vn 0.665759563 -0.0504899435 -0.744456112
vn 0.991986513 -0.125084907 -0.0177930295
vn 0.997187674 0.0727758333 -0.017897835
vn 0.686729729 -0.197486654 0.699572325
vn 0.99718982 0.0727492496 -0.0178916771
vn 0.68534857 0.0454282314 -0.726796865
vn 0.703272164 0.077228725 -0.706713498
vn -0.539449871 -0.238416076 -0.807559073
vn 0.388695359 0.0974934623 -0.916193664
vn 0.685336888 0.0454799235 -0.726804554
vn -0.53946805 -0.238401607 -0.807551146
vn -0.533835292 -0.0365679823 -0.844797373
vn 0.90658015 -0.171662033 0.385544628
vn 0.716908216 -0.342242122 0.607382119
vn 0.991986632 -0.125086308 -0.0177724827
vn 0.720600724 0.0109289587 0.693264186
vn 0.997188151 0.0727648586 -0.0179179013
vn 0.789139926 0.174655437 0.58885783
vn 0.984101474 0.169255495 -0.0538218357
vn 0.79294014 0.108191371 0.599616945
vn 0.994913101 0.0758002326 0.066350013
vn 0.783846021 -0.144393161 0.603933811
vn 0.993723929 -0.110170849 -0.019367883
vn 0.984099627 0.169269383 -0.0538127124
vn 0.703255355 0.0771882981 -0.706734657
vn 0.37624225 0.148769781 0.914499521
vn 0.412749439 0.0994158462 0.905402839
vn -0.123361163 -0.0649597794 0.990233421
vn -0.304898441 -0.589369655 0.748117924
vn 0.388659716 0.0974851027 -0.916209698
vn 0.984100461 0.169267267 -0.0538045578
vn 0.749570012 0.102141775 -0.653996825
vn 0.741488039 -0.0160328504 -0.6707744
vn 0.993722737 -0.110180907 -0.0193715692
vn 0.749563932 0.102154106 -0.654001832
vn 0.332395732 0.0721795857 -0.940373957
vn 0.23113364 0.210312724 -0.949918866
vn 0.388664484 0.0974872485 -0.916207492
vn 0.231117189 0.210315824 -0.949922204
vn -4.20212746E-06 0.206142336 -0.978522003
vn -6.14672854E-06 0.0872720182 -0.996184528
vn 0.332363486 0.0721906051 -0.940384507
vn 0.219691306 -0.438250512 0.871591747
vn -0.422842592 -0.186538726 0.886796117
vn -0.678193927 -0.356703579 0.642507136
vn -0.678167224 -0.356672347 0.642552793
vn -0.689360738 -0.142308578 0.710302889
vn 0.720593989 0.0108902082 0.693271756
vn 0.686742425 -0.197469622 0.699564576
vn -0.385975808 -0.131050691 0.913152993
vn -0.457354814 -0.267246157 0.848178148
vn -0.994481087 -0.101184808 0.027732823
vn -0.304848105 -0.589415669 0.748102188
vn 1.00582838E-06 -0.998377442 0.05694291
vn 1.0251998E-05 -0.6185866 0.785716593
vn -0.304905266 -0.589396656 0.748093843
vn -0.385977924 -0.131075054 0.913148522
vn 0.720596492 0.0109376023 0.693268299
vn -0.994482636 -0.101174004 0.027716985
vn -0.457375526 -0.267278284 0.84815675
vn -0.988690495 -0.144459784 0.0402785949
vn -0.435090303 -0.349916846 0.829611123
vn 0.376241446 0.148761675 0.914501131
vn -0.304842561 -0.589416504 0.748103797
vn -1.4901163E-05 -0.61857301 0.785727382
vn -0.994734764 -0.101253703 -0.0158274807
vn -0.982011199 -0.158338085 0.102873772
vn -0.678176343 -0.356660455 0.642549813
vn 0.0244626347 0.963328063 0.267208725
vn 0.0907583013 0.885287702 0.456101567
vn 0.696399868 0.698248327 0.165760353
vn 0.0244786143 0.963338733 0.267169058
vn 0.551703095 0.772608042 0.314166486
vn 0.0660761222 0.853579998 0.516754329
vn 0.551677108 0.772629619 0.314159065
vn -0.535023034 0.770151138 0.34730047
vn -0.329290777 -0.909891188 0.252320468
vn 0.0244444925 0.9633376 0.267176241
vn 0.0660765246 0.853604853 0.516713202
vn 0.342838973 -0.911760807 0.226171538
vn 0.0730143785 -0.912011385 0.403613687
vn -0.00176033366 -0.999933004 -0.0114399707
vn 0.604519844 -0.790681779 -0.0968403071
vn 0.30409199 -0.777893245 -0.549918234
vn -0.00176073529 -0.999933243 -0.0114179282
vn -0 -1 0
vn -0.675487697 -0.731626451 -0.0918651447
vn 0.862965047 0.467146903 0.192523077
vn 0.592321992 -0.80454731 -0.0431060791
vn 0.696404755 0.698235273 0.16579482
vn 0.592309773 -0.80455476 -0.0431360863
vn 0.455662817 -0.890091181 0.0104482574
vn 0.696388721 0.698264718 0.165737942
vn 0.455675572 -0.890084445 0.0104598906
vn 0.551699758 0.772603333 0.314183682
vn -0.614375949 -0.788445413 -0.0299354326
vn -0.868095815 0.471871048 0.154101595
vn -0.752212286 0.644480467 0.137192056
vn -0.98604995 0.149585143 -0.0730042085
vn -0.98114109 0.059907794 -0.183775306
vn -0.595103264 0.0560927689 -0.801689267
vn -0.994282722 -0.0509434268 0.0938435793
vn -0.543317437 -0.138791233 -0.827975333
vn -0.982684553 -0.161253273 0.0912605599
vn -0.479525447 -0.208446711 -0.852411389
vn -0.992733121 -0.0695423931 0.0982078612
vn -0.541954637 0.0977463871 -0.834704041
vn 0.564333498 0.0735820979 -0.822261155
vn -0.595082104 0.0561044179 -0.801704228
vn -0.329266012 -0.909890175 0.252356291
vn -0.557779193 -0.829971075 -0.00551236328
vn -0.535062492 0.770111978 0.347326338
vn -0.752207756 0.644482851 0.137205377
vn 0.0244863909 0.963333607 0.267186552
vn 0.0907742158 0.885285437 0.456102937
vn -0.557803214 -0.829954743 -0.00554147689
vn -0.614369214 -0.788452923 -0.0298716594
vn -0.752190828 0.644507647 0.137181535
vn -0.535068989 0.770119309 0.347300112
vn 0.455602109 -0.890120983 0.0105483513
vn 0.342854053 -0.911742508 0.226222575
vn 0.551687419 0.772625625 0.314150631
vn -0.868103862 0.471860826 0.154087603
vn -0.6143893 -0.788433552 -0.0299712643
vn -0.981140494 0.0599011965 -0.183780417
vn -0.614380419 -0.788442731 -0.0299121719
vn -0.675465524 -0.731654644 -0.0918030292
vn -0.981140971 0.0598996468 -0.183778584
vn -0.614367366 -0.78845191 -0.0299395043
vn -0 -1 0
vn -0.67549932 -0.731626451 -0.0917793214
vn 0.862967253 0.467134565 0.192542806
vn 0.987588823 0.0795405507 -0.135430917
vn 0.59231168 -0.80455488 -0.0431069136
vn 0.987589538 0.0795645863 -0.135412365
vn 0.604538023 -0.790677667 -0.0967604965
vn 0.592313588 -0.804548442 -0.0432020016
vn 0.862944663 0.467181116 0.192531303
vn 0.848194659 0.348617524 0.398787826
vn -0.986051917 0.149574816 -0.0729991868
vn -0.595077693 0.0560538843 -0.801710963
vn -0.54333818 -0.138739794 -0.827970326
vn -0.276425183 -0.661408186 -0.697228909
vn 0.304108143 -0.777880013 -0.549928248
vn -0.541942775 0.0977561697 -0.834710598
vn 0.304141879 -0.777874529 -0.54991734
vn 0.564334631 0.0735953674 -0.822259128
vn -0.541971087 0.0976957455 -0.834699214
vn 0.987588942 0.0795789436 -0.135407522
vn 0.608757377 0.0621521473 -0.790918171
vn 0.304109097 -0.777889132 -0.549914598
vn 0.60450393 -0.79069221 -0.0968541875
vn 0.987589061 0.0795784295 -0.135407507
vn 0.983951211 0.134055421 -0.117767006
vn 0.848191082 0.348626643 0.398787469
vn 0.993913591 -0.0743529797 -0.0812852159
vn -0.675483227 -0.731635809 -0.0918215886
vn -0.276371747 -0.661411405 -0.697247207
vn -0.981143832 0.0598967224 -0.183764234
vn -0.868089974 0.471870452 0.15413633
vn -0.981143475 0.0599012524 -0.183764458
vn -0.986047626 0.149597675 -0.0730113909
vn 0.0907504708 0.885302603 0.456074148
vn -0.752220571 0.644474685 0.137173563
vn -0.215604454 0.604708016 0.766709149
vn 0.0907335356 0.885289013 0.456103921
vn 0.848203182 0.348623008 0.398764819
vn 0.780432999 -0.0049470365 0.625219822
vn -0.329266012 -0.90988034 0.252391756
vn 0.0660289153 0.853587031 0.516748786
vn 0.0729726925 -0.911989212 0.403671592
vn -0.844933569 -0.534191728 -0.0269500595
vn -0.517589986 -0.332623988 -0.788328528
vn -0.781696439 -0.622810185 -0.0325302333
vn 0.369493008 0.396704882 -0.840297639
vn 0.550559819 0.340536296 -0.762180328
vn -0.330471277 -0.362294346 -0.871511102
vn 0.727276802 0.683547139 -0.0618995056
vn 0.85293293 0.52059716 0.0385238864
vn 0.615604579 0.232849479 -0.752869248
vn 0.913794398 0.405347258 0.0259507578
vn 0.656099021 0.346183389 -0.670590222
vn 0.863384664 0.504538894 0.00275291153
vn 0.807285845 0.590147138 -0.00399841415
vn 0.687557101 0.538990498 -0.486574143
vn 0.655503511 0.224928364 -0.720917642
vn 0.137145594 0.0520792268 -0.989180863
vn 0.687555194 0.538975894 -0.486593068
vn 0.137169152 0.0521050766 -0.989176214
vn 0.687551379 0.538979471 -0.486594588
vn -0.34737125 -0.42686516 -0.834936738
vn -0.636927843 -0.451962888 -0.624541819
vn -0.63691467 -0.452015966 -0.624516904
vn -0.227971286 -0.311820209 -0.922386706
vn 0.655510128 0.224895135 -0.720921993
vn -0.347360075 -0.42689684 -0.834925234
vn -0.773958087 -0.632813454 0.0231522918
vn -0.227962762 -0.311832756 -0.92238456
vn 0.656145275 0.346154988 -0.670559525
vn 0.137144521 0.0520760082 -0.989181221
vn 0.615587592 0.232829347 -0.752889335
vn 0.550589204 0.340537071 -0.762158811
vn 0.3694565 0.396762371 -0.840286613
vn 0.72728163 0.683541298 -0.0619090721
vn 0.760417521 0.551786005 -0.342487007
vn -0.6682356 -0.378543496 -0.640442014
vn 0.663318813 0.331293166 -0.671009004
vn -0.668239474 -0.378558517 -0.64042902
vn -0.751630962 -0.398971379 -0.525235951
vn -0.844980419 -0.511142135 0.157295614
vn -0.347353905 -0.42686671 -0.834943175
vn -0.845019877 -0.511076093 0.157297447
vn -0.889830768 -0.452122778 0.0615318827
vn -0.751650393 -0.398937672 -0.525233567
vn -0.789475381 -0.57086581 0.225478947
vn -0.63690418 -0.452005088 -0.624535501
vn -0.773972213 -0.63279593 0.0231586955
vn 0.789009809 0.608571947 -0.0842838585
vn 0.684275925 0.251173526 0.68460083
vn 0.49820137 0.0888140872 -0.862500668
vn 0.591444373 0.358870178 0.722084224
vn 0.50725472 0.212973952 -0.835065782
vn 0.66425842 0.318676531 0.676170111
vn 0.535832465 0.192573056 -0.822070003
vn 0.689651012 0.261670947 0.675210953
vn 0.559678376 0.138837278 -0.816997111
vn 0.784282744 -0.134092182 0.605739117
vn 0.663772762 -0.244169503 -0.706956208
vn -0.285818875 -0.540652335 0.79120332
vn 0.684284091 0.251223385 0.684574366
vn 0.498187363 0.0887894928 -0.862511396
vn -0.583211005 -0.429865599 -0.689260781
vn -0.411537141 -0.660381019 -0.628119469
vn 0.535818517 0.192620397 -0.822068095
vn 0.507214427 0.212987289 -0.835086763
vn -0.558862805 -0.496416152 -0.66426152
vn -0.583201051 -0.429932266 -0.689227641
vn 0.564782262 0.302764505 0.767694354
vn -0.325424075 -0.300150961 0.896665215
vn -0.429124177 -0.40969038 0.804988444
vn -0.773988545 -0.632774591 0.0231955461
vn -0.789510429 -0.570815682 0.225483552
vn 0.598998368 0.222584948 0.769192398
vn -0.348348618 -0.374665946 0.859231353
vn 0.568542421 0.383022845 0.728047371
vn -0.325370729 -0.300149649 0.896685064
vn -0.348376483 -0.374635577 0.859233379
vn 0.564783216 0.302793205 0.767682374
vn 0.599011481 0.222584873 0.769182205
vn -0.348335654 -0.374647319 0.859244764
vn -0.781683385 -0.622825086 -0.0325549804
vn -0.683910489 -0.298319221 0.665786803
vn -0.42908743 -0.409717411 0.804994226
vn -0.789518714 -0.570808709 0.225471824
vn -0.845012248 -0.511085331 0.157309115
vn -0.475673884 -0.343925089 0.809598565
vn -0.845007658 -0.511108816 0.157257214
vn -0.615254998 -0.321069986 0.719982922
vn -0.47567448 -0.343954295 0.809585869
vn 0.506628633 0.34244734 0.791237772
vn 0.873970032 0.48228392 0.0598217882
vn 0.841100037 0.540049911 0.0299466252
vn 0.775232434 0.225053608 0.590225101
vn 0.506653786 0.342408061 0.791238666
vn 0.182245776 0.0173766948 0.983099461
vn 0.568088472 0.548172534 0.613826036
vn 0.787941873 0.24338071 -0.565608859
vn 0.941393077 0.337304503 0.00218734168
vn 0.571980476 0.569476187 -0.590368569
vn 0.684200048 0.729276657 -0.00508150412
vn 0.283447236 0.743326366 -0.605907381
vn 0.359438032 0.933153331 -0.00541004539
vn 0.102278188 0.0867282674 -0.990967929
vn 0.571982801 0.569509447 -0.590334356
vn 0.729818225 0.38568601 -0.56445688
vn -0.751661301 -0.398941934 -0.525214791
vn 0.66330719 0.33130601 -0.671013951
vn 0.655519485 0.224902511 -0.720911264
vn 0.841104448 0.540042818 0.0299524143
vn 0.729856551 0.385660946 -0.564424396
vn 0.873969853 0.482282251 0.0598375574
vn -0.751619816 -0.398984551 -0.525241733
vn 0.102273032 0.0867545307 -0.990966201
vn 0.663290501 0.331295609 -0.671035767
vn 0.873978674 0.482268482 0.0598193519
vn 0.841085553 0.540071964 0.0299556106
vn 0.775237978 0.225024521 0.590228915
vn 0.941386342 0.337323427 0.00219319039
vn 0.568056941 0.548205256 0.613825977
vn 0.68420893 0.72926867 -0.00504871877
vn 0.318908364 0.709896743 0.627968132
vn 0.359427005 0.933157682 -0.00539333839
vn 0.807279527 0.590155542 -0.00400952948
vn 0.841110408 0.540033221 0.0299547277
vn 0.655524075 0.224884897 -0.720912516
vn -0.889823973 -0.452135295 0.0615382977
vn -0.751623988 -0.398943812 -0.525266767
vn -0.317082793 -0.791020572 -0.523206413
vn 0.102286719 0.0867483616 -0.990965247
vn 0.0671509132 0.200571701 -0.977374971
vn -0.317060471 -0.79105109 -0.523173749
vn -0.751673758 -0.398887336 -0.525238395
vn -0.347385049 -0.426875174 -0.83492589
vn 0.655518115 0.224911675 -0.720909595
vn 0.663290203 0.33129257 -0.671037555
vn -0.845012248 -0.511088848 0.157297209
vn -0.889834166 -0.452113062 0.0615550913
vn -0.615261495 -0.32106784 0.719978273
vn 0.615581334 0.23285158 -0.752887607
vn 0.656107545 0.346196383 -0.670575082
vn -0.227962792 -0.311777502 -0.922403216
vn -0.330465138 -0.362348557 -0.871490896
vn -0.773970366 -0.632797539 0.0231785066
vn -0.78168124 -0.622829199 -0.0325319506
vn -0.330501407 -0.362285197 -0.871503472
vn -0.517625511 -0.33256048 -0.788331926
vn -0.845022023 -0.511084318 0.157259554
vn -0.636925995 -0.451995671 -0.624520004
vn -0.347369373 -0.426849663 -0.834945381
vn -0.315999269 -0.755933344 0.573331773
vn -0.615232348 -0.321092069 0.71999228
vn -0.889833212 -0.452113986 0.0615609735
vn 0.506610811 0.342421353 0.791260481
vn -0.615278423 -0.321103513 0.719947875
vn 0.182252392 0.0173918828 0.98309797
vn -0.324714839 -0.657696128 -0.679702938
vn 0.761340797 -0.215097949 -0.611631572
vn 0.661784649 0.13869004 -0.736753821
vn -0.324705988 -0.65767771 -0.679724932
vn 0.689432919 -0.0870785713 0.719096363
vn 0.577055156 0.291903466 0.762757897
vn 0.661759317 0.138713717 -0.73677206
vn 0.549841404 0.342651963 0.761750638
vn 0.635738492 0.188623577 -0.748503685
vn 0.511728406 0.346149266 0.786329925
vn 0.583881557 0.213098556 -0.783371806
vn 0.643786907 0.12348175 -0.755175948
vn 0.577074051 0.291864336 0.762758613
vn -0.39737168 -0.512051105 0.761511266
vn 0.577083468 0.291884005 0.762744009
vn -0.564437091 -0.28880626 0.773305655
vn -0.397353917 -0.512042344 0.761526465
vn 0.661775172 0.138745815 -0.736751735
vn -0.47530359 -0.443104088 -0.760095537
vn -0.324769944 -0.657681167 -0.679691076
vn 0.52827394 0.235698223 0.815704048
vn 0.643762708 0.123526081 -0.7551893
vn 0.776340783 0.60112524 0.189587981
vn 0.789009511 0.608566225 -0.0843271166
vn 0.776303411 0.60118413 0.189554125
vn -0.590427697 -0.805655599 -0.0481062233
vn 0.528279662 0.235643595 0.815716088
vn -0.553443432 -0.34633708 0.757463515
vn 0.760402799 0.551803768 -0.342491001
vn 0.727296233 0.683526456 -0.0619009472
vn 0.263792396 0.143371522 -0.953864872
vn 0.369496465 0.396713614 -0.840291977
vn -0.38168028 -0.49078384 -0.783231318
vn 0.263772994 0.143325508 -0.953877091
vn 0.776336908 0.601136208 0.189568847
vn 0.727298915 0.683522046 -0.0619189218
vn 0.67167753 0.678367674 0.297769219
vn 0.727298558 0.683521509 -0.061928194
vn 0.852925479 0.520610034 0.0385154784
vn 0.722666562 0.441807985 0.531562567
vn 0.751900554 0.171956614 -0.636456192
vn 0.34508729 0.281499684 0.895361781
vn -0.564270616 -0.565220416 0.601767778
vn 0.624103129 -0.609573781 0.48878929
vn 0.751911461 0.171990067 -0.636434257
vn 0.703035235 0.266624779 -0.659281969
vn 0.366951913 0.359803945 0.857838869
vn 0.75747335 0.204424918 -0.620036006
vn 0.407760143 0.341713816 0.846736789
vn 0.781704009 0.146965042 -0.606085956
vn 0.434432298 0.293043733 0.851700723
vn 0.862938702 -0.21507138 -0.457253963
vn 0.554693937 -0.104033597 0.825525105
vn -0.18567884 -0.670770407 -0.718046308
vn -0.185627058 -0.670768142 -0.718061686
vn 0.781700611 0.146953821 -0.606093109
vn -0.590387106 -0.805687249 -0.0480729267
vn 0.776329577 0.601163924 0.189511076
vn 0.751923025 0.17191346 -0.63644135
vn -0.318541288 -0.478274226 -0.818404078
vn -0.684770226 -0.312732339 0.658246338
vn -0.503929377 -0.536112845 0.677228332
vn 0.407799125 0.341644436 0.846746027
vn -0.663074553 -0.392828226 0.637195468
vn -0.684753478 -0.312707007 0.658275723
vn 0.366994798 0.359759331 0.857839227
vn 0.345059454 0.281527191 0.895363808
vn -0.324744225 -0.657707989 -0.679677427
vn -0.397356719 -0.512037992 0.761527896
vn 0.689446688 -0.0870861486 0.719082177
vn -0.601979196 -0.798486888 -0.00630574161
vn 0.498180211 0.0888546407 -0.862508833
vn 0.760452151 0.551730394 -0.342499644
vn 0.498202533 0.0888146535 -0.862500012
vn -0.558863342 -0.49641335 -0.66426307
vn -0.411531329 -0.660393357 -0.628110409
vn 0.663784623 -0.244127139 -0.706959665
vn 0.559676826 0.138834208 -0.81699872
vn 0.788950503 0.608652532 -0.0842557847
vn 0.684251249 0.251244664 0.68459934
vn -0.61892581 -0.785443783 0.00299633364
vn 0.684266627 0.251252919 0.684580922
vn -0.441927403 -0.337498009 0.831140935
vn 0.689619541 0.26173538 0.675218105
vn 0.784300864 -0.134086311 0.605716944
vn -0.285835654 -0.540643275 0.79120338
vn -0.411501288 -0.66039294 -0.628130436
vn -0.285754651 -0.540647745 0.791229665
vn 0.663750768 -0.244197965 -0.706966996
vn 0.722650588 0.441852778 0.531547129
vn 0.345065475 0.281529278 0.895360827
vn -0.564222097 -0.565267563 0.601769149
vn 0.434446633 0.292971224 0.851718366
vn 0.554720759 -0.10409987 0.8254987
vn -0.503895164 -0.536160588 0.677216053
vn -0.185655475 -0.670764387 -0.718057871
vn -0.503929257 -0.536130905 0.677214205
vn 0.554718673 -0.104068302 0.825504065
vn -0.564309239 -0.565226376 0.601725996
vn 0.345095366 0.281492323 0.895360947
vn -0.663078964 -0.392822683 0.637194455
vn -0.590458214 -0.80563271 -0.0481138676
vn -0.564290643 -0.565205097 0.601763427
vn -0.663043559 -0.392840713 0.637220025
vn 0.568545759 0.38299939 0.728057086
vn 0.671699703 0.678347945 0.297764212
vn 0.0332279615 0.643127918 0.765037417
vn -0.763565719 -0.0355372429 0.644751489
vn 0.0332302339 0.643135726 0.765030801
vn -0.763560653 -0.0354918204 0.644760072
vn -0.537304401 0.0308644436 0.842823446
vn -0.860549688 -0.477500588 0.17733404
vn -0.683904529 -0.298299968 0.665801644
vn -0.763564706 -0.0355209932 0.644753695
vn -0.738048851 -0.656096458 0.157548085
vn -0.537304342 0.0308368336 0.842824459
vn -0.28799215 0.0325828195 0.957078338
vn -0.686294675 -0.663743556 -0.297395557
vn 0.684582412 -0.39427045 -0.613104999
vn -0.165801778 -0.977111876 -0.133274555
vn 0.0332306139 0.643146038 0.765022159
vn 0.338264197 0.505780041 0.793576539
vn 0.749668121 0.241205662 0.616293371
vn 0.72023654 0.543567657 0.431037784
vn -0.287971616 0.0325458646 0.957085788
vn 0.749650598 0.241188824 0.616321325
vn -0.537312627 0.0308104493 0.842820227
vn 0.58739084 -0.338324547 -0.735192895
vn -0.559505284 -0.79661411 -0.22882238
vn -0.138370946 -0.429446191 0.892429054
vn 0.888216197 -0.0163085088 0.459136158
vn 0.587376475 -0.338291258 -0.735219598
vn 0.814420521 0.33733961 0.472145259
vn 0.587402761 -0.338256031 -0.73521477
vn -0.138381377 -0.429492265 0.892405212
vn -0.287377119 -0.0669527501 0.955474555
vn 0.814440191 0.337304235 0.472136617
vn -0.376243919 0.0875700936 0.922372997
vn 0.720240593 0.543580174 0.431015313
vn -0.28794682 0.0325048901 0.95709461
vn 0.74966687 0.24120535 0.61629504
vn 0.684521616 -0.394260347 -0.613179326
vn 0.522848964 -0.166907728 -0.835925102
vn 0.814438164 0.337277144 0.472159415
vn 0.587425113 -0.338342071 -0.735157371
vn -0.68624264 -0.66381067 -0.297365934
vn -0.559523284 -0.796597421 -0.228836656
vn -0.376267076 0.0876323581 0.922357678
vn -0.287998736 0.0325870737 0.957076192
vn -0.738035023 -0.656107306 0.157567561
vn 0.684561908 -0.394278884 -0.613122463
vn -0.860560536 -0.477491796 0.177305371
vn -0.285914391 -0.909272015 -0.302452445
vn 0.624113023 -0.609571278 0.488780081
vn -0.564264417 -0.565248132 0.601747572
vn -0.165814906 -0.977104008 -0.133315951
vn -0.844894469 -0.534255207 -0.0269231237
vn -0.499986321 -0.793880939 -0.346073359
vn -0.537290156 -0.843259513 -0.0152578307
vn -0.844915807 -0.534219563 -0.0269569159
vn -0.537312806 -0.843245268 -0.0152460365
vn -0.67234838 -0.738833904 -0.045518741
vn -0.602042377 -0.798439205 -0.00630630553
vn -0.38164106 -0.49079746 -0.783241987
vn -0.618913651 -0.785453439 0.00297116139
vn -0.558816731 -0.496462554 -0.664265633
vn -0.441914618 -0.337531328 0.83113414
vn -0.461377472 -0.471971452 -0.751248121
vn -0.590455711 -0.80563581 -0.0480940901
vn -0.553478599 -0.346338004 0.757437348
vn -0.461378604 -0.472013414 -0.75122118
vn -0.475282073 -0.443163037 -0.760074735
vn -0.564405739 -0.288857609 0.773309469
vn -0.324715227 -0.657721877 -0.679677904
vn -0.397388756 -0.512040019 0.761509836
vn -0.558850408 -0.496379972 -0.664298892
vn -0.583163142 -0.429939151 -0.689255416
vn -0.450038552 -0.299679786 0.841223717
vn -0.411528558 -0.660370469 -0.628136277
vn -0.285807937 -0.540607035 0.791238248
vn -0.844934285 -0.534191966 -0.0269268118
vn -0.672326803 -0.738853335 -0.0455240048
vn -0.517608106 -0.33256045 -0.78834343
vn -0.683871746 -0.29834038 0.665817082
vn -0.781693876 -0.622813284 -0.0325299762
vn -0.860546589 -0.477513343 0.177314997
vn -0.672321439 -0.73885709 -0.0455419458
vn -0.443941504 -0.358480334 -0.821223378
vn -0.517622471 -0.332531214 -0.78834641
vn -0.590431631 -0.805652201 -0.0481143333
vn -0.16581504 -0.977107346 -0.133291692
vn -0.564265788 -0.565227091 0.601766169
vn -0.285914928 -0.90926224 -0.302481174
vn -0.738075435 -0.656075656 0.157509983
vn -0.443953097 -0.35849005 -0.821212769
vn 0.369488001 0.396770865 -0.840268731
vn -0.517596781 -0.332583606 -0.788341045
vn -0.44394663 -0.358534336 -0.821196914
vn -0.381628335 -0.490810126 -0.783240199
vn 0.624102533 -0.609582365 0.488779426
vn 0.830556214 0.164240882 0.5321666
vn 0.722619355 0.441862702 0.531581223
vn 0.830536246 0.164247662 0.532195568
vn 0.671700895 0.678340673 0.297778308
vn 0.684550703 -0.39423418 -0.613163829
vn 0.830547988 0.164248198 0.53217721
vn 0.624105036 -0.609582782 0.488775671
vn 0.338225543 0.50577569 0.79359591
vn 0.671696544 0.678353488 0.297758996
vn 0.0332216024 0.643151164 0.765018225
vn 0.33821404 0.505771637 0.79360342
vn 0.830550313 0.1642344 0.532177746
vn 0.749644637 0.241214499 0.616318583
vn 0.684537351 -0.394254118 -0.613165915
vn -0.443973511 -0.358476698 -0.821207523
vn -0.672334015 -0.738844991 -0.0455530211
vn -0.381722361 -0.490772426 -0.783217967
vn -0.672348738 -0.73883301 -0.0455304123
vn -0.53734237 -0.843226433 -0.0152400872
vn -0.602039576 -0.798441172 -0.00633710716
vn -0.618903458 -0.785461426 0.00297653675
vn -0.602059364 -0.798426509 -0.00630150596
vn -0.537335813 -0.843230903 -0.0152271176
vn -0.590435565 -0.805651069 -0.0480855778
vn -0.499986142 -0.793891013 -0.34605062
vn -0.165799499 -0.977109134 -0.13329716
vn -0.49993971 -0.79392314 -0.346043915
vn -0.285909265 -0.909275472 -0.302446604
vn -0.318514585 -0.478306115 -0.818395734
vn -0.663042903 -0.392835796 0.63722378
vn -0.323037177 -0.449221641 -0.832974732
vn -0.684758842 -0.312733382 0.658257663
vn -0.185654089 -0.670731008 -0.718089342
vn -0.503875852 -0.536174953 0.677218914
vn -0.537330568 -0.843233705 -0.0152563741
vn -0.499952763 -0.793900669 -0.346076339
vn -0.590424299 -0.805661142 -0.0480549894
vn 0.26379773 0.143340379 -0.953868091
vn -0.38165161 -0.490795642 -0.783237934
vn 0.318345219 0.163966283 -0.933686972
vn -0.615572512 -0.423146069 -0.664844155
vn -0.657642305 -0.47333774 -0.586052835
vn 0.382833153 0.279346704 -0.880570412
vn 0.424301386 0.2106217 -0.880685449
vn 0.799043119 0.177816272 0.574379146
vn 0.719779611 0.312075496 0.62010181
vn 0.382857502 0.279338241 -0.880562484
vn 0.779267609 0.274685413 0.563284934
vn 0.442817211 0.169769093 -0.88039273
vn 0.796140075 0.19209373 0.573812604
vn 0.867252469 -0.231880307 0.440573156
vn 0.542802513 -0.250788063 -0.801542759
vn -0.381691098 -0.490772158 -0.783233345
vn -0.615559578 -0.423161954 -0.664846063
vn 0.31833756 0.163951829 -0.933692157
vn 0.263762146 0.143364117 -0.953874409
vn 0.79905349 0.177855939 0.574352503
vn 0.760423779 0.551784754 -0.342475116
vn -0.492407978 -0.636969864 -0.593130648
vn 0.54277128 -0.250747293 -0.801576674
vn 0.442780524 0.169857293 -0.880394101
vn -0.153642893 -0.62603265 0.76451087
vn 0.867277741 -0.231855601 0.440536261
vn 0.760411978 0.551793635 -0.342486948
vn 0.79903537 0.177813008 0.574390948
vn -0.602017462 -0.798458397 -0.00625573052
vn 0.796135604 0.192072541 0.573825896
vn 0.867258728 -0.231813639 0.440595835
vn -0.153644651 -0.626059055 0.764488935
vn -0.602072179 -0.798416615 -0.00632662326
vn -0.61553371 -0.423219711 -0.664833367
vn -0.381690145 -0.490741283 -0.783253253
vn -0.492352277 -0.636964381 -0.593182623
vn -0.153699994 -0.626042724 0.76449126
vn 0.542731404 -0.25077188 -0.801595986
vn -0.601999402 -0.798471153 -0.00636871159
vn 0.799043834 0.177863851 0.574363649
vn -0.287095606 -0.394959331 0.87268728
vn -0.615572929 -0.423130661 -0.664853632
vn -0.602043331 -0.79843843 -0.00632323651
vn -0.287063032 -0.395006329 0.87267679
vn -0.499968708 -0.793884218 -0.346091241
vn -0.860564649 -0.477478266 0.177321628
vn -0.285918087 -0.909271002 -0.302451491
vn -0.860560238 -0.47748369 0.177328482
vn -0.499964774 -0.793889701 -0.346084207
vn -0.844916403 -0.534219861 -0.026932897
vn 0.624109864 -0.609578311 0.488775104
vn -0.16583088 -0.977104127 -0.133295119
vn 0.684537411 -0.394280732 -0.613148689
vn 0.643760383 0.123495601 -0.755196273
vn 0.788989842 0.608596385 -0.0842939466
vn -0.618849218 -0.785504162 0.00295863859
vn 0.643747091 0.123517863 -0.755203962
vn -0.46134308 -0.472029716 -0.751232743
vn 0.4242948 0.210588753 -0.880696535
vn -0.657659054 -0.473336846 -0.586034834
vn -0.679786265 -0.40937075 -0.608527899
vn -0.287391782 -0.0668863729 0.955474913
vn -0.138408035 -0.429407179 0.892441928
vn -0.559492171 -0.796626508 -0.228811547
vn -0.686306417 -0.663718879 -0.297423571
vn -0.559471548 -0.796639144 -0.228817746
vn 0.587396801 -0.338334203 -0.735183656
vn -0.758725524 -0.35119012 -0.548635662
vn -0.358448982 -0.336755514 -0.870695055
vn -0.769450963 0.160793841 -0.618134797
vn -0.358461022 -0.336790264 -0.870676696
vn -0.368341625 0.151924267 -0.917193234
vn -0.690070748 0.38165015 -0.614935398
vn -0.306769878 0.379946709 -0.872658432
vn -0.690096438 0.381607383 -0.614933133
vn -0.78136301 -0.346987188 0.518721223
vn -0.954955637 -0.296022326 0.0207533278
vn -0.79151237 0.169321239 0.58722949
vn -0.954955399 -0.296025366 0.0207150783
vn -0.983233035 0.180053875 0.0288699605
vn -0.766953707 0.283771515 0.575548291
vn 0.792737663 -0.313602746 0.52270472
vn 0.792505264 0.168586373 0.586100757
vn 0.948168516 -0.317766905 0.000832273159
vn 0.983499885 0.179685146 0.0210044961
vn 0.948151052 -0.317819089 0.000856310129
vn 0.760775089 0.30356586 0.573645413
vn 0.943524659 0.331272691 0.00441885972
vn -0.758727372 -0.351195723 -0.548629582
vn -0.0113055026 -0.996697545 -0.0804129615
vn -0.358452082 -0.336753398 -0.870694697
vn -0.0145921391 -0.391627371 0.920008183
vn -0.37505576 -0.339429826 0.862624228
vn 0.368657738 -0.360374838 0.856867254
vn -0.0145745836 -0.391619623 0.920011699
vn 0.364262462 -0.325498104 -0.872561634
vn 0.757626474 -0.334412426 -0.560508966
vn 0.00719335675 -0.304913819 -0.952352762
vn -0.358479738 -0.336786866 -0.870670378
vn -0.954960704 -0.296007454 0.0207268
vn -0.758718729 -0.351185888 -0.548647821
vn -0.781404793 -0.346977979 0.51866442
vn -0.375053316 -0.339440972 0.86262089
vn 0.75766927 -0.33443594 -0.560437322
vn 0.948167205 -0.31777063 0.000785425247
vn 0.792728364 -0.313570172 0.522738397
vn -0.011295354 -0.996697664 -0.0804131925
vn 0.368677437 -0.360368609 0.856861413
vn -0.983230948 0.180065945 0.0288660079
vn -0.942632794 0.330950677 0.0437618233
vn -0.766949177 0.283789575 0.575545311
vn -0.769459188 0.160785571 -0.618126631
vn -0.690060377 0.381642252 -0.614951849
vn -0.942627907 0.330958992 0.0438048765
vn -0.98322773 0.180079356 0.0288897175
vn -0.942626953 0.330962092 0.0438009948
vn -0.758738637 -0.351180851 -0.548623502
vn -0.954952121 -0.29603529 0.0207235217
vn 0.983496904 0.179700598 0.0210100394
vn 0.94352299 0.331278205 0.00437173247
vn 0.700195968 0.359509975 -0.616829216
vn 0.948161542 -0.317787856 0.000819455832
vn 0.757640123 -0.334435761 -0.56047672
vn 0.777044952 0.161277711 -0.608432949
vn 0.70018822 0.359506786 -0.616839707
vn -0.994913101 0.0757999942 0.066350095
vn -0.993723929 -0.1101707 -0.0193680208
vn -0.78384608 -0.144393131 0.603933811
vn -0.741488516 -0.0160329323 -0.670773983
vn -0.993722737 -0.110181093 -0.0193718858
vn -0.749570012 0.102141775 -0.653996885
vn -0.984100461 0.169267237 -0.0538045429
vn -0.388659686 0.0974853784 -0.916209698
vn -0.703255415 0.0771882609 -0.706734657
vn -0.984099627 0.169268996 -0.0538126342
vn -0.997188151 0.0727647245 -0.0179177821
vn -0.332395464 0.0721795335 -0.940374076
vn -0.749563694 0.102153905 -0.65400219
vn -0.231133386 0.210312635 -0.949918985
vn -0.388664484 0.097487241 -0.916207492
vn 4.15742352E-06 0.206142426 -0.978522003
vn -0.231117159 0.210315838 -0.949922204
vn 6.13927887E-06 0.0872721151 -0.996184528
vn -0.332363218 0.0721903965 -0.940384626
vn -0.792940199 0.108191654 0.599616826
vn -0.783851683 -0.144372627 0.603931487
vn -0.984101474 0.169255555 -0.0538221598
vn -0.789156735 0.174627841 0.588843703
vn -0.720601022 0.0109288832 0.693263888
vn -0.68672961 -0.197486743 0.699572325
vn -0.37624231 0.148769766 0.914499521
vn -0.41274941 0.0994158015 0.905402958
vn 0.123361021 -0.0649601445 0.990233421
vn 0.304898262 -0.589369774 0.748117924
vn -0.991986513 -0.125085011 -0.0177930146
vn -0.997189701 0.0727493837 -0.0178916156
vn -0.991986632 -0.125086337 -0.0177725255
vn -0.716908216 -0.342242181 0.607381999
vn -0.978176713 -0.205337092 -0.0317341946
vn -0.90658015 -0.171662062 0.385544509
vn -0.665759563 -0.0504900478 -0.744456112
vn -0.649061978 -0.00793486834 -0.760694146
vn -0.68532598 0.0454527065 -0.726816654
vn -0.997187674 0.0727757365 -0.017897876
vn -0.998613119 -0.0504552238 -0.0150389988
vn -0.68534863 0.0454281792 -0.726796806
vn -0.703272164 0.077228494 -0.706713498
vn 0.539449751 -0.238415897 -0.807559133
vn -0.388695627 0.0974934623 -0.916193664
vn 0.539468229 -0.238401249 -0.807551146
vn -0.685336888 0.0454796851 -0.726804614
vn 0.533835292 -0.0365679599 -0.844797373
vn 0.533801258 -0.0365144014 -0.844821274
vn -0.665759087 -0.0505140349 -0.74445492
vn 0.99448365 -0.1011585 0.0277333539
vn -9.1794871E-05 -0.998378038 0.0569324307
vn 0.591914237 0.0538133942 -0.804202497
vn -0.617469549 0.14578779 -0.772966504
vn 0.643996894 0.0987639725 -0.758626163
vn 0.605172038 0.164498925 -0.778913856
vn 0.994737208 -0.101227425 -0.0158415549
vn 0.998232305 0.0102877468 0.0585357025
vn 0.60518074 0.164512247 -0.778904319
vn 0.543599367 0.0205331109 -0.839093566
vn 0.988688529 -0.144473836 0.0402790383
vn 0.587537408 -0.0231190864 -0.808866739
vn 0.587555587 -0.0231192838 -0.808853447
vn -0.649061024 -0.00791497529 -0.7606951
vn -0.581718326 0.0448059291 -0.812155366
vn -0.577900171 -0.182642162 -0.795407593
vn 0.982007444 -0.158365384 0.102868512
vn 0.591903746 0.0537714548 -0.804213047
vn 0.988692045 -0.144446805 0.0402885042
vn -0.617462218 0.145737663 -0.772981822
vn -0.998610497 -0.0505069904 -0.0150336614
vn 0.587527871 -0.0231735986 -0.808872044
vn 0.533830047 -0.0365690626 -0.844800591
vn 0.994485438 -0.101144418 0.0277201813
vn 0.988694847 -0.144431084 0.0402759053
vn 0.543618143 0.0205482896 -0.839081168
vn 0.605179369 0.164492458 -0.778909624
vn 0.99273622 -0.06950441 0.0982045382
vn 0.479522318 -0.208396181 -0.852425516
vn 0.99823159 0.0102836266 0.058549352
vn -0.577900529 -0.182670414 -0.795400798
vn -0.995797157 0.00107413542 -0.0915795118
vn -0.593194127 0.231950581 -0.77092135
vn -0.987971365 0.134619787 -0.0760922879
vn 0.605157614 0.164512262 -0.77892226
vn -0.593186498 0.231947854 -0.770928025
vn -0.617472947 0.145754144 -0.7729702
vn -0.987976253 0.134581283 -0.07609763
vn -0.792833209 -0.0692495853 0.605491519
vn -0.219707057 -0.438235134 0.871595562
vn 0.422855377 -0.186551213 0.886787415
vn -0.738401115 -0.0839387923 0.669117451
vn -0.99579668 0.00105056923 -0.0915859491
vn -0.978175938 -0.205339983 -0.0317372978
vn -0.90657872 -0.171663463 0.385547519
vn -0.792827845 -0.0692143068 0.605502546
vn -0.716910422 -0.342227578 0.607387662
vn -0.228893429 -0.20139043 0.952391565
vn -0.738398552 -0.0839096978 0.669123828
vn 0.422862679 -0.18651776 0.886790991
vn -0.734903872 -0.145538539 0.662370682
vn -0.979332089 -0.177426189 -0.0971007869
vn -0.993907392 -0.0744152591 -0.081305325
vn -0.780442953 -0.00493146433 0.625207603
vn -0.848189533 0.348629624 0.398787975
vn -0.993910909 -0.0744081289 -0.0812683925
vn -0.597920299 -0.122146957 -0.792194068
vn -0.979324996 -0.177446261 -0.0971358046
vn -0.60876739 0.0621733926 -0.790908813
vn -0.983956397 0.134023815 -0.117760688
vn -0.987587094 0.0795969144 -0.135411218
vn -0.992916822 -0.0521345176 0.106762432
vn -0.890258431 -0.305349052 0.337937593
vn -0.841264486 -0.150563508 0.519234836
vn -0.890243888 -0.305376619 0.337951094
vn -0.581114769 -0.0924616903 0.808552146
vn -0.583753526 0.189220682 0.789574087
vn -0.258543193 0.505285978 0.823311269
vn -1.77547317E-05 0.471775502 0.881718695
vn 1.81049097E-06 0.512665451 0.858588398
vn -0.510859609 0.771003544 -0.380231619
vn -0.229641706 0.745505333 -0.625688672
vn -7.10785298E-06 0.756341636 -0.654176831
vn -0.229640201 0.745518506 -0.625673652
vn -1.90148112E-05 0.701256931 -0.712908626
vn -5.69224312E-06 0.75634259 -0.654175699
vn -0.259557664 0.965653419 0.0119750481
vn -0.351585001 0.92421937 -0.149018884
vn -0.329696685 0.735258639 0.592194796
vn -0.383537471 0.772269189 0.506457567
vn -0.377788424 0.599713743 0.705421329
vn -0.351578206 0.924223959 -0.149006352
vn -0.377801031 0.599708557 0.705418944
vn -0.329722315 0.735250473 0.592190802
vn -0.448634177 0.239201367 0.861109734
vn -0.583746314 0.189263806 0.789569199
vn -0.333100408 -0.0565503016 -0.941193998
vn -0.33742854 0.502263963 -0.796161413
vn -0.430494785 0.168966338 -0.886636674
vn -0.337432772 0.502269447 -0.796156108
vn -0.367729545 0.635460258 -0.67894417
vn -0.430487275 0.168978229 -0.886638105
vn -0.162090182 0.406495929 -0.899159491
vn -0.229651242 0.745520055 -0.625667751
vn -0.333074749 -0.056540072 -0.941203713
vn 3.05473782E-06 0.701245666 -0.712919772
vn -0.229637429 0.745515704 -0.625678003
vn -0.583749354 0.189248532 0.78957057
vn -0.329737991 0.73525548 0.592175782
vn -0.37776491 0.599719763 0.705428839
vn -0.448613107 0.239182457 0.861126006
vn -0.581107259 -0.0924764574 0.808555782
vn -0.337427765 0.502266705 -0.796159983
vn -0.35160321 0.924218476 -0.148981452
vn -0.367736518 0.635449946 -0.678950071
vn -0.351601541 0.924214721 -0.149008542
vn -0.259520948 0.965663314 0.0119728753
vn -0.367718518 0.635445476 -0.678964019
vn -0.229647547 0.745501578 -0.625691116
vn -0.337394923 0.502268195 -0.796172857
vn -0.488325864 0.871618152 0.0426586084
vn -0.510851622 0.771001697 -0.380245894
vn -3.00741476E-06 -0.112066239 -0.993700743
vn 3.5613773E-06 -0.244363785 -0.969683647
vn -0.327175856 -0.111310899 -0.938384652
vn -0.282780379 -0.27845481 -0.917876959
vn -0.693837881 -0.290038973 -0.659140587
vn -0.282806188 -0.278467894 -0.917865038
vn -0.598990679 -0.376684725 -0.706624925
vn -0.199357376 -0.321298033 -0.925756037
vn -0.333088875 -0.056540288 -0.941198766
vn 2.55741202E-06 -0.244361252 -0.969684303
vn -0.282783061 -0.278475821 -0.917869747
vn -0.199366793 -0.32129845 -0.925753832
vn -3.58559214E-06 -0.283987761 -0.958827913
vn -0.142376065 -0.0450384244 -0.988787472
vn -0.33307752 -0.0565460622 -0.941202343
vn -0.162076324 0.4065139 -0.899153948
vn -8.58260319E-06 -0.0169818103 -0.999855757
vn -9.40449445E-06 0.329731524 -0.94407469
vn 4.82350624E-05 0.471769661 0.881721854
vn -0.258566231 0.505290031 0.823301613
vn -1.16303572E-05 -0.0794168785 0.99684155
vn -0.976513803 0.201098353 0.0773316324
vn -0.980341852 -0.161989316 0.112646818
vn -0.763631165 -0.515230954 0.389107376
vn -0.782384455 0.326325327 -0.530458689
vn -2.55447794E-05 0.452485502 -0.891771734
vn -0.615043521 0.0681335181 -0.785543978
vn 6.12437771E-06 0.452504128 -0.891762376
vn -2.2739172E-05 0.0902166143 -0.995922208
vn -0.615042746 0.0681480542 -0.785543203
vn -0.976518929 0.20107843 0.0773188397
vn -0.87587738 0.027438296 -0.481752992
vn -0.980351627 -0.161937296 0.112636268
vn -0.782387912 0.326294661 -0.530472517
vn -0.875875354 0.0274457894 -0.4817563
vn -0.615060091 0.0681173205 -0.785532415
vn -0.976525843 0.201044872 0.0773191303
vn -0.763632119 -0.515224397 0.389114141
vn -0.585065842 0.0251043309 0.810597122
vn 0.844933689 -0.534191728 -0.0269501135
vn 0.781696498 -0.622810066 -0.0325302035
vn 0.517589986 -0.332623988 -0.788328528
vn -0.550559938 0.340536177 -0.762180328
vn -0.369465917 0.396769643 -0.840279043
vn 0.330471575 -0.362293869 -0.871511161
vn -0.85293299 0.520597041 0.0385239422
vn -0.727288544 0.683530867 -0.0619432703
vn -0.61560446 0.232849583 -0.752869248
vn -0.913794219 0.405347615 0.0259510111
vn -0.656098962 0.34618333 -0.670590222
vn -0.863384366 0.504539251 0.00275167823
vn -0.807306528 0.590118706 -0.00403600978
vn -0.687556922 0.538990617 -0.486574262
vn -0.655503452 0.224928409 -0.720917761
vn -0.137145638 0.0520791709 -0.989180863
vn -0.687555313 0.538975835 -0.486593068
vn -0.137169167 0.0521050058 -0.989176214
vn -0.687551379 0.538979352 -0.486594588
vn 0.34737131 -0.426865101 -0.834936738
vn 0.636927903 -0.45196268 -0.624541879
vn 0.636914611 -0.452015966 -0.624516845
vn 0.22797139 -0.311820209 -0.922386706
vn 0.347360194 -0.426896751 -0.834925234
vn -0.655510306 0.224895015 -0.720921993
vn 0.773958147 -0.632813394 0.0231523402
vn 0.227962777 -0.311832726 -0.92238456
vn -0.137144521 0.0520760603 -0.989181221
vn -0.656145453 0.34615472 -0.670559466
vn -0.615587533 0.232829273 -0.752889395
vn -0.550589502 0.340536714 -0.762158751
vn -0.369456381 0.396762669 -0.840286434
vn -0.72728163 0.683541238 -0.0619090348
vn -0.760403931 0.551777005 -0.34253183
vn 0.668235421 -0.378543228 -0.640442371
vn -0.66331917 0.331292927 -0.671008706
vn 0.668239474 -0.378558517 -0.640429139
vn 0.751630962 -0.398971349 -0.525235951
vn 0.844980419 -0.511142075 0.157295525
vn 0.347353876 -0.42686671 -0.834943175
vn 0.845020056 -0.511075854 0.157297567
vn 0.889830828 -0.452122748 0.0615318343
vn 0.751650572 -0.398937583 -0.525233626
vn 0.789475381 -0.57086581 0.225478947
vn 0.636904061 -0.452005118 -0.624535441
vn 0.773972273 -0.632795811 0.0231587607
vn -0.263792187 0.143371761 -0.953864872
vn -0.369496286 0.396713883 -0.840291977
vn -0.263773113 0.143325403 -0.953877091
vn 0.38168034 -0.490783781 -0.783231378
vn -0.498201281 0.0888140425 -0.862500727
vn -0.684257627 0.251274258 0.684582114
vn -0.789009571 0.608572245 -0.084282957
vn -0.789009571 0.608566225 -0.0843270198
vn -0.727296352 0.683526337 -0.0619011037
vn -0.59144789 0.358867735 0.722082615
vn -0.507245421 0.21296002 -0.835074902
vn -0.664262056 0.318657577 0.676175356
vn -0.535832465 0.192573026 -0.822070122
vn -0.689650297 0.261671811 0.67521143
vn -0.559678376 0.138837144 -0.816997111
vn -0.78428793 -0.134069026 0.605737567
vn -0.663771152 -0.244173095 -0.706956387
vn 0.285818309 -0.540653527 0.791202605
vn -0.498187363 0.0887900442 -0.862511218
vn -0.684260666 0.251202226 0.684605539
vn 0.583211124 -0.429865658 -0.689260781
vn 0.41153726 -0.66038096 -0.628119528
vn -0.507214427 0.21298717 -0.835086763
vn 0.558863342 -0.496415406 -0.66426158
vn -0.535818636 0.192620203 -0.822068036
vn 0.583200872 -0.429932594 -0.68922776
vn 0.325424373 -0.30015111 0.896665096
vn -0.564782202 0.302764565 0.767694294
vn 0.429124087 -0.409690619 0.804988265
vn 0.773983717 -0.632782221 0.023149997
vn 0.789510012 -0.570815563 0.225484982
vn 0.348376334 -0.374635041 0.859233677
vn 0.325371802 -0.3001495 0.896684706
vn -0.59901166 0.222585067 0.769182086
vn -0.564783216 0.302793443 0.767682254
vn 0.781683385 -0.622825265 -0.0325555988
vn 0.348336279 -0.374647528 0.859244466
vn 0.683910847 -0.298319429 0.665786386
vn 0.348351896 -0.374677598 0.859225035
vn -0.599032283 0.222598866 0.76916188
vn -0.568542302 0.383022904 0.72804755
vn 0.683903515 -0.298339933 0.665784717
vn -0.5685426 0.383009523 0.728054225
vn 0.763560712 -0.0354915038 0.644759893
vn -0.0332301408 0.643136501 0.765030265
vn 0.537304342 0.0308652855 0.842823505
vn 0.429088205 -0.409717351 0.804993749
vn 0.789481938 -0.570851564 0.225492299
vn 0.845012426 -0.511085391 0.157308057
vn 0.475673467 -0.343924433 0.809599161
vn 0.84500736 -0.511109054 0.157258078
vn 0.6152547 -0.321070313 0.719982982
vn -0.506628633 0.342447311 0.791237772
vn 0.475674361 -0.343954444 0.80958575
vn -0.67167592 0.678364754 0.297779679
vn -0.599000633 0.222639263 0.769174874
vn -0.913780689 0.405377865 0.025954036
vn -0.564772069 0.302803367 0.767686486
vn -0.86337316 0.504558086 0.0027939612
vn -0.807275176 0.590161681 -0.00399652123
vn -0.574100018 0.258416265 0.776936412
vn -0.807283878 0.590149879 -0.00397681212
vn -0.841110528 0.540033102 0.029954968
vn -0.562752545 0.30843237 0.766928375
vn 0.475643486 -0.344006598 0.809581816
vn -0.574098468 0.258415461 0.776937842
vn -0.564775288 0.302769989 0.767697334
vn 0.429065675 -0.409734637 0.804996967
vn 0.475677162 -0.343972415 0.809576571
vn -0.841099918 0.540050089 0.0299476273
vn -0.873970091 0.482283801 0.0598218478
vn -0.775232375 0.225053757 0.59022516
vn -0.506653547 0.34240824 0.791238725
vn -0.182245746 0.0173766371 0.983099461
vn -0.568088353 0.548172712 0.613826096
vn -0.787941873 0.24338071 -0.565608859
vn -0.941393077 0.337304413 0.00218741968
vn -0.571980476 0.569476306 -0.590368569
vn -0.684200048 0.729276657 -0.00508097513
vn -0.283448666 0.743325949 -0.605907142
vn -0.359439373 0.933152735 -0.00541102095
vn -0.102278166 0.0867282674 -0.990967929
vn -0.57198292 0.569509327 -0.590334356
vn -0.729818225 0.38568601 -0.564456999
vn 0.751661301 -0.398941934 -0.525214791
vn -0.66330719 0.33130613 -0.671013951
vn -0.655519426 0.224902704 -0.720911264
vn -0.841104507 0.540042639 0.0299525261
vn -0.729856253 0.385660976 -0.564424872
vn -0.873969913 0.482282043 0.0598377399
vn 0.751620054 -0.398984343 -0.525241733
vn -0.102273077 0.0867545754 -0.990966201
vn -0.663303792 0.331310958 -0.671014965
vn -0.873978734 0.482268393 0.0598193295
vn -0.841085613 0.540071905 0.0299554151
vn -0.941386223 0.337323517 0.00219327211
vn -0.775237858 0.225024417 0.590228915
vn -0.568062186 0.548201382 0.613824666
vn -0.684208691 0.729268789 -0.00504922867
vn -0.318911612 0.709892094 0.627971828
vn -0.359428346 0.933157086 -0.0053947866
vn -0.655524015 0.224885046 -0.720912635
vn -0.841110408 0.540033221 0.0299546402
vn -0.807279766 0.590155363 -0.00400960492
vn 0.889824033 -0.452135265 0.0615377836
vn 0.317082852 -0.791020513 -0.523206472
vn 0.751623988 -0.398943812 -0.525266707
vn -0.102286741 0.0867482424 -0.990965247
vn -0.0671510845 0.200571582 -0.977374971
vn 0.317060739 -0.79105103 -0.523173749
vn 0.751673758 -0.398887336 -0.525238514
vn -0.655518234 0.224911451 -0.720909595
vn 0.347385079 -0.426875263 -0.834925771
vn -0.663290441 0.331292272 -0.671037555
vn 0.615260839 -0.321067572 0.719978929
vn 0.889834046 -0.452113152 0.0615560301
vn 0.845012069 -0.511088848 0.157298058
vn 0.227962688 -0.311777472 -0.922403216
vn -0.656107605 0.346196234 -0.670575082
vn -0.615581334 0.23285161 -0.752887607
vn 0.773970187 -0.632797539 0.023178516
vn 0.330464959 -0.362348765 -0.871490836
vn 0.781681061 -0.622829378 -0.0325324275
vn 0.330500722 -0.362285405 -0.871503651
vn 0.517624915 -0.332560688 -0.788332224
vn 0.845022202 -0.511084199 0.157259509
vn 0.347369283 -0.426849663 -0.834945381
vn 0.636925995 -0.451995671 -0.624520004
vn 0.315999329 -0.755933285 0.573331773
vn 0.889833212 -0.452114046 0.0615606084
vn 0.615232587 -0.321092039 0.71999222
vn -0.506610811 0.342421353 0.791260481
vn -0.182252333 0.0173918195 0.98309797
vn 0.615278482 -0.321103364 0.719947934
vn -0.720596671 0.0109059615 0.693268657
vn -0.789137721 0.174628899 0.588868797
vn 0.123377785 -0.0649604499 0.990231335
vn -0.979323387 -0.177461758 -0.0971238762
vn -0.995793104 0.00105687592 -0.0916239321
vn -0.738412619 -0.0839051604 0.669108987
vn -0.597899139 -0.122144245 -0.7922104
vn -0.57789427 -0.182625726 -0.79541558
vn -0.99579215 0.00111491978 -0.0916329175
vn -0.219691306 -0.438250393 0.871591866
vn 0.678194106 -0.356703907 0.642506957
vn 0.422842801 -0.186538845 0.886795998
vn 0.689360678 -0.142308772 0.71030283
vn 0.678167045 -0.356672704 0.642552793
vn -0.686742425 -0.197469428 0.699564695
vn -0.72059387 0.0108902277 0.693271995
vn 0.385975897 -0.131050855 0.913152933
vn 0.457354724 -0.267245889 0.848178208
vn 0.994481087 -0.101184808 0.027732823
vn 0.304848373 -0.589415669 0.748102129
vn -1.01029864E-05 -0.6185866 0.785716593
vn 1.07437363E-05 -0.998375535 0.0569753908
vn 0.304905355 -0.589396477 0.748093903
vn 0.385977894 -0.131075397 0.913148522
vn -0.720596492 0.0109374812 0.693268299
vn 0.994482636 -0.101174071 0.027717175
vn 0.988690495 -0.144459903 0.0402784534
vn 0.457375765 -0.267278105 0.84815675
vn 0.435090333 -0.349916846 0.829611123
vn -0.376241446 0.148761705 0.91450119
vn 1.46478433E-05 -0.61857301 0.785727382
vn 0.304842144 -0.589416683 0.748103678
vn 0.982011199 -0.158338234 0.102873728
vn 0.994734764 -0.101253659 -0.015827477
vn 0.678176343 -0.356660455 0.642549813
vn -0.604519784 -0.790681839 -0.0968402922
vn 0.00176034076 -0.999933004 -0.0114399688
vn -0.304092258 -0.777893245 -0.549918115
vn -0 -1 0
vn 0.00176073716 -0.999933243 -0.0114179291
vn 0.675487697 -0.731626391 -0.0918653086
vn -0.455663353 -0.890090883 0.0104481764
vn -0.59231019 -0.804554462 -0.0431364924
vn -0.696388483 0.698265016 0.16573815
vn -0.551699758 0.772603333 0.314183652
vn -0.455675572 -0.890084445 0.0104598394
vn -0.592321515 -0.804547787 -0.043106135
vn -0.862965345 0.467146397 0.192523167
vn -0.696405053 0.698235095 0.165794909
vn 0.752212346 0.644480407 0.137191907
vn 0.868095815 0.471871048 0.154101521
vn 0.614375949 -0.788445413 -0.0299353879
vn 0.98604995 0.149585143 -0.0730042383
vn 0.595103264 0.0560926571 -0.801689208
vn 0.98114109 0.0599078909 -0.183775261
vn 0.994282722 -0.0509432293 0.093843542
vn 0.543317378 -0.138791278 -0.827975333
vn 0.982684553 -0.16125308 0.0912605301
vn 0.479525447 -0.208446711 -0.852411389
vn 0.992733121 -0.0695422366 0.0982077643
vn 0.541954517 0.0977464393 -0.834704041
vn 0.595082104 0.0561047383 -0.801704109
vn -0.564333558 0.073582001 -0.822261155
vn 0.329266101 -0.909890175 0.252356082
vn 0.535062551 0.770111978 0.347326338
vn 0.557779253 -0.829971075 -0.00551226782
vn 0.752207816 0.644482732 0.137205526
vn -0.0244863778 0.963333607 0.267186612
vn -0.0907265693 0.885290861 0.456101805
vn 0.557803273 -0.829954743 -0.00554145174
vn 0.614369273 -0.788452864 -0.029871555
vn 0.535069048 0.770119309 0.347300112
vn 0.752190948 0.644507587 0.137181491
vn -0.551687717 0.772625327 0.31415084
vn -0.342853993 -0.911742687 0.226222277
vn -0.45560208 -0.890121102 0.010547624
vn 0.675465405 -0.731654704 -0.0918029621
vn 0.61438036 -0.78844285 -0.0299120415
vn 0.981140971 0.0598996021 -0.183778599
vn 0.61438936 -0.788433552 -0.0299710333
vn 0.868103921 0.471860856 0.154087499
vn 0.981140494 0.0599010922 -0.183780357
vn 0.614367306 -0.78845191 -0.0299395807
vn 0.67549932 -0.731626451 -0.0917794555
vn -0 -1 0
vn -0.604538023 -0.790677667 -0.0967608392
vn -0.987589538 0.0795645863 -0.135412395
vn -0.592313409 -0.804548502 -0.0432023965
vn -0.848194659 0.348617435 0.398787886
vn -0.862944722 0.467181116 0.192531332
vn -0.987588823 0.0795405731 -0.135430947
vn -0.862967372 0.467134625 0.192542776
vn -0.59231168 -0.804554999 -0.0431068875
vn 0.54333806 -0.138739929 -0.827970445
vn 0.595077455 0.0560537018 -0.801711082
vn 0.986051917 0.149574831 -0.0729993358
vn 0.27642563 -0.661408067 -0.697228968
vn 0.541942835 0.0977563038 -0.834710538
vn -0.304107755 -0.777880073 -0.549928308
vn 0.541970789 0.0976960436 -0.834699512
vn -0.564334631 0.0735953674 -0.822259247
vn -0.30414179 -0.777874529 -0.549917281
vn -0.608757377 0.0621522181 -0.790918171
vn -0.987588942 0.079578869 -0.135407552
vn -0.304108977 -0.777889013 -0.549914956
vn -0.987589061 0.0795784146 -0.135407478
vn -0.60450387 -0.79069227 -0.0968545005
vn -0.98395133 0.134055331 -0.117767051
vn -0.848190963 0.348626554 0.398787588
vn -0.993913591 -0.0743528455 -0.0812853649
vn 0.675483227 -0.731635809 -0.0918215439
vn 0.981143713 0.0598968789 -0.183764219
vn 0.276371896 -0.661411703 -0.69724685
vn 0.868089974 0.471870512 0.154136539
vn 0.986047626 0.14959769 -0.0730113834
vn 0.981143475 0.0599012449 -0.183764458
vn 0.752220571 0.644474685 0.137173712
vn -0.0907504931 0.885302722 0.456074089
vn 0.215604439 0.604708016 0.766709149
vn -0.848203182 0.348623008 0.398764879
vn -0.0907335058 0.885289013 0.45610413
vn -0.780433059 -0.00494693825 0.625219762
vn 0.329265743 -0.9098804 0.252391875
vn -0.0729730055 -0.911989093 0.403671652
vn -0.0660287216 0.853587031 0.516748726
vn -0.661784649 0.138689622 -0.736753881
vn -0.761340618 -0.215098307 -0.611631513
vn 0.324714988 -0.657696128 -0.679702878
vn 0.324705929 -0.657677054 -0.679725587
vn -0.689432383 -0.0870795399 0.71909672
vn -0.577055216 0.291903347 0.762757897
vn -0.661759317 0.138713837 -0.73677212
vn -0.54984206 0.342652261 0.761749983
vn -0.635738313 0.18862389 -0.748503745
vn -0.511728585 0.346148938 0.786329925
vn -0.583881438 0.213098779 -0.783371806
vn -0.643785596 0.123481996 -0.755176902
vn -0.577074111 0.291864514 0.762758493
vn 0.397371531 -0.512051105 0.761511326
vn -0.577083588 0.291884035 0.76274389
vn 0.564436913 -0.288806319 0.773305714
vn 0.397353679 -0.512042463 0.761526585
vn -0.661775231 0.13874571 -0.736751735
vn 0.475303769 -0.44310385 -0.760095596
vn 0.324770302 -0.657680869 -0.679691136
vn -0.528273523 0.235699356 0.815703928
vn -0.643762648 0.123526111 -0.755189359
vn -0.776340604 0.60112524 0.189588204
vn -0.776303172 0.601184309 0.189554095
vn 0.590427458 -0.805655777 -0.0481061898
vn -0.528279781 0.235643819 0.815716028
vn 0.553443193 -0.346337169 0.757463634
vn -0.727298915 0.683522046 -0.0619189218
vn -0.776336908 0.601136267 0.189568922
vn -0.727298558 0.683521509 -0.0619282275
vn -0.67167753 0.678367734 0.297769248
vn -0.85292536 0.520610034 0.0385154895
vn -0.722666562 0.441807896 0.531562686
vn -0.751900554 0.171956569 -0.636456132
vn -0.34508723 0.281498641 0.895362079
vn -0.624103129 -0.609573901 0.48878929
vn 0.564270675 -0.565220833 0.601767361
vn -0.751911461 0.171989873 -0.636434257
vn -0.703034997 0.266625196 -0.659282029
vn -0.366952062 0.359803587 0.857838869
vn -0.757473171 0.204425216 -0.620036006
vn -0.407760382 0.341712087 0.846737504
vn -0.781703889 0.14696531 -0.606086075
vn -0.434432328 0.293043375 0.851700723
vn -0.862938702 -0.215071976 -0.457253575
vn -0.554692626 -0.104034826 0.825525761
vn 0.185679048 -0.670768499 -0.718047976
vn -0.781700671 0.146952957 -0.606093168
vn 0.185627401 -0.67076844 -0.718061328
vn 0.590387285 -0.805687129 -0.0480730012
vn -0.776329756 0.601163447 0.18951115
vn -0.751922786 0.17191337 -0.636441588
vn 0.318541616 -0.478273809 -0.818404198
vn 0.684770525 -0.312732309 0.658245981
vn 0.503929436 -0.536112726 0.677228391
vn -0.407798946 0.341644704 0.846746027
vn 0.663074195 -0.392828643 0.637195587
vn 0.684753418 -0.312707037 0.658275843
vn -0.366994619 0.359759629 0.857839108
vn -0.345059246 0.281527519 0.895363808
vn 0.397357166 -0.512037873 0.761527717
vn 0.324744433 -0.657707512 -0.679677784
vn -0.689446628 -0.0870871991 0.719082177
vn 0.601979494 -0.79848659 -0.00630575791
vn -0.76045239 0.551730216 -0.342499644
vn -0.49818024 0.0888544321 -0.862508714
vn -0.498202682 0.0888146088 -0.862499833
vn 0.558863401 -0.496413052 -0.664263368
vn -0.559677064 0.138834089 -0.816998601
vn -0.663784623 -0.244127169 -0.706959665
vn 0.41153127 -0.66039294 -0.628110886
vn -0.789052665 0.608519435 -0.084262237
vn 0.618925273 -0.78544414 0.00299630244
vn -0.68425113 0.251244962 0.68459934
vn -0.684266329 0.251253307 0.684581161
vn 0.441927612 -0.337498188 0.831140757
vn -0.784300923 -0.1340864 0.605716884
vn -0.689619482 0.261735678 0.675218046
vn 0.285835445 -0.540643215 0.791203439
vn 0.411501259 -0.660393 -0.628130376
vn -0.663751125 -0.244197845 -0.706966579
vn 0.285754591 -0.540647805 0.791229546
vn -0.722650468 0.441853106 0.53154701
vn 0.564221859 -0.565267622 0.601769209
vn -0.345065475 0.281529427 0.895360827
vn -0.554721296 -0.104099654 0.825498402
vn -0.434446812 0.292971402 0.851718068
vn 0.503894746 -0.536160588 0.677216291
vn 0.503929317 -0.536130846 0.677214086
vn 0.185655609 -0.670764327 -0.71805805
vn -0.554718375 -0.104068696 0.825504243
vn -0.34509486 0.281492651 0.895361066
vn 0.564309716 -0.565226376 0.601725638
vn 0.663079202 -0.392822444 0.637194276
vn 0.56429249 -0.565205753 0.601761103
vn 0.590458691 -0.805632234 -0.0481162257
vn 0.663045645 -0.392841637 0.637217283
vn -0.568545878 0.38299945 0.728057086
vn -0.0332280174 0.643127978 0.765037537
vn -0.671699703 0.678348064 0.297764242
vn 0.7635656 -0.0355374515 0.644751668
vn 0.860549688 -0.477500558 0.177334115
vn 0.683904588 -0.298299849 0.665801644
vn 0.763564706 -0.0355211012 0.644753516
vn 0.738048851 -0.656096458 0.157548085
vn 0.537304342 0.0308362599 0.842824519
vn 0.287992358 0.032583043 0.957078218
vn 0.686294556 -0.663743675 -0.297395527
vn -0.684582531 -0.39427048 -0.61310482
vn 0.165801734 -0.977111876 -0.13327457
vn -0.338264227 0.505780041 0.793576717
vn -0.0332305245 0.643145859 0.765022397
vn -0.749668181 0.241205856 0.616293192
vn 0.287971407 0.0325457416 0.957085788
vn -0.720236421 0.543567717 0.431037813
vn 0.537312508 0.0308101624 0.842820287
vn -0.749650598 0.241189122 0.616321206
vn 0.559506834 -0.796612978 -0.228822678
vn -0.587387562 -0.338283479 -0.735214412
vn 0.138402149 -0.429457933 0.892418385
vn -0.587378085 -0.338295162 -0.735216558
vn -0.888215303 -0.0163052976 0.459138125
vn 0.28737402 -0.06695126 0.955475628
vn -0.814440131 0.337304443 0.472136557
vn 0.376243651 0.0875705704 0.922373116
vn -0.720233083 0.543560743 0.431052208
vn 0.28794682 0.0325053595 0.957094491
vn -0.814420462 0.337339342 0.472145736
vn -0.587403357 -0.338255882 -0.735214472
vn -0.684522212 -0.394247621 -0.613187015
vn -0.749666333 0.241205305 0.616295755
vn -0.522848904 -0.166907653 -0.835925221
vn -0.814438224 0.337277085 0.472159356
vn -0.587425292 -0.338341951 -0.735157311
vn 0.686310291 -0.663721919 -0.297407568
vn 0.559523344 -0.796597421 -0.228836656
vn 0.376267225 0.0876325965 0.922357619
vn 0.287998915 0.0325873792 0.957076192
vn 0.738035202 -0.656107068 0.157567427
vn -0.684561968 -0.394279003 -0.613122344
vn 0.860560536 -0.477491796 0.177305371
vn 0.285914332 -0.909272015 -0.302452415
vn -0.624113023 -0.609571218 0.488779962
vn 0.165814728 -0.977104127 -0.133316025
vn 0.564264357 -0.565248251 0.601747513
vn 0.844894707 -0.53425473 -0.0269233286
vn 0.537290096 -0.843259513 -0.0152578661
vn 0.49998644 -0.79388088 -0.346073359
vn 0.844915807 -0.534219563 -0.0269568563
vn 0.67234838 -0.738833964 -0.045518782
vn 0.537312627 -0.843245327 -0.0152460951
vn 0.381640881 -0.49079752 -0.783241987
vn 0.602042317 -0.798439205 -0.00630612858
vn 0.558816612 -0.496462584 -0.664265633
vn 0.618913591 -0.785453498 0.00297126197
vn 0.441916615 -0.337532192 0.83113277
vn 0.461376488 -0.471971035 -0.751248956
vn 0.590451837 -0.805638909 -0.0480893068
vn 0.558850408 -0.49638018 -0.664298832
vn 0.583163023 -0.429939359 -0.689255476
vn 0.450059384 -0.299645245 0.84122479
vn 0.411483556 -0.660435796 -0.628096938
vn 0.285807639 -0.540605485 0.791239262
vn 0.461378694 -0.472013324 -0.75122118
vn 0.553478897 -0.346337765 0.757437348
vn 0.475281864 -0.443163246 -0.760074556
vn 0.564385056 -0.288864702 0.773321807
vn 0.324718267 -0.657731295 -0.679667175
vn 0.397389472 -0.512040138 0.761509359
vn 0.844934046 -0.534192264 -0.026928382
vn 0.517608106 -0.332560569 -0.78834337
vn 0.672326803 -0.738853335 -0.0455239415
vn 0.683872342 -0.298341423 0.665816009
vn 0.781693578 -0.622813642 -0.0325313807
vn 0.860546291 -0.47751385 0.177314937
vn 0.517621756 -0.332530975 -0.788346946
vn 0.443940699 -0.358480036 -0.821223974
vn 0.672321439 -0.73885709 -0.0455428809
vn 0.590431571 -0.805652201 -0.0481147468
vn 0.564265609 -0.565227151 0.601766169
vn 0.165814981 -0.977107346 -0.133291677
vn 0.738075495 -0.656075597 0.157509863
vn 0.285914928 -0.909262121 -0.302481294
vn 0.443953276 -0.35848999 -0.821212709
vn 0.51759702 -0.332583487 -0.788341045
vn -0.36948812 0.396770686 -0.840268731
vn 0.381628096 -0.490810245 -0.783240259
vn 0.443946391 -0.358534336 -0.821197152
vn -0.624102652 -0.609582305 0.488779366
vn -0.722619534 0.441862613 0.531581223
vn -0.830556154 0.164240882 0.53216666
vn -0.830536246 0.164247721 0.532195568
vn -0.671700776 0.678340733 0.297778219
vn -0.684550703 -0.39423418 -0.613163829
vn -0.624105036 -0.609582841 0.488775641
vn -0.830548108 0.164248109 0.53217715
vn -0.338225573 0.50577569 0.79359591
vn -0.671696484 0.678353369 0.297759026
vn -0.0332216732 0.643151104 0.765018344
vn -0.338214159 0.505771518 0.79360342
vn -0.749644637 0.241214484 0.616318583
vn -0.830550373 0.16423434 0.532177746
vn -0.684537709 -0.394254237 -0.613165319
vn 0.443973571 -0.358476698 -0.821207523
vn 0.381698668 -0.490743399 -0.783247769
vn 0.672334075 -0.738844931 -0.0455530472
vn 0.672348619 -0.73883307 -0.0455304794
vn 0.602039456 -0.798441231 -0.00633716583
vn 0.53734237 -0.843226433 -0.0152400723
vn 0.602033377 -0.798445702 -0.00633643148
vn 0.6189031 -0.785461664 0.00297732605
vn 0.537335634 -0.843231022 -0.0152280033
vn 0.590435445 -0.80565089 -0.0480895676
vn 0.499986142 -0.793890953 -0.34605056
vn 0.165799692 -0.977109134 -0.133297265
vn 0.49993977 -0.793922961 -0.346044153
vn 0.285909295 -0.909275472 -0.302446783
vn 0.31851536 -0.478305161 -0.818396091
vn 0.663044572 -0.392835081 0.637222409
vn 0.323002398 -0.44920823 -0.832995415
vn 0.684797943 -0.312673271 0.658245444
vn 0.18565689 -0.670719683 -0.718099177
vn 0.503875017 -0.536174178 0.677220285
vn 0.499952644 -0.793901086 -0.346075863
vn 0.537330389 -0.843233883 -0.0152560305
vn 0.59040606 -0.80567193 -0.0480972491
vn 0.615555823 -0.423161745 -0.664849699
vn 0.38168633 -0.490771145 -0.783236384
vn -0.318344414 0.163951978 -0.933689773
vn -0.263776302 0.14336881 -0.95386976
vn -0.799029112 0.177854702 0.574386835
vn -0.760423064 0.551785946 -0.342474729
vn 0.381651372 -0.490795344 -0.783238351
vn -0.263798624 0.143340588 -0.953867793
vn -0.318346024 0.163966283 -0.933686674
vn 0.615572333 -0.423146158 -0.664844394
vn 0.657642484 -0.473337501 -0.586052895
vn -0.382833153 0.279346704 -0.880570412
vn -0.424301445 0.210621566 -0.880685449
vn -0.799043298 0.177815959 0.574379086
vn -0.71977973 0.312074989 0.62010181
vn -0.382857561 0.279338002 -0.880562484
vn -0.779266596 0.274689972 0.563284039
vn -0.442811996 0.169777885 -0.880393624
vn -0.796141922 0.192094296 0.573809981
vn -0.8672539 -0.231889322 0.440565526
vn -0.542804003 -0.250787079 -0.801542044
vn -0.442779839 0.169856727 -0.880394638
vn -0.542770207 -0.250747532 -0.80157733
vn 0.492408872 -0.636969864 -0.593129635
vn -0.867277741 -0.231857643 0.440535188
vn 0.153642669 -0.626034915 0.764509141
vn -0.760411918 0.551793873 -0.342486918
vn 0.602016926 -0.798458815 -0.00625588372
vn -0.79903537 0.177812874 0.574390948
vn -0.867258728 -0.231813282 0.440596193
vn -0.796135485 0.192073271 0.573825896
vn 0.153644398 -0.626059055 0.764488935
vn 0.60207212 -0.798416674 -0.00632648636
vn 0.381689936 -0.490741521 -0.783253133
vn 0.61553359 -0.42321986 -0.664833367
vn 0.492352307 -0.636964321 -0.593182623
vn -0.542731643 -0.25077185 -0.801595807
vn 0.153700262 -0.626042843 0.7644912
vn -0.799043834 0.177863672 0.574363708
vn 0.601999342 -0.798471272 -0.0063688308
vn 0.287095755 -0.394959509 0.872687221
vn 0.602042854 -0.798438787 -0.00632332265
vn 0.615572572 -0.423131198 -0.664853632
vn 0.287062734 -0.395006418 0.872676849
vn 0.499968648 -0.793884218 -0.346091211
vn 0.285918146 -0.909271121 -0.302451462
vn 0.860564768 -0.477478147 0.177321538
vn 0.860560417 -0.477483481 0.177328363
vn 0.844916344 -0.53421998 -0.026932897
vn 0.499964744 -0.79388988 -0.346084118
vn -0.624109447 -0.609578609 0.488775223
vn -0.684537411 -0.394280672 -0.613148689
vn 0.165830925 -0.977104127 -0.133295447
vn -0.643760443 0.12349543 -0.755196214
vn 0.618849456 -0.785504103 0.00295860716
vn -0.788989902 0.608596146 -0.0842939168
vn 0.461343199 -0.472029537 -0.751232743
vn -0.643747091 0.123517863 -0.755203962
vn 0.657658637 -0.473336846 -0.586035252
vn -0.424295336 0.21058841 -0.880696356
vn 0.679785967 -0.409370869 -0.608528137
vn 0.559492528 -0.796626806 -0.228809237
vn 0.138405338 -0.429406404 0.892442822
vn 0.287389994 -0.0668856204 0.95547545
vn -0.587396741 -0.338334322 -0.735183597
vn 0.559471786 -0.796639025 -0.228817731
vn 0.686306417 -0.663718879 -0.297423512
vn -1.96695328E-06 0.0902217031 -0.995921731
vn -1.61528587E-05 0.517065167 -0.855946004
vn -0.59052062 0.373812556 -0.715227008
vn -0.633644879 0.759458244 -0.147368297
vn -2.63135807E-05 0.981215298 -0.192915544
vn -0.613619149 0.749658644 0.247958809
vn -0.633644342 0.75945735 -0.147375137
vn -0.971387267 0.181524426 0.153152481
vn 1.51023251E-05 0.981221378 -0.192884624
vn -6.70552254E-06 0.955197215 0.295969993
vn -0.613632977 0.749631941 0.248004854
vn -0.613609374 0.749657393 0.247986302
vn -1.87493824E-05 0.955210805 0.295926154
vn -0.428054035 0.564128757 0.706065476
vn 1.00582829E-05 0.955186248 0.296005279
vn 1.05202207E-05 0.634780824 0.772692323
vn -0.428064853 0.564124823 0.706062078
vn -0.303713471 0.24276121 0.921317101
vn -0.873411655 0.27208522 0.403883278
vn -0.428064972 0.564133763 0.706054926
vn -1.38822943E-05 0.63479352 0.772681832
vn -0.587732196 -0.382521361 0.712915301
vn -0.873424768 0.272067338 0.403867096
vn -0.613634229 0.749627411 0.248015866
vn -0.97138536 0.181530714 0.153157294
vn -0.428059578 0.564121366 0.706068039
vn -0.873422682 0.272059411 0.40387693
vn -0.952526867 0.102826938 0.28656444
vn -0.587700009 -0.382529229 0.712937534
vn -0.575779498 -0.389069587 0.719098568
vn -0.952519715 0.102857158 0.286577284
vn -0.971385241 0.181521565 0.15316847
vn -0.884536982 -0.192573175 0.42486462
vn -0.981732786 -0.0993296057 0.162279099
vn -0.859390676 -0.107315473 0.499931037
vn -0.884546936 -0.192562282 0.424848795
vn -0.575794935 -0.389086902 0.719076812
vn -0.952525258 0.102849506 0.286561817
vn -0.981733561 -0.0993427932 0.162266225
vn -0.916898906 -0.16105184 0.365183026
vn -0.980319738 -0.111723542 0.162760645
vn -0.980350614 -0.161960527 0.112611867
vn -0.967115045 0.254324228 -0.00278170407
vn -0.633644283 0.759468794 -0.147315636
vn -0.971209228 0.0723277479 -0.22698313
vn -0.973248959 -0.0806012228 0.215150923
vn -0.890493691 -0.115271248 -0.440151632
vn -0.967112601 0.254333258 -0.00280289003
vn -0.910831511 0.28453061 -0.299045444
vn -0.590480685 0.373836696 -0.715247333
vn -0.633617461 0.759481668 -0.147365287
vn -0.910850406 0.284505129 -0.299012393
vn -0.633654237 0.759446204 -0.147390291
vn -0.96711129 0.254338741 -0.00276421034
vn -0.980325043 -0.111696608 0.162747383
vn -0.929321587 -0.294399917 0.222912908
vn -0.948924243 -0.289503902 -0.125420555
vn -0.87584722 0.0274071079 -0.481809586
vn -0.980330884 -0.162020296 0.112697221
vn -0.890482962 -0.115276545 -0.440172017
vn -0.980320692 -0.11172013 0.162757546
vn -0.973243773 -0.0806046277 0.215173304
vn -0.644780934 -0.0661336631 0.761501133
vn -0.859367371 -0.107311115 0.499972135
vn -0.575775325 -0.389083058 0.719094574
vn -0.916896462 -0.161089882 0.365172476
vn -0.644785523 -0.066112265 0.761499107
vn -0.779784799 -0.100833111 0.617874146
vn -0.871862292 -0.182429478 0.45450598
vn -0.917178869 -0.397660971 0.0254677087
vn -0.779200971 -0.00212827348 0.626770496
vn -0.479354799 -0.8769297 -0.0348317921
vn -0.575782061 -0.389079005 0.719091535
vn -0.473178476 -0.357343346 0.80523777
vn -0.587723672 -0.38257429 0.712894022
vn -0.643382132 -0.0894936472 0.760296285
vn -0.779192209 -0.00215249485 0.626781285
vn -0.467669219 0.0896098018 0.879349589
vn -0.600571036 -0.0874850005 0.794770956
vn -0.441628009 -0.820483685 0.363003224
vn -0.871854126 -0.182418108 0.454526156
vn -0.692834198 -0.0816843957 0.71645546
vn -0.779199183 -0.00213509775 0.626772761
vn -0.407564193 -0.145150542 0.901566863
vn -0.494741529 -0.00173116662 0.869038403
vn 9.32626517E-06 -0.163623169 0.986522973
vn 2.90572643E-06 -0.0546108484 0.998507679
vn -0.11282441 0.970431089 0.213387623
vn -0.410021305 -0.154986054 0.89881134
vn -0.779199541 -0.00213499716 0.626772225
vn -0.467699945 0.0895807222 0.879336119
vn -0.407552838 -0.145138085 0.901573896
vn -0.692823827 -0.0816787481 0.716466248
vn -0.0182065088 -0.96219486 0.271752596
vn -0.410047442 -0.154963315 0.898803353
vn 1.27404919E-05 0.143449664 0.989657581
vn 4.65288686E-05 -0.977257013 0.212058306
vn -0.42951414 -0.830185771 0.355399966
vn 5.65350019E-05 -0.977258742 0.212050289
vn 0.429765731 -0.830049932 0.355413139
vn -0.549828947 -0.822205782 0.147192895
vn -0.643379867 -0.0894824192 0.760299444
vn -0.881163776 0.145597667 0.449835181
vn -0.643360615 -0.0894892588 0.760314941
vn -0.549850583 -0.822189987 0.147200331
vn 8.21649883E-05 -0.231352553 0.972869933
vn 0.643563747 -0.0895017907 0.760141551
vn 0.467865586 0.089585118 0.879247606
vn 9.00030136E-06 0.155885592 0.987775087
vn 0.0182942655 -0.962199271 0.271731108
vn -1.35134906E-05 -0.983628511 0.1802084
vn -0.0181988496 -0.962202668 0.271725565
vn 0.550038755 -0.822073996 0.147145271
vn 0.429756492 -0.830060363 0.355400175
vn 0.881261945 0.145550534 0.449658066
vn 0.643573761 -0.0894662216 0.76013726
vn 0.77935034 -0.00216548541 0.626584709
vn 0.779938698 -0.10076651 0.617690623
vn 0.529054642 0.100011729 0.842673659
vn 0.892898023 0.157049239 0.421981901
vn 0.429716527 -0.830061316 0.3554461
vn 0.871965885 -0.182356939 0.454336345
vn 0.779345334 -0.00214726501 0.626591027
vn 0.916936994 -0.160985798 0.365116537
vn 0.644963682 -0.066088073 0.761350155
vn 0.917241454 -0.397504002 0.0256655253
vn 0.479529649 -0.876832724 -0.0348655581
vn 0.859496832 -0.107273951 0.499757379
vn 0.644963503 -0.0661075115 0.761348784
vn 0.575840652 -0.389408976 0.718865991
vn 0.575811088 -0.389417887 0.718884826
vn 0.47328794 -0.357434481 0.805132985
vn 0.587816119 -0.382490486 0.71286267
vn 0.441774845 -0.82038939 0.363037556
vn 0.600731075 -0.0874688476 0.794651806
vn 0.871972919 -0.182338685 0.454329967
vn 0.692991972 -0.0816857144 0.716302633
vn 0.779360652 -0.00217146636 0.626571774
vn 0.494962931 -0.00168362272 0.868912458
vn 0.407726735 -0.145107195 0.901500285
vn 1.26957884E-05 -0.163605064 0.986525893
vn -1.28746024E-05 -0.05459949 0.998508275
vn 0.112838089 0.970426798 0.213399813
vn 0.410200059 -0.15497151 0.898732305
vn 0.779345989 -0.00217534602 0.626590073
vn 0.407718688 -0.145134956 0.901499391
vn 0.693004251 -0.081658259 0.716293991
vn 0.467848897 0.089611955 0.879253745
vn 0.410243273 -0.154988632 0.898709655
vn 0.0182471573 -0.96220082 0.271728873
vn 3.93390583E-05 -0.940719128 0.339186341
vn -0.441596538 -0.820481896 0.363045424
vn -0.600567758 -0.0874669403 0.794775426
vn 5.07384584E-06 -0.940718949 0.339187294
vn -3.6582353E-06 -0.988243163 -0.152890861
vn -0.441587836 -0.82048744 0.363043398
vn -0.47938168 -0.876914322 -0.0348485783
vn -0.441591501 -0.820491374 0.363030046
vn -0.590518296 0.37379837 -0.715236366
vn -0.910839915 0.284526348 -0.299023926
vn -0.707606971 -0.118307158 -0.696631789
vn -0.615066409 0.0681534931 -0.785524309
vn 7.64010474E-06 0.0902548954 -0.995918691
vn -0.707619965 -0.118311897 -0.696617782
vn -0.875875831 0.0274256617 -0.481756508
vn -0.590502739 0.373797536 -0.715249598
vn -3.25720721E-05 0.517036855 -0.855963111
vn -0.633624732 0.759476244 -0.147361845
vn -3.84449959E-06 0.981215894 -0.192912906
vn -0.707614005 -0.118363217 -0.69661516
vn -0.910868585 0.284444481 -0.299014598
vn -0.890479803 -0.11523293 -0.440189809
vn -0.910827458 0.284522533 -0.29906565
vn -0.971194267 0.0723544136 -0.227038696
vn -0.890456319 -0.115331598 -0.440211535
vn -0.98032552 -0.111689828 0.162749141
vn -0.973246932 -0.0806145445 0.215155169
vn -0.967113912 0.25432831 -0.00278572738
vn -0.973258793 -0.0805622637 0.215121076
vn -0.971222937 0.0723773018 -0.226908803
vn -0.910857618 0.284453928 -0.299039125
vn -0.707614124 -0.118303366 -0.696625233
vn -0.890462279 -0.115235746 -0.440224618
vn -0.875900984 0.0274034161 -0.481712192
vn -0.890495658 -0.115288287 -0.440143347
vn -0.948925853 -0.289475232 -0.125474647
vn -0.875861049 0.0274518151 -0.48178196
vn -0.948937654 -0.289447993 -0.125447854
vn -0.929318607 -0.294371665 0.222962484
vn -0.98034656 -0.161945775 0.112668768
vn -0.980349123 -0.161969572 0.112612441
vn -0.929323494 -0.294388115 0.222920507
vn -0.980315506 -0.111730359 0.162781447
vn -0.0182173811 -0.962201893 0.271726966
vn -1.04010096E-05 -0.983623624 0.180234551
vn 0.202741295 0.853923559 0.479281157
vn -4.2393799E-06 -0.983626306 0.18022047
vn 8.60542059E-06 0.934475482 0.356027573
vn 0.202702269 0.853891253 0.479355216
vn -0.494752526 -0.00170499063 0.869032204
vn -0.600556076 -0.0875097811 0.79477948
vn -0.69280827 -0.081690371 0.716479897
vn -0.0182264373 -0.962204874 0.271716028
vn 0.202753603 0.853901744 0.479314774
vn -0.410022974 -0.154954076 0.898816168
vn 2.21177452E-05 0.984304726 0.17647709
vn -2.09435839E-05 -0.163593069 0.986527979
vn -0.112806238 0.970438242 0.213364303
vn -2.91019696E-05 -0.163629234 0.9865219
vn -0.407548577 -0.145135656 0.90157634
vn -0.112764299 0.970436215 0.213396028
vn 0.20268032 0.853891432 0.479364276
vn -0.112808034 0.970434427 0.21338056
vn -0.410086185 -0.155055046 0.898769855
vn 7.00354576E-06 0.934478521 0.356019557
vn 9.61869955E-06 0.984304845 0.176476344
vn 0.202701554 0.85391134 0.47931987
vn -1.81980442E-06 0.984306455 0.176467702
vn -0.112804994 0.970433116 0.21338886
vn 0.202726141 0.853902042 0.479326099
vn -0.429553419 -0.830158114 0.355417192
vn -2.0426698E-05 -0.977255404 0.212065339
vn -4.73111832E-05 -0.231284097 0.972886324
vn -0.473133236 -0.35735783 0.805257857
vn -0.743965387 0.16009526 0.648756504
vn -0.892809451 0.157099932 0.422150403
vn -0.743980587 0.160058811 0.64874804
vn -0.69358933 -0.0200496968 0.720091581
vn -0.69358325 -0.0200942475 0.720096171
vn -0.336919993 -0.303716898 0.891201973
vn -1.552701E-05 0.314599931 0.949224353
vn -0.743974209 0.160046011 0.648758531
vn -0.556995988 0.143898159 0.817954004
vn 5.00678971E-06 0.232278958 0.972649157
vn -0.528911889 0.100042604 0.84275955
vn 2.06045806E-05 0.143455476 0.989656806
vn -0.429588109 -0.830150664 0.355392486
vn 0.557199538 0.143856674 0.817822635
vn 0.744119048 0.160011441 0.648600996
vn 0.693758488 -0.0202586036 0.719922721
vn 0.744118273 0.160025939 0.648598313
vn 0.473297775 -0.357407659 0.805139184
vn 0.89290905 0.157026529 0.421966881
vn 0.744116247 0.160003871 0.648606002
vn 0.693801582 -0.0202347636 0.719881892
vn 0.337042391 -0.303773016 0.891136587
vn 2.75038146E-05 0.185084209 0.98272264
vn 0.337005049 -0.303787261 0.891145766
vn -3.67462635E-05 0.314601332 0.949223936
vn -0.336941272 -0.303718925 0.891193271
vn -3.85940029E-06 0.232283145 0.972648144
vn 0.529068589 0.100029938 0.842662752
vn 5.92321203E-06 0.143493935 0.989651203
vn 0.429777741 -0.830046237 0.355407536
vn -0.643399656 -0.0894783735 0.760283113
vn -0.779778242 -0.10083539 0.617881894
vn -0.641405523 -0.11968378 0.757809222
vn -0.301402211 -0.516178071 -0.801696301
vn 0.726593316 0.072346203 -0.683248222
vn -0.475369066 -0.133785978 -0.869554758
vn 0.726570249 0.0723388642 -0.683273494
vn 0.577557981 0.354488671 -0.735366881
vn -0.475367755 -0.133807868 -0.869552195
vn 0.55714941 0.33999905 0.757618129
vn 0.698643088 0.0685278177 0.712180972
vn -0.449263692 -0.119991809 0.885304511
vn 0.698631346 0.0685037896 0.7121948
vn -0.280759364 -0.492814392 0.82359463
vn -0.449237198 -0.119989246 0.885318339
vn -0.406762213 -0.133171886 -0.903775275
vn -0.185141027 0.160129681 -0.969577968
vn -0.668407977 -0.522202075 -0.529656231
vn 0.572951913 0.523478568 -0.630631626
vn 0.734076023 0.679052889 -0.00442446768
vn 0.173492178 0.856445849 -0.486210763
vn -0.185167342 0.160133272 -0.969572246
vn 0.173529342 0.85643965 -0.48620832
vn -0.406720519 -0.133178934 -0.903792977
vn -0.475406736 -0.133765638 -0.869537294
vn 0.577606738 0.354441494 -0.735351503
vn 0.572903633 0.523486018 -0.630669296
vn -0.406762481 -0.133145154 -0.903779089
vn 0.726580918 0.072371088 -0.683258772
vn 0.954271436 0.298939914 0.00100256526
vn 0.872323811 0.488928407 0.000209748716
vn 0.57292527 0.523476601 -0.630657375
vn 0.734088421 0.679039478 -0.00443033921
vn 0.26770243 0.963479102 0.00659155892
vn 0.173515305 0.856448591 -0.486197919
vn 0.557142913 0.339984059 0.757629573
vn 0.572281659 0.507994533 0.643766344
vn -0.449223459 -0.120030865 0.88531965
vn -0.363140136 -0.137237668 0.921572089
vn 0.734127522 0.678997219 -0.00442233682
vn 0.572279334 0.507971048 0.643787026
vn 0.267719746 0.963474274 0.00660644611
vn 0.21957998 0.832441866 0.508748651
vn 0.734093606 0.679033875 -0.00442331238
vn 0.21959585 0.832456708 0.508717418
vn 0.954267442 0.298952579 0.00104030978
vn 0.557125211 0.340052247 0.75761205
vn 0.698643446 0.0685465485 0.712178886
vn 0.572280467 0.507975221 0.643782735
vn -0.363109171 -0.137227461 0.921585739
vn 0.0158462543 0.0898292363 0.995831192
vn 0.219574839 0.832445979 0.50874418
vn -0.927972913 -0.37264362 0.00175486982
vn -0.661183953 -0.534289718 0.526659667
vn -0.927984953 -0.372613281 0.00178355339
vn -0.668388963 -0.522231996 -0.529650629
vn -0.985171139 -0.171543285 0.00329438201
vn 0.726624966 0.0724039078 -0.683208466
vn -0.301418513 -0.516159713 -0.801701903
vn 0.643095374 -0.765785992 -0.000461120158
vn 0.954265058 0.298960179 0.00108460349
vn 0.726540804 0.0723514333 -0.683303654
vn 0.698658645 0.0685398132 0.712164521
vn -0.280754089 -0.492845654 0.823577762
vn 0.698605001 0.0685345009 0.712217689
vn 0.643097222 -0.765784383 -0.000489674567
vn -0.730937839 -0.682444036 9.83476639E-07
vn -0.2806786 -0.492886186 0.823579192
vn -0.301481217 -0.516134381 -0.801694691
vn 0.0158453286 0.0897958279 0.995834112
vn -0.363142043 -0.137204155 0.921576321
vn -0.661160171 -0.534330249 0.526648283
vn -0.92797929 -0.372627348 0.00178936101
vn -0.406769514 -0.133135587 -0.903777301
vn -0.668394387 -0.522204041 -0.529671669
vn -0.661168694 -0.534307063 0.526661158
vn -0.92798382 -0.372616142 0.00177372235
vn -0.985170901 -0.171544075 0.00331225619
vn 0.301402807 -0.51617831 -0.801695883
vn 0.475369632 -0.133786112 -0.8695544
vn -0.72659272 0.0723465458 -0.683248818
vn 0.475367993 -0.133807793 -0.869552076
vn -0.577557802 0.354488909 -0.735367
vn -0.726569951 0.0723393261 -0.683273852
vn 0.280759245 -0.492815226 0.823594153
vn -0.698630989 0.0685042739 0.712195098
vn 0.449237436 -0.119990207 0.885318041
vn -0.698643148 0.0685282052 0.712180972
vn -0.557149172 0.339999288 0.757618129
vn 0.449263453 -0.119992331 0.88530457
vn 0.406761587 -0.133172274 -0.903775573
vn 0.668407559 -0.522202373 -0.529656529
vn 0.185140669 0.16012913 -0.969578028
vn -0.572951853 0.523476243 -0.630633712
vn -0.173491865 0.856444657 -0.486213148
vn -0.734075665 0.679053187 -0.00442774547
vn 0.185168117 0.160133287 -0.969572127
vn -0.173528984 0.856439888 -0.486208141
vn 0.406721145 -0.133179173 -0.903792679
vn 0.475406379 -0.133765668 -0.869537592
vn -0.577606022 0.35444203 -0.735351741
vn 0.406761527 -0.133145079 -0.903779566
vn -0.572904408 0.523485899 -0.630668819
vn -0.72658062 0.0723717511 -0.68325901
vn -0.954271197 0.298940629 0.00100208831
vn -0.872324049 0.48892808 0.000209273785
vn -0.572924733 0.523476243 -0.630658209
vn -0.734088361 0.679039538 -0.00443136739
vn -0.173515067 0.856448114 -0.486198664
vn -0.26770249 0.963479102 0.00659053307
vn -0.734127641 0.678997099 -0.00442321599
vn -0.572281122 0.507993281 0.643767953
vn -0.557144821 0.33999756 0.757622123
vn -0.954259694 0.298977494 0.000997576746
vn -0.698643088 0.0685464814 0.712179184
vn -0.267719746 0.963474274 0.00660556601
vn -0.219580173 0.832442343 0.508747876
vn 0.449223459 -0.120030969 0.88531965
vn 0.363140017 -0.137237728 0.921572089
vn -0.57227999 0.507975101 0.643783331
vn 0.363110751 -0.137231812 0.921584547
vn -0.0158463437 0.089827992 0.995831311
vn -0.219574451 0.832445204 0.508745492
vn 0.661183715 -0.534292638 0.526656926
vn 0.927972496 -0.372644454 0.00175200391
vn -0.57225883 0.508010387 0.643774211
vn -0.734116554 0.679008901 -0.00445346208
vn -0.219595239 0.832455456 0.508719683
vn 0.927984297 -0.372615069 0.0017843321
vn 0.985170782 -0.171545178 0.0032950344
vn 0.668388486 -0.522233725 -0.529649615
vn -0.726550341 0.0723105371 -0.683297813
vn -0.64309603 -0.765785396 -0.000461410731
vn 0.301418334 -0.516159356 -0.801702321
vn -0.95426482 0.298960626 0.0010845958
vn -0.72653991 0.072354354 -0.68330425
vn -0.698656321 0.0685453862 0.712166309
vn 0.280753911 -0.492846698 0.823577166
vn -0.643098235 -0.765783489 -0.000489488244
vn -0.698604822 0.0685354993 0.712217867
vn 0.730937839 -0.682444096 1.07288361E-06
vn 0.28067866 -0.492886245 0.823579133
vn 0.301481158 -0.516134143 -0.80169481
vn -0.0158469658 0.0897966772 0.995833993
vn 0.661159277 -0.534329832 0.526649773
vn 0.363140434 -0.1372035 0.921577036
vn 0.92797941 -0.372627288 0.00179037277
vn 0.668394446 -0.522204995 -0.529670358
vn 0.40677014 -0.13313745 -0.903776824
vn 0.661168039 -0.534308076 0.526660919
vn 0.985170662 -0.171544909 0.00331244967
vn 0.927983582 -0.372616887 0.00177370943
vn 0.727076411 -0.19754757 0.657521784
vn 0.703240752 -0.457541645 0.54415822
vn 0.139591336 -0.53637588 0.832355142
vn 0.703305185 -0.457465351 0.544138968
vn 0.0127570406 -0.518044472 0.855258584
vn 0.139601558 -0.536367953 0.832358658
vn -0.739657879 -0.318762422 0.592702866
vn -1.79409981E-05 0.980988801 0.194064125
vn -0.87194699 -0.481354892 -0.0894756243
vn -0.881711006 -0.011875689 -0.471640408
vn -0.871938646 -0.481352359 -0.0895703062
vn -0.584812999 -0.544184625 -0.601545393
vn -0.584856212 -0.544221163 -0.601470351
vn 0.0140654435 0.0267145894 -0.999544084
vn 0.0846562535 -0.484934837 -0.870443285
vn 0.660063744 -0.4860726 -0.572755873
vn 0.660072625 -0.486075282 -0.572743416
vn 0.792092741 0.251698911 -0.556090593
vn 0.0140740741 0.0267447289 -0.99954319
vn 0.662304044 0.169606581 -0.729785502
vn 0.168219507 0.0864545479 -0.981950998
vn -0.000635810196 -0.0533835031 -0.998573899
vn -0.881750584 -0.0118911639 -0.471566051
vn 6.20633291E-05 0.980995476 0.194030538
vn -0.000611186028 -0.0533599667 -0.998575211
vn -0.584832251 -0.544204354 -0.601508856
vn 0.0847171023 -0.484887213 -0.870463967
vn 0.0140405884 0.0267148279 -0.999544442
vn 0.660027027 -0.486090809 -0.572782755
vn 0.927353323 -0.37315318 -0.0277960449
vn 0.792098403 0.251665354 -0.556097686
vn 0.952569187 0.293659449 0.0798509121
vn 0.792111039 0.251664311 -0.556080103
vn 0.966083109 -0.236337155 -0.104058415
vn 0.927369595 -0.373114049 -0.0277769528
vn 0.703301847 -0.45751819 0.544098973
vn 0.966079891 -0.236332878 -0.10409794
vn 0.966295123 0.121806651 -0.226796806
vn 0.757823825 0.212626025 -0.616841435
vn 0.827330709 0.129607096 -0.546558201
vn 0.757817328 0.21263127 -0.616847575
vn 0.367668629 0.0658445656 -0.927622914
vn 0.81469655 0.161123917 -0.557053566
vn 0.396588504 0.194632769 -0.897126257
vn 0.272180408 0.296034545 -0.915577114
vn 0.238386571 0.197861552 -0.950801075
vn 0.662318587 0.169595987 -0.729774773
vn 0.168223172 0.0864239112 -0.981953084
vn 0.238380969 0.19784084 -0.950806797
vn -0.000442765653 0.00767853344 -0.999970436
vn -0.000680435391 0.157723859 -0.987483025
vn 0.168176562 0.0864381269 -0.98195982
vn -0.000674426556 -0.0533864424 -0.998573661
vn 0.00078576809 0.212299123 -0.977204382
vn 0.396587312 0.194656312 -0.897121668
vn 0.00105679035 0.31523326 -0.94901365
vn 0.272184134 0.29600364 -0.915585995
vn 0.0128065944 -0.518021405 0.855271816
vn 0.703250349 -0.457534432 0.544151843
vn 0.180402711 -0.979247689 -0.0923513323
vn -0.750280619 -0.475295335 0.459535897
vn 0.0127132842 -0.518007219 0.85528177
vn 0.927364767 -0.373128146 -0.0277468227
vn 0.660032749 -0.486101627 -0.57276696
vn 0.70326817 -0.457517207 0.54414326
vn 0.0846264958 -0.48490575 -0.870462418
vn -0.584811866 -0.544215918 -0.601518154
vn 0.180397555 -0.97924906 -0.092346549
vn 0.660070121 -0.486073941 -0.57274735
vn 0.0846739486 -0.484910667 -0.870455027
vn -0.871961892 -0.481327623 -0.089477405
vn -0.750277996 -0.475325465 0.459509104
vn -0.584847212 -0.544221878 -0.601478338
vn 0.814687312 0.161137044 -0.557063222
vn 0.981232643 0.188459083 -0.0408119559
vn 0.698062897 0.212778166 -0.683691084
vn 0.981232107 0.188462198 -0.0408113971
vn 0.760127246 0.172416016 0.626481593
vn 0.711574376 0.253181577 0.655409098
vn 0.272183597 0.296016067 -0.91558212
vn 0.81469214 0.161167577 -0.557047367
vn 0.698036134 0.212786213 -0.683715999
vn 0.990847945 0.129843131 0.0368915722
vn 0.966087341 -0.236316159 -0.104066432
vn 0.952568412 0.293673217 0.0798082352
vn 0.966096342 -0.236292675 -0.104036346
vn 0.966294706 0.121811867 -0.226796135
vn 0.662318051 0.169596523 -0.72977525
vn 0.757818937 0.21259369 -0.616858542
vn 0.952573836 0.293647856 0.0798373371
vn 0.841918409 -0.539604723 -0.000284604728
vn 0.990849018 0.129828244 0.036916472
vn 0.952563882 0.293677241 0.0798481256
vn 0.727101922 -0.197536901 0.65749681
vn 0.703255057 -0.457501709 0.544173241
vn 0.726504862 -0.107061118 0.678769946
vn 0.963320136 0.0501078367 0.263635069
vn 0.990845621 0.129857048 0.0369067229
vn 0.841904044 -0.539627135 -0.000298425555
vn 0.963323772 0.0501381755 0.263615966
vn 0.842283607 -0.53899616 -0.00644351169
vn 0.727078617 -0.197558746 0.657515943
vn 0.963319123 0.0500810258 0.26364392
vn -0.739701033 -0.318753213 0.592654049
vn -8.24779272E-06 0.981000423 0.194005638
vn 0.000349860638 -0.365429074 0.930839181
vn 0.662309945 0.169577435 -0.729786992
vn 0.792102277 0.251684338 -0.55608362
vn 0.96630615 0.121821679 -0.226742268
vn -1.58622879E-05 0.517065227 -0.855946004
vn 9.74535851E-06 0.0902310237 -0.995920777
vn 0.590664804 0.37372762 -0.715152204
vn -7.20191701E-06 0.955207646 0.295936465
vn 6.1988826E-06 0.981211305 -0.192936018
vn 0.613796115 0.749524653 0.247925416
vn 1.77323818E-05 0.981213808 -0.192923114
vn 0.63383466 0.759311855 -0.147306085
vn 0.613803566 0.749518037 0.247927234
vn 0.633841455 0.759297073 -0.147353232
vn 0.971413374 0.181475788 0.153044343
vn -9.88133252E-07 0.634809494 0.77266866
vn 3.15904545E-05 0.955203116 0.29595086
vn 0.428220302 0.56409806 0.705989182
vn 0.873455048 0.27217558 0.403728664
vn 0.303832531 0.24279581 0.921268642
vn -5.68507312E-05 0.634767294 0.772703409
vn 0.428211659 0.564096093 0.705996096
vn 0.873441637 0.272202224 0.403739423
vn 0.587801874 -0.382500857 0.712868929
vn 0.971410453 0.181482613 0.153055027
vn 0.952615798 0.103055924 0.286186218
vn 0.884524167 -0.193157837 0.424625725
vn 0.981749415 -0.0991146341 0.162309095
vn 0.884512603 -0.193186387 0.42463699
vn 0.859474421 -0.107276447 0.499795526
vn 0.57584697 -0.389399916 0.718865693
vn 0.952626944 0.103067189 0.28614518
vn 0.981750429 -0.099109821 0.162305743
vn 0.916936874 -0.160963327 0.36512664
vn 0.98034209 -0.111535147 0.162754953
vn 0.980396748 -0.161593825 0.112737261
vn 0.971414685 0.181453452 0.153062314
vn 0.613803625 0.749512374 0.247943893
vn 0.96714282 0.254218519 -0.00278504542
vn 0.633808017 0.759329677 -0.147328943
vn 0.873456657 0.272180468 0.40372166
vn 0.428221077 0.564077854 0.706004858
vn 0.952615142 0.103068873 0.286183864
vn 0.587829769 -0.382507741 0.712842226
vn 0.57584548 -0.389388829 0.718872845
vn 0.337007225 -0.303792179 0.891143382
vn 0.473309994 -0.357388616 0.805140376
vn 0.303832501 0.242811069 0.921264589
vn 1.65910442E-05 0.168386176 0.985721111
vn 2.8491022E-05 0.185089663 0.982721627
vn 0.303848118 0.242763489 0.921272099
vn 0.644969881 -0.0660838112 0.761345327
vn 0.512846231 0.17034471 0.841410339
vn 0.641584516 -0.119684212 0.757657468
vn 0.779951096 -0.100795291 0.617670238
vn -1.31898569E-05 0.253038645 0.967456222
vn -4.4696033E-05 0.634796143 0.772679687
vn 1.15931034E-05 0.168364272 0.985724807
vn -0.303688765 0.242763355 0.921324611
vn -1.51991844E-05 0.634785593 0.772688329
vn -0.33690232 -0.303699195 0.891214788
vn -1.1846422E-06 0.16837956 0.985722184
vn -0.30372104 0.242776319 0.921310544
vn 5.28991166E-07 0.185095266 0.982720554
vn -0.473147571 -0.357372165 0.805243134
vn -0.512682378 0.170357734 0.841507614
vn -0.644764841 -0.0661322176 0.761514783
vn -0.641381919 -0.119716696 0.757823944
vn -0.779791832 -0.100797743 0.617871046
vn -2.83094087E-05 0.955190897 0.295990288
vn 0.613800168 0.749508142 0.247965813
vn 0.4282251 0.56407696 0.70600301
vn 0.971234322 0.0722972751 -0.226885676
vn 0.890700996 -0.115185566 -0.439754277
vn 0.973271072 -0.080542922 0.215072647
vn 0.967142463 0.254219592 -0.00281211734
vn 0.9109447 0.284370929 -0.298852623
vn 0.590643764 0.373751312 -0.715157211
vn 0.910933495 0.28438732 -0.298871279
vn 0.633826375 0.759333849 -0.147228628
vn 0.967141151 0.254225105 -0.00275135646
vn 0.633802593 0.759343028 -0.147283688
vn 0.949104607 -0.289110839 -0.124961741
vn 0.929555058 -0.293837547 0.222681075
vn 0.980341971 -0.111539476 0.162752867
vn 0.876000166 0.0278367959 -0.481506974
vn 0.980380833 -0.161643088 0.112804726
vn 0.890682876 -0.115212411 -0.439784139
vn 0.980344713 -0.111520872 0.162749037
vn 0.973268151 -0.0805771425 0.21507293
vn 0.550010383 -0.822091341 0.147154078
vn 0.881264687 0.145570055 0.449646533
vn 0.643577397 -0.0894736648 0.760133326
vn 0.643633187 -0.0894685835 0.760086656
vn -1.37835732E-05 -0.23132205 0.972877145
vn 0.550029397 -0.822077453 0.14716126
vn -0.643395126 -0.0894808844 0.760286748
vn -1.72853481E-06 0.155878082 0.987776279
vn -0.018253712 -0.962207079 0.271706194
vn 0.018234551 -0.962191641 0.271762222
vn 7.17490957E-06 -0.983630002 0.180199847
vn -0.549845338 -0.822200954 0.147158369
vn -0.42956087 -0.83016187 0.3553994
vn -0.881178439 0.145630524 0.449796021
vn -0.528890491 0.100050338 0.842772126
vn -0.892796218 0.157106504 0.422175914
vn -0.429565996 -0.83016187 0.355392992
vn 0.600757301 -0.0875140429 0.794626951
vn 0.441826314 -0.820363998 0.36303246
vn 5.6582503E-05 -0.940721571 0.339179844
vn -1.25057977E-05 -0.940720916 0.339181513
vn 0.441782087 -0.820392191 0.363022417
vn 8.06897879E-06 -0.988236487 -0.152933106
vn 0.441766977 -0.820403993 0.363014072
vn 0.479512781 -0.876843035 -0.0348404534
vn 0.590611994 0.373762876 -0.715177417
vn 0.707927823 -0.118131436 -0.696335495
vn 0.910934091 0.28438288 -0.298873663
vn 5.84125519E-06 0.0902165249 -0.995922208
vn 0.61519742 0.0682607368 -0.78541249
vn 0.875977516 0.0278157424 -0.481549144
vn 0.70794332 -0.118135072 -0.696319163
vn 0.59064424 0.373740464 -0.715162635
vn 1.06990328E-05 0.51701808 -0.855974495
vn 0.633828878 0.759314954 -0.147314981
vn -1.91517174E-05 0.981212318 -0.19293125
vn 0.971246123 0.0723011941 -0.226833671
vn 0.910912812 0.284416676 -0.298906446
vn 0.890698016 -0.115130313 -0.43977493
vn 0.910902441 0.284395367 -0.298958033
vn 0.707905054 -0.118159473 -0.696353912
vn 0.890682578 -0.115178026 -0.439793766
vn 0.980337739 -0.111600384 0.162737086
vn 0.967137992 0.25423649 -0.00278195692
vn 0.973271072 -0.080585286 0.215056866
vn 0.910921037 0.284368277 -0.298927367
vn 0.97123158 0.0723274648 -0.226887181
vn 0.973266125 -0.0805979893 0.215074375
vn 0.707941175 -0.118140556 -0.696320415
vn 0.875992477 0.0278407354 -0.481520504
vn 0.890701294 -0.115247682 -0.439737648
vn 0.875977278 0.0278217886 -0.481549263
vn 0.949118555 -0.289046228 -0.125004575
vn 0.890693724 -0.115280099 -0.439744443
vn 0.980394721 -0.161618277 0.112719476
vn 0.92957741 -0.293763846 0.222684816
vn 0.949110329 -0.289078474 -0.124993034
vn 0.980394125 -0.161591098 0.112763822
vn 0.980350912 -0.111474976 0.162743255
vn 0.929563105 -0.293804467 0.222691283
vn -1.46031391E-06 0.934477687 0.356021911
vn -1.37984762E-05 -0.983626783 0.180217937
vn -0.202725008 0.853954852 0.479232311
vn -3.31178308E-06 -0.983626425 0.180219665
vn 0.0182654969 -0.962196827 0.271741688
vn -0.202760652 0.85392648 0.479267895
vn 0.494955719 -0.00171196833 0.868916512
vn 0.692963183 -0.0816799775 0.716331184
vn 0.60074681 -0.0875010416 0.79463625
vn 0.0182384998 -0.962195277 0.271749079
vn 0.41020301 -0.15498434 0.898728728
vn -0.202710658 0.853923917 0.479293644
vn 9.25734639E-06 0.984305084 0.176475286
vn 0.112790734 0.970440865 0.213360474
vn 3.67462635E-05 -0.163633049 0.986521244
vn 0.112878412 0.970428348 0.213370919
vn 0.407741755 -0.145128116 0.901490092
vn -2.12918967E-05 -0.163620755 0.98652333
vn -0.202748373 0.853939593 0.479249686
vn 0.410182387 -0.154940799 0.898745656
vn 0.112846896 0.970431507 0.213373601
vn -1.36345625E-06 0.934481621 0.356011182
vn -0.20274733 0.853923321 0.479279101
vn 9.2536211E-06 0.98430866 0.176455066
vn -0.202725768 0.853931487 0.479273647
vn 0.112866081 0.970427811 0.213380054
vn 5.07198229E-06 0.984306693 0.176466331
vn 8.38935375E-05 -0.231285527 0.972885966
vn -1.10268593E-05 -0.977248788 0.21209605
vn 0.429724991 -0.830073953 0.355406135
vn 0.643590212 -0.0894733295 0.760122359
vn 0.641599238 -0.119665429 0.757648051
vn 0.779939413 -0.100776516 0.617688179
vn 0.774303496 -0.320059597 0.545908391
vn 0.81547302 -0.0194002818 0.578469992
vn 0.401341289 -0.334936172 0.852492213
vn 2.04453281E-05 -0.364211887 0.931316197
vn 0.799957991 -0.291836947 -0.524307609
vn 0.954868317 -0.295298159 0.0320224985
vn 0.401338279 -0.334916472 0.852501333
vn 0.774311364 -0.32003504 0.545911551
vn -1.66334212E-05 -0.99878639 0.0492513701
vn 3.47860769E-05 -0.364212215 0.931315958
vn 0.4013004 -0.334927142 0.852515042
vn 0.375025719 -0.278537691 -0.884178936
vn -3.76403295E-05 -0.271733433 -0.962372541
vn 0.799979806 -0.291840136 -0.524272621
vn 0.37514019 -0.278606921 -0.884108603
vn 0.954874754 -0.295275122 0.0320445709
vn 0.799994051 -0.29184109 -0.524250269
vn 0.774315119 -0.320070684 0.545885384
vn 0.984051585 0.177397758 0.0131341815
vn 0.981184363 0.193036556 0.0037761631
vn 0.761337161 0.255763739 -0.595777333
vn 0.334089309 0.30907926 -0.890423656
vn 0.37656495 0.176470056 -0.909426868
vn 0.761318624 0.255755484 -0.595804572
vn 0.415179193 0.0576710068 -0.907909811
vn -2.37566455E-05 0.169889033 -0.985463262
vn 0.334075034 0.309083104 -0.890427709
vn 5.0074882E-06 0.310538501 -0.950560808
vn 0.376562595 0.176454812 -0.909430742
vn 0.799981296 0.175921232 -0.573656321
vn 0.761319935 0.255753905 -0.595803559
vn 0.981182516 0.193046153 0.00375921186
vn 0.984057248 0.177365988 0.0131392768
vn 0.801622689 0.204783484 0.561662436
vn 0.750271738 -0.475340873 0.459503561
vn -0.0127233053 -0.51803422 0.855265319
vn 0.739712358 -0.318743914 0.59264493
vn -0.139557153 -0.536355376 0.832374096
vn 0.871948659 -0.481343806 -0.0895189345
vn 0.750281811 -0.475296348 0.459532946
vn 1.41859045E-05 0.981000602 0.194004402
vn 0.739703178 -0.318742514 0.592657149
vn -0.395755827 0.194373995 -0.897550046
vn -0.270651728 0.297206014 -0.915650666
vn -0.814141452 0.161154717 -0.557855666
vn -0.368305445 0.0657666773 -0.927375734
vn -0.827335656 0.129140973 -0.54666096
vn -0.758477092 0.212376758 -0.616123796
vn -0.239192873 0.198420197 -0.95048207
vn -0.662202358 0.170382738 -0.729696989
vn -0.168249696 0.0869634598 -0.981900871
vn -0.000443782657 0.00770011358 -0.999970317
vn -0.239198744 0.198439091 -0.950476706
vn -0.000677444914 0.157733262 -0.987481534
vn -0.168265343 0.0869614258 -0.981898367
vn -0.00064143911 -0.0533766784 -0.998574257
vn 0.000816099229 0.212319717 -0.977199852
vn -0.395744085 0.194382817 -0.897553325
vn 0.00106102228 0.315226823 -0.949015796
vn -0.270675033 0.297217667 -0.915640056
vn -0.354586869 0.142004728 0.924176812
vn -0.379947305 0.198728874 0.903408408
vn 1.7762186E-05 0.163174048 0.986597359
vn -5.58048532E-06 0.111716814 0.993740082
vn -0.368780345 0.0451396741 0.928419888
vn -1.28597021E-05 0.0346571244 0.999399304
vn -0.389123291 -0.0203368962 0.920961201
vn 0.389123201 -0.0203369055 0.920961201
vn -0.795534253 0.177681506 0.579270661
vn -0.354582548 0.142026335 0.924175203
vn -0.379965127 0.198724046 0.90340203
vn -0.801631272 0.204790831 0.561647654
vn 0.368780285 0.0451396815 0.928419888
vn 0.795534253 0.177681416 0.579270661
vn 0.354582846 0.142026588 0.924175024
vn 0.379950166 0.198718727 0.903409481
vn 0.801631272 0.204790652 0.561647654
vn 2.1204818E-05 0.0346629173 0.999399066
vn -0 0.111733541 0.993738174
vn 0.35458681 0.142004728 0.924176812
vn 1.65253896E-05 0.163186744 0.986595273
vn 0.379947662 0.198729053 0.903408349
vn -0.0531749949 -0.473576903 0.879145801
vn -0.642046034 -0.281127304 0.713263214
vn -0.400978744 0.211567178 0.891322255
vn 0.641932249 -0.76308012 0.0750436708
vn -0.741898715 -0.517460525 -0.426404625
vn -0.501051962 -0.611574411 -0.612310171
vn -0.99404645 0.108642139 0.00827316009
vn -0.994044721 0.108658649 0.00827030744
vn -0.642098427 -0.281046063 0.713248074
vn -0.869303823 0.0466662943 -0.492070138
vn -0.870105982 0.491987169 0.0294000804
vn -0.400955528 0.211596653 0.891325772
vn -0.642068028 -0.281109363 0.713250399
vn 0.783851564 -0.144372672 0.603931487
vn 0.792925954 0.108205684 0.599633098
vn 0.449980438 -0.144915849 0.881202042
vn 0.412724137 0.0994245335 0.905413508
vn 0.789136529 0.174665675 0.588859379
vn 0.449974209 -0.144911945 0.881205797
vn 0.412753671 0.0994298235 0.905399442
vn 1.257658E-05 -0.127272874 0.991867721
vn -1.44597134E-05 0.0272603165 0.999628425
vn 0.376243651 0.148770839 0.914498687
vn 2.13067979E-05 0.115037918 0.993361115
vn 3.79979574E-05 -0.618577003 0.785724163
vn 1.43051138E-05 0.0272602644 0.999628425
vn -0.412723958 0.0994242728 0.905413568
vn -0.789136529 0.174665838 0.58885932
vn -0.7929492 0.108195186 0.599604309
vn -0.449975729 -0.144904464 0.881206274
vn -0.412753433 0.0994297937 0.905399501
vn -1.23454811E-05 -0.127273038 0.991867721
vn -0.376243651 0.148770839 0.914498687
vn -2.13235635E-05 0.115037881 0.993361115
vn -3.80873716E-05 -0.618577003 0.785724223
vn 0.333074689 -0.0565547198 -0.941202879
vn 0.800005496 -0.202933326 -0.564632058
vn 0.430495888 0.168973282 -0.886634827
vn 0.598968089 -0.376683176 -0.706644833
vn 0.37779212 0.599727154 0.705407977
vn 0.238874748 0.506275594 0.828627765
vn 0.383543551 0.772254467 0.506475568
vn 0.448629439 0.239214808 0.861108601
vn 0.581114173 -0.0924785659 0.808550596
vn 0.276715904 0.00776637299 0.960920393
vn 0.273451507 0.263639063 0.925050616
vn 0.409435362 -0.0469799563 0.9111287
vn 8.58865769E-06 -0.016981801 -0.999855757
vn 0.14237608 -0.0450384207 -0.988787472
vn 9.3653789E-06 0.329731494 -0.94407469
vn 3.63134359E-06 -0.283987731 -0.958827913
vn 0.199364454 -0.321308196 -0.925750971
vn -3.36766311E-06 -0.244347095 -0.969687879
vn 0.282783031 -0.278475583 -0.917869925
vn 0.327176064 -0.111311197 -0.938384533
vn 0.33307755 -0.0565460511 -0.941202343
vn 0.162076101 0.40651387 -0.899153948
vn 0.199371547 -0.321290761 -0.925755441
vn 0.282805532 -0.278467268 -0.917865396
vn 0.693837464 -0.290038556 -0.659141302
vn 0.598990917 -0.376684785 -0.706624687
vn 0.199357644 -0.321298271 -0.925755858
vn 0.333089024 -0.0565406457 -0.941198647
vn 0.282780439 -0.27845481 -0.917876959
vn 0.142362192 -0.045060344 -0.988788426
vn 0.162085071 0.406482488 -0.899166465
vn -1.25672668E-05 0.329717666 -0.944079578
vn -1.30012631E-05 0.701263428 -0.712902248
vn 0.35162577 0.924203217 -0.149023145
vn 0.383528203 0.772260368 0.506478131
vn 0.488278359 0.871642768 0.042698063
vn 0.618249416 0.634361684 0.46406135
vn 0.510801315 0.771023393 -0.380269647
vn -9.96189101E-06 0.45245719 -0.891786158
vn -1.40368929E-05 0.756348312 -0.654169083
vn 0.782411754 0.326426446 -0.530356169
vn 0.510819197 0.771019399 -0.380253524
vn 0.7824108 0.326415956 -0.530364096
vn 0.510838568 0.771023452 -0.380219311
vn 0.976492226 0.201166734 0.0774272159
vn 0.618236005 0.634353459 0.464090526
vn -0.994282603 -0.050966315 0.093833074
vn -0.982682705 -0.161259621 0.0912693515
vn -0.395583123 -0.134143114 0.908581018
vn -0.992732704 -0.0695496798 0.0982068777
vn -0.479514658 -0.208429977 -0.852421641
vn -0.54333508 -0.138710499 -0.8279773
vn 0.577897131 -0.182659656 -0.795405805
vn -0.543598294 0.0205328148 -0.839094222
vn -0.543318331 -0.138732702 -0.827984571
vn 0.597898006 -0.122133881 -0.792213023
vn 0.57792604 -0.182626203 -0.795392454
vn -0.595099747 0.056123089 -0.801689804
vn 0.6087538 0.0621418841 -0.790921748
vn 0.564319015 0.0735688582 -0.822272301
vn 0.597920239 -0.122147046 -0.792194068
vn 0.993910909 -0.0744080842 -0.0812683925
vn 0.979324996 -0.177446187 -0.0971357748
vn 0.608767152 0.0621731766 -0.790908992
vn 0.983956277 0.134023786 -0.117760874
vn 0.987587094 0.0795969442 -0.135411352
vn -0.435074151 -0.349949658 0.829605699
vn 0.228894934 -0.201365992 0.952396333
vn -0.689374208 -0.142327979 0.710285842
vn 0.219690502 -0.438242018 0.871596277
vn -0.533837497 -0.0365269147 -0.84479779
vn -0.539460719 -0.238401577 -0.807556033
vn -1.13248807E-05 -0.998376846 0.0569526032
vn 2.66432762E-05 -0.0736382157 -0.997285008
vn -0.678179145 -0.356682658 0.642534375
vn -0.998233914 0.0102157379 0.0585211292
vn -0.994737327 -0.101230465 -0.0158146322
vn -0.422826141 -0.186553776 0.886800826
vn -0.397468448 -0.10537345 0.911545634
vn -0.992732584 -0.0695418939 0.0982134864
vn -0.395581871 -0.134123713 0.908584476
vn -0.477870852 0.0242674593 0.878094852
vn -0.99428153 -0.051006455 0.0938226357
vn -0.986040235 0.149634406 -0.0730358586
vn -0.435091913 -0.349922627 0.829607964
vn -0.982013524 -0.158335522 0.102856055
vn -0.988698125 -0.144406989 0.0402833857
vn -0.689353943 -0.142279103 0.710315347
vn -0.678182065 -0.356655359 0.642546594
vn 0.686742485 -0.197463527 0.699566185
vn 0.716903031 -0.342250139 0.607383549
vn -0.457373142 -0.267272174 0.848160028
vn -0.385980159 -0.131034791 0.91315341
vn 0.716911137 -0.342204094 0.6074
vn -0.435079187 -0.349934906 0.829609334
vn -0.457347542 -0.267209679 0.848193586
vn 0.228912622 -0.201370761 0.952391148
vn -0.539449036 -0.238370433 -0.80757308
vn 0.388680071 0.0974773914 -0.91620189
vn 8.76560898E-06 -0.0736183003 -0.997286558
vn -2.1148473E-05 0.206121325 -0.978526473
vn 0.906581521 -0.171671376 0.385537088
vn 0.219707265 -0.438214391 0.871605873
vn 0.22890681 -0.201373428 0.952391922
vn 0.792822838 -0.0692086592 0.605509877
vn 0.090785414 0.885285556 0.456100553
vn 0.862963021 0.467141062 0.192546174
vn 0.696378767 0.698271871 0.165750042
vn 0.848200858 0.348621726 0.398770988
vn -0 -1 1.13100931E-07
vn 0.455657899 -0.89009285 0.0105202803
vn -0 -1 1.13100931E-07
vn -0.614369571 -0.78845191 -0.0298933685
vn -0.55778718 -0.829965174 -0.00560030388
vn -0 -1 1.18079434E-07
vn -0.329243869 -0.909879804 0.252422631
vn 0.0729671791 -0.911995828 0.403657436
vn 0.342883289 -0.911740005 0.226188257
vn 0.455658942 -0.890092731 0.0104797035
vn 0.455657512 -0.890092731 0.0105362674
vn 0.592295229 -0.804564476 -0.0431548506
vn -0 -1 1.56328412E-07
vn 0.604516625 -0.790687621 -0.0968125612
vn -0.67548281 -0.731641829 -0.0917779505
vn -0.00176075276 -0.999933243 -0.0114214439
vn -0.276384562 -0.661432624 -0.697222054
vn 0.304081678 -0.777876139 -0.549948215
vn -0.981144369 0.0598756932 -0.183767542
vn -0.541970074 0.0976827443 -0.834701478
vn -0.595078707 0.0560323484 -0.801711738
vn -0.276340634 -0.661415756 -0.697255373
vn -0.868104279 0.4718557 0.154101089
vn -0.9860394 0.149638221 -0.0730396658
vn -0.215615496 0.604692519 0.766718268
vn -0.47786504 0.0243200622 0.878096521
vn 0.574098766 0.258415371 0.776937604
vn 0.564775467 0.302770048 0.767697096
vn -0.429065555 -0.409734279 0.804997206
vn -0.475677133 -0.343971997 0.80957669
vn 0.562752485 0.30843246 0.766928315
vn -0.475643575 -0.344006449 0.809581876
vn 0.841110706 0.540032923 0.029954955
vn 0.574100971 0.258416921 0.776935458
vn 0.807284057 0.590149701 -0.0039768219
vn 0.56477201 0.302803397 0.767686605
vn 0.807275295 0.590161622 -0.0039964919
vn 0.86337316 0.504558086 0.00279393792
vn 0.913780749 0.405377716 0.025954023
vn 0.598995328 0.222600356 0.769190311
vn 0.568542898 0.383009464 0.728054106
vn 0.671675622 0.678365648 0.297778338
vn -0.683903337 -0.298339635 0.665784955
vn 0.182251871 0.0174124464 0.983097613
vn -0.615251064 -0.321096599 0.719974399
vn -0.316003799 -0.75595063 0.573306441
vn 0.170109257 0.155769259 0.973035812
vn 0.318912923 0.709892571 0.627970636
vn 0.568032324 0.548223972 0.613831997
vn 0.170089453 0.155770063 0.97303921
vn 0.182236627 0.0173773244 0.98310107
vn 0.102288917 0.0867528319 -0.990964651
vn 0.571995318 0.569478273 -0.590352297
vn 0.0671474934 0.200546905 -0.977380335
vn 0.283445597 0.743321419 -0.605914056
vn 0.528302193 0.235611528 0.815710783
vn 0.511723518 0.346103877 0.786352992
vn -0.553476989 -0.346334398 0.757440269
vn 0.549851418 0.342596948 0.761768162
vn -0.564416945 -0.288858593 0.773300886
vn -0.45005089 -0.299649686 0.841227829
vn 0.68964994 0.261695474 0.675202429
vn -0.285803914 -0.540649056 0.79121089
vn 0.664247334 0.318681061 0.676178813
vn 0.684291959 0.251185507 0.684580386
vn 0.591441214 0.358901799 0.722071171
vn -0.441970736 -0.337472349 0.831128299
vn 0.664254129 0.318703204 0.676161766
vn -0.450011164 -0.299670368 0.841241777
vn -0.322973341 -0.449265033 -0.832976162
vn -0.185681507 -0.670749128 -0.718065441
vn 0.781711459 0.146944746 -0.606081247
vn 0.757451713 0.204457641 -0.620051622
vn 0.703005552 0.266697973 -0.659284115
vn 0.75192225 0.171967506 -0.636427581
vn -0.318530411 -0.478277087 -0.818406582
vn 0.757471561 0.204434633 -0.620035052
vn -0.323019058 -0.449239403 -0.832972109
vn -0.686277807 -0.663766682 -0.297383279
vn 0.522915363 -0.167034402 -0.835858226
vn 0.684538484 -0.39428848 -0.613142431
vn 0.587410688 -0.338322103 -0.735178113
vn -0.679733098 -0.409438044 -0.608542025
vn -0.492399395 -0.636968315 -0.59313935
vn 0.442804337 0.169782862 -0.880396485
vn 0.424262881 0.210636079 -0.880700588
vn -0.299673408 -0.360387474 0.883355439
vn 0.796171129 0.192012489 0.57379669
vn -0.153713375 -0.626028121 0.764500499
vn 0.779281974 0.274664193 0.563275397
vn -0.153681055 -0.626028061 0.764506996
vn -0.492409676 -0.636948943 -0.593151569
vn -0.67975831 -0.409393907 -0.608543515
vn -0.299682021 -0.360408694 0.883343756
vn -0.287037641 -0.39499864 0.872688651
vn -0.657685339 -0.473289877 -0.586043298
vn -0.615508914 -0.423223644 -0.664853871
vn 0.79903394 0.177861005 0.574378192
vn 0.719765365 0.312120587 0.620095491
vn -0.287037134 -0.39498204 0.87269628
vn 0.779272616 0.274655402 0.563292682
vn -0.299649119 -0.36044088 0.883341849
vn 0.583879769 0.21309641 -0.783373654
vn 0.643783927 0.12350028 -0.755175412
vn -0.461313903 -0.472055435 -0.751234472
vn 0.635704279 0.188694581 -0.748514831
vn -0.475307405 -0.443120003 -0.760083973
vn 0.757660449 -0.334399194 -0.560471058
vn 0.777062833 0.161280513 -0.608409345
vn 0.364260077 -0.325494349 -0.872564137
vn 0.366246074 0.160705134 -0.916535735
vn 0.7001912 0.359476924 -0.616853774
vn 0.323791474 0.375168294 -0.868566573
vn 0.364239901 -0.325520426 -0.872562766
vn 0.00724371942 -0.304895043 -0.952358425
vn -0.000685331004 0.156616077 -0.987659276
vn 0.323753536 0.375158638 -0.868584931
vn -0.00244087703 0.38304764 -0.923725367
vn -0.358453095 -0.336769372 -0.870688081
vn 0.00726311328 -0.304897875 -0.952357411
vn -0.368338227 0.151912421 -0.917196512
vn -0.00065587461 0.156641483 -0.987655342
vn -0.306793869 0.379947394 -0.872649729
vn -0.00241848826 0.383037269 -0.923729777
vn -0.781398773 -0.346973091 0.518676877
vn -0.79151392 0.169319153 0.587228
vn -0.375058085 -0.33944267 0.862618148
vn -0.388173044 0.119274586 0.913835526
vn -0.376353949 0.249432549 0.892267346
vn -0.766951323 0.283792675 0.57554096
vn -0.375057667 -0.339400858 0.862634778
vn 0.00645510806 0.0852171555 0.996341527
vn -0.014559648 -0.391633689 0.920005977
vn -0.376363099 0.249440834 0.892261207
vn 4.64916275E-06 0.215547398 0.976493478
vn 0.00647976948 0.0851868317 0.996343911
vn 0.362852454 0.255333245 0.896182537
vn 0.384701639 0.110388525 0.916416407
vn -0.0145272389 -0.391654342 0.919997692
vn 0.36864841 -0.360364437 0.856875658
vn 0.384709418 0.110412098 0.916410267
vn 0.36861667 -0.36035642 0.856892645
vn 0.792735934 -0.313570976 0.522726536
vn 0.792515159 0.168615744 0.586078823
vn 0.362853467 0.255341917 0.896179616
vn 0.760789156 0.303580701 0.573618889
vn -0.333074778 -0.0565546341 -0.941202879
vn -0.430495888 0.168973356 -0.886634827
vn -0.800005496 -0.202933326 -0.564632058
vn -0.598968208 -0.376683176 -0.706644773
vn -0.37779218 0.599727154 0.705407977
vn -0.383543491 0.772254467 0.506475508
vn -0.238874778 0.506275594 0.828627765
vn -0.448604375 0.239204898 0.861124396
vn -0.276715636 0.00776631897 0.960920453
vn -0.581114113 -0.0924785808 0.808550656
vn -0.273451418 0.263639033 0.925050735
vn -0.409435362 -0.0469799787 0.9111287
vn 1.23456102E-05 0.329717547 -0.944079578
vn -0.16208531 0.406482339 -0.899166465
vn -0.142362222 -0.0450605489 -0.988788426
vn 1.29640111E-05 0.701263487 -0.712902188
vn -0.351625502 0.924203217 -0.149023056
vn -0.48827818 0.871642828 0.0426980853
vn -0.383528233 0.772260249 0.50647819
vn -0.618247807 0.634365201 0.464058727
vn -0.510800779 0.771023095 -0.38027069
vn -0.510819316 0.771019399 -0.380253434
vn 1.95503235E-05 0.756322742 -0.654198587
vn -0.782398105 0.326283455 -0.530464292
vn 9.8645678E-06 0.45245719 -0.891786158
vn -0.61823535 0.63435334 0.46409145
vn -0.510845959 0.771017015 -0.38022241
vn -0.976516962 0.201082841 0.0773323178
vn -0.782382607 0.326275945 -0.530491769
vn -0.182251871 0.0174124874 0.983097613
vn 0.316003472 -0.755950749 0.573306322
vn 0.615250945 -0.321096748 0.719974399
vn -0.170109242 0.155769229 0.973035812
vn -0.182236999 0.0173774045 0.98310107
vn -0.568064809 0.548208237 0.613816023
vn -0.170100838 0.155759916 0.973038852
vn -0.318913966 0.709892631 0.62796998
vn -0.102288902 0.0867528245 -0.990964651
vn -0.0671475008 0.200546935 -0.977380335
vn -0.571995616 0.569478095 -0.590352237
vn -0.283446223 0.743321121 -0.605914176
vn 0.477876991 0.0243198127 0.878090024
vn -0.780425549 -0.00490678754 0.625229418
vn 0.395564288 -0.134183422 0.908583403
vn 0.21561484 0.604681849 0.766726911
vn -0.734903574 -0.145504653 0.66237843
vn 0.39557749 -0.134072825 0.908593953
vn 0.3974756 -0.105408862 0.911538422
vn 0.395583123 -0.134143025 0.908581138
vn 0.982682705 -0.161259755 0.0912693888
vn 0.994282603 -0.0509663746 0.0938330442
vn 0.992732704 -0.0695497915 0.0982067659
vn -0.597897887 -0.122133881 -0.792213023
vn 0.543318272 -0.138732418 -0.827984631
vn -0.577926099 -0.182626516 -0.795392454
vn 0.595099628 0.0561234653 -0.801689804
vn -0.60875386 0.062141709 -0.790921688
vn -0.564319193 0.0735688135 -0.822272122
vn 0.543335021 -0.138710573 -0.8279773
vn 0.47951445 -0.208429918 -0.852421701
vn -0.577897251 -0.182659775 -0.795405746
vn 0.543598235 0.0205331501 -0.839094341
vn 0.39749366 -0.105388075 0.911532819
vn -0.738397837 -0.0838747993 0.669128954
vn 0.422856271 -0.186513856 0.886794925
vn -0.734876692 -0.145517588 0.662405372
vn 0.422858149 -0.186556995 0.886784971
vn 0.998231471 0.010252771 0.0585574545
vn 0.678179145 -0.356682658 0.642534375
vn 0.994737208 -0.101230599 -0.0158146415
vn 0.42282635 -0.186553657 0.886800826
vn 0.992732584 -0.0695419535 0.0982134938
vn 0.397468448 -0.105373271 0.911545634
vn 0.998233914 0.0102154622 0.0585210659
vn 0.395581871 -0.134123757 0.908584476
vn 0.477870852 0.0242676754 0.878094852
vn 0.99428153 -0.0510064252 0.0938225985
vn 0.986040354 0.149634063 -0.073035866
vn 0.435074061 -0.349949837 0.829605699
vn 0.689374208 -0.142328158 0.710285783
vn -0.228894994 -0.201365843 0.952396452
vn -0.219690531 -0.43824178 0.871596277
vn 1.15688872E-05 -0.998376846 0.05695289
vn 0.53946048 -0.238401651 -0.807556212
vn 0.533837199 -0.0365269743 -0.844797969
vn -2.6702879E-05 -0.0736382529 -0.997285008
vn 0.982013404 -0.158335775 0.102856174
vn 0.435091853 -0.349922597 0.829607964
vn 0.988698125 -0.144407094 0.0402831249
vn 0.689354002 -0.142279088 0.710315287
vn 0.678182006 -0.35665518 0.642546713
vn 0.435079247 -0.349934608 0.829609394
vn -0.716910958 -0.342203528 0.607400596
vn 0.4573479 -0.26720947 0.848193407
vn -0.228912666 -0.201370761 0.952391148
vn -0.71690309 -0.342250168 0.607383549
vn -0.686742604 -0.197463527 0.699566185
vn 0.457373232 -0.267272294 0.84815985
vn 0.385980338 -0.131034702 0.913153291
vn 0.539449096 -0.238370389 -0.80757308
vn -8.73999761E-06 -0.0736183077 -0.997286558
vn -0.388680249 0.0974772796 -0.91620189
vn 2.11484748E-05 0.206121355 -0.978526473
vn -0.906581521 -0.171671391 0.385537088
vn -0.228906795 -0.201373622 0.952391922
vn -0.219707265 -0.438214511 0.871605814
vn -0.792822778 -0.0692086145 0.605509877
vn -0.862963021 0.467141181 0.19254598
vn -0.0907853022 0.885285437 0.456100553
vn -0.696378708 0.69827193 0.165750071
vn -0.848200858 0.348621845 0.398770899
vn -0.0907583758 0.885287702 0.456101656
vn -0.0244626403 0.963328063 0.267208785
vn -0.696399927 0.698248208 0.165760309
vn -0.551703155 0.772607923 0.314166516
vn -0.0244787391 0.963338733 0.267169118
vn -0.0660760403 0.853580117 0.51675427
vn 0.535023153 0.770151079 0.347300351
vn 0.329290539 -0.909891188 0.252320588
vn -0.0244444888 0.9633376 0.267176181
vn -0.0660764202 0.853604794 0.516713381
vn -0.342838943 -0.911760807 0.226171464
vn -0.551677108 0.772629619 0.314159036
vn -0.0730146915 -0.912011504 0.403613597
vn -0 -1 1.13100938E-07
vn -0 -1 1.13100938E-07
vn -0.455657959 -0.890092731 0.0105204731
vn 0.614369571 -0.78845191 -0.0298936479
vn 0.55778712 -0.829965174 -0.00560034066
vn -0 -1 1.18079434E-07
vn 0.3292512 -0.909879804 0.252413213
vn -0.0729672313 -0.911995828 0.403657436
vn -0.342883259 -0.911740005 0.226188362
vn -0.455658853 -0.890092731 0.0104798675
vn -0 -1 1.56328426E-07
vn -0.59229517 -0.804564536 -0.04315494
vn -0.455657512 -0.890092731 0.0105365142
vn -0.604516685 -0.79068768 -0.0968122706
vn 0.67548275 -0.731641889 -0.0917780846
vn 0.276384562 -0.661432624 -0.697222054
vn 0.00176075753 -0.999933243 -0.011421443
vn -0.304081887 -0.777876139 -0.549948037
vn 0.595078766 0.056032151 -0.801711619
vn 0.541970193 0.0976827964 -0.834701419
vn 0.981144369 0.0598757938 -0.183767512
vn 0.276340723 -0.661415875 -0.697255254
vn 0.868104279 0.4718557 0.154101074
vn 0.215615407 0.604692817 0.76671809
vn 0.9860394 0.149638206 -0.0730396211
vn 0.477864951 0.0243202262 0.878096521
vn -0.334243953 0.0202859156 0.942268252
vn -0.334243983 0.0202858802 0.942268252
vn -0.334244221 0.0202857777 0.942268133
vn -0.334246486 0.0202890951 0.942267299
vn -0.511723578 0.346103877 0.786352992
vn -0.528302073 0.235611498 0.815710783
vn 0.553476572 -0.346334755 0.757440329
vn -0.549851239 0.342597246 0.761768103
vn 0.564416885 -0.288858712 0.773300827
vn -0.689649999 0.261695653 0.675202429
vn 0.450050592 -0.299649805 0.841227949
vn 0.285803735 -0.540649116 0.79121089
vn -0.664247572 0.318681121 0.676178694
vn -0.591441095 0.358901858 0.722071171
vn -0.684292197 0.251185626 0.684580088
vn 0.441970527 -0.337472528 0.831128299
vn -0.66425401 0.318703383 0.676161826
vn 0.450010926 -0.299670666 0.841241777
vn 0.32297346 -0.449264914 -0.832976162
vn -0.781711578 0.146944597 -0.606081188
vn 0.185681641 -0.670749009 -0.718065441
vn -0.757451773 0.204457626 -0.620051563
vn -0.751922488 0.171967253 -0.636427402
vn -0.703005493 0.266698033 -0.659284055
vn 0.3185305 -0.478276879 -0.818406701
vn -0.757471561 0.204434499 -0.620035052
vn 0.323018968 -0.449238956 -0.832972407
vn -0.68453753 -0.394290537 -0.613142252
vn -0.522865534 -0.166967809 -0.835902691
vn 0.686278522 -0.663766682 -0.297381043
vn -0.587410688 -0.33832255 -0.735177934
vn 0.679733157 -0.409437954 -0.608541965
vn -0.442804396 0.169782713 -0.880396485
vn 0.492399484 -0.636968255 -0.593139291
vn -0.424262345 0.210635781 -0.880700886
vn -0.796170712 0.192013294 0.573797107
vn 0.299674064 -0.360387355 0.8833552
vn 0.15371345 -0.626027584 0.764500856
vn -0.779281676 0.274663746 0.563276052
vn 0.679758191 -0.409394085 -0.608543634
vn 0.492408663 -0.63694936 -0.593151987
vn 0.153681055 -0.626028001 0.764507055
vn 0.299682081 -0.360408694 0.883343756
vn 0.287037939 -0.39499855 0.872688591
vn 0.657685399 -0.473289758 -0.586043298
vn 0.615508616 -0.423223943 -0.66485393
vn -0.719765365 0.312120587 0.620095551
vn -0.799033821 0.177861542 0.574378073
vn 0.287072271 -0.395005912 0.872673929
vn -0.779272616 0.274655402 0.563292682
vn 0.29964909 -0.360440999 0.88334173
vn -0.583879709 0.213096365 -0.783373654
vn 0.461314082 -0.472055256 -0.751234472
vn -0.643783867 0.123500228 -0.755175471
vn -0.635704279 0.188694581 -0.748514831
vn 0.475307226 -0.443119496 -0.760084271
vn -0.763658345 -0.515218973 0.389069885
vn -0.479406595 -0.876900554 -0.0348516032
vn -9.89437103E-06 -0.909247577 0.416255832
vn -4.59142001E-07 -0.988239765 -0.152912155
vn -0.980343819 -0.161984816 0.112635851
vn -0.916889369 -0.161079004 0.365195096
vn -0.917164028 -0.397697777 0.0254257545
vn -0.98173368 -0.0993509814 0.162260517
vn -0.643411696 -0.0894306824 0.760278642
vn -0.641412079 -0.119631678 0.757811844
vn -0.881192982 0.145607069 0.449774921
vn -0.892792523 0.157111108 0.422182083
vn -0.512676895 0.170376822 0.841507018
vn -0.892816663 0.157090053 0.42213884
vn -0.473126471 -0.357340813 0.80526948
vn -1.89840794E-05 -0.00359216332 0.999993563
vn 2.04965454E-05 -0.940713346 0.339202493
vn -0.600553751 -0.0874784961 0.794784665
vn -0.494763851 -0.00175276399 0.869025707
vn -1.63912791E-05 -0.0546008982 0.998508275
vn -0.407567531 -0.145109087 0.901571989
vn 0.40771094 -0.145134181 0.901503086
vn 0.494963557 -0.0016901046 0.868912101
vn 3.02493595E-06 -0.00362307928 0.999993443
vn 0.600746632 -0.0875257105 0.794633687
vn -1.52289867E-05 -0.94072777 0.339162469
vn -0.763609946 -0.51525712 0.38911435
vn -0.98034966 -0.16195026 0.112634689
vn -0.917177379 -0.397665262 0.0254583992
vn -0.479390234 -0.876908839 -0.0348714106
vn -0.556982279 0.143893272 0.817964256
vn -0.528912783 0.10004954 0.842758238
vn -0.892807066 0.157103524 0.422154039
vn -0.743965209 0.16005449 0.648766756
vn -0.280712903 -0.492860287 0.823583007
vn -0.730943382 -0.682438135 -4.49717045E-05
vn -0.942193925 -0.335067719 0.000323370012
vn -0.449266672 -0.119999744 0.885301948
vn -0.927977026 -0.372633457 0.00175830745
vn -0.363174528 -0.137181446 0.921566904
vn -0.730984688 -0.682393849 -1.89542752E-05
vn -0.301409155 -0.516163647 -0.801702917
vn -0.942183137 -0.335098356 0.000317171216
vn -0.47539854 -0.133747086 -0.869544685
vn -0.927966535 -0.372659266 0.001762509
vn -0.406737894 -0.133207619 -0.903780997
vn 0.730943322 -0.682438254 -4.4316057E-05
vn 0.280741334 -0.492835015 0.823588431
vn 0.942203999 -0.335039705 0.000307559967
vn 0.449266613 -0.120000057 0.885301948
vn 0.927978992 -0.37262848 0.00177307439
vn 0.36317572 -0.13718161 0.921566427
vn 0.730933487 -0.682448745 -8.17403197E-05
vn 0.942183137 -0.335098207 0.000317335129
vn 0.301409215 -0.516163826 -0.801702857
vn 0.47539869 -0.133746758 -0.869544685
vn 0.927966654 -0.372659057 0.00176128745
vn 0.406738341 -0.133208334 -0.903780639
vn 0.334235758 0.0202835854 0.942271173
vn 0.334237367 0.0202828012 0.942270696
vn 0.334235102 0.020283455 0.942271411
vn 0.3342399 0.02028648 0.942269742
vn 0.139556661 -0.536355138 0.832374454
vn 0.012772589 -0.517983973 0.855294943
vn -0.739681244 -0.318757355 0.59267652
vn -0.750271499 -0.475340903 0.45950377
vn -0.739703357 -0.318742484 0.59265691
vn -0.750276864 -0.475300342 0.45953694
vn -2.83122034E-07 0.980979979 0.194108829
vn -0.871948719 -0.481343657 -0.0895192623
vn -1.10268593E-06 -0.988241255 -0.152902499
vn 0.47951746 -0.876840532 -0.0348362662
vn 3.21865082E-06 -0.90925473 0.416240036
vn 0.763678372 -0.514857352 0.389509231
vn 0.980395496 -0.161588803 0.112755731
vn 0.917229414 -0.397530735 0.0256791394
vn 0.916939557 -0.160981059 0.365112156
vn 0.981749654 -0.099137947 0.162293941
vn 0.881266475 0.145579413 0.449639976
vn 0.641588092 -0.119713366 0.757649899
vn 0.643544555 -0.0895249993 0.760155082
vn 0.892886996 0.157026246 0.422013819
vn 0.892910182 0.157023042 0.421965986
vn 0.512867332 0.170353517 0.841395736
vn 0.473333001 -0.357439339 0.805104315
vn 0.763705373 -0.514851332 0.389464021
vn 0.917243183 -0.397499263 0.0256780554
vn 0.980393529 -0.161585987 0.112776279
vn 0.479530126 -0.876833022 -0.034852352
vn 0.557204127 0.143852621 0.817820251
vn 0.892908573 0.157042906 0.421962023
vn 0.529058993 0.0999989659 0.842672348
vn 0.744122028 0.160033494 0.648592114
vn -0.423183739 0.00741404202 0.906013548
vn -0.529754937 0.781761348 0.32895124
vn -0.0757175162 0.725578725 0.683960855
vn -0.597356141 -0.59974575 0.532419562
vn -0.704173982 -0.586327314 0.40044874
vn -0.737854362 0.520747304 0.429410279
vn -0.881108344 0.449757457 0.146172345
vn -0.529769063 0.781755924 0.328941345
vn -0.075709708 0.725584924 0.683955014
vn -0.150167763 0.518336892 0.841888666
vn -0.288617879 -0.310754627 0.905611038
vn -0.423165947 0.00740999682 0.906021833
vn -0.075718686 0.725584447 0.683954656
vn -0.265851647 -0.711040318 0.650956631
vn -0.423136979 0.00738734007 0.906035662
vn -0.597361863 -0.59971875 0.532443583
vn -0.737843454 0.520757675 0.429416329
vn -0.529773772 0.781746864 0.328955323
vn -0.597371757 -0.599728882 0.532421112
vn -0.288644642 -0.310725659 0.905612409
vn -0.150137022 0.518358111 0.841881156
vn -0.265833527 -0.71102196 0.650984108
vn -0.70419383 -0.586314857 0.400432348
vn -0.881085753 0.449789971 0.146208078
vn -0.737869203 0.520758092 0.429371685
vn 0.42331174 0.00733696716 0.905954421
vn 0.0757178813 0.725578904 0.683960617
vn 0.529792011 0.781748176 0.328922987
vn 0.597107291 -0.600310802 0.532061875
vn 0.737912118 0.520624876 0.429459512
vn 0.704115868 -0.586354196 0.400511861
vn 0.52980119 0.781743228 0.328919917
vn 0.881135941 0.449754477 0.146015316
vn 0.0757097825 0.725584924 0.683955014
vn 0.288751662 -0.311100572 0.905449569
vn 0.150125846 0.518321157 0.841905832
vn 0.0757186711 0.725584447 0.683954656
vn 0.4232921 0.0073620975 0.905963302
vn 0.265749127 -0.711245656 0.650774121
vn 0.423307657 0.00734436465 0.905956268
vn 0.597118497 -0.600321949 0.532036662
vn 0.529805779 0.781739473 0.328921109
vn 0.737894952 0.520618021 0.429497361
vn 0.597118199 -0.600329697 0.532028317
vn 0.288749844 -0.311095595 0.905451894
vn 0.265755087 -0.711255908 0.650760531
vn 0.150152445 0.518325388 0.841898441
vn 0.704116464 -0.58635509 0.400509179
vn 0.737920582 0.520604491 0.429469705
vn 0.88112843 0.449758828 0.146046564
g PlayerCharacter_01_0
f 3/3/3 2/2/2 1/1/1
f 5/5/5 3/3/3 4/4/4
f 5/5/5 7/7/7 6/6/6
f 6/6/6 9/9/9 8/8/8
f 11/11/11 5/5/5 10/10/10
f 11/11/11 10/10/10 12/12/12
f 13/13/13 11/11/11 12/12/12
f 13/13/13 12/12/12 14/14/14
f 15/15/15 13/13/13 14/14/14
f 14/14/14 12/12/12 16/16/16
f 12/12/12 17/17/17 16/16/16
f 12/12/12 18/18/18 17/17/17
f 17/17/17 18/18/18 19/19/19
f 14/14/14 16/16/16 20/20/20
f 21/21/21 14/14/14 20/20/20
f 22/22/22 14/14/14 21/21/21
f 21/21/21 20/20/20 23/23/23
f 24/24/24 15/15/15 21/21/21
f 24/24/24 25/25/25 15/15/15
f 26/26/26 21/21/21 23/23/23
f 26/26/26 23/23/23 27/27/27
f 17/17/17 29/29/29 28/28/28
f 16/16/16 31/31/31 30/30/30
f 33/33/33 32/32/32 22/22/22
f 35/35/35 30/30/30 34/34/34
f 36/36/36 35/35/35 34/34/34
f 36/36/36 34/34/34 37/37/37
f 38/38/38 36/36/36 37/37/37
f 40/40/40 38/38/38 39/39/39
f 39/39/39 37/37/37 41/41/41
f 41/41/41 37/37/37 42/42/42
f 39/39/39 41/41/41 43/43/43
f 44/44/44 39/39/39 43/43/43
f 46/46/46 45/45/45 39/39/39
f 48/48/48 32/32/32 47/47/47
f 48/48/48 47/47/47 49/49/49
f 48/48/48 49/49/49 50/50/50
f 50/50/50 49/49/49 51/51/51
f 50/50/50 51/51/51 52/52/52
f 52/52/52 51/51/51 7/7/7
f 52/52/52 7/7/7 53/53/53
f 47/47/47 54/54/54 49/49/49
f 47/47/47 55/55/55 54/54/54
f 56/56/56 55/55/55 47/47/47
f 56/56/56 57/57/57 55/55/55
f 49/49/49 54/54/54 58/58/58
f 49/49/49 58/58/58 51/51/51
f 51/51/51 58/58/58 59/59/59
f 51/51/51 59/59/59 60/60/60
f 61/61/61 60/60/60 59/59/59
f 63/63/63 59/59/59 62/62/62
f 65/65/65 64/64/64 58/58/58
f 65/65/65 67/67/67 66/66/66
f 66/66/66 67/67/67 68/68/68
f 66/66/66 68/68/68 69/69/69
f 70/70/70 69/69/69 68/68/68
f 70/70/70 71/71/71 69/69/69
f 70/70/70 72/72/72 71/71/71
f 69/69/69 71/71/71 73/73/73
f 71/71/71 74/74/74 73/73/73
f 69/69/69 73/73/73 75/75/75
f 76/76/76 69/69/69 75/75/75
f 76/76/76 75/75/75 77/77/77
f 78/78/78 76/76/76 77/77/77
f 80/80/80 79/79/79 73/73/73
f 78/78/78 82/82/82 81/81/81
f 84/84/84 83/83/83 82/82/82
f 85/85/85 84/84/84 82/82/82
f 87/87/87 84/84/84 86/86/86
f 85/85/85 89/89/89 88/88/88
f 92/92/92 91/91/91 90/90/90
f 92/92/92 94/94/94 93/93/93
f 96/96/96 92/92/92 95/95/95
f 98/98/98 96/96/96 97/97/97
f 100/100/100 99/99/99 96/96/96
f 101/101/101 96/96/96 99/99/99
f 101/101/101 103/103/103 102/102/102
f 102/102/102 103/103/103 104/104/104
f 102/102/102 104/104/104 105/105/105
f 105/105/105 107/107/107 106/106/106
f 110/110/110 109/109/109 108/108/108
f 113/113/113 112/112/112 111/111/111
f 115/115/115 112/112/112 114/114/114
f 117/117/117 112/112/112 116/116/116
f 116/116/116 112/112/112 118/118/118
f 121/121/121 120/120/120 119/119/119
f 123/123/123 120/120/120 122/122/122
f 125/125/125 120/120/120 124/124/124
f 124/124/124 120/120/120 126/126/126
f 129/129/129 128/128/128 127/127/127
f 132/132/132 131/131/131 130/130/130
f 135/135/135 134/134/134 133/133/133
f 133/133/133 137/137/137 136/136/136
f 137/137/137 139/139/139 138/138/138
f 142/142/142 141/141/141 140/140/140
f 145/145/145 144/144/144 143/143/143
f 148/148/148 147/147/147 146/146/146
f 151/151/151 150/150/150 149/149/149
f 153/153/153 151/151/151 152/152/152
f 151/151/151 154/154/154 152/152/152
f 157/157/157 156/156/156 155/155/155
f 160/160/160 159/159/159 158/158/158
f 163/163/163 162/162/162 161/161/161
f 163/163/163 165/165/165 164/164/164
f 165/165/165 166/166/166 164/164/164
f 164/164/164 166/166/166 167/167/167
f 164/164/164 167/167/167 168/168/168
f 169/169/169 164/164/164 168/168/168
f 169/169/169 168/168/168 170/170/170
f 168/168/168 167/167/167 171/171/171
f 168/168/168 171/171/171 172/172/172
f 173/173/173 168/168/168 172/172/172
f 167/167/167 174/174/174 171/171/171
f 166/166/166 175/175/175 167/167/167
f 167/167/167 175/175/175 174/174/174
f 165/165/165 176/176/176 166/166/166
f 166/166/166 177/177/177 175/175/175
f 176/176/176 177/177/177 166/166/166
f 178/178/178 176/176/176 165/165/165
f 178/178/178 165/165/165 179/179/179
f 175/175/175 180/180/180 174/174/174
f 175/175/175 181/181/181 180/180/180
f 177/177/177 181/181/181 175/175/175
f 174/174/174 180/180/180 182/182/182
f 180/180/180 183/183/183 182/182/182
f 174/174/174 182/182/182 184/184/184
f 185/185/185 174/174/174 184/184/184
f 185/185/185 184/184/184 186/186/186
f 187/187/187 185/185/185 186/186/186
f 187/187/187 186/186/186 188/188/188
f 189/189/189 187/187/187 188/188/188
f 189/189/189 188/188/188 190/190/190
f 182/182/182 183/183/183 191/191/191
f 183/183/183 192/192/192 191/191/191
f 182/182/182 191/191/191 193/193/193
f 194/194/194 182/182/182 193/193/193
f 194/194/194 193/193/193 195/195/195
f 196/196/196 194/194/194 195/195/195
f 196/196/196 195/195/195 197/197/197
f 188/188/188 196/196/196 197/197/197
f 188/188/188 197/197/197 198/198/198
f 199/199/199 188/188/188 198/198/198
f 199/199/199 198/198/198 200/200/200
f 202/202/202 183/183/183 201/201/201
f 203/203/203 201/201/201 183/183/183
f 181/181/181 201/201/201 203/203/203
f 181/181/181 204/204/204 201/201/201
f 205/205/205 201/201/201 204/204/204
f 205/205/205 206/206/206 201/201/201
f 205/205/205 207/207/207 206/206/206
f 177/177/177 208/208/208 181/181/181
f 208/208/208 209/209/209 181/181/181
f 210/210/210 208/208/208 177/177/177
f 176/176/176 210/210/210 177/177/177
f 208/208/208 211/211/211 209/209/209
f 211/211/211 212/212/212 209/209/209
f 211/211/211 213/213/213 212/212/212
f 214/214/214 212/212/212 213/213/213
f 210/210/210 215/215/215 208/208/208
f 215/215/215 216/216/216 208/208/208
f 217/217/217 210/210/210 176/176/176
f 178/178/178 217/217/217 176/176/176
f 218/218/218 215/215/215 210/210/210
f 217/217/217 218/218/218 210/210/210
f 218/218/218 219/219/219 215/215/215
f 220/220/220 218/218/218 217/217/217
f 221/221/221 219/219/219 218/218/218
f 221/221/221 218/218/218 220/220/220
f 222/222/222 217/217/217 178/178/178
f 220/220/220 217/217/217 222/222/222
f 223/223/223 221/221/221 220/220/220
f 224/224/224 221/221/221 223/223/223
f 225/225/225 220/220/220 222/222/222
f 223/223/223 220/220/220 225/225/225
f 222/222/222 178/178/178 226/226/226
f 178/178/178 227/227/227 226/226/226
f 228/228/228 222/222/222 226/226/226
f 225/225/225 222/222/222 228/228/228
f 228/228/228 226/226/226 229/229/229
f 229/229/229 226/226/226 230/230/230
f 231/231/231 223/223/223 225/225/225
f 232/232/232 225/225/225 228/228/228
f 231/231/231 225/225/225 232/232/232
f 233/233/233 228/228/228 229/229/229
f 232/232/232 228/228/228 233/233/233
f 234/234/234 223/223/223 231/231/231
f 234/234/234 235/235/235 223/223/223
f 236/236/236 235/235/235 234/234/234
f 236/236/236 237/237/237 235/235/235
f 238/238/238 237/237/237 236/236/236
f 233/233/233 229/229/229 239/239/239
f 239/239/239 229/229/229 240/240/240
f 239/239/239 240/240/240 241/241/241
f 242/242/242 233/233/233 239/239/239
f 242/242/242 239/239/239 243/243/243
f 243/243/243 239/239/239 244/244/244
f 245/245/245 233/233/233 242/242/242
f 245/245/245 232/232/232 233/233/233
f 246/246/246 232/232/232 245/245/245
f 246/246/246 231/231/231 232/232/232
f 247/247/247 246/246/246 245/245/245
f 248/248/248 246/246/246 247/247/247
f 247/247/247 245/245/245 249/249/249
f 249/249/249 245/245/245 250/250/250
f 249/249/249 250/250/250 251/251/251
f 251/251/251 250/250/250 252/252/252
f 251/251/251 252/252/252 253/253/253
f 253/253/253 252/252/252 254/254/254
f 253/253/253 254/254/254 255/255/255
f 256/256/256 248/248/248 247/247/247
f 257/257/257 248/248/248 256/256/256
f 256/256/256 247/247/247 258/258/258
f 258/258/258 247/247/247 259/259/259
f 258/258/258 259/259/259 260/260/260
f 260/260/260 259/259/259 261/261/261
f 260/260/260 261/261/261 262/262/262
f 262/262/262 261/261/261 253/253/253
f 262/262/262 253/253/253 263/263/263
f 263/263/263 253/253/253 264/264/264
f 263/263/263 264/264/264 265/265/265
f 267/267/267 266/266/266 248/248/248
f 248/248/248 266/266/266 268/268/268
f 266/266/266 231/231/231 268/268/268
f 266/266/266 269/269/269 231/231/231
f 270/270/270 269/269/269 266/266/266
f 270/270/270 266/266/266 271/271/271
f 272/272/272 270/270/270 271/271/271
f 275/275/275 274/274/274 273/273/273
f 277/277/277 172/172/172 276/276/276
f 280/280/280 279/279/279 278/278/278
f 282/282/282 279/279/279 281/281/281
f 284/284/284 279/279/279 283/283/283
f 286/286/286 279/279/279 285/285/285
f 288/288/288 279/279/279 287/287/287
f 287/287/287 279/279/279 289/289/289
f 292/292/292 291/291/291 290/290/290
f 295/295/295 294/294/294 293/293/293
f 297/297/297 293/293/293 296/296/296
f 298/298/298 296/296/296 293/293/293
f 298/298/298 299/299/299 296/296/296
f 301/301/301 300/300/300 297/297/297
f 302/302/302 300/300/300 301/301/301
f 305/305/305 304/304/304 303/303/303
f 308/308/308 307/307/307 306/306/306
f 310/310/310 307/307/307 309/309/309
f 307/307/307 312/312/312 311/311/311
f 314/314/314 313/313/313 307/307/307
f 316/316/316 315/315/315 313/313/313
f 316/316/316 317/317/317 315/315/315
f 319/319/319 318/318/318 316/316/316
f 322/322/322 321/321/321 320/320/320
f 325/325/325 324/324/324 323/323/323
f 327/327/327 326/326/326 324/324/324
f 330/330/330 329/329/329 328/328/328
f 332/332/332 328/328/328 331/331/331
f 335/335/335 334/334/334 333/333/333
f 338/338/338 337/337/337 336/336/336
f 341/341/341 340/340/340 339/339/339
f 341/341/341 343/343/343 342/342/342
f 342/342/342 343/343/343 344/344/344
f 347/347/347 346/346/346 345/345/345
f 350/350/350 349/349/349 348/348/348
f 353/353/353 352/352/352 351/351/351
f 355/355/355 353/353/353 354/354/354
f 358/358/358 357/357/357 356/356/356
f 361/361/361 360/360/360 359/359/359
f 363/363/363 362/362/362 359/359/359
f 366/366/366 365/365/365 364/364/364
f 369/369/369 368/368/368 367/367/367
f 371/371/371 369/369/369 370/370/370
f 372/372/372 370/370/370 369/369/369
f 374/374/374 372/372/372 373/373/373
f 373/373/373 372/372/372 375/375/375
f 377/377/377 373/373/373 376/376/376
f 380/380/380 379/379/379 378/378/378
f 383/383/383 382/382/382 381/381/381
f 385/385/385 384/384/384 383/383/383
f 387/387/387 386/386/386 384/384/384
f 384/384/384 386/386/386 388/388/388
f 384/384/384 388/388/388 389/389/389
f 392/392/392 391/391/391 390/390/390
f 395/395/395 394/394/394 393/393/393
f 398/398/398 397/397/397 396/396/396
f 401/401/401 400/400/400 399/399/399
f 404/404/404 403/403/403 402/402/402
f 407/407/407 406/406/406 405/405/405
f 410/410/410 409/409/409 408/408/408
f 413/413/413 412/412/412 411/411/411
f 416/416/416 415/415/415 414/414/414
f 418/418/418 415/415/415 417/417/417
f 419/419/419 418/418/418 417/417/417
f 422/422/422 421/421/421 420/420/420
f 425/425/425 424/424/424 423/423/423
f 428/428/428 427/427/427 426/426/426
f 431/431/431 430/430/430 429/429/429
f 433/433/433 432/432/432 431/431/431
f 436/436/436 435/435/435 434/434/434
f 435/435/435 438/438/438 437/437/437
f 441/441/441 440/440/440 439/439/439
f 443/443/443 440/440/440 442/442/442
f 442/442/442 440/440/440 444/444/444
f 446/446/446 445/445/445 442/442/442
f 449/449/449 448/448/448 447/447/447
f 452/452/452 451/451/451 450/450/450
f 454/454/454 453/453/453 451/451/451
f 457/457/457 456/456/456 455/455/455
f 459/459/459 456/456/456 458/458/458
f 460/460/460 456/456/456 459/459/459
f 460/460/460 459/459/459 461/461/461
f 464/464/464 463/463/463 462/462/462
f 467/467/467 466/466/466 465/465/465
f 469/469/469 468/468/468 466/466/466
f 471/471/471 468/468/468 470/470/470
f 472/472/472 471/471/471 470/470/470
f 471/471/471 473/473/473 468/468/468
f 475/475/475 473/473/473 474/474/474
f 476/476/476 475/475/475 474/474/474
f 475/475/475 477/477/477 473/473/473
f 478/478/478 477/477/477 475/475/475
f 478/478/478 479/479/479 477/477/477
f 481/481/481 480/480/480 478/478/478
f 480/480/480 482/482/482 478/478/478
f 480/480/480 483/483/483 482/482/482
f 485/485/485 478/478/478 484/484/484
f 485/485/485 484/484/484 486/486/486
f 487/487/487 485/485/485 486/486/486
f 489/489/489 488/488/488 483/483/483
f 489/489/489 490/490/490 488/488/488
f 490/490/490 491/491/491 488/488/488
f 489/489/489 492/492/492 490/490/490
f 490/490/490 493/493/493 491/491/491
f 492/492/492 493/493/493 490/490/490
f 493/493/493 494/494/494 491/491/491
f 492/492/492 495/495/495 493/493/493
f 496/496/496 495/495/495 492/492/492
f 493/493/493 497/497/497 494/494/494
f 498/498/498 497/497/497 493/493/493
f 500/500/500 499/499/499 494/494/494
f 500/500/500 501/501/501 499/499/499
f 502/502/502 501/501/501 500/500/500
f 504/504/504 503/503/503 499/499/499
f 496/496/496 506/506/506 505/505/505
f 496/496/496 505/505/505 507/507/507
f 505/505/505 509/509/509 508/508/508
f 511/511/511 510/510/510 506/506/506
f 512/512/512 510/510/510 511/511/511
f 507/507/507 514/514/514 513/513/513
f 507/507/507 515/515/515 514/514/514
f 517/517/517 509/509/509 516/516/516
f 517/517/517 516/516/516 518/518/518
f 517/517/517 518/518/518 519/519/519
f 521/521/521 520/520/520 496/496/496
f 521/521/521 522/522/522 520/520/520
f 522/522/522 523/523/523 520/520/520
f 525/525/525 521/521/521 524/524/524
f 525/525/525 524/524/524 526/526/526
f 527/527/527 525/525/525 526/526/526
f 529/529/529 528/528/528 523/523/523
f 529/529/529 530/530/530 528/528/528
f 529/529/529 532/532/532 531/531/531
f 531/531/531 532/532/532 533/533/533
f 535/535/535 522/522/522 534/534/534
f 534/534/534 522/522/522 536/536/536
f 534/534/534 536/536/536 487/487/487
f 538/538/538 535/535/535 537/537/537
f 539/539/539 538/538/538 537/537/537
f 538/538/538 541/541/541 540/540/540
f 542/542/542 540/540/540 541/541/541
f 544/544/544 536/536/536 543/543/543
f 544/544/544 543/543/543 545/545/545
f 545/545/545 543/543/543 546/546/546
f 548/548/548 487/487/487 547/547/547
f 487/487/487 549/549/549 547/547/547
f 551/551/551 547/547/547 550/550/550
f 553/553/553 548/548/548 552/552/552
f 554/554/554 553/553/553 552/552/552
f 549/549/549 556/556/556 555/555/555
f 557/557/557 549/549/549 555/555/555
f 551/551/551 559/559/559 558/558/558
f 558/558/558 559/559/559 560/560/560
f 559/559/559 561/561/561 560/560/560
f 564/564/564 563/563/563 562/562/562
f 567/567/567 566/566/566 565/565/565
f 570/570/570 569/569/569 568/568/568
f 570/570/570 572/572/572 571/571/571
f 572/572/572 573/573/573 571/571/571
f 573/573/573 575/575/575 574/574/574
f 576/576/576 573/573/573 574/574/574
f 578/578/578 576/576/576 577/577/577
f 578/578/578 579/579/579 576/576/576
f 581/581/581 580/580/580 572/572/572
f 572/572/572 580/580/580 582/582/582
f 581/581/581 584/584/584 583/583/583
f 586/586/586 582/582/582 585/585/585
f 582/582/582 587/587/587 585/585/585
f 589/589/589 587/587/587 588/588/588
f 589/589/589 590/590/590 587/587/587
f 593/593/593 592/592/592 591/591/591
f 596/596/596 595/595/595 594/594/594
f 598/598/598 595/595/595 597/597/597
f 598/598/598 600/600/600 599/599/599
f 602/602/602 601/601/601 600/600/600
f 605/605/605 604/604/604 603/603/603
f 608/608/608 607/607/607 606/606/606
f 610/610/610 609/609/609 606/606/606
f 611/611/611 609/609/609 610/610/610
f 613/613/613 612/612/612 609/609/609
f 610/610/610 615/615/615 614/614/614
f 615/615/615 616/616/616 614/614/614
f 618/618/618 617/617/617 615/615/615
f 615/615/615 620/620/620 619/619/619
f 620/620/620 622/622/622 621/621/621
f 622/622/622 623/623/623 621/621/621
f 622/622/622 624/624/624 623/623/623
f 625/625/625 623/623/623 624/624/624
f 627/627/627 624/624/624 626/626/626
f 629/629/629 628/628/628 626/626/626
f 628/628/628 630/630/630 624/624/624
f 624/624/624 630/630/630 631/631/631
f 634/634/634 633/633/633 632/632/632
f 636/636/636 633/633/633 635/635/635
f 633/633/633 637/637/637 635/635/635
f 640/640/640 639/639/639 638/638/638
f 643/643/643 642/642/642 641/641/641
f 642/642/642 645/645/645 644/644/644
f 647/647/647 644/644/644 646/646/646
f 648/648/648 647/647/647 646/646/646
f 648/648/648 646/646/646 649/649/649
f 646/646/646 644/644/644 650/650/650
f 650/650/650 652/652/652 651/651/651
f 654/654/654 650/650/650 653/653/653
f 656/656/656 655/655/655 653/653/653
f 651/651/651 610/610/610 657/657/657
f 651/651/651 657/657/657 658/658/658
f 658/658/658 657/657/657 616/616/616
f 616/616/616 660/660/660 659/659/659
f 660/660/660 661/661/661 659/659/659
f 663/663/663 660/660/660 662/662/662
f 658/658/658 665/665/665 664/664/664
f 665/665/665 666/666/666 664/664/664
f 668/668/668 664/664/664 667/667/667
f 670/670/670 669/669/669 668/668/668
f 672/672/672 664/664/664 671/671/671
f 674/674/674 671/671/671 673/673/673
f 675/675/675 671/671/671 674/674/674
f 677/677/677 676/676/676 664/664/664
f 678/678/678 676/676/676 677/677/677
f 680/680/680 669/669/669 679/679/679
f 680/680/680 679/679/679 681/681/681
f 683/683/683 682/682/682 680/680/680
f 653/653/653 683/683/683 680/680/680
f 653/653/653 680/680/680 684/684/684
f 653/653/653 685/685/685 683/683/683
f 687/687/687 684/684/684 686/686/686
f 688/688/688 687/687/687 686/686/686
f 685/685/685 689/689/689 610/610/610
f 690/690/690 689/689/689 685/685/685
f 690/690/690 691/691/691 689/689/689
f 645/645/645 691/691/691 690/690/690
f 645/645/645 692/692/692 691/691/691
f 694/694/694 693/693/693 691/691/691
f 696/696/696 692/692/692 695/695/695
f 698/698/698 696/696/696 697/697/697
f 700/700/700 696/696/696 699/699/699
f 700/700/700 699/699/699 701/701/701
f 689/689/689 703/703/703 702/702/702
f 704/704/704 703/703/703 689/689/689
f 704/704/704 693/693/693 703/703/703
f 706/706/706 705/705/705 693/693/693
f 707/707/707 705/705/705 706/706/706
f 707/707/707 706/706/706 708/708/708
f 709/709/709 707/707/707 708/708/708
f 709/709/709 708/708/708 710/710/710
f 711/711/711 709/709/709 710/710/710
f 711/711/711 710/710/710 712/712/712
f 714/714/714 713/713/713 706/706/706
f 716/716/716 715/715/715 707/707/707
f 715/715/715 717/717/717 707/707/707
f 715/715/715 718/718/718 717/717/717
f 720/720/720 714/714/714 719/719/719
f 721/721/721 720/720/720 719/719/719
f 721/721/721 710/710/710 720/720/720
f 722/722/722 710/710/710 721/721/721
f 722/722/722 723/723/723 710/710/710
f 725/725/725 722/722/722 724/724/724
f 725/725/725 724/724/724 726/726/726
f 726/726/726 724/724/724 727/727/727
f 729/729/729 728/728/728 727/727/727
f 730/730/730 728/728/728 729/729/729
f 730/730/730 731/731/731 728/728/728
f 734/734/734 733/733/733 732/732/732
f 732/732/732 736/736/736 735/735/735
f 739/739/739 738/738/738 737/737/737
f 741/741/741 740/740/740 739/739/739
f 744/744/744 743/743/743 742/742/742
f 745/745/745 743/743/743 717/717/717
f 743/743/743 746/746/746 717/717/717
f 717/717/717 746/746/746 747/747/747
f 743/743/743 748/748/748 746/746/746
f 748/748/748 750/750/750 749/749/749
f 750/750/750 751/751/751 749/749/749
f 754/754/754 753/753/753 752/752/752
f 757/757/757 756/756/756 755/755/755
f 760/760/760 759/759/759 758/758/758
f 762/762/762 760/760/760 761/761/761
f 764/764/764 761/761/761 763/763/763
f 766/766/766 763/763/763 765/765/765
f 765/765/765 763/763/763 767/767/767
f 769/769/769 764/764/764 768/768/768
f 770/770/770 769/769/769 768/768/768
f 773/773/773 772/772/772 771/771/771
f 772/772/772 775/775/775 774/774/774
f 776/776/776 774/774/774 775/775/775
f 779/779/779 778/778/778 777/777/777
f 782/782/782 781/781/781 780/780/780
f 784/784/784 783/783/783 782/782/782
f 787/787/787 786/786/786 785/785/785
f 790/790/790 789/789/789 788/788/788
f 792/792/792 788/788/788 791/791/791
f 793/793/793 792/792/792 791/791/791
f 793/793/793 794/794/794 792/792/792
f 795/795/795 794/794/794 793/793/793
f 798/798/798 797/797/797 796/796/796
f 801/801/801 800/800/800 799/799/799
f 801/801/801 803/803/803 802/802/802
f 802/802/802 803/803/803 804/804/804
f 802/802/802 806/806/806 805/805/805
f 808/808/808 807/807/807 805/805/805
f 811/811/811 810/810/810 809/809/809
f 814/814/814 813/813/813 812/812/812
f 817/817/817 816/816/816 815/815/815
f 820/820/820 819/819/819 818/818/818
f 823/823/823 822/822/822 821/821/821
f 826/826/826 825/825/825 824/824/824
f 828/828/828 827/827/827 824/824/824
f 831/831/831 830/830/830 829/829/829
f 834/834/834 833/833/833 832/832/832
f 837/837/837 836/836/836 835/835/835
f 839/839/839 838/838/838 836/836/836
f 836/836/836 838/838/838 840/840/840
f 842/842/842 841/841/841 840/840/840
f 844/844/844 842/842/842 843/843/843
f 844/844/844 843/843/843 845/845/845
f 848/848/848 847/847/847 846/846/846
f 851/851/851 850/850/850 849/849/849
f 853/853/853 852/852/852 849/849/849
f 854/854/854 849/849/849 852/852/852
f 856/856/856 854/854/854 855/855/855
f 857/857/857 854/854/854 856/856/856
f 860/860/860 859/859/859 858/858/858
f 863/863/863 862/862/862 861/861/861
f 862/862/862 865/865/865 864/864/864
f 866/866/866 865/865/865 862/862/862
f 865/865/865 868/868/868 867/867/867
f 869/869/869 868/868/868 865/865/865
f 869/869/869 870/870/870 868/868/868
f 871/871/871 870/870/870 869/869/869
f 871/871/871 872/872/872 870/870/870
f 873/873/873 872/872/872 871/871/871
f 873/873/873 871/871/871 874/874/874
f 875/875/875 873/873/873 874/874/874
f 875/875/875 877/877/877 876/876/876
f 879/879/879 871/871/871 878/878/878
f 878/878/878 881/881/881 880/880/880
f 878/878/878 883/883/883 882/882/882
f 885/885/885 884/884/884 878/878/878
f 882/882/882 887/887/887 886/886/886
f 889/889/889 888/888/888 887/887/887
f 887/887/887 890/890/890 866/866/866
f 866/866/866 890/890/890 891/891/891
f 891/891/891 893/893/893 892/892/892
f 893/893/893 894/894/894 892/892/892
f 896/896/896 885/885/885 895/895/895
f 898/898/898 896/896/896 897/897/897
f 897/897/897 900/900/900 899/899/899
f 902/902/902 895/895/895 901/901/901
f 902/902/902 903/903/903 895/895/895
f 899/899/899 905/905/905 904/904/904
f 904/904/904 905/905/905 906/906/906
f 908/908/908 894/894/894 907/907/907
f 908/908/908 909/909/909 894/894/894
f 911/911/911 908/908/908 910/910/910
f 912/912/912 911/911/911 910/910/910
f 912/912/912 913/913/913 911/911/911
f 914/914/914 913/913/913 912/912/912
f 914/914/914 915/915/915 913/913/913
f 916/916/916 915/915/915 914/914/914
f 916/916/916 917/917/917 915/915/915
f 917/917/917 916/916/916 918/918/918
f 911/911/911 920/920/920 919/919/919
f 915/915/915 922/922/922 921/921/921
f 921/921/921 923/923/923 915/915/915
f 925/925/925 920/920/920 924/924/924
f 924/924/924 923/923/923 925/925/925
f 926/926/926 925/925/925 923/923/923
f 929/929/929 928/928/928 927/927/927
f 931/931/931 930/930/930 928/928/928
f 928/928/928 933/933/933 932/932/932
f 933/933/933 934/934/934 932/932/932
f 930/930/930 936/936/936 935/935/935
f 935/935/935 938/938/938 937/937/937
f 930/930/930 940/940/940 939/939/939
f 940/940/940 941/941/941 939/939/939
f 943/943/943 935/935/935 942/942/942
f 944/944/944 943/943/943 942/942/942
f 946/946/946 942/942/942 945/945/945
f 947/947/947 946/946/946 945/945/945
f 949/949/949 947/947/947 948/948/948
f 949/949/949 951/951/951 950/950/950
f 952/952/952 949/949/949 950/950/950
f 952/952/952 954/954/954 953/953/953
f 955/955/955 954/954/954 952/952/952
f 957/957/957 950/950/950 956/956/956
f 958/958/958 957/957/957 956/956/956
f 958/958/958 959/959/959 957/957/957
f 960/960/960 959/959/959 958/958/958
f 960/960/960 961/961/961 959/959/959
f 963/963/963 956/956/956 962/962/962
f 956/956/956 964/964/964 962/962/962
f 964/964/964 966/966/966 965/965/965
f 966/966/966 968/968/968 967/967/967
f 956/956/956 970/970/970 969/969/969
f 972/972/972 969/969/969 971/971/971
f 974/974/974 973/973/973 969/969/969
f 974/974/974 975/975/975 973/973/973
f 977/977/977 976/976/976 974/974/974
f 978/978/978 976/976/976 977/977/977
f 978/978/978 977/977/977 979/979/979
f 980/980/980 978/978/978 979/979/979
f 980/980/980 979/979/979 981/981/981
f 984/984/984 983/983/983 982/982/982
f 987/987/987 986/986/986 985/985/985
f 987/987/987 989/989/989 988/988/988
f 988/988/988 991/991/991 990/990/990
f 994/994/994 993/993/993 992/992/992
f 997/997/997 996/996/996 995/995/995
f 1000/1000/1000 999/999/999 998/998/998
f 1002/1002/1002 1000/1000/1000 1001/1001/1001
f 1002/1002/1002 1004/1004/1004 1003/1003/1003
f 1003/1003/1003 1004/1004/1004 1005/1005/1005
f 1008/1008/1008 1007/1007/1007 1006/1006/1006
f 1011/1011/1011 1010/1010/1010 1009/1009/1009
f 1014/1014/1014 1013/1013/1013 1012/1012/1012
f 1017/1017/1017 1016/1016/1016 1015/1015/1015
f 1019/1019/1019 1018/1018/1018 1016/1016/1016
f 1020/1020/1020 1019/1019/1019 1016/1016/1016
f 1020/1020/1020 1016/1016/1016 1021/1021/1021
f 1021/1021/1021 1022/1022/1022 1020/1020/1020
f 1021/1021/1021 1023/1023/1023 1022/1022/1022
f 1024/1024/1024 1022/1022/1022 1023/1023/1023
f 1024/1024/1024 1023/1023/1023 1025/1025/1025
f 1024/1024/1024 1025/1025/1025 1026/1026/1026
f 1028/1028/1028 1019/1019/1019 1027/1027/1027
f 1030/1030/1030 1029/1029/1029 1022/1022/1022
f 1031/1031/1031 1029/1029/1029 1030/1030/1030
f 1033/1033/1033 1023/1023/1023 1032/1032/1032
f 1032/1032/1032 1034/1034/1034 1033/1033/1033
f 1024/1024/1024 1036/1036/1036 1035/1035/1035
f 1037/1037/1037 1035/1035/1035 1036/1036/1036
f 1037/1037/1037 1036/1036/1036 1038/1038/1038
f 1040/1040/1040 1035/1035/1035 1039/1039/1039
f 1042/1042/1042 1041/1041/1041 1040/1040/1040
f 1044/1044/1044 1038/1038/1038 1043/1043/1043
f 1046/1046/1046 1043/1043/1043 1045/1045/1045
f 1046/1046/1046 1048/1048/1048 1047/1047/1047
f 1050/1050/1050 1049/1049/1049 1038/1038/1038
f 1052/1052/1052 1051/1051/1051 1049/1049/1049
f 1053/1053/1053 1051/1051/1051 1052/1052/1052
f 1051/1051/1051 1054/1054/1054 1049/1049/1049
f 1054/1054/1054 1055/1055/1055 1049/1049/1049
f 1054/1054/1054 1056/1056/1056 1055/1055/1055
f 1058/1058/1058 1057/1057/1057 1054/1054/1054
f 1060/1060/1060 1059/1059/1059 1056/1056/1056
f 1060/1060/1060 1056/1056/1056 1061/1061/1061
f 1061/1061/1061 1062/1062/1062 1060/1060/1060
f 1061/1061/1061 1063/1063/1063 1062/1062/1062
f 1064/1064/1064 1062/1062/1062 1063/1063/1063
f 1064/1064/1064 1063/1063/1063 1065/1065/1065
f 1065/1065/1065 1066/1066/1066 1064/1064/1064
f 1065/1065/1065 1067/1067/1067 1066/1066/1066
f 1067/1067/1067 1068/1068/1068 1066/1066/1066
f 1070/1070/1070 1066/1066/1066 1069/1069/1069
f 1072/1072/1072 1059/1059/1059 1071/1071/1071
f 1074/1074/1074 1071/1071/1071 1073/1073/1073
f 1076/1076/1076 1065/1065/1065 1075/1075/1075
f 1075/1075/1075 1065/1065/1065 1077/1077/1077
f 1079/1079/1079 1063/1063/1063 1078/1078/1078
f 1078/1078/1078 1063/1063/1063 1080/1080/1080
f 1078/1078/1078 1080/1080/1080 1081/1081/1081
f 1084/1084/1084 1083/1083/1083 1082/1082/1082
f 1087/1087/1087 1086/1086/1086 1085/1085/1085
f 1089/1089/1089 1085/1085/1085 1088/1088/1088
f 1092/1092/1092 1091/1091/1091 1090/1090/1090
f 1095/1095/1095 1094/1094/1094 1093/1093/1093
f 1097/1097/1097 1096/1096/1096 1095/1095/1095
f 1100/1100/1100 1099/1099/1099 1098/1098/1098
f 1103/1103/1103 1102/1102/1102 1101/1101/1101
f 1106/1106/1106 1105/1105/1105 1104/1104/1104
f 1109/1109/1109 1108/1108/1108 1107/1107/1107
f 1112/1112/1112 1111/1111/1111 1110/1110/1110
f 1115/1115/1115 1114/1114/1114 1113/1113/1113
f 1118/1118/1118 1117/1117/1117 1116/1116/1116
f 1121/1121/1121 1120/1120/1120 1119/1119/1119
f 1123/1123/1123 1119/1119/1119 1122/1122/1122
f 1125/1125/1125 1123/1123/1123 1124/1124/1124
f 1127/1127/1127 1126/1126/1126 1122/1122/1122
f 1129/1129/1129 1128/1128/1128 1126/1126/1126
f 1129/1129/1129 1130/1130/1130 1122/1122/1122
f 1131/1131/1131 1130/1130/1130 1129/1129/1129
f 1132/1132/1132 1131/1131/1131 1129/1129/1129
f 1129/1129/1129 1134/1134/1134 1133/1133/1133
f 1130/1130/1130 1136/1136/1136 1135/1135/1135
f 1130/1130/1130 1137/1137/1137 1136/1136/1136
f 1139/1139/1139 1138/1138/1138 1137/1137/1137
f 1141/1141/1141 1139/1139/1139 1140/1140/1140
f 1144/1144/1144 1143/1143/1143 1142/1142/1142
f 1144/1144/1144 1146/1146/1146 1145/1145/1145
f 1148/1148/1148 1147/1147/1147 1145/1145/1145
f 1150/1150/1150 1149/1149/1149 1145/1145/1145
f 1150/1150/1150 1145/1145/1145 1151/1151/1151
f 1152/1152/1152 1150/1150/1150 1151/1151/1151
f 1152/1152/1152 1151/1151/1151 1153/1153/1153
f 1154/1154/1154 1152/1152/1152 1153/1153/1153
f 1153/1153/1153 1156/1156/1156 1155/1155/1155
f 1153/1153/1153 1157/1157/1157 1156/1156/1156
f 1153/1153/1153 1158/1158/1158 1157/1157/1157
f 1159/1159/1159 1157/1157/1157 1158/1158/1158
f 1161/1161/1161 1150/1150/1150 1160/1160/1160
f 1160/1160/1160 1150/1150/1150 1162/1162/1162
f 1160/1160/1160 1162/1162/1162 1163/1163/1163
f 1165/1165/1165 1160/1160/1160 1164/1164/1164
f 1167/1167/1167 1164/1164/1164 1166/1166/1166
f 1170/1170/1170 1169/1169/1169 1168/1168/1168
f 1173/1173/1173 1172/1172/1172 1171/1171/1171
f 1176/1176/1176 1175/1175/1175 1174/1174/1174
f 1178/1178/1178 1177/1177/1177 1176/1176/1176
f 1180/1180/1180 1179/1179/1179 1177/1177/1177
f 1180/1180/1180 1181/1181/1181 1179/1179/1179
f 1183/1183/1183 1179/1179/1179 1182/1182/1182
f 1183/1183/1183 1185/1185/1185 1184/1184/1184
f 1186/1186/1186 1184/1184/1184 1182/1182/1182
f 1186/1186/1186 1187/1187/1187 1184/1184/1184
f 1188/1188/1188 1187/1187/1187 1186/1186/1186
f 1188/1188/1188 1189/1189/1189 1187/1187/1187
f 1191/1191/1191 1181/1181/1181 1190/1190/1190
f 1191/1191/1191 1192/1192/1192 1181/1181/1181
f 1193/1193/1193 1192/1192/1192 1191/1191/1191
f 1193/1193/1193 1194/1194/1194 1192/1192/1192
f 1197/1197/1197 1196/1196/1196 1195/1195/1195
f 1199/1199/1199 1195/1195/1195 1198/1198/1198
f 1198/1198/1198 1195/1195/1195 1200/1200/1200
f 1203/1203/1203 1202/1202/1202 1201/1201/1201
f 1206/1206/1206 1205/1205/1205 1204/1204/1204
f 1208/1208/1208 1207/1207/1207 1205/1205/1205
f 1211/1211/1211 1210/1210/1210 1209/1209/1209
f 1210/1210/1210 1213/1213/1213 1212/1212/1212
f 1216/1216/1216 1215/1215/1215 1214/1214/1214
f 1216/1216/1216 1218/1218/1218 1217/1217/1217
f 1221/1221/1221 1220/1220/1220 1219/1219/1219
f 1220/1220/1220 1223/1223/1223 1222/1222/1222
f 1225/1225/1225 1223/1223/1223 1224/1224/1224
f 1227/1227/1227 1226/1226/1226 1222/1222/1222
f 1227/1227/1227 1228/1228/1228 1226/1226/1226
f 1231/1231/1231 1230/1230/1230 1229/1229/1229
f 1234/1234/1234 1233/1233/1233 1232/1232/1232
f 1236/1236/1236 1235/1235/1235 1233/1233/1233
f 1238/1238/1238 1237/1237/1237 1235/1235/1235
f 1238/1238/1238 1240/1240/1240 1239/1239/1239
f 1240/1240/1240 1242/1242/1242 1241/1241/1241
f 1244/1244/1244 1238/1238/1238 1243/1243/1243
f 1245/1245/1245 1244/1244/1244 1243/1243/1243
f 1245/1245/1245 1246/1246/1246 1244/1244/1244
f 1247/1247/1247 1246/1246/1246 1245/1245/1245
f 1247/1247/1247 1248/1248/1248 1246/1246/1246
f 1251/1251/1251 1250/1250/1250 1249/1249/1249
f 1254/1254/1254 1253/1253/1253 1252/1252/1252
f 1256/1256/1256 1255/1255/1255 1254/1254/1254
f 1256/1256/1256 1254/1254/1254 1257/1257/1257
f 1257/1257/1257 1258/1258/1258 1256/1256/1256
f 1260/1260/1260 1254/1254/1254 1259/1259/1259
f 1260/1260/1260 1261/1261/1261 1254/1254/1254
f 1260/1260/1260 1258/1258/1258 1261/1261/1261
f 1260/1260/1260 1262/1262/1262 1258/1258/1258
f 1263/1263/1263 1258/1258/1258 1262/1262/1262
f 1263/1263/1263 1262/1262/1262 1264/1264/1264
f 1265/1265/1265 1263/1263/1263 1264/1264/1264
f 1265/1265/1265 1266/1266/1266 1263/1263/1263
f 1269/1269/1269 1268/1268/1268 1267/1267/1267
f 1271/1271/1271 1269/1269/1269 1270/1270/1270
f 1271/1271/1271 1270/1270/1270 1272/1272/1272
f 1275/1275/1275 1274/1274/1274 1273/1273/1273
f 1274/1274/1274 1277/1277/1277 1276/1276/1276
f 1280/1280/1280 1279/1279/1279 1278/1278/1278
f 1283/1283/1283 1282/1282/1282 1281/1281/1281
f 1286/1286/1286 1285/1285/1285 1284/1284/1284
f 1289/1289/1289 1288/1288/1288 1287/1287/1287
f 1292/1292/1292 1291/1291/1291 1290/1290/1290
f 1295/1295/1295 1294/1294/1294 1293/1293/1293
f 1298/1298/1298 1297/1297/1297 1296/1296/1296
f 1301/1301/1301 1300/1300/1300 1299/1299/1299
f 1304/1304/1304 1303/1303/1303 1302/1302/1302
f 1307/1307/1307 1306/1306/1306 1305/1305/1305
f 1309/1309/1309 1307/1307/1307 1308/1308/1308
f 1312/1312/1312 1311/1311/1311 1310/1310/1310
f 1315/1315/1315 1314/1314/1314 1313/1313/1313
f 1318/1318/1318 1317/1317/1317 1316/1316/1316
f 1321/1321/1321 1320/1320/1320 1319/1319/1319
f 1321/1321/1321 1323/1323/1323 1322/1322/1322
f 1324/1324/1324 1323/1323/1323 1321/1321/1321
f 1326/1326/1326 1325/1325/1325 1323/1323/1323
f 1329/1329/1329 1328/1328/1328 1327/1327/1327
f 1329/1329/1329 1331/1331/1331 1330/1330/1330
f 1332/1332/1332 1331/1331/1331 1329/1329/1329
f 1335/1335/1335 1334/1334/1334 1333/1333/1333
f 1337/1337/1337 1336/1336/1336 1334/1334/1334
f 1336/1336/1336 1338/1338/1338 1334/1334/1334
f 1336/1336/1336 1339/1339/1339 1338/1338/1338
f 1342/1342/1342 1341/1341/1341 1340/1340/1340
f 1344/1344/1344 1341/1341/1341 1343/1343/1343
f 1346/1346/1346 1341/1341/1341 1345/1345/1345
f 1348/1348/1348 1341/1341/1341 1347/1347/1347
f 1347/1347/1347 1341/1341/1341 1349/1349/1349
f 1349/1349/1349 1341/1341/1341 1350/1350/1350
f 1352/1352/1352 1341/1341/1341 1351/1351/1351
f 1351/1351/1351 1341/1341/1341 1353/1353/1353
f 1353/1353/1353 1341/1341/1341 1354/1354/1354
f 1356/1356/1356 1341/1341/1341 1355/1355/1355
f 1357/1357/1357 1341/1341/1341 1356/1356/1356
f 1359/1359/1359 1358/1358/1358 1357/1357/1357
f 1362/1362/1362 1361/1361/1361 1360/1360/1360
f 1365/1365/1365 1364/1364/1364 1363/1363/1363
f 1367/1367/1367 1363/1363/1363 1366/1366/1366
f 1366/1366/1366 1363/1363/1363 1368/1368/1368
f 1366/1366/1366 1368/1368/1368 1369/1369/1369
f 1372/1372/1372 1371/1371/1371 1370/1370/1370
f 1374/1374/1374 1370/1370/1370 1373/1373/1373
f 1374/1374/1374 1375/1375/1375 1370/1370/1370
f 1376/1376/1376 1370/1370/1370 1375/1375/1375
f 1379/1379/1379 1378/1378/1378 1377/1377/1377
f 1377/1377/1377 1381/1381/1381 1380/1380/1380
f 1377/1377/1377 1380/1380/1380 1382/1382/1382
f 1377/1377/1377 1382/1382/1382 1383/1383/1383
f 1383/1383/1383 1382/1382/1382 1384/1384/1384
f 1385/1385/1385 1383/1383/1383 1384/1384/1384
f 1387/1387/1387 1386/1386/1386 1385/1385/1385
f 1389/1389/1389 1380/1380/1380 1388/1388/1388
f 1389/1389/1389 1388/1388/1388 1390/1390/1390
f 1389/1389/1389 1390/1390/1390 1391/1391/1391
f 1391/1391/1391 1393/1393/1393 1392/1392/1392
f 1393/1393/1393 1394/1394/1394 1392/1392/1392
f 1393/1393/1393 1395/1395/1395 1394/1394/1394
f 1397/1397/1397 1377/1377/1377 1396/1396/1396
f 1396/1396/1396 1377/1377/1377 1398/1398/1398
f 1396/1396/1396 1398/1398/1398 1399/1399/1399
f 1399/1399/1399 1398/1398/1398 1387/1387/1387
f 1399/1399/1399 1387/1387/1387 1400/1400/1400
f 1401/1401/1401 1400/1400/1400 1387/1387/1387
f 1403/1403/1403 1399/1399/1399 1402/1402/1402
f 1404/1404/1404 1402/1402/1402 1399/1399/1399
f 1405/1405/1405 1402/1402/1402 1404/1404/1404
f 1401/1401/1401 1407/1407/1407 1406/1406/1406
f 1409/1409/1409 1401/1401/1401 1408/1408/1408
f 1409/1409/1409 1408/1408/1408 1410/1410/1410
f 1411/1411/1411 1409/1409/1409 1410/1410/1410
f 1410/1410/1410 1406/1406/1406 1412/1412/1412
f 1410/1410/1410 1412/1412/1412 1413/1413/1413
f 1406/1406/1406 1414/1414/1414 1412/1412/1412
f 1406/1406/1406 1415/1415/1415 1414/1414/1414
f 1416/1416/1416 1410/1410/1410 1413/1413/1413
f 1415/1415/1415 1418/1418/1418 1417/1417/1417
f 1418/1418/1418 1420/1420/1420 1419/1419/1419
f 1422/1422/1422 1418/1418/1418 1421/1421/1421
f 1422/1422/1422 1421/1421/1421 1423/1423/1423
f 1425/1425/1425 1414/1414/1414 1424/1424/1424
f 1424/1424/1424 1427/1427/1427 1426/1426/1426
f 1429/1429/1429 1413/1413/1413 1428/1428/1428
f 1429/1429/1429 1428/1428/1428 1430/1430/1430
f 1429/1429/1429 1430/1430/1430 1431/1431/1431
f 1428/1428/1428 1432/1432/1432 1430/1430/1430
f 1430/1430/1430 1432/1432/1432 1433/1433/1433
f 1430/1430/1430 1433/1433/1433 1434/1434/1434
f 1435/1435/1435 1434/1434/1434 1433/1433/1433
f 1428/1428/1428 1437/1437/1437 1436/1436/1436
f 1439/1439/1439 1438/1438/1438 1428/1428/1428
f 1441/1441/1441 1440/1440/1440 1435/1435/1435
f 1443/1443/1443 1442/1442/1442 1432/1432/1432
f 1443/1443/1443 1444/1444/1444 1442/1442/1442
f 1446/1446/1446 1439/1439/1439 1445/1445/1445
f 1439/1439/1439 1425/1425/1425 1447/1447/1447
f 1425/1425/1425 1448/1448/1448 1447/1447/1447
f 1447/1447/1447 1448/1448/1448 1449/1449/1449
f 1447/1447/1447 1449/1449/1449 1450/1450/1450
f 1440/1440/1440 1452/1452/1452 1451/1451/1451
f 1454/1454/1454 1451/1451/1451 1453/1453/1453
f 1451/1451/1451 1455/1455/1455 1453/1453/1453
f 1457/1457/1457 1440/1440/1440 1456/1456/1456
f 1457/1457/1457 1458/1458/1458 1440/1440/1440
f 1457/1457/1457 1459/1459/1459 1458/1458/1458
f 1459/1459/1459 1445/1445/1445 1458/1458/1458
f 1459/1459/1459 1416/1416/1416 1445/1445/1445
f 1440/1440/1440 1461/1461/1461 1460/1460/1460
f 1462/1462/1462 1460/1460/1460 1461/1461/1461
f 1464/1464/1464 1463/1463/1463 1457/1457/1457
f 1464/1464/1464 1416/1416/1416 1463/1463/1463
f 1466/1466/1466 1465/1465/1465 1464/1464/1464
f 1464/1464/1464 1468/1468/1468 1467/1467/1467
f 1470/1470/1470 1469/1469/1469 1416/1416/1416
f 1471/1471/1471 1470/1470/1470 1416/1416/1416
f 1473/1473/1473 1472/1472/1472 1470/1470/1470
f 1475/1475/1475 1471/1471/1471 1474/1474/1474
f 1467/1467/1467 1477/1477/1477 1476/1476/1476
f 1476/1476/1476 1477/1477/1477 1478/1478/1478
f 1480/1480/1480 1479/1479/1479 1478/1478/1478
f 1476/1476/1476 1481/1481/1481 1479/1479/1479
f 1483/1483/1483 1482/1482/1482 1481/1481/1481
f 1481/1481/1481 1482/1482/1482 1484/1484/1484
f 1481/1481/1481 1484/1484/1484 1485/1485/1485
f 1486/1486/1486 1485/1485/1485 1484/1484/1484
f 1489/1489/1489 1488/1488/1488 1487/1487/1487
f 1489/1489/1489 1491/1491/1491 1490/1490/1490
f 1491/1491/1491 1492/1492/1492 1490/1490/1490
f 1495/1495/1495 1494/1494/1494 1493/1493/1493
f 1498/1498/1498 1497/1497/1497 1496/1496/1496
f 1501/1501/1501 1500/1500/1500 1499/1499/1499
f 1504/1504/1504 1503/1503/1503 1502/1502/1502
f 1506/1506/1506 1505/1505/1505 1503/1503/1503
f 1509/1509/1509 1508/1508/1508 1507/1507/1507
f 1508/1508/1508 1511/1511/1511 1510/1510/1510
f 1514/1514/1514 1513/1513/1513 1512/1512/1512
f 1517/1517/1517 1516/1516/1516 1515/1515/1515
f 1515/1515/1515 1519/1519/1519 1518/1518/1518
f 1520/1520/1520 1515/1515/1515 1518/1518/1518
f 1518/1518/1518 1522/1522/1522 1521/1521/1521
f 1525/1525/1525 1524/1524/1524 1523/1523/1523
f 1527/1527/1527 1526/1526/1526 1523/1523/1523
f 1530/1530/1530 1529/1529/1529 1528/1528/1528
f 1533/1533/1533 1532/1532/1532 1531/1531/1531
f 1535/1535/1535 1531/1531/1531 1534/1534/1534
f 1531/1531/1531 1536/1536/1536 1534/1534/1534
f 1534/1534/1534 1536/1536/1536 1537/1537/1537
f 1540/1540/1540 1539/1539/1539 1538/1538/1538
f 1542/1542/1542 1541/1541/1541 1540/1540/1540
f 1544/1544/1544 1543/1543/1543 1542/1542/1542
f 1544/1544/1544 1545/1545/1545 1541/1541/1541
f 1546/1546/1546 1545/1545/1545 1544/1544/1544
f 1540/1540/1540 1548/1548/1548 1547/1547/1547
f 1549/1549/1549 1547/1547/1547 1548/1548/1548
f 1549/1549/1549 1550/1550/1550 1547/1547/1547
f 1551/1551/1551 1550/1550/1550 1549/1549/1549
f 1552/1552/1552 1551/1551/1551 1549/1549/1549
f 1552/1552/1552 1553/1553/1553 1551/1551/1551
f 1551/1551/1551 1554/1554/1554 1550/1550/1550
f 1551/1551/1551 1555/1555/1555 1554/1554/1554
f 1558/1558/1558 1557/1557/1557 1556/1556/1556
f 1561/1561/1561 1560/1560/1560 1559/1559/1559
f 1564/1564/1564 1563/1563/1563 1562/1562/1562
f 1567/1567/1567 1566/1566/1566 1565/1565/1565
f 1570/1570/1570 1569/1569/1569 1568/1568/1568
f 1572/1572/1572 1571/1571/1571 1568/1568/1568
f 1572/1572/1572 1573/1573/1573 1571/1571/1571
f 1576/1576/1576 1575/1575/1575 1574/1574/1574
f 1579/1579/1579 1578/1578/1578 1577/1577/1577
f 1581/1581/1581 1580/1580/1580 1579/1579/1579
f 1580/1580/1580 1582/1582/1582 1579/1579/1579
f 1584/1584/1584 1583/1583/1583 1580/1580/1580
f 1583/1583/1583 1585/1585/1585 1580/1580/1580
f 1583/1583/1583 1586/1586/1586 1585/1585/1585
f 1586/1586/1586 1587/1587/1587 1585/1585/1585
f 1586/1586/1586 1588/1588/1588 1587/1587/1587
f 1589/1589/1589 1587/1587/1587 1588/1588/1588
f 1589/1589/1589 1590/1590/1590 1587/1587/1587
f 1589/1589/1589 1591/1591/1591 1590/1590/1590
f 1593/1593/1593 1591/1591/1591 1592/1592/1592
f 1587/1587/1587 1595/1595/1595 1594/1594/1594
f 1597/1597/1597 1594/1594/1594 1596/1596/1596
f 1599/1599/1599 1594/1594/1594 1598/1598/1598
f 1601/1601/1601 1600/1600/1600 1594/1594/1594
f 1603/1603/1603 1598/1598/1598 1602/1602/1602
f 1605/1605/1605 1604/1604/1604 1603/1603/1603
f 1606/1606/1606 1603/1603/1603 1582/1582/1582
f 1607/1607/1607 1606/1606/1606 1582/1582/1582
f 1609/1609/1609 1607/1607/1607 1608/1608/1608
f 1609/1609/1609 1608/1608/1608 1610/1610/1610
f 1612/1612/1612 1611/1611/1611 1600/1600/1600
f 1612/1612/1612 1614/1614/1614 1613/1613/1613
f 1616/1616/1616 1613/1613/1613 1615/1615/1615
f 1611/1611/1611 1618/1618/1618 1617/1617/1617
f 1611/1611/1611 1619/1619/1619 1618/1618/1618
f 1621/1621/1621 1615/1615/1615 1620/1620/1620
f 1621/1621/1621 1620/1620/1620 1622/1622/1622
f 1610/1610/1610 1624/1624/1624 1623/1623/1623
f 1624/1624/1624 1626/1626/1626 1625/1625/1625
f 1628/1628/1628 1610/1610/1610 1627/1627/1627
f 1628/1628/1628 1629/1629/1629 1610/1610/1610
f 1631/1631/1631 1610/1610/1610 1630/1630/1630
f 1633/1633/1633 1632/1632/1632 1628/1628/1628
f 1634/1634/1634 1632/1632/1632 1633/1633/1633
f 1634/1634/1634 1633/1633/1633 1635/1635/1635
f 1635/1635/1635 1636/1636/1636 1634/1634/1634
f 1635/1635/1635 1637/1637/1637 1636/1636/1636
f 1638/1638/1638 1636/1636/1636 1637/1637/1637
f 1638/1638/1638 1637/1637/1637 1639/1639/1639
f 1640/1640/1640 1638/1638/1638 1639/1639/1639
f 1633/1633/1633 1642/1642/1642 1641/1641/1641
f 1644/1644/1644 1637/1637/1637 1643/1643/1643
f 1646/1646/1646 1645/1645/1645 1641/1641/1641
f 1647/1647/1647 1645/1645/1645 1646/1646/1646
f 1648/1648/1648 1637/1637/1637 1647/1647/1647
f 1648/1648/1648 1647/1647/1647 1646/1646/1646
f 1651/1651/1651 1650/1650/1650 1649/1649/1649
f 1653/1653/1653 1649/1649/1649 1652/1652/1652
f 1652/1652/1652 1655/1655/1655 1654/1654/1654
f 1655/1655/1655 1657/1657/1657 1656/1656/1656
f 1652/1652/1652 1659/1659/1659 1658/1658/1658
f 1658/1658/1658 1659/1659/1659 1660/1660/1660
f 1649/1649/1649 1662/1662/1662 1661/1661/1661
f 1661/1661/1661 1662/1662/1662 1663/1663/1663
f 1661/1661/1661 1665/1665/1665 1664/1664/1664
f 1663/1663/1663 1666/1666/1666 1664/1664/1664
f 1668/1668/1668 1666/1666/1666 1667/1667/1667
f 1670/1670/1670 1669/1669/1669 1655/1655/1655
f 1671/1671/1671 1669/1669/1669 1670/1670/1670
f 1673/1673/1673 1672/1672/1672 1669/1669/1669
f 1673/1673/1673 1674/1674/1674 1672/1672/1672
f 1676/1676/1676 1674/1674/1674 1675/1675/1675
f 1677/1677/1677 1663/1663/1663 1583/1583/1583
f 1678/1678/1678 1583/1583/1583 1663/1663/1663
f 1678/1678/1678 1679/1679/1679 1583/1583/1583
f 1680/1680/1680 1679/1679/1679 1678/1678/1678
f 1680/1680/1680 1681/1681/1681 1679/1679/1679
f 1680/1680/1680 1682/1682/1682 1681/1681/1681
f 1680/1680/1680 1683/1683/1683 1682/1682/1682
f 1683/1683/1683 1685/1685/1685 1684/1684/1684
f 1683/1683/1683 1686/1686/1686 1685/1685/1685
f 1675/1675/1675 1685/1685/1685 1686/1686/1686
f 1687/1687/1687 1675/1675/1675 1686/1686/1686
f 1687/1687/1687 1686/1686/1686 1688/1688/1688
f 1690/1690/1690 1688/1688/1688 1689/1689/1689
f 1691/1691/1691 1688/1688/1688 1690/1690/1690
f 1675/1675/1675 1693/1693/1693 1692/1692/1692
f 1675/1675/1675 1694/1694/1694 1693/1693/1693
f 1696/1696/1696 1694/1694/1694 1695/1695/1695
f 1696/1696/1696 1697/1697/1697 1694/1694/1694
f 1693/1693/1693 1699/1699/1699 1698/1698/1698
f 1699/1699/1699 1700/1700/1700 1698/1698/1698
f 1699/1699/1699 1701/1701/1701 1700/1700/1700
f 1701/1701/1701 1702/1702/1702 1700/1700/1700
f 1701/1701/1701 1703/1703/1703 1702/1702/1702
f 1698/1698/1698 1705/1705/1705 1704/1704/1704
f 1706/1706/1706 1698/1698/1698 1704/1704/1704
f 1708/1708/1708 1706/1706/1706 1707/1707/1707
f 1710/1710/1710 1708/1708/1708 1709/1709/1709
f 1712/1712/1712 1698/1698/1698 1711/1711/1711
f 1711/1711/1711 1714/1714/1714 1713/1713/1713
f 1716/1716/1716 1711/1711/1711 1715/1715/1715
f 1716/1716/1716 1715/1715/1715 1717/1717/1717
f 1719/1719/1719 1718/1718/1718 1716/1716/1716
f 1720/1720/1720 1718/1718/1718 1719/1719/1719
f 1720/1720/1720 1721/1721/1721 1718/1718/1718
f 1722/1722/1722 1721/1721/1721 1720/1720/1720
f 1722/1722/1722 1723/1723/1723 1721/1721/1721
f 1726/1726/1726 1725/1725/1725 1724/1724/1724
f 1729/1729/1729 1728/1728/1728 1727/1727/1727
f 1731/1731/1731 1728/1728/1728 1730/1730/1730
f 1733/1733/1733 1730/1730/1730 1732/1732/1732
f 1736/1736/1736 1735/1735/1735 1734/1734/1734
f 1739/1739/1739 1738/1738/1738 1737/1737/1737
f 1742/1742/1742 1741/1741/1741 1740/1740/1740
f 1744/1744/1744 1740/1740/1740 1743/1743/1743
f 1746/1746/1746 1743/1743/1743 1745/1745/1745
f 1747/1747/1747 1746/1746/1746 1745/1745/1745
f 1750/1750/1750 1749/1749/1749 1748/1748/1748
f 1753/1753/1753 1752/1752/1752 1751/1751/1751
f 1756/1756/1756 1755/1755/1755 1754/1754/1754
f 1759/1759/1759 1758/1758/1758 1757/1757/1757
f 1762/1762/1762 1761/1761/1761 1760/1760/1760
f 1760/1760/1760 1764/1764/1764 1763/1763/1763
f 1765/1765/1765 1764/1764/1764 1760/1760/1760
f 1768/1768/1768 1767/1767/1767 1766/1766/1766
f 1766/1766/1766 1770/1770/1770 1769/1769/1769
f 1773/1773/1773 1772/1772/1772 1771/1771/1771
f 1775/1775/1775 1773/1773/1773 1774/1774/1774
f 1778/1778/1778 1777/1777/1777 1776/1776/1776
f 1778/1778/1778 1779/1779/1779 1404/1404/1404
f 1778/1778/1778 1404/1404/1404 1780/1780/1780
f 1404/1404/1404 1781/1781/1781 1780/1780/1780
f 1778/1778/1778 1780/1780/1780 1782/1782/1782
f 1782/1782/1782 1784/1784/1784 1783/1783/1783
f 1783/1783/1783 1784/1784/1784 1785/1785/1785
f 1788/1788/1788 1787/1787/1787 1786/1786/1786
f 1791/1791/1791 1790/1790/1790 1789/1789/1789
f 1794/1794/1794 1793/1793/1793 1792/1792/1792
f 1792/1792/1792 1796/1796/1796 1795/1795/1795
f 1795/1795/1795 1796/1796/1796 1797/1797/1797
f 1800/1800/1800 1799/1799/1799 1798/1798/1798
f 1802/1802/1802 1801/1801/1801 1800/1800/1800
f 1805/1805/1805 1804/1804/1804 1803/1803/1803
f 1808/1808/1808 1807/1807/1807 1806/1806/1806
f 1811/1811/1811 1810/1810/1810 1809/1809/1809
f 1809/1809/1809 1813/1813/1813 1812/1812/1812
f 1813/1813/1813 1814/1814/1814 1812/1812/1812
f 1813/1813/1813 1815/1815/1815 1814/1814/1814
f 1815/1815/1815 1816/1816/1816 1814/1814/1814
f 1819/1819/1819 1818/1818/1818 1817/1817/1817
f 1822/1822/1822 1821/1821/1821 1820/1820/1820
f 1824/1824/1824 1821/1821/1821 1823/1823/1823
f 1825/1825/1825 1824/1824/1824 1823/1823/1823
f 1827/1827/1827 1823/1823/1823 1826/1826/1826
f 1826/1826/1826 1829/1829/1829 1828/1828/1828
f 1832/1832/1832 1831/1831/1831 1830/1830/1830
f 1835/1835/1835 1834/1834/1834 1833/1833/1833
f 1838/1838/1838 1837/1837/1837 1836/1836/1836
f 1841/1841/1841 1840/1840/1840 1839/1839/1839
f 1844/1844/1844 1843/1843/1843 1842/1842/1842
f 1843/1843/1843 1846/1846/1846 1845/1845/1845
f 1849/1849/1849 1848/1848/1848 1847/1847/1847
f 1852/1852/1852 1851/1851/1851 1850/1850/1850
f 1855/1855/1855 1854/1854/1854 1853/1853/1853
f 1858/1858/1858 1857/1857/1857 1856/1856/1856
f 1860/1860/1860 1859/1859/1859 1857/1857/1857
f 1860/1860/1860 1857/1857/1857 1861/1861/1861
f 1863/1863/1863 1862/1862/1862 1861/1861/1861
f 1862/1862/1862 1865/1865/1865 1864/1864/1864
f 1865/1865/1865 1866/1866/1866 1864/1864/1864
f 1869/1869/1869 1868/1868/1868 1867/1867/1867
f 1872/1872/1872 1871/1871/1871 1870/1870/1870
f 1874/1874/1874 1873/1873/1873 1870/1870/1870
f 1870/1870/1870 1875/1875/1875 1874/1874/1874
f 1877/1877/1877 1875/1875/1875 1876/1876/1876
f 1875/1875/1875 1878/1878/1878 1876/1876/1876
f 1881/1881/1881 1880/1880/1880 1879/1879/1879
f 1884/1884/1884 1883/1883/1883 1882/1882/1882
f 1886/1886/1886 1883/1883/1883 1885/1885/1885
f 1883/1883/1883 1886/1886/1886 1887/1887/1887
f 1883/1883/1883 1887/1887/1887 1888/1888/1888
f 1888/1888/1888 1887/1887/1887 1889/1889/1889
f 1888/1888/1888 1889/1889/1889 1890/1890/1890
f 1890/1890/1890 1889/1889/1889 1891/1891/1891
f 1890/1890/1890 1891/1891/1891 1892/1892/1892
f 1893/1893/1893 1892/1892/1892 1891/1891/1891
f 1895/1895/1895 1894/1894/1894 1886/1886/1886
f 1897/1897/1897 1889/1889/1889 1896/1896/1896
f 1898/1898/1898 1897/1897/1897 1896/1896/1896
f 1900/1900/1900 1899/1899/1899 1890/1890/1890
f 1901/1901/1901 1899/1899/1899 1900/1900/1900
f 1903/1903/1903 1891/1891/1891 1902/1902/1902
f 1903/1903/1903 1902/1902/1902 1904/1904/1904
f 1903/1903/1903 1904/1904/1904 1630/1630/1630
f 1902/1902/1902 1906/1906/1906 1905/1905/1905
f 1908/1908/1908 1906/1906/1906 1907/1907/1907
f 1910/1910/1910 1909/1909/1909 1630/1630/1630
f 1910/1910/1910 1912/1912/1912 1911/1911/1911
f 1912/1912/1912 1913/1913/1913 1911/1911/1911
f 1914/1914/1914 1912/1912/1912 1910/1910/1910
f 1915/1915/1915 1914/1914/1914 1910/1910/1910
f 1915/1915/1915 1916/1916/1916 1914/1914/1914
f 1918/1918/1918 1917/1917/1917 1914/1914/1914
f 1920/1920/1920 1916/1916/1916 1919/1919/1919
f 1920/1920/1920 1921/1921/1921 1916/1916/1916
f 1922/1922/1922 1921/1921/1921 1920/1920/1920
f 1922/1922/1922 1923/1923/1923 1921/1921/1921
f 1924/1924/1924 1923/1923/1923 1922/1922/1922
f 1924/1924/1924 1925/1925/1925 1923/1923/1923
f 1926/1926/1926 1925/1925/1925 1924/1924/1924
f 1926/1926/1926 1927/1927/1927 1925/1925/1925
f 1927/1927/1927 1926/1926/1926 1928/1928/1928
f 1930/1930/1930 1926/1926/1926 1929/1929/1929
f 1919/1919/1919 1932/1932/1932 1931/1931/1931
f 1934/1934/1934 1933/1933/1933 1931/1931/1931
f 1936/1936/1936 1935/1935/1935 1925/1925/1925
f 1935/1935/1935 1937/1937/1937 1925/1925/1925
f 1939/1939/1939 1938/1938/1938 1923/1923/1923
f 1923/1923/1923 1938/1938/1938 1940/1940/1940
f 1938/1938/1938 1941/1941/1941 1940/1940/1940
f 1944/1944/1944 1943/1943/1943 1942/1942/1942
f 1947/1947/1947 1946/1946/1946 1945/1945/1945
f 1949/1949/1949 1948/1948/1948 1945/1945/1945
f 1952/1952/1952 1951/1951/1951 1950/1950/1950
f 1955/1955/1955 1954/1954/1954 1953/1953/1953
f 1957/1957/1957 1954/1954/1954 1956/1956/1956
f 1960/1960/1960 1959/1959/1959 1958/1958/1958
f 1963/1963/1963 1962/1962/1962 1961/1961/1961
f 1966/1966/1966 1965/1965/1965 1964/1964/1964
f 1969/1969/1969 1968/1968/1968 1967/1967/1967
f 1972/1972/1972 1971/1971/1971 1970/1970/1970
f 1975/1975/1975 1974/1974/1974 1973/1973/1973
f 1978/1978/1978 1977/1977/1977 1976/1976/1976
f 1981/1981/1981 1980/1980/1980 1979/1979/1979
f 1979/1979/1979 1667/1667/1667 1982/1982/1982
f 1984/1984/1984 1982/1982/1982 1983/1983/1983
f 1986/1986/1986 1983/1983/1983 1985/1985/1985
f 1986/1986/1986 1982/1982/1982 1987/1987/1987
f 1987/1987/1987 1988/1988/1988 1986/1986/1986
f 1989/1989/1989 1986/1986/1986 1988/1988/1988
f 1991/1991/1991 1986/1986/1986 1990/1990/1990
f 1987/1987/1987 1993/1993/1993 1992/1992/1992
f 1994/1994/1994 1987/1987/1987 1992/1992/1992
f 1996/1996/1996 1995/1995/1995 1994/1994/1994
f 1998/1998/1998 1995/1995/1995 1997/1997/1997
f 2001/2001/2001 2000/2000/2000 1999/1999/1999
f 2001/2001/2001 2003/2003/2003 2002/2002/2002
f 2003/2003/2003 2001/2001/2001 2004/2004/2004
f 2003/2003/2003 2004/2004/2004 2005/2005/2005
f 2005/2005/2005 2004/2004/2004 2006/2006/2006
f 2005/2005/2005 2006/2006/2006 2007/2007/2007
f 2007/2007/2007 2006/2006/2006 2008/2008/2008
f 2010/2010/2010 2003/2003/2003 2009/2009/2009
f 2007/2007/2007 2012/2012/2012 2011/2011/2011
f 2007/2007/2007 2011/2011/2011 2013/2013/2013
f 2014/2014/2014 2007/2007/2007 2013/2013/2013
f 2015/2015/2015 2014/2014/2014 2013/2013/2013
f 2004/2004/2004 2017/2017/2017 2016/2016/2016
f 2004/2004/2004 2016/2016/2016 2018/2018/2018
f 2016/2016/2016 2019/2019/2019 2018/2018/2018
f 2016/2016/2016 2021/2021/2021 2020/2020/2020
f 2020/2020/2020 2023/2023/2023 2022/2022/2022
f 2026/2026/2026 2025/2025/2025 2024/2024/2024
f 2029/2029/2029 2028/2028/2028 2027/2027/2027
f 2032/2032/2032 2031/2031/2031 2030/2030/2030
f 2031/2031/2031 2034/2034/2034 2033/2033/2033
f 2036/2036/2036 2035/2035/2035 2034/2034/2034
f 2036/2036/2036 2037/2037/2037 2035/2035/2035
f 2039/2039/2039 2038/2038/2038 2036/2036/2036
f 2037/2037/2037 2041/2041/2041 2040/2040/2040
f 2037/2037/2037 2042/2042/2042 2041/2041/2041
f 2043/2043/2043 2041/2041/2041 2042/2042/2042
f 2043/2043/2043 2042/2042/2042 2044/2044/2044
f 2039/2039/2039 2046/2046/2046 2045/2045/2045
f 2046/2046/2046 2047/2047/2047 2045/2045/2045
f 2046/2046/2046 2048/2048/2048 2047/2047/2047
f 2049/2049/2049 2047/2047/2047 2048/2048/2048
f 2049/2049/2049 2048/2048/2048 2050/2050/2050
f 2053/2053/2053 2052/2052/2052 2051/2051/2051
f 2055/2055/2055 2054/2054/2054 2051/2051/2051
f 2054/2054/2054 2056/2056/2056 2051/2051/2051
f 2059/2059/2059 2058/2058/2058 2057/2057/2057
f 2062/2062/2062 2061/2061/2061 2060/2060/2060
f 2064/2064/2064 2063/2063/2063 2062/2062/2062
f 2067/2067/2067 2066/2066/2066 2065/2065/2065
f 2067/2067/2067 2069/2069/2069 2068/2068/2068
f 2072/2072/2072 2071/2071/2071 2070/2070/2070
f 2074/2074/2074 2071/2071/2071 2073/2073/2073
f 2077/2077/2077 2076/2076/2076 2075/2075/2075
f 2079/2079/2079 2077/2077/2077 2078/2078/2078
f 2079/2079/2079 2081/2081/2081 2080/2080/2080
f 2083/2083/2083 2082/2082/2082 2078/2078/2078
f 2083/2083/2083 2084/2084/2084 2082/2082/2082
f 2087/2087/2087 2086/2086/2086 2085/2085/2085
f 2090/2090/2090 2089/2089/2089 2088/2088/2088
f 2090/2090/2090 2092/2092/2092 2091/2091/2091
f 2094/2094/2094 2092/2092/2092 2093/2093/2093
f 2096/2096/2096 2094/2094/2094 2095/2095/2095
f 2098/2098/2098 2096/2096/2096 2097/2097/2097
f 2100/2100/2100 2099/2099/2099 2094/2094/2094
f 2100/2100/2100 2101/2101/2101 2099/2099/2099
f 2100/2100/2100 2102/2102/2102 2101/2101/2101
f 2103/2103/2103 2101/2101/2101 2102/2102/2102
f 2103/2103/2103 2102/2102/2102 2104/2104/2104
f 2107/2107/2107 2106/2106/2106 2105/2105/2105
f 2110/2110/2110 2109/2109/2109 2108/2108/2108
f 2112/2112/2112 2111/2111/2111 2110/2110/2110
f 2112/2112/2112 2113/2113/2113 2111/2111/2111
f 2116/2116/2116 2115/2115/2115 2114/2114/2114
f 2118/2118/2118 2116/2116/2116 2117/2117/2117
f 2118/2118/2118 2119/2119/2119 2116/2116/2116
f 2120/2120/2120 2119/2119/2119 2118/2118/2118
f 2116/2116/2116 2122/2122/2122 2121/2121/2121
f 2116/2116/2116 2123/2123/2123 2122/2122/2122
f 2120/2120/2120 2122/2122/2122 2123/2123/2123
f 2120/2120/2120 2124/2124/2124 2122/2122/2122
f 2125/2125/2125 2124/2124/2124 2120/2120/2120
f 2125/2125/2125 2126/2126/2126 2124/2124/2124
f 2127/2127/2127 2126/2126/2126 2125/2125/2125
f 2127/2127/2127 2125/2125/2125 2128/2128/2128
f 2131/2131/2131 2130/2130/2130 2129/2129/2129
f 2133/2133/2133 2132/2132/2132 2130/2130/2130
f 2136/2136/2136 2135/2135/2135 2134/2134/2134
f 2139/2139/2139 2138/2138/2138 2137/2137/2137
f 2142/2142/2142 2141/2141/2141 2140/2140/2140
f 2145/2145/2145 2144/2144/2144 2143/2143/2143
f 2148/2148/2148 2147/2147/2147 2146/2146/2146
f 2151/2151/2151 2150/2150/2150 2149/2149/2149
f 2154/2154/2154 2153/2153/2153 2152/2152/2152
f 2157/2157/2157 2156/2156/2156 2155/2155/2155
f 2160/2160/2160 2159/2159/2159 2158/2158/2158
f 2163/2163/2163 2162/2162/2162 2161/2161/2161
f 2165/2165/2165 2162/2162/2162 2164/2164/2164
f 2168/2168/2168 2167/2167/2167 2166/2166/2166
f 2171/2171/2171 2170/2170/2170 2169/2169/2169
f 2174/2174/2174 2173/2173/2173 2172/2172/2172
f 2177/2177/2177 2176/2176/2176 2175/2175/2175
f 2180/2180/2180 2179/2179/2179 2178/2178/2178
f 2182/2182/2182 2180/2180/2180 2181/2181/2181
f 2185/2185/2185 2184/2184/2184 2183/2183/2183
f 2188/2188/2188 2187/2187/2187 2186/2186/2186
f 2191/2191/2191 2190/2190/2190 2189/2189/2189
f 2193/2193/2193 2192/2192/2192 2191/2191/2191
f 2192/2192/2192 2195/2195/2195 2194/2194/2194
f 2197/2197/2197 2196/2196/2196 2192/2192/2192
f 2199/2199/2199 2197/2197/2197 2198/2198/2198
f 2201/2201/2201 2200/2200/2200 2198/2198/2198
f 2203/2203/2203 2201/2201/2201 2202/2202/2202
f 2204/2204/2204 2203/2203/2203 2202/2202/2202
f 2206/2206/2206 2205/2205/2205 2193/2193/2193
f 2207/2207/2207 2205/2205/2205 2206/2206/2206
f 2209/2209/2209 2207/2207/2207 2208/2208/2208
f 2208/2208/2208 2210/2210/2210 2206/2206/2206
f 2211/2211/2211 2210/2210/2210 2209/2209/2209
f 2211/2211/2211 2212/2212/2212 2210/2210/2210
f 2214/2214/2214 2209/2209/2209 2213/2213/2213
f 2206/2206/2206 2215/2215/2215 2213/2213/2213
f 2216/2216/2216 2213/2213/2213 2215/2215/2215
f 2206/2206/2206 2217/2217/2217 2215/2215/2215
f 2206/2206/2206 2218/2218/2218 2217/2217/2217
f 2221/2221/2221 2220/2220/2220 2219/2219/2219
f 2223/2223/2223 2220/2220/2220 2222/2222/2222
f 2226/2226/2226 2225/2225/2225 2224/2224/2224
f 2226/2226/2226 2228/2228/2228 2227/2227/2227
f 2231/2231/2231 2230/2230/2230 2229/2229/2229
f 2233/2233/2233 2231/2231/2231 2232/2232/2232
f 2231/2231/2231 2235/2235/2235 2234/2234/2234
f 2234/2234/2234 2235/2235/2235 2236/2236/2236
f 2239/2239/2239 2238/2238/2238 2237/2237/2237
f 2241/2241/2241 2238/2238/2238 2240/2240/2240
f 2241/2241/2241 2240/2240/2240 2242/2242/2242
f 2243/2243/2243 2242/2242/2242 2240/2240/2240
f 2243/2243/2243 2240/2240/2240 2244/2244/2244
f 2245/2245/2245 2242/2242/2242 2243/2243/2243
f 2246/2246/2246 2243/2243/2243 2244/2244/2244
f 2241/2241/2241 2248/2248/2248 2247/2247/2247
f 2248/2248/2248 2249/2249/2249 2247/2247/2247
f 2251/2251/2251 2250/2250/2250 2242/2242/2242
f 2251/2251/2251 2252/2252/2252 2250/2250/2250
f 2246/2246/2246 2254/2254/2254 2253/2253/2253
f 2246/2246/2246 2253/2253/2253 2255/2255/2255
f 2256/2256/2256 2255/2255/2255 2253/2253/2253
f 2257/2257/2257 2255/2255/2255 2256/2256/2256
f 2256/2256/2256 2259/2259/2259 2258/2258/2258
f 2258/2258/2258 2261/2261/2261 2260/2260/2260
f 2263/2263/2263 2258/2258/2258 2262/2262/2262
f 2263/2263/2263 2264/2264/2264 2258/2258/2258
f 2263/2263/2263 2265/2265/2265 2264/2264/2264
f 2267/2267/2267 2266/2266/2266 2264/2264/2264
f 2269/2269/2269 2268/2268/2268 2265/2265/2265
f 2272/2272/2272 2271/2271/2271 2270/2270/2270
f 2274/2274/2274 2270/2270/2270 2273/2273/2273
f 2277/2277/2277 2276/2276/2276 2275/2275/2275
f 2280/2280/2280 2279/2279/2279 2278/2278/2278
f 2282/2282/2282 2281/2281/2281 2280/2280/2280
f 2282/2282/2282 2280/2280/2280 2283/2283/2283
f 2284/2284/2284 2282/2282/2282 2283/2283/2283
f 2286/2286/2286 2285/2285/2285 2283/2283/2283
f 2288/2288/2288 2280/2280/2280 2287/2287/2287
f 2287/2287/2287 2289/2289/2289 2288/2288/2288
f 2282/2282/2282 2291/2291/2291 2290/2290/2290
f 2290/2290/2290 2291/2291/2291 2292/2292/2292
f 2289/2289/2289 2294/2294/2294 2293/2293/2293
f 2295/2295/2295 2289/2289/2289 2293/2293/2293
f 2292/2292/2292 2297/2297/2297 2296/2296/2296
f 2292/2292/2292 2296/2296/2296 2298/2298/2298
f 2299/2299/2299 2292/2292/2292 2298/2298/2298
f 2298/2298/2298 2296/2296/2296 2300/2300/2300
f 2296/2296/2296 2301/2301/2301 2300/2300/2300
f 2299/2299/2299 2298/2298/2298 2302/2302/2302
f 2304/2304/2304 2303/2303/2303 2302/2302/2302
f 2306/2306/2306 2299/2299/2299 2305/2305/2305
f 2306/2306/2306 2305/2305/2305 2307/2307/2307
f 2309/2309/2309 2308/2308/2308 2301/2301/2301
f 2309/2309/2309 2301/2301/2301 2310/2310/2310
f 2309/2309/2309 2310/2310/2310 2311/2311/2311
f 2310/2310/2310 2312/2312/2312 2311/2311/2311
f 2311/2311/2311 2314/2314/2314 2313/2313/2313
f 2316/2316/2316 2314/2314/2314 2315/2315/2315
f 2314/2314/2314 2318/2318/2318 2317/2317/2317
f 2314/2314/2314 2319/2319/2319 2318/2318/2318
f 2321/2321/2321 2319/2319/2319 2320/2320/2320
f 2323/2323/2323 2319/2319/2319 2322/2322/2322
f 2323/2323/2323 2322/2322/2322 2324/2324/2324
f 2327/2327/2327 2326/2326/2326 2325/2325/2325
f 2330/2330/2330 2329/2329/2329 2328/2328/2328
f 2332/2332/2332 2331/2331/2331 2329/2329/2329
f 2335/2335/2335 2334/2334/2334 2333/2333/2333
f 2333/2333/2333 2337/2337/2337 2336/2336/2336
f 2339/2339/2339 2338/2338/2338 2336/2336/2336
f 2338/2338/2338 2340/2340/2340 2336/2336/2336
f 2342/2342/2342 2341/2341/2341 2340/2340/2340
f 2342/2342/2342 2343/2343/2343 2341/2341/2341
f 2346/2346/2346 2345/2345/2345 2344/2344/2344
f 2349/2349/2349 2348/2348/2348 2347/2347/2347
f 2352/2352/2352 2351/2351/2351 2350/2350/2350
f 2355/2355/2355 2354/2354/2354 2353/2353/2353
f 2358/2358/2358 2357/2357/2357 2356/2356/2356
f 2361/2361/2361 2360/2360/2360 2359/2359/2359
f 2364/2364/2364 2363/2363/2363 2362/2362/2362
f 2367/2367/2367 2366/2366/2366 2365/2365/2365
f 2370/2370/2370 2369/2369/2369 2368/2368/2368
f 2373/2373/2373 2372/2372/2372 2371/2371/2371
f 2376/2376/2376 2375/2375/2375 2374/2374/2374
f 2379/2379/2379 2378/2378/2378 2377/2377/2377
f 2382/2382/2382 2381/2381/2381 2380/2380/2380
f 2385/2385/2385 2384/2384/2384 2383/2383/2383
f 2388/2388/2388 2387/2387/2387 2386/2386/2386
f 2391/2391/2391 2390/2390/2390 2389/2389/2389
f 2394/2394/2394 2393/2393/2393 2392/2392/2392
f 2397/2397/2397 2396/2396/2396 2395/2395/2395
f 2400/2400/2400 2399/2399/2399 2398/2398/2398
f 2402/2402/2402 2398/2398/2398 2401/2401/2401
f 2404/2404/2404 2398/2398/2398 2403/2403/2403
f 2402/2402/2402 2406/2406/2406 2405/2405/2405
f 2407/2407/2407 2405/2405/2405 2406/2406/2406
f 2407/2407/2407 2408/2408/2408 2405/2405/2405
f 2409/2409/2409 2408/2408/2408 2407/2407/2407
f 2409/2409/2409 2410/2410/2410 2408/2408/2408
f 2411/2411/2411 2410/2410/2410 2409/2409/2409
f 2412/2412/2412 2405/2405/2405 2408/2408/2408
f 2412/2412/2412 2413/2413/2413 2405/2405/2405
f 2405/2405/2405 2413/2413/2413 2414/2414/2414
f 2416/2416/2416 2414/2414/2414 2415/2415/2415
f 2418/2418/2418 2417/2417/2417 2416/2416/2416
f 2416/2416/2416 2420/2420/2420 2419/2419/2419
f 2405/2405/2405 2419/2419/2419 2421/2421/2421
f 2419/2419/2419 2422/2422/2422 2421/2421/2421
f 2403/2403/2403 2423/2423/2423 2421/2421/2421
f 2424/2424/2424 2403/2403/2403 2421/2421/2421
f 2426/2426/2426 2412/2412/2412 2425/2425/2425
f 2426/2426/2426 2425/2425/2425 2427/2427/2427
f 2428/2428/2428 2426/2426/2426 2427/2427/2427
f 2431/2431/2431 2430/2430/2430 2429/2429/2429
f 2434/2434/2434 2433/2433/2433 2432/2432/2432
f 2437/2437/2437 2436/2436/2436 2435/2435/2435
f 2440/2440/2440 2439/2439/2439 2438/2438/2438
f 2443/2443/2443 2442/2442/2442 2441/2441/2441
f 2446/2446/2446 2445/2445/2445 2444/2444/2444
f 2449/2449/2449 2448/2448/2448 2447/2447/2447
f 2451/2451/2451 2447/2447/2447 2450/2450/2450
f 2450/2450/2450 2447/2447/2447 2452/2452/2452
f 2452/2452/2452 2454/2454/2454 2453/2453/2453
f 2456/2456/2456 2455/2455/2455 2454/2454/2454
f 2454/2454/2454 2458/2458/2458 2457/2457/2457
f 2454/2454/2454 2459/2459/2459 2458/2458/2458
f 2460/2460/2460 2459/2459/2459 2454/2454/2454
f 2460/2460/2460 2461/2461/2461 2459/2459/2459
f 2463/2463/2463 2462/2462/2462 2461/2461/2461
f 2465/2465/2465 2464/2464/2464 2459/2459/2459
f 2467/2467/2467 2466/2466/2466 2464/2464/2464
f 2469/2469/2469 2459/2459/2459 2468/2468/2468
f 2471/2471/2471 2468/2468/2468 2470/2470/2470
f 2473/2473/2473 2469/2469/2469 2472/2472/2472
f 2475/2475/2475 2474/2474/2474 2459/2459/2459
f 2475/2475/2475 2476/2476/2476 2474/2474/2474
f 2478/2478/2478 2475/2475/2475 2477/2477/2477
f 2479/2479/2479 2478/2478/2478 2477/2477/2477
f 2480/2480/2480 2479/2479/2479 2477/2477/2477
f 2482/2482/2482 2481/2481/2481 2478/2478/2478
f 2485/2485/2485 2484/2484/2484 2483/2483/2483
f 2488/2488/2488 2487/2487/2487 2486/2486/2486
f 2488/2488/2488 2490/2490/2490 2489/2489/2489
f 2488/2488/2488 2489/2489/2489 2491/2491/2491
f 2494/2494/2494 2493/2493/2493 2492/2492/2492
f 2494/2494/2494 2496/2496/2496 2495/2495/2495
f 2494/2494/2494 2495/2495/2495 2497/2497/2497
f 2500/2500/2500 2499/2499/2499 2498/2498/2498
f 2503/2503/2503 2502/2502/2502 2501/2501/2501
f 2506/2506/2506 2505/2505/2505 2504/2504/2504
f 2509/2509/2509 2508/2508/2508 2507/2507/2507
f 2512/2512/2512 2511/2511/2511 2510/2510/2510
f 2515/2515/2515 2514/2514/2514 2513/2513/2513
f 2518/2518/2518 2517/2517/2517 2516/2516/2516
f 2521/2521/2521 2520/2520/2520 2519/2519/2519
f 2524/2524/2524 2523/2523/2523 2522/2522/2522
f 2522/2522/2522 2526/2526/2526 2525/2525/2525
f 2522/2522/2522 2525/2525/2525 2527/2527/2527
f 2529/2529/2529 2527/2527/2527 2528/2528/2528
f 2529/2529/2529 2531/2531/2531 2530/2530/2530
f 2533/2533/2533 2529/2529/2529 2532/2532/2532
f 2533/2533/2533 2534/2534/2534 2529/2529/2529
f 2534/2534/2534 2535/2535/2535 2529/2529/2529
f 2534/2534/2534 2536/2536/2536 2535/2535/2535
f 2536/2536/2536 2538/2538/2538 2537/2537/2537
f 2540/2540/2540 2539/2539/2539 2534/2534/2534
f 2540/2540/2540 2534/2534/2534 2541/2541/2541
f 2541/2541/2541 2534/2534/2534 2542/2542/2542
f 2541/2541/2541 2542/2542/2542 2543/2543/2543
f 2545/2545/2545 2544/2544/2544 2539/2539/2539
f 2547/2547/2547 2541/2541/2541 2546/2546/2546
f 2549/2549/2549 2548/2548/2548 2541/2541/2541
f 2549/2549/2549 2550/2550/2550 2548/2548/2548
f 2550/2550/2550 2551/2551/2551 2548/2548/2548
f 2553/2553/2553 2552/2552/2552 2549/2549/2549
f 2556/2556/2556 2555/2555/2555 2554/2554/2554
f 2559/2559/2559 2558/2558/2558 2557/2557/2557
f 2562/2562/2562 2561/2561/2561 2560/2560/2560
f 2564/2564/2564 2561/2561/2561 2563/2563/2563
f 2563/2563/2563 2561/2561/2561 2565/2565/2565
f 2568/2568/2568 2567/2567/2567 2566/2566/2566
f 2570/2570/2570 2567/2567/2567 2569/2569/2569
f 2569/2569/2569 2567/2567/2567 2571/2571/2571
f 2574/2574/2574 2573/2573/2573 2572/2572/2572
f 2577/2577/2577 2576/2576/2576 2575/2575/2575
f 2580/2580/2580 2579/2579/2579 2578/2578/2578
f 2583/2583/2583 2582/2582/2582 2581/2581/2581
f 2586/2586/2586 2585/2585/2585 2584/2584/2584
f 53/53/53 2586/2586/2586 10/10/10
f 53/53/53 2587/2587/2587 2586/2586/2586
f 2590/2590/2590 2589/2589/2589 2588/2588/2588
f 2590/2590/2590 2592/2592/2592 2591/2591/2591
f 2594/2594/2594 2593/2593/2593 2590/2590/2590
f 2594/2594/2594 2596/2596/2596 2595/2595/2595
f 2594/2594/2594 2598/2598/2598 2597/2597/2597
f 2600/2600/2600 2598/2598/2598 2599/2599/2599
f 2600/2600/2600 2599/2599/2599 2601/2601/2601
f 2602/2602/2602 2601/2601/2601 2599/2599/2599
f 2602/2602/2602 2599/2599/2599 2603/2603/2603
f 2605/2605/2605 2603/2603/2603 2604/2604/2604
f 2608/2608/2608 2607/2607/2607 2606/2606/2606
f 2611/2611/2611 2610/2610/2610 2609/2609/2609
f 2613/2613/2613 2612/2612/2612 2610/2610/2610
f 2614/2614/2614 2612/2612/2612 2613/2613/2613
f 2612/2612/2612 2616/2616/2616 2615/2615/2615
f 2618/2618/2618 2617/2617/2617 2613/2613/2613
f 2619/2619/2619 42/42/42 2618/2618/2618
f 2620/2620/2620 42/42/42 2619/2619/2619
f 2622/2622/2622 2620/2620/2620 2621/2621/2621
f 2623/2623/2623 2620/2620/2620 2622/2622/2622
f 2623/2623/2623 2622/2622/2622 2624/2624/2624
f 2625/2625/2625 2623/2623/2623 2624/2624/2624
f 2622/2622/2622 2621/2621/2621 2626/2626/2626
f 2626/2626/2626 2621/2621/2621 2627/2627/2627
f 2626/2626/2626 2627/2627/2627 2628/2628/2628
f 2630/2630/2630 2622/2622/2622 2629/2629/2629
f 2630/2630/2630 2629/2629/2629 2631/2631/2631
f 2631/2631/2631 2629/2629/2629 2632/2632/2632
f 2631/2631/2631 2632/2632/2632 2633/2633/2633
f 2634/2634/2634 2622/2622/2622 2630/2630/2630
f 2635/2635/2635 2622/2622/2622 2634/2634/2634
f 2636/2636/2636 2635/2635/2635 2634/2634/2634
f 2636/2636/2636 2637/2637/2637 2635/2635/2635
f 2640/2640/2640 2639/2639/2639 2638/2638/2638
f 2640/2640/2640 2642/2642/2642 2641/2641/2641
f 2640/2640/2640 2644/2644/2644 2643/2643/2643
f 2640/2640/2640 2643/2643/2643 2645/2645/2645
f 2648/2648/2648 2647/2647/2647 2646/2646/2646
f 2648/2648/2648 2650/2650/2650 2649/2649/2649
f 2648/2648/2648 2652/2652/2652 2651/2651/2651
f 2648/2648/2648 2651/2651/2651 2653/2653/2653
f 2656/2656/2656 2655/2655/2655 2654/2654/2654
f 2659/2659/2659 2658/2658/2658 2657/2657/2657
f 2662/2662/2662 2661/2661/2661 2660/2660/2660
f 2665/2665/2665 2664/2664/2664 2663/2663/2663
f 2667/2667/2667 2663/2663/2663 2666/2666/2666
f 2669/2669/2669 2667/2667/2667 2668/2668/2668
f 2672/2672/2672 2671/2671/2671 2670/2670/2670
f 2671/2671/2671 2674/2674/2674 2673/2673/2673
f 2673/2673/2673 2674/2674/2674 2675/2675/2675
f 2677/2677/2677 2676/2676/2676 2674/2674/2674
f 2680/2680/2680 2679/2679/2679 2678/2678/2678
f 2683/2683/2683 2682/2682/2682 2681/2681/2681
f 2686/2686/2686 2685/2685/2685 2684/2684/2684
f 2689/2689/2689 2688/2688/2688 2687/2687/2687
f 2692/2692/2692 2691/2691/2691 2690/2690/2690
f 2695/2695/2695 2694/2694/2694 2693/2693/2693
f 2698/2698/2698 2697/2697/2697 2696/2696/2696
f 2698/2698/2698 2700/2700/2700 2699/2699/2699
f 2703/2703/2703 2702/2702/2702 2701/2701/2701
f 2705/2705/2705 2704/2704/2704 2703/2703/2703
f 2705/2705/2705 2707/2707/2707 2706/2706/2706
f 2709/2709/2709 2708/2708/2708 2705/2705/2705
f 2711/2711/2711 2710/2710/2710 2704/2704/2704
f 2711/2711/2711 2712/2712/2712 2710/2710/2710
f 2714/2714/2714 2713/2713/2713 2710/2710/2710
f 2712/2712/2712 2715/2715/2715 2713/2713/2713
f 2716/2716/2716 2715/2715/2715 2714/2714/2714
f 2717/2717/2717 2716/2716/2716 2714/2714/2714
f 2715/2715/2715 2719/2719/2719 2718/2718/2718
f 2718/2718/2718 2721/2721/2721 2720/2720/2720
f 2722/2722/2722 2718/2718/2718 2720/2720/2720
f 2708/2708/2708 2722/2722/2722 2723/2723/2723
f 2722/2722/2722 2720/2720/2720 2724/2724/2724
f 2725/2725/2725 2722/2722/2722 2724/2724/2724
f 2727/2727/2727 2726/2726/2726 2723/2723/2723
f 2726/2726/2726 2729/2729/2729 2728/2728/2728
f 2728/2728/2728 2729/2729/2729 2730/2730/2730
f 2732/2732/2732 2729/2729/2729 2731/2731/2731
f 2734/2734/2734 2731/2731/2731 2733/2733/2733
f 2735/2735/2735 2731/2731/2731 2734/2734/2734
f 2731/2731/2731 2709/2709/2709 2736/2736/2736
f 2732/2732/2732 2738/2738/2738 2737/2737/2737
f 2739/2739/2739 2737/2737/2737 2738/2738/2738
f 2739/2739/2739 2740/2740/2740 2737/2737/2737
f 2736/2736/2736 2742/2742/2742 2741/2741/2741
f 2743/2743/2743 2736/2736/2736 2741/2741/2741
f 2744/2744/2744 2743/2743/2743 2741/2741/2741
f 2744/2744/2744 2741/2741/2741 2745/2745/2745
f 2196/2196/2196 2746/2746/2746 2744/2744/2744
f 2748/2748/2748 2746/2746/2746 2747/2747/2747
f 2746/2746/2746 2749/2749/2749 2747/2747/2747
f 2750/2750/2750 2746/2746/2746 2203/2203/2203
f 2752/2752/2752 2751/2751/2751 2750/2750/2750
f 2752/2752/2752 2753/2753/2753 2751/2751/2751
f 2754/2754/2754 2753/2753/2753 2752/2752/2752
f 2757/2757/2757 2756/2756/2756 2755/2755/2755
f 2760/2760/2760 2759/2759/2759 2758/2758/2758
f 2760/2760/2760 2762/2762/2762 2761/2761/2761
f 2765/2765/2765 2764/2764/2764 2763/2763/2763
f 2767/2767/2767 2766/2766/2766 2764/2764/2764
f 2770/2770/2770 2769/2769/2769 2768/2768/2768
f 2768/2768/2768 2772/2772/2772 2771/2771/2771
f 2774/2774/2774 2768/2768/2768 2773/2773/2773
f 2775/2775/2775 2774/2774/2774 2773/2773/2773
f 2778/2778/2778 2777/2777/2777 2776/2776/2776
f 2781/2781/2781 2780/2780/2780 2779/2779/2779
f 2252/2252/2252 2780/2780/2780 2782/2782/2782
f 2252/2252/2252 2783/2783/2783 2780/2780/2780
f 2252/2252/2252 2784/2784/2784 2783/2783/2783
f 2786/2786/2786 2785/2785/2785 2783/2783/2783
f 2780/2780/2780 2788/2788/2788 2787/2787/2787
f 2789/2789/2789 2787/2787/2787 2788/2788/2788
f 2791/2791/2791 2789/2789/2789 2790/2790/2790
f 2789/2789/2789 2792/2792/2792 2790/2790/2790
f 2795/2795/2795 2794/2794/2794 2793/2793/2793
f 2798/2798/2798 2797/2797/2797 2796/2796/2796
f 2798/2798/2798 2800/2800/2800 2799/2799/2799
f 2803/2803/2803 2802/2802/2802 2801/2801/2801
f 2801/2801/2801 2805/2805/2805 2804/2804/2804
f 2807/2807/2807 2806/2806/2806 2805/2805/2805
f 2808/2808/2808 2807/2807/2807 2805/2805/2805
f 2810/2810/2810 2808/2808/2808 2809/2809/2809
f 2810/2810/2810 2809/2809/2809 2811/2811/2811
f 2814/2814/2814 2813/2813/2813 2812/2812/2812
f 2817/2817/2817 2816/2816/2816 2815/2815/2815
f 2820/2820/2820 2819/2819/2819 2818/2818/2818
f 2823/2823/2823 2822/2822/2822 2821/2821/2821
f 2826/2826/2826 2825/2825/2825 2824/2824/2824
f 2829/2829/2829 2828/2828/2828 2827/2827/2827
f 2832/2832/2832 2831/2831/2831 2830/2830/2830
f 2835/2835/2835 2834/2834/2834 2833/2833/2833
f 2838/2838/2838 2837/2837/2837 2836/2836/2836
f 2841/2841/2841 2840/2840/2840 2839/2839/2839
f 2844/2844/2844 2843/2843/2843 2842/2842/2842
f 2847/2847/2847 2846/2846/2846 2845/2845/2845
f 2850/2850/2850 2849/2849/2849 2848/2848/2848
f 2853/2853/2853 2852/2852/2852 2851/2851/2851
f 2856/2856/2856 2855/2855/2855 2854/2854/2854
f 2859/2859/2859 2858/2858/2858 2857/2857/2857
f 2862/2862/2862 2861/2861/2861 2860/2860/2860
f 2865/2865/2865 2864/2864/2864 2863/2863/2863
f 2868/2868/2868 2867/2867/2867 2866/2866/2866
f 2870/2870/2870 230/230/230 2869/2869/2869
f 178/178/178 2872/2872/2872 2871/2871/2871
f 243/243/243 2874/2874/2874 2873/2873/2873
f 2877/2877/2877 2876/2876/2876 2875/2875/2875
f 2877/2877/2877 2879/2879/2879 2878/2878/2878
f 2877/2877/2877 2881/2881/2881 2880/2880/2880
f 2877/2877/2877 2883/2883/2883 2882/2882/2882
f 2877/2877/2877 2885/2885/2885 2884/2884/2884
f 2877/2877/2877 2884/2884/2884 2886/2886/2886
f 2889/2889/2889 2888/2888/2888 2887/2887/2887
f 2892/2892/2892 2891/2891/2891 2890/2890/2890
f 2894/2894/2894 2891/2891/2891 2893/2893/2893
f 2895/2895/2895 2891/2891/2891 2894/2894/2894
f 2895/2895/2895 2894/2894/2894 2896/2896/2896
f 2898/2898/2898 2893/2893/2893 2897/2897/2897
f 2899/2899/2899 2898/2898/2898 2897/2897/2897
f 2902/2902/2902 2901/2901/2901 2900/2900/2900
f 2905/2905/2905 2904/2904/2904 2903/2903/2903
f 2905/2905/2905 2906/2906/2906 2904/2904/2904
f 2909/2909/2909 2908/2908/2908 2907/2907/2907
f 2909/2909/2909 2910/2910/2910 2908/2908/2908
f 2913/2913/2913 2912/2912/2912 2911/2911/2911
f 2913/2913/2913 2911/2911/2911 2914/2914/2914
f 2913/2913/2913 2914/2914/2914 2915/2915/2915
f 2916/2916/2916 2915/2915/2915 2914/2914/2914
f 2916/2916/2916 2914/2914/2914 2917/2917/2917
f 2918/2918/2918 2916/2916/2916 2917/2917/2917
f 2918/2918/2918 2917/2917/2917 2919/2919/2919
f 2921/2921/2921 2914/2914/2914 2920/2920/2920
f 2921/2921/2921 2920/2920/2920 2922/2922/2922
f 2923/2923/2923 2921/2921/2921 2922/2922/2922
f 2923/2923/2923 2922/2922/2922 2924/2924/2924
f 2914/2914/2914 2925/2925/2925 2920/2920/2920
f 2914/2914/2914 2926/2926/2926 2925/2925/2925
f 2926/2926/2926 2927/2927/2927 2925/2925/2925
f 2926/2926/2926 2928/2928/2928 2927/2927/2927
f 2931/2931/2931 2930/2930/2930 2929/2929/2929
f 2931/2931/2931 2929/2929/2929 2932/2932/2932
f 2932/2932/2932 2929/2929/2929 2933/2933/2933
f 2932/2932/2932 2933/2933/2933 2934/2934/2934
f 2934/2934/2934 2933/2933/2933 2935/2935/2935
f 2935/2935/2935 2933/2933/2933 211/211/211
f 2934/2934/2934 2935/2935/2935 219/219/219
f 2934/2934/2934 219/219/219 2936/2936/2936
f 2933/2933/2933 2937/2937/2937 211/211/211
f 2933/2933/2933 2938/2938/2938 2937/2937/2937
f 2939/2939/2939 2937/2937/2937 2938/2938/2938
f 2939/2939/2939 2940/2940/2940 2937/2937/2937
f 2934/2934/2934 2936/2936/2936 2941/2941/2941
f 235/235/235 2941/2941/2941 2936/2936/2936
f 2942/2942/2942 2941/2941/2941 235/235/235
f 2942/2942/2942 2943/2943/2943 2941/2941/2941
f 2944/2944/2944 2943/2943/2943 2942/2942/2942
f 2944/2944/2944 2942/2942/2942 2945/2945/2945
f 2947/2947/2947 2946/2946/2946 2941/2941/2941
f 2947/2947/2947 2941/2941/2941 2948/2948/2948
f 2949/2949/2949 2947/2947/2947 2948/2948/2948
f 2949/2949/2949 2948/2948/2948 2950/2950/2950
f 2953/2953/2953 2952/2952/2952 2951/2951/2951
f 2952/2952/2952 2954/2954/2954 2951/2951/2951
f 2957/2957/2957 2956/2956/2956 2955/2955/2955
f 2955/2955/2955 2959/2959/2959 2958/2958/2958
f 2961/2961/2961 2960/2960/2960 2957/2957/2957
f 2958/2958/2958 2962/2962/2962 2961/2961/2961
f 2957/2957/2957 2963/2963/2963 2962/2962/2962
f 2966/2966/2966 2965/2965/2965 2964/2964/2964
f 2966/2966/2966 2967/2967/2967 2965/2965/2965
f 2967/2967/2967 2968/2968/2968 2965/2965/2965
f 2971/2971/2971 2970/2970/2970 2969/2969/2969
f 2971/2971/2971 2972/2972/2972 2970/2970/2970
f 2972/2972/2972 2973/2973/2973 2970/2970/2970
f 2974/2974/2974 2973/2973/2973 2972/2972/2972
f 2975/2975/2975 2973/2973/2973 2974/2974/2974
f 2971/2971/2971 2977/2977/2977 2976/2976/2976
f 2977/2977/2977 2979/2979/2979 2978/2978/2978
f 2980/2980/2980 2979/2979/2979 2977/2977/2977
f 2980/2980/2980 1397/1397/1397 2979/2979/2979
f 2982/2982/2982 2980/2980/2980 2981/2981/2981
f 2983/2983/2983 2976/2976/2976 2981/2981/2981
f 2983/2983/2983 2984/2984/2984 2976/2976/2976
f 2983/2983/2983 2985/2985/2985 2984/2984/2984
f 2988/2988/2988 2987/2987/2987 2986/2986/2986
f 2987/2987/2987 2989/2989/2989 2986/2986/2986
f 2992/2992/2992 2991/2991/2991 2990/2990/2990
f 2991/2991/2991 2993/2993/2993 2990/2990/2990
f 2996/2996/2996 2995/2995/2995 2994/2994/2994
f 2995/2995/2995 2997/2997/2997 2994/2994/2994
f 3000/3000/3000 2999/2999/2999 2998/2998/2998
f 2999/2999/2999 3001/3001/3001 2998/2998/2998
f 2999/2999/2999 3002/3002/3002 3001/3001/3001
f 3002/3002/3002 3003/3003/3003 3001/3001/3001
f 3002/3002/3002 3004/3004/3004 3003/3003/3003
f 3003/3003/3003 3004/3004/3004 3005/3005/3005
f 3007/3007/3007 3006/3006/3006 2999/2999/2999
f 3006/3006/3006 3008/3008/3008 2999/2999/2999
f 3010/3010/3010 3005/3005/3005 3009/3009/3009
f 3011/3011/3011 3010/3010/3010 3009/3009/3009
f 3013/3013/3013 3011/3011/3011 3012/3012/3012
f 3011/3011/3011 3014/3014/3014 3012/3012/3012
f 3017/3017/3017 3016/3016/3016 3015/3015/3015
f 3018/3018/3018 3016/3016/3016 3017/3017/3017
f 3021/3021/3021 3020/3020/3020 3019/3019/3019
f 3022/3022/3022 3020/3020/3020 3021/3021/3021
f 3022/3022/3022 3021/3021/3021 3023/3023/3023
f 3026/3026/3026 3025/3025/3025 3024/3024/3024
f 3026/3026/3026 3027/3027/3027 3025/3025/3025
f 3030/3030/3030 3029/3029/3029 3028/3028/3028
f 3030/3030/3030 3031/3031/3031 3029/3029/3029
f 3034/3034/3034 3033/3033/3033 3032/3032/3032
f 3035/3035/3035 3033/3033/3033 3034/3034/3034
f 3038/3038/3038 3037/3037/3037 3036/3036/3036
f 3039/3039/3039 3038/3038/3038 3036/3036/3036
f 3042/3042/3042 3041/3041/3041 3040/3040/3040
f 3041/3041/3041 3043/3043/3043 3040/3040/3040
f 3041/3041/3041 3044/3044/3044 3043/3043/3043
f 3043/3043/3043 3044/3044/3044 3045/3045/3045
f 3048/3048/3048 3047/3047/3047 3046/3046/3046
f 3047/3047/3047 3049/3049/3049 3046/3046/3046
f 3047/3047/3047 3050/3050/3050 3049/3049/3049
f 3049/3049/3049 3050/3050/3050 3051/3051/3051
f 3054/3054/3054 3053/3053/3053 3052/3052/3052
f 3055/3055/3055 3053/3053/3053 3054/3054/3054
f 3058/3058/3058 3057/3057/3057 3056/3056/3056
f 3059/3059/3059 3057/3057/3057 3058/3058/3058
f 3062/3062/3062 3061/3061/3061 3060/3060/3060
f 3060/3060/3060 3061/3061/3061 3063/3063/3063
f 3061/3061/3061 3065/3065/3065 3064/3064/3064
f 3065/3065/3065 3066/3066/3066 3064/3064/3064
f 3066/3066/3066 3068/3068/3068 3067/3067/3067
f 3067/3067/3067 3068/3068/3068 3069/3069/3069
f 3072/3072/3072 3071/3071/3071 3070/3070/3070
f 3071/3071/3071 3073/3073/3073 3070/3070/3070
f 3074/3074/3074 3073/3073/3073 3071/3071/3071
f 3077/3077/3077 3076/3076/3076 3075/3075/3075
f 3078/3078/3078 3077/3077/3077 3075/3075/3075
f 3081/3081/3081 3080/3080/3080 3079/3079/3079
f 3080/3080/3080 3082/3082/3082 3079/3079/3079
f 3085/3085/3085 3084/3084/3084 3083/3083/3083
f 3086/3086/3086 3084/3084/3084 3085/3085/3085
f 3089/3089/3089 3088/3088/3088 3087/3087/3087
f 3087/3087/3087 3088/3088/3088 3090/3090/3090
f 3093/3093/3093 3092/3092/3092 3091/3091/3091
f 3094/3094/3094 3091/3091/3091 3092/3092/3092
f 3097/3097/3097 3096/3096/3096 3095/3095/3095
f 3098/3098/3098 3097/3097/3097 3095/3095/3095
f 3098/3098/3098 3100/3100/3100 3099/3099/3099
f 3100/3100/3100 3101/3101/3101 3099/3099/3099
f 3100/3100/3100 3102/3102/3102 3101/3101/3101
f 3100/3100/3100 3103/3103/3103 3102/3102/3102
f 3100/3100/3100 3104/3104/3104 3103/3103/3103
f 3107/3107/3107 3106/3106/3106 3105/3105/3105
f 3108/3108/3108 3106/3106/3106 3107/3107/3107
f 3111/3111/3111 3110/3110/3110 3109/3109/3109
f 3112/3112/3112 3110/3110/3110 3111/3111/3111
f 3115/3115/3115 3114/3114/3114 3113/3113/3113
f 3114/3114/3114 3116/3116/3116 3113/3113/3113
f 3119/3119/3119 3118/3118/3118 3117/3117/3117
f 3120/3120/3120 3118/3118/3118 3119/3119/3119
f 3123/3123/3123 3122/3122/3122 3121/3121/3121
f 3124/3124/3124 3123/3123/3123 3121/3121/3121
f 3126/3126/3126 3121/3121/3121 3125/3125/3125
f 949/949/949 3124/3124/3124 3125/3125/3125
f 949/949/949 3125/3125/3125 3127/3127/3127
f 3127/3127/3127 3125/3125/3125 3128/3128/3128
f 3127/3127/3127 3128/3128/3128 3129/3129/3129
f 3131/3131/3131 3128/3128/3128 3130/3130/3130
f 3131/3131/3131 3130/3130/3130 3132/3132/3132
f 3130/3130/3130 3133/3133/3133 3132/3132/3132
f 3130/3130/3130 3134/3134/3134 3133/3133/3133
f 3134/3134/3134 868/868/868 3133/3133/3133
f 3134/3134/3134 3135/3135/3135 868/868/868
f 868/868/868 3135/3135/3135 3136/3136/3136
f 933/933/933 3137/3137/3137 3135/3135/3135
f 1124/1124/1124 3135/3135/3135 3137/3137/3137
f 3140/3140/3140 3139/3139/3139 3138/3138/3138
f 3141/3141/3141 3140/3140/3140 3138/3138/3138
f 3144/3144/3144 3143/3143/3143 3142/3142/3142
f 3144/3144/3144 3145/3145/3145 3143/3143/3143
f 3148/3148/3148 3147/3147/3147 3146/3146/3146
f 3148/3148/3148 3149/3149/3149 3147/3147/3147
f 3152/3152/3152 3151/3151/3151 3150/3150/3150
f 3152/3152/3152 3153/3153/3153 3151/3151/3151
f 3154/3154/3154 3153/3153/3153 3152/3152/3152
f 3157/3157/3157 3156/3156/3156 3155/3155/3155
f 3155/3155/3155 3156/3156/3156 3158/3158/3158
f 3161/3161/3161 3160/3160/3160 3159/3159/3159
f 3161/3161/3161 3162/3162/3162 3160/3160/3160
f 3163/3163/3163 3162/3162/3162 3161/3161/3161
f 3166/3166/3166 3165/3165/3165 3164/3164/3164
f 3164/3164/3164 3167/3167/3167 3166/3166/3166
f 3170/3170/3170 3169/3169/3169 3168/3168/3168
f 3168/3168/3168 3171/3171/3171 3170/3170/3170
f 3172/3172/3172 3170/3170/3170 3171/3171/3171
f 3175/3175/3175 3174/3174/3174 3173/3173/3173
f 3176/3176/3176 3173/3173/3173 3174/3174/3174
f 3179/3179/3179 3178/3178/3178 3177/3177/3177
f 3177/3177/3177 3180/3180/3180 3179/3179/3179
f 3183/3183/3183 3182/3182/3182 3181/3181/3181
f 3181/3181/3181 3182/3182/3182 3184/3184/3184
f 3187/3187/3187 3186/3186/3186 3185/3185/3185
f 3187/3187/3187 3185/3185/3185 3188/3188/3188
f 3187/3187/3187 3188/3188/3188 3189/3189/3189
f 3187/3187/3187 3189/3189/3189 3190/3190/3190
f 3189/3189/3189 3191/3191/3191 3190/3190/3190
f 3194/3194/3194 3193/3193/3193 3192/3192/3192
f 3194/3194/3194 3195/3195/3195 3193/3193/3193
f 3196/3196/3196 3195/3195/3195 3194/3194/3194
f 3199/3199/3199 3198/3198/3198 3197/3197/3197
f 3197/3197/3197 3200/3200/3200 3199/3199/3199
f 3201/3201/3201 3199/3199/3199 3200/3200/3200
f 3204/3204/3204 3203/3203/3203 3202/3202/3202
f 3204/3204/3204 3205/3205/3205 3203/3203/3203
f 3205/3205/3205 3206/3206/3206 3203/3203/3203
f 3205/3205/3205 3207/3207/3207 3206/3206/3206
f 3209/3209/3209 3205/3205/3205 3208/3208/3208
f 3209/3209/3209 3210/3210/3210 3205/3205/3205
f 3210/3210/3210 3211/3211/3211 3205/3205/3205
f 3210/3210/3210 3212/3212/3212 3211/3211/3211
f 3215/3215/3215 3214/3214/3214 3213/3213/3213
f 3215/3215/3215 3216/3216/3216 3214/3214/3214
f 3217/3217/3217 3216/3216/3216 3215/3215/3215
f 3217/3217/3217 3218/3218/3218 3216/3216/3216
f 3221/3221/3221 3220/3220/3220 3219/3219/3219
f 3221/3221/3221 3222/3222/3222 3220/3220/3220
f 3223/3223/3223 3220/3220/3220 3222/3222/3222
f 3223/3223/3223 3224/3224/3224 3220/3220/3220
f 3226/3226/3226 3222/3222/3222 3225/3225/3225
f 3226/3226/3226 3225/3225/3225 3227/3227/3227
f 3226/3226/3226 3228/3228/3228 3222/3222/3222
f 3230/3230/3230 3229/3229/3229 3228/3228/3228
f 3231/3231/3231 3229/3229/3229 3230/3230/3230
f 3231/3231/3231 3230/3230/3230 3232/3232/3232
f 3234/3234/3234 3230/3230/3230 3233/3233/3233
f 3234/3234/3234 3235/3235/3235 3230/3230/3230
f 3237/3237/3237 3235/3235/3235 3236/3236/3236
f 3237/3237/3237 3238/3238/3238 3232/3232/3232
f 3238/3238/3238 3239/3239/3239 3232/3232/3232
f 3238/3238/3238 3240/3240/3240 3239/3239/3239
f 3243/3243/3243 3242/3242/3242 3241/3241/3241
f 3244/3244/3244 3243/3243/3243 3241/3241/3241
f 3247/3247/3247 3246/3246/3246 3245/3245/3245
f 3247/3247/3247 3245/3245/3245 3248/3248/3248
f 3251/3251/3251 3250/3250/3250 3249/3249/3249
f 3252/3252/3252 3249/3249/3249 3250/3250/3250
f 3255/3255/3255 3254/3254/3254 3253/3253/3253
f 3254/3254/3254 3256/3256/3256 3253/3253/3253
f 3259/3259/3259 3258/3258/3258 3257/3257/3257
f 3260/3260/3260 3258/3258/3258 3259/3259/3259
f 3260/3260/3260 3261/3261/3261 3258/3258/3258
f 3264/3264/3264 3263/3263/3263 3262/3262/3262
f 3264/3264/3264 3265/3265/3265 3263/3263/3263
f 3268/3268/3268 3267/3267/3267 3266/3266/3266
f 3268/3268/3268 3269/3269/3269 3267/3267/3267
f 3272/3272/3272 3271/3271/3271 3270/3270/3270
f 3271/3271/3271 3273/3273/3273 3270/3270/3270
f 3276/3276/3276 3275/3275/3275 3274/3274/3274
f 3276/3276/3276 3277/3277/3277 3275/3275/3275
f 3280/3280/3280 3279/3279/3279 3278/3278/3278
f 3280/3280/3280 3281/3281/3281 3279/3279/3279
f 3284/3284/3284 3283/3283/3283 3282/3282/3282
f 3285/3285/3285 3282/3282/3282 3283/3283/3283
f 3287/3287/3287 3286/3286/3286 3283/3283/3283
f 3288/3288/3288 3286/3286/3286 3287/3287/3287
f 3291/3291/3291 3290/3290/3290 3289/3289/3289
f 3292/3292/3292 3289/3289/3289 3290/3290/3290
f 3295/3295/3295 3294/3294/3294 3293/3293/3293
f 3293/3293/3293 3294/3294/3294 3296/3296/3296
f 3293/3293/3293 3296/3296/3296 3297/3297/3297
f 3298/3298/3298 3297/3297/3297 3296/3296/3296
f 3301/3301/3301 3300/3300/3300 3299/3299/3299
f 3301/3301/3301 3302/3302/3302 3300/3300/3300
f 3305/3305/3305 3304/3304/3304 3303/3303/3303
f 3303/3303/3303 3304/3304/3304 3306/3306/3306
f 3308/3308/3308 3307/3307/3307 3303/3303/3303
f 3308/3308/3308 3310/3310/3310 3309/3309/3309
f 3308/3308/3308 3309/3309/3309 3311/3311/3311
f 3314/3314/3314 3313/3313/3313 3312/3312/3312
f 3312/3312/3312 3313/3313/3313 3315/3315/3315
f 3317/3317/3317 3315/3315/3315 3316/3316/3316
f 3318/3318/3318 3317/3317/3317 3316/3316/3316
f 3321/3321/3321 3320/3320/3320 3319/3319/3319
f 3322/3322/3322 3320/3320/3320 3321/3321/3321
f 3325/3325/3325 3324/3324/3324 3323/3323/3323
f 3324/3324/3324 3326/3326/3326 3323/3323/3323
f 3329/3329/3329 3328/3328/3328 3327/3327/3327
f 3330/3330/3330 3327/3327/3327 3328/3328/3328
f 3331/3331/3331 3327/3327/3327 3330/3330/3330
f 3334/3334/3334 3333/3333/3333 3332/3332/3332
f 3335/3335/3335 3332/3332/3332 3333/3333/3333
f 3338/3338/3338 3337/3337/3337 3336/3336/3336
f 3339/3339/3339 3337/3337/3337 3338/3338/3338
f 3342/3342/3342 3341/3341/3341 3340/3340/3340
f 3342/3342/3342 3343/3343/3343 3341/3341/3341
f 3346/3346/3346 3345/3345/3345 3344/3344/3344
f 3346/3346/3346 3344/3344/3344 3347/3347/3347
f 3350/3350/3350 3349/3349/3349 3348/3348/3348
f 3349/3349/3349 3351/3351/3351 3348/3348/3348
f 3354/3354/3354 3353/3353/3353 3352/3352/3352
f 3355/3355/3355 3353/3353/3353 3354/3354/3354
f 3355/3355/3355 3357/3357/3357 3356/3356/3356
f 3357/3357/3357 3359/3359/3359 3358/3358/3358
f 3360/3360/3360 3357/3357/3357 3358/3358/3358
f 3363/3363/3363 3362/3362/3362 3361/3361/3361
f 3362/3362/3362 3364/3364/3364 3361/3361/3361
f 3367/3367/3367 3366/3366/3366 3365/3365/3365
f 3365/3365/3365 3366/3366/3366 3368/3368/3368
f 3370/3370/3370 3368/3368/3368 3369/3369/3369
f 3370/3370/3370 3369/3369/3369 3371/3371/3371
f 3370/3370/3370 3371/3371/3371 3372/3372/3372
f 3373/3373/3373 3370/3370/3370 3372/3372/3372
f 3373/3373/3373 3374/3374/3374 3370/3370/3370
f 3377/3377/3377 3376/3376/3376 3375/3375/3375
f 3378/3378/3378 3375/3375/3375 3376/3376/3376
f 3381/3381/3381 3380/3380/3380 3379/3379/3379
f 3382/3382/3382 3380/3380/3380 3381/3381/3381
f 3385/3385/3385 3384/3384/3384 3383/3383/3383
f 3386/3386/3386 3384/3384/3384 3385/3385/3385
f 3389/3389/3389 3388/3388/3388 3387/3387/3387
f 3389/3389/3389 3390/3390/3390 3388/3388/3388
f 3393/3393/3393 3392/3392/3392 3391/3391/3391
f 3393/3393/3393 3394/3394/3394 3392/3392/3392
f 3397/3397/3397 3396/3396/3396 3395/3395/3395
f 3398/3398/3398 3397/3397/3397 3395/3395/3395
f 3399/3399/3399 3397/3397/3397 3398/3398/3398
f 3402/3402/3402 3401/3401/3401 3400/3400/3400
f 3401/3401/3401 3403/3403/3403 3400/3400/3400
f 3406/3406/3406 3405/3405/3405 3404/3404/3404
f 3407/3407/3407 3406/3406/3406 3404/3404/3404
f 3408/3408/3408 3406/3406/3406 3407/3407/3407
f 3411/3411/3411 3410/3410/3410 3409/3409/3409
f 3409/3409/3409 3410/3410/3410 3412/3412/3412
f 3415/3415/3415 3414/3414/3414 3413/3413/3413
f 3416/3416/3416 3414/3414/3414 3415/3415/3415
f 3417/3417/3417 3416/3416/3416 3415/3415/3415
f 3420/3420/3420 3419/3419/3419 3418/3418/3418
f 3420/3420/3420 3421/3421/3421 3419/3419/3419
f 3424/3424/3424 3423/3423/3423 3422/3422/3422
f 3422/3422/3422 3423/3423/3423 3425/3425/3425
f 3428/3428/3428 3427/3427/3427 3426/3426/3426
f 3427/3427/3427 3429/3429/3429 3426/3426/3426
f 3432/3432/3432 3431/3431/3431 3430/3430/3430
f 3432/3432/3432 3430/3430/3430 3433/3433/3433
f 3434/3434/3434 3433/3433/3433 3430/3430/3430
f 3434/3434/3434 3430/3430/3430 3435/3435/3435
f 3434/3434/3434 3435/3435/3435 3436/3436/3436
f 3439/3439/3439 3438/3438/3438 3437/3437/3437
f 3440/3440/3440 3439/3439/3439 3437/3437/3437
f 3441/3441/3441 3439/3439/3439 3440/3440/3440
f 3444/3444/3444 3443/3443/3443 3442/3442/3442
f 3445/3445/3445 3442/3442/3442 3443/3443/3443
f 3446/3446/3446 3445/3445/3445 3443/3443/3443
f 3449/3449/3449 3448/3448/3448 3447/3447/3447
f 3449/3449/3449 3450/3450/3450 3448/3448/3448
f 3453/3453/3453 3452/3452/3452 3451/3451/3451
f 3451/3451/3451 3452/3452/3452 3454/3454/3454
f 3457/3457/3457 3456/3456/3456 3455/3455/3455
f 3458/3458/3458 3456/3456/3456 3457/3457/3457
f 3460/3460/3460 3459/3459/3459 3456/3456/3456
f 3459/3459/3459 3460/3460/3460 3461/3461/3461
f 3464/3464/3464 3463/3463/3463 3462/3462/3462
f 3465/3465/3465 3464/3464/3464 3462/3462/3462
f 3465/3465/3465 3462/3462/3462 3466/3466/3466
f 3467/3467/3467 3465/3465/3465 3466/3466/3466
f 3466/3466/3466 3469/3469/3469 3468/3468/3468
f 3470/3470/3470 3469/3469/3469 3466/3466/3466
f 3470/3470/3470 3471/3471/3471 3469/3469/3469
f 3472/3472/3472 3471/3471/3471 3470/3470/3470
f 3475/3475/3475 3474/3474/3474 3473/3473/3473
f 3473/3473/3473 3476/3476/3476 3475/3475/3475
f 3479/3479/3479 3478/3478/3478 3477/3477/3477
f 3479/3479/3479 3477/3477/3477 3480/3480/3480
f 3483/3483/3483 3482/3482/3482 3481/3481/3481
f 3483/3483/3483 3481/3481/3481 3484/3484/3484
f 3485/3485/3485 3483/3483/3483 3484/3484/3484
f 3485/3485/3485 3484/3484/3484 3486/3486/3486
f 3489/3489/3489 3488/3488/3488 3487/3487/3487
f 3489/3489/3489 3490/3490/3490 3488/3488/3488
f 3491/3491/3491 3490/3490/3490 3489/3489/3489
f 3491/3491/3491 3492/3492/3492 3490/3490/3490
f 3495/3495/3495 3494/3494/3494 3493/3493/3493
f 3495/3495/3495 3496/3496/3496 3494/3494/3494
f 3497/3497/3497 3496/3496/3496 3495/3495/3495
f 3497/3497/3497 3498/3498/3498 3496/3496/3496
f 3501/3501/3501 3500/3500/3500 3499/3499/3499
f 3501/3501/3501 3502/3502/3502 3500/3500/3500
f 3502/3502/3502 3503/3503/3503 3500/3500/3500
f 3502/3502/3502 3504/3504/3504 3503/3503/3503
f 3507/3507/3507 3506/3506/3506 3505/3505/3505
f 3507/3507/3507 3508/3508/3508 3506/3506/3506
f 3511/3511/3511 3510/3510/3510 3509/3509/3509
f 3511/3511/3511 3512/3512/3512 3510/3510/3510
f 3515/3515/3515 3514/3514/3514 3513/3513/3513
f 3515/3515/3515 3516/3516/3516 3514/3514/3514
f 3519/3519/3519 3518/3518/3518 3517/3517/3517
f 3519/3519/3519 3520/3520/3520 3518/3518/3518
f 3523/3523/3523 3522/3522/3522 3521/3521/3521
f 3524/3524/3524 3523/3523/3523 3521/3521/3521
f 3527/3527/3527 3526/3526/3526 3525/3525/3525
f 3526/3526/3526 3528/3528/3528 3525/3525/3525
f 3526/3526/3526 3530/3530/3530 3529/3529/3529
f 3529/3529/3529 3530/3530/3530 3531/3531/3531
f 3534/3534/3534 3533/3533/3533 3532/3532/3532
f 3535/3535/3535 3532/3532/3532 3533/3533/3533
f 3538/3538/3538 3537/3537/3537 3536/3536/3536
f 3536/3536/3536 3537/3537/3537 3539/3539/3539
g PlayerCharacter_01_1
f 3542/3542/3542 3541/3541/3541 3540/3540/3540
f 3545/3545/3545 3544/3544/3544 3543/3543/3543
f 3547/3547/3547 3546/3546/3546 3545/3545/3545
f 3550/3550/3550 3549/3549/3549 3548/3548/3548
f 3552/3552/3552 3551/3551/3551 3550/3550/3550
f 3554/3554/3554 3553/3553/3553 3550/3550/3550
f 3554/3554/3554 3555/3555/3555 3553/3553/3553
f 3557/3557/3557 3556/3556/3556 3551/3551/3551
f 3551/3551/3551 3556/3556/3556 3558/3558/3558
f 3561/3561/3561 3560/3560/3560 3559/3559/3559
f 3564/3564/3564 3563/3563/3563 3562/3562/3562
f 3567/3567/3567 3566/3566/3566 3565/3565/3565
f 3570/3570/3570 3569/3569/3569 3568/3568/3568
f 3572/3572/3572 3571/3571/3571 3569/3569/3569
f 3575/3575/3575 3574/3574/3574 3573/3573/3573
f 3577/3577/3577 3576/3576/3576 3574/3574/3574
f 3579/3579/3579 3574/3574/3574 3578/3578/3578
f 3579/3579/3579 3578/3578/3578 3580/3580/3580
f 3582/3582/3582 3581/3581/3581 3577/3577/3577
f 3582/3582/3582 3577/3577/3577 3583/3583/3583
f 3586/3586/3586 3585/3585/3585 3584/3584/3584
f 3589/3589/3589 3588/3588/3588 3587/3587/3587
